product_id,sku,name,slug,brand_id,brand_name,product_type_id,product_type_code,manufacturer_code,title_candidate,sku_candidate,parser_candidates,naming_profile,profile_resolution,authority_tier,source_type,source_path_or_url,evidence_notes,source_sha256,candidate_manufacturer_code,classification,conflict_status
1044,1012-0010,زاویه سنج سه تکه با خط کش 12کش — 0-100mm,1012-0010,4,Dasqua | داسکوا,,,,,1012-0010,1012-0010,generic.v1,PROFILE_MISSING,2,authorized_supplier_price_list,/home/shebahati/KaZar/Product and Data Complete/اندازه گیری/داسکوا/لیست قیمت داسکوا +10 درصد.pdf,tier1_3_registry_match,c589df1dc02df10f5405c6b98b5a5970b00db193891be082d7ae8406888478df,1012-0010,BACKFILL_EXACT,
1045,1012-0030,زاویه سنج سه تکه با خط کش 12کش — 0-30mm,1012-0030,4,Dasqua | داسکوا,,,,,1012-0030,1012-0030,generic.v1,PROFILE_MISSING,2,authorized_supplier_price_list,/home/shebahati/KaZar/Product and Data Complete/اندازه گیری/داسکوا/لیست قیمت داسکوا +10 درصد.pdf,tier1_3_registry_match,c589df1dc02df10f5405c6b98b5a5970b00db193891be082d7ae8406888478df,1012-0030,BACKFILL_EXACT,
1046,1012-2005,زاویه سنج یونیورسال ساعت 2,1012-2005,4,Dasqua | داسکوا,,,,,1012-2005,1012-2005,generic.v1,PROFILE_MISSING,2,authorized_supplier_price_list,/home/shebahati/KaZar/Product and Data Complete/اندازه گیری/داسکوا/لیست قیمت داسکوا +10 درصد.pdf,tier1_3_registry_match,c589df1dc02df10f5405c6b98b5a5970b00db193891be082d7ae8406888478df,1012-2005,BACKFILL_EXACT,
1047,1012-3010,/ /1 پرگار بی ر,1012-3010,4,Dasqua | داسکوا,,,,,1012-3010,1012-3010,generic.v1,PROFILE_MISSING,2,authorized_supplier_price_list,/home/shebahati/KaZar/Product and Data Complete/اندازه گیری/داسکوا/لیست قیمت داسکوا +10 درصد.pdf,tier1_3_registry_match,c589df1dc02df10f5405c6b98b5a5970b00db193891be082d7ae8406888478df,1012-3010,BACKFILL_EXACT,
1048,1012-3015,/ /1 پرگار بی ر,1012-3015,4,Dasqua | داسکوا,,,,,1012-3015,1012-3015,generic.v1,PROFILE_MISSING,2,authorized_supplier_price_list,/home/shebahati/KaZar/Product and Data Complete/اندازه گیری/داسکوا/لیست قیمت داسکوا +10 درصد.pdf,tier1_3_registry_match,c589df1dc02df10f5405c6b98b5a5970b00db193891be082d7ae8406888478df,1012-3015,BACKFILL_EXACT,
1049,1012-3020,/ /1 پرگار بی ر,1012-3020,4,Dasqua | داسکوا,,,,,1012-3020,1012-3020,generic.v1,PROFILE_MISSING,2,authorized_supplier_price_list,/home/shebahati/KaZar/Product and Data Complete/اندازه گیری/داسکوا/لیست قیمت داسکوا +10 درصد.pdf,tier1_3_registry_match,c589df1dc02df10f5405c6b98b5a5970b00db193891be082d7ae8406888478df,1012-3020,BACKFILL_EXACT,
1050,1021-2005,زاویه سنج یونیورسال دیجیتال,1021-2005,4,Dasqua | داسکوا,,,,,1021-2005,1021-2005,generic.v1,PROFILE_MISSING,2,authorized_supplier_price_list,/home/shebahati/KaZar/Product and Data Complete/اندازه گیری/داسکوا/لیست قیمت داسکوا +10 درصد.pdf,tier1_3_registry_match,c589df1dc02df10f5405c6b98b5a5970b00db193891be082d7ae8406888478df,1021-2005,BACKFILL_EXACT,
1051,1022-1010,زاویه سنج نقاله ای دیجیتال — 0-1010mm,1022-1010,4,Dasqua | داسکوا,,,,,1022-1010,1022-1010,generic.v1,PROFILE_MISSING,2,authorized_supplier_price_list,/home/shebahati/KaZar/Product and Data Complete/اندازه گیری/داسکوا/لیست قیمت داسکوا +10 درصد.pdf,tier1_3_registry_match,c589df1dc02df10f5405c6b98b5a5970b00db193891be082d7ae8406888478df,1022-1010,BACKFILL_EXACT,
1052,1022-1015,زاویه سنج نقاله ای دیجیتال — 0-1015mm,1022-1015,4,Dasqua | داسکوا,,,,,1022-1015,1022-1015,generic.v1,PROFILE_MISSING,2,authorized_supplier_price_list,/home/shebahati/KaZar/Product and Data Complete/اندازه گیری/داسکوا/لیست قیمت داسکوا +10 درصد.pdf,tier1_3_registry_match,c589df1dc02df10f5405c6b98b5a5970b00db193891be082d7ae8406888478df,1022-1015,BACKFILL_EXACT,
1053,1022-4200,خط کش زاویه سنج دیجیتال دو خط,1022-4200,4,Dasqua | داسکوا,,,,,1022-4200,1022-4200,generic.v1,PROFILE_MISSING,2,authorized_supplier_price_list,/home/shebahati/KaZar/Product and Data Complete/اندازه گیری/داسکوا/لیست قیمت داسکوا +10 درصد.pdf,tier1_3_registry_match,c589df1dc02df10f5405c6b98b5a5970b00db193891be082d7ae8406888478df,1022-4200,BACKFILL_EXACT,
1054,1022-4300,خط کش زاویه سنج دیجیتال دو خط,1022-4300,4,Dasqua | داسکوا,,,,,1022-4300,1022-4300,generic.v1,PROFILE_MISSING,2,authorized_supplier_price_list,/home/shebahati/KaZar/Product and Data Complete/اندازه گیری/داسکوا/لیست قیمت داسکوا +10 درصد.pdf,tier1_3_registry_match,c589df1dc02df10f5405c6b98b5a5970b00db193891be082d7ae8406888478df,1022-4300,BACKFILL_EXACT,
1055,1030-2010,ترازوی جیت دیجیتال,1030-2010,4,Dasqua | داسکوا,,,,,1030-2010,1030-2010,generic.v1,PROFILE_MISSING,2,authorized_supplier_price_list,/home/shebahati/KaZar/Product and Data Complete/اندازه گیری/داسکوا/لیست قیمت داسکوا +10 درصد.pdf,tier1_3_registry_match,c589df1dc02df10f5405c6b98b5a5970b00db193891be082d7ae8406888478df,1030-2010,BACKFILL_EXACT,
1056,1030-2051,تاکومی (دورسنج) دیجیتال مکانییک — 0-500mm,1030-2051,4,Dasqua | داسکوا,,,,,1030-2051,1030-2051,generic.v1,PROFILE_MISSING,2,authorized_supplier_price_list,/home/shebahati/KaZar/Product and Data Complete/اندازه گیری/داسکوا/لیست قیمت داسکوا +10 درصد.pdf,tier1_3_registry_match,c589df1dc02df10f5405c6b98b5a5970b00db193891be082d7ae8406888478df,1030-2051,BACKFILL_EXACT,
1057,1030-2056,تاکومی (دورسنج) دیجیتال مکانییک 1,1030-2056,4,Dasqua | داسکوا,,,,,1030-2056,1030-2056,generic.v1,PROFILE_MISSING,2,authorized_supplier_price_list,/home/shebahati/KaZar/Product and Data Complete/اندازه گیری/داسکوا/لیست قیمت داسکوا +10 درصد.pdf,tier1_3_registry_match,c589df1dc02df10f5405c6b98b5a5970b00db193891be082d7ae8406888478df,1030-2056,BACKFILL_EXACT,
1058,1030-2061,رنیو سنج دیجیتال,1030-2061,4,Dasqua | داسکوا,,,,,1030-2061,1030-2061,generic.v1,PROFILE_MISSING,2,authorized_supplier_price_list,/home/shebahati/KaZar/Product and Data Complete/اندازه گیری/داسکوا/لیست قیمت داسکوا +10 درصد.pdf,tier1_3_registry_match,c589df1dc02df10f5405c6b98b5a5970b00db193891be082d7ae8406888478df,1030-2061,BACKFILL_EXACT,
1059,1030-2100,تاکومی (دورسنج) دیجیتال مکانییک 1,1030-2100,4,Dasqua | داسکوا,,,,,1030-2100,1030-2100,generic.v1,PROFILE_MISSING,2,authorized_supplier_price_list,/home/shebahati/KaZar/Product and Data Complete/اندازه گیری/داسکوا/لیست قیمت داسکوا +10 درصد.pdf,tier1_3_registry_match,c589df1dc02df10f5405c6b98b5a5970b00db193891be082d7ae8406888478df,1030-2100,BACKFILL_EXACT,
1060,1031-2005,زاویه سنج ذره ر ر,1031-2005,4,Dasqua | داسکوا,,,,,1031-2005,1031-2005,generic.v1,PROFILE_MISSING,2,authorized_supplier_price_list,/home/shebahati/KaZar/Product and Data Complete/اندازه گیری/داسکوا/لیست قیمت داسکوا +10 درصد.pdf,tier1_3_registry_match,c589df1dc02df10f5405c6b98b5a5970b00db193891be082d7ae8406888478df,1031-2005,BACKFILL_EXACT,
1061,1031-2010,زاویه سنج ذره ر ر,1031-2010,4,Dasqua | داسکوا,,,,,1031-2010,1031-2010,generic.v1,PROFILE_MISSING,2,authorized_supplier_price_list,/home/shebahati/KaZar/Product and Data Complete/اندازه گیری/داسکوا/لیست قیمت داسکوا +10 درصد.pdf,tier1_3_registry_match,c589df1dc02df10f5405c6b98b5a5970b00db193891be082d7ae8406888478df,1031-2010,BACKFILL_EXACT,
1062,1041-0005,"1,1.25,1.5,1.75,2,2.5,3,3.5,4 میلیمی تا 7 شابلون رزوه اینچ و — 0-50mm",1041-0005,4,Dasqua | داسکوا,,,,,1041-0005,1041-0005,generic.v1,PROFILE_MISSING,2,authorized_supplier_price_list,/home/shebahati/KaZar/Product and Data Complete/اندازه گیری/داسکوا/لیست قیمت داسکوا +10 درصد.pdf,tier1_3_registry_match,c589df1dc02df10f5405c6b98b5a5970b00db193891be082d7ae8406888478df,1041-0005,BACKFILL_EXACT,
1064,1041-2205,شابلون رنده پیچ بری 60درجه,1041-2205,4,Dasqua | داسکوا,,,,,1041-2205,1041-2205,generic.v1,PROFILE_MISSING,2,authorized_supplier_price_list,/home/shebahati/KaZar/Product and Data Complete/اندازه گیری/داسکوا/لیست قیمت داسکوا +10 درصد.pdf,tier1_3_registry_match,c589df1dc02df10f5405c6b98b5a5970b00db193891be082d7ae8406888478df,1041-2205,BACKFILL_EXACT,
1065,1041-2215,شابلون رنده پیچ بری 60درجه,1041-2215,4,Dasqua | داسکوا,,,,,1041-2215,1041-2215,generic.v1,PROFILE_MISSING,2,authorized_supplier_price_list,/home/shebahati/KaZar/Product and Data Complete/اندازه گیری/داسکوا/لیست قیمت داسکوا +10 درصد.pdf,tier1_3_registry_match,c589df1dc02df10f5405c6b98b5a5970b00db193891be082d7ae8406888478df,1041-2215,BACKFILL_EXACT,
1066,1051-0005,گپ سنج مخروط (گیج داخل مخروط) — 0-50mm,1051-0005,4,Dasqua | داسکوا,,,,,1051-0005,1051-0005,generic.v1,PROFILE_MISSING,2,authorized_supplier_price_list,/home/shebahati/KaZar/Product and Data Complete/اندازه گیری/داسکوا/لیست قیمت داسکوا +10 درصد.pdf,tier1_3_registry_match,c589df1dc02df10f5405c6b98b5a5970b00db193891be082d7ae8406888478df,1051-0005,BACKFILL_EXACT,
1067,1051-0008,گپ سنج مخروط (گیج داخل مخروط) — 0-80mm,1051-0008,4,Dasqua | داسکوا,,,,,1051-0008,1051-0008,generic.v1,PROFILE_MISSING,2,authorized_supplier_price_list,/home/shebahati/KaZar/Product and Data Complete/اندازه گیری/داسکوا/لیست قیمت داسکوا +10 درصد.pdf,tier1_3_registry_match,c589df1dc02df10f5405c6b98b5a5970b00db193891be082d7ae8406888478df,1051-0008,BACKFILL_EXACT,
1068,1051-0302,پرگار معمویل — 0-200mm/0-8,1051-0302,4,Dasqua | داسکوا,,,,,1051-0302,1051-0302,generic.v1,PROFILE_MISSING,2,authorized_supplier_price_list,/home/shebahati/KaZar/Product and Data Complete/اندازه گیری/داسکوا/لیست قیمت داسکوا +10 درصد.pdf,tier1_3_registry_match,c589df1dc02df10f5405c6b98b5a5970b00db193891be082d7ae8406888478df,1051-0302,BACKFILL_EXACT,
1069,1051-0304,پرگار معمویل — 0-300mm,1051-0304,4,Dasqua | داسکوا,,,,,1051-0304,1051-0304,generic.v1,PROFILE_MISSING,2,authorized_supplier_price_list,/home/shebahati/KaZar/Product and Data Complete/اندازه گیری/داسکوا/لیست قیمت داسکوا +10 درصد.pdf,tier1_3_registry_match,c589df1dc02df10f5405c6b98b5a5970b00db193891be082d7ae8406888478df,1051-0304,BACKFILL_EXACT,
1070,1051-2010,گپ سنج مخروط (گیج داخل مخروط),1051-2010,4,Dasqua | داسکوا,,,,,1051-2010,1051-2010,generic.v1,PROFILE_MISSING,2,authorized_supplier_price_list,/home/shebahati/KaZar/Product and Data Complete/اندازه گیری/داسکوا/لیست قیمت داسکوا +10 درصد.pdf,tier1_3_registry_match,c589df1dc02df10f5405c6b98b5a5970b00db193891be082d7ae8406888478df,1051-2010,BACKFILL_EXACT,
1071,1120-3113,کولیس ورنیه تیپ مونو بالک — 0-70mm/0-3,1120-3113,4,Dasqua | داسکوا,,,,,1120-3113,1120-3113,generic.v1,PROFILE_MISSING,2,authorized_supplier_price_list,/home/shebahati/KaZar/Product and Data Complete/اندازه گیری/داسکوا/لیست قیمت داسکوا +10 درصد.pdf,tier1_3_registry_match,c589df1dc02df10f5405c6b98b5a5970b00db193891be082d7ae8406888478df,1120-3113,BACKFILL_EXACT,
1072,1122-9001,سختی‌سنج شور داسکوا کد 1122-9001,1122-9001,4,Dasqua | داسکوا,,,,1122-9001,1122-9001,1122-9001,generic.v1,PROFILE_MISSING,2,authorized_supplier_price_list,/home/shebahati/KaZar/Product and Data Complete/اندازه گیری/داسکوا/لیست قیمت داسکوا +10 درصد.pdf,tier1_3_registry_match,c589df1dc02df10f5405c6b98b5a5970b00db193891be082d7ae8406888478df,1122-9001,BACKFILL_EXACT,
1073,1305-0002,کولیس ورنیه دو فک بلند — 0-500mm,1305-0002,4,Dasqua | داسکوا,,,,,1305-0002,1305-0002,generic.v1,PROFILE_MISSING,2,authorized_supplier_price_list,/home/shebahati/KaZar/Product and Data Complete/اندازه گیری/داسکوا/لیست قیمت داسکوا +10 درصد.pdf,tier1_3_registry_match,c589df1dc02df10f5405c6b98b5a5970b00db193891be082d7ae8406888478df,1305-0002,BACKFILL_EXACT,
1074,1305-0003,کولیس ورنیه دو فک بلند — 0-600mm,1305-0003,4,Dasqua | داسکوا,,,,,1305-0003,1305-0003,generic.v1,PROFILE_MISSING,2,authorized_supplier_price_list,/home/shebahati/KaZar/Product and Data Complete/اندازه گیری/داسکوا/لیست قیمت داسکوا +10 درصد.pdf,tier1_3_registry_match,c589df1dc02df10f5405c6b98b5a5970b00db193891be082d7ae8406888478df,1305-0003,BACKFILL_EXACT,
1075,1305-0010,کولیس مونوبالک ورنیه فک بلند با — 0-500mm/0-20,1305-0010,4,Dasqua | داسکوا,,,,,1305-0010,1305-0010,generic.v1,PROFILE_MISSING,2,authorized_supplier_price_list,/home/shebahati/KaZar/Product and Data Complete/اندازه گیری/داسکوا/لیست قیمت داسکوا +10 درصد.pdf,tier1_3_registry_match,c589df1dc02df10f5405c6b98b5a5970b00db193891be082d7ae8406888478df,1305-0010,BACKFILL_EXACT,
1076,1305-0025,36/5- کولیس مونوبالک ورنیه فک بلند با — 0-300mm/0-12,1305-0025,4,Dasqua | داسکوا,,,,,1305-0025,1305-0025,generic.v1,PROFILE_MISSING,2,authorized_supplier_price_list,/home/shebahati/KaZar/Product and Data Complete/اندازه گیری/داسکوا/لیست قیمت داسکوا +10 درصد.pdf,tier1_3_registry_match,c589df1dc02df10f5405c6b98b5a5970b00db193891be082d7ae8406888478df,1305-0025,BACKFILL_EXACT,
1077,1310-0004,کولیس مونو بالک ورنیه فک بلند — 0-200mm/0-8,1310-0004,4,Dasqua | داسکوا,,,,,1310-0004,1310-0004,generic.v1,PROFILE_MISSING,2,authorized_supplier_price_list,/home/shebahati/KaZar/Product and Data Complete/اندازه گیری/داسکوا/لیست قیمت داسکوا +10 درصد.pdf,tier1_3_registry_match,c589df1dc02df10f5405c6b98b5a5970b00db193891be082d7ae8406888478df,1310-0004,BACKFILL_EXACT,
1078,1310-0005,کولیس مونو بالک ورنیه فک بلند — 0-500mm/0-20,1310-0005,4,Dasqua | داسکوا,,,,,1310-0005,1310-0005,generic.v1,PROFILE_MISSING,2,authorized_supplier_price_list,/home/shebahati/KaZar/Product and Data Complete/اندازه گیری/داسکوا/لیست قیمت داسکوا +10 درصد.pdf,tier1_3_registry_match,c589df1dc02df10f5405c6b98b5a5970b00db193891be082d7ae8406888478df,1310-0005,BACKFILL_EXACT,
1079,1310-0006,کولیس مونو بالک ورنیه فک بلند — 0-500mm/0-20,1310-0006,4,Dasqua | داسکوا,,,,,1310-0006,1310-0006,generic.v1,PROFILE_MISSING,2,authorized_supplier_price_list,/home/shebahati/KaZar/Product and Data Complete/اندازه گیری/داسکوا/لیست قیمت داسکوا +10 درصد.pdf,tier1_3_registry_match,c589df1dc02df10f5405c6b98b5a5970b00db193891be082d7ae8406888478df,1310-0006,BACKFILL_EXACT,
1080,1310-0007,کولیس مونو بالک ورنیه فک بلند — 0-500mm/0-20,1310-0007,4,Dasqua | داسکوا,,,,,1310-0007,1310-0007,generic.v1,PROFILE_MISSING,2,authorized_supplier_price_list,/home/shebahati/KaZar/Product and Data Complete/اندازه گیری/داسکوا/لیست قیمت داسکوا +10 درصد.pdf,tier1_3_registry_match,c589df1dc02df10f5405c6b98b5a5970b00db193891be082d7ae8406888478df,1310-0007,BACKFILL_EXACT,
1081,1310-0008,کولیس مونو بالک ورنیه فک بلند — 0-500mm/0-20,1310-0008,4,Dasqua | داسکوا,,,,,1310-0008,1310-0008,generic.v1,PROFILE_MISSING,2,authorized_supplier_price_list,/home/shebahati/KaZar/Product and Data Complete/اندازه گیری/داسکوا/لیست قیمت داسکوا +10 درصد.pdf,tier1_3_registry_match,c589df1dc02df10f5405c6b98b5a5970b00db193891be082d7ae8406888478df,1310-0008,BACKFILL_EXACT,
1082,1310-0009,کولیس مونو بالک ورنیه فک بلند — 0-500mm/0-20,1310-0009,4,Dasqua | داسکوا,,,,,1310-0009,1310-0009,generic.v1,PROFILE_MISSING,2,authorized_supplier_price_list,/home/shebahati/KaZar/Product and Data Complete/اندازه گیری/داسکوا/لیست قیمت داسکوا +10 درصد.pdf,tier1_3_registry_match,c589df1dc02df10f5405c6b98b5a5970b00db193891be082d7ae8406888478df,1310-0009,BACKFILL_EXACT,
1083,1310-0010,کولیس مونو بالک ورنیه فک بلند — 0-600mm/0-24,1310-0010,4,Dasqua | داسکوا,,,,,1310-0010,1310-0010,generic.v1,PROFILE_MISSING,2,authorized_supplier_price_list,/home/shebahati/KaZar/Product and Data Complete/اندازه گیری/داسکوا/لیست قیمت داسکوا +10 درصد.pdf,tier1_3_registry_match,c589df1dc02df10f5405c6b98b5a5970b00db193891be082d7ae8406888478df,1310-0010,BACKFILL_EXACT,
1084,1310-0011,کولیس مونو بالک ورنیه فک بلند — 0-600mm/0-24,1310-0011,4,Dasqua | داسکوا,,,,,1310-0011,1310-0011,generic.v1,PROFILE_MISSING,2,authorized_supplier_price_list,/home/shebahati/KaZar/Product and Data Complete/اندازه گیری/داسکوا/لیست قیمت داسکوا +10 درصد.pdf,tier1_3_registry_match,c589df1dc02df10f5405c6b98b5a5970b00db193891be082d7ae8406888478df,1310-0011,BACKFILL_EXACT,
1085,1310-0012,کولیس مونو بالک ورنیه فک بلند — 0-600mm/0-24,1310-0012,4,Dasqua | داسکوا,,,,,1310-0012,1310-0012,generic.v1,PROFILE_MISSING,2,authorized_supplier_price_list,/home/shebahati/KaZar/Product and Data Complete/اندازه گیری/داسکوا/لیست قیمت داسکوا +10 درصد.pdf,tier1_3_registry_match,c589df1dc02df10f5405c6b98b5a5970b00db193891be082d7ae8406888478df,1310-0012,BACKFILL_EXACT,
1086,1310-0015,کولیس مونو بالک ورنیه فک بلند — 0-1000mm/0-40,1310-0015,4,Dasqua | داسکوا,,,,,1310-0015,1310-0015,generic.v1,PROFILE_MISSING,2,authorized_supplier_price_list,/home/shebahati/KaZar/Product and Data Complete/اندازه گیری/داسکوا/لیست قیمت داسکوا +10 درصد.pdf,tier1_3_registry_match,c589df1dc02df10f5405c6b98b5a5970b00db193891be082d7ae8406888478df,1310-0015,BACKFILL_EXACT,
1087,1310-0016,کولیس مونو بالک ورنیه فک بلند — 0-1000mm/0-40,1310-0016,4,Dasqua | داسکوا,,,,,1310-0016,1310-0016,generic.v1,PROFILE_MISSING,2,authorized_supplier_price_list,/home/shebahati/KaZar/Product and Data Complete/اندازه گیری/داسکوا/لیست قیمت داسکوا +10 درصد.pdf,tier1_3_registry_match,c589df1dc02df10f5405c6b98b5a5970b00db193891be082d7ae8406888478df,1310-0016,BACKFILL_EXACT,
1088,1310-0017,کولیس مونو بالک ورنیه فک بلند — 0-1000mm/0-40,1310-0017,4,Dasqua | داسکوا,,,,,1310-0017,1310-0017,generic.v1,PROFILE_MISSING,2,authorized_supplier_price_list,/home/shebahati/KaZar/Product and Data Complete/اندازه گیری/داسکوا/لیست قیمت داسکوا +10 درصد.pdf,tier1_3_registry_match,c589df1dc02df10f5405c6b98b5a5970b00db193891be082d7ae8406888478df,1310-0017,BACKFILL_EXACT,
1089,1310-0021,کولیس مونو بالک ورنیه فک بلند — 0-1500mm/0-60,1310-0021,4,Dasqua | داسکوا,,,,,1310-0021,1310-0021,generic.v1,PROFILE_MISSING,2,authorized_supplier_price_list,/home/shebahati/KaZar/Product and Data Complete/اندازه گیری/داسکوا/لیست قیمت داسکوا +10 درصد.pdf,tier1_3_registry_match,c589df1dc02df10f5405c6b98b5a5970b00db193891be082d7ae8406888478df,1310-0021,BACKFILL_EXACT,
1090,1310-0025,کولیس مونو بالک ورنیه فک بلند — 0-2000mm/0-80,1310-0025,4,Dasqua | داسکوا,,,,,1310-0025,1310-0025,generic.v1,PROFILE_MISSING,2,authorized_supplier_price_list,/home/shebahati/KaZar/Product and Data Complete/اندازه گیری/داسکوا/لیست قیمت داسکوا +10 درصد.pdf,tier1_3_registry_match,c589df1dc02df10f5405c6b98b5a5970b00db193891be082d7ae8406888478df,1310-0025,BACKFILL_EXACT,
1091,1310-0030,کولیس مونو بالک ورنیه فک بلند — 0-300mm/0-12,1310-0030,4,Dasqua | داسکوا,,,,,1310-0030,1310-0030,generic.v1,PROFILE_MISSING,2,authorized_supplier_price_list,/home/shebahati/KaZar/Product and Data Complete/اندازه گیری/داسکوا/لیست قیمت داسکوا +10 درصد.pdf,tier1_3_registry_match,c589df1dc02df10f5405c6b98b5a5970b00db193891be082d7ae8406888478df,1310-0030,BACKFILL_EXACT,
1092,1310-0031,کولیس مونو بالک ورنیه فک بلند — 0-300mm/0-12,1310-0031,4,Dasqua | داسکوا,,,,,1310-0031,1310-0031,generic.v1,PROFILE_MISSING,2,authorized_supplier_price_list,/home/shebahati/KaZar/Product and Data Complete/اندازه گیری/داسکوا/لیست قیمت داسکوا +10 درصد.pdf,tier1_3_registry_match,c589df1dc02df10f5405c6b98b5a5970b00db193891be082d7ae8406888478df,1310-0031,BACKFILL_EXACT,
1093,1310-0041,کولیس مونو بالک ورنیه فک بلند — 0-600mm/0-24,1310-0041,4,Dasqua | داسکوا,,,,,1310-0041,1310-0041,generic.v1,PROFILE_MISSING,2,authorized_supplier_price_list,/home/shebahati/KaZar/Product and Data Complete/اندازه گیری/داسکوا/لیست قیمت داسکوا +10 درصد.pdf,tier1_3_registry_match,c589df1dc02df10f5405c6b98b5a5970b00db193891be082d7ae8406888478df,1310-0041,BACKFILL_EXACT,
1094,1310-0042,کولیس مونو بالک ورنیه فک بلند — 0-600mm/0-24,1310-0042,4,Dasqua | داسکوا,,,,,1310-0042,1310-0042,generic.v1,PROFILE_MISSING,2,authorized_supplier_price_list,/home/shebahati/KaZar/Product and Data Complete/اندازه گیری/داسکوا/لیست قیمت داسکوا +10 درصد.pdf,tier1_3_registry_match,c589df1dc02df10f5405c6b98b5a5970b00db193891be082d7ae8406888478df,1310-0042,BACKFILL_EXACT,
1095,1310-0043,کولیس مونو بالک ورنیه فک بلند — 0-800mm/0-32,1310-0043,4,Dasqua | داسکوا,,,,,1310-0043,1310-0043,generic.v1,PROFILE_MISSING,2,authorized_supplier_price_list,/home/shebahati/KaZar/Product and Data Complete/اندازه گیری/داسکوا/لیست قیمت داسکوا +10 درصد.pdf,tier1_3_registry_match,c589df1dc02df10f5405c6b98b5a5970b00db193891be082d7ae8406888478df,1310-0043,BACKFILL_EXACT,
1096,1310-0044,کولیس مونو بالک ورنیه فک بلند — 0-800mm/0-32,1310-0044,4,Dasqua | داسکوا,,,,,1310-0044,1310-0044,generic.v1,PROFILE_MISSING,2,authorized_supplier_price_list,/home/shebahati/KaZar/Product and Data Complete/اندازه گیری/داسکوا/لیست قیمت داسکوا +10 درصد.pdf,tier1_3_registry_match,c589df1dc02df10f5405c6b98b5a5970b00db193891be082d7ae8406888478df,1310-0044,BACKFILL_EXACT,
1097,1310-0055,کولیس مونو بالک ورنیه فک بلند — 0-1500mm/0-60,1310-0055,4,Dasqua | داسکوا,,,,,1310-0055,1310-0055,generic.v1,PROFILE_MISSING,2,authorized_supplier_price_list,/home/shebahati/KaZar/Product and Data Complete/اندازه گیری/داسکوا/لیست قیمت داسکوا +10 درصد.pdf,tier1_3_registry_match,c589df1dc02df10f5405c6b98b5a5970b00db193891be082d7ae8406888478df,1310-0055,BACKFILL_EXACT,
1098,1310-0060,کولیس مونو بالک ورنیه فک بلند — 0-1000mm/0-40,1310-0060,4,Dasqua | داسکوا,,,,,1310-0060,1310-0060,generic.v1,PROFILE_MISSING,2,authorized_supplier_price_list,/home/shebahati/KaZar/Product and Data Complete/اندازه گیری/داسکوا/لیست قیمت داسکوا +10 درصد.pdf,tier1_3_registry_match,c589df1dc02df10f5405c6b98b5a5970b00db193891be082d7ae8406888478df,1310-0060,BACKFILL_EXACT,
1099,1310-0090,کولیس مونو بالک ورنیه فک بلند — 0-800mm/0-32,1310-0090,4,Dasqua | داسکوا,,,,,1310-0090,1310-0090,generic.v1,PROFILE_MISSING,2,authorized_supplier_price_list,/home/shebahati/KaZar/Product and Data Complete/اندازه گیری/داسکوا/لیست قیمت داسکوا +10 درصد.pdf,tier1_3_registry_match,c589df1dc02df10f5405c6b98b5a5970b00db193891be082d7ae8406888478df,1310-0090,BACKFILL_EXACT,
1100,1310-0095,کولیس مونو بالک ورنیه فک بلند — 0-800mm/0-32,1310-0095,4,Dasqua | داسکوا,,,,,1310-0095,1310-0095,generic.v1,PROFILE_MISSING,2,authorized_supplier_price_list,/home/shebahati/KaZar/Product and Data Complete/اندازه گیری/داسکوا/لیست قیمت داسکوا +10 درصد.pdf,tier1_3_registry_match,c589df1dc02df10f5405c6b98b5a5970b00db193891be082d7ae8406888478df,1310-0095,BACKFILL_EXACT,
1101,1310-0100,کولیس مونو بالک ورنیه فک بلند — 0-1000mm/0-40,1310-0100,4,Dasqua | داسکوا,,,,,1310-0100,1310-0100,generic.v1,PROFILE_MISSING,2,authorized_supplier_price_list,/home/shebahati/KaZar/Product and Data Complete/اندازه گیری/داسکوا/لیست قیمت داسکوا +10 درصد.pdf,tier1_3_registry_match,c589df1dc02df10f5405c6b98b5a5970b00db193891be082d7ae8406888478df,1310-0100,BACKFILL_EXACT,
1102,1331-2115,ساعت ( SHOCK PROOFضد رضبه) — 0-150mm,1331-2115,4,Dasqua | داسکوا,,,,,1331-2115,1331-2115,generic.v1,PROFILE_MISSING,2,authorized_supplier_price_list,/home/shebahati/KaZar/Product and Data Complete/اندازه گیری/داسکوا/لیست قیمت داسکوا +10 درصد.pdf,tier1_3_registry_match,c589df1dc02df10f5405c6b98b5a5970b00db193891be082d7ae8406888478df,1331-2115,BACKFILL_EXACT,
1103,1331-2120,ساعت کولیس 1 — 0-200mm,1331-2120,4,Dasqua | داسکوا,,,,,1331-2120,1331-2120,generic.v1,PROFILE_MISSING,2,authorized_supplier_price_list,/home/shebahati/KaZar/Product and Data Complete/اندازه گیری/داسکوا/لیست قیمت داسکوا +10 درصد.pdf,tier1_3_registry_match,c589df1dc02df10f5405c6b98b5a5970b00db193891be082d7ae8406888478df,1331-2120,BACKFILL_EXACT,
1104,1331-2130,کولیس ساعت 2 — 0-300mm,1331-2130,4,Dasqua | داسکوا,,,,,1331-2130,1331-2130,generic.v1,PROFILE_MISSING,2,authorized_supplier_price_list,/home/shebahati/KaZar/Product and Data Complete/اندازه گیری/داسکوا/لیست قیمت داسکوا +10 درصد.pdf,tier1_3_registry_match,c589df1dc02df10f5405c6b98b5a5970b00db193891be082d7ae8406888478df,1331-2130,BACKFILL_EXACT,
1105,1350-5005,ساعت کولیس 3 — 0-150mm,1350-5005,4,Dasqua | داسکوا,,,,,1350-5005,1350-5005,generic.v1,PROFILE_MISSING,2,authorized_supplier_price_list,/home/shebahati/KaZar/Product and Data Complete/اندازه گیری/داسکوا/لیست قیمت داسکوا +10 درصد.pdf,tier1_3_registry_match,c589df1dc02df10f5405c6b98b5a5970b00db193891be082d7ae8406888478df,1350-5005,BACKFILL_EXACT,
1106,1350-5010,کولیس ساعت 4 — 0-200mm,1350-5010,4,Dasqua | داسکوا,,,,,1350-5010,1350-5010,generic.v1,PROFILE_MISSING,2,authorized_supplier_price_list,/home/shebahati/KaZar/Product and Data Complete/اندازه گیری/داسکوا/لیست قیمت داسکوا +10 درصد.pdf,tier1_3_registry_match,c589df1dc02df10f5405c6b98b5a5970b00db193891be082d7ae8406888478df,1350-5010,BACKFILL_EXACT,
1107,1350-5015,ساعت کولیس 5 — 0-300mm,1350-5015,4,Dasqua | داسکوا,,,,,1350-5015,1350-5015,generic.v1,PROFILE_MISSING,2,authorized_supplier_price_list,/home/shebahati/KaZar/Product and Data Complete/اندازه گیری/داسکوا/لیست قیمت داسکوا +10 درصد.pdf,tier1_3_registry_match,c589df1dc02df10f5405c6b98b5a5970b00db193891be082d7ae8406888478df,1350-5015,BACKFILL_EXACT,
1108,1351-0005,شابلون شعاع سنج — 0-50mm,1351-0005,4,Dasqua | داسکوا,,,,,1351-0005,1351-0005,generic.v1,PROFILE_MISSING,2,authorized_supplier_price_list,/home/shebahati/KaZar/Product and Data Complete/اندازه گیری/داسکوا/لیست قیمت داسکوا +10 درصد.pdf,tier1_3_registry_match,c589df1dc02df10f5405c6b98b5a5970b00db193891be082d7ae8406888478df,1351-0005,BACKFILL_EXACT,
1109,1351-0010,شابلون شعاع سنج — 0-100mm,1351-0010,4,Dasqua | داسکوا,,,,,1351-0010,1351-0010,generic.v1,PROFILE_MISSING,2,authorized_supplier_price_list,/home/shebahati/KaZar/Product and Data Complete/اندازه گیری/داسکوا/لیست قیمت داسکوا +10 درصد.pdf,tier1_3_registry_match,c589df1dc02df10f5405c6b98b5a5970b00db193891be082d7ae8406888478df,1351-0010,BACKFILL_EXACT,
1110,1351-0015,شابلون شعاع سنج — 0-150mm,1351-0015,4,Dasqua | داسکوا,,,,,1351-0015,1351-0015,generic.v1,PROFILE_MISSING,2,authorized_supplier_price_list,/home/shebahati/KaZar/Product and Data Complete/اندازه گیری/داسکوا/لیست قیمت داسکوا +10 درصد.pdf,tier1_3_registry_match,c589df1dc02df10f5405c6b98b5a5970b00db193891be082d7ae8406888478df,1351-0015,BACKFILL_EXACT,
1111,1352-2010,شابلون شعاع سنج,1352-2010,4,Dasqua | داسکوا,,,,,1352-2010,1352-2010,generic.v1,PROFILE_MISSING,2,authorized_supplier_price_list,/home/shebahati/KaZar/Product and Data Complete/اندازه گیری/داسکوا/لیست قیمت داسکوا +10 درصد.pdf,tier1_3_registry_match,c589df1dc02df10f5405c6b98b5a5970b00db193891be082d7ae8406888478df,1352-2010,BACKFILL_EXACT,
1112,1380-3004,کولیس ورنیه تیپ مونو بالک — 0-100mm/0-4,1380-3004,4,Dasqua | داسکوا,,,,,1380-3004,1380-3004,generic.v1,PROFILE_MISSING,2,authorized_supplier_price_list,/home/shebahati/KaZar/Product and Data Complete/اندازه گیری/داسکوا/لیست قیمت داسکوا +10 درصد.pdf,tier1_3_registry_match,c589df1dc02df10f5405c6b98b5a5970b00db193891be082d7ae8406888478df,1380-3004,BACKFILL_EXACT,
1113,1380-3005,کولیس ورنیه تیپ مونو بالک — 0-150mm/0-6,1380-3005,4,Dasqua | داسکوا,,,,,1380-3005,1380-3005,generic.v1,PROFILE_MISSING,2,authorized_supplier_price_list,/home/shebahati/KaZar/Product and Data Complete/اندازه گیری/داسکوا/لیست قیمت داسکوا +10 درصد.pdf,tier1_3_registry_match,c589df1dc02df10f5405c6b98b5a5970b00db193891be082d7ae8406888478df,1380-3005,BACKFILL_EXACT,
1114,1380-3010,کولیس ورنیه تیپ مونو بالک — 0-200mm/0-8,1380-3010,4,Dasqua | داسکوا,,,,,1380-3010,1380-3010,generic.v1,PROFILE_MISSING,2,authorized_supplier_price_list,/home/shebahati/KaZar/Product and Data Complete/اندازه گیری/داسکوا/لیست قیمت داسکوا +10 درصد.pdf,tier1_3_registry_match,c589df1dc02df10f5405c6b98b5a5970b00db193891be082d7ae8406888478df,1380-3010,BACKFILL_EXACT,
1115,1380-3015,کولیس ورنیه تیپ مونو بالک — 0-300mm/0-12,1380-3015,4,Dasqua | داسکوا,,,,,1380-3015,1380-3015,generic.v1,PROFILE_MISSING,2,authorized_supplier_price_list,/home/shebahati/KaZar/Product and Data Complete/اندازه گیری/داسکوا/لیست قیمت داسکوا +10 درصد.pdf,tier1_3_registry_match,c589df1dc02df10f5405c6b98b5a5970b00db193891be082d7ae8406888478df,1380-3015,BACKFILL_EXACT,
1116,1500-1052,"1,1.25,1.5,1.75,2,2.5,3,3.5,4 میلیمی تا 7 شابلون رزوه اینچ و — 0-1052mm",1500-1052,4,Dasqua | داسکوا,,,,,1500-1052,1500-1052,generic.v1,PROFILE_MISSING,2,authorized_supplier_price_list,/home/shebahati/KaZar/Product and Data Complete/اندازه گیری/داسکوا/لیست قیمت داسکوا +10 درصد.pdf,tier1_3_registry_match,c589df1dc02df10f5405c6b98b5a5970b00db193891be082d7ae8406888478df,1500-1052,BACKFILL_EXACT,
1118,1732-0035,ساعت مرکزیاب 1 — 0-35mm,1732-0035,4,Dasqua | داسکوا,,,,,1732-0035,1732-0035,generic.v1,PROFILE_MISSING,2,authorized_supplier_price_list,/home/shebahati/KaZar/Product and Data Complete/اندازه گیری/داسکوا/لیست قیمت داسکوا +10 درصد.pdf,tier1_3_registry_match,c589df1dc02df10f5405c6b98b5a5970b00db193891be082d7ae8406888478df,1732-0035,BACKFILL_EXACT,
1119,1801-1005,رفرنس یاب محور ( Zزد زیرو) دیجیتال IP65ضد آب — 0-1005mm,1801-1005,4,Dasqua | داسکوا,,,,,1801-1005,1801-1005,generic.v1,PROFILE_MISSING,2,authorized_supplier_price_list,/home/shebahati/KaZar/Product and Data Complete/اندازه گیری/داسکوا/لیست قیمت داسکوا +10 درصد.pdf,tier1_3_registry_match,c589df1dc02df10f5405c6b98b5a5970b00db193891be082d7ae8406888478df,1801-1005,BACKFILL_EXACT,
1120,1801-2005,زاویه سنج نقاله ای دیجیتال — 20 سانت,1801-2005,4,Dasqua | داسکوا,,,,,1801-2005,1801-2005,generic.v1,PROFILE_MISSING,2,authorized_supplier_price_list,/home/shebahati/KaZar/Product and Data Complete/اندازه گیری/داسکوا/لیست قیمت داسکوا +10 درصد.pdf,tier1_3_registry_match,c589df1dc02df10f5405c6b98b5a5970b00db193891be082d7ae8406888478df,1801-2005,BACKFILL_EXACT,
1121,1803-2110,ساعت مرکزیاب داسکوا کد 1803-2110,1803-2110,4,Dasqua | داسکوا,,,,1803-2110,1803-2110,1803-2110,generic.v1,PROFILE_MISSING,2,authorized_supplier_price_list,/home/shebahati/KaZar/Product and Data Complete/اندازه گیری/داسکوا/لیست قیمت داسکوا +10 درصد.pdf,tier1_3_registry_match,c589df1dc02df10f5405c6b98b5a5970b00db193891be082d7ae8406888478df,1803-2110,BACKFILL_EXACT,
1122,1803-4111,ساعت مرکزیاب داسکوا کد 1803-4111,1803-4111,4,Dasqua | داسکوا,,,,1803-4111,1803-4111,1803-4111,generic.v1,PROFILE_MISSING,2,authorized_supplier_price_list,/home/shebahati/KaZar/Product and Data Complete/اندازه گیری/داسکوا/لیست قیمت داسکوا +10 درصد.pdf,tier1_3_registry_match,c589df1dc02df10f5405c6b98b5a5970b00db193891be082d7ae8406888478df,1803-4111,BACKFILL_EXACT,
1123,1803-4112,ساعت مرکزیاب داسکوا کد 1803-4112,1803-4112,4,Dasqua | داسکوا,,,,1803-4112,1803-4112,1803-4112,generic.v1,PROFILE_MISSING,2,authorized_supplier_price_list,/home/shebahati/KaZar/Product and Data Complete/اندازه گیری/داسکوا/لیست قیمت داسکوا +10 درصد.pdf,tier1_3_registry_match,c589df1dc02df10f5405c6b98b5a5970b00db193891be082d7ae8406888478df,1803-4112,BACKFILL_EXACT,
1124,1803-4113,ساعت مرکزیاب داسکوا کد 1803-4113,1803-4113,4,Dasqua | داسکوا,,,,1803-4113,1803-4113,1803-4113,generic.v1,PROFILE_MISSING,2,authorized_supplier_price_list,/home/shebahati/KaZar/Product and Data Complete/اندازه گیری/داسکوا/لیست قیمت داسکوا +10 درصد.pdf,tier1_3_registry_match,c589df1dc02df10f5405c6b98b5a5970b00db193891be082d7ae8406888478df,1803-4113,BACKFILL_EXACT,
1125,1803-4114,ساعت مرکزیاب داسکوا کد 1803-4114,1803-4114,4,Dasqua | داسکوا,,,,1803-4114,1803-4114,1803-4114,generic.v1,PROFILE_MISSING,2,authorized_supplier_price_list,/home/shebahati/KaZar/Product and Data Complete/اندازه گیری/داسکوا/لیست قیمت داسکوا +10 درصد.pdf,tier1_3_registry_match,c589df1dc02df10f5405c6b98b5a5970b00db193891be082d7ae8406888478df,1803-4114,BACKFILL_EXACT,
1126,1803-4115,ساعت مرکزیاب داسکوا کد 1803-4115,1803-4115,4,Dasqua | داسکوا,,,,1803-4115,1803-4115,1803-4115,generic.v1,PROFILE_MISSING,2,authorized_supplier_price_list,/home/shebahati/KaZar/Product and Data Complete/اندازه گیری/داسکوا/لیست قیمت داسکوا +10 درصد.pdf,tier1_3_registry_match,c589df1dc02df10f5405c6b98b5a5970b00db193891be082d7ae8406888478df,1803-4115,BACKFILL_EXACT,
1127,1803-4116,ساعت مرکزیاب داسکوا کد 1803-4116,1803-4116,4,Dasqua | داسکوا,,,,1803-4116,1803-4116,1803-4116,generic.v1,PROFILE_MISSING,2,authorized_supplier_price_list,/home/shebahati/KaZar/Product and Data Complete/اندازه گیری/داسکوا/لیست قیمت داسکوا +10 درصد.pdf,tier1_3_registry_match,c589df1dc02df10f5405c6b98b5a5970b00db193891be082d7ae8406888478df,1803-4116,BACKFILL_EXACT,
1128,1803-4117,ساعت مرکزیاب داسکوا کد 1803-4117,1803-4117,4,Dasqua | داسکوا,,,,1803-4117,1803-4117,1803-4117,generic.v1,PROFILE_MISSING,2,authorized_supplier_price_list,/home/shebahati/KaZar/Product and Data Complete/اندازه گیری/داسکوا/لیست قیمت داسکوا +10 درصد.pdf,tier1_3_registry_match,c589df1dc02df10f5405c6b98b5a5970b00db193891be082d7ae8406888478df,1803-4117,BACKFILL_EXACT,
1129,1803-4118,ساعت مرکزیاب داسکوا کد 1803-4118,1803-4118,4,Dasqua | داسکوا,,,,1803-4118,1803-4118,1803-4118,generic.v1,PROFILE_MISSING,2,authorized_supplier_price_list,/home/shebahati/KaZar/Product and Data Complete/اندازه گیری/داسکوا/لیست قیمت داسکوا +10 درصد.pdf,tier1_3_registry_match,c589df1dc02df10f5405c6b98b5a5970b00db193891be082d7ae8406888478df,1803-4118,BACKFILL_EXACT,
1130,1803-4119,ساعت مرکزیاب داسکوا کد 1803-4119,1803-4119,4,Dasqua | داسکوا,,,,1803-4119,1803-4119,1803-4119,generic.v1,PROFILE_MISSING,2,authorized_supplier_price_list,/home/shebahati/KaZar/Product and Data Complete/اندازه گیری/داسکوا/لیست قیمت داسکوا +10 درصد.pdf,tier1_3_registry_match,c589df1dc02df10f5405c6b98b5a5970b00db193891be082d7ae8406888478df,1803-4119,BACKFILL_EXACT,
1131,1803-4120,ساعت مرکزیاب داسکوا کد 1803-4120,1803-4120,4,Dasqua | داسکوا,,,,1803-4120,1803-4120,1803-4120,generic.v1,PROFILE_MISSING,2,authorized_supplier_price_list,/home/shebahati/KaZar/Product and Data Complete/اندازه گیری/داسکوا/لیست قیمت داسکوا +10 درصد.pdf,tier1_3_registry_match,c589df1dc02df10f5405c6b98b5a5970b00db193891be082d7ae8406888478df,1803-4120,BACKFILL_EXACT,
1132,1803-4121,ساعت مرکزیاب داسکوا کد 1803-4121,1803-4121,4,Dasqua | داسکوا,,,,1803-4121,1803-4121,1803-4121,generic.v1,PROFILE_MISSING,2,authorized_supplier_price_list,/home/shebahati/KaZar/Product and Data Complete/اندازه گیری/داسکوا/لیست قیمت داسکوا +10 درصد.pdf,tier1_3_registry_match,c589df1dc02df10f5405c6b98b5a5970b00db193891be082d7ae8406888478df,1803-4121,BACKFILL_EXACT,
1133,1803-4122,ساعت مرکزیاب داسکوا کد 1803-4122,1803-4122,4,Dasqua | داسکوا,,,,1803-4122,1803-4122,1803-4122,generic.v1,PROFILE_MISSING,2,authorized_supplier_price_list,/home/shebahati/KaZar/Product and Data Complete/اندازه گیری/داسکوا/لیست قیمت داسکوا +10 درصد.pdf,tier1_3_registry_match,c589df1dc02df10f5405c6b98b5a5970b00db193891be082d7ae8406888478df,1803-4122,BACKFILL_EXACT,
1134,1803-4123,ساعت مرکزیاب داسکوا کد 1803-4123,1803-4123,4,Dasqua | داسکوا,,,,1803-4123,1803-4123,1803-4123,generic.v1,PROFILE_MISSING,2,authorized_supplier_price_list,/home/shebahati/KaZar/Product and Data Complete/اندازه گیری/داسکوا/لیست قیمت داسکوا +10 درصد.pdf,tier1_3_registry_match,c589df1dc02df10f5405c6b98b5a5970b00db193891be082d7ae8406888478df,1803-4123,BACKFILL_EXACT,
1135,1803-4124,ساعت مرکزیاب داسکوا کد 1803-4124,1803-4124,4,Dasqua | داسکوا,,,,1803-4124,1803-4124,1803-4124,generic.v1,PROFILE_MISSING,2,authorized_supplier_price_list,/home/shebahati/KaZar/Product and Data Complete/اندازه گیری/داسکوا/لیست قیمت داسکوا +10 درصد.pdf,tier1_3_registry_match,c589df1dc02df10f5405c6b98b5a5970b00db193891be082d7ae8406888478df,1803-4124,BACKFILL_EXACT,
1136,1803-4125,ساعت مرکزیاب داسکوا کد 1803-4125,1803-4125,4,Dasqua | داسکوا,,,,1803-4125,1803-4125,1803-4125,generic.v1,PROFILE_MISSING,2,authorized_supplier_price_list,/home/shebahati/KaZar/Product and Data Complete/اندازه گیری/داسکوا/لیست قیمت داسکوا +10 درصد.pdf,tier1_3_registry_match,c589df1dc02df10f5405c6b98b5a5970b00db193891be082d7ae8406888478df,1803-4125,BACKFILL_EXACT,
1137,1803-4126,ساعت مرکزیاب داسکوا کد 1803-4126,1803-4126,4,Dasqua | داسکوا,,,,1803-4126,1803-4126,1803-4126,generic.v1,PROFILE_MISSING,2,authorized_supplier_price_list,/home/shebahati/KaZar/Product and Data Complete/اندازه گیری/داسکوا/لیست قیمت داسکوا +10 درصد.pdf,tier1_3_registry_match,c589df1dc02df10f5405c6b98b5a5970b00db193891be082d7ae8406888478df,1803-4126,BACKFILL_EXACT,
1138,1803-4127,ساعت مرکزیاب داسکوا کد 1803-4127,1803-4127,4,Dasqua | داسکوا,,,,1803-4127,1803-4127,1803-4127,generic.v1,PROFILE_MISSING,2,authorized_supplier_price_list,/home/shebahati/KaZar/Product and Data Complete/اندازه گیری/داسکوا/لیست قیمت داسکوا +10 درصد.pdf,tier1_3_registry_match,c589df1dc02df10f5405c6b98b5a5970b00db193891be082d7ae8406888478df,1803-4127,BACKFILL_EXACT,
1139,1803-4128,ساعت مرکزیاب داسکوا کد 1803-4128,1803-4128,4,Dasqua | داسکوا,,,,1803-4128,1803-4128,1803-4128,generic.v1,PROFILE_MISSING,2,authorized_supplier_price_list,/home/shebahati/KaZar/Product and Data Complete/اندازه گیری/داسکوا/لیست قیمت داسکوا +10 درصد.pdf,tier1_3_registry_match,c589df1dc02df10f5405c6b98b5a5970b00db193891be082d7ae8406888478df,1803-4128,BACKFILL_EXACT,
1140,1803-4129,ساعت مرکزیاب داسکوا کد 1803-4129,1803-4129,4,Dasqua | داسکوا,,,,1803-4129,1803-4129,1803-4129,generic.v1,PROFILE_MISSING,2,authorized_supplier_price_list,/home/shebahati/KaZar/Product and Data Complete/اندازه گیری/داسکوا/لیست قیمت داسکوا +10 درصد.pdf,tier1_3_registry_match,c589df1dc02df10f5405c6b98b5a5970b00db193891be082d7ae8406888478df,1803-4129,BACKFILL_EXACT,
1141,1803-4130,ساعت مرکزیاب داسکوا کد 1803-4130,1803-4130,4,Dasqua | داسکوا,,,,1803-4130,1803-4130,1803-4130,generic.v1,PROFILE_MISSING,2,authorized_supplier_price_list,/home/shebahati/KaZar/Product and Data Complete/اندازه گیری/داسکوا/لیست قیمت داسکوا +10 درصد.pdf,tier1_3_registry_match,c589df1dc02df10f5405c6b98b5a5970b00db193891be082d7ae8406888478df,1803-4130,BACKFILL_EXACT,
1142,1803-4131,ساعت مرکزیاب داسکوا کد 1803-4131,1803-4131,4,Dasqua | داسکوا,,,,1803-4131,1803-4131,1803-4131,generic.v1,PROFILE_MISSING,2,authorized_supplier_price_list,/home/shebahati/KaZar/Product and Data Complete/اندازه گیری/داسکوا/لیست قیمت داسکوا +10 درصد.pdf,tier1_3_registry_match,c589df1dc02df10f5405c6b98b5a5970b00db193891be082d7ae8406888478df,1803-4131,BACKFILL_EXACT,
1143,1803-4132,ساعت مرکزیاب داسکوا کد 1803-4132,1803-4132,4,Dasqua | داسکوا,,,,1803-4132,1803-4132,1803-4132,generic.v1,PROFILE_MISSING,2,authorized_supplier_price_list,/home/shebahati/KaZar/Product and Data Complete/اندازه گیری/داسکوا/لیست قیمت داسکوا +10 درصد.pdf,tier1_3_registry_match,c589df1dc02df10f5405c6b98b5a5970b00db193891be082d7ae8406888478df,1803-4132,BACKFILL_EXACT,
1144,1804-0005,نقاله زاویه یاب آلومینیویم — 0-50mm,1804-0005,4,Dasqua | داسکوا,,,,,1804-0005,1804-0005,generic.v1,PROFILE_MISSING,2,authorized_supplier_price_list,/home/shebahati/KaZar/Product and Data Complete/اندازه گیری/داسکوا/لیست قیمت داسکوا +10 درصد.pdf,tier1_3_registry_match,c589df1dc02df10f5405c6b98b5a5970b00db193891be082d7ae8406888478df,1804-0005,BACKFILL_EXACT,
1145,1804-1005,ی خط کش استیل 3کاره ( خط کش ؛ عمق سنج و عالمت گذاری) ی — 0-1005mm,1804-1005,4,Dasqua | داسکوا,,,,,1804-1005,1804-1005,generic.v1,PROFILE_MISSING,2,authorized_supplier_price_list,/home/shebahati/KaZar/Product and Data Complete/اندازه گیری/داسکوا/لیست قیمت داسکوا +10 درصد.pdf,tier1_3_registry_match,c589df1dc02df10f5405c6b98b5a5970b00db193891be082d7ae8406888478df,1804-1005,BACKFILL_EXACT,
1146,1804-1006,نقاله زاویه سنج خر پا — 0-1006mm,1804-1006,4,Dasqua | داسکوا,,,,,1804-1006,1804-1006,generic.v1,PROFILE_MISSING,2,authorized_supplier_price_list,/home/shebahati/KaZar/Product and Data Complete/اندازه گیری/داسکوا/لیست قیمت داسکوا +10 درصد.pdf,tier1_3_registry_match,c589df1dc02df10f5405c6b98b5a5970b00db193891be082d7ae8406888478df,1804-1006,BACKFILL_EXACT,
1147,1804-1007,دیجیتالShore D — 0-1007mm,1804-1007,4,Dasqua | داسکوا,,,,,1804-1007,1804-1007,generic.v1,PROFILE_MISSING,2,authorized_supplier_price_list,/home/shebahati/KaZar/Product and Data Complete/اندازه گیری/داسکوا/لیست قیمت داسکوا +10 درصد.pdf,tier1_3_registry_match,c589df1dc02df10f5405c6b98b5a5970b00db193891be082d7ae8406888478df,1804-1007,BACKFILL_EXACT,
1148,1804-1010,پرگار داخل سنج دیجیتال با دسته — 0-1010mm,1804-1010,4,Dasqua | داسکوا,,,,,1804-1010,1804-1010,generic.v1,PROFILE_MISSING,2,authorized_supplier_price_list,/home/shebahati/KaZar/Product and Data Complete/اندازه گیری/داسکوا/لیست قیمت داسکوا +10 درصد.pdf,tier1_3_registry_match,c589df1dc02df10f5405c6b98b5a5970b00db193891be082d7ae8406888478df,1804-1010,BACKFILL_EXACT,
1149,1804-1015,پرگار داخل سنج دیجیتال با دسته — 0-1015mm,1804-1015,4,Dasqua | داسکوا,,,,,1804-1015,1804-1015,generic.v1,PROFILE_MISSING,2,authorized_supplier_price_list,/home/shebahati/KaZar/Product and Data Complete/اندازه گیری/داسکوا/لیست قیمت داسکوا +10 درصد.pdf,tier1_3_registry_match,c589df1dc02df10f5405c6b98b5a5970b00db193891be082d7ae8406888478df,1804-1015,BACKFILL_EXACT,
1150,1804-1020,/ /1 پرگار بی ر — 0-150mm/0-6,1804-1020,4,Dasqua | داسکوا,,,,,1804-1020,1804-1020,generic.v1,PROFILE_MISSING,2,authorized_supplier_price_list,/home/shebahati/KaZar/Product and Data Complete/اندازه گیری/داسکوا/لیست قیمت داسکوا +10 درصد.pdf,tier1_3_registry_match,c589df1dc02df10f5405c6b98b5a5970b00db193891be082d7ae8406888478df,1804-1020,BACKFILL_EXACT,
1151,1804-1025,/ /1 پرگار بی ر — 0-200mm/0-8,1804-1025,4,Dasqua | داسکوا,,,,,1804-1025,1804-1025,generic.v1,PROFILE_MISSING,2,authorized_supplier_price_list,/home/shebahati/KaZar/Product and Data Complete/اندازه گیری/داسکوا/لیست قیمت داسکوا +10 درصد.pdf,tier1_3_registry_match,c589df1dc02df10f5405c6b98b5a5970b00db193891be082d7ae8406888478df,1804-1025,BACKFILL_EXACT,
1152,1804-1035,ی سنج پالستیک و الستیک و ... — 0-1035mm,1804-1035,4,Dasqua | داسکوا,,,,,1804-1035,1804-1035,generic.v1,PROFILE_MISSING,2,authorized_supplier_price_list,/home/shebahati/KaZar/Product and Data Complete/اندازه گیری/داسکوا/لیست قیمت داسکوا +10 درصد.pdf,tier1_3_registry_match,c589df1dc02df10f5405c6b98b5a5970b00db193891be082d7ae8406888478df,1804-1035,BACKFILL_EXACT,
1153,1804-1045,سخت سنج پالستیک و الستیک و ... — 0-1045mm,1804-1045,4,Dasqua | داسکوا,,,,,1804-1045,1804-1045,generic.v1,PROFILE_MISSING,2,authorized_supplier_price_list,/home/shebahati/KaZar/Product and Data Complete/اندازه گیری/داسکوا/لیست قیمت داسکوا +10 درصد.pdf,tier1_3_registry_match,c589df1dc02df10f5405c6b98b5a5970b00db193891be082d7ae8406888478df,1804-1045,BACKFILL_EXACT,
1154,1804-1065,کولیس دیجیتال نمایشگر بزرگ — 0-150mm/0-6,1804-1065,4,Dasqua | داسکوا,,,,,1804-1065,1804-1065,generic.v1,PROFILE_MISSING,2,authorized_supplier_price_list,/home/shebahati/KaZar/Product and Data Complete/اندازه گیری/داسکوا/لیست قیمت داسکوا +10 درصد.pdf,tier1_3_registry_match,c589df1dc02df10f5405c6b98b5a5970b00db193891be082d7ae8406888478df,1804-1065,BACKFILL_EXACT,
1155,1804-1070,کولیس دیجیتال نمایشگر بزرگ — 0-200mm/0-8,1804-1070,4,Dasqua | داسکوا,,,,,1804-1070,1804-1070,generic.v1,PROFILE_MISSING,2,authorized_supplier_price_list,/home/shebahati/KaZar/Product and Data Complete/اندازه گیری/داسکوا/لیست قیمت داسکوا +10 درصد.pdf,tier1_3_registry_match,c589df1dc02df10f5405c6b98b5a5970b00db193891be082d7ae8406888478df,1804-1070,BACKFILL_EXACT,
1156,1804-1075,کولیس دیجیتال نمایشگر بزرگ — 0-300mm/0-12,1804-1075,4,Dasqua | داسکوا,,,,,1804-1075,1804-1075,generic.v1,PROFILE_MISSING,2,authorized_supplier_price_list,/home/shebahati/KaZar/Product and Data Complete/اندازه گیری/داسکوا/لیست قیمت داسکوا +10 درصد.pdf,tier1_3_registry_match,c589df1dc02df10f5405c6b98b5a5970b00db193891be082d7ae8406888478df,1804-1075,BACKFILL_EXACT,
1157,1804-1090,سخت سنج پالستيك و الستيك و ...ساعتي — 0-1090mm,1804-1090,4,Dasqua | داسکوا,,,,,1804-1090,1804-1090,generic.v1,PROFILE_MISSING,2,authorized_supplier_price_list,/home/shebahati/KaZar/Product and Data Complete/اندازه گیری/داسکوا/لیست قیمت داسکوا +10 درصد.pdf,tier1_3_registry_match,c589df1dc02df10f5405c6b98b5a5970b00db193891be082d7ae8406888478df,1804-1090,BACKFILL_EXACT,
1158,1804-1095,ی ي Shore A — 0-1095mm,1804-1095,4,Dasqua | داسکوا,,,,,1804-1095,1804-1095,generic.v1,PROFILE_MISSING,2,authorized_supplier_price_list,/home/shebahati/KaZar/Product and Data Complete/اندازه گیری/داسکوا/لیست قیمت داسکوا +10 درصد.pdf,tier1_3_registry_match,c589df1dc02df10f5405c6b98b5a5970b00db193891be082d7ae8406888478df,1804-1095,BACKFILL_EXACT,
1159,1804-1100,ساعتي Shore C — 0-1100mm,1804-1100,4,Dasqua | داسکوا,,,,,1804-1100,1804-1100,generic.v1,PROFILE_MISSING,2,authorized_supplier_price_list,/home/shebahati/KaZar/Product and Data Complete/اندازه گیری/داسکوا/لیست قیمت داسکوا +10 درصد.pdf,tier1_3_registry_match,c589df1dc02df10f5405c6b98b5a5970b00db193891be082d7ae8406888478df,1804-1100,BACKFILL_EXACT,
1160,1804-1102,ی خط کش استیل 3کاره ( خط کش ؛ عمق سنج و عالمت گذاری) ی — 0-1102mm,1804-1102,4,Dasqua | داسکوا,,,,,1804-1102,1804-1102,generic.v1,PROFILE_MISSING,2,authorized_supplier_price_list,/home/shebahati/KaZar/Product and Data Complete/اندازه گیری/داسکوا/لیست قیمت داسکوا +10 درصد.pdf,tier1_3_registry_match,c589df1dc02df10f5405c6b98b5a5970b00db193891be082d7ae8406888478df,1804-1102,BACKFILL_EXACT,
1161,1804-1103,نقاله زاویه سنج خر پا — 0-1103mm,1804-1103,4,Dasqua | داسکوا,,,,,1804-1103,1804-1103,generic.v1,PROFILE_MISSING,2,authorized_supplier_price_list,/home/shebahati/KaZar/Product and Data Complete/اندازه گیری/داسکوا/لیست قیمت داسکوا +10 درصد.pdf,tier1_3_registry_match,c589df1dc02df10f5405c6b98b5a5970b00db193891be082d7ae8406888478df,1804-1103,BACKFILL_EXACT,
1162,1804-1104,نقاله زاویه سنج خر پا — 0-1104mm,1804-1104,4,Dasqua | داسکوا,,,,,1804-1104,1804-1104,generic.v1,PROFILE_MISSING,2,authorized_supplier_price_list,/home/shebahati/KaZar/Product and Data Complete/اندازه گیری/داسکوا/لیست قیمت داسکوا +10 درصد.pdf,tier1_3_registry_match,c589df1dc02df10f5405c6b98b5a5970b00db193891be082d7ae8406888478df,1804-1104,BACKFILL_EXACT,
1163,1804-1106,خط کش زاویه سنج 90درجه — 0-1106mm,1804-1106,4,Dasqua | داسکوا,,,,,1804-1106,1804-1106,generic.v1,PROFILE_MISSING,2,authorized_supplier_price_list,/home/shebahati/KaZar/Product and Data Complete/اندازه گیری/داسکوا/لیست قیمت داسکوا +10 درصد.pdf,tier1_3_registry_match,c589df1dc02df10f5405c6b98b5a5970b00db193891be082d7ae8406888478df,1804-1106,BACKFILL_EXACT,
1164,1804-1107,خط کش زاویه سنج 45درجه و 90 — 0-1107mm,1804-1107,4,Dasqua | داسکوا,,,,,1804-1107,1804-1107,generic.v1,PROFILE_MISSING,2,authorized_supplier_price_list,/home/shebahati/KaZar/Product and Data Complete/اندازه گیری/داسکوا/لیست قیمت داسکوا +10 درصد.pdf,tier1_3_registry_match,c589df1dc02df10f5405c6b98b5a5970b00db193891be082d7ae8406888478df,1804-1107,BACKFILL_EXACT,
1165,1804-1115,رنیو سنج دیجیتال — 0-1115mm,1804-1115,4,Dasqua | داسکوا,,,,,1804-1115,1804-1115,generic.v1,PROFILE_MISSING,2,authorized_supplier_price_list,/home/shebahati/KaZar/Product and Data Complete/اندازه گیری/داسکوا/لیست قیمت داسکوا +10 درصد.pdf,tier1_3_registry_match,c589df1dc02df10f5405c6b98b5a5970b00db193891be082d7ae8406888478df,1804-1115,BACKFILL_EXACT,
1166,1804-1120,رنیو سنج دیجیتال — 0-1120mm,1804-1120,4,Dasqua | داسکوا,,,,,1804-1120,1804-1120,generic.v1,PROFILE_MISSING,2,authorized_supplier_price_list,/home/shebahati/KaZar/Product and Data Complete/اندازه گیری/داسکوا/لیست قیمت داسکوا +10 درصد.pdf,tier1_3_registry_match,c589df1dc02df10f5405c6b98b5a5970b00db193891be082d7ae8406888478df,1804-1120,BACKFILL_EXACT,
1167,1804-1125,رنیو سنج دیجیتال — 0-1125mm,1804-1125,4,Dasqua | داسکوا,,,,,1804-1125,1804-1125,generic.v1,PROFILE_MISSING,2,authorized_supplier_price_list,/home/shebahati/KaZar/Product and Data Complete/اندازه گیری/داسکوا/لیست قیمت داسکوا +10 درصد.pdf,tier1_3_registry_match,c589df1dc02df10f5405c6b98b5a5970b00db193891be082d7ae8406888478df,1804-1125,BACKFILL_EXACT,
1168,1804-1130,ساعت رنیوسنج — 0-1130mm,1804-1130,4,Dasqua | داسکوا,,,,,1804-1130,1804-1130,generic.v1,PROFILE_MISSING,2,authorized_supplier_price_list,/home/shebahati/KaZar/Product and Data Complete/اندازه گیری/داسکوا/لیست قیمت داسکوا +10 درصد.pdf,tier1_3_registry_match,c589df1dc02df10f5405c6b98b5a5970b00db193891be082d7ae8406888478df,1804-1130,BACKFILL_EXACT,
1169,1804-1131,ساعت رنیوسنج — 0-1131mm,1804-1131,4,Dasqua | داسکوا,,,,,1804-1131,1804-1131,generic.v1,PROFILE_MISSING,2,authorized_supplier_price_list,/home/shebahati/KaZar/Product and Data Complete/اندازه گیری/داسکوا/لیست قیمت داسکوا +10 درصد.pdf,tier1_3_registry_match,c589df1dc02df10f5405c6b98b5a5970b00db193891be082d7ae8406888478df,1804-1131,BACKFILL_EXACT,
1170,1804-1132,ساعت رنیوسنج — 0-1132mm,1804-1132,4,Dasqua | داسکوا,,,,,1804-1132,1804-1132,generic.v1,PROFILE_MISSING,2,authorized_supplier_price_list,/home/shebahati/KaZar/Product and Data Complete/اندازه گیری/داسکوا/لیست قیمت داسکوا +10 درصد.pdf,tier1_3_registry_match,c589df1dc02df10f5405c6b98b5a5970b00db193891be082d7ae8406888478df,1804-1132,BACKFILL_EXACT,
1171,1804-1133,ساعت رنیوسنج — 0-1133mm,1804-1133,4,Dasqua | داسکوا,,,,,1804-1133,1804-1133,generic.v1,PROFILE_MISSING,2,authorized_supplier_price_list,/home/shebahati/KaZar/Product and Data Complete/اندازه گیری/داسکوا/لیست قیمت داسکوا +10 درصد.pdf,tier1_3_registry_match,c589df1dc02df10f5405c6b98b5a5970b00db193891be082d7ae8406888478df,1804-1133,BACKFILL_EXACT,
1172,1804-1165,رنیو سنج دیجیتال — 0-1165mm,1804-1165,4,Dasqua | داسکوا,,,,,1804-1165,1804-1165,generic.v1,PROFILE_MISSING,2,authorized_supplier_price_list,/home/shebahati/KaZar/Product and Data Complete/اندازه گیری/داسکوا/لیست قیمت داسکوا +10 درصد.pdf,tier1_3_registry_match,c589df1dc02df10f5405c6b98b5a5970b00db193891be082d7ae8406888478df,1804-1165,BACKFILL_EXACT,
1173,1804-1170,رنیو سنج دیجیتال — 0-1170mm,1804-1170,4,Dasqua | داسکوا,,,,,1804-1170,1804-1170,generic.v1,PROFILE_MISSING,2,authorized_supplier_price_list,/home/shebahati/KaZar/Product and Data Complete/اندازه گیری/داسکوا/لیست قیمت داسکوا +10 درصد.pdf,tier1_3_registry_match,c589df1dc02df10f5405c6b98b5a5970b00db193891be082d7ae8406888478df,1804-1170,BACKFILL_EXACT,
1174,1804-1175,رنیو سنج دیجیتال — 0-1175mm,1804-1175,4,Dasqua | داسکوا,,,,,1804-1175,1804-1175,generic.v1,PROFILE_MISSING,2,authorized_supplier_price_list,/home/shebahati/KaZar/Product and Data Complete/اندازه گیری/داسکوا/لیست قیمت داسکوا +10 درصد.pdf,tier1_3_registry_match,c589df1dc02df10f5405c6b98b5a5970b00db193891be082d7ae8406888478df,1804-1175,BACKFILL_EXACT,
1175,1804-1215,کولیس ورنیه آلومینیوم (مناسب کارهای آهنگری و نجاری و )... — 0-610mm/24,1804-1215,4,Dasqua | داسکوا,,,,,1804-1215,1804-1215,generic.v1,PROFILE_MISSING,2,authorized_supplier_price_list,/home/shebahati/KaZar/Product and Data Complete/اندازه گیری/داسکوا/لیست قیمت داسکوا +10 درصد.pdf,tier1_3_registry_match,c589df1dc02df10f5405c6b98b5a5970b00db193891be082d7ae8406888478df,1804-1215,BACKFILL_EXACT,
1176,1804-1405,گیج مرکزیاب — 0-1405mm,1804-1405,4,Dasqua | داسکوا,,,,,1804-1405,1804-1405,generic.v1,PROFILE_MISSING,2,authorized_supplier_price_list,/home/shebahati/KaZar/Product and Data Complete/اندازه گیری/داسکوا/لیست قیمت داسکوا +10 درصد.pdf,tier1_3_registry_match,c589df1dc02df10f5405c6b98b5a5970b00db193891be082d7ae8406888478df,1804-1405,BACKFILL_EXACT,
1177,1804-1710,گیج مرکزیاب — 0-1710mm,1804-1710,4,Dasqua | داسکوا,,,,,1804-1710,1804-1710,generic.v1,PROFILE_MISSING,2,authorized_supplier_price_list,/home/shebahati/KaZar/Product and Data Complete/اندازه گیری/داسکوا/لیست قیمت داسکوا +10 درصد.pdf,tier1_3_registry_match,c589df1dc02df10f5405c6b98b5a5970b00db193891be082d7ae8406888478df,1804-1710,BACKFILL_EXACT,
1178,1804-2005,ضخامت سنج رنگ دیجیتال,1804-2005,4,Dasqua | داسکوا,,,,,1804-2005,1804-2005,generic.v1,PROFILE_MISSING,2,authorized_supplier_price_list,/home/shebahati/KaZar/Product and Data Complete/اندازه گیری/داسکوا/لیست قیمت داسکوا +10 درصد.pdf,tier1_3_registry_match,c589df1dc02df10f5405c6b98b5a5970b00db193891be082d7ae8406888478df,1804-2005,BACKFILL_EXACT,
1179,1804-2010,ضخامت سنج رنگ دیجیتال,1804-2010,4,Dasqua | داسکوا,,,,,1804-2010,1804-2010,generic.v1,PROFILE_MISSING,2,authorized_supplier_price_list,/home/shebahati/KaZar/Product and Data Complete/اندازه گیری/داسکوا/لیست قیمت داسکوا +10 درصد.pdf,tier1_3_registry_match,c589df1dc02df10f5405c6b98b5a5970b00db193891be082d7ae8406888478df,1804-2010,BACKFILL_EXACT,
1180,1804-2015,ضخامت‌سنج پوشش داسکوا کد 1804-2015,1804-2015,4,Dasqua | داسکوا,,,,1804-2015,1804-2015,1804-2015,generic.v1,PROFILE_MISSING,2,authorized_supplier_price_list,/home/shebahati/KaZar/Product and Data Complete/اندازه گیری/داسکوا/لیست قیمت داسکوا +10 درصد.pdf,tier1_3_registry_match,c589df1dc02df10f5405c6b98b5a5970b00db193891be082d7ae8406888478df,1804-2015,BACKFILL_EXACT,
1181,1804-2405,محدوده سوزن محدوه اندازه,1804-2405,4,Dasqua | داسکوا,,,,,1804-2405,1804-2405,generic.v1,PROFILE_MISSING,2,authorized_supplier_price_list,/home/shebahati/KaZar/Product and Data Complete/اندازه گیری/داسکوا/لیست قیمت داسکوا +10 درصد.pdf,tier1_3_registry_match,c589df1dc02df10f5405c6b98b5a5970b00db193891be082d7ae8406888478df,1804-2405,BACKFILL_EXACT,
1182,1804-4613,ی سنج پالستیک و الستیک و ...دیجیتال,1804-4613,4,Dasqua | داسکوا,,,,,1804-4613,1804-4613,generic.v1,PROFILE_MISSING,2,authorized_supplier_price_list,/home/shebahati/KaZar/Product and Data Complete/اندازه گیری/داسکوا/لیست قیمت داسکوا +10 درصد.pdf,tier1_3_registry_match,c589df1dc02df10f5405c6b98b5a5970b00db193891be082d7ae8406888478df,1804-4613,BACKFILL_EXACT,
1183,1804-5111,شابلون شعاع گوشه,1804-5111,4,Dasqua | داسکوا,,,,,1804-5111,1804-5111,generic.v1,PROFILE_MISSING,2,authorized_supplier_price_list,/home/shebahati/KaZar/Product and Data Complete/اندازه گیری/داسکوا/لیست قیمت داسکوا +10 درصد.pdf,tier1_3_registry_match,c589df1dc02df10f5405c6b98b5a5970b00db193891be082d7ae8406888478df,1804-5111,BACKFILL_EXACT,
1184,1804-5116,شابلون شعاع گوشه,1804-5116,4,Dasqua | داسکوا,,,,,1804-5116,1804-5116,generic.v1,PROFILE_MISSING,2,authorized_supplier_price_list,/home/shebahati/KaZar/Product and Data Complete/اندازه گیری/داسکوا/لیست قیمت داسکوا +10 درصد.pdf,tier1_3_registry_match,c589df1dc02df10f5405c6b98b5a5970b00db193891be082d7ae8406888478df,1804-5116,BACKFILL_EXACT,
1185,1804-5221,شابلون شعاع گوشه,1804-5221,4,Dasqua | داسکوا,,,,,1804-5221,1804-5221,generic.v1,PROFILE_MISSING,2,authorized_supplier_price_list,/home/shebahati/KaZar/Product and Data Complete/اندازه گیری/داسکوا/لیست قیمت داسکوا +10 درصد.pdf,tier1_3_registry_match,c589df1dc02df10f5405c6b98b5a5970b00db193891be082d7ae8406888478df,1804-5221,BACKFILL_EXACT,
1186,1804-5223,شابلون شعاع گوشه,1804-5223,4,Dasqua | داسکوا,,,,,1804-5223,1804-5223,generic.v1,PROFILE_MISSING,2,authorized_supplier_price_list,/home/shebahati/KaZar/Product and Data Complete/اندازه گیری/داسکوا/لیست قیمت داسکوا +10 درصد.pdf,tier1_3_registry_match,c589df1dc02df10f5405c6b98b5a5970b00db193891be082d7ae8406888478df,1804-5223,BACKFILL_EXACT,
1187,1804-5331,گونیا تنظیم زاویه متغیی,1804-5331,4,Dasqua | داسکوا,,,,,1804-5331,1804-5331,generic.v1,PROFILE_MISSING,2,authorized_supplier_price_list,/home/shebahati/KaZar/Product and Data Complete/اندازه گیری/داسکوا/لیست قیمت داسکوا +10 درصد.pdf,tier1_3_registry_match,c589df1dc02df10f5405c6b98b5a5970b00db193891be082d7ae8406888478df,1804-5331,BACKFILL_EXACT,
1188,1804-5336,گونیا تنظیم زاویه متغیی,1804-5336,4,Dasqua | داسکوا,,,,,1804-5336,1804-5336,generic.v1,PROFILE_MISSING,2,authorized_supplier_price_list,/home/shebahati/KaZar/Product and Data Complete/اندازه گیری/داسکوا/لیست قیمت داسکوا +10 درصد.pdf,tier1_3_registry_match,c589df1dc02df10f5405c6b98b5a5970b00db193891be082d7ae8406888478df,1804-5336,BACKFILL_EXACT,
1189,1804-5341,گونیا تنظیم زاویه متغیی,1804-5341,4,Dasqua | داسکوا,,,,,1804-5341,1804-5341,generic.v1,PROFILE_MISSING,2,authorized_supplier_price_list,/home/shebahati/KaZar/Product and Data Complete/اندازه گیری/داسکوا/لیست قیمت داسکوا +10 درصد.pdf,tier1_3_registry_match,c589df1dc02df10f5405c6b98b5a5970b00db193891be082d7ae8406888478df,1804-5341,BACKFILL_EXACT,
1190,1804-5441,گونیا تنظیم زاویه متغیی,1804-5441,4,Dasqua | داسکوا,,,,,1804-5441,1804-5441,generic.v1,PROFILE_MISSING,2,authorized_supplier_price_list,/home/shebahati/KaZar/Product and Data Complete/اندازه گیری/داسکوا/لیست قیمت داسکوا +10 درصد.pdf,tier1_3_registry_match,c589df1dc02df10f5405c6b98b5a5970b00db193891be082d7ae8406888478df,1804-5441,BACKFILL_EXACT,
1193,1804-5774,گونیا تنظیم زاویه متغیی,1804-5774,4,Dasqua | داسکوا,,,,,1804-5774,1804-5774,generic.v1,PROFILE_MISSING,2,authorized_supplier_price_list,/home/shebahati/KaZar/Product and Data Complete/اندازه گیری/داسکوا/لیست قیمت داسکوا +10 درصد.pdf,tier1_3_registry_match,c589df1dc02df10f5405c6b98b5a5970b00db193891be082d7ae8406888478df,1804-5774,BACKFILL_EXACT,
1195,1804-5881,گونیا تنظیم زاویه متغیی,1804-5881,4,Dasqua | داسکوا,,,,,1804-5881,1804-5881,generic.v1,PROFILE_MISSING,2,authorized_supplier_price_list,/home/shebahati/KaZar/Product and Data Complete/اندازه گیری/داسکوا/لیست قیمت داسکوا +10 درصد.pdf,tier1_3_registry_match,c589df1dc02df10f5405c6b98b5a5970b00db193891be082d7ae8406888478df,1804-5881,BACKFILL_EXACT,
1196,1804-5991,گونیا تنظیم زاویه متغیی,1804-5991,4,Dasqua | داسکوا,,,,,1804-5991,1804-5991,generic.v1,PROFILE_MISSING,2,authorized_supplier_price_list,/home/shebahati/KaZar/Product and Data Complete/اندازه گیری/داسکوا/لیست قیمت داسکوا +10 درصد.pdf,tier1_3_registry_match,c589df1dc02df10f5405c6b98b5a5970b00db193891be082d7ae8406888478df,1804-5991,BACKFILL_EXACT,
1197,1804-6111,شابلون شعاع گوشه,1804-6111,4,Dasqua | داسکوا,,,,,1804-6111,1804-6111,generic.v1,PROFILE_MISSING,2,authorized_supplier_price_list,/home/shebahati/KaZar/Product and Data Complete/اندازه گیری/داسکوا/لیست قیمت داسکوا +10 درصد.pdf,tier1_3_registry_match,c589df1dc02df10f5405c6b98b5a5970b00db193891be082d7ae8406888478df,1804-6111,BACKFILL_EXACT,
1198,1804-6221,گونیا تنظیم زاویه متغیی,1804-6221,4,Dasqua | داسکوا,,,,,1804-6221,1804-6221,generic.v1,PROFILE_MISSING,2,authorized_supplier_price_list,/home/shebahati/KaZar/Product and Data Complete/اندازه گیری/داسکوا/لیست قیمت داسکوا +10 درصد.pdf,tier1_3_registry_match,c589df1dc02df10f5405c6b98b5a5970b00db193891be082d7ae8406888478df,1804-6221,BACKFILL_EXACT,
1199,1804-6302,زبری سنج دیجیتال پرتابل,1804-6302,4,Dasqua | داسکوا,,,,,1804-6302,1804-6302,generic.v1,PROFILE_MISSING,2,authorized_supplier_price_list,/home/shebahati/KaZar/Product and Data Complete/اندازه گیری/داسکوا/لیست قیمت داسکوا +10 درصد.pdf,tier1_3_registry_match,c589df1dc02df10f5405c6b98b5a5970b00db193891be082d7ae8406888478df,1804-6302,BACKFILL_EXACT,
1200,1804-6310,بلوک زبری سنج,1804-6310,4,Dasqua | داسکوا,,,,,1804-6310,1804-6310,generic.v1,PROFILE_MISSING,2,authorized_supplier_price_list,/home/shebahati/KaZar/Product and Data Complete/اندازه گیری/داسکوا/لیست قیمت داسکوا +10 درصد.pdf,tier1_3_registry_match,c589df1dc02df10f5405c6b98b5a5970b00db193891be082d7ae8406888478df,1804-6310,BACKFILL_EXACT,
1201,1804-6331,گونیا تنظیم زاویه متغیی,1804-6331,4,Dasqua | داسکوا,,,,,1804-6331,1804-6331,generic.v1,PROFILE_MISSING,2,authorized_supplier_price_list,/home/shebahati/KaZar/Product and Data Complete/اندازه گیری/داسکوا/لیست قیمت داسکوا +10 درصد.pdf,tier1_3_registry_match,c589df1dc02df10f5405c6b98b5a5970b00db193891be082d7ae8406888478df,1804-6331,BACKFILL_EXACT,
1202,1804-6663,ست ساعت تراز تیغه با 2رابط بلند,1804-6663,4,Dasqua | داسکوا,,,,,1804-6663,1804-6663,generic.v1,PROFILE_MISSING,2,authorized_supplier_price_list,/home/shebahati/KaZar/Product and Data Complete/اندازه گیری/داسکوا/لیست قیمت داسکوا +10 درصد.pdf,tier1_3_registry_match,c589df1dc02df10f5405c6b98b5a5970b00db193891be082d7ae8406888478df,1804-6663,BACKFILL_EXACT,
1203,1804-6771,برای برش تیک/میی؛.3ظرفیت :S/Mداده زاویه؛.2حالت اندازه ر,1804-6771,4,Dasqua | داسکوا,,,,,1804-6771,1804-6771,generic.v1,PROFILE_MISSING,2,authorized_supplier_price_list,/home/shebahati/KaZar/Product and Data Complete/اندازه گیری/داسکوا/لیست قیمت داسکوا +10 درصد.pdf,tier1_3_registry_match,c589df1dc02df10f5405c6b98b5a5970b00db193891be082d7ae8406888478df,1804-6771,BACKFILL_EXACT,
1204,1804-6881,برای برش تیک/میی؛.3ظرفیت :S/Mداده زاویه؛.2حالت اندازه ر,1804-6881,4,Dasqua | داسکوا,,,,,1804-6881,1804-6881,generic.v1,PROFILE_MISSING,2,authorized_supplier_price_list,/home/shebahati/KaZar/Product and Data Complete/اندازه گیری/داسکوا/لیست قیمت داسکوا +10 درصد.pdf,tier1_3_registry_match,c589df1dc02df10f5405c6b98b5a5970b00db193891be082d7ae8406888478df,1804-6881,BACKFILL_EXACT,
1205,1804-6882,برای برش تیک/میی؛.3ظرفیت :S/Mداده زاویه؛.2حالت اندازه ر,1804-6882,4,Dasqua | داسکوا,,,,,1804-6882,1804-6882,generic.v1,PROFILE_MISSING,2,authorized_supplier_price_list,/home/shebahati/KaZar/Product and Data Complete/اندازه گیری/داسکوا/لیست قیمت داسکوا +10 درصد.pdf,tier1_3_registry_match,c589df1dc02df10f5405c6b98b5a5970b00db193891be082d7ae8406888478df,1804-6882,BACKFILL_EXACT,
1206,1804-6991,برای برش تیک/میی؛.3ظرفیت :S/Mداده زاویه؛.2حالت اندازه ر,1804-6991,4,Dasqua | داسکوا,,,,,1804-6991,1804-6991,generic.v1,PROFILE_MISSING,2,authorized_supplier_price_list,/home/shebahati/KaZar/Product and Data Complete/اندازه گیری/داسکوا/لیست قیمت داسکوا +10 درصد.pdf,tier1_3_registry_match,c589df1dc02df10f5405c6b98b5a5970b00db193891be082d7ae8406888478df,1804-6991,BACKFILL_EXACT,
1207,1804-6993,برای برش تیک/میی؛.3ظرفیت :S/Mداده زاویه؛.2حالت اندازه ر,1804-6993,4,Dasqua | داسکوا,,,,,1804-6993,1804-6993,generic.v1,PROFILE_MISSING,2,authorized_supplier_price_list,/home/shebahati/KaZar/Product and Data Complete/اندازه گیری/داسکوا/لیست قیمت داسکوا +10 درصد.pdf,tier1_3_registry_match,c589df1dc02df10f5405c6b98b5a5970b00db193891be082d7ae8406888478df,1804-6993,BACKFILL_EXACT,
1208,1804-6996,برای برش تیک/میی؛.3ظرفیت :S/Mداده زاویه؛.2حالت اندازه ر,1804-6996,4,Dasqua | داسکوا,,,,,1804-6996,1804-6996,generic.v1,PROFILE_MISSING,2,authorized_supplier_price_list,/home/shebahati/KaZar/Product and Data Complete/اندازه گیری/داسکوا/لیست قیمت داسکوا +10 درصد.pdf,tier1_3_registry_match,c589df1dc02df10f5405c6b98b5a5970b00db193891be082d7ae8406888478df,1804-6996,BACKFILL_EXACT,
1209,1804-7013,میکروسکوپ اندازه گی,1804-7013,4,Dasqua | داسکوا,,,,,1804-7013,1804-7013,generic.v1,PROFILE_MISSING,2,authorized_supplier_price_list,/home/shebahati/KaZar/Product and Data Complete/اندازه گیری/داسکوا/لیست قیمت داسکوا +10 درصد.pdf,tier1_3_registry_match,c589df1dc02df10f5405c6b98b5a5970b00db193891be082d7ae8406888478df,1804-7013,BACKFILL_EXACT,
1210,1804-7111,صفحه رفرنس زاویه,1804-7111,4,Dasqua | داسکوا,,,,,1804-7111,1804-7111,generic.v1,PROFILE_MISSING,2,authorized_supplier_price_list,/home/shebahati/KaZar/Product and Data Complete/اندازه گیری/داسکوا/لیست قیمت داسکوا +10 درصد.pdf,tier1_3_registry_match,c589df1dc02df10f5405c6b98b5a5970b00db193891be082d7ae8406888478df,1804-7111,BACKFILL_EXACT,
1211,2000-2005,کولیس دیجیتال 2چیپ خروج — 0-150mm/0-6,2000-2005,4,Dasqua | داسکوا,,,,,2000-2005,2000-2005,generic.v1,PROFILE_MISSING,2,authorized_supplier_price_list,/home/shebahati/KaZar/Product and Data Complete/اندازه گیری/داسکوا/لیست قیمت داسکوا +10 درصد.pdf,tier1_3_registry_match,c589df1dc02df10f5405c6b98b5a5970b00db193891be082d7ae8406888478df,2000-2005,BACKFILL_EXACT,
1212,2000-2010,کولیس دیجیتال 2چیپ خروج 1 — 0-200mm/0-8,2000-2010,4,Dasqua | داسکوا,,,,,2000-2010,2000-2010,generic.v1,PROFILE_MISSING,2,authorized_supplier_price_list,/home/shebahati/KaZar/Product and Data Complete/اندازه گیری/داسکوا/لیست قیمت داسکوا +10 درصد.pdf,tier1_3_registry_match,c589df1dc02df10f5405c6b98b5a5970b00db193891be082d7ae8406888478df,2000-2010,BACKFILL_EXACT,
1213,2000-2015,کولیس دیجیتال 2چیپ خروج 2 — 0-300mm/0-12,2000-2015,4,Dasqua | داسکوا,,,,,2000-2015,2000-2015,generic.v1,PROFILE_MISSING,2,authorized_supplier_price_list,/home/shebahati/KaZar/Product and Data Complete/اندازه گیری/داسکوا/لیست قیمت داسکوا +10 درصد.pdf,tier1_3_registry_match,c589df1dc02df10f5405c6b98b5a5970b00db193891be082d7ae8406888478df,2000-2015,BACKFILL_EXACT,
1214,2001-2005,کولیس عمق سنج دیجیتال — 0-150mm/0-6,2001-2005,4,Dasqua | داسکوا,,,,,2001-2005,2001-2005,generic.v1,PROFILE_MISSING,2,authorized_supplier_price_list,/home/shebahati/KaZar/Product and Data Complete/اندازه گیری/داسکوا/لیست قیمت داسکوا +10 درصد.pdf,tier1_3_registry_match,c589df1dc02df10f5405c6b98b5a5970b00db193891be082d7ae8406888478df,2001-2005,BACKFILL_EXACT,
1215,2001-2010,سوزن (گرد) ( IP67 2 — 0-200mm/0-8,2001-2010,4,Dasqua | داسکوا,,,,,2001-2010,2001-2010,generic.v1,PROFILE_MISSING,2,authorized_supplier_price_list,/home/shebahati/KaZar/Product and Data Complete/اندازه گیری/داسکوا/لیست قیمت داسکوا +10 درصد.pdf,tier1_3_registry_match,c589df1dc02df10f5405c6b98b5a5970b00db193891be082d7ae8406888478df,2001-2010,BACKFILL_EXACT,
1216,2001-2015,سوزن (گرد) ( IP67 2 — 0-300mm/0-12,2001-2015,4,Dasqua | داسکوا,,,,,2001-2015,2001-2015,generic.v1,PROFILE_MISSING,2,authorized_supplier_price_list,/home/shebahati/KaZar/Product and Data Complete/اندازه گیری/داسکوا/لیست قیمت داسکوا +10 درصد.pdf,tier1_3_registry_match,c589df1dc02df10f5405c6b98b5a5970b00db193891be082d7ae8406888478df,2001-2015,BACKFILL_EXACT,
1218,2015-2405,کولیس دیجیتال IP67ضد آب و — 0-150mm/0-6,2015-2405,4,Dasqua | داسکوا,,,,,2015-2405,2015-2405,generic.v1,PROFILE_MISSING,2,authorized_supplier_price_list,/home/shebahati/KaZar/Product and Data Complete/اندازه گیری/داسکوا/لیست قیمت داسکوا +10 درصد.pdf,tier1_3_registry_match,c589df1dc02df10f5405c6b98b5a5970b00db193891be082d7ae8406888478df,2015-2405,BACKFILL_EXACT,
1219,2015-2410,/ کولیس دیجیتال IP67ضد آب و — 0-200mm/0-8,2015-2410,4,Dasqua | داسکوا,,,,,2015-2410,2015-2410,generic.v1,PROFILE_MISSING,2,authorized_supplier_price_list,/home/shebahati/KaZar/Product and Data Complete/اندازه گیری/داسکوا/لیست قیمت داسکوا +10 درصد.pdf,tier1_3_registry_match,c589df1dc02df10f5405c6b98b5a5970b00db193891be082d7ae8406888478df,2015-2410,BACKFILL_EXACT,
1220,2015-2415,/ کولیس دیجیتال IP67ضد آب و — 0-300mm/0-12,2015-2415,4,Dasqua | داسکوا,,,,,2015-2415,2015-2415,generic.v1,PROFILE_MISSING,2,authorized_supplier_price_list,/home/shebahati/KaZar/Product and Data Complete/اندازه گیری/داسکوا/لیست قیمت داسکوا +10 درصد.pdf,tier1_3_registry_match,c589df1dc02df10f5405c6b98b5a5970b00db193891be082d7ae8406888478df,2015-2415,BACKFILL_EXACT,
1222,2035-0006,کولیس پالستییک ساخته شده از فایی — 0-150mm/0-6,2035-0006,4,Dasqua | داسکوا,,,,,2035-0006,2035-0006,generic.v1,PROFILE_MISSING,2,authorized_supplier_price_list,/home/shebahati/KaZar/Product and Data Complete/اندازه گیری/داسکوا/لیست قیمت داسکوا +10 درصد.pdf,tier1_3_registry_match,c589df1dc02df10f5405c6b98b5a5970b00db193891be082d7ae8406888478df,2035-0006,BACKFILL_EXACT,
1223,2065-1105,کولیس شیار خارج سنج دیجیتال — 0-150mm,2065-1105,4,Dasqua | داسکوا,,,,,2065-1105,2065-1105,generic.v1,PROFILE_MISSING,2,authorized_supplier_price_list,/home/shebahati/KaZar/Product and Data Complete/اندازه گیری/داسکوا/لیست قیمت داسکوا +10 درصد.pdf,tier1_3_registry_match,c589df1dc02df10f5405c6b98b5a5970b00db193891be082d7ae8406888478df,2065-1105,BACKFILL_EXACT,
1224,2065-1110,کولیس شیار خارج سنج دیجیتال — 0-200mm,2065-1110,4,Dasqua | داسکوا,,,,,2065-1110,2065-1110,generic.v1,PROFILE_MISSING,2,authorized_supplier_price_list,/home/shebahati/KaZar/Product and Data Complete/اندازه گیری/داسکوا/لیست قیمت داسکوا +10 درصد.pdf,tier1_3_registry_match,c589df1dc02df10f5405c6b98b5a5970b00db193891be082d7ae8406888478df,2065-1110,BACKFILL_EXACT,
1225,2065-1115,کولیس شیار خارج سنج دیجیتال — 0-300mm,2065-1115,4,Dasqua | داسکوا,,,,,2065-1115,2065-1115,generic.v1,PROFILE_MISSING,2,authorized_supplier_price_list,/home/shebahati/KaZar/Product and Data Complete/اندازه گیری/داسکوا/لیست قیمت داسکوا +10 درصد.pdf,tier1_3_registry_match,c589df1dc02df10f5405c6b98b5a5970b00db193891be082d7ae8406888478df,2065-1115,BACKFILL_EXACT,
1226,2070-1105,کولیس اندازه گی — 0-150mm/ -6,2070-1105,4,Dasqua | داسکوا,,,,,2070-1105,2070-1105,generic.v1,PROFILE_MISSING,2,authorized_supplier_price_list,/home/shebahati/KaZar/Product and Data Complete/اندازه گیری/داسکوا/لیست قیمت داسکوا +10 درصد.pdf,tier1_3_registry_match,c589df1dc02df10f5405c6b98b5a5970b00db193891be082d7ae8406888478df,2070-1105,BACKFILL_EXACT,
1227,2070-1110,کولیس اندازه گی — 0-1110mm,2070-1110,4,Dasqua | داسکوا,,,,,2070-1110,2070-1110,generic.v1,PROFILE_MISSING,2,authorized_supplier_price_list,/home/shebahati/KaZar/Product and Data Complete/اندازه گیری/داسکوا/لیست قیمت داسکوا +10 درصد.pdf,tier1_3_registry_match,c589df1dc02df10f5405c6b98b5a5970b00db193891be082d7ae8406888478df,2070-1110,BACKFILL_EXACT,
1228,2070-1115,کولیس اندازه گی — 0-1115mm,2070-1115,4,Dasqua | داسکوا,,,,,2070-1115,2070-1115,generic.v1,PROFILE_MISSING,2,authorized_supplier_price_list,/home/shebahati/KaZar/Product and Data Complete/اندازه گیری/داسکوا/لیست قیمت داسکوا +10 درصد.pdf,tier1_3_registry_match,c589df1dc02df10f5405c6b98b5a5970b00db193891be082d7ae8406888478df,2070-1115,BACKFILL_EXACT,
1229,2100-1015,کولیس دیجیتال فک متحرک — 0-150mm,2100-1015,4,Dasqua | داسکوا,,,,,2100-1015,2100-1015,generic.v1,PROFILE_MISSING,2,authorized_supplier_price_list,/home/shebahati/KaZar/Product and Data Complete/اندازه گیری/داسکوا/لیست قیمت داسکوا +10 درصد.pdf,tier1_3_registry_match,c589df1dc02df10f5405c6b98b5a5970b00db193891be082d7ae8406888478df,2100-1015,BACKFILL_EXACT,
1230,2100-1115,کولیس اندازه گی — 0-1115mm,2100-1115,4,Dasqua | داسکوا,,,,,2100-1115,2100-1115,generic.v1,PROFILE_MISSING,2,authorized_supplier_price_list,/home/shebahati/KaZar/Product and Data Complete/اندازه گیری/داسکوا/لیست قیمت داسکوا +10 درصد.pdf,tier1_3_registry_match,c589df1dc02df10f5405c6b98b5a5970b00db193891be082d7ae8406888478df,2100-1115,BACKFILL_EXACT,
1231,2100-1120,کولیس اندازه گی — 0-1120mm,2100-1120,4,Dasqua | داسکوا,,,,,2100-1120,2100-1120,generic.v1,PROFILE_MISSING,2,authorized_supplier_price_list,/home/shebahati/KaZar/Product and Data Complete/اندازه گیری/داسکوا/لیست قیمت داسکوا +10 درصد.pdf,tier1_3_registry_match,c589df1dc02df10f5405c6b98b5a5970b00db193891be082d7ae8406888478df,2100-1120,BACKFILL_EXACT,
1232,2100-1130,کولیس اندازه گی — 0-300mm/1/18-12,2100-1130,4,Dasqua | داسکوا,,,,,2100-1130,2100-1130,generic.v1,PROFILE_MISSING,2,authorized_supplier_price_list,/home/shebahati/KaZar/Product and Data Complete/اندازه گیری/داسکوا/لیست قیمت داسکوا +10 درصد.pdf,tier1_3_registry_match,c589df1dc02df10f5405c6b98b5a5970b00db193891be082d7ae8406888478df,2100-1130,BACKFILL_EXACT,
1233,2110-8105,کولیس های متفرقه که تکرار نیم شوند — 0-150mm,2110-8105,4,Dasqua | داسکوا,,,,,2110-8105,2110-8105,generic.v1,PROFILE_MISSING,2,authorized_supplier_price_list,/home/shebahati/KaZar/Product and Data Complete/اندازه گیری/داسکوا/لیست قیمت داسکوا +10 درصد.pdf,tier1_3_registry_match,c589df1dc02df10f5405c6b98b5a5970b00db193891be082d7ae8406888478df,2110-8105,BACKFILL_EXACT,
1234,2115-2305,کولیس های متفرقه که تکرار نیم شوند — 0-150mm,2115-2305,4,Dasqua | داسکوا,,,,,2115-2305,2115-2305,generic.v1,PROFILE_MISSING,2,authorized_supplier_price_list,/home/shebahati/KaZar/Product and Data Complete/اندازه گیری/داسکوا/لیست قیمت داسکوا +10 درصد.pdf,tier1_3_registry_match,c589df1dc02df10f5405c6b98b5a5970b00db193891be082d7ae8406888478df,2115-2305,BACKFILL_EXACT,
1235,2117-9105,کولیس دیجیتال متال صفحه نمایشگر — 0-150mm/0-6,2117-9105,4,Dasqua | داسکوا,,,,,2117-9105,2117-9105,generic.v1,PROFILE_MISSING,2,authorized_supplier_price_list,/home/shebahati/KaZar/Product and Data Complete/اندازه گیری/داسکوا/لیست قیمت داسکوا +10 درصد.pdf,tier1_3_registry_match,c589df1dc02df10f5405c6b98b5a5970b00db193891be082d7ae8406888478df,2117-9105,BACKFILL_EXACT,
1236,2117-9110,کولیس دیجیتال متال صفحه نمایشگر — 0-200mm/0-8,2117-9110,4,Dasqua | داسکوا,,,,,2117-9110,2117-9110,generic.v1,PROFILE_MISSING,2,authorized_supplier_price_list,/home/shebahati/KaZar/Product and Data Complete/اندازه گیری/داسکوا/لیست قیمت داسکوا +10 درصد.pdf,tier1_3_registry_match,c589df1dc02df10f5405c6b98b5a5970b00db193891be082d7ae8406888478df,2117-9110,BACKFILL_EXACT,
1237,2117-9115,کولیس دیجیتال متال صفحه نمایشگر — 0-300mm/0-12,2117-9115,4,Dasqua | داسکوا,,,,,2117-9115,2117-9115,generic.v1,PROFILE_MISSING,2,authorized_supplier_price_list,/home/shebahati/KaZar/Product and Data Complete/اندازه گیری/داسکوا/لیست قیمت داسکوا +10 درصد.pdf,tier1_3_registry_match,c589df1dc02df10f5405c6b98b5a5970b00db193891be082d7ae8406888478df,2117-9115,BACKFILL_EXACT,
1238,2140-8101,کولیس ورنیه تیپ مونو بالک — 0-31/5,2140-8101,4,Dasqua | داسکوا,,,,,2140-8101,2140-8101,generic.v1,PROFILE_MISSING,2,authorized_supplier_price_list,/home/shebahati/KaZar/Product and Data Complete/اندازه گیری/داسکوا/لیست قیمت داسکوا +10 درصد.pdf,tier1_3_registry_match,c589df1dc02df10f5405c6b98b5a5970b00db193891be082d7ae8406888478df,2140-8101,BACKFILL_EXACT,
1239,2140-8105,ضخامت سنج دیجیتال برای ضخامت — 0-25mm/0-1,2140-8105,4,Dasqua | داسکوا,,,,,2140-8105,2140-8105,generic.v1,PROFILE_MISSING,2,authorized_supplier_price_list,/home/shebahati/KaZar/Product and Data Complete/اندازه گیری/داسکوا/لیست قیمت داسکوا +10 درصد.pdf,tier1_3_registry_match,c589df1dc02df10f5405c6b98b5a5970b00db193891be082d7ae8406888478df,2140-8105,BACKFILL_EXACT,
1240,2210-8106,کولیس دیجیتال ابسلوت ضد آب — 0-150mm,2210-8106,4,Dasqua | داسکوا,,,,,2210-8106,2210-8106,generic.v1,PROFILE_MISSING,2,authorized_supplier_price_list,/home/shebahati/KaZar/Product and Data Complete/اندازه گیری/داسکوا/لیست قیمت داسکوا +10 درصد.pdf,tier1_3_registry_match,c589df1dc02df10f5405c6b98b5a5970b00db193891be082d7ae8406888478df,2210-8106,BACKFILL_EXACT,
1241,2220-3570,کولیس دیجیتال فک بلند استنلس استیل IP54خروج — 0-1500mm/0-60,2220-3570,4,Dasqua | داسکوا,,,,,2220-3570,2220-3570,generic.v1,PROFILE_MISSING,2,authorized_supplier_price_list,/home/shebahati/KaZar/Product and Data Complete/اندازه گیری/داسکوا/لیست قیمت داسکوا +10 درصد.pdf,tier1_3_registry_match,c589df1dc02df10f5405c6b98b5a5970b00db193891be082d7ae8406888478df,2220-3570,BACKFILL_EXACT,
1242,2220-8103,کولیس اندازه گی — 0-500mm/4-20,2220-8103,4,Dasqua | داسکوا,,,,,2220-8103,2220-8103,generic.v1,PROFILE_MISSING,2,authorized_supplier_price_list,/home/shebahati/KaZar/Product and Data Complete/اندازه گیری/داسکوا/لیست قیمت داسکوا +10 درصد.pdf,tier1_3_registry_match,c589df1dc02df10f5405c6b98b5a5970b00db193891be082d7ae8406888478df,2220-8103,BACKFILL_EXACT,
1243,2220-8104,کولیس دیجیتال فک بلند استنلس استیل IP54خروج — 0-200mm/0-8,2220-8104,4,Dasqua | داسکوا,,,,,2220-8104,2220-8104,generic.v1,PROFILE_MISSING,2,authorized_supplier_price_list,/home/shebahati/KaZar/Product and Data Complete/اندازه گیری/داسکوا/لیست قیمت داسکوا +10 درصد.pdf,tier1_3_registry_match,c589df1dc02df10f5405c6b98b5a5970b00db193891be082d7ae8406888478df,2220-8104,BACKFILL_EXACT,
1244,2220-8105,کولیس دیجیتال فک بلند استنلس استیل IP54خروج — 0-300mm/0-12,2220-8105,4,Dasqua | داسکوا,,,,,2220-8105,2220-8105,generic.v1,PROFILE_MISSING,2,authorized_supplier_price_list,/home/shebahati/KaZar/Product and Data Complete/اندازه گیری/داسکوا/لیست قیمت داسکوا +10 درصد.pdf,tier1_3_registry_match,c589df1dc02df10f5405c6b98b5a5970b00db193891be082d7ae8406888478df,2220-8105,BACKFILL_EXACT,
1245,2220-8110,کولیس دیجیتال فک بلند استنلس استیل IP54خروج — 0-500mm/0-20,2220-8110,4,Dasqua | داسکوا,,,,,2220-8110,2220-8110,generic.v1,PROFILE_MISSING,2,authorized_supplier_price_list,/home/shebahati/KaZar/Product and Data Complete/اندازه گیری/داسکوا/لیست قیمت داسکوا +10 درصد.pdf,tier1_3_registry_match,c589df1dc02df10f5405c6b98b5a5970b00db193891be082d7ae8406888478df,2220-8110,BACKFILL_EXACT,
1246,2220-8115,کولیس دیجیتال فک بلند استنلس استیل IP54خروج — 0-1000mm/0-40,2220-8115,4,Dasqua | داسکوا,,,,,2220-8115,2220-8115,generic.v1,PROFILE_MISSING,2,authorized_supplier_price_list,/home/shebahati/KaZar/Product and Data Complete/اندازه گیری/داسکوا/لیست قیمت داسکوا +10 درصد.pdf,tier1_3_registry_match,c589df1dc02df10f5405c6b98b5a5970b00db193891be082d7ae8406888478df,2220-8115,BACKFILL_EXACT,
1247,2220-8117,کولیس دیجیتال فک بلند استنلس استیل IP54خروج — 0-500mm/0-20,2220-8117,4,Dasqua | داسکوا,,,,,2220-8117,2220-8117,generic.v1,PROFILE_MISSING,2,authorized_supplier_price_list,/home/shebahati/KaZar/Product and Data Complete/اندازه گیری/داسکوا/لیست قیمت داسکوا +10 درصد.pdf,tier1_3_registry_match,c589df1dc02df10f5405c6b98b5a5970b00db193891be082d7ae8406888478df,2220-8117,BACKFILL_EXACT,
1248,2220-8130,کولیس دیجیتال فک بلند استنلس استیل IP54خروج — 0-1000mm/0-40,2220-8130,4,Dasqua | داسکوا,,,,,2220-8130,2220-8130,generic.v1,PROFILE_MISSING,2,authorized_supplier_price_list,/home/shebahati/KaZar/Product and Data Complete/اندازه گیری/داسکوا/لیست قیمت داسکوا +10 درصد.pdf,tier1_3_registry_match,c589df1dc02df10f5405c6b98b5a5970b00db193891be082d7ae8406888478df,2220-8130,BACKFILL_EXACT,
1249,2220-8135,کولیس دیجیتال فک بلند استنلس استیل IP54خروج — 0-1000mm/0-40,2220-8135,4,Dasqua | داسکوا,,,,,2220-8135,2220-8135,generic.v1,PROFILE_MISSING,2,authorized_supplier_price_list,/home/shebahati/KaZar/Product and Data Complete/اندازه گیری/داسکوا/لیست قیمت داسکوا +10 درصد.pdf,tier1_3_registry_match,c589df1dc02df10f5405c6b98b5a5970b00db193891be082d7ae8406888478df,2220-8135,BACKFILL_EXACT,
1250,2220-8150,کولیس دیجیتال فک بلند استنلس استیل IP54خروج — 0-600mm/0-24,2220-8150,4,Dasqua | داسکوا,,,,,2220-8150,2220-8150,generic.v1,PROFILE_MISSING,2,authorized_supplier_price_list,/home/shebahati/KaZar/Product and Data Complete/اندازه گیری/داسکوا/لیست قیمت داسکوا +10 درصد.pdf,tier1_3_registry_match,c589df1dc02df10f5405c6b98b5a5970b00db193891be082d7ae8406888478df,2220-8150,BACKFILL_EXACT,
1251,2220-8155,کولیس دیجیتال فک بلند استنلس استیل IP54خروج — 0-800mm/0-32,2220-8155,4,Dasqua | داسکوا,,,,,2220-8155,2220-8155,generic.v1,PROFILE_MISSING,2,authorized_supplier_price_list,/home/shebahati/KaZar/Product and Data Complete/اندازه گیری/داسکوا/لیست قیمت داسکوا +10 درصد.pdf,tier1_3_registry_match,c589df1dc02df10f5405c6b98b5a5970b00db193891be082d7ae8406888478df,2220-8155,BACKFILL_EXACT,
1252,2220-8170,کولیس دیجیتال فک بلند استنلس استیل IP54خروج — 0-300mm/0-12,2220-8170,4,Dasqua | داسکوا,,,,,2220-8170,2220-8170,generic.v1,PROFILE_MISSING,2,authorized_supplier_price_list,/home/shebahati/KaZar/Product and Data Complete/اندازه گیری/داسکوا/لیست قیمت داسکوا +10 درصد.pdf,tier1_3_registry_match,c589df1dc02df10f5405c6b98b5a5970b00db193891be082d7ae8406888478df,2220-8170,BACKFILL_EXACT,
1253,2220-8175,کولیس دیجیتال فک بلند استنلس استیل IP54خروج — 0-500mm/0-20,2220-8175,4,Dasqua | داسکوا,,,,,2220-8175,2220-8175,generic.v1,PROFILE_MISSING,2,authorized_supplier_price_list,/home/shebahati/KaZar/Product and Data Complete/اندازه گیری/داسکوا/لیست قیمت داسکوا +10 درصد.pdf,tier1_3_registry_match,c589df1dc02df10f5405c6b98b5a5970b00db193891be082d7ae8406888478df,2220-8175,BACKFILL_EXACT,
1254,2220-8180,کولیس دیجیتال فک بلند استنلس استیل IP54خروج — 0-500mm/0-20,2220-8180,4,Dasqua | داسکوا,,,,,2220-8180,2220-8180,generic.v1,PROFILE_MISSING,2,authorized_supplier_price_list,/home/shebahati/KaZar/Product and Data Complete/اندازه گیری/داسکوا/لیست قیمت داسکوا +10 درصد.pdf,tier1_3_registry_match,c589df1dc02df10f5405c6b98b5a5970b00db193891be082d7ae8406888478df,2220-8180,BACKFILL_EXACT,
1255,2220-8185,کولیس دیجیتال فک بلند استنلس استیل IP54خروج — 0-500mm/0-20,2220-8185,4,Dasqua | داسکوا,,,,,2220-8185,2220-8185,generic.v1,PROFILE_MISSING,2,authorized_supplier_price_list,/home/shebahati/KaZar/Product and Data Complete/اندازه گیری/داسکوا/لیست قیمت داسکوا +10 درصد.pdf,tier1_3_registry_match,c589df1dc02df10f5405c6b98b5a5970b00db193891be082d7ae8406888478df,2220-8185,BACKFILL_EXACT,
1256,2220-8190,کولیس دیجیتال فک بلند استنلس استیل IP54خروج — 0-600mm/0-24,2220-8190,4,Dasqua | داسکوا,,,,,2220-8190,2220-8190,generic.v1,PROFILE_MISSING,2,authorized_supplier_price_list,/home/shebahati/KaZar/Product and Data Complete/اندازه گیری/داسکوا/لیست قیمت داسکوا +10 درصد.pdf,tier1_3_registry_match,c589df1dc02df10f5405c6b98b5a5970b00db193891be082d7ae8406888478df,2220-8190,BACKFILL_EXACT,
1257,2220-8200,کولیس دیجیتال فک بلند استنلس استیل IP54خروج — 0-600mm/0-24,2220-8200,4,Dasqua | داسکوا,,,,,2220-8200,2220-8200,generic.v1,PROFILE_MISSING,2,authorized_supplier_price_list,/home/shebahati/KaZar/Product and Data Complete/اندازه گیری/داسکوا/لیست قیمت داسکوا +10 درصد.pdf,tier1_3_registry_match,c589df1dc02df10f5405c6b98b5a5970b00db193891be082d7ae8406888478df,2220-8200,BACKFILL_EXACT,
1258,2220-8205,کولیس دیجیتال فک بلند استنلس استیل IP54خروج — 0-600mm/0-24,2220-8205,4,Dasqua | داسکوا,,,,,2220-8205,2220-8205,generic.v1,PROFILE_MISSING,2,authorized_supplier_price_list,/home/shebahati/KaZar/Product and Data Complete/اندازه گیری/داسکوا/لیست قیمت داسکوا +10 درصد.pdf,tier1_3_registry_match,c589df1dc02df10f5405c6b98b5a5970b00db193891be082d7ae8406888478df,2220-8205,BACKFILL_EXACT,
1259,2220-8210,کولیس دیجیتال فک بلند استنلس استیل IP54خروج — 0-600mm/0-24,2220-8210,4,Dasqua | داسکوا,,,,,2220-8210,2220-8210,generic.v1,PROFILE_MISSING,2,authorized_supplier_price_list,/home/shebahati/KaZar/Product and Data Complete/اندازه گیری/داسکوا/لیست قیمت داسکوا +10 درصد.pdf,tier1_3_registry_match,c589df1dc02df10f5405c6b98b5a5970b00db193891be082d7ae8406888478df,2220-8210,BACKFILL_EXACT,
1260,2220-8215,کولیس دیجیتال فک بلند استنلس استیل IP54خروج — 0-800mm/0-32,2220-8215,4,Dasqua | داسکوا,,,,,2220-8215,2220-8215,generic.v1,PROFILE_MISSING,2,authorized_supplier_price_list,/home/shebahati/KaZar/Product and Data Complete/اندازه گیری/داسکوا/لیست قیمت داسکوا +10 درصد.pdf,tier1_3_registry_match,c589df1dc02df10f5405c6b98b5a5970b00db193891be082d7ae8406888478df,2220-8215,BACKFILL_EXACT,
1261,2220-8220,کولیس دیجیتال فک بلند استنلس استیل IP54خروج — 0-800mm/0-32,2220-8220,4,Dasqua | داسکوا,,,,,2220-8220,2220-8220,generic.v1,PROFILE_MISSING,2,authorized_supplier_price_list,/home/shebahati/KaZar/Product and Data Complete/اندازه گیری/داسکوا/لیست قیمت داسکوا +10 درصد.pdf,tier1_3_registry_match,c589df1dc02df10f5405c6b98b5a5970b00db193891be082d7ae8406888478df,2220-8220,BACKFILL_EXACT,
1262,2220-8225,کولیس دیجیتال فک بلند استنلس استیل IP54خروج — 0-1000mm/0-40,2220-8225,4,Dasqua | داسکوا,,,,,2220-8225,2220-8225,generic.v1,PROFILE_MISSING,2,authorized_supplier_price_list,/home/shebahati/KaZar/Product and Data Complete/اندازه گیری/داسکوا/لیست قیمت داسکوا +10 درصد.pdf,tier1_3_registry_match,c589df1dc02df10f5405c6b98b5a5970b00db193891be082d7ae8406888478df,2220-8225,BACKFILL_EXACT,
1263,2220-8230,کولیس دیجیتال فک بلند استنلس استیل IP54خروج — 0-1000mm/0-40,2220-8230,4,Dasqua | داسکوا,,,,,2220-8230,2220-8230,generic.v1,PROFILE_MISSING,2,authorized_supplier_price_list,/home/shebahati/KaZar/Product and Data Complete/اندازه گیری/داسکوا/لیست قیمت داسکوا +10 درصد.pdf,tier1_3_registry_match,c589df1dc02df10f5405c6b98b5a5970b00db193891be082d7ae8406888478df,2220-8230,BACKFILL_EXACT,
1264,2240-0025,کولیس اندازه گی — 0-25mm,2240-0025,4,Dasqua | داسکوا,,,,,2240-0025,2240-0025,generic.v1,PROFILE_MISSING,2,authorized_supplier_price_list,/home/shebahati/KaZar/Product and Data Complete/اندازه گیری/داسکوا/لیست قیمت داسکوا +10 درصد.pdf,tier1_3_registry_match,c589df1dc02df10f5405c6b98b5a5970b00db193891be082d7ae8406888478df,2240-0025,BACKFILL_EXACT,
1265,2240-0026,کولیس اندازه گی — 0-200mm/ -8,2240-0026,4,Dasqua | داسکوا,,,,,2240-0026,2240-0026,generic.v1,PROFILE_MISSING,2,authorized_supplier_price_list,/home/shebahati/KaZar/Product and Data Complete/اندازه گیری/داسکوا/لیست قیمت داسکوا +10 درصد.pdf,tier1_3_registry_match,c589df1dc02df10f5405c6b98b5a5970b00db193891be082d7ae8406888478df,2240-0026,BACKFILL_EXACT,
1266,2240-0027,کولیس اندازه گی — 0-300mm/ -12,2240-0027,4,Dasqua | داسکوا,,,,,2240-0027,2240-0027,generic.v1,PROFILE_MISSING,2,authorized_supplier_price_list,/home/shebahati/KaZar/Product and Data Complete/اندازه گیری/داسکوا/لیست قیمت داسکوا +10 درصد.pdf,tier1_3_registry_match,c589df1dc02df10f5405c6b98b5a5970b00db193891be082d7ae8406888478df,2240-0027,BACKFILL_EXACT,
1267,2250-2105,کولیس عمق سنج دیجیتال با نوک — 0-150mm/0-6,2250-2105,4,Dasqua | داسکوا,,,,,2250-2105,2250-2105,generic.v1,PROFILE_MISSING,2,authorized_supplier_price_list,/home/shebahati/KaZar/Product and Data Complete/اندازه گیری/داسکوا/لیست قیمت داسکوا +10 درصد.pdf,tier1_3_registry_match,c589df1dc02df10f5405c6b98b5a5970b00db193891be082d7ae8406888478df,2250-2105,BACKFILL_EXACT,
1268,2345-4005,ست 4عددي زاويه كوليس ديجيتال -پالستيیکي ،عمق سنج ديجيتال،تراز ديجيتال,2345-4005,4,Dasqua | داسکوا,,,,,2345-4005,2345-4005,generic.v1,PROFILE_MISSING,2,authorized_supplier_price_list,/home/shebahati/KaZar/Product and Data Complete/اندازه گیری/داسکوا/لیست قیمت داسکوا +10 درصد.pdf,tier1_3_registry_match,c589df1dc02df10f5405c6b98b5a5970b00db193891be082d7ae8406888478df,2345-4005,BACKFILL_EXACT,
1269,2346-1015,پی گیج 51عددی 20 — 0-1015mm,2346-1015,4,Dasqua | داسکوا,,,,,2346-1015,2346-1015,generic.v1,PROFILE_MISSING,2,authorized_supplier_price_list,/home/shebahati/KaZar/Product and Data Complete/اندازه گیری/داسکوا/لیست قیمت داسکوا +10 درصد.pdf,tier1_3_registry_match,c589df1dc02df10f5405c6b98b5a5970b00db193891be082d7ae8406888478df,2346-1015,BACKFILL_EXACT,
1270,2406-1005,کولیس دیجیتال فک کارباید — 0-150mm,2406-1005,4,Dasqua | داسکوا,,,,,2406-1005,2406-1005,generic.v1,PROFILE_MISSING,2,authorized_supplier_price_list,/home/shebahati/KaZar/Product and Data Complete/اندازه گیری/داسکوا/لیست قیمت داسکوا +10 درصد.pdf,tier1_3_registry_match,c589df1dc02df10f5405c6b98b5a5970b00db193891be082d7ae8406888478df,2406-1005,BACKFILL_EXACT,
1271,2406-1010,کولیس دیجیتال فک کارباید — 0-200mm,2406-1010,4,Dasqua | داسکوا,,,,,2406-1010,2406-1010,generic.v1,PROFILE_MISSING,2,authorized_supplier_price_list,/home/shebahati/KaZar/Product and Data Complete/اندازه گیری/داسکوا/لیست قیمت داسکوا +10 درصد.pdf,tier1_3_registry_match,c589df1dc02df10f5405c6b98b5a5970b00db193891be082d7ae8406888478df,2406-1010,BACKFILL_EXACT,
1272,2410-8105,کولیس دیجیتال صفحه نمایش بزرگ — 0-150mm,2410-8105,4,Dasqua | داسکوا,,,,,2410-8105,2410-8105,generic.v1,PROFILE_MISSING,2,authorized_supplier_price_list,/home/shebahati/KaZar/Product and Data Complete/اندازه گیری/داسکوا/لیست قیمت داسکوا +10 درصد.pdf,tier1_3_registry_match,c589df1dc02df10f5405c6b98b5a5970b00db193891be082d7ae8406888478df,2410-8105,BACKFILL_EXACT,
1273,2410-8110,کولیس دیجیتال صفحه نمایش بزرگ — 0-200mm,2410-8110,4,Dasqua | داسکوا,,,,,2410-8110,2410-8110,generic.v1,PROFILE_MISSING,2,authorized_supplier_price_list,/home/shebahati/KaZar/Product and Data Complete/اندازه گیری/داسکوا/لیست قیمت داسکوا +10 درصد.pdf,tier1_3_registry_match,c589df1dc02df10f5405c6b98b5a5970b00db193891be082d7ae8406888478df,2410-8110,BACKFILL_EXACT,
1274,2570-5105,کولیس اندازه گی — 0-150mm/ -6,2570-5105,4,Dasqua | داسکوا,,,,,2570-5105,2570-5105,generic.v1,PROFILE_MISSING,2,authorized_supplier_price_list,/home/shebahati/KaZar/Product and Data Complete/اندازه گیری/داسکوا/لیست قیمت داسکوا +10 درصد.pdf,tier1_3_registry_match,c589df1dc02df10f5405c6b98b5a5970b00db193891be082d7ae8406888478df,2570-5105,BACKFILL_EXACT,
1275,2570-5110,کولیس اندازه ر,2570-5110,4,Dasqua | داسکوا,,,,,2570-5110,2570-5110,generic.v1,PROFILE_MISSING,2,authorized_supplier_price_list,/home/shebahati/KaZar/Product and Data Complete/اندازه گیری/داسکوا/لیست قیمت داسکوا +10 درصد.pdf,tier1_3_registry_match,c589df1dc02df10f5405c6b98b5a5970b00db193891be082d7ae8406888478df,2570-5110,BACKFILL_EXACT,
1276,2570-5115,کولیس اندازه ر,2570-5115,4,Dasqua | داسکوا,,,,,2570-5115,2570-5115,generic.v1,PROFILE_MISSING,2,authorized_supplier_price_list,/home/shebahati/KaZar/Product and Data Complete/اندازه گیری/داسکوا/لیست قیمت داسکوا +10 درصد.pdf,tier1_3_registry_match,c589df1dc02df10f5405c6b98b5a5970b00db193891be082d7ae8406888478df,2570-5115,BACKFILL_EXACT,
1277,2610-8105,کولیس دیجیتال ضد آب صفحه — 0-150mm,2610-8105,4,Dasqua | داسکوا,,,,,2610-8105,2610-8105,generic.v1,PROFILE_MISSING,2,authorized_supplier_price_list,/home/shebahati/KaZar/Product and Data Complete/اندازه گیری/داسکوا/لیست قیمت داسکوا +10 درصد.pdf,tier1_3_registry_match,c589df1dc02df10f5405c6b98b5a5970b00db193891be082d7ae8406888478df,2610-8105,BACKFILL_EXACT,
1278,2710-1105,کولیس ورنیه دو فک بلند — 0-300mm,2710-1105,4,Dasqua | داسکوا,,,,,2710-1105,2710-1105,generic.v1,PROFILE_MISSING,2,authorized_supplier_price_list,/home/shebahati/KaZar/Product and Data Complete/اندازه گیری/داسکوا/لیست قیمت داسکوا +10 درصد.pdf,tier1_3_registry_match,c589df1dc02df10f5405c6b98b5a5970b00db193891be082d7ae8406888478df,2710-1105,BACKFILL_EXACT,
1279,2805-0005,کولیس خط ی — 0-200mm,2805-0005,4,Dasqua | داسکوا,,,,,2805-0005,2805-0005,generic.v1,PROFILE_MISSING,2,authorized_supplier_price_list,/home/shebahati/KaZar/Product and Data Complete/اندازه گیری/داسکوا/لیست قیمت داسکوا +10 درصد.pdf,tier1_3_registry_match,c589df1dc02df10f5405c6b98b5a5970b00db193891be082d7ae8406888478df,2805-0005,BACKFILL_EXACT,
1280,3001-0105,/0- کولیس پایه دار (ارتفاع سنج )استنلس — 0-300mm,3001-0105,4,Dasqua | داسکوا,,,,,3001-0105,3001-0105,generic.v1,PROFILE_MISSING,2,authorized_supplier_price_list,/home/shebahati/KaZar/Product and Data Complete/اندازه گیری/داسکوا/لیست قیمت داسکوا +10 درصد.pdf,tier1_3_registry_match,c589df1dc02df10f5405c6b98b5a5970b00db193891be082d7ae8406888478df,3001-0105,BACKFILL_EXACT,
1281,3001-0120,/0- کولیس پایه دار (ارتفاع سنج )استنلس — 0-600mm,3001-0120,4,Dasqua | داسکوا,,,,,3001-0120,3001-0120,generic.v1,PROFILE_MISSING,2,authorized_supplier_price_list,/home/shebahati/KaZar/Product and Data Complete/اندازه گیری/داسکوا/لیست قیمت داسکوا +10 درصد.pdf,tier1_3_registry_match,c589df1dc02df10f5405c6b98b5a5970b00db193891be082d7ae8406888478df,3001-0120,BACKFILL_EXACT,
1282,3001-0125,/0- کولیس پایه دار (ارتفاع سنج )استنلس — 0-1000mm,3001-0125,4,Dasqua | داسکوا,,,,,3001-0125,3001-0125,generic.v1,PROFILE_MISSING,2,authorized_supplier_price_list,/home/shebahati/KaZar/Product and Data Complete/اندازه گیری/داسکوا/لیست قیمت داسکوا +10 درصد.pdf,tier1_3_registry_match,c589df1dc02df10f5405c6b98b5a5970b00db193891be082d7ae8406888478df,3001-0125,BACKFILL_EXACT,
1283,3001-1001,دنباله عمق سنج کولیس — 0-1001mm,3001-1001,4,Dasqua | داسکوا,,,,,3001-1001,3001-1001,generic.v1,PROFILE_MISSING,2,authorized_supplier_price_list,/home/shebahati/KaZar/Product and Data Complete/اندازه گیری/داسکوا/لیست قیمت داسکوا +10 درصد.pdf,tier1_3_registry_match,c589df1dc02df10f5405c6b98b5a5970b00db193891be082d7ae8406888478df,3001-1001,BACKFILL_EXACT,
1287,3004-0003,ساعتي -ديجيتال شارژی كوليس — 0-150mm,3004-0003,4,Dasqua | داسکوا,,,,,3004-0003,3004-0003,generic.v1,PROFILE_MISSING,2,authorized_supplier_price_list,/home/shebahati/KaZar/Product and Data Complete/اندازه گیری/داسکوا/لیست قیمت داسکوا +10 درصد.pdf,tier1_3_registry_match,c589df1dc02df10f5405c6b98b5a5970b00db193891be082d7ae8406888478df,3004-0003,BACKFILL_EXACT,
1288,3004-0005,ساعتي -ديجيتال كوليس پورتابل — 0-150mm,3004-0005,4,Dasqua | داسکوا,,,,,3004-0005,3004-0005,generic.v1,PROFILE_MISSING,2,authorized_supplier_price_list,/home/shebahati/KaZar/Product and Data Complete/اندازه گیری/داسکوا/لیست قیمت داسکوا +10 درصد.pdf,tier1_3_registry_match,c589df1dc02df10f5405c6b98b5a5970b00db193891be082d7ae8406888478df,3004-0005,BACKFILL_EXACT,
1289,3004-1005,كوليس پورتابل ساعت — 0-200mm,3004-1005,4,Dasqua | داسکوا,,,,,3004-1005,3004-1005,generic.v1,PROFILE_MISSING,2,authorized_supplier_price_list,/home/shebahati/KaZar/Product and Data Complete/اندازه گیری/داسکوا/لیست قیمت داسکوا +10 درصد.pdf,tier1_3_registry_match,c589df1dc02df10f5405c6b98b5a5970b00db193891be082d7ae8406888478df,3004-1005,BACKFILL_EXACT,
1290,3004-2005,كوليس پورتابل ساعت — 0-300mm,3004-2005,4,Dasqua | داسکوا,,,,,3004-2005,3004-2005,generic.v1,PROFILE_MISSING,2,authorized_supplier_price_list,/home/shebahati/KaZar/Product and Data Complete/اندازه گیری/داسکوا/لیست قیمت داسکوا +10 درصد.pdf,tier1_3_registry_match,c589df1dc02df10f5405c6b98b5a5970b00db193891be082d7ae8406888478df,3004-2005,BACKFILL_EXACT,
1293,3130-8115,كوليس پايه دار ديجيتال (ارتفاع -سنج) — 0-300mm,3130-8115,4,Dasqua | داسکوا,,,,,3130-8115,3130-8115,generic.v1,PROFILE_MISSING,2,authorized_supplier_price_list,/home/shebahati/KaZar/Product and Data Complete/اندازه گیری/داسکوا/لیست قیمت داسکوا +10 درصد.pdf,tier1_3_registry_match,c589df1dc02df10f5405c6b98b5a5970b00db193891be082d7ae8406888478df,3130-8115,BACKFILL_EXACT,
1294,3130-8119,کولیس پایه دار (ارتفاع سنج) دیجیتال — 0-300mm/0-12,3130-8119,4,Dasqua | داسکوا,,,,,3130-8119,3130-8119,generic.v1,PROFILE_MISSING,2,authorized_supplier_price_list,/home/shebahati/KaZar/Product and Data Complete/اندازه گیری/داسکوا/لیست قیمت داسکوا +10 درصد.pdf,tier1_3_registry_match,c589df1dc02df10f5405c6b98b5a5970b00db193891be082d7ae8406888478df,3130-8119,BACKFILL_EXACT,
1295,3130-8120,کولیس پایه دار (ارتفاع سنج) دیجیتال — 0-500mm/0-20,3130-8120,4,Dasqua | داسکوا,,,,,3130-8120,3130-8120,generic.v1,PROFILE_MISSING,2,authorized_supplier_price_list,/home/shebahati/KaZar/Product and Data Complete/اندازه گیری/داسکوا/لیست قیمت داسکوا +10 درصد.pdf,tier1_3_registry_match,c589df1dc02df10f5405c6b98b5a5970b00db193891be082d7ae8406888478df,3130-8120,BACKFILL_EXACT,
1296,3130-8125,کولیس پایه دار (ارتفاع سنج) دیجیتال — 0-600mm/0-24,3130-8125,4,Dasqua | داسکوا,,,,,3130-8125,3130-8125,generic.v1,PROFILE_MISSING,2,authorized_supplier_price_list,/home/shebahati/KaZar/Product and Data Complete/اندازه گیری/داسکوا/لیست قیمت داسکوا +10 درصد.pdf,tier1_3_registry_match,c589df1dc02df10f5405c6b98b5a5970b00db193891be082d7ae8406888478df,3130-8125,BACKFILL_EXACT,
1297,3130-8130,کولیس پایه دار (ارتفاع سنج) دیجیتال — 0-1000mm/0-40,3130-8130,4,Dasqua | داسکوا,,,,,3130-8130,3130-8130,generic.v1,PROFILE_MISSING,2,authorized_supplier_price_list,/home/shebahati/KaZar/Product and Data Complete/اندازه گیری/داسکوا/لیست قیمت داسکوا +10 درصد.pdf,tier1_3_registry_match,c589df1dc02df10f5405c6b98b5a5970b00db193891be082d7ae8406888478df,3130-8130,BACKFILL_EXACT,
1298,3221-1105,کولیس ارتفاع سنج ساعت — 0-300mm,3221-1105,4,Dasqua | داسکوا,,,,,3221-1105,3221-1105,generic.v1,PROFILE_MISSING,2,authorized_supplier_price_list,/home/shebahati/KaZar/Product and Data Complete/اندازه گیری/داسکوا/لیست قیمت داسکوا +10 درصد.pdf,tier1_3_registry_match,c589df1dc02df10f5405c6b98b5a5970b00db193891be082d7ae8406888478df,3221-1105,BACKFILL_EXACT,
1302,3430-4110,کولیس پایه دار (ارتفاع سنج) دیجیتال — 0-300mm/0-12,3430-4110,4,Dasqua | داسکوا,,,,,3430-4110,3430-4110,generic.v1,PROFILE_MISSING,2,authorized_supplier_price_list,/home/shebahati/KaZar/Product and Data Complete/اندازه گیری/داسکوا/لیست قیمت داسکوا +10 درصد.pdf,tier1_3_registry_match,c589df1dc02df10f5405c6b98b5a5970b00db193891be082d7ae8406888478df,3430-4110,BACKFILL_EXACT,
1303,3430-4115,کولیس پایه دار (ارتفاع سنج) دیجیتال — 0-500mm/0-20,3430-4115,4,Dasqua | داسکوا,,,,,3430-4115,3430-4115,generic.v1,PROFILE_MISSING,2,authorized_supplier_price_list,/home/shebahati/KaZar/Product and Data Complete/اندازه گیری/داسکوا/لیست قیمت داسکوا +10 درصد.pdf,tier1_3_registry_match,c589df1dc02df10f5405c6b98b5a5970b00db193891be082d7ae8406888478df,3430-4115,BACKFILL_EXACT,
1304,3430-4120,کولیس پایه دار (ارتفاع سنج) دیجیتال — 0-600mm/0-24,3430-4120,4,Dasqua | داسکوا,,,,,3430-4120,3430-4120,generic.v1,PROFILE_MISSING,2,authorized_supplier_price_list,/home/shebahati/KaZar/Product and Data Complete/اندازه گیری/داسکوا/لیست قیمت داسکوا +10 درصد.pdf,tier1_3_registry_match,c589df1dc02df10f5405c6b98b5a5970b00db193891be082d7ae8406888478df,3430-4120,BACKFILL_EXACT,
1305,3530-0005,کولیس پایه دار (ارتفاع سنج) دیجیتال — 0-300mm/0-12,3530-0005,4,Dasqua | داسکوا,,,,,3530-0005,3530-0005,generic.v1,PROFILE_MISSING,2,authorized_supplier_price_list,/home/shebahati/KaZar/Product and Data Complete/اندازه گیری/داسکوا/لیست قیمت داسکوا +10 درصد.pdf,tier1_3_registry_match,c589df1dc02df10f5405c6b98b5a5970b00db193891be082d7ae8406888478df,3530-0005,BACKFILL_EXACT,
1306,3530-0010,کولیس پایه دار (ارتفاع سنج) دیجیتال — 0-600mm/0-24,3530-0010,4,Dasqua | داسکوا,,,,,3530-0010,3530-0010,generic.v1,PROFILE_MISSING,2,authorized_supplier_price_list,/home/shebahati/KaZar/Product and Data Complete/اندازه گیری/داسکوا/لیست قیمت داسکوا +10 درصد.pdf,tier1_3_registry_match,c589df1dc02df10f5405c6b98b5a5970b00db193891be082d7ae8406888478df,3530-0010,BACKFILL_EXACT,
1307,4005-0090,/ میکرومی داخل سنج دیجیتال دو فک ی — 0-125mm/4-5,4005-0090,4,Dasqua | داسکوا,,,,,4005-0090,4005-0090,generic.v1,PROFILE_MISSING,2,authorized_supplier_price_list,/home/shebahati/KaZar/Product and Data Complete/اندازه گیری/داسکوا/لیست قیمت داسکوا +10 درصد.pdf,tier1_3_registry_match,c589df1dc02df10f5405c6b98b5a5970b00db193891be082d7ae8406888478df,4005-0090,BACKFILL_EXACT,
1308,4005-0095,/ میکرومی داخل سنج دیجیتال دو فک ی — 0-95mm,4005-0095,4,Dasqua | داسکوا,,,,,4005-0095,4005-0095,generic.v1,PROFILE_MISSING,2,authorized_supplier_price_list,/home/shebahati/KaZar/Product and Data Complete/اندازه گیری/داسکوا/لیست قیمت داسکوا +10 درصد.pdf,tier1_3_registry_match,c589df1dc02df10f5405c6b98b5a5970b00db193891be082d7ae8406888478df,4005-0095,BACKFILL_EXACT,
1309,4005-0100,/ میکرومی داخل سنج دیجیتال دو فک ی — 0-175mm/6-7,4005-0100,4,Dasqua | داسکوا,,,,,4005-0100,4005-0100,generic.v1,PROFILE_MISSING,2,authorized_supplier_price_list,/home/shebahati/KaZar/Product and Data Complete/اندازه گیری/داسکوا/لیست قیمت داسکوا +10 درصد.pdf,tier1_3_registry_match,c589df1dc02df10f5405c6b98b5a5970b00db193891be082d7ae8406888478df,4005-0100,BACKFILL_EXACT,
1310,4107-1005,میکرومی پیچ (رزوه) با ست پراپ 10 — 0-25mm,4107-1005,4,Dasqua | داسکوا,,,,,4107-1005,4107-1005,generic.v1,PROFILE_MISSING,2,authorized_supplier_price_list,/home/shebahati/KaZar/Product and Data Complete/اندازه گیری/داسکوا/لیست قیمت داسکوا +10 درصد.pdf,tier1_3_registry_match,c589df1dc02df10f5405c6b98b5a5970b00db193891be082d7ae8406888478df,4107-1005,BACKFILL_EXACT,
1311,4111-5205,میکرومی خارج 1 — 0-25mm,4111-5205,4,Dasqua | داسکوا,,,,,4111-5205,4111-5205,generic.v1,PROFILE_MISSING,2,authorized_supplier_price_list,/home/shebahati/KaZar/Product and Data Complete/اندازه گیری/داسکوا/لیست قیمت داسکوا +10 درصد.pdf,tier1_3_registry_match,c589df1dc02df10f5405c6b98b5a5970b00db193891be082d7ae8406888478df,4111-5205,BACKFILL_EXACT,
1312,4111-8102,میکرومی دیسیک — 0-25mm,4111-8102,4,Dasqua | داسکوا,,,,,4111-8102,4111-8102,generic.v1,PROFILE_MISSING,2,authorized_supplier_price_list,/home/shebahati/KaZar/Product and Data Complete/اندازه گیری/داسکوا/لیست قیمت داسکوا +10 درصد.pdf,tier1_3_registry_match,c589df1dc02df10f5405c6b98b5a5970b00db193891be082d7ae8406888478df,4111-8102,BACKFILL_EXACT,
1313,4111-8104,میکرومی دیسیک 1,4111-8104,4,Dasqua | داسکوا,,,,,4111-8104,4111-8104,generic.v1,PROFILE_MISSING,2,authorized_supplier_price_list,/home/shebahati/KaZar/Product and Data Complete/اندازه گیری/داسکوا/لیست قیمت داسکوا +10 درصد.pdf,tier1_3_registry_match,c589df1dc02df10f5405c6b98b5a5970b00db193891be082d7ae8406888478df,4111-8104,BACKFILL_EXACT,
1314,4111-8105,میکرومی خارج — 0-25mm,4111-8105,4,Dasqua | داسکوا,,,,,4111-8105,4111-8105,generic.v1,PROFILE_MISSING,2,authorized_supplier_price_list,/home/shebahati/KaZar/Product and Data Complete/اندازه گیری/داسکوا/لیست قیمت داسکوا +10 درصد.pdf,tier1_3_registry_match,c589df1dc02df10f5405c6b98b5a5970b00db193891be082d7ae8406888478df,4111-8105,BACKFILL_EXACT,
1315,4111-8106,میکرومی دیسیک 2 — 0-75mm,4111-8106,4,Dasqua | داسکوا,,,,,4111-8106,4111-8106,generic.v1,PROFILE_MISSING,2,authorized_supplier_price_list,/home/shebahati/KaZar/Product and Data Complete/اندازه گیری/داسکوا/لیست قیمت داسکوا +10 درصد.pdf,tier1_3_registry_match,c589df1dc02df10f5405c6b98b5a5970b00db193891be082d7ae8406888478df,4111-8106,BACKFILL_EXACT,
1316,4111-8108,میکرومی دیسیک 3,4111-8108,4,Dasqua | داسکوا,,,,,4111-8108,4111-8108,generic.v1,PROFILE_MISSING,2,authorized_supplier_price_list,/home/shebahati/KaZar/Product and Data Complete/اندازه گیری/داسکوا/لیست قیمت داسکوا +10 درصد.pdf,tier1_3_registry_match,c589df1dc02df10f5405c6b98b5a5970b00db193891be082d7ae8406888478df,4111-8108,BACKFILL_EXACT,
1317,4111-8110,میکرومی خارج 2,4111-8110,4,Dasqua | داسکوا,,,,,4111-8110,4111-8110,generic.v1,PROFILE_MISSING,2,authorized_supplier_price_list,/home/shebahati/KaZar/Product and Data Complete/اندازه گیری/داسکوا/لیست قیمت داسکوا +10 درصد.pdf,tier1_3_registry_match,c589df1dc02df10f5405c6b98b5a5970b00db193891be082d7ae8406888478df,4111-8110,BACKFILL_EXACT,
1318,4111-8115,میکرومی خارج 3 — 0-75mm,4111-8115,4,Dasqua | داسکوا,,,,,4111-8115,4111-8115,generic.v1,PROFILE_MISSING,2,authorized_supplier_price_list,/home/shebahati/KaZar/Product and Data Complete/اندازه گیری/داسکوا/لیست قیمت داسکوا +10 درصد.pdf,tier1_3_registry_match,c589df1dc02df10f5405c6b98b5a5970b00db193891be082d7ae8406888478df,4111-8115,BACKFILL_EXACT,
1319,4111-8120,میکرومی خارج 4,4111-8120,4,Dasqua | داسکوا,,,,,4111-8120,4111-8120,generic.v1,PROFILE_MISSING,2,authorized_supplier_price_list,/home/shebahati/KaZar/Product and Data Complete/اندازه گیری/داسکوا/لیست قیمت داسکوا +10 درصد.pdf,tier1_3_registry_match,c589df1dc02df10f5405c6b98b5a5970b00db193891be082d7ae8406888478df,4111-8120,BACKFILL_EXACT,
1320,4111-8125,میکرومی خارج 5 — 0-125mm,4111-8125,4,Dasqua | داسکوا,,,,,4111-8125,4111-8125,generic.v1,PROFILE_MISSING,2,authorized_supplier_price_list,/home/shebahati/KaZar/Product and Data Complete/اندازه گیری/داسکوا/لیست قیمت داسکوا +10 درصد.pdf,tier1_3_registry_match,c589df1dc02df10f5405c6b98b5a5970b00db193891be082d7ae8406888478df,4111-8125,BACKFILL_EXACT,
1321,4111-8130,میکرومی خارج 6,4111-8130,4,Dasqua | داسکوا,,,,,4111-8130,4111-8130,generic.v1,PROFILE_MISSING,2,authorized_supplier_price_list,/home/shebahati/KaZar/Product and Data Complete/اندازه گیری/داسکوا/لیست قیمت داسکوا +10 درصد.pdf,tier1_3_registry_match,c589df1dc02df10f5405c6b98b5a5970b00db193891be082d7ae8406888478df,4111-8130,BACKFILL_EXACT,
1322,4111-8620,میکرومی دیسیک 3 — 0-125mm,4111-8620,4,Dasqua | داسکوا,,,,,4111-8620,4111-8620,generic.v1,PROFILE_MISSING,2,authorized_supplier_price_list,/home/shebahati/KaZar/Product and Data Complete/اندازه گیری/داسکوا/لیست قیمت داسکوا +10 درصد.pdf,tier1_3_registry_match,c589df1dc02df10f5405c6b98b5a5970b00db193891be082d7ae8406888478df,4111-8620,BACKFILL_EXACT,
1323,4111-8625,میکرومی دیسیک 3,4111-8625,4,Dasqua | داسکوا,,,,,4111-8625,4111-8625,generic.v1,PROFILE_MISSING,2,authorized_supplier_price_list,/home/shebahati/KaZar/Product and Data Complete/اندازه گیری/داسکوا/لیست قیمت داسکوا +10 درصد.pdf,tier1_3_registry_match,c589df1dc02df10f5405c6b98b5a5970b00db193891be082d7ae8406888478df,4111-8625,BACKFILL_EXACT,
1324,4111-8630,میکرومی دیسیک 3 — 0-175mm,4111-8630,4,Dasqua | داسکوا,,,,,4111-8630,4111-8630,generic.v1,PROFILE_MISSING,2,authorized_supplier_price_list,/home/shebahati/KaZar/Product and Data Complete/اندازه گیری/داسکوا/لیست قیمت داسکوا +10 درصد.pdf,tier1_3_registry_match,c589df1dc02df10f5405c6b98b5a5970b00db193891be082d7ae8406888478df,4111-8630,BACKFILL_EXACT,
1325,4111-8635,میکرومی دیسیک 7,4111-8635,4,Dasqua | داسکوا,,,,,4111-8635,4111-8635,generic.v1,PROFILE_MISSING,2,authorized_supplier_price_list,/home/shebahati/KaZar/Product and Data Complete/اندازه گیری/داسکوا/لیست قیمت داسکوا +10 درصد.pdf,tier1_3_registry_match,c589df1dc02df10f5405c6b98b5a5970b00db193891be082d7ae8406888478df,4111-8635,BACKFILL_EXACT,
1326,4111-8640,میکرومی دیسیک 8 — 0-225mm,4111-8640,4,Dasqua | داسکوا,,,,,4111-8640,4111-8640,generic.v1,PROFILE_MISSING,2,authorized_supplier_price_list,/home/shebahati/KaZar/Product and Data Complete/اندازه گیری/داسکوا/لیست قیمت داسکوا +10 درصد.pdf,tier1_3_registry_match,c589df1dc02df10f5405c6b98b5a5970b00db193891be082d7ae8406888478df,4111-8640,BACKFILL_EXACT,
1327,4111-8645,میکرومی دیسیک (بدون چرخش) 9,4111-8645,4,Dasqua | داسکوا,,,,,4111-8645,4111-8645,generic.v1,PROFILE_MISSING,2,authorized_supplier_price_list,/home/shebahati/KaZar/Product and Data Complete/اندازه گیری/داسکوا/لیست قیمت داسکوا +10 درصد.pdf,tier1_3_registry_match,c589df1dc02df10f5405c6b98b5a5970b00db193891be082d7ae8406888478df,4111-8645,BACKFILL_EXACT,
1328,4111-8650,میکرومی دیسیک (بدون چرخش) 10 — 0-275mm,4111-8650,4,Dasqua | داسکوا,,,,,4111-8650,4111-8650,generic.v1,PROFILE_MISSING,2,authorized_supplier_price_list,/home/shebahati/KaZar/Product and Data Complete/اندازه گیری/داسکوا/لیست قیمت داسکوا +10 درصد.pdf,tier1_3_registry_match,c589df1dc02df10f5405c6b98b5a5970b00db193891be082d7ae8406888478df,4111-8650,BACKFILL_EXACT,
1329,4111-8655,میکرومی دیسیک (بدون چرخش) 11,4111-8655,4,Dasqua | داسکوا,,,,,4111-8655,4111-8655,generic.v1,PROFILE_MISSING,2,authorized_supplier_price_list,/home/shebahati/KaZar/Product and Data Complete/اندازه گیری/داسکوا/لیست قیمت داسکوا +10 درصد.pdf,tier1_3_registry_match,c589df1dc02df10f5405c6b98b5a5970b00db193891be082d7ae8406888478df,4111-8655,BACKFILL_EXACT,
1330,4111-9105,میکرومی خارج — 0-25mm,4111-9105,4,Dasqua | داسکوا,,,,,4111-9105,4111-9105,generic.v1,PROFILE_MISSING,2,authorized_supplier_price_list,/home/shebahati/KaZar/Product and Data Complete/اندازه گیری/داسکوا/لیست قیمت داسکوا +10 درصد.pdf,tier1_3_registry_match,c589df1dc02df10f5405c6b98b5a5970b00db193891be082d7ae8406888478df,4111-9105,BACKFILL_EXACT,
1331,4111-9110,میکرومی خارج,4111-9110,4,Dasqua | داسکوا,,,,,4111-9110,4111-9110,generic.v1,PROFILE_MISSING,2,authorized_supplier_price_list,/home/shebahati/KaZar/Product and Data Complete/اندازه گیری/داسکوا/لیست قیمت داسکوا +10 درصد.pdf,tier1_3_registry_match,c589df1dc02df10f5405c6b98b5a5970b00db193891be082d7ae8406888478df,4111-9110,BACKFILL_EXACT,
1332,4111-9120,میکرومی خارج 2,4111-9120,4,Dasqua | داسکوا,,,,,4111-9120,4111-9120,generic.v1,PROFILE_MISSING,2,authorized_supplier_price_list,/home/shebahati/KaZar/Product and Data Complete/اندازه گیری/داسکوا/لیست قیمت داسکوا +10 درصد.pdf,tier1_3_registry_match,c589df1dc02df10f5405c6b98b5a5970b00db193891be082d7ae8406888478df,4111-9120,BACKFILL_EXACT,
1333,4111-9130,میکرومی خارج 3,4111-9130,4,Dasqua | داسکوا,,,,,4111-9130,4111-9130,generic.v1,PROFILE_MISSING,2,authorized_supplier_price_list,/home/shebahati/KaZar/Product and Data Complete/اندازه گیری/داسکوا/لیست قیمت داسکوا +10 درصد.pdf,tier1_3_registry_match,c589df1dc02df10f5405c6b98b5a5970b00db193891be082d7ae8406888478df,4111-9130,BACKFILL_EXACT,
1334,4112-7435,میکرومی خارج 7 — 0-175mm,4112-7435,4,Dasqua | داسکوا,,,,,4112-7435,4112-7435,generic.v1,PROFILE_MISSING,2,authorized_supplier_price_list,/home/shebahati/KaZar/Product and Data Complete/اندازه گیری/داسکوا/لیست قیمت داسکوا +10 درصد.pdf,tier1_3_registry_match,c589df1dc02df10f5405c6b98b5a5970b00db193891be082d7ae8406888478df,4112-7435,BACKFILL_EXACT,
1335,4112-7440,میکرومی خارج 8,4112-7440,4,Dasqua | داسکوا,,,,,4112-7440,4112-7440,generic.v1,PROFILE_MISSING,2,authorized_supplier_price_list,/home/shebahati/KaZar/Product and Data Complete/اندازه گیری/داسکوا/لیست قیمت داسکوا +10 درصد.pdf,tier1_3_registry_match,c589df1dc02df10f5405c6b98b5a5970b00db193891be082d7ae8406888478df,4112-7440,BACKFILL_EXACT,
1336,4112-7445,میکرومی خارج 9 — 0-225mm,4112-7445,4,Dasqua | داسکوا,,,,,4112-7445,4112-7445,generic.v1,PROFILE_MISSING,2,authorized_supplier_price_list,/home/shebahati/KaZar/Product and Data Complete/اندازه گیری/داسکوا/لیست قیمت داسکوا +10 درصد.pdf,tier1_3_registry_match,c589df1dc02df10f5405c6b98b5a5970b00db193891be082d7ae8406888478df,4112-7445,BACKFILL_EXACT,
1337,4112-7450,میکرومی خارج 11,4112-7450,4,Dasqua | داسکوا,,,,,4112-7450,4112-7450,generic.v1,PROFILE_MISSING,2,authorized_supplier_price_list,/home/shebahati/KaZar/Product and Data Complete/اندازه گیری/داسکوا/لیست قیمت داسکوا +10 درصد.pdf,tier1_3_registry_match,c589df1dc02df10f5405c6b98b5a5970b00db193891be082d7ae8406888478df,4112-7450,BACKFILL_EXACT,
1338,4112-8145,میکرومی خارج 10 — 0-225mm,4112-8145,4,Dasqua | داسکوا,,,,,4112-8145,4112-8145,generic.v1,PROFILE_MISSING,2,authorized_supplier_price_list,/home/shebahati/KaZar/Product and Data Complete/اندازه گیری/داسکوا/لیست قیمت داسکوا +10 درصد.pdf,tier1_3_registry_match,c589df1dc02df10f5405c6b98b5a5970b00db193891be082d7ae8406888478df,4112-8145,BACKFILL_EXACT,
1339,4112-8150,میکرومی خارج 12,4112-8150,4,Dasqua | داسکوا,,,,,4112-8150,4112-8150,generic.v1,PROFILE_MISSING,2,authorized_supplier_price_list,/home/shebahati/KaZar/Product and Data Complete/اندازه گیری/داسکوا/لیست قیمت داسکوا +10 درصد.pdf,tier1_3_registry_match,c589df1dc02df10f5405c6b98b5a5970b00db193891be082d7ae8406888478df,4112-8150,BACKFILL_EXACT,
1340,4112-8155,میکرومی خارج 14 — 0-275mm,4112-8155,4,Dasqua | داسکوا,,,,,4112-8155,4112-8155,generic.v1,PROFILE_MISSING,2,authorized_supplier_price_list,/home/shebahati/KaZar/Product and Data Complete/اندازه گیری/داسکوا/لیست قیمت داسکوا +10 درصد.pdf,tier1_3_registry_match,c589df1dc02df10f5405c6b98b5a5970b00db193891be082d7ae8406888478df,4112-8155,BACKFILL_EXACT,
1341,4112-8160,میکرومی خارج 15,4112-8160,4,Dasqua | داسکوا,,,,,4112-8160,4112-8160,generic.v1,PROFILE_MISSING,2,authorized_supplier_price_list,/home/shebahati/KaZar/Product and Data Complete/اندازه گیری/داسکوا/لیست قیمت داسکوا +10 درصد.pdf,tier1_3_registry_match,c589df1dc02df10f5405c6b98b5a5970b00db193891be082d7ae8406888478df,4112-8160,BACKFILL_EXACT,
1342,4127-0005,/ ی پیچ ( رزوه ) دیجیتال IP65 — 0-25mm/0-1,4127-0005,4,Dasqua | داسکوا,,,,,4127-0005,4127-0005,generic.v1,PROFILE_MISSING,2,authorized_supplier_price_list,/home/shebahati/KaZar/Product and Data Complete/اندازه گیری/داسکوا/لیست قیمت داسکوا +10 درصد.pdf,tier1_3_registry_match,c589df1dc02df10f5405c6b98b5a5970b00db193891be082d7ae8406888478df,4127-0005,BACKFILL_EXACT,
1343,4137-4005,/ ی پیچ ( رزوه ) دیجیتال ضد — 0-25mm/0-1,4137-4005,4,Dasqua | داسکوا,,,,,4137-4005,4137-4005,generic.v1,PROFILE_MISSING,2,authorized_supplier_price_list,/home/shebahati/KaZar/Product and Data Complete/اندازه گیری/داسکوا/لیست قیمت داسکوا +10 درصد.pdf,tier1_3_registry_match,c589df1dc02df10f5405c6b98b5a5970b00db193891be082d7ae8406888478df,4137-4005,BACKFILL_EXACT,
1344,4146-1005,میکرومی پیچ پراپ 16 — 0-25mm,4146-1005,4,Dasqua | داسکوا,,,,,4146-1005,4146-1005,generic.v1,PROFILE_MISSING,2,authorized_supplier_price_list,/home/shebahati/KaZar/Product and Data Complete/اندازه گیری/داسکوا/لیست قیمت داسکوا +10 درصد.pdf,tier1_3_registry_match,c589df1dc02df10f5405c6b98b5a5970b00db193891be082d7ae8406888478df,4146-1005,BACKFILL_EXACT,
1345,4146-1010,پاسومی خارج میکرومی 1 — 0-1010mm,4146-1010,4,Dasqua | داسکوا,,,,,4146-1010,4146-1010,generic.v1,PROFILE_MISSING,2,authorized_supplier_price_list,/home/shebahati/KaZar/Product and Data Complete/اندازه گیری/داسکوا/لیست قیمت داسکوا +10 درصد.pdf,tier1_3_registry_match,c589df1dc02df10f5405c6b98b5a5970b00db193891be082d7ae8406888478df,4146-1010,BACKFILL_EXACT,
1346,4146-1015,پاسومی خارج میکرومی 2 — 0-75mm,4146-1015,4,Dasqua | داسکوا,,,,,4146-1015,4146-1015,generic.v1,PROFILE_MISSING,2,authorized_supplier_price_list,/home/shebahati/KaZar/Product and Data Complete/اندازه گیری/داسکوا/لیست قیمت داسکوا +10 درصد.pdf,tier1_3_registry_match,c589df1dc02df10f5405c6b98b5a5970b00db193891be082d7ae8406888478df,4146-1015,BACKFILL_EXACT,
1347,4146-1020,پاسومی خارج میکرومی 3 — 0-1020mm,4146-1020,4,Dasqua | داسکوا,,,,,4146-1020,4146-1020,generic.v1,PROFILE_MISSING,2,authorized_supplier_price_list,/home/shebahati/KaZar/Product and Data Complete/اندازه گیری/داسکوا/لیست قیمت داسکوا +10 درصد.pdf,tier1_3_registry_match,c589df1dc02df10f5405c6b98b5a5970b00db193891be082d7ae8406888478df,4146-1020,BACKFILL_EXACT,
1348,4146-5105,پاسومی خارج میکرومی 4 — 0-25mm,4146-5105,4,Dasqua | داسکوا,,,,,4146-5105,4146-5105,generic.v1,PROFILE_MISSING,2,authorized_supplier_price_list,/home/shebahati/KaZar/Product and Data Complete/اندازه گیری/داسکوا/لیست قیمت داسکوا +10 درصد.pdf,tier1_3_registry_match,c589df1dc02df10f5405c6b98b5a5970b00db193891be082d7ae8406888478df,4146-5105,BACKFILL_EXACT,
1349,4210-2103,میکرومی دیجیتال یونیورسال (فک — 0-25mm/0-1,4210-2103,4,Dasqua | داسکوا,,,,,4210-2103,4210-2103,generic.v1,PROFILE_MISSING,2,authorized_supplier_price_list,/home/shebahati/KaZar/Product and Data Complete/اندازه گیری/داسکوا/لیست قیمت داسکوا +10 درصد.pdf,tier1_3_registry_match,c589df1dc02df10f5405c6b98b5a5970b00db193891be082d7ae8406888478df,4210-2103,BACKFILL_EXACT,
1351,4210-2106,میکرومی دیجیتال یونیورسال (فک,4210-2106,4,Dasqua | داسکوا,,,,,4210-2106,4210-2106,generic.v1,PROFILE_MISSING,2,authorized_supplier_price_list,/home/shebahati/KaZar/Product and Data Complete/اندازه گیری/داسکوا/لیست قیمت داسکوا +10 درصد.pdf,tier1_3_registry_match,c589df1dc02df10f5405c6b98b5a5970b00db193891be082d7ae8406888478df,4210-2106,BACKFILL_EXACT,
1352,4210-2110,میکرومی خارج,4210-2110,4,Dasqua | داسکوا,,,,,4210-2110,4210-2110,generic.v1,PROFILE_MISSING,2,authorized_supplier_price_list,/home/shebahati/KaZar/Product and Data Complete/اندازه گیری/داسکوا/لیست قیمت داسکوا +10 درصد.pdf,tier1_3_registry_match,c589df1dc02df10f5405c6b98b5a5970b00db193891be082d7ae8406888478df,4210-2110,BACKFILL_EXACT,
1353,4210-2125,میکرومی خارج — 0-125mm,4210-2125,4,Dasqua | داسکوا,,,,,4210-2125,4210-2125,generic.v1,PROFILE_MISSING,2,authorized_supplier_price_list,/home/shebahati/KaZar/Product and Data Complete/اندازه گیری/داسکوا/لیست قیمت داسکوا +10 درصد.pdf,tier1_3_registry_match,c589df1dc02df10f5405c6b98b5a5970b00db193891be082d7ae8406888478df,4210-2125,BACKFILL_EXACT,
1360,4220-2104,میکرومی خارج دیسیک دیجیتال رسی ع حرکت شفت بدون چرخش خروج — 0-25mm/0-1,4220-2104,4,Dasqua | داسکوا,,,,,4220-2104,4220-2104,generic.v1,PROFILE_MISSING,2,authorized_supplier_price_list,/home/shebahati/KaZar/Product and Data Complete/اندازه گیری/داسکوا/لیست قیمت داسکوا +10 درصد.pdf,tier1_3_registry_match,c589df1dc02df10f5405c6b98b5a5970b00db193891be082d7ae8406888478df,4220-2104,BACKFILL_EXACT,
1361,4220-2108,میکرومی خارج دیسیک دیجیتال رسی ع حرکت شفت بدون چرخش خروج,4220-2108,4,Dasqua | داسکوا,,,,,4220-2108,4220-2108,generic.v1,PROFILE_MISSING,2,authorized_supplier_price_list,/home/shebahati/KaZar/Product and Data Complete/اندازه گیری/داسکوا/لیست قیمت داسکوا +10 درصد.pdf,tier1_3_registry_match,c589df1dc02df10f5405c6b98b5a5970b00db193891be082d7ae8406888478df,4220-2108,BACKFILL_EXACT,
1362,4220-2109,میکرومی 2 — 0-75mm/2-3,4220-2109,4,Dasqua | داسکوا,,,,,4220-2109,4220-2109,generic.v1,PROFILE_MISSING,2,authorized_supplier_price_list,/home/shebahati/KaZar/Product and Data Complete/اندازه گیری/داسکوا/لیست قیمت داسکوا +10 درصد.pdf,tier1_3_registry_match,c589df1dc02df10f5405c6b98b5a5970b00db193891be082d7ae8406888478df,4220-2109,BACKFILL_EXACT,
1363,4230-2005,میکرومی خارج دیجیتال با شفت — 0-25mm/0-1,4230-2005,4,Dasqua | داسکوا,,,,,4230-2005,4230-2005,generic.v1,PROFILE_MISSING,2,authorized_supplier_price_list,/home/shebahati/KaZar/Product and Data Complete/اندازه گیری/داسکوا/لیست قیمت داسکوا +10 درصد.pdf,tier1_3_registry_match,c589df1dc02df10f5405c6b98b5a5970b00db193891be082d7ae8406888478df,4230-2005,BACKFILL_EXACT,
1364,4230-2010,/ میکرومیی خارج دیجیتال با شفت,4230-2010,4,Dasqua | داسکوا,,,,,4230-2010,4230-2010,generic.v1,PROFILE_MISSING,2,authorized_supplier_price_list,/home/shebahati/KaZar/Product and Data Complete/اندازه گیری/داسکوا/لیست قیمت داسکوا +10 درصد.pdf,tier1_3_registry_match,c589df1dc02df10f5405c6b98b5a5970b00db193891be082d7ae8406888478df,4230-2010,BACKFILL_EXACT,
1365,4230-2015,میکرومی خارج دیجیتال با شفت — 0-75mm/2-3,4230-2015,4,Dasqua | داسکوا,,,,,4230-2015,4230-2015,generic.v1,PROFILE_MISSING,2,authorized_supplier_price_list,/home/shebahati/KaZar/Product and Data Complete/اندازه گیری/داسکوا/لیست قیمت داسکوا +10 درصد.pdf,tier1_3_registry_match,c589df1dc02df10f5405c6b98b5a5970b00db193891be082d7ae8406888478df,4230-2015,BACKFILL_EXACT,
1366,4230-2020,میکرومی خارج دیجیتال با شفت,4230-2020,4,Dasqua | داسکوا,,,,,4230-2020,4230-2020,generic.v1,PROFILE_MISSING,2,authorized_supplier_price_list,/home/shebahati/KaZar/Product and Data Complete/اندازه گیری/داسکوا/لیست قیمت داسکوا +10 درصد.pdf,tier1_3_registry_match,c589df1dc02df10f5405c6b98b5a5970b00db193891be082d7ae8406888478df,4230-2020,BACKFILL_EXACT,
1367,4230-2025,میکرومی خارج دیجیتال با شفت — 0-125mm/4-5,4230-2025,4,Dasqua | داسکوا,,,,,4230-2025,4230-2025,generic.v1,PROFILE_MISSING,2,authorized_supplier_price_list,/home/shebahati/KaZar/Product and Data Complete/اندازه گیری/داسکوا/لیست قیمت داسکوا +10 درصد.pdf,tier1_3_registry_match,c589df1dc02df10f5405c6b98b5a5970b00db193891be082d7ae8406888478df,4230-2025,BACKFILL_EXACT,
1368,4230-2030,/ میکرومیی خارج دیجیتال با شفت,4230-2030,4,Dasqua | داسکوا,,,,,4230-2030,4230-2030,generic.v1,PROFILE_MISSING,2,authorized_supplier_price_list,/home/shebahati/KaZar/Product and Data Complete/اندازه گیری/داسکوا/لیست قیمت داسکوا +10 درصد.pdf,tier1_3_registry_match,c589df1dc02df10f5405c6b98b5a5970b00db193891be082d7ae8406888478df,4230-2030,BACKFILL_EXACT,
1369,4311-8103,میکرومی داخل سنج لوله ای — 0-63mm,4311-8103,4,Dasqua | داسکوا,,,,,4311-8103,4311-8103,generic.v1,PROFILE_MISSING,2,authorized_supplier_price_list,/home/shebahati/KaZar/Product and Data Complete/اندازه گیری/داسکوا/لیست قیمت داسکوا +10 درصد.pdf,tier1_3_registry_match,c589df1dc02df10f5405c6b98b5a5970b00db193891be082d7ae8406888478df,4311-8103,BACKFILL_EXACT,
1370,4311-8106,میکرومی داخل سنج لوله ای 1 — 0-100mm,4311-8106,4,Dasqua | داسکوا,,,,,4311-8106,4311-8106,generic.v1,PROFILE_MISSING,2,authorized_supplier_price_list,/home/shebahati/KaZar/Product and Data Complete/اندازه گیری/داسکوا/لیست قیمت داسکوا +10 درصد.pdf,tier1_3_registry_match,c589df1dc02df10f5405c6b98b5a5970b00db193891be082d7ae8406888478df,4311-8106,BACKFILL_EXACT,
1371,4311-8107,میکرومی داخل سنج لوله ای 2 — 0-150mm,4311-8107,4,Dasqua | داسکوا,,,,,4311-8107,4311-8107,generic.v1,PROFILE_MISSING,2,authorized_supplier_price_list,/home/shebahati/KaZar/Product and Data Complete/اندازه گیری/داسکوا/لیست قیمت داسکوا +10 درصد.pdf,tier1_3_registry_match,c589df1dc02df10f5405c6b98b5a5970b00db193891be082d7ae8406888478df,4311-8107,BACKFILL_EXACT,
1372,4311-8109,میکرومی داخل سنج لوله ای 3 — 0-300mm,4311-8109,4,Dasqua | داسکوا,,,,,4311-8109,4311-8109,generic.v1,PROFILE_MISSING,2,authorized_supplier_price_list,/home/shebahati/KaZar/Product and Data Complete/اندازه گیری/داسکوا/لیست قیمت داسکوا +10 درصد.pdf,tier1_3_registry_match,c589df1dc02df10f5405c6b98b5a5970b00db193891be082d7ae8406888478df,4311-8109,BACKFILL_EXACT,
1373,4311-8111,میکرومی داخل سنج لوله ای 3 — 0-500mm,4311-8111,4,Dasqua | داسکوا,,,,,4311-8111,4311-8111,generic.v1,PROFILE_MISSING,2,authorized_supplier_price_list,/home/shebahati/KaZar/Product and Data Complete/اندازه گیری/داسکوا/لیست قیمت داسکوا +10 درصد.pdf,tier1_3_registry_match,c589df1dc02df10f5405c6b98b5a5970b00db193891be082d7ae8406888478df,4311-8111,BACKFILL_EXACT,
1374,4311-8113,میکرومی داخل سنج لوله ای 5 — 0-600mm,4311-8113,4,Dasqua | داسکوا,,,,,4311-8113,4311-8113,generic.v1,PROFILE_MISSING,2,authorized_supplier_price_list,/home/shebahati/KaZar/Product and Data Complete/اندازه گیری/داسکوا/لیست قیمت داسکوا +10 درصد.pdf,tier1_3_registry_match,c589df1dc02df10f5405c6b98b5a5970b00db193891be082d7ae8406888478df,4311-8113,BACKFILL_EXACT,
1375,4311-8118,میکرومی داخل سنج لوله ای 6 — 0-1000mm,4311-8118,4,Dasqua | داسکوا,,,,,4311-8118,4311-8118,generic.v1,PROFILE_MISSING,2,authorized_supplier_price_list,/home/shebahati/KaZar/Product and Data Complete/اندازه گیری/داسکوا/لیست قیمت داسکوا +10 درصد.pdf,tier1_3_registry_match,c589df1dc02df10f5405c6b98b5a5970b00db193891be082d7ae8406888478df,4311-8118,BACKFILL_EXACT,
1376,4311-8119,میکرومی داخل سنج لوله ای 6 — 0-1500mm,4311-8119,4,Dasqua | داسکوا,,,,,4311-8119,4311-8119,generic.v1,PROFILE_MISSING,2,authorized_supplier_price_list,/home/shebahati/KaZar/Product and Data Complete/اندازه گیری/داسکوا/لیست قیمت داسکوا +10 درصد.pdf,tier1_3_registry_match,c589df1dc02df10f5405c6b98b5a5970b00db193891be082d7ae8406888478df,4311-8119,BACKFILL_EXACT,
1377,4311-8120,میکرومی داخل سنج دو فک 4,4311-8120,4,Dasqua | داسکوا,,,,,4311-8120,4311-8120,generic.v1,PROFILE_MISSING,2,authorized_supplier_price_list,/home/shebahati/KaZar/Product and Data Complete/اندازه گیری/داسکوا/لیست قیمت داسکوا +10 درصد.pdf,tier1_3_registry_match,c589df1dc02df10f5405c6b98b5a5970b00db193891be082d7ae8406888478df,4311-8120,BACKFILL_EXACT,
1378,4400-0005,میکرومی لوله دیجیتال — 0-25mm/0-1,4400-0005,4,Dasqua | داسکوا,,,,,4400-0005,4400-0005,generic.v1,PROFILE_MISSING,2,authorized_supplier_price_list,/home/shebahati/KaZar/Product and Data Complete/اندازه گیری/داسکوا/لیست قیمت داسکوا +10 درصد.pdf,tier1_3_registry_match,c589df1dc02df10f5405c6b98b5a5970b00db193891be082d7ae8406888478df,4400-0005,BACKFILL_EXACT,
1379,4400-0010,میکرومی لوله دیجیتال — 0-25mm/0-1,4400-0010,4,Dasqua | داسکوا,,,,,4400-0010,4400-0010,generic.v1,PROFILE_MISSING,2,authorized_supplier_price_list,/home/shebahati/KaZar/Product and Data Complete/اندازه گیری/داسکوا/لیست قیمت داسکوا +10 درصد.pdf,tier1_3_registry_match,c589df1dc02df10f5405c6b98b5a5970b00db193891be082d7ae8406888478df,4400-0010,BACKFILL_EXACT,
1384,4410-1125,میکرومی خارج — 0-125mm/4-5,4410-1125,4,Dasqua | داسکوا,,,,,4410-1125,4410-1125,generic.v1,PROFILE_MISSING,2,authorized_supplier_price_list,/home/shebahati/KaZar/Product and Data Complete/اندازه گیری/داسکوا/لیست قیمت داسکوا +10 درصد.pdf,tier1_3_registry_match,c589df1dc02df10f5405c6b98b5a5970b00db193891be082d7ae8406888478df,4410-1125,BACKFILL_EXACT,
1385,4411-3210,میکرومی داخل سنج سه فک ست,4411-3210,4,Dasqua | داسکوا,,,,,4411-3210,4411-3210,generic.v1,PROFILE_MISSING,2,authorized_supplier_price_list,/home/shebahati/KaZar/Product and Data Complete/اندازه گیری/داسکوا/لیست قیمت داسکوا +10 درصد.pdf,tier1_3_registry_match,c589df1dc02df10f5405c6b98b5a5970b00db193891be082d7ae8406888478df,4411-3210,BACKFILL_EXACT,
1386,4411-3215,میکرومی داخل سنج سه فک ست,4411-3215,4,Dasqua | داسکوا,,,,,4411-3215,4411-3215,generic.v1,PROFILE_MISSING,2,authorized_supplier_price_list,/home/shebahati/KaZar/Product and Data Complete/اندازه گیری/داسکوا/لیست قیمت داسکوا +10 درصد.pdf,tier1_3_registry_match,c589df1dc02df10f5405c6b98b5a5970b00db193891be082d7ae8406888478df,4411-3215,BACKFILL_EXACT,
1387,4411-3220,میکرومی داخل سنج سه فک ست,4411-3220,4,Dasqua | داسکوا,,,,,4411-3220,4411-3220,generic.v1,PROFILE_MISSING,2,authorized_supplier_price_list,/home/shebahati/KaZar/Product and Data Complete/اندازه گیری/داسکوا/لیست قیمت داسکوا +10 درصد.pdf,tier1_3_registry_match,c589df1dc02df10f5405c6b98b5a5970b00db193891be082d7ae8406888478df,4411-3220,BACKFILL_EXACT,
1410,4440-1005,میکرومی لوله دو رس کروی 1 — 0-25mm,4440-1005,4,Dasqua | داسکوا,,,,,4440-1005,4440-1005,generic.v1,PROFILE_MISSING,2,authorized_supplier_price_list,/home/shebahati/KaZar/Product and Data Complete/اندازه گیری/داسکوا/لیست قیمت داسکوا +10 درصد.pdf,tier1_3_registry_match,c589df1dc02df10f5405c6b98b5a5970b00db193891be082d7ae8406888478df,4440-1005,BACKFILL_EXACT,
1411,4440-1010,میکرومیلوله (نوک نوع ) A 1 — 0-25mm,4440-1010,4,Dasqua | داسکوا,,,,,4440-1010,4440-1010,generic.v1,PROFILE_MISSING,2,authorized_supplier_price_list,/home/shebahati/KaZar/Product and Data Complete/اندازه گیری/داسکوا/لیست قیمت داسکوا +10 درصد.pdf,tier1_3_registry_match,c589df1dc02df10f5405c6b98b5a5970b00db193891be082d7ae8406888478df,4440-1010,BACKFILL_EXACT,
1412,4510-1005,میکرومی داخل سنج لوله ای 8 — 0-25mm,4510-1005,4,Dasqua | داسکوا,,,,,4510-1005,4510-1005,generic.v1,PROFILE_MISSING,2,authorized_supplier_price_list,/home/shebahati/KaZar/Product and Data Complete/اندازه گیری/داسکوا/لیست قیمت داسکوا +10 درصد.pdf,tier1_3_registry_match,c589df1dc02df10f5405c6b98b5a5970b00db193891be082d7ae8406888478df,4510-1005,BACKFILL_EXACT,
1413,4511-5101,میکرومی داخیل سه فک دیجیتال,4511-5101,4,Dasqua | داسکوا,,,,,4511-5101,4511-5101,generic.v1,PROFILE_MISSING,2,authorized_supplier_price_list,/home/shebahati/KaZar/Product and Data Complete/اندازه گیری/داسکوا/لیست قیمت داسکوا +10 درصد.pdf,tier1_3_registry_match,c589df1dc02df10f5405c6b98b5a5970b00db193891be082d7ae8406888478df,4511-5101,BACKFILL_EXACT,
1414,4511-5102,میکرومی داخیل سه فک دیجیتال,4511-5102,4,Dasqua | داسکوا,,,,,4511-5102,4511-5102,generic.v1,PROFILE_MISSING,2,authorized_supplier_price_list,/home/shebahati/KaZar/Product and Data Complete/اندازه گیری/داسکوا/لیست قیمت داسکوا +10 درصد.pdf,tier1_3_registry_match,c589df1dc02df10f5405c6b98b5a5970b00db193891be082d7ae8406888478df,4511-5102,BACKFILL_EXACT,
1415,4511-5103,میکرومی داخیل سه فک دیجیتال — 0-12mm,4511-5103,4,Dasqua | داسکوا,,,,,4511-5103,4511-5103,generic.v1,PROFILE_MISSING,2,authorized_supplier_price_list,/home/shebahati/KaZar/Product and Data Complete/اندازه گیری/داسکوا/لیست قیمت داسکوا +10 درصد.pdf,tier1_3_registry_match,c589df1dc02df10f5405c6b98b5a5970b00db193891be082d7ae8406888478df,4511-5103,BACKFILL_EXACT,
1416,4511-5104,میکرومی داخیل سه فک دیجیتال,4511-5104,4,Dasqua | داسکوا,,,,,4511-5104,4511-5104,generic.v1,PROFILE_MISSING,2,authorized_supplier_price_list,/home/shebahati/KaZar/Product and Data Complete/اندازه گیری/داسکوا/لیست قیمت داسکوا +10 درصد.pdf,tier1_3_registry_match,c589df1dc02df10f5405c6b98b5a5970b00db193891be082d7ae8406888478df,4511-5104,BACKFILL_EXACT,
1417,4511-5105,میکرومی داخیل سه فک دیجیتال,4511-5105,4,Dasqua | داسکوا,,,,,4511-5105,4511-5105,generic.v1,PROFILE_MISSING,2,authorized_supplier_price_list,/home/shebahati/KaZar/Product and Data Complete/اندازه گیری/داسکوا/لیست قیمت داسکوا +10 درصد.pdf,tier1_3_registry_match,c589df1dc02df10f5405c6b98b5a5970b00db193891be082d7ae8406888478df,4511-5105,BACKFILL_EXACT,
1418,4511-5106,ی داخیل سه فک دیجیتال — 0-25mm,4511-5106,4,Dasqua | داسکوا,,,,,4511-5106,4511-5106,generic.v1,PROFILE_MISSING,2,authorized_supplier_price_list,/home/shebahati/KaZar/Product and Data Complete/اندازه گیری/داسکوا/لیست قیمت داسکوا +10 درصد.pdf,tier1_3_registry_match,c589df1dc02df10f5405c6b98b5a5970b00db193891be082d7ae8406888478df,4511-5106,BACKFILL_EXACT,
1419,4511-5107,میکرومی داخیل سه فک دیجیتال,4511-5107,4,Dasqua | داسکوا,,,,,4511-5107,4511-5107,generic.v1,PROFILE_MISSING,2,authorized_supplier_price_list,/home/shebahati/KaZar/Product and Data Complete/اندازه گیری/داسکوا/لیست قیمت داسکوا +10 درصد.pdf,tier1_3_registry_match,c589df1dc02df10f5405c6b98b5a5970b00db193891be082d7ae8406888478df,4511-5107,BACKFILL_EXACT,
1420,4511-5108,ی داخیل سه فک دیجیتال — 0-40mm,4511-5108,4,Dasqua | داسکوا,,,,,4511-5108,4511-5108,generic.v1,PROFILE_MISSING,2,authorized_supplier_price_list,/home/shebahati/KaZar/Product and Data Complete/اندازه گیری/داسکوا/لیست قیمت داسکوا +10 درصد.pdf,tier1_3_registry_match,c589df1dc02df10f5405c6b98b5a5970b00db193891be082d7ae8406888478df,4511-5108,BACKFILL_EXACT,
1421,4511-5109,میکرومی داخیل سه فک دیجیتال — 0-50mm,4511-5109,4,Dasqua | داسکوا,,,,,4511-5109,4511-5109,generic.v1,PROFILE_MISSING,2,authorized_supplier_price_list,/home/shebahati/KaZar/Product and Data Complete/اندازه گیری/داسکوا/لیست قیمت داسکوا +10 درصد.pdf,tier1_3_registry_match,c589df1dc02df10f5405c6b98b5a5970b00db193891be082d7ae8406888478df,4511-5109,BACKFILL_EXACT,
1422,4511-5110,میکرومی داخیل سه فک دیجیتال — 0-63mm,4511-5110,4,Dasqua | داسکوا,,,,,4511-5110,4511-5110,generic.v1,PROFILE_MISSING,2,authorized_supplier_price_list,/home/shebahati/KaZar/Product and Data Complete/اندازه گیری/داسکوا/لیست قیمت داسکوا +10 درصد.pdf,tier1_3_registry_match,c589df1dc02df10f5405c6b98b5a5970b00db193891be082d7ae8406888478df,4511-5110,BACKFILL_EXACT,
1423,4511-5111,میکرومی داخیل سه فک دیجیتال,4511-5111,4,Dasqua | داسکوا,,,,,4511-5111,4511-5111,generic.v1,PROFILE_MISSING,2,authorized_supplier_price_list,/home/shebahati/KaZar/Product and Data Complete/اندازه گیری/داسکوا/لیست قیمت داسکوا +10 درصد.pdf,tier1_3_registry_match,c589df1dc02df10f5405c6b98b5a5970b00db193891be082d7ae8406888478df,4511-5111,BACKFILL_EXACT,
1424,4511-5112,میکرومی داخیل سه فک دیجیتال,4511-5112,4,Dasqua | داسکوا,,,,,4511-5112,4511-5112,generic.v1,PROFILE_MISSING,2,authorized_supplier_price_list,/home/shebahati/KaZar/Product and Data Complete/اندازه گیری/داسکوا/لیست قیمت داسکوا +10 درصد.pdf,tier1_3_registry_match,c589df1dc02df10f5405c6b98b5a5970b00db193891be082d7ae8406888478df,4511-5112,BACKFILL_EXACT,
1425,4511-5113,میکرومی داخیل سه فک دیجیتال,4511-5113,4,Dasqua | داسکوا,,,,,4511-5113,4511-5113,generic.v1,PROFILE_MISSING,2,authorized_supplier_price_list,/home/shebahati/KaZar/Product and Data Complete/اندازه گیری/داسکوا/لیست قیمت داسکوا +10 درصد.pdf,tier1_3_registry_match,c589df1dc02df10f5405c6b98b5a5970b00db193891be082d7ae8406888478df,4511-5113,BACKFILL_EXACT,
1426,4511-5114,میکرومی داخیل سه فک دیجیتال — 0-125mm,4511-5114,4,Dasqua | داسکوا,,,,,4511-5114,4511-5114,generic.v1,PROFILE_MISSING,2,authorized_supplier_price_list,/home/shebahati/KaZar/Product and Data Complete/اندازه گیری/داسکوا/لیست قیمت داسکوا +10 درصد.pdf,tier1_3_registry_match,c589df1dc02df10f5405c6b98b5a5970b00db193891be082d7ae8406888478df,4511-5114,BACKFILL_EXACT,
1428,4511-5116,میکرومی داخیل سه فک دیجیتال — 0-175mm,4511-5116,4,Dasqua | داسکوا,,,,,4511-5116,4511-5116,generic.v1,PROFILE_MISSING,2,authorized_supplier_price_list,/home/shebahati/KaZar/Product and Data Complete/اندازه گیری/داسکوا/لیست قیمت داسکوا +10 درصد.pdf,tier1_3_registry_match,c589df1dc02df10f5405c6b98b5a5970b00db193891be082d7ae8406888478df,4511-5116,BACKFILL_EXACT,
1434,4511-9205,میکرومی داخل دیجیتال سه فک با رینگ گیج IP54ضدآب ست,4511-9205,4,Dasqua | داسکوا,,,,,4511-9205,4511-9205,generic.v1,PROFILE_MISSING,2,authorized_supplier_price_list,/home/shebahati/KaZar/Product and Data Complete/اندازه گیری/داسکوا/لیست قیمت داسکوا +10 درصد.pdf,tier1_3_registry_match,c589df1dc02df10f5405c6b98b5a5970b00db193891be082d7ae8406888478df,4511-9205,BACKFILL_EXACT,
1435,4511-9210,میکرومی داخل دیجیتال سه فک با رینگ گیج IP54ضدآب ست,4511-9210,4,Dasqua | داسکوا,,,,,4511-9210,4511-9210,generic.v1,PROFILE_MISSING,2,authorized_supplier_price_list,/home/shebahati/KaZar/Product and Data Complete/اندازه گیری/داسکوا/لیست قیمت داسکوا +10 درصد.pdf,tier1_3_registry_match,c589df1dc02df10f5405c6b98b5a5970b00db193891be082d7ae8406888478df,4511-9210,BACKFILL_EXACT,
1436,4511-9215,ست میکرومی 2,4511-9215,4,Dasqua | داسکوا,,,,,4511-9215,4511-9215,generic.v1,PROFILE_MISSING,2,authorized_supplier_price_list,/home/shebahati/KaZar/Product and Data Complete/اندازه گیری/داسکوا/لیست قیمت داسکوا +10 درصد.pdf,tier1_3_registry_match,c589df1dc02df10f5405c6b98b5a5970b00db193891be082d7ae8406888478df,4511-9215,BACKFILL_EXACT,
1437,4550-1005,میکرومی چرخ دنده — 0-25mm,4550-1005,4,Dasqua | داسکوا,,,,,4550-1005,4550-1005,generic.v1,PROFILE_MISSING,2,authorized_supplier_price_list,/home/shebahati/KaZar/Product and Data Complete/اندازه گیری/داسکوا/لیست قیمت داسکوا +10 درصد.pdf,tier1_3_registry_match,c589df1dc02df10f5405c6b98b5a5970b00db193891be082d7ae8406888478df,4550-1005,BACKFILL_EXACT,
1438,4570-0005,میکرومی چرخ دنده دیجیتال — 0-25mm/0-1,4570-0005,4,Dasqua | داسکوا,,,,,4570-0005,4570-0005,generic.v1,PROFILE_MISSING,2,authorized_supplier_price_list,/home/shebahati/KaZar/Product and Data Complete/اندازه گیری/داسکوا/لیست قیمت داسکوا +10 درصد.pdf,tier1_3_registry_match,c589df1dc02df10f5405c6b98b5a5970b00db193891be082d7ae8406888478df,4570-0005,BACKFILL_EXACT,
1439,4610-1005,میکرومیی خارج سوزنر — 0-25mm,4610-1005,4,Dasqua | داسکوا,,,,,4610-1005,4610-1005,generic.v1,PROFILE_MISSING,2,authorized_supplier_price_list,/home/shebahati/KaZar/Product and Data Complete/اندازه گیری/داسکوا/لیست قیمت داسکوا +10 درصد.pdf,tier1_3_registry_match,c589df1dc02df10f5405c6b98b5a5970b00db193891be082d7ae8406888478df,4610-1005,BACKFILL_EXACT,
1440,4610-1010,میکرومی خارج سوزن ( 30درجه) ی 2 — 0-1010mm,4610-1010,4,Dasqua | داسکوا,,,,,4610-1010,4610-1010,generic.v1,PROFILE_MISSING,2,authorized_supplier_price_list,/home/shebahati/KaZar/Product and Data Complete/اندازه گیری/داسکوا/لیست قیمت داسکوا +10 درصد.pdf,tier1_3_registry_match,c589df1dc02df10f5405c6b98b5a5970b00db193891be082d7ae8406888478df,4610-1010,BACKFILL_EXACT,
1441,4610-1015,میکرومی خارج 3 — 0-75mm,4610-1015,4,Dasqua | داسکوا,,,,,4610-1015,4610-1015,generic.v1,PROFILE_MISSING,2,authorized_supplier_price_list,/home/shebahati/KaZar/Product and Data Complete/اندازه گیری/داسکوا/لیست قیمت داسکوا +10 درصد.pdf,tier1_3_registry_match,c589df1dc02df10f5405c6b98b5a5970b00db193891be082d7ae8406888478df,4610-1015,BACKFILL_EXACT,
1442,4610-1020,میکرومی خارج 3 — 0-1020mm,4610-1020,4,Dasqua | داسکوا,,,,,4610-1020,4610-1020,generic.v1,PROFILE_MISSING,2,authorized_supplier_price_list,/home/shebahati/KaZar/Product and Data Complete/اندازه گیری/داسکوا/لیست قیمت داسکوا +10 درصد.pdf,tier1_3_registry_match,c589df1dc02df10f5405c6b98b5a5970b00db193891be082d7ae8406888478df,4610-1020,BACKFILL_EXACT,
1443,4610-1405,میکرومی خارج 1 — 0-25mm,4610-1405,4,Dasqua | داسکوا,,,,,4610-1405,4610-1405,generic.v1,PROFILE_MISSING,2,authorized_supplier_price_list,/home/shebahati/KaZar/Product and Data Complete/اندازه گیری/داسکوا/لیست قیمت داسکوا +10 درصد.pdf,tier1_3_registry_match,c589df1dc02df10f5405c6b98b5a5970b00db193891be082d7ae8406888478df,4610-1405,BACKFILL_EXACT,
1444,4611-8106,میکرومی عمق سنج صلیت — 0-25mm,4611-8106,4,Dasqua | داسکوا,,,,,4611-8106,4611-8106,generic.v1,PROFILE_MISSING,2,authorized_supplier_price_list,/home/shebahati/KaZar/Product and Data Complete/اندازه گیری/داسکوا/لیست قیمت داسکوا +10 درصد.pdf,tier1_3_registry_match,c589df1dc02df10f5405c6b98b5a5970b00db193891be082d7ae8406888478df,4611-8106,BACKFILL_EXACT,
1445,4611-8110,میکرومی عمق سنج صلیت — 0-50mm,4611-8110,4,Dasqua | داسکوا,,,,,4611-8110,4611-8110,generic.v1,PROFILE_MISSING,2,authorized_supplier_price_list,/home/shebahati/KaZar/Product and Data Complete/اندازه گیری/داسکوا/لیست قیمت داسکوا +10 درصد.pdf,tier1_3_registry_match,c589df1dc02df10f5405c6b98b5a5970b00db193891be082d7ae8406888478df,4611-8110,BACKFILL_EXACT,
1446,4611-8120,میکرومی عمق سنج صلیت — 0-100mm,4611-8120,4,Dasqua | داسکوا,,,,,4611-8120,4611-8120,generic.v1,PROFILE_MISSING,2,authorized_supplier_price_list,/home/shebahati/KaZar/Product and Data Complete/اندازه گیری/داسکوا/لیست قیمت داسکوا +10 درصد.pdf,tier1_3_registry_match,c589df1dc02df10f5405c6b98b5a5970b00db193891be082d7ae8406888478df,4611-8120,BACKFILL_EXACT,
1447,4611-8125,ی عمق سنج صلیت با میله — 0-150mm,4611-8125,4,Dasqua | داسکوا,,,,,4611-8125,4611-8125,generic.v1,PROFILE_MISSING,2,authorized_supplier_price_list,/home/shebahati/KaZar/Product and Data Complete/اندازه گیری/داسکوا/لیست قیمت داسکوا +10 درصد.pdf,tier1_3_registry_match,c589df1dc02df10f5405c6b98b5a5970b00db193891be082d7ae8406888478df,4611-8125,BACKFILL_EXACT,
1448,4620-2020,سوزن دیجیتال ی,4620-2020,4,Dasqua | داسکوا,,,,,4620-2020,4620-2020,generic.v1,PROFILE_MISSING,2,authorized_supplier_price_list,/home/shebahati/KaZar/Product and Data Complete/اندازه گیری/داسکوا/لیست قیمت داسکوا +10 درصد.pdf,tier1_3_registry_match,c589df1dc02df10f5405c6b98b5a5970b00db193891be082d7ae8406888478df,4620-2020,BACKFILL_EXACT,
1449,4620-5005,سوزن دیجیتال نوک 30 ی — 0-25mm/0-1,4620-5005,4,Dasqua | داسکوا,,,,,4620-5005,4620-5005,generic.v1,PROFILE_MISSING,2,authorized_supplier_price_list,/home/shebahati/KaZar/Product and Data Complete/اندازه گیری/داسکوا/لیست قیمت داسکوا +10 درصد.pdf,tier1_3_registry_match,c589df1dc02df10f5405c6b98b5a5970b00db193891be082d7ae8406888478df,4620-5005,BACKFILL_EXACT,
1450,4620-5010,سوزن دیجیتال نوک 30 ی,4620-5010,4,Dasqua | داسکوا,,,,,4620-5010,4620-5010,generic.v1,PROFILE_MISSING,2,authorized_supplier_price_list,/home/shebahati/KaZar/Product and Data Complete/اندازه گیری/داسکوا/لیست قیمت داسکوا +10 درصد.pdf,tier1_3_registry_match,c589df1dc02df10f5405c6b98b5a5970b00db193891be082d7ae8406888478df,4620-5010,BACKFILL_EXACT,
1451,4620-5015,سوزن دیجیتال نوک 30 ی — 0-75mm/2-3,4620-5015,4,Dasqua | داسکوا,,,,,4620-5015,4620-5015,generic.v1,PROFILE_MISSING,2,authorized_supplier_price_list,/home/shebahati/KaZar/Product and Data Complete/اندازه گیری/داسکوا/لیست قیمت داسکوا +10 درصد.pdf,tier1_3_registry_match,c589df1dc02df10f5405c6b98b5a5970b00db193891be082d7ae8406888478df,4620-5015,BACKFILL_EXACT,
1452,4706-0002,میکرومیهای خارج — 0-200mm/4-8,4706-0002,4,Dasqua | داسکوا,,,,,4706-0002,4706-0002,generic.v1,PROFILE_MISSING,2,authorized_supplier_price_list,/home/shebahati/KaZar/Product and Data Complete/اندازه گیری/داسکوا/لیست قیمت داسکوا +10 درصد.pdf,tier1_3_registry_match,c589df1dc02df10f5405c6b98b5a5970b00db193891be082d7ae8406888478df,4706-0002,BACKFILL_EXACT,
1453,4706-0003,میکرومیهای خارج — 0-300mm/8-12,4706-0003,4,Dasqua | داسکوا,,,,,4706-0003,4706-0003,generic.v1,PROFILE_MISSING,2,authorized_supplier_price_list,/home/shebahati/KaZar/Product and Data Complete/اندازه گیری/داسکوا/لیست قیمت داسکوا +10 درصد.pdf,tier1_3_registry_match,c589df1dc02df10f5405c6b98b5a5970b00db193891be082d7ae8406888478df,4706-0003,BACKFILL_EXACT,
1454,4706-0011,ی IP65با نوک میکرومی — 0-150mm/6,4706-0011,4,Dasqua | داسکوا,,,,,4706-0011,4706-0011,generic.v1,PROFILE_MISSING,2,authorized_supplier_price_list,/home/shebahati/KaZar/Product and Data Complete/اندازه گیری/داسکوا/لیست قیمت داسکوا +10 درصد.pdf,tier1_3_registry_match,c589df1dc02df10f5405c6b98b5a5970b00db193891be082d7ae8406888478df,4706-0011,BACKFILL_EXACT,
1455,4706-0012,میکرومیهای خارج — 0-300mm/6-12,4706-0012,4,Dasqua | داسکوا,,,,,4706-0012,4706-0012,generic.v1,PROFILE_MISSING,2,authorized_supplier_price_list,/home/shebahati/KaZar/Product and Data Complete/اندازه گیری/داسکوا/لیست قیمت داسکوا +10 درصد.pdf,tier1_3_registry_match,c589df1dc02df10f5405c6b98b5a5970b00db193891be082d7ae8406888478df,4706-0012,BACKFILL_EXACT,
1456,4710-1205,عمق سنج کوچک دیجیتال (الستیک) میله ای — 0-25mm/0-1,4710-1205,4,Dasqua | داسکوا,,,,,4710-1205,4710-1205,generic.v1,PROFILE_MISSING,2,authorized_supplier_price_list,/home/shebahati/KaZar/Product and Data Complete/اندازه گیری/داسکوا/لیست قیمت داسکوا +10 درصد.pdf,tier1_3_registry_match,c589df1dc02df10f5405c6b98b5a5970b00db193891be082d7ae8406888478df,4710-1205,BACKFILL_EXACT,
1457,4710-2205,میکرومی عمق سنج صلیت — 0-150mm/0-6,4710-2205,4,Dasqua | داسکوا,,,,,4710-2205,4710-2205,generic.v1,PROFILE_MISSING,2,authorized_supplier_price_list,/home/shebahati/KaZar/Product and Data Complete/اندازه گیری/داسکوا/لیست قیمت داسکوا +10 درصد.pdf,tier1_3_registry_match,c589df1dc02df10f5405c6b98b5a5970b00db193891be082d7ae8406888478df,4710-2205,BACKFILL_EXACT,
1458,4800-0005,میکرومی خارج — 0-400mm,4800-0005,4,Dasqua | داسکوا,,,,,4800-0005,4800-0005,generic.v1,PROFILE_MISSING,2,authorized_supplier_price_list,/home/shebahati/KaZar/Product and Data Complete/اندازه گیری/داسکوا/لیست قیمت داسکوا +10 درصد.pdf,tier1_3_registry_match,c589df1dc02df10f5405c6b98b5a5970b00db193891be082d7ae8406888478df,4800-0005,BACKFILL_EXACT,
1459,4800-0010,میکرومی 1 — 0-500mm,4800-0010,4,Dasqua | داسکوا,,,,,4800-0010,4800-0010,generic.v1,PROFILE_MISSING,2,authorized_supplier_price_list,/home/shebahati/KaZar/Product and Data Complete/اندازه گیری/داسکوا/لیست قیمت داسکوا +10 درصد.pdf,tier1_3_registry_match,c589df1dc02df10f5405c6b98b5a5970b00db193891be082d7ae8406888478df,4800-0010,BACKFILL_EXACT,
1460,4800-0015,میکرومی خارج 2 — 0-600mm,4800-0015,4,Dasqua | داسکوا,,,,,4800-0015,4800-0015,generic.v1,PROFILE_MISSING,2,authorized_supplier_price_list,/home/shebahati/KaZar/Product and Data Complete/اندازه گیری/داسکوا/لیست قیمت داسکوا +10 درصد.pdf,tier1_3_registry_match,c589df1dc02df10f5405c6b98b5a5970b00db193891be082d7ae8406888478df,4800-0015,BACKFILL_EXACT,
1461,4800-0020,میکرومی خارج 3 — 0-700mm,4800-0020,4,Dasqua | داسکوا,,,,,4800-0020,4800-0020,generic.v1,PROFILE_MISSING,2,authorized_supplier_price_list,/home/shebahati/KaZar/Product and Data Complete/اندازه گیری/داسکوا/لیست قیمت داسکوا +10 درصد.pdf,tier1_3_registry_match,c589df1dc02df10f5405c6b98b5a5970b00db193891be082d7ae8406888478df,4800-0020,BACKFILL_EXACT,
1462,4800-0025,میکرومی خارج 4 — 0-800mm,4800-0025,4,Dasqua | داسکوا,,,,,4800-0025,4800-0025,generic.v1,PROFILE_MISSING,2,authorized_supplier_price_list,/home/shebahati/KaZar/Product and Data Complete/اندازه گیری/داسکوا/لیست قیمت داسکوا +10 درصد.pdf,tier1_3_registry_match,c589df1dc02df10f5405c6b98b5a5970b00db193891be082d7ae8406888478df,4800-0025,BACKFILL_EXACT,
1463,4800-0030,میکرومی خارج 5 — 0-900mm,4800-0030,4,Dasqua | داسکوا,,,,,4800-0030,4800-0030,generic.v1,PROFILE_MISSING,2,authorized_supplier_price_list,/home/shebahati/KaZar/Product and Data Complete/اندازه گیری/داسکوا/لیست قیمت داسکوا +10 درصد.pdf,tier1_3_registry_match,c589df1dc02df10f5405c6b98b5a5970b00db193891be082d7ae8406888478df,4800-0030,BACKFILL_EXACT,
1464,4800-0035,میکرومی 6 — 0-1000mm,4800-0035,4,Dasqua | داسکوا,,,,,4800-0035,4800-0035,generic.v1,PROFILE_MISSING,2,authorized_supplier_price_list,/home/shebahati/KaZar/Product and Data Complete/اندازه گیری/داسکوا/لیست قیمت داسکوا +10 درصد.pdf,tier1_3_registry_match,c589df1dc02df10f5405c6b98b5a5970b00db193891be082d7ae8406888478df,4800-0035,BACKFILL_EXACT,
1465,4801-0003,میکرومی خارج — 0-150mm,4801-0003,4,Dasqua | داسکوا,,,,,4801-0003,4801-0003,generic.v1,PROFILE_MISSING,2,authorized_supplier_price_list,/home/shebahati/KaZar/Product and Data Complete/اندازه گیری/داسکوا/لیست قیمت داسکوا +10 درصد.pdf,tier1_3_registry_match,c589df1dc02df10f5405c6b98b5a5970b00db193891be082d7ae8406888478df,4801-0003,BACKFILL_EXACT,
1466,4801-0004,میکرومی خارج 1 — 0-200mm,4801-0004,4,Dasqua | داسکوا,,,,,4801-0004,4801-0004,generic.v1,PROFILE_MISSING,2,authorized_supplier_price_list,/home/shebahati/KaZar/Product and Data Complete/اندازه گیری/داسکوا/لیست قیمت داسکوا +10 درصد.pdf,tier1_3_registry_match,c589df1dc02df10f5405c6b98b5a5970b00db193891be082d7ae8406888478df,4801-0004,BACKFILL_EXACT,
1467,4801-0005,میکرومی خارج 2 — 0-300mm,4801-0005,4,Dasqua | داسکوا,,,,,4801-0005,4801-0005,generic.v1,PROFILE_MISSING,2,authorized_supplier_price_list,/home/shebahati/KaZar/Product and Data Complete/اندازه گیری/داسکوا/لیست قیمت داسکوا +10 درصد.pdf,tier1_3_registry_match,c589df1dc02df10f5405c6b98b5a5970b00db193891be082d7ae8406888478df,4801-0005,BACKFILL_EXACT,
1468,4801-0006,میکرومی خارج 3 — 0-300mm,4801-0006,4,Dasqua | داسکوا,,,,,4801-0006,4801-0006,generic.v1,PROFILE_MISSING,2,authorized_supplier_price_list,/home/shebahati/KaZar/Product and Data Complete/اندازه گیری/داسکوا/لیست قیمت داسکوا +10 درصد.pdf,tier1_3_registry_match,c589df1dc02df10f5405c6b98b5a5970b00db193891be082d7ae8406888478df,4801-0006,BACKFILL_EXACT,
1469,4811-8115,میکرومی معمویل هد — 0-25mm,4811-8115,4,Dasqua | داسکوا,,,,,4811-8115,4811-8115,generic.v1,PROFILE_MISSING,2,authorized_supplier_price_list,/home/shebahati/KaZar/Product and Data Complete/اندازه گیری/داسکوا/لیست قیمت داسکوا +10 درصد.pdf,tier1_3_registry_match,c589df1dc02df10f5405c6b98b5a5970b00db193891be082d7ae8406888478df,4811-8115,BACKFILL_EXACT,
1470,4811-8120,هد میکرومی 1 — 0-50mm,4811-8120,4,Dasqua | داسکوا,,,,,4811-8120,4811-8120,generic.v1,PROFILE_MISSING,2,authorized_supplier_price_list,/home/shebahati/KaZar/Product and Data Complete/اندازه گیری/داسکوا/لیست قیمت داسکوا +10 درصد.pdf,tier1_3_registry_match,c589df1dc02df10f5405c6b98b5a5970b00db193891be082d7ae8406888478df,4811-8120,BACKFILL_EXACT,
1471,4905-0005,میکرومیخارج میله ای دیجیتال ضد — 0-400mm/12-16,4905-0005,4,Dasqua | داسکوا,,,,,4905-0005,4905-0005,generic.v1,PROFILE_MISSING,2,authorized_supplier_price_list,/home/shebahati/KaZar/Product and Data Complete/اندازه گیری/داسکوا/لیست قیمت داسکوا +10 درصد.pdf,tier1_3_registry_match,c589df1dc02df10f5405c6b98b5a5970b00db193891be082d7ae8406888478df,4905-0005,BACKFILL_EXACT,
1472,4905-0006,/ ی خارج میله ای دیجیتال ضد — 0-500mm/16-20,4905-0006,4,Dasqua | داسکوا,,,,,4905-0006,4905-0006,generic.v1,PROFILE_MISSING,2,authorized_supplier_price_list,/home/shebahati/KaZar/Product and Data Complete/اندازه گیری/داسکوا/لیست قیمت داسکوا +10 درصد.pdf,tier1_3_registry_match,c589df1dc02df10f5405c6b98b5a5970b00db193891be082d7ae8406888478df,4905-0006,BACKFILL_EXACT,
1473,4905-0007,میکرومیخارج میله ای دیجیتال ضد — 0-600mm/20-24,4905-0007,4,Dasqua | داسکوا,,,,,4905-0007,4905-0007,generic.v1,PROFILE_MISSING,2,authorized_supplier_price_list,/home/shebahati/KaZar/Product and Data Complete/اندازه گیری/داسکوا/لیست قیمت داسکوا +10 درصد.pdf,tier1_3_registry_match,c589df1dc02df10f5405c6b98b5a5970b00db193891be082d7ae8406888478df,4905-0007,BACKFILL_EXACT,
1474,4905-0008,میکرومیخارج میله ای دیجیتال ضد — 0-700mm/24-28,4905-0008,4,Dasqua | داسکوا,,,,,4905-0008,4905-0008,generic.v1,PROFILE_MISSING,2,authorized_supplier_price_list,/home/shebahati/KaZar/Product and Data Complete/اندازه گیری/داسکوا/لیست قیمت داسکوا +10 درصد.pdf,tier1_3_registry_match,c589df1dc02df10f5405c6b98b5a5970b00db193891be082d7ae8406888478df,4905-0008,BACKFILL_EXACT,
1475,4905-0009,/ ی خارج میله ای دیجیتال ضد — 0-800mm/28-32,4905-0009,4,Dasqua | داسکوا,,,,,4905-0009,4905-0009,generic.v1,PROFILE_MISSING,2,authorized_supplier_price_list,/home/shebahati/KaZar/Product and Data Complete/اندازه گیری/داسکوا/لیست قیمت داسکوا +10 درصد.pdf,tier1_3_registry_match,c589df1dc02df10f5405c6b98b5a5970b00db193891be082d7ae8406888478df,4905-0009,BACKFILL_EXACT,
1476,4905-0010,میکرومیخارج میله ای دیجیتال ضد — 0-900mm/32-36,4905-0010,4,Dasqua | داسکوا,,,,,4905-0010,4905-0010,generic.v1,PROFILE_MISSING,2,authorized_supplier_price_list,/home/shebahati/KaZar/Product and Data Complete/اندازه گیری/داسکوا/لیست قیمت داسکوا +10 درصد.pdf,tier1_3_registry_match,c589df1dc02df10f5405c6b98b5a5970b00db193891be082d7ae8406888478df,4905-0010,BACKFILL_EXACT,
1477,4905-0011,میکرومیخارج میله ای دیجیتال ضد — 0-1000mm/36-40,4905-0011,4,Dasqua | داسکوا,,,,,4905-0011,4905-0011,generic.v1,PROFILE_MISSING,2,authorized_supplier_price_list,/home/shebahati/KaZar/Product and Data Complete/اندازه گیری/داسکوا/لیست قیمت داسکوا +10 درصد.pdf,tier1_3_registry_match,c589df1dc02df10f5405c6b98b5a5970b00db193891be082d7ae8406888478df,4905-0011,BACKFILL_EXACT,
1478,4910-2110,ی دار هد میکرومی — 0-15mm/0,4910-2110,4,Dasqua | داسکوا,,,,,4910-2110,4910-2110,generic.v1,PROFILE_MISSING,2,authorized_supplier_price_list,/home/shebahati/KaZar/Product and Data Complete/اندازه گیری/داسکوا/لیست قیمت داسکوا +10 درصد.pdf,tier1_3_registry_match,c589df1dc02df10f5405c6b98b5a5970b00db193891be082d7ae8406888478df,4910-2110,BACKFILL_EXACT,
1479,4910-2115,میکرومی دیجیتال خروج هد 1 — 0-25mm/0-1,4910-2115,4,Dasqua | داسکوا,,,,,4910-2115,4910-2115,generic.v1,PROFILE_MISSING,2,authorized_supplier_price_list,/home/shebahati/KaZar/Product and Data Complete/اندازه گیری/داسکوا/لیست قیمت داسکوا +10 درصد.pdf,tier1_3_registry_match,c589df1dc02df10f5405c6b98b5a5970b00db193891be082d7ae8406888478df,4910-2115,BACKFILL_EXACT,
1480,4910-2130,میکرومی دیجیتال کلمپ دار دسته فلزی ضد آب IP65خروج هد — 0-25mm/0-1,4910-2130,4,Dasqua | داسکوا,,,,,4910-2130,4910-2130,generic.v1,PROFILE_MISSING,2,authorized_supplier_price_list,/home/shebahati/KaZar/Product and Data Complete/اندازه گیری/داسکوا/لیست قیمت داسکوا +10 درصد.pdf,tier1_3_registry_match,c589df1dc02df10f5405c6b98b5a5970b00db193891be082d7ae8406888478df,4910-2130,BACKFILL_EXACT,
1481,4910-2135,هد میکرومی 1 — 0-50mm,4910-2135,4,Dasqua | داسکوا,,,,,4910-2135,4910-2135,generic.v1,PROFILE_MISSING,2,authorized_supplier_price_list,/home/shebahati/KaZar/Product and Data Complete/اندازه گیری/داسکوا/لیست قیمت داسکوا +10 درصد.pdf,tier1_3_registry_match,c589df1dc02df10f5405c6b98b5a5970b00db193891be082d7ae8406888478df,4910-2135,BACKFILL_EXACT,
1482,4910-4105,میکرومی داخل سنج دیجیتال دو فک,4910-4105,4,Dasqua | داسکوا,,,,,4910-4105,4910-4105,generic.v1,PROFILE_MISSING,2,authorized_supplier_price_list,/home/shebahati/KaZar/Product and Data Complete/اندازه گیری/داسکوا/لیست قیمت داسکوا +10 درصد.pdf,tier1_3_registry_match,c589df1dc02df10f5405c6b98b5a5970b00db193891be082d7ae8406888478df,4910-4105,BACKFILL_EXACT,
1483,4910-4110,میکرومی داخل سنج دیجیتال دو فک,4910-4110,4,Dasqua | داسکوا,,,,,4910-4110,4910-4110,generic.v1,PROFILE_MISSING,2,authorized_supplier_price_list,/home/shebahati/KaZar/Product and Data Complete/اندازه گیری/داسکوا/لیست قیمت داسکوا +10 درصد.pdf,tier1_3_registry_match,c589df1dc02df10f5405c6b98b5a5970b00db193891be082d7ae8406888478df,4910-4110,BACKFILL_EXACT,
1484,4910-4115,میکرومی داخل سنج دیجیتال دو فک — 0-75mm/2-3,4910-4115,4,Dasqua | داسکوا,,,,,4910-4115,4910-4115,generic.v1,PROFILE_MISSING,2,authorized_supplier_price_list,/home/shebahati/KaZar/Product and Data Complete/اندازه گیری/داسکوا/لیست قیمت داسکوا +10 درصد.pdf,tier1_3_registry_match,c589df1dc02df10f5405c6b98b5a5970b00db193891be082d7ae8406888478df,4910-4115,BACKFILL_EXACT,
1485,4910-4120,/ میکرومی داخل سنج دیجیتال دو فک ی,4910-4120,4,Dasqua | داسکوا,,,,,4910-4120,4910-4120,generic.v1,PROFILE_MISSING,2,authorized_supplier_price_list,/home/shebahati/KaZar/Product and Data Complete/اندازه گیری/داسکوا/لیست قیمت داسکوا +10 درصد.pdf,tier1_3_registry_match,c589df1dc02df10f5405c6b98b5a5970b00db193891be082d7ae8406888478df,4910-4120,BACKFILL_EXACT,
1488,4911-8130,میکرومی داخل سنج دو فک 5 — 0-125mm,4911-8130,4,Dasqua | داسکوا,,,,,4911-8130,4911-8130,generic.v1,PROFILE_MISSING,2,authorized_supplier_price_list,/home/shebahati/KaZar/Product and Data Complete/اندازه گیری/داسکوا/لیست قیمت داسکوا +10 درصد.pdf,tier1_3_registry_match,c589df1dc02df10f5405c6b98b5a5970b00db193891be082d7ae8406888478df,4911-8130,BACKFILL_EXACT,
1489,4911-8135,میکرومی داخل سنج دو فک 6,4911-8135,4,Dasqua | داسکوا,,,,,4911-8135,4911-8135,generic.v1,PROFILE_MISSING,2,authorized_supplier_price_list,/home/shebahati/KaZar/Product and Data Complete/اندازه گیری/داسکوا/لیست قیمت داسکوا +10 درصد.pdf,tier1_3_registry_match,c589df1dc02df10f5405c6b98b5a5970b00db193891be082d7ae8406888478df,4911-8135,BACKFILL_EXACT,
1490,4911-8140,میکرومی 7 — 0-175mm,4911-8140,4,Dasqua | داسکوا,,,,,4911-8140,4911-8140,generic.v1,PROFILE_MISSING,2,authorized_supplier_price_list,/home/shebahati/KaZar/Product and Data Complete/اندازه گیری/داسکوا/لیست قیمت داسکوا +10 درصد.pdf,tier1_3_registry_match,c589df1dc02df10f5405c6b98b5a5970b00db193891be082d7ae8406888478df,4911-8140,BACKFILL_EXACT,
1491,5111-1005,ي ساعت اندیکاتور پشت دار جعبه — 0-10mm,5111-1005,4,Dasqua | داسکوا,,,,,5111-1005,5111-1005,generic.v1,PROFILE_MISSING,2,authorized_supplier_price_list,/home/shebahati/KaZar/Product and Data Complete/اندازه گیری/داسکوا/لیست قیمت داسکوا +10 درصد.pdf,tier1_3_registry_match,c589df1dc02df10f5405c6b98b5a5970b00db193891be082d7ae8406888478df,5111-1005,BACKFILL_EXACT,
1492,5111-1110,ساعت اندیکاتور دور فلزی — 0-10mm,5111-1110,4,Dasqua | داسکوا,,,,,5111-1110,5111-1110,generic.v1,PROFILE_MISSING,2,authorized_supplier_price_list,/home/shebahati/KaZar/Product and Data Complete/اندازه گیری/داسکوا/لیست قیمت داسکوا +10 درصد.pdf,tier1_3_registry_match,c589df1dc02df10f5405c6b98b5a5970b00db193891be082d7ae8406888478df,5111-1110,BACKFILL_EXACT,
1493,5111-1205,ساعت اندیکاتور پشت دار — 0-10mm,5111-1205,4,Dasqua | داسکوا,,,,,5111-1205,5111-1205,generic.v1,PROFILE_MISSING,2,authorized_supplier_price_list,/home/shebahati/KaZar/Product and Data Complete/اندازه گیری/داسکوا/لیست قیمت داسکوا +10 درصد.pdf,tier1_3_registry_match,c589df1dc02df10f5405c6b98b5a5970b00db193891be082d7ae8406888478df,5111-1205,BACKFILL_EXACT,
1494,5121-1107,ساعت اندیکاتور ضدآب — 0-10mm,5121-1107,4,Dasqua | داسکوا,,,,,5121-1107,5121-1107,generic.v1,PROFILE_MISSING,2,authorized_supplier_price_list,/home/shebahati/KaZar/Product and Data Complete/اندازه گیری/داسکوا/لیست قیمت داسکوا +10 درصد.pdf,tier1_3_registry_match,c589df1dc02df10f5405c6b98b5a5970b00db193891be082d7ae8406888478df,5121-1107,BACKFILL_EXACT,
1495,5121-1201,ساعت اندیکاتور صفحه کوچک ضد رضبه SHOCK PROF — 0-3mm,5121-1201,4,Dasqua | داسکوا,,,,,5121-1201,5121-1201,generic.v1,PROFILE_MISSING,2,authorized_supplier_price_list,/home/shebahati/KaZar/Product and Data Complete/اندازه گیری/داسکوا/لیست قیمت داسکوا +10 درصد.pdf,tier1_3_registry_match,c589df1dc02df10f5405c6b98b5a5970b00db193891be082d7ae8406888478df,5121-1201,BACKFILL_EXACT,
1496,5121-1202,ساعت اندیکاتور صفحه کوچک ضد رضبه SHOCK PROF — 0-5mm,5121-1202,4,Dasqua | داسکوا,,,,,5121-1202,5121-1202,generic.v1,PROFILE_MISSING,2,authorized_supplier_price_list,/home/shebahati/KaZar/Product and Data Complete/اندازه گیری/داسکوا/لیست قیمت داسکوا +10 درصد.pdf,tier1_3_registry_match,c589df1dc02df10f5405c6b98b5a5970b00db193891be082d7ae8406888478df,5121-1202,BACKFILL_EXACT,
1497,5121-1204,ساعت اندیکاتور صفحه کوچک ( — 0-5mm,5121-1204,4,Dasqua | داسکوا,,,,,5121-1204,5121-1204,generic.v1,PROFILE_MISSING,2,authorized_supplier_price_list,/home/shebahati/KaZar/Product and Data Complete/اندازه گیری/داسکوا/لیست قیمت داسکوا +10 درصد.pdf,tier1_3_registry_match,c589df1dc02df10f5405c6b98b5a5970b00db193891be082d7ae8406888478df,5121-1204,BACKFILL_EXACT,
1498,5121-1215,ساعت اندیکاتور کورس بلند ضد رضبه — 0-50mm,5121-1215,4,Dasqua | داسکوا,,,,,5121-1215,5121-1215,generic.v1,PROFILE_MISSING,2,authorized_supplier_price_list,/home/shebahati/KaZar/Product and Data Complete/اندازه گیری/داسکوا/لیست قیمت داسکوا +10 درصد.pdf,tier1_3_registry_match,c589df1dc02df10f5405c6b98b5a5970b00db193891be082d7ae8406888478df,5121-1215,BACKFILL_EXACT,
1499,5121-1220,ساعت اندیکاتور کورس بلند ضد رضبه — 0-100mm,5121-1220,4,Dasqua | داسکوا,,,,,5121-1220,5121-1220,generic.v1,PROFILE_MISSING,2,authorized_supplier_price_list,/home/shebahati/KaZar/Product and Data Complete/اندازه گیری/داسکوا/لیست قیمت داسکوا +10 درصد.pdf,tier1_3_registry_match,c589df1dc02df10f5405c6b98b5a5970b00db193891be082d7ae8406888478df,5121-1220,BACKFILL_EXACT,
1500,5121-2101,ساعت اندیکاتور پشت دار دقت — 0-1mm,5121-2101,4,Dasqua | داسکوا,,,,,5121-2101,5121-2101,generic.v1,PROFILE_MISSING,2,authorized_supplier_price_list,/home/shebahati/KaZar/Product and Data Complete/اندازه گیری/داسکوا/لیست قیمت داسکوا +10 درصد.pdf,tier1_3_registry_match,c589df1dc02df10f5405c6b98b5a5970b00db193891be082d7ae8406888478df,5121-2101,BACKFILL_EXACT,
1501,5121-2201,ساعت اندیکاتور پشت دار دقت — 0-1mm,5121-2201,4,Dasqua | داسکوا,,,,,5121-2201,5121-2201,generic.v1,PROFILE_MISSING,2,authorized_supplier_price_list,/home/shebahati/KaZar/Product and Data Complete/اندازه گیری/داسکوا/لیست قیمت داسکوا +10 درصد.pdf,tier1_3_registry_match,c589df1dc02df10f5405c6b98b5a5970b00db193891be082d7ae8406888478df,5121-2201,BACKFILL_EXACT,
1502,5121-3005,ساعت اندیکاتور دور فلزی — 0-1mm,5121-3005,4,Dasqua | داسکوا,,,,,5121-3005,5121-3005,generic.v1,PROFILE_MISSING,2,authorized_supplier_price_list,/home/shebahati/KaZar/Product and Data Complete/اندازه گیری/داسکوا/لیست قیمت داسکوا +10 درصد.pdf,tier1_3_registry_match,c589df1dc02df10f5405c6b98b5a5970b00db193891be082d7ae8406888478df,5121-3005,BACKFILL_EXACT,
1503,5121-4200,ساعت اندیکاتور ( عقب گرد /بلی ینگ — 0-1mm,5121-4200,4,Dasqua | داسکوا,,,,,5121-4200,5121-4200,generic.v1,PROFILE_MISSING,2,authorized_supplier_price_list,/home/shebahati/KaZar/Product and Data Complete/اندازه گیری/داسکوا/لیست قیمت داسکوا +10 درصد.pdf,tier1_3_registry_match,c589df1dc02df10f5405c6b98b5a5970b00db193891be082d7ae8406888478df,5121-4200,BACKFILL_EXACT,
1504,5130-1110,ساعت اندیکاتور دیجیتال کورس بلند — 0-25/4,5130-1110,4,Dasqua | داسکوا,,,,,5130-1110,5130-1110,generic.v1,PROFILE_MISSING,2,authorized_supplier_price_list,/home/shebahati/KaZar/Product and Data Complete/اندازه گیری/داسکوا/لیست قیمت داسکوا +10 درصد.pdf,tier1_3_registry_match,c589df1dc02df10f5405c6b98b5a5970b00db193891be082d7ae8406888478df,5130-1110,BACKFILL_EXACT,
1505,5140-1110,ساعت اندیکاتور دیجیتال کورس بلند 5دکمه ابسلوت — 0-25/4,5140-1110,4,Dasqua | داسکوا,,,,,5140-1110,5140-1110,generic.v1,PROFILE_MISSING,2,authorized_supplier_price_list,/home/shebahati/KaZar/Product and Data Complete/اندازه گیری/داسکوا/لیست قیمت داسکوا +10 درصد.pdf,tier1_3_registry_match,c589df1dc02df10f5405c6b98b5a5970b00db193891be082d7ae8406888478df,5140-1110,BACKFILL_EXACT,
1506,5140-1120,ساعت اندیکاتور دیجیتال کورس بلند 5دکمه ابسلوت — 0-101/6,5140-1120,4,Dasqua | داسکوا,,,,,5140-1120,5140-1120,generic.v1,PROFILE_MISSING,2,authorized_supplier_price_list,/home/shebahati/KaZar/Product and Data Complete/اندازه گیری/داسکوا/لیست قیمت داسکوا +10 درصد.pdf,tier1_3_registry_match,c589df1dc02df10f5405c6b98b5a5970b00db193891be082d7ae8406888478df,5140-1120,BACKFILL_EXACT,
1507,5141-2105,ساعت اندیکاتور کورس بلند ضد رضبه — 0-30mm,5141-2105,4,Dasqua | داسکوا,,,,,5141-2105,5141-2105,generic.v1,PROFILE_MISSING,2,authorized_supplier_price_list,/home/shebahati/KaZar/Product and Data Complete/اندازه گیری/داسکوا/لیست قیمت داسکوا +10 درصد.pdf,tier1_3_registry_match,c589df1dc02df10f5405c6b98b5a5970b00db193891be082d7ae8406888478df,5141-2105,BACKFILL_EXACT,
1508,5221-0000,ساعت شیطانیک,5221-0000,4,Dasqua | داسکوا,,,,,5221-0000,5221-0000,generic.v1,PROFILE_MISSING,2,authorized_supplier_price_list,/home/shebahati/KaZar/Product and Data Complete/اندازه گیری/داسکوا/لیست قیمت داسکوا +10 درصد.pdf,tier1_3_registry_match,c589df1dc02df10f5405c6b98b5a5970b00db193891be082d7ae8406888478df,5221-0000,BACKFILL_EXACT,
1509,5221-0005,ساعت شیطانیک — 0-50mm,5221-0005,4,Dasqua | داسکوا,,,,,5221-0005,5221-0005,generic.v1,PROFILE_MISSING,2,authorized_supplier_price_list,/home/shebahati/KaZar/Product and Data Complete/اندازه گیری/داسکوا/لیست قیمت داسکوا +10 درصد.pdf,tier1_3_registry_match,c589df1dc02df10f5405c6b98b5a5970b00db193891be082d7ae8406888478df,5221-0005,BACKFILL_EXACT,
1510,5221-1000,ساعت شیطانیک با پایه مگنت shock — 0,5221-1000,4,Dasqua | داسکوا,,,,,5221-1000,5221-1000,generic.v1,PROFILE_MISSING,2,authorized_supplier_price_list,/home/shebahati/KaZar/Product and Data Complete/اندازه گیری/داسکوا/لیست قیمت داسکوا +10 درصد.pdf,tier1_3_registry_match,c589df1dc02df10f5405c6b98b5a5970b00db193891be082d7ae8406888478df,5221-1000,BACKFILL_EXACT,
1511,5221-1001,ساعت شیطانیک ضد رضبه ست کامل — 0,5221-1001,4,Dasqua | داسکوا,,,,,5221-1001,5221-1001,generic.v1,PROFILE_MISSING,2,authorized_supplier_price_list,/home/shebahati/KaZar/Product and Data Complete/اندازه گیری/داسکوا/لیست قیمت داسکوا +10 درصد.pdf,tier1_3_registry_match,c589df1dc02df10f5405c6b98b5a5970b00db193891be082d7ae8406888478df,5221-1001,BACKFILL_EXACT,
1512,5221-1106,ساعت شیطانیک ضد رضبه ست کامل — 0,5221-1106,4,Dasqua | داسکوا,,,,,5221-1106,5221-1106,generic.v1,PROFILE_MISSING,2,authorized_supplier_price_list,/home/shebahati/KaZar/Product and Data Complete/اندازه گیری/داسکوا/لیست قیمت داسکوا +10 درصد.pdf,tier1_3_registry_match,c589df1dc02df10f5405c6b98b5a5970b00db193891be082d7ae8406888478df,5221-1106,BACKFILL_EXACT,
1513,5221-1129,ساعت شیطانیک ضد رضبه shock — 0,5221-1129,4,Dasqua | داسکوا,,,,,5221-1129,5221-1129,generic.v1,PROFILE_MISSING,2,authorized_supplier_price_list,/home/shebahati/KaZar/Product and Data Complete/اندازه گیری/داسکوا/لیست قیمت داسکوا +10 درصد.pdf,tier1_3_registry_match,c589df1dc02df10f5405c6b98b5a5970b00db193891be082d7ae8406888478df,5221-1129,BACKFILL_EXACT,
1514,5221-1140,ساعت شیطانیک صفحه بزرگ ضد — 0,5221-1140,4,Dasqua | داسکوا,,,,,5221-1140,5221-1140,generic.v1,PROFILE_MISSING,2,authorized_supplier_price_list,/home/shebahati/KaZar/Product and Data Complete/اندازه گیری/داسکوا/لیست قیمت داسکوا +10 درصد.pdf,tier1_3_registry_match,c589df1dc02df10f5405c6b98b5a5970b00db193891be082d7ae8406888478df,5221-1140,BACKFILL_EXACT,
1516,5221-1210,ساعت شیطانیک صفحه بزرگ پراپ — 0-1210mm,5221-1210,4,Dasqua | داسکوا,,,,,5221-1210,5221-1210,generic.v1,PROFILE_MISSING,2,authorized_supplier_price_list,/home/shebahati/KaZar/Product and Data Complete/اندازه گیری/داسکوا/لیست قیمت داسکوا +10 درصد.pdf,tier1_3_registry_match,c589df1dc02df10f5405c6b98b5a5970b00db193891be082d7ae8406888478df,5221-1210,BACKFILL_EXACT,
1517,5221-1220,ساعت شیطانیک صفحه بزرگ پراپ — 0-1220mm,5221-1220,4,Dasqua | داسکوا,,,,,5221-1220,5221-1220,generic.v1,PROFILE_MISSING,2,authorized_supplier_price_list,/home/shebahati/KaZar/Product and Data Complete/اندازه گیری/داسکوا/لیست قیمت داسکوا +10 درصد.pdf,tier1_3_registry_match,c589df1dc02df10f5405c6b98b5a5970b00db193891be082d7ae8406888478df,5221-1220,BACKFILL_EXACT,
1519,5260-1105,ساعت اندیکاتور دیجیتال خروج — 0-12/7,5260-1105,4,Dasqua | داسکوا,,,,,5260-1105,5260-1105,generic.v1,PROFILE_MISSING,2,authorized_supplier_price_list,/home/shebahati/KaZar/Product and Data Complete/اندازه گیری/داسکوا/لیست قیمت داسکوا +10 درصد.pdf,tier1_3_registry_match,c589df1dc02df10f5405c6b98b5a5970b00db193891be082d7ae8406888478df,5260-1105,BACKFILL_EXACT,
1520,5260-1110,ساعت اندیکاتور دیجیتال خروج — 0-25/4,5260-1110,4,Dasqua | داسکوا,,,,,5260-1110,5260-1110,generic.v1,PROFILE_MISSING,2,authorized_supplier_price_list,/home/shebahati/KaZar/Product and Data Complete/اندازه گیری/داسکوا/لیست قیمت داسکوا +10 درصد.pdf,tier1_3_registry_match,c589df1dc02df10f5405c6b98b5a5970b00db193891be082d7ae8406888478df,5260-1110,BACKFILL_EXACT,
1521,5260-1115,ساعت اندیکاتور دیجیتال خروج — 0-5,5260-1115,4,Dasqua | داسکوا,,,,,5260-1115,5260-1115,generic.v1,PROFILE_MISSING,2,authorized_supplier_price_list,/home/shebahati/KaZar/Product and Data Complete/اندازه گیری/داسکوا/لیست قیمت داسکوا +10 درصد.pdf,tier1_3_registry_match,c589df1dc02df10f5405c6b98b5a5970b00db193891be082d7ae8406888478df,5260-1115,BACKFILL_EXACT,
1522,5260-3705,ساعت اندیکاتور دیجیتال خروج — 0-12/7,5260-3705,4,Dasqua | داسکوا,,,,,5260-3705,5260-3705,generic.v1,PROFILE_MISSING,2,authorized_supplier_price_list,/home/shebahati/KaZar/Product and Data Complete/اندازه گیری/داسکوا/لیست قیمت داسکوا +10 درصد.pdf,tier1_3_registry_match,c589df1dc02df10f5405c6b98b5a5970b00db193891be082d7ae8406888478df,5260-3705,BACKFILL_EXACT,
1523,5260-3710,ساعت اندیکاتور دیجیتال خروج — 0-25/4,5260-3710,4,Dasqua | داسکوا,,,,,5260-3710,5260-3710,generic.v1,PROFILE_MISSING,2,authorized_supplier_price_list,/home/shebahati/KaZar/Product and Data Complete/اندازه گیری/داسکوا/لیست قیمت داسکوا +10 درصد.pdf,tier1_3_registry_match,c589df1dc02df10f5405c6b98b5a5970b00db193891be082d7ae8406888478df,5260-3710,BACKFILL_EXACT,
1524,5260-3715,ساعت اندیکاتور دیجیتال خروج — 0-5,5260-3715,4,Dasqua | داسکوا,,,,,5260-3715,5260-3715,generic.v1,PROFILE_MISSING,2,authorized_supplier_price_list,/home/shebahati/KaZar/Product and Data Complete/اندازه گیری/داسکوا/لیست قیمت داسکوا +10 درصد.pdf,tier1_3_registry_match,c589df1dc02df10f5405c6b98b5a5970b00db193891be082d7ae8406888478df,5260-3715,BACKFILL_EXACT,
1525,5260-3720,ساعت اندیکاتور دیجیتال خروج — 0-100mm/0-4,5260-3720,4,Dasqua | داسکوا,,,,,5260-3720,5260-3720,generic.v1,PROFILE_MISSING,2,authorized_supplier_price_list,/home/shebahati/KaZar/Product and Data Complete/اندازه گیری/داسکوا/لیست قیمت داسکوا +10 درصد.pdf,tier1_3_registry_match,c589df1dc02df10f5405c6b98b5a5970b00db193891be082d7ae8406888478df,5260-3720,BACKFILL_EXACT,
1526,5260-4205,ساعت اندیکاتور دیجیتال خروج — 0-12/7,5260-4205,4,Dasqua | داسکوا,,,,,5260-4205,5260-4205,generic.v1,PROFILE_MISSING,2,authorized_supplier_price_list,/home/shebahati/KaZar/Product and Data Complete/اندازه گیری/داسکوا/لیست قیمت داسکوا +10 درصد.pdf,tier1_3_registry_match,c589df1dc02df10f5405c6b98b5a5970b00db193891be082d7ae8406888478df,5260-4205,BACKFILL_EXACT,
1527,5260-4210,ساعت اندیکاتور دیجیتال خروج — 0-25/4,5260-4210,4,Dasqua | داسکوا,,,,,5260-4210,5260-4210,generic.v1,PROFILE_MISSING,2,authorized_supplier_price_list,/home/shebahati/KaZar/Product and Data Complete/اندازه گیری/داسکوا/لیست قیمت داسکوا +10 درصد.pdf,tier1_3_registry_match,c589df1dc02df10f5405c6b98b5a5970b00db193891be082d7ae8406888478df,5260-4210,BACKFILL_EXACT,
1528,5260-4215,ساعت اندیکاتور دیجیتال خروج — 0-5,5260-4215,4,Dasqua | داسکوا,,,,,5260-4215,5260-4215,generic.v1,PROFILE_MISSING,2,authorized_supplier_price_list,/home/shebahati/KaZar/Product and Data Complete/اندازه گیری/داسکوا/لیست قیمت داسکوا +10 درصد.pdf,tier1_3_registry_match,c589df1dc02df10f5405c6b98b5a5970b00db193891be082d7ae8406888478df,5260-4215,BACKFILL_EXACT,
1529,5261-1205,ساعت اندیکاتور دیجیتال شارژی — 0-12/7,5261-1205,4,Dasqua | داسکوا,,,,,5261-1205,5261-1205,generic.v1,PROFILE_MISSING,2,authorized_supplier_price_list,/home/shebahati/KaZar/Product and Data Complete/اندازه گیری/داسکوا/لیست قیمت داسکوا +10 درصد.pdf,tier1_3_registry_match,c589df1dc02df10f5405c6b98b5a5970b00db193891be082d7ae8406888478df,5261-1205,BACKFILL_EXACT,
1530,5333-6101,پراپ ساعت غلطیک استیل اسنلس,5333-6101,4,Dasqua | داسکوا,,,,,5333-6101,5333-6101,generic.v1,PROFILE_MISSING,2,authorized_supplier_price_list,/home/shebahati/KaZar/Product and Data Complete/اندازه گیری/داسکوا/لیست قیمت داسکوا +10 درصد.pdf,tier1_3_registry_match,c589df1dc02df10f5405c6b98b5a5970b00db193891be082d7ae8406888478df,5333-6101,BACKFILL_EXACT,
1531,5333-6303,پراپ ساعت غلطیک استیل اسنلس,5333-6303,4,Dasqua | داسکوا,,,,,5333-6303,5333-6303,generic.v1,PROFILE_MISSING,2,authorized_supplier_price_list,/home/shebahati/KaZar/Product and Data Complete/اندازه گیری/داسکوا/لیست قیمت داسکوا +10 درصد.pdf,tier1_3_registry_match,c589df1dc02df10f5405c6b98b5a5970b00db193891be082d7ae8406888478df,5333-6303,BACKFILL_EXACT,
1532,5333-7001,نوک پراب ساعت اندیکاتور داسکوا کد 5333-7001,5333-7001,4,Dasqua | داسکوا,,,,5333-7001,5333-7001,5333-7001,generic.v1,PROFILE_MISSING,2,authorized_supplier_price_list,/home/shebahati/KaZar/Product and Data Complete/اندازه گیری/داسکوا/لیست قیمت داسکوا +10 درصد.pdf,tier1_3_registry_match,c589df1dc02df10f5405c6b98b5a5970b00db193891be082d7ae8406888478df,5333-7001,BACKFILL_EXACT,
1533,5333-7201,نوک پراب ساعت اندیکاتور داسکوا کد 5333-7201,5333-7201,4,Dasqua | داسکوا,,,,5333-7201,5333-7201,5333-7201,generic.v1,PROFILE_MISSING,2,authorized_supplier_price_list,/home/shebahati/KaZar/Product and Data Complete/اندازه گیری/داسکوا/لیست قیمت داسکوا +10 درصد.pdf,tier1_3_registry_match,c589df1dc02df10f5405c6b98b5a5970b00db193891be082d7ae8406888478df,5333-7201,BACKFILL_EXACT,
1534,5333-7203,نوک پراب ساعت اندیکاتور داسکوا کد 5333-7203,5333-7203,4,Dasqua | داسکوا,,,,5333-7203,5333-7203,5333-7203,generic.v1,PROFILE_MISSING,2,authorized_supplier_price_list,/home/shebahati/KaZar/Product and Data Complete/اندازه گیری/داسکوا/لیست قیمت داسکوا +10 درصد.pdf,tier1_3_registry_match,c589df1dc02df10f5405c6b98b5a5970b00db193891be082d7ae8406888478df,5333-7203,BACKFILL_EXACT,
1535,5333-7204,نوک پراب ساعت اندیکاتور داسکوا کد 5333-7204,5333-7204,4,Dasqua | داسکوا,,,,5333-7204,5333-7204,5333-7204,generic.v1,PROFILE_MISSING,2,authorized_supplier_price_list,/home/shebahati/KaZar/Product and Data Complete/اندازه گیری/داسکوا/لیست قیمت داسکوا +10 درصد.pdf,tier1_3_registry_match,c589df1dc02df10f5405c6b98b5a5970b00db193891be082d7ae8406888478df,5333-7204,BACKFILL_EXACT,
1536,5333-7205,نوک پراب ساعت اندیکاتور داسکوا کد 5333-7205,5333-7205,4,Dasqua | داسکوا,,,,5333-7205,5333-7205,5333-7205,generic.v1,PROFILE_MISSING,2,authorized_supplier_price_list,/home/shebahati/KaZar/Product and Data Complete/اندازه گیری/داسکوا/لیست قیمت داسکوا +10 درصد.pdf,tier1_3_registry_match,c589df1dc02df10f5405c6b98b5a5970b00db193891be082d7ae8406888478df,5333-7205,BACKFILL_EXACT,
1537,5333-7602,نوک پراب ساعت اندیکاتور داسکوا کد 5333-7602,5333-7602,4,Dasqua | داسکوا,,,,5333-7602,5333-7602,5333-7602,generic.v1,PROFILE_MISSING,2,authorized_supplier_price_list,/home/shebahati/KaZar/Product and Data Complete/اندازه گیری/داسکوا/لیست قیمت داسکوا +10 درصد.pdf,tier1_3_registry_match,c589df1dc02df10f5405c6b98b5a5970b00db193891be082d7ae8406888478df,5333-7602,BACKFILL_EXACT,
1538,5333-7603,نوک پراب ساعت اندیکاتور داسکوا کد 5333-7603,5333-7603,4,Dasqua | داسکوا,,,,5333-7603,5333-7603,5333-7603,generic.v1,PROFILE_MISSING,2,authorized_supplier_price_list,/home/shebahati/KaZar/Product and Data Complete/اندازه گیری/داسکوا/لیست قیمت داسکوا +10 درصد.pdf,tier1_3_registry_match,c589df1dc02df10f5405c6b98b5a5970b00db193891be082d7ae8406888478df,5333-7603,BACKFILL_EXACT,
1539,5333-7604,نوک پراب ساعت اندیکاتور داسکوا کد 5333-7604,5333-7604,4,Dasqua | داسکوا,,,,5333-7604,5333-7604,5333-7604,generic.v1,PROFILE_MISSING,2,authorized_supplier_price_list,/home/shebahati/KaZar/Product and Data Complete/اندازه گیری/داسکوا/لیست قیمت داسکوا +10 درصد.pdf,tier1_3_registry_match,c589df1dc02df10f5405c6b98b5a5970b00db193891be082d7ae8406888478df,5333-7604,BACKFILL_EXACT,
1540,5333-7707,نوک پراب ساعت اندیکاتور داسکوا کد 5333-7707,5333-7707,4,Dasqua | داسکوا,,,,5333-7707,5333-7707,5333-7707,generic.v1,PROFILE_MISSING,2,authorized_supplier_price_list,/home/shebahati/KaZar/Product and Data Complete/اندازه گیری/داسکوا/لیست قیمت داسکوا +10 درصد.pdf,tier1_3_registry_match,c589df1dc02df10f5405c6b98b5a5970b00db193891be082d7ae8406888478df,5333-7707,BACKFILL_EXACT,
1541,5333-7708,نوک پراب ساعت اندیکاتور داسکوا کد 5333-7708,5333-7708,4,Dasqua | داسکوا,,,,5333-7708,5333-7708,5333-7708,generic.v1,PROFILE_MISSING,2,authorized_supplier_price_list,/home/shebahati/KaZar/Product and Data Complete/اندازه گیری/داسکوا/لیست قیمت داسکوا +10 درصد.pdf,tier1_3_registry_match,c589df1dc02df10f5405c6b98b5a5970b00db193891be082d7ae8406888478df,5333-7708,BACKFILL_EXACT,
1542,5333-7712,نوک پراب ساعت اندیکاتور داسکوا کد 5333-7712,5333-7712,4,Dasqua | داسکوا,,,,5333-7712,5333-7712,5333-7712,generic.v1,PROFILE_MISSING,2,authorized_supplier_price_list,/home/shebahati/KaZar/Product and Data Complete/اندازه گیری/داسکوا/لیست قیمت داسکوا +10 درصد.pdf,tier1_3_registry_match,c589df1dc02df10f5405c6b98b5a5970b00db193891be082d7ae8406888478df,5333-7712,BACKFILL_EXACT,
1543,5333-7713,نوک پراب ساعت اندیکاتور داسکوا کد 5333-7713,5333-7713,4,Dasqua | داسکوا,,,,5333-7713,5333-7713,5333-7713,generic.v1,PROFILE_MISSING,2,authorized_supplier_price_list,/home/shebahati/KaZar/Product and Data Complete/اندازه گیری/داسکوا/لیست قیمت داسکوا +10 درصد.pdf,tier1_3_registry_match,c589df1dc02df10f5405c6b98b5a5970b00db193891be082d7ae8406888478df,5333-7713,BACKFILL_EXACT,
1544,5333-7801,نوک پراب ساعت اندیکاتور داسکوا کد 5333-7801,5333-7801,4,Dasqua | داسکوا,,,,5333-7801,5333-7801,5333-7801,generic.v1,PROFILE_MISSING,2,authorized_supplier_price_list,/home/shebahati/KaZar/Product and Data Complete/اندازه گیری/داسکوا/لیست قیمت داسکوا +10 درصد.pdf,tier1_3_registry_match,c589df1dc02df10f5405c6b98b5a5970b00db193891be082d7ae8406888478df,5333-7801,BACKFILL_EXACT,
1545,5333-7901,پراپ ساعت غلطیک استیل اسنلس,5333-7901,4,Dasqua | داسکوا,,,,,5333-7901,5333-7901,generic.v1,PROFILE_MISSING,2,authorized_supplier_price_list,/home/shebahati/KaZar/Product and Data Complete/اندازه گیری/داسکوا/لیست قیمت داسکوا +10 درصد.pdf,tier1_3_registry_match,c589df1dc02df10f5405c6b98b5a5970b00db193891be082d7ae8406888478df,5333-7901,BACKFILL_EXACT,
1546,5333-8001,نوک پراب ساعت اندیکاتور داسکوا کد 5333-8001,5333-8001,4,Dasqua | داسکوا,,,,5333-8001,5333-8001,5333-8001,generic.v1,PROFILE_MISSING,2,authorized_supplier_price_list,/home/shebahati/KaZar/Product and Data Complete/اندازه گیری/داسکوا/لیست قیمت داسکوا +10 درصد.pdf,tier1_3_registry_match,c589df1dc02df10f5405c6b98b5a5970b00db193891be082d7ae8406888478df,5333-8001,BACKFILL_EXACT,
1547,5333-8002,نوک پراب ساعت اندیکاتور داسکوا کد 5333-8002,5333-8002,4,Dasqua | داسکوا,,,,5333-8002,5333-8002,5333-8002,generic.v1,PROFILE_MISSING,2,authorized_supplier_price_list,/home/shebahati/KaZar/Product and Data Complete/اندازه گیری/داسکوا/لیست قیمت داسکوا +10 درصد.pdf,tier1_3_registry_match,c589df1dc02df10f5405c6b98b5a5970b00db193891be082d7ae8406888478df,5333-8002,BACKFILL_EXACT,
1548,5333-8003,نوک پراب ساعت اندیکاتور داسکوا کد 5333-8003,5333-8003,4,Dasqua | داسکوا,,,,5333-8003,5333-8003,5333-8003,generic.v1,PROFILE_MISSING,2,authorized_supplier_price_list,/home/shebahati/KaZar/Product and Data Complete/اندازه گیری/داسکوا/لیست قیمت داسکوا +10 درصد.pdf,tier1_3_registry_match,c589df1dc02df10f5405c6b98b5a5970b00db193891be082d7ae8406888478df,5333-8003,BACKFILL_EXACT,
1549,5333-8004,نوک پراب ساعت اندیکاتور داسکوا کد 5333-8004,5333-8004,4,Dasqua | داسکوا,,,,5333-8004,5333-8004,5333-8004,generic.v1,PROFILE_MISSING,2,authorized_supplier_price_list,/home/shebahati/KaZar/Product and Data Complete/اندازه گیری/داسکوا/لیست قیمت داسکوا +10 درصد.pdf,tier1_3_registry_match,c589df1dc02df10f5405c6b98b5a5970b00db193891be082d7ae8406888478df,5333-8004,BACKFILL_EXACT,
1550,5333-8005,نوک پراب ساعت اندیکاتور داسکوا کد 5333-8005,5333-8005,4,Dasqua | داسکوا,,,,5333-8005,5333-8005,5333-8005,generic.v1,PROFILE_MISSING,2,authorized_supplier_price_list,/home/shebahati/KaZar/Product and Data Complete/اندازه گیری/داسکوا/لیست قیمت داسکوا +10 درصد.pdf,tier1_3_registry_match,c589df1dc02df10f5405c6b98b5a5970b00db193891be082d7ae8406888478df,5333-8005,BACKFILL_EXACT,
1551,5333-8006,نوک پراب ساعت اندیکاتور داسکوا کد 5333-8006,5333-8006,4,Dasqua | داسکوا,,,,5333-8006,5333-8006,5333-8006,generic.v1,PROFILE_MISSING,2,authorized_supplier_price_list,/home/shebahati/KaZar/Product and Data Complete/اندازه گیری/داسکوا/لیست قیمت داسکوا +10 درصد.pdf,tier1_3_registry_match,c589df1dc02df10f5405c6b98b5a5970b00db193891be082d7ae8406888478df,5333-8006,BACKFILL_EXACT,
1552,5333-8007,نوک پراب ساعت اندیکاتور داسکوا کد 5333-8007,5333-8007,4,Dasqua | داسکوا,,,,5333-8007,5333-8007,5333-8007,generic.v1,PROFILE_MISSING,2,authorized_supplier_price_list,/home/shebahati/KaZar/Product and Data Complete/اندازه گیری/داسکوا/لیست قیمت داسکوا +10 درصد.pdf,tier1_3_registry_match,c589df1dc02df10f5405c6b98b5a5970b00db193891be082d7ae8406888478df,5333-8007,BACKFILL_EXACT,
1553,5333-8008,نوک پراب ساعت اندیکاتور داسکوا کد 5333-8008,5333-8008,4,Dasqua | داسکوا,,,,5333-8008,5333-8008,5333-8008,generic.v1,PROFILE_MISSING,2,authorized_supplier_price_list,/home/shebahati/KaZar/Product and Data Complete/اندازه گیری/داسکوا/لیست قیمت داسکوا +10 درصد.pdf,tier1_3_registry_match,c589df1dc02df10f5405c6b98b5a5970b00db193891be082d7ae8406888478df,5333-8008,BACKFILL_EXACT,
1554,5333-8009,نوک پراب ساعت اندیکاتور داسکوا کد 5333-8009,5333-8009,4,Dasqua | داسکوا,,,,5333-8009,5333-8009,5333-8009,generic.v1,PROFILE_MISSING,2,authorized_supplier_price_list,/home/shebahati/KaZar/Product and Data Complete/اندازه گیری/داسکوا/لیست قیمت داسکوا +10 درصد.pdf,tier1_3_registry_match,c589df1dc02df10f5405c6b98b5a5970b00db193891be082d7ae8406888478df,5333-8009,BACKFILL_EXACT,
1555,5340-8110,ساعت اندیکاتور دیجیتال کورس بلند — 0-25/4,5340-8110,4,Dasqua | داسکوا,,,,,5340-8110,5340-8110,generic.v1,PROFILE_MISSING,2,authorized_supplier_price_list,/home/shebahati/KaZar/Product and Data Complete/اندازه گیری/داسکوا/لیست قیمت داسکوا +10 درصد.pdf,tier1_3_registry_match,c589df1dc02df10f5405c6b98b5a5970b00db193891be082d7ae8406888478df,5340-8110,BACKFILL_EXACT,
1556,5340-8115,ساعت اندیکاتور دیجیتال کورس بلند — 0-5,5340-8115,4,Dasqua | داسکوا,,,,,5340-8115,5340-8115,generic.v1,PROFILE_MISSING,2,authorized_supplier_price_list,/home/shebahati/KaZar/Product and Data Complete/اندازه گیری/داسکوا/لیست قیمت داسکوا +10 درصد.pdf,tier1_3_registry_match,c589df1dc02df10f5405c6b98b5a5970b00db193891be082d7ae8406888478df,5340-8115,BACKFILL_EXACT,
1557,5351-2110,ساعت اندازه گی — 0,5351-2110,4,Dasqua | داسکوا,,,,,5351-2110,5351-2110,generic.v1,PROFILE_MISSING,2,authorized_supplier_price_list,/home/shebahati/KaZar/Product and Data Complete/اندازه گیری/داسکوا/لیست قیمت داسکوا +10 درصد.pdf,tier1_3_registry_match,c589df1dc02df10f5405c6b98b5a5970b00db193891be082d7ae8406888478df,5351-2110,BACKFILL_EXACT,
1558,5361-0005,ساعت اندازه گی — 0-50mm,5361-0005,4,Dasqua | داسکوا,,,,,5361-0005,5361-0005,generic.v1,PROFILE_MISSING,2,authorized_supplier_price_list,/home/shebahati/KaZar/Product and Data Complete/اندازه گیری/داسکوا/لیست قیمت داسکوا +10 درصد.pdf,tier1_3_registry_match,c589df1dc02df10f5405c6b98b5a5970b00db193891be082d7ae8406888478df,5361-0005,BACKFILL_EXACT,
1559,5410-8205,ساعت شیطانیک دیجیتال ضد آب — 0,5410-8205,4,Dasqua | داسکوا,,,,,5410-8205,5410-8205,generic.v1,PROFILE_MISSING,2,authorized_supplier_price_list,/home/shebahati/KaZar/Product and Data Complete/اندازه گیری/داسکوا/لیست قیمت داسکوا +10 درصد.pdf,tier1_3_registry_match,c589df1dc02df10f5405c6b98b5a5970b00db193891be082d7ae8406888478df,5410-8205,BACKFILL_EXACT,
1565,5511-1120,گیج داخل سیلندر ساعت — 0-1120mm,5511-1120,4,Dasqua | داسکوا,,,,,5511-1120,5511-1120,generic.v1,PROFILE_MISSING,2,authorized_supplier_price_list,/home/shebahati/KaZar/Product and Data Complete/اندازه گیری/داسکوا/لیست قیمت داسکوا +10 درصد.pdf,tier1_3_registry_match,c589df1dc02df10f5405c6b98b5a5970b00db193891be082d7ae8406888478df,5511-1120,BACKFILL_EXACT,
1575,5581-0005,گیج داخل سیلندر ساعت — 0-800mm,5581-0005,4,Dasqua | داسکوا,,,,,5581-0005,5581-0005,generic.v1,PROFILE_MISSING,2,authorized_supplier_price_list,/home/shebahati/KaZar/Product and Data Complete/اندازه گیری/داسکوا/لیست قیمت داسکوا +10 درصد.pdf,tier1_3_registry_match,c589df1dc02df10f5405c6b98b5a5970b00db193891be082d7ae8406888478df,5581-0005,BACKFILL_EXACT,
1576,5610-8105,گیج داخل سیلندر با پراپ هاي,5610-8105,4,Dasqua | داسکوا,,,,,5610-8105,5610-8105,generic.v1,PROFILE_MISSING,2,authorized_supplier_price_list,/home/shebahati/KaZar/Product and Data Complete/اندازه گیری/داسکوا/لیست قیمت داسکوا +10 درصد.pdf,tier1_3_registry_match,c589df1dc02df10f5405c6b98b5a5970b00db193891be082d7ae8406888478df,5610-8105,BACKFILL_EXACT,
1577,5610-8110,گیج داخل سیلندر با پراپ هاي — 0-18mm,5610-8110,4,Dasqua | داسکوا,,,,,5610-8110,5610-8110,generic.v1,PROFILE_MISSING,2,authorized_supplier_price_list,/home/shebahati/KaZar/Product and Data Complete/اندازه گیری/داسکوا/لیست قیمت داسکوا +10 درصد.pdf,tier1_3_registry_match,c589df1dc02df10f5405c6b98b5a5970b00db193891be082d7ae8406888478df,5610-8110,BACKFILL_EXACT,
1578,5610-8115,گیج داخل سیلندر با پراپ هاي,5610-8115,4,Dasqua | داسکوا,,,,,5610-8115,5610-8115,generic.v1,PROFILE_MISSING,2,authorized_supplier_price_list,/home/shebahati/KaZar/Product and Data Complete/اندازه گیری/داسکوا/لیست قیمت داسکوا +10 درصد.pdf,tier1_3_registry_match,c589df1dc02df10f5405c6b98b5a5970b00db193891be082d7ae8406888478df,5610-8115,BACKFILL_EXACT,
1579,5610-8120,گیج داخل سیلندر با پراپ هاي,5610-8120,4,Dasqua | داسکوا,,,,,5610-8120,5610-8120,generic.v1,PROFILE_MISSING,2,authorized_supplier_price_list,/home/shebahati/KaZar/Product and Data Complete/اندازه گیری/داسکوا/لیست قیمت داسکوا +10 درصد.pdf,tier1_3_registry_match,c589df1dc02df10f5405c6b98b5a5970b00db193891be082d7ae8406888478df,5610-8120,BACKFILL_EXACT,
1580,5610-8125,گیج داخل سیلندر با پراپ هاي — 0-160mm/2-6/3,5610-8125,4,Dasqua | داسکوا,,,,,5610-8125,5610-8125,generic.v1,PROFILE_MISSING,2,authorized_supplier_price_list,/home/shebahati/KaZar/Product and Data Complete/اندازه گیری/داسکوا/لیست قیمت داسکوا +10 درصد.pdf,tier1_3_registry_match,c589df1dc02df10f5405c6b98b5a5970b00db193891be082d7ae8406888478df,5610-8125,BACKFILL_EXACT,
1581,5610-8130,گیج داخل سیلندر با پراپ هاي — 0-250mm/6-10,5610-8130,4,Dasqua | داسکوا,,,,,5610-8130,5610-8130,generic.v1,PROFILE_MISSING,2,authorized_supplier_price_list,/home/shebahati/KaZar/Product and Data Complete/اندازه گیری/داسکوا/لیست قیمت داسکوا +10 درصد.pdf,tier1_3_registry_match,c589df1dc02df10f5405c6b98b5a5970b00db193891be082d7ae8406888478df,5610-8130,BACKFILL_EXACT,
1582,5610-8135,گیج داخل سیلندر با پراپ هاي — 0-450mm/10-16,5610-8135,4,Dasqua | داسکوا,,,,,5610-8135,5610-8135,generic.v1,PROFILE_MISSING,2,authorized_supplier_price_list,/home/shebahati/KaZar/Product and Data Complete/اندازه گیری/داسکوا/لیست قیمت داسکوا +10 درصد.pdf,tier1_3_registry_match,c589df1dc02df10f5405c6b98b5a5970b00db193891be082d7ae8406888478df,5610-8135,BACKFILL_EXACT,
1583,5711-0005,محوریاب سه بعدی یونیورسال طول و عرض و ارتفاع (ساخت آلمان) — 0-1/5,5711-0005,4,Dasqua | داسکوا,,,,,5711-0005,5711-0005,generic.v1,PROFILE_MISSING,2,authorized_supplier_price_list,/home/shebahati/KaZar/Product and Data Complete/اندازه گیری/داسکوا/لیست قیمت داسکوا +10 درصد.pdf,tier1_3_registry_match,c589df1dc02df10f5405c6b98b5a5970b00db193891be082d7ae8406888478df,5711-0005,BACKFILL_EXACT,
1585,5751-0010,ساعت میل لنگ — 0-500mm,5751-0010,4,Dasqua | داسکوا,,,,,5751-0010,5751-0010,generic.v1,PROFILE_MISSING,2,authorized_supplier_price_list,/home/shebahati/KaZar/Product and Data Complete/اندازه گیری/داسکوا/لیست قیمت داسکوا +10 درصد.pdf,tier1_3_registry_match,c589df1dc02df10f5405c6b98b5a5970b00db193891be082d7ae8406888478df,5751-0010,BACKFILL_EXACT,
1586,5760-1005,ساعت مرکزیاب 1 — 0-1005mm,5760-1005,4,Dasqua | داسکوا,,,,,5760-1005,5760-1005,generic.v1,PROFILE_MISSING,2,authorized_supplier_price_list,/home/shebahati/KaZar/Product and Data Complete/اندازه گیری/داسکوا/لیست قیمت داسکوا +10 درصد.pdf,tier1_3_registry_match,c589df1dc02df10f5405c6b98b5a5970b00db193891be082d7ae8406888478df,5760-1005,BACKFILL_EXACT,
1587,5800-1015,پرگار داخل سنج با رسهای تعویض — 0-1015mm,5800-1015,4,Dasqua | داسکوا,,,,,5800-1015,5800-1015,generic.v1,PROFILE_MISSING,2,authorized_supplier_price_list,/home/shebahati/KaZar/Product and Data Complete/اندازه گیری/داسکوا/لیست قیمت داسکوا +10 درصد.pdf,tier1_3_registry_match,c589df1dc02df10f5405c6b98b5a5970b00db193891be082d7ae8406888478df,5800-1015,BACKFILL_EXACT,
1588,5810-2005,ساعت دسته دار بلند پرگار داخل سنج,5810-2005,4,Dasqua | داسکوا,,,,,5810-2005,5810-2005,generic.v1,PROFILE_MISSING,2,authorized_supplier_price_list,/home/shebahati/KaZar/Product and Data Complete/اندازه گیری/داسکوا/لیست قیمت داسکوا +10 درصد.pdf,tier1_3_registry_match,c589df1dc02df10f5405c6b98b5a5970b00db193891be082d7ae8406888478df,5810-2005,BACKFILL_EXACT,
1589,5810-2010,ساعت پرگار داخل سنج 1,5810-2010,4,Dasqua | داسکوا,,,,,5810-2010,5810-2010,generic.v1,PROFILE_MISSING,2,authorized_supplier_price_list,/home/shebahati/KaZar/Product and Data Complete/اندازه گیری/داسکوا/لیست قیمت داسکوا +10 درصد.pdf,tier1_3_registry_match,c589df1dc02df10f5405c6b98b5a5970b00db193891be082d7ae8406888478df,5810-2010,BACKFILL_EXACT,
1590,5810-2015,ساعت پرگار داخل سنج 2,5810-2015,4,Dasqua | داسکوا,,,,,5810-2015,5810-2015,generic.v1,PROFILE_MISSING,2,authorized_supplier_price_list,/home/shebahati/KaZar/Product and Data Complete/اندازه گیری/داسکوا/لیست قیمت داسکوا +10 درصد.pdf,tier1_3_registry_match,c589df1dc02df10f5405c6b98b5a5970b00db193891be082d7ae8406888478df,5810-2015,BACKFILL_EXACT,
1591,5810-2020,ساعت پرگار داخل سنج 3,5810-2020,4,Dasqua | داسکوا,,,,,5810-2020,5810-2020,generic.v1,PROFILE_MISSING,2,authorized_supplier_price_list,/home/shebahati/KaZar/Product and Data Complete/اندازه گیری/داسکوا/لیست قیمت داسکوا +10 درصد.pdf,tier1_3_registry_match,c589df1dc02df10f5405c6b98b5a5970b00db193891be082d7ae8406888478df,5810-2020,BACKFILL_EXACT,
1592,5810-3105,خط کش دیجیتال ضد آب و روغن — 0-150mm/0-6,5810-3105,4,Dasqua | داسکوا,,,,,5810-3105,5810-3105,generic.v1,PROFILE_MISSING,2,authorized_supplier_price_list,/home/shebahati/KaZar/Product and Data Complete/اندازه گیری/داسکوا/لیست قیمت داسکوا +10 درصد.pdf,tier1_3_registry_match,c589df1dc02df10f5405c6b98b5a5970b00db193891be082d7ae8406888478df,5810-3105,BACKFILL_EXACT,
1593,5810-3110,خط کش دیجیتال ضد آب و روغن — 0-200mm/0-8,5810-3110,4,Dasqua | داسکوا,,,,,5810-3110,5810-3110,generic.v1,PROFILE_MISSING,2,authorized_supplier_price_list,/home/shebahati/KaZar/Product and Data Complete/اندازه گیری/داسکوا/لیست قیمت داسکوا +10 درصد.pdf,tier1_3_registry_match,c589df1dc02df10f5405c6b98b5a5970b00db193891be082d7ae8406888478df,5810-3110,BACKFILL_EXACT,
1594,5810-3115,خط کش دیجیتال ضد آب و روغن — 0-300mm/0-12,5810-3115,4,Dasqua | داسکوا,,,,,5810-3115,5810-3115,generic.v1,PROFILE_MISSING,2,authorized_supplier_price_list,/home/shebahati/KaZar/Product and Data Complete/اندازه گیری/داسکوا/لیست قیمت داسکوا +10 درصد.pdf,tier1_3_registry_match,c589df1dc02df10f5405c6b98b5a5970b00db193891be082d7ae8406888478df,5810-3115,BACKFILL_EXACT,
1595,5810-3120,خط کش دیجیتال ضد آب و روغن — 0-600mm/0-24,5810-3120,4,Dasqua | داسکوا,,,,,5810-3120,5810-3120,generic.v1,PROFILE_MISSING,2,authorized_supplier_price_list,/home/shebahati/KaZar/Product and Data Complete/اندازه گیری/داسکوا/لیست قیمت داسکوا +10 درصد.pdf,tier1_3_registry_match,c589df1dc02df10f5405c6b98b5a5970b00db193891be082d7ae8406888478df,5810-3120,BACKFILL_EXACT,
1596,5810-3125,خط کش دیجیتال ضد آب و روغن — 0-1000mm/0-40,5810-3125,4,Dasqua | داسکوا,,,,,5810-3125,5810-3125,generic.v1,PROFILE_MISSING,2,authorized_supplier_price_list,/home/shebahati/KaZar/Product and Data Complete/اندازه گیری/داسکوا/لیست قیمت داسکوا +10 درصد.pdf,tier1_3_registry_match,c589df1dc02df10f5405c6b98b5a5970b00db193891be082d7ae8406888478df,5810-3125,BACKFILL_EXACT,
1597,5811-0005,پرگار داخل سنج دیجیتال دسته دار بلند — 0-50mm,5811-0005,4,Dasqua | داسکوا,,,,,5811-0005,5811-0005,generic.v1,PROFILE_MISSING,2,authorized_supplier_price_list,/home/shebahati/KaZar/Product and Data Complete/اندازه گیری/داسکوا/لیست قیمت داسکوا +10 درصد.pdf,tier1_3_registry_match,c589df1dc02df10f5405c6b98b5a5970b00db193891be082d7ae8406888478df,5811-0005,BACKFILL_EXACT,
1598,5811-0010,پرگار داخل سنج دیجیتال دسته دار بلند — 0-100mm,5811-0010,4,Dasqua | داسکوا,,,,,5811-0010,5811-0010,generic.v1,PROFILE_MISSING,2,authorized_supplier_price_list,/home/shebahati/KaZar/Product and Data Complete/اندازه گیری/داسکوا/لیست قیمت داسکوا +10 درصد.pdf,tier1_3_registry_match,c589df1dc02df10f5405c6b98b5a5970b00db193891be082d7ae8406888478df,5811-0010,BACKFILL_EXACT,
1599,5811-0015,پرگار داخل سنج دیجیتال دسته دار بلند — 0-150mm,5811-0015,4,Dasqua | داسکوا,,,,,5811-0015,5811-0015,generic.v1,PROFILE_MISSING,2,authorized_supplier_price_list,/home/shebahati/KaZar/Product and Data Complete/اندازه گیری/داسکوا/لیست قیمت داسکوا +10 درصد.pdf,tier1_3_registry_match,c589df1dc02df10f5405c6b98b5a5970b00db193891be082d7ae8406888478df,5811-0015,BACKFILL_EXACT,
1600,5811-0020,پرگار داخل سنج دیجیتال دسته دار بلند — 0-200mm,5811-0020,4,Dasqua | داسکوا,,,,,5811-0020,5811-0020,generic.v1,PROFILE_MISSING,2,authorized_supplier_price_list,/home/shebahati/KaZar/Product and Data Complete/اندازه گیری/داسکوا/لیست قیمت داسکوا +10 درصد.pdf,tier1_3_registry_match,c589df1dc02df10f5405c6b98b5a5970b00db193891be082d7ae8406888478df,5811-0020,BACKFILL_EXACT,
1601,5820-0005,ساعت اندیکاتور دیجیتال IP65 — 0-12/7,5820-0005,4,Dasqua | داسکوا,,,,,5820-0005,5820-0005,generic.v1,PROFILE_MISSING,2,authorized_supplier_price_list,/home/shebahati/KaZar/Product and Data Complete/اندازه گیری/داسکوا/لیست قیمت داسکوا +10 درصد.pdf,tier1_3_registry_match,c589df1dc02df10f5405c6b98b5a5970b00db193891be082d7ae8406888478df,5820-0005,BACKFILL_EXACT,
1602,5820-0010,ساعت اندیکاتور دیجیتال IP65 — 0-25/4,5820-0010,4,Dasqua | داسکوا,,,,,5820-0010,5820-0010,generic.v1,PROFILE_MISSING,2,authorized_supplier_price_list,/home/shebahati/KaZar/Product and Data Complete/اندازه گیری/داسکوا/لیست قیمت داسکوا +10 درصد.pdf,tier1_3_registry_match,c589df1dc02df10f5405c6b98b5a5970b00db193891be082d7ae8406888478df,5820-0010,BACKFILL_EXACT,
1603,5820-0015,ساعت اندیکاتور دیجیتال IP65 — 0-5,5820-0015,4,Dasqua | داسکوا,,,,,5820-0015,5820-0015,generic.v1,PROFILE_MISSING,2,authorized_supplier_price_list,/home/shebahati/KaZar/Product and Data Complete/اندازه گیری/داسکوا/لیست قیمت داسکوا +10 درصد.pdf,tier1_3_registry_match,c589df1dc02df10f5405c6b98b5a5970b00db193891be082d7ae8406888478df,5820-0015,BACKFILL_EXACT,
1604,5820-0020,ساعت اندیکاتور دیجیتال IP65 — 0-100mm/0-4,5820-0020,4,Dasqua | داسکوا,,,,,5820-0020,5820-0020,generic.v1,PROFILE_MISSING,2,authorized_supplier_price_list,/home/shebahati/KaZar/Product and Data Complete/اندازه گیری/داسکوا/لیست قیمت داسکوا +10 درصد.pdf,tier1_3_registry_match,c589df1dc02df10f5405c6b98b5a5970b00db193891be082d7ae8406888478df,5820-0020,BACKFILL_EXACT,
1605,5831-0005,شعاع سنج دیجیتال — 0-50mm,5831-0005,4,Dasqua | داسکوا,,,,,5831-0005,5831-0005,generic.v1,PROFILE_MISSING,2,authorized_supplier_price_list,/home/shebahati/KaZar/Product and Data Complete/اندازه گیری/داسکوا/لیست قیمت داسکوا +10 درصد.pdf,tier1_3_registry_match,c589df1dc02df10f5405c6b98b5a5970b00db193891be082d7ae8406888478df,5831-0005,BACKFILL_EXACT,
1606,5840-6200,ضخامت سنج پراپ رسامییک دیجیتال — 0-10mm,5840-6200,4,Dasqua | داسکوا,,,,,5840-6200,5840-6200,generic.v1,PROFILE_MISSING,2,authorized_supplier_price_list,/home/shebahati/KaZar/Product and Data Complete/اندازه گیری/داسکوا/لیست قیمت داسکوا +10 درصد.pdf,tier1_3_registry_match,c589df1dc02df10f5405c6b98b5a5970b00db193891be082d7ae8406888478df,5840-6200,BACKFILL_EXACT,
1607,5840-6205,ضخامت سنج پراپ رسامییک دیجیتال — 0-10mm,5840-6205,4,Dasqua | داسکوا,,,,,5840-6205,5840-6205,generic.v1,PROFILE_MISSING,2,authorized_supplier_price_list,/home/shebahati/KaZar/Product and Data Complete/اندازه گیری/داسکوا/لیست قیمت داسکوا +10 درصد.pdf,tier1_3_registry_match,c589df1dc02df10f5405c6b98b5a5970b00db193891be082d7ae8406888478df,5840-6205,BACKFILL_EXACT,
1608,5840-6240,ضخامت سنج پراپ رسامییک دیجیتال — 0-10mm,5840-6240,4,Dasqua | داسکوا,,,,,5840-6240,5840-6240,generic.v1,PROFILE_MISSING,2,authorized_supplier_price_list,/home/shebahati/KaZar/Product and Data Complete/اندازه گیری/داسکوا/لیست قیمت داسکوا +10 درصد.pdf,tier1_3_registry_match,c589df1dc02df10f5405c6b98b5a5970b00db193891be082d7ae8406888478df,5840-6240,BACKFILL_EXACT,
1609,5841-1105,ضخامت سنج پراپ رسامییک با ي — 0-10mm,5841-1105,4,Dasqua | داسکوا,,,,,5841-1105,5841-1105,generic.v1,PROFILE_MISSING,2,authorized_supplier_price_list,/home/shebahati/KaZar/Product and Data Complete/اندازه گیری/داسکوا/لیست قیمت داسکوا +10 درصد.pdf,tier1_3_registry_match,c589df1dc02df10f5405c6b98b5a5970b00db193891be082d7ae8406888478df,5841-1105,BACKFILL_EXACT,
1610,5841-1110,ضخامت سنج پراپ رسامییک با ي — 0-20mm,5841-1110,4,Dasqua | داسکوا,,,,,5841-1110,5841-1110,generic.v1,PROFILE_MISSING,2,authorized_supplier_price_list,/home/shebahati/KaZar/Product and Data Complete/اندازه گیری/داسکوا/لیست قیمت داسکوا +10 درصد.pdf,tier1_3_registry_match,c589df1dc02df10f5405c6b98b5a5970b00db193891be082d7ae8406888478df,5841-1110,BACKFILL_EXACT,
1611,5841-8106,ضخامت سنج ساعت 2 — 0-30mm,5841-8106,4,Dasqua | داسکوا,,,,,5841-8106,5841-8106,generic.v1,PROFILE_MISSING,2,authorized_supplier_price_list,/home/shebahati/KaZar/Product and Data Complete/اندازه گیری/داسکوا/لیست قیمت داسکوا +10 درصد.pdf,tier1_3_registry_match,c589df1dc02df10f5405c6b98b5a5970b00db193891be082d7ae8406888478df,5841-8106,BACKFILL_EXACT,
1612,5841-9105,ساعت لوله ضخامت سنج — 0-10mm,5841-9105,4,Dasqua | داسکوا,,,,,5841-9105,5841-9105,generic.v1,PROFILE_MISSING,2,authorized_supplier_price_list,/home/shebahati/KaZar/Product and Data Complete/اندازه گیری/داسکوا/لیست قیمت داسکوا +10 درصد.pdf,tier1_3_registry_match,c589df1dc02df10f5405c6b98b5a5970b00db193891be082d7ae8406888478df,5841-9105,BACKFILL_EXACT,
1613,5911-0001,گیج داخل تلسکون — 0-10mm,5911-0001,4,Dasqua | داسکوا,,,,,5911-0001,5911-0001,generic.v1,PROFILE_MISSING,2,authorized_supplier_price_list,/home/shebahati/KaZar/Product and Data Complete/اندازه گیری/داسکوا/لیست قیمت داسکوا +10 درصد.pdf,tier1_3_registry_match,c589df1dc02df10f5405c6b98b5a5970b00db193891be082d7ae8406888478df,5911-0001,BACKFILL_EXACT,
1615,5921-0005,گیج داخل ساعت — 0-13mm,5921-0005,4,Dasqua | داسکوا,,,,,5921-0005,5921-0005,generic.v1,PROFILE_MISSING,2,authorized_supplier_price_list,/home/shebahati/KaZar/Product and Data Complete/اندازه گیری/داسکوا/لیست قیمت داسکوا +10 درصد.pdf,tier1_3_registry_match,c589df1dc02df10f5405c6b98b5a5970b00db193891be082d7ae8406888478df,5921-0005,BACKFILL_EXACT,
1616,6110-1112,جعبه راپورتر (گیج بلوک) — 0-1112mm,6110-1112,4,Dasqua | داسکوا,,,,,6110-1112,6110-1112,generic.v1,PROFILE_MISSING,2,authorized_supplier_price_list,/home/shebahati/KaZar/Product and Data Complete/اندازه گیری/داسکوا/لیست قیمت داسکوا +10 درصد.pdf,tier1_3_registry_match,c589df1dc02df10f5405c6b98b5a5970b00db193891be082d7ae8406888478df,6110-1112,BACKFILL_EXACT,
1617,6110-1232,جعبه راپورتر (گیج بلوک) — 0-1232mm,6110-1232,4,Dasqua | داسکوا,,,,,6110-1232,6110-1232,generic.v1,PROFILE_MISSING,2,authorized_supplier_price_list,/home/shebahati/KaZar/Product and Data Complete/اندازه گیری/داسکوا/لیست قیمت داسکوا +10 درصد.pdf,tier1_3_registry_match,c589df1dc02df10f5405c6b98b5a5970b00db193891be082d7ae8406888478df,6110-1232,BACKFILL_EXACT,
1618,6110-1247,جعبه راپورتر (گیج بلوک) — 0-1247mm,6110-1247,4,Dasqua | داسکوا,,,,,6110-1247,6110-1247,generic.v1,PROFILE_MISSING,2,authorized_supplier_price_list,/home/shebahati/KaZar/Product and Data Complete/اندازه گیری/داسکوا/لیست قیمت داسکوا +10 درصد.pdf,tier1_3_registry_match,c589df1dc02df10f5405c6b98b5a5970b00db193891be082d7ae8406888478df,6110-1247,BACKFILL_EXACT,
1619,6110-1287,جعبه راپورتر (گیج بلوک) — 0-1287mm,6110-1287,4,Dasqua | داسکوا,,,,,6110-1287,6110-1287,generic.v1,PROFILE_MISSING,2,authorized_supplier_price_list,/home/shebahati/KaZar/Product and Data Complete/اندازه گیری/داسکوا/لیست قیمت داسکوا +10 درصد.pdf,tier1_3_registry_match,c589df1dc02df10f5405c6b98b5a5970b00db193891be082d7ae8406888478df,6110-1287,BACKFILL_EXACT,
1620,6111-1112,جعبه راپورتر (گیج بلوک) — 0-1112mm,6111-1112,4,Dasqua | داسکوا,,,,,6111-1112,6111-1112,generic.v1,PROFILE_MISSING,2,authorized_supplier_price_list,/home/shebahati/KaZar/Product and Data Complete/اندازه گیری/داسکوا/لیست قیمت داسکوا +10 درصد.pdf,tier1_3_registry_match,c589df1dc02df10f5405c6b98b5a5970b00db193891be082d7ae8406888478df,6111-1112,BACKFILL_EXACT,
1621,6111-1232,جعبه راپورتر (گیج بلوک) — 0-1232mm,6111-1232,4,Dasqua | داسکوا,,,,,6111-1232,6111-1232,generic.v1,PROFILE_MISSING,2,authorized_supplier_price_list,/home/shebahati/KaZar/Product and Data Complete/اندازه گیری/داسکوا/لیست قیمت داسکوا +10 درصد.pdf,tier1_3_registry_match,c589df1dc02df10f5405c6b98b5a5970b00db193891be082d7ae8406888478df,6111-1232,BACKFILL_EXACT,
1622,6111-1247,جعبه راپورتر (گیج بلوک) — 0-1247mm,6111-1247,4,Dasqua | داسکوا,,,,,6111-1247,6111-1247,generic.v1,PROFILE_MISSING,2,authorized_supplier_price_list,/home/shebahati/KaZar/Product and Data Complete/اندازه گیری/داسکوا/لیست قیمت داسکوا +10 درصد.pdf,tier1_3_registry_match,c589df1dc02df10f5405c6b98b5a5970b00db193891be082d7ae8406888478df,6111-1247,BACKFILL_EXACT,
1623,6111-1287,جعبه راپورتر (گیج بلوک) — 0-1287mm,6111-1287,4,Dasqua | داسکوا,,,,,6111-1287,6111-1287,generic.v1,PROFILE_MISSING,2,authorized_supplier_price_list,/home/shebahati/KaZar/Product and Data Complete/اندازه گیری/داسکوا/لیست قیمت داسکوا +10 درصد.pdf,tier1_3_registry_match,c589df1dc02df10f5405c6b98b5a5970b00db193891be082d7ae8406888478df,6111-1287,BACKFILL_EXACT,
1624,6112-1112,جعبه راپورتر (گیج بلوک) — 0-1112mm,6112-1112,4,Dasqua | داسکوا,,,,,6112-1112,6112-1112,generic.v1,PROFILE_MISSING,2,authorized_supplier_price_list,/home/shebahati/KaZar/Product and Data Complete/اندازه گیری/داسکوا/لیست قیمت داسکوا +10 درصد.pdf,tier1_3_registry_match,c589df1dc02df10f5405c6b98b5a5970b00db193891be082d7ae8406888478df,6112-1112,BACKFILL_EXACT,
1625,6112-1232,جعبه راپورتر (گیج بلوک) — 0-1232mm,6112-1232,4,Dasqua | داسکوا,,,,,6112-1232,6112-1232,generic.v1,PROFILE_MISSING,2,authorized_supplier_price_list,/home/shebahati/KaZar/Product and Data Complete/اندازه گیری/داسکوا/لیست قیمت داسکوا +10 درصد.pdf,tier1_3_registry_match,c589df1dc02df10f5405c6b98b5a5970b00db193891be082d7ae8406888478df,6112-1232,BACKFILL_EXACT,
1626,6112-1247,جعبه راپورتر (گیج بلوک) — 0-1247mm,6112-1247,4,Dasqua | داسکوا,,,,,6112-1247,6112-1247,generic.v1,PROFILE_MISSING,2,authorized_supplier_price_list,/home/shebahati/KaZar/Product and Data Complete/اندازه گیری/داسکوا/لیست قیمت داسکوا +10 درصد.pdf,tier1_3_registry_match,c589df1dc02df10f5405c6b98b5a5970b00db193891be082d7ae8406888478df,6112-1247,BACKFILL_EXACT,
1627,6112-1287,جعبه راپورتر (گیج بلوک) — 0-1287mm,6112-1287,4,Dasqua | داسکوا,,,,,6112-1287,6112-1287,generic.v1,PROFILE_MISSING,2,authorized_supplier_price_list,/home/shebahati/KaZar/Product and Data Complete/اندازه گیری/داسکوا/لیست قیمت داسکوا +10 درصد.pdf,tier1_3_registry_match,c589df1dc02df10f5405c6b98b5a5970b00db193891be082d7ae8406888478df,6112-1287,BACKFILL_EXACT,
1628,6211-4205,مجموعه رپیر گیج 91عددی,6211-4205,4,Dasqua | داسکوا,,,,,6211-4205,6211-4205,generic.v1,PROFILE_MISSING,2,authorized_supplier_price_list,/home/shebahati/KaZar/Product and Data Complete/اندازه گیری/داسکوا/لیست قیمت داسکوا +10 درصد.pdf,tier1_3_registry_match,c589df1dc02df10f5405c6b98b5a5970b00db193891be082d7ae8406888478df,6211-4205,BACKFILL_EXACT,
1629,6211-4210,پی گیج 51عددی 20,6211-4210,4,Dasqua | داسکوا,,,,,6211-4210,6211-4210,generic.v1,PROFILE_MISSING,2,authorized_supplier_price_list,/home/shebahati/KaZar/Product and Data Complete/اندازه گیری/داسکوا/لیست قیمت داسکوا +10 درصد.pdf,tier1_3_registry_match,c589df1dc02df10f5405c6b98b5a5970b00db193891be082d7ae8406888478df,6211-4210,BACKFILL_EXACT,
1630,6211-4300,مجموعه رپیر گیج 91عددی,6211-4300,4,Dasqua | داسکوا,,,,,6211-4300,6211-4300,generic.v1,PROFILE_MISSING,2,authorized_supplier_price_list,/home/shebahati/KaZar/Product and Data Complete/اندازه گیری/داسکوا/لیست قیمت داسکوا +10 درصد.pdf,tier1_3_registry_match,c589df1dc02df10f5405c6b98b5a5970b00db193891be082d7ae8406888478df,6211-4300,BACKFILL_EXACT,
1631,6211-4301,پی گیج 31عددی 1,6211-4301,4,Dasqua | داسکوا,,,,,6211-4301,6211-4301,generic.v1,PROFILE_MISSING,2,authorized_supplier_price_list,/home/shebahati/KaZar/Product and Data Complete/اندازه گیری/داسکوا/لیست قیمت داسکوا +10 درصد.pdf,tier1_3_registry_match,c589df1dc02df10f5405c6b98b5a5970b00db193891be082d7ae8406888478df,6211-4301,BACKFILL_EXACT,
1632,6211-4302,پی گیج 51عددی 2,6211-4302,4,Dasqua | داسکوا,,,,,6211-4302,6211-4302,generic.v1,PROFILE_MISSING,2,authorized_supplier_price_list,/home/shebahati/KaZar/Product and Data Complete/اندازه گیری/داسکوا/لیست قیمت داسکوا +10 درصد.pdf,tier1_3_registry_match,c589df1dc02df10f5405c6b98b5a5970b00db193891be082d7ae8406888478df,6211-4302,BACKFILL_EXACT,
1633,6211-4303,پی گیج 51عددی 3,6211-4303,4,Dasqua | داسکوا,,,,,6211-4303,6211-4303,generic.v1,PROFILE_MISSING,2,authorized_supplier_price_list,/home/shebahati/KaZar/Product and Data Complete/اندازه گیری/داسکوا/لیست قیمت داسکوا +10 درصد.pdf,tier1_3_registry_match,c589df1dc02df10f5405c6b98b5a5970b00db193891be082d7ae8406888478df,6211-4303,BACKFILL_EXACT,
1634,6211-4304,پی گیج 51عددی 4,6211-4304,4,Dasqua | داسکوا,,,,,6211-4304,6211-4304,generic.v1,PROFILE_MISSING,2,authorized_supplier_price_list,/home/shebahati/KaZar/Product and Data Complete/اندازه گیری/داسکوا/لیست قیمت داسکوا +10 درصد.pdf,tier1_3_registry_match,c589df1dc02df10f5405c6b98b5a5970b00db193891be082d7ae8406888478df,6211-4304,BACKFILL_EXACT,
1635,6211-4305,پی گیج 51عددی 5,6211-4305,4,Dasqua | داسکوا,,,,,6211-4305,6211-4305,generic.v1,PROFILE_MISSING,2,authorized_supplier_price_list,/home/shebahati/KaZar/Product and Data Complete/اندازه گیری/داسکوا/لیست قیمت داسکوا +10 درصد.pdf,tier1_3_registry_match,c589df1dc02df10f5405c6b98b5a5970b00db193891be082d7ae8406888478df,6211-4305,BACKFILL_EXACT,
1636,6211-4306,پی گیج 51عددی 6,6211-4306,4,Dasqua | داسکوا,,,,,6211-4306,6211-4306,generic.v1,PROFILE_MISSING,2,authorized_supplier_price_list,/home/shebahati/KaZar/Product and Data Complete/اندازه گیری/داسکوا/لیست قیمت داسکوا +10 درصد.pdf,tier1_3_registry_match,c589df1dc02df10f5405c6b98b5a5970b00db193891be082d7ae8406888478df,6211-4306,BACKFILL_EXACT,
1637,6211-4307,پی گیج 51عددی 7,6211-4307,4,Dasqua | داسکوا,,,,,6211-4307,6211-4307,generic.v1,PROFILE_MISSING,2,authorized_supplier_price_list,/home/shebahati/KaZar/Product and Data Complete/اندازه گیری/داسکوا/لیست قیمت داسکوا +10 درصد.pdf,tier1_3_registry_match,c589df1dc02df10f5405c6b98b5a5970b00db193891be082d7ae8406888478df,6211-4307,BACKFILL_EXACT,
1638,6211-4308,پی گیج 51عددی 8,6211-4308,4,Dasqua | داسکوا,,,,,6211-4308,6211-4308,generic.v1,PROFILE_MISSING,2,authorized_supplier_price_list,/home/shebahati/KaZar/Product and Data Complete/اندازه گیری/داسکوا/لیست قیمت داسکوا +10 درصد.pdf,tier1_3_registry_match,c589df1dc02df10f5405c6b98b5a5970b00db193891be082d7ae8406888478df,6211-4308,BACKFILL_EXACT,
1639,6211-4309,پی گیج 51عددی 9,6211-4309,4,Dasqua | داسکوا,,,,,6211-4309,6211-4309,generic.v1,PROFILE_MISSING,2,authorized_supplier_price_list,/home/shebahati/KaZar/Product and Data Complete/اندازه گیری/داسکوا/لیست قیمت داسکوا +10 درصد.pdf,tier1_3_registry_match,c589df1dc02df10f5405c6b98b5a5970b00db193891be082d7ae8406888478df,6211-4309,BACKFILL_EXACT,
1640,6211-4310,پی گیج 51عددی 10,6211-4310,4,Dasqua | داسکوا,,,,,6211-4310,6211-4310,generic.v1,PROFILE_MISSING,2,authorized_supplier_price_list,/home/shebahati/KaZar/Product and Data Complete/اندازه گیری/داسکوا/لیست قیمت داسکوا +10 درصد.pdf,tier1_3_registry_match,c589df1dc02df10f5405c6b98b5a5970b00db193891be082d7ae8406888478df,6211-4310,BACKFILL_EXACT,
1641,6211-4311,پی گیج 51عددی 11,6211-4311,4,Dasqua | داسکوا,,,,,6211-4311,6211-4311,generic.v1,PROFILE_MISSING,2,authorized_supplier_price_list,/home/shebahati/KaZar/Product and Data Complete/اندازه گیری/داسکوا/لیست قیمت داسکوا +10 درصد.pdf,tier1_3_registry_match,c589df1dc02df10f5405c6b98b5a5970b00db193891be082d7ae8406888478df,6211-4311,BACKFILL_EXACT,
1642,6211-4312,پی گیج 51عددی 12,6211-4312,4,Dasqua | داسکوا,,,,,6211-4312,6211-4312,generic.v1,PROFILE_MISSING,2,authorized_supplier_price_list,/home/shebahati/KaZar/Product and Data Complete/اندازه گیری/داسکوا/لیست قیمت داسکوا +10 درصد.pdf,tier1_3_registry_match,c589df1dc02df10f5405c6b98b5a5970b00db193891be082d7ae8406888478df,6211-4312,BACKFILL_EXACT,
1643,6211-4313,پی گیج 51عددی 13,6211-4313,4,Dasqua | داسکوا,,,,,6211-4313,6211-4313,generic.v1,PROFILE_MISSING,2,authorized_supplier_price_list,/home/shebahati/KaZar/Product and Data Complete/اندازه گیری/داسکوا/لیست قیمت داسکوا +10 درصد.pdf,tier1_3_registry_match,c589df1dc02df10f5405c6b98b5a5970b00db193891be082d7ae8406888478df,6211-4313,BACKFILL_EXACT,
1644,6211-4314,پی گیج 51عددی 14,6211-4314,4,Dasqua | داسکوا,,,,,6211-4314,6211-4314,generic.v1,PROFILE_MISSING,2,authorized_supplier_price_list,/home/shebahati/KaZar/Product and Data Complete/اندازه گیری/داسکوا/لیست قیمت داسکوا +10 درصد.pdf,tier1_3_registry_match,c589df1dc02df10f5405c6b98b5a5970b00db193891be082d7ae8406888478df,6211-4314,BACKFILL_EXACT,
1645,6211-4315,پی گیج 51عددی 15,6211-4315,4,Dasqua | داسکوا,,,,,6211-4315,6211-4315,generic.v1,PROFILE_MISSING,2,authorized_supplier_price_list,/home/shebahati/KaZar/Product and Data Complete/اندازه گیری/داسکوا/لیست قیمت داسکوا +10 درصد.pdf,tier1_3_registry_match,c589df1dc02df10f5405c6b98b5a5970b00db193891be082d7ae8406888478df,6211-4315,BACKFILL_EXACT,
1646,6211-4316,پی گیج 51عددی 16,6211-4316,4,Dasqua | داسکوا,,,,,6211-4316,6211-4316,generic.v1,PROFILE_MISSING,2,authorized_supplier_price_list,/home/shebahati/KaZar/Product and Data Complete/اندازه گیری/داسکوا/لیست قیمت داسکوا +10 درصد.pdf,tier1_3_registry_match,c589df1dc02df10f5405c6b98b5a5970b00db193891be082d7ae8406888478df,6211-4316,BACKFILL_EXACT,
1647,6211-4317,پی گیج 51عددی 17,6211-4317,4,Dasqua | داسکوا,,,,,6211-4317,6211-4317,generic.v1,PROFILE_MISSING,2,authorized_supplier_price_list,/home/shebahati/KaZar/Product and Data Complete/اندازه گیری/داسکوا/لیست قیمت داسکوا +10 درصد.pdf,tier1_3_registry_match,c589df1dc02df10f5405c6b98b5a5970b00db193891be082d7ae8406888478df,6211-4317,BACKFILL_EXACT,
1648,6211-4318,پی گیج 51عددی 18,6211-4318,4,Dasqua | داسکوا,,,,,6211-4318,6211-4318,generic.v1,PROFILE_MISSING,2,authorized_supplier_price_list,/home/shebahati/KaZar/Product and Data Complete/اندازه گیری/داسکوا/لیست قیمت داسکوا +10 درصد.pdf,tier1_3_registry_match,c589df1dc02df10f5405c6b98b5a5970b00db193891be082d7ae8406888478df,6211-4318,BACKFILL_EXACT,
1649,6211-4319,پی گیج 51عددی 19,6211-4319,4,Dasqua | داسکوا,,,,,6211-4319,6211-4319,generic.v1,PROFILE_MISSING,2,authorized_supplier_price_list,/home/shebahati/KaZar/Product and Data Complete/اندازه گیری/داسکوا/لیست قیمت داسکوا +10 درصد.pdf,tier1_3_registry_match,c589df1dc02df10f5405c6b98b5a5970b00db193891be082d7ae8406888478df,6211-4319,BACKFILL_EXACT,
1650,6310-0001,گیج رزوه تون 5 — 0-10mm,6310-0001,4,Dasqua | داسکوا,,,,,6310-0001,6310-0001,generic.v1,PROFILE_MISSING,2,authorized_supplier_price_list,/home/shebahati/KaZar/Product and Data Complete/اندازه گیری/داسکوا/لیست قیمت داسکوا +10 درصد.pdf,tier1_3_registry_match,c589df1dc02df10f5405c6b98b5a5970b00db193891be082d7ae8406888478df,6310-0001,BACKFILL_EXACT,
1651,6310-0002,گیج رزوه تون 7 — 0-20mm,6310-0002,4,Dasqua | داسکوا,,,,,6310-0002,6310-0002,generic.v1,PROFILE_MISSING,2,authorized_supplier_price_list,/home/shebahati/KaZar/Product and Data Complete/اندازه گیری/داسکوا/لیست قیمت داسکوا +10 درصد.pdf,tier1_3_registry_match,c589df1dc02df10f5405c6b98b5a5970b00db193891be082d7ae8406888478df,6310-0002,BACKFILL_EXACT,
1652,6310-0003,گیج رزوه تون 8 — 0-30mm,6310-0003,4,Dasqua | داسکوا,,,,,6310-0003,6310-0003,generic.v1,PROFILE_MISSING,2,authorized_supplier_price_list,/home/shebahati/KaZar/Product and Data Complete/اندازه گیری/داسکوا/لیست قیمت داسکوا +10 درصد.pdf,tier1_3_registry_match,c589df1dc02df10f5405c6b98b5a5970b00db193891be082d7ae8406888478df,6310-0003,BACKFILL_EXACT,
1653,6310-0004,گیج رزوه تون 9 — 0-40mm,6310-0004,4,Dasqua | داسکوا,,,,,6310-0004,6310-0004,generic.v1,PROFILE_MISSING,2,authorized_supplier_price_list,/home/shebahati/KaZar/Product and Data Complete/اندازه گیری/داسکوا/لیست قیمت داسکوا +10 درصد.pdf,tier1_3_registry_match,c589df1dc02df10f5405c6b98b5a5970b00db193891be082d7ae8406888478df,6310-0004,BACKFILL_EXACT,
1654,6310-0005,گیج رزوه ی 10 — 0-50mm,6310-0005,4,Dasqua | داسکوا,,,,,6310-0005,6310-0005,generic.v1,PROFILE_MISSING,2,authorized_supplier_price_list,/home/shebahati/KaZar/Product and Data Complete/اندازه گیری/داسکوا/لیست قیمت داسکوا +10 درصد.pdf,tier1_3_registry_match,c589df1dc02df10f5405c6b98b5a5970b00db193891be082d7ae8406888478df,6310-0005,BACKFILL_EXACT,
1655,6310-0006,گیج رزوه ی 11 — 0-60mm,6310-0006,4,Dasqua | داسکوا,,,,,6310-0006,6310-0006,generic.v1,PROFILE_MISSING,2,authorized_supplier_price_list,/home/shebahati/KaZar/Product and Data Complete/اندازه گیری/داسکوا/لیست قیمت داسکوا +10 درصد.pdf,tier1_3_registry_match,c589df1dc02df10f5405c6b98b5a5970b00db193891be082d7ae8406888478df,6310-0006,BACKFILL_EXACT,
1656,6310-0007,گیج رزوه ی 12 — 0-70mm,6310-0007,4,Dasqua | داسکوا,,,,,6310-0007,6310-0007,generic.v1,PROFILE_MISSING,2,authorized_supplier_price_list,/home/shebahati/KaZar/Product and Data Complete/اندازه گیری/داسکوا/لیست قیمت داسکوا +10 درصد.pdf,tier1_3_registry_match,c589df1dc02df10f5405c6b98b5a5970b00db193891be082d7ae8406888478df,6310-0007,BACKFILL_EXACT,
1657,6310-0008,گیج رزوه ی 13 — 0-80mm,6310-0008,4,Dasqua | داسکوا,,,,,6310-0008,6310-0008,generic.v1,PROFILE_MISSING,2,authorized_supplier_price_list,/home/shebahati/KaZar/Product and Data Complete/اندازه گیری/داسکوا/لیست قیمت داسکوا +10 درصد.pdf,tier1_3_registry_match,c589df1dc02df10f5405c6b98b5a5970b00db193891be082d7ae8406888478df,6310-0008,BACKFILL_EXACT,
1658,6310-0009,گیج رزوه ی 14 — 0-90mm,6310-0009,4,Dasqua | داسکوا,,,,,6310-0009,6310-0009,generic.v1,PROFILE_MISSING,2,authorized_supplier_price_list,/home/shebahati/KaZar/Product and Data Complete/اندازه گیری/داسکوا/لیست قیمت داسکوا +10 درصد.pdf,tier1_3_registry_match,c589df1dc02df10f5405c6b98b5a5970b00db193891be082d7ae8406888478df,6310-0009,BACKFILL_EXACT,
1659,6310-0010,گیج رزوه ی 15 — 0-100mm,6310-0010,4,Dasqua | داسکوا,,,,,6310-0010,6310-0010,generic.v1,PROFILE_MISSING,2,authorized_supplier_price_list,/home/shebahati/KaZar/Product and Data Complete/اندازه گیری/داسکوا/لیست قیمت داسکوا +10 درصد.pdf,tier1_3_registry_match,c589df1dc02df10f5405c6b98b5a5970b00db193891be082d7ae8406888478df,6310-0010,BACKFILL_EXACT,
1660,6310-0011,گیج رزوه تون — 0-110mm,6310-0011,4,Dasqua | داسکوا,,,,,6310-0011,6310-0011,generic.v1,PROFILE_MISSING,2,authorized_supplier_price_list,/home/shebahati/KaZar/Product and Data Complete/اندازه گیری/داسکوا/لیست قیمت داسکوا +10 درصد.pdf,tier1_3_registry_match,c589df1dc02df10f5405c6b98b5a5970b00db193891be082d7ae8406888478df,6310-0011,BACKFILL_EXACT,
1661,6310-0012,گیج رزوه تون 1 — 0-120mm,6310-0012,4,Dasqua | داسکوا,,,,,6310-0012,6310-0012,generic.v1,PROFILE_MISSING,2,authorized_supplier_price_list,/home/shebahati/KaZar/Product and Data Complete/اندازه گیری/داسکوا/لیست قیمت داسکوا +10 درصد.pdf,tier1_3_registry_match,c589df1dc02df10f5405c6b98b5a5970b00db193891be082d7ae8406888478df,6310-0012,BACKFILL_EXACT,
1662,6310-0013,گیج رزوه تون 2 — 0-130mm,6310-0013,4,Dasqua | داسکوا,,,,,6310-0013,6310-0013,generic.v1,PROFILE_MISSING,2,authorized_supplier_price_list,/home/shebahati/KaZar/Product and Data Complete/اندازه گیری/داسکوا/لیست قیمت داسکوا +10 درصد.pdf,tier1_3_registry_match,c589df1dc02df10f5405c6b98b5a5970b00db193891be082d7ae8406888478df,6310-0013,BACKFILL_EXACT,
1663,6310-0014,گیج رزوه تون 3 — 0-140mm,6310-0014,4,Dasqua | داسکوا,,,,,6310-0014,6310-0014,generic.v1,PROFILE_MISSING,2,authorized_supplier_price_list,/home/shebahati/KaZar/Product and Data Complete/اندازه گیری/داسکوا/لیست قیمت داسکوا +10 درصد.pdf,tier1_3_registry_match,c589df1dc02df10f5405c6b98b5a5970b00db193891be082d7ae8406888478df,6310-0014,BACKFILL_EXACT,
1664,6310-0015,گیج رزوه تون 4 — 0-150mm,6310-0015,4,Dasqua | داسکوا,,,,,6310-0015,6310-0015,generic.v1,PROFILE_MISSING,2,authorized_supplier_price_list,/home/shebahati/KaZar/Product and Data Complete/اندازه گیری/داسکوا/لیست قیمت داسکوا +10 درصد.pdf,tier1_3_registry_match,c589df1dc02df10f5405c6b98b5a5970b00db193891be082d7ae8406888478df,6310-0015,BACKFILL_EXACT,
1665,6310-0016,گیج رزوه تون 6 — 0-160mm,6310-0016,4,Dasqua | داسکوا,,,,,6310-0016,6310-0016,generic.v1,PROFILE_MISSING,2,authorized_supplier_price_list,/home/shebahati/KaZar/Product and Data Complete/اندازه گیری/داسکوا/لیست قیمت داسکوا +10 درصد.pdf,tier1_3_registry_match,c589df1dc02df10f5405c6b98b5a5970b00db193891be082d7ae8406888478df,6310-0016,BACKFILL_EXACT,
1666,6310-0017,گیج رزوه ی 16 — 0-170mm,6310-0017,4,Dasqua | داسکوا,,,,,6310-0017,6310-0017,generic.v1,PROFILE_MISSING,2,authorized_supplier_price_list,/home/shebahati/KaZar/Product and Data Complete/اندازه گیری/داسکوا/لیست قیمت داسکوا +10 درصد.pdf,tier1_3_registry_match,c589df1dc02df10f5405c6b98b5a5970b00db193891be082d7ae8406888478df,6310-0017,BACKFILL_EXACT,
1667,6310-0018,گیج رزوه ی 17 — 0-180mm,6310-0018,4,Dasqua | داسکوا,,,,,6310-0018,6310-0018,generic.v1,PROFILE_MISSING,2,authorized_supplier_price_list,/home/shebahati/KaZar/Product and Data Complete/اندازه گیری/داسکوا/لیست قیمت داسکوا +10 درصد.pdf,tier1_3_registry_match,c589df1dc02df10f5405c6b98b5a5970b00db193891be082d7ae8406888478df,6310-0018,BACKFILL_EXACT,
1668,6310-0019,گیج رزوه ی 18 — 0-190mm,6310-0019,4,Dasqua | داسکوا,,,,,6310-0019,6310-0019,generic.v1,PROFILE_MISSING,2,authorized_supplier_price_list,/home/shebahati/KaZar/Product and Data Complete/اندازه گیری/داسکوا/لیست قیمت داسکوا +10 درصد.pdf,tier1_3_registry_match,c589df1dc02df10f5405c6b98b5a5970b00db193891be082d7ae8406888478df,6310-0019,BACKFILL_EXACT,
1669,6310-0020,گیج رزوه ی 19 — 0-200mm,6310-0020,4,Dasqua | داسکوا,,,,,6310-0020,6310-0020,generic.v1,PROFILE_MISSING,2,authorized_supplier_price_list,/home/shebahati/KaZar/Product and Data Complete/اندازه گیری/داسکوا/لیست قیمت داسکوا +10 درصد.pdf,tier1_3_registry_match,c589df1dc02df10f5405c6b98b5a5970b00db193891be082d7ae8406888478df,6310-0020,BACKFILL_EXACT,
1670,6310-0021,گیج رزوه ی 20 — 0-210mm,6310-0021,4,Dasqua | داسکوا,,,,,6310-0021,6310-0021,generic.v1,PROFILE_MISSING,2,authorized_supplier_price_list,/home/shebahati/KaZar/Product and Data Complete/اندازه گیری/داسکوا/لیست قیمت داسکوا +10 درصد.pdf,tier1_3_registry_match,c589df1dc02df10f5405c6b98b5a5970b00db193891be082d7ae8406888478df,6310-0021,BACKFILL_EXACT,
1671,6310-0022,گیج رزوه ی 21 — 0-220mm,6310-0022,4,Dasqua | داسکوا,,,,,6310-0022,6310-0022,generic.v1,PROFILE_MISSING,2,authorized_supplier_price_list,/home/shebahati/KaZar/Product and Data Complete/اندازه گیری/داسکوا/لیست قیمت داسکوا +10 درصد.pdf,tier1_3_registry_match,c589df1dc02df10f5405c6b98b5a5970b00db193891be082d7ae8406888478df,6310-0022,BACKFILL_EXACT,
1672,6310-0023,گیج رزوه ی 22 — 0-230mm,6310-0023,4,Dasqua | داسکوا,,,,,6310-0023,6310-0023,generic.v1,PROFILE_MISSING,2,authorized_supplier_price_list,/home/shebahati/KaZar/Product and Data Complete/اندازه گیری/داسکوا/لیست قیمت داسکوا +10 درصد.pdf,tier1_3_registry_match,c589df1dc02df10f5405c6b98b5a5970b00db193891be082d7ae8406888478df,6310-0023,BACKFILL_EXACT,
1673,6310-0024,گیج رزوه ی 23 — 0-240mm,6310-0024,4,Dasqua | داسکوا,,,,,6310-0024,6310-0024,generic.v1,PROFILE_MISSING,2,authorized_supplier_price_list,/home/shebahati/KaZar/Product and Data Complete/اندازه گیری/داسکوا/لیست قیمت داسکوا +10 درصد.pdf,tier1_3_registry_match,c589df1dc02df10f5405c6b98b5a5970b00db193891be082d7ae8406888478df,6310-0024,BACKFILL_EXACT,
1674,6310-0025,گیج رزوه ی 24 — 0-25mm,6310-0025,4,Dasqua | داسکوا,,,,,6310-0025,6310-0025,generic.v1,PROFILE_MISSING,2,authorized_supplier_price_list,/home/shebahati/KaZar/Product and Data Complete/اندازه گیری/داسکوا/لیست قیمت داسکوا +10 درصد.pdf,tier1_3_registry_match,c589df1dc02df10f5405c6b98b5a5970b00db193891be082d7ae8406888478df,6310-0025,BACKFILL_EXACT,
1675,6350-0005,سوزن) شابلون گپ ( شابلون 2 — 0-50mm,6350-0005,4,Dasqua | داسکوا,,,,,6350-0005,6350-0005,generic.v1,PROFILE_MISSING,2,authorized_supplier_price_list,/home/shebahati/KaZar/Product and Data Complete/اندازه گیری/داسکوا/لیست قیمت داسکوا +10 درصد.pdf,tier1_3_registry_match,c589df1dc02df10f5405c6b98b5a5970b00db193891be082d7ae8406888478df,6350-0005,BACKFILL_EXACT,
1676,6703-1005,میکروسکوپ اندازه گی 1 — 0-1005mm,6703-1005,4,Dasqua | داسکوا,,,,,6703-1005,6703-1005,generic.v1,PROFILE_MISSING,2,authorized_supplier_price_list,/home/shebahati/KaZar/Product and Data Complete/اندازه گیری/داسکوا/لیست قیمت داسکوا +10 درصد.pdf,tier1_3_registry_match,c589df1dc02df10f5405c6b98b5a5970b00db193891be082d7ae8406888478df,6703-1005,BACKFILL_EXACT,
1677,6710-0005,زبری سنج دیجیتال پرتابل — 0-50mm,6710-0005,4,Dasqua | داسکوا,,,,,6710-0005,6710-0005,generic.v1,PROFILE_MISSING,2,authorized_supplier_price_list,/home/shebahati/KaZar/Product and Data Complete/اندازه گیری/داسکوا/لیست قیمت داسکوا +10 درصد.pdf,tier1_3_registry_match,c589df1dc02df10f5405c6b98b5a5970b00db193891be082d7ae8406888478df,6710-0005,BACKFILL_EXACT,
1678,7000-0010,پایه ساعت هیدرولیک با بازوی سه — 0-100mm,7000-0010,4,Dasqua | داسکوا,,,,,7000-0010,7000-0010,generic.v1,PROFILE_MISSING,2,authorized_supplier_price_list,/home/shebahati/KaZar/Product and Data Complete/اندازه گیری/داسکوا/لیست قیمت داسکوا +10 درصد.pdf,tier1_3_registry_match,c589df1dc02df10f5405c6b98b5a5970b00db193891be082d7ae8406888478df,7000-0010,BACKFILL_EXACT,
1679,7111-1105,میکرومی ی پایه — 0-1105mm,7111-1105,4,Dasqua | داسکوا,,,,,7111-1105,7111-1105,generic.v1,PROFILE_MISSING,2,authorized_supplier_price_list,/home/shebahati/KaZar/Product and Data Complete/اندازه گیری/داسکوا/لیست قیمت داسکوا +10 درصد.pdf,tier1_3_registry_match,c589df1dc02df10f5405c6b98b5a5970b00db193891be082d7ae8406888478df,7111-1105,BACKFILL_EXACT,
1680,7121-0025,پایه ساعت مفصیل قوی ( جایگزین پایه هیدرولیک) — 0-25mm,7121-0025,4,Dasqua | داسکوا,,,,,7121-0025,7121-0025,generic.v1,PROFILE_MISSING,2,authorized_supplier_price_list,/home/shebahati/KaZar/Product and Data Complete/اندازه گیری/داسکوا/لیست قیمت داسکوا +10 درصد.pdf,tier1_3_registry_match,c589df1dc02df10f5405c6b98b5a5970b00db193891be082d7ae8406888478df,7121-0025,BACKFILL_EXACT,
1681,7121-0030,پایه ساعت مفصیل قوی ( جایگزین پایه هیدرولیک) — 0-30mm,7121-0030,4,Dasqua | داسکوا,,,,,7121-0030,7121-0030,generic.v1,PROFILE_MISSING,2,authorized_supplier_price_list,/home/shebahati/KaZar/Product and Data Complete/اندازه گیری/داسکوا/لیست قیمت داسکوا +10 درصد.pdf,tier1_3_registry_match,c589df1dc02df10f5405c6b98b5a5970b00db193891be082d7ae8406888478df,7121-0030,BACKFILL_EXACT,
1682,7121-0035,پایه ساعت مفصیل قوی ( جایگزین پایه هیدرولیک) — 0-35mm,7121-0035,4,Dasqua | داسکوا,,,,,7121-0035,7121-0035,generic.v1,PROFILE_MISSING,2,authorized_supplier_price_list,/home/shebahati/KaZar/Product and Data Complete/اندازه گیری/داسکوا/لیست قیمت داسکوا +10 درصد.pdf,tier1_3_registry_match,c589df1dc02df10f5405c6b98b5a5970b00db193891be082d7ae8406888478df,7121-0035,BACKFILL_EXACT,
1683,7121-0045,پایه ساعت مفصیل قوی ( جایگزین پایه هیدرولیک) — 0-45mm,7121-0045,4,Dasqua | داسکوا,,,,,7121-0045,7121-0045,generic.v1,PROFILE_MISSING,2,authorized_supplier_price_list,/home/shebahati/KaZar/Product and Data Complete/اندازه گیری/داسکوا/لیست قیمت داسکوا +10 درصد.pdf,tier1_3_registry_match,c589df1dc02df10f5405c6b98b5a5970b00db193891be082d7ae8406888478df,7121-0045,BACKFILL_EXACT,
1684,7122-0005,ضخامت سنج الکی — 0-50mm,7122-0005,4,Dasqua | داسکوا,,,,,7122-0005,7122-0005,generic.v1,PROFILE_MISSING,2,authorized_supplier_price_list,/home/shebahati/KaZar/Product and Data Complete/اندازه گیری/داسکوا/لیست قیمت داسکوا +10 درصد.pdf,tier1_3_registry_match,c589df1dc02df10f5405c6b98b5a5970b00db193891be082d7ae8406888478df,7122-0005,BACKFILL_EXACT,
1685,7122-0010,ضخامت سنج الکی — 0-100mm,7122-0010,4,Dasqua | داسکوا,,,,,7122-0010,7122-0010,generic.v1,PROFILE_MISSING,2,authorized_supplier_price_list,/home/shebahati/KaZar/Product and Data Complete/اندازه گیری/داسکوا/لیست قیمت داسکوا +10 درصد.pdf,tier1_3_registry_match,c589df1dc02df10f5405c6b98b5a5970b00db193891be082d7ae8406888478df,7122-0010,BACKFILL_EXACT,
1686,7122-0015,ضخامت سنج الکی — 0-150mm,7122-0015,4,Dasqua | داسکوا,,,,,7122-0015,7122-0015,generic.v1,PROFILE_MISSING,2,authorized_supplier_price_list,/home/shebahati/KaZar/Product and Data Complete/اندازه گیری/داسکوا/لیست قیمت داسکوا +10 درصد.pdf,tier1_3_registry_match,c589df1dc02df10f5405c6b98b5a5970b00db193891be082d7ae8406888478df,7122-0015,BACKFILL_EXACT,
1687,7123-0005,پایه سوزن خط کش مگنت — 0-50mm,7123-0005,4,Dasqua | داسکوا,,,,,7123-0005,7123-0005,generic.v1,PROFILE_MISSING,2,authorized_supplier_price_list,/home/shebahati/KaZar/Product and Data Complete/اندازه گیری/داسکوا/لیست قیمت داسکوا +10 درصد.pdf,tier1_3_registry_match,c589df1dc02df10f5405c6b98b5a5970b00db193891be082d7ae8406888478df,7123-0005,BACKFILL_EXACT,
1688,7212-1015,کمی دیجیتال با درایو 1/2 1 — 0-1015mm,7212-1015,4,Dasqua | داسکوا,,,,,7212-1015,7212-1015,generic.v1,PROFILE_MISSING,2,authorized_supplier_price_list,/home/shebahati/KaZar/Product and Data Complete/اندازه گیری/داسکوا/لیست قیمت داسکوا +10 درصد.pdf,tier1_3_registry_match,c589df1dc02df10f5405c6b98b5a5970b00db193891be082d7ae8406888478df,7212-1015,BACKFILL_EXACT,
1689,7212-4020,شابلون ضخامت سنج رنگ و پوشش,7212-4020,4,Dasqua | داسکوا,,,,,7212-4020,7212-4020,generic.v1,PROFILE_MISSING,2,authorized_supplier_price_list,/home/shebahati/KaZar/Product and Data Complete/اندازه گیری/داسکوا/لیست قیمت داسکوا +10 درصد.pdf,tier1_3_registry_match,c589df1dc02df10f5405c6b98b5a5970b00db193891be082d7ae8406888478df,7212-4020,BACKFILL_EXACT,
1690,7312-0010,پایه ساعت مفصیل با بازوی سه بعدی — 0-100mm,7312-0010,4,Dasqua | داسکوا,,,,,7312-0010,7312-0010,generic.v1,PROFILE_MISSING,2,authorized_supplier_price_list,/home/shebahati/KaZar/Product and Data Complete/اندازه گیری/داسکوا/لیست قیمت داسکوا +10 درصد.pdf,tier1_3_registry_match,c589df1dc02df10f5405c6b98b5a5970b00db193891be082d7ae8406888478df,7312-0010,BACKFILL_EXACT,
1691,7312-0015,پایه ساعت مفصیل با بازوی سه بعدی — 0-150mm,7312-0015,4,Dasqua | داسکوا,,,,,7312-0015,7312-0015,generic.v1,PROFILE_MISSING,2,authorized_supplier_price_list,/home/shebahati/KaZar/Product and Data Complete/اندازه گیری/داسکوا/لیست قیمت داسکوا +10 درصد.pdf,tier1_3_registry_match,c589df1dc02df10f5405c6b98b5a5970b00db193891be082d7ae8406888478df,7312-0015,BACKFILL_EXACT,
1692,7412-0005,پایه ساعت هیدرولیک با بازوی سه — 0-50mm,7412-0005,4,Dasqua | داسکوا,,,,,7412-0005,7412-0005,generic.v1,PROFILE_MISSING,2,authorized_supplier_price_list,/home/shebahati/KaZar/Product and Data Complete/اندازه گیری/داسکوا/لیست قیمت داسکوا +10 درصد.pdf,tier1_3_registry_match,c589df1dc02df10f5405c6b98b5a5970b00db193891be082d7ae8406888478df,7412-0005,BACKFILL_EXACT,
1693,7611-0020,ترازوی جیت دیجیتال — 0-200mm,7611-0020,4,Dasqua | داسکوا,,,,,7611-0020,7611-0020,generic.v1,PROFILE_MISSING,2,authorized_supplier_price_list,/home/shebahati/KaZar/Product and Data Complete/اندازه گیری/داسکوا/لیست قیمت داسکوا +10 درصد.pdf,tier1_3_registry_match,c589df1dc02df10f5405c6b98b5a5970b00db193891be082d7ae8406888478df,7611-0020,BACKFILL_EXACT,
1694,7851-0005,کمی دیجیتال با درایو 1/2 1 — 0-50mm,7851-0005,4,Dasqua | داسکوا,,,,,7851-0005,7851-0005,generic.v1,PROFILE_MISSING,2,authorized_supplier_price_list,/home/shebahati/KaZar/Product and Data Complete/اندازه گیری/داسکوا/لیست قیمت داسکوا +10 درصد.pdf,tier1_3_registry_match,c589df1dc02df10f5405c6b98b5a5970b00db193891be082d7ae8406888478df,7851-0005,BACKFILL_EXACT,
1695,7851-0008,کمی دیجیتال با درایو 1/2 1 — 0-80mm,7851-0008,4,Dasqua | داسکوا,,,,,7851-0008,7851-0008,generic.v1,PROFILE_MISSING,2,authorized_supplier_price_list,/home/shebahati/KaZar/Product and Data Complete/اندازه گیری/داسکوا/لیست قیمت داسکوا +10 درصد.pdf,tier1_3_registry_match,c589df1dc02df10f5405c6b98b5a5970b00db193891be082d7ae8406888478df,7851-0008,BACKFILL_EXACT,
1696,7851-0011,کمی دیجیتال با درایو 1/2 1 — 0-110mm,7851-0011,4,Dasqua | داسکوا,,,,,7851-0011,7851-0011,generic.v1,PROFILE_MISSING,2,authorized_supplier_price_list,/home/shebahati/KaZar/Product and Data Complete/اندازه گیری/داسکوا/لیست قیمت داسکوا +10 درصد.pdf,tier1_3_registry_match,c589df1dc02df10f5405c6b98b5a5970b00db193891be082d7ae8406888478df,7851-0011,BACKFILL_EXACT,
1697,7851-0013,کمی دیجیتال با درایو 1/2 1 — 0-130mm,7851-0013,4,Dasqua | داسکوا,,,,,7851-0013,7851-0013,generic.v1,PROFILE_MISSING,2,authorized_supplier_price_list,/home/shebahati/KaZar/Product and Data Complete/اندازه گیری/داسکوا/لیست قیمت داسکوا +10 درصد.pdf,tier1_3_registry_match,c589df1dc02df10f5405c6b98b5a5970b00db193891be082d7ae8406888478df,7851-0013,BACKFILL_EXACT,
1698,7912-0004,پایه ساعت گر ی — 0-40mm,7912-0004,4,Dasqua | داسکوا,,,,,7912-0004,7912-0004,generic.v1,PROFILE_MISSING,2,authorized_supplier_price_list,/home/shebahati/KaZar/Product and Data Complete/اندازه گیری/داسکوا/لیست قیمت داسکوا +10 درصد.pdf,tier1_3_registry_match,c589df1dc02df10f5405c6b98b5a5970b00db193891be082d7ae8406888478df,7912-0004,BACKFILL_EXACT,
1699,8101-0005,سختی‌سنج شور داسکوا 0-50mm کد 8101-0005,8101-0005,4,Dasqua | داسکوا,,,,8101-0005,8101-0005,8101-0005,generic.v1,PROFILE_MISSING,2,authorized_supplier_price_list,/home/shebahati/KaZar/Product and Data Complete/اندازه گیری/داسکوا/لیست قیمت داسکوا +10 درصد.pdf,tier1_3_registry_match,c589df1dc02df10f5405c6b98b5a5970b00db193891be082d7ae8406888478df,8101-0005,BACKFILL_EXACT,
1700,8101-0010,سختی‌سنج شور داسکوا 0-100mm کد 8101-0010,8101-0010,4,Dasqua | داسکوا,,,,8101-0010,8101-0010,8101-0010,generic.v1,PROFILE_MISSING,2,authorized_supplier_price_list,/home/shebahati/KaZar/Product and Data Complete/اندازه گیری/داسکوا/لیست قیمت داسکوا +10 درصد.pdf,tier1_3_registry_match,c589df1dc02df10f5405c6b98b5a5970b00db193891be082d7ae8406888478df,8101-0010,BACKFILL_EXACT,
1702,8300-0015,مگنت با رنیوی مغناطیش ی — 0-150mm,8300-0015,4,Dasqua | داسکوا,,,,,8300-0015,8300-0015,generic.v1,PROFILE_MISSING,2,authorized_supplier_price_list,/home/shebahati/KaZar/Product and Data Complete/اندازه گیری/داسکوا/لیست قیمت داسکوا +10 درصد.pdf,tier1_3_registry_match,c589df1dc02df10f5405c6b98b5a5970b00db193891be082d7ae8406888478df,8300-0015,BACKFILL_EXACT,
1703,8300-0020,ی با رنیوی مغناطیش — 0-200mm,8300-0020,4,Dasqua | داسکوا,,,,,8300-0020,8300-0020,generic.v1,PROFILE_MISSING,2,authorized_supplier_price_list,/home/shebahati/KaZar/Product and Data Complete/اندازه گیری/داسکوا/لیست قیمت داسکوا +10 درصد.pdf,tier1_3_registry_match,c589df1dc02df10f5405c6b98b5a5970b00db193891be082d7ae8406888478df,8300-0020,BACKFILL_EXACT,
1704,8300-0025,صنعت دیجیتال تراز — 0-25mm,8300-0025,4,Dasqua | داسکوا,,,,,8300-0025,8300-0025,generic.v1,PROFILE_MISSING,2,authorized_supplier_price_list,/home/shebahati/KaZar/Product and Data Complete/اندازه گیری/داسکوا/لیست قیمت داسکوا +10 درصد.pdf,tier1_3_registry_match,c589df1dc02df10f5405c6b98b5a5970b00db193891be082d7ae8406888478df,8300-0025,BACKFILL_EXACT,
1705,8300-0095,ست 4عددي زاويه كوليس ديجيتال -پالستيیکي ،عمق سنج ديجيتال،تراز ديجيتال — 0-95mm,8300-0095,4,Dasqua | داسکوا,,,,,8300-0095,8300-0095,generic.v1,PROFILE_MISSING,2,authorized_supplier_price_list,/home/shebahati/KaZar/Product and Data Complete/اندازه گیری/داسکوا/لیست قیمت داسکوا +10 درصد.pdf,tier1_3_registry_match,c589df1dc02df10f5405c6b98b5a5970b00db193891be082d7ae8406888478df,8300-0095,BACKFILL_EXACT,
1706,8300-1000,صنعت دیجیتال بسیار دقیق تراز — 0-1000mm,8300-1000,4,Dasqua | داسکوا,,,,,8300-1000,8300-1000,generic.v1,PROFILE_MISSING,2,authorized_supplier_price_list,/home/shebahati/KaZar/Product and Data Complete/اندازه گیری/داسکوا/لیست قیمت داسکوا +10 درصد.pdf,tier1_3_registry_match,c589df1dc02df10f5405c6b98b5a5970b00db193891be082d7ae8406888478df,8300-1000,BACKFILL_EXACT,
1719,8301-2645,تراز تخت دیجیتال مگنت دار با — 0,8301-2645,4,Dasqua | داسکوا,,,,,8301-2645,8301-2645,generic.v1,PROFILE_MISSING,2,authorized_supplier_price_list,/home/shebahati/KaZar/Product and Data Complete/اندازه گیری/داسکوا/لیست قیمت داسکوا +10 درصد.pdf,tier1_3_registry_match,c589df1dc02df10f5405c6b98b5a5970b00db193891be082d7ae8406888478df,8301-2645,BACKFILL_EXACT,
1720,8301-2655,تراز تخت دیجیتال مگنت دار با — 0,8301-2655,4,Dasqua | داسکوا,,,,,8301-2655,8301-2655,generic.v1,PROFILE_MISSING,2,authorized_supplier_price_list,/home/shebahati/KaZar/Product and Data Complete/اندازه گیری/داسکوا/لیست قیمت داسکوا +10 درصد.pdf,tier1_3_registry_match,c589df1dc02df10f5405c6b98b5a5970b00db193891be082d7ae8406888478df,8301-2655,BACKFILL_EXACT,
1721,8400-0000,تراز دیجیتال مگنت دار ابسلوت ضد,8400-0000,4,Dasqua | داسکوا,,,,,8400-0000,8400-0000,generic.v1,PROFILE_MISSING,2,authorized_supplier_price_list,/home/shebahati/KaZar/Product and Data Complete/اندازه گیری/داسکوا/لیست قیمت داسکوا +10 درصد.pdf,tier1_3_registry_match,c589df1dc02df10f5405c6b98b5a5970b00db193891be082d7ae8406888478df,8400-0000,BACKFILL_EXACT,
1722,8400-0005,تراز دیجیتال مگنت دار ابسلوت ضد — 0-50mm,8400-0005,4,Dasqua | داسکوا,,,,,8400-0005,8400-0005,generic.v1,PROFILE_MISSING,2,authorized_supplier_price_list,/home/shebahati/KaZar/Product and Data Complete/اندازه گیری/داسکوا/لیست قیمت داسکوا +10 درصد.pdf,tier1_3_registry_match,c589df1dc02df10f5405c6b98b5a5970b00db193891be082d7ae8406888478df,8400-0005,BACKFILL_EXACT,
1723,8500-1063,ضخامت سنج الکی — 0-1063mm,8500-1063,4,Dasqua | داسکوا,,,,,8500-1063,8500-1063,generic.v1,PROFILE_MISSING,2,authorized_supplier_price_list,/home/shebahati/KaZar/Product and Data Complete/اندازه گیری/داسکوا/لیست قیمت داسکوا +10 درصد.pdf,tier1_3_registry_match,c589df1dc02df10f5405c6b98b5a5970b00db193891be082d7ae8406888478df,8500-1063,BACKFILL_EXACT,
1724,8500-1075,ضخامت سنج الکی — 0-1075mm,8500-1075,4,Dasqua | داسکوا,,,,,8500-1075,8500-1075,generic.v1,PROFILE_MISSING,2,authorized_supplier_price_list,/home/shebahati/KaZar/Product and Data Complete/اندازه گیری/داسکوا/لیست قیمت داسکوا +10 درصد.pdf,tier1_3_registry_match,c589df1dc02df10f5405c6b98b5a5970b00db193891be082d7ae8406888478df,8500-1075,BACKFILL_EXACT,
1725,8500-3020,صفحه گرانیتی داسکوا 300×200mm کد 8500-3020,8500-3020,4,Dasqua | داسکوا,,,,8500-3020,8500-3020,8500-3020,generic.v1,PROFILE_MISSING,2,authorized_supplier_price_list,/home/shebahati/KaZar/Product and Data Complete/اندازه گیری/داسکوا/لیست قیمت داسکوا +10 درصد.pdf,tier1_3_registry_match,c589df1dc02df10f5405c6b98b5a5970b00db193891be082d7ae8406888478df,8500-3020,BACKFILL_EXACT,
1726,8500-3030,صفحه گرانیتی داسکوا 300×300mm کد 8500-3030,8500-3030,4,Dasqua | داسکوا,,,,8500-3030,8500-3030,8500-3030,generic.v1,PROFILE_MISSING,2,authorized_supplier_price_list,/home/shebahati/KaZar/Product and Data Complete/اندازه گیری/داسکوا/لیست قیمت داسکوا +10 درصد.pdf,tier1_3_registry_match,c589df1dc02df10f5405c6b98b5a5970b00db193891be082d7ae8406888478df,8500-3030,BACKFILL_EXACT,
1727,8500-4025,صفحه گرانیتی داسکوا 400×250mm کد 8500-4025,8500-4025,4,Dasqua | داسکوا,,,,8500-4025,8500-4025,8500-4025,generic.v1,PROFILE_MISSING,2,authorized_supplier_price_list,/home/shebahati/KaZar/Product and Data Complete/اندازه گیری/داسکوا/لیست قیمت داسکوا +10 درصد.pdf,tier1_3_registry_match,c589df1dc02df10f5405c6b98b5a5970b00db193891be082d7ae8406888478df,8500-4025,BACKFILL_EXACT,
1728,8500-4040,صفحه گرانیتی داسکوا 400×400mm کد 8500-4040,8500-4040,4,Dasqua | داسکوا,,,,8500-4040,8500-4040,8500-4040,generic.v1,PROFILE_MISSING,2,authorized_supplier_price_list,/home/shebahati/KaZar/Product and Data Complete/اندازه گیری/داسکوا/لیست قیمت داسکوا +10 درصد.pdf,tier1_3_registry_match,c589df1dc02df10f5405c6b98b5a5970b00db193891be082d7ae8406888478df,8500-4040,BACKFILL_EXACT,
1729,8500-4545,صفحه گرانیتی داسکوا 450×450mm کد 8500-4545,8500-4545,4,Dasqua | داسکوا,,,,8500-4545,8500-4545,8500-4545,generic.v1,PROFILE_MISSING,2,authorized_supplier_price_list,/home/shebahati/KaZar/Product and Data Complete/اندازه گیری/داسکوا/لیست قیمت داسکوا +10 درصد.pdf,tier1_3_registry_match,c589df1dc02df10f5405c6b98b5a5970b00db193891be082d7ae8406888478df,8500-4545,BACKFILL_EXACT,
1730,8500-5032,صفحه گرانیتی داسکوا 500×320mm کد 8500-5032,8500-5032,4,Dasqua | داسکوا,,,,8500-5032,8500-5032,8500-5032,generic.v1,PROFILE_MISSING,2,authorized_supplier_price_list,/home/shebahati/KaZar/Product and Data Complete/اندازه گیری/داسکوا/لیست قیمت داسکوا +10 درصد.pdf,tier1_3_registry_match,c589df1dc02df10f5405c6b98b5a5970b00db193891be082d7ae8406888478df,8500-5032,BACKFILL_EXACT,
1731,8500-6340,صفحه گرانیتی داسکوا 630×400mm کد 8500-6340,8500-6340,4,Dasqua | داسکوا,,,,8500-6340,8500-6340,8500-6340,generic.v1,PROFILE_MISSING,2,authorized_supplier_price_list,/home/shebahati/KaZar/Product and Data Complete/اندازه گیری/داسکوا/لیست قیمت داسکوا +10 درصد.pdf,tier1_3_registry_match,c589df1dc02df10f5405c6b98b5a5970b00db193891be082d7ae8406888478df,8500-6340,BACKFILL_EXACT,
1732,8500-6363,صفحه گرانیتی داسکوا 630×630mm کد 8500-6363,8500-6363,4,Dasqua | داسکوا,,,,8500-6363,8500-6363,8500-6363,generic.v1,PROFILE_MISSING,2,authorized_supplier_price_list,/home/shebahati/KaZar/Product and Data Complete/اندازه گیری/داسکوا/لیست قیمت داسکوا +10 درصد.pdf,tier1_3_registry_match,c589df1dc02df10f5405c6b98b5a5970b00db193891be082d7ae8406888478df,8500-6363,BACKFILL_EXACT,
1733,8500-8050,صفحه گرانیتی داسکوا 800×500mm کد 8500-8050,8500-8050,4,Dasqua | داسکوا,,,,8500-8050,8500-8050,8500-8050,generic.v1,PROFILE_MISSING,2,authorized_supplier_price_list,/home/shebahati/KaZar/Product and Data Complete/اندازه گیری/داسکوا/لیست قیمت داسکوا +10 درصد.pdf,tier1_3_registry_match,c589df1dc02df10f5405c6b98b5a5970b00db193891be082d7ae8406888478df,8500-8050,BACKFILL_EXACT,
1734,8511-0005,شابلون شعاع سنج — 0-50mm,8511-0005,4,Dasqua | داسکوا,,,,,8511-0005,8511-0005,generic.v1,PROFILE_MISSING,2,authorized_supplier_price_list,/home/shebahati/KaZar/Product and Data Complete/اندازه گیری/داسکوا/لیست قیمت داسکوا +10 درصد.pdf,tier1_3_registry_match,c589df1dc02df10f5405c6b98b5a5970b00db193891be082d7ae8406888478df,8511-0005,BACKFILL_EXACT,
1735,8511-0010,زاویه نوک 118درجه ،تا Φ50مییل ی شابلون مته 118درجه تا سایز 50 — 0-100mm,8511-0010,4,Dasqua | داسکوا,,,,,8511-0010,8511-0010,generic.v1,PROFILE_MISSING,2,authorized_supplier_price_list,/home/shebahati/KaZar/Product and Data Complete/اندازه گیری/داسکوا/لیست قیمت داسکوا +10 درصد.pdf,tier1_3_registry_match,c589df1dc02df10f5405c6b98b5a5970b00db193891be082d7ae8406888478df,8511-0010,BACKFILL_EXACT,
1736,8511-0020,ساعت تلسکونی گیج داخل 1 — 0-200mm,8511-0020,4,Dasqua | داسکوا,,,,,8511-0020,8511-0020,generic.v1,PROFILE_MISSING,2,authorized_supplier_price_list,/home/shebahati/KaZar/Product and Data Complete/اندازه گیری/داسکوا/لیست قیمت داسکوا +10 درصد.pdf,tier1_3_registry_match,c589df1dc02df10f5405c6b98b5a5970b00db193891be082d7ae8406888478df,8511-0020,BACKFILL_EXACT,
1737,8511-0030,ساعت تلسکونی گیج داخل 1 — 0-30mm,8511-0030,4,Dasqua | داسکوا,,,,,8511-0030,8511-0030,generic.v1,PROFILE_MISSING,2,authorized_supplier_price_list,/home/shebahati/KaZar/Product and Data Complete/اندازه گیری/داسکوا/لیست قیمت داسکوا +10 درصد.pdf,tier1_3_registry_match,c589df1dc02df10f5405c6b98b5a5970b00db193891be082d7ae8406888478df,8511-0030,BACKFILL_EXACT,
1738,8511-2005,گیج تست رزوه,8511-2005,4,Dasqua | داسکوا,,,,,8511-2005,8511-2005,generic.v1,PROFILE_MISSING,2,authorized_supplier_price_list,/home/shebahati/KaZar/Product and Data Complete/اندازه گیری/داسکوا/لیست قیمت داسکوا +10 درصد.pdf,tier1_3_registry_match,c589df1dc02df10f5405c6b98b5a5970b00db193891be082d7ae8406888478df,8511-2005,BACKFILL_EXACT,
1739,8511-2010,گیج تست رزوه,8511-2010,4,Dasqua | داسکوا,,,,,8511-2010,8511-2010,generic.v1,PROFILE_MISSING,2,authorized_supplier_price_list,/home/shebahati/KaZar/Product and Data Complete/اندازه گیری/داسکوا/لیست قیمت داسکوا +10 درصد.pdf,tier1_3_registry_match,c589df1dc02df10f5405c6b98b5a5970b00db193891be082d7ae8406888478df,8511-2010,BACKFILL_EXACT,
1740,8521-0005,شابلون گپ سنج — 0-50mm,8521-0005,4,Dasqua | داسکوا,,,,,8521-0005,8521-0005,generic.v1,PROFILE_MISSING,2,authorized_supplier_price_list,/home/shebahati/KaZar/Product and Data Complete/اندازه گیری/داسکوا/لیست قیمت داسکوا +10 درصد.pdf,tier1_3_registry_match,c589df1dc02df10f5405c6b98b5a5970b00db193891be082d7ae8406888478df,8521-0005,BACKFILL_EXACT,
1741,8521-0010,شابلون گپ سنج — 0-100mm,8521-0010,4,Dasqua | داسکوا,,,,,8521-0010,8521-0010,generic.v1,PROFILE_MISSING,2,authorized_supplier_price_list,/home/shebahati/KaZar/Product and Data Complete/اندازه گیری/داسکوا/لیست قیمت داسکوا +10 درصد.pdf,tier1_3_registry_match,c589df1dc02df10f5405c6b98b5a5970b00db193891be082d7ae8406888478df,8521-0010,BACKFILL_EXACT,
1742,8521-0015,شابلون گپ سنج — 0-45mm,8521-0015,4,Dasqua | داسکوا,,,,,8521-0015,8521-0015,generic.v1,PROFILE_MISSING,2,authorized_supplier_price_list,/home/shebahati/KaZar/Product and Data Complete/اندازه گیری/داسکوا/لیست قیمت داسکوا +10 درصد.pdf,tier1_3_registry_match,c589df1dc02df10f5405c6b98b5a5970b00db193891be082d7ae8406888478df,8521-0015,BACKFILL_EXACT,
1743,8521-0020,شابلون گپ سنج — 0-200mm,8521-0020,4,Dasqua | داسکوا,,,,,8521-0020,8521-0020,generic.v1,PROFILE_MISSING,2,authorized_supplier_price_list,/home/shebahati/KaZar/Product and Data Complete/اندازه گیری/داسکوا/لیست قیمت داسکوا +10 درصد.pdf,tier1_3_registry_match,c589df1dc02df10f5405c6b98b5a5970b00db193891be082d7ae8406888478df,8521-0020,BACKFILL_EXACT,
1744,8530-1005,ساعت تلسکونی گیج داخل 1 — 0-1,8530-1005,4,Dasqua | داسکوا,,,,,8530-1005,8530-1005,generic.v1,PROFILE_MISSING,2,authorized_supplier_price_list,/home/shebahati/KaZar/Product and Data Complete/اندازه گیری/داسکوا/لیست قیمت داسکوا +10 درصد.pdf,tier1_3_registry_match,c589df1dc02df10f5405c6b98b5a5970b00db193891be082d7ae8406888478df,8530-1005,BACKFILL_EXACT,
1745,8531-0005,ساعت تلسکونی گیج داخل 1 — 0-50mm,8531-0005,4,Dasqua | داسکوا,,,,,8531-0005,8531-0005,generic.v1,PROFILE_MISSING,2,authorized_supplier_price_list,/home/shebahati/KaZar/Product and Data Complete/اندازه گیری/داسکوا/لیست قیمت داسکوا +10 درصد.pdf,tier1_3_registry_match,c589df1dc02df10f5405c6b98b5a5970b00db193891be082d7ae8406888478df,8531-0005,BACKFILL_EXACT,
1746,8561-2005,سختی‌سنج شور داسکوا کد 8561-2005,8561-2005,4,Dasqua | داسکوا,,,,8561-2005,8561-2005,8561-2005,generic.v1,PROFILE_MISSING,2,authorized_supplier_price_list,/home/shebahati/KaZar/Product and Data Complete/اندازه گیری/داسکوا/لیست قیمت داسکوا +10 درصد.pdf,tier1_3_registry_match,c589df1dc02df10f5405c6b98b5a5970b00db193891be082d7ae8406888478df,8561-2005,BACKFILL_EXACT,
1747,8561-2010,سختی‌سنج شور داسکوا کد 8561-2010,8561-2010,4,Dasqua | داسکوا,,,,8561-2010,8561-2010,8561-2010,generic.v1,PROFILE_MISSING,2,authorized_supplier_price_list,/home/shebahati/KaZar/Product and Data Complete/اندازه گیری/داسکوا/لیست قیمت داسکوا +10 درصد.pdf,tier1_3_registry_match,c589df1dc02df10f5405c6b98b5a5970b00db193891be082d7ae8406888478df,8561-2010,BACKFILL_EXACT,
1748,8561-2015,سختی‌سنج شور داسکوا کد 8561-2015,8561-2015,4,Dasqua | داسکوا,,,,8561-2015,8561-2015,8561-2015,generic.v1,PROFILE_MISSING,2,authorized_supplier_price_list,/home/shebahati/KaZar/Product and Data Complete/اندازه گیری/داسکوا/لیست قیمت داسکوا +10 درصد.pdf,tier1_3_registry_match,c589df1dc02df10f5405c6b98b5a5970b00db193891be082d7ae8406888478df,8561-2015,BACKFILL_EXACT,
1749,8561-2020,سختی‌سنج شور داسکوا کد 8561-2020,8561-2020,4,Dasqua | داسکوا,,,,8561-2020,8561-2020,8561-2020,generic.v1,PROFILE_MISSING,2,authorized_supplier_price_list,/home/shebahati/KaZar/Product and Data Complete/اندازه گیری/داسکوا/لیست قیمت داسکوا +10 درصد.pdf,tier1_3_registry_match,c589df1dc02df10f5405c6b98b5a5970b00db193891be082d7ae8406888478df,8561-2020,BACKFILL_EXACT,
1750,8561-2025,سختی‌سنج شور داسکوا کد 8561-2025,8561-2025,4,Dasqua | داسکوا,,,,8561-2025,8561-2025,8561-2025,generic.v1,PROFILE_MISSING,2,authorized_supplier_price_list,/home/shebahati/KaZar/Product and Data Complete/اندازه گیری/داسکوا/لیست قیمت داسکوا +10 درصد.pdf,tier1_3_registry_match,c589df1dc02df10f5405c6b98b5a5970b00db193891be082d7ae8406888478df,8561-2025,BACKFILL_EXACT,
1751,8561-2030,سختی‌سنج شور داسکوا کد 8561-2030,8561-2030,4,Dasqua | داسکوا,,,,8561-2030,8561-2030,8561-2030,generic.v1,PROFILE_MISSING,2,authorized_supplier_price_list,/home/shebahati/KaZar/Product and Data Complete/اندازه گیری/داسکوا/لیست قیمت داسکوا +10 درصد.pdf,tier1_3_registry_match,c589df1dc02df10f5405c6b98b5a5970b00db193891be082d7ae8406888478df,8561-2030,BACKFILL_EXACT,
1752,8561-2035,سختی‌سنج شور داسکوا کد 8561-2035,8561-2035,4,Dasqua | داسکوا,,,,8561-2035,8561-2035,8561-2035,generic.v1,PROFILE_MISSING,2,authorized_supplier_price_list,/home/shebahati/KaZar/Product and Data Complete/اندازه گیری/داسکوا/لیست قیمت داسکوا +10 درصد.pdf,tier1_3_registry_match,c589df1dc02df10f5405c6b98b5a5970b00db193891be082d7ae8406888478df,8561-2035,BACKFILL_EXACT,
1753,8802-5105,سختی‌سنج شور داسکوا کد 8802-5105,8802-5105,4,Dasqua | داسکوا,,,,8802-5105,8802-5105,8802-5105,generic.v1,PROFILE_MISSING,2,authorized_supplier_price_list,/home/shebahati/KaZar/Product and Data Complete/اندازه گیری/داسکوا/لیست قیمت داسکوا +10 درصد.pdf,tier1_3_registry_match,c589df1dc02df10f5405c6b98b5a5970b00db193891be082d7ae8406888478df,8802-5105,BACKFILL_EXACT,
1754,8802-5110,سختی‌سنج شور داسکوا کد 8802-5110,8802-5110,4,Dasqua | داسکوا,,,,8802-5110,8802-5110,8802-5110,generic.v1,PROFILE_MISSING,2,authorized_supplier_price_list,/home/shebahati/KaZar/Product and Data Complete/اندازه گیری/داسکوا/لیست قیمت داسکوا +10 درصد.pdf,tier1_3_registry_match,c589df1dc02df10f5405c6b98b5a5970b00db193891be082d7ae8406888478df,8802-5110,BACKFILL_EXACT,
1755,8802-5115,سختی‌سنج شور داسکوا کد 8802-5115,8802-5115,4,Dasqua | داسکوا,,,,8802-5115,8802-5115,8802-5115,generic.v1,PROFILE_MISSING,2,authorized_supplier_price_list,/home/shebahati/KaZar/Product and Data Complete/اندازه گیری/داسکوا/لیست قیمت داسکوا +10 درصد.pdf,tier1_3_registry_match,c589df1dc02df10f5405c6b98b5a5970b00db193891be082d7ae8406888478df,8802-5115,BACKFILL_EXACT,
1756,8802-5120,سختی‌سنج شور داسکوا کد 8802-5120,8802-5120,4,Dasqua | داسکوا,,,,8802-5120,8802-5120,8802-5120,generic.v1,PROFILE_MISSING,2,authorized_supplier_price_list,/home/shebahati/KaZar/Product and Data Complete/اندازه گیری/داسکوا/لیست قیمت داسکوا +10 درصد.pdf,tier1_3_registry_match,c589df1dc02df10f5405c6b98b5a5970b00db193891be082d7ae8406888478df,8802-5120,BACKFILL_EXACT,
1757,8802-5125,سختی‌سنج شور داسکوا کد 8802-5125,8802-5125,4,Dasqua | داسکوا,,,,8802-5125,8802-5125,8802-5125,generic.v1,PROFILE_MISSING,2,authorized_supplier_price_list,/home/shebahati/KaZar/Product and Data Complete/اندازه گیری/داسکوا/لیست قیمت داسکوا +10 درصد.pdf,tier1_3_registry_match,c589df1dc02df10f5405c6b98b5a5970b00db193891be082d7ae8406888478df,8802-5125,BACKFILL_EXACT,
1758,9110-0005,خط کش زاویه سنج دیجیتال دو خط — 0-50mm,9110-0005,4,Dasqua | داسکوا,,,,,9110-0005,9110-0005,generic.v1,PROFILE_MISSING,2,authorized_supplier_price_list,/home/shebahati/KaZar/Product and Data Complete/اندازه گیری/داسکوا/لیست قیمت داسکوا +10 درصد.pdf,tier1_3_registry_match,c589df1dc02df10f5405c6b98b5a5970b00db193891be082d7ae8406888478df,9110-0005,BACKFILL_EXACT,
1759,9110-0010,خط کش زاویه سنج دیجیتال دو خط — 0-100mm,9110-0010,4,Dasqua | داسکوا,,,,,9110-0010,9110-0010,generic.v1,PROFILE_MISSING,2,authorized_supplier_price_list,/home/shebahati/KaZar/Product and Data Complete/اندازه گیری/داسکوا/لیست قیمت داسکوا +10 درصد.pdf,tier1_3_registry_match,c589df1dc02df10f5405c6b98b5a5970b00db193891be082d7ae8406888478df,9110-0010,BACKFILL_EXACT,
1760,9110-0015,خط کش زاویه سنج دیجیتال دو خط — 0-150mm,9110-0015,4,Dasqua | داسکوا,,,,,9110-0015,9110-0015,generic.v1,PROFILE_MISSING,2,authorized_supplier_price_list,/home/shebahati/KaZar/Product and Data Complete/اندازه گیری/داسکوا/لیست قیمت داسکوا +10 درصد.pdf,tier1_3_registry_match,c589df1dc02df10f5405c6b98b5a5970b00db193891be082d7ae8406888478df,9110-0015,BACKFILL_EXACT,
1761,9110-0020,خط کش زاویه سنج دیجیتال دو خط — 0-200mm,9110-0020,4,Dasqua | داسکوا,,,,,9110-0020,9110-0020,generic.v1,PROFILE_MISSING,2,authorized_supplier_price_list,/home/shebahati/KaZar/Product and Data Complete/اندازه گیری/داسکوا/لیست قیمت داسکوا +10 درصد.pdf,tier1_3_registry_match,c589df1dc02df10f5405c6b98b5a5970b00db193891be082d7ae8406888478df,9110-0020,BACKFILL_EXACT,
1762,9110-0025,خط کش زاویه سنج دیجیتال دو خط — 0-25mm,9110-0025,4,Dasqua | داسکوا,,,,,9110-0025,9110-0025,generic.v1,PROFILE_MISSING,2,authorized_supplier_price_list,/home/shebahati/KaZar/Product and Data Complete/اندازه گیری/داسکوا/لیست قیمت داسکوا +10 درصد.pdf,tier1_3_registry_match,c589df1dc02df10f5405c6b98b5a5970b00db193891be082d7ae8406888478df,9110-0025,BACKFILL_EXACT,
1763,9110-0030,خط کش زاویه سنج دیجیتال دو خط — 0-30mm,9110-0030,4,Dasqua | داسکوا,,,,,9110-0030,9110-0030,generic.v1,PROFILE_MISSING,2,authorized_supplier_price_list,/home/shebahati/KaZar/Product and Data Complete/اندازه گیری/داسکوا/لیست قیمت داسکوا +10 درصد.pdf,tier1_3_registry_match,c589df1dc02df10f5405c6b98b5a5970b00db193891be082d7ae8406888478df,9110-0030,BACKFILL_EXACT,
1764,9110-0035,خط کش زاویه سنج دیجیتال دو خط — 0-35mm,9110-0035,4,Dasqua | داسکوا,,,,,9110-0035,9110-0035,generic.v1,PROFILE_MISSING,2,authorized_supplier_price_list,/home/shebahati/KaZar/Product and Data Complete/اندازه گیری/داسکوا/لیست قیمت داسکوا +10 درصد.pdf,tier1_3_registry_match,c589df1dc02df10f5405c6b98b5a5970b00db193891be082d7ae8406888478df,9110-0035,BACKFILL_EXACT,
1765,9111-1110,خط کش زاویه سنج دیجیتال دو خط — 0-1110mm,9111-1110,4,Dasqua | داسکوا,,,,,9111-1110,9111-1110,generic.v1,PROFILE_MISSING,2,authorized_supplier_price_list,/home/shebahati/KaZar/Product and Data Complete/اندازه گیری/داسکوا/لیست قیمت داسکوا +10 درصد.pdf,tier1_3_registry_match,c589df1dc02df10f5405c6b98b5a5970b00db193891be082d7ae8406888478df,9111-1110,BACKFILL_EXACT,
1766,9211-3005,گیج ضخامت صفحه‌ای داسکوا کد 9211-3005,9211-3005,4,Dasqua | داسکوا,,,,9211-3005,9211-3005,9211-3005,generic.v1,PROFILE_MISSING,2,authorized_supplier_price_list,/home/shebahati/KaZar/Product and Data Complete/اندازه گیری/داسکوا/لیست قیمت داسکوا +10 درصد.pdf,tier1_3_registry_match,c589df1dc02df10f5405c6b98b5a5970b00db193891be082d7ae8406888478df,9211-3005,BACKFILL_EXACT,
1767,9211-3010,گیج ضخامت صفحه‌ای داسکوا کد 9211-3010,9211-3010,4,Dasqua | داسکوا,,,,9211-3010,9211-3010,9211-3010,generic.v1,PROFILE_MISSING,2,authorized_supplier_price_list,/home/shebahati/KaZar/Product and Data Complete/اندازه گیری/داسکوا/لیست قیمت داسکوا +10 درصد.pdf,tier1_3_registry_match,c589df1dc02df10f5405c6b98b5a5970b00db193891be082d7ae8406888478df,9211-3010,BACKFILL_EXACT,
1768,9211-3015,گیج ضخامت صفحه‌ای داسکوا کد 9211-3015,9211-3015,4,Dasqua | داسکوا,,,,9211-3015,9211-3015,9211-3015,generic.v1,PROFILE_MISSING,2,authorized_supplier_price_list,/home/shebahati/KaZar/Product and Data Complete/اندازه گیری/داسکوا/لیست قیمت داسکوا +10 درصد.pdf,tier1_3_registry_match,c589df1dc02df10f5405c6b98b5a5970b00db193891be082d7ae8406888478df,9211-3015,BACKFILL_EXACT,
1769,9222-3110,خط کش زاویه سنج دیجیتال دو خط,9222-3110,4,Dasqua | داسکوا,,,,,9222-3110,9222-3110,generic.v1,PROFILE_MISSING,2,authorized_supplier_price_list,/home/shebahati/KaZar/Product and Data Complete/اندازه گیری/داسکوا/لیست قیمت داسکوا +10 درصد.pdf,tier1_3_registry_match,c589df1dc02df10f5405c6b98b5a5970b00db193891be082d7ae8406888478df,9222-3110,BACKFILL_EXACT,
1770,9411-1205,گیج راپورتر زاویه 10پارچه — 0-1205mm,9411-1205,4,Dasqua | داسکوا,,,,,9411-1205,9411-1205,generic.v1,PROFILE_MISSING,2,authorized_supplier_price_list,/home/shebahati/KaZar/Product and Data Complete/اندازه گیری/داسکوا/لیست قیمت داسکوا +10 درصد.pdf,tier1_3_registry_match,c589df1dc02df10f5405c6b98b5a5970b00db193891be082d7ae8406888478df,9411-1205,BACKFILL_EXACT,
1771,0110-1125,بادسنج اینسایز مدل 0110-1125,0110-1125,3,INSIZE | اینسایز,63,ANEMOMETER,,0110-1125,0110-1125,0110-1125,generic.v1,PROFILE_MISSING,1,oem_product_list,/home/shebahati/KaZar/Product and Data Complete/اندازه گیری/اینسایز/لیست محصولات.pdf,tier1_3_registry_match,6973018c3eeaad81327c31084ff9185ac522573976edc678d4be2bd371d056bf,0110-1125,BACKFILL_EXACT,
1772,1103-150,کولیس دیجیتال 15سانت اینسایز مدل 1103-150,1103-150,3,INSIZE | اینسایز,1,GEN_CALIPER,,1103-150,1103-150,1103-150,generic.v1,PROFILE_MISSING,1,oem_product_list,/home/shebahati/KaZar/Product and Data Complete/اندازه گیری/اینسایز/لیست محصولات.pdf,tier1_3_registry_match,6973018c3eeaad81327c31084ff9185ac522573976edc678d4be2bd371d056bf,1103-150,BACKFILL_EXACT,
1773,1103-200,کولیس دیجیتال 20سانت اینسایز مدل 1103-200,1103-200,3,INSIZE | اینسایز,1,GEN_CALIPER,,1103-200,1103-200,1103-200,generic.v1,PROFILE_MISSING,1,oem_product_list,/home/shebahati/KaZar/Product and Data Complete/اندازه گیری/اینسایز/لیست محصولات.pdf,tier1_3_registry_match,6973018c3eeaad81327c31084ff9185ac522573976edc678d4be2bd371d056bf,1103-200,BACKFILL_EXACT,
1774,1103-300,کولیس دیجیتال 30سانت اینسایز مدل 1103-300,1103-300,3,INSIZE | اینسایز,1,GEN_CALIPER,,1103-300,1103-300,1103-300,generic.v1,PROFILE_MISSING,1,oem_product_list,/home/shebahati/KaZar/Product and Data Complete/اندازه گیری/اینسایز/لیست محصولات.pdf,tier1_3_registry_match,6973018c3eeaad81327c31084ff9185ac522573976edc678d4be2bd371d056bf,1103-300,BACKFILL_EXACT,
1775,1106-301,کولیس دیجیتال اینسایز (Insize) 30 سانتی‌ متری فک بلند مدل 301-1106,1106-301,3,INSIZE | اینسایز,1,GEN_CALIPER,,301-1106,1106-301,301-1106|1106-301,generic.v1,PROFILE_MISSING,1,oem_product_list,/home/shebahati/KaZar/Product and Data Complete/اندازه گیری/اینسایز/لیست محصولات.pdf,tier1_3_registry_match,6973018c3eeaad81327c31084ff9185ac522573976edc678d4be2bd371d056bf,1106-301,BACKFILL_EXACT,
1776,1106-302,کولیس دیجیتال اینسایز (Insize) 30 سانتی متر فک بلند مدل 302-1106,1106-302,3,INSIZE | اینسایز,1,GEN_CALIPER,,302-1106,1106-302,302-1106|1106-302,generic.v1,PROFILE_MISSING,1,oem_product_list,/home/shebahati/KaZar/Product and Data Complete/اندازه گیری/اینسایز/لیست محصولات.pdf,tier1_3_registry_match,6973018c3eeaad81327c31084ff9185ac522573976edc678d4be2bd371d056bf,1106-302,BACKFILL_EXACT,
1777,1106-501,کولیس دیجیتال 50سانت اینسایز مدل 1106-501,1106-501,3,INSIZE | اینسایز,1,GEN_CALIPER,,1106-501,1106-501,1106-501,generic.v1,PROFILE_MISSING,1,oem_product_list,/home/shebahati/KaZar/Product and Data Complete/اندازه گیری/اینسایز/لیست محصولات.pdf,tier1_3_registry_match,6973018c3eeaad81327c31084ff9185ac522573976edc678d4be2bd371d056bf,1106-501,BACKFILL_EXACT,
1778,1106-502,کولیس دیجیتال اینسایز(insize) 50 سانتی متر فک بلند 15 سانت مدل 502-1106,1106-502,3,INSIZE | اینسایز,1,GEN_CALIPER,,502-1106,1106-502,502-1106|1106-502,generic.v1,PROFILE_MISSING,1,oem_product_list,/home/shebahati/KaZar/Product and Data Complete/اندازه گیری/اینسایز/لیست محصولات.pdf,tier1_3_registry_match,6973018c3eeaad81327c31084ff9185ac522573976edc678d4be2bd371d056bf,1106-502,BACKFILL_EXACT,
1779,1106-503,کولیس دیجیتال اینسایز (Insize) 50 سانتی متر فک بلند 20 سانت مدل 503-1106,1106-503,3,INSIZE | اینسایز,1,GEN_CALIPER,,503-1106,1106-503,503-1106|1106-503,generic.v1,PROFILE_MISSING,1,oem_product_list,/home/shebahati/KaZar/Product and Data Complete/اندازه گیری/اینسایز/لیست محصولات.pdf,tier1_3_registry_match,6973018c3eeaad81327c31084ff9185ac522573976edc678d4be2bd371d056bf,1106-503,BACKFILL_EXACT,
1780,1106-505,کولیس دیجیتال اینسایز (Insize) 50 سانتی متر فک بلند 30 سانت مدل 505-1106,1106-505,3,INSIZE | اینسایز,1,GEN_CALIPER,,505-1106,1106-505,505-1106|1106-505,generic.v1,PROFILE_MISSING,1,oem_product_list,/home/shebahati/KaZar/Product and Data Complete/اندازه گیری/اینسایز/لیست محصولات.pdf,tier1_3_registry_match,6973018c3eeaad81327c31084ff9185ac522573976edc678d4be2bd371d056bf,1106-505,BACKFILL_EXACT,
1781,1106-601,کولیس دیجیتال اینسایز (Insize) 60 سانتی متر مدل 601-1106,1106-601,3,INSIZE | اینسایز,1,GEN_CALIPER,,601-1106,1106-601,601-1106|1106-601,generic.v1,PROFILE_MISSING,1,oem_product_list,/home/shebahati/KaZar/Product and Data Complete/اندازه گیری/اینسایز/لیست محصولات.pdf,tier1_3_registry_match,6973018c3eeaad81327c31084ff9185ac522573976edc678d4be2bd371d056bf,1106-601,BACKFILL_EXACT,
1782,1106-602,کولیس دیجیتال اینسایز (Insize) 60 سانتی متر فک بلند 15 سانت مدل 602-1106,1106-602,3,INSIZE | اینسایز,1,GEN_CALIPER,,602-1106,1106-602,602-1106|1106-602,generic.v1,PROFILE_MISSING,1,oem_product_list,/home/shebahati/KaZar/Product and Data Complete/اندازه گیری/اینسایز/لیست محصولات.pdf,tier1_3_registry_match,6973018c3eeaad81327c31084ff9185ac522573976edc678d4be2bd371d056bf,1106-602,BACKFILL_EXACT,
1783,1106-603,کولیس دیجیتال اینسایز (Insize) 60 سانتی متر فک بلند 20 سانت مدل 603-1106,1106-603,3,INSIZE | اینسایز,1,GEN_CALIPER,,603-1106,1106-603,603-1106|1106-603,generic.v1,PROFILE_MISSING,1,oem_product_list,/home/shebahati/KaZar/Product and Data Complete/اندازه گیری/اینسایز/لیست محصولات.pdf,tier1_3_registry_match,6973018c3eeaad81327c31084ff9185ac522573976edc678d4be2bd371d056bf,1106-603,BACKFILL_EXACT,
1784,1106-802,کولیس دیجیتال اینسایز (Insize) 80 سانتی متر فک بلند 15 سانت مدل 802-1106,1106-802,3,INSIZE | اینسایز,1,GEN_CALIPER,,802-1106,1106-802,802-1106|1106-802,generic.v1,PROFILE_MISSING,1,oem_product_list,/home/shebahati/KaZar/Product and Data Complete/اندازه گیری/اینسایز/لیست محصولات.pdf,tier1_3_registry_match,6973018c3eeaad81327c31084ff9185ac522573976edc678d4be2bd371d056bf,1106-802,BACKFILL_EXACT,
1785,1108-150,کولیس دیجیتال 15سانت اینسایز مدل 1108-150,1108-150,3,INSIZE | اینسایز,1,GEN_CALIPER,,1108-150,1108-150,1108-150,generic.v1,PROFILE_MISSING,1,oem_product_list,/home/shebahati/KaZar/Product and Data Complete/اندازه گیری/اینسایز/لیست محصولات.pdf,tier1_3_registry_match,6973018c3eeaad81327c31084ff9185ac522573976edc678d4be2bd371d056bf,1108-150,BACKFILL_EXACT,
1786,1108-200,کولیس دیجیتال 20سانت اینسایز مدل 1108-200,1108-200,3,INSIZE | اینسایز,1,GEN_CALIPER,,1108-200,1108-200,1108-200,generic.v1,PROFILE_MISSING,1,oem_product_list,/home/shebahati/KaZar/Product and Data Complete/اندازه گیری/اینسایز/لیست محصولات.pdf,tier1_3_registry_match,6973018c3eeaad81327c31084ff9185ac522573976edc678d4be2bd371d056bf,1108-200,BACKFILL_EXACT,
1787,1108-300,کولیس دیجیتال 30سانت اینسایز مدل 1108-300,1108-300,3,INSIZE | اینسایز,1,GEN_CALIPER,,1108-300,1108-300,1108-300,generic.v1,PROFILE_MISSING,1,oem_product_list,/home/shebahati/KaZar/Product and Data Complete/اندازه گیری/اینسایز/لیست محصولات.pdf,tier1_3_registry_match,6973018c3eeaad81327c31084ff9185ac522573976edc678d4be2bd371d056bf,1108-300,BACKFILL_EXACT,
1788,1111-100,کولیس دیجیتال 10 سانتی متری اینسایز (Insize) مدل 100-1111,1111-100,3,INSIZE | اینسایز,1,GEN_CALIPER,,100-1111,1111-100,100-1111|1111-100,generic.v1,PROFILE_MISSING,1,oem_product_list,/home/shebahati/KaZar/Product and Data Complete/اندازه گیری/اینسایز/لیست محصولات.pdf,tier1_3_registry_match,6973018c3eeaad81327c31084ff9185ac522573976edc678d4be2bd371d056bf,1111-100,BACKFILL_EXACT,
1789,1114-150,کولیس دیجیتال اینسایز (Insize) 15 سانتی متر فلزی (متال) مدل 150-1114,1114-150,3,INSIZE | اینسایز,1,GEN_CALIPER,,150-1114,1114-150,150-1114|1114-150,generic.v1,PROFILE_MISSING,1,oem_product_list,/home/shebahati/KaZar/Product and Data Complete/اندازه گیری/اینسایز/لیست محصولات.pdf,tier1_3_registry_match,6973018c3eeaad81327c31084ff9185ac522573976edc678d4be2bd371d056bf,1114-150,BACKFILL_EXACT,
1790,1114-200,کولیس دیجیتال اینسایز (Insize) 20 سانتی متر فلزی (متال) مدل 200-1114,1114-200,3,INSIZE | اینسایز,1,GEN_CALIPER,,200-1114,1114-200,200-1114|1114-200,generic.v1,PROFILE_MISSING,1,oem_product_list,/home/shebahati/KaZar/Product and Data Complete/اندازه گیری/اینسایز/لیست محصولات.pdf,tier1_3_registry_match,6973018c3eeaad81327c31084ff9185ac522573976edc678d4be2bd371d056bf,1114-200,BACKFILL_EXACT,
1791,1114-300,کولیس دیجیتال 30 سانتی فلزی (متال) اینسایز(Insize) مدل 300-1114,1114-300,3,INSIZE | اینسایز,1,GEN_CALIPER,,300-1114,1114-300,300-1114|1114-300,generic.v1,PROFILE_MISSING,1,oem_product_list,/home/shebahati/KaZar/Product and Data Complete/اندازه گیری/اینسایز/لیست محصولات.pdf,tier1_3_registry_match,6973018c3eeaad81327c31084ff9185ac522573976edc678d4be2bd371d056bf,1114-300,BACKFILL_EXACT,
1792,1115-150,کولیس دیجیتال اینسایز (Insize) 15 سانت ضد اب (IP67) مدل 150-1115,1115-150,3,INSIZE | اینسایز,,,,150-1115,1115-150,150-1115|1115-150,generic.v1,PROFILE_MISSING,1,oem_product_list,/home/shebahati/KaZar/Product and Data Complete/اندازه گیری/اینسایز/لیست محصولات.pdf,tier1_3_registry_match,6973018c3eeaad81327c31084ff9185ac522573976edc678d4be2bd371d056bf,1115-150,BACKFILL_EXACT,
1793,1115-200,کولیس دیجیتال اینسایز (Insize) 20 سانت ضد اب (IP67) مدل 200-1115,1115-200,3,INSIZE | اینسایز,,,,200-1115,1115-200,200-1115|1115-200,generic.v1,PROFILE_MISSING,1,oem_product_list,/home/shebahati/KaZar/Product and Data Complete/اندازه گیری/اینسایز/لیست محصولات.pdf,tier1_3_registry_match,6973018c3eeaad81327c31084ff9185ac522573976edc678d4be2bd371d056bf,1115-200,BACKFILL_EXACT,
1794,1115-300,کولیس دیجیتال اینسایز (Insize) 30 سانت ضد اب (IP67) مدل 300-1115,1115-300,3,INSIZE | اینسایز,,,,300-1115,1115-300,300-1115|1115-300,generic.v1,PROFILE_MISSING,1,oem_product_list,/home/shebahati/KaZar/Product and Data Complete/اندازه گیری/اینسایز/لیست محصولات.pdf,tier1_3_registry_match,6973018c3eeaad81327c31084ff9185ac522573976edc678d4be2bd371d056bf,1115-300,BACKFILL_EXACT,
1795,1120-150,کولیس دیجیتال اینسایز (Insize) 15 سانتی متر شیارسنج مدل 150-1120,1120-150,3,INSIZE | اینسایز,3,INTERNAL_GROOVE_CALIPER,,150-1120,1120-150,150-1120|1120-150,generic.v1,PROFILE_MISSING,1,oem_product_list,/home/shebahati/KaZar/Product and Data Complete/اندازه گیری/اینسایز/لیست محصولات.pdf,tier1_3_registry_match,6973018c3eeaad81327c31084ff9185ac522573976edc678d4be2bd371d056bf,1120-150,BACKFILL_EXACT,
1796,1120-200,کولیس دیجیتال اینسایز (Insize) 20 سانتی متر شیارسنج مدل 200-1120,1120-200,3,INSIZE | اینسایز,3,INTERNAL_GROOVE_CALIPER,,200-1120,1120-200,200-1120|1120-200,generic.v1,PROFILE_MISSING,1,oem_product_list,/home/shebahati/KaZar/Product and Data Complete/اندازه گیری/اینسایز/لیست محصولات.pdf,tier1_3_registry_match,6973018c3eeaad81327c31084ff9185ac522573976edc678d4be2bd371d056bf,1120-200,BACKFILL_EXACT,
1797,1120-300,کولیس داخل دیجیتال اینسایز (Insize) 30 سانت مدل 300-1120,1120-300,3,INSIZE | اینسایز,3,INTERNAL_GROOVE_CALIPER,,300-1120,1120-300,300-1120|1120-300,generic.v1,PROFILE_MISSING,1,oem_product_list,/home/shebahati/KaZar/Product and Data Complete/اندازه گیری/اینسایز/لیست محصولات.pdf,tier1_3_registry_match,6973018c3eeaad81327c31084ff9185ac522573976edc678d4be2bd371d056bf,1120-300,BACKFILL_EXACT,
1798,1120-500,کولیس داخل دیجیتال اینسایز (Insize) 50 سانت مدل 500-1120,1120-500,3,INSIZE | اینسایز,3,INTERNAL_GROOVE_CALIPER,,500-1120,1120-500,500-1120|1120-500,generic.v1,PROFILE_MISSING,1,oem_product_list,/home/shebahati/KaZar/Product and Data Complete/اندازه گیری/اینسایز/لیست محصولات.pdf,tier1_3_registry_match,6973018c3eeaad81327c31084ff9185ac522573976edc678d4be2bd371d056bf,1120-500,BACKFILL_EXACT,
1799,1121-150,کولیس دیجیتال اینسایز (Insize) 15 سانتی متر داخل سنج مدل150-1121,1121-150,3,INSIZE | اینسایز,8,INTERNAL_POINT_CALIPER,,,1121-150,1121-150,generic.v1,PROFILE_MISSING,1,oem_product_list,/home/shebahati/KaZar/Product and Data Complete/اندازه گیری/اینسایز/لیست محصولات.pdf,tier1_3_registry_match,6973018c3eeaad81327c31084ff9185ac522573976edc678d4be2bd371d056bf,1121-150,BACKFILL_EXACT,
1800,1122-300,کولیس دیجیتال شیار اینسایز( Insize) 30 سانتی متر مدل 300-1122,1122-300,3,INSIZE | اینسایز,5,HOOK_CALIPER,,300-1122,1122-300,300-1122|1122-300,generic.v1,PROFILE_MISSING,1,oem_product_list,/home/shebahati/KaZar/Product and Data Complete/اندازه گیری/اینسایز/لیست محصولات.pdf,tier1_3_registry_match,6973018c3eeaad81327c31084ff9185ac522573976edc678d4be2bd371d056bf,1122-300,BACKFILL_EXACT,
1801,1123-150,کولیس دیجیتال اینسایز (Insize) 15 سانتی متر داخل سنج فک چاقویی مدل 150-1123,1123-150,3,INSIZE | اینسایز,7,INSIDE_KNIFE_EDGE_CALIPER,,150-1123,1123-150,150-1123|1123-150,generic.v1,PROFILE_MISSING,1,oem_product_list,/home/shebahati/KaZar/Product and Data Complete/اندازه گیری/اینسایز/لیست محصولات.pdf,tier1_3_registry_match,6973018c3eeaad81327c31084ff9185ac522573976edc678d4be2bd371d056bf,1123-150,BACKFILL_EXACT,
1802,1123-300,کولیس داخل دیجیتال اینسایز (Insize) 30 سانت مدل 300-1123,1123-300,3,INSIZE | اینسایز,7,INSIDE_KNIFE_EDGE_CALIPER,,300-1123,1123-300,300-1123|1123-300,generic.v1,PROFILE_MISSING,1,oem_product_list,/home/shebahati/KaZar/Product and Data Complete/اندازه گیری/اینسایز/لیست محصولات.pdf,tier1_3_registry_match,6973018c3eeaad81327c31084ff9185ac522573976edc678d4be2bd371d056bf,1123-300,BACKFILL_EXACT,
1803,1135-601,کولیس دیجیتال اینسایز (Insize) 60 سانتی متر دو فک مدل 601-1135,1135-601,3,INSIZE | اینسایز,1,GEN_CALIPER,,601-1135,1135-601,601-1135|1135-601,generic.v1,PROFILE_MISSING,1,oem_product_list,/home/shebahati/KaZar/Product and Data Complete/اندازه گیری/اینسایز/لیست محصولات.pdf,tier1_3_registry_match,6973018c3eeaad81327c31084ff9185ac522573976edc678d4be2bd371d056bf,1135-601,BACKFILL_EXACT,
1804,1136-501,کولیس دیجیتال اینسایز (Insize) 50 سانتی متر دو فک مدل 501-1136,1136-501,3,INSIZE | اینسایز,1,GEN_CALIPER,,501-1136,1136-501,501-1136|1136-501,generic.v1,PROFILE_MISSING,1,oem_product_list,/home/shebahati/KaZar/Product and Data Complete/اندازه گیری/اینسایز/لیست محصولات.pdf,tier1_3_registry_match,6973018c3eeaad81327c31084ff9185ac522573976edc678d4be2bd371d056bf,1136-501,BACKFILL_EXACT,
1805,1136-502,کولیس دیجیتال اینسایز (Insize) دو فک 50 سانت فک 15 سانت مدل 502-1136,1136-502,3,INSIZE | اینسایز,1,GEN_CALIPER,,502-1136,1136-502,502-1136|1136-502,generic.v1,PROFILE_MISSING,1,oem_product_list,/home/shebahati/KaZar/Product and Data Complete/اندازه گیری/اینسایز/لیست محصولات.pdf,tier1_3_registry_match,6973018c3eeaad81327c31084ff9185ac522573976edc678d4be2bd371d056bf,1136-502,BACKFILL_EXACT,
1806,1136-503,کولیس دیجیتال اینسایز (Insize) دو فک 50 سانت فک 20 سانت مدل 503-1136,1136-503,3,INSIZE | اینسایز,1,GEN_CALIPER,,503-1136,1136-503,503-1136|1136-503,generic.v1,PROFILE_MISSING,1,oem_product_list,/home/shebahati/KaZar/Product and Data Complete/اندازه گیری/اینسایز/لیست محصولات.pdf,tier1_3_registry_match,6973018c3eeaad81327c31084ff9185ac522573976edc678d4be2bd371d056bf,1136-503,BACKFILL_EXACT,
1807,1136-601,کولیس دو فک اینسایز (Insize) دیجیتال 60 سانتی متر مدل 601-1136,1136-601,3,INSIZE | اینسایز,1,GEN_CALIPER,,601-1136,1136-601,601-1136|1136-601,generic.v1,PROFILE_MISSING,1,oem_product_list,/home/shebahati/KaZar/Product and Data Complete/اندازه گیری/اینسایز/لیست محصولات.pdf,tier1_3_registry_match,6973018c3eeaad81327c31084ff9185ac522573976edc678d4be2bd371d056bf,1136-601,BACKFILL_EXACT,
1808,1140-100,عمق سنج دیجیتال اینسایز (Insize) 10 سانت با میله گرد مدل 100-1140,1140-100,3,INSIZE | اینسایز,2,DEPTH_GAUGE,,100-1140,1140-100,100-1140|1140-100,generic.v1,PROFILE_MISSING,1,oem_product_list,/home/shebahati/KaZar/Product and Data Complete/اندازه گیری/اینسایز/لیست محصولات.pdf,tier1_3_registry_match,6973018c3eeaad81327c31084ff9185ac522573976edc678d4be2bd371d056bf,1140-100,BACKFILL_EXACT,
1809,1140-150,عمق سنج دیجیتال اینسایز (Insize) 15 سانت با میله گرد مدل 150-1140,1140-150,3,INSIZE | اینسایز,2,DEPTH_GAUGE,,150-1140,1140-150,150-1140|1140-150,generic.v1,PROFILE_MISSING,1,oem_product_list,/home/shebahati/KaZar/Product and Data Complete/اندازه گیری/اینسایز/لیست محصولات.pdf,tier1_3_registry_match,6973018c3eeaad81327c31084ff9185ac522573976edc678d4be2bd371d056bf,1140-150,BACKFILL_EXACT,
1810,1141-150,کولیس دیجیتال اینسایز (Insize) 15 سانتی متر عمق سنج مدل 150-1141,1141-150,3,INSIZE | اینسایز,2,DEPTH_GAUGE,,150-1141,1141-150,150-1141|1141-150,generic.v1,PROFILE_MISSING,1,oem_product_list,/home/shebahati/KaZar/Product and Data Complete/اندازه گیری/اینسایز/لیست محصولات.pdf,tier1_3_registry_match,6973018c3eeaad81327c31084ff9185ac522573976edc678d4be2bd371d056bf,1141-150,BACKFILL_EXACT,
1811,1141-200,کولیس دیجیتال اینسایز (Insize) 20 سانتی متر عمق سنج مدل 200-1141,1141-200,3,INSIZE | اینسایز,2,DEPTH_GAUGE,,200-1141,1141-200,200-1141|1141-200,generic.v1,PROFILE_MISSING,1,oem_product_list,/home/shebahati/KaZar/Product and Data Complete/اندازه گیری/اینسایز/لیست محصولات.pdf,tier1_3_registry_match,6973018c3eeaad81327c31084ff9185ac522573976edc678d4be2bd371d056bf,1141-200,BACKFILL_EXACT,
1812,1141-300,کولیس دیجیتال اینسایز (Insize) 30 سانتی متر عمق سنج مدل 300-1141,1141-300,3,INSIZE | اینسایز,2,DEPTH_GAUGE,,300-1141,1141-300,300-1141|1141-300,generic.v1,PROFILE_MISSING,1,oem_product_list,/home/shebahati/KaZar/Product and Data Complete/اندازه گیری/اینسایز/لیست محصولات.pdf,tier1_3_registry_match,6973018c3eeaad81327c31084ff9185ac522573976edc678d4be2bd371d056bf,1141-300,BACKFILL_EXACT,
1813,1141-500,کولیس دیجیتال اینسایز (Insize) 50 سانتی متر عمق سنج مدل 500-1141,1141-500,3,INSIZE | اینسایز,2,DEPTH_GAUGE,,500-1141,1141-500,500-1141|1141-500,generic.v1,PROFILE_MISSING,1,oem_product_list,/home/shebahati/KaZar/Product and Data Complete/اندازه گیری/اینسایز/لیست محصولات.pdf,tier1_3_registry_match,6973018c3eeaad81327c31084ff9185ac522573976edc678d4be2bd371d056bf,1141-500,BACKFILL_EXACT,
1814,1142-150,عمق سنج لبه دار اینسایز (Insize) 15 سانت مدل 150-1142,1142-150,3,INSIZE | اینسایز,2,DEPTH_GAUGE,,150-1142,1142-150,150-1142|1142-150,generic.v1,PROFILE_MISSING,1,oem_product_list,/home/shebahati/KaZar/Product and Data Complete/اندازه گیری/اینسایز/لیست محصولات.pdf,tier1_3_registry_match,6973018c3eeaad81327c31084ff9185ac522573976edc678d4be2bd371d056bf,1142-150,BACKFILL_EXACT,
1815,1142-200,کولیس دیجیتال اینسایز (Insize) 20 سانتی متر عمق سنج لبه دار مدل 200-1142,1142-200,3,INSIZE | اینسایز,2,DEPTH_GAUGE,,200-1142,1142-200,200-1142|1142-200,generic.v1,PROFILE_MISSING,1,oem_product_list,/home/shebahati/KaZar/Product and Data Complete/اندازه گیری/اینسایز/لیست محصولات.pdf,tier1_3_registry_match,6973018c3eeaad81327c31084ff9185ac522573976edc678d4be2bd371d056bf,1142-200,BACKFILL_EXACT,
1816,1142-300,کولیس عمق سنج لبه دار اینسایز( Insize) 30 سانتی متر مدل 300-1142,1142-300,3,INSIZE | اینسایز,2,DEPTH_GAUGE,,300-1142,1142-300,300-1142|1142-300,generic.v1,PROFILE_MISSING,1,oem_product_list,/home/shebahati/KaZar/Product and Data Complete/اندازه گیری/اینسایز/لیست محصولات.pdf,tier1_3_registry_match,6973018c3eeaad81327c31084ff9185ac522573976edc678d4be2bd371d056bf,1142-300,BACKFILL_EXACT,
1817,1144-150,عمق سنج لبه دار دو طرفه اینسایز (Insize) 15 سانت مدل 150-1144,1144-150,3,INSIZE | اینسایز,2,DEPTH_GAUGE,,150-1144,1144-150,150-1144|1144-150,generic.v1,PROFILE_MISSING,1,oem_product_list,/home/shebahati/KaZar/Product and Data Complete/اندازه گیری/اینسایز/لیست محصولات.pdf,tier1_3_registry_match,6973018c3eeaad81327c31084ff9185ac522573976edc678d4be2bd371d056bf,1144-150,BACKFILL_EXACT,
1818,1144-200,کولیس دیجیتال اینسایز (Insize) 20 سانتی متر عمق سنج لبه دار دو طرفه مدل 200-1144,1144-200,3,INSIZE | اینسایز,2,DEPTH_GAUGE,,200-1144,1144-200,200-1144|1144-200,generic.v1,PROFILE_MISSING,1,oem_product_list,/home/shebahati/KaZar/Product and Data Complete/اندازه گیری/اینسایز/لیست محصولات.pdf,tier1_3_registry_match,6973018c3eeaad81327c31084ff9185ac522573976edc678d4be2bd371d056bf,1144-200,BACKFILL_EXACT,
1819,1144-300,کولیس دیجیتال اینسایز (Insize) 30 سانتی متر عمق سنج لبه دار دو طرفه مدل 300-1144,1144-300,3,INSIZE | اینسایز,2,DEPTH_GAUGE,,300-1144,1144-300,300-1144|1144-300,generic.v1,PROFILE_MISSING,1,oem_product_list,/home/shebahati/KaZar/Product and Data Complete/اندازه گیری/اینسایز/لیست محصولات.pdf,tier1_3_registry_match,6973018c3eeaad81327c31084ff9185ac522573976edc678d4be2bd371d056bf,1144-300,BACKFILL_EXACT,
1820,1150-300,کولیس پایه دار دیجیتال 30سانت اینسایز مدل 1150-300,1150-300,3,INSIZE | اینسایز,14,HEIGHT_GAUGE,,1150-300,1150-300,1150-300,generic.v1,PROFILE_MISSING,1,oem_product_list,/home/shebahati/KaZar/Product and Data Complete/اندازه گیری/اینسایز/لیست محصولات.pdf,tier1_3_registry_match,6973018c3eeaad81327c31084ff9185ac522573976edc678d4be2bd371d056bf,1150-300,BACKFILL_EXACT,
1821,1150-500,کولیس دیجیتال 50 سانتی متر پایه دار اینسایز مدل 1150-500,1150-500,3,INSIZE | اینسایز,14,HEIGHT_GAUGE,,1150-500,1150-500,1150-500,generic.v1,PROFILE_MISSING,1,oem_product_list,/home/shebahati/KaZar/Product and Data Complete/اندازه گیری/اینسایز/لیست محصولات.pdf,tier1_3_registry_match,6973018c3eeaad81327c31084ff9185ac522573976edc678d4be2bd371d056bf,1150-500,BACKFILL_EXACT,
1822,1150-600,کولیس دیجیتال اینسایز (Insize) 60 سانتی متر پایه دار مدل 600-1150,1150-600,3,INSIZE | اینسایز,14,HEIGHT_GAUGE,,600-1150,1150-600,600-1150|1150-600,generic.v1,PROFILE_MISSING,1,oem_product_list,/home/shebahati/KaZar/Product and Data Complete/اندازه گیری/اینسایز/لیست محصولات.pdf,tier1_3_registry_match,6973018c3eeaad81327c31084ff9185ac522573976edc678d4be2bd371d056bf,1150-600,BACKFILL_EXACT,
1823,1151-300,کولیس پایه دار دو میله دیجیتال اینسایز (Insize) 30 سانت مدل 300-1151,1151-300,3,INSIZE | اینسایز,14,HEIGHT_GAUGE,,300-1151,1151-300,300-1151|1151-300,generic.v1,PROFILE_MISSING,1,oem_product_list,/home/shebahati/KaZar/Product and Data Complete/اندازه گیری/اینسایز/لیست محصولات.pdf,tier1_3_registry_match,6973018c3eeaad81327c31084ff9185ac522573976edc678d4be2bd371d056bf,1151-300,BACKFILL_EXACT,
1824,1151-600,کولیس پایه دار دو میله دیجیتال اینسایز (Insize) 60 سانت مدل 600-1151,1151-600,3,INSIZE | اینسایز,14,HEIGHT_GAUGE,,600-1151,1151-600,600-1151|1151-600,generic.v1,PROFILE_MISSING,1,oem_product_list,/home/shebahati/KaZar/Product and Data Complete/اندازه گیری/اینسایز/لیست محصولات.pdf,tier1_3_registry_match,6973018c3eeaad81327c31084ff9185ac522573976edc678d4be2bd371d056bf,1151-600,BACKFILL_EXACT,
1825,1156-300,کولیس دیجیتال اینسایز (Insize) 30 سانتی متر پایه دار مدل 300-1156,1156-300,3,INSIZE | اینسایز,14,HEIGHT_GAUGE,,300-1156,1156-300,300-1156|1156-300,generic.v1,PROFILE_MISSING,1,oem_product_list,/home/shebahati/KaZar/Product and Data Complete/اندازه گیری/اینسایز/لیست محصولات.pdf,tier1_3_registry_match,6973018c3eeaad81327c31084ff9185ac522573976edc678d4be2bd371d056bf,1156-300,BACKFILL_EXACT,
1826,1156-600,کولیس دیجیتال اینسایز (Insize) 60 سانتی متر پایه دار مدل 600-1156,1156-600,3,INSIZE | اینسایز,14,HEIGHT_GAUGE,,600-1156,1156-600,600-1156|1156-600,generic.v1,PROFILE_MISSING,1,oem_product_list,/home/shebahati/KaZar/Product and Data Complete/اندازه گیری/اینسایز/لیست محصولات.pdf,tier1_3_registry_match,6973018c3eeaad81327c31084ff9185ac522573976edc678d4be2bd371d056bf,1156-600,BACKFILL_EXACT,
1827,1161-150,کولیس دیجیتال اینسایز (Insize) 15 سانتی متر داخل سنج فک میله‌ای مدل 150-1161,1161-150,3,INSIZE | اینسایز,11,TUBE_THICKNESS_CALIPER,,150-1161,1161-150,150-1161|1161-150,generic.v1,PROFILE_MISSING,1,oem_product_list,/home/shebahati/KaZar/Product and Data Complete/اندازه گیری/اینسایز/لیست محصولات.pdf,tier1_3_registry_match,6973018c3eeaad81327c31084ff9185ac522573976edc678d4be2bd371d056bf,1161-150,BACKFILL_EXACT,
1828,1169-150,کولیس دیجیتال اینسایز (Insize) 15 سانتی متر فک باریک مدل 150-1169,1169-150,3,INSIZE | اینسایز,6,POINT_CALIPER,,150-1169,1169-150,150-1169|1169-150,generic.v1,PROFILE_MISSING,1,oem_product_list,/home/shebahati/KaZar/Product and Data Complete/اندازه گیری/اینسایز/لیست محصولات.pdf,tier1_3_registry_match,6973018c3eeaad81327c31084ff9185ac522573976edc678d4be2bd371d056bf,1169-150,BACKFILL_EXACT,
1829,1170-300,کولیس دیجیتال اینسایز (Insize) 30 سانتی متر فک بلند مدل 300-1170,1170-300,3,INSIZE | اینسایز,1,GEN_CALIPER,,300-1170,1170-300,300-1170|1170-300,generic.v1,PROFILE_MISSING,1,oem_product_list,/home/shebahati/KaZar/Product and Data Complete/اندازه گیری/اینسایز/لیست محصولات.pdf,tier1_3_registry_match,6973018c3eeaad81327c31084ff9185ac522573976edc678d4be2bd371d056bf,1170-300,BACKFILL_EXACT,
1830,1172-200,کولیس دیجیتال اینسایز( Insize) 20 سانتی متر فک پهن مدل 200-1172,1172-200,3,INSIZE | اینسایز,1,GEN_CALIPER,,200-1172,1172-200,200-1172|1172-200,generic.v1,PROFILE_MISSING,1,oem_product_list,/home/shebahati/KaZar/Product and Data Complete/اندازه گیری/اینسایز/لیست محصولات.pdf,tier1_3_registry_match,6973018c3eeaad81327c31084ff9185ac522573976edc678d4be2bd371d056bf,1172-200,BACKFILL_EXACT,
1831,1176-150,کولیس داخل دیجیتال 15سانت اینسایز مدل 1176-150,1176-150,3,INSIZE | اینسایز,3,INTERNAL_GROOVE_CALIPER,,1176-150,1176-150,1176-150,generic.v1,PROFILE_MISSING,1,oem_product_list,/home/shebahati/KaZar/Product and Data Complete/اندازه گیری/اینسایز/لیست محصولات.pdf,tier1_3_registry_match,6973018c3eeaad81327c31084ff9185ac522573976edc678d4be2bd371d056bf,1176-150,BACKFILL_EXACT,
1832,1176-200,کولیس دیجیتال اینسایز (Insize) 20 سانتی متر شیارسنج مدل 200-1176,1176-200,3,INSIZE | اینسایز,3,INTERNAL_GROOVE_CALIPER,,200-1176,1176-200,200-1176|1176-200,generic.v1,PROFILE_MISSING,1,oem_product_list,/home/shebahati/KaZar/Product and Data Complete/اندازه گیری/اینسایز/لیست محصولات.pdf,tier1_3_registry_match,6973018c3eeaad81327c31084ff9185ac522573976edc678d4be2bd371d056bf,1176-200,BACKFILL_EXACT,
1833,1178-300,کولیس دیجیتال اینسایز (Insize) 30 سانتی متر داخل سنج مدل 300-1178,1178-300,3,INSIZE | اینسایز,3,INTERNAL_GROOVE_CALIPER,,300-1178,1178-300,300-1178|1178-300,generic.v1,PROFILE_MISSING,1,oem_product_list,/home/shebahati/KaZar/Product and Data Complete/اندازه گیری/اینسایز/لیست محصولات.pdf,tier1_3_registry_match,6973018c3eeaad81327c31084ff9185ac522573976edc678d4be2bd371d056bf,1178-300,BACKFILL_EXACT,
1834,1183-150,کولیس فک باریک اینسایز (Insize) 15 سانت مدل 150-1183,1183-150,3,INSIZE | اینسایز,6,POINT_CALIPER,,150-1183,1183-150,150-1183|1183-150,generic.v1,PROFILE_MISSING,1,oem_product_list,/home/shebahati/KaZar/Product and Data Complete/اندازه گیری/اینسایز/لیست محصولات.pdf,tier1_3_registry_match,6973018c3eeaad81327c31084ff9185ac522573976edc678d4be2bd371d056bf,1183-150,BACKFILL_EXACT,
1835,1185-150,کولیس خارج شیار اینسایز (Insize) 15 سانت مدل 150-1185,1185-150,3,INSIZE | اینسایز,9,EXTERNAL_GROOVE_CALIPER,,150-1185,1185-150,150-1185|1185-150,generic.v1,PROFILE_MISSING,1,oem_product_list,/home/shebahati/KaZar/Product and Data Complete/اندازه گیری/اینسایز/لیست محصولات.pdf,tier1_3_registry_match,6973018c3eeaad81327c31084ff9185ac522573976edc678d4be2bd371d056bf,1185-150,BACKFILL_EXACT,
1836,1186-150,کولیس فک متحرک اینسایز (Insize) 15 سانت مدل 150-1186,1186-150,3,INSIZE | اینسایز,10,OFFSET_CALIPER,,150-1186,1186-150,150-1186|1186-150,generic.v1,PROFILE_MISSING,1,oem_product_list,/home/shebahati/KaZar/Product and Data Complete/اندازه گیری/اینسایز/لیست محصولات.pdf,tier1_3_registry_match,6973018c3eeaad81327c31084ff9185ac522573976edc678d4be2bd371d056bf,1186-150,BACKFILL_EXACT,
1837,1186-200,کولیس فک متحرک اینسایز (Insize) 20 سانت مدل 200-1186,1186-200,3,INSIZE | اینسایز,10,OFFSET_CALIPER,,200-1186,1186-200,200-1186|1186-200,generic.v1,PROFILE_MISSING,1,oem_product_list,/home/shebahati/KaZar/Product and Data Complete/اندازه گیری/اینسایز/لیست محصولات.pdf,tier1_3_registry_match,6973018c3eeaad81327c31084ff9185ac522573976edc678d4be2bd371d056bf,1186-200,BACKFILL_EXACT,
1838,1186-300,کولیس فک متحرک اینسایز (Insize) 30 سانت مدل 300-1186,1186-300,3,INSIZE | اینسایز,10,OFFSET_CALIPER,,300-1186,1186-300,300-1186|1186-300,generic.v1,PROFILE_MISSING,1,oem_product_list,/home/shebahati/KaZar/Product and Data Complete/اندازه گیری/اینسایز/لیست محصولات.pdf,tier1_3_registry_match,6973018c3eeaad81327c31084ff9185ac522573976edc678d4be2bd371d056bf,1186-300,BACKFILL_EXACT,
1839,1187-150,کولیس خارج شیار اینسایز (Insize) 15 سانت مدل 150-1187,1187-150,3,INSIZE | اینسایز,9,EXTERNAL_GROOVE_CALIPER,,150-1187,1187-150,150-1187|1187-150,generic.v1,PROFILE_MISSING,1,oem_product_list,/home/shebahati/KaZar/Product and Data Complete/اندازه گیری/اینسایز/لیست محصولات.pdf,tier1_3_registry_match,6973018c3eeaad81327c31084ff9185ac522573976edc678d4be2bd371d056bf,1187-150,BACKFILL_EXACT,
1840,1188-150,کولیس دیجیتال اینسایز (Insize) 15 سانتی متر فک باریک مدل 150-1188,1188-150,3,INSIZE | اینسایز,12,BLADE_CALIPER,,150-1188,1188-150,150-1188|1188-150,generic.v1,PROFILE_MISSING,1,oem_product_list,/home/shebahati/KaZar/Product and Data Complete/اندازه گیری/اینسایز/لیست محصولات.pdf,tier1_3_registry_match,6973018c3eeaad81327c31084ff9185ac522573976edc678d4be2bd371d056bf,1188-150,BACKFILL_EXACT,
1841,1196-300,کولیس دیجیتال 30سانت اینسایز مدل 1196-300,1196-300,3,INSIZE | اینسایز,1,GEN_CALIPER,,1196-300,1196-300,1196-300,generic.v1,PROFILE_MISSING,1,oem_product_list,/home/shebahati/KaZar/Product and Data Complete/اندازه گیری/اینسایز/لیست محصولات.pdf,tier1_3_registry_match,6973018c3eeaad81327c31084ff9185ac522573976edc678d4be2bd371d056bf,1196-300,BACKFILL_EXACT,
1842,1208-511,کولیس 50 سانت اینسایز (Insize) یک تکه فک 10 سانت مدل 511-1208,1208-511,3,INSIZE | اینسایز,1,GEN_CALIPER,,511-1208,1208-511,511-1208|1208-511,generic.v1,PROFILE_MISSING,1,oem_product_list,/home/shebahati/KaZar/Product and Data Complete/اندازه گیری/اینسایز/لیست محصولات.pdf,tier1_3_registry_match,6973018c3eeaad81327c31084ff9185ac522573976edc678d4be2bd371d056bf,1208-511,BACKFILL_EXACT,
1843,1208-524,کولیس 50 سانت اینسایز (Insize) یک تکه فک 15 سانت مدل 524-1208,1208-524,3,INSIZE | اینسایز,1,GEN_CALIPER,,524-1208,1208-524,524-1208|1208-524,generic.v1,PROFILE_MISSING,1,oem_product_list,/home/shebahati/KaZar/Product and Data Complete/اندازه گیری/اینسایز/لیست محصولات.pdf,tier1_3_registry_match,6973018c3eeaad81327c31084ff9185ac522573976edc678d4be2bd371d056bf,1208-524,BACKFILL_EXACT,
1844,1208-824,کولیس 80 سانت اینسایز (Insize) یک تکه فک 15 سانت مدل 824-1208,1208-824,3,INSIZE | اینسایز,1,GEN_CALIPER,,824-1208,1208-824,824-1208|1208-824,generic.v1,PROFILE_MISSING,1,oem_product_list,/home/shebahati/KaZar/Product and Data Complete/اندازه گیری/اینسایز/لیست محصولات.pdf,tier1_3_registry_match,6973018c3eeaad81327c31084ff9185ac522573976edc678d4be2bd371d056bf,1208-824,BACKFILL_EXACT,
1845,1214-500,کولیس استن استیل معمولی 50سانت اینسایز مدل 1214-500,1214-500,3,INSIZE | اینسایز,1,GEN_CALIPER,,1214-500,1214-500,1214-500,generic.v1,PROFILE_MISSING,1,oem_product_list,/home/shebahati/KaZar/Product and Data Complete/اندازه گیری/اینسایز/لیست محصولات.pdf,tier1_3_registry_match,6973018c3eeaad81327c31084ff9185ac522573976edc678d4be2bd371d056bf,1214-500,BACKFILL_EXACT,
1846,1214-600,کولیس استن استیل معمولی 60سانت اینسایز مدل 1214-600,1214-600,3,INSIZE | اینسایز,1,GEN_CALIPER,,1214-600,1214-600,1214-600,generic.v1,PROFILE_MISSING,1,oem_product_list,/home/shebahati/KaZar/Product and Data Complete/اندازه گیری/اینسایز/لیست محصولات.pdf,tier1_3_registry_match,6973018c3eeaad81327c31084ff9185ac522573976edc678d4be2bd371d056bf,1214-600,BACKFILL_EXACT,
1847,1215-1032,کولیس اینسایز (Insize) 1 متری فک بلند مدل 1032-1215,1215-1032,3,INSIZE | اینسایز,1,GEN_CALIPER,,1032-1215,1215-1032,1032-1215|1215-1032,generic.v1,PROFILE_MISSING,1,oem_product_list,/home/shebahati/KaZar/Product and Data Complete/اندازه گیری/اینسایز/لیست محصولات.pdf,tier1_3_registry_match,6973018c3eeaad81327c31084ff9185ac522573976edc678d4be2bd371d056bf,1215-1032,BACKFILL_EXACT,
1848,1215-1052,کولیس ورنیه اینسایز( Insize) 100 سانتی متر فک بلند مدل 1052-1215,1215-1052,3,INSIZE | اینسایز,1,GEN_CALIPER,,1052-1215,1215-1052,1052-1215|1215-1052,generic.v1,PROFILE_MISSING,1,oem_product_list,/home/shebahati/KaZar/Product and Data Complete/اندازه گیری/اینسایز/لیست محصولات.pdf,tier1_3_registry_match,6973018c3eeaad81327c31084ff9185ac522573976edc678d4be2bd371d056bf,1215-1052,BACKFILL_EXACT,
1849,1215-322,کولیس معمولی اینسایز (Insize) 30 سانتی متر فک بلند 15 سانت مدل 322-1215,1215-322,3,INSIZE | اینسایز,1,GEN_CALIPER,,322-1215,1215-322,322-1215|1215-322,generic.v1,PROFILE_MISSING,1,oem_product_list,/home/shebahati/KaZar/Product and Data Complete/اندازه گیری/اینسایز/لیست محصولات.pdf,tier1_3_registry_match,6973018c3eeaad81327c31084ff9185ac522573976edc678d4be2bd371d056bf,1215-322,BACKFILL_EXACT,
1850,1215-392,کولیس معمولی اینسایز (Insize) 30 سانتی متر فک بلند 9 سانت مدل 392-1215,1215-392,3,INSIZE | اینسایز,1,GEN_CALIPER,,392-1215,1215-392,392-1215|1215-392,generic.v1,PROFILE_MISSING,1,oem_product_list,/home/shebahati/KaZar/Product and Data Complete/اندازه گیری/اینسایز/لیست محصولات.pdf,tier1_3_registry_match,6973018c3eeaad81327c31084ff9185ac522573976edc678d4be2bd371d056bf,1215-392,BACKFILL_EXACT,
1851,1215-522,کولیس معمولی اینسایز (Insize) 50 سانتی متر فک بلند 15 سانت مدل 522-1215,1215-522,3,INSIZE | اینسایز,1,GEN_CALIPER,,522-1215,1215-522,522-1215|1215-522,generic.v1,PROFILE_MISSING,1,oem_product_list,/home/shebahati/KaZar/Product and Data Complete/اندازه گیری/اینسایز/لیست محصولات.pdf,tier1_3_registry_match,6973018c3eeaad81327c31084ff9185ac522573976edc678d4be2bd371d056bf,1215-522,BACKFILL_EXACT,
1852,1215-532,کولیس معمولی اینسایز (Insize) 50 سانتی متر فک بلند 20 سانت مدل 532-1215,1215-532,3,INSIZE | اینسایز,1,GEN_CALIPER,,532-1215,1215-532,532-1215|1215-532,generic.v1,PROFILE_MISSING,1,oem_product_list,/home/shebahati/KaZar/Product and Data Complete/اندازه گیری/اینسایز/لیست محصولات.pdf,tier1_3_registry_match,6973018c3eeaad81327c31084ff9185ac522573976edc678d4be2bd371d056bf,1215-532,BACKFILL_EXACT,
1853,1215-622,کولیس معمولی اینسایز (Insize) 60 سانتی متر فک بلند 15 سانت مدل 622-1215,1215-622,3,INSIZE | اینسایز,1,GEN_CALIPER,,622-1215,1215-622,622-1215|1215-622,generic.v1,PROFILE_MISSING,1,oem_product_list,/home/shebahati/KaZar/Product and Data Complete/اندازه گیری/اینسایز/لیست محصولات.pdf,tier1_3_registry_match,6973018c3eeaad81327c31084ff9185ac522573976edc678d4be2bd371d056bf,1215-622,BACKFILL_EXACT,
1854,1215-822,کولیس معمولی اینسایز (Insize) 80 سانتی متر فک بلند 15 سانت مدل 822-1215,1215-822,3,INSIZE | اینسایز,1,GEN_CALIPER,,822-1215,1215-822,822-1215|1215-822,generic.v1,PROFILE_MISSING,1,oem_product_list,/home/shebahati/KaZar/Product and Data Complete/اندازه گیری/اینسایز/لیست محصولات.pdf,tier1_3_registry_match,6973018c3eeaad81327c31084ff9185ac522573976edc678d4be2bd371d056bf,1215-822,BACKFILL_EXACT,
1855,1217-3001,کولیس اینسایز (Insize) 30 سانتی متر دو فک مدل 3001-1217,1217-3001,3,INSIZE | اینسایز,1,GEN_CALIPER,,3001-1217,1217-3001,3001-1217|1217-3001,generic.v1,PROFILE_MISSING,1,oem_product_list,/home/shebahati/KaZar/Product and Data Complete/اندازه گیری/اینسایز/لیست محصولات.pdf,tier1_3_registry_match,6973018c3eeaad81327c31084ff9185ac522573976edc678d4be2bd371d056bf,1217-3001,BACKFILL_EXACT,
1856,1236-394,کولیس معمولی اینسایز (Insize) 30 سانت دو فک فک بلند 9 سانت مدل 394-1236,1236-394,3,INSIZE | اینسایز,1,GEN_CALIPER,,394-1236,1236-394,394-1236|1236-394,generic.v1,PROFILE_MISSING,1,oem_product_list,/home/shebahati/KaZar/Product and Data Complete/اندازه گیری/اینسایز/لیست محصولات.pdf,tier1_3_registry_match,6973018c3eeaad81327c31084ff9185ac522573976edc678d4be2bd371d056bf,1236-394,BACKFILL_EXACT,
1857,1236-524,کولیس معمولی اینسایز (Insize) 50 سانت دو فک فک بلند 15سانت مدل 524-1236,1236-524,3,INSIZE | اینسایز,1,GEN_CALIPER,,524-1236,1236-524,524-1236|1236-524,generic.v1,PROFILE_MISSING,1,oem_product_list,/home/shebahati/KaZar/Product and Data Complete/اندازه گیری/اینسایز/لیست محصولات.pdf,tier1_3_registry_match,6973018c3eeaad81327c31084ff9185ac522573976edc678d4be2bd371d056bf,1236-524,BACKFILL_EXACT,
1858,1250-300,کولیس پایه دار ساده اینسایز (Insize) 30 سانتی متر مدل 300-1250,1250-300,3,INSIZE | اینسایز,14,HEIGHT_GAUGE,,300-1250,1250-300,300-1250|1250-300,generic.v1,PROFILE_MISSING,1,oem_product_list,/home/shebahati/KaZar/Product and Data Complete/اندازه گیری/اینسایز/لیست محصولات.pdf,tier1_3_registry_match,6973018c3eeaad81327c31084ff9185ac522573976edc678d4be2bd371d056bf,1250-300,BACKFILL_EXACT,
1859,1250-600,کولیس معمولی اینسایز (Insize) 60 سانتی متر پایه دار مدل 600-1250,1250-600,3,INSIZE | اینسایز,14,HEIGHT_GAUGE,,600-1250,1250-600,600-1250|1250-600,generic.v1,PROFILE_MISSING,1,oem_product_list,/home/shebahati/KaZar/Product and Data Complete/اندازه گیری/اینسایز/لیست محصولات.pdf,tier1_3_registry_match,6973018c3eeaad81327c31084ff9185ac522573976edc678d4be2bd371d056bf,1250-600,BACKFILL_EXACT,
1860,1311-150,کولیس ساعتی اینسایز (Insize) 15 سانتی متر مدل 150-1311,1311-150,3,INSIZE | اینسایز,1,GEN_CALIPER,,150-1311,1311-150,150-1311|1311-150,generic.v1,PROFILE_MISSING,1,oem_product_list,/home/shebahati/KaZar/Product and Data Complete/اندازه گیری/اینسایز/لیست محصولات.pdf,tier1_3_registry_match,6973018c3eeaad81327c31084ff9185ac522573976edc678d4be2bd371d056bf,1311-150,BACKFILL_EXACT,
1861,1311-200,کولیس ساعتی اینسایز(Insize) 20 سانتی متر مدل 200-1311,1311-200,3,INSIZE | اینسایز,1,GEN_CALIPER,,200-1311,1311-200,200-1311|1311-200,generic.v1,PROFILE_MISSING,1,oem_product_list,/home/shebahati/KaZar/Product and Data Complete/اندازه گیری/اینسایز/لیست محصولات.pdf,tier1_3_registry_match,6973018c3eeaad81327c31084ff9185ac522573976edc678d4be2bd371d056bf,1311-200,BACKFILL_EXACT,
1862,1311-300,کولیس ساعتی اینسایز (Insize) 30 سانتی متر مدل 300-1311,1311-300,3,INSIZE | اینسایز,1,GEN_CALIPER,,300-1311,1311-300,300-1311|1311-300,generic.v1,PROFILE_MISSING,1,oem_product_list,/home/shebahati/KaZar/Product and Data Complete/اندازه گیری/اینسایز/لیست محصولات.pdf,tier1_3_registry_match,6973018c3eeaad81327c31084ff9185ac522573976edc678d4be2bd371d056bf,1311-300,BACKFILL_EXACT,
1863,1312-150,کولیس ساعتی اینسایز (Insize) 15 سانتی متر مدل 150-1312,1312-150,3,INSIZE | اینسایز,1,GEN_CALIPER,,150-1312,1312-150,150-1312|1312-150,generic.v1,PROFILE_MISSING,1,oem_product_list,/home/shebahati/KaZar/Product and Data Complete/اندازه گیری/اینسایز/لیست محصولات.pdf,tier1_3_registry_match,6973018c3eeaad81327c31084ff9185ac522573976edc678d4be2bd371d056bf,1312-150,BACKFILL_EXACT,
1864,1312-200,کولیس ساعتی اینسایز (Insize) 20 سانتی متر مدل 200-1312,1312-200,3,INSIZE | اینسایز,1,GEN_CALIPER,,200-1312,1312-200,200-1312|1312-200,generic.v1,PROFILE_MISSING,1,oem_product_list,/home/shebahati/KaZar/Product and Data Complete/اندازه گیری/اینسایز/لیست محصولات.pdf,tier1_3_registry_match,6973018c3eeaad81327c31084ff9185ac522573976edc678d4be2bd371d056bf,1312-200,BACKFILL_EXACT,
1865,1312-300,کولیس ساعتی اینسایز (Insize) 30 سانتی متر مدل 300-1312,1312-300,3,INSIZE | اینسایز,1,GEN_CALIPER,,300-1312,1312-300,300-1312|1312-300,generic.v1,PROFILE_MISSING,1,oem_product_list,/home/shebahati/KaZar/Product and Data Complete/اندازه گیری/اینسایز/لیست محصولات.pdf,tier1_3_registry_match,6973018c3eeaad81327c31084ff9185ac522573976edc678d4be2bd371d056bf,1312-300,BACKFILL_EXACT,
1866,1316-500,کولیس استنلس استیل ساعتی اینسایز (Insize) 60 سانت مدل 500-1316,1316-500,3,INSIZE | اینسایز,1,GEN_CALIPER,,500-1316,1316-500,500-1316|1316-500,generic.v1,PROFILE_MISSING,1,oem_product_list,/home/shebahati/KaZar/Product and Data Complete/اندازه گیری/اینسایز/لیست محصولات.pdf,tier1_3_registry_match,6973018c3eeaad81327c31084ff9185ac522573976edc678d4be2bd371d056bf,1316-500,BACKFILL_EXACT,
1867,1340-150,کولیس عمق سنج ساعتی اینسایز( Insize) 150 میلی متر مدل 150-1340,1340-150,3,INSIZE | اینسایز,2,DEPTH_GAUGE,,150-1340,1340-150,150-1340|1340-150,generic.v1,PROFILE_MISSING,1,oem_product_list,/home/shebahati/KaZar/Product and Data Complete/اندازه گیری/اینسایز/لیست محصولات.pdf,tier1_3_registry_match,6973018c3eeaad81327c31084ff9185ac522573976edc678d4be2bd371d056bf,1340-150,BACKFILL_EXACT,
1868,1340-200,کولیس عمق سنج ساعتی اینسایز( Insize ) 200 میلی متر مدل 200-1340,1340-200,3,INSIZE | اینسایز,2,DEPTH_GAUGE,,200-1340,1340-200,200-1340|1340-200,generic.v1,PROFILE_MISSING,1,oem_product_list,/home/shebahati/KaZar/Product and Data Complete/اندازه گیری/اینسایز/لیست محصولات.pdf,tier1_3_registry_match,6973018c3eeaad81327c31084ff9185ac522573976edc678d4be2bd371d056bf,1340-200,BACKFILL_EXACT,
1869,1340-300,کولیس عمق سنج ساعتی اینسایز( Insize ) 300 میلی متر مدل 300-1340,1340-300,3,INSIZE | اینسایز,2,DEPTH_GAUGE,,300-1340,1340-300,300-1340|1340-300,generic.v1,PROFILE_MISSING,1,oem_product_list,/home/shebahati/KaZar/Product and Data Complete/اندازه گیری/اینسایز/لیست محصولات.pdf,tier1_3_registry_match,6973018c3eeaad81327c31084ff9185ac522573976edc678d4be2bd371d056bf,1340-300,BACKFILL_EXACT,
1870,1520-150,کولیس دیجیتال اینسایز (Insize) 15 سانتی متر شیار سنج مدل 150-1520,1520-150,3,INSIZE | اینسایز,3,INTERNAL_GROOVE_CALIPER,,150-1520,1520-150,150-1520|1520-150,generic.v1,PROFILE_MISSING,1,oem_product_list,/home/shebahati/KaZar/Product and Data Complete/اندازه گیری/اینسایز/لیست محصولات.pdf,tier1_3_registry_match,6973018c3eeaad81327c31084ff9185ac522573976edc678d4be2bd371d056bf,1520-150,BACKFILL_EXACT,
1871,1530-300,کولیس دیجیتال اینسایز (Insize) 30 سانتی متر داخل و خارج سنج مدل 300-1530,1530-300,3,INSIZE | اینسایز,4,INTERCHANGEABLE_POINT_CALIPER,,300-1530,1530-300,300-1530|1530-300,generic.v1,PROFILE_MISSING,1,oem_product_list,/home/shebahati/KaZar/Product and Data Complete/اندازه گیری/اینسایز/لیست محصولات.pdf,tier1_3_registry_match,6973018c3eeaad81327c31084ff9185ac522573976edc678d4be2bd371d056bf,1530-300,BACKFILL_EXACT,
1872,1530-500,کولیس داخل / خارج دیجیتال اینسایز (Insize) 50 سانت مدل 500-1530,1530-500,3,INSIZE | اینسایز,4,INTERCHANGEABLE_POINT_CALIPER,,500-1530,1530-500,500-1530|1530-500,generic.v1,PROFILE_MISSING,1,oem_product_list,/home/shebahati/KaZar/Product and Data Complete/اندازه گیری/اینسایز/لیست محصولات.pdf,tier1_3_registry_match,6973018c3eeaad81327c31084ff9185ac522573976edc678d4be2bd371d056bf,1530-500,BACKFILL_EXACT,
1873,2112-101,ساعت اندیکاتور دیجیتال 12.7 میلی متری اینسایز (Insize) مدل 101-2112,2112-101,3,INSIZE | اینسایز,17,DIAL_INDICATOR,,101-2112,2112-101,101-2112|2112-101,generic.v1,PROFILE_MISSING,1,oem_product_list,/home/shebahati/KaZar/Product and Data Complete/اندازه گیری/اینسایز/لیست محصولات.pdf,tier1_3_registry_match,6973018c3eeaad81327c31084ff9185ac522573976edc678d4be2bd371d056bf,2112-101,BACKFILL_EXACT,
1874,2112-251,ساعت اندیکاتور کورس دیجیتال 25 میلی متری اینسایز (Insize) مدل 251-2112,2112-251,3,INSIZE | اینسایز,17,DIAL_INDICATOR,,251-2112,2112-251,251-2112|2112-251,generic.v1,PROFILE_MISSING,1,oem_product_list,/home/shebahati/KaZar/Product and Data Complete/اندازه گیری/اینسایز/لیست محصولات.pdf,tier1_3_registry_match,6973018c3eeaad81327c31084ff9185ac522573976edc678d4be2bd371d056bf,2112-251,BACKFILL_EXACT,
1875,2112-501,ساعت اندیکاتور دیجیتال کورس اینسایز (Insize) 50 میلیمتر مدل 501-2112,2112-501,3,INSIZE | اینسایز,17,DIAL_INDICATOR,,501-2112,2112-501,501-2112|2112-501,generic.v1,PROFILE_MISSING,1,oem_product_list,/home/shebahati/KaZar/Product and Data Complete/اندازه گیری/اینسایز/لیست محصولات.pdf,tier1_3_registry_match,6973018c3eeaad81327c31084ff9185ac522573976edc678d4be2bd371d056bf,2112-501,BACKFILL_EXACT,
1876,2122-160,گیج داخل سیلندر اینسایز (Insize) دیجیتال 160-50 میلی متری مدل 160-2122,2122-160,3,INSIZE | اینسایز,18,BORE_GAUGE,,160-2122,2122-160,160-2122|2122-160,generic.v1,PROFILE_MISSING,1,oem_product_list,/home/shebahati/KaZar/Product and Data Complete/اندازه گیری/اینسایز/لیست محصولات.pdf,tier1_3_registry_match,6973018c3eeaad81327c31084ff9185ac522573976edc678d4be2bd371d056bf,2122-160,BACKFILL_EXACT,
1877,2141-202,عمق سنج صلیبی دیجیتال 30 سانتی اینسایز (Insize) مدل 202-2141,2141-202,3,INSIZE | اینسایز,2,DEPTH_GAUGE,,202-2141,2141-202,202-2141|2141-202,generic.v1,PROFILE_MISSING,1,oem_product_list,/home/shebahati/KaZar/Product and Data Complete/اندازه گیری/اینسایز/لیست محصولات.pdf,tier1_3_registry_match,6973018c3eeaad81327c31084ff9185ac522573976edc678d4be2bd371d056bf,2141-202,BACKFILL_EXACT,
1878,2142-101,عمق سنج سوزنی دیجیتال اینسایز (Insize) 0-10 میلیمتر مدل 101-2142,2142-101,3,INSIZE | اینسایز,2,DEPTH_GAUGE,,101-2142,2142-101,101-2142|2142-101,generic.v1,PROFILE_MISSING,1,oem_product_list,/home/shebahati/KaZar/Product and Data Complete/اندازه گیری/اینسایز/لیست محصولات.pdf,tier1_3_registry_match,6973018c3eeaad81327c31084ff9185ac522573976edc678d4be2bd371d056bf,2142-101,BACKFILL_EXACT,
1879,2142-102,عمق سنج دیجیتال سوزنی اینسایز( INSIZE) مدل 102-2142,2142-102,3,INSIZE | اینسایز,2,DEPTH_GAUGE,,102-2142,2142-102,102-2142|2142-102,generic.v1,PROFILE_MISSING,1,oem_product_list,/home/shebahati/KaZar/Product and Data Complete/اندازه گیری/اینسایز/لیست محصولات.pdf,tier1_3_registry_match,6973018c3eeaad81327c31084ff9185ac522573976edc678d4be2bd371d056bf,2142-102,BACKFILL_EXACT,
1880,2171-250,زاویه سنج دیجیتال 25سانت اینسایز مدل 2171-250,2171-250,3,INSIZE | اینسایز,20,PROTRACTOR,,2171-250,2171-250,2171-250,generic.v1,PROFILE_MISSING,1,oem_product_list,/home/shebahati/KaZar/Product and Data Complete/اندازه گیری/اینسایز/لیست محصولات.pdf,tier1_3_registry_match,6973018c3eeaad81327c31084ff9185ac522573976edc678d4be2bd371d056bf,2171-250,BACKFILL_EXACT,
1881,2172-360,زاویه سنج دیجیتال اینسایز (Insize) مدل 360-2172,2172-360,3,INSIZE | اینسایز,,,,360-2172,2172-360,360-2172|2172-360,generic.v1,PROFILE_MISSING,1,oem_product_list,/home/shebahati/KaZar/Product and Data Complete/اندازه گیری/اینسایز/لیست محصولات.pdf,tier1_3_registry_match,6973018c3eeaad81327c31084ff9185ac522573976edc678d4be2bd371d056bf,2172-360,BACKFILL_EXACT,
1882,2173-360,تراز دیجیتالی مگنت دار 15 سانت اینسایز (Insize) مدل 360-2173,2173-360,3,INSIZE | اینسایز,,,,360-2173,2173-360,360-2173|2173-360,generic.v1,PROFILE_MISSING,1,oem_product_list,/home/shebahati/KaZar/Product and Data Complete/اندازه گیری/اینسایز/لیست محصولات.pdf,tier1_3_registry_match,6973018c3eeaad81327c31084ff9185ac522573976edc678d4be2bd371d056bf,2173-360,BACKFILL_EXACT,
1883,2174-225,زاویه سنج دیجیتال اینسایز (Insize) 46 سانت آب تراز دار مدل 225-2174,2174-225,3,INSIZE | اینسایز,20,PROTRACTOR,,225-2174,2174-225,225-2174|2174-225,generic.v1,PROFILE_MISSING,1,oem_product_list,/home/shebahati/KaZar/Product and Data Complete/اندازه گیری/اینسایز/لیست محصولات.pdf,tier1_3_registry_match,6973018c3eeaad81327c31084ff9185ac522573976edc678d4be2bd371d056bf,2174-225,BACKFILL_EXACT,
1884,2175-360,تراز دیجیتال مگنت دار اینسایز (Insize) مدل 360-2175,2175-360,3,INSIZE | اینسایز,20,PROTRACTOR,,360-2175,2175-360,360-2175|2175-360,generic.v1,PROFILE_MISSING,1,oem_product_list,/home/shebahati/KaZar/Product and Data Complete/اندازه گیری/اینسایز/لیست محصولات.pdf,tier1_3_registry_match,6973018c3eeaad81327c31084ff9185ac522573976edc678d4be2bd371d056bf,2175-360,BACKFILL_EXACT,
1885,2176-200,زاویه سنج دیجیتال اینسایز (Insize) 20 سانت مدل 200-2176,2176-200,3,INSIZE | اینسایز,20,PROTRACTOR,,200-2176,2176-200,200-2176|2176-200,generic.v1,PROFILE_MISSING,1,oem_product_list,/home/shebahati/KaZar/Product and Data Complete/اندازه گیری/اینسایز/لیست محصولات.pdf,tier1_3_registry_match,6973018c3eeaad81327c31084ff9185ac522573976edc678d4be2bd371d056bf,2176-200,BACKFILL_EXACT,
1886,2176-300,زاویه سنج دیجیتال 30سانت اینسایز مدل 2176-300,2176-300,3,INSIZE | اینسایز,20,PROTRACTOR,,2176-300,2176-300,2176-300,generic.v1,PROFILE_MISSING,1,oem_product_list,/home/shebahati/KaZar/Product and Data Complete/اندازه گیری/اینسایز/لیست محصولات.pdf,tier1_3_registry_match,6973018c3eeaad81327c31084ff9185ac522573976edc678d4be2bd371d056bf,2176-300,BACKFILL_EXACT,
1887,2179-360,تراز دیجیتال مگنت دار 15سانت اینسایز مدل 2179-360,2179-360,3,INSIZE | اینسایز,20,PROTRACTOR,,2179-360,2179-360,2179-360,generic.v1,PROFILE_MISSING,1,oem_product_list,/home/shebahati/KaZar/Product and Data Complete/اندازه گیری/اینسایز/لیست محصولات.pdf,tier1_3_registry_match,6973018c3eeaad81327c31084ff9185ac522573976edc678d4be2bd371d056bf,2179-360,BACKFILL_EXACT,
1888,2222-301,پرگار داخل سنج ساعتی 30-10 میلی‌ متر اینسایز (Insize) مدل 301-2222,2222-301,3,INSIZE | اینسایز,21,INDICATING_CALIPER,,301-2222,2222-301,301-2222|2222-301,generic.v1,PROFILE_MISSING,1,oem_product_list,/home/shebahati/KaZar/Product and Data Complete/اندازه گیری/اینسایز/لیست محصولات.pdf,tier1_3_registry_match,6973018c3eeaad81327c31084ff9185ac522573976edc678d4be2bd371d056bf,2222-301,BACKFILL_EXACT,
1889,2223-153,پرگار ساعتی داخل 55-153 میلی متری اینسایز (Insize) مدل 153-2223,2223-153,3,INSIZE | اینسایز,21,INDICATING_CALIPER,,153-2223,2223-153,153-2223|2223-153,generic.v1,PROFILE_MISSING,1,oem_product_list,/home/shebahati/KaZar/Product and Data Complete/اندازه گیری/اینسایز/لیست محصولات.pdf,tier1_3_registry_match,6973018c3eeaad81327c31084ff9185ac522573976edc678d4be2bd371d056bf,2223-153,BACKFILL_EXACT,
1890,2275-300,گونیا 170 در 300 اینسایز (Insize) مدل 300-2275,2275-300,3,INSIZE | اینسایز,35,ENGINEERS_SQUARE,,300-2275,2275-300,300-2275|2275-300,generic.v1,PROFILE_MISSING,1,oem_product_list,/home/shebahati/KaZar/Product and Data Complete/اندازه گیری/اینسایز/لیست محصولات.pdf,tier1_3_registry_match,6973018c3eeaad81327c31084ff9185ac522573976edc678d4be2bd371d056bf,2275-300,BACKFILL_EXACT,
1891,2278-180,زاویه سنج 3تکه اینسایز مدل 2278-180,2278-180,3,INSIZE | اینسایز,,,,2278-180,2278-180,2278-180,generic.v1,PROFILE_MISSING,1,oem_product_list,/home/shebahati/KaZar/Product and Data Complete/اندازه گیری/اینسایز/لیست محصولات.pdf,tier1_3_registry_match,6973018c3eeaad81327c31084ff9185ac522573976edc678d4be2bd371d056bf,2278-180,BACKFILL_EXACT,
1892,2281-360,زاویه سنج اینسایز (Insize) 20 سانت مدل 360-2281,2281-360,3,INSIZE | اینسایز,38,ANGLE_GAUGE,,360-2281,2281-360,360-2281|2281-360,generic.v1,PROFILE_MISSING,1,oem_product_list,/home/shebahati/KaZar/Product and Data Complete/اندازه گیری/اینسایز/لیست محصولات.pdf,tier1_3_registry_match,6973018c3eeaad81327c31084ff9185ac522573976edc678d4be2bd371d056bf,2281-360,BACKFILL_EXACT,
1893,2307-105,ساعت اینچی اندیکاتور اینسایز (Insize) مدل 105-2307,2307-105,3,INSIZE | اینسایز,17,DIAL_INDICATOR,,105-2307,2307-105,105-2307|2307-105,generic.v1,PROFILE_MISSING,1,oem_product_list,/home/shebahati/KaZar/Product and Data Complete/اندازه گیری/اینسایز/لیست محصولات.pdf,tier1_3_registry_match,6973018c3eeaad81327c31084ff9185ac522573976edc678d4be2bd371d056bf,2307-105,BACKFILL_EXACT,
1894,2322-160,بورگیج داخل سیلندر اینسایز (Insize) 160-50 میلی متری مدل 160-2322,2322-160,3,INSIZE | اینسایز,18,BORE_GAUGE,,160-2322,2322-160,160-2322|2322-160,generic.v1,PROFILE_MISSING,1,oem_product_list,/home/shebahati/KaZar/Product and Data Complete/اندازه گیری/اینسایز/لیست محصولات.pdf,tier1_3_registry_match,6973018c3eeaad81327c31084ff9185ac522573976edc678d4be2bd371d056bf,2322-160,BACKFILL_EXACT,
1895,2322-250,بورگیج داخل سیلندر اینسایز (Insize) 250-160 میلی متری مدل 250-2322,2322-250,3,INSIZE | اینسایز,18,BORE_GAUGE,,250-2322,2322-250,250-2322|2322-250,generic.v1,PROFILE_MISSING,1,oem_product_list,/home/shebahati/KaZar/Product and Data Complete/اندازه گیری/اینسایز/لیست محصولات.pdf,tier1_3_registry_match,6973018c3eeaad81327c31084ff9185ac522573976edc678d4be2bd371d056bf,2322-250,BACKFILL_EXACT,
1896,2322-450,بورگیج داخل سیلندر اینسایز (Insize) 450-250 میلی متری مدل 450-2322,2322-450,3,INSIZE | اینسایز,18,BORE_GAUGE,,450-2322,2322-450,450-2322|2322-450,generic.v1,PROFILE_MISSING,1,oem_product_list,/home/shebahati/KaZar/Product and Data Complete/اندازه گیری/اینسایز/لیست محصولات.pdf,tier1_3_registry_match,6973018c3eeaad81327c31084ff9185ac522573976edc678d4be2bd371d056bf,2322-450,BACKFILL_EXACT,
1897,2333-201,پرگار خارج سنج اینسایز (Insize) ساعتی 20 میلی متر مدل 201-2333,2333-201,3,INSIZE | اینسایز,21,INDICATING_CALIPER,,201-2333,2333-201,201-2333|2333-201,generic.v1,PROFILE_MISSING,1,oem_product_list,/home/shebahati/KaZar/Product and Data Complete/اندازه گیری/اینسایز/لیست محصولات.pdf,tier1_3_registry_match,6973018c3eeaad81327c31084ff9185ac522573976edc678d4be2bd371d056bf,2333-201,BACKFILL_EXACT,
1898,2341-101,عمق سنج ساعتی 1 سانتی اینساز (Insize) مدل 101-2341,2341-101,3,INSIZE | اینسایز,2,DEPTH_GAUGE,,101-2341,2341-101,101-2341|2341-101,generic.v1,PROFILE_MISSING,1,oem_product_list,/home/shebahati/KaZar/Product and Data Complete/اندازه گیری/اینسایز/لیست محصولات.pdf,tier1_3_registry_match,6973018c3eeaad81327c31084ff9185ac522573976edc678d4be2bd371d056bf,2341-101,BACKFILL_EXACT,
1899,2342-202,عمق سنج ساعتی اینسایز (Insize) 300 میلی متر مدل 202-2342,2342-202,3,INSIZE | اینسایز,2,DEPTH_GAUGE,,202-2342,2342-202,202-2342|2342-202,generic.v1,PROFILE_MISSING,1,oem_product_list,/home/shebahati/KaZar/Product and Data Complete/اندازه گیری/اینسایز/لیست محصولات.pdf,tier1_3_registry_match,6973018c3eeaad81327c31084ff9185ac522573976edc678d4be2bd371d056bf,2342-202,BACKFILL_EXACT,
1900,2343-102,عمق سنج سوزنی ساعتی 10-0 میلی متری اینساز (Insize) مدل 102-2343,2343-102,3,INSIZE | اینسایز,2,DEPTH_GAUGE,,102-2343,2343-102,102-2343|2343-102,generic.v1,PROFILE_MISSING,1,oem_product_list,/home/shebahati/KaZar/Product and Data Complete/اندازه گیری/اینسایز/لیست محصولات.pdf,tier1_3_registry_match,6973018c3eeaad81327c31084ff9185ac522573976edc678d4be2bd371d056bf,2343-102,BACKFILL_EXACT,
1901,2372-360,زاویه سنج ذره بینی اینسایز مدل 2372-360,2372-360,3,INSIZE | اینسایز,20,PROTRACTOR,,2372-360,2372-360,2372-360,generic.v1,PROFILE_MISSING,1,oem_product_list,/home/shebahati/KaZar/Product and Data Complete/اندازه گیری/اینسایز/لیست محصولات.pdf,tier1_3_registry_match,6973018c3eeaad81327c31084ff9185ac522573976edc678d4be2bd371d056bf,2372-360,BACKFILL_EXACT,
1902,2373-360,زاویه سنج ساعتی اینسایز (Insize) مدل 360-2373,2373-360,3,INSIZE | اینسایز,20,PROTRACTOR,,360-2373,2373-360,360-2373|2373-360,generic.v1,PROFILE_MISSING,1,oem_product_list,/home/shebahati/KaZar/Product and Data Complete/اندازه گیری/اینسایز/لیست محصولات.pdf,tier1_3_registry_match,6973018c3eeaad81327c31084ff9185ac522573976edc678d4be2bd371d056bf,2373-360,BACKFILL_EXACT,
1903,2374-320,زاویه سنج اینسایز (Insize) مدل 320-2374,2374-320,3,INSIZE | اینسایز,20,PROTRACTOR,,320-2374,2374-320,320-2374|2374-320,generic.v1,PROFILE_MISSING,1,oem_product_list,/home/shebahati/KaZar/Product and Data Complete/اندازه گیری/اینسایز/لیست محصولات.pdf,tier1_3_registry_match,6973018c3eeaad81327c31084ff9185ac522573976edc678d4be2bd371d056bf,2374-320,BACKFILL_EXACT,
1904,2381-021,ساعت شیطانکی هزارم صفحه بزرگ اینسایز مدل 2381-021,2381-021,3,INSIZE | اینسایز,16,TEST_INDICATOR,,2381-021,2381-021,2381-021,generic.v1,PROFILE_MISSING,1,oem_product_list,/home/shebahati/KaZar/Product and Data Complete/اندازه گیری/اینسایز/لیست محصولات.pdf,tier1_3_registry_match,6973018c3eeaad81327c31084ff9185ac522573976edc678d4be2bd371d056bf,2381-021,BACKFILL_EXACT,
1905,2711-165,پرگار دیجیتال داخل اینسایز (Insize) 12.7-165 میلی متر مدل 165-2711,2711-165,3,INSIZE | اینسایز,21,INDICATING_CALIPER,,165-2711,2711-165,165-2711|2711-165,generic.v1,PROFILE_MISSING,1,oem_product_list,/home/shebahati/KaZar/Product and Data Complete/اندازه گیری/اینسایز/لیست محصولات.pdf,tier1_3_registry_match,6973018c3eeaad81327c31084ff9185ac522573976edc678d4be2bd371d056bf,2711-165,BACKFILL_EXACT,
1906,2711-216,پرگار دیجیتال اینسایز (Insize) مدل 216-2711,2711-216,3,INSIZE | اینسایز,21,INDICATING_CALIPER,,216-2711,2711-216,216-2711|2711-216,generic.v1,PROFILE_MISSING,1,oem_product_list,/home/shebahati/KaZar/Product and Data Complete/اندازه گیری/اینسایز/لیست محصولات.pdf,tier1_3_registry_match,6973018c3eeaad81327c31084ff9185ac522573976edc678d4be2bd371d056bf,2711-216,BACKFILL_EXACT,
1907,2771-360,زاویه‌ سنج دیجیتال 360 درجه اینسایز (Insize) مدل 360-2771,2771-360,3,INSIZE | اینسایز,20,PROTRACTOR,,360-2771,2771-360,360-2771|2771-360,generic.v1,PROFILE_MISSING,1,oem_product_list,/home/shebahati/KaZar/Product and Data Complete/اندازه گیری/اینسایز/لیست محصولات.pdf,tier1_3_registry_match,6973018c3eeaad81327c31084ff9185ac522573976edc678d4be2bd371d056bf,2771-360,BACKFILL_EXACT,
1908,2825-160,گیج داخل سیلندر ساعتی اینسایز (Insize) 50-160 میلیمتر مدل 160-2825,2825-160,3,INSIZE | اینسایز,18,BORE_GAUGE,,160-2825,2825-160,160-2825|2825-160,generic.v1,PROFILE_MISSING,1,oem_product_list,/home/shebahati/KaZar/Product and Data Complete/اندازه گیری/اینسایز/لیست محصولات.pdf,tier1_3_registry_match,6973018c3eeaad81327c31084ff9185ac522573976edc678d4be2bd371d056bf,2825-160,BACKFILL_EXACT,
1909,2827-160,گیج داخل سیلندر اینسایز (Insize) 160-50 مدل 160-2827,2827-160,3,INSIZE | اینسایز,18,BORE_GAUGE,,160-2827,2827-160,160-2827|2827-160,generic.v1,PROFILE_MISSING,1,oem_product_list,/home/shebahati/KaZar/Product and Data Complete/اندازه گیری/اینسایز/لیست محصولات.pdf,tier1_3_registry_match,6973018c3eeaad81327c31084ff9185ac522573976edc678d4be2bd371d056bf,2827-160,BACKFILL_EXACT,
1910,2828-800,بورگیج اینسایز (Insize) 800-400 میلی متر مدل 800-2828,2828-800,3,INSIZE | اینسایز,18,BORE_GAUGE,,800-2828,2828-800,800-2828|2828-800,generic.v1,PROFILE_MISSING,1,oem_product_list,/home/shebahati/KaZar/Product and Data Complete/اندازه گیری/اینسایز/لیست محصولات.pdf,tier1_3_registry_match,6973018c3eeaad81327c31084ff9185ac522573976edc678d4be2bd371d056bf,2828-800,BACKFILL_EXACT,
1911,2841-300,گیج شفت اینسایز (Insize) 60-300 مدل 300-2841,2841-300,3,INSIZE | اینسایز,22,SHAFT_GAUGE,,300-2841,2841-300,300-2841|2841-300,generic.v1,PROFILE_MISSING,1,oem_product_list,/home/shebahati/KaZar/Product and Data Complete/اندازه گیری/اینسایز/لیست محصولات.pdf,tier1_3_registry_match,6973018c3eeaad81327c31084ff9185ac522573976edc678d4be2bd371d056bf,2841-300,BACKFILL_EXACT,
1912,2841-500,گیج شفت اینسایز (Insize) مدل 500-2841,2841-500,3,INSIZE | اینسایز,22,SHAFT_GAUGE,,500-2841,2841-500,500-2841|2841-500,generic.v1,PROFILE_MISSING,1,oem_product_list,/home/shebahati/KaZar/Product and Data Complete/اندازه گیری/اینسایز/لیست محصولات.pdf,tier1_3_registry_match,6973018c3eeaad81327c31084ff9185ac522573976edc678d4be2bd371d056bf,2841-500,BACKFILL_EXACT,
1913,2862-102,ضخامت سنج ساعتی 10 میلی متری اینسایز (Insize) مدل 102-2862,2862-102,3,INSIZE | اینسایز,23,THICKNESS_GAUGE,,102-2862,2862-102,102-2862|2862-102,generic.v1,PROFILE_MISSING,1,oem_product_list,/home/shebahati/KaZar/Product and Data Complete/اندازه گیری/اینسایز/لیست محصولات.pdf,tier1_3_registry_match,6973018c3eeaad81327c31084ff9185ac522573976edc678d4be2bd371d056bf,2862-102,BACKFILL_EXACT,
1914,2871-101,ضخامت سنج دیجیتال اینسایز مدل 2871-101,2871-101,3,INSIZE | اینسایز,23,THICKNESS_GAUGE,,2871-101,2871-101,2871-101,generic.v1,PROFILE_MISSING,1,oem_product_list,/home/shebahati/KaZar/Product and Data Complete/اندازه گیری/اینسایز/لیست محصولات.pdf,tier1_3_registry_match,6973018c3eeaad81327c31084ff9185ac522573976edc678d4be2bd371d056bf,2871-101,BACKFILL_EXACT,
1915,3101-225,میکرومتر دیجیتال اینسایز (Insize) خارج سنج 200-225 میلی متر مدل 225-3101,3101-225,3,INSIZE | اینسایز,13,OUTSIDE_MICROMETER,,225-3101,3101-225,225-3101|3101-225,generic.v1,PROFILE_MISSING,1,oem_product_list,/home/shebahati/KaZar/Product and Data Complete/اندازه گیری/اینسایز/لیست محصولات.pdf,tier1_3_registry_match,6973018c3eeaad81327c31084ff9185ac522573976edc678d4be2bd371d056bf,3101-225,BACKFILL_EXACT,
1916,3101-250,میکرومتر دیجیتال اینسایز (Insize) خارج سنج 225-250 میلی متر مدل 250-3101,3101-250,3,INSIZE | اینسایز,13,OUTSIDE_MICROMETER,,250-3101,3101-250,250-3101|3101-250,generic.v1,PROFILE_MISSING,1,oem_product_list,/home/shebahati/KaZar/Product and Data Complete/اندازه گیری/اینسایز/لیست محصولات.pdf,tier1_3_registry_match,6973018c3eeaad81327c31084ff9185ac522573976edc678d4be2bd371d056bf,3101-250,BACKFILL_EXACT,
1917,3101-275,میکرومتر دیجیتال اینسایز (Insize) خارج سنج 250-275 میلی متر مدل 275-3101,3101-275,3,INSIZE | اینسایز,13,OUTSIDE_MICROMETER,,275-3101,3101-275,275-3101|3101-275,generic.v1,PROFILE_MISSING,1,oem_product_list,/home/shebahati/KaZar/Product and Data Complete/اندازه گیری/اینسایز/لیست محصولات.pdf,tier1_3_registry_match,6973018c3eeaad81327c31084ff9185ac522573976edc678d4be2bd371d056bf,3101-275,BACKFILL_EXACT,
1918,3101-300,میکرومتر دیجیتال اینسایز (Insize) خارج سنج 275-300 میلی متر مدل 300-3101,3101-300,3,INSIZE | اینسایز,13,OUTSIDE_MICROMETER,,300-3101,3101-300,300-3101|3101-300,generic.v1,PROFILE_MISSING,1,oem_product_list,/home/shebahati/KaZar/Product and Data Complete/اندازه گیری/اینسایز/لیست محصولات.pdf,tier1_3_registry_match,6973018c3eeaad81327c31084ff9185ac522573976edc678d4be2bd371d056bf,3101-300,BACKFILL_EXACT,
1919,3108-100,میکرومتر دیجیتال اینسایز (Insize) 100-75 میلی متر خارج سنج مدل 100-3108,3108-100,3,INSIZE | اینسایز,13,OUTSIDE_MICROMETER,,100-3108,3108-100,100-3108|3108-100,generic.v1,PROFILE_MISSING,1,oem_product_list,/home/shebahati/KaZar/Product and Data Complete/اندازه گیری/اینسایز/لیست محصولات.pdf,tier1_3_registry_match,6973018c3eeaad81327c31084ff9185ac522573976edc678d4be2bd371d056bf,3108-100,BACKFILL_EXACT,
1920,3109-100,میکرومتر دیجیتال اینسایز (Insize) 100-75 میلی متر خارج سنج مدل 100-3109,3109-100,3,INSIZE | اینسایز,13,OUTSIDE_MICROMETER,,100-3109,3109-100,100-3109|3109-100,generic.v1,PROFILE_MISSING,1,oem_product_list,/home/shebahati/KaZar/Product and Data Complete/اندازه گیری/اینسایز/لیست محصولات.pdf,tier1_3_registry_match,6973018c3eeaad81327c31084ff9185ac522573976edc678d4be2bd371d056bf,3109-100,BACKFILL_EXACT,
1921,3109-125,میکرومتر دیجیتال اینسایز (Insize) 125-100 میلی متر خارج سنج مدل 125-3109,3109-125,3,INSIZE | اینسایز,13,OUTSIDE_MICROMETER,,125-3109,3109-125,125-3109|3109-125,generic.v1,PROFILE_MISSING,1,oem_product_list,/home/shebahati/KaZar/Product and Data Complete/اندازه گیری/اینسایز/لیست محصولات.pdf,tier1_3_registry_match,6973018c3eeaad81327c31084ff9185ac522573976edc678d4be2bd371d056bf,3109-125,BACKFILL_EXACT,
1922,3109-150,میکرومتر دیجیتال اینسایز (Insize) 150-125 میلی متر خارج سنج مدل 150-3109,3109-150,3,INSIZE | اینسایز,13,OUTSIDE_MICROMETER,,150-3109,3109-150,150-3109|3109-150,generic.v1,PROFILE_MISSING,1,oem_product_list,/home/shebahati/KaZar/Product and Data Complete/اندازه گیری/اینسایز/لیست محصولات.pdf,tier1_3_registry_match,6973018c3eeaad81327c31084ff9185ac522573976edc678d4be2bd371d056bf,3109-150,BACKFILL_EXACT,
1923,3109-175,میکرومتر دیجیتال اینسایز (Insize) 175-150 میلی متر خارج سنج مدل 175-3109,3109-175,3,INSIZE | اینسایز,13,OUTSIDE_MICROMETER,,175-3109,3109-175,175-3109|3109-175,generic.v1,PROFILE_MISSING,1,oem_product_list,/home/shebahati/KaZar/Product and Data Complete/اندازه گیری/اینسایز/لیست محصولات.pdf,tier1_3_registry_match,6973018c3eeaad81327c31084ff9185ac522573976edc678d4be2bd371d056bf,3109-175,BACKFILL_EXACT,
1924,3109-200,میکرومتر دیجیتال اینسایز (Insize) 200-175 میلی متر خارج سنج مدل 200-3109,3109-200,3,INSIZE | اینسایز,13,OUTSIDE_MICROMETER,,200-3109,3109-200,200-3109|3109-200,generic.v1,PROFILE_MISSING,1,oem_product_list,/home/shebahati/KaZar/Product and Data Complete/اندازه گیری/اینسایز/لیست محصولات.pdf,tier1_3_registry_match,6973018c3eeaad81327c31084ff9185ac522573976edc678d4be2bd371d056bf,3109-200,BACKFILL_EXACT,
1925,3109-225,میکرومتر دیجیتال اینسایز (Insize) 200-225 میلی متر خارج سنج مدل 225-3109,3109-225,3,INSIZE | اینسایز,13,OUTSIDE_MICROMETER,,225-3109,3109-225,225-3109|3109-225,generic.v1,PROFILE_MISSING,1,oem_product_list,/home/shebahati/KaZar/Product and Data Complete/اندازه گیری/اینسایز/لیست محصولات.pdf,tier1_3_registry_match,6973018c3eeaad81327c31084ff9185ac522573976edc678d4be2bd371d056bf,3109-225,BACKFILL_EXACT,
1926,3109-250,میکرومتر دیجیتال اینسایز (Insize) 225-250 میلی متر خارج سنج مدل 250-3109,3109-250,3,INSIZE | اینسایز,13,OUTSIDE_MICROMETER,,250-3109,3109-250,250-3109|3109-250,generic.v1,PROFILE_MISSING,1,oem_product_list,/home/shebahati/KaZar/Product and Data Complete/اندازه گیری/اینسایز/لیست محصولات.pdf,tier1_3_registry_match,6973018c3eeaad81327c31084ff9185ac522573976edc678d4be2bd371d056bf,3109-250,BACKFILL_EXACT,
1927,3109-275,میکرومتر دیجیتال اینسایز (Insize) 250-275 میلی متر خارج سنج مدل 275-3109,3109-275,3,INSIZE | اینسایز,13,OUTSIDE_MICROMETER,,275-3109,3109-275,275-3109|3109-275,generic.v1,PROFILE_MISSING,1,oem_product_list,/home/shebahati/KaZar/Product and Data Complete/اندازه گیری/اینسایز/لیست محصولات.pdf,tier1_3_registry_match,6973018c3eeaad81327c31084ff9185ac522573976edc678d4be2bd371d056bf,3109-275,BACKFILL_EXACT,
1928,3109-300,میکرومتر دیجیتال اینسایز (Insize) 275-300 میلی متر خارج سنج مدل 300-3109,3109-300,3,INSIZE | اینسایز,13,OUTSIDE_MICROMETER,,300-3109,3109-300,300-3109|3109-300,generic.v1,PROFILE_MISSING,1,oem_product_list,/home/shebahati/KaZar/Product and Data Complete/اندازه گیری/اینسایز/لیست محصولات.pdf,tier1_3_registry_match,6973018c3eeaad81327c31084ff9185ac522573976edc678d4be2bd371d056bf,3109-300,BACKFILL_EXACT,
1929,3127-100,میکرومتر دیجیتال اینسایز (|Insize) سه فک 100-87 میلی متر داخل سنج مدل 100-3127,3127-100,3,INSIZE | اینسایز,19,INSIDE_MICROMETER,,100-3127,3127-100,100-3127|3127-100,generic.v1,PROFILE_MISSING,1,oem_product_list,/home/shebahati/KaZar/Product and Data Complete/اندازه گیری/اینسایز/لیست محصولات.pdf,tier1_3_registry_match,6973018c3eeaad81327c31084ff9185ac522573976edc678d4be2bd371d056bf,3127-100,BACKFILL_EXACT,
1930,3127-123,میکرومتر دیجیتال اینسایز (Insize) 12-6 میلی متر داخل سنج سه فک مدل 123-3127,3127-123,3,INSIZE | اینسایز,,,,123-3127,3127-123,123-3127|3127-123,generic.v1,PROFILE_MISSING,1,oem_product_list,/home/shebahati/KaZar/Product and Data Complete/اندازه گیری/اینسایز/لیست محصولات.pdf,tier1_3_registry_match,6973018c3eeaad81327c31084ff9185ac522573976edc678d4be2bd371d056bf,3127-123,BACKFILL_EXACT,
1931,3127-125,میکرومتر دیجیتال اینسایز (Insize) 100-125 میلی متر داخل سنج سه فک مدل 125-3127,3127-125,3,INSIZE | اینسایز,19,INSIDE_MICROMETER,,125-3127,3127-125,125-3127|3127-125,generic.v1,PROFILE_MISSING,1,oem_product_list,/home/shebahati/KaZar/Product and Data Complete/اندازه گیری/اینسایز/لیست محصولات.pdf,tier1_3_registry_match,6973018c3eeaad81327c31084ff9185ac522573976edc678d4be2bd371d056bf,3127-125,BACKFILL_EXACT,
1932,3127-150,میکرومتر دیجیتال اینسایز (Insize) 125-150 میلی متر داخل سنج سه فک مدل 150-3127,3127-150,3,INSIZE | اینسایز,19,INSIDE_MICROMETER,,150-3127,3127-150,150-3127|3127-150,generic.v1,PROFILE_MISSING,1,oem_product_list,/home/shebahati/KaZar/Product and Data Complete/اندازه گیری/اینسایز/لیست محصولات.pdf,tier1_3_registry_match,6973018c3eeaad81327c31084ff9185ac522573976edc678d4be2bd371d056bf,3127-150,BACKFILL_EXACT,
1933,3127-175,میکرومتر دیجیتال اینسایز (Insize) 150-175 میلی متر داخل سنج سه فک مدل 175-3127,3127-175,3,INSIZE | اینسایز,19,INSIDE_MICROMETER,,175-3127,3127-175,175-3127|3127-175,generic.v1,PROFILE_MISSING,1,oem_product_list,/home/shebahati/KaZar/Product and Data Complete/اندازه گیری/اینسایز/لیست محصولات.pdf,tier1_3_registry_match,6973018c3eeaad81327c31084ff9185ac522573976edc678d4be2bd371d056bf,3127-175,BACKFILL_EXACT,
1934,3127-200,میکرومتر دیجیتال اینسایز (Insize) 175-200 میلی متر داخل سنج سه فک مدل 200-3127,3127-200,3,INSIZE | اینسایز,19,INSIDE_MICROMETER,,200-3127,3127-200,200-3127|3127-200,generic.v1,PROFILE_MISSING,1,oem_product_list,/home/shebahati/KaZar/Product and Data Complete/اندازه گیری/اینسایز/لیست محصولات.pdf,tier1_3_registry_match,6973018c3eeaad81327c31084ff9185ac522573976edc678d4be2bd371d056bf,3127-200,BACKFILL_EXACT,
1935,3127-202,میکرومتر دیجیتال اینسایز (Insize) 20-12 میلی متر داخل سنج سه فک مدل 202-3127,3127-202,3,INSIZE | اینسایز,,,,202-3127,3127-202,202-3127|3127-202,generic.v1,PROFILE_MISSING,1,oem_product_list,/home/shebahati/KaZar/Product and Data Complete/اندازه گیری/اینسایز/لیست محصولات.pdf,tier1_3_registry_match,6973018c3eeaad81327c31084ff9185ac522573976edc678d4be2bd371d056bf,3127-202,BACKFILL_EXACT,
1936,3127-225,میکرومتر دیجیتال اینسایز (Insize) 200-225 میلی متر داخل سنج سه فک مدل 225-3127,3127-225,3,INSIZE | اینسایز,19,INSIDE_MICROMETER,,225-3127,3127-225,225-3127|3127-225,generic.v1,PROFILE_MISSING,1,oem_product_list,/home/shebahati/KaZar/Product and Data Complete/اندازه گیری/اینسایز/لیست محصولات.pdf,tier1_3_registry_match,6973018c3eeaad81327c31084ff9185ac522573976edc678d4be2bd371d056bf,3127-225,BACKFILL_EXACT,
1937,3127-250,میکرومتر دیجیتال اینسایز (Insize) 225-250 میلی متر داخل سنج سه فک مدل 250-3127,3127-250,3,INSIZE | اینسایز,19,INSIDE_MICROMETER,,250-3127,3127-250,250-3127|3127-250,generic.v1,PROFILE_MISSING,1,oem_product_list,/home/shebahati/KaZar/Product and Data Complete/اندازه گیری/اینسایز/لیست محصولات.pdf,tier1_3_registry_match,6973018c3eeaad81327c31084ff9185ac522573976edc678d4be2bd371d056bf,3127-250,BACKFILL_EXACT,
1938,3127-275,میکرومتر دیجیتال اینسایز (Insize) 250-275 میلی متر داخل سنج سه فک مدل 275-3127,3127-275,3,INSIZE | اینسایز,19,INSIDE_MICROMETER,,275-3127,3127-275,275-3127|3127-275,generic.v1,PROFILE_MISSING,1,oem_product_list,/home/shebahati/KaZar/Product and Data Complete/اندازه گیری/اینسایز/لیست محصولات.pdf,tier1_3_registry_match,6973018c3eeaad81327c31084ff9185ac522573976edc678d4be2bd371d056bf,3127-275,BACKFILL_EXACT,
1939,3127-300,میکرومتر دیجیتال اینسایز (Insize) 275-300 میلی متر داخل سنج سه فک مدل 300-3127,3127-300,3,INSIZE | اینسایز,18,BORE_GAUGE,,300-3127,3127-300,300-3127|3127-300,generic.v1,PROFILE_MISSING,1,oem_product_list,/home/shebahati/KaZar/Product and Data Complete/اندازه گیری/اینسایز/لیست محصولات.pdf,tier1_3_registry_match,6973018c3eeaad81327c31084ff9185ac522573976edc678d4be2bd371d056bf,3127-300,BACKFILL_EXACT,
1940,3127-504,میکرومتر دیجیتال اینسایز (Insize) 50-20 میلی متر داخل سنج سه فک مدل 504-3127,3127-504,3,INSIZE | اینسایز,,,,504-3127,3127-504,504-3127|3127-504,generic.v1,PROFILE_MISSING,1,oem_product_list,/home/shebahati/KaZar/Product and Data Complete/اندازه گیری/اینسایز/لیست محصولات.pdf,tier1_3_registry_match,6973018c3eeaad81327c31084ff9185ac522573976edc678d4be2bd371d056bf,3127-504,BACKFILL_EXACT,
1941,3203-100,میکرومتر اینسایز (Insize) 100-75 میلی متر خارج سنج مدل 100-3203,3203-100,3,INSIZE | اینسایز,13,OUTSIDE_MICROMETER,,100-3203,3203-100,100-3203|3203-100,generic.v1,PROFILE_MISSING,1,oem_product_list,/home/shebahati/KaZar/Product and Data Complete/اندازه گیری/اینسایز/لیست محصولات.pdf,tier1_3_registry_match,6973018c3eeaad81327c31084ff9185ac522573976edc678d4be2bd371d056bf,3203-100,BACKFILL_EXACT,
1942,3203-125,میکرومتر اینسایز (Insize) 125-100 میلی متر خارج سنج مدل 125-3203,3203-125,3,INSIZE | اینسایز,13,OUTSIDE_MICROMETER,,125-3203,3203-125,125-3203|3203-125,generic.v1,PROFILE_MISSING,1,oem_product_list,/home/shebahati/KaZar/Product and Data Complete/اندازه گیری/اینسایز/لیست محصولات.pdf,tier1_3_registry_match,6973018c3eeaad81327c31084ff9185ac522573976edc678d4be2bd371d056bf,3203-125,BACKFILL_EXACT,
1943,3203-150,میکرومتر اینسایز (Insize) 150-125 میلی متر خارج سنج مدل 150-3203,3203-150,3,INSIZE | اینسایز,13,OUTSIDE_MICROMETER,,150-3203,3203-150,150-3203|3203-150,generic.v1,PROFILE_MISSING,1,oem_product_list,/home/shebahati/KaZar/Product and Data Complete/اندازه گیری/اینسایز/لیست محصولات.pdf,tier1_3_registry_match,6973018c3eeaad81327c31084ff9185ac522573976edc678d4be2bd371d056bf,3203-150,BACKFILL_EXACT,
1944,3203-1506,میکرومتر اینسایز (Insize) 150-0 میلی متر خارج سنج صندوقی مدل 1506-3203,3203-1506,3,INSIZE | اینسایز,,,,1506-3203,3203-1506,1506-3203|3203-1506,generic.v1,PROFILE_MISSING,1,oem_product_list,/home/shebahati/KaZar/Product and Data Complete/اندازه گیری/اینسایز/لیست محصولات.pdf,tier1_3_registry_match,6973018c3eeaad81327c31084ff9185ac522573976edc678d4be2bd371d056bf,3203-1506,BACKFILL_EXACT,
1945,3203-175,میکرومتر اینسایز (Insize) 175-150 میلی متر خارج سنج مدل 175-3203,3203-175,3,INSIZE | اینسایز,13,OUTSIDE_MICROMETER,,175-3203,3203-175,175-3203|3203-175,generic.v1,PROFILE_MISSING,1,oem_product_list,/home/shebahati/KaZar/Product and Data Complete/اندازه گیری/اینسایز/لیست محصولات.pdf,tier1_3_registry_match,6973018c3eeaad81327c31084ff9185ac522573976edc678d4be2bd371d056bf,3203-175,BACKFILL_EXACT,
1946,3203-200,میکرومتر اینسایز (Insize) 200-175 میلی متر خارج سنج مدل 200-3203,3203-200,3,INSIZE | اینسایز,13,OUTSIDE_MICROMETER,,200-3203,3203-200,200-3203|3203-200,generic.v1,PROFILE_MISSING,1,oem_product_list,/home/shebahati/KaZar/Product and Data Complete/اندازه گیری/اینسایز/لیست محصولات.pdf,tier1_3_registry_match,6973018c3eeaad81327c31084ff9185ac522573976edc678d4be2bd371d056bf,3203-200,BACKFILL_EXACT,
1947,3203-225,میکرومتر اینسایز (Insize) 225-200 میلی متر خارج سنج مدل 225-3203,3203-225,3,INSIZE | اینسایز,13,OUTSIDE_MICROMETER,,225-3203,3203-225,225-3203|3203-225,generic.v1,PROFILE_MISSING,1,oem_product_list,/home/shebahati/KaZar/Product and Data Complete/اندازه گیری/اینسایز/لیست محصولات.pdf,tier1_3_registry_match,6973018c3eeaad81327c31084ff9185ac522573976edc678d4be2bd371d056bf,3203-225,BACKFILL_EXACT,
1948,3203-250,میکرومتر اینسایز (Insize) 250-225 میلی متر خارج سنج مدل 250-3203,3203-250,3,INSIZE | اینسایز,13,OUTSIDE_MICROMETER,,250-3203,3203-250,250-3203|3203-250,generic.v1,PROFILE_MISSING,1,oem_product_list,/home/shebahati/KaZar/Product and Data Complete/اندازه گیری/اینسایز/لیست محصولات.pdf,tier1_3_registry_match,6973018c3eeaad81327c31084ff9185ac522573976edc678d4be2bd371d056bf,3203-250,BACKFILL_EXACT,
1949,3203-275,میکرومتر اینسایز (Insize) 275-250 میلی متر خارج سنج مدل 275-3203,3203-275,3,INSIZE | اینسایز,13,OUTSIDE_MICROMETER,,275-3203,3203-275,275-3203|3203-275,generic.v1,PROFILE_MISSING,1,oem_product_list,/home/shebahati/KaZar/Product and Data Complete/اندازه گیری/اینسایز/لیست محصولات.pdf,tier1_3_registry_match,6973018c3eeaad81327c31084ff9185ac522573976edc678d4be2bd371d056bf,3203-275,BACKFILL_EXACT,
1950,3203-300,میکرومتر اینسایز (Insize) 300-275 میلی متر خارج سنج مدل 300-3203,3203-300,3,INSIZE | اینسایز,13,OUTSIDE_MICROMETER,,300-3203,3203-300,300-3203|3203-300,generic.v1,PROFILE_MISSING,1,oem_product_list,/home/shebahati/KaZar/Product and Data Complete/اندازه گیری/اینسایز/لیست محصولات.pdf,tier1_3_registry_match,6973018c3eeaad81327c31084ff9185ac522573976edc678d4be2bd371d056bf,3203-300,BACKFILL_EXACT,
1951,3203-3006,میکرومتر اینسایز (Insize) 300-150 میلی متر خارج سنج صندوقی مدل 3006-3203,3203-3006,3,INSIZE | اینسایز,,,,3006-3203,3203-3006,3006-3203|3203-3006,generic.v1,PROFILE_MISSING,1,oem_product_list,/home/shebahati/KaZar/Product and Data Complete/اندازه گیری/اینسایز/لیست محصولات.pdf,tier1_3_registry_match,6973018c3eeaad81327c31084ff9185ac522573976edc678d4be2bd371d056bf,3203-3006,BACKFILL_EXACT,
1952,3203-3012,ست میکرومتر اینسایز (Insize) 300-0 میلی متر خارج سنج مدل 3012-3203,3203-3012,3,INSIZE | اینسایز,,,,3012-3203,3203-3012,3012-3203|3203-3012,generic.v1,PROFILE_MISSING,1,oem_product_list,/home/shebahati/KaZar/Product and Data Complete/اندازه گیری/اینسایز/لیست محصولات.pdf,tier1_3_registry_match,6973018c3eeaad81327c31084ff9185ac522573976edc678d4be2bd371d056bf,3203-3012,BACKFILL_EXACT,
1953,3205-1000,میکرومتر اینسایز (Insize) 1000-900 میلی متر خارج سنج مدل 1000-3205,3205-1000,3,INSIZE | اینسایز,13,OUTSIDE_MICROMETER,,1000-3205,3205-1000,1000-3205|3205-1000,generic.v1,PROFILE_MISSING,1,oem_product_list,/home/shebahati/KaZar/Product and Data Complete/اندازه گیری/اینسایز/لیست محصولات.pdf,tier1_3_registry_match,6973018c3eeaad81327c31084ff9185ac522573976edc678d4be2bd371d056bf,3205-1000,BACKFILL_EXACT,
1954,3205-1200,میکرومتر اینسایز (Insize) 1000-1200 میلی متر خارج سنج مدل 1200-3205,3205-1200,3,INSIZE | اینسایز,13,OUTSIDE_MICROMETER,,1200-3205,3205-1200,1200-3205|3205-1200,generic.v1,PROFILE_MISSING,1,oem_product_list,/home/shebahati/KaZar/Product and Data Complete/اندازه گیری/اینسایز/لیست محصولات.pdf,tier1_3_registry_match,6973018c3eeaad81327c31084ff9185ac522573976edc678d4be2bd371d056bf,3205-1200,BACKFILL_EXACT,
1955,3205-1400,میکرومتر اینسایز (Insize) 1200-1400 میلی‌ متر خارج‌ سنج مدل 1400-3205,3205-1400,3,INSIZE | اینسایز,13,OUTSIDE_MICROMETER,,1400-3205,3205-1400,1400-3205|3205-1400,generic.v1,PROFILE_MISSING,1,oem_product_list,/home/shebahati/KaZar/Product and Data Complete/اندازه گیری/اینسایز/لیست محصولات.pdf,tier1_3_registry_match,6973018c3eeaad81327c31084ff9185ac522573976edc678d4be2bd371d056bf,3205-1400,BACKFILL_EXACT,
1956,3205-1600,میکرومتر اینسایز (Insize) 1600-1400 میلی متر خارج سنج مدل 1600-3205,3205-1600,3,INSIZE | اینسایز,13,OUTSIDE_MICROMETER,,1600-3205,3205-1600,1600-3205|3205-1600,generic.v1,PROFILE_MISSING,1,oem_product_list,/home/shebahati/KaZar/Product and Data Complete/اندازه گیری/اینسایز/لیست محصولات.pdf,tier1_3_registry_match,6973018c3eeaad81327c31084ff9185ac522573976edc678d4be2bd371d056bf,3205-1600,BACKFILL_EXACT,
1957,3205-1800,میکرومتر اینسایز (Insize) 1600-1800 میلی‌ متری خارج‌ سنج مدل 1800-3205,3205-1800,3,INSIZE | اینسایز,13,OUTSIDE_MICROMETER,,1800-3205,3205-1800,1800-3205|3205-1800,generic.v1,PROFILE_MISSING,1,oem_product_list,/home/shebahati/KaZar/Product and Data Complete/اندازه گیری/اینسایز/لیست محصولات.pdf,tier1_3_registry_match,6973018c3eeaad81327c31084ff9185ac522573976edc678d4be2bd371d056bf,3205-1800,BACKFILL_EXACT,
1958,3205-400,میکرومتر خارج میله ای سر تعویض شو اینسایز مدل 3205-400,3205-400,3,INSIZE | اینسایز,13,OUTSIDE_MICROMETER,,3205-400,3205-400,3205-400,generic.v1,PROFILE_MISSING,1,oem_product_list,/home/shebahati/KaZar/Product and Data Complete/اندازه گیری/اینسایز/لیست محصولات.pdf,tier1_3_registry_match,6973018c3eeaad81327c31084ff9185ac522573976edc678d4be2bd371d056bf,3205-400,BACKFILL_EXACT,
1959,3205-500,میکرومتر اینسایز (Insize) 500-400 میلی متر خارج سنج مدل 500-3205,3205-500,3,INSIZE | اینسایز,13,OUTSIDE_MICROMETER,,500-3205,3205-500,500-3205|3205-500,generic.v1,PROFILE_MISSING,1,oem_product_list,/home/shebahati/KaZar/Product and Data Complete/اندازه گیری/اینسایز/لیست محصولات.pdf,tier1_3_registry_match,6973018c3eeaad81327c31084ff9185ac522573976edc678d4be2bd371d056bf,3205-500,BACKFILL_EXACT,
1960,3205-600,میکرومتر اینسایز (Insize) 600-500 میلی متر خارج سنج مدل 600-3205,3205-600,3,INSIZE | اینسایز,13,OUTSIDE_MICROMETER,,600-3205,3205-600,600-3205|3205-600,generic.v1,PROFILE_MISSING,1,oem_product_list,/home/shebahati/KaZar/Product and Data Complete/اندازه گیری/اینسایز/لیست محصولات.pdf,tier1_3_registry_match,6973018c3eeaad81327c31084ff9185ac522573976edc678d4be2bd371d056bf,3205-600,BACKFILL_EXACT,
1961,3205-700,میکرومتر اینسایز (Insize) 700-600 میلی متر خارج سنج مدل 700-3205,3205-700,3,INSIZE | اینسایز,13,OUTSIDE_MICROMETER,,700-3205,3205-700,700-3205|3205-700,generic.v1,PROFILE_MISSING,1,oem_product_list,/home/shebahati/KaZar/Product and Data Complete/اندازه گیری/اینسایز/لیست محصولات.pdf,tier1_3_registry_match,6973018c3eeaad81327c31084ff9185ac522573976edc678d4be2bd371d056bf,3205-700,BACKFILL_EXACT,
1962,3205-800,میکرومتر اینسایز (Insize) 800-700 میلی متر خارج سنج مدل 800-3205,3205-800,3,INSIZE | اینسایز,13,OUTSIDE_MICROMETER,,800-3205,3205-800,800-3205|3205-800,generic.v1,PROFILE_MISSING,1,oem_product_list,/home/shebahati/KaZar/Product and Data Complete/اندازه گیری/اینسایز/لیست محصولات.pdf,tier1_3_registry_match,6973018c3eeaad81327c31084ff9185ac522573976edc678d4be2bd371d056bf,3205-800,BACKFILL_EXACT,
1963,3205-900,میکرومتر اینسایز (Insize) 800-900 میلی متر خارج سنج مدل 900-3205,3205-900,3,INSIZE | اینسایز,13,OUTSIDE_MICROMETER,,900-3205,3205-900,900-3205|3205-900,generic.v1,PROFILE_MISSING,1,oem_product_list,/home/shebahati/KaZar/Product and Data Complete/اندازه گیری/اینسایز/لیست محصولات.pdf,tier1_3_registry_match,6973018c3eeaad81327c31084ff9185ac522573976edc678d4be2bd371d056bf,3205-900,BACKFILL_EXACT,
1964,3206-150,میکرومتر150-0 میلی متر خارج‌سنج میله‌ای اینسایز (Insize) مدل 150-3206,3206-150,3,INSIZE | اینسایز,13,OUTSIDE_MICROMETER,,150-3206,3206-150,150-3206|3206-150,generic.v1,PROFILE_MISSING,1,oem_product_list,/home/shebahati/KaZar/Product and Data Complete/اندازه گیری/اینسایز/لیست محصولات.pdf,tier1_3_registry_match,6973018c3eeaad81327c31084ff9185ac522573976edc678d4be2bd371d056bf,3206-150,BACKFILL_EXACT,
1965,3206-200,میکرومتر اینسایز (Insize) 200-100 میلی متر خارج سنج میله‌ای مدل 200-3206,3206-200,3,INSIZE | اینسایز,13,OUTSIDE_MICROMETER,,200-3206,3206-200,200-3206|3206-200,generic.v1,PROFILE_MISSING,1,oem_product_list,/home/shebahati/KaZar/Product and Data Complete/اندازه گیری/اینسایز/لیست محصولات.pdf,tier1_3_registry_match,6973018c3eeaad81327c31084ff9185ac522573976edc678d4be2bd371d056bf,3206-200,BACKFILL_EXACT,
1966,3206-300,میکرومتر اینسایز (Insize) 300-150 میلی متر خارج سنج میله‌ای مدل 300-3206,3206-300,3,INSIZE | اینسایز,13,OUTSIDE_MICROMETER,,300-3206,3206-300,300-3206|3206-300,generic.v1,PROFILE_MISSING,1,oem_product_list,/home/shebahati/KaZar/Product and Data Complete/اندازه گیری/اینسایز/لیست محصولات.pdf,tier1_3_registry_match,6973018c3eeaad81327c31084ff9185ac522573976edc678d4be2bd371d056bf,3206-300,BACKFILL_EXACT,
1967,3206-301,میکرومتر میله ای اینسایز (Insize) 200-300 میلی متر خارج سنج مدل 301-3206,3206-301,3,INSIZE | اینسایز,13,OUTSIDE_MICROMETER,,301-3206,3206-301,301-3206|3206-301,generic.v1,PROFILE_MISSING,1,oem_product_list,/home/shebahati/KaZar/Product and Data Complete/اندازه گیری/اینسایز/لیست محصولات.pdf,tier1_3_registry_match,6973018c3eeaad81327c31084ff9185ac522573976edc678d4be2bd371d056bf,3206-301,BACKFILL_EXACT,
1968,3210-100,میکرومتر اینسایز (Insize) 100-75 میلی متر خارج سنج مدل 100-3210,3210-100,3,INSIZE | اینسایز,13,OUTSIDE_MICROMETER,,100-3210,3210-100,100-3210|3210-100,generic.v1,PROFILE_MISSING,1,oem_product_list,/home/shebahati/KaZar/Product and Data Complete/اندازه گیری/اینسایز/لیست محصولات.pdf,tier1_3_registry_match,6973018c3eeaad81327c31084ff9185ac522573976edc678d4be2bd371d056bf,3210-100,BACKFILL_EXACT,
1969,3220-100,میکرومتر اینسایز (Insize) 100-75 میلی متر داخل سنج مدل 100-3220,3220-100,3,INSIZE | اینسایز,19,INSIDE_MICROMETER,,100-3220,3220-100,100-3220|3220-100,generic.v1,PROFILE_MISSING,1,oem_product_list,/home/shebahati/KaZar/Product and Data Complete/اندازه گیری/اینسایز/لیست محصولات.pdf,tier1_3_registry_match,6973018c3eeaad81327c31084ff9185ac522573976edc678d4be2bd371d056bf,3220-100,BACKFILL_EXACT,
1970,3222-300,میکرومتر اینسایز (Insize) 300-50 میلی متر داخل سنج لوله‌ای مدل 300-3222,3222-300,3,INSIZE | اینسایز,19,INSIDE_MICROMETER,,300-3222,3222-300,300-3222|3222-300,generic.v1,PROFILE_MISSING,1,oem_product_list,/home/shebahati/KaZar/Product and Data Complete/اندازه گیری/اینسایز/لیست محصولات.pdf,tier1_3_registry_match,6973018c3eeaad81327c31084ff9185ac522573976edc678d4be2bd371d056bf,3222-300,BACKFILL_EXACT,
1971,3222-500,میکرومتر داخل لوله ای اینسایز مدل 3222-500,3222-500,3,INSIZE | اینسایز,19,INSIDE_MICROMETER,,3222-500,3222-500,3222-500,generic.v1,PROFILE_MISSING,1,oem_product_list,/home/shebahati/KaZar/Product and Data Complete/اندازه گیری/اینسایز/لیست محصولات.pdf,tier1_3_registry_match,6973018c3eeaad81327c31084ff9185ac522573976edc678d4be2bd371d056bf,3222-500,BACKFILL_EXACT,
1972,3222-600,ست میکرومتر لوله اینسایز (Insize) داخل سنج 600-50 میلی متر مدل 600-3222,3222-600,3,INSIZE | اینسایز,19,INSIDE_MICROMETER,,600-3222,3222-600,600-3222|3222-600,generic.v1,PROFILE_MISSING,1,oem_product_list,/home/shebahati/KaZar/Product and Data Complete/اندازه گیری/اینسایز/لیست محصولات.pdf,tier1_3_registry_match,6973018c3eeaad81327c31084ff9185ac522573976edc678d4be2bd371d056bf,3222-600,BACKFILL_EXACT,
1973,3225-2100,میکرومتر اینسایز (Insize) 100-2100 میلی متر داخل سنج لوله‌ای مدل 2100-3225,3225-2100,3,INSIZE | اینسایز,19,INSIDE_MICROMETER,,2100-3225,3225-2100,2100-3225|3225-2100,generic.v1,PROFILE_MISSING,1,oem_product_list,/home/shebahati/KaZar/Product and Data Complete/اندازه گیری/اینسایز/لیست محصولات.pdf,tier1_3_registry_match,6973018c3eeaad81327c31084ff9185ac522573976edc678d4be2bd371d056bf,3225-2100,BACKFILL_EXACT,
1974,3227-100,میکرومتر اینسایز (Insize) 87-100 میلی متر داخل سه فک مدل 100-3227,3227-100,3,INSIZE | اینسایز,19,INSIDE_MICROMETER,,100-3227,3227-100,100-3227|3227-100,generic.v1,PROFILE_MISSING,1,oem_product_list,/home/shebahati/KaZar/Product and Data Complete/اندازه گیری/اینسایز/لیست محصولات.pdf,tier1_3_registry_match,6973018c3eeaad81327c31084ff9185ac522573976edc678d4be2bd371d056bf,3227-100,BACKFILL_EXACT,
1975,3227-123,میکرومتر اینسایز (Insize) 12-6 میلی متر داخل سنج سه فک مدل 123-3227,3227-123,3,INSIZE | اینسایز,,,,123-3227,3227-123,123-3227|3227-123,generic.v1,PROFILE_MISSING,1,oem_product_list,/home/shebahati/KaZar/Product and Data Complete/اندازه گیری/اینسایز/لیست محصولات.pdf,tier1_3_registry_match,6973018c3eeaad81327c31084ff9185ac522573976edc678d4be2bd371d056bf,3227-123,BACKFILL_EXACT,
1976,3227-125,میکرومتر اینسایز (Insize) 125-100 میلی متر داخل سنج سه فک مدل 125-3227,3227-125,3,INSIZE | اینسایز,19,INSIDE_MICROMETER,,125-3227,3227-125,125-3227|3227-125,generic.v1,PROFILE_MISSING,1,oem_product_list,/home/shebahati/KaZar/Product and Data Complete/اندازه گیری/اینسایز/لیست محصولات.pdf,tier1_3_registry_match,6973018c3eeaad81327c31084ff9185ac522573976edc678d4be2bd371d056bf,3227-125,BACKFILL_EXACT,
1977,3227-150,میکرومتر اینسایز (Insize) 150-125 میلی متر داخل سنج سه فک مدل 150-3227,3227-150,3,INSIZE | اینسایز,19,INSIDE_MICROMETER,,150-3227,3227-150,150-3227|3227-150,generic.v1,PROFILE_MISSING,1,oem_product_list,/home/shebahati/KaZar/Product and Data Complete/اندازه گیری/اینسایز/لیست محصولات.pdf,tier1_3_registry_match,6973018c3eeaad81327c31084ff9185ac522573976edc678d4be2bd371d056bf,3227-150,BACKFILL_EXACT,
1978,3227-175,میکرومتر اینسایز (Insize) 175-150 میلی متر داخل سنج سه فک مدل 175-3227,3227-175,3,INSIZE | اینسایز,19,INSIDE_MICROMETER,,175-3227,3227-175,175-3227|3227-175,generic.v1,PROFILE_MISSING,1,oem_product_list,/home/shebahati/KaZar/Product and Data Complete/اندازه گیری/اینسایز/لیست محصولات.pdf,tier1_3_registry_match,6973018c3eeaad81327c31084ff9185ac522573976edc678d4be2bd371d056bf,3227-175,BACKFILL_EXACT,
1979,3227-200,میکرومتر اینسایز (Insize) 200-175 میلی متر داخل سنج سه فک مدل 200-3227,3227-200,3,INSIZE | اینسایز,19,INSIDE_MICROMETER,,200-3227,3227-200,200-3227|3227-200,generic.v1,PROFILE_MISSING,1,oem_product_list,/home/shebahati/KaZar/Product and Data Complete/اندازه گیری/اینسایز/لیست محصولات.pdf,tier1_3_registry_match,6973018c3eeaad81327c31084ff9185ac522573976edc678d4be2bd371d056bf,3227-200,BACKFILL_EXACT,
1980,3227-202,میکرومتر اینسایز (Insize) 20-12 میلی متر داخل سنج سه فک مدل 202-3227,3227-202,3,INSIZE | اینسایز,,,,202-3227,3227-202,202-3227|3227-202,generic.v1,PROFILE_MISSING,1,oem_product_list,/home/shebahati/KaZar/Product and Data Complete/اندازه گیری/اینسایز/لیست محصولات.pdf,tier1_3_registry_match,6973018c3eeaad81327c31084ff9185ac522573976edc678d4be2bd371d056bf,3227-202,BACKFILL_EXACT,
1981,3227-504,میکرومتر اینسایز (Insize) 50-20 میلی متر داخل سنج سه فک مدل 504-3227,3227-504,3,INSIZE | اینسایز,,,,504-3227,3227-504,504-3227|3227-504,generic.v1,PROFILE_MISSING,1,oem_product_list,/home/shebahati/KaZar/Product and Data Complete/اندازه گیری/اینسایز/لیست محصولات.pdf,tier1_3_registry_match,6973018c3eeaad81327c31084ff9185ac522573976edc678d4be2bd371d056bf,3227-504,BACKFILL_EXACT,
1982,3232-100,میکرومتر اینسایز (Insize) 100-75 میلی متر نوک پیچ گوشتی مدل 100-3232,3232-100,3,INSIZE | اینسایز,13,OUTSIDE_MICROMETER,,100-3232,3232-100,100-3232|3232-100,generic.v1,PROFILE_MISSING,1,oem_product_list,/home/shebahati/KaZar/Product and Data Complete/اندازه گیری/اینسایز/لیست محصولات.pdf,tier1_3_registry_match,6973018c3eeaad81327c31084ff9185ac522573976edc678d4be2bd371d056bf,3232-100,BACKFILL_EXACT,
1983,3240-100,عمق سنج میکرومتر اینسایز (Insize) 0-100 میلی متر مدل 100-3240,3240-100,3,INSIZE | اینسایز,15,DEPTH_MICROMETER,,100-3240,3240-100,100-3240|3240-100,generic.v1,PROFILE_MISSING,1,oem_product_list,/home/shebahati/KaZar/Product and Data Complete/اندازه گیری/اینسایز/لیست محصولات.pdf,tier1_3_registry_match,6973018c3eeaad81327c31084ff9185ac522573976edc678d4be2bd371d056bf,3240-100,BACKFILL_EXACT,
1984,3240-150,عمق سنج میکرومتر اینسایز (Insize) 0-150 میلی متر مدل 150-3240,3240-150,3,INSIZE | اینسایز,15,DEPTH_MICROMETER,,150-3240,3240-150,150-3240|3240-150,generic.v1,PROFILE_MISSING,1,oem_product_list,/home/shebahati/KaZar/Product and Data Complete/اندازه گیری/اینسایز/لیست محصولات.pdf,tier1_3_registry_match,6973018c3eeaad81327c31084ff9185ac522573976edc678d4be2bd371d056bf,3240-150,BACKFILL_EXACT,
1985,3240-300,میکرومتر اینسایز (Insize) 30 سانتی متر عمق سنج میله‌ای مدل 300-3240,3240-300,3,INSIZE | اینسایز,15,DEPTH_MICROMETER,,300-3240,3240-300,300-3240|3240-300,generic.v1,PROFILE_MISSING,1,oem_product_list,/home/shebahati/KaZar/Product and Data Complete/اندازه گیری/اینسایز/لیست محصولات.pdf,tier1_3_registry_match,6973018c3eeaad81327c31084ff9185ac522573976edc678d4be2bd371d056bf,3240-300,BACKFILL_EXACT,
1986,3282-100,میکرومتر اینسایز (Insize) 100-75 میلی متر دیسکی مدل 100-3282,3282-100,3,INSIZE | اینسایز,13,OUTSIDE_MICROMETER,,100-3282,3282-100,100-3282|3282-100,generic.v1,PROFILE_MISSING,1,oem_product_list,/home/shebahati/KaZar/Product and Data Complete/اندازه گیری/اینسایز/لیست محصولات.pdf,tier1_3_registry_match,6973018c3eeaad81327c31084ff9185ac522573976edc678d4be2bd371d056bf,3282-100,BACKFILL_EXACT,
1987,3290-153,میکرومتر اینسایز (Insize) 60 درجه جناغی مدل 153-3290,3290-153,3,INSIZE | اینسایز,13,OUTSIDE_MICROMETER,,153-3290,3290-153,153-3290|3290-153,generic.v1,PROFILE_MISSING,1,oem_product_list,/home/shebahati/KaZar/Product and Data Complete/اندازه گیری/اینسایز/لیست محصولات.pdf,tier1_3_registry_match,6973018c3eeaad81327c31084ff9185ac522573976edc678d4be2bd371d056bf,3290-153,BACKFILL_EXACT,
1988,3290-203,میکرومتر اینسایز (Insize) 60 درجه جناغی مدل 203-3290,3290-203,3,INSIZE | اینسایز,13,OUTSIDE_MICROMETER,,203-3290,3290-203,203-3290|3290-203,generic.v1,PROFILE_MISSING,1,oem_product_list,/home/shebahati/KaZar/Product and Data Complete/اندازه گیری/اینسایز/لیست محصولات.pdf,tier1_3_registry_match,6973018c3eeaad81327c31084ff9185ac522573976edc678d4be2bd371d056bf,3290-203,BACKFILL_EXACT,
1989,3290-455,میکرومتر 60 درجه جناغی اینسایز (Insize) 25-45 میلی متر مدل 455-3290,3290-455,3,INSIZE | اینسایز,13,OUTSIDE_MICROMETER,,455-3290,3290-455,455-3290|3290-455,generic.v1,PROFILE_MISSING,1,oem_product_list,/home/shebahati/KaZar/Product and Data Complete/اندازه گیری/اینسایز/لیست محصولات.pdf,tier1_3_registry_match,6973018c3eeaad81327c31084ff9185ac522573976edc678d4be2bd371d056bf,3290-455,BACKFILL_EXACT,
1990,3293-131,میکرومتر درب قوطی سوزنی اینسایز (Insize) 0-13 میلی‌ متر مدل 131-3293,3293-131,3,INSIZE | اینسایز,13,OUTSIDE_MICROMETER,,131-3293,3293-131,131-3293|3293-131,generic.v1,PROFILE_MISSING,1,oem_product_list,/home/shebahati/KaZar/Product and Data Complete/اندازه گیری/اینسایز/لیست محصولات.pdf,tier1_3_registry_match,6973018c3eeaad81327c31084ff9185ac522573976edc678d4be2bd371d056bf,3293-131,BACKFILL_EXACT,
1991,3506-150,میکرومتر دیجیتال اینسایز (Insize) 150-0 میلی متر خارج سنج میله‌ای مدل 150-3506,3506-150,3,INSIZE | اینسایز,13,OUTSIDE_MICROMETER,,150-3506,3506-150,150-3506|3506-150,generic.v1,PROFILE_MISSING,1,oem_product_list,/home/shebahati/KaZar/Product and Data Complete/اندازه گیری/اینسایز/لیست محصولات.pdf,tier1_3_registry_match,6973018c3eeaad81327c31084ff9185ac522573976edc678d4be2bd371d056bf,3506-150,BACKFILL_EXACT,
1992,3506-300,میکرومتر دیجیتال اینسایز (Insize) 300-150 میلی متر خارج سنج میله‌ای مدل 300-3506,3506-300,3,INSIZE | اینسایز,13,OUTSIDE_MICROMETER,,300-3506,3506-300,300-3506|3506-300,generic.v1,PROFILE_MISSING,1,oem_product_list,/home/shebahati/KaZar/Product and Data Complete/اندازه گیری/اینسایز/لیست محصولات.pdf,tier1_3_registry_match,6973018c3eeaad81327c31084ff9185ac522573976edc678d4be2bd371d056bf,3506-300,BACKFILL_EXACT,
1993,3506-400,میکرومتر دیجیتال (Insize) اینسایز 400-300 میلی متر خارج سنج میله‌ای مدل 400-3506,3506-400,3,INSIZE | اینسایز,13,OUTSIDE_MICROMETER,,400-3506,3506-400,400-3506|3506-400,generic.v1,PROFILE_MISSING,1,oem_product_list,/home/shebahati/KaZar/Product and Data Complete/اندازه گیری/اینسایز/لیست محصولات.pdf,tier1_3_registry_match,6973018c3eeaad81327c31084ff9185ac522573976edc678d4be2bd371d056bf,3506-400,BACKFILL_EXACT,
1994,3506-500,میکرومتر دیجیتال اینسایز (Insize) 400-500 میلی متر خارج سنج مدل 500-3506,3506-500,3,INSIZE | اینسایز,13,OUTSIDE_MICROMETER,,500-3506,3506-500,500-3506|3506-500,generic.v1,PROFILE_MISSING,1,oem_product_list,/home/shebahati/KaZar/Product and Data Complete/اندازه گیری/اینسایز/لیست محصولات.pdf,tier1_3_registry_match,6973018c3eeaad81327c31084ff9185ac522573976edc678d4be2bd371d056bf,3506-500,BACKFILL_EXACT,
1995,3506-600,میکرومتر میله ای دیجیتال اینسایز(Insize) 500-600 میلیمتر خارج سنج مدل 600-3506,3506-600,3,INSIZE | اینسایز,13,OUTSIDE_MICROMETER,,600-3506,3506-600,600-3506|3506-600,generic.v1,PROFILE_MISSING,1,oem_product_list,/home/shebahati/KaZar/Product and Data Complete/اندازه گیری/اینسایز/لیست محصولات.pdf,tier1_3_registry_match,6973018c3eeaad81327c31084ff9185ac522573976edc678d4be2bd371d056bf,3506-600,BACKFILL_EXACT,
1996,3520-100,میکرومتر دیجیتال اینسایز (Insize) 75-100 میلی متر داخل سنج مدل 100-3520,3520-100,3,INSIZE | اینسایز,19,INSIDE_MICROMETER,,100-3520,3520-100,100-3520|3520-100,generic.v1,PROFILE_MISSING,1,oem_product_list,/home/shebahati/KaZar/Product and Data Complete/اندازه گیری/اینسایز/لیست محصولات.pdf,tier1_3_registry_match,6973018c3eeaad81327c31084ff9185ac522573976edc678d4be2bd371d056bf,3520-100,BACKFILL_EXACT,
1997,3521-2000,میکرومتر داخل لوله ای اینسایز (Insize) 150-2000 میلیمتر دیجیتال مدل 2000-3521,3521-2000,3,INSIZE | اینسایز,,,,2000-3521,3521-2000,2000-3521|3521-2000,generic.v1,PROFILE_MISSING,1,oem_product_list,/home/shebahati/KaZar/Product and Data Complete/اندازه گیری/اینسایز/لیست محصولات.pdf,tier1_3_registry_match,6973018c3eeaad81327c31084ff9185ac522573976edc678d4be2bd371d056bf,3521-2000,BACKFILL_EXACT,
1998,3540-150,عمق سنج میله ای دیجیتال اینسایز (Insize) 0-150 میلی متر مدل 150-3540,3540-150,3,INSIZE | اینسایز,2,DEPTH_GAUGE,,150-3540,3540-150,150-3540|3540-150,generic.v1,PROFILE_MISSING,1,oem_product_list,/home/shebahati/KaZar/Product and Data Complete/اندازه گیری/اینسایز/لیست محصولات.pdf,tier1_3_registry_match,6973018c3eeaad81327c31084ff9185ac522573976edc678d4be2bd371d056bf,3540-150,BACKFILL_EXACT,
1999,3540-300,عمق سنج میله ای دیجیتال 30 سانتی اینسایز (Insize) مدل 300-3540,3540-300,3,INSIZE | اینسایز,2,DEPTH_GAUGE,,300-3540,3540-300,300-3540|3540-300,generic.v1,PROFILE_MISSING,1,oem_product_list,/home/shebahati/KaZar/Product and Data Complete/اندازه گیری/اینسایز/لیست محصولات.pdf,tier1_3_registry_match,6973018c3eeaad81327c31084ff9185ac522573976edc678d4be2bd371d056bf,3540-300,BACKFILL_EXACT,
2000,3590-153,میکرومتر جناقی دیجیتال اینسایز (Insize) 60 درجه 15-1 میلی متری مدل 153-3590,3590-153,3,INSIZE | اینسایز,13,OUTSIDE_MICROMETER,,153-3590,3590-153,153-3590|3590-153,generic.v1,PROFILE_MISSING,1,oem_product_list,/home/shebahati/KaZar/Product and Data Complete/اندازه گیری/اینسایز/لیست محصولات.pdf,tier1_3_registry_match,6973018c3eeaad81327c31084ff9185ac522573976edc678d4be2bd371d056bf,3590-153,BACKFILL_EXACT,
2001,4100-187,گیج بلوک (راپورتر) 87 پارچه اینسایز (Insize) مدل 187-4100,4100-187,3,INSIZE | اینسایز,,,,187-4100,4100-187,187-4100|4100-187,generic.v1,PROFILE_MISSING,1,oem_product_list,/home/shebahati/KaZar/Product and Data Complete/اندازه گیری/اینسایز/لیست محصولات.pdf,tier1_3_registry_match,6973018c3eeaad81327c31084ff9185ac522573976edc678d4be2bd371d056bf,4100-187,BACKFILL_EXACT,
2002,4100-232,گیج بلوک (راپورتر) 32 پارچه اینسایز (Insize) مدل 232-4100,4100-232,3,INSIZE | اینسایز,,,,232-4100,4100-232,232-4100|4100-232,generic.v1,PROFILE_MISSING,1,oem_product_list,/home/shebahati/KaZar/Product and Data Complete/اندازه گیری/اینسایز/لیست محصولات.pdf,tier1_3_registry_match,6973018c3eeaad81327c31084ff9185ac522573976edc678d4be2bd371d056bf,4100-232,BACKFILL_EXACT,
2003,4100-247,گیج بلوک (راپورتر) 47 پارچه اینسایز (insize) مدل 247-4100,4100-247,3,INSIZE | اینسایز,,,,247-4100,4100-247,247-4100|4100-247,generic.v1,PROFILE_MISSING,1,oem_product_list,/home/shebahati/KaZar/Product and Data Complete/اندازه گیری/اینسایز/لیست محصولات.pdf,tier1_3_registry_match,6973018c3eeaad81327c31084ff9185ac522573976edc678d4be2bd371d056bf,4100-247,BACKFILL_EXACT,
2004,4100-287,گیج بلوک (راپورتر) 87 عددی اینسایز (Insize) مدل 287-4100,4100-287,3,INSIZE | اینسایز,,,,287-4100,4100-287,287-4100|4100-287,generic.v1,PROFILE_MISSING,1,oem_product_list,/home/shebahati/KaZar/Product and Data Complete/اندازه گیری/اینسایز/لیست محصولات.pdf,tier1_3_registry_match,6973018c3eeaad81327c31084ff9185ac522573976edc678d4be2bd371d056bf,4100-287,BACKFILL_EXACT,
2005,4141-400,گونیا گرانیتی اینسایز (Insize) 250×400mm مدل 400-4141,4141-400,3,INSIZE | اینسایز,35,ENGINEERS_SQUARE,,400-4141,4141-400,400-4141|4141-400,generic.v1,PROFILE_MISSING,1,oem_product_list,/home/shebahati/KaZar/Product and Data Complete/اندازه گیری/اینسایز/لیست محصولات.pdf,tier1_3_registry_match,6973018c3eeaad81327c31084ff9185ac522573976edc678d4be2bd371d056bf,4141-400,BACKFILL_EXACT,
2006,4150-130,خط کش سینوسی — 0-130mm,4150-130,3,INSIZE | اینسایز,,,,,4150-130,4150-130,generic.v1,PROFILE_MISSING,1,oem_product_list,/home/shebahati/KaZar/Product and Data Complete/اندازه گیری/اینسایز/لیست محصولات.pdf,tier1_3_registry_match,6973018c3eeaad81327c31084ff9185ac522573976edc678d4be2bd371d056bf,4150-130,BACKFILL_EXACT,
2007,4150-1301,خط کش سینوسی — 0-1301mm,4150-1301,3,INSIZE | اینسایز,,,,,4150-1301,4150-1301,generic.v1,PROFILE_MISSING,1,oem_product_list,/home/shebahati/KaZar/Product and Data Complete/اندازه گیری/اینسایز/لیست محصولات.pdf,tier1_3_registry_match,6973018c3eeaad81327c31084ff9185ac522573976edc678d4be2bd371d056bf,4150-1301,BACKFILL_EXACT,
2008,4150-250,خط کش سینوسی — 0-250mm,4150-250,3,INSIZE | اینسایز,,,,,4150-250,4150-250,generic.v1,PROFILE_MISSING,1,oem_product_list,/home/shebahati/KaZar/Product and Data Complete/اندازه گیری/اینسایز/لیست محصولات.pdf,tier1_3_registry_match,6973018c3eeaad81327c31084ff9185ac522573976edc678d4be2bd371d056bf,4150-250,BACKFILL_EXACT,
2009,4150-2501,خط کش سینوسی,4150-2501,3,INSIZE | اینسایز,,,,,4150-2501,4150-2501,generic.v1,PROFILE_MISSING,1,oem_product_list,/home/shebahati/KaZar/Product and Data Complete/اندازه گیری/اینسایز/لیست محصولات.pdf,tier1_3_registry_match,6973018c3eeaad81327c31084ff9185ac522573976edc678d4be2bd371d056bf,4150-2501,BACKFILL_EXACT,
2010,4166-411,پین گیج 41 پارچه 5-1 میلی متری اینسایز (Insize) مدل 411-4166,4166-411,3,INSIZE | اینسایز,24,PIN_GAUGE,,411-4166,4166-411,411-4166|4166-411,generic.v1,PROFILE_MISSING,1,oem_product_list,/home/shebahati/KaZar/Product and Data Complete/اندازه گیری/اینسایز/لیست محصولات.pdf,tier1_3_registry_match,6973018c3eeaad81327c31084ff9185ac522573976edc678d4be2bd371d056bf,4166-411,BACKFILL_EXACT,
2011,4166-511,پین گیج 51 پارچه 10-5 میلی متری اینسایز (Insize) مدل 511-4166,4166-511,3,INSIZE | اینسایز,24,PIN_GAUGE,,511-4166,4166-511,511-4166|4166-511,generic.v1,PROFILE_MISSING,1,oem_product_list,/home/shebahati/KaZar/Product and Data Complete/اندازه گیری/اینسایز/لیست محصولات.pdf,tier1_3_registry_match,6973018c3eeaad81327c31084ff9185ac522573976edc678d4be2bd371d056bf,4166-511,BACKFILL_EXACT,
2012,4166-512,ست پین گیج اینسایز (Insize) 10 – 15 میلی متر 51 پارچه مدل 512-4166,4166-512,3,INSIZE | اینسایز,24,PIN_GAUGE,,512-4166,4166-512,512-4166|4166-512,generic.v1,PROFILE_MISSING,1,oem_product_list,/home/shebahati/KaZar/Product and Data Complete/اندازه گیری/اینسایز/لیست محصولات.pdf,tier1_3_registry_match,6973018c3eeaad81327c31084ff9185ac522573976edc678d4be2bd371d056bf,4166-512,BACKFILL_EXACT,
2013,4166-513,پین گیج 51 پارچه 20-15 میلی متری اینسایز (Insize) مدل513-4166,4166-513,3,INSIZE | اینسایز,24,PIN_GAUGE,,,4166-513,4166-513,generic.v1,PROFILE_MISSING,1,oem_product_list,/home/shebahati/KaZar/Product and Data Complete/اندازه گیری/اینسایز/لیست محصولات.pdf,tier1_3_registry_match,6973018c3eeaad81327c31084ff9185ac522573976edc678d4be2bd371d056bf,4166-513,BACKFILL_EXACT,
2014,4605-201,فیلر 20تیغ 20سانت ( ) 0.05 ~ اینسایز مدل 4605-201,4605-201,3,INSIZE | اینسایز,25,FEELER_GAUGE_SET,,4605-201,4605-201,4605-201,generic.v1,PROFILE_MISSING,1,oem_product_list,/home/shebahati/KaZar/Product and Data Complete/اندازه گیری/اینسایز/لیست محصولات.pdf,tier1_3_registry_match,6973018c3eeaad81327c31084ff9185ac522573976edc678d4be2bd371d056bf,4605-201,BACKFILL_EXACT,
2015,4605-202,فیلر 20 تیغه 30 سانتی متری اینسایز (Insize) مدل 202-4605,4605-202,3,INSIZE | اینسایز,25,FEELER_GAUGE_SET,,202-4605,4605-202,202-4605|4605-202,generic.v1,PROFILE_MISSING,1,oem_product_list,/home/shebahati/KaZar/Product and Data Complete/اندازه گیری/اینسایز/لیست محصولات.pdf,tier1_3_registry_match,6973018c3eeaad81327c31084ff9185ac522573976edc678d4be2bd371d056bf,4605-202,BACKFILL_EXACT,
2016,4621-100,فیلر نواری 5متری اینسایز مدل 4621-100,4621-100,3,INSIZE | اینسایز,26,FEELER_GAUGE,,4621-100,4621-100,4621-100,generic.v1,PROFILE_MISSING,1,oem_product_list,/home/shebahati/KaZar/Product and Data Complete/اندازه گیری/اینسایز/لیست محصولات.pdf,tier1_3_registry_match,6973018c3eeaad81327c31084ff9185ac522573976edc678d4be2bd371d056bf,4621-100,BACKFILL_EXACT,
2017,4700-200,خط کش مویی 20 سانتی اینسایز (insize) مدل 200-4700,4700-200,3,INSIZE | اینسایز,36,STRAIGHT_EDGE,,200-4700,4700-200,200-4700|4700-200,generic.v1,PROFILE_MISSING,1,oem_product_list,/home/shebahati/KaZar/Product and Data Complete/اندازه گیری/اینسایز/لیست محصولات.pdf,tier1_3_registry_match,6973018c3eeaad81327c31084ff9185ac522573976edc678d4be2bd371d056bf,4700-200,BACKFILL_EXACT,
2018,4707-300,گونیا صنعتی 30 سانتی اینسایز (Insize) مدل 300-4707,4707-300,3,INSIZE | اینسایز,35,ENGINEERS_SQUARE,,300-4707,4707-300,300-4707|4707-300,generic.v1,PROFILE_MISSING,1,oem_product_list,/home/shebahati/KaZar/Product and Data Complete/اندازه گیری/اینسایز/لیست محصولات.pdf,tier1_3_registry_match,6973018c3eeaad81327c31084ff9185ac522573976edc678d4be2bd371d056bf,4707-300,BACKFILL_EXACT,
2019,4707-500,گونیا صنعتی 50 سانتی اینسایز (Insize) مدل 500-4707,4707-500,3,INSIZE | اینسایز,35,ENGINEERS_SQUARE,,500-4707,4707-500,500-4707|4707-500,generic.v1,PROFILE_MISSING,1,oem_product_list,/home/shebahati/KaZar/Product and Data Complete/اندازه گیری/اینسایز/لیست محصولات.pdf,tier1_3_registry_match,6973018c3eeaad81327c31084ff9185ac522573976edc678d4be2bd371d056bf,4707-500,BACKFILL_EXACT,
2020,4745-1150,گونیا 45 درجه اینسایز (Insize) مدل 1150-4745,4745-1150,3,INSIZE | اینسایز,35,ENGINEERS_SQUARE,,1150-4745,4745-1150,1150-4745|4745-1150,generic.v1,PROFILE_MISSING,1,oem_product_list,/home/shebahati/KaZar/Product and Data Complete/اندازه گیری/اینسایز/لیست محصولات.pdf,tier1_3_registry_match,6973018c3eeaad81327c31084ff9185ac522573976edc678d4be2bd371d056bf,4745-1150,BACKFILL_EXACT,
2021,4745-1200,گونیا 45 درجه اینسایز (Insize) مدل 1200-4745,4745-1200,3,INSIZE | اینسایز,35,ENGINEERS_SQUARE,,1200-4745,4745-1200,1200-4745|4745-1200,generic.v1,PROFILE_MISSING,1,oem_product_list,/home/shebahati/KaZar/Product and Data Complete/اندازه گیری/اینسایز/لیست محصولات.pdf,tier1_3_registry_match,6973018c3eeaad81327c31084ff9185ac522573976edc678d4be2bd371d056bf,4745-1200,BACKFILL_EXACT,
2022,4796-100,گونیا صنعتی اینسایز (Insize) 70×100 میلیمتر کد 100-4796,4796-100,3,INSIZE | اینسایز,35,ENGINEERS_SQUARE,,100-4796,4796-100,100-4796|4796-100,generic.v1,PROFILE_MISSING,1,oem_product_list,/home/shebahati/KaZar/Product and Data Complete/اندازه گیری/اینسایز/لیست محصولات.pdf,tier1_3_registry_match,6973018c3eeaad81327c31084ff9185ac522573976edc678d4be2bd371d056bf,4796-100,BACKFILL_EXACT,
2023,4796-150,گونیا صنعتی اینسایز (Insize) 150×100 میلیمتر مدل 150-4796,4796-150,3,INSIZE | اینسایز,35,ENGINEERS_SQUARE,,150-4796,4796-150,150-4796|4796-150,generic.v1,PROFILE_MISSING,1,oem_product_list,/home/shebahati/KaZar/Product and Data Complete/اندازه گیری/اینسایز/لیست محصولات.pdf,tier1_3_registry_match,6973018c3eeaad81327c31084ff9185ac522573976edc678d4be2bd371d056bf,4796-150,BACKFILL_EXACT,
2024,4796-300,گونیا صنعتی اینسایز (Insize) 300×200 میلیمتر مدل 300-4796,4796-300,3,INSIZE | اینسایز,35,ENGINEERS_SQUARE,,300-4796,4796-300,300-4796|4796-300,generic.v1,PROFILE_MISSING,1,oem_product_list,/home/shebahati/KaZar/Product and Data Complete/اندازه گیری/اینسایز/لیست محصولات.pdf,tier1_3_registry_match,6973018c3eeaad81327c31084ff9185ac522573976edc678d4be2bd371d056bf,4796-300,BACKFILL_EXACT,
2025,4799-1120,زاویه سنج 15 سانتی اینسایز (Insize) مدل 1120-4799,4799-1120,3,INSIZE | اینسایز,20,PROTRACTOR,,1120-4799,4799-1120,1120-4799|4799-1120,generic.v1,PROFILE_MISSING,1,oem_product_list,/home/shebahati/KaZar/Product and Data Complete/اندازه گیری/اینسایز/لیست محصولات.pdf,tier1_3_registry_match,6973018c3eeaad81327c31084ff9185ac522573976edc678d4be2bd371d056bf,4799-1120,BACKFILL_EXACT,
2026,4799-1150,زاویه سنج 20سانت اینسایز مدل 4799-1150,4799-1150,3,INSIZE | اینسایز,20,PROTRACTOR,,4799-1150,4799-1150,4799-1150,generic.v1,PROFILE_MISSING,1,oem_product_list,/home/shebahati/KaZar/Product and Data Complete/اندازه گیری/اینسایز/لیست محصولات.pdf,tier1_3_registry_match,6973018c3eeaad81327c31084ff9185ac522573976edc678d4be2bd371d056bf,4799-1150,BACKFILL_EXACT,
2027,4799-1200,زاویه سنج 30سانت اینسایز مدل 4799-1200,4799-1200,3,INSIZE | اینسایز,20,PROTRACTOR,,4799-1200,4799-1200,4799-1200,generic.v1,PROFILE_MISSING,1,oem_product_list,/home/shebahati/KaZar/Product and Data Complete/اندازه گیری/اینسایز/لیست محصولات.pdf,tier1_3_registry_match,6973018c3eeaad81327c31084ff9185ac522573976edc678d4be2bd371d056bf,4799-1200,BACKFILL_EXACT,
2028,4799-1300,زاویه سنج 50سانت اینسایز مدل 4799-1300,4799-1300,3,INSIZE | اینسایز,20,PROTRACTOR,,4799-1300,4799-1300,4799-1300,generic.v1,PROFILE_MISSING,1,oem_product_list,/home/shebahati/KaZar/Product and Data Complete/اندازه گیری/اینسایز/لیست محصولات.pdf,tier1_3_registry_match,6973018c3eeaad81327c31084ff9185ac522573976edc678d4be2bd371d056bf,4799-1300,BACKFILL_EXACT,
2029,4799-180,زاویه سنج 12سانت اینسایز مدل 4799-180,4799-180,3,INSIZE | اینسایز,20,PROTRACTOR,,4799-180,4799-180,4799-180,generic.v1,PROFILE_MISSING,1,oem_product_list,/home/shebahati/KaZar/Product and Data Complete/اندازه گیری/اینسایز/لیست محصولات.pdf,tier1_3_registry_match,6973018c3eeaad81327c31084ff9185ac522573976edc678d4be2bd371d056bf,4799-180,BACKFILL_EXACT,
2030,4810-601,شابلون رنده 60 درجه اینسایز (Insize) مدل 601-4810,4810-601,3,INSIZE | اینسایز,53,SCREW_CUTTING_GAUGE,,601-4810,4810-601,601-4810|4810-601,generic.v1,PROFILE_MISSING,1,oem_product_list,/home/shebahati/KaZar/Product and Data Complete/اندازه گیری/اینسایز/لیست محصولات.pdf,tier1_3_registry_match,6973018c3eeaad81327c31084ff9185ac522573976edc678d4be2bd371d056bf,4810-601,BACKFILL_EXACT,
2031,4810-602,شابلون رنده 60 درجه اینسایز (Insize) مدل 602-4810,4810-602,3,INSIZE | اینسایز,53,SCREW_CUTTING_GAUGE,,602-4810,4810-602,602-4810|4810-602,generic.v1,PROFILE_MISSING,1,oem_product_list,/home/shebahati/KaZar/Product and Data Complete/اندازه گیری/اینسایز/لیست محصولات.pdf,tier1_3_registry_match,6973018c3eeaad81327c31084ff9185ac522573976edc678d4be2bd371d056bf,4810-602,BACKFILL_EXACT,
2032,4820-230,شابلون دنده 60 درجه اینسایز (Insize) مدل 230-4820,4820-230,3,INSIZE | اینسایز,46,THREAD_PITCH_GAUGE,,230-4820,4820-230,230-4820|4820-230,generic.v1,PROFILE_MISSING,1,oem_product_list,/home/shebahati/KaZar/Product and Data Complete/اندازه گیری/اینسایز/لیست محصولات.pdf,tier1_3_registry_match,6973018c3eeaad81327c31084ff9185ac522573976edc678d4be2bd371d056bf,4820-230,BACKFILL_EXACT,
2033,4820-452,شابلون رزوه اینچ و میلیمتر 6 – 0.25 میلی متر اینسایز (insize) مدل 452-4820,4820-452,3,INSIZE | اینسایز,46,THREAD_PITCH_GAUGE,,452-4820,4820-452,452-4820|4820-452,generic.v1,PROFILE_MISSING,1,oem_product_list,/home/shebahati/KaZar/Product and Data Complete/اندازه گیری/اینسایز/لیست محصولات.pdf,tier1_3_registry_match,6973018c3eeaad81327c31084ff9185ac522573976edc678d4be2bd371d056bf,4820-452,BACKFILL_EXACT,
2034,4820-552,شابلون رزوه اینچ و میلیمتر 60درجه از اینسایز مدل 4820-552,4820-552,3,INSIZE | اینسایز,46,THREAD_PITCH_GAUGE,,4820-552,4820-552,4820-552,generic.v1,PROFILE_MISSING,1,oem_product_list,/home/shebahati/KaZar/Product and Data Complete/اندازه گیری/اینسایز/لیست محصولات.pdf,tier1_3_registry_match,6973018c3eeaad81327c31084ff9185ac522573976edc678d4be2bd371d056bf,4820-552,BACKFILL_EXACT,
2035,4860-212,شابلون دنده ای ذوزنقه ای اینسایز (Insize) مدل 212-4860,4860-212,3,INSIZE | اینسایز,49,GEAR_TOOTH_PITCH_GAUGE,,212-4860,4860-212,212-4860|4860-212,generic.v1,PROFILE_MISSING,1,oem_product_list,/home/shebahati/KaZar/Product and Data Complete/اندازه گیری/اینسایز/لیست محصولات.pdf,tier1_3_registry_match,6973018c3eeaad81327c31084ff9185ac522573976edc678d4be2bd371d056bf,4860-212,BACKFILL_EXACT,
2036,4860-245,شابلون مودول 20 درجه 4.5 – 0.35 میلی متر اینسایز (Insize) مدل 245-4860,4860-245,3,INSIZE | اینسایز,49,GEAR_TOOTH_PITCH_GAUGE,,245-4860,4860-245,245-4860|4860-245,generic.v1,PROFILE_MISSING,1,oem_product_list,/home/shebahati/KaZar/Product and Data Complete/اندازه گیری/اینسایز/لیست محصولات.pdf,tier1_3_registry_match,6973018c3eeaad81327c31084ff9185ac522573976edc678d4be2bd371d056bf,4860-245,BACKFILL_EXACT,
2037,4902-150,تراز چهار گوش اینسایز 15 سانتی (Insize) مدل 150-4902,4902-150,3,INSIZE | اینسایز,27,LEVEL,,150-4902,4902-150,150-4902|4902-150,generic.v1,PROFILE_MISSING,1,oem_product_list,/home/shebahati/KaZar/Product and Data Complete/اندازه گیری/اینسایز/لیست محصولات.pdf,tier1_3_registry_match,6973018c3eeaad81327c31084ff9185ac522573976edc678d4be2bd371d056bf,4902-150,BACKFILL_EXACT,
2038,4902-200,تراز چهار گوش اینسایز 20 سانتی (Insize) مدل 200-4902,4902-200,3,INSIZE | اینسایز,27,LEVEL,,200-4902,4902-200,200-4902|4902-200,generic.v1,PROFILE_MISSING,1,oem_product_list,/home/shebahati/KaZar/Product and Data Complete/اندازه گیری/اینسایز/لیست محصولات.pdf,tier1_3_registry_match,6973018c3eeaad81327c31084ff9185ac522573976edc678d4be2bd371d056bf,4902-200,BACKFILL_EXACT,
2039,4902-300,تراز صنعتی چهار گوش اینسایز (Insize) مدل 300-4902,4902-300,3,INSIZE | اینسایز,27,LEVEL,,300-4902,4902-300,300-4902|4902-300,generic.v1,PROFILE_MISSING,1,oem_product_list,/home/shebahati/KaZar/Product and Data Complete/اندازه گیری/اینسایز/لیست محصولات.pdf,tier1_3_registry_match,6973018c3eeaad81327c31084ff9185ac522573976edc678d4be2bd371d056bf,4902-300,BACKFILL_EXACT,
2040,4903-150,تراز صنعتی تخت اینسایز 15 سانتی (Insize) مدل 150-4903,4903-150,3,INSIZE | اینسایز,27,LEVEL,,150-4903,4903-150,150-4903|4903-150,generic.v1,PROFILE_MISSING,1,oem_product_list,/home/shebahati/KaZar/Product and Data Complete/اندازه گیری/اینسایز/لیست محصولات.pdf,tier1_3_registry_match,6973018c3eeaad81327c31084ff9185ac522573976edc678d4be2bd371d056bf,4903-150,BACKFILL_EXACT,
2041,4903-200,تراز صنعتی تخت 20 سانتی اینسایز (Insize) مدل 200-4903,4903-200,3,INSIZE | اینسایز,27,LEVEL,,200-4903,4903-200,200-4903|4903-200,generic.v1,PROFILE_MISSING,1,oem_product_list,/home/shebahati/KaZar/Product and Data Complete/اندازه گیری/اینسایز/لیست محصولات.pdf,tier1_3_registry_match,6973018c3eeaad81327c31084ff9185ac522573976edc678d4be2bd371d056bf,4903-200,BACKFILL_EXACT,
2042,4903-300,تراز صنعتی تخت 30 سانتی اینسایز (Insize) مدل 300-4903,4903-300,3,INSIZE | اینسایز,27,LEVEL,,300-4903,4903-300,300-4903|4903-300,generic.v1,PROFILE_MISSING,1,oem_product_list,/home/shebahati/KaZar/Product and Data Complete/اندازه گیری/اینسایز/لیست محصولات.pdf,tier1_3_registry_match,6973018c3eeaad81327c31084ff9185ac522573976edc678d4be2bd371d056bf,4903-300,BACKFILL_EXACT,
2043,4910-400,شیب سنج دیجیتال اینسایز (Insize) 40 سانت مدل 400-4910,4910-400,3,INSIZE | اینسایز,28,DIGITAL_LEVEL,,400-4910,4910-400,400-4910|4910-400,generic.v1,PROFILE_MISSING,1,oem_product_list,/home/shebahati/KaZar/Product and Data Complete/اندازه گیری/اینسایز/لیست محصولات.pdf,tier1_3_registry_match,6973018c3eeaad81327c31084ff9185ac522573976edc678d4be2bd371d056bf,4910-400,BACKFILL_EXACT,
2044,4910-600,شیب سنج دیجیتال اینسایز (Insize) 60 سانت مدل 600-4910,4910-600,3,INSIZE | اینسایز,28,DIGITAL_LEVEL,,600-4910,4910-600,600-4910|4910-600,generic.v1,PROFILE_MISSING,1,oem_product_list,/home/shebahati/KaZar/Product and Data Complete/اندازه گیری/اینسایز/لیست محصولات.pdf,tier1_3_registry_match,6973018c3eeaad81327c31084ff9185ac522573976edc678d4be2bd371d056bf,4910-600,BACKFILL_EXACT,
2045,4911-600,تراز اینسایز (Insize) 60 سانت آلومینیومی (بدون مگنت) مدل 600-4911,4911-600,3,INSIZE | اینسایز,27,LEVEL,,600-4911,4911-600,600-4911|4911-600,generic.v1,PROFILE_MISSING,1,oem_product_list,/home/shebahati/KaZar/Product and Data Complete/اندازه گیری/اینسایز/لیست محصولات.pdf,tier1_3_registry_match,6973018c3eeaad81327c31084ff9185ac522573976edc678d4be2bd371d056bf,4911-600,BACKFILL_EXACT,
2046,4912-100,تراز مگنتی 10سانت اینسایز مدل 4912-100,4912-100,3,INSIZE | اینسایز,27,LEVEL,,4912-100,4912-100,4912-100,generic.v1,PROFILE_MISSING,1,oem_product_list,/home/shebahati/KaZar/Product and Data Complete/اندازه گیری/اینسایز/لیست محصولات.pdf,tier1_3_registry_match,6973018c3eeaad81327c31084ff9185ac522573976edc678d4be2bd371d056bf,4912-100,BACKFILL_EXACT,
2047,4913-250,تراز مگنتی 25سانت اینسایز مدل 4913-250,4913-250,3,INSIZE | اینسایز,27,LEVEL,,4913-250,4913-250,4913-250,generic.v1,PROFILE_MISSING,1,oem_product_list,/home/shebahati/KaZar/Product and Data Complete/اندازه گیری/اینسایز/لیست محصولات.pdf,tier1_3_registry_match,6973018c3eeaad81327c31084ff9185ac522573976edc678d4be2bd371d056bf,4913-250,BACKFILL_EXACT,
2048,4918-300,تراز اینسایز (Insize) 30 سانت مگنت دار مدل 300-4918,4918-300,3,INSIZE | اینسایز,27,LEVEL,,300-4918,4918-300,300-4918|4918-300,generic.v1,PROFILE_MISSING,1,oem_product_list,/home/shebahati/KaZar/Product and Data Complete/اندازه گیری/اینسایز/لیست محصولات.pdf,tier1_3_registry_match,6973018c3eeaad81327c31084ff9185ac522573976edc678d4be2bd371d056bf,4918-300,BACKFILL_EXACT,
2049,4918-600,تراز اینسایز (Insize) 60 سانت مگنت دار مدل 600-4918,4918-600,3,INSIZE | اینسایز,27,LEVEL,,600-4918,4918-600,600-4918|4918-600,generic.v1,PROFILE_MISSING,1,oem_product_list,/home/shebahati/KaZar/Product and Data Complete/اندازه گیری/اینسایز/لیست محصولات.pdf,tier1_3_registry_match,6973018c3eeaad81327c31084ff9185ac522573976edc678d4be2bd371d056bf,4918-600,BACKFILL_EXACT,
2050,4921-230,تراز 3طرفه 23سانتی اینسایز مدل 4921-230,4921-230,3,INSIZE | اینسایز,27,LEVEL,,4921-230,4921-230,4921-230,generic.v1,PROFILE_MISSING,1,oem_product_list,/home/shebahati/KaZar/Product and Data Complete/اندازه گیری/اینسایز/لیست محصولات.pdf,tier1_3_registry_match,6973018c3eeaad81327c31084ff9185ac522573976edc678d4be2bd371d056bf,4921-230,BACKFILL_EXACT,
2051,4922-100,تراز 2طرفه دستی اینسایز مدل 4922-100,4922-100,3,INSIZE | اینسایز,27,LEVEL,,4922-100,4922-100,4922-100,generic.v1,PROFILE_MISSING,1,oem_product_list,/home/shebahati/KaZar/Product and Data Complete/اندازه گیری/اینسایز/لیست محصولات.pdf,tier1_3_registry_match,6973018c3eeaad81327c31084ff9185ac522573976edc678d4be2bd371d056bf,4922-100,BACKFILL_EXACT,
2052,4922-150,تراز 3طرفه دستی 15سانت اینسایز مدل 4922-150,4922-150,3,INSIZE | اینسایز,27,LEVEL,,4922-150,4922-150,4922-150,generic.v1,PROFILE_MISSING,1,oem_product_list,/home/shebahati/KaZar/Product and Data Complete/اندازه گیری/اینسایز/لیست محصولات.pdf,tier1_3_registry_match,6973018c3eeaad81327c31084ff9185ac522573976edc678d4be2bd371d056bf,4922-150,BACKFILL_EXACT,
2053,6202-100,پایه ساعت اینسایز مدل 6202-100,6202-100,3,INSIZE | اینسایز,,,,6202-100,6202-100,6202-100,generic.v1,PROFILE_MISSING,1,oem_product_list,/home/shebahati/KaZar/Product and Data Complete/اندازه گیری/اینسایز/لیست محصولات.pdf,tier1_3_registry_match,6973018c3eeaad81327c31084ff9185ac522573976edc678d4be2bd371d056bf,6202-100,BACKFILL_EXACT,
2054,6210-100,پایه ساعت مفصلی اینسایز مدل 6210-100,6210-100,3,INSIZE | اینسایز,,,,6210-100,6210-100,6210-100,generic.v1,PROFILE_MISSING,1,oem_product_list,/home/shebahati/KaZar/Product and Data Complete/اندازه گیری/اینسایز/لیست محصولات.pdf,tier1_3_registry_match,6973018c3eeaad81327c31084ff9185ac522573976edc678d4be2bd371d056bf,6210-100,BACKFILL_EXACT,
2055,6282-2001,رابط ساعت 1سانت اینسایز مدل 6282-2001,6282-2001,3,INSIZE | اینسایز,,,,6282-2001,6282-2001,6282-2001,generic.v1,PROFILE_MISSING,1,oem_product_list,/home/shebahati/KaZar/Product and Data Complete/اندازه گیری/اینسایز/لیست محصولات.pdf,tier1_3_registry_match,6973018c3eeaad81327c31084ff9185ac522573976edc678d4be2bd371d056bf,6282-2001,BACKFILL_EXACT,
2056,6282-2002,رابط ساعت 1/5سانت اینسایز مدل 6282-2002,6282-2002,3,INSIZE | اینسایز,,,,6282-2002,6282-2002,6282-2002,generic.v1,PROFILE_MISSING,1,oem_product_list,/home/shebahati/KaZar/Product and Data Complete/اندازه گیری/اینسایز/لیست محصولات.pdf,tier1_3_registry_match,6973018c3eeaad81327c31084ff9185ac522573976edc678d4be2bd371d056bf,6282-2002,BACKFILL_EXACT,
2057,6282-2003,رابط ساعت 2سانت اینسایز مدل 6282-2003,6282-2003,3,INSIZE | اینسایز,,,,6282-2003,6282-2003,6282-2003,generic.v1,PROFILE_MISSING,1,oem_product_list,/home/shebahati/KaZar/Product and Data Complete/اندازه گیری/اینسایز/لیست محصولات.pdf,tier1_3_registry_match,6973018c3eeaad81327c31084ff9185ac522573976edc678d4be2bd371d056bf,6282-2003,BACKFILL_EXACT,
2058,6282-2004,رابط ساعت 2/5سانت اینسایز مدل 6282-2004,6282-2004,3,INSIZE | اینسایز,,,,6282-2004,6282-2004,6282-2004,generic.v1,PROFILE_MISSING,1,oem_product_list,/home/shebahati/KaZar/Product and Data Complete/اندازه گیری/اینسایز/لیست محصولات.pdf,tier1_3_registry_match,6973018c3eeaad81327c31084ff9185ac522573976edc678d4be2bd371d056bf,6282-2004,BACKFILL_EXACT,
2059,6282-2005,رابط ساعت 3سانت اینسایز مدل 6282-2005,6282-2005,3,INSIZE | اینسایز,,,,6282-2005,6282-2005,6282-2005,generic.v1,PROFILE_MISSING,1,oem_product_list,/home/shebahati/KaZar/Product and Data Complete/اندازه گیری/اینسایز/لیست محصولات.pdf,tier1_3_registry_match,6973018c3eeaad81327c31084ff9185ac522573976edc678d4be2bd371d056bf,6282-2005,BACKFILL_EXACT,
2060,6282-2007,رابط ساعت 4سانت اینسایز مدل 6282-2007,6282-2007,3,INSIZE | اینسایز,,,,6282-2007,6282-2007,6282-2007,generic.v1,PROFILE_MISSING,1,oem_product_list,/home/shebahati/KaZar/Product and Data Complete/اندازه گیری/اینسایز/لیست محصولات.pdf,tier1_3_registry_match,6973018c3eeaad81327c31084ff9185ac522573976edc678d4be2bd371d056bf,6282-2007,BACKFILL_EXACT,
2061,6282-2009,رابط ساعت 5سانت اینسایز مدل 6282-2009,6282-2009,3,INSIZE | اینسایز,,,,6282-2009,6282-2009,6282-2009,generic.v1,PROFILE_MISSING,1,oem_product_list,/home/shebahati/KaZar/Product and Data Complete/اندازه گیری/اینسایز/لیست محصولات.pdf,tier1_3_registry_match,6973018c3eeaad81327c31084ff9185ac522573976edc678d4be2bd371d056bf,6282-2009,BACKFILL_EXACT,
2062,6282-2013,رابط ساعت 7سانت اینسایز مدل 6282-2013,6282-2013,3,INSIZE | اینسایز,,,,6282-2013,6282-2013,6282-2013,generic.v1,PROFILE_MISSING,1,oem_product_list,/home/shebahati/KaZar/Product and Data Complete/اندازه گیری/اینسایز/لیست محصولات.pdf,tier1_3_registry_match,6973018c3eeaad81327c31084ff9185ac522573976edc678d4be2bd371d056bf,6282-2013,BACKFILL_EXACT,
2063,6282-2017,رابط ساعت 10سانت اینسایز مدل 6282-2017,6282-2017,3,INSIZE | اینسایز,,,,6282-2017,6282-2017,6282-2017,generic.v1,PROFILE_MISSING,1,oem_product_list,/home/shebahati/KaZar/Product and Data Complete/اندازه گیری/اینسایز/لیست محصولات.pdf,tier1_3_registry_match,6973018c3eeaad81327c31084ff9185ac522573976edc678d4be2bd371d056bf,6282-2017,BACKFILL_EXACT,
2064,6511-241,پارالل گیج اینسایز (Insize) مدل 241-6511,6511-241,3,INSIZE | اینسایز,,,,241-6511,6511-241,241-6511|6511-241,generic.v1,PROFILE_MISSING,1,oem_product_list,/home/shebahati/KaZar/Product and Data Complete/اندازه گیری/اینسایز/لیست محصولات.pdf,tier1_3_registry_match,6973018c3eeaad81327c31084ff9185ac522573976edc678d4be2bd371d056bf,6511-241,BACKFILL_EXACT,
2065,6520-102,گیره دقیق اینسایز (Insize) 0-102 مدل 102-6520,6520-102,3,INSIZE | اینسایز,44,PRECISION_VISE,,102-6520,6520-102,102-6520|6520-102,generic.v1,PROFILE_MISSING,1,oem_product_list,/home/shebahati/KaZar/Product and Data Complete/اندازه گیری/اینسایز/لیست محصولات.pdf,tier1_3_registry_match,6973018c3eeaad81327c31084ff9185ac522573976edc678d4be2bd371d056bf,6520-102,BACKFILL_EXACT,
2066,6801-1201,وی بلوک مگنتی اینسایز (Insize) 95*70*80 میلیمتر مدل 1201-6801,6801-1201,3,INSIZE | اینسایز,37,V_BLOCK,,1201-6801,6801-1201,1201-6801|6801-1201,generic.v1,PROFILE_MISSING,1,oem_product_list,/home/shebahati/KaZar/Product and Data Complete/اندازه گیری/اینسایز/لیست محصولات.pdf,tier1_3_registry_match,6973018c3eeaad81327c31084ff9185ac522573976edc678d4be2bd371d056bf,6801-1201,BACKFILL_EXACT,
2067,6801-1202,وی بلوک مگنتی اینسایز (Insize) 95*70*100 میلیمتر مدل 1202-6801,6801-1202,3,INSIZE | اینسایز,37,V_BLOCK,,1202-6801,6801-1202,1202-6801|6801-1202,generic.v1,PROFILE_MISSING,1,oem_product_list,/home/shebahati/KaZar/Product and Data Complete/اندازه گیری/اینسایز/لیست محصولات.pdf,tier1_3_registry_match,6973018c3eeaad81327c31084ff9185ac522573976edc678d4be2bd371d056bf,6801-1202,BACKFILL_EXACT,
2068,6862-1002,پایه ساعت اینسایز (Insize) مدل 1002-6862,6862-1002,3,INSIZE | اینسایز,,,,1002-6862,6862-1002,1002-6862|6862-1002,generic.v1,PROFILE_MISSING,1,oem_product_list,/home/shebahati/KaZar/Product and Data Complete/اندازه گیری/اینسایز/لیست محصولات.pdf,tier1_3_registry_match,6973018c3eeaad81327c31084ff9185ac522573976edc678d4be2bd371d056bf,6862-1002,BACKFILL_EXACT,
2069,6866-150,پایه ساعت گرانیتی اینسایز (Insize) مدل 150-6866,6866-150,3,INSIZE | اینسایز,,,,150-6866,6866-150,150-6866|6866-150,generic.v1,PROFILE_MISSING,1,oem_product_list,/home/shebahati/KaZar/Product and Data Complete/اندازه گیری/اینسایز/لیست محصولات.pdf,tier1_3_registry_match,6973018c3eeaad81327c31084ff9185ac522573976edc678d4be2bd371d056bf,6866-150,BACKFILL_EXACT,
2070,6890-702,میلیمتر اینسایز مدل 6890-702,6890-702,3,INSIZE | اینسایز,37,V_BLOCK,,6890-702,6890-702,6890-702,generic.v1,PROFILE_MISSING,1,oem_product_list,/home/shebahati/KaZar/Product and Data Complete/اندازه گیری/اینسایز/لیست محصولات.pdf,tier1_3_registry_match,6973018c3eeaad81327c31084ff9185ac522573976edc678d4be2bd371d056bf,6890-702,BACKFILL_EXACT,
2071,6900-132,صفحه صافی گرانیتی اینسایز (Insize) مدل 132-6900,6900-132,3,INSIZE | اینسایز,45,SURFACE_PLATE,,132-6900,6900-132,132-6900|6900-132,generic.v1,PROFILE_MISSING,1,oem_product_list,/home/shebahati/KaZar/Product and Data Complete/اندازه گیری/اینسایز/لیست محصولات.pdf,tier1_3_registry_match,6973018c3eeaad81327c31084ff9185ac522573976edc678d4be2bd371d056bf,6900-132,BACKFILL_EXACT,
2072,6900-142,صفحه صافی گرانیتی اینسایز (Insize) 250-400 میلی‌ متر مدل 142-6900,6900-142,3,INSIZE | اینسایز,45,SURFACE_PLATE,,142-6900,6900-142,142-6900|6900-142,generic.v1,PROFILE_MISSING,1,oem_product_list,/home/shebahati/KaZar/Product and Data Complete/اندازه گیری/اینسایز/لیست محصولات.pdf,tier1_3_registry_match,6973018c3eeaad81327c31084ff9185ac522573976edc678d4be2bd371d056bf,6900-142,BACKFILL_EXACT,
2073,6900-153,صفحه صافی گرانیت 70*315*500 میلی متری اینسایز (insize) مدل 153-6900,6900-153,3,INSIZE | اینسایز,45,SURFACE_PLATE,,153-6900,6900-153,153-6900|6900-153,generic.v1,PROFILE_MISSING,1,oem_product_list,/home/shebahati/KaZar/Product and Data Complete/اندازه گیری/اینسایز/لیست محصولات.pdf,tier1_3_registry_match,6973018c3eeaad81327c31084ff9185ac522573976edc678d4be2bd371d056bf,6900-153,BACKFILL_EXACT,
2074,6900-164,صفحه صافی گرانیت 80*400*630 میلی متری اینسایز (insize) مدل 164-6900,6900-164,3,INSIZE | اینسایز,45,SURFACE_PLATE,,164-6900,6900-164,164-6900|6900-164,generic.v1,PROFILE_MISSING,1,oem_product_list,/home/shebahati/KaZar/Product and Data Complete/اندازه گیری/اینسایز/لیست محصولات.pdf,tier1_3_registry_match,6973018c3eeaad81327c31084ff9185ac522573976edc678d4be2bd371d056bf,6900-164,BACKFILL_EXACT,
2075,6900-185,صفحه صافی گرانیت 100*500*800 میلی متری اینسایز (insize) مدل 185-6900,6900-185,3,INSIZE | اینسایز,45,SURFACE_PLATE,,185-6900,6900-185,185-6900|6900-185,generic.v1,PROFILE_MISSING,1,oem_product_list,/home/shebahati/KaZar/Product and Data Complete/اندازه گیری/اینسایز/لیست محصولات.pdf,tier1_3_registry_match,6973018c3eeaad81327c31084ff9185ac522573976edc678d4be2bd371d056bf,6900-185,BACKFILL_EXACT,
2076,6902-106,میز صفحه صافی 140*630*1000 اینسایز (Insize) مدل 106-6902,6902-106,3,INSIZE | اینسایز,,,,106-6902,6902-106,106-6902|6902-106,generic.v1,PROFILE_MISSING,1,oem_product_list,/home/shebahati/KaZar/Product and Data Complete/اندازه گیری/اینسایز/لیست محصولات.pdf,tier1_3_registry_match,6973018c3eeaad81327c31084ff9185ac522573976edc678d4be2bd371d056bf,6902-106,BACKFILL_EXACT,
2077,7110-150,خط کش فلزی 15 سانتی اینسایز (Insize) مدل 150-7110,7110-150,3,INSIZE | اینسایز,29,STEEL_RULE,,150-7110,7110-150,150-7110|7110-150,generic.v1,PROFILE_MISSING,1,oem_product_list,/home/shebahati/KaZar/Product and Data Complete/اندازه گیری/اینسایز/لیست محصولات.pdf,tier1_3_registry_match,6973018c3eeaad81327c31084ff9185ac522573976edc678d4be2bd371d056bf,7110-150,BACKFILL_EXACT,
2078,7110-200,خط کش فلزی 20 سانتی اینسایز (Insize) مدل 200-7110,7110-200,3,INSIZE | اینسایز,29,STEEL_RULE,,200-7110,7110-200,200-7110|7110-200,generic.v1,PROFILE_MISSING,1,oem_product_list,/home/shebahati/KaZar/Product and Data Complete/اندازه گیری/اینسایز/لیست محصولات.pdf,tier1_3_registry_match,6973018c3eeaad81327c31084ff9185ac522573976edc678d4be2bd371d056bf,7110-200,BACKFILL_EXACT,
2079,7110-300,خط کش فلزی 30 سانتی اینسایز (Insize) مدل 300-7110,7110-300,3,INSIZE | اینسایز,29,STEEL_RULE,,300-7110,7110-300,300-7110|7110-300,generic.v1,PROFILE_MISSING,1,oem_product_list,/home/shebahati/KaZar/Product and Data Complete/اندازه گیری/اینسایز/لیست محصولات.pdf,tier1_3_registry_match,6973018c3eeaad81327c31084ff9185ac522573976edc678d4be2bd371d056bf,7110-300,BACKFILL_EXACT,
2080,7110-500,خط کش استن استیل 50سانت اینسایز مدل 7110-500,7110-500,3,INSIZE | اینسایز,29,STEEL_RULE,,7110-500,7110-500,7110-500,generic.v1,PROFILE_MISSING,1,oem_product_list,/home/shebahati/KaZar/Product and Data Complete/اندازه گیری/اینسایز/لیست محصولات.pdf,tier1_3_registry_match,6973018c3eeaad81327c31084ff9185ac522573976edc678d4be2bd371d056bf,7110-500,BACKFILL_EXACT,
2081,7110-600,خط کش استن استیل 60سانت اینسایز مدل 7110-600,7110-600,3,INSIZE | اینسایز,29,STEEL_RULE,,7110-600,7110-600,7110-600,generic.v1,PROFILE_MISSING,1,oem_product_list,/home/shebahati/KaZar/Product and Data Complete/اندازه گیری/اینسایز/لیست محصولات.pdf,tier1_3_registry_match,6973018c3eeaad81327c31084ff9185ac522573976edc678d4be2bd371d056bf,7110-600,BACKFILL_EXACT,
2082,7111-300,خط کش تاب سیلندر اینسایز (Insize) 30 سانت مدل 300-7111,7111-300,3,INSIZE | اینسایز,,,,300-7111,7111-300,300-7111|7111-300,generic.v1,PROFILE_MISSING,1,oem_product_list,/home/shebahati/KaZar/Product and Data Complete/اندازه گیری/اینسایز/لیست محصولات.pdf,tier1_3_registry_match,6973018c3eeaad81327c31084ff9185ac522573976edc678d4be2bd371d056bf,7111-300,BACKFILL_EXACT,
2083,7111-500,خط کش تاپ سیلندر 50 سانتی متری اینسایز (Insize) مدل 500-7111,7111-500,3,INSIZE | اینسایز,,,,500-7111,7111-500,500-7111|7111-500,generic.v1,PROFILE_MISSING,1,oem_product_list,/home/shebahati/KaZar/Product and Data Complete/اندازه گیری/اینسایز/لیست محصولات.pdf,tier1_3_registry_match,6973018c3eeaad81327c31084ff9185ac522573976edc678d4be2bd371d056bf,7111-500,BACKFILL_EXACT,
2084,7114-950,سیرکومتر قطر لوله 20 - 300 — 0-950mm,7114-950,3,INSIZE | اینسایز,30,MEASURING_TAPE,,,7114-950,7114-950,generic.v1,PROFILE_MISSING,1,oem_product_list,/home/shebahati/KaZar/Product and Data Complete/اندازه گیری/اینسایز/لیست محصولات.pdf,tier1_3_registry_match,6973018c3eeaad81327c31084ff9185ac522573976edc678d4be2bd371d056bf,7114-950,BACKFILL_EXACT,
2085,7120-200,کولیس خط کش اینسایز (Insize) 20 سانتی متر مدل 200-7120,7120-200,3,INSIZE | اینسایز,,,,200-7120,7120-200,200-7120|7120-200,generic.v1,PROFILE_MISSING,1,oem_product_list,/home/shebahati/KaZar/Product and Data Complete/اندازه گیری/اینسایز/لیست محصولات.pdf,tier1_3_registry_match,6973018c3eeaad81327c31084ff9185ac522573976edc678d4be2bd371d056bf,7120-200,BACKFILL_EXACT,
2086,7139-100,خط کش نواری 1متر باریک اینسایز مدل 7139-100,7139-100,3,INSIZE | اینسایز,29,STEEL_RULE,,7139-100,7139-100,7139-100,generic.v1,PROFILE_MISSING,1,oem_product_list,/home/shebahati/KaZar/Product and Data Complete/اندازه گیری/اینسایز/لیست محصولات.pdf,tier1_3_registry_match,6973018c3eeaad81327c31084ff9185ac522573976edc678d4be2bd371d056bf,7139-100,BACKFILL_EXACT,
2087,7202-200,کولیس خط کش اینسایز (Insize) 20 سانتی متر مدل 200-7202,7202-200,3,INSIZE | اینسایز,,,,200-7202,7202-200,200-7202|7202-200,generic.v1,PROFILE_MISSING,1,oem_product_list,/home/shebahati/KaZar/Product and Data Complete/اندازه گیری/اینسایز/لیست محصولات.pdf,tier1_3_registry_match,6973018c3eeaad81327c31084ff9185ac522573976edc678d4be2bd371d056bf,7202-200,BACKFILL_EXACT,
2088,7205-200,گونیا مرکز یاب اینسایز (Insize) مدل 200-7205,7205-200,3,INSIZE | اینسایز,47,CENTER_SQUARE,,200-7205,7205-200,200-7205|7205-200,generic.v1,PROFILE_MISSING,1,oem_product_list,/home/shebahati/KaZar/Product and Data Complete/اندازه گیری/اینسایز/لیست محصولات.pdf,tier1_3_registry_match,6973018c3eeaad81327c31084ff9185ac522573976edc678d4be2bd371d056bf,7205-200,BACKFILL_EXACT,
2089,7247-150,پرگار مستقیم 15سانت اینسایز مدل 7247-150,7247-150,3,INSIZE | اینسایز,41,DIVIDER,,7247-150,7247-150,7247-150,generic.v1,PROFILE_MISSING,1,oem_product_list,/home/shebahati/KaZar/Product and Data Complete/اندازه گیری/اینسایز/لیست محصولات.pdf,tier1_3_registry_match,6973018c3eeaad81327c31084ff9185ac522573976edc678d4be2bd371d056bf,7247-150,BACKFILL_EXACT,
2090,7247-200,پرگار مستقیم 20سانت اینسایز مدل 7247-200,7247-200,3,INSIZE | اینسایز,41,DIVIDER,,7247-200,7247-200,7247-200,generic.v1,PROFILE_MISSING,1,oem_product_list,/home/shebahati/KaZar/Product and Data Complete/اندازه گیری/اینسایز/لیست محصولات.pdf,tier1_3_registry_match,6973018c3eeaad81327c31084ff9185ac522573976edc678d4be2bd371d056bf,7247-200,BACKFILL_EXACT,
2091,7247-300,پرگار مستقیم 30سانت اینسایز مدل 7247-300,7247-300,3,INSIZE | اینسایز,41,DIVIDER,,7247-300,7247-300,7247-300,generic.v1,PROFILE_MISSING,1,oem_product_list,/home/shebahati/KaZar/Product and Data Complete/اندازه گیری/اینسایز/لیست محصولات.pdf,tier1_3_registry_match,6973018c3eeaad81327c31084ff9185ac522573976edc678d4be2bd371d056bf,7247-300,BACKFILL_EXACT,
2092,7261-150,پرگار داخل 15سانت اینسایز مدل 7261-150,7261-150,3,INSIZE | اینسایز,41,DIVIDER,,7261-150,7261-150,7261-150,generic.v1,PROFILE_MISSING,1,oem_product_list,/home/shebahati/KaZar/Product and Data Complete/اندازه گیری/اینسایز/لیست محصولات.pdf,tier1_3_registry_match,6973018c3eeaad81327c31084ff9185ac522573976edc678d4be2bd371d056bf,7261-150,BACKFILL_EXACT,
2093,7261-200,پرگار داخل 20سانت اینسایز مدل 7261-200,7261-200,3,INSIZE | اینسایز,41,DIVIDER,,7261-200,7261-200,7261-200,generic.v1,PROFILE_MISSING,1,oem_product_list,/home/shebahati/KaZar/Product and Data Complete/اندازه گیری/اینسایز/لیست محصولات.pdf,tier1_3_registry_match,6973018c3eeaad81327c31084ff9185ac522573976edc678d4be2bd371d056bf,7261-200,BACKFILL_EXACT,
2094,7261-300,پرگار داخل 30سانت اینسایز مدل 7261-300,7261-300,3,INSIZE | اینسایز,41,DIVIDER,,7261-300,7261-300,7261-300,generic.v1,PROFILE_MISSING,1,oem_product_list,/home/shebahati/KaZar/Product and Data Complete/اندازه گیری/اینسایز/لیست محصولات.pdf,tier1_3_registry_match,6973018c3eeaad81327c31084ff9185ac522573976edc678d4be2bd371d056bf,7261-300,BACKFILL_EXACT,
2095,7262-150,پرگار خارج 15سانت اینسایز مدل 7262-150,7262-150,3,INSIZE | اینسایز,41,DIVIDER,,7262-150,7262-150,7262-150,generic.v1,PROFILE_MISSING,1,oem_product_list,/home/shebahati/KaZar/Product and Data Complete/اندازه گیری/اینسایز/لیست محصولات.pdf,tier1_3_registry_match,6973018c3eeaad81327c31084ff9185ac522573976edc678d4be2bd371d056bf,7262-150,BACKFILL_EXACT,
2096,7262-200,پرگار خارج 20سانت اینسایز مدل 7262-200,7262-200,3,INSIZE | اینسایز,41,DIVIDER,,7262-200,7262-200,7262-200,generic.v1,PROFILE_MISSING,1,oem_product_list,/home/shebahati/KaZar/Product and Data Complete/اندازه گیری/اینسایز/لیست محصولات.pdf,tier1_3_registry_match,6973018c3eeaad81327c31084ff9185ac522573976edc678d4be2bd371d056bf,7262-200,BACKFILL_EXACT,
2097,7262-300,پرگار خارج 30سانت اینسایز مدل 7262-300,7262-300,3,INSIZE | اینسایز,41,DIVIDER,,7262-300,7262-300,7262-300,generic.v1,PROFILE_MISSING,1,oem_product_list,/home/shebahati/KaZar/Product and Data Complete/اندازه گیری/اینسایز/لیست محصولات.pdf,tier1_3_registry_match,6973018c3eeaad81327c31084ff9185ac522573976edc678d4be2bd371d056bf,7262-300,BACKFILL_EXACT,
2098,7350-160,ست رابط گیج داخل سیلندر 160-50 میلی متری اینسایز (Insize) مدل 160-7350,7350-160,3,INSIZE | اینسایز,,,,160-7350,7350-160,160-7350|7350-160,generic.v1,PROFILE_MISSING,1,oem_product_list,/home/shebahati/KaZar/Product and Data Complete/اندازه گیری/اینسایز/لیست محصولات.pdf,tier1_3_registry_match,6973018c3eeaad81327c31084ff9185ac522573976edc678d4be2bd371d056bf,7350-160,BACKFILL_EXACT,
2099,7522-610,ذره بین دو لنزه اینسایز مدل 7522-610,7522-610,3,INSIZE | اینسایز,,,,7522-610,7522-610,7522-610,generic.v1,PROFILE_MISSING,1,oem_product_list,/home/shebahati/KaZar/Product and Data Complete/اندازه گیری/اینسایز/لیست محصولات.pdf,tier1_3_registry_match,6973018c3eeaad81327c31084ff9185ac522573976edc678d4be2bd371d056bf,7522-610,BACKFILL_EXACT,
2100,8601-100,ترازو دیجیتال اینسایز (Insize) 0.1-100g مدل 100-8601,8601-100,3,INSIZE | اینسایز,,,,100-8601,8601-100,100-8601|8601-100,generic.v1,PROFILE_MISSING,1,oem_product_list,/home/shebahati/KaZar/Product and Data Complete/اندازه گیری/اینسایز/لیست محصولات.pdf,tier1_3_registry_match,6973018c3eeaad81327c31084ff9185ac522573976edc678d4be2bd371d056bf,8601-100,BACKFILL_EXACT,
2101,8602-200,ترازو دیجیتال 0.2گرم تا 200گرم اینسایز مدل 8602-200,8602-200,3,INSIZE | اینسایز,40,DIGITAL_SCALE,,8602-200,8602-200,8602-200,generic.v1,PROFILE_MISSING,1,oem_product_list,/home/shebahati/KaZar/Product and Data Complete/اندازه گیری/اینسایز/لیست محصولات.pdf,tier1_3_registry_match,6973018c3eeaad81327c31084ff9185ac522573976edc678d4be2bd371d056bf,8602-200,BACKFILL_EXACT,
2102,9225-405,تاکومتر ( دور سنج ) اینسایز مدل 9225-405,9225-405,3,INSIZE | اینسایز,62,TACHOMETER,,9225-405,9225-405,9225-405,generic.v1,PROFILE_MISSING,1,oem_product_list,/home/shebahati/KaZar/Product and Data Complete/اندازه گیری/اینسایز/لیست محصولات.pdf,tier1_3_registry_match,6973018c3eeaad81327c31084ff9185ac522573976edc678d4be2bd371d056bf,9225-405,BACKFILL_EXACT,
2103,9247-190,مولتی متر هوشمند دیجیتال اینسایز مدل 9247-190,9247-190,3,INSIZE | اینسایز,65,DIGITAL_MULTIMETER,,9247-190,9247-190,9247-190,generic.v1,PROFILE_MISSING,1,oem_product_list,/home/shebahati/KaZar/Product and Data Complete/اندازه گیری/اینسایز/لیست محصولات.pdf,tier1_3_registry_match,6973018c3eeaad81327c31084ff9185ac522573976edc678d4be2bd371d056bf,9247-190,BACKFILL_EXACT,
2104,9351-130,صوت سنج دیجیتالی اینسایز (Insize) 30 – 130 دسی بل مدل 130-9351,9351-130,3,INSIZE | اینسایز,,,,130-9351,9351-130,130-9351|9351-130,generic.v1,PROFILE_MISSING,1,oem_product_list,/home/shebahati/KaZar/Product and Data Complete/اندازه گیری/اینسایز/لیست محصولات.pdf,tier1_3_registry_match,6973018c3eeaad81327c31084ff9185ac522573976edc678d4be2bd371d056bf,9351-130,BACKFILL_EXACT,
2105,9721-250,تستر ولتاژ دیجیتالی اینسایز (Insize) مدل 250-9721,9721-250,3,INSIZE | اینسایز,66,VOLTAGE_TESTER,,250-9721,9721-250,250-9721|9721-250,generic.v1,PROFILE_MISSING,1,oem_product_list,/home/shebahati/KaZar/Product and Data Complete/اندازه گیری/اینسایز/لیست محصولات.pdf,tier1_3_registry_match,6973018c3eeaad81327c31084ff9185ac522573976edc678d4be2bd371d056bf,9721-250,BACKFILL_EXACT,
2106,9722-250,فاز متر اینسایز مدل 9722-250,9722-250,3,INSIZE | اینسایز,66,VOLTAGE_TESTER,,9722-250,9722-250,9722-250,generic.v1,PROFILE_MISSING,1,oem_product_list,/home/shebahati/KaZar/Product and Data Complete/اندازه گیری/اینسایز/لیست محصولات.pdf,tier1_3_registry_match,6973018c3eeaad81327c31084ff9185ac522573976edc678d4be2bd371d056bf,9722-250,BACKFILL_EXACT,
2107,9723-400,تستر ولتاژ دیجیتالی اینسایز مدل 9723-400,9723-400,3,INSIZE | اینسایز,,,,9723-400,9723-400,9723-400,generic.v1,PROFILE_MISSING,1,oem_product_list,/home/shebahati/KaZar/Product and Data Complete/اندازه گیری/اینسایز/لیست محصولات.pdf,tier1_3_registry_match,6973018c3eeaad81327c31084ff9185ac522573976edc678d4be2bd371d056bf,9723-400,BACKFILL_EXACT,
3468,1201-1003,کولیس اینسایز (Insize) 10 سانتی متر مدل 1003-1201,کولیس-اینسایز-insize-10-سانتی-متر-مدل-1003-1201,3,INSIZE | اینسایز,1,GEN_CALIPER,,1003-1201,1201-1003,1003-1201|1201-1003,generic.v1,PROFILE_MISSING,1,oem_product_list,/home/shebahati/KaZar/Product and Data Complete/اندازه گیری/اینسایز/لیست محصولات.pdf,tier1_3_registry_match,6973018c3eeaad81327c31084ff9185ac522573976edc678d4be2bd371d056bf,1201-1003,BACKFILL_EXACT,
3469,1204-70,کولیس اینسایز (Insize) 7 سانتی متر مدل 70-1204,کولیس-اینسایز-insize-7-سانتی-متر-مدل-70-1204,3,INSIZE | اینسایز,1,GEN_CALIPER,,70-1204,1204-70,70-1204|1204-70,generic.v1,PROFILE_MISSING,1,oem_product_list,/home/shebahati/KaZar/Product and Data Complete/اندازه گیری/اینسایز/لیست محصولات.pdf,tier1_3_registry_match,6973018c3eeaad81327c31084ff9185ac522573976edc678d4be2bd371d056bf,1204-70,BACKFILL_EXACT,
3470,1205-1502,کولیس اینسایز (Insize) 15 سانتی متر مدل 1502-1205,کولیس-اینسایز-insize-15-سانتی-متر-مدل-1502-1205,3,INSIZE | اینسایز,1,GEN_CALIPER,,1502-1205,1205-1502,1502-1205|1205-1502,generic.v1,PROFILE_MISSING,1,oem_product_list,/home/shebahati/KaZar/Product and Data Complete/اندازه گیری/اینسایز/لیست محصولات.pdf,tier1_3_registry_match,6973018c3eeaad81327c31084ff9185ac522573976edc678d4be2bd371d056bf,1205-1502,BACKFILL_EXACT,
3471,1111-75,کولیس دیجیتال اینسایز (Insize) 7.5 سانتی متر مدل 75-1111,کولیس-دیجیتال-اینسایز-insize-75-سانتی-متر-مدل-75-1111,3,INSIZE | اینسایز,1,GEN_CALIPER,,75-1111,1111-75,75-1111|1111-75,generic.v1,PROFILE_MISSING,1,oem_product_list,/home/shebahati/KaZar/Product and Data Complete/اندازه گیری/اینسایز/لیست محصولات.pdf,tier1_3_registry_match,6973018c3eeaad81327c31084ff9185ac522573976edc678d4be2bd371d056bf,1111-75,BACKFILL_EXACT,
3472,1205-2002,کولیس اینسایز (Insize) 20 سانتی متر مدل 2002-1205,کولیس-اینسایز-insize-20-سانتی-متر-مدل-2002-1205,3,INSIZE | اینسایز,1,GEN_CALIPER,,2002-1205,1205-2002,2002-1205|1205-2002,generic.v1,PROFILE_MISSING,1,oem_product_list,/home/shebahati/KaZar/Product and Data Complete/اندازه گیری/اینسایز/لیست محصولات.pdf,tier1_3_registry_match,6973018c3eeaad81327c31084ff9185ac522573976edc678d4be2bd371d056bf,1205-2002,BACKFILL_EXACT,
3473,1205-3002,کولیس اینسایز (Insize) 30 سانتی متر مدل 3002-1205,کولیس-اینسایز-insize-30-سانتی-متر-مدل-3002-1205,3,INSIZE | اینسایز,1,GEN_CALIPER,,3002-1205,1205-3002,3002-1205|1205-3002,generic.v1,PROFILE_MISSING,1,oem_product_list,/home/shebahati/KaZar/Product and Data Complete/اندازه گیری/اینسایز/لیست محصولات.pdf,tier1_3_registry_match,6973018c3eeaad81327c31084ff9185ac522573976edc678d4be2bd371d056bf,1205-3002,BACKFILL_EXACT,
3474,1106-1002,کولیس دیجیتال اینسایز (Insize) 1 متری مدل 1002-1106,کولیس-دیجیتال-اینسایز-insize-1-متری-مدل-1002-1106,3,INSIZE | اینسایز,1,GEN_CALIPER,,1002-1106,1106-1002,1002-1106|1106-1002,generic.v1,PROFILE_MISSING,1,oem_product_list,/home/shebahati/KaZar/Product and Data Complete/اندازه گیری/اینسایز/لیست محصولات.pdf,tier1_3_registry_match,6973018c3eeaad81327c31084ff9185ac522573976edc678d4be2bd371d056bf,1106-1002,BACKFILL_EXACT,
3475,1214-1000,کولیس اینسایز (Insize) 1 متری مدل 1000-1214,کولیس-اینسایز-insize-1-متری-مدل-1000-1214,3,INSIZE | اینسایز,1,GEN_CALIPER,,1000-1214,1214-1000,1000-1214|1214-1000,generic.v1,PROFILE_MISSING,1,oem_product_list,/home/shebahati/KaZar/Product and Data Complete/اندازه گیری/اینسایز/لیست محصولات.pdf,tier1_3_registry_match,6973018c3eeaad81327c31084ff9185ac522573976edc678d4be2bd371d056bf,1214-1000,BACKFILL_EXACT,
3476,1214-1500,کولیس اینسایز (Insize) 1.5 متری مدل 1500-1214,کولیس-اینسایز-insize-15-متری-مدل-1500-1214,3,INSIZE | اینسایز,1,GEN_CALIPER,,1500-1214,1214-1500,1500-1214|1214-1500,generic.v1,PROFILE_MISSING,1,oem_product_list,/home/shebahati/KaZar/Product and Data Complete/اندازه گیری/اینسایز/لیست محصولات.pdf,tier1_3_registry_match,6973018c3eeaad81327c31084ff9185ac522573976edc678d4be2bd371d056bf,1214-1500,BACKFILL_EXACT,
3478,1106-2003,کولیس دیجیتال 2 متری اینسایز (Insize) مدل 2003-1106,کولیس-دیجیتال-2-متری-اینسایز-insize-مدل-2003-1106,3,INSIZE | اینسایز,1,GEN_CALIPER,,2003-1106,1106-2003,2003-1106|1106-2003,generic.v1,PROFILE_MISSING,1,oem_product_list,/home/shebahati/KaZar/Product and Data Complete/اندازه گیری/اینسایز/لیست محصولات.pdf,tier1_3_registry_match,6973018c3eeaad81327c31084ff9185ac522573976edc678d4be2bd371d056bf,1106-2003,BACKFILL_EXACT,
3479,1106-1502,کولیس دیجیتال اینسایز (insize) 1.5 متری مدل 1502-1106,کولیس-دیجیتال-اینسایز-insize-15-متری-مدل-1502-1106,3,INSIZE | اینسایز,1,GEN_CALIPER,,1502-1106,1106-1502,1502-1106|1106-1502,generic.v1,PROFILE_MISSING,1,oem_product_list,/home/shebahati/KaZar/Product and Data Complete/اندازه گیری/اینسایز/لیست محصولات.pdf,tier1_3_registry_match,6973018c3eeaad81327c31084ff9185ac522573976edc678d4be2bd371d056bf,1106-1502,BACKFILL_EXACT,
3481,2307-1,ساعت اینچی اندیکاتور اینسایز (Insize) مدل 1-2307,ساعت-اینچی-اندیکاتور-اینسایز-insize-مدل-1-2307,3,INSIZE | اینسایز,17,DIAL_INDICATOR,,1-2307,2307-1,1-2307|2307-1,generic.v1,PROFILE_MISSING,1,oem_product_list,/home/shebahati/KaZar/Product and Data Complete/اندازه گیری/اینسایز/لیست محصولات.pdf,tier1_3_registry_match,6973018c3eeaad81327c31084ff9185ac522573976edc678d4be2bd371d056bf,2307-1,BACKFILL_EXACT,
3482,2307-025,ساعت اینچی اندیکاتور اینسایز (Insize) مدل 025-2307,ساعت-اینچی-اندیکاتور-اینسایز-insize-مدل-025-2307,3,INSIZE | اینسایز,17,DIAL_INDICATOR,,025-2307,2307-025,025-2307|2307-025,generic.v1,PROFILE_MISSING,1,oem_product_list,/home/shebahati/KaZar/Product and Data Complete/اندازه گیری/اینسایز/لیست محصولات.pdf,tier1_3_registry_match,6973018c3eeaad81327c31084ff9185ac522573976edc678d4be2bd371d056bf,2307-025,BACKFILL_EXACT,
3483,2308-10,ساعت اندیکاتور اینسایز (Insize) مدل 10-2308,ساعت-اندیکاتور-اینسایز-insize-مدل-10-2308,3,INSIZE | اینسایز,17,DIAL_INDICATOR,,10-2308,2308-10,10-2308|2308-10,generic.v1,PROFILE_MISSING,1,oem_product_list,/home/shebahati/KaZar/Product and Data Complete/اندازه گیری/اینسایز/لیست محصولات.pdf,tier1_3_registry_match,6973018c3eeaad81327c31084ff9185ac522573976edc678d4be2bd371d056bf,2308-10,BACKFILL_EXACT,
3484,2315-05,ساعت اینچی اندیکاتور اینسایز (insize) مدل 05-2315,ساعت-اینچی-اندیکاتور-اینسایز-insize-مدل-05-2315,3,INSIZE | اینسایز,,,,05-2315,2315-05,05-2315|2315-05,generic.v1,PROFILE_MISSING,1,oem_product_list,/home/shebahati/KaZar/Product and Data Complete/اندازه گیری/اینسایز/لیست محصولات.pdf,tier1_3_registry_match,6973018c3eeaad81327c31084ff9185ac522573976edc678d4be2bd371d056bf,2315-05,BACKFILL_EXACT,
3485,2170-1,تراز (شیب‌سنج) دیجیتال اینسایز (Insize) مدل 1-2170,تراز-شیبسنج-دیجیتال-اینسایز-insize-مدل-1-2170,3,INSIZE | اینسایز,20,PROTRACTOR,,1-2170,2170-1,1-2170|2170-1,generic.v1,PROFILE_MISSING,1,oem_product_list,/home/shebahati/KaZar/Product and Data Complete/اندازه گیری/اینسایز/لیست محصولات.pdf,tier1_3_registry_match,6973018c3eeaad81327c31084ff9185ac522573976edc678d4be2bd371d056bf,2170-1,BACKFILL_EXACT,
3486,4100-2122,گیج بلوک (راپورتر) 122 پارچه اینسایز (Insize) مدل 2122-4100,گیج-بلوک-راپورتر-122-پارچه-اینسایز-insize-مدل-2122-4100,3,INSIZE | اینسایز,,,,2122-4100,4100-2122,2122-4100|4100-2122,generic.v1,PROFILE_MISSING,1,oem_product_list,/home/shebahati/KaZar/Product and Data Complete/اندازه گیری/اینسایز/لیست محصولات.pdf,tier1_3_registry_match,6973018c3eeaad81327c31084ff9185ac522573976edc678d4be2bd371d056bf,4100-2122,BACKFILL_EXACT,
3487,2121-25,پرگار دیجیتالی داخل سنج 25-5 میلی متری اینسایز (Insize) مدل 25-2121,پرگار-دیجیتالی-داخل-سنج-25-5-میلی-متری-اینسایز-insize-مدل-25-2121,3,INSIZE | اینسایز,21,INDICATING_CALIPER,,25-2121,2121-25,25-2121|2121-25,generic.v1,PROFILE_MISSING,1,oem_product_list,/home/shebahati/KaZar/Product and Data Complete/اندازه گیری/اینسایز/لیست محصولات.pdf,tier1_3_registry_match,6973018c3eeaad81327c31084ff9185ac522573976edc678d4be2bd371d056bf,2121-25,BACKFILL_EXACT,
3488,2332-20,پرگار ساعتی خارج سنج 20-0 میلی متری اینسایز (Insize) مدل 20-2332,پرگار-ساعتی-خارج-سنج-20-0-میلی-متری-اینسایز-insize-مدل-20-2332,3,INSIZE | اینسایز,21,INDICATING_CALIPER,,20-2332,2332-20,20-2332|2332-20,generic.v1,PROFILE_MISSING,1,oem_product_list,/home/shebahati/KaZar/Product and Data Complete/اندازه گیری/اینسایز/لیست محصولات.pdf,tier1_3_registry_match,6973018c3eeaad81327c31084ff9185ac522573976edc678d4be2bd371d056bf,2332-20,BACKFILL_EXACT,
3490,2151-35,پرگار دیجیتالی داخل 35-15 میلی متری اینسایز (Insize) مدل 35-2151,پرگار-دیجیتالی-داخل-35-15-میلی-متری-اینسایز-insize-مدل-35-2151,3,INSIZE | اینسایز,21,INDICATING_CALIPER,,35-2151,2151-35,35-2151|2151-35,generic.v1,PROFILE_MISSING,1,oem_product_list,/home/shebahati/KaZar/Product and Data Complete/اندازه گیری/اینسایز/لیست محصولات.pdf,tier1_3_registry_match,6973018c3eeaad81327c31084ff9185ac522573976edc678d4be2bd371d056bf,2151-35,BACKFILL_EXACT,
3492,2151-55,پرگار دیجیتالی داخل سنج 55-35 میلی متری اینسایز (Insize) مدل 55-2151,پرگار-دیجیتالی-داخل-سنج-55-35-میلی-متری-اینسایز-insize-مدل-55-2151,3,INSIZE | اینسایز,21,INDICATING_CALIPER,,55-2151,2151-55,55-2151|2151-55,generic.v1,PROFILE_MISSING,1,oem_product_list,/home/shebahati/KaZar/Product and Data Complete/اندازه گیری/اینسایز/لیست محصولات.pdf,tier1_3_registry_match,6973018c3eeaad81327c31084ff9185ac522573976edc678d4be2bd371d056bf,2151-55,BACKFILL_EXACT,
3493,2361-10,ضخامت سنج ساعتی 10میلی متری اینسایز (Insize) مدل 10-2361,ضخامت-سنج-ساعتی-10میلی-متری-اینسایز-insize-مدل-10-2361,3,INSIZE | اینسایز,23,THICKNESS_GAUGE,,10-2361,2361-10,10-2361|2361-10,generic.v1,PROFILE_MISSING,1,oem_product_list,/home/shebahati/KaZar/Product and Data Complete/اندازه گیری/اینسایز/لیست محصولات.pdf,tier1_3_registry_match,6973018c3eeaad81327c31084ff9185ac522573976edc678d4be2bd371d056bf,2361-10,BACKFILL_EXACT,
3494,2364-10,ضخامت سنج ساعتی اینسایز مدل 2364-10,ضخامت-سنج-ساعتی-10-میلی-متری-اینسایز-insize-مدل-10-2364,3,INSIZE | اینسایز,23,THICKNESS_GAUGE,,2364-10,2364-10,2364-10,generic.v1,PROFILE_MISSING,1,oem_product_list,/home/shebahati/KaZar/Product and Data Complete/اندازه گیری/اینسایز/لیست محصولات.pdf,tier1_3_registry_match,6973018c3eeaad81327c31084ff9185ac522573976edc678d4be2bd371d056bf,2364-10,BACKFILL_EXACT,
3499,3127-8,میکرومتر دیجیتال اینسایز (Insize) سه فک 8-6 میلی متر داخل سنج مدل 8-3127,میکرومتر-دیجیتال-اینسایز-insize-سه-فک-8-6-میلی-متر-داخل-سنج-مدل-8-3127,3,INSIZE | اینسایز,19,INSIDE_MICROMETER,,8-3127,3127-8,8-3127|3127-8,generic.v1,PROFILE_MISSING,1,oem_product_list,/home/shebahati/KaZar/Product and Data Complete/اندازه گیری/اینسایز/لیست محصولات.pdf,tier1_3_registry_match,6973018c3eeaad81327c31084ff9185ac522573976edc678d4be2bd371d056bf,3127-8,BACKFILL_EXACT,
3500,3127-10,میکرومتر دیجیتال اینسایز (Insize) سه فک 10-8 میلی متر داخل سنج مدل 10-3127,میکرومتر-دیجیتال-اینسایز-insize-سه-فک-10-8-میلی-متر-داخل-سنج-مدل-10-3127,3,INSIZE | اینسایز,19,INSIDE_MICROMETER,,10-3127,3127-10,10-3127|3127-10,generic.v1,PROFILE_MISSING,1,oem_product_list,/home/shebahati/KaZar/Product and Data Complete/اندازه گیری/اینسایز/لیست محصولات.pdf,tier1_3_registry_match,6973018c3eeaad81327c31084ff9185ac522573976edc678d4be2bd371d056bf,3127-10,BACKFILL_EXACT,
3501,3127-12,میکرومتر دیجیتال اینسایز (Insize) سه فک 12-10 میلی متر داخل سنج مدل 12-3127,میکرومتر-دیجیتال-اینسایز-insize-سه-فک-12-10-میلی-متر-داخل-سنج-مدل-12-3127,3,INSIZE | اینسایز,19,INSIDE_MICROMETER,,12-3127,3127-12,12-3127|3127-12,generic.v1,PROFILE_MISSING,1,oem_product_list,/home/shebahati/KaZar/Product and Data Complete/اندازه گیری/اینسایز/لیست محصولات.pdf,tier1_3_registry_match,6973018c3eeaad81327c31084ff9185ac522573976edc678d4be2bd371d056bf,3127-12,BACKFILL_EXACT,
3503,3127-20,میکرومتر دیجیتال اینسایز (Insize) سه فک 20-16 میلی متر داخل سنج مدل 20-3127,میکرومتر-دیجیتال-اینسایز-insize-سه-فک-20-16-میلی-متر-داخل-سنج-مدل-20-3127,3,INSIZE | اینسایز,19,INSIDE_MICROMETER,,20-3127,3127-20,20-3127|3127-20,generic.v1,PROFILE_MISSING,1,oem_product_list,/home/shebahati/KaZar/Product and Data Complete/اندازه گیری/اینسایز/لیست محصولات.pdf,tier1_3_registry_match,6973018c3eeaad81327c31084ff9185ac522573976edc678d4be2bd371d056bf,3127-20,BACKFILL_EXACT,
3504,3282-25,میکرومتر اینسایز (Insize) 25-0 میلی متر دیسکی مدل 25-3282,میکرومتر-اینسایز-insize-25-0-میلی-متر-دیسکی-مدل-25-3282,3,INSIZE | اینسایز,13,OUTSIDE_MICROMETER,,25-3282,3282-25,25-3282|3282-25,generic.v1,PROFILE_MISSING,1,oem_product_list,/home/shebahati/KaZar/Product and Data Complete/اندازه گیری/اینسایز/لیست محصولات.pdf,tier1_3_registry_match,6973018c3eeaad81327c31084ff9185ac522573976edc678d4be2bd371d056bf,3282-25,BACKFILL_EXACT,
3505,3127-25,میکرومتر دیجیتال اینسایز (Insize) سه فک 25-20 میلی متر داخل سنج مدل 25-3127,میکرومتر-دیجیتال-اینسایز-insize-سه-فک-25-20-میلی-متر-داخل-سنج-مدل-25-3127,3,INSIZE | اینسایز,19,INSIDE_MICROMETER,,25-3127,3127-25,25-3127|3127-25,generic.v1,PROFILE_MISSING,1,oem_product_list,/home/shebahati/KaZar/Product and Data Complete/اندازه گیری/اینسایز/لیست محصولات.pdf,tier1_3_registry_match,6973018c3eeaad81327c31084ff9185ac522573976edc678d4be2bd371d056bf,3127-25,BACKFILL_EXACT,
3506,3127-30,میکرومتر دیجیتال اینسایز (Insize) سه فک 30-25 میلی متر داخل سنج مدل 30-3127,میکرومتر-دیجیتال-اینسایز-insize-سه-فک-30-25-میلی-متر-داخل-سنج-مدل-30-3127,3,INSIZE | اینسایز,19,INSIDE_MICROMETER,,30-3127,3127-30,30-3127|3127-30,generic.v1,PROFILE_MISSING,1,oem_product_list,/home/shebahati/KaZar/Product and Data Complete/اندازه گیری/اینسایز/لیست محصولات.pdf,tier1_3_registry_match,6973018c3eeaad81327c31084ff9185ac522573976edc678d4be2bd371d056bf,3127-30,BACKFILL_EXACT,
3507,3282-50,میکرومتر اینسایز (Insize) 50-25 میلی متر دیسکی مدل 50-3282,میکرومتر-اینسایز-insize-50-25-میلی-متر-دیسکی-مدل-50-3282,3,INSIZE | اینسایز,13,OUTSIDE_MICROMETER,,50-3282,3282-50,50-3282|3282-50,generic.v1,PROFILE_MISSING,1,oem_product_list,/home/shebahati/KaZar/Product and Data Complete/اندازه گیری/اینسایز/لیست محصولات.pdf,tier1_3_registry_match,6973018c3eeaad81327c31084ff9185ac522573976edc678d4be2bd371d056bf,3282-50,BACKFILL_EXACT,
3508,3127-40,میکرومتر دیجیتال اینسایز (Insize) سه فک 40-30 میلی متر داخل سنج مدل 40-3127,میکرومتر-دیجیتال-اینسایز-insize-سه-فک-40-30-میلی-متر-داخل-سنج-مدل-40-3127,3,INSIZE | اینسایز,19,INSIDE_MICROMETER,,40-3127,3127-40,40-3127|3127-40,generic.v1,PROFILE_MISSING,1,oem_product_list,/home/shebahati/KaZar/Product and Data Complete/اندازه گیری/اینسایز/لیست محصولات.pdf,tier1_3_registry_match,6973018c3eeaad81327c31084ff9185ac522573976edc678d4be2bd371d056bf,3127-40,BACKFILL_EXACT,
3509,3282-75,میکرومتر اینسایز (Insize) 75-50 میلی متر دیسکی مدل 75-3282,میکرومتر-اینسایز-insize-75-50-میلی-متر-دیسکی-مدل-75-3282,3,INSIZE | اینسایز,13,OUTSIDE_MICROMETER,,75-3282,3282-75,75-3282|3282-75,generic.v1,PROFILE_MISSING,1,oem_product_list,/home/shebahati/KaZar/Product and Data Complete/اندازه گیری/اینسایز/لیست محصولات.pdf,tier1_3_registry_match,6973018c3eeaad81327c31084ff9185ac522573976edc678d4be2bd371d056bf,3282-75,BACKFILL_EXACT,
3510,3127-50,میکرومتر دیجیتال اینسایز (Insize) سه فک 50-40 میلی متر داخل سنج مدل 50-3127,میکرومتر-دیجیتال-اینسایز-insize-سه-فک-50-40-میلی-متر-داخل-سنج-مدل-50-3127,3,INSIZE | اینسایز,19,INSIDE_MICROMETER,,50-3127,3127-50,50-3127|3127-50,generic.v1,PROFILE_MISSING,1,oem_product_list,/home/shebahati/KaZar/Product and Data Complete/اندازه گیری/اینسایز/لیست محصولات.pdf,tier1_3_registry_match,6973018c3eeaad81327c31084ff9185ac522573976edc678d4be2bd371d056bf,3127-50,BACKFILL_EXACT,
3511,3594-25,میکرومتر دیجیتال اینسایز (Insize) 25-0 میلی متر دیسکی مدل 25-3594,میکرومتر-دیجیتال-اینسایز-insize-25-0-میلی-متر-دیسکی-مدل-25-3594,3,INSIZE | اینسایز,13,OUTSIDE_MICROMETER,,25-3594,3594-25,25-3594|3594-25,generic.v1,PROFILE_MISSING,1,oem_product_list,/home/shebahati/KaZar/Product and Data Complete/اندازه گیری/اینسایز/لیست محصولات.pdf,tier1_3_registry_match,6973018c3eeaad81327c31084ff9185ac522573976edc678d4be2bd371d056bf,3594-25,BACKFILL_EXACT,
3512,2364-1,ضخامت سنج ساعتی 1 میلی متری اینسایز (Insize) مدل 1-2364,ضخامت-سنج-ساعتی-1-میلی-متری-اینسایز-insize-مدل-1-2364,3,INSIZE | اینسایز,23,THICKNESS_GAUGE,,1-2364,2364-1,1-2364|2364-1,generic.v1,PROFILE_MISSING,1,oem_product_list,/home/shebahati/KaZar/Product and Data Complete/اندازه گیری/اینسایز/لیست محصولات.pdf,tier1_3_registry_match,6973018c3eeaad81327c31084ff9185ac522573976edc678d4be2bd371d056bf,2364-1,BACKFILL_EXACT,
3513,3127-63,میکرومتر دیجیتال اینسایز (Insize) سه فک 63-50 میلی متر داخل سنج مدل 63-3127,میکرومتر-دیجیتال-اینسایز-insize-سه-فک-63-50-میلی-متر-داخل-سنج-مدل-63-3127,3,INSIZE | اینسایز,19,INSIDE_MICROMETER,,63-3127,3127-63,63-3127|3127-63,generic.v1,PROFILE_MISSING,1,oem_product_list,/home/shebahati/KaZar/Product and Data Complete/اندازه گیری/اینسایز/لیست محصولات.pdf,tier1_3_registry_match,6973018c3eeaad81327c31084ff9185ac522573976edc678d4be2bd371d056bf,3127-63,BACKFILL_EXACT,
3514,3127-75,میکرومتر دیجیتال اینسایز (Insize) سه فک 75-62 میلی متر داخل سنج مدل 75-3127,میکرومتر-دیجیتال-اینسایز-insize-سه-فک-75-62-میلی-متر-داخل-سنج-مدل-75-3127,3,INSIZE | اینسایز,19,INSIDE_MICROMETER,,75-3127,3127-75,75-3127|3127-75,generic.v1,PROFILE_MISSING,1,oem_product_list,/home/shebahati/KaZar/Product and Data Complete/اندازه گیری/اینسایز/لیست محصولات.pdf,tier1_3_registry_match,6973018c3eeaad81327c31084ff9185ac522573976edc678d4be2bd371d056bf,3127-75,BACKFILL_EXACT,
3515,3220-30,میکرومتر داخل اینسایز مدل 3220-30,میکرومتر-اینسایز-insize-30-5-میلی-متر-داخل-سنج-مدل-30-3220,3,INSIZE | اینسایز,19,INSIDE_MICROMETER,,3220-30,3220-30,3220-30,generic.v1,PROFILE_MISSING,1,oem_product_list,/home/shebahati/KaZar/Product and Data Complete/اندازه گیری/اینسایز/لیست محصولات.pdf,tier1_3_registry_match,6973018c3eeaad81327c31084ff9185ac522573976edc678d4be2bd371d056bf,3220-30,BACKFILL_EXACT,
3516,3127-88,میکرومتر دیجیتال اینسایز (Insize) سه فک 88-75 میلی متر داخل سنج مدل 88-3127,میکرومتر-دیجیتال-اینسایز-insize-سه-فک-88-75-میلی-متر-داخل-سنج-مدل-88-3127,3,INSIZE | اینسایز,19,INSIDE_MICROMETER,,88-3127,3127-88,88-3127|3127-88,generic.v1,PROFILE_MISSING,1,oem_product_list,/home/shebahati/KaZar/Product and Data Complete/اندازه گیری/اینسایز/لیست محصولات.pdf,tier1_3_registry_match,6973018c3eeaad81327c31084ff9185ac522573976edc678d4be2bd371d056bf,3127-88,BACKFILL_EXACT,
3517,2863-10,ضخامت سنج ساعتی 10 میلی متری اینسایز (Insize) مدل 10-2863,ضخامت-سنج-ساعتی-10-میلی-متری-اینسایز-insize-مدل-10-2863,3,INSIZE | اینسایز,23,THICKNESS_GAUGE,,10-2863,2863-10,10-2863|2863-10,generic.v1,PROFILE_MISSING,1,oem_product_list,/home/shebahati/KaZar/Product and Data Complete/اندازه گیری/اینسایز/لیست محصولات.pdf,tier1_3_registry_match,6973018c3eeaad81327c31084ff9185ac522573976edc678d4be2bd371d056bf,2863-10,BACKFILL_EXACT,
3518,2866-10,ضخامت سنج ساعتی 10 میلی متری اینسایز (Insize) مدل 10-2866,ضخامت-سنج-ساعتی-10-میلی-متری-اینسایز-insize-مدل-10-2866,3,INSIZE | اینسایز,23,THICKNESS_GAUGE,,10-2866,2866-10,10-2866|2866-10,generic.v1,PROFILE_MISSING,1,oem_product_list,/home/shebahati/KaZar/Product and Data Complete/اندازه گیری/اینسایز/لیست محصولات.pdf,tier1_3_registry_match,6973018c3eeaad81327c31084ff9185ac522573976edc678d4be2bd371d056bf,2866-10,BACKFILL_EXACT,
3519,3227-8,میکرومتر اینسایز (Insize) 8-6 میلی متر داخل سنج سه فک مدل 8-3227,میکرومتر-اینسایز-insize-8-6-میلی-متر-داخل-سنج-سه-فک-مدل-8-3227,3,INSIZE | اینسایز,19,INSIDE_MICROMETER,,8-3227,3227-8,8-3227|3227-8,generic.v1,PROFILE_MISSING,1,oem_product_list,/home/shebahati/KaZar/Product and Data Complete/اندازه گیری/اینسایز/لیست محصولات.pdf,tier1_3_registry_match,6973018c3eeaad81327c31084ff9185ac522573976edc678d4be2bd371d056bf,3227-8,BACKFILL_EXACT,
3520,2367-10,ضخامت سنج ساعتی لوله اینسایز (Insize) 10 میلی متر مدل 10-2367,ضخامت-سنج-ساعتی-لوله-اینسایز-insize-10-میلی-متر-مدل-10-2367,3,INSIZE | اینسایز,23,THICKNESS_GAUGE,,10-2367,2367-10,10-2367|2367-10,generic.v1,PROFILE_MISSING,1,oem_product_list,/home/shebahati/KaZar/Product and Data Complete/اندازه گیری/اینسایز/لیست محصولات.pdf,tier1_3_registry_match,6973018c3eeaad81327c31084ff9185ac522573976edc678d4be2bd371d056bf,2367-10,BACKFILL_EXACT,
3521,3227-10,میکرومتر اینسایز (Insize) 10-8 میلی متر داخل سنج سه فک مدل 10-3227,میکرومتر-اینسایز-insize-10-8-میلی-متر-داخل-سنج-سه-فک-مدل-10-3227,3,INSIZE | اینسایز,19,INSIDE_MICROMETER,,10-3227,3227-10,10-3227|3227-10,generic.v1,PROFILE_MISSING,1,oem_product_list,/home/shebahati/KaZar/Product and Data Complete/اندازه گیری/اینسایز/لیست محصولات.pdf,tier1_3_registry_match,6973018c3eeaad81327c31084ff9185ac522573976edc678d4be2bd371d056bf,3227-10,BACKFILL_EXACT,
3522,3220-50,میکرومتر داخل اینسایز مدل 3220-50,میکرومتر-اینسایز-insize-50-25-میلی-متر-داخل-سنج-مدل-50-3220,3,INSIZE | اینسایز,19,INSIDE_MICROMETER,,3220-50,3220-50,3220-50,generic.v1,PROFILE_MISSING,1,oem_product_list,/home/shebahati/KaZar/Product and Data Complete/اندازه گیری/اینسایز/لیست محصولات.pdf,tier1_3_registry_match,6973018c3eeaad81327c31084ff9185ac522573976edc678d4be2bd371d056bf,3220-50,BACKFILL_EXACT,
3523,3227-12,میکرومتر اینسایز (Insize) 12-10 میلی متر داخل سنج سه فک مدل 12-3227,میکرومتر-اینسایز-insize-12-10-میلی-متر-داخل-سنج-سه-فک-مدل-12-3227,3,INSIZE | اینسایز,19,INSIDE_MICROMETER,,12-3227,3227-12,12-3227|3227-12,generic.v1,PROFILE_MISSING,1,oem_product_list,/home/shebahati/KaZar/Product and Data Complete/اندازه گیری/اینسایز/لیست محصولات.pdf,tier1_3_registry_match,6973018c3eeaad81327c31084ff9185ac522573976edc678d4be2bd371d056bf,3227-12,BACKFILL_EXACT,
3524,3220-75,میکرومتر داخل اینسایز مدل 3220-75,میکرومتر-اینسایز-insize-75-50-میلی-متر-داخل-سنج-مدل-75-3220,3,INSIZE | اینسایز,19,INSIDE_MICROMETER,,3220-75,3220-75,3220-75,generic.v1,PROFILE_MISSING,1,oem_product_list,/home/shebahati/KaZar/Product and Data Complete/اندازه گیری/اینسایز/لیست محصولات.pdf,tier1_3_registry_match,6973018c3eeaad81327c31084ff9185ac522573976edc678d4be2bd371d056bf,3220-75,BACKFILL_EXACT,
3525,3227-16,میکرومتر اینسایز (Insize) 16-12 میلی متر داخل سنج سه فک مدل 16-3227,میکرومتر-اینسایز-insize-16-12-میلی-متر-داخل-سنج-سه-فک-مدل-16-3227,3,INSIZE | اینسایز,19,INSIDE_MICROMETER,,16-3227,3227-16,16-3227|3227-16,generic.v1,PROFILE_MISSING,1,oem_product_list,/home/shebahati/KaZar/Product and Data Complete/اندازه گیری/اینسایز/لیست محصولات.pdf,tier1_3_registry_match,6973018c3eeaad81327c31084ff9185ac522573976edc678d4be2bd371d056bf,3227-16,BACKFILL_EXACT,
3526,3227-20,میکرومتر اینسایز (Insize) 20-16 میلی متر داخل سنج سه فک مدل 20-3227,میکرومتر-اینسایز-insize-20-16-میلی-متر-داخل-سنج-سه-فک-مدل-20-3227,3,INSIZE | اینسایز,19,INSIDE_MICROMETER,,20-3227,3227-20,20-3227|3227-20,generic.v1,PROFILE_MISSING,1,oem_product_list,/home/shebahati/KaZar/Product and Data Complete/اندازه گیری/اینسایز/لیست محصولات.pdf,tier1_3_registry_match,6973018c3eeaad81327c31084ff9185ac522573976edc678d4be2bd371d056bf,3227-20,BACKFILL_EXACT,
3527,3520-50,میکرومتر دیجیتال اینسایز (Insize) 50-25 میلی متر داخل سنج مدل 50-3520,میکرومتر-دیجیتال-اینسایز-insize-50-25-میلی-متر-داخل-سنج-مدل-50-3520,3,INSIZE | اینسایز,19,INSIDE_MICROMETER,,50-3520,3520-50,50-3520|3520-50,generic.v1,PROFILE_MISSING,1,oem_product_list,/home/shebahati/KaZar/Product and Data Complete/اندازه گیری/اینسایز/لیست محصولات.pdf,tier1_3_registry_match,6973018c3eeaad81327c31084ff9185ac522573976edc678d4be2bd371d056bf,3520-50,BACKFILL_EXACT,
3528,3227-25,میکرومتر اینسایز (Insize) 25-20 میلی متر داخل سنج سه فک مدل 25-3227,میکرومتر-اینسایز-insize-25-20-میلی-متر-داخل-سنج-سه-فک-مدل-25-3227,3,INSIZE | اینسایز,19,INSIDE_MICROMETER,,25-3227,3227-25,25-3227|3227-25,generic.v1,PROFILE_MISSING,1,oem_product_list,/home/shebahati/KaZar/Product and Data Complete/اندازه گیری/اینسایز/لیست محصولات.pdf,tier1_3_registry_match,6973018c3eeaad81327c31084ff9185ac522573976edc678d4be2bd371d056bf,3227-25,BACKFILL_EXACT,
3529,3227-30,میکرومتر اینسایز (Insize) 30-25 میلی متر داخل سنج سه فک مدل 30-3227,میکرومتر-اینسایز-insize-30-25-میلی-متر-داخل-سنج-سه-فک-مدل-30-3227,3,INSIZE | اینسایز,19,INSIDE_MICROMETER,,30-3227,3227-30,30-3227|3227-30,generic.v1,PROFILE_MISSING,1,oem_product_list,/home/shebahati/KaZar/Product and Data Complete/اندازه گیری/اینسایز/لیست محصولات.pdf,tier1_3_registry_match,6973018c3eeaad81327c31084ff9185ac522573976edc678d4be2bd371d056bf,3227-30,BACKFILL_EXACT,
3530,3227-40,میکرومتر اینسایز (Insize) 40-30 میلی متر داخل سنج سه فک مدل 40-3227,میکرومتر-اینسایز-insize-40-30-میلی-متر-داخل-سنج-سه-فک-مدل-40-3227,3,INSIZE | اینسایز,19,INSIDE_MICROMETER,,40-3227,3227-40,40-3227|3227-40,generic.v1,PROFILE_MISSING,1,oem_product_list,/home/shebahati/KaZar/Product and Data Complete/اندازه گیری/اینسایز/لیست محصولات.pdf,tier1_3_registry_match,6973018c3eeaad81327c31084ff9185ac522573976edc678d4be2bd371d056bf,3227-40,BACKFILL_EXACT,
3531,3227-50,میکرومتر اینسایز (Insize) 50-40 میلی متر داخل سنج سه فک مدل 50-3227,میکرومتر-اینسایز-insize-50-40-میلی-متر-داخل-سنج-سه-فک-مدل-50-3227,3,INSIZE | اینسایز,19,INSIDE_MICROMETER,,50-3227,3227-50,50-3227|3227-50,generic.v1,PROFILE_MISSING,1,oem_product_list,/home/shebahati/KaZar/Product and Data Complete/اندازه گیری/اینسایز/لیست محصولات.pdf,tier1_3_registry_match,6973018c3eeaad81327c31084ff9185ac522573976edc678d4be2bd371d056bf,3227-50,BACKFILL_EXACT,
3532,3227-63,میکرومتر اینسایز (Insize) داخل سنج سه فک 63-50 میلی متر مدل 63-3227,میکرومتر-اینسایز-insize-داخل-سنج-سه-فک-63-50-میلی-متر-مدل-63-3227,3,INSIZE | اینسایز,19,INSIDE_MICROMETER,,63-3227,3227-63,63-3227|3227-63,generic.v1,PROFILE_MISSING,1,oem_product_list,/home/shebahati/KaZar/Product and Data Complete/اندازه گیری/اینسایز/لیست محصولات.pdf,tier1_3_registry_match,6973018c3eeaad81327c31084ff9185ac522573976edc678d4be2bd371d056bf,3227-63,BACKFILL_EXACT,
3533,3227-75,میکرومتر اینسایز (Insize) 75-62 میلی متر داخل سنج سه فک مدل75-3227,میکرومتر-اینسایز-insize-75-62-میلی-متر-داخل-سنج-سه-فک-مدل75-3227,3,INSIZE | اینسایز,19,INSIDE_MICROMETER,,,3227-75,3227-75,generic.v1,PROFILE_MISSING,1,oem_product_list,/home/shebahati/KaZar/Product and Data Complete/اندازه گیری/اینسایز/لیست محصولات.pdf,tier1_3_registry_match,6973018c3eeaad81327c31084ff9185ac522573976edc678d4be2bd371d056bf,3227-75,BACKFILL_EXACT,
3534,3520-75,میکرومتر دیجیتال اینسایز (Insize) 75-50 میلی متر داخل سنج مدل 75-3520,میکرومتر-دیجیتال-اینسایز-insize-75-50-میلی-متر-داخل-سنج-مدل-75-3520,3,INSIZE | اینسایز,19,INSIDE_MICROMETER,,75-3520,3520-75,75-3520|3520-75,generic.v1,PROFILE_MISSING,1,oem_product_list,/home/shebahati/KaZar/Product and Data Complete/اندازه گیری/اینسایز/لیست محصولات.pdf,tier1_3_registry_match,6973018c3eeaad81327c31084ff9185ac522573976edc678d4be2bd371d056bf,3520-75,BACKFILL_EXACT,
3535,3227-88,میکرومتر اینسایز (Insize) 88-75 میلی متر داخل سنج سه فک مدل 88-3227,میکرومتر-اینسایز-insize-88-75-میلی-متر-داخل-سنج-سه-فک-مدل-88-3227,3,INSIZE | اینسایز,19,INSIDE_MICROMETER,,88-3227,3227-88,88-3227|3227-88,generic.v1,PROFILE_MISSING,1,oem_product_list,/home/shebahati/KaZar/Product and Data Complete/اندازه گیری/اینسایز/لیست محصولات.pdf,tier1_3_registry_match,6973018c3eeaad81327c31084ff9185ac522573976edc678d4be2bd371d056bf,3227-88,BACKFILL_EXACT,
3536,3227-1004,میکرومتر اینسایز (Insize) 100-50 میلی متر داخل سنج سه فک مدل 1004-3227,میکرومتر-اینسایز-insize-100-50-میلی-متر-داخل-سنج-سه-فک-مدل-1004-3227,3,INSIZE | اینسایز,,,,1004-3227,3227-1004,1004-3227|3227-1004,generic.v1,PROFILE_MISSING,1,oem_product_list,/home/shebahati/KaZar/Product and Data Complete/اندازه گیری/اینسایز/لیست محصولات.pdf,tier1_3_registry_match,6973018c3eeaad81327c31084ff9185ac522573976edc678d4be2bd371d056bf,3227-1004,BACKFILL_EXACT,
3537,6200-60,پایه ساعت اینسایز مدل 6200-60,پایه-ساعت-اندیکاتور-60-کیلو-گرمی-insize-مدل-60-6200,3,INSIZE | اینسایز,,,,6200-60,6200-60,6200-60,generic.v1,PROFILE_MISSING,1,oem_product_list,/home/shebahati/KaZar/Product and Data Complete/اندازه گیری/اینسایز/لیست محصولات.pdf,tier1_3_registry_match,6973018c3eeaad81327c31084ff9185ac522573976edc678d4be2bd371d056bf,6200-60,BACKFILL_EXACT,
3538,6201-60,پایه ساعت اینسایز مدل 6201-60,پایه-ساعت-مگنتی-اندیکاتور-اینسایز-insize-مدل-60-6201,3,INSIZE | اینسایز,,,,6201-60,6201-60,6201-60,generic.v1,PROFILE_MISSING,1,oem_product_list,/home/shebahati/KaZar/Product and Data Complete/اندازه گیری/اینسایز/لیست محصولات.pdf,tier1_3_registry_match,6973018c3eeaad81327c31084ff9185ac522573976edc678d4be2bd371d056bf,6201-60,BACKFILL_EXACT,
3539,6202-80,پایه ساعت اینسایز مدل 6202-80,پایه-ساعت-اندیکاتور-80-کیلو-گرمی-اینسایز-insize-مدل-80-6202,3,INSIZE | اینسایز,,,,6202-80,6202-80,6202-80,generic.v1,PROFILE_MISSING,1,oem_product_list,/home/shebahati/KaZar/Product and Data Complete/اندازه گیری/اینسایز/لیست محصولات.pdf,tier1_3_registry_match,6973018c3eeaad81327c31084ff9185ac522573976edc678d4be2bd371d056bf,6202-80,BACKFILL_EXACT,
3540,6207-80,پایه ساعت خرطومی 80 کیلو گرمی اینسایز (Insize) مدل 80-6207,پایه-ساعت-خرطومی-80-کیلو-گرمی-اینسایز-insize-مدل-80-6207,3,INSIZE | اینسایز,,,,80-6207,6207-80,80-6207|6207-80,generic.v1,PROFILE_MISSING,1,oem_product_list,/home/shebahati/KaZar/Product and Data Complete/اندازه گیری/اینسایز/لیست محصولات.pdf,tier1_3_registry_match,6973018c3eeaad81327c31084ff9185ac522573976edc678d4be2bd371d056bf,6207-80,BACKFILL_EXACT,
3541,6208-80,پایه ساعتی مفصلی مگنتی 80 کیلو گرمی اینسایز (Insize) مدل 80-6208,پایه-ساعتی-مفصلی-مگنتی-80-کیلو-گرمی-اینسایز-insize-مدل-80-6208,3,INSIZE | اینسایز,,,,80-6208,6208-80,80-6208|6208-80,generic.v1,PROFILE_MISSING,1,oem_product_list,/home/shebahati/KaZar/Product and Data Complete/اندازه گیری/اینسایز/لیست محصولات.pdf,tier1_3_registry_match,6973018c3eeaad81327c31084ff9185ac522573976edc678d4be2bd371d056bf,6208-80,BACKFILL_EXACT,
3542,6210-81,پایه ساعت مفصلی مگنتی 80 کیلوگرم اینسایز (Insize) مدل 81-6210,پایه-ساعت-مفصلی-مگنتی-80-کیلوگرم-اینسایز-insize-مدل-81-6210,3,INSIZE | اینسایز,,,,81-6210,6210-81,81-6210|6210-81,generic.v1,PROFILE_MISSING,1,oem_product_list,/home/shebahati/KaZar/Product and Data Complete/اندازه گیری/اینسایز/لیست محصولات.pdf,tier1_3_registry_match,6973018c3eeaad81327c31084ff9185ac522573976edc678d4be2bd371d056bf,6210-81,BACKFILL_EXACT,
3543,6301,پایه میکرومتر اینسایز مدل 6301,پایه-میکرومتر-اینسایز-insize-مدل6301,3,INSIZE | اینسایز,,,,6301,6301,6301,generic.v1,PROFILE_MISSING,1,oem_product_list,/home/shebahati/KaZar/Product and Data Complete/اندازه گیری/اینسایز/لیست محصولات.pdf,tier1_3_registry_match,6973018c3eeaad81327c31084ff9185ac522573976edc678d4be2bd371d056bf,6301,BACKFILL_EXACT,
3544,4602-17,فیلر 17تیغ 10سانت ( ) 0.02 ~ اینسایز مدل 4602-17,فیلر-17-تیغه-10-سانتی-متری-اینسایز-insize-مدل-17-4602,3,INSIZE | اینسایز,25,FEELER_GAUGE_SET,,4602-17,4602-17,4602-17,generic.v1,PROFILE_MISSING,1,oem_product_list,/home/shebahati/KaZar/Product and Data Complete/اندازه گیری/اینسایز/لیست محصولات.pdf,tier1_3_registry_match,6973018c3eeaad81327c31084ff9185ac522573976edc678d4be2bd371d056bf,4602-17,BACKFILL_EXACT,
3545,4602-32,فیلر 32تیغ 10سانت ( ) 0.03 ~ اینسایز مدل 4602-32,فیلر-32-تیغه-10-سانتی-متری-اینسایز-insize-مدل-32-4602,3,INSIZE | اینسایز,25,FEELER_GAUGE_SET,,4602-32,4602-32,4602-32,generic.v1,PROFILE_MISSING,1,oem_product_list,/home/shebahati/KaZar/Product and Data Complete/اندازه گیری/اینسایز/لیست محصولات.pdf,tier1_3_registry_match,6973018c3eeaad81327c31084ff9185ac522573976edc678d4be2bd371d056bf,4602-32,BACKFILL_EXACT,
3546,4621-02,فیلر نواری 5متری اینسایز مدل 4621-02,فیلر-نواری-5-متری-002mm-اینسایز-insize-مدل-02-4621,3,INSIZE | اینسایز,26,FEELER_GAUGE,,4621-02,4621-02,4621-02,generic.v1,PROFILE_MISSING,1,oem_product_list,/home/shebahati/KaZar/Product and Data Complete/اندازه گیری/اینسایز/لیست محصولات.pdf,tier1_3_registry_match,6973018c3eeaad81327c31084ff9185ac522573976edc678d4be2bd371d056bf,4621-02,BACKFILL_EXACT,
3547,4206-1,گیج تلسکوپی اینسایز مدل 4206-1,گیج-تلسکوپی-اینسایز-insize-کد-1-4206,3,INSIZE | اینسایز,,,,4206-1,4206-1,4206-1,generic.v1,PROFILE_MISSING,1,oem_product_list,/home/shebahati/KaZar/Product and Data Complete/اندازه گیری/اینسایز/لیست محصولات.pdf,tier1_3_registry_match,6973018c3eeaad81327c31084ff9185ac522573976edc678d4be2bd371d056bf,4206-1,BACKFILL_EXACT,
3548,3108-25,میکرومتر دیجیتال اینسایز (Insize) 25 میلی متر خارج سنج مدل 25-3108,میکرومتر-دیجیتال-اینسایز-insize-25-میلی-متر-خارج-سنج-مدل-25-3108,3,INSIZE | اینسایز,13,OUTSIDE_MICROMETER,,25-3108,3108-25,25-3108|3108-25,generic.v1,PROFILE_MISSING,1,oem_product_list,/home/shebahati/KaZar/Product and Data Complete/اندازه گیری/اینسایز/لیست محصولات.pdf,tier1_3_registry_match,6973018c3eeaad81327c31084ff9185ac522573976edc678d4be2bd371d056bf,3108-25,BACKFILL_EXACT,
3549,3108-50,میکرومتر دیجیتال اینسایز (Insize) 50-25 میلی متر خارج سنج مدل 50-3108,میکرومتر-دیجیتال-اینسایز-insize-50-25-میلی-متر-خارج-سنج-مدل-50-3108,3,INSIZE | اینسایز,13,OUTSIDE_MICROMETER,,50-3108,3108-50,50-3108|3108-50,generic.v1,PROFILE_MISSING,1,oem_product_list,/home/shebahati/KaZar/Product and Data Complete/اندازه گیری/اینسایز/لیست محصولات.pdf,tier1_3_registry_match,6973018c3eeaad81327c31084ff9185ac522573976edc678d4be2bd371d056bf,3108-50,BACKFILL_EXACT,
3550,3109-25,میکرومتر دیجیتال اینسایز (Insize) 25-0 میلی متر خارج سنج مدل 25-3109,میکرومتر-دیجیتال-اینسایز-insize-25-0-میلی-متر-خارج-سنج-مدل-25-3109,3,INSIZE | اینسایز,13,OUTSIDE_MICROMETER,,25-3109,3109-25,25-3109|3109-25,generic.v1,PROFILE_MISSING,1,oem_product_list,/home/shebahati/KaZar/Product and Data Complete/اندازه گیری/اینسایز/لیست محصولات.pdf,tier1_3_registry_match,6973018c3eeaad81327c31084ff9185ac522573976edc678d4be2bd371d056bf,3109-25,BACKFILL_EXACT,
3551,3109-50,میکرومتر دیجیتال اینسایز (Insize) 50-25 میلی متر خارج سنج مدل 50-3109,میکرومتر-دیجیتال-اینسایز-insize-50-25-میلی-متر-خارج-سنج-مدل-50-3109,3,INSIZE | اینسایز,13,OUTSIDE_MICROMETER,,50-3109,3109-50,50-3109|3109-50,generic.v1,PROFILE_MISSING,1,oem_product_list,/home/shebahati/KaZar/Product and Data Complete/اندازه گیری/اینسایز/لیست محصولات.pdf,tier1_3_registry_match,6973018c3eeaad81327c31084ff9185ac522573976edc678d4be2bd371d056bf,3109-50,BACKFILL_EXACT,
3552,4621-03,فیلر نواری 5متری اینسایز مدل 4621-03,فیلر-نواری-5-متری-با-ضخامت-003-میلیمتر-اینسایز-insize-مدل-03-4621,3,INSIZE | اینسایز,26,FEELER_GAUGE,,4621-03,4621-03,4621-03,generic.v1,PROFILE_MISSING,1,oem_product_list,/home/shebahati/KaZar/Product and Data Complete/اندازه گیری/اینسایز/لیست محصولات.pdf,tier1_3_registry_match,6973018c3eeaad81327c31084ff9185ac522573976edc678d4be2bd371d056bf,4621-03,BACKFILL_EXACT,
3553,4621-04,فیلر نواری 5متری اینسایز مدل 4621-04,فیلر-نواری-5-متری-004mm-اینسایز-insize-مدل-04-4621,3,INSIZE | اینسایز,26,FEELER_GAUGE,,4621-04,4621-04,4621-04,generic.v1,PROFILE_MISSING,1,oem_product_list,/home/shebahati/KaZar/Product and Data Complete/اندازه گیری/اینسایز/لیست محصولات.pdf,tier1_3_registry_match,6973018c3eeaad81327c31084ff9185ac522573976edc678d4be2bd371d056bf,4621-04,BACKFILL_EXACT,
3554,4621-05,فیلر نواری 5متری اینسایز مدل 4621-05,فیلر-نواری-5-متری-005mm-اینسایز-insize-مدل-05-4621,3,INSIZE | اینسایز,26,FEELER_GAUGE,,4621-05,4621-05,4621-05,generic.v1,PROFILE_MISSING,1,oem_product_list,/home/shebahati/KaZar/Product and Data Complete/اندازه گیری/اینسایز/لیست محصولات.pdf,tier1_3_registry_match,6973018c3eeaad81327c31084ff9185ac522573976edc678d4be2bd371d056bf,4621-05,BACKFILL_EXACT,
3555,4621-06,فیلر نواری 5متری اینسایز مدل 4621-06,فیلر-نواری-5-متری-006mm-اینسایز-insize-مدل-06-4621,3,INSIZE | اینسایز,26,FEELER_GAUGE,,4621-06,4621-06,4621-06,generic.v1,PROFILE_MISSING,1,oem_product_list,/home/shebahati/KaZar/Product and Data Complete/اندازه گیری/اینسایز/لیست محصولات.pdf,tier1_3_registry_match,6973018c3eeaad81327c31084ff9185ac522573976edc678d4be2bd371d056bf,4621-06,BACKFILL_EXACT,
3556,3203-25,میکرومتر اینسایز (Insize) 25-0 میلی متر خارج سنج 0.01 مدل 25-3203,میکرومتر-اینسایز-insize-25-0-میلی-متر-خارج-سنج-001-مدل-25-3203,3,INSIZE | اینسایز,13,OUTSIDE_MICROMETER,,25-3203,3203-25,25-3203|3203-25,generic.v1,PROFILE_MISSING,1,oem_product_list,/home/shebahati/KaZar/Product and Data Complete/اندازه گیری/اینسایز/لیست محصولات.pdf,tier1_3_registry_match,6973018c3eeaad81327c31084ff9185ac522573976edc678d4be2bd371d056bf,3203-25,BACKFILL_EXACT,
3557,4621-07,فیلر نواری 5متری اینسایز مدل 4621-07,فیلر-نواری-5-متری-007mm-اینسایز-insize-مدل-07-4621,3,INSIZE | اینسایز,26,FEELER_GAUGE,,4621-07,4621-07,4621-07,generic.v1,PROFILE_MISSING,1,oem_product_list,/home/shebahati/KaZar/Product and Data Complete/اندازه گیری/اینسایز/لیست محصولات.pdf,tier1_3_registry_match,6973018c3eeaad81327c31084ff9185ac522573976edc678d4be2bd371d056bf,4621-07,BACKFILL_EXACT,
3558,4621-08,فیلر نواری 5متری اینسایز مدل 4621-08,فیلر-نواری-5-متری-008mm-اینسایز-insize-مدل-08-4621,3,INSIZE | اینسایز,26,FEELER_GAUGE,,4621-08,4621-08,4621-08,generic.v1,PROFILE_MISSING,1,oem_product_list,/home/shebahati/KaZar/Product and Data Complete/اندازه گیری/اینسایز/لیست محصولات.pdf,tier1_3_registry_match,6973018c3eeaad81327c31084ff9185ac522573976edc678d4be2bd371d056bf,4621-08,BACKFILL_EXACT,
3559,3203-50,میکرومتر اینسایز (Insize) 50-25 میلی متر خارج سنج مدل 50-3203,میکرومتر-اینسایز-insize-50-25-میلی-متر-خارج-سنج-مدل-50-3203,3,INSIZE | اینسایز,13,OUTSIDE_MICROMETER,,50-3203,3203-50,50-3203|3203-50,generic.v1,PROFILE_MISSING,1,oem_product_list,/home/shebahati/KaZar/Product and Data Complete/اندازه گیری/اینسایز/لیست محصولات.pdf,tier1_3_registry_match,6973018c3eeaad81327c31084ff9185ac522573976edc678d4be2bd371d056bf,3203-50,BACKFILL_EXACT,
3560,3203-75,میکرومتر اینسایز (Insize) 75-50 میلی متر خارج سنج مدل 75-3203,میکرومتر-اینسایز-insize-75-50-میلی-متر-خارج-سنج-مدل-75-3203,3,INSIZE | اینسایز,13,OUTSIDE_MICROMETER,,75-3203,3203-75,75-3203|3203-75,generic.v1,PROFILE_MISSING,1,oem_product_list,/home/shebahati/KaZar/Product and Data Complete/اندازه گیری/اینسایز/لیست محصولات.pdf,tier1_3_registry_match,6973018c3eeaad81327c31084ff9185ac522573976edc678d4be2bd371d056bf,3203-75,BACKFILL_EXACT,
3561,4621-09,فیلر نواری 5متری اینسایز مدل 4621-09,فیلر-نواری-5-متری-009mm-اینسایز-insize-مدل-09-4621,3,INSIZE | اینسایز,26,FEELER_GAUGE,,4621-09,4621-09,4621-09,generic.v1,PROFILE_MISSING,1,oem_product_list,/home/shebahati/KaZar/Product and Data Complete/اندازه گیری/اینسایز/لیست محصولات.pdf,tier1_3_registry_match,6973018c3eeaad81327c31084ff9185ac522573976edc678d4be2bd371d056bf,4621-09,BACKFILL_EXACT,
3562,4621-10,فیلر نواری 5متری اینسایز مدل 4621-10,فیلر-نواری-5-متری-010mm-اینسایز-insize-مدل-10-4621,3,INSIZE | اینسایز,26,FEELER_GAUGE,,4621-10,4621-10,4621-10,generic.v1,PROFILE_MISSING,1,oem_product_list,/home/shebahati/KaZar/Product and Data Complete/اندازه گیری/اینسایز/لیست محصولات.pdf,tier1_3_registry_match,6973018c3eeaad81327c31084ff9185ac522573976edc678d4be2bd371d056bf,4621-10,BACKFILL_EXACT,
3563,4621-15,فیلر نواری 5متری اینسایز مدل 4621-15,فیلر-نواری-5-متری-015mm-اینسایز-insize-مدل-15-4621,3,INSIZE | اینسایز,26,FEELER_GAUGE,,4621-15,4621-15,4621-15,generic.v1,PROFILE_MISSING,1,oem_product_list,/home/shebahati/KaZar/Product and Data Complete/اندازه گیری/اینسایز/لیست محصولات.pdf,tier1_3_registry_match,6973018c3eeaad81327c31084ff9185ac522573976edc678d4be2bd371d056bf,4621-15,BACKFILL_EXACT,
3564,4621-20,فیلر نواری 5متری اینسایز مدل 4621-20,فیلر-نواری-5-متری-020mm-اینسایز-insize-مدل-20-4621,3,INSIZE | اینسایز,26,FEELER_GAUGE,,4621-20,4621-20,4621-20,generic.v1,PROFILE_MISSING,1,oem_product_list,/home/shebahati/KaZar/Product and Data Complete/اندازه گیری/اینسایز/لیست محصولات.pdf,tier1_3_registry_match,6973018c3eeaad81327c31084ff9185ac522573976edc678d4be2bd371d056bf,4621-20,BACKFILL_EXACT,
3565,4621-25,فیلر نواری 5متری اینسایز مدل 4621-25,فیلر-نواری-5-متری-025mm-اینسایز-insize-مدل-25-4621,3,INSIZE | اینسایز,26,FEELER_GAUGE,,4621-25,4621-25,4621-25,generic.v1,PROFILE_MISSING,1,oem_product_list,/home/shebahati/KaZar/Product and Data Complete/اندازه گیری/اینسایز/لیست محصولات.pdf,tier1_3_registry_match,6973018c3eeaad81327c31084ff9185ac522573976edc678d4be2bd371d056bf,4621-25,BACKFILL_EXACT,
3566,4621-30,فیلر نواری 5متری اینسایز مدل 4621-30,فیلر-نواری-5-متری-030mm-اینسایز-insize-مدل-30-4621,3,INSIZE | اینسایز,26,FEELER_GAUGE,,4621-30,4621-30,4621-30,generic.v1,PROFILE_MISSING,1,oem_product_list,/home/shebahati/KaZar/Product and Data Complete/اندازه گیری/اینسایز/لیست محصولات.pdf,tier1_3_registry_match,6973018c3eeaad81327c31084ff9185ac522573976edc678d4be2bd371d056bf,4621-30,BACKFILL_EXACT,
3567,4621-40,فیلر نواری 5متری اینسایز مدل 4621-40,فیلر-نواری-5-متری-040mm-اینسایز-insize-مدل-40-4621,3,INSIZE | اینسایز,26,FEELER_GAUGE,,4621-40,4621-40,4621-40,generic.v1,PROFILE_MISSING,1,oem_product_list,/home/shebahati/KaZar/Product and Data Complete/اندازه گیری/اینسایز/لیست محصولات.pdf,tier1_3_registry_match,6973018c3eeaad81327c31084ff9185ac522573976edc678d4be2bd371d056bf,4621-40,BACKFILL_EXACT,
3568,4621-50,فیلر نواری 5متری اینسایز مدل 4621-50,فیلر-نواری-5-متری-050mm-اینسایز-insize-مدل-50-4621,3,INSIZE | اینسایز,26,FEELER_GAUGE,,4621-50,4621-50,4621-50,generic.v1,PROFILE_MISSING,1,oem_product_list,/home/shebahati/KaZar/Product and Data Complete/اندازه گیری/اینسایز/لیست محصولات.pdf,tier1_3_registry_match,6973018c3eeaad81327c31084ff9185ac522573976edc678d4be2bd371d056bf,4621-50,BACKFILL_EXACT,
3569,4621-70,فیلر نواری 5متری اینسایز مدل 4621-70,فیلر-نواری-5-متری-070mm-اینسایز-insize-مدل-70-4621,3,INSIZE | اینسایز,26,FEELER_GAUGE,,4621-70,4621-70,4621-70,generic.v1,PROFILE_MISSING,1,oem_product_list,/home/shebahati/KaZar/Product and Data Complete/اندازه گیری/اینسایز/لیست محصولات.pdf,tier1_3_registry_match,6973018c3eeaad81327c31084ff9185ac522573976edc678d4be2bd371d056bf,4621-70,BACKFILL_EXACT,
3570,4621-80,فیلر نواری 5 متری 0.80mm اینسایز (Insize) مدل 80-4621,فیلر-نواری-5-متری-080mm-اینسایز-insize-مدل-80-4621,3,INSIZE | اینسایز,26,FEELER_GAUGE,,80-4621,4621-80,80-4621|4621-80,generic.v1,PROFILE_MISSING,1,oem_product_list,/home/shebahati/KaZar/Product and Data Complete/اندازه گیری/اینسایز/لیست محصولات.pdf,tier1_3_registry_match,6973018c3eeaad81327c31084ff9185ac522573976edc678d4be2bd371d056bf,4621-80,BACKFILL_EXACT,
3571,4621-90,فیلر نواری 5متری اینسایز مدل 4621-90,فیلر-نواری-5-متری-090mm-اینسایز-insize-مدل-90-4621,3,INSIZE | اینسایز,26,FEELER_GAUGE,,4621-90,4621-90,4621-90,generic.v1,PROFILE_MISSING,1,oem_product_list,/home/shebahati/KaZar/Product and Data Complete/اندازه گیری/اینسایز/لیست محصولات.pdf,tier1_3_registry_match,6973018c3eeaad81327c31084ff9185ac522573976edc678d4be2bd371d056bf,4621-90,BACKFILL_EXACT,
3572,4166-0D,پین گیج 31 پارچه 0.50 – 0.20 میلی متری اینسایز (Insize) مدل 4166-0D,پین-گیج-31-پارچه-050-020-میلی-متری-اینسایز-insize-مدل-4166-0d,3,INSIZE | اینسایز,24,PIN_GAUGE,,4166-0D,4166-0D,4166-0D,generic.v1,PROFILE_MISSING,1,oem_product_list,/home/shebahati/KaZar/Product and Data Complete/اندازه گیری/اینسایز/لیست محصولات.pdf,tier1_3_registry_match,6973018c3eeaad81327c31084ff9185ac522573976edc678d4be2bd371d056bf,4166-0D,BACKFILL_EXACT,
3573,3210-25,میکرومتر اینسایز (Insize) 25-0 میلی متر خارج سنج 0.001 مدل 25-3210,میکرومتر-اینسایز-insize-25-0-میلی-متر-خارج-سنج-0001-مدل-25-3210,3,INSIZE | اینسایز,13,OUTSIDE_MICROMETER,,25-3210,3210-25,25-3210|3210-25,generic.v1,PROFILE_MISSING,1,oem_product_list,/home/shebahati/KaZar/Product and Data Complete/اندازه گیری/اینسایز/لیست محصولات.pdf,tier1_3_registry_match,6973018c3eeaad81327c31084ff9185ac522573976edc678d4be2bd371d056bf,3210-25,BACKFILL_EXACT,
3574,3210-50,میکرومتر اینسایز (Insize) 50-25 میلی متر خارج سنج مدل 50-3210,میکرومتر-اینسایز-insize-50-25-میلی-متر-خارج-سنج-مدل-50-3210,3,INSIZE | اینسایز,13,OUTSIDE_MICROMETER,,50-3210,3210-50,50-3210|3210-50,generic.v1,PROFILE_MISSING,1,oem_product_list,/home/shebahati/KaZar/Product and Data Complete/اندازه گیری/اینسایز/لیست محصولات.pdf,tier1_3_registry_match,6973018c3eeaad81327c31084ff9185ac522573976edc678d4be2bd371d056bf,3210-50,BACKFILL_EXACT,
3575,3400-25,میکرومتر کنتور دار خارج سنج اینسایز مدل 3400-25,میکرومتر-اینسایز-insize-25-0-میلی-متر-خارج-سنج-کنتور-دار-مدل-25-3400,3,INSIZE | اینسایز,13,OUTSIDE_MICROMETER,,3400-25,3400-25,3400-25,generic.v1,PROFILE_MISSING,1,oem_product_list,/home/shebahati/KaZar/Product and Data Complete/اندازه گیری/اینسایز/لیست محصولات.pdf,tier1_3_registry_match,6973018c3eeaad81327c31084ff9185ac522573976edc678d4be2bd371d056bf,3400-25,BACKFILL_EXACT,
3576,7110-1500,خط کش فلزی 1.5 متری اینسایز (Insize) مدل 1500-7110,خط-کش-فلزی-15-متری-اینسایز-insize-مدل-1500-7110,3,INSIZE | اینسایز,29,STEEL_RULE,,1500-7110,7110-1500,1500-7110|7110-1500,generic.v1,PROFILE_MISSING,1,oem_product_list,/home/shebahati/KaZar/Product and Data Complete/اندازه گیری/اینسایز/لیست محصولات.pdf,tier1_3_registry_match,6973018c3eeaad81327c31084ff9185ac522573976edc678d4be2bd371d056bf,7110-1500,BACKFILL_EXACT,
3577,7110-2000,Flexible Rulers اینسایز مدل 7110-2000,خط-کش-فلزی-2-متری-اینسایز-insize-مدل-2000-7110,3,INSIZE | اینسایز,29,STEEL_RULE,,7110-2000,7110-2000,7110-2000,generic.v1,PROFILE_MISSING,1,oem_product_list,/home/shebahati/KaZar/Product and Data Complete/اندازه گیری/اینسایز/لیست محصولات.pdf,tier1_3_registry_match,6973018c3eeaad81327c31084ff9185ac522573976edc678d4be2bd371d056bf,7110-2000,BACKFILL_EXACT,
3578,1240-1501,کولیس معمولی 15 سانتی متر عمق سنج استن استیل اینسایز مدل 1240-1501,کولیس-معمولی-اینسایز-insize-15-سانتی-متر-عمق-سنج-استن-استیل-مدل-1501-1240,3,INSIZE | اینسایز,2,DEPTH_GAUGE,,1240-1501,1240-1501,1240-1501,generic.v1,PROFILE_MISSING,1,oem_product_list,/home/shebahati/KaZar/Product and Data Complete/اندازه گیری/اینسایز/لیست محصولات.pdf,tier1_3_registry_match,6973018c3eeaad81327c31084ff9185ac522573976edc678d4be2bd371d056bf,1240-1501,BACKFILL_EXACT,
3579,4166-1,پین گیج 51 پارچه 1 – 0.5 میلی متری اینسایز (Insize) مدل 1-4166,پین-گیج-51-پارچه-1-05-میلی-متری-اینسایز-insize-مدل-1-4166,3,INSIZE | اینسایز,24,PIN_GAUGE,,1-4166,4166-1,1-4166|4166-1,generic.v1,PROFILE_MISSING,1,oem_product_list,/home/shebahati/KaZar/Product and Data Complete/اندازه گیری/اینسایز/لیست محصولات.pdf,tier1_3_registry_match,6973018c3eeaad81327c31084ff9185ac522573976edc678d4be2bd371d056bf,4166-1,BACKFILL_EXACT,
3580,1240-2001,کولیس معمولی 20 سانتی متر عمق سنج استن استیل اینسایز مدل 1240-2001,کولیس-معمولی-اینسایز-insize-20-سانتی-متر-عمق-سنج-استن-استیل-مدل-2001-1240,3,INSIZE | اینسایز,2,DEPTH_GAUGE,,1240-2001,1240-2001,1240-2001,generic.v1,PROFILE_MISSING,1,oem_product_list,/home/shebahati/KaZar/Product and Data Complete/اندازه گیری/اینسایز/لیست محصولات.pdf,tier1_3_registry_match,6973018c3eeaad81327c31084ff9185ac522573976edc678d4be2bd371d056bf,1240-2001,BACKFILL_EXACT,
3581,1240-3001,کولیس عمق سنج 30 سانتی متر اینسایز مدل 1240-3001,کولیس-عمق-سنج-30-سانتی-متر-اینسایز-insize-مدل-3001-1240,3,INSIZE | اینسایز,2,DEPTH_GAUGE,,1240-3001,1240-3001,1240-3001,generic.v1,PROFILE_MISSING,1,oem_product_list,/home/shebahati/KaZar/Product and Data Complete/اندازه گیری/اینسایز/لیست محصولات.pdf,tier1_3_registry_match,6973018c3eeaad81327c31084ff9185ac522573976edc678d4be2bd371d056bf,1240-3001,BACKFILL_EXACT,
3582,4166-1D,پین گیج 51 پارچه 1.5- 1 میلی متری اینسایز (Insize) مدل 1D-4166,پین-گیج-51-پارچه-15-1-میلی-متری-اینسایز-insize-مدل-1d-4166,3,INSIZE | اینسایز,24,PIN_GAUGE,,1D-4166,4166-1D,1D-4166|4166-1D,generic.v1,PROFILE_MISSING,1,oem_product_list,/home/shebahati/KaZar/Product and Data Complete/اندازه گیری/اینسایز/لیست محصولات.pdf,tier1_3_registry_match,6973018c3eeaad81327c31084ff9185ac522573976edc678d4be2bd371d056bf,4166-1D,BACKFILL_EXACT,
3583,1240-5001,کولیس معمولی اینسایز (Insize) 50 سانتی متر عمق سنج استن استیل مدل 5001-1240,کولیس-معمولی-اینسایز-insize-50-سانتی-متر-عمق-سنج-استن-استیل-مدل-5001-1240,3,INSIZE | اینسایز,2,DEPTH_GAUGE,,5001-1240,1240-5001,5001-1240|1240-5001,generic.v1,PROFILE_MISSING,1,oem_product_list,/home/shebahati/KaZar/Product and Data Complete/اندازه گیری/اینسایز/لیست محصولات.pdf,tier1_3_registry_match,6973018c3eeaad81327c31084ff9185ac522573976edc678d4be2bd371d056bf,1240-5001,BACKFILL_EXACT,
3584,4166-2,پین گیج 51 پارچه 2 – 1.50 میلی متری اینسایز (Insize) مدل 2-4166,پین-گیج-51-پارچه-2-150-میلی-متری-اینسایز-insize-مدل-2-4166,3,INSIZE | اینسایز,24,PIN_GAUGE,,2-4166,4166-2,2-4166|4166-2,generic.v1,PROFILE_MISSING,1,oem_product_list,/home/shebahati/KaZar/Product and Data Complete/اندازه گیری/اینسایز/لیست محصولات.pdf,tier1_3_registry_match,6973018c3eeaad81327c31084ff9185ac522573976edc678d4be2bd371d056bf,4166-2,BACKFILL_EXACT,
3585,4166-2D,پین گیج 51 پارچه 2.50-2 میلیمتری اینسایز (Insize) مدل 2D-4166,پین-گیج-51-پارچه-250-2-میلیمتری-اینسایز-insize-مدل-2d-4166,3,INSIZE | اینسایز,24,PIN_GAUGE,,2D-4166,4166-2D,2D-4166|4166-2D,generic.v1,PROFILE_MISSING,1,oem_product_list,/home/shebahati/KaZar/Product and Data Complete/اندازه گیری/اینسایز/لیست محصولات.pdf,tier1_3_registry_match,6973018c3eeaad81327c31084ff9185ac522573976edc678d4be2bd371d056bf,4166-2D,BACKFILL_EXACT,
3586,4166-3,پین گیج 51 پارچه 3 -2.50 میلی متری اینسایز(Insize) مدل 3-4166,پین-گیج-51-پارچه-3-250-میلی-متری-اینسایزinsize-مدل-3-4166,3,INSIZE | اینسایز,24,PIN_GAUGE,,3-4166,4166-3,3-4166|4166-3,generic.v1,PROFILE_MISSING,1,oem_product_list,/home/shebahati/KaZar/Product and Data Complete/اندازه گیری/اینسایز/لیست محصولات.pdf,tier1_3_registry_match,6973018c3eeaad81327c31084ff9185ac522573976edc678d4be2bd371d056bf,4166-3,BACKFILL_EXACT,
3587,4166-4,پین گیج 51 پارچه 4-3.50 میلی متری اینسایز (Insize) مدل 4-4166,پین-گیج-51-پارچه-4-350-میلی-متری-اینسایز-insize-مدل-4-4166,3,INSIZE | اینسایز,24,PIN_GAUGE,,4-4166,4166-4,4-4166|4166-4,generic.v1,PROFILE_MISSING,1,oem_product_list,/home/shebahati/KaZar/Product and Data Complete/اندازه گیری/اینسایز/لیست محصولات.pdf,tier1_3_registry_match,6973018c3eeaad81327c31084ff9185ac522573976edc678d4be2bd371d056bf,4166-4,BACKFILL_EXACT,
3588,4166-4D,پین گیج 51 پارچه 4.50-4 میلی متری اینسایز (Insize) مدل 4D-4166,پین-گیج-51-پارچه-450-4-میلی-متری-اینسایز-insize-مدل-4d-4166,3,INSIZE | اینسایز,24,PIN_GAUGE,,4D-4166,4166-4D,4D-4166|4166-4D,generic.v1,PROFILE_MISSING,1,oem_product_list,/home/shebahati/KaZar/Product and Data Complete/اندازه گیری/اینسایز/لیست محصولات.pdf,tier1_3_registry_match,6973018c3eeaad81327c31084ff9185ac522573976edc678d4be2bd371d056bf,4166-4D,BACKFILL_EXACT,
3589,4166-5,پین گیج 51 پارچه 5 – 4.50 میلی متری اینسایز مدل (Insize) 4166-5,پین-گیج-51-پارچه-5-450-میلی-متری-اینسایز-مدل-insize-4166-5,3,INSIZE | اینسایز,24,PIN_GAUGE,,(Insize) 4166-5,4166-5,(Insize) 4166-5|4166-5,generic.v1,PROFILE_MISSING,1,oem_product_list,/home/shebahati/KaZar/Product and Data Complete/اندازه گیری/اینسایز/لیست محصولات.pdf,tier1_3_registry_match,6973018c3eeaad81327c31084ff9185ac522573976edc678d4be2bd371d056bf,4166-5,BACKFILL_EXACT,
3590,4166-5D,پین گیج 51 پارچه 5.50 – 5 میلی متری اینسایز (Insize) مدل 5D-4166,پین-گیج-51-پارچه-550-5-میلی-متری-اینسایز-insize-مدل-5d-4166,3,INSIZE | اینسایز,24,PIN_GAUGE,,5D-4166,4166-5D,5D-4166|4166-5D,generic.v1,PROFILE_MISSING,1,oem_product_list,/home/shebahati/KaZar/Product and Data Complete/اندازه گیری/اینسایز/لیست محصولات.pdf,tier1_3_registry_match,6973018c3eeaad81327c31084ff9185ac522573976edc678d4be2bd371d056bf,4166-5D,BACKFILL_EXACT,
3591,4166-6,پین گیج 51 پارچه 6 -5.5 میلی متری اینسایز (Insize) مدل 6-4166,پین-گیج-51-پارچه-6-55-میلی-متری-اینسایز-insize-مدل-6-4166,3,INSIZE | اینسایز,24,PIN_GAUGE,,6-4166,4166-6,6-4166|4166-6,generic.v1,PROFILE_MISSING,1,oem_product_list,/home/shebahati/KaZar/Product and Data Complete/اندازه گیری/اینسایز/لیست محصولات.pdf,tier1_3_registry_match,6973018c3eeaad81327c31084ff9185ac522573976edc678d4be2bd371d056bf,4166-6,BACKFILL_EXACT,
3592,1145-25,کولیس دیجیتال اینسایز (Insize) 2.5 سانتی متر عمق سنج مدل 25-1145,کولیس-دیجیتال-اینسایز-insize-25-سانتی-متر-عمق-سنج-مدل-25-1145,3,INSIZE | اینسایز,2,DEPTH_GAUGE,,25-1145,1145-25,25-1145|1145-25,generic.v1,PROFILE_MISSING,1,oem_product_list,/home/shebahati/KaZar/Product and Data Complete/اندازه گیری/اینسایز/لیست محصولات.pdf,tier1_3_registry_match,6973018c3eeaad81327c31084ff9185ac522573976edc678d4be2bd371d056bf,1145-25,BACKFILL_EXACT,
3593,4166-6D,پین گیج 51 پارچه 6.5 – 6 میلی متری اینسایز (Insize) مدل 6D-4166,پین-گیج-51-پارچه-65-6-میلی-متری-اینسایز-insize-مدل-6d-4166,3,INSIZE | اینسایز,24,PIN_GAUGE,,6D-4166,4166-6D,6D-4166|4166-6D,generic.v1,PROFILE_MISSING,1,oem_product_list,/home/shebahati/KaZar/Product and Data Complete/اندازه گیری/اینسایز/لیست محصولات.pdf,tier1_3_registry_match,6973018c3eeaad81327c31084ff9185ac522573976edc678d4be2bd371d056bf,4166-6D,BACKFILL_EXACT,
3594,4166-7,پین گیج 51 پارچه 7 – 6.5 میلی متری اینسایز (Insize) مدل 7-4166,پین-گیج-51-پارچه-7-65-میلی-متری-اینسایز-insize-مدل-7-4166,3,INSIZE | اینسایز,24,PIN_GAUGE,,7-4166,4166-7,7-4166|4166-7,generic.v1,PROFILE_MISSING,1,oem_product_list,/home/shebahati/KaZar/Product and Data Complete/اندازه گیری/اینسایز/لیست محصولات.pdf,tier1_3_registry_match,6973018c3eeaad81327c31084ff9185ac522573976edc678d4be2bd371d056bf,4166-7,BACKFILL_EXACT,
3595,1140-50,کولیس دیجیتال اینسایز (Insize) 5 سانتی متر عمق سنج مدل 50-1140,کولیس-دیجیتال-اینسایز-insize-5-سانتی-متر-عمق-سنج-مدل-50-1140,3,INSIZE | اینسایز,2,DEPTH_GAUGE,,50-1140,1140-50,50-1140|1140-50,generic.v1,PROFILE_MISSING,1,oem_product_list,/home/shebahati/KaZar/Product and Data Complete/اندازه گیری/اینسایز/لیست محصولات.pdf,tier1_3_registry_match,6973018c3eeaad81327c31084ff9185ac522573976edc678d4be2bd371d056bf,1140-50,BACKFILL_EXACT,
3596,4166-7D,پین گیج 51 پارچه 7.5- 7 میلی متری اینسایز (Insize) مدل 7D-4166,پین-گیج-51-پارچه-75-7-میلی-متری-اینسایز-insize-مدل-7d-4166,3,INSIZE | اینسایز,24,PIN_GAUGE,,7D-4166,4166-7D,7D-4166|4166-7D,generic.v1,PROFILE_MISSING,1,oem_product_list,/home/shebahati/KaZar/Product and Data Complete/اندازه گیری/اینسایز/لیست محصولات.pdf,tier1_3_registry_match,6973018c3eeaad81327c31084ff9185ac522573976edc678d4be2bd371d056bf,4166-7D,BACKFILL_EXACT,
3597,4166-9,پین گیج 51 پارچه 9 – 8.5 میلی متری اینسایز (Insize) مدل 9-4166,پین-گیج-51-پارچه-9-85-میلی-متری-اینسایز-insize-مدل-9-4166,3,INSIZE | اینسایز,24,PIN_GAUGE,,9-4166,4166-9,9-4166|4166-9,generic.v1,PROFILE_MISSING,1,oem_product_list,/home/shebahati/KaZar/Product and Data Complete/اندازه گیری/اینسایز/لیست محصولات.pdf,tier1_3_registry_match,6973018c3eeaad81327c31084ff9185ac522573976edc678d4be2bd371d056bf,4166-9,BACKFILL_EXACT,
3598,4166-8,پین گیج 51 پارچه 8 – 7.5 میلی متری اینسایز (Insize) مدل 8-4166,پین-گیج-51-پارچه-8-75-میلی-متری-اینسایز-insize-مدل-8-4166,3,INSIZE | اینسایز,24,PIN_GAUGE,,8-4166,4166-8,8-4166|4166-8,generic.v1,PROFILE_MISSING,1,oem_product_list,/home/shebahati/KaZar/Product and Data Complete/اندازه گیری/اینسایز/لیست محصولات.pdf,tier1_3_registry_match,6973018c3eeaad81327c31084ff9185ac522573976edc678d4be2bd371d056bf,4166-8,BACKFILL_EXACT,
3599,3240-25,میکرومتر اینسایز (Insize) 25 سانتی متر عمق سنج صلیبی مدل 25-3240,میکرومتر-اینسایز-insize-25-سانتی-متر-عمق-سنج-صلیبی-مدل-25-3240,3,INSIZE | اینسایز,15,DEPTH_MICROMETER,,25-3240,3240-25,25-3240|3240-25,generic.v1,PROFILE_MISSING,1,oem_product_list,/home/shebahati/KaZar/Product and Data Complete/اندازه گیری/اینسایز/لیست محصولات.pdf,tier1_3_registry_match,6973018c3eeaad81327c31084ff9185ac522573976edc678d4be2bd371d056bf,3240-25,BACKFILL_EXACT,
3600,4166-8D,پین گیج 51 پارچه 8.5 – 8 میلی متری اینسایز (Insize) مدل 8D-4166,پین-گیج-51-پارچه-85-8-میلی-متری-اینسایز-insize-مدل-8d-4166,3,INSIZE | اینسایز,24,PIN_GAUGE,,8D-4166,4166-8D,8D-4166|4166-8D,generic.v1,PROFILE_MISSING,1,oem_product_list,/home/shebahati/KaZar/Product and Data Complete/اندازه گیری/اینسایز/لیست محصولات.pdf,tier1_3_registry_match,6973018c3eeaad81327c31084ff9185ac522573976edc678d4be2bd371d056bf,4166-8D,BACKFILL_EXACT,
3601,4166-9D,پین گیج 51 پارچه 9.5 – 9 میلی متری اینسایز (Insize) مدل 9D-4166,پین-گیج-51-پارچه-95-9-میلی-متری-اینسایز-insize-مدل-9d-4166,3,INSIZE | اینسایز,24,PIN_GAUGE,,9D-4166,4166-9D,9D-4166|4166-9D,generic.v1,PROFILE_MISSING,1,oem_product_list,/home/shebahati/KaZar/Product and Data Complete/اندازه گیری/اینسایز/لیست محصولات.pdf,tier1_3_registry_match,6973018c3eeaad81327c31084ff9185ac522573976edc678d4be2bd371d056bf,4166-9D,BACKFILL_EXACT,
3602,6284-3,پراب ساعت شیطانکی اینسایز مدل 6284-3,پراب-ساعت-شیطانکی-اینسایز-insize-مدل-3-6284,3,INSIZE | اینسایز,,,,6284-3,6284-3,6284-3,generic.v1,PROFILE_MISSING,1,oem_product_list,/home/shebahati/KaZar/Product and Data Complete/اندازه گیری/اینسایز/لیست محصولات.pdf,tier1_3_registry_match,6973018c3eeaad81327c31084ff9185ac522573976edc678d4be2bd371d056bf,6284-3,BACKFILL_EXACT,
3603,4790-0150,گونیا مویی 15 سانتی اینسایز (Insize) مدل 0150-4790,گونیا-مویی-15-سانتی-اینسایز-insize-مدل-0150-4790,3,INSIZE | اینسایز,35,ENGINEERS_SQUARE,,0150-4790,4790-0150,0150-4790|4790-0150,generic.v1,PROFILE_MISSING,1,oem_product_list,/home/shebahati/KaZar/Product and Data Complete/اندازه گیری/اینسایز/لیست محصولات.pdf,tier1_3_registry_match,6973018c3eeaad81327c31084ff9185ac522573976edc678d4be2bd371d056bf,4790-0150,BACKFILL_EXACT,
3604,4790-0100,گرید 00 اینسایز مدل 4790-0100,گونیا-مویی-10-سانتی-اینسایز-insize-مدل-0100-4790,3,INSIZE | اینسایز,35,ENGINEERS_SQUARE,,4790-0100,4790-0100,4790-0100,generic.v1,PROFILE_MISSING,1,oem_product_list,/home/shebahati/KaZar/Product and Data Complete/اندازه گیری/اینسایز/لیست محصولات.pdf,tier1_3_registry_match,6973018c3eeaad81327c31084ff9185ac522573976edc678d4be2bd371d056bf,4790-0100,BACKFILL_EXACT,
3605,4745-1120,گونیا 45 درجه اینسایز (Insize) مدل 1120-4745,گونیا-45-درجه-اینسایز-insize-مدل-1120-4745,3,INSIZE | اینسایز,35,ENGINEERS_SQUARE,,1120-4745,4745-1120,1120-4745|4745-1120,generic.v1,PROFILE_MISSING,1,oem_product_list,/home/shebahati/KaZar/Product and Data Complete/اندازه گیری/اینسایز/لیست محصولات.pdf,tier1_3_registry_match,6973018c3eeaad81327c31084ff9185ac522573976edc678d4be2bd371d056bf,4745-1120,BACKFILL_EXACT,
3606,7114-2200,سیرکومتر 700-300 میلی متر اینسایز (Insize) مدل 2200-7114,سیرکومتر-700-300-میلی-متر-اینسایز-insize-مدل-2200-7114,3,INSIZE | اینسایز,30,MEASURING_TAPE,,2200-7114,7114-2200,2200-7114|7114-2200,generic.v1,PROFILE_MISSING,1,oem_product_list,/home/shebahati/KaZar/Product and Data Complete/اندازه گیری/اینسایز/لیست محصولات.pdf,tier1_3_registry_match,6973018c3eeaad81327c31084ff9185ac522573976edc678d4be2bd371d056bf,7114-2200,BACKFILL_EXACT,
3607,7114-3460,سیرکومتر 1100-700 میلی متر اینسایز مدل 7114-3460,سیرکومتر-1100-700-میلی-متر-اینسایز-insize-مدل-3460-7114,3,INSIZE | اینسایز,30,MEASURING_TAPE,,7114-3460,7114-3460,7114-3460,generic.v1,PROFILE_MISSING,1,oem_product_list,/home/shebahati/KaZar/Product and Data Complete/اندازه گیری/اینسایز/لیست محصولات.pdf,tier1_3_registry_match,6973018c3eeaad81327c31084ff9185ac522573976edc678d4be2bd371d056bf,7114-3460,BACKFILL_EXACT,
3609,7140-3,متر 3متری اینسایز مدل 7140-3,متر-3-متری-اینسایز-insize-مدل-3-7140,3,INSIZE | اینسایز,30,MEASURING_TAPE,,7140-3,7140-3,7140-3,generic.v1,PROFILE_MISSING,1,oem_product_list,/home/shebahati/KaZar/Product and Data Complete/اندازه گیری/اینسایز/لیست محصولات.pdf,tier1_3_registry_match,6973018c3eeaad81327c31084ff9185ac522573976edc678d4be2bd371d056bf,7140-3,BACKFILL_EXACT,
3610,7140-5,متر 5متری اینسایز مدل 7140-5,متر-5-متری-اینسایز-insize-مدل-5-7140,3,INSIZE | اینسایز,30,MEASURING_TAPE,,7140-5,7140-5,7140-5,generic.v1,PROFILE_MISSING,1,oem_product_list,/home/shebahati/KaZar/Product and Data Complete/اندازه گیری/اینسایز/لیست محصولات.pdf,tier1_3_registry_match,6973018c3eeaad81327c31084ff9185ac522573976edc678d4be2bd371d056bf,7140-5,BACKFILL_EXACT,
3611,2112-10,ساعت اندیکاتور دیجیتال اینسایز مدل 2112-10,ساعت-اندیکاتور-دیجیتال-اینسایز-insize-مدل-10-2112,3,INSIZE | اینسایز,17,DIAL_INDICATOR,,2112-10,2112-10,2112-10,generic.v1,PROFILE_MISSING,1,oem_product_list,/home/shebahati/KaZar/Product and Data Complete/اندازه گیری/اینسایز/لیست محصولات.pdf,tier1_3_registry_match,6973018c3eeaad81327c31084ff9185ac522573976edc678d4be2bd371d056bf,2112-10,BACKFILL_EXACT,
3612,2112-25,ساعت اندیکاتور دیجیتال کورس 25میلیمتر اینسایز مدل 2112-25,ساعت-اندیکاتور-دیجیتال-کورس-25-میلی-متری-اینسایز-insize-مدل-25-2112,3,INSIZE | اینسایز,17,DIAL_INDICATOR,,2112-25,2112-25,2112-25,generic.v1,PROFILE_MISSING,1,oem_product_list,/home/shebahati/KaZar/Product and Data Complete/اندازه گیری/اینسایز/لیست محصولات.pdf,tier1_3_registry_match,6973018c3eeaad81327c31084ff9185ac522573976edc678d4be2bd371d056bf,2112-25,BACKFILL_EXACT,
3613,2112-50,ساعت اندیکاتور دیجیتال کورس 50 میلی متری اینسایز (Insize) مدل 50-2112,ساعت-اندیکاتور-دیجیتال-کورس-50-میلی-متری-اینسایز-insize-مدل-50-2112,3,INSIZE | اینسایز,17,DIAL_INDICATOR,,50-2112,2112-50,50-2112|2112-50,generic.v1,PROFILE_MISSING,1,oem_product_list,/home/shebahati/KaZar/Product and Data Complete/اندازه گیری/اینسایز/لیست محصولات.pdf,tier1_3_registry_match,6973018c3eeaad81327c31084ff9185ac522573976edc678d4be2bd371d056bf,2112-50,BACKFILL_EXACT,
3614,2380-08,ساعت شیطانکی اینسایز مدل 2380-08,ساعت-شیطانکی-اینسایز-insize-مدل-08-2380,3,INSIZE | اینسایز,16,TEST_INDICATOR,,2380-08,2380-08,2380-08,generic.v1,PROFILE_MISSING,1,oem_product_list,/home/shebahati/KaZar/Product and Data Complete/اندازه گیری/اینسایز/لیست محصولات.pdf,tier1_3_registry_match,6973018c3eeaad81327c31084ff9185ac522573976edc678d4be2bd371d056bf,2380-08,BACKFILL_EXACT,
3615,2381-08,ساعت شیطانکی صفحه بزرگ اینسایز مدل 2381-08,ساعت-شیطانکی-صفحه-بزرگ-اینسایز-insize-مدل-08-2381,3,INSIZE | اینسایز,16,TEST_INDICATOR,,2381-08,2381-08,2381-08,generic.v1,PROFILE_MISSING,1,oem_product_list,/home/shebahati/KaZar/Product and Data Complete/اندازه گیری/اینسایز/لیست محصولات.pdf,tier1_3_registry_match,6973018c3eeaad81327c31084ff9185ac522573976edc678d4be2bd371d056bf,2381-08,BACKFILL_EXACT,
3616,2381-02,ساعت شیطانکی صفحه بزرگ دو هزارم اینسایز مدل 2381-02,ساعت-شیطانکی-صفحه-بزرگ-اینسایز-insize-مدل-02-2381,3,INSIZE | اینسایز,16,TEST_INDICATOR,,2381-02,2381-02,2381-02,generic.v1,PROFILE_MISSING,1,oem_product_list,/home/shebahati/KaZar/Product and Data Complete/اندازه گیری/اینسایز/لیست محصولات.pdf,tier1_3_registry_match,6973018c3eeaad81327c31084ff9185ac522573976edc678d4be2bd371d056bf,2381-02,BACKFILL_EXACT,
3617,2302-25,"Dial Indicators (Long Stroke, Basic Type) اینسایز مدل 2302-25",ساعت-اندیکاتور-کورس-25-میلی-متری-اینسایز-insize-مدل-25-2302,3,INSIZE | اینسایز,17,DIAL_INDICATOR,,2302-25,2302-25,2302-25,generic.v1,PROFILE_MISSING,1,oem_product_list,/home/shebahati/KaZar/Product and Data Complete/اندازه گیری/اینسایز/لیست محصولات.pdf,tier1_3_registry_match,6973018c3eeaad81327c31084ff9185ac522573976edc678d4be2bd371d056bf,2302-25,BACKFILL_EXACT,
3618,2310-30,ساعت اندیکاتور کورس 30 میلی متر اینسایز (Insize) مدل 30-2310,ساعت-اندیکاتور-کورس-30-میلی-متر-اینسایز-insize-مدل-30-2310,3,INSIZE | اینسایز,17,DIAL_INDICATOR,,30-2310,2310-30,30-2310|2310-30,generic.v1,PROFILE_MISSING,1,oem_product_list,/home/shebahati/KaZar/Product and Data Complete/اندازه گیری/اینسایز/لیست محصولات.pdf,tier1_3_registry_match,6973018c3eeaad81327c31084ff9185ac522573976edc678d4be2bd371d056bf,2310-30,BACKFILL_EXACT,
3619,2309-50,ساعت اندیکاتور کورس 50میلیمتر اینسایز مدل 2309-50,ساعت-اندیکاتور-کورس-50-میلی-متری-اینسایز-insize-مدل-50-2309,3,INSIZE | اینسایز,17,DIAL_INDICATOR,,2309-50,2309-50,2309-50,generic.v1,PROFILE_MISSING,1,oem_product_list,/home/shebahati/KaZar/Product and Data Complete/اندازه گیری/اینسایز/لیست محصولات.pdf,tier1_3_registry_match,6973018c3eeaad81327c31084ff9185ac522573976edc678d4be2bd371d056bf,2309-50,BACKFILL_EXACT,
3621,2311-5,ساعت اندیکاتور دور کوچک کورس 5میلیمتر اینسایز مدل 2311-5,ساعت-اندیکاتور-دور-کوچک-کورس-5-میلی-متری-اینسایز-insize-مدل-5-2311,3,INSIZE | اینسایز,17,DIAL_INDICATOR,,2311-5,2311-5,2311-5,generic.v1,PROFILE_MISSING,1,oem_product_list,/home/shebahati/KaZar/Product and Data Complete/اندازه گیری/اینسایز/لیست محصولات.pdf,tier1_3_registry_match,6973018c3eeaad81327c31084ff9185ac522573976edc678d4be2bd371d056bf,2311-5,BACKFILL_EXACT,
3622,2301-10,ساعت اندیکاتور (جعبه مقوایی) اینسایز مدل 2301-10,ساعت-اندیکاتور-اینسایز-insize-مدل-10-2301,3,INSIZE | اینسایز,17,DIAL_INDICATOR,,2301-10,2301-10,2301-10,generic.v1,PROFILE_MISSING,1,oem_product_list,/home/shebahati/KaZar/Product and Data Complete/اندازه گیری/اینسایز/لیست محصولات.pdf,tier1_3_registry_match,6973018c3eeaad81327c31084ff9185ac522573976edc678d4be2bd371d056bf,2301-10,BACKFILL_EXACT,
3623,2318-10,ساعت اندیکاتور کورس 10 میلی متری اینسایز (Insize) مدل 10-2318,ساعت-اندیکاتور-کورس-10-میلی-متری-اینسایز-insize-مدل-10-2318,3,INSIZE | اینسایز,17,DIAL_INDICATOR,,10-2318,2318-10,10-2318|2318-10,generic.v1,PROFILE_MISSING,1,oem_product_list,/home/shebahati/KaZar/Product and Data Complete/اندازه گیری/اینسایز/لیست محصولات.pdf,tier1_3_registry_match,6973018c3eeaad81327c31084ff9185ac522573976edc678d4be2bd371d056bf,2318-10,BACKFILL_EXACT,
3624,2318-30,ساعت اندیکاتور کورس 30 میلی متری اینسایز (Insize) مدل 30-2318,ساعت-اندیکاتور-کورس-30-میلی-متری-اینسایز-insize-مدل-30-2318,3,INSIZE | اینسایز,17,DIAL_INDICATOR,,30-2318,2318-30,30-2318|2318-30,generic.v1,PROFILE_MISSING,1,oem_product_list,/home/shebahati/KaZar/Product and Data Complete/اندازه گیری/اینسایز/لیست محصولات.pdf,tier1_3_registry_match,6973018c3eeaad81327c31084ff9185ac522573976edc678d4be2bd371d056bf,2318-30,BACKFILL_EXACT,
3625,2114-5F,ساعت اندیکاتور دیجیتال دور کوچک اینسایز (Insize) مدل 5F-2114,ساعت-اندیکاتور-دیجیتال-دور-کوچک-اینسایز-insize-مدل-5f-2114,3,INSIZE | اینسایز,17,DIAL_INDICATOR,,5F-2114,2114-5F,5F-2114|2114-5F,generic.v1,PROFILE_MISSING,1,oem_product_list,/home/shebahati/KaZar/Product and Data Complete/اندازه گیری/اینسایز/لیست محصولات.pdf,tier1_3_registry_match,6973018c3eeaad81327c31084ff9185ac522573976edc678d4be2bd371d056bf,2114-5F,BACKFILL_EXACT,
3626,2103-10,ساعت اندیکاتور دیجیتال هزارم اینسایز (insize) مدل 10-2103,ساعت-اندیکاتور-دیجیتال-هزارم-اینسایز-insize-مدل-10-2103,3,INSIZE | اینسایز,17,DIAL_INDICATOR,,10-2103,2103-10,10-2103|2103-10,generic.v1,PROFILE_MISSING,1,oem_product_list,/home/shebahati/KaZar/Product and Data Complete/اندازه گیری/اینسایز/لیست محصولات.pdf,tier1_3_registry_match,6973018c3eeaad81327c31084ff9185ac522573976edc678d4be2bd371d056bf,2103-10,BACKFILL_EXACT,
3627,2118-10,ساعت اندیکاتور صفحه گردان دیجیتال اینسایز (Insize) مدل 10-2118,ساعت-اندیکاتور-صفحه-گردان-دیجیتال-اینسایز-insize-مدل-10-2118,3,INSIZE | اینسایز,17,DIAL_INDICATOR,,10-2118,2118-10,10-2118|2118-10,generic.v1,PROFILE_MISSING,1,oem_product_list,/home/shebahati/KaZar/Product and Data Complete/اندازه گیری/اینسایز/لیست محصولات.pdf,tier1_3_registry_match,6973018c3eeaad81327c31084ff9185ac522573976edc678d4be2bd371d056bf,2118-10,BACKFILL_EXACT,
3628,2852-10,بورگیج داخل سیلندر اینسایز (insize) 10-6 میلیمتر مدل 10-2852,بورگیج-داخل-سیلندر-اینسایز-insize-10-6-میلیمتر-مدل-10-2852,3,INSIZE | اینسایز,18,BORE_GAUGE,,10-2852,2852-10,10-2852|2852-10,generic.v1,PROFILE_MISSING,1,oem_product_list,/home/shebahati/KaZar/Product and Data Complete/اندازه گیری/اینسایز/لیست محصولات.pdf,tier1_3_registry_match,6973018c3eeaad81327c31084ff9185ac522573976edc678d4be2bd371d056bf,2852-10,BACKFILL_EXACT,
3629,2322-35,بورگیج داخل سیلندر اینسایز (Insize) 35-18 میلی متری مدل 35-2322,بورگیج-داخل-سیلندر-اینسایز-insize-35-18-میلی-متری-مدل-35-2322,3,INSIZE | اینسایز,18,BORE_GAUGE,,35-2322,2322-35,35-2322|2322-35,generic.v1,PROFILE_MISSING,1,oem_product_list,/home/shebahati/KaZar/Product and Data Complete/اندازه گیری/اینسایز/لیست محصولات.pdf,tier1_3_registry_match,6973018c3eeaad81327c31084ff9185ac522573976edc678d4be2bd371d056bf,2322-35,BACKFILL_EXACT,
3630,2322-60,بورگیج داخل سیلندر اینسایز (Insize) 60-35 میلی متری مدل 60-2322,بورگیج-داخل-سیلندر-اینسایز-insize-60-35-میلی-متری-مدل-60-2322,3,INSIZE | اینسایز,18,BORE_GAUGE,,60-2322,2322-60,60-2322|2322-60,generic.v1,PROFILE_MISSING,1,oem_product_list,/home/shebahati/KaZar/Product and Data Complete/اندازه گیری/اینسایز/لیست محصولات.pdf,tier1_3_registry_match,6973018c3eeaad81327c31084ff9185ac522573976edc678d4be2bd371d056bf,2322-60,BACKFILL_EXACT,
3631,2852-18,گیج داخل سیلندر اینسایز مدل 2852-18,بورگیج-داخل-سیلندر-اینسایز-insize-18-10-میلیمتر-مدل-18-2852,3,INSIZE | اینسایز,18,BORE_GAUGE,,2852-18,2852-18,2852-18,generic.v1,PROFILE_MISSING,1,oem_product_list,/home/shebahati/KaZar/Product and Data Complete/اندازه گیری/اینسایز/لیست محصولات.pdf,tier1_3_registry_match,6973018c3eeaad81327c31084ff9185ac522573976edc678d4be2bd371d056bf,2852-18,BACKFILL_EXACT,
3632,4602-20,فیلر 20تیغ 10سانت ( ) 0.05 ~ اینسایز مدل 4602-20,فیلر-20-تیغه-10-سانتی-متری-اینسایز-insize-مدل-20-4602,3,INSIZE | اینسایز,25,FEELER_GAUGE_SET,,4602-20,4602-20,4602-20,generic.v1,PROFILE_MISSING,1,oem_product_list,/home/shebahati/KaZar/Product and Data Complete/اندازه گیری/اینسایز/لیست محصولات.pdf,tier1_3_registry_match,6973018c3eeaad81327c31084ff9185ac522573976edc678d4be2bd371d056bf,4602-20,BACKFILL_EXACT,
3633,1203-1003,کولیس 10 سانتی متر اینسایز مدل 1203-1003,کولیس-اینسایز-insize-10-سانتی-متر-مدل-1003-1203,3,INSIZE | اینسایز,1,GEN_CALIPER,,1203-1003,1203-1003,1203-1003,generic.v1,PROFILE_MISSING,1,oem_product_list,/home/shebahati/KaZar/Product and Data Complete/اندازه گیری/اینسایز/لیست محصولات.pdf,tier1_3_registry_match,6973018c3eeaad81327c31084ff9185ac522573976edc678d4be2bd371d056bf,1203-1003,BACKFILL_EXACT,
3634,1214-2000,کولیس معمولی اینسایز (Insize) 2 متری استنلیس استیل مدل 2000-1214,کولیس-معمولی-اینسایز-insize-2-متری-استنلیس-استیل-مدل-2000-1214,3,INSIZE | اینسایز,1,GEN_CALIPER,,2000-1214,1214-2000,2000-1214|1214-2000,generic.v1,PROFILE_MISSING,1,oem_product_list,/home/shebahati/KaZar/Product and Data Complete/اندازه گیری/اینسایز/لیست محصولات.pdf,tier1_3_registry_match,6973018c3eeaad81327c31084ff9185ac522573976edc678d4be2bd371d056bf,1214-2000,BACKFILL_EXACT,
3635,1150-1000,کولیس دیجیتال اینسایز (Insize) 1 متری پایه دار مدل 1000-1150,کولیس-دیجیتال-اینسایز-insize-1-متری-پایه-دار-مدل-1000-1150,3,INSIZE | اینسایز,14,HEIGHT_GAUGE,,1000-1150,1150-1000,1000-1150|1150-1000,generic.v1,PROFILE_MISSING,1,oem_product_list,/home/shebahati/KaZar/Product and Data Complete/اندازه گیری/اینسایز/لیست محصولات.pdf,tier1_3_registry_match,6973018c3eeaad81327c31084ff9185ac522573976edc678d4be2bd371d056bf,1150-1000,BACKFILL_EXACT,
3636,1140-25,کولیس دیجیتال اینسایز (Insize) 2.5 سانتی متر عمق سنج مدل 25-1140,کولیس-دیجیتال-اینسایز-insize-25-سانتی-متر-عمق-سنج-مدل-25-1140,3,INSIZE | اینسایز,2,DEPTH_GAUGE,,25-1140,1140-25,25-1140|1140-25,generic.v1,PROFILE_MISSING,1,oem_product_list,/home/shebahati/KaZar/Product and Data Complete/اندازه گیری/اینسایز/لیست محصولات.pdf,tier1_3_registry_match,6973018c3eeaad81327c31084ff9185ac522573976edc678d4be2bd371d056bf,1140-25,BACKFILL_EXACT,
3637,2871-10,ضخامت سنج دیجیتال اینسایز مدل 2871-10,ضخامت-سنج-دیجیتال-10-0-میلی-متری-اینسایز-insize-مدل-10-2871,3,INSIZE | اینسایز,23,THICKNESS_GAUGE,,2871-10,2871-10,2871-10,generic.v1,PROFILE_MISSING,1,oem_product_list,/home/shebahati/KaZar/Product and Data Complete/اندازه گیری/اینسایز/لیست محصولات.pdf,tier1_3_registry_match,6973018c3eeaad81327c31084ff9185ac522573976edc678d4be2bd371d056bf,2871-10,BACKFILL_EXACT,
3638,2872-10,ضخامت سنج دیجیتال بازو بلند 10-0 میلی متری اینسایز (Insize) مدل 10-2872,ضخامت-سنج-دیجیتال-بازو-بلند-10-0-میلی-متری-اینسایز-insize-مدل-10-2872,3,INSIZE | اینسایز,23,THICKNESS_GAUGE,,10-2872,2872-10,10-2872|2872-10,generic.v1,PROFILE_MISSING,1,oem_product_list,/home/shebahati/KaZar/Product and Data Complete/اندازه گیری/اینسایز/لیست محصولات.pdf,tier1_3_registry_match,6973018c3eeaad81327c31084ff9185ac522573976edc678d4be2bd371d056bf,2872-10,BACKFILL_EXACT,
3640,3210-75,میکرومتر اینسایز (Insize) 75-50 میلی متر خارج سنج مدل 75-3210,میکرومتر-اینسایز-insize-75-50-میلی-متر-خارج-سنج-مدل-75-3210,3,INSIZE | اینسایز,13,OUTSIDE_MICROMETER,,75-3210,3210-75,75-3210|3210-75,generic.v1,PROFILE_MISSING,1,oem_product_list,/home/shebahati/KaZar/Product and Data Complete/اندازه گیری/اینسایز/لیست محصولات.pdf,tier1_3_registry_match,6973018c3eeaad81327c31084ff9185ac522573976edc678d4be2bd371d056bf,3210-75,BACKFILL_EXACT,
3641,3109-75,میکرومتر دیجیتال اینسایز (Insize) 75-50 میلی متر خارج سنج مدل 75-3109,میکرومتر-دیجیتال-اینسایز-insize-75-50-میلی-متر-خارج-سنج-مدل-75-3109,3,INSIZE | اینسایز,13,OUTSIDE_MICROMETER,,75-3109,3109-75,75-3109|3109-75,generic.v1,PROFILE_MISSING,1,oem_product_list,/home/shebahati/KaZar/Product and Data Complete/اندازه گیری/اینسایز/لیست محصولات.pdf,tier1_3_registry_match,6973018c3eeaad81327c31084ff9185ac522573976edc678d4be2bd371d056bf,3109-75,BACKFILL_EXACT,
3642,3291-25,میکرومتر اینسایز (Insize) 25-0 میلی متر گام پیچ مدل 25-3291,میکرومتر-اینسایز-insize-25-0-میلی-متر-گام-پیچ-مدل-25-3291,3,INSIZE | اینسایز,13,OUTSIDE_MICROMETER,,25-3291,3291-25,25-3291|3291-25,generic.v1,PROFILE_MISSING,1,oem_product_list,/home/shebahati/KaZar/Product and Data Complete/اندازه گیری/اینسایز/لیست محصولات.pdf,tier1_3_registry_match,6973018c3eeaad81327c31084ff9185ac522573976edc678d4be2bd371d056bf,3291-25,BACKFILL_EXACT,
3643,3232-75,میکرومتر اینسایز (Insize) 75-50 میلی متر نوک پیچ گوشتی مدل 75-3232,میکرومتر-اینسایز-insize-75-50-میلی-متر-نوک-پیچ-گوشتی-مدل-75-3232,3,INSIZE | اینسایز,13,OUTSIDE_MICROMETER,,75-3232,3232-75,75-3232|3232-75,generic.v1,PROFILE_MISSING,1,oem_product_list,/home/shebahati/KaZar/Product and Data Complete/اندازه گیری/اینسایز/لیست محصولات.pdf,tier1_3_registry_match,6973018c3eeaad81327c31084ff9185ac522573976edc678d4be2bd371d056bf,3232-75,BACKFILL_EXACT,
3644,3108-75,میکرومتر دیجیتال اینسایز (Insize) 75-50 میلی متر خارج سنج مدل 75-3108,میکرومتر-دیجیتال-اینسایز-insize-75-50-میلی-متر-خارج-سنج-مدل-75-3108,3,INSIZE | اینسایز,13,OUTSIDE_MICROMETER,,75-3108,3108-75,75-3108|3108-75,generic.v1,PROFILE_MISSING,1,oem_product_list,/home/shebahati/KaZar/Product and Data Complete/اندازه گیری/اینسایز/لیست محصولات.pdf,tier1_3_registry_match,6973018c3eeaad81327c31084ff9185ac522573976edc678d4be2bd371d056bf,3108-75,BACKFILL_EXACT,
3645,3520-30,میکرومتر دیجیتال اینسایز (Insize) 5-30 میلی متر داخل سنج مدل 30-3520,میکرومتر-دیجیتال-اینسایز-insize-5-30-میلی-متر-داخل-سنج-مدل-30-3520,3,INSIZE | اینسایز,19,INSIDE_MICROMETER,,30-3520,3520-30,30-3520|3520-30,generic.v1,PROFILE_MISSING,1,oem_product_list,/home/shebahati/KaZar/Product and Data Complete/اندازه گیری/اینسایز/لیست محصولات.pdf,tier1_3_registry_match,6973018c3eeaad81327c31084ff9185ac522573976edc678d4be2bd371d056bf,3520-30,BACKFILL_EXACT,
3646,3222-1000,میکرومتر اینسایز (Insize) 1000-50 میلی متر داخل سنج لوله‌ای مدل 1000-3222,میکرومتر-اینسایز-insize-1000-50-میلی-متر-داخل-سنج-لولهای-مدل-1000-3222,3,INSIZE | اینسایز,19,INSIDE_MICROMETER,,1000-3222,3222-1000,1000-3222|3222-1000,generic.v1,PROFILE_MISSING,1,oem_product_list,/home/shebahati/KaZar/Product and Data Complete/اندازه گیری/اینسایز/لیست محصولات.pdf,tier1_3_registry_match,6973018c3eeaad81327c31084ff9185ac522573976edc678d4be2bd371d056bf,3222-1000,BACKFILL_EXACT,
3647,3222-1500,میکرومتر اینسایز (Insize) 1500-50 میلی متر داخل سنج لوله‌ای مدل 1500-3222,میکرومتر-اینسایز-insize-1500-50-میلی-متر-داخل-سنج-لولهای-مدل-1500-3222,3,INSIZE | اینسایز,19,INSIDE_MICROMETER,,1500-3222,3222-1500,1500-3222|3222-1500,generic.v1,PROFILE_MISSING,1,oem_product_list,/home/shebahati/KaZar/Product and Data Complete/اندازه گیری/اینسایز/لیست محصولات.pdf,tier1_3_registry_match,6973018c3eeaad81327c31084ff9185ac522573976edc678d4be2bd371d056bf,3222-1500,BACKFILL_EXACT,
3648,3594-50,میکرومتر دیجیتال اینسایز (Insize) 50-25 میلی متر دیسکی مدل 50-3594,میکرومتر-دیجیتال-اینسایز-insize-50-25-میلی-متر-دیسکی-مدل-50-3594,3,INSIZE | اینسایز,13,OUTSIDE_MICROMETER,,50-3594,3594-50,50-3594|3594-50,generic.v1,PROFILE_MISSING,1,oem_product_list,/home/shebahati/KaZar/Product and Data Complete/اندازه گیری/اینسایز/لیست محصولات.pdf,tier1_3_registry_match,6973018c3eeaad81327c31084ff9185ac522573976edc678d4be2bd371d056bf,3594-50,BACKFILL_EXACT,
3649,3127-16,میکرومتر دیجیتال اینسایز (Insize) 16-12 میلی متر داخل سنج سه فک مدل 16-3127,میکرومتر-دیجیتال-اینسایز-insize-16-12-میلی-متر-داخل-سنج-سه-فک-مدل-16-3127,3,INSIZE | اینسایز,19,INSIDE_MICROMETER,,16-3127,3127-16,16-3127|3127-16,generic.v1,PROFILE_MISSING,1,oem_product_list,/home/shebahati/KaZar/Product and Data Complete/اندازه گیری/اینسایز/لیست محصولات.pdf,tier1_3_registry_match,6973018c3eeaad81327c31084ff9185ac522573976edc678d4be2bd371d056bf,3127-16,BACKFILL_EXACT,
3650,7350-35,ست رابط گیج داخل سیلندر 35-18 میلی متری اینسایز (Insize) مدل 35-7350,ست-رابط-گیج-داخل-سیلندر-35-18-میلی-متری-اینسایز-insize-مدل-35-7350,3,INSIZE | اینسایز,,,,35-7350,7350-35,35-7350|7350-35,generic.v1,PROFILE_MISSING,1,oem_product_list,/home/shebahati/KaZar/Product and Data Complete/اندازه گیری/اینسایز/لیست محصولات.pdf,tier1_3_registry_match,6973018c3eeaad81327c31084ff9185ac522573976edc678d4be2bd371d056bf,7350-35,BACKFILL_EXACT,
3651,7350-60,ست رابط گیج داخل سیلندر 60-35 میلی متری اینسایز (Insize) مدل 60-7350,ست-رابط-گیج-داخل-سیلندر-60-35-میلی-متری-اینسایز-insize-مدل-60-7350,3,INSIZE | اینسایز,,,,60-7350,7350-60,60-7350|7350-60,generic.v1,PROFILE_MISSING,1,oem_product_list,/home/shebahati/KaZar/Product and Data Complete/اندازه گیری/اینسایز/لیست محصولات.pdf,tier1_3_registry_match,6973018c3eeaad81327c31084ff9185ac522573976edc678d4be2bd371d056bf,7350-60,BACKFILL_EXACT,
3652,3127-1004,میکرومتر دیجیتال اینسایز (Insize) 100-50 میلی متر داخل سنج سه فک مدل 1004-3127,میکرومتر-دیجیتال-اینسایز-insize-100-50-میلی-متر-داخل-سنج-سه-فک-مدل-1004-3127,3,INSIZE | اینسایز,,,,1004-3127,3127-1004,1004-3127|3127-1004,generic.v1,PROFILE_MISSING,1,oem_product_list,/home/shebahati/KaZar/Product and Data Complete/اندازه گیری/اینسایز/لیست محصولات.pdf,tier1_3_registry_match,6973018c3eeaad81327c31084ff9185ac522573976edc678d4be2bd371d056bf,3127-1004,BACKFILL_EXACT,
3653,4100-18,گیج بلوک (راپورتر) 8 پارچه اینسایز (Insize) مدل 18-4100,گیج-بلوک-راپورتر-8-پارچه-اینسایز-insize-مدل-18-4100,3,INSIZE | اینسایز,,,,18-4100,4100-18,18-4100|4100-18,generic.v1,PROFILE_MISSING,1,oem_product_list,/home/shebahati/KaZar/Product and Data Complete/اندازه گیری/اینسایز/لیست محصولات.pdf,tier1_3_registry_match,6973018c3eeaad81327c31084ff9185ac522573976edc678d4be2bd371d056bf,4100-18,BACKFILL_EXACT,
3654,4100-1112,گیج بلوک (راپورتر) 112 پارچه اینسایز (Insize) مدل 1112-4100,گیج-بلوک-راپورتر-112-پارچه-اینسایز-insize-مدل-1112-4100,3,INSIZE | اینسایز,,,,1112-4100,4100-1112,1112-4100|4100-1112,generic.v1,PROFILE_MISSING,1,oem_product_list,/home/shebahati/KaZar/Product and Data Complete/اندازه گیری/اینسایز/لیست محصولات.pdf,tier1_3_registry_match,6973018c3eeaad81327c31084ff9185ac522573976edc678d4be2bd371d056bf,4100-1112,BACKFILL_EXACT,
3655,4790-0200,گونیا مویی 20 سانتی دقیق اینسایز (Insize) مدل 0200-4790,گونیا-مویی-20-سانتی-دقیق-اینسایز-insize-مدل-0200-4790,3,INSIZE | اینسایز,35,ENGINEERS_SQUARE,,0200-4790,4790-0200,0200-4790|4790-0200,generic.v1,PROFILE_MISSING,1,oem_product_list,/home/shebahati/KaZar/Product and Data Complete/اندازه گیری/اینسایز/لیست محصولات.pdf,tier1_3_registry_match,6973018c3eeaad81327c31084ff9185ac522573976edc678d4be2bd371d056bf,4790-0200,BACKFILL_EXACT,
3656,4760-1200,گونیا صنعتی 60 درجه اینسایز (Insize) مدل 1200-4760,گونیا-صنعتی-60-درجه-اینسایز-insize-مدل-1200-4760,3,INSIZE | اینسایز,35,ENGINEERS_SQUARE,,1200-4760,4760-1200,1200-4760|4760-1200,generic.v1,PROFILE_MISSING,1,oem_product_list,/home/shebahati/KaZar/Product and Data Complete/اندازه گیری/اینسایز/لیست محصولات.pdf,tier1_3_registry_match,6973018c3eeaad81327c31084ff9185ac522573976edc678d4be2bd371d056bf,4760-1200,BACKFILL_EXACT,
3657,4605-20,فیلر 20 تیغه 15 سانتی متری اینسایز (Insize) مدل 20-4605,فیلر-20-تیغه-15-سانتی-متری-اینسایز-insize-مدل-20-4605,3,INSIZE | اینسایز,25,FEELER_GAUGE_SET,,20-4605,4605-20,20-4605|4605-20,generic.v1,PROFILE_MISSING,1,oem_product_list,/home/shebahati/KaZar/Product and Data Complete/اندازه گیری/اینسایز/لیست محصولات.pdf,tier1_3_registry_match,6973018c3eeaad81327c31084ff9185ac522573976edc678d4be2bd371d056bf,4605-20,BACKFILL_EXACT,
3658,4621-12,فیلر نواری 5متری اینسایز مدل 4621-12,فیلر-نواری-5-متری-012mm-اینسایز-insize-مدل-12-4621,3,INSIZE | اینسایز,26,FEELER_GAUGE,,4621-12,4621-12,4621-12,generic.v1,PROFILE_MISSING,1,oem_product_list,/home/shebahati/KaZar/Product and Data Complete/اندازه گیری/اینسایز/لیست محصولات.pdf,tier1_3_registry_match,6973018c3eeaad81327c31084ff9185ac522573976edc678d4be2bd371d056bf,4621-12,BACKFILL_EXACT,
3660,4621-60,فیلر نواری 5متری اینسایز مدل 4621-60,فیلر-نواری-5-متری-060mm-اینسایز-insize-مدل-60-4621,3,INSIZE | اینسایز,26,FEELER_GAUGE,,4621-60,4621-60,4621-60,generic.v1,PROFILE_MISSING,1,oem_product_list,/home/shebahati/KaZar/Product and Data Complete/اندازه گیری/اینسایز/لیست محصولات.pdf,tier1_3_registry_match,6973018c3eeaad81327c31084ff9185ac522573976edc678d4be2bd371d056bf,4621-60,BACKFILL_EXACT,
3662,4780-85,زاویه سنج ساده اینسایز (Insize) مدل 85-4780,زاویه-سنج-ساده-اینسایز-insize-مدل-85-4780,3,INSIZE | اینسایز,20,PROTRACTOR,,85-4780,4780-85,85-4780|4780-85,generic.v1,PROFILE_MISSING,1,oem_product_list,/home/shebahati/KaZar/Product and Data Complete/اندازه گیری/اینسایز/لیست محصولات.pdf,tier1_3_registry_match,6973018c3eeaad81327c31084ff9185ac522573976edc678d4be2bd371d056bf,4780-85,BACKFILL_EXACT,
3664,2183,شعاع سنج دیجیتال اینسایز (Insize) مدل 2183,شعاع-سنج-دیجیتال-اینسایز-insize-مدل-2183,3,INSIZE | اینسایز,,,,2183,2183,2183,generic.v1,PROFILE_MISSING,1,oem_product_list,/home/shebahati/KaZar/Product and Data Complete/اندازه گیری/اینسایز/لیست محصولات.pdf,tier1_3_registry_match,6973018c3eeaad81327c31084ff9185ac522573976edc678d4be2bd371d056bf,2183,BACKFILL_EXACT,
3666,4801-17,Radius Gauge اینسایز مدل 4801-17,شابلون-شعاع-سنج-7-1-میلی-متری-اینسایز-insize-مدل-17-4801,3,INSIZE | اینسایز,,,,4801-17,4801-17,4801-17,generic.v1,PROFILE_MISSING,1,oem_product_list,/home/shebahati/KaZar/Product and Data Complete/اندازه گیری/اینسایز/لیست محصولات.pdf,tier1_3_registry_match,6973018c3eeaad81327c31084ff9185ac522573976edc678d4be2bd371d056bf,4801-17,BACKFILL_EXACT,
3667,4801-16,شابلون شعاع سنج 15-7.5 میلی متری اینسایز (Insize) مدل 16-4801,شابلون-شعاع-سنج-15-75-میلی-متری-اینسایز-insize-مدل-16-4801,3,INSIZE | اینسایز,51,RADIUS_GAUGE,,16-4801,4801-16,16-4801|4801-16,generic.v1,PROFILE_MISSING,1,oem_product_list,/home/shebahati/KaZar/Product and Data Complete/اندازه گیری/اینسایز/لیست محصولات.pdf,tier1_3_registry_match,6973018c3eeaad81327c31084ff9185ac522573976edc678d4be2bd371d056bf,4801-16,BACKFILL_EXACT,
3669,4801-15,Angle Gauge اینسایز مدل 4801-15,شابلون-شعاع-سنج-25-155-میلی-متری-اینسایز-insize-مدل-15-4801,3,INSIZE | اینسایز,51,RADIUS_GAUGE,,4801-15,4801-15,4801-15,generic.v1,PROFILE_MISSING,1,oem_product_list,/home/shebahati/KaZar/Product and Data Complete/اندازه گیری/اینسایز/لیست محصولات.pdf,tier1_3_registry_match,6973018c3eeaad81327c31084ff9185ac522573976edc678d4be2bd371d056bf,4801-15,BACKFILL_EXACT,
3670,4807,ست شابلون زاویه سنج 18 عدد اینسایز (Insize) مدل 4807,ست-شابلون-زاویه-سنج-18-عدد-اینسایز-insize-مدل-4807,3,INSIZE | اینسایز,,,,4807,4807,4807,generic.v1,PROFILE_MISSING,1,oem_product_list,/home/shebahati/KaZar/Product and Data Complete/اندازه گیری/اینسایز/لیست محصولات.pdf,tier1_3_registry_match,6973018c3eeaad81327c31084ff9185ac522573976edc678d4be2bd371d056bf,4807,BACKFILL_EXACT,
3672,4835-1,گیج جوشکاری اینسایز (Insize) مدل 1-4835,گیج-جوشکاری-اینسایز-insize-مدل-1-4835,3,INSIZE | اینسایز,54,WELDING_GAUGE,,1-4835,4835-1,1-4835|4835-1,generic.v1,PROFILE_MISSING,1,oem_product_list,/home/shebahati/KaZar/Product and Data Complete/اندازه گیری/اینسایز/لیست محصولات.pdf,tier1_3_registry_match,6973018c3eeaad81327c31084ff9185ac522573976edc678d4be2bd371d056bf,4835-1,BACKFILL_EXACT,
3674,4839-1,گیج جوش اینسایز مدل 4839-1,گیج-جوشکاری-اینسایز-insize-مدل-1-4839,3,INSIZE | اینسایز,54,WELDING_GAUGE,,4839-1,4839-1,4839-1,generic.v1,PROFILE_MISSING,1,oem_product_list,/home/shebahati/KaZar/Product and Data Complete/اندازه گیری/اینسایز/لیست محصولات.pdf,tier1_3_registry_match,6973018c3eeaad81327c31084ff9185ac522573976edc678d4be2bd371d056bf,4839-1,BACKFILL_EXACT,
3676,4833-1,گپ سنج 0.8 - 15میلیمتر اینسایز مدل 4833-1,گپ-سنج-15-08-میلی-متری-اینسایز-insize-مدل-1-4833,3,INSIZE | اینسایز,31,TAPER_GAUGE,,4833-1,4833-1,4833-1,generic.v1,PROFILE_MISSING,1,oem_product_list,/home/shebahati/KaZar/Product and Data Complete/اندازه گیری/اینسایز/لیست محصولات.pdf,tier1_3_registry_match,6973018c3eeaad81327c31084ff9185ac522573976edc678d4be2bd371d056bf,4833-1,BACKFILL_EXACT,
3678,4838-1,گیج جوشکاری اینسایز مدل 4838-1,گیج-جوشکاری-اینسایز-insize-مدل-1-4838,3,INSIZE | اینسایز,54,WELDING_GAUGE,,4838-1,4838-1,4838-1,generic.v1,PROFILE_MISSING,1,oem_product_list,/home/shebahati/KaZar/Product and Data Complete/اندازه گیری/اینسایز/لیست محصولات.pdf,tier1_3_registry_match,6973018c3eeaad81327c31084ff9185ac522573976edc678d4be2bd371d056bf,4838-1,BACKFILL_EXACT,
3680,4836-1,گیج جوش فلت اینسایز (Insize) مدل 1-4836,گیج-جوش-فلت-اینسایز-insize-مدل-1-4836,3,INSIZE | اینسایز,48,FILLET_WELD_GAUGE,,1-4836,4836-1,1-4836|4836-1,generic.v1,PROFILE_MISSING,1,oem_product_list,/home/shebahati/KaZar/Product and Data Complete/اندازه گیری/اینسایز/لیست محصولات.pdf,tier1_3_registry_match,6973018c3eeaad81327c31084ff9185ac522573976edc678d4be2bd371d056bf,4836-1,BACKFILL_EXACT,
3682,4842-1,شابلون مته ( زاویه های مختلف ) اینسایز مدل 4842-1,شابلون-مته-اینسایز-insize-کدل-1-4842,3,INSIZE | اینسایز,38,ANGLE_GAUGE,,4842-1,4842-1,4842-1,generic.v1,PROFILE_MISSING,1,oem_product_list,/home/shebahati/KaZar/Product and Data Complete/اندازه گیری/اینسایز/لیست محصولات.pdf,tier1_3_registry_match,6973018c3eeaad81327c31084ff9185ac522573976edc678d4be2bd371d056bf,4842-1,BACKFILL_EXACT,
3684,4843-1,شابلون مته 118 درجه اینسایز (Insize) مدل 1-4843,شابلون-مته-118-درجه-اینسایز-insize-مدل-1-4843,3,INSIZE | اینسایز,38,ANGLE_GAUGE,,1-4843,4843-1,1-4843|4843-1,generic.v1,PROFILE_MISSING,1,oem_product_list,/home/shebahati/KaZar/Product and Data Complete/اندازه گیری/اینسایز/لیست محصولات.pdf,tier1_3_registry_match,6973018c3eeaad81327c31084ff9185ac522573976edc678d4be2bd371d056bf,4843-1,BACKFILL_EXACT,
3685,4824-16,شابلون ذوزنقه 1 - 12اینچ اینسایز مدل 4824-16,شابلون-دنده-رزوه-ذوزنقه-12-1-اینچ-اینسایز-insize-مدل-16-4824,3,INSIZE | اینسایز,46,THREAD_PITCH_GAUGE,,4824-16,4824-16,4824-16,generic.v1,PROFILE_MISSING,1,oem_product_list,/home/shebahati/KaZar/Product and Data Complete/اندازه گیری/اینسایز/لیست محصولات.pdf,tier1_3_registry_match,6973018c3eeaad81327c31084ff9185ac522573976edc678d4be2bd371d056bf,4824-16,BACKFILL_EXACT,
3686,6211-10,پایه ساعت کوچک ده کیلویی اینسایز (Insize) مدل 10-6211,پایه-ساعت-کوچک-ده-کیلویی-اینسایز-insize-مدل-10-6211,3,INSIZE | اینسایز,,,,10-6211,6211-10,10-6211|6211-10,generic.v1,PROFILE_MISSING,1,oem_product_list,/home/shebahati/KaZar/Product and Data Complete/اندازه گیری/اینسایز/لیست محصولات.pdf,tier1_3_registry_match,6973018c3eeaad81327c31084ff9185ac522573976edc678d4be2bd371d056bf,6211-10,BACKFILL_EXACT,
3688,6900-1106,صفحه صافی گرانیت 140*630*1000 میلی متری اینسایز (insize) مدل 1106-6900,صفحه-صافی-گرانیت-1406301000-میلی-متری-اینسایز-insize-مدل-1106-6900,3,INSIZE | اینسایز,45,SURFACE_PLATE,,1106-6900,6900-1106,1106-6900|6900-1106,generic.v1,PROFILE_MISSING,1,oem_product_list,/home/shebahati/KaZar/Product and Data Complete/اندازه گیری/اینسایز/لیست محصولات.pdf,tier1_3_registry_match,6973018c3eeaad81327c31084ff9185ac522573976edc678d4be2bd371d056bf,6900-1106,BACKFILL_EXACT,
3689,6902-85,میز صفحه صافی 100*500*800 اینسایز (Insize) مدل 85-6902,میز-صفحه-صافی-100500800-اینسایز-insize-مدل-85-6902,3,INSIZE | اینسایز,,,,85-6902,6902-85,85-6902|6902-85,generic.v1,PROFILE_MISSING,1,oem_product_list,/home/shebahati/KaZar/Product and Data Complete/اندازه گیری/اینسایز/لیست محصولات.pdf,tier1_3_registry_match,6973018c3eeaad81327c31084ff9185ac522573976edc678d4be2bd371d056bf,6902-85,BACKFILL_EXACT,
3691,7110-1000,Flexible Rulers اینسایز مدل 7110-1000,خط-کش-فلزی-1-متری-اینسایز-insize-مدل-1000-7110,3,INSIZE | اینسایز,29,STEEL_RULE,,7110-1000,7110-1000,7110-1000,generic.v1,PROFILE_MISSING,1,oem_product_list,/home/shebahati/KaZar/Product and Data Complete/اندازه گیری/اینسایز/لیست محصولات.pdf,tier1_3_registry_match,6973018c3eeaad81327c31084ff9185ac522573976edc678d4be2bd371d056bf,7110-1000,BACKFILL_EXACT,
3692,7111-1000,خط کش تاپ سیلندر 1 متری اینسایز (Insize) مدل 1000-7111,خط-کش-تاپ-سیلندر-1-متری-اینسایز-insize-مدل-1000-7111,3,INSIZE | اینسایز,,,,1000-7111,7111-1000,1000-7111|7111-1000,generic.v1,PROFILE_MISSING,1,oem_product_list,/home/shebahati/KaZar/Product and Data Complete/اندازه گیری/اینسایز/لیست محصولات.pdf,tier1_3_registry_match,6973018c3eeaad81327c31084ff9185ac522573976edc678d4be2bd371d056bf,7111-1000,BACKFILL_EXACT,
3695,ISH-SAM,سختی سنج لاستیک A اینسایز (Insize) مدل ISH-SAM,سختی-سنج-لاستیک-a-اینسایز-insize-مدل-ish-sam,3,INSIZE | اینسایز,42,HARDNESS_TESTER,,ISH-SAM,ISH-SAM,ISH-SAM,generic.v1,PROFILE_MISSING,1,oem_product_list,/home/shebahati/KaZar/Product and Data Complete/اندازه گیری/اینسایز/لیست محصولات.pdf,tier1_3_registry_match,6973018c3eeaad81327c31084ff9185ac522573976edc678d4be2bd371d056bf,ISH-SAM,BACKFILL_EXACT,
3697,ISH-SDM,سختی سنج پلاستیک D اینسایز (Insize) مدل ISH-SDM,سختی-سنج-پلاستیک-d-اینسایز-insize-مدل-ish-sdm,3,INSIZE | اینسایز,42,HARDNESS_TESTER,,ISH-SDM,ISH-SDM,ISH-SDM,generic.v1,PROFILE_MISSING,1,oem_product_list,/home/shebahati/KaZar/Product and Data Complete/اندازه گیری/اینسایز/لیست محصولات.pdf,tier1_3_registry_match,6973018c3eeaad81327c31084ff9185ac522573976edc678d4be2bd371d056bf,ISH-SDM,BACKFILL_EXACT,
3698,ISF-F300,نیرو سنج عقربه ای 300 نیوتن اینسایز (Insize) مدل ISF-F300,نیرو-سنج-عقربه-ای-300-نیوتن-اینسایز-insize-مدل-isf-f300,3,INSIZE | اینسایز,64,FORCE_GAUGE,,ISF-F300,ISF-F300,ISF-F300,generic.v1,PROFILE_MISSING,1,oem_product_list,/home/shebahati/KaZar/Product and Data Complete/اندازه گیری/اینسایز/لیست محصولات.pdf,tier1_3_registry_match,6973018c3eeaad81327c31084ff9185ac522573976edc678d4be2bd371d056bf,ISF-F300,BACKFILL_EXACT,
3700,ISF-F500,نیروسنج عقربه ای 500نیوتن اینسایز مدل ISF-F500,نیرو-سنج-عقربه-ای-500-نیوتن-اینسایز-insize-مدل-isf-f500,3,INSIZE | اینسایز,64,FORCE_GAUGE,,ISF-F500,ISF-F500,ISF-F500,generic.v1,PROFILE_MISSING,1,oem_product_list,/home/shebahati/KaZar/Product and Data Complete/اندازه گیری/اینسایز/لیست محصولات.pdf,tier1_3_registry_match,6973018c3eeaad81327c31084ff9185ac522573976edc678d4be2bd371d056bf,ISF-F500,BACKFILL_EXACT,
3702,HDT-LP200B,سختی سنج فلزات اینسایز (Insize) مدل HDT-LP200B,سختی-سنج-فلزات-اینسایز-insize-مدل-hdt-lp200b,3,INSIZE | اینسایز,42,HARDNESS_TESTER,,HDT-LP200B,HDT-LP200B,HDT-LP200B,generic.v1,PROFILE_MISSING,1,oem_product_list,/home/shebahati/KaZar/Product and Data Complete/اندازه گیری/اینسایز/لیست محصولات.pdf,tier1_3_registry_match,6973018c3eeaad81327c31084ff9185ac522573976edc678d4be2bd371d056bf,HDT-LP200B,BACKFILL_EXACT,
3704,ISF-F200,نیرو سنج عقربه ای 200 نیوتن اینسایز (Insize) مدل ISF-F200,نیرو-سنج-عقربه-ای-200-نیوتن-اینسایز-insize-مدل-isf-f200,3,INSIZE | اینسایز,64,FORCE_GAUGE,,ISF-F200,ISF-F200,ISF-F200,generic.v1,PROFILE_MISSING,1,oem_product_list,/home/shebahati/KaZar/Product and Data Complete/اندازه گیری/اینسایز/لیست محصولات.pdf,tier1_3_registry_match,6973018c3eeaad81327c31084ff9185ac522573976edc678d4be2bd371d056bf,ISF-F200,BACKFILL_EXACT,
3706,ISM-PM200SB,میکروسکوپ دیجیتال اینسایز (Insize) مدل ISM-PM200SB,میکروسکوپ-دیجیتال-اینسایز-insize-مدل-ism-pm200sb,3,INSIZE | اینسایز,,,,ISM-PM200SB,ISM-PM200SB,ISM-PM200SB,generic.v1,PROFILE_MISSING,1,oem_product_list,/home/shebahati/KaZar/Product and Data Complete/اندازه گیری/اینسایز/لیست محصولات.pdf,tier1_3_registry_match,6973018c3eeaad81327c31084ff9185ac522573976edc678d4be2bd371d056bf,ISM-PM200SB,BACKFILL_EXACT,
3707,7523-3D5,عینک ذره بینی اینسایز مدل 7523-3D5,عینک-ذره-بینی-اینسایز-insize-مدل-7523-3d5,3,INSIZE | اینسایز,,,,7523-3D5,7523-3D5,7523-3D5,generic.v1,PROFILE_MISSING,1,oem_product_list,/home/shebahati/KaZar/Product and Data Complete/اندازه گیری/اینسایز/لیست محصولات.pdf,tier1_3_registry_match,6973018c3eeaad81327c31084ff9185ac522573976edc678d4be2bd371d056bf,7523-3D5,BACKFILL_EXACT,
3708,ISL-A1-1000,خط کش دیجیتال 1 متری اینسایز (Insize) مدل ISL-A1-1000,خط-کش-دیجیتال-1-متری-اینسایز-insize-مدل-isl-a1-1000,3,INSIZE | اینسایز,58,LINEAR_SCALE,,ISL-A1-1000,ISL-A1-1000,ISL-A1-1000,generic.v1,PROFILE_MISSING,1,oem_product_list,/home/shebahati/KaZar/Product and Data Complete/اندازه گیری/اینسایز/لیست محصولات.pdf,tier1_3_registry_match,6973018c3eeaad81327c31084ff9185ac522573976edc678d4be2bd371d056bf,ISL-A1-1000,BACKFILL_EXACT,
3709,ISL-A1-800,خط کش دیجیتال 80 سانتی متری اینسایز (Insize) مدل ISL-A1-800,خط-کش-دیجیتال-80-سانتی-متری-اینسایز-insize-مدل-isl-a1-800,3,INSIZE | اینسایز,58,LINEAR_SCALE,,ISL-A1-800,ISL-A1-800,ISL-A1-800,generic.v1,PROFILE_MISSING,1,oem_product_list,/home/shebahati/KaZar/Product and Data Complete/اندازه گیری/اینسایز/لیست محصولات.pdf,tier1_3_registry_match,6973018c3eeaad81327c31084ff9185ac522573976edc678d4be2bd371d056bf,ISL-A1-800,BACKFILL_EXACT,
3711,ISL-A1-600,خط کش دیجیتال 60 سانتی متری اینسایز (Insize) مدل ISL-A1-600,خط-کش-دیجیتال-60-سانتی-متری-اینسایز-insize-مدل-isl-a1-600,3,INSIZE | اینسایز,58,LINEAR_SCALE,,ISL-A1-600,ISL-A1-600,ISL-A1-600,generic.v1,PROFILE_MISSING,1,oem_product_list,/home/shebahati/KaZar/Product and Data Complete/اندازه گیری/اینسایز/لیست محصولات.pdf,tier1_3_registry_match,6973018c3eeaad81327c31084ff9185ac522573976edc678d4be2bd371d056bf,ISL-A1-600,BACKFILL_EXACT,
3712,ISL-B5-1000,خط کش دیجیتال 1 متری اینسایز (Insize) مدل ISL-B5-1000,خط-کش-دیجیتال-1-متری-اینسایز-insize-مدل-isl-b5-1000,3,INSIZE | اینسایز,58,LINEAR_SCALE,,ISL-B5-1000,ISL-B5-1000,ISL-B5-1000,generic.v1,PROFILE_MISSING,1,oem_product_list,/home/shebahati/KaZar/Product and Data Complete/اندازه گیری/اینسایز/لیست محصولات.pdf,tier1_3_registry_match,6973018c3eeaad81327c31084ff9185ac522573976edc678d4be2bd371d056bf,ISL-B5-1000,BACKFILL_EXACT,
3713,ISL-DR3,"نمایشگر خط کش دیجیتال 3 محور (X,Y,Z) اینسایز (Insize) مدل ISL-DR3",نمایشگر-خط-کش-دیجیتال-3-محور-xyz-اینسایز-insize-مدل-isl-dr3,3,INSIZE | اینسایز,,,,ISL-DR3,ISL-DR3,ISL-DR3,generic.v1,PROFILE_MISSING,1,oem_product_list,/home/shebahati/KaZar/Product and Data Complete/اندازه گیری/اینسایز/لیست محصولات.pdf,tier1_3_registry_match,6973018c3eeaad81327c31084ff9185ac522573976edc678d4be2bd371d056bf,ISL-DR3,BACKFILL_EXACT,
3715,ISL-DR2,"نمایشگر خط کش دیجیتال 2 محور (X,Y) اینسایز (Insize) مدل ISL-DR2",نمایشگر-خط-کش-دیجیتال-2-محور-xy-اینسایز-insize-مدل-isl-dr2,3,INSIZE | اینسایز,,,,ISL-DR2,ISL-DR2,ISL-DR2,generic.v1,PROFILE_MISSING,1,oem_product_list,/home/shebahati/KaZar/Product and Data Complete/اندازه گیری/اینسایز/لیست محصولات.pdf,tier1_3_registry_match,6973018c3eeaad81327c31084ff9185ac522573976edc678d4be2bd371d056bf,ISL-DR2,BACKFILL_EXACT,
3717,6354-25W,هد میکرومتر دیجیتال اینسایز (Insize) 25-0 میلی متر مدل 25W-6354,هد-میکرومتر-دیجیتال-اینسایز-insize-25-0-میلی-متر-مدل-25w-6354,3,INSIZE | اینسایز,13,OUTSIDE_MICROMETER,,25W-6354,6354-25W,25W-6354|6354-25W,generic.v1,PROFILE_MISSING,1,oem_product_list,/home/shebahati/KaZar/Product and Data Complete/اندازه گیری/اینسایز/لیست محصولات.pdf,tier1_3_registry_match,6973018c3eeaad81327c31084ff9185ac522573976edc678d4be2bd371d056bf,6354-25W,BACKFILL_EXACT,
3718,6566-3,تاچ پراب یا مرکز یاب نوری/ بوقی الکترونیکی اینسایز (Insize) مدل 3-6566,تاچ-پراب-یا-مرکز-یاب-نوری-بوقی-الکترونیکی-اینسایز-insize-مدل-3-6566,3,INSIZE | اینسایز,,,,3-6566,6566-3,3-6566|6566-3,generic.v1,PROFILE_MISSING,1,oem_product_list,/home/shebahati/KaZar/Product and Data Complete/اندازه گیری/اینسایز/لیست محصولات.pdf,tier1_3_registry_match,6973018c3eeaad81327c31084ff9185ac522573976edc678d4be2bd371d056bf,6566-3,BACKFILL_EXACT,
3720,9341-50,رطوبت سنج چوب اینسایز (Insize) مدل 50-9341,رطوبت-سنج-چوب-اینسایز-insize-مدل-50-9341,3,INSIZE | اینسایز,67,MOISTURE_METER,,50-9341,9341-50,50-9341|9341-50,generic.v1,PROFILE_MISSING,1,oem_product_list,/home/shebahati/KaZar/Product and Data Complete/اندازه گیری/اینسایز/لیست محصولات.pdf,tier1_3_registry_match,6973018c3eeaad81327c31084ff9185ac522573976edc678d4be2bd371d056bf,9341-50,BACKFILL_EXACT,
3721,8003-3,ترازو دیجیتال 2گرم تا 3کیلوگرم اینسایز مدل 8003-3,ترازو-دیجیتال-2-گرم-تا-3-کیلو-گرم-اینسایز-insize-مدل-3-8003,3,INSIZE | اینسایز,40,DIGITAL_SCALE,,8003-3,8003-3,8003-3,generic.v1,PROFILE_MISSING,1,oem_product_list,/home/shebahati/KaZar/Product and Data Complete/اندازه گیری/اینسایز/لیست محصولات.pdf,tier1_3_registry_match,6973018c3eeaad81327c31084ff9185ac522573976edc678d4be2bd371d056bf,8003-3,BACKFILL_EXACT,
3724,ISR-C300,زبری سنج دیجیتال اینسایز (Insize) مدل ISR-C300,زبری-سنج-دیجیتال-اینسایز-insize-مدل-isr-c300,3,INSIZE | اینسایز,60,SURFACE_ROUGHNESS_TESTER,,ISR-C300,ISR-C300,ISR-C300,generic.v1,PROFILE_MISSING,1,oem_product_list,/home/shebahati/KaZar/Product and Data Complete/اندازه گیری/اینسایز/لیست محصولات.pdf,tier1_3_registry_match,6973018c3eeaad81327c31084ff9185ac522573976edc678d4be2bd371d056bf,ISR-C300,BACKFILL_EXACT,
3725,ISGF-0901,پیج گوشتی ساعتی اینسایز (Insize) مدل ISGF-0901,پیج-گوشتی-ساعتی-اینسایز-insize-مدل-isgf-0901,3,INSIZE | اینسایز,,,,ISGF-0901,ISGF-0901,ISGF-0901,generic.v1,PROFILE_MISSING,1,oem_product_list,/home/shebahati/KaZar/Product and Data Complete/اندازه گیری/اینسایز/لیست محصولات.pdf,tier1_3_registry_match,6973018c3eeaad81327c31084ff9185ac522573976edc678d4be2bd371d056bf,ISGF-0901,BACKFILL_EXACT,
3727,ISGF-0501,چراغ قوه اینسایز (Insize) مدل ISGF-0501,چراغ-قوه-اینسایز-insize-مدل-isgf-0501,3,INSIZE | اینسایز,,,,ISGF-0501,ISGF-0501,ISGF-0501,generic.v1,PROFILE_MISSING,1,oem_product_list,/home/shebahati/KaZar/Product and Data Complete/اندازه گیری/اینسایز/لیست محصولات.pdf,tier1_3_registry_match,6973018c3eeaad81327c31084ff9185ac522573976edc678d4be2bd371d056bf,ISGF-0501,BACKFILL_EXACT,
3728,6140,پایه عمق سنج کولیس اینسایز (insize) مدل 6140,پایه-عمق-سنج-کولیس-اینسایز-insize-مدل-6140,3,INSIZE | اینسایز,,,,6140,6140,6140,generic.v1,PROFILE_MISSING,1,oem_product_list,/home/shebahati/KaZar/Product and Data Complete/اندازه گیری/اینسایز/لیست محصولات.pdf,tier1_3_registry_match,6973018c3eeaad81327c31084ff9185ac522573976edc678d4be2bd371d056bf,6140,BACKFILL_EXACT,
3729,ISH-DR150,سختی سنج پایه دار دیجیتال اینسایز (Insize) مدل ISH-DR150,سختی-سنج-پایه-دار-دیجیتال-اینسایز-insize-مدل-ish-dr150,3,INSIZE | اینسایز,,,,ISH-DR150,ISH-DR150,ISH-DR150,generic.v1,PROFILE_MISSING,1,oem_product_list,/home/shebahati/KaZar/Product and Data Complete/اندازه گیری/اینسایز/لیست محصولات.pdf,tier1_3_registry_match,6973018c3eeaad81327c31084ff9185ac522573976edc678d4be2bd371d056bf,ISH-DR150,BACKFILL_EXACT,
3731,ISH-TDV-1000,سختی سنج میکرو ویکرز اینسایز (Insize) مدل ISH-TDV-1000,سختی-سنج-میکرو-ویکرز-اینسایز-insize-مدل-ish-tdv-1000,3,INSIZE | اینسایز,,,,ISH-TDV-1000,ISH-TDV-1000,ISH-TDV-1000,generic.v1,PROFILE_MISSING,1,oem_product_list,/home/shebahati/KaZar/Product and Data Complete/اندازه گیری/اینسایز/لیست محصولات.pdf,tier1_3_registry_match,6973018c3eeaad81327c31084ff9185ac522573976edc678d4be2bd371d056bf,ISH-TDV-1000,BACKFILL_EXACT,
3732,6284-82,پراب ساعت شیطانکی بلند اینسایز مدل 6284-82,پراب-ساعت-شیطانکی-بلند-اینسایز-insize-مدل-82-6284,3,INSIZE | اینسایز,,,,6284-82,6284-82,6284-82,generic.v1,PROFILE_MISSING,1,oem_product_list,/home/shebahati/KaZar/Product and Data Complete/اندازه گیری/اینسایز/لیست محصولات.pdf,tier1_3_registry_match,6973018c3eeaad81327c31084ff9185ac522573976edc678d4be2bd371d056bf,6284-82,BACKFILL_EXACT,
3733,4120-4,گیج رینگی برو 0.7 – 4 میلی متری اینسایز (Insize) مدل 4-4120,گیج-رینگی-برو-07-4-میلی-متری-اینسایز-insize-مدل-4-4120,3,INSIZE | اینسایز,32,THREAD_RING_GAUGE,,4-4120,4120-4,4-4120|4120-4,generic.v1,PROFILE_MISSING,1,oem_product_list,/home/shebahati/KaZar/Product and Data Complete/اندازه گیری/اینسایز/لیست محصولات.pdf,tier1_3_registry_match,6973018c3eeaad81327c31084ff9185ac522573976edc678d4be2bd371d056bf,4120-4,BACKFILL_EXACT,
3735,4120-4N,گیج رینگی نرو 0.7 – 4 میلی متری اینسایز (Insize) مدل 4N-4120,گیج-رینگی-نرو-07-4-میلی-متری-اینسایز-insize-مدل-4n-4120,3,INSIZE | اینسایز,32,THREAD_RING_GAUGE,,4N-4120,4120-4N,4N-4120|4120-4N,generic.v1,PROFILE_MISSING,1,oem_product_list,/home/shebahati/KaZar/Product and Data Complete/اندازه گیری/اینسایز/لیست محصولات.pdf,tier1_3_registry_match,6973018c3eeaad81327c31084ff9185ac522573976edc678d4be2bd371d056bf,4120-4N,BACKFILL_EXACT,
3737,4120-5,گیج رینگی برو 0.8 – 5 میلی متری اینسایز (Insize) مدل 5-4120,گیج-رینگی-برو-08-5-میلی-متری-اینسایز-insize-مدل-5-4120,3,INSIZE | اینسایز,32,THREAD_RING_GAUGE,,5-4120,4120-5,5-4120|4120-5,generic.v1,PROFILE_MISSING,1,oem_product_list,/home/shebahati/KaZar/Product and Data Complete/اندازه گیری/اینسایز/لیست محصولات.pdf,tier1_3_registry_match,6973018c3eeaad81327c31084ff9185ac522573976edc678d4be2bd371d056bf,4120-5,BACKFILL_EXACT,
3739,4120-5N,گیج رینگی نرو 0.8 – 5 میلی متری اینسایز (Insize) مدل 5N-4120,گیج-رینگی-نرو-08-5-میلی-متری-اینسایز-insize-مدل-5n-4120,3,INSIZE | اینسایز,32,THREAD_RING_GAUGE,,5N-4120,4120-5N,5N-4120|4120-5N,generic.v1,PROFILE_MISSING,1,oem_product_list,/home/shebahati/KaZar/Product and Data Complete/اندازه گیری/اینسایز/لیست محصولات.pdf,tier1_3_registry_match,6973018c3eeaad81327c31084ff9185ac522573976edc678d4be2bd371d056bf,4120-5N,BACKFILL_EXACT,
3740,4120-6,گیج رینگی برو 1 – 6 میلی متری اینسایز (Insize) مدل 6-4120,گیج-رینگی-برو-1-6-میلی-متری-اینسایز-insize-مدل-6-4120,3,INSIZE | اینسایز,32,THREAD_RING_GAUGE,,6-4120,4120-6,6-4120|4120-6,generic.v1,PROFILE_MISSING,1,oem_product_list,/home/shebahati/KaZar/Product and Data Complete/اندازه گیری/اینسایز/لیست محصولات.pdf,tier1_3_registry_match,6973018c3eeaad81327c31084ff9185ac522573976edc678d4be2bd371d056bf,4120-6,BACKFILL_EXACT,
3743,1181-M50A,کولیس چرخ دنده دیجیتال اینسایز(Insize) M5-50 مدل 1181-M50A,کولیس-چرخ-دنده-دیجیتال-اینسایزinsize-m5-50-مدل-1181-m50a,3,INSIZE | اینسایز,68,GEAR_TOOTH_CALIPER,,1181-M50A,1181-M50A,1181-M50A,generic.v1,PROFILE_MISSING,1,oem_product_list,/home/shebahati/KaZar/Product and Data Complete/اندازه گیری/اینسایز/لیست محصولات.pdf,tier1_3_registry_match,6973018c3eeaad81327c31084ff9185ac522573976edc678d4be2bd371d056bf,1181-M50A,BACKFILL_EXACT,
3744,1244-30,عمق سنج ورنیه اینسایز (Insize) 30 میلی متر مدل 30-1244,عمق-سنج-ورنیه-اینسایز-insize-30-میلی-متر-مدل-30-1244,3,INSIZE | اینسایز,2,DEPTH_GAUGE,,30-1244,1244-30,30-1244|1244-30,generic.v1,PROFILE_MISSING,1,oem_product_list,/home/shebahati/KaZar/Product and Data Complete/اندازه گیری/اینسایز/لیست محصولات.pdf,tier1_3_registry_match,6973018c3eeaad81327c31084ff9185ac522573976edc678d4be2bd371d056bf,1244-30,BACKFILL_EXACT,
3745,2132-20,پرگار خارج سنج اینسایز(Insize) دیجیتال 20 میلی متر مدل 20-2132,پرگار-خارج-سنج-اینسایزinsize-دیجیتال-20-میلی-متر-مدل-20-2132,3,INSIZE | اینسایز,21,INDICATING_CALIPER,,20-2132,2132-20,20-2132|2132-20,generic.v1,PROFILE_MISSING,1,oem_product_list,/home/shebahati/KaZar/Product and Data Complete/اندازه گیری/اینسایز/لیست محصولات.pdf,tier1_3_registry_match,6973018c3eeaad81327c31084ff9185ac522573976edc678d4be2bd371d056bf,2132-20,BACKFILL_EXACT,
3747,2151-75,پرگار داخل سنج اینسایز (Insize) دیجیتال 75 میلی متر مدل 75-2151,پرگار-داخل-سنج-اینسایز-insize-دیجیتال-75-میلی-متر-مدل-75-2151,3,INSIZE | اینسایز,21,INDICATING_CALIPER,,75-2151,2151-75,75-2151|2151-75,generic.v1,PROFILE_MISSING,1,oem_product_list,/home/shebahati/KaZar/Product and Data Complete/اندازه گیری/اینسایز/لیست محصولات.pdf,tier1_3_registry_match,6973018c3eeaad81327c31084ff9185ac522573976edc678d4be2bd371d056bf,2151-75,BACKFILL_EXACT,
3748,2151-95,پرگار داخل سنج اینسایز (Insize) دیجیتال 95 میلی متر مدل 95-2151,پرگار-داخل-سنج-اینسایز-insize-دیجیتال-95-میلی-متر-مدل-95-2151,3,INSIZE | اینسایز,21,INDICATING_CALIPER,,95-2151,2151-95,95-2151|2151-95,generic.v1,PROFILE_MISSING,1,oem_product_list,/home/shebahati/KaZar/Product and Data Complete/اندازه گیری/اینسایز/لیست محصولات.pdf,tier1_3_registry_match,6973018c3eeaad81327c31084ff9185ac522573976edc678d4be2bd371d056bf,2151-95,BACKFILL_EXACT,
3750,2151-AL35,پرگار داخل سنج اینسایز (Insize) دیجیتال 35 میلی متر مدل 2151-AL35,پرگار-داخل-سنج-اینسایز-insize-دیجیتال-35-میلی-متر-مدل-2151-al35,3,INSIZE | اینسایز,21,INDICATING_CALIPER,,2151-AL35,2151-AL35,2151-AL35,generic.v1,PROFILE_MISSING,1,oem_product_list,/home/shebahati/KaZar/Product and Data Complete/اندازه گیری/اینسایز/لیست محصولات.pdf,tier1_3_registry_match,6973018c3eeaad81327c31084ff9185ac522573976edc678d4be2bd371d056bf,2151-AL35,BACKFILL_EXACT,
3751,2151-AL55,پرگار داخل سنج اینسایز (Insize) دیجیتال 55 میلی متر مدل 2151-AL55,پرگار-داخل-سنج-اینسایز-insize-دیجیتال-55-میلی-متر-مدل-2151-al55,3,INSIZE | اینسایز,21,INDICATING_CALIPER,,2151-AL55,2151-AL55,2151-AL55,generic.v1,PROFILE_MISSING,1,oem_product_list,/home/shebahati/KaZar/Product and Data Complete/اندازه گیری/اینسایز/لیست محصولات.pdf,tier1_3_registry_match,6973018c3eeaad81327c31084ff9185ac522573976edc678d4be2bd371d056bf,2151-AL55,BACKFILL_EXACT,
3753,2151-AL75,پرگار داخل سنج اینسایز (Insize) دیجیتال 75 میلی متر مدل 2151-AL75,پرگار-داخل-سنج-اینسایز-insize-دیجیتال-75-میلی-متر-مدل-2151-al75,3,INSIZE | اینسایز,21,INDICATING_CALIPER,,2151-AL75,2151-AL75,2151-AL75,generic.v1,PROFILE_MISSING,1,oem_product_list,/home/shebahati/KaZar/Product and Data Complete/اندازه گیری/اینسایز/لیست محصولات.pdf,tier1_3_registry_match,6973018c3eeaad81327c31084ff9185ac522573976edc678d4be2bd371d056bf,2151-AL75,BACKFILL_EXACT,
3754,2222-25,پرگار ساعتی داخل سنج اینسایز (Insize) کد 25-2222,پرگار-ساعتی-داخل-سنج-اینسایز-insize-کد-25-2222,3,INSIZE | اینسایز,21,INDICATING_CALIPER,,25-2222,2222-25,25-2222|2222-25,generic.v1,PROFILE_MISSING,1,oem_product_list,/home/shebahati/KaZar/Product and Data Complete/اندازه گیری/اینسایز/لیست محصولات.pdf,tier1_3_registry_match,6973018c3eeaad81327c31084ff9185ac522573976edc678d4be2bd371d056bf,2222-25,BACKFILL_EXACT,
3756,2309-100D,ساعت اندیکاتور اینسایز (Insize) مدل 100D-2309,ساعت-اندیکاتور-اینسایز-insize-مدل-100d-2309,3,INSIZE | اینسایز,17,DIAL_INDICATOR,,100D-2309,2309-100D,100D-2309|2309-100D,generic.v1,PROFILE_MISSING,1,oem_product_list,/home/shebahati/KaZar/Product and Data Complete/اندازه گیری/اینسایز/لیست محصولات.pdf,tier1_3_registry_match,6973018c3eeaad81327c31084ff9185ac522573976edc678d4be2bd371d056bf,2309-100D,BACKFILL_EXACT,
3757,2321-35,پرگار داخل سنج ساعتی اینسایز (Insize) 35 میلی متر مدل 35-2321,پرگار-داخل-سنج-ساعتی-اینسایز-insize-35-میلی-متر-مدل-35-2321,3,INSIZE | اینسایز,21,INDICATING_CALIPER,,35-2321,2321-35,35-2321|2321-35,generic.v1,PROFILE_MISSING,1,oem_product_list,/home/shebahati/KaZar/Product and Data Complete/اندازه گیری/اینسایز/لیست محصولات.pdf,tier1_3_registry_match,6973018c3eeaad81327c31084ff9185ac522573976edc678d4be2bd371d056bf,2321-35,BACKFILL_EXACT,
3758,2321-55,پرگار داخل سنج ساعتی اینسایز (Insize) 55 میلی متر مدل 55-2321,پرگار-داخل-سنج-ساعتی-اینسایز-insize-55-میلی-متر-مدل-55-2321,3,INSIZE | اینسایز,21,INDICATING_CALIPER,,55-2321,2321-55,55-2321|2321-55,generic.v1,PROFILE_MISSING,1,oem_product_list,/home/shebahati/KaZar/Product and Data Complete/اندازه گیری/اینسایز/لیست محصولات.pdf,tier1_3_registry_match,6973018c3eeaad81327c31084ff9185ac522573976edc678d4be2bd371d056bf,2321-55,BACKFILL_EXACT,
3760,2321-75,پرگار داخل سنج ساعتی اینسایز (Insize) 75 میلی متر مدل 75-2321,پرگار-داخل-سنج-ساعتی-اینسایز-insize-75-میلی-متر-مدل-75-2321,3,INSIZE | اینسایز,21,INDICATING_CALIPER,,75-2321,2321-75,75-2321|2321-75,generic.v1,PROFILE_MISSING,1,oem_product_list,/home/shebahati/KaZar/Product and Data Complete/اندازه گیری/اینسایز/لیست محصولات.pdf,tier1_3_registry_match,6973018c3eeaad81327c31084ff9185ac522573976edc678d4be2bd371d056bf,2321-75,BACKFILL_EXACT,
3762,2366-30,ضخامت سنج ورق ساعتی اینسایز (Insize) 30-0 میلی متر مدل 30-2366,ضخامت-سنج-ورق-ساعتی-اینسایز-insize-30-0-میلی-متر-مدل-30-2366,3,INSIZE | اینسایز,23,THICKNESS_GAUGE,,30-2366,2366-30,30-2366|2366-30,generic.v1,PROFILE_MISSING,1,oem_product_list,/home/shebahati/KaZar/Product and Data Complete/اندازه گیری/اینسایز/لیست محصولات.pdf,tier1_3_registry_match,6973018c3eeaad81327c31084ff9185ac522573976edc678d4be2bd371d056bf,2366-30,BACKFILL_EXACT,
3763,2383-08,ساعت شیطونکی اینسایز (Insize) کورس 0.8 میلی متر پایه بلند مدل 08-2383,ساعت-شیطونکی-اینسایز-insize-کورس-08-میلی-متر-پایه-بلند-مدل-08-2383,3,INSIZE | اینسایز,16,TEST_INDICATOR,,08-2383,2383-08,08-2383|2383-08,generic.v1,PROFILE_MISSING,1,oem_product_list,/home/shebahati/KaZar/Product and Data Complete/اندازه گیری/اینسایز/لیست محصولات.pdf,tier1_3_registry_match,6973018c3eeaad81327c31084ff9185ac522573976edc678d4be2bd371d056bf,2383-08,BACKFILL_EXACT,
3764,2385-3,مرکز یاب اینسایز (Insize) داخل سنج و خارج سنج ساعتی مدل 3-2385,مرکز-یاب-اینسایز-insize-داخل-سنج-و-خارج-سنج-ساعتی-مدل-3-2385,3,INSIZE | اینسایز,,,,3-2385,2385-3,3-2385|2385-3,generic.v1,PROFILE_MISSING,1,oem_product_list,/home/shebahati/KaZar/Product and Data Complete/اندازه گیری/اینسایز/لیست محصولات.pdf,tier1_3_registry_match,6973018c3eeaad81327c31084ff9185ac522573976edc678d4be2bd371d056bf,2385-3,BACKFILL_EXACT,
3765,2710-25,ضخامت سنج ورق دیجیتال اینسایز (Insize) 25.4-0 میلی متر مدل 25-2710,ضخامت-سنج-ورق-دیجیتال-اینسایز-insize-254-0-میلی-متر-مدل-25-2710,3,INSIZE | اینسایز,23,THICKNESS_GAUGE,,25-2710,2710-25,25-2710|2710-25,generic.v1,PROFILE_MISSING,1,oem_product_list,/home/shebahati/KaZar/Product and Data Complete/اندازه گیری/اینسایز/لیست محصولات.pdf,tier1_3_registry_match,6973018c3eeaad81327c31084ff9185ac522573976edc678d4be2bd371d056bf,2710-25,BACKFILL_EXACT,
3769,2876-10,ضخامت سنج دیجیتال فک لوله ای اینسایز (Insize) مدل 10-2876,ضخامت-سنج-دیجیتال-فک-لوله-ای-اینسایز-insize-مدل-10-2876,3,INSIZE | اینسایز,23,THICKNESS_GAUGE,,10-2876,2876-10,10-2876|2876-10,generic.v1,PROFILE_MISSING,1,oem_product_list,/home/shebahati/KaZar/Product and Data Complete/اندازه گیری/اینسایز/لیست محصولات.pdf,tier1_3_registry_match,6973018c3eeaad81327c31084ff9185ac522573976edc678d4be2bd371d056bf,2876-10,BACKFILL_EXACT,
3770,3230-25BA,میکرومتر سوزنی اینسایز (Insize) خارج سنج 25-0 میلی متر مدل 3230-25BA,میکرومتر-سوزنی-اینسایز-insize-خارج-سنج-25-0-میلی-متر-مدل-3230-25ba,3,INSIZE | اینسایز,13,OUTSIDE_MICROMETER,,3230-25BA,3230-25BA,3230-25BA,generic.v1,PROFILE_MISSING,1,oem_product_list,/home/shebahati/KaZar/Product and Data Complete/اندازه گیری/اینسایز/لیست محصولات.pdf,tier1_3_registry_match,6973018c3eeaad81327c31084ff9185ac522573976edc678d4be2bd371d056bf,3230-25BA,BACKFILL_EXACT,
3772,3260-25,میکرومتر یک سر گرد اینسایز (Insize) خارج سنج 25-0 میلی متر مدل 25-3260,میکرومتر-یک-سر-گرد-اینسایز-insize-خارج-سنج-25-0-میلی-متر-مدل-25-3260,3,INSIZE | اینسایز,13,OUTSIDE_MICROMETER,,25-3260,3260-25,25-3260|3260-25,generic.v1,PROFILE_MISSING,1,oem_product_list,/home/shebahati/KaZar/Product and Data Complete/اندازه گیری/اینسایز/لیست محصولات.pdf,tier1_3_registry_match,6973018c3eeaad81327c31084ff9185ac522573976edc678d4be2bd371d056bf,3260-25,BACKFILL_EXACT,
3774,3203-12A,میکرومتر اینسایز (Insize) 11–12 اینچ خارج سنج مدل 3203-12A,میکرومتر-اینسایز-insize-1112-اینچ-خارج-سنج-مدل-3203-12a,3,INSIZE | اینسایز,13,OUTSIDE_MICROMETER,,3203-12A,3203-12A,3203-12A,generic.v1,PROFILE_MISSING,1,oem_product_list,/home/shebahati/KaZar/Product and Data Complete/اندازه گیری/اینسایز/لیست محصولات.pdf,tier1_3_registry_match,6973018c3eeaad81327c31084ff9185ac522573976edc678d4be2bd371d056bf,3203-12A,BACKFILL_EXACT,
3775,3222-12,میکرومتر داخل لوله ای اینسایز (Insize) 2-12 اینچ مدل 12-3222,میکرومتر-داخل-لوله-ای-اینسایز-insize-2-12-اینچ-مدل-12-3222,3,INSIZE | اینسایز,,,,12-3222,3222-12,12-3222|3222-12,generic.v1,PROFILE_MISSING,1,oem_product_list,/home/shebahati/KaZar/Product and Data Complete/اندازه گیری/اینسایز/لیست محصولات.pdf,tier1_3_registry_match,6973018c3eeaad81327c31084ff9185ac522573976edc678d4be2bd371d056bf,3222-12,BACKFILL_EXACT,
3776,3530-25BA,میکرومتر سوزنی اینسایز (Insize) 0-25 میلی‌متر خارج سنج مدل 25BA-3530,میکرومتر-سوزنی-اینسایز-insize-0-25-میلیمتر-خارج-سنج-مدل-25ba-3530,3,INSIZE | اینسایز,13,OUTSIDE_MICROMETER,,25BA-3530,3530-25BA,25BA-3530|3530-25BA,generic.v1,PROFILE_MISSING,1,oem_product_list,/home/shebahati/KaZar/Product and Data Complete/اندازه گیری/اینسایز/لیست محصولات.pdf,tier1_3_registry_match,6973018c3eeaad81327c31084ff9185ac522573976edc678d4be2bd371d056bf,3530-25BA,BACKFILL_EXACT,
3777,4100-2112,گیج بلوک اینسایز (Insize) 112 عددی گرید 2 مدل 2112-4100,گیج-بلوک-اینسایز-insize-112-عددی-گرید-2-مدل-2112-4100,3,INSIZE | اینسایز,,,,2112-4100,4100-2112,2112-4100|4100-2112,generic.v1,PROFILE_MISSING,1,oem_product_list,/home/shebahati/KaZar/Product and Data Complete/اندازه گیری/اینسایز/لیست محصولات.pdf,tier1_3_registry_match,6973018c3eeaad81327c31084ff9185ac522573976edc678d4be2bd371d056bf,4100-2112,BACKFILL_EXACT,
3778,4101-C1000,گیج بلوک اینسایز (Insize) 1000 میلی متر گرید 2 مدل 4101-C1000,گیج-بلوک-اینسایز-insize-1000-میلی-متر-گرید-2-مدل-4101-c1000,3,INSIZE | اینسایز,,,,4101-C1000,4101-C1000,4101-C1000,generic.v1,PROFILE_MISSING,1,oem_product_list,/home/shebahati/KaZar/Product and Data Complete/اندازه گیری/اینسایز/لیست محصولات.pdf,tier1_3_registry_match,6973018c3eeaad81327c31084ff9185ac522573976edc678d4be2bd371d056bf,4101-C1000,BACKFILL_EXACT,
3779,4120-6N,گیج رینگی نرو اینسایز (Insize) 1-6میلی متر مدل 6N-4120,گیج-رینگی-نرو-اینسایز-insize-1-6میلی-متر-مدل-6n-4120,3,INSIZE | اینسایز,32,THREAD_RING_GAUGE,,6N-4120,4120-6N,6N-4120|4120-6N,generic.v1,PROFILE_MISSING,1,oem_product_list,/home/shebahati/KaZar/Product and Data Complete/اندازه گیری/اینسایز/لیست محصولات.pdf,tier1_3_registry_match,6973018c3eeaad81327c31084ff9185ac522573976edc678d4be2bd371d056bf,4120-6N,BACKFILL_EXACT,
3780,4120-8,گیج رینگی برو اینسایز (Insize) 1.25-8 میلی متر مدل 8-4120,گیج-رینگی-برو-اینسایز-insize-125-8-میلی-متر-مدل-8-4120,3,INSIZE | اینسایز,32,THREAD_RING_GAUGE,,8-4120,4120-8,8-4120|4120-8,generic.v1,PROFILE_MISSING,1,oem_product_list,/home/shebahati/KaZar/Product and Data Complete/اندازه گیری/اینسایز/لیست محصولات.pdf,tier1_3_registry_match,6973018c3eeaad81327c31084ff9185ac522573976edc678d4be2bd371d056bf,4120-8,BACKFILL_EXACT,
3782,4790-0300,گونیا مویی اینسایز (Insize) 200×300 میلی متر مدل 0300-4790,گونیا-مویی-اینسایز-insize-200215300-میلی-متر-مدل-0300-4790,3,INSIZE | اینسایز,35,ENGINEERS_SQUARE,,0300-4790,4790-0300,0300-4790|4790-0300,generic.v1,PROFILE_MISSING,1,oem_product_list,/home/shebahati/KaZar/Product and Data Complete/اندازه گیری/اینسایز/لیست محصولات.pdf,tier1_3_registry_match,6973018c3eeaad81327c31084ff9185ac522573976edc678d4be2bd371d056bf,4790-0300,BACKFILL_EXACT,
3784,4802-31,شابلون شعاع سنج اینسایز (Insize) دیجیتال کد 31-4802,شابلون-شعاع-سنج-اینسایز-insize-دیجیتال-کد-31-4802,3,INSIZE | اینسایز,,,,31-4802,4802-31,31-4802|4802-31,generic.v1,PROFILE_MISSING,1,oem_product_list,/home/shebahati/KaZar/Product and Data Complete/اندازه گیری/اینسایز/لیست محصولات.pdf,tier1_3_registry_match,6973018c3eeaad81327c31084ff9185ac522573976edc678d4be2bd371d056bf,4802-31,BACKFILL_EXACT,
3786,4803-1,گیج سیم اینسایز (Insize) مدل 1-4803,گیج-سیم-اینسایز-insize-مدل-1-4803,3,INSIZE | اینسایز,56,WIRE_GAUGE,,1-4803,4803-1,1-4803|4803-1,generic.v1,PROFILE_MISSING,1,oem_product_list,/home/shebahati/KaZar/Product and Data Complete/اندازه گیری/اینسایز/لیست محصولات.pdf,tier1_3_registry_match,6973018c3eeaad81327c31084ff9185ac522573976edc678d4be2bd371d056bf,4803-1,BACKFILL_EXACT,
3787,4804-26,ست شعاع‌ سنج اینسایز (Insize) 0.5-13 میلی‌ متری مدل 26-4804,ست-شعاع-سنج-اینسایز-insize-05-13-میلی-متری-مدل-26-4804,3,INSIZE | اینسایز,,,,26-4804,4804-26,26-4804|4804-26,generic.v1,PROFILE_MISSING,1,oem_product_list,/home/shebahati/KaZar/Product and Data Complete/اندازه گیری/اینسایز/لیست محصولات.pdf,tier1_3_registry_match,6973018c3eeaad81327c31084ff9185ac522573976edc678d4be2bd371d056bf,4804-26,BACKFILL_EXACT,
3789,4166-10D,ست پین گیج اینسایز (Insize) 10.5 – 10 میلی متر 51 پارچه مدل 10D-4166,ست-پین-گیج-اینسایز-insize-105-10-میلی-متر-51-پارچه-مدل-10d-4166,3,INSIZE | اینسایز,24,PIN_GAUGE,,10D-4166,4166-10D,10D-4166|4166-10D,generic.v1,PROFILE_MISSING,1,oem_product_list,/home/shebahati/KaZar/Product and Data Complete/اندازه گیری/اینسایز/لیست محصولات.pdf,tier1_3_registry_match,6973018c3eeaad81327c31084ff9185ac522573976edc678d4be2bd371d056bf,4166-10D,BACKFILL_EXACT,
3790,4806-20,گیج زاویه 1 - 45درجه اینسایز مدل 4806-20,شابلون-زاویه-سنج-اینسایز-insize-مدل-20-4806,3,INSIZE | اینسایز,38,ANGLE_GAUGE,,4806-20,4806-20,4806-20,generic.v1,PROFILE_MISSING,1,oem_product_list,/home/shebahati/KaZar/Product and Data Complete/اندازه گیری/اینسایز/لیست محصولات.pdf,tier1_3_registry_match,6973018c3eeaad81327c31084ff9185ac522573976edc678d4be2bd371d056bf,4806-20,BACKFILL_EXACT,
3791,4824-12,شابلون ذوزنقه 2 - 20میلیمتر اینسایز مدل 4824-12,شابلون-دنده-ای-ذوزنقه-ای-اینسایز-insize-مدل-12-4824,3,INSIZE | اینسایز,46,THREAD_PITCH_GAUGE,,4824-12,4824-12,4824-12,generic.v1,PROFILE_MISSING,1,oem_product_list,/home/shebahati/KaZar/Product and Data Complete/اندازه گیری/اینسایز/لیست محصولات.pdf,tier1_3_registry_match,6973018c3eeaad81327c31084ff9185ac522573976edc678d4be2bd371d056bf,4824-12,BACKFILL_EXACT,
3794,5024,ست ساعت اندیکاتور با پایه اینسایز مدل 5024,ست-ساعت-اندیکاتور-اینسایز-insize-با-پایه-مدل-5024,3,INSIZE | اینسایز,,,,5024,5024,5024,generic.v1,PROFILE_MISSING,1,oem_product_list,/home/shebahati/KaZar/Product and Data Complete/اندازه گیری/اینسایز/لیست محصولات.pdf,tier1_3_registry_match,6973018c3eeaad81327c31084ff9185ac522573976edc678d4be2bd371d056bf,5024,BACKFILL_EXACT,
3795,6210-80,پایه ساعت مفصلی اینسایز مدل 6210-80,پایه-ساعت-اندیکاتور-اینسایز-insize-مگنتی-مدل-80-6210,3,INSIZE | اینسایز,,,,6210-80,6210-80,6210-80,generic.v1,PROFILE_MISSING,1,oem_product_list,/home/shebahati/KaZar/Product and Data Complete/اندازه گیری/اینسایز/لیست محصولات.pdf,tier1_3_registry_match,6973018c3eeaad81327c31084ff9185ac522573976edc678d4be2bd371d056bf,6210-80,BACKFILL_EXACT,
3796,6215-60,پایه ساعت اندیکاتور اینسایز (Insize) برای سطح ناهموار مدل 60-6215,پایه-ساعت-اندیکاتور-اینسایز-insize-برای-سطح-ناهموار-مدل-60-6215,3,INSIZE | اینسایز,,,,60-6215,6215-60,60-6215|6215-60,generic.v1,PROFILE_MISSING,1,oem_product_list,/home/shebahati/KaZar/Product and Data Complete/اندازه گیری/اینسایز/لیست محصولات.pdf,tier1_3_registry_match,6973018c3eeaad81327c31084ff9185ac522573976edc678d4be2bd371d056bf,6215-60,BACKFILL_EXACT,
3798,6229-60,پایه ساعت اندیکاتور اینسایز (Insize) هیدرولیکی مدل 60-6229,پایه-ساعت-اندیکاتور-اینسایز-insize-هیدرولیکی-مدل-60-6229,3,INSIZE | اینسایز,,,,60-6229,6229-60,60-6229|6229-60,generic.v1,PROFILE_MISSING,1,oem_product_list,/home/shebahati/KaZar/Product and Data Complete/اندازه گیری/اینسایز/لیست محصولات.pdf,tier1_3_registry_match,6973018c3eeaad81327c31084ff9185ac522573976edc678d4be2bd371d056bf,6229-60,BACKFILL_EXACT,
3799,6229-80,پایه ساعت هیدرولیکی 80کیلویی اینسایز مدل 6229-80,پایه-ساعت-اندیکاتور-اینسایز-insize-هیدرولیکی-مدل-80-6229,3,INSIZE | اینسایز,,,,6229-80,6229-80,6229-80,generic.v1,PROFILE_MISSING,1,oem_product_list,/home/shebahati/KaZar/Product and Data Complete/اندازه گیری/اینسایز/لیست محصولات.pdf,tier1_3_registry_match,6973018c3eeaad81327c31084ff9185ac522573976edc678d4be2bd371d056bf,6229-80,BACKFILL_EXACT,
3800,6282-1102,پراب سرتخت اینسایز (Insize) مدل 1102-6282,پراب-سرتخت-اینسایز-insize-مدل-1102-6282,3,INSIZE | اینسایز,,,,1102-6282,6282-1102,1102-6282|6282-1102,generic.v1,PROFILE_MISSING,1,oem_product_list,/home/shebahati/KaZar/Product and Data Complete/اندازه گیری/اینسایز/لیست محصولات.pdf,tier1_3_registry_match,6973018c3eeaad81327c31084ff9185ac522573976edc678d4be2bd371d056bf,6282-1102,BACKFILL_EXACT,
3801,6282-1201,Shell Type Points اینسایز مدل 6282-1201,پراب-سرتخت-اینسایز-insize-مدل-1201-6282,3,INSIZE | اینسایز,,,,6282-1201,6282-1201,6282-1201,generic.v1,PROFILE_MISSING,1,oem_product_list,/home/shebahati/KaZar/Product and Data Complete/اندازه گیری/اینسایز/لیست محصولات.pdf,tier1_3_registry_match,6973018c3eeaad81327c31084ff9185ac522573976edc678d4be2bd371d056bf,6282-1201,BACKFILL_EXACT,
3802,6282-1203,پراب سرتخت اینسایز (Insize) مدل 1203-6282,پراب-سرتخت-اینسایز-insize-مدل-1203-6282,3,INSIZE | اینسایز,,,,1203-6282,6282-1203,1203-6282|6282-1203,generic.v1,PROFILE_MISSING,1,oem_product_list,/home/shebahati/KaZar/Product and Data Complete/اندازه گیری/اینسایز/لیست محصولات.pdf,tier1_3_registry_match,6973018c3eeaad81327c31084ff9185ac522573976edc678d4be2bd371d056bf,6282-1203,BACKFILL_EXACT,
3804,6282-1601,Needle Points اینسایز مدل 6282-1601,پراب-سرسوزنی-اینسایز-insize-مدل-1601-6282,3,INSIZE | اینسایز,,,,6282-1601,6282-1601,6282-1601,generic.v1,PROFILE_MISSING,1,oem_product_list,/home/shebahati/KaZar/Product and Data Complete/اندازه گیری/اینسایز/لیست محصولات.pdf,tier1_3_registry_match,6973018c3eeaad81327c31084ff9185ac522573976edc678d4be2bd371d056bf,6282-1601,BACKFILL_EXACT,
3805,6291-1,پایه ساعت شیطونکی اینسایز (Insize) 8 میلی‌ متری مدل 1-6291,پایه-ساعت-شیطونکی-اینسایز-insize-8-میلی-متری-مدل-1-6291,3,INSIZE | اینسایز,,,,1-6291,6291-1,1-6291|6291-1,generic.v1,PROFILE_MISSING,1,oem_product_list,/home/shebahati/KaZar/Product and Data Complete/اندازه گیری/اینسایز/لیست محصولات.pdf,tier1_3_registry_match,6973018c3eeaad81327c31084ff9185ac522573976edc678d4be2bd371d056bf,6291-1,BACKFILL_EXACT,
3807,6293-1,پایه ساعت شیطونکی اینسایز (Insize) مدل 1-6293,پایه-ساعت-شیطونکی-اینسایز-insize-مدل-1-6293,3,INSIZE | اینسایز,,,,1-6293,6293-1,1-6293|6293-1,generic.v1,PROFILE_MISSING,1,oem_product_list,/home/shebahati/KaZar/Product and Data Complete/اندازه گیری/اینسایز/لیست محصولات.pdf,tier1_3_registry_match,6973018c3eeaad81327c31084ff9185ac522573976edc678d4be2bd371d056bf,6293-1,BACKFILL_EXACT,
3808,6293-2,پایه ساعت شیطونکی اینسایز (Insize) مدل 2-6293,پایه-ساعت-شیطونکی-اینسایز-insize-مدل-2-6293,3,INSIZE | اینسایز,,,,2-6293,6293-2,2-6293|6293-2,generic.v1,PROFILE_MISSING,1,oem_product_list,/home/shebahati/KaZar/Product and Data Complete/اندازه گیری/اینسایز/لیست محصولات.pdf,tier1_3_registry_match,6973018c3eeaad81327c31084ff9185ac522573976edc678d4be2bd371d056bf,6293-2,BACKFILL_EXACT,
3811,6295-1A,پایه ساعت شیطونکی اینسایز (Insize) مدل 1A-6295,پایه-ساعت-شیطونکی-اینسایز-insize-مدل-1a-6295,3,INSIZE | اینسایز,,,,1A-6295,6295-1A,1A-6295|6295-1A,generic.v1,PROFILE_MISSING,1,oem_product_list,/home/shebahati/KaZar/Product and Data Complete/اندازه گیری/اینسایز/لیست محصولات.pdf,tier1_3_registry_match,6973018c3eeaad81327c31084ff9185ac522573976edc678d4be2bd371d056bf,6295-1A,BACKFILL_EXACT,
3813,6377-25W,هد میکرومتر اینسایز (Insize) فک بدون چرخش مدل 25W-6377,هد-میکرومتر-اینسایز-insize-فک-بدون-چرخش-مدل-25w-6377,3,INSIZE | اینسایز,13,OUTSIDE_MICROMETER,,25W-6377,6377-25W,25W-6377|6377-25W,generic.v1,PROFILE_MISSING,1,oem_product_list,/home/shebahati/KaZar/Product and Data Complete/اندازه گیری/اینسایز/لیست محصولات.pdf,tier1_3_registry_match,6973018c3eeaad81327c31084ff9185ac522573976edc678d4be2bd371d056bf,6377-25W,BACKFILL_EXACT,
3814,6557-50,زد سنج (رفرنس یاب محور Z) مگنت دار اینسایز (Insize) مدل 50-6557,زد-سنج-رفرنس-یاب-محور-z-مگنت-دار-اینسایز-insize-مدل-50-6557,3,INSIZE | اینسایز,57,ZERO_SETTER,,50-6557,6557-50,50-6557|6557-50,generic.v1,PROFILE_MISSING,1,oem_product_list,/home/shebahati/KaZar/Product and Data Complete/اندازه گیری/اینسایز/لیست محصولات.pdf,tier1_3_registry_match,6973018c3eeaad81327c31084ff9185ac522573976edc678d4be2bd371d056bf,6557-50,BACKFILL_EXACT,
3815,7142-5,متر 5متری اینسایز مدل 7142-5,متر-5-متری-اینسایز-insize-مدل-5-7142,3,INSIZE | اینسایز,30,MEASURING_TAPE,,7142-5,7142-5,7142-5,generic.v1,PROFILE_MISSING,1,oem_product_list,/home/shebahati/KaZar/Product and Data Complete/اندازه گیری/اینسایز/لیست محصولات.pdf,tier1_3_registry_match,6973018c3eeaad81327c31084ff9185ac522573976edc678d4be2bd371d056bf,7142-5,BACKFILL_EXACT,
3816,7160-1,آینه بازرسی تلسکوپی اینسایز (INSIZE) مدل 1-7160,آینه-بازرسی-تلسکوپی-اینسایز-insize-مدل-1-7160,3,INSIZE | اینسایز,,,,1-7160,7160-1,1-7160|7160-1,generic.v1,PROFILE_MISSING,1,oem_product_list,/home/shebahati/KaZar/Product and Data Complete/اندازه گیری/اینسایز/لیست محصولات.pdf,tier1_3_registry_match,6973018c3eeaad81327c31084ff9185ac522573976edc678d4be2bd371d056bf,7160-1,BACKFILL_EXACT,
3818,7160-2,آینه بازرسی تلسکوپی اینسایز (INSIZE) مدل 2-7160,آینه-بازرسی-تلسکوپی-اینسایز-insize-مدل-2-7160,3,INSIZE | اینسایز,,,,2-7160,7160-2,2-7160|7160-2,generic.v1,PROFILE_MISSING,1,oem_product_list,/home/shebahati/KaZar/Product and Data Complete/اندازه گیری/اینسایز/لیست محصولات.pdf,tier1_3_registry_match,6973018c3eeaad81327c31084ff9185ac522573976edc678d4be2bd371d056bf,7160-2,BACKFILL_EXACT,
3820,7230,سوزن خط کش فلزی اینسایز (INSIZE) مدل 7230,سوزن-خط-کش-فلزی-اینسایز-insize-مدل-7230,3,INSIZE | اینسایز,,,,7230,7230,7230,generic.v1,PROFILE_MISSING,1,oem_product_list,/home/shebahati/KaZar/Product and Data Complete/اندازه گیری/اینسایز/لیست محصولات.pdf,tier1_3_registry_match,6973018c3eeaad81327c31084ff9185ac522573976edc678d4be2bd371d056bf,7230,BACKFILL_EXACT,
3821,7351-EX12,رابط بور گیج اینسایز (Insize) مدل 7351-EX12,رابط-بور-گیج-اینسایز-insize-مدل-7351-ex12,3,INSIZE | اینسایز,,,,7351-EX12,7351-EX12,7351-EX12,generic.v1,PROFILE_MISSING,1,oem_product_list,/home/shebahati/KaZar/Product and Data Complete/اندازه گیری/اینسایز/لیست محصولات.pdf,tier1_3_registry_match,6973018c3eeaad81327c31084ff9185ac522573976edc678d4be2bd371d056bf,7351-EX12,BACKFILL_EXACT,
3823,7524-10,عینک ذره‌ بین 10X اینسایز (Insize) مدل 10-7524,عینک-ذره-بین-10x-اینسایز-insize-مدل-10-7524,3,INSIZE | اینسایز,,,,10-7524,7524-10,10-7524|7524-10,generic.v1,PROFILE_MISSING,1,oem_product_list,/home/shebahati/KaZar/Product and Data Complete/اندازه گیری/اینسایز/لیست محصولات.pdf,tier1_3_registry_match,6973018c3eeaad81327c31084ff9185ac522573976edc678d4be2bd371d056bf,7524-10,BACKFILL_EXACT,
3824,7600-6,شمار انداز 6رقمی اینسایز مدل 7600-6,شمارانداز-6-رقمی-اینسایز-insize-مدل-6-7600,3,INSIZE | اینسایز,,,,7600-6,7600-6,7600-6,generic.v1,PROFILE_MISSING,1,oem_product_list,/home/shebahati/KaZar/Product and Data Complete/اندازه گیری/اینسایز/لیست محصولات.pdf,tier1_3_registry_match,6973018c3eeaad81327c31084ff9185ac522573976edc678d4be2bd371d056bf,7600-6,BACKFILL_EXACT,
3825,9501-1200,ضخامت سنج رنگ و پوشش اینسایز (Insize) مدل 1200-9501,ضخامت-سنج-رنگ-و-پوشش-اینسایز-insize-مدل-1200-9501,3,INSIZE | اینسایز,39,COATING_THICKNESS_GAUGE,,1200-9501,9501-1200,1200-9501|9501-1200,generic.v1,PROFILE_MISSING,1,oem_product_list,/home/shebahati/KaZar/Product and Data Complete/اندازه گیری/اینسایز/لیست محصولات.pdf,tier1_3_registry_match,6973018c3eeaad81327c31084ff9185ac522573976edc678d4be2bd371d056bf,9501-1200,BACKFILL_EXACT,
3826,9561-50B,متر لیزری 50متری اینسایز مدل 9561-50B,متر-لیزری-اینسایز-insize-50-متری-مدل-9561-50b,3,INSIZE | اینسایز,43,LASER_DISTANCE_METER,,9561-50B,9561-50B,9561-50B,generic.v1,PROFILE_MISSING,1,oem_product_list,/home/shebahati/KaZar/Product and Data Complete/اندازه گیری/اینسایز/لیست محصولات.pdf,tier1_3_registry_match,6973018c3eeaad81327c31084ff9185ac522573976edc678d4be2bd371d056bf,9561-50B,BACKFILL_EXACT,
3827,9561-70B,متر لیزری 70متری اینسایز مدل 9561-70B,متر-لیزری-اینسایز-insize-70-متری-مدل9561-70b,3,INSIZE | اینسایز,43,LASER_DISTANCE_METER,,9561-70B,9561-70B,9561-70B,generic.v1,PROFILE_MISSING,1,oem_product_list,/home/shebahati/KaZar/Product and Data Complete/اندازه گیری/اینسایز/لیست محصولات.pdf,tier1_3_registry_match,6973018c3eeaad81327c31084ff9185ac522573976edc678d4be2bd371d056bf,9561-70B,BACKFILL_EXACT,
3828,HDT-LP200,سختی سنج فلزات اینسایز (Insize) مدل HDT-LP200,سختی-سنج-فلزات-اینسایز-insize-مدل-hdt-lp200,3,INSIZE | اینسایز,42,HARDNESS_TESTER,,HDT-LP200,HDT-LP200,HDT-LP200,generic.v1,PROFILE_MISSING,1,oem_product_list,/home/shebahati/KaZar/Product and Data Complete/اندازه گیری/اینسایز/لیست محصولات.pdf,tier1_3_registry_match,6973018c3eeaad81327c31084ff9185ac522573976edc678d4be2bd371d056bf,HDT-LP200,BACKFILL_EXACT,
3830,ISF-MT500,پایه تست نیروسنج اینسایز (Insize) مدل ISF-MT500,پایه-تست-نیروسنج-اینسایز-insize-مدل-isf-mt500,3,INSIZE | اینسایز,,,,ISF-MT500,ISF-MT500,ISF-MT500,generic.v1,PROFILE_MISSING,1,oem_product_list,/home/shebahati/KaZar/Product and Data Complete/اندازه گیری/اینسایز/لیست محصولات.pdf,tier1_3_registry_match,6973018c3eeaad81327c31084ff9185ac522573976edc678d4be2bd371d056bf,ISF-MT500,BACKFILL_EXACT,
3832,ISH-PHB,سختی سنج فلزات اینسایز (Insize) مدل ISH-PHB,سختی-سنج-فلزات-اینسایز-insize-مدل-ish-phb,3,INSIZE | اینسایز,42,HARDNESS_TESTER,,ISH-PHB,ISH-PHB,ISH-PHB,generic.v1,PROFILE_MISSING,1,oem_product_list,/home/shebahati/KaZar/Product and Data Complete/اندازه گیری/اینسایز/لیست محصولات.pdf,tier1_3_registry_match,6973018c3eeaad81327c31084ff9185ac522573976edc678d4be2bd371d056bf,ISH-PHB,BACKFILL_EXACT,
3833,ISH-STAC,پایه سختی سنج اینسایز (Insize) مدل ISH-STAC,پایه-سختی-سنج-اینسایز-insize-مدل-ish-stac,3,INSIZE | اینسایز,,,,ISH-STAC,ISH-STAC,ISH-STAC,generic.v1,PROFILE_MISSING,1,oem_product_list,/home/shebahati/KaZar/Product and Data Complete/اندازه گیری/اینسایز/لیست محصولات.pdf,tier1_3_registry_match,6973018c3eeaad81327c31084ff9185ac522573976edc678d4be2bd371d056bf,ISH-STAC,BACKFILL_EXACT,
3834,ISH-STD,پایه سختی سنج اینسایز (Insize) مدل ISH-STD,پایه-سختی-سنج-اینسایز-insize-مدل-ish-std,3,INSIZE | اینسایز,,,,ISH-STD,ISH-STD,ISH-STD,generic.v1,PROFILE_MISSING,1,oem_product_list,/home/shebahati/KaZar/Product and Data Complete/اندازه گیری/اینسایز/لیست محصولات.pdf,tier1_3_registry_match,6973018c3eeaad81327c31084ff9185ac522573976edc678d4be2bd371d056bf,ISH-STD,BACKFILL_EXACT,
3835,ISO-1000FN,ضخامت سنج رنگ و پوشش اینسایز مدل ISO-1000FN,ضخامت-سنج-رنگ-و-پوشش-اینسایز-insize-مدل-iso-1000fn,3,INSIZE | اینسایز,39,COATING_THICKNESS_GAUGE,,ISO-1000FN,ISO-1000FN,ISO-1000FN,generic.v1,PROFILE_MISSING,1,oem_product_list,/home/shebahati/KaZar/Product and Data Complete/اندازه گیری/اینسایز/لیست محصولات.pdf,tier1_3_registry_match,6973018c3eeaad81327c31084ff9185ac522573976edc678d4be2bd371d056bf,ISO-1000FN,BACKFILL_EXACT,
3837,ISQ-RM30,غلظت‌ سنج اینسایز (Insize) مدل ISQ-RM30,غلظت-سنج-اینسایز-insize-مدل-isq-rm30,3,INSIZE | اینسایز,52,REFRACTOMETER,,ISQ-RM30,ISQ-RM30,ISQ-RM30,generic.v1,PROFILE_MISSING,1,oem_product_list,/home/shebahati/KaZar/Product and Data Complete/اندازه گیری/اینسایز/لیست محصولات.pdf,tier1_3_registry_match,6973018c3eeaad81327c31084ff9185ac522573976edc678d4be2bd371d056bf,ISQ-RM30,BACKFILL_EXACT,
3839,ISU-100D,ضخامت سنج لوله دیجیتال التراسونیک اینسایز (Insize) مدل ISU-100D,ضخامت-سنج-لوله-دیجیتال-التراسونیک-اینسایز-insize-مدل-isu-100d,3,INSIZE | اینسایز,59,ULTRASONIC_THICKNESS_GAUGE,,ISU-100D,ISU-100D,ISU-100D,generic.v1,PROFILE_MISSING,1,oem_product_list,/home/shebahati/KaZar/Product and Data Complete/اندازه گیری/اینسایز/لیست محصولات.pdf,tier1_3_registry_match,6973018c3eeaad81327c31084ff9185ac522573976edc678d4be2bd371d056bf,ISU-100D,BACKFILL_EXACT,
3840,4208-1,گیج اینسایز (Insize) مدل 1-4208,گیج-اینسایز-insize-مدل-1-4208,3,INSIZE | اینسایز,,,,1-4208,4208-1,1-4208|4208-1,generic.v1,PROFILE_MISSING,1,oem_product_list,/home/shebahati/KaZar/Product and Data Complete/اندازه گیری/اینسایز/لیست محصولات.pdf,tier1_3_registry_match,6973018c3eeaad81327c31084ff9185ac522573976edc678d4be2bd371d056bf,4208-1,BACKFILL_EXACT,
3841,4608-31,فیلر اینچی 0.0015 - 0.035اینچ اینسایز مدل 4608-31,فیلر-اینسایز-insize-32-تیغ-مدل-31-4608,3,INSIZE | اینسایز,26,FEELER_GAUGE,,4608-31,4608-31,4608-31,generic.v1,PROFILE_MISSING,1,oem_product_list,/home/shebahati/KaZar/Product and Data Complete/اندازه گیری/اینسایز/لیست محصولات.pdf,tier1_3_registry_match,6973018c3eeaad81327c31084ff9185ac522573976edc678d4be2bd371d056bf,4608-31,BACKFILL_EXACT,
3843,ISU-200D,ضخامت سنج لوله دیجیتال التراسونیک اینسایز (Insize) مدل ISU-200D,ضخامت-سنج-لوله-دیجیتال-التراسونیک-اینسایز-insize-مدل-isu-200d,3,INSIZE | اینسایز,59,ULTRASONIC_THICKNESS_GAUGE,,ISU-200D,ISU-200D,ISU-200D,generic.v1,PROFILE_MISSING,1,oem_product_list,/home/shebahati/KaZar/Product and Data Complete/اندازه گیری/اینسایز/لیست محصولات.pdf,tier1_3_registry_match,6973018c3eeaad81327c31084ff9185ac522573976edc678d4be2bd371d056bf,ISU-200D,BACKFILL_EXACT,
3845,4120-10,گیج رینگی برو اینسایز (Insize) 1.5-10میلی متر مدل 10-4120,گیج-رینگی-برو-اینسایز-insize-15-10میلی-متر-مدل-10-4120,3,INSIZE | اینسایز,32,THREAD_RING_GAUGE,,10-4120,4120-10,10-4120|4120-10,generic.v1,PROFILE_MISSING,1,oem_product_list,/home/shebahati/KaZar/Product and Data Complete/اندازه گیری/اینسایز/لیست محصولات.pdf,tier1_3_registry_match,6973018c3eeaad81327c31084ff9185ac522573976edc678d4be2bd371d056bf,4120-10,BACKFILL_EXACT,
3848,4120-12,گیج رینگی برو اینسایز (Insize) 1.75-12 میلی متر مدل 12-4120,گیج-رینگی-برو-اینسایز-insize-175-12-میلی-متر-مدل-12-4120,3,INSIZE | اینسایز,32,THREAD_RING_GAUGE,,12-4120,4120-12,12-4120|4120-12,generic.v1,PROFILE_MISSING,1,oem_product_list,/home/shebahati/KaZar/Product and Data Complete/اندازه گیری/اینسایز/لیست محصولات.pdf,tier1_3_registry_match,6973018c3eeaad81327c31084ff9185ac522573976edc678d4be2bd371d056bf,4120-12,BACKFILL_EXACT,
3850,4120-14,گیج رینگی برو اینسایز (Insize) 2-14 میلی متر مدل 14-4120,گیج-رینگی-برو-اینسایز-insize-2-14-میلی-متر-مدل-14-4120,3,INSIZE | اینسایز,32,THREAD_RING_GAUGE,,14-4120,4120-14,14-4120|4120-14,generic.v1,PROFILE_MISSING,1,oem_product_list,/home/shebahati/KaZar/Product and Data Complete/اندازه گیری/اینسایز/لیست محصولات.pdf,tier1_3_registry_match,6973018c3eeaad81327c31084ff9185ac522573976edc678d4be2bd371d056bf,4120-14,BACKFILL_EXACT,
3853,4120-16,گیج رینگی برو اینسایز (Insize) 2-16 میلی متر مدل 16-4120,گیج-رینگی-برو-اینسایز-insize-2-16-میلی-متر-مدل-16-4120,3,INSIZE | اینسایز,32,THREAD_RING_GAUGE,,16-4120,4120-16,16-4120|4120-16,generic.v1,PROFILE_MISSING,1,oem_product_list,/home/shebahati/KaZar/Product and Data Complete/اندازه گیری/اینسایز/لیست محصولات.pdf,tier1_3_registry_match,6973018c3eeaad81327c31084ff9185ac522573976edc678d4be2bd371d056bf,4120-16,BACKFILL_EXACT,
3855,4120-18,گیج رینگی برو اینسایز (Insize) 2.5-18 میلی متر مدل 18-4120,گیج-رینگی-برو-اینسایز-insize-25-18-میلی-متر-مدل-18-4120,3,INSIZE | اینسایز,32,THREAD_RING_GAUGE,,18-4120,4120-18,18-4120|4120-18,generic.v1,PROFILE_MISSING,1,oem_product_list,/home/shebahati/KaZar/Product and Data Complete/اندازه گیری/اینسایز/لیست محصولات.pdf,tier1_3_registry_match,6973018c3eeaad81327c31084ff9185ac522573976edc678d4be2bd371d056bf,4120-18,BACKFILL_EXACT,
3857,4120-20,گیج رینگی برو اینسایز (Insize) 2.5-20 میلی متر مدل 20-4120,گیج-رینگی-برو-اینسایز-insize-25-20-میلی-متر-مدل-20-4120,3,INSIZE | اینسایز,32,THREAD_RING_GAUGE,,20-4120,4120-20,20-4120|4120-20,generic.v1,PROFILE_MISSING,1,oem_product_list,/home/shebahati/KaZar/Product and Data Complete/اندازه گیری/اینسایز/لیست محصولات.pdf,tier1_3_registry_match,6973018c3eeaad81327c31084ff9185ac522573976edc678d4be2bd371d056bf,4120-20,BACKFILL_EXACT,
3859,4120-22,گیج رینگی برو اینسایز (Insize) 2.5-22 میلی متر مدل 22-4120,گیج-رینگی-برو-اینسایز-insize-25-22-میلی-متر-مدل-22-4120,3,INSIZE | اینسایز,32,THREAD_RING_GAUGE,,22-4120,4120-22,22-4120|4120-22,generic.v1,PROFILE_MISSING,1,oem_product_list,/home/shebahati/KaZar/Product and Data Complete/اندازه گیری/اینسایز/لیست محصولات.pdf,tier1_3_registry_match,6973018c3eeaad81327c31084ff9185ac522573976edc678d4be2bd371d056bf,4120-22,BACKFILL_EXACT,
3862,4120-24,گیج رینگی برو اینسایز (Insize) 3-24 میلی متر مدل 24-4120,گیج-رینگی-برو-اینسایز-insize-3-24-میلی-متر-مدل-24-4120,3,INSIZE | اینسایز,32,THREAD_RING_GAUGE,,24-4120,4120-24,24-4120|4120-24,generic.v1,PROFILE_MISSING,1,oem_product_list,/home/shebahati/KaZar/Product and Data Complete/اندازه گیری/اینسایز/لیست محصولات.pdf,tier1_3_registry_match,6973018c3eeaad81327c31084ff9185ac522573976edc678d4be2bd371d056bf,4120-24,BACKFILL_EXACT,
3865,4120-27,گیج رینگی برو اینسایز (Insize) 3-27 میلی متر مدل 27-4120,گیج-رینگی-برو-اینسایز-insize-3-27-میلی-متر-مدل-27-4120,3,INSIZE | اینسایز,32,THREAD_RING_GAUGE,,27-4120,4120-27,27-4120|4120-27,generic.v1,PROFILE_MISSING,1,oem_product_list,/home/shebahati/KaZar/Product and Data Complete/اندازه گیری/اینسایز/لیست محصولات.pdf,tier1_3_registry_match,6973018c3eeaad81327c31084ff9185ac522573976edc678d4be2bd371d056bf,4120-27,BACKFILL_EXACT,
3869,4120-30,گیج رینگی برو اینسایز (Insize) 3.5-30 میلی متر مدل 30-4120,گیج-رینگی-برو-اینسایز-insize-35-30-میلی-متر-مدل-30-4120,3,INSIZE | اینسایز,32,THREAD_RING_GAUGE,,30-4120,4120-30,30-4120|4120-30,generic.v1,PROFILE_MISSING,1,oem_product_list,/home/shebahati/KaZar/Product and Data Complete/اندازه گیری/اینسایز/لیست محصولات.pdf,tier1_3_registry_match,6973018c3eeaad81327c31084ff9185ac522573976edc678d4be2bd371d056bf,4120-30,BACKFILL_EXACT,
3872,4130-4,گیج رزوه برو نرو توپی اینسایز (Insize) 4*0.7mm مدل 4-4130,گیج-رزوه-برو-نرو-توپی-اینسایز-insize-407mm-مدل-4-4130,3,INSIZE | اینسایز,33,THREAD_PLUG_GAUGE,,4-4130,4130-4,4-4130|4130-4,generic.v1,PROFILE_MISSING,1,oem_product_list,/home/shebahati/KaZar/Product and Data Complete/اندازه گیری/اینسایز/لیست محصولات.pdf,tier1_3_registry_match,6973018c3eeaad81327c31084ff9185ac522573976edc678d4be2bd371d056bf,4130-4,BACKFILL_EXACT,
3873,4130-5,گیج رزوه برو نرو توپی اینسایز (Insize) 5×0.8mm مدل 5-4130,گیج-رزوه-برو-نرو-توپی-اینسایز-insize-521508mm-مدل-5-4130,3,INSIZE | اینسایز,33,THREAD_PLUG_GAUGE,,5-4130,4130-5,5-4130|4130-5,generic.v1,PROFILE_MISSING,1,oem_product_list,/home/shebahati/KaZar/Product and Data Complete/اندازه گیری/اینسایز/لیست محصولات.pdf,tier1_3_registry_match,6973018c3eeaad81327c31084ff9185ac522573976edc678d4be2bd371d056bf,4130-5,BACKFILL_EXACT,
3874,4130-6,گیج رزوه برو نرو توپی اینسایز (Insize) 6x1mm مدل 6-4130,گیج-رزوه-برو-نرو-توپی-اینسایز-insize-6x1mm-مدل-6-4130,3,INSIZE | اینسایز,33,THREAD_PLUG_GAUGE,,6-4130,4130-6,6-4130|4130-6,generic.v1,PROFILE_MISSING,1,oem_product_list,/home/shebahati/KaZar/Product and Data Complete/اندازه گیری/اینسایز/لیست محصولات.pdf,tier1_3_registry_match,6973018c3eeaad81327c31084ff9185ac522573976edc678d4be2bd371d056bf,4130-6,BACKFILL_EXACT,
3876,4130-8,گیج رزوه برو نرو توپی اینسایز (Insize) 8×1.25mm مدل 8-4130,گیج-رزوه-برو-نرو-توپی-اینسایز-insize-8215125mm-مدل-8-4130,3,INSIZE | اینسایز,33,THREAD_PLUG_GAUGE,,8-4130,4130-8,8-4130|4130-8,generic.v1,PROFILE_MISSING,1,oem_product_list,/home/shebahati/KaZar/Product and Data Complete/اندازه گیری/اینسایز/لیست محصولات.pdf,tier1_3_registry_match,6973018c3eeaad81327c31084ff9185ac522573976edc678d4be2bd371d056bf,4130-8,BACKFILL_EXACT,
3878,4130-10,گیج رزوه برو نرو توپی اینسایز (Insize) 10×1.5mm مدل 10-4130,گیج-رزوه-برو-نرو-توپی-اینسایز-insize-1021515mm-مدل-10-4130,3,INSIZE | اینسایز,33,THREAD_PLUG_GAUGE,,10-4130,4130-10,10-4130|4130-10,generic.v1,PROFILE_MISSING,1,oem_product_list,/home/shebahati/KaZar/Product and Data Complete/اندازه گیری/اینسایز/لیست محصولات.pdf,tier1_3_registry_match,6973018c3eeaad81327c31084ff9185ac522573976edc678d4be2bd371d056bf,4130-10,BACKFILL_EXACT,
3880,4130-12,گیج رزوه برو نرو توپی اینسایز (Insize) 12×1.75mm مدل 12-4130,گیج-رزوه-برو-نرو-توپی-اینسایز-insize-12215175mm-مدل-12-4130,3,INSIZE | اینسایز,33,THREAD_PLUG_GAUGE,,12-4130,4130-12,12-4130|4130-12,generic.v1,PROFILE_MISSING,1,oem_product_list,/home/shebahati/KaZar/Product and Data Complete/اندازه گیری/اینسایز/لیست محصولات.pdf,tier1_3_registry_match,6973018c3eeaad81327c31084ff9185ac522573976edc678d4be2bd371d056bf,4130-12,BACKFILL_EXACT,
3881,4130-14,گیج رزوه برو نرو توپی اینسایز (Insize) 14x2mm مدل 14-4130,گیج-رزوه-برو-نرو-توپی-اینسایز-insize-14x2mm-مدل-14-4130,3,INSIZE | اینسایز,33,THREAD_PLUG_GAUGE,,14-4130,4130-14,14-4130|4130-14,generic.v1,PROFILE_MISSING,1,oem_product_list,/home/shebahati/KaZar/Product and Data Complete/اندازه گیری/اینسایز/لیست محصولات.pdf,tier1_3_registry_match,6973018c3eeaad81327c31084ff9185ac522573976edc678d4be2bd371d056bf,4130-14,BACKFILL_EXACT,
3882,4130-16,گیج رزوه برو نرو توپی اینسایز (Insize) 16x2mm مدل 16-4130,گیج-رزوه-برو-نرو-توپی-اینسایز-insize-16x2mm-مدل-16-4130,3,INSIZE | اینسایز,33,THREAD_PLUG_GAUGE,,16-4130,4130-16,16-4130|4130-16,generic.v1,PROFILE_MISSING,1,oem_product_list,/home/shebahati/KaZar/Product and Data Complete/اندازه گیری/اینسایز/لیست محصولات.pdf,tier1_3_registry_match,6973018c3eeaad81327c31084ff9185ac522573976edc678d4be2bd371d056bf,4130-16,BACKFILL_EXACT,
3883,4130-18,گیج رزوه برو نرو توپی اینسایز (Insize) 18×2.5mm مدل 18-4130,گیج-رزوه-برو-نرو-توپی-اینسایز-insize-1821525mm-مدل-18-4130,3,INSIZE | اینسایز,33,THREAD_PLUG_GAUGE,,18-4130,4130-18,18-4130|4130-18,generic.v1,PROFILE_MISSING,1,oem_product_list,/home/shebahati/KaZar/Product and Data Complete/اندازه گیری/اینسایز/لیست محصولات.pdf,tier1_3_registry_match,6973018c3eeaad81327c31084ff9185ac522573976edc678d4be2bd371d056bf,4130-18,BACKFILL_EXACT,
3884,4130-20,گیج رزوه برو نرو توپی اینسایز (Insize) 20×2.5mm مدل 20-4130,گیج-رزوه-برو-نرو-توپی-اینسایز-insize-2021525mm-مدل-20-4130,3,INSIZE | اینسایز,33,THREAD_PLUG_GAUGE,,20-4130,4130-20,20-4130|4130-20,generic.v1,PROFILE_MISSING,1,oem_product_list,/home/shebahati/KaZar/Product and Data Complete/اندازه گیری/اینسایز/لیست محصولات.pdf,tier1_3_registry_match,6973018c3eeaad81327c31084ff9185ac522573976edc678d4be2bd371d056bf,4130-20,BACKFILL_EXACT,
3885,4130-22,گیج رزوه برو نرو توپی اینسایز (Insize) 22×2.5mm مدل 22-4130,گیج-رزوه-برو-نرو-توپی-اینسایز-insize-2221525mm-مدل-22-4130,3,INSIZE | اینسایز,33,THREAD_PLUG_GAUGE,,22-4130,4130-22,22-4130|4130-22,generic.v1,PROFILE_MISSING,1,oem_product_list,/home/shebahati/KaZar/Product and Data Complete/اندازه گیری/اینسایز/لیست محصولات.pdf,tier1_3_registry_match,6973018c3eeaad81327c31084ff9185ac522573976edc678d4be2bd371d056bf,4130-22,BACKFILL_EXACT,
3886,4130-24,گیج رزوه برو نرو توپی اینسایز (Insize) 24x3mm مدل 24-4130,گیج-رزوه-برو-نرو-توپی-اینسایز-insize-24x3mm-مدل-24-4130,3,INSIZE | اینسایز,33,THREAD_PLUG_GAUGE,,24-4130,4130-24,24-4130|4130-24,generic.v1,PROFILE_MISSING,1,oem_product_list,/home/shebahati/KaZar/Product and Data Complete/اندازه گیری/اینسایز/لیست محصولات.pdf,tier1_3_registry_match,6973018c3eeaad81327c31084ff9185ac522573976edc678d4be2bd371d056bf,4130-24,BACKFILL_EXACT,
3887,4130-27,گیج رزوه برو نرو توپی اینسایز (Insize) 27x3mm مدل 27-4130,گیج-رزوه-برو-نرو-توپی-اینسایز-insize-27x3mm-مدل-27-4130,3,INSIZE | اینسایز,33,THREAD_PLUG_GAUGE,,27-4130,4130-27,27-4130|4130-27,generic.v1,PROFILE_MISSING,1,oem_product_list,/home/shebahati/KaZar/Product and Data Complete/اندازه گیری/اینسایز/لیست محصولات.pdf,tier1_3_registry_match,6973018c3eeaad81327c31084ff9185ac522573976edc678d4be2bd371d056bf,4130-27,BACKFILL_EXACT,
3889,4130-30,گیج رزوه برو نرو توپی اینسایز (Insize) 30×3.5mm مدل 30-4130,گیج-رزوه-برو-نرو-توپی-اینسایز-insize-3021535mm-مدل-30-4130,3,INSIZE | اینسایز,33,THREAD_PLUG_GAUGE,,30-4130,4130-30,30-4130|4130-30,generic.v1,PROFILE_MISSING,1,oem_product_list,/home/shebahati/KaZar/Product and Data Complete/اندازه گیری/اینسایز/لیست محصولات.pdf,tier1_3_registry_match,6973018c3eeaad81327c31084ff9185ac522573976edc678d4be2bd371d056bf,4130-30,BACKFILL_EXACT,
3891,4166-10,ست پین گیج اینسایز (Insize) 9.5-10 میلی متر 51 پارچه مدل 10-4166,ست-پین-گیج-اینسایز-insize-95-10-میلی-متر-51-پارچه-مدل-10-4166,3,INSIZE | اینسایز,24,PIN_GAUGE,,10-4166,4166-10,10-4166|4166-10,generic.v1,PROFILE_MISSING,1,oem_product_list,/home/shebahati/KaZar/Product and Data Complete/اندازه گیری/اینسایز/لیست محصولات.pdf,tier1_3_registry_match,6973018c3eeaad81327c31084ff9185ac522573976edc678d4be2bd371d056bf,4166-10,BACKFILL_EXACT,
3892,4166-3D,ست پین گیج اینسایز (Insize) 3.5 – 3 میلی متر 51 پارچه مدل 3D-4166,ست-پین-گیج-اینسایز-insize-35-3-میلی-متر-51-پارچه-مدل-3d-4166,3,INSIZE | اینسایز,24,PIN_GAUGE,,3D-4166,4166-3D,3D-4166|4166-3D,generic.v1,PROFILE_MISSING,1,oem_product_list,/home/shebahati/KaZar/Product and Data Complete/اندازه گیری/اینسایز/لیست محصولات.pdf,tier1_3_registry_match,6973018c3eeaad81327c31084ff9185ac522573976edc678d4be2bd371d056bf,4166-3D,BACKFILL_EXACT,
3895,0312-TH50,رطوبت سنج / دماسنج اینسایز (Insize) مدل 0312-TH50,رطوبت-سنج-دماسنج-اینسایز-insize-مدل-0312-th50,3,INSIZE | اینسایز,67,MOISTURE_METER,,0312-TH50,0312-TH50,0312-TH50,generic.v1,PROFILE_MISSING,1,oem_product_list,/home/shebahati/KaZar/Product and Data Complete/اندازه گیری/اینسایز/لیست محصولات.pdf,tier1_3_registry_match,6973018c3eeaad81327c31084ff9185ac522573976edc678d4be2bd371d056bf,0312-TH50,BACKFILL_EXACT,
3896,1106-1005,کولیس دیجیتال اینسایز (Insize) 100 سانتی‌ متر فک بلند مدل 1005-1106,کولیس-دیجیتال-اینسایز-insize-100-سانتی-متر-فک-بلند-مدل-1005-1106,3,INSIZE | اینسایز,1,GEN_CALIPER,,1005-1106,1106-1005,1005-1106|1106-1005,generic.v1,PROFILE_MISSING,1,oem_product_list,/home/shebahati/KaZar/Product and Data Complete/اندازه گیری/اینسایز/لیست محصولات.pdf,tier1_3_registry_match,6973018c3eeaad81327c31084ff9185ac522573976edc678d4be2bd371d056bf,1106-1005,BACKFILL_EXACT,
3897,1106-1503,کولیس دیجیتال اینسایز (Insize) فک بلند مدل 1503-1106,کولیس-دیجیتال-اینسایز-insize-فک-بلند-مدل-1503-1106,3,INSIZE | اینسایز,1,GEN_CALIPER,,1503-1106,1106-1503,1503-1106|1106-1503,generic.v1,PROFILE_MISSING,1,oem_product_list,/home/shebahati/KaZar/Product and Data Complete/اندازه گیری/اینسایز/لیست محصولات.pdf,tier1_3_registry_match,6973018c3eeaad81327c31084ff9185ac522573976edc678d4be2bd371d056bf,1106-1503,BACKFILL_EXACT,
3898,1106-2002,کولیس دیجیتال اینسایز (Insize) 200 سانتی‌ متری فک بلند مدل 2002-1106,کولیس-دیجیتال-اینسایز-insize-200-سانتی-متری-فک-بلند-مدل-2002-1106,3,INSIZE | اینسایز,1,GEN_CALIPER,,2002-1106,1106-2002,2002-1106|1106-2002,generic.v1,PROFILE_MISSING,1,oem_product_list,/home/shebahati/KaZar/Product and Data Complete/اندازه گیری/اینسایز/لیست محصولات.pdf,tier1_3_registry_match,6973018c3eeaad81327c31084ff9185ac522573976edc678d4be2bd371d056bf,1106-2002,BACKFILL_EXACT,
3899,1110-150A,کولیس دیجیتال 15 سانت با فک الماس اینسایز مدل 1110-150A,کولیس-دیجیتال-اینسایز-insize-15-سانت-با-فک-الماس-مدل-1110-150a,3,INSIZE | اینسایز,1,GEN_CALIPER,,1110-150A,1110-150A,1110-150A,generic.v1,PROFILE_MISSING,1,oem_product_list,/home/shebahati/KaZar/Product and Data Complete/اندازه گیری/اینسایز/لیست محصولات.pdf,tier1_3_registry_match,6973018c3eeaad81327c31084ff9185ac522573976edc678d4be2bd371d056bf,1110-150A,BACKFILL_EXACT,
3900,1110-300A,کولیس دیجیتال 30 سانت با فک الماس اینسایز مدل 1110-300A,کولیس-دیجیتال-اینسایز-insize-30-سانت-با-فک-الماس-مدل-1110-300a,3,INSIZE | اینسایز,1,GEN_CALIPER,,1110-300A,1110-300A,1110-300A,generic.v1,PROFILE_MISSING,1,oem_product_list,/home/shebahati/KaZar/Product and Data Complete/اندازه گیری/اینسایز/لیست محصولات.pdf,tier1_3_registry_match,6973018c3eeaad81327c31084ff9185ac522573976edc678d4be2bd371d056bf,1110-300A,BACKFILL_EXACT,
3901,1141-1000,عمق سنج دیجیتال اینسایز (Insize) 1 متری مدل 1000-1141,عمق-سنج-دیجیتال-اینسایز-insize-1-متری-مدل-1000-1141,3,INSIZE | اینسایز,2,DEPTH_GAUGE,,1000-1141,1141-1000,1000-1141|1141-1000,generic.v1,PROFILE_MISSING,1,oem_product_list,/home/shebahati/KaZar/Product and Data Complete/اندازه گیری/اینسایز/لیست محصولات.pdf,tier1_3_registry_match,6973018c3eeaad81327c31084ff9185ac522573976edc678d4be2bd371d056bf,1141-1000,BACKFILL_EXACT,
3902,1180-6,گیج پخ دیجیتال اینسایز (Insize) 0-10 میلیمتر 45 درجه مدل 6-1180,گیج-پخ-دیجیتال-اینسایز-insize-0-10-میلیمتر-45-درجه-مدل-6-1180,3,INSIZE | اینسایز,34,CHAMFER_GAUGE,,6-1180,1180-6,6-1180|1180-6,generic.v1,PROFILE_MISSING,1,oem_product_list,/home/shebahati/KaZar/Product and Data Complete/اندازه گیری/اینسایز/لیست محصولات.pdf,tier1_3_registry_match,6973018c3eeaad81327c31084ff9185ac522573976edc678d4be2bd371d056bf,1180-6,BACKFILL_EXACT,
3904,1205-150S,کولیس استنلس استیل معمولی اینسایز (Insize) 15 سانت مدل 150S-1205,کولیس-استنلس-استیل-معمولی-اینسایز-insize-15-سانت-مدل-150s-1205,3,INSIZE | اینسایز,1,GEN_CALIPER,,150S-1205,1205-150S,150S-1205|1205-150S,generic.v1,PROFILE_MISSING,1,oem_product_list,/home/shebahati/KaZar/Product and Data Complete/اندازه گیری/اینسایز/لیست محصولات.pdf,tier1_3_registry_match,6973018c3eeaad81327c31084ff9185ac522573976edc678d4be2bd371d056bf,1205-150S,BACKFILL_EXACT,
3905,1205-200S,کولیس استنلس استیل معمولی 20 سانت اینسایز مدل 1205-200S,کولیس-استنلس-استیل-معمولی-اینسایز-insize-20-سانت-مدل-200s-1205,3,INSIZE | اینسایز,1,GEN_CALIPER,,1205-200S,1205-200S,1205-200S,generic.v1,PROFILE_MISSING,1,oem_product_list,/home/shebahati/KaZar/Product and Data Complete/اندازه گیری/اینسایز/لیست محصولات.pdf,tier1_3_registry_match,6973018c3eeaad81327c31084ff9185ac522573976edc678d4be2bd371d056bf,1205-200S,BACKFILL_EXACT,
3907,1205-300S,کولیس استنلس استیل معمولی اینسایز (Insize) 30 سانت مدل 300S-1205,کولیس-استنلس-استیل-معمولی-اینسایز-insize-30-سانت-مدل-300s-1205,3,INSIZE | اینسایز,1,GEN_CALIPER,,300S-1205,1205-300S,300S-1205|1205-300S,generic.v1,PROFILE_MISSING,1,oem_product_list,/home/shebahati/KaZar/Product and Data Complete/اندازه گیری/اینسایز/لیست محصولات.pdf,tier1_3_registry_match,6973018c3eeaad81327c31084ff9185ac522573976edc678d4be2bd371d056bf,1205-300S,BACKFILL_EXACT,
3909,2115-10,ساعت اندیکاتور دیجیتال (ضدآب ) اینسایز (Insize) مدل 10-2115,ساعت-اندیکاتور-دیجیتال-ضدآب-اینسایز-insize-مدل-10-2115,3,INSIZE | اینسایز,17,DIAL_INDICATOR,,10-2115,2115-10,10-2115|2115-10,generic.v1,PROFILE_MISSING,1,oem_product_list,/home/shebahati/KaZar/Product and Data Complete/اندازه گیری/اینسایز/لیست محصولات.pdf,tier1_3_registry_match,6973018c3eeaad81327c31084ff9185ac522573976edc678d4be2bd371d056bf,2115-10,BACKFILL_EXACT,
3911,2115-25,ساعت اندیکاتور دیجیتال (ضدآب ) اینسایز (Insize) مدل 25-2115,ساعت-اندیکاتور-دیجیتال-ضدآب-اینسایز-insize-مدل-25-2115,3,INSIZE | اینسایز,17,DIAL_INDICATOR,,25-2115,2115-25,25-2115|2115-25,generic.v1,PROFILE_MISSING,1,oem_product_list,/home/shebahati/KaZar/Product and Data Complete/اندازه گیری/اینسایز/لیست محصولات.pdf,tier1_3_registry_match,6973018c3eeaad81327c31084ff9185ac522573976edc678d4be2bd371d056bf,2115-25,BACKFILL_EXACT,
3913,2122-60,گیج داخل سیلندر اینسایز (Insize) دیجیتال 60-35 میلی متری مدل 60-2122,گیج-داخل-سیلندر-اینسایز-insize-دیجیتال-60-35-میلی-متری-مدل-60-2122,3,INSIZE | اینسایز,18,BORE_GAUGE,,60-2122,2122-60,60-2122|2122-60,generic.v1,PROFILE_MISSING,1,oem_product_list,/home/shebahati/KaZar/Product and Data Complete/اندازه گیری/اینسایز/لیست محصولات.pdf,tier1_3_registry_match,6973018c3eeaad81327c31084ff9185ac522573976edc678d4be2bd371d056bf,2122-60,BACKFILL_EXACT,
3914,2122-35,گیج داخل سیلندر اینسایز (Insize) دیجیتال 35-18 میلی متری مدل 35-2122,گیج-داخل-سیلندر-اینسایز-insize-دیجیتال-35-18-میلی-متری-مدل-35-2122,3,INSIZE | اینسایز,18,BORE_GAUGE,,35-2122,2122-35,35-2122|2122-35,generic.v1,PROFILE_MISSING,1,oem_product_list,/home/shebahati/KaZar/Product and Data Complete/اندازه گیری/اینسایز/لیست محصولات.pdf,tier1_3_registry_match,6973018c3eeaad81327c31084ff9185ac522573976edc678d4be2bd371d056bf,2122-35,BACKFILL_EXACT,
3915,2153-10,گیج داخل سیلندر اینسایز (Insize) 6-10 میلی متری مدل 10-2153,گیج-داخل-سیلندر-اینسایز-insize-6-10-میلی-متری-مدل-10-2153,3,INSIZE | اینسایز,18,BORE_GAUGE,,10-2153,2153-10,10-2153|2153-10,generic.v1,PROFILE_MISSING,1,oem_product_list,/home/shebahati/KaZar/Product and Data Complete/اندازه گیری/اینسایز/لیست محصولات.pdf,tier1_3_registry_match,6973018c3eeaad81327c31084ff9185ac522573976edc678d4be2bd371d056bf,2153-10,BACKFILL_EXACT,
3917,2163-25,ضخامت سنج دیجیتال اینسایز (Insize) مدل 25-2163,ضخامت-سنج-دیجیتال-اینسایز-insize-مدل-25-2163,3,INSIZE | اینسایز,23,THICKNESS_GAUGE,,25-2163,2163-25,25-2163|2163-25,generic.v1,PROFILE_MISSING,1,oem_product_list,/home/shebahati/KaZar/Product and Data Complete/اندازه گیری/اینسایز/لیست محصولات.pdf,tier1_3_registry_match,6973018c3eeaad81327c31084ff9185ac522573976edc678d4be2bd371d056bf,2163-25,BACKFILL_EXACT,
3919,2198-2,شیب سنج و سطح سنج دیجیتال اینسایز (Insize) مدل 2-2198,شیب-سنج-و-سطح-سنج-دیجیتال-اینسایز-insize-مدل-2-2198,3,INSIZE | اینسایز,27,LEVEL,,2-2198,2198-2,2-2198|2198-2,generic.v1,PROFILE_MISSING,1,oem_product_list,/home/shebahati/KaZar/Product and Data Complete/اندازه گیری/اینسایز/لیست محصولات.pdf,tier1_3_registry_match,6973018c3eeaad81327c31084ff9185ac522573976edc678d4be2bd371d056bf,2198-2,BACKFILL_EXACT,
3920,2199-1,متر دیجیتال و ژیروسکوپ 2 محوره اینسایز (Insize) مدل 1-2199,متر-دیجیتال-و-ژیروسکوپ-2-محوره-اینسایز-insize-مدل-1-2199,3,INSIZE | اینسایز,28,DIGITAL_LEVEL,,1-2199,2199-1,1-2199|2199-1,generic.v1,PROFILE_MISSING,1,oem_product_list,/home/shebahati/KaZar/Product and Data Complete/اندازه گیری/اینسایز/لیست محصولات.pdf,tier1_3_registry_match,6973018c3eeaad81327c31084ff9185ac522573976edc678d4be2bd371d056bf,2199-1,BACKFILL_EXACT,
3922,2365-10,ضخامت سنج ساعتی بازو بلند اینسایز (Insize) 10 میلیمتر مدل 10-2365,ضخامت-سنج-ساعتی-بازو-بلند-اینسایز-insize-10-میلیمتر-مدل-10-2365,3,INSIZE | اینسایز,23,THICKNESS_GAUGE,,10-2365,2365-10,10-2365|2365-10,generic.v1,PROFILE_MISSING,1,oem_product_list,/home/shebahati/KaZar/Product and Data Complete/اندازه گیری/اینسایز/لیست محصولات.pdf,tier1_3_registry_match,6973018c3eeaad81327c31084ff9185ac522573976edc678d4be2bd371d056bf,2365-10,BACKFILL_EXACT,
3923,2825-60,گیج داخل سیلندر ساعتی اینسایز (Insize) 35-60 میلیمتر مدل 60-2825,گیج-داخل-سیلندر-ساعتی-اینسایز-insize-35-60-میلیمتر-مدل-60-2825,3,INSIZE | اینسایز,18,BORE_GAUGE,,60-2825,2825-60,60-2825|2825-60,generic.v1,PROFILE_MISSING,1,oem_product_list,/home/shebahati/KaZar/Product and Data Complete/اندازه گیری/اینسایز/لیست محصولات.pdf,tier1_3_registry_match,6973018c3eeaad81327c31084ff9185ac522573976edc678d4be2bd371d056bf,2825-60,BACKFILL_EXACT,
3924,2825-35,گیج داخل سیلندر ساعتی اینسایز (Insize) 18-35 میلیمتر مدل 35-2825,گیج-داخل-سیلندر-ساعتی-اینسایز-insize-18-35-میلیمتر-مدل-35-2825,3,INSIZE | اینسایز,18,BORE_GAUGE,,35-2825,2825-35,35-2825|2825-35,generic.v1,PROFILE_MISSING,1,oem_product_list,/home/shebahati/KaZar/Product and Data Complete/اندازه گیری/اینسایز/لیست محصولات.pdf,tier1_3_registry_match,6973018c3eeaad81327c31084ff9185ac522573976edc678d4be2bd371d056bf,2825-35,BACKFILL_EXACT,
3925,2827-60,گیج داخل سیلندر اینسایز (Insize) 60-35 مدل 60-2827,گیج-داخل-سیلندر-اینسایز-insize-60-35-مدل-60-2827,3,INSIZE | اینسایز,18,BORE_GAUGE,,60-2827,2827-60,60-2827|2827-60,generic.v1,PROFILE_MISSING,1,oem_product_list,/home/shebahati/KaZar/Product and Data Complete/اندازه گیری/اینسایز/لیست محصولات.pdf,tier1_3_registry_match,6973018c3eeaad81327c31084ff9185ac522573976edc678d4be2bd371d056bf,2827-60,BACKFILL_EXACT,
3927,2875-30,ضخامت سنج ساعتی بازوبلند اینسایز (Insize) عمق 30 سانت کورس 5.5 مدل 30-2875,ضخامت-سنج-ساعتی-بازوبلند-اینسایز-insize-عمق-30-سانت-کورس-55-مدل-30-2875,3,INSIZE | اینسایز,23,THICKNESS_GAUGE,,30-2875,2875-30,30-2875|2875-30,generic.v1,PROFILE_MISSING,1,oem_product_list,/home/shebahati/KaZar/Product and Data Complete/اندازه گیری/اینسایز/لیست محصولات.pdf,tier1_3_registry_match,6973018c3eeaad81327c31084ff9185ac522573976edc678d4be2bd371d056bf,2875-30,BACKFILL_EXACT,
3928,2878-71B,پایه ضخامت سنج گرانیت اینسایز (Insize) همراه با ساعت دیجیتال مدل 71B-2878,پایه-ضخامت-سنج-گرانیت-اینسایز-insize-همراه-با-ساعت-دیجیتال-مدل-71b-2878,3,INSIZE | اینسایز,,,,71B-2878,2878-71B,71B-2878|2878-71B,generic.v1,PROFILE_MISSING,1,oem_product_list,/home/shebahati/KaZar/Product and Data Complete/اندازه گیری/اینسایز/لیست محصولات.pdf,tier1_3_registry_match,6973018c3eeaad81327c31084ff9185ac522573976edc678d4be2bd371d056bf,2878-71B,BACKFILL_EXACT,
3929,2878-6A,پایه ضخامت سنج اینسایز (Insize) همراه با ساعت دیجیتال مدل 6A-2878,پایه-ضخامت-سنج-اینسایز-insize-همراه-با-ساعت-دیجیتال-مدل-6a-2878,3,INSIZE | اینسایز,,,,6A-2878,2878-6A,6A-2878|2878-6A,generic.v1,PROFILE_MISSING,1,oem_product_list,/home/shebahati/KaZar/Product and Data Complete/اندازه گیری/اینسایز/لیست محصولات.pdf,tier1_3_registry_match,6973018c3eeaad81327c31084ff9185ac522573976edc678d4be2bd371d056bf,2878-6A,BACKFILL_EXACT,
3931,3101-25,میکرومتر دیجیتال اینسایز (Insize) خارج سنج 25-0 میلیمتر مدل 25-3101,میکرومتر-دیجیتال-اینسایز-insize-خارج-سنج-25-0-میلیمتر-مدل-25-3101,3,INSIZE | اینسایز,13,OUTSIDE_MICROMETER,,25-3101,3101-25,25-3101|3101-25,generic.v1,PROFILE_MISSING,1,oem_product_list,/home/shebahati/KaZar/Product and Data Complete/اندازه گیری/اینسایز/لیست محصولات.pdf,tier1_3_registry_match,6973018c3eeaad81327c31084ff9185ac522573976edc678d4be2bd371d056bf,3101-25,BACKFILL_EXACT,
3933,3260-25SA,میکرومتر لوله دو سر کروی اینسایز (Insize) 0-25 میلی متر مدل 25SA-3260,میکرومتر-لوله-دو-سر-کروی-اینسایز-insize-0-25-میلی-متر-مدل-25sa-3260,3,INSIZE | اینسایز,13,OUTSIDE_MICROMETER,,25SA-3260,3260-25SA,25SA-3260|3260-25SA,generic.v1,PROFILE_MISSING,1,oem_product_list,/home/shebahati/KaZar/Product and Data Complete/اندازه گیری/اینسایز/لیست محصولات.pdf,tier1_3_registry_match,6973018c3eeaad81327c31084ff9185ac522573976edc678d4be2bd371d056bf,3260-25SA,BACKFILL_EXACT,
3935,3287-25B,میکرومتر داخل شیار اینسایز (Insize) 0-25 میلی متر مدل 25B-3287,میکرومتر-داخل-شیار-اینسایز-insize-0-25-میلی-متر-مدل-25b-3287,3,INSIZE | اینسایز,19,INSIDE_MICROMETER,,25B-3287,3287-25B,25B-3287|3287-25B,generic.v1,PROFILE_MISSING,1,oem_product_list,/home/shebahati/KaZar/Product and Data Complete/اندازه گیری/اینسایز/لیست محصولات.pdf,tier1_3_registry_match,6973018c3eeaad81327c31084ff9185ac522573976edc678d4be2bd371d056bf,3287-25B,BACKFILL_EXACT,
3936,3332-25,میکرومتر پاسومتر اینسایز (Insize) 0-25 میلی متر مدل 25-3332,میکرومتر-پاسومتر-اینسایز-insize-0-25-میلی-متر-مدل-25-3332,3,INSIZE | اینسایز,13,OUTSIDE_MICROMETER,,25-3332,3332-25,25-3332|3332-25,generic.v1,PROFILE_MISSING,1,oem_product_list,/home/shebahati/KaZar/Product and Data Complete/اندازه گیری/اینسایز/لیست محصولات.pdf,tier1_3_registry_match,6973018c3eeaad81327c31084ff9185ac522573976edc678d4be2bd371d056bf,3332-25,BACKFILL_EXACT,
3937,3358-25,میکرومتر دیجیتال پاسومتر اینسایز (Insize) جهت سری کاری مدل 25-3358,میکرومتر-دیجیتال-پاسومتر-اینسایز-insize-جهت-سری-کاری-مدل-25-3358,3,INSIZE | اینسایز,13,OUTSIDE_MICROMETER,,25-3358,3358-25,25-3358|3358-25,generic.v1,PROFILE_MISSING,1,oem_product_list,/home/shebahati/KaZar/Product and Data Complete/اندازه گیری/اینسایز/لیست محصولات.pdf,tier1_3_registry_match,6973018c3eeaad81327c31084ff9185ac522573976edc678d4be2bd371d056bf,3358-25,BACKFILL_EXACT,
3938,3540-50,عمق سنج میله ای دیجیتال اینسایز (Insize) 0-50 میلی متر مدل 50-3540,عمق-سنج-میله-ای-دیجیتال-اینسایز-insize-0-50-میلی-متر-مدل-50-3540,3,INSIZE | اینسایز,2,DEPTH_GAUGE,,50-3540,3540-50,50-3540|3540-50,generic.v1,PROFILE_MISSING,1,oem_product_list,/home/shebahati/KaZar/Product and Data Complete/اندازه گیری/اینسایز/لیست محصولات.pdf,tier1_3_registry_match,6973018c3eeaad81327c31084ff9185ac522573976edc678d4be2bd371d056bf,3540-50,BACKFILL_EXACT,
3942,4100-8,جعبه راپورتر 8 پارچه اینسایز (Insize) سایز 500-100 مدل 8-4100,جعبه-راپورتر-8-پارچه-اینسایز-insize-سایز-500-100-مدل-8-4100,3,INSIZE | اینسایز,,,,8-4100,4100-8,8-4100|4100-8,generic.v1,PROFILE_MISSING,1,oem_product_list,/home/shebahati/KaZar/Product and Data Complete/اندازه گیری/اینسایز/لیست محصولات.pdf,tier1_3_registry_match,6973018c3eeaad81327c31084ff9185ac522573976edc678d4be2bd371d056bf,4100-8,BACKFILL_EXACT,
3944,3127-5,میکرومتر داخل سه فک دیجیتال اینسایز (Insize) 4-5 میلی متر مدل 5-3127,میکرومتر-داخل-سه-فک-دیجیتال-اینسایز-insize-4-5-میلی-متر-مدل-5-3127,3,INSIZE | اینسایز,19,INSIDE_MICROMETER,,5-3127,3127-5,5-3127|3127-5,generic.v1,PROFILE_MISSING,1,oem_product_list,/home/shebahati/KaZar/Product and Data Complete/اندازه گیری/اینسایز/لیست محصولات.pdf,tier1_3_registry_match,6973018c3eeaad81327c31084ff9185ac522573976edc678d4be2bd371d056bf,3127-5,BACKFILL_EXACT,
3946,3127-6,میکرومتر داخل سه فک دیجیتال اینسایز (Insize) 5-6 میلی متر مدل 6-3127,میکرومتر-داخل-سه-فک-دیجیتال-اینسایز-insize-5-6-میلی-متر-مدل-6-3127,3,INSIZE | اینسایز,19,INSIDE_MICROMETER,,6-3127,3127-6,6-3127|3127-6,generic.v1,PROFILE_MISSING,1,oem_product_list,/home/shebahati/KaZar/Product and Data Complete/اندازه گیری/اینسایز/لیست محصولات.pdf,tier1_3_registry_match,6973018c3eeaad81327c31084ff9185ac522573976edc678d4be2bd371d056bf,3127-6,BACKFILL_EXACT,
3947,3203-10A,میکرومتر اینسایز (Insize) 9–10 اینچ خارج سنج مدل 3203-10A,میکرومتر-اینسایز-insize-910-اینچ-خارج-سنج-مدل-3203-10a,3,INSIZE | اینسایز,13,OUTSIDE_MICROMETER,,3203-10A,3203-10A,3203-10A,generic.v1,PROFILE_MISSING,1,oem_product_list,/home/shebahati/KaZar/Product and Data Complete/اندازه گیری/اینسایز/لیست محصولات.pdf,tier1_3_registry_match,6973018c3eeaad81327c31084ff9185ac522573976edc678d4be2bd371d056bf,3203-10A,BACKFILL_EXACT,
3949,3203-7A,میکرومتر اینسایز (Insize) 6–7 اینچ خارج سنج مدل 3203-7A,میکرومتر-اینسایز-insize-67-اینچ-خارج-سنج-مدل-3203-7a,3,INSIZE | اینسایز,13,OUTSIDE_MICROMETER,,3203-7A,3203-7A,3203-7A,generic.v1,PROFILE_MISSING,1,oem_product_list,/home/shebahati/KaZar/Product and Data Complete/اندازه گیری/اینسایز/لیست محصولات.pdf,tier1_3_registry_match,6973018c3eeaad81327c31084ff9185ac522573976edc678d4be2bd371d056bf,3203-7A,BACKFILL_EXACT,
3950,3203-8A,میکرومتر اینسایز (Insize) 7–8 اینچ خارج سنج مدل 3203-8A,میکرومتر-اینسایز-insize-78-اینچ-خارج-سنج-مدل-3203-8a,3,INSIZE | اینسایز,13,OUTSIDE_MICROMETER,,3203-8A,3203-8A,3203-8A,generic.v1,PROFILE_MISSING,1,oem_product_list,/home/shebahati/KaZar/Product and Data Complete/اندازه گیری/اینسایز/لیست محصولات.pdf,tier1_3_registry_match,6973018c3eeaad81327c31084ff9185ac522573976edc678d4be2bd371d056bf,3203-8A,BACKFILL_EXACT,
3952,3203-9A,میکرومتر اینسایز (Insize) 8–9 اینچ خارج سنج مدل 3203-9A,میکرومتر-اینسایز-insize-89-اینچ-خارج-سنج-مدل-3203-9a,3,INSIZE | اینسایز,13,OUTSIDE_MICROMETER,,3203-9A,3203-9A,3203-9A,generic.v1,PROFILE_MISSING,1,oem_product_list,/home/shebahati/KaZar/Product and Data Complete/اندازه گیری/اینسایز/لیست محصولات.pdf,tier1_3_registry_match,6973018c3eeaad81327c31084ff9185ac522573976edc678d4be2bd371d056bf,3203-9A,BACKFILL_EXACT,
3954,3227-6,میکرومتر اینسایز (Insize) 5-6 میلی متری داخل سه فک مدل 6-3227,میکرومتر-اینسایز-insize-5-6-میلی-متری-داخل-سه-فک-مدل-6-3227,3,INSIZE | اینسایز,19,INSIDE_MICROMETER,,6-3227,3227-6,6-3227|3227-6,generic.v1,PROFILE_MISSING,1,oem_product_list,/home/shebahati/KaZar/Product and Data Complete/اندازه گیری/اینسایز/لیست محصولات.pdf,tier1_3_registry_match,6973018c3eeaad81327c31084ff9185ac522573976edc678d4be2bd371d056bf,3227-6,BACKFILL_EXACT,
3956,4129-10Q,گیج رینگی برو اینسایز (Insize) 1.25-10 میلی متر مدل 10Q-4129,گیج-رینگی-برو-اینسایز-insize-125-10-میلی-متر-مدل-10q-4129,3,INSIZE | اینسایز,,,,10Q-4129,4129-10Q,10Q-4129|4129-10Q,generic.v1,PROFILE_MISSING,1,oem_product_list,/home/shebahati/KaZar/Product and Data Complete/اندازه گیری/اینسایز/لیست محصولات.pdf,tier1_3_registry_match,6973018c3eeaad81327c31084ff9185ac522573976edc678d4be2bd371d056bf,4129-10Q,BACKFILL_EXACT,
3957,4129-10QN,گیج رینگی نرو اینسایز (Insize) 1.25-10 میلی متر مدل 10QN-4129,گیج-رینگی-نرو-اینسایز-insize-125-10-میلی-متر-مدل-10qn-4129,3,INSIZE | اینسایز,,,,10QN-4129,4129-10QN,10QN-4129|4129-10QN,generic.v1,PROFILE_MISSING,1,oem_product_list,/home/shebahati/KaZar/Product and Data Complete/اندازه گیری/اینسایز/لیست محصولات.pdf,tier1_3_registry_match,6973018c3eeaad81327c31084ff9185ac522573976edc678d4be2bd371d056bf,4129-10QN,BACKFILL_EXACT,
3959,4129-12R,گیج رینگی برو اینسایز (Insize) 1.5-12 میلی متر مدل 12R-4129,گیج-رینگی-برو-اینسایز-insize-15-12-میلی-متر-مدل-12r-4129,3,INSIZE | اینسایز,,,,12R-4129,4129-12R,12R-4129|4129-12R,generic.v1,PROFILE_MISSING,1,oem_product_list,/home/shebahati/KaZar/Product and Data Complete/اندازه گیری/اینسایز/لیست محصولات.pdf,tier1_3_registry_match,6973018c3eeaad81327c31084ff9185ac522573976edc678d4be2bd371d056bf,4129-12R,BACKFILL_EXACT,
3960,4129-12RN,گیج رینگی نرو اینسایز (Insize) 1.5-12 میلی متر مدل 12RN-4129,گیج-رینگی-نرو-اینسایز-insize-15-12-میلی-متر-مدل-12rn-4129,3,INSIZE | اینسایز,,,,12RN-4129,4129-12RN,12RN-4129|4129-12RN,generic.v1,PROFILE_MISSING,1,oem_product_list,/home/shebahati/KaZar/Product and Data Complete/اندازه گیری/اینسایز/لیست محصولات.pdf,tier1_3_registry_match,6973018c3eeaad81327c31084ff9185ac522573976edc678d4be2bd371d056bf,4129-12RN,BACKFILL_EXACT,
3962,4129-14R,گیج رینگی برو اینسایز (Insize) 1.5-14 میلی متر مدل 14R-4129,گیج-رینگی-برو-اینسایز-insize-15-14-میلی-متر-مدل-14r-4129,3,INSIZE | اینسایز,,,,14R-4129,4129-14R,14R-4129|4129-14R,generic.v1,PROFILE_MISSING,1,oem_product_list,/home/shebahati/KaZar/Product and Data Complete/اندازه گیری/اینسایز/لیست محصولات.pdf,tier1_3_registry_match,6973018c3eeaad81327c31084ff9185ac522573976edc678d4be2bd371d056bf,4129-14R,BACKFILL_EXACT,
3963,4129-14RN,گیج رینگی نرو اینسایز (Insize) 1.5-14 میلی متر مدل 14RN-4129,گیج-رینگی-نرو-اینسایز-insize-15-14-میلی-متر-مدل-14rn-4129,3,INSIZE | اینسایز,,,,14RN-4129,4129-14RN,14RN-4129|4129-14RN,generic.v1,PROFILE_MISSING,1,oem_product_list,/home/shebahati/KaZar/Product and Data Complete/اندازه گیری/اینسایز/لیست محصولات.pdf,tier1_3_registry_match,6973018c3eeaad81327c31084ff9185ac522573976edc678d4be2bd371d056bf,4129-14RN,BACKFILL_EXACT,
3964,4129-16R,گیج رینگی برو اینسایز (Insize) 1.5-16 میلی متر مدل 16R-4129,گیج-رینگی-برو-اینسایز-insize-15-16-میلی-متر-مدل-16r-4129,3,INSIZE | اینسایز,,,,16R-4129,4129-16R,16R-4129|4129-16R,generic.v1,PROFILE_MISSING,1,oem_product_list,/home/shebahati/KaZar/Product and Data Complete/اندازه گیری/اینسایز/لیست محصولات.pdf,tier1_3_registry_match,6973018c3eeaad81327c31084ff9185ac522573976edc678d4be2bd371d056bf,4129-16R,BACKFILL_EXACT,
3965,4129-16RN,گیج رینگی نرو اینسایز (Insize) 1.5-16 میلی متر مدل 16RN-4129,گیج-رینگی-نرو-اینسایز-insize-15-16-میلی-متر-مدل-16rn-4129,3,INSIZE | اینسایز,,,,16RN-4129,4129-16RN,16RN-4129|4129-16RN,generic.v1,PROFILE_MISSING,1,oem_product_list,/home/shebahati/KaZar/Product and Data Complete/اندازه گیری/اینسایز/لیست محصولات.pdf,tier1_3_registry_match,6973018c3eeaad81327c31084ff9185ac522573976edc678d4be2bd371d056bf,4129-16RN,BACKFILL_EXACT,
3967,4129-18T,گیج رینگی برو اینسایز (Insize) 2-18 میلی متر مدل 18T-4129,گیج-رینگی-برو-اینسایز-insize-2-18-میلی-متر-مدل-18t-4129,3,INSIZE | اینسایز,,,,18T-4129,4129-18T,18T-4129|4129-18T,generic.v1,PROFILE_MISSING,1,oem_product_list,/home/shebahati/KaZar/Product and Data Complete/اندازه گیری/اینسایز/لیست محصولات.pdf,tier1_3_registry_match,6973018c3eeaad81327c31084ff9185ac522573976edc678d4be2bd371d056bf,4129-18T,BACKFILL_EXACT,
3968,4129-18TN,گیج رینگی نرو اینسایز (Insize) 2-18 میلی متر مدل 18TN-4129,گیج-رینگی-نرو-اینسایز-insize-2-18-میلی-متر-مدل-18tn-4129,3,INSIZE | اینسایز,,,,18TN-4129,4129-18TN,18TN-4129|4129-18TN,generic.v1,PROFILE_MISSING,1,oem_product_list,/home/shebahati/KaZar/Product and Data Complete/اندازه گیری/اینسایز/لیست محصولات.pdf,tier1_3_registry_match,6973018c3eeaad81327c31084ff9185ac522573976edc678d4be2bd371d056bf,4129-18TN,BACKFILL_EXACT,
3969,4129-20T,گیج رینگی برو اینسایز (Insize) 2-20 میلی متر مدل 20T-4129,گیج-رینگی-برو-اینسایز-insize-2-20-میلی-متر-مدل-20t-4129,3,INSIZE | اینسایز,,,,20T-4129,4129-20T,20T-4129|4129-20T,generic.v1,PROFILE_MISSING,1,oem_product_list,/home/shebahati/KaZar/Product and Data Complete/اندازه گیری/اینسایز/لیست محصولات.pdf,tier1_3_registry_match,6973018c3eeaad81327c31084ff9185ac522573976edc678d4be2bd371d056bf,4129-20T,BACKFILL_EXACT,
3970,4129-20TN,گیج رینگی نرو اینسایز (Insize) 2-20 میلی متر مدل 20TN-4129,گیج-رینگی-نرو-اینسایز-insize-2-20-میلی-متر-مدل-20tn-4129,3,INSIZE | اینسایز,,,,20TN-4129,4129-20TN,20TN-4129|4129-20TN,generic.v1,PROFILE_MISSING,1,oem_product_list,/home/shebahati/KaZar/Product and Data Complete/اندازه گیری/اینسایز/لیست محصولات.pdf,tier1_3_registry_match,6973018c3eeaad81327c31084ff9185ac522573976edc678d4be2bd371d056bf,4129-20TN,BACKFILL_EXACT,
3972,4129-22T,گیج رینگی برو اینسایز (Insize) 2-22 میلی متر مدل 22T-4129,گیج-رینگی-برو-اینسایز-insize-2-22-میلی-متر-مدل-22t-4129,3,INSIZE | اینسایز,,,,22T-4129,4129-22T,22T-4129|4129-22T,generic.v1,PROFILE_MISSING,1,oem_product_list,/home/shebahati/KaZar/Product and Data Complete/اندازه گیری/اینسایز/لیست محصولات.pdf,tier1_3_registry_match,6973018c3eeaad81327c31084ff9185ac522573976edc678d4be2bd371d056bf,4129-22T,BACKFILL_EXACT,
3973,4129-22TN,گیج رینگی نرو اینسایز (Insize) 2-22 میلی متر مدل 22TN-4129,گیج-رینگی-نرو-اینسایز-insize-2-22-میلی-متر-مدل-22tn-4129,3,INSIZE | اینسایز,,,,22TN-4129,4129-22TN,22TN-4129|4129-22TN,generic.v1,PROFILE_MISSING,1,oem_product_list,/home/shebahati/KaZar/Product and Data Complete/اندازه گیری/اینسایز/لیست محصولات.pdf,tier1_3_registry_match,6973018c3eeaad81327c31084ff9185ac522573976edc678d4be2bd371d056bf,4129-22TN,BACKFILL_EXACT,
3975,4129-24T,گیج رینگی برو اینسایز (Insize) 2-24 میلی متر مدل 24T-4129,گیج-رینگی-برو-اینسایز-insize-2-24-میلی-متر-مدل-24t-4129,3,INSIZE | اینسایز,,,,24T-4129,4129-24T,24T-4129|4129-24T,generic.v1,PROFILE_MISSING,1,oem_product_list,/home/shebahati/KaZar/Product and Data Complete/اندازه گیری/اینسایز/لیست محصولات.pdf,tier1_3_registry_match,6973018c3eeaad81327c31084ff9185ac522573976edc678d4be2bd371d056bf,4129-24T,BACKFILL_EXACT,
3976,4129-24TN,گیج رینگی نرو اینسایز (Insize) 2-24 میلی متر مدل 24TN-4129,گیج-رینگی-نرو-اینسایز-insize-2-24-میلی-متر-مدل-24tn-4129,3,INSIZE | اینسایز,,,,24TN-4129,4129-24TN,24TN-4129|4129-24TN,generic.v1,PROFILE_MISSING,1,oem_product_list,/home/shebahati/KaZar/Product and Data Complete/اندازه گیری/اینسایز/لیست محصولات.pdf,tier1_3_registry_match,6973018c3eeaad81327c31084ff9185ac522573976edc678d4be2bd371d056bf,4129-24TN,BACKFILL_EXACT,
3978,4129-25T,گیج رینگی برو اینسایز (Insize) 2-25 میلی متر مدل 25T-4129,گیج-رینگی-برو-اینسایز-insize-2-25-میلی-متر-مدل-25t-4129,3,INSIZE | اینسایز,,,,25T-4129,4129-25T,25T-4129|4129-25T,generic.v1,PROFILE_MISSING,1,oem_product_list,/home/shebahati/KaZar/Product and Data Complete/اندازه گیری/اینسایز/لیست محصولات.pdf,tier1_3_registry_match,6973018c3eeaad81327c31084ff9185ac522573976edc678d4be2bd371d056bf,4129-25T,BACKFILL_EXACT,
3980,4129-25TN,گیج رینگی نرو اینسایز (Insize) 2-25 میلی متر مدل 25TN-4129,گیج-رینگی-نرو-اینسایز-insize-2-25-میلی-متر-مدل-25tn-4129,3,INSIZE | اینسایز,,,,25TN-4129,4129-25TN,25TN-4129|4129-25TN,generic.v1,PROFILE_MISSING,1,oem_product_list,/home/shebahati/KaZar/Product and Data Complete/اندازه گیری/اینسایز/لیست محصولات.pdf,tier1_3_registry_match,6973018c3eeaad81327c31084ff9185ac522573976edc678d4be2bd371d056bf,4129-25TN,BACKFILL_EXACT,
3981,4129-26T,گیج رینگی برو اینسایز (Insize) 2-26 میلی متر مدل 26T-4129,گیج-رینگی-برو-اینسایز-insize-2-26-میلی-متر-مدل-26t-4129,3,INSIZE | اینسایز,,,,26T-4129,4129-26T,26T-4129|4129-26T,generic.v1,PROFILE_MISSING,1,oem_product_list,/home/shebahati/KaZar/Product and Data Complete/اندازه گیری/اینسایز/لیست محصولات.pdf,tier1_3_registry_match,6973018c3eeaad81327c31084ff9185ac522573976edc678d4be2bd371d056bf,4129-26T,BACKFILL_EXACT,
3982,4129-26TN,گیج رینگی نرو اینسایز (Insize) 2-26 میلی متر مدل 26TN-4129,گیج-رینگی-نرو-اینسایز-insize-2-26-میلی-متر-مدل-26tn-4129,3,INSIZE | اینسایز,,,,26TN-4129,4129-26TN,26TN-4129|4129-26TN,generic.v1,PROFILE_MISSING,1,oem_product_list,/home/shebahati/KaZar/Product and Data Complete/اندازه گیری/اینسایز/لیست محصولات.pdf,tier1_3_registry_match,6973018c3eeaad81327c31084ff9185ac522573976edc678d4be2bd371d056bf,4129-26TN,BACKFILL_EXACT,
3984,4129-27T,گیج رینگی برو اینسایز (Insize) 2-27 میلی متر مدل 27T-4129,گیج-رینگی-برو-اینسایز-insize-2-27-میلی-متر-مدل-27t-4129,3,INSIZE | اینسایز,,,,27T-4129,4129-27T,27T-4129|4129-27T,generic.v1,PROFILE_MISSING,1,oem_product_list,/home/shebahati/KaZar/Product and Data Complete/اندازه گیری/اینسایز/لیست محصولات.pdf,tier1_3_registry_match,6973018c3eeaad81327c31084ff9185ac522573976edc678d4be2bd371d056bf,4129-27T,BACKFILL_EXACT,
3985,4129-27TN,گیج رینگی نرو اینسایز (Insize) 2-27 میلی متر مدل 27TN-4129,گیج-رینگی-نرو-اینسایز-insize-2-27-میلی-متر-مدل-27tn-4129,3,INSIZE | اینسایز,,,,27TN-4129,4129-27TN,27TN-4129|4129-27TN,generic.v1,PROFILE_MISSING,1,oem_product_list,/home/shebahati/KaZar/Product and Data Complete/اندازه گیری/اینسایز/لیست محصولات.pdf,tier1_3_registry_match,6973018c3eeaad81327c31084ff9185ac522573976edc678d4be2bd371d056bf,4129-27TN,BACKFILL_EXACT,
3987,4129-28T,گیج رینگی برو اینسایز (Insize) 2-28 میلی متر مدل 28T-4129,گیج-رینگی-برو-اینسایز-insize-2-28-میلی-متر-مدل-28t-4129,3,INSIZE | اینسایز,,,,28T-4129,4129-28T,28T-4129|4129-28T,generic.v1,PROFILE_MISSING,1,oem_product_list,/home/shebahati/KaZar/Product and Data Complete/اندازه گیری/اینسایز/لیست محصولات.pdf,tier1_3_registry_match,6973018c3eeaad81327c31084ff9185ac522573976edc678d4be2bd371d056bf,4129-28T,BACKFILL_EXACT,
3989,4129-28TN,گیج رینگی نرو اینسایز (Insize) 2-28 میلی متر مدل 28TN-4129,گیج-رینگی-نرو-اینسایز-insize-2-28-میلی-متر-مدل-28tn-4129,3,INSIZE | اینسایز,,,,28TN-4129,4129-28TN,28TN-4129|4129-28TN,generic.v1,PROFILE_MISSING,1,oem_product_list,/home/shebahati/KaZar/Product and Data Complete/اندازه گیری/اینسایز/لیست محصولات.pdf,tier1_3_registry_match,6973018c3eeaad81327c31084ff9185ac522573976edc678d4be2bd371d056bf,4129-28TN,BACKFILL_EXACT,
3990,4129-30T,گیج رینگی برو اینسایز (Insize) 2-30 میلی متر مدل 30T-4129,گیج-رینگی-برو-اینسایز-insize-2-30-میلی-متر-مدل-30t-4129,3,INSIZE | اینسایز,,,,30T-4129,4129-30T,30T-4129|4129-30T,generic.v1,PROFILE_MISSING,1,oem_product_list,/home/shebahati/KaZar/Product and Data Complete/اندازه گیری/اینسایز/لیست محصولات.pdf,tier1_3_registry_match,6973018c3eeaad81327c31084ff9185ac522573976edc678d4be2bd371d056bf,4129-30T,BACKFILL_EXACT,
3992,4129-30TN,گیج رینگی نرو اینسایز (Insize) 2-30 میلی متر مدل 30TN-4129,گیج-رینگی-نرو-اینسایز-insize-2-30-میلی-متر-مدل-30tn-4129,3,INSIZE | اینسایز,,,,30TN-4129,4129-30TN,30TN-4129|4129-30TN,generic.v1,PROFILE_MISSING,1,oem_product_list,/home/shebahati/KaZar/Product and Data Complete/اندازه گیری/اینسایز/لیست محصولات.pdf,tier1_3_registry_match,6973018c3eeaad81327c31084ff9185ac522573976edc678d4be2bd371d056bf,4129-30TN,BACKFILL_EXACT,
3994,4129-8P,گیج رینگی برو اینسایز (Insize) 1-8 میلی متر مدل 8P-4129,گیج-رینگی-برو-اینسایز-insize-1-8-میلی-متر-مدل-8p-4129,3,INSIZE | اینسایز,,,,8P-4129,4129-8P,8P-4129|4129-8P,generic.v1,PROFILE_MISSING,1,oem_product_list,/home/shebahati/KaZar/Product and Data Complete/اندازه گیری/اینسایز/لیست محصولات.pdf,tier1_3_registry_match,6973018c3eeaad81327c31084ff9185ac522573976edc678d4be2bd371d056bf,4129-8P,BACKFILL_EXACT,
3995,4129-8PN,گیج رینگی نرو اینسایز (Insize) 1-8 میلی متر مدل 8PN-4129,گیج-رینگی-نرو-اینسایز-insize-1-8-میلی-متر-مدل-8pn-4129,3,INSIZE | اینسایز,,,,8PN-4129,4129-8PN,8PN-4129|4129-8PN,generic.v1,PROFILE_MISSING,1,oem_product_list,/home/shebahati/KaZar/Product and Data Complete/اندازه گیری/اینسایز/لیست محصولات.pdf,tier1_3_registry_match,6973018c3eeaad81327c31084ff9185ac522573976edc678d4be2bd371d056bf,4129-8PN,BACKFILL_EXACT,
3997,4130-1,گیج رزوه برو نرو توپی اینسایز (Insize) 1×0.25mm مدل 1-4130,گیج-رزوه-برو-نرو-توپی-اینسایز-insize-1025mm-مدل-1-4130,3,INSIZE | اینسایز,33,THREAD_PLUG_GAUGE,,1-4130,4130-1,1-4130|4130-1,generic.v1,PROFILE_MISSING,1,oem_product_list,/home/shebahati/KaZar/Product and Data Complete/اندازه گیری/اینسایز/لیست محصولات.pdf,tier1_3_registry_match,6973018c3eeaad81327c31084ff9185ac522573976edc678d4be2bd371d056bf,4130-1,BACKFILL_EXACT,
3999,4139-10Q,گیج رزوه برو نرو توپی اینسایز (Insize) 10×1.25mm مدل 10Q-4139,گیج-رزوه-برو-نرو-توپی-اینسایز-insize-10125mm-مدل-10q-4139,3,INSIZE | اینسایز,,,,10Q-4139,4139-10Q,10Q-4139|4139-10Q,generic.v1,PROFILE_MISSING,1,oem_product_list,/home/shebahati/KaZar/Product and Data Complete/اندازه گیری/اینسایز/لیست محصولات.pdf,tier1_3_registry_match,6973018c3eeaad81327c31084ff9185ac522573976edc678d4be2bd371d056bf,4139-10Q,BACKFILL_EXACT,
4001,4139-12R,گیج رزوه برو نرو توپی اینسایز (Insize) 12×1.5mm مدل 12R-4139,گیج-رزوه-برو-نرو-توپی-اینسایز-insize-1215mm-مدل-12r-4139,3,INSIZE | اینسایز,,,,12R-4139,4139-12R,12R-4139|4139-12R,generic.v1,PROFILE_MISSING,1,oem_product_list,/home/shebahati/KaZar/Product and Data Complete/اندازه گیری/اینسایز/لیست محصولات.pdf,tier1_3_registry_match,6973018c3eeaad81327c31084ff9185ac522573976edc678d4be2bd371d056bf,4139-12R,BACKFILL_EXACT,
4003,4139-14R,گیج رزوه برو نرو توپی اینسایز (Insize) 14×1.5mm مدل 14R-4139,گیج-رزوه-برو-نرو-توپی-اینسایز-insize-1415mm-مدل-14r-4139,3,INSIZE | اینسایز,,,,14R-4139,4139-14R,14R-4139|4139-14R,generic.v1,PROFILE_MISSING,1,oem_product_list,/home/shebahati/KaZar/Product and Data Complete/اندازه گیری/اینسایز/لیست محصولات.pdf,tier1_3_registry_match,6973018c3eeaad81327c31084ff9185ac522573976edc678d4be2bd371d056bf,4139-14R,BACKFILL_EXACT,
4005,4139-16R,گیج رزوه برو نرو توپی اینسایز (Insize) 16×1.5mm مدل 16R-4139,گیج-رزوه-برو-نرو-توپی-اینسایز-insize-1615mm-مدل-16r-4139,3,INSIZE | اینسایز,,,,16R-4139,4139-16R,16R-4139|4139-16R,generic.v1,PROFILE_MISSING,1,oem_product_list,/home/shebahati/KaZar/Product and Data Complete/اندازه گیری/اینسایز/لیست محصولات.pdf,tier1_3_registry_match,6973018c3eeaad81327c31084ff9185ac522573976edc678d4be2bd371d056bf,4139-16R,BACKFILL_EXACT,
4007,4139-18T,گیج رزوه برو نرو توپی اینسایز (Insize) 18×2mm مدل 18T-4139,گیج-رزوه-برو-نرو-توپی-اینسایز-insize-182mm-مدل-18t-4139,3,INSIZE | اینسایز,,,,18T-4139,4139-18T,18T-4139|4139-18T,generic.v1,PROFILE_MISSING,1,oem_product_list,/home/shebahati/KaZar/Product and Data Complete/اندازه گیری/اینسایز/لیست محصولات.pdf,tier1_3_registry_match,6973018c3eeaad81327c31084ff9185ac522573976edc678d4be2bd371d056bf,4139-18T,BACKFILL_EXACT,
4008,4139-20T,گیج رزوه برو نرو توپی اینسایز (Insize) 20×2mm مدل 20T-4139,گیج-رزوه-برو-نرو-توپی-اینسایز-insize-202mm-مدل-20t-4139,3,INSIZE | اینسایز,,,,20T-4139,4139-20T,20T-4139|4139-20T,generic.v1,PROFILE_MISSING,1,oem_product_list,/home/shebahati/KaZar/Product and Data Complete/اندازه گیری/اینسایز/لیست محصولات.pdf,tier1_3_registry_match,6973018c3eeaad81327c31084ff9185ac522573976edc678d4be2bd371d056bf,4139-20T,BACKFILL_EXACT,
4010,4139-22T,گیج رزوه برو نرو توپی اینسایز (Insize) 22×2mm مدل 22T-4139,گیج-رزوه-برو-نرو-توپی-اینسایز-insize-222mm-مدل-22t-4139,3,INSIZE | اینسایز,,,,22T-4139,4139-22T,22T-4139|4139-22T,generic.v1,PROFILE_MISSING,1,oem_product_list,/home/shebahati/KaZar/Product and Data Complete/اندازه گیری/اینسایز/لیست محصولات.pdf,tier1_3_registry_match,6973018c3eeaad81327c31084ff9185ac522573976edc678d4be2bd371d056bf,4139-22T,BACKFILL_EXACT,
4011,4139-24T,گیج رزوه برو نرو توپی اینسایز (Insize) 24×2mm مدل 24T-4139,گیج-رزوه-برو-نرو-توپی-اینسایز-insize-242mm-مدل-24t-4139,3,INSIZE | اینسایز,,,,24T-4139,4139-24T,24T-4139|4139-24T,generic.v1,PROFILE_MISSING,1,oem_product_list,/home/shebahati/KaZar/Product and Data Complete/اندازه گیری/اینسایز/لیست محصولات.pdf,tier1_3_registry_match,6973018c3eeaad81327c31084ff9185ac522573976edc678d4be2bd371d056bf,4139-24T,BACKFILL_EXACT,
4012,4139-25T,گیج رزوه برو نرو توپی اینسایز (Insize) 25×2mm مدل 25T-4139,گیج-رزوه-برو-نرو-توپی-اینسایز-insize-252mm-مدل-25t-4139,3,INSIZE | اینسایز,,,,25T-4139,4139-25T,25T-4139|4139-25T,generic.v1,PROFILE_MISSING,1,oem_product_list,/home/shebahati/KaZar/Product and Data Complete/اندازه گیری/اینسایز/لیست محصولات.pdf,tier1_3_registry_match,6973018c3eeaad81327c31084ff9185ac522573976edc678d4be2bd371d056bf,4139-25T,BACKFILL_EXACT,
4014,4139-26T,گیج رزوه برو نرو توپی اینسایز (Insize) 26×2mm مدل 26T-4139,گیج-رزوه-برو-نرو-توپی-اینسایز-insize-262mm-مدل-26t-4139,3,INSIZE | اینسایز,,,,26T-4139,4139-26T,26T-4139|4139-26T,generic.v1,PROFILE_MISSING,1,oem_product_list,/home/shebahati/KaZar/Product and Data Complete/اندازه گیری/اینسایز/لیست محصولات.pdf,tier1_3_registry_match,6973018c3eeaad81327c31084ff9185ac522573976edc678d4be2bd371d056bf,4139-26T,BACKFILL_EXACT,
4016,4139-27T,گیج رزوه برو نرو توپی اینسایز (Insize) 27×2mm مدل 27T-4139,گیج-رزوه-برو-نرو-توپی-اینسایز-insize-272mm-مدل-27t-4139,3,INSIZE | اینسایز,,,,27T-4139,4139-27T,27T-4139|4139-27T,generic.v1,PROFILE_MISSING,1,oem_product_list,/home/shebahati/KaZar/Product and Data Complete/اندازه گیری/اینسایز/لیست محصولات.pdf,tier1_3_registry_match,6973018c3eeaad81327c31084ff9185ac522573976edc678d4be2bd371d056bf,4139-27T,BACKFILL_EXACT,
4017,4139-28T,گیج رزوه برو نرو توپی اینسایز (Insize) 28×2mm مدل 28T-4139,گیج-رزوه-برو-نرو-توپی-اینسایز-insize-282mm-مدل-28t-4139,3,INSIZE | اینسایز,,,,28T-4139,4139-28T,28T-4139|4139-28T,generic.v1,PROFILE_MISSING,1,oem_product_list,/home/shebahati/KaZar/Product and Data Complete/اندازه گیری/اینسایز/لیست محصولات.pdf,tier1_3_registry_match,6973018c3eeaad81327c31084ff9185ac522573976edc678d4be2bd371d056bf,4139-28T,BACKFILL_EXACT,
4018,4139-30T,گیج رزوه برو نرو توپی اینسایز (Insize) 30×2mm مدل 30T-4139,گیج-رزوه-برو-نرو-توپی-اینسایز-insize-302mm-مدل-30t-4139,3,INSIZE | اینسایز,,,,30T-4139,4139-30T,30T-4139|4139-30T,generic.v1,PROFILE_MISSING,1,oem_product_list,/home/shebahati/KaZar/Product and Data Complete/اندازه گیری/اینسایز/لیست محصولات.pdf,tier1_3_registry_match,6973018c3eeaad81327c31084ff9185ac522573976edc678d4be2bd371d056bf,4139-30T,BACKFILL_EXACT,
4019,4139-4G,گیج رزوه برو نرو توپی اینسایز (Insize) 4×0.5mm مدل 4G-4139,گیج-رزوه-برو-نرو-توپی-اینسایز-insize-405mm-مدل-4g-4139,3,INSIZE | اینسایز,,,,4G-4139,4139-4G,4G-4139|4139-4G,generic.v1,PROFILE_MISSING,1,oem_product_list,/home/shebahati/KaZar/Product and Data Complete/اندازه گیری/اینسایز/لیست محصولات.pdf,tier1_3_registry_match,6973018c3eeaad81327c31084ff9185ac522573976edc678d4be2bd371d056bf,4139-4G,BACKFILL_EXACT,
4020,4139-5G,گیج رزوه برو نرو توپی اینسایز (Insize) 5×0.5mm مدل 5G-4139,گیج-رزوه-برو-نرو-توپی-اینسایز-insize-505mm-مدل-5g-4139,3,INSIZE | اینسایز,,,,5G-4139,4139-5G,5G-4139|4139-5G,generic.v1,PROFILE_MISSING,1,oem_product_list,/home/shebahati/KaZar/Product and Data Complete/اندازه گیری/اینسایز/لیست محصولات.pdf,tier1_3_registry_match,6973018c3eeaad81327c31084ff9185ac522573976edc678d4be2bd371d056bf,4139-5G,BACKFILL_EXACT,
4022,4139-6G,گیج رزوه برو نرو توپی اینسایز (Insize) 6×0.5mm مدل 6G-4139,گیج-رزوه-برو-نرو-توپی-اینسایز-insize-605mm-مدل-6g-4139,3,INSIZE | اینسایز,,,,6G-4139,4139-6G,6G-4139|4139-6G,generic.v1,PROFILE_MISSING,1,oem_product_list,/home/shebahati/KaZar/Product and Data Complete/اندازه گیری/اینسایز/لیست محصولات.pdf,tier1_3_registry_match,6973018c3eeaad81327c31084ff9185ac522573976edc678d4be2bd371d056bf,4139-6G,BACKFILL_EXACT,
4023,4139-8P,گیج رزوه برو نرو توپی اینسایز (Insize) 8×1mm مدل 8P-4139,گیج-رزوه-برو-نرو-توپی-اینسایز-insize-81mm-مدل-8p-4139,3,INSIZE | اینسایز,,,,8P-4139,4139-8P,8P-4139|4139-8P,generic.v1,PROFILE_MISSING,1,oem_product_list,/home/shebahati/KaZar/Product and Data Complete/اندازه گیری/اینسایز/لیست محصولات.pdf,tier1_3_registry_match,6973018c3eeaad81327c31084ff9185ac522573976edc678d4be2bd371d056bf,4139-8P,BACKFILL_EXACT,
4024,4168-S25,ساچمه های اندازه گیری فولادی اینسایز (Insize) 25 پارچه مدل 4168-S25,ساچمه-های-اندازه-گیری-فولادی-اینسایز-insize-25-پارچه-مدل-4168-s25,3,INSIZE | اینسایز,,,,4168-S25,4168-S25,4168-S25,generic.v1,PROFILE_MISSING,1,oem_product_list,/home/shebahati/KaZar/Product and Data Complete/اندازه گیری/اینسایز/لیست محصولات.pdf,tier1_3_registry_match,6973018c3eeaad81327c31084ff9185ac522573976edc678d4be2bd371d056bf,4168-S25,BACKFILL_EXACT,
4026,4621-35,فیلر نواری 5متری اینسایز مدل 4621-35,فیلر-نواری-5-متری-035mm-اینسایز-insize-مدل-35-4621,3,INSIZE | اینسایز,26,FEELER_GAUGE,,4621-35,4621-35,4621-35,generic.v1,PROFILE_MISSING,1,oem_product_list,/home/shebahati/KaZar/Product and Data Complete/اندازه گیری/اینسایز/لیست محصولات.pdf,tier1_3_registry_match,6973018c3eeaad81327c31084ff9185ac522573976edc678d4be2bd371d056bf,4621-35,BACKFILL_EXACT,
4028,4790-050,گونیا مویی اینسایز (Insize) 40×50 میلی متر مدل 050-4790,گونیا-مویی-اینسایز-insize-4050-میلی-متر-مدل-050-4790,3,INSIZE | اینسایز,35,ENGINEERS_SQUARE,,050-4790,4790-050,050-4790|4790-050,generic.v1,PROFILE_MISSING,1,oem_product_list,/home/shebahati/KaZar/Product and Data Complete/اندازه گیری/اینسایز/لیست محصولات.pdf,tier1_3_registry_match,6973018c3eeaad81327c31084ff9185ac522573976edc678d4be2bd371d056bf,4790-050,BACKFILL_EXACT,
4030,4790-075,گونیا مویی اینسایز (Insize) 75×50 میلی متر مدل 075-4790,گونیا-مویی-اینسایز-insize-7550-میلی-متر-مدل-075-4790,3,INSIZE | اینسایز,35,ENGINEERS_SQUARE,,075-4790,4790-075,075-4790|4790-075,generic.v1,PROFILE_MISSING,1,oem_product_list,/home/shebahati/KaZar/Product and Data Complete/اندازه گیری/اینسایز/لیست محصولات.pdf,tier1_3_registry_match,6973018c3eeaad81327c31084ff9185ac522573976edc678d4be2bd371d056bf,4790-075,BACKFILL_EXACT,
4031,4796-50,گونیا صنعتی اینسایز (Insize) 50×30 میلیمتر مدل 50-4796,گونیا-صنعتی-اینسایز-insize-5030-میلیمتر-مدل-50-4796,3,INSIZE | اینسایز,35,ENGINEERS_SQUARE,,50-4796,4796-50,50-4796|4796-50,generic.v1,PROFILE_MISSING,1,oem_product_list,/home/shebahati/KaZar/Product and Data Complete/اندازه گیری/اینسایز/لیست محصولات.pdf,tier1_3_registry_match,6973018c3eeaad81327c31084ff9185ac522573976edc678d4be2bd371d056bf,4796-50,BACKFILL_EXACT,
4032,4796-75,گونیا صنعتی اینسایز (Insize) 75×50 میلیمتر مدل 75-4796,گونیا-صنعتی-اینسایز-insize-7550-میلیمتر-مدل-75-4796,3,INSIZE | اینسایز,35,ENGINEERS_SQUARE,,75-4796,4796-75,75-4796|4796-75,generic.v1,PROFILE_MISSING,1,oem_product_list,/home/shebahati/KaZar/Product and Data Complete/اندازه گیری/اینسایز/لیست محصولات.pdf,tier1_3_registry_match,6973018c3eeaad81327c31084ff9185ac522573976edc678d4be2bd371d056bf,4796-75,BACKFILL_EXACT,
4033,4829-1,گپ گیج با خط کش 0.8 - 15طول خط کش 15سانت اینسایز مدل 4829-1,گپ-گیج-با-خط-کش-اینسایز-insize-15-08طول-خط-کش-15-سانت-مدل-1-4829,3,INSIZE | اینسایز,31,TAPER_GAUGE,,4829-1,4829-1,4829-1,generic.v1,PROFILE_MISSING,1,oem_product_list,/home/shebahati/KaZar/Product and Data Complete/اندازه گیری/اینسایز/لیست محصولات.pdf,tier1_3_registry_match,6973018c3eeaad81327c31084ff9185ac522573976edc678d4be2bd371d056bf,4829-1,BACKFILL_EXACT,
4034,4830,گیج جوش اینسایز مدل 4830,گیج-جوش-اینسایز-insize-مدل-4830,3,INSIZE | اینسایز,54,WELDING_GAUGE,,4830,4830,4830,generic.v1,PROFILE_MISSING,1,oem_product_list,/home/shebahati/KaZar/Product and Data Complete/اندازه گیری/اینسایز/لیست محصولات.pdf,tier1_3_registry_match,6973018c3eeaad81327c31084ff9185ac522573976edc678d4be2bd371d056bf,4830,BACKFILL_EXACT,
4036,4832-1,گیج جوشکاری فلت اینسایز (Insize) مدل 1-4832,گیج-جوشکاری-فلت-اینسایز-insize-مدل-1-4832,3,INSIZE | اینسایز,48,FILLET_WELD_GAUGE,,1-4832,4832-1,1-4832|4832-1,generic.v1,PROFILE_MISSING,1,oem_product_list,/home/shebahati/KaZar/Product and Data Complete/اندازه گیری/اینسایز/لیست محصولات.pdf,tier1_3_registry_match,6973018c3eeaad81327c31084ff9185ac522573976edc678d4be2bd371d056bf,4832-1,BACKFILL_EXACT,
4037,4833-2,گپ سنج اینسایز (Insize) 30-15 میلی متر مدل 2-4833,گپ-سنج-اینسایز-insize-30-15-میلی-متر-مدل-2-4833,3,INSIZE | اینسایز,31,TAPER_GAUGE,,2-4833,4833-2,2-4833|4833-2,generic.v1,PROFILE_MISSING,1,oem_product_list,/home/shebahati/KaZar/Product and Data Complete/اندازه گیری/اینسایز/لیست محصولات.pdf,tier1_3_registry_match,6973018c3eeaad81327c31084ff9185ac522573976edc678d4be2bd371d056bf,4833-2,BACKFILL_EXACT,
4039,4833-3,گپ سنج اینسایز (Insize) 30-45 میلی متر مدل 3-4833,گپ-سنج-اینسایز-insize-30-45-میلی-متر-مدل-3-4833,3,INSIZE | اینسایز,31,TAPER_GAUGE,,3-4833,4833-3,3-4833|4833-3,generic.v1,PROFILE_MISSING,1,oem_product_list,/home/shebahati/KaZar/Product and Data Complete/اندازه گیری/اینسایز/لیست محصولات.pdf,tier1_3_registry_match,6973018c3eeaad81327c31084ff9185ac522573976edc678d4be2bd371d056bf,4833-3,BACKFILL_EXACT,
4040,4833-4,گپ سنج اینسایز (Insize) 60-45 میلی متر مدل 4-4833,گپ-سنج-اینسایز-insize-60-45-میلی-متر-مدل-4-4833,3,INSIZE | اینسایز,31,TAPER_GAUGE,,4-4833,4833-4,4-4833|4833-4,generic.v1,PROFILE_MISSING,1,oem_product_list,/home/shebahati/KaZar/Product and Data Complete/اندازه گیری/اینسایز/لیست محصولات.pdf,tier1_3_registry_match,6973018c3eeaad81327c31084ff9185ac522573976edc678d4be2bd371d056bf,4833-4,BACKFILL_EXACT,
4042,4834-1,گیج جوش اینسایز (Insize) مدل 1-4834,گیج-جوش-اینسایز-insize-مدل-1-4834,3,INSIZE | اینسایز,54,WELDING_GAUGE,,1-4834,4834-1,1-4834|4834-1,generic.v1,PROFILE_MISSING,1,oem_product_list,/home/shebahati/KaZar/Product and Data Complete/اندازه گیری/اینسایز/لیست محصولات.pdf,tier1_3_registry_match,6973018c3eeaad81327c31084ff9185ac522573976edc678d4be2bd371d056bf,4834-1,BACKFILL_EXACT,
4044,4836-2,گیج جوش فلت اینسایز (Insize) مدل 2-4836,گیج-جوش-فلت-اینسایز-insize-مدل-2-4836,3,INSIZE | اینسایز,48,FILLET_WELD_GAUGE,,2-4836,4836-2,2-4836|4836-2,generic.v1,PROFILE_MISSING,1,oem_product_list,/home/shebahati/KaZar/Product and Data Complete/اندازه گیری/اینسایز/لیست محصولات.pdf,tier1_3_registry_match,6973018c3eeaad81327c31084ff9185ac522573976edc678d4be2bd371d056bf,4836-2,BACKFILL_EXACT,
4045,4837-1,گپ گیج با خط کش اینسایز (Insize) 29-1 میلیمتر مدل 1-4837,گپ-گیج-با-خط-کش-اینسایز-insize-29-1-میلیمتر-مدل-1-4837,3,INSIZE | اینسایز,31,TAPER_GAUGE,,1-4837,4837-1,1-4837|4837-1,generic.v1,PROFILE_MISSING,1,oem_product_list,/home/shebahati/KaZar/Product and Data Complete/اندازه گیری/اینسایز/لیست محصولات.pdf,tier1_3_registry_match,6973018c3eeaad81327c31084ff9185ac522573976edc678d4be2bd371d056bf,4837-1,BACKFILL_EXACT,
4046,4841-1,گیج هایلو سینگل اینسایز (Insize) مدل 1-4841,گیج-هایلو-سینگل-اینسایز-insize-مدل-1-4841,3,INSIZE | اینسایز,54,WELDING_GAUGE,,1-4841,4841-1,1-4841|4841-1,generic.v1,PROFILE_MISSING,1,oem_product_list,/home/shebahati/KaZar/Product and Data Complete/اندازه گیری/اینسایز/لیست محصولات.pdf,tier1_3_registry_match,6973018c3eeaad81327c31084ff9185ac522573976edc678d4be2bd371d056bf,4841-1,BACKFILL_EXACT,
4047,4844-1,گیج زاویه پخ اینسایز (Insize) مدل 1-4844,گیج-زاویه-پخ-اینسایز-insize-مدل-1-4844,3,INSIZE | اینسایز,,,,1-4844,4844-1,1-4844|4844-1,generic.v1,PROFILE_MISSING,1,oem_product_list,/home/shebahati/KaZar/Product and Data Complete/اندازه گیری/اینسایز/لیست محصولات.pdf,tier1_3_registry_match,6973018c3eeaad81327c31084ff9185ac522573976edc678d4be2bd371d056bf,4844-1,BACKFILL_EXACT,
4048,4845-2,گیج فیلم مرطوب 25 - 3000میکرون اینسایز مدل 4845-2,گیج-فیلم-مرطوب-اینسایز-insize-25-3000-میکرون-مدل-2-4845,3,INSIZE | اینسایز,55,WET_FILM_THICKNESS_GAUGE,,4845-2,4845-2,4845-2,generic.v1,PROFILE_MISSING,1,oem_product_list,/home/shebahati/KaZar/Product and Data Complete/اندازه گیری/اینسایز/لیست محصولات.pdf,tier1_3_registry_match,6973018c3eeaad81327c31084ff9185ac522573976edc678d4be2bd371d056bf,4845-2,BACKFILL_EXACT,
4049,4851-1,گیج جوش اینسایز (Insize) مدل 1-4851,گیج-جوش-اینسایز-insize-مدل-1-4851,3,INSIZE | اینسایز,54,WELDING_GAUGE,,1-4851,4851-1,1-4851|4851-1,generic.v1,PROFILE_MISSING,1,oem_product_list,/home/shebahati/KaZar/Product and Data Complete/اندازه گیری/اینسایز/لیست محصولات.pdf,tier1_3_registry_match,6973018c3eeaad81327c31084ff9185ac522573976edc678d4be2bd371d056bf,4851-1,BACKFILL_EXACT,
4051,4852-15,گیج مخروطی اینسایز (Insize) 15-30 میلیمتر مدل 15-4852,گیج-مخروطی-اینسایز-insize-15-30-میلیمتر-مدل-15-4852,3,INSIZE | اینسایز,31,TAPER_GAUGE,,15-4852,4852-15,15-4852|4852-15,generic.v1,PROFILE_MISSING,1,oem_product_list,/home/shebahati/KaZar/Product and Data Complete/اندازه گیری/اینسایز/لیست محصولات.pdf,tier1_3_registry_match,6973018c3eeaad81327c31084ff9185ac522573976edc678d4be2bd371d056bf,4852-15,BACKFILL_EXACT,
4053,4852-30,گیج مخروطی اینسایز (Insize) 30-45 میلیمتر مدل 30-4852,گیج-مخروطی-اینسایز-insize-30-45-میلیمتر-مدل-30-4852,3,INSIZE | اینسایز,31,TAPER_GAUGE,,30-4852,4852-30,30-4852|4852-30,generic.v1,PROFILE_MISSING,1,oem_product_list,/home/shebahati/KaZar/Product and Data Complete/اندازه گیری/اینسایز/لیست محصولات.pdf,tier1_3_registry_match,6973018c3eeaad81327c31084ff9185ac522573976edc678d4be2bd371d056bf,4852-30,BACKFILL_EXACT,
4054,4852-3,گیج مخروطی اینسایز (Insize) 3-16 میلیمتر مدل 3-4852,گیج-مخروطی-اینسایز-insize-3-16-میلیمتر-مدل-3-4852,3,INSIZE | اینسایز,31,TAPER_GAUGE,,3-4852,4852-3,3-4852|4852-3,generic.v1,PROFILE_MISSING,1,oem_product_list,/home/shebahati/KaZar/Product and Data Complete/اندازه گیری/اینسایز/لیست محصولات.pdf,tier1_3_registry_match,6973018c3eeaad81327c31084ff9185ac522573976edc678d4be2bd371d056bf,4852-3,BACKFILL_EXACT,
4056,4917-30,تراز لیزری اینسایز مدل 4917-30,تراز-لیزری-اینسایز-insize-مدل-30-4917,3,INSIZE | اینسایز,27,LEVEL,,4917-30,4917-30,4917-30,generic.v1,PROFILE_MISSING,1,oem_product_list,/home/shebahati/KaZar/Product and Data Complete/اندازه گیری/اینسایز/لیست محصولات.pdf,tier1_3_registry_match,6973018c3eeaad81327c31084ff9185ac522573976edc678d4be2bd371d056bf,4917-30,BACKFILL_EXACT,
4058,5013,نقاله ،گام سنج ،ارسنج ،فیلر ،گونیا مویی ،سوزن خط کش ،خط کش ،پایه اینسایز مدل 5013,ست-13-پارچه-لوازم-اندازه-گیری-اینسایز-insize-مدل-5013,3,INSIZE | اینسایز,,,,5013,5013,5013,generic.v1,PROFILE_MISSING,1,oem_product_list,/home/shebahati/KaZar/Product and Data Complete/اندازه گیری/اینسایز/لیست محصولات.pdf,tier1_3_registry_match,6973018c3eeaad81327c31084ff9185ac522573976edc678d4be2bd371d056bf,5013,BACKFILL_EXACT,
4062,6224-40,پایه ساعت کوچک اینسایز (Insize) 40 کیلویی مدل 40-6224,پایه-ساعت-کوچک-اینسایز-insize-40-کیلویی-مدل-40-6224,3,INSIZE | اینسایز,,,,40-6224,6224-40,40-6224|6224-40,generic.v1,PROFILE_MISSING,1,oem_product_list,/home/shebahati/KaZar/Product and Data Complete/اندازه گیری/اینسایز/لیست محصولات.pdf,tier1_3_registry_match,6973018c3eeaad81327c31084ff9185ac522573976edc678d4be2bd371d056bf,6224-40,BACKFILL_EXACT,
4064,6226-80,پایه ساعت اینسایز (Insize) بدون مگنت مدل 80-6226,پایه-ساعت-اینسایز-insize-بدون-مگنت-مدل-80-6226,3,INSIZE | اینسایز,,,,80-6226,6226-80,80-6226|6226-80,generic.v1,PROFILE_MISSING,1,oem_product_list,/home/shebahati/KaZar/Product and Data Complete/اندازه گیری/اینسایز/لیست محصولات.pdf,tier1_3_registry_match,6973018c3eeaad81327c31084ff9185ac522573976edc678d4be2bd371d056bf,6226-80,BACKFILL_EXACT,
4065,6228-40,پایه ساعت هیدرولیکی کوچک 40کیلویی اینسایز مدل 6228-40,پایه-ساعت-هیدرولیکی-کوچک-اینسایز-insize-40-کیلویی-مدل-40-6228,3,INSIZE | اینسایز,,,,6228-40,6228-40,6228-40,generic.v1,PROFILE_MISSING,1,oem_product_list,/home/shebahati/KaZar/Product and Data Complete/اندازه گیری/اینسایز/لیست محصولات.pdf,tier1_3_registry_match,6973018c3eeaad81327c31084ff9185ac522573976edc678d4be2bd371d056bf,6228-40,BACKFILL_EXACT,
4066,6298-2,پایه ساعت شیطانکی اینسایز (Insize) مدل 2-6298,پایه-ساعت-شیطانکی-اینسایز-insize-مدل-2-6298,3,INSIZE | اینسایز,,,,2-6298,6298-2,2-6298|6298-2,generic.v1,PROFILE_MISSING,1,oem_product_list,/home/shebahati/KaZar/Product and Data Complete/اندازه گیری/اینسایز/لیست محصولات.pdf,tier1_3_registry_match,6973018c3eeaad81327c31084ff9185ac522573976edc678d4be2bd371d056bf,6298-2,BACKFILL_EXACT,
4068,6300,پایه میکرومتر اینسایز (Insize) مدل 6300,پایه-میکرومتر-اینسایز-insize-مدل-6300,3,INSIZE | اینسایز,,,,6300,6300,6300,generic.v1,PROFILE_MISSING,1,oem_product_list,/home/shebahati/KaZar/Product and Data Complete/اندازه گیری/اینسایز/لیست محصولات.pdf,tier1_3_registry_match,6973018c3eeaad81327c31084ff9185ac522573976edc678d4be2bd371d056bf,6300,BACKFILL_EXACT,
4069,6511-24,پارالل گیج اینسایز (Insize) مدل 24-6511,پارالل-گیج-اینسایز-insize-مدل-24-6511,3,INSIZE | اینسایز,,,,24-6511,6511-24,24-6511|6511-24,generic.v1,PROFILE_MISSING,1,oem_product_list,/home/shebahati/KaZar/Product and Data Complete/اندازه گیری/اینسایز/لیست محصولات.pdf,tier1_3_registry_match,6973018c3eeaad81327c31084ff9185ac522573976edc678d4be2bd371d056bf,6511-24,BACKFILL_EXACT,
4071,6520-67,گیره دقیق اینسایز (Insize) 0-67 مدل 67-6520,گیره-دقیق-اینسایز-insize-0-67-مدل-67-6520,3,INSIZE | اینسایز,44,PRECISION_VISE,,67-6520,6520-67,67-6520|6520-67,generic.v1,PROFILE_MISSING,1,oem_product_list,/home/shebahati/KaZar/Product and Data Complete/اندازه گیری/اینسایز/لیست محصولات.pdf,tier1_3_registry_match,6973018c3eeaad81327c31084ff9185ac522573976edc678d4be2bd371d056bf,6520-67,BACKFILL_EXACT,
4072,6520-87,گیره دقیق اینسایز (Insize) 0-87 مدل 87-6520,گیره-دقیق-اینسایز-insize-0-87-مدل-87-6520,3,INSIZE | اینسایز,44,PRECISION_VISE,,87-6520,6520-87,87-6520|6520-87,generic.v1,PROFILE_MISSING,1,oem_product_list,/home/shebahati/KaZar/Product and Data Complete/اندازه گیری/اینسایز/لیست محصولات.pdf,tier1_3_registry_match,6973018c3eeaad81327c31084ff9185ac522573976edc678d4be2bd371d056bf,6520-87,BACKFILL_EXACT,
4074,6566-2,مرکزیاب نوری اینسایز (Insize) مدل 2-6566,مرکزیاب-نوری-اینسایز-insize-مدل-2-6566,3,INSIZE | اینسایز,70,OPTICAL_EDGE_FINDER,,2-6566,6566-2,2-6566|6566-2,generic.v1,PROFILE_MISSING,1,oem_product_list,/home/shebahati/KaZar/Product and Data Complete/اندازه گیری/اینسایز/لیست محصولات.pdf,tier1_3_registry_match,6973018c3eeaad81327c31084ff9185ac522573976edc678d4be2bd371d056bf,6566-2,BACKFILL_EXACT,
4076,6832-1,گیج جوشکاری اینسایز (Insize) مدل 1-6832,گیج-جوشکاری-اینسایز-insize-مدل-1-6832,3,INSIZE | اینسایز,54,WELDING_GAUGE,,1-6832,6832-1,1-6832|6832-1,generic.v1,PROFILE_MISSING,1,oem_product_list,/home/shebahati/KaZar/Product and Data Complete/اندازه گیری/اینسایز/لیست محصولات.pdf,tier1_3_registry_match,6973018c3eeaad81327c31084ff9185ac522573976edc678d4be2bd371d056bf,6832-1,BACKFILL_EXACT,
4077,6896-11,ست وی بلوک اینسایز (Insize) مدل 11-6896,ست-وی-بلوک-اینسایز-insize-مدل-11-6896,3,INSIZE | اینسایز,,,,11-6896,6896-11,11-6896|6896-11,generic.v1,PROFILE_MISSING,1,oem_product_list,/home/shebahati/KaZar/Product and Data Complete/اندازه گیری/اینسایز/لیست محصولات.pdf,tier1_3_registry_match,6973018c3eeaad81327c31084ff9185ac522573976edc678d4be2bd371d056bf,6896-11,BACKFILL_EXACT,
4079,6896-13,ست وی بلوک اینسایز (Insize) مدل 13-6896,ست-وی-بلوک-اینسایز-insize-مدل-13-6896,3,INSIZE | اینسایز,,,,13-6896,6896-13,13-6896|6896-13,generic.v1,PROFILE_MISSING,1,oem_product_list,/home/shebahati/KaZar/Product and Data Complete/اندازه گیری/اینسایز/لیست محصولات.pdf,tier1_3_registry_match,6973018c3eeaad81327c31084ff9185ac522573976edc678d4be2bd371d056bf,6896-13,BACKFILL_EXACT,
4081,7110-1200,خط کش استن استیل اینسایز (Insize) 1.2 متر مدل 1200-7110,خط-کش-استن-استیل-اینسایز-insize-12-متر-مدل-1200-7110,3,INSIZE | اینسایز,29,STEEL_RULE,,1200-7110,7110-1200,1200-7110|7110-1200,generic.v1,PROFILE_MISSING,1,oem_product_list,/home/shebahati/KaZar/Product and Data Complete/اندازه گیری/اینسایز/لیست محصولات.pdf,tier1_3_registry_match,6973018c3eeaad81327c31084ff9185ac522573976edc678d4be2bd371d056bf,7110-1200,BACKFILL_EXACT,
4082,7144-1,چرخ متر اینسایز (Insize) 0.1 – 9999.9 متر مدل 1-7144,چرخ-متر-اینسایز-insize-01-99999-متر-مدل-1-7144,3,INSIZE | اینسایز,50,MEASURING_WHEEL,,1-7144,7144-1,1-7144|7144-1,generic.v1,PROFILE_MISSING,1,oem_product_list,/home/shebahati/KaZar/Product and Data Complete/اندازه گیری/اینسایز/لیست محصولات.pdf,tier1_3_registry_match,6973018c3eeaad81327c31084ff9185ac522573976edc678d4be2bd371d056bf,7144-1,BACKFILL_EXACT,
4084,7145-1,چرخ متر اینسایز (Insize) 0.1 – 9999.9 متر همراه با کوله پشتی مدل 1-7145,چرخ-متر-اینسایز-insize-01-99999-متر-همراه-با-کوله-پشتی-مدل-1-7145,3,INSIZE | اینسایز,50,MEASURING_WHEEL,,1-7145,7145-1,1-7145|7145-1,generic.v1,PROFILE_MISSING,1,oem_product_list,/home/shebahati/KaZar/Product and Data Complete/اندازه گیری/اینسایز/لیست محصولات.pdf,tier1_3_registry_match,6973018c3eeaad81327c31084ff9185ac522573976edc678d4be2bd371d056bf,7145-1,BACKFILL_EXACT,
4085,7161-1,مگنت تلسکوپی اینسایز (Insize) مدل 1-7161,مگنت-تلسکوپی-اینسایز-insize-مدل-1-7161,3,INSIZE | اینسایز,,,,1-7161,7161-1,1-7161|7161-1,generic.v1,PROFILE_MISSING,1,oem_product_list,/home/shebahati/KaZar/Product and Data Complete/اندازه گیری/اینسایز/لیست محصولات.pdf,tier1_3_registry_match,6973018c3eeaad81327c31084ff9185ac522573976edc678d4be2bd371d056bf,7161-1,BACKFILL_EXACT,
4086,7163-1,مگنت تلسکوپی (چراغ دار) اینسایز (Insize) مدل 1-7163,مگنت-تلسکوپی-چراغ-دار-اینسایز-insize-مدل-1-7163,3,INSIZE | اینسایز,,,,1-7163,7163-1,1-7163|7163-1,generic.v1,PROFILE_MISSING,1,oem_product_list,/home/shebahati/KaZar/Product and Data Complete/اندازه گیری/اینسایز/لیست محصولات.pdf,tier1_3_registry_match,6973018c3eeaad81327c31084ff9185ac522573976edc678d4be2bd371d056bf,7163-1,BACKFILL_EXACT,
4088,7302-21,کابل انتقال داده کولیس دیجیتال اینسایز (Insize) 3 متر مدل 21-7302,کابل-انتقال-داده-کولیس-دیجیتال-اینسایز-insize-3-متر-مدل-21-7302,3,INSIZE | اینسایز,,,,21-7302,7302-21,21-7302|7302-21,generic.v1,PROFILE_MISSING,1,oem_product_list,/home/shebahati/KaZar/Product and Data Complete/اندازه گیری/اینسایز/لیست محصولات.pdf,tier1_3_registry_match,6973018c3eeaad81327c31084ff9185ac522573976edc678d4be2bd371d056bf,7302-21,BACKFILL_EXACT,
4090,7315-21,کابل انتقال داده کولیس دیجیتال (وایرلس) اینسایز (Insize) مدل 21-7315,کابل-انتقال-داده-کولیس-دیجیتال-وایرلس-اینسایز-insize-مدل-21-7315,3,INSIZE | اینسایز,,,,21-7315,7315-21,21-7315|7315-21,generic.v1,PROFILE_MISSING,1,oem_product_list,/home/shebahati/KaZar/Product and Data Complete/اندازه گیری/اینسایز/لیست محصولات.pdf,tier1_3_registry_match,6973018c3eeaad81327c31084ff9185ac522573976edc678d4be2bd371d056bf,7315-21,BACKFILL_EXACT,
4091,7513-2,ذره بین 2X چراغ دار اینسایز (Insize) مدل 2-7513,ذره-بین-2x-چراغ-دار-اینسایز-insize-مدل-2-7513,3,INSIZE | اینسایز,,,,2-7513,7513-2,2-7513|7513-2,generic.v1,PROFILE_MISSING,1,oem_product_list,/home/shebahati/KaZar/Product and Data Complete/اندازه گیری/اینسایز/لیست محصولات.pdf,tier1_3_registry_match,6973018c3eeaad81327c31084ff9185ac522573976edc678d4be2bd371d056bf,7513-2,BACKFILL_EXACT,
4092,7513-4,ذره بین 4X چراغ دار اینسایز (Insize) مدل 4-7513,ذره-بین-4x-چراغ-دار-اینسایز-insize-مدل-4-7513,3,INSIZE | اینسایز,,,,4-7513,7513-4,4-7513|7513-4,generic.v1,PROFILE_MISSING,1,oem_product_list,/home/shebahati/KaZar/Product and Data Complete/اندازه گیری/اینسایز/لیست محصولات.pdf,tier1_3_registry_match,6973018c3eeaad81327c31084ff9185ac522573976edc678d4be2bd371d056bf,7513-4,BACKFILL_EXACT,
4094,7515-10,ذره بین تاشو 10X چراغ دار اینسایز (Insize) مدل 10-7515,ذره-بین-تاشو-10x-چراغ-دار-اینسایز-insize-مدل-10-7515,3,INSIZE | اینسایز,,,,10-7515,7515-10,10-7515|7515-10,generic.v1,PROFILE_MISSING,1,oem_product_list,/home/shebahati/KaZar/Product and Data Complete/اندازه گیری/اینسایز/لیست محصولات.pdf,tier1_3_registry_match,6973018c3eeaad81327c31084ff9185ac522573976edc678d4be2bd371d056bf,7515-10,BACKFILL_EXACT,
4095,7516-5D,ذره بین میزی 2.25X چراغ دار اینسایز (Insize) مدل 5D-7516,ذره-بین-میزی-225x-چراغ-دار-اینسایز-insize-مدل-5d-7516,3,INSIZE | اینسایز,,,,5D-7516,7516-5D,5D-7516|7516-5D,generic.v1,PROFILE_MISSING,1,oem_product_list,/home/shebahati/KaZar/Product and Data Complete/اندازه گیری/اینسایز/لیست محصولات.pdf,tier1_3_registry_match,6973018c3eeaad81327c31084ff9185ac522573976edc678d4be2bd371d056bf,7516-5D,BACKFILL_EXACT,
4097,7517-3D,ذره بین میزی 1.75X چراغ دار اینسایز (Insize) مدل 3D-7517,ذره-بین-میزی-175x-چراغ-دار-اینسایز-insize-مدل-3d-7517,3,INSIZE | اینسایز,,,,3D-7517,7517-3D,3D-7517|7517-3D,generic.v1,PROFILE_MISSING,1,oem_product_list,/home/shebahati/KaZar/Product and Data Complete/اندازه گیری/اینسایز/لیست محصولات.pdf,tier1_3_registry_match,6973018c3eeaad81327c31084ff9185ac522573976edc678d4be2bd371d056bf,7517-3D,BACKFILL_EXACT,
4101,8003-10,ترازو دیجیتال اینسایز (Insize) 20 گرم تا 10 کیلوگرم مدل 10-8003,ترازو-دیجیتال-اینسایز-insize-20-گرم-تا-10-کیلوگرم-مدل-10-8003,3,INSIZE | اینسایز,40,DIGITAL_SCALE,,10-8003,8003-10,10-8003|8003-10,generic.v1,PROFILE_MISSING,1,oem_product_list,/home/shebahati/KaZar/Product and Data Complete/اندازه گیری/اینسایز/لیست محصولات.pdf,tier1_3_registry_match,6973018c3eeaad81327c31084ff9185ac522573976edc678d4be2bd371d056bf,8003-10,BACKFILL_EXACT,
4102,8003-6,ترازو دیجیتال اینسایز (Insize) 10 گرم تا 6 کیلوگرم مدل 6-8003,ترازو-دیجیتال-اینسایز-insize-10-گرم-تا-6-کیلوگرم-مدل-6-8003,3,INSIZE | اینسایز,40,DIGITAL_SCALE,,6-8003,8003-6,6-8003|8003-6,generic.v1,PROFILE_MISSING,1,oem_product_list,/home/shebahati/KaZar/Product and Data Complete/اندازه گیری/اینسایز/لیست محصولات.pdf,tier1_3_registry_match,6973018c3eeaad81327c31084ff9185ac522573976edc678d4be2bd371d056bf,8003-6,BACKFILL_EXACT,
4104,8101-30,ترازو دیجیتال شمارش دار اینسایز (Insize) 20g تا 30kg مدل 30-8101,ترازو-دیجیتال-شمارش-دار-اینسایز-insize-20g-تا-30kg-مدل-30-8101,3,INSIZE | اینسایز,40,DIGITAL_SCALE,,30-8101,8101-30,30-8101|8101-30,generic.v1,PROFILE_MISSING,1,oem_product_list,/home/shebahati/KaZar/Product and Data Complete/اندازه گیری/اینسایز/لیست محصولات.pdf,tier1_3_registry_match,6973018c3eeaad81327c31084ff9185ac522573976edc678d4be2bd371d056bf,8101-30,BACKFILL_EXACT,
4106,8203-CW03T,ترازو جرثقیل الکترونیکی اینسایز (Insize) 2-300kg مدل 8203-CW03T,ترازو-جرثقیل-الکترونیکی-اینسایز-insize-2-300kg-مدل-8203-cw03t,3,INSIZE | اینسایز,40,DIGITAL_SCALE,,8203-CW03T,8203-CW03T,8203-CW03T,generic.v1,PROFILE_MISSING,1,oem_product_list,/home/shebahati/KaZar/Product and Data Complete/اندازه گیری/اینسایز/لیست محصولات.pdf,tier1_3_registry_match,6973018c3eeaad81327c31084ff9185ac522573976edc678d4be2bd371d056bf,8203-CW03T,BACKFILL_EXACT,
4107,8203-CW05T,ترازو جرثقیل الکترونیکی اینسایز (Insize) 4-500kg مدل 8203-CW05T,ترازو-جرثقیل-الکترونیکی-اینسایز-insize-4-500kg-مدل-8203-cw05t,3,INSIZE | اینسایز,40,DIGITAL_SCALE,,8203-CW05T,8203-CW05T,8203-CW05T,generic.v1,PROFILE_MISSING,1,oem_product_list,/home/shebahati/KaZar/Product and Data Complete/اندازه گیری/اینسایز/لیست محصولات.pdf,tier1_3_registry_match,6973018c3eeaad81327c31084ff9185ac522573976edc678d4be2bd371d056bf,8203-CW05T,BACKFILL_EXACT,
4108,8203-CW1T,ترازو جرثقیل الکترونیکی اینسایز (Insize) 10-1000kg مدل 8203-CW1T,ترازو-جرثقیل-الکترونیکی-اینسایز-insize-10-1000kg-مدل-8203-cw1t,3,INSIZE | اینسایز,40,DIGITAL_SCALE,,8203-CW1T,8203-CW1T,8203-CW1T,generic.v1,PROFILE_MISSING,1,oem_product_list,/home/shebahati/KaZar/Product and Data Complete/اندازه گیری/اینسایز/لیست محصولات.pdf,tier1_3_registry_match,6973018c3eeaad81327c31084ff9185ac522573976edc678d4be2bd371d056bf,8203-CW1T,BACKFILL_EXACT,
4110,8301-1200,ترازو دیجیتال اینسایز (Insize) 0.2-1200g مدل 1200-8301,ترازو-دیجیتال-اینسایز-insize-02-1200g-مدل-1200-8301,3,INSIZE | اینسایز,40,DIGITAL_SCALE,,1200-8301,8301-1200,1200-8301|8301-1200,generic.v1,PROFILE_MISSING,1,oem_product_list,/home/shebahati/KaZar/Product and Data Complete/اندازه گیری/اینسایز/لیست محصولات.pdf,tier1_3_registry_match,6973018c3eeaad81327c31084ff9185ac522573976edc678d4be2bd371d056bf,8301-1200,BACKFILL_EXACT,
4112,8604-40,ترازو دیجیتال اینسایز (Insize) 40kg مدل 40-8604,ترازو-دیجیتال-اینسایز-insize-40kg-مدل-40-8604,3,INSIZE | اینسایز,40,DIGITAL_SCALE,,40-8604,8604-40,40-8604|8604-40,generic.v1,PROFILE_MISSING,1,oem_product_list,/home/shebahati/KaZar/Product and Data Complete/اندازه گیری/اینسایز/لیست محصولات.pdf,tier1_3_registry_match,6973018c3eeaad81327c31084ff9185ac522573976edc678d4be2bd371d056bf,8604-40,BACKFILL_EXACT,
4113,9241-ML200,مولتی متر دیجیتال اینسایز مدل 9241-ML200,مولتی-متر-دیجیتال-اینسایز-insize-مدل-9241-ml200,3,INSIZE | اینسایز,65,DIGITAL_MULTIMETER,,9241-ML200,9241-ML200,9241-ML200,generic.v1,PROFILE_MISSING,1,oem_product_list,/home/shebahati/KaZar/Product and Data Complete/اندازه گیری/اینسایز/لیست محصولات.pdf,tier1_3_registry_match,6973018c3eeaad81327c31084ff9185ac522573976edc678d4be2bd371d056bf,9241-ML200,BACKFILL_EXACT,
4115,9315-CF210,آمپرمتر کلمپی اینسایز (Insize) مدل 9315-CF210,آمپرمتر-کلمپی-اینسایز-insize-مدل-9315-cf210,3,INSIZE | اینسایز,,,,9315-CF210,9315-CF210,9315-CF210,generic.v1,PROFILE_MISSING,1,oem_product_list,/home/shebahati/KaZar/Product and Data Complete/اندازه گیری/اینسایز/لیست محصولات.pdf,tier1_3_registry_match,6973018c3eeaad81327c31084ff9185ac522573976edc678d4be2bd371d056bf,9315-CF210,BACKFILL_EXACT,
4116,9563-C40,متر دیجیتال و لیزری 40متری بلوتوثی اینسایز مدل 9563-C40,متر-دیجیتال-و-لیزری-اینسایز-insize-40-متری-بلوتوثی-مدل-9563-c40,3,INSIZE | اینسایز,,,,9563-C40,9563-C40,9563-C40,generic.v1,PROFILE_MISSING,1,oem_product_list,/home/shebahati/KaZar/Product and Data Complete/اندازه گیری/اینسایز/لیست محصولات.pdf,tier1_3_registry_match,6973018c3eeaad81327c31084ff9185ac522573976edc678d4be2bd371d056bf,9563-C40,BACKFILL_EXACT,
4117,DSW-A010,کرنومتر اینسایز مدل DSW-A010,کرنومتر-اینسایز-insize-مدل-dsw-a010,3,INSIZE | اینسایز,61,STOPWATCH,,DSW-A010,DSW-A010,DSW-A010,generic.v1,PROFILE_MISSING,1,oem_product_list,/home/shebahati/KaZar/Product and Data Complete/اندازه گیری/اینسایز/لیست محصولات.pdf,tier1_3_registry_match,6973018c3eeaad81327c31084ff9185ac522573976edc678d4be2bd371d056bf,DSW-A010,BACKFILL_EXACT,
4118,HDT-L411,سختی سنج مدادی فلزات اینسایز (Insize) مدل HDT-L411,سختی-سنج-مدادی-فلزات-اینسایز-insize-مدل-hdt-l411,3,INSIZE | اینسایز,42,HARDNESS_TESTER,,HDT-L411,HDT-L411,HDT-L411,generic.v1,PROFILE_MISSING,1,oem_product_list,/home/shebahati/KaZar/Product and Data Complete/اندازه گیری/اینسایز/لیست محصولات.pdf,tier1_3_registry_match,6973018c3eeaad81327c31084ff9185ac522573976edc678d4be2bd371d056bf,HDT-L411,BACKFILL_EXACT,
4119,ISO-1200FN,ضخامت سنج رنگ اینسایز (Insize) 0 – 2000 میکرون همراه با کابل مدل ISO-1200FN,ضخامت-سنج-رنگ-اینسایز-insize-0-2000-میکرون-همراه-با-کابل-مدل-iso-1200fn,3,INSIZE | اینسایز,39,COATING_THICKNESS_GAUGE,,ISO-1200FN,ISO-1200FN,ISO-1200FN,generic.v1,PROFILE_MISSING,1,oem_product_list,/home/shebahati/KaZar/Product and Data Complete/اندازه گیری/اینسایز/لیست محصولات.pdf,tier1_3_registry_match,6973018c3eeaad81327c31084ff9185ac522573976edc678d4be2bd371d056bf,ISO-1200FN,BACKFILL_EXACT,
4121,ISR-CS130-W,بلوک زبری سنج جعبه ای اینسایز (Insize) مدل ISR-CS130-W,بلوک-زبری-سنج-جعبه-ای-اینسایز-insize-مدل-isr-cs130-w,3,INSIZE | اینسایز,,,,ISR-CS130-W,ISR-CS130-W,ISR-CS130-W,generic.v1,PROFILE_MISSING,1,oem_product_list,/home/shebahati/KaZar/Product and Data Complete/اندازه گیری/اینسایز/لیست محصولات.pdf,tier1_3_registry_match,6973018c3eeaad81327c31084ff9185ac522573976edc678d4be2bd371d056bf,ISR-CS130-W,BACKFILL_EXACT,
4122,ISU-250C,ضخامت سنج اولتراسونیک فلزات اینسایز (Insize) مدل ISU-250C,ضخامت-سنج-اولتراسونیک-فلزات-اینسایز-insize-مدل-isu-250c,3,INSIZE | اینسایز,59,ULTRASONIC_THICKNESS_GAUGE,,ISU-250C,ISU-250C,ISU-250C,generic.v1,PROFILE_MISSING,1,oem_product_list,/home/shebahati/KaZar/Product and Data Complete/اندازه گیری/اینسایز/لیست محصولات.pdf,tier1_3_registry_match,6973018c3eeaad81327c31084ff9185ac522573976edc678d4be2bd371d056bf,ISU-250C,BACKFILL_EXACT,
4124,ISV-E40,بروسکوپ اینسایز (Insize) مدل ISV-E40,بروسکوپ-اینسایز-insize-مدل-isv-e40,3,INSIZE | اینسایز,,,,ISV-E40,ISV-E40,ISV-E40,generic.v1,PROFILE_MISSING,1,oem_product_list,/home/shebahati/KaZar/Product and Data Complete/اندازه گیری/اینسایز/لیست محصولات.pdf,tier1_3_registry_match,6973018c3eeaad81327c31084ff9185ac522573976edc678d4be2bd371d056bf,ISV-E40,BACKFILL_EXACT,
4125,1156-1000,کولیس دیجیتال اینسایز (Insize) 100 سانتی متر پایه دار مدل 1000-1156,کولیس-دیجیتال-اینسایز-insize-100-سانتی-متر-پایه-دار-مدل-1000-1156,3,INSIZE | اینسایز,14,HEIGHT_GAUGE,,1000-1156,1156-1000,1000-1156|1156-1000,generic.v1,PROFILE_MISSING,1,oem_product_list,/home/shebahati/KaZar/Product and Data Complete/اندازه گیری/اینسایز/لیست محصولات.pdf,tier1_3_registry_match,6973018c3eeaad81327c31084ff9185ac522573976edc678d4be2bd371d056bf,1156-1000,BACKFILL_EXACT,
4127,6372-25,هد میکرومتر اینسایز (Insize) مدل 25-6372,هد-میکرومتر-اینسایز-insize-مدل-25-6372,3,INSIZE | اینسایز,,,,25-6372,6372-25,25-6372|6372-25,generic.v1,PROFILE_MISSING,1,oem_product_list,/home/shebahati/KaZar/Product and Data Complete/اندازه گیری/اینسایز/لیست محصولات.pdf,tier1_3_registry_match,6973018c3eeaad81327c31084ff9185ac522573976edc678d4be2bd371d056bf,6372-25,BACKFILL_EXACT,
4130,7214-50M,کابل انتقال داده ساعت دیجیتال بلوتوثی اینسایز (Insize) مدل 7214-50M,کابل-انتقال-داده-ساعت-دیجیتال-بلوتوثی-اینسایز-insize-مدل-7214-50m,3,INSIZE | اینسایز,,,,7214-50M,7214-50M,7214-50M,generic.v1,PROFILE_MISSING,1,oem_product_list,/home/shebahati/KaZar/Product and Data Complete/اندازه گیری/اینسایز/لیست محصولات.pdf,tier1_3_registry_match,6973018c3eeaad81327c31084ff9185ac522573976edc678d4be2bd371d056bf,7214-50M,BACKFILL_EXACT,
4131,2304-01,ساعت اینچی دور کوچک اینسایز (Insize) مدل 01-2304,ساعت-اینچی-دور-کوچک-اینسایز-insize-مدل-01-2304,3,INSIZE | اینسایز,,,,01-2304,2304-01,01-2304|2304-01,generic.v1,PROFILE_MISSING,1,oem_product_list,/home/shebahati/KaZar/Product and Data Complete/اندازه گیری/اینسایز/لیست محصولات.pdf,tier1_3_registry_match,6973018c3eeaad81327c31084ff9185ac522573976edc678d4be2bd371d056bf,2304-01,BACKFILL_EXACT,
4466,CB210-150,کولیس 15سانت ساعتی ترما (TERMA) مدل CB210-150,کولیس-15سانت-ساعتی-ترما-terma-مدل-cb210-150,5,TERMA | ترما,,,,CB210-150,CB210-150,CB210-150,generic.v1,PROFILE_MISSING,2,authorized_supplier_price_list,/home/shebahati/KaZar/Product and Data Complete/اندازه گیری/ترما/لیست قیمت ترما +25درصد.pdf,tier1_3_registry_match,16eef2bb037f47484ee99dc0fcaab7d873b12bcbd21f4f18b12ae5e0825ae4ed,CB210-150,BACKFILL_EXACT,
4467,CB210-200,کولیس 20سانت ساعتی ترما (TERMA) مدل CB210-200,کولیس-20سانت-ساعتی-ترما-terma-مدل-cb210-200,5,TERMA | ترما,,,,CB210-200,CB210-200,CB210-200,generic.v1,PROFILE_MISSING,2,authorized_supplier_price_list,/home/shebahati/KaZar/Product and Data Complete/اندازه گیری/ترما/لیست قیمت ترما +25درصد.pdf,tier1_3_registry_match,16eef2bb037f47484ee99dc0fcaab7d873b12bcbd21f4f18b12ae5e0825ae4ed,CB210-200,BACKFILL_EXACT,
4468,CB210-300,کولیس 30سانت ساعتی ترما (TERMA) مدل CB210-300,کولیس-30سانت-ساعتی-ترما-terma-مدل-cb210-300,5,TERMA | ترما,,,,CB210-300,CB210-300,CB210-300,generic.v1,PROFILE_MISSING,2,authorized_supplier_price_list,/home/shebahati/KaZar/Product and Data Complete/اندازه گیری/ترما/لیست قیمت ترما +25درصد.pdf,tier1_3_registry_match,16eef2bb037f47484ee99dc0fcaab7d873b12bcbd21f4f18b12ae5e0825ae4ed,CB210-300,BACKFILL_EXACT,
4469,CD185-150,کولیس 15سانت دیجیتال متال ترما (TERMA) مدل CD185-150,کولیس-15سانت-دیجیتال-متال-ترما-terma-مدل-cd185-150,5,TERMA | ترما,,,,CD185-150,CD185-150,CD185-150,generic.v1,PROFILE_MISSING,2,authorized_supplier_price_list,/home/shebahati/KaZar/Product and Data Complete/اندازه گیری/ترما/لیست قیمت ترما +25درصد.pdf,tier1_3_registry_match,16eef2bb037f47484ee99dc0fcaab7d873b12bcbd21f4f18b12ae5e0825ae4ed,CD185-150,BACKFILL_EXACT,
4470,CD185-200,کولیس 20سانت دیجیتال متال ترما (TERMA) مدل CD185-200,کولیس-20سانت-دیجیتال-متال-ترما-terma-مدل-cd185-200,5,TERMA | ترما,,,,CD185-200,CD185-200,CD185-200,generic.v1,PROFILE_MISSING,2,authorized_supplier_price_list,/home/shebahati/KaZar/Product and Data Complete/اندازه گیری/ترما/لیست قیمت ترما +25درصد.pdf,tier1_3_registry_match,16eef2bb037f47484ee99dc0fcaab7d873b12bcbd21f4f18b12ae5e0825ae4ed,CD185-200,BACKFILL_EXACT,
4471,CD185-300,کولیس 30سانت دیجیتال متال ترما (TERMA) مدل CD185-300,کولیس-30سانت-دیجیتال-متال-ترما-terma-مدل-cd185-300,5,TERMA | ترما,,,,CD185-300,CD185-300,CD185-300,generic.v1,PROFILE_MISSING,2,authorized_supplier_price_list,/home/shebahati/KaZar/Product and Data Complete/اندازه گیری/ترما/لیست قیمت ترما +25درصد.pdf,tier1_3_registry_match,16eef2bb037f47484ee99dc0fcaab7d873b12bcbd21f4f18b12ae5e0825ae4ed,CD185-300,BACKFILL_EXACT,
4472,CDA100-150,کولیس 15سانت دیجیتال ترما (TERMA) مدل CDA100-150,کولیس-15سانت-دیجیتال-ترما-terma-مدل-cda100-150,5,TERMA | ترما,,,,CDA100-150,CDA100-150,CDA100-150,generic.v1,PROFILE_MISSING,2,authorized_supplier_price_list,/home/shebahati/KaZar/Product and Data Complete/اندازه گیری/ترما/لیست قیمت ترما +25درصد.pdf,tier1_3_registry_match,16eef2bb037f47484ee99dc0fcaab7d873b12bcbd21f4f18b12ae5e0825ae4ed,CDA100-150,BACKFILL_EXACT,
4473,CDA100-200,کولیس 20سانت دیجیتال ترما (TERMA) مدل CDA100-200,کولیس-20سانت-دیجیتال-ترما-terma-مدل-cda100-200,5,TERMA | ترما,,,,CDA100-200,CDA100-200,CDA100-200,generic.v1,PROFILE_MISSING,2,authorized_supplier_price_list,/home/shebahati/KaZar/Product and Data Complete/اندازه گیری/ترما/لیست قیمت ترما +25درصد.pdf,tier1_3_registry_match,16eef2bb037f47484ee99dc0fcaab7d873b12bcbd21f4f18b12ae5e0825ae4ed,CDA100-200,BACKFILL_EXACT,
4474,CDA100-300,کولیس 30سانت دیجیتال ترما (TERMA) مدل CDA100-300,کولیس-30سانت-دیجیتال-ترما-terma-مدل-cda100-300,5,TERMA | ترما,,,,CDA100-300,CDA100-300,CDA100-300,generic.v1,PROFILE_MISSING,2,authorized_supplier_price_list,/home/shebahati/KaZar/Product and Data Complete/اندازه گیری/ترما/لیست قیمت ترما +25درصد.pdf,tier1_3_registry_match,16eef2bb037f47484ee99dc0fcaab7d873b12bcbd21f4f18b12ae5e0825ae4ed,CDA100-300,BACKFILL_EXACT,
4475,YDA100E-150,کولیس 15سانت دیجیتال شیار ترما (TERMA) مدل YDA100E-150,کولیس-15سانت-دیجیتال-شیار-ترما-terma-مدل-yda100e-150,5,TERMA | ترما,,,,YDA100E-150,YDA100E-150,YDA100E-150,generic.v1,PROFILE_MISSING,2,authorized_supplier_price_list,/home/shebahati/KaZar/Product and Data Complete/اندازه گیری/ترما/لیست قیمت ترما +25درصد.pdf,tier1_3_registry_match,16eef2bb037f47484ee99dc0fcaab7d873b12bcbd21f4f18b12ae5e0825ae4ed,YDA100E-150,BACKFILL_EXACT,
4476,YDA100E-200,کولیس 20سانت دیجیتال شیار ترما (TERMA) مدل YDA100E-200,کولیس-20سانت-دیجیتال-شیار-ترما-terma-مدل-yda100e-200,5,TERMA | ترما,,,,YDA100E-200,YDA100E-200,YDA100E-200,generic.v1,PROFILE_MISSING,2,authorized_supplier_price_list,/home/shebahati/KaZar/Product and Data Complete/اندازه گیری/ترما/لیست قیمت ترما +25درصد.pdf,tier1_3_registry_match,16eef2bb037f47484ee99dc0fcaab7d873b12bcbd21f4f18b12ae5e0825ae4ed,YDA100E-200,BACKFILL_EXACT,
4477,YDA100E-300,کولیس 30سانت دیجیتال شیار ترما (TERMA) مدل YDA100E-300,کولیس-30سانت-دیجیتال-شیار-ترما-terma-مدل-yda100e-300,5,TERMA | ترما,,,,YDA100E-300,YDA100E-300,YDA100E-300,generic.v1,PROFILE_MISSING,2,authorized_supplier_price_list,/home/shebahati/KaZar/Product and Data Complete/اندازه گیری/ترما/لیست قیمت ترما +25درصد.pdf,tier1_3_registry_match,16eef2bb037f47484ee99dc0fcaab7d873b12bcbd21f4f18b12ae5e0825ae4ed,YDA100E-300,BACKFILL_EXACT,
4478,YDA100F-150,کولیس 15سانت دیجیتال شیار ترما (TERMA) مدل YDA100F-150,کولیس-15سانت-دیجیتال-شیار-ترما-terma-مدل-yda100f-150,5,TERMA | ترما,,,,YDA100F-150,YDA100F-150,YDA100F-150,generic.v1,PROFILE_MISSING,2,authorized_supplier_price_list,/home/shebahati/KaZar/Product and Data Complete/اندازه گیری/ترما/لیست قیمت ترما +25درصد.pdf,tier1_3_registry_match,16eef2bb037f47484ee99dc0fcaab7d873b12bcbd21f4f18b12ae5e0825ae4ed,YDA100F-150,BACKFILL_EXACT,
4479,YDA100F-200,کولیس 20سانت دیجیتال شیار ترما (TERMA) مدل YDA100F-200,کولیس-20سانت-دیجیتال-شیار-ترما-terma-مدل-yda100f-200,5,TERMA | ترما,,,,YDA100F-200,YDA100F-200,YDA100F-200,generic.v1,PROFILE_MISSING,2,authorized_supplier_price_list,/home/shebahati/KaZar/Product and Data Complete/اندازه گیری/ترما/لیست قیمت ترما +25درصد.pdf,tier1_3_registry_match,16eef2bb037f47484ee99dc0fcaab7d873b12bcbd21f4f18b12ae5e0825ae4ed,YDA100F-200,BACKFILL_EXACT,
4483,CDE210-150,کولیس 15سانت ساعتی صفحه دیجیتال ترما (TERMA) مدل CDE210-150,کولیس-15سانت-ساعتی-صفحه-دیجیتال-ترما-terma-مدل-cde210-150,5,TERMA | ترما,,,,CDE210-150,CDE210-150,CDE210-150,generic.v1,PROFILE_MISSING,2,authorized_supplier_price_list,/home/shebahati/KaZar/Product and Data Complete/اندازه گیری/ترما/لیست قیمت ترما +25درصد.pdf,tier1_3_registry_match,16eef2bb037f47484ee99dc0fcaab7d873b12bcbd21f4f18b12ae5e0825ae4ed,CDE210-150,BACKFILL_EXACT,
4484,CDE210-200,کولیس 20سانت ساعتی صفحه دیجیتال ترما (TERMA) مدل CDE210-200,کولیس-20سانت-ساعتی-صفحه-دیجیتال-ترما-terma-مدل-cde210-200,5,TERMA | ترما,,,,CDE210-200,CDE210-200,CDE210-200,generic.v1,PROFILE_MISSING,2,authorized_supplier_price_list,/home/shebahati/KaZar/Product and Data Complete/اندازه گیری/ترما/لیست قیمت ترما +25درصد.pdf,tier1_3_registry_match,16eef2bb037f47484ee99dc0fcaab7d873b12bcbd21f4f18b12ae5e0825ae4ed,CDE210-200,BACKFILL_EXACT,
4485,CDE210-300,کولیس 30سانت ساعتی صفحه دیجیتال ترما (TERMA) مدل CDE210-300,کولیس-30سانت-ساعتی-صفحه-دیجیتال-ترما-terma-مدل-cde210-300,5,TERMA | ترما,,,,CDE210-300,CDE210-300,CDE210-300,generic.v1,PROFILE_MISSING,2,authorized_supplier_price_list,/home/shebahati/KaZar/Product and Data Complete/اندازه گیری/ترما/لیست قیمت ترما +25درصد.pdf,tier1_3_registry_match,16eef2bb037f47484ee99dc0fcaab7d873b12bcbd21f4f18b12ae5e0825ae4ed,CDE210-300,BACKFILL_EXACT,
4486,SDA100C-150,عمق سنج 15سانت دیجیتال ترما (TERMA) مدل SDA100C-150,عمق-سنج-15سانت-دیجیتال-ترما-terma-مدل-sda100c-150,5,TERMA | ترما,,,,SDA100C-150,SDA100C-150,SDA100C-150,generic.v1,PROFILE_MISSING,2,authorized_supplier_price_list,/home/shebahati/KaZar/Product and Data Complete/اندازه گیری/ترما/لیست قیمت ترما +25درصد.pdf,tier1_3_registry_match,16eef2bb037f47484ee99dc0fcaab7d873b12bcbd21f4f18b12ae5e0825ae4ed,SDA100C-150,BACKFILL_EXACT,
4487,SDA100C-200,عمق سنج 20سانت دیجیتال ترما (TERMA) مدل SDA100C-200,عمق-سنج-20سانت-دیجیتال-ترما-terma-مدل-sda100c-200,5,TERMA | ترما,,,,SDA100C-200,SDA100C-200,SDA100C-200,generic.v1,PROFILE_MISSING,2,authorized_supplier_price_list,/home/shebahati/KaZar/Product and Data Complete/اندازه گیری/ترما/لیست قیمت ترما +25درصد.pdf,tier1_3_registry_match,16eef2bb037f47484ee99dc0fcaab7d873b12bcbd21f4f18b12ae5e0825ae4ed,SDA100C-200,BACKFILL_EXACT,
4488,SDA100C-300,عمق سنج 30سانت دیجیتال ترما (TERMA) مدل SDA100C-300,عمق-سنج-30سانت-دیجیتال-ترما-terma-مدل-sda100c-300,5,TERMA | ترما,,,,SDA100C-300,SDA100C-300,SDA100C-300,generic.v1,PROFILE_MISSING,2,authorized_supplier_price_list,/home/shebahati/KaZar/Product and Data Complete/اندازه گیری/ترما/لیست قیمت ترما +25درصد.pdf,tier1_3_registry_match,16eef2bb037f47484ee99dc0fcaab7d873b12bcbd21f4f18b12ae5e0825ae4ed,SDA100C-300,BACKFILL_EXACT,
4489,SDA100-150,عمق سنج 15سانت دیجیتال دو لبه ترما (TERMA) مدل SDA100-150,عمق-سنج-15سانت-دیجیتال-دو-لبه-ترما-terma-مدل-sda100-150,5,TERMA | ترما,,,,SDA100-150,SDA100-150,SDA100-150,generic.v1,PROFILE_MISSING,2,authorized_supplier_price_list,/home/shebahati/KaZar/Product and Data Complete/اندازه گیری/ترما/لیست قیمت ترما +25درصد.pdf,tier1_3_registry_match,16eef2bb037f47484ee99dc0fcaab7d873b12bcbd21f4f18b12ae5e0825ae4ed,SDA100-150,BACKFILL_EXACT,
4490,SDA100-200,عمق سنج 20سانت دیجیتال دو لبه ترما (TERMA) مدل SDA100-200,عمق-سنج-20سانت-دیجیتال-دو-لبه-ترما-terma-مدل-sda100-200,5,TERMA | ترما,,,,SDA100-200,SDA100-200,SDA100-200,generic.v1,PROFILE_MISSING,2,authorized_supplier_price_list,/home/shebahati/KaZar/Product and Data Complete/اندازه گیری/ترما/لیست قیمت ترما +25درصد.pdf,tier1_3_registry_match,16eef2bb037f47484ee99dc0fcaab7d873b12bcbd21f4f18b12ae5e0825ae4ed,SDA100-200,BACKFILL_EXACT,
4492,YDA100A-150,کولیس 15سانت دیجیتال ضخامت لوله ترما (TERMA) مدل YDA100A-150,کولیس-15سانت-دیجیتال-ضخامت-لوله-ترما-terma-مدل-yda100a-150,5,TERMA | ترما,,,,YDA100A-150,YDA100A-150,YDA100A-150,generic.v1,PROFILE_MISSING,2,authorized_supplier_price_list,/home/shebahati/KaZar/Product and Data Complete/اندازه گیری/ترما/لیست قیمت ترما +25درصد.pdf,tier1_3_registry_match,16eef2bb037f47484ee99dc0fcaab7d873b12bcbd21f4f18b12ae5e0825ae4ed,YDA100A-150,BACKFILL_EXACT,
4493,YDA100A-200,کولیس 20سانت دیجیتال ضخامت لوله ترما (TERMA) مدل YDA100A-200,کولیس-20سانت-دیجیتال-ضخامت-لوله-ترما-terma-مدل-yda100a-200,5,TERMA | ترما,,,,YDA100A-200,YDA100A-200,YDA100A-200,generic.v1,PROFILE_MISSING,2,authorized_supplier_price_list,/home/shebahati/KaZar/Product and Data Complete/اندازه گیری/ترما/لیست قیمت ترما +25درصد.pdf,tier1_3_registry_match,16eef2bb037f47484ee99dc0fcaab7d873b12bcbd21f4f18b12ae5e0825ae4ed,YDA100A-200,BACKFILL_EXACT,
4494,YDA100A-300,کولیس 30سانت دیجیتال ضخامت لوله ترما (TERMA) مدل YDA100A-300,کولیس-30سانت-دیجیتال-ضخامت-لوله-ترما-terma-مدل-yda100a-300,5,TERMA | ترما,,,,YDA100A-300,YDA100A-300,YDA100A-300,generic.v1,PROFILE_MISSING,2,authorized_supplier_price_list,/home/shebahati/KaZar/Product and Data Complete/اندازه گیری/ترما/لیست قیمت ترما +25درصد.pdf,tier1_3_registry_match,16eef2bb037f47484ee99dc0fcaab7d873b12bcbd21f4f18b12ae5e0825ae4ed,YDA100A-300,BACKFILL_EXACT,
4495,YDA100C-150,کولیس 15دیجیتال شیار داخل ترما (TERMA) مدل YDA100C-150,کولیس-15دیجیتال-شیار-داخل-ترما-terma-مدل-yda100c-150,5,TERMA | ترما,,,,YDA100C-150,YDA100C-150,YDA100C-150,generic.v1,PROFILE_MISSING,2,authorized_supplier_price_list,/home/shebahati/KaZar/Product and Data Complete/اندازه گیری/ترما/لیست قیمت ترما +25درصد.pdf,tier1_3_registry_match,16eef2bb037f47484ee99dc0fcaab7d873b12bcbd21f4f18b12ae5e0825ae4ed,YDA100C-150,BACKFILL_EXACT,
4496,YDA100C-200,کولیس 20سانت شیار داخل ترما (TERMA) مدل YDA100C-200,کولیس-20سانت-شیار-داخل-ترما-terma-مدل-yda100c-200,5,TERMA | ترما,,,,YDA100C-200,YDA100C-200,YDA100C-200,generic.v1,PROFILE_MISSING,2,authorized_supplier_price_list,/home/shebahati/KaZar/Product and Data Complete/اندازه گیری/ترما/لیست قیمت ترما +25درصد.pdf,tier1_3_registry_match,16eef2bb037f47484ee99dc0fcaab7d873b12bcbd21f4f18b12ae5e0825ae4ed,YDA100C-200,BACKFILL_EXACT,
4497,YDA100C-300,کولیس 30سانت شیار داخل ترما (TERMA) مدل YDA100C-300,کولیس-30سانت-شیار-داخل-ترما-terma-مدل-yda100c-300,5,TERMA | ترما,,,,YDA100C-300,YDA100C-300,YDA100C-300,generic.v1,PROFILE_MISSING,2,authorized_supplier_price_list,/home/shebahati/KaZar/Product and Data Complete/اندازه گیری/ترما/لیست قیمت ترما +25درصد.pdf,tier1_3_registry_match,16eef2bb037f47484ee99dc0fcaab7d873b12bcbd21f4f18b12ae5e0825ae4ed,YDA100C-300,BACKFILL_EXACT,
4499,CD950A-300,کولیس 30سانت دیجیتال دوفک فک 9سانت ترما (TERMA) مدل CD950A-300,کولیس-30سانت-دیجیتال-دوفک-فک-9سانت-ترما-terma-مدل-cd950a-300,5,TERMA | ترما,,,,CD950A-300,CD950A-300,CD950A-300,generic.v1,PROFILE_MISSING,2,authorized_supplier_price_list,/home/shebahati/KaZar/Product and Data Complete/اندازه گیری/ترما/لیست قیمت ترما +25درصد.pdf,tier1_3_registry_match,16eef2bb037f47484ee99dc0fcaab7d873b12bcbd21f4f18b12ae5e0825ae4ed,CD950A-300,BACKFILL_EXACT,
4504,CD960A-500,کولیس 50سانت دیجیتال دوفک 15سانت ترما (TERMA) مدل CD960A-500,کولیس-50سانت-دیجیتال-دوفک-15سانت-ترما-terma-مدل-cd960a-500,5,TERMA | ترما,,,,CD960A-500,CD960A-500,CD960A-500,generic.v1,PROFILE_MISSING,2,authorized_supplier_price_list,/home/shebahati/KaZar/Product and Data Complete/اندازه گیری/ترما/لیست قیمت ترما +25درصد.pdf,tier1_3_registry_match,16eef2bb037f47484ee99dc0fcaab7d873b12bcbd21f4f18b12ae5e0825ae4ed,CD960A-500,BACKFILL_EXACT,
4505,CDE930-1000,کولیس 1متری دیجیتال دو فک 20سانت ترما (TERMA) مدل CDE930-1000,کولیس-1متری-دیجیتال-دو-فک-20سانت-ترما-terma-مدل-cde930-1000,5,TERMA | ترما,,,,CDE930-1000,CDE930-1000,CDE930-1000,generic.v1,PROFILE_MISSING,2,authorized_supplier_price_list,/home/shebahati/KaZar/Product and Data Complete/اندازه گیری/ترما/لیست قیمت ترما +25درصد.pdf,tier1_3_registry_match,16eef2bb037f47484ee99dc0fcaab7d873b12bcbd21f4f18b12ae5e0825ae4ed,CDE930-1000,BACKFILL_EXACT,
4506,CA210-150,کولیس 15سانت معمولی ترما (TERMA) مدل CA210-150,کولیس-15سانت-معمولی-ترما-terma-مدل-ca210-150,5,TERMA | ترما,,,,CA210-150,CA210-150,CA210-150,generic.v1,PROFILE_MISSING,2,authorized_supplier_price_list,/home/shebahati/KaZar/Product and Data Complete/اندازه گیری/ترما/لیست قیمت ترما +25درصد.pdf,tier1_3_registry_match,16eef2bb037f47484ee99dc0fcaab7d873b12bcbd21f4f18b12ae5e0825ae4ed,CA210-150,BACKFILL_EXACT,
4507,CA210-200,کولیس 20سانت معمولی ترما (TERMA) مدل CA210-200,کولیس-20سانت-معمولی-ترما-terma-مدل-ca210-200,5,TERMA | ترما,,,,CA210-200,CA210-200,CA210-200,generic.v1,PROFILE_MISSING,2,authorized_supplier_price_list,/home/shebahati/KaZar/Product and Data Complete/اندازه گیری/ترما/لیست قیمت ترما +25درصد.pdf,tier1_3_registry_match,16eef2bb037f47484ee99dc0fcaab7d873b12bcbd21f4f18b12ae5e0825ae4ed,CA210-200,BACKFILL_EXACT,
4508,CA210-300,کولیس 30سانت معمولی ترما (TERMA) مدل CA210-300,کولیس-30سانت-معمولی-ترما-terma-مدل-ca210-300,5,TERMA | ترما,,,,CA210-300,CA210-300,CA210-300,generic.v1,PROFILE_MISSING,2,authorized_supplier_price_list,/home/shebahati/KaZar/Product and Data Complete/اندازه گیری/ترما/لیست قیمت ترما +25درصد.pdf,tier1_3_registry_match,16eef2bb037f47484ee99dc0fcaab7d873b12bcbd21f4f18b12ae5e0825ae4ed,CA210-300,BACKFILL_EXACT,
4509,CA920-500,کولیس 50سانت معمولی مونو بالک ترما (TERMA) مدل CA920-500,کولیس-50سانت-معمولی-مونو-بالک-ترما-terma-مدل-ca920-500,5,TERMA | ترما,,,,CA920-500,CA920-500,CA920-500,generic.v1,PROFILE_MISSING,2,authorized_supplier_price_list,/home/shebahati/KaZar/Product and Data Complete/اندازه گیری/ترما/لیست قیمت ترما +25درصد.pdf,tier1_3_registry_match,16eef2bb037f47484ee99dc0fcaab7d873b12bcbd21f4f18b12ae5e0825ae4ed,CA920-500,BACKFILL_EXACT,
4510,CA920-600,کولیس 60سانت معمولی ترما (TERMA) مدل CA920-600,کولیس-60سانت-معمولی-ترما-terma-مدل-ca920-600,5,TERMA | ترما,,,,CA920-600,CA920-600,CA920-600,generic.v1,PROFILE_MISSING,2,authorized_supplier_price_list,/home/shebahati/KaZar/Product and Data Complete/اندازه گیری/ترما/لیست قیمت ترما +25درصد.pdf,tier1_3_registry_match,16eef2bb037f47484ee99dc0fcaab7d873b12bcbd21f4f18b12ae5e0825ae4ed,CA920-600,BACKFILL_EXACT,
4511,IDE111N-100,ساعت اندیکاتور 10سانت دیجیتال دقت 0.01 ترما (TERMA) مدل IDE111N-100,ساعت-اندیکاتور-10سانت-دیجیتال-دقت-001-ترما-terma-مدل-ide111n-100,5,TERMA | ترما,,,,IDE111N-100,IDE111N-100,IDE111N-100,generic.v1,PROFILE_MISSING,2,authorized_supplier_price_list,/home/shebahati/KaZar/Product and Data Complete/اندازه گیری/ترما/لیست قیمت ترما +25درصد.pdf,tier1_3_registry_match,16eef2bb037f47484ee99dc0fcaab7d873b12bcbd21f4f18b12ae5e0825ae4ed,IDE111N-100,BACKFILL_EXACT,
4512,IDE111M-12,ساعت اندیکاتور 12.7دیجیتال دقت 0.001 ترما (TERMA) مدل IDE111M-12,ساعت-اندیکاتور-127دیجیتال-دقت-0001-ترما-terma-مدل-ide111m-12,5,TERMA | ترما,,,,IDE111M-12,IDE111M-12,IDE111M-12,generic.v1,PROFILE_MISSING,2,authorized_supplier_price_list,/home/shebahati/KaZar/Product and Data Complete/اندازه گیری/ترما/لیست قیمت ترما +25درصد.pdf,tier1_3_registry_match,16eef2bb037f47484ee99dc0fcaab7d873b12bcbd21f4f18b12ae5e0825ae4ed,IDE111M-12,BACKFILL_EXACT,
4513,IDE111N-12,ساعت اندیکاتور 12.7دیجیتال دقت 0.01 ترما (TERMA) مدل IDE111N-12,ساعت-اندیکاتور-127دیجیتال-دقت-001-ترما-terma-مدل-ide111n-12,5,TERMA | ترما,,,,IDE111N-12,IDE111N-12,IDE111N-12,generic.v1,PROFILE_MISSING,2,authorized_supplier_price_list,/home/shebahati/KaZar/Product and Data Complete/اندازه گیری/ترما/لیست قیمت ترما +25درصد.pdf,tier1_3_registry_match,16eef2bb037f47484ee99dc0fcaab7d873b12bcbd21f4f18b12ae5e0825ae4ed,IDE111N-12,BACKFILL_EXACT,
4514,IDE110M-12,ساعت اندیکاتور 12.7دیجیتال دقت 0.001 ترما (TERMA) مدل IDE110M-12,ساعت-اندیکاتور-127دیجیتال-دقت-0001-ترما-terma-مدل-ide110m-12,5,TERMA | ترما,,,,IDE110M-12,IDE110M-12,IDE110M-12,generic.v1,PROFILE_MISSING,2,authorized_supplier_price_list,/home/shebahati/KaZar/Product and Data Complete/اندازه گیری/ترما/لیست قیمت ترما +25درصد.pdf,tier1_3_registry_match,16eef2bb037f47484ee99dc0fcaab7d873b12bcbd21f4f18b12ae5e0825ae4ed,IDE110M-12,BACKFILL_EXACT,
4515,IDE110N-12,ساعت اندیکاتور 12.7دیجیتال دقت 0.01 ترما (TERMA) مدل IDE110N-12,ساعت-اندیکاتور-127دیجیتال-دقت-001-ترما-terma-مدل-ide110n-12,5,TERMA | ترما,,,,IDE110N-12,IDE110N-12,IDE110N-12,generic.v1,PROFILE_MISSING,2,authorized_supplier_price_list,/home/shebahati/KaZar/Product and Data Complete/اندازه گیری/ترما/لیست قیمت ترما +25درصد.pdf,tier1_3_registry_match,16eef2bb037f47484ee99dc0fcaab7d873b12bcbd21f4f18b12ae5e0825ae4ed,IDE110N-12,BACKFILL_EXACT,
4516,IDA910-10,ساعت اندیکاتور 12.7دیجیتال هفت دکمه 0.001 ترما (TERMA) مدل IDA910-10,ساعت-اندیکاتور-127دیجیتال-هفت-دکمه-0001-ترما-terma-مدل-ida910-10,5,TERMA | ترما,,,,IDA910-10,IDA910-10,IDA910-10,generic.v1,PROFILE_MISSING,2,authorized_supplier_price_list,/home/shebahati/KaZar/Product and Data Complete/اندازه گیری/ترما/لیست قیمت ترما +25درصد.pdf,tier1_3_registry_match,16eef2bb037f47484ee99dc0fcaab7d873b12bcbd21f4f18b12ae5e0825ae4ed,IDA910-10,BACKFILL_EXACT,
4517,IDA910N-10,ساعت اندیکاتور 12.7دیجیتال هفت دکمه 0.01 ترما (TERMA) مدل IDA910N-10,ساعت-اندیکاتور-127دیجیتال-هفت-دکمه-001-ترما-terma-مدل-ida910n-10,5,TERMA | ترما,,,,IDA910N-10,IDA910N-10,IDA910N-10,generic.v1,PROFILE_MISSING,2,authorized_supplier_price_list,/home/shebahati/KaZar/Product and Data Complete/اندازه گیری/ترما/لیست قیمت ترما +25درصد.pdf,tier1_3_registry_match,16eef2bb037f47484ee99dc0fcaab7d873b12bcbd21f4f18b12ae5e0825ae4ed,IDA910N-10,BACKFILL_EXACT,
4518,IDA920N,ساعت اندیکاتور 12.7دیجیتال 0.01 ترما (TERMA) مدل IDA920N,ساعت-اندیکاتور-127دیجیتال-001-ترما-terma-مدل-ida920n,5,TERMA | ترما,,,,IDA920N,IDA920N,IDA920N,generic.v1,PROFILE_MISSING,2,authorized_supplier_price_list,/home/shebahati/KaZar/Product and Data Complete/اندازه گیری/ترما/لیست قیمت ترما +25درصد.pdf,tier1_3_registry_match,16eef2bb037f47484ee99dc0fcaab7d873b12bcbd21f4f18b12ae5e0825ae4ed,IDA920N,BACKFILL_EXACT,
4521,IDE111M-25,ساعت اندیکاتوردیجیتال کورس 25دقت 0.001 ترما (TERMA) مدل IDE111M-25,ساعت-اندیکاتوردیجیتال-کورس-25دقت-0001-ترما-terma-مدل-ide111m-25,5,TERMA | ترما,,,,IDE111M-25,IDE111M-25,IDE111M-25,generic.v1,PROFILE_MISSING,2,authorized_supplier_price_list,/home/shebahati/KaZar/Product and Data Complete/اندازه گیری/ترما/لیست قیمت ترما +25درصد.pdf,tier1_3_registry_match,16eef2bb037f47484ee99dc0fcaab7d873b12bcbd21f4f18b12ae5e0825ae4ed,IDE111M-25,BACKFILL_EXACT,
4522,IDE111M-50,ساعت اندیکاتوردیجیتال کورس 50دقت 0.001 ترما (TERMA) مدل IDE111M-50,ساعت-اندیکاتوردیجیتال-کورس-50دقت-0001-ترما-terma-مدل-ide111m-50,5,TERMA | ترما,,,,IDE111M-50,IDE111M-50,IDE111M-50,generic.v1,PROFILE_MISSING,2,authorized_supplier_price_list,/home/shebahati/KaZar/Product and Data Complete/اندازه گیری/ترما/لیست قیمت ترما +25درصد.pdf,tier1_3_registry_match,16eef2bb037f47484ee99dc0fcaab7d873b12bcbd21f4f18b12ae5e0825ae4ed,IDE111M-50,BACKFILL_EXACT,
4523,IDE111M-100,ساعت اندیکاتور کورس 100دقت 0.001 ترما (TERMA) مدل IDE111M-100,ساعت-اندیکاتور-کورس-100دقت-0001-ترما-terma-مدل-ide111m-100,5,TERMA | ترما,,,,IDE111M-100,IDE111M-100,IDE111M-100,generic.v1,PROFILE_MISSING,2,authorized_supplier_price_list,/home/shebahati/KaZar/Product and Data Complete/اندازه گیری/ترما/لیست قیمت ترما +25درصد.pdf,tier1_3_registry_match,16eef2bb037f47484ee99dc0fcaab7d873b12bcbd21f4f18b12ae5e0825ae4ed,IDE111M-100,BACKFILL_EXACT,
4524,IDE111N-25,ساعت اندیکاتور کورس 25دقت 0.01 ترما (TERMA) مدل IDE111N-25,ساعت-اندیکاتور-کورس-25دقت-001-ترما-terma-مدل-ide111n-25,5,TERMA | ترما,,,,IDE111N-25,IDE111N-25,IDE111N-25,generic.v1,PROFILE_MISSING,2,authorized_supplier_price_list,/home/shebahati/KaZar/Product and Data Complete/اندازه گیری/ترما/لیست قیمت ترما +25درصد.pdf,tier1_3_registry_match,16eef2bb037f47484ee99dc0fcaab7d873b12bcbd21f4f18b12ae5e0825ae4ed,IDE111N-25,BACKFILL_EXACT,
4525,IDE111N-50,ساعت اندیکاتور کورس 50دقت 0.01 ترما (TERMA) مدل IDE111N-50,ساعت-اندیکاتور-کورس-50دقت-001-ترما-terma-مدل-ide111n-50,5,TERMA | ترما,,,,IDE111N-50,IDE111N-50,IDE111N-50,generic.v1,PROFILE_MISSING,2,authorized_supplier_price_list,/home/shebahati/KaZar/Product and Data Complete/اندازه گیری/ترما/لیست قیمت ترما +25درصد.pdf,tier1_3_registry_match,16eef2bb037f47484ee99dc0fcaab7d873b12bcbd21f4f18b12ae5e0825ae4ed,IDE111N-50,BACKFILL_EXACT,
4526,IDA910N-25,ساعت اندیکاتوردیجیتال کورس 25دقت 0.01 ترما (TERMA) مدل IDA910N-25,ساعت-اندیکاتوردیجیتال-کورس-25دقت-001-ترما-terma-مدل-ida910n-25,5,TERMA | ترما,,,,IDA910N-25,IDA910N-25,IDA910N-25,generic.v1,PROFILE_MISSING,2,authorized_supplier_price_list,/home/shebahati/KaZar/Product and Data Complete/اندازه گیری/ترما/لیست قیمت ترما +25درصد.pdf,tier1_3_registry_match,16eef2bb037f47484ee99dc0fcaab7d873b12bcbd21f4f18b12ae5e0825ae4ed,IDA910N-25,BACKFILL_EXACT,
4527,IDA910N-50,ساعت اندیکاتور دیجیتال کورس 50دقت 0.01 ترما (TERMA) مدل IDA910N-50,ساعت-اندیکاتور-دیجیتال-کورس-50دقت-001-ترما-terma-مدل-ida910n-50,5,TERMA | ترما,,,,IDA910N-50,IDA910N-50,IDA910N-50,generic.v1,PROFILE_MISSING,2,authorized_supplier_price_list,/home/shebahati/KaZar/Product and Data Complete/اندازه گیری/ترما/لیست قیمت ترما +25درصد.pdf,tier1_3_registry_match,16eef2bb037f47484ee99dc0fcaab7d873b12bcbd21f4f18b12ae5e0825ae4ed,IDA910N-50,BACKFILL_EXACT,
4528,TB210,ضخامت سنج ساعتی دقت 0.01 ترما (TERMA) مدل TB210,ضخامت-سنج-ساعتی-دقت-001-ترما-terma-مدل-tb210,5,TERMA | ترما,,,,TB210,TB210,TB210,generic.v1,PROFILE_MISSING,2,authorized_supplier_price_list,/home/shebahati/KaZar/Product and Data Complete/اندازه گیری/ترما/لیست قیمت ترما +25درصد.pdf,tier1_3_registry_match,16eef2bb037f47484ee99dc0fcaab7d873b12bcbd21f4f18b12ae5e0825ae4ed,TB210,BACKFILL_EXACT,
4529,IB210N,ساعت اندیکاتور دقت 0.01 ترما (TERMA) مدل IB210N,ساعت-اندیکاتور-دقت-001-ترما-terma-مدل-ib210n,5,TERMA | ترما,,,,IB210N,IB210N,IB210N,generic.v1,PROFILE_MISSING,2,authorized_supplier_price_list,/home/shebahati/KaZar/Product and Data Complete/اندازه گیری/ترما/لیست قیمت ترما +25درصد.pdf,tier1_3_registry_match,16eef2bb037f47484ee99dc0fcaab7d873b12bcbd21f4f18b12ae5e0825ae4ed,IB210N,BACKFILL_EXACT,
4530,IB210M,ساعت اندیکاتور دقت 0.001 ترما (TERMA) مدل IB210M,ساعت-اندیکاتور-دقت-0001-ترما-terma-مدل-ib210m,5,TERMA | ترما,,,,IB210M,IB210M,IB210M,generic.v1,PROFILE_MISSING,2,authorized_supplier_price_list,/home/shebahati/KaZar/Product and Data Complete/اندازه گیری/ترما/لیست قیمت ترما +25درصد.pdf,tier1_3_registry_match,16eef2bb037f47484ee99dc0fcaab7d873b12bcbd21f4f18b12ae5e0825ae4ed,IB210M,BACKFILL_EXACT,
4531,IB220N,ساعت شیطانکی دقت 0.01 ترما (TERMA) مدل IB220N,ساعت-شیطانکی-دقت-001-ترما-terma-مدل-ib220n,5,TERMA | ترما,,,,IB220N,IB220N,IB220N,generic.v1,PROFILE_MISSING,2,authorized_supplier_price_list,/home/shebahati/KaZar/Product and Data Complete/اندازه گیری/ترما/لیست قیمت ترما +25درصد.pdf,tier1_3_registry_match,16eef2bb037f47484ee99dc0fcaab7d873b12bcbd21f4f18b12ae5e0825ae4ed,IB220N,BACKFILL_EXACT,
4552,CD520D,کولیس 0-80دیجیتال دیسک ترما (TERMA) مدل CD520D,کولیس-0-80دیجیتال-دیسک-ترما-terma-مدل-cd520d,5,TERMA | ترما,,,,CD520D,CD520D,CD520D,generic.v1,PROFILE_MISSING,2,authorized_supplier_price_list,/home/shebahati/KaZar/Product and Data Complete/اندازه گیری/ترما/لیست قیمت ترما +25درصد.pdf,tier1_3_registry_match,16eef2bb037f47484ee99dc0fcaab7d873b12bcbd21f4f18b12ae5e0825ae4ed,CD520D,BACKFILL_EXACT,
4553,CD580D,کولیس 0-80دیجیتال دیسک ترما (TERMA) مدل CD580D,کولیس-0-80دیجیتال-دیسک-ترما-terma-مدل-cd580d,5,TERMA | ترما,,,,CD580D,CD580D,CD580D,generic.v1,PROFILE_MISSING,2,authorized_supplier_price_list,/home/shebahati/KaZar/Product and Data Complete/اندازه گیری/ترما/لیست قیمت ترما +25درصد.pdf,tier1_3_registry_match,16eef2bb037f47484ee99dc0fcaab7d873b12bcbd21f4f18b12ae5e0825ae4ed,CD580D,BACKFILL_EXACT,
4554,DG950,کولیس دیجیتال 100-500دروم ترما (TERMA) مدل DG950,کولیس-دیجیتال-100-500دروم-ترما-terma-مدل-dg950,5,TERMA | ترما,,,,DG950,DG950,DG950,generic.v1,PROFILE_MISSING,2,authorized_supplier_price_list,/home/shebahati/KaZar/Product and Data Complete/اندازه گیری/ترما/لیست قیمت ترما +25درصد.pdf,tier1_3_registry_match,16eef2bb037f47484ee99dc0fcaab7d873b12bcbd21f4f18b12ae5e0825ae4ed,DG950,BACKFILL_EXACT,
4555,DG950B,کولیس دیجیتال 50-400دروم ترما (TERMA) مدل DG950B,کولیس-دیجیتال-50-400دروم-ترما-terma-مدل-dg950b,5,TERMA | ترما,,,,DG950B,DG950B,DG950B,generic.v1,PROFILE_MISSING,2,authorized_supplier_price_list,/home/shebahati/KaZar/Product and Data Complete/اندازه گیری/ترما/لیست قیمت ترما +25درصد.pdf,tier1_3_registry_match,16eef2bb037f47484ee99dc0fcaab7d873b12bcbd21f4f18b12ae5e0825ae4ed,DG950B,BACKFILL_EXACT,
4556,HD220-300,کولیس پایه دار 30سانت دیجیتال دو محور ترما (TERMA) مدل HD220-300,کولیس-پایه-دار-30سانت-دیجیتال-دو-محور-ترما-terma-مدل-hd220-300,5,TERMA | ترما,,,,HD220-300,HD220-300,HD220-300,generic.v1,PROFILE_MISSING,2,authorized_supplier_price_list,/home/shebahati/KaZar/Product and Data Complete/اندازه گیری/ترما/لیست قیمت ترما +25درصد.pdf,tier1_3_registry_match,16eef2bb037f47484ee99dc0fcaab7d873b12bcbd21f4f18b12ae5e0825ae4ed,HD220-300,BACKFILL_EXACT,
4557,HD220-600,کولیس پایه دار 60سانت دیجیتال دو محور ترما (TERMA) مدل HD220-600,کولیس-پایه-دار-60سانت-دیجیتال-دو-محور-ترما-terma-مدل-hd220-600,5,TERMA | ترما,,,,HD220-600,HD220-600,HD220-600,generic.v1,PROFILE_MISSING,2,authorized_supplier_price_list,/home/shebahati/KaZar/Product and Data Complete/اندازه گیری/ترما/لیست قیمت ترما +25درصد.pdf,tier1_3_registry_match,16eef2bb037f47484ee99dc0fcaab7d873b12bcbd21f4f18b12ae5e0825ae4ed,HD220-600,BACKFILL_EXACT,
4558,HDE650-300,کولیس پایه دار 30سانت دیجیتال تک محور ترما (TERMA) مدل HDE650-300,کولیس-پایه-دار-30سانت-دیجیتال-تک-محور-ترما-terma-مدل-hde650-300,5,TERMA | ترما,,,,HDE650-300,HDE650-300,HDE650-300,generic.v1,PROFILE_MISSING,2,authorized_supplier_price_list,/home/shebahati/KaZar/Product and Data Complete/اندازه گیری/ترما/لیست قیمت ترما +25درصد.pdf,tier1_3_registry_match,16eef2bb037f47484ee99dc0fcaab7d873b12bcbd21f4f18b12ae5e0825ae4ed,HDE650-300,BACKFILL_EXACT,
4559,HDE650-600,کولیس پایه دار 60سانت دیجیتال تک محور ترما (TERMA) مدل HDE650-600,کولیس-پایه-دار-60سانت-دیجیتال-تک-محور-ترما-terma-مدل-hde650-600,5,TERMA | ترما,,,,HDE650-600,HDE650-600,HDE650-600,generic.v1,PROFILE_MISSING,2,authorized_supplier_price_list,/home/shebahati/KaZar/Product and Data Complete/اندازه گیری/ترما/لیست قیمت ترما +25درصد.pdf,tier1_3_registry_match,16eef2bb037f47484ee99dc0fcaab7d873b12bcbd21f4f18b12ae5e0825ae4ed,HDE650-600,BACKFILL_EXACT,
4560,HDA620-300,کولیس پایه دار 30سانت دیجیتال بدون اهرم ترما (TERMA) مدل HDA620-300,کولیس-پایه-دار-30سانت-دیجیتال-بدون-اهرم-ترما-terma-مدل-hda620-300,5,TERMA | ترما,,,,HDA620-300,HDA620-300,HDA620-300,generic.v1,PROFILE_MISSING,2,authorized_supplier_price_list,/home/shebahati/KaZar/Product and Data Complete/اندازه گیری/ترما/لیست قیمت ترما +25درصد.pdf,tier1_3_registry_match,16eef2bb037f47484ee99dc0fcaab7d873b12bcbd21f4f18b12ae5e0825ae4ed,HDA620-300,BACKFILL_EXACT,
4561,MD310-25,میکرومتر 0-25دیجیتال ترما (TERMA) مدل MD310-25,میکرومتر-0-25دیجیتال-ترما-terma-مدل-md310-25,5,TERMA | ترما,,,,MD310-25,MD310-25,MD310-25,generic.v1,PROFILE_MISSING,2,authorized_supplier_price_list,/home/shebahati/KaZar/Product and Data Complete/اندازه گیری/ترما/لیست قیمت ترما +25درصد.pdf,tier1_3_registry_match,16eef2bb037f47484ee99dc0fcaab7d873b12bcbd21f4f18b12ae5e0825ae4ed,MD310-25,BACKFILL_EXACT,
4562,MD310-50,میکرومتر 25-50دیجیتال ترما (TERMA) مدل MD310-50,میکرومتر-25-50دیجیتال-ترما-terma-مدل-md310-50,5,TERMA | ترما,,,,MD310-50,MD310-50,MD310-50,generic.v1,PROFILE_MISSING,2,authorized_supplier_price_list,/home/shebahati/KaZar/Product and Data Complete/اندازه گیری/ترما/لیست قیمت ترما +25درصد.pdf,tier1_3_registry_match,16eef2bb037f47484ee99dc0fcaab7d873b12bcbd21f4f18b12ae5e0825ae4ed,MD310-50,BACKFILL_EXACT,
4563,MD310-75,میکرومتر 50-75دیجیتال ترما (TERMA) مدل MD310-75,میکرومتر-50-75دیجیتال-ترما-terma-مدل-md310-75,5,TERMA | ترما,,,,MD310-75,MD310-75,MD310-75,generic.v1,PROFILE_MISSING,2,authorized_supplier_price_list,/home/shebahati/KaZar/Product and Data Complete/اندازه گیری/ترما/لیست قیمت ترما +25درصد.pdf,tier1_3_registry_match,16eef2bb037f47484ee99dc0fcaab7d873b12bcbd21f4f18b12ae5e0825ae4ed,MD310-75,BACKFILL_EXACT,
4564,MD310-100,میکرومتر 75-100دیجیتال ترما (TERMA) مدل MD310-100,میکرومتر-75-100دیجیتال-ترما-terma-مدل-md310-100,5,TERMA | ترما,,,,MD310-100,MD310-100,MD310-100,generic.v1,PROFILE_MISSING,2,authorized_supplier_price_list,/home/shebahati/KaZar/Product and Data Complete/اندازه گیری/ترما/لیست قیمت ترما +25درصد.pdf,tier1_3_registry_match,16eef2bb037f47484ee99dc0fcaab7d873b12bcbd21f4f18b12ae5e0825ae4ed,MD310-100,BACKFILL_EXACT,
4565,MD730-25,میکرومتر 0-25دیجیتال ترما (TERMA) مدل MD730-25,میکرومتر-0-25دیجیتال-ترما-terma-مدل-md730-25,5,TERMA | ترما,,,,MD730-25,MD730-25,MD730-25,generic.v1,PROFILE_MISSING,2,authorized_supplier_price_list,/home/shebahati/KaZar/Product and Data Complete/اندازه گیری/ترما/لیست قیمت ترما +25درصد.pdf,tier1_3_registry_match,16eef2bb037f47484ee99dc0fcaab7d873b12bcbd21f4f18b12ae5e0825ae4ed,MD730-25,BACKFILL_EXACT,
4566,MD730-50,میکرومتر 25-50دیجیتال ترما (TERMA) مدل MD730-50,میکرومتر-25-50دیجیتال-ترما-terma-مدل-md730-50,5,TERMA | ترما,,,,MD730-50,MD730-50,MD730-50,generic.v1,PROFILE_MISSING,2,authorized_supplier_price_list,/home/shebahati/KaZar/Product and Data Complete/اندازه گیری/ترما/لیست قیمت ترما +25درصد.pdf,tier1_3_registry_match,16eef2bb037f47484ee99dc0fcaab7d873b12bcbd21f4f18b12ae5e0825ae4ed,MD730-50,BACKFILL_EXACT,
4567,MD730-75,میکرومتر 50-75دیجیتال ترما (TERMA) مدل MD730-75,میکرومتر-50-75دیجیتال-ترما-terma-مدل-md730-75,5,TERMA | ترما,,,,MD730-75,MD730-75,MD730-75,generic.v1,PROFILE_MISSING,2,authorized_supplier_price_list,/home/shebahati/KaZar/Product and Data Complete/اندازه گیری/ترما/لیست قیمت ترما +25درصد.pdf,tier1_3_registry_match,16eef2bb037f47484ee99dc0fcaab7d873b12bcbd21f4f18b12ae5e0825ae4ed,MD730-75,BACKFILL_EXACT,
4568,MD730-100,میکرومتر 75-100دیجیتال ترما (TERMA) مدل MD730-100,میکرومتر-75-100دیجیتال-ترما-terma-مدل-md730-100,5,TERMA | ترما,,,,MD730-100,MD730-100,MD730-100,generic.v1,PROFILE_MISSING,2,authorized_supplier_price_list,/home/shebahati/KaZar/Product and Data Complete/اندازه گیری/ترما/لیست قیمت ترما +25درصد.pdf,tier1_3_registry_match,16eef2bb037f47484ee99dc0fcaab7d873b12bcbd21f4f18b12ae5e0825ae4ed,MD730-100,BACKFILL_EXACT,
4569,MD730-125,میکرومتر 100-125دیجیتال ترما (TERMA) مدل MD730-125,میکرومتر-100-125دیجیتال-ترما-terma-مدل-md730-125,5,TERMA | ترما,,,,MD730-125,MD730-125,MD730-125,generic.v1,PROFILE_MISSING,2,authorized_supplier_price_list,/home/shebahati/KaZar/Product and Data Complete/اندازه گیری/ترما/لیست قیمت ترما +25درصد.pdf,tier1_3_registry_match,16eef2bb037f47484ee99dc0fcaab7d873b12bcbd21f4f18b12ae5e0825ae4ed,MD730-125,BACKFILL_EXACT,
4570,MDD730-150,میکرومتر 125-150 ترما (TERMA) مدل MDD730-150,میکرومتر-125-150-ترما-terma-مدل-mdd730-150,5,TERMA | ترما,,,,MDD730-150,MDD730-150,MDD730-150,generic.v1,PROFILE_MISSING,2,authorized_supplier_price_list,/home/shebahati/KaZar/Product and Data Complete/اندازه گیری/ترما/لیست قیمت ترما +25درصد.pdf,tier1_3_registry_match,16eef2bb037f47484ee99dc0fcaab7d873b12bcbd21f4f18b12ae5e0825ae4ed,MDD730-150,BACKFILL_EXACT,
4572,MD730B-25,میکرومتر 0-25دیجیتال سوزنی ترما (TERMA) مدل MD730B-25,میکرومتر-0-25دیجیتال-سوزنی-ترما-terma-مدل-md730b-25,5,TERMA | ترما,,,,MD730B-25,MD730B-25,MD730B-25,generic.v1,PROFILE_MISSING,2,authorized_supplier_price_list,/home/shebahati/KaZar/Product and Data Complete/اندازه گیری/ترما/لیست قیمت ترما +25درصد.pdf,tier1_3_registry_match,16eef2bb037f47484ee99dc0fcaab7d873b12bcbd21f4f18b12ae5e0825ae4ed,MD730B-25,BACKFILL_EXACT,
4573,MD730C-25,میکرومتر 0-25دیجیتال پله ایی ترما (TERMA) مدل MD730C-25,میکرومتر-0-25دیجیتال-پله-ایی-ترما-terma-مدل-md730c-25,5,TERMA | ترما,,,,MD730C-25,MD730C-25,MD730C-25,generic.v1,PROFILE_MISSING,2,authorized_supplier_price_list,/home/shebahati/KaZar/Product and Data Complete/اندازه گیری/ترما/لیست قیمت ترما +25درصد.pdf,tier1_3_registry_match,16eef2bb037f47484ee99dc0fcaab7d873b12bcbd21f4f18b12ae5e0825ae4ed,MD730C-25,BACKFILL_EXACT,
4574,MD730D-25,میکرومتر 0-25دیجیتال سوزنی ترما (TERMA) مدل MD730D-25,میکرومتر-0-25دیجیتال-سوزنی-ترما-terma-مدل-md730d-25,5,TERMA | ترما,,,,MD730D-25,MD730D-25,MD730D-25,generic.v1,PROFILE_MISSING,2,authorized_supplier_price_list,/home/shebahati/KaZar/Product and Data Complete/اندازه گیری/ترما/لیست قیمت ترما +25درصد.pdf,tier1_3_registry_match,16eef2bb037f47484ee99dc0fcaab7d873b12bcbd21f4f18b12ae5e0825ae4ed,MD730D-25,BACKFILL_EXACT,
4575,MD730F-25,میکرومتر 0-25دیجیتال فک پیچ گوشتی ترما (TERMA) مدل MD730F-25,میکرومتر-0-25دیجیتال-فک-پیچ-گوشتی-ترما-terma-مدل-md730f-25,5,TERMA | ترما,,,,MD730F-25,MD730F-25,MD730F-25,generic.v1,PROFILE_MISSING,2,authorized_supplier_price_list,/home/shebahati/KaZar/Product and Data Complete/اندازه گیری/ترما/لیست قیمت ترما +25درصد.pdf,tier1_3_registry_match,16eef2bb037f47484ee99dc0fcaab7d873b12bcbd21f4f18b12ae5e0825ae4ed,MD730F-25,BACKFILL_EXACT,
4576,MD730G-25,میکرومتر 0-25دیجیتال بشقابی ترما (TERMA) مدل MD730G-25,میکرومتر-0-25دیجیتال-بشقابی-ترما-terma-مدل-md730g-25,5,TERMA | ترما,,,,MD730G-25,MD730G-25,MD730G-25,generic.v1,PROFILE_MISSING,2,authorized_supplier_price_list,/home/shebahati/KaZar/Product and Data Complete/اندازه گیری/ترما/لیست قیمت ترما +25درصد.pdf,tier1_3_registry_match,16eef2bb037f47484ee99dc0fcaab7d873b12bcbd21f4f18b12ae5e0825ae4ed,MD730G-25,BACKFILL_EXACT,
4577,MD710DD-150,میکرومتر عمق سنج 150دیجیتال ترما (TERMA) مدل MD710DD-150,میکرومتر-عمق-سنج-150دیجیتال-ترما-terma-مدل-md710dd-150,5,TERMA | ترما,,,,MD710DD-150,MD710DD-150,MD710DD-150,generic.v1,PROFILE_MISSING,2,authorized_supplier_price_list,/home/shebahati/KaZar/Product and Data Complete/اندازه گیری/ترما/لیست قیمت ترما +25درصد.pdf,tier1_3_registry_match,16eef2bb037f47484ee99dc0fcaab7d873b12bcbd21f4f18b12ae5e0825ae4ed,MD710DD-150,BACKFILL_EXACT,
4578,MA210-25,میکرومتر 0-25معمولی ترما (TERMA) مدل MA210-25,میکرومتر-0-25معمولی-ترما-terma-مدل-ma210-25,5,TERMA | ترما,,,,MA210-25,MA210-25,MA210-25,generic.v1,PROFILE_MISSING,2,authorized_supplier_price_list,/home/shebahati/KaZar/Product and Data Complete/اندازه گیری/ترما/لیست قیمت ترما +25درصد.pdf,tier1_3_registry_match,16eef2bb037f47484ee99dc0fcaab7d873b12bcbd21f4f18b12ae5e0825ae4ed,MA210-25,BACKFILL_EXACT,
4579,MA210-50,میکرومتر 25-50معمولی ترما (TERMA) مدل MA210-50,میکرومتر-25-50معمولی-ترما-terma-مدل-ma210-50,5,TERMA | ترما,,,,MA210-50,MA210-50,MA210-50,generic.v1,PROFILE_MISSING,2,authorized_supplier_price_list,/home/shebahati/KaZar/Product and Data Complete/اندازه گیری/ترما/لیست قیمت ترما +25درصد.pdf,tier1_3_registry_match,16eef2bb037f47484ee99dc0fcaab7d873b12bcbd21f4f18b12ae5e0825ae4ed,MA210-50,BACKFILL_EXACT,
4580,MA210-75,میکرومتر 50-75معمولی ترما (TERMA) مدل MA210-75,میکرومتر-50-75معمولی-ترما-terma-مدل-ma210-75,5,TERMA | ترما,,,,MA210-75,MA210-75,MA210-75,generic.v1,PROFILE_MISSING,2,authorized_supplier_price_list,/home/shebahati/KaZar/Product and Data Complete/اندازه گیری/ترما/لیست قیمت ترما +25درصد.pdf,tier1_3_registry_match,16eef2bb037f47484ee99dc0fcaab7d873b12bcbd21f4f18b12ae5e0825ae4ed,MA210-75,BACKFILL_EXACT,
4581,MA210-100,میکرومتر 75-100معمولی ترما (TERMA) مدل MA210-100,میکرومتر-75-100معمولی-ترما-terma-مدل-ma210-100,5,TERMA | ترما,,,,MA210-100,MA210-100,MA210-100,generic.v1,PROFILE_MISSING,2,authorized_supplier_price_list,/home/shebahati/KaZar/Product and Data Complete/اندازه گیری/ترما/لیست قیمت ترما +25درصد.pdf,tier1_3_registry_match,16eef2bb037f47484ee99dc0fcaab7d873b12bcbd21f4f18b12ae5e0825ae4ed,MA210-100,BACKFILL_EXACT,
4582,MA210-125,میکرومتر 100-125معمولی ترما (TERMA) مدل MA210-125,میکرومتر-100-125معمولی-ترما-terma-مدل-ma210-125,5,TERMA | ترما,,,,MA210-125,MA210-125,MA210-125,generic.v1,PROFILE_MISSING,2,authorized_supplier_price_list,/home/shebahati/KaZar/Product and Data Complete/اندازه گیری/ترما/لیست قیمت ترما +25درصد.pdf,tier1_3_registry_match,16eef2bb037f47484ee99dc0fcaab7d873b12bcbd21f4f18b12ae5e0825ae4ed,MA210-125,BACKFILL_EXACT,
4583,MA210-150,میکرومتر 125-150معمولی ترما (TERMA) مدل MA210-150,میکرومتر-125-150معمولی-ترما-terma-مدل-ma210-150,5,TERMA | ترما,,,,MA210-150,MA210-150,MA210-150,generic.v1,PROFILE_MISSING,2,authorized_supplier_price_list,/home/shebahati/KaZar/Product and Data Complete/اندازه گیری/ترما/لیست قیمت ترما +25درصد.pdf,tier1_3_registry_match,16eef2bb037f47484ee99dc0fcaab7d873b12bcbd21f4f18b12ae5e0825ae4ed,MA210-150,BACKFILL_EXACT,
4584,MA220-25,میکرومتر 0-25معمولی ترما (TERMA) مدل MA220-25,میکرومتر-0-25معمولی-ترما-terma-مدل-ma220-25,5,TERMA | ترما,,,,MA220-25,MA220-25,MA220-25,generic.v1,PROFILE_MISSING,2,authorized_supplier_price_list,/home/shebahati/KaZar/Product and Data Complete/اندازه گیری/ترما/لیست قیمت ترما +25درصد.pdf,tier1_3_registry_match,16eef2bb037f47484ee99dc0fcaab7d873b12bcbd21f4f18b12ae5e0825ae4ed,MA220-25,BACKFILL_EXACT,
4585,MA220-50,میکرومتر 25-50معمولی ترما (TERMA) مدل MA220-50,میکرومتر-25-50معمولی-ترما-terma-مدل-ma220-50,5,TERMA | ترما,,,,MA220-50,MA220-50,MA220-50,generic.v1,PROFILE_MISSING,2,authorized_supplier_price_list,/home/shebahati/KaZar/Product and Data Complete/اندازه گیری/ترما/لیست قیمت ترما +25درصد.pdf,tier1_3_registry_match,16eef2bb037f47484ee99dc0fcaab7d873b12bcbd21f4f18b12ae5e0825ae4ed,MA220-50,BACKFILL_EXACT,
4586,MA220-75,میکرومتر 50-75معمولی ترما (TERMA) مدل MA220-75,میکرومتر-50-75معمولی-ترما-terma-مدل-ma220-75,5,TERMA | ترما,,,,MA220-75,MA220-75,MA220-75,generic.v1,PROFILE_MISSING,2,authorized_supplier_price_list,/home/shebahati/KaZar/Product and Data Complete/اندازه گیری/ترما/لیست قیمت ترما +25درصد.pdf,tier1_3_registry_match,16eef2bb037f47484ee99dc0fcaab7d873b12bcbd21f4f18b12ae5e0825ae4ed,MA220-75,BACKFILL_EXACT,
4587,MA220-100,میکرومتر 75-100معمولی ترما (TERMA) مدل MA220-100,میکرومتر-75-100معمولی-ترما-terma-مدل-ma220-100,5,TERMA | ترما,,,,MA220-100,MA220-100,MA220-100,generic.v1,PROFILE_MISSING,2,authorized_supplier_price_list,/home/shebahati/KaZar/Product and Data Complete/اندازه گیری/ترما/لیست قیمت ترما +25درصد.pdf,tier1_3_registry_match,16eef2bb037f47484ee99dc0fcaab7d873b12bcbd21f4f18b12ae5e0825ae4ed,MA220-100,BACKFILL_EXACT,
4588,MA220-125,میکرومتر 100-125معمولی ترما (TERMA) مدل MA220-125,میکرومتر-100-125معمولی-ترما-terma-مدل-ma220-125,5,TERMA | ترما,,,,MA220-125,MA220-125,MA220-125,generic.v1,PROFILE_MISSING,2,authorized_supplier_price_list,/home/shebahati/KaZar/Product and Data Complete/اندازه گیری/ترما/لیست قیمت ترما +25درصد.pdf,tier1_3_registry_match,16eef2bb037f47484ee99dc0fcaab7d873b12bcbd21f4f18b12ae5e0825ae4ed,MA220-125,BACKFILL_EXACT,
4589,MA220-150,میکرومتر 125-150معمولی ترما (TERMA) مدل MA220-150,میکرومتر-125-150معمولی-ترما-terma-مدل-ma220-150,5,TERMA | ترما,,,,MA220-150,MA220-150,MA220-150,generic.v1,PROFILE_MISSING,2,authorized_supplier_price_list,/home/shebahati/KaZar/Product and Data Complete/اندازه گیری/ترما/لیست قیمت ترما +25درصد.pdf,tier1_3_registry_match,16eef2bb037f47484ee99dc0fcaab7d873b12bcbd21f4f18b12ae5e0825ae4ed,MA220-150,BACKFILL_EXACT,
4590,MA220-175,میکرومتر 150-175معمولی ترما (TERMA) مدل MA220-175,میکرومتر-150-175معمولی-ترما-terma-مدل-ma220-175,5,TERMA | ترما,,,,MA220-175,MA220-175,MA220-175,generic.v1,PROFILE_MISSING,2,authorized_supplier_price_list,/home/shebahati/KaZar/Product and Data Complete/اندازه گیری/ترما/لیست قیمت ترما +25درصد.pdf,tier1_3_registry_match,16eef2bb037f47484ee99dc0fcaab7d873b12bcbd21f4f18b12ae5e0825ae4ed,MA220-175,BACKFILL_EXACT,
4591,MA220-200,میکرومتر 175-200معمولی ترما (TERMA) مدل MA220-200,میکرومتر-175-200معمولی-ترما-terma-مدل-ma220-200,5,TERMA | ترما,,,,MA220-200,MA220-200,MA220-200,generic.v1,PROFILE_MISSING,2,authorized_supplier_price_list,/home/shebahati/KaZar/Product and Data Complete/اندازه گیری/ترما/لیست قیمت ترما +25درصد.pdf,tier1_3_registry_match,16eef2bb037f47484ee99dc0fcaab7d873b12bcbd21f4f18b12ae5e0825ae4ed,MA220-200,BACKFILL_EXACT,
4592,MA220-225,میکرومتر 200-225معمولی ترما (TERMA) مدل MA220-225,میکرومتر-200-225معمولی-ترما-terma-مدل-ma220-225,5,TERMA | ترما,,,,MA220-225,MA220-225,MA220-225,generic.v1,PROFILE_MISSING,2,authorized_supplier_price_list,/home/shebahati/KaZar/Product and Data Complete/اندازه گیری/ترما/لیست قیمت ترما +25درصد.pdf,tier1_3_registry_match,16eef2bb037f47484ee99dc0fcaab7d873b12bcbd21f4f18b12ae5e0825ae4ed,MA220-225,BACKFILL_EXACT,
4593,MA220-250,میکرومتر 225-250معمولی ترما (TERMA) مدل MA220-250,میکرومتر-225-250معمولی-ترما-terma-مدل-ma220-250,5,TERMA | ترما,,,,MA220-250,MA220-250,MA220-250,generic.v1,PROFILE_MISSING,2,authorized_supplier_price_list,/home/shebahati/KaZar/Product and Data Complete/اندازه گیری/ترما/لیست قیمت ترما +25درصد.pdf,tier1_3_registry_match,16eef2bb037f47484ee99dc0fcaab7d873b12bcbd21f4f18b12ae5e0825ae4ed,MA220-250,BACKFILL_EXACT,
4594,MA220-275,میکرومتر 250-275معمولی ترما (TERMA) مدل MA220-275,میکرومتر-250-275معمولی-ترما-terma-مدل-ma220-275,5,TERMA | ترما,,,,MA220-275,MA220-275,MA220-275,generic.v1,PROFILE_MISSING,2,authorized_supplier_price_list,/home/shebahati/KaZar/Product and Data Complete/اندازه گیری/ترما/لیست قیمت ترما +25درصد.pdf,tier1_3_registry_match,16eef2bb037f47484ee99dc0fcaab7d873b12bcbd21f4f18b12ae5e0825ae4ed,MA220-275,BACKFILL_EXACT,
4595,MA220-300,میکرومتر 275-300معمولی ترما (TERMA) مدل MA220-300,میکرومتر-275-300معمولی-ترما-terma-مدل-ma220-300,5,TERMA | ترما,,,,MA220-300,MA220-300,MA220-300,generic.v1,PROFILE_MISSING,2,authorized_supplier_price_list,/home/shebahati/KaZar/Product and Data Complete/اندازه گیری/ترما/لیست قیمت ترما +25درصد.pdf,tier1_3_registry_match,16eef2bb037f47484ee99dc0fcaab7d873b12bcbd21f4f18b12ae5e0825ae4ed,MA220-300,BACKFILL_EXACT,
4596,MA210B-25,میکرومتر 0-25معمولی سوزنی ترما (TERMA) مدل MA210B-25,میکرومتر-0-25معمولی-سوزنی-ترما-terma-مدل-ma210b-25,5,TERMA | ترما,,,,MA210B-25,MA210B-25,MA210B-25,generic.v1,PROFILE_MISSING,2,authorized_supplier_price_list,/home/shebahati/KaZar/Product and Data Complete/اندازه گیری/ترما/لیست قیمت ترما +25درصد.pdf,tier1_3_registry_match,16eef2bb037f47484ee99dc0fcaab7d873b12bcbd21f4f18b12ae5e0825ae4ed,MA210B-25,BACKFILL_EXACT,
4597,MA210C-25,میکرومتر 0-25معمولی پله ایی ترما (TERMA) مدل MA210C-25,میکرومتر-0-25معمولی-پله-ایی-ترما-terma-مدل-ma210c-25,5,TERMA | ترما,,,,MA210C-25,MA210C-25,MA210C-25,generic.v1,PROFILE_MISSING,2,authorized_supplier_price_list,/home/shebahati/KaZar/Product and Data Complete/اندازه گیری/ترما/لیست قیمت ترما +25درصد.pdf,tier1_3_registry_match,16eef2bb037f47484ee99dc0fcaab7d873b12bcbd21f4f18b12ae5e0825ae4ed,MA210C-25,BACKFILL_EXACT,
4598,MA210D-25,میکرومتر 0-25معمولی سوزنی ترما (TERMA) مدل MA210D-25,میکرومتر-0-25معمولی-سوزنی-ترما-terma-مدل-ma210d-25,5,TERMA | ترما,,,,MA210D-25,MA210D-25,MA210D-25,generic.v1,PROFILE_MISSING,2,authorized_supplier_price_list,/home/shebahati/KaZar/Product and Data Complete/اندازه گیری/ترما/لیست قیمت ترما +25درصد.pdf,tier1_3_registry_match,16eef2bb037f47484ee99dc0fcaab7d873b12bcbd21f4f18b12ae5e0825ae4ed,MA210D-25,BACKFILL_EXACT,
4599,MA210E-25,میکرومتر 0-25بشقابی فک پیچ گوشتی ترما (TERMA) مدل MA210E-25,میکرومتر-0-25بشقابی-فک-پیچ-گوشتی-ترما-terma-مدل-ma210e-25,5,TERMA | ترما,,,,MA210E-25,MA210E-25,MA210E-25,generic.v1,PROFILE_MISSING,2,authorized_supplier_price_list,/home/shebahati/KaZar/Product and Data Complete/اندازه گیری/ترما/لیست قیمت ترما +25درصد.pdf,tier1_3_registry_match,16eef2bb037f47484ee99dc0fcaab7d873b12bcbd21f4f18b12ae5e0825ae4ed,MA210E-25,BACKFILL_EXACT,
4600,MA210F-25,میکرومتر 0-25معمولی بشقابی ترما (TERMA) مدل MA210F-25,میکرومتر-0-25معمولی-بشقابی-ترما-terma-مدل-ma210f-25,5,TERMA | ترما,,,,MA210F-25,MA210F-25,MA210F-25,generic.v1,PROFILE_MISSING,2,authorized_supplier_price_list,/home/shebahati/KaZar/Product and Data Complete/اندازه گیری/ترما/لیست قیمت ترما +25درصد.pdf,tier1_3_registry_match,16eef2bb037f47484ee99dc0fcaab7d873b12bcbd21f4f18b12ae5e0825ae4ed,MA210F-25,BACKFILL_EXACT,
4601,MA230,میکرومتر عمق سنج 150معمولی ترما (TERMA) مدل MA230,میکرومتر-عمق-سنج-150معمولی-ترما-terma-مدل-ma230,5,TERMA | ترما,,,,MA230,MA230,MA230,generic.v1,PROFILE_MISSING,2,authorized_supplier_price_list,/home/shebahati/KaZar/Product and Data Complete/اندازه گیری/ترما/لیست قیمت ترما +25درصد.pdf,tier1_3_registry_match,16eef2bb037f47484ee99dc0fcaab7d873b12bcbd21f4f18b12ae5e0825ae4ed,MA230,BACKFILL_EXACT,
4602,MA250H-6,میکرومتر سه فک 6-8 ترما (TERMA) مدل MA250H-6,میکرومتر-سه-فک-6-8-ترما-terma-مدل-ma250h-6,5,TERMA | ترما,,,,MA250H-6,MA250H-6,MA250H-6,generic.v1,PROFILE_MISSING,2,authorized_supplier_price_list,/home/shebahati/KaZar/Product and Data Complete/اندازه گیری/ترما/لیست قیمت ترما +25درصد.pdf,tier1_3_registry_match,16eef2bb037f47484ee99dc0fcaab7d873b12bcbd21f4f18b12ae5e0825ae4ed,MA250H-6,BACKFILL_EXACT,
4603,MA250H-8,میکرومتر سه فک 8-10 ترما (TERMA) مدل MA250H-8,میکرومتر-سه-فک-8-10-ترما-terma-مدل-ma250h-8,5,TERMA | ترما,,,,MA250H-8,MA250H-8,MA250H-8,generic.v1,PROFILE_MISSING,2,authorized_supplier_price_list,/home/shebahati/KaZar/Product and Data Complete/اندازه گیری/ترما/لیست قیمت ترما +25درصد.pdf,tier1_3_registry_match,16eef2bb037f47484ee99dc0fcaab7d873b12bcbd21f4f18b12ae5e0825ae4ed,MA250H-8,BACKFILL_EXACT,
4604,MA250H-10,میکرومتر سه فک 10-12 ترما (TERMA) مدل MA250H-10,میکرومتر-سه-فک-10-12-ترما-terma-مدل-ma250h-10,5,TERMA | ترما,,,,MA250H-10,MA250H-10,MA250H-10,generic.v1,PROFILE_MISSING,2,authorized_supplier_price_list,/home/shebahati/KaZar/Product and Data Complete/اندازه گیری/ترما/لیست قیمت ترما +25درصد.pdf,tier1_3_registry_match,16eef2bb037f47484ee99dc0fcaab7d873b12bcbd21f4f18b12ae5e0825ae4ed,MA250H-10,BACKFILL_EXACT,
4605,MA250H-12,میکرومتر سه فک 12-16 ترما (TERMA) مدل MA250H-12,میکرومتر-سه-فک-12-16-ترما-terma-مدل-ma250h-12,5,TERMA | ترما,,,,MA250H-12,MA250H-12,MA250H-12,generic.v1,PROFILE_MISSING,2,authorized_supplier_price_list,/home/shebahati/KaZar/Product and Data Complete/اندازه گیری/ترما/لیست قیمت ترما +25درصد.pdf,tier1_3_registry_match,16eef2bb037f47484ee99dc0fcaab7d873b12bcbd21f4f18b12ae5e0825ae4ed,MA250H-12,BACKFILL_EXACT,
4606,MA250H-16,میکرومتر سه فک 16-20 ترما (TERMA) مدل MA250H-16,میکرومتر-سه-فک-16-20-ترما-terma-مدل-ma250h-16,5,TERMA | ترما,,,,MA250H-16,MA250H-16,MA250H-16,generic.v1,PROFILE_MISSING,2,authorized_supplier_price_list,/home/shebahati/KaZar/Product and Data Complete/اندازه گیری/ترما/لیست قیمت ترما +25درصد.pdf,tier1_3_registry_match,16eef2bb037f47484ee99dc0fcaab7d873b12bcbd21f4f18b12ae5e0825ae4ed,MA250H-16,BACKFILL_EXACT,
4607,MA250H-20,میکرومتر سه فک 20-25 ترما (TERMA) مدل MA250H-20,میکرومتر-سه-فک-20-25-ترما-terma-مدل-ma250h-20,5,TERMA | ترما,,,,MA250H-20,MA250H-20,MA250H-20,generic.v1,PROFILE_MISSING,2,authorized_supplier_price_list,/home/shebahati/KaZar/Product and Data Complete/اندازه گیری/ترما/لیست قیمت ترما +25درصد.pdf,tier1_3_registry_match,16eef2bb037f47484ee99dc0fcaab7d873b12bcbd21f4f18b12ae5e0825ae4ed,MA250H-20,BACKFILL_EXACT,
4608,MA250H-25,میکرومتر سه فک 25-30 ترما (TERMA) مدل MA250H-25,میکرومتر-سه-فک-25-30-ترما-terma-مدل-ma250h-25,5,TERMA | ترما,,,,MA250H-25,MA250H-25,MA250H-25,generic.v1,PROFILE_MISSING,2,authorized_supplier_price_list,/home/shebahati/KaZar/Product and Data Complete/اندازه گیری/ترما/لیست قیمت ترما +25درصد.pdf,tier1_3_registry_match,16eef2bb037f47484ee99dc0fcaab7d873b12bcbd21f4f18b12ae5e0825ae4ed,MA250H-25,BACKFILL_EXACT,
4609,MA250H-30,میکرومتر سه فک 30-40 ترما (TERMA) مدل MA250H-30,میکرومتر-سه-فک-30-40-ترما-terma-مدل-ma250h-30,5,TERMA | ترما,,,,MA250H-30,MA250H-30,MA250H-30,generic.v1,PROFILE_MISSING,2,authorized_supplier_price_list,/home/shebahati/KaZar/Product and Data Complete/اندازه گیری/ترما/لیست قیمت ترما +25درصد.pdf,tier1_3_registry_match,16eef2bb037f47484ee99dc0fcaab7d873b12bcbd21f4f18b12ae5e0825ae4ed,MA250H-30,BACKFILL_EXACT,
4610,MA250H-40,میکرومتر سه فک 40-50 ترما (TERMA) مدل MA250H-40,میکرومتر-سه-فک-40-50-ترما-terma-مدل-ma250h-40,5,TERMA | ترما,,,,MA250H-40,MA250H-40,MA250H-40,generic.v1,PROFILE_MISSING,2,authorized_supplier_price_list,/home/shebahati/KaZar/Product and Data Complete/اندازه گیری/ترما/لیست قیمت ترما +25درصد.pdf,tier1_3_registry_match,16eef2bb037f47484ee99dc0fcaab7d873b12bcbd21f4f18b12ae5e0825ae4ed,MA250H-40,BACKFILL_EXACT,
4611,MA250H-50,میکرومتر سه فک 50-63 ترما (TERMA) مدل MA250H-50,میکرومتر-سه-فک-50-63-ترما-terma-مدل-ma250h-50,5,TERMA | ترما,,,,MA250H-50,MA250H-50,MA250H-50,generic.v1,PROFILE_MISSING,2,authorized_supplier_price_list,/home/shebahati/KaZar/Product and Data Complete/اندازه گیری/ترما/لیست قیمت ترما +25درصد.pdf,tier1_3_registry_match,16eef2bb037f47484ee99dc0fcaab7d873b12bcbd21f4f18b12ae5e0825ae4ed,MA250H-50,BACKFILL_EXACT,
4612,MA250H-62,میکرومتر سه فک 62-75 ترما (TERMA) مدل MA250H-62,میکرومتر-سه-فک-62-75-ترما-terma-مدل-ma250h-62,5,TERMA | ترما,,,,MA250H-62,MA250H-62,MA250H-62,generic.v1,PROFILE_MISSING,2,authorized_supplier_price_list,/home/shebahati/KaZar/Product and Data Complete/اندازه گیری/ترما/لیست قیمت ترما +25درصد.pdf,tier1_3_registry_match,16eef2bb037f47484ee99dc0fcaab7d873b12bcbd21f4f18b12ae5e0825ae4ed,MA250H-62,BACKFILL_EXACT,
4613,MA250H-75,میکرومتر سه فک 75-88 ترما (TERMA) مدل MA250H-75,میکرومتر-سه-فک-75-88-ترما-terma-مدل-ma250h-75,5,TERMA | ترما,,,,MA250H-75,MA250H-75,MA250H-75,generic.v1,PROFILE_MISSING,2,authorized_supplier_price_list,/home/shebahati/KaZar/Product and Data Complete/اندازه گیری/ترما/لیست قیمت ترما +25درصد.pdf,tier1_3_registry_match,16eef2bb037f47484ee99dc0fcaab7d873b12bcbd21f4f18b12ae5e0825ae4ed,MA250H-75,BACKFILL_EXACT,
4614,MA250H-87,میکرومتر سه فک 87-100 ترما (TERMA) مدل MA250H-87,میکرومتر-سه-فک-87-100-ترما-terma-مدل-ma250h-87,5,TERMA | ترما,,,,MA250H-87,MA250H-87,MA250H-87,generic.v1,PROFILE_MISSING,2,authorized_supplier_price_list,/home/shebahati/KaZar/Product and Data Complete/اندازه گیری/ترما/لیست قیمت ترما +25درصد.pdf,tier1_3_registry_match,16eef2bb037f47484ee99dc0fcaab7d873b12bcbd21f4f18b12ae5e0825ae4ed,MA250H-87,BACKFILL_EXACT,
4615,MA250H-100,میکرومتر سه فک 100-125 ترما (TERMA) مدل MA250H-100,میکرومتر-سه-فک-100-125-ترما-terma-مدل-ma250h-100,5,TERMA | ترما,,,,MA250H-100,MA250H-100,MA250H-100,generic.v1,PROFILE_MISSING,2,authorized_supplier_price_list,/home/shebahati/KaZar/Product and Data Complete/اندازه گیری/ترما/لیست قیمت ترما +25درصد.pdf,tier1_3_registry_match,16eef2bb037f47484ee99dc0fcaab7d873b12bcbd21f4f18b12ae5e0825ae4ed,MA250H-100,BACKFILL_EXACT,
4616,MA250H-125,میکرومتر سه فک 125-150 ترما (TERMA) مدل MA250H-125,میکرومتر-سه-فک-125-150-ترما-terma-مدل-ma250h-125,5,TERMA | ترما,,,,MA250H-125,MA250H-125,MA250H-125,generic.v1,PROFILE_MISSING,2,authorized_supplier_price_list,/home/shebahati/KaZar/Product and Data Complete/اندازه گیری/ترما/لیست قیمت ترما +25درصد.pdf,tier1_3_registry_match,16eef2bb037f47484ee99dc0fcaab7d873b12bcbd21f4f18b12ae5e0825ae4ed,MA250H-125,BACKFILL_EXACT,
4617,MA250H-150,میکرومتر سه فک 150-175 ترما (TERMA) مدل MA250H-150,میکرومتر-سه-فک-150-175-ترما-terma-مدل-ma250h-150,5,TERMA | ترما,,,,MA250H-150,MA250H-150,MA250H-150,generic.v1,PROFILE_MISSING,2,authorized_supplier_price_list,/home/shebahati/KaZar/Product and Data Complete/اندازه گیری/ترما/لیست قیمت ترما +25درصد.pdf,tier1_3_registry_match,16eef2bb037f47484ee99dc0fcaab7d873b12bcbd21f4f18b12ae5e0825ae4ed,MA250H-150,BACKFILL_EXACT,
4618,MA250H-175,میکرومتر سه فک 175-200 ترما (TERMA) مدل MA250H-175,میکرومتر-سه-فک-175-200-ترما-terma-مدل-ma250h-175,5,TERMA | ترما,,,,MA250H-175,MA250H-175,MA250H-175,generic.v1,PROFILE_MISSING,2,authorized_supplier_price_list,/home/shebahati/KaZar/Product and Data Complete/اندازه گیری/ترما/لیست قیمت ترما +25درصد.pdf,tier1_3_registry_match,16eef2bb037f47484ee99dc0fcaab7d873b12bcbd21f4f18b12ae5e0825ae4ed,MA250H-175,BACKFILL_EXACT,
4619,MA250H-200,میکرومتر سه فک 200-225 ترما (TERMA) مدل MA250H-200,میکرومتر-سه-فک-200-225-ترما-terma-مدل-ma250h-200,5,TERMA | ترما,,,,MA250H-200,MA250H-200,MA250H-200,generic.v1,PROFILE_MISSING,2,authorized_supplier_price_list,/home/shebahati/KaZar/Product and Data Complete/اندازه گیری/ترما/لیست قیمت ترما +25درصد.pdf,tier1_3_registry_match,16eef2bb037f47484ee99dc0fcaab7d873b12bcbd21f4f18b12ae5e0825ae4ed,MA250H-200,BACKFILL_EXACT,
4620,MA250H-225,میکرومتر سه فک 225-250 ترما (TERMA) مدل MA250H-225,میکرومتر-سه-فک-225-250-ترما-terma-مدل-ma250h-225,5,TERMA | ترما,,,,MA250H-225,MA250H-225,MA250H-225,generic.v1,PROFILE_MISSING,2,authorized_supplier_price_list,/home/shebahati/KaZar/Product and Data Complete/اندازه گیری/ترما/لیست قیمت ترما +25درصد.pdf,tier1_3_registry_match,16eef2bb037f47484ee99dc0fcaab7d873b12bcbd21f4f18b12ae5e0825ae4ed,MA250H-225,BACKFILL_EXACT,
4621,MA250H-250,میکرومتر سه فک 250-275 ترما (TERMA) مدل MA250H-250,میکرومتر-سه-فک-250-275-ترما-terma-مدل-ma250h-250,5,TERMA | ترما,,,,MA250H-250,MA250H-250,MA250H-250,generic.v1,PROFILE_MISSING,2,authorized_supplier_price_list,/home/shebahati/KaZar/Product and Data Complete/اندازه گیری/ترما/لیست قیمت ترما +25درصد.pdf,tier1_3_registry_match,16eef2bb037f47484ee99dc0fcaab7d873b12bcbd21f4f18b12ae5e0825ae4ed,MA250H-250,BACKFILL_EXACT,
4622,MA250H-275,میکرومتر سه فک 275-300 ترما (TERMA) مدل MA250H-275,میکرومتر-سه-فک-275-300-ترما-terma-مدل-ma250h-275,5,TERMA | ترما,,,,MA250H-275,MA250H-275,MA250H-275,generic.v1,PROFILE_MISSING,2,authorized_supplier_price_list,/home/shebahati/KaZar/Product and Data Complete/اندازه گیری/ترما/لیست قیمت ترما +25درصد.pdf,tier1_3_registry_match,16eef2bb037f47484ee99dc0fcaab7d873b12bcbd21f4f18b12ae5e0825ae4ed,MA250H-275,BACKFILL_EXACT,
4623,MA250H-300,میکرومتر سه فک 300-325 ترما (TERMA) مدل MA250H-300,میکرومتر-سه-فک-300-325-ترما-terma-مدل-ma250h-300,5,TERMA | ترما,,,,MA250H-300,MA250H-300,MA250H-300,generic.v1,PROFILE_MISSING,2,authorized_supplier_price_list,/home/shebahati/KaZar/Product and Data Complete/اندازه گیری/ترما/لیست قیمت ترما +25درصد.pdf,tier1_3_registry_match,16eef2bb037f47484ee99dc0fcaab7d873b12bcbd21f4f18b12ae5e0825ae4ed,MA250H-300,BACKFILL_EXACT,
4624,MA250H-325,میکرومتر سه فک 325-350 ترما (TERMA) مدل MA250H-325,میکرومتر-سه-فک-325-350-ترما-terma-مدل-ma250h-325,5,TERMA | ترما,,,,MA250H-325,MA250H-325,MA250H-325,generic.v1,PROFILE_MISSING,2,authorized_supplier_price_list,/home/shebahati/KaZar/Product and Data Complete/اندازه گیری/ترما/لیست قیمت ترما +25درصد.pdf,tier1_3_registry_match,16eef2bb037f47484ee99dc0fcaab7d873b12bcbd21f4f18b12ae5e0825ae4ed,MA250H-325,BACKFILL_EXACT,
4625,MD710-25,میکرومتر 0-25دیجیتال ترما (TERMA) مدل MD710-25,میکرومتر-0-25دیجیتال-ترما-terma-مدل-md710-25,5,TERMA | ترما,,,,MD710-25,MD710-25,MD710-25,generic.v1,PROFILE_MISSING,2,authorized_supplier_price_list,/home/shebahati/KaZar/Product and Data Complete/اندازه گیری/ترما/لیست قیمت ترما +25درصد.pdf,tier1_3_registry_match,16eef2bb037f47484ee99dc0fcaab7d873b12bcbd21f4f18b12ae5e0825ae4ed,MD710-25,BACKFILL_EXACT,
4626,MD710-50,میکرومتر 25-50دیجیتال ترما (TERMA) مدل MD710-50,میکرومتر-25-50دیجیتال-ترما-terma-مدل-md710-50,5,TERMA | ترما,,,,MD710-50,MD710-50,MD710-50,generic.v1,PROFILE_MISSING,2,authorized_supplier_price_list,/home/shebahati/KaZar/Product and Data Complete/اندازه گیری/ترما/لیست قیمت ترما +25درصد.pdf,tier1_3_registry_match,16eef2bb037f47484ee99dc0fcaab7d873b12bcbd21f4f18b12ae5e0825ae4ed,MD710-50,BACKFILL_EXACT,
4627,MD710-75,میکرومتر 50-75دیجیتال ترما (TERMA) مدل MD710-75,میکرومتر-50-75دیجیتال-ترما-terma-مدل-md710-75,5,TERMA | ترما,,,,MD710-75,MD710-75,MD710-75,generic.v1,PROFILE_MISSING,2,authorized_supplier_price_list,/home/shebahati/KaZar/Product and Data Complete/اندازه گیری/ترما/لیست قیمت ترما +25درصد.pdf,tier1_3_registry_match,16eef2bb037f47484ee99dc0fcaab7d873b12bcbd21f4f18b12ae5e0825ae4ed,MD710-75,BACKFILL_EXACT,
4628,MD710-100,میکرومتر 75-100دیجیتال ترما (TERMA) مدل MD710-100,میکرومتر-75-100دیجیتال-ترما-terma-مدل-md710-100,5,TERMA | ترما,,,,MD710-100,MD710-100,MD710-100,generic.v1,PROFILE_MISSING,2,authorized_supplier_price_list,/home/shebahati/KaZar/Product and Data Complete/اندازه گیری/ترما/لیست قیمت ترما +25درصد.pdf,tier1_3_registry_match,16eef2bb037f47484ee99dc0fcaab7d873b12bcbd21f4f18b12ae5e0825ae4ed,MD710-100,BACKFILL_EXACT,
4629,MDA910-25,میکرومتر 0 -25دیجیتال فنری ترما (TERMA) مدل MDA910-25,میکرومتر-0-25دیجیتال-فنری-ترما-terma-مدل-mda910-25,5,TERMA | ترما,,,,MDA910-25,MDA910-25,MDA910-25,generic.v1,PROFILE_MISSING,2,authorized_supplier_price_list,/home/shebahati/KaZar/Product and Data Complete/اندازه گیری/ترما/لیست قیمت ترما +25درصد.pdf,tier1_3_registry_match,16eef2bb037f47484ee99dc0fcaab7d873b12bcbd21f4f18b12ae5e0825ae4ed,MDA910-25,BACKFILL_EXACT,
4630,MDA910-100,میکرومتر 0-100دیجیتال فنری ترما (TERMA) مدل MDA910-100,میکرومتر-0-100دیجیتال-فنری-ترما-terma-مدل-mda910-100,5,TERMA | ترما,,,,MDA910-100,MDA910-100,MDA910-100,generic.v1,PROFILE_MISSING,2,authorized_supplier_price_list,/home/shebahati/KaZar/Product and Data Complete/اندازه گیری/ترما/لیست قیمت ترما +25درصد.pdf,tier1_3_registry_match,16eef2bb037f47484ee99dc0fcaab7d873b12bcbd21f4f18b12ae5e0825ae4ed,MDA910-100,BACKFILL_EXACT,
4631,MD320H-25,میکرومتر هد 0-25دیجیتال ترما (TERMA) مدل MD320H-25,میکرومتر-هد-0-25دیجیتال-ترما-terma-مدل-md320h-25,5,TERMA | ترما,,,,MD320H-25,MD320H-25,MD320H-25,generic.v1,PROFILE_MISSING,2,authorized_supplier_price_list,/home/shebahati/KaZar/Product and Data Complete/اندازه گیری/ترما/لیست قیمت ترما +25درصد.pdf,tier1_3_registry_match,16eef2bb037f47484ee99dc0fcaab7d873b12bcbd21f4f18b12ae5e0825ae4ed,MD320H-25,BACKFILL_EXACT,
4632,MD320H-50,میکرومترهد 0-50دیجیتال ترما (TERMA) مدل MD320H-50,میکرومترهد-0-50دیجیتال-ترما-terma-مدل-md320h-50,5,TERMA | ترما,,,,MD320H-50,MD320H-50,MD320H-50,generic.v1,PROFILE_MISSING,2,authorized_supplier_price_list,/home/shebahati/KaZar/Product and Data Complete/اندازه گیری/ترما/لیست قیمت ترما +25درصد.pdf,tier1_3_registry_match,16eef2bb037f47484ee99dc0fcaab7d873b12bcbd21f4f18b12ae5e0825ae4ed,MD320H-50,BACKFILL_EXACT,
4633,MA310,میکرومتر هد 0-25معمولی ترما (TERMA) مدل MA310,میکرومتر-هد-0-25معمولی-ترما-terma-مدل-ma310,5,TERMA | ترما,,,,MA310,MA310,MA310,generic.v1,PROFILE_MISSING,2,authorized_supplier_price_list,/home/shebahati/KaZar/Product and Data Complete/اندازه گیری/ترما/لیست قیمت ترما +25درصد.pdf,tier1_3_registry_match,16eef2bb037f47484ee99dc0fcaab7d873b12bcbd21f4f18b12ae5e0825ae4ed,MA310,BACKFILL_EXACT,
4634,ZDA210-300,خطکش دیجیتال 30سانت ترما (TERMA) مدل ZDA210-300,خطکش-دیجیتال-30سانت-ترما-terma-مدل-zda210-300,5,TERMA | ترما,,,,ZDA210-300,ZDA210-300,ZDA210-300,generic.v1,PROFILE_MISSING,2,authorized_supplier_price_list,/home/shebahati/KaZar/Product and Data Complete/اندازه گیری/ترما/لیست قیمت ترما +25درصد.pdf,tier1_3_registry_match,16eef2bb037f47484ee99dc0fcaab7d873b12bcbd21f4f18b12ae5e0825ae4ed,ZDA210-300,BACKFILL_EXACT,
4635,ZDA210-500,خطکش دیجیتال 50سانت ترما (TERMA) مدل ZDA210-500,خطکش-دیجیتال-50سانت-ترما-terma-مدل-zda210-500,5,TERMA | ترما,,,,ZDA210-500,ZDA210-500,ZDA210-500,generic.v1,PROFILE_MISSING,2,authorized_supplier_price_list,/home/shebahati/KaZar/Product and Data Complete/اندازه گیری/ترما/لیست قیمت ترما +25درصد.pdf,tier1_3_registry_match,16eef2bb037f47484ee99dc0fcaab7d873b12bcbd21f4f18b12ae5e0825ae4ed,ZDA210-500,BACKFILL_EXACT,
4636,ZDA210-1000,خطکش دیجیتال 1متر ترما (TERMA) مدل ZDA210-1000,خطکش-دیجیتال-1متر-ترما-terma-مدل-zda210-1000,5,TERMA | ترما,,,,ZDA210-1000,ZDA210-1000,ZDA210-1000,generic.v1,PROFILE_MISSING,2,authorized_supplier_price_list,/home/shebahati/KaZar/Product and Data Complete/اندازه گیری/ترما/لیست قیمت ترما +25درصد.pdf,tier1_3_registry_match,16eef2bb037f47484ee99dc0fcaab7d873b12bcbd21f4f18b12ae5e0825ae4ed,ZDA210-1000,BACKFILL_EXACT,
4637,TDE130A-30,پرگار دیجیتال 0-30خارج سنج ترما (TERMA) مدل TDE130A-30,پرگار-دیجیتال-0-30خارج-سنج-ترما-terma-مدل-tde130a-30,5,TERMA | ترما,,,,TDE130A-30,TDE130A-30,TDE130A-30,generic.v1,PROFILE_MISSING,2,authorized_supplier_price_list,/home/shebahati/KaZar/Product and Data Complete/اندازه گیری/ترما/لیست قیمت ترما +25درصد.pdf,tier1_3_registry_match,16eef2bb037f47484ee99dc0fcaab7d873b12bcbd21f4f18b12ae5e0825ae4ed,TDE130A-30,BACKFILL_EXACT,
4638,TDE130A-50,پرگار دیجیتال 0-50خارج سنج ترما (TERMA) مدل TDE130A-50,پرگار-دیجیتال-0-50خارج-سنج-ترما-terma-مدل-tde130a-50,5,TERMA | ترما,,,,TDE130A-50,TDE130A-50,TDE130A-50,generic.v1,PROFILE_MISSING,2,authorized_supplier_price_list,/home/shebahati/KaZar/Product and Data Complete/اندازه گیری/ترما/لیست قیمت ترما +25درصد.pdf,tier1_3_registry_match,16eef2bb037f47484ee99dc0fcaab7d873b12bcbd21f4f18b12ae5e0825ae4ed,TDE130A-50,BACKFILL_EXACT,
4639,TDE130A-100,پرگار دیجیتال 0-100خارج سنج ترما (TERMA) مدل TDE130A-100,پرگار-دیجیتال-0-100خارج-سنج-ترما-terma-مدل-tde130a-100,5,TERMA | ترما,,,,TDE130A-100,TDE130A-100,TDE130A-100,generic.v1,PROFILE_MISSING,2,authorized_supplier_price_list,/home/shebahati/KaZar/Product and Data Complete/اندازه گیری/ترما/لیست قیمت ترما +25درصد.pdf,tier1_3_registry_match,16eef2bb037f47484ee99dc0fcaab7d873b12bcbd21f4f18b12ae5e0825ae4ed,TDE130A-100,BACKFILL_EXACT,
4640,TDE130B-15,پرگار دیجیتال 5-15داخل سنج ترما (TERMA) مدل TDE130B-15,پرگار-دیجیتال-5-15داخل-سنج-ترما-terma-مدل-tde130b-15,5,TERMA | ترما,,,,TDE130B-15,TDE130B-15,TDE130B-15,generic.v1,PROFILE_MISSING,2,authorized_supplier_price_list,/home/shebahati/KaZar/Product and Data Complete/اندازه گیری/ترما/لیست قیمت ترما +25درصد.pdf,tier1_3_registry_match,16eef2bb037f47484ee99dc0fcaab7d873b12bcbd21f4f18b12ae5e0825ae4ed,TDE130B-15,BACKFILL_EXACT,
4641,TDE130B-30,پرگار دیجیتال 10-30داخل سنج ترما (TERMA) مدل TDE130B-30,پرگار-دیجیتال-10-30داخل-سنج-ترما-terma-مدل-tde130b-30,5,TERMA | ترما,,,,TDE130B-30,TDE130B-30,TDE130B-30,generic.v1,PROFILE_MISSING,2,authorized_supplier_price_list,/home/shebahati/KaZar/Product and Data Complete/اندازه گیری/ترما/لیست قیمت ترما +25درصد.pdf,tier1_3_registry_match,16eef2bb037f47484ee99dc0fcaab7d873b12bcbd21f4f18b12ae5e0825ae4ed,TDE130B-30,BACKFILL_EXACT,
4642,TDE130B-50,پرگار دیجیتال 30-50داخل سنج ترما (TERMA) مدل TDE130B-50,پرگار-دیجیتال-30-50داخل-سنج-ترما-terma-مدل-tde130b-50,5,TERMA | ترما,,,,TDE130B-50,TDE130B-50,TDE130B-50,generic.v1,PROFILE_MISSING,2,authorized_supplier_price_list,/home/shebahati/KaZar/Product and Data Complete/اندازه گیری/ترما/لیست قیمت ترما +25درصد.pdf,tier1_3_registry_match,16eef2bb037f47484ee99dc0fcaab7d873b12bcbd21f4f18b12ae5e0825ae4ed,TDE130B-50,BACKFILL_EXACT,
4643,TDE130B-100,پرگار دیجیتال 50-100داخل سنج ترما (TERMA) مدل TDE130B-100,پرگار-دیجیتال-50-100داخل-سنج-ترما-terma-مدل-tde130b-100,5,TERMA | ترما,,,,TDE130B-100,TDE130B-100,TDE130B-100,generic.v1,PROFILE_MISSING,2,authorized_supplier_price_list,/home/shebahati/KaZar/Product and Data Complete/اندازه گیری/ترما/لیست قیمت ترما +25درصد.pdf,tier1_3_registry_match,16eef2bb037f47484ee99dc0fcaab7d873b12bcbd21f4f18b12ae5e0825ae4ed,TDE130B-100,BACKFILL_EXACT,
4644,TDE130B-150,پرگار دیجیتال 100-150داخل سنج ترما (TERMA) مدل TDE130B-150,پرگار-دیجیتال-100-150داخل-سنج-ترما-terma-مدل-tde130b-150,5,TERMA | ترما,,,,TDE130B-150,TDE130B-150,TDE130B-150,generic.v1,PROFILE_MISSING,2,authorized_supplier_price_list,/home/shebahati/KaZar/Product and Data Complete/اندازه گیری/ترما/لیست قیمت ترما +25درصد.pdf,tier1_3_registry_match,16eef2bb037f47484ee99dc0fcaab7d873b12bcbd21f4f18b12ae5e0825ae4ed,TDE130B-150,BACKFILL_EXACT,
4645,TDE130B-200,پرگار دیجیتال 150-200داخل سنج ترما (TERMA) مدل TDE130B-200,پرگار-دیجیتال-150-200داخل-سنج-ترما-terma-مدل-tde130b-200,5,TERMA | ترما,,,,TDE130B-200,TDE130B-200,TDE130B-200,generic.v1,PROFILE_MISSING,2,authorized_supplier_price_list,/home/shebahati/KaZar/Product and Data Complete/اندازه گیری/ترما/لیست قیمت ترما +25درصد.pdf,tier1_3_registry_match,16eef2bb037f47484ee99dc0fcaab7d873b12bcbd21f4f18b12ae5e0825ae4ed,TDE130B-200,BACKFILL_EXACT,
4646,TDE111A-40,پرگار دیجیتال 20-40خارج سنج ترما (TERMA) مدل TDE111A-40,پرگار-دیجیتال-20-40خارج-سنج-ترما-terma-مدل-tde111a-40,5,TERMA | ترما,,,,TDE111A-40,TDE111A-40,TDE111A-40,generic.v1,PROFILE_MISSING,2,authorized_supplier_price_list,/home/shebahati/KaZar/Product and Data Complete/اندازه گیری/ترما/لیست قیمت ترما +25درصد.pdf,tier1_3_registry_match,16eef2bb037f47484ee99dc0fcaab7d873b12bcbd21f4f18b12ae5e0825ae4ed,TDE111A-40,BACKFILL_EXACT,
4647,TDE111A-60,پرگار دیجیتال 40-60خارج سنج ترما (TERMA) مدل TDE111A-60,پرگار-دیجیتال-40-60خارج-سنج-ترما-terma-مدل-tde111a-60,5,TERMA | ترما,,,,TDE111A-60,TDE111A-60,TDE111A-60,generic.v1,PROFILE_MISSING,2,authorized_supplier_price_list,/home/shebahati/KaZar/Product and Data Complete/اندازه گیری/ترما/لیست قیمت ترما +25درصد.pdf,tier1_3_registry_match,16eef2bb037f47484ee99dc0fcaab7d873b12bcbd21f4f18b12ae5e0825ae4ed,TDE111A-60,BACKFILL_EXACT,
4648,TDE111A-80,پرگار دیجیتال 60-80خارج سنج ترما (TERMA) مدل TDE111A-80,پرگار-دیجیتال-60-80خارج-سنج-ترما-terma-مدل-tde111a-80,5,TERMA | ترما,,,,TDE111A-80,TDE111A-80,TDE111A-80,generic.v1,PROFILE_MISSING,2,authorized_supplier_price_list,/home/shebahati/KaZar/Product and Data Complete/اندازه گیری/ترما/لیست قیمت ترما +25درصد.pdf,tier1_3_registry_match,16eef2bb037f47484ee99dc0fcaab7d873b12bcbd21f4f18b12ae5e0825ae4ed,TDE111A-80,BACKFILL_EXACT,
4649,TDE111A-100,پرگار دیجیتال 80-100خارج سنج ترما (TERMA) مدل TDE111A-100,پرگار-دیجیتال-80-100خارج-سنج-ترما-terma-مدل-tde111a-100,5,TERMA | ترما,,,,TDE111A-100,TDE111A-100,TDE111A-100,generic.v1,PROFILE_MISSING,2,authorized_supplier_price_list,/home/shebahati/KaZar/Product and Data Complete/اندازه گیری/ترما/لیست قیمت ترما +25درصد.pdf,tier1_3_registry_match,16eef2bb037f47484ee99dc0fcaab7d873b12bcbd21f4f18b12ae5e0825ae4ed,TDE111A-100,BACKFILL_EXACT,
4650,TDE111B-35,پرگار دیجیتال 15-35داخل سنج ترما (TERMA) مدل TDE111B-35,پرگار-دیجیتال-15-35داخل-سنج-ترما-terma-مدل-tde111b-35,5,TERMA | ترما,,,,TDE111B-35,TDE111B-35,TDE111B-35,generic.v1,PROFILE_MISSING,2,authorized_supplier_price_list,/home/shebahati/KaZar/Product and Data Complete/اندازه گیری/ترما/لیست قیمت ترما +25درصد.pdf,tier1_3_registry_match,16eef2bb037f47484ee99dc0fcaab7d873b12bcbd21f4f18b12ae5e0825ae4ed,TDE111B-35,BACKFILL_EXACT,
4652,TDE111B-75,پرگار دیجیتال 55-75داخل سنج ترما (TERMA) مدل TDE111B-75,پرگار-دیجیتال-55-75داخل-سنج-ترما-terma-مدل-tde111b-75,5,TERMA | ترما,,,,TDE111B-75,TDE111B-75,TDE111B-75,generic.v1,PROFILE_MISSING,2,authorized_supplier_price_list,/home/shebahati/KaZar/Product and Data Complete/اندازه گیری/ترما/لیست قیمت ترما +25درصد.pdf,tier1_3_registry_match,16eef2bb037f47484ee99dc0fcaab7d873b12bcbd21f4f18b12ae5e0825ae4ed,TDE111B-75,BACKFILL_EXACT,
4653,TDE111B-95,پرگار دیجیتال 75-95داخل سنج ترما (TERMA) مدل TDE111B-95,پرگار-دیجیتال-75-95داخل-سنج-ترما-terma-مدل-tde111b-95,5,TERMA | ترما,,,,TDE111B-95,TDE111B-95,TDE111B-95,generic.v1,PROFILE_MISSING,2,authorized_supplier_price_list,/home/shebahati/KaZar/Product and Data Complete/اندازه گیری/ترما/لیست قیمت ترما +25درصد.pdf,tier1_3_registry_match,16eef2bb037f47484ee99dc0fcaab7d873b12bcbd21f4f18b12ae5e0825ae4ed,TDE111B-95,BACKFILL_EXACT,
4654,TDE111B-115,پرگار دیجیتال 95-115داخل سنج ترما (TERMA) مدل TDE111B-115,پرگار-دیجیتال-95-115داخل-سنج-ترما-terma-مدل-tde111b-115,5,TERMA | ترما,,,,TDE111B-115,TDE111B-115,TDE111B-115,generic.v1,PROFILE_MISSING,2,authorized_supplier_price_list,/home/shebahati/KaZar/Product and Data Complete/اندازه گیری/ترما/لیست قیمت ترما +25درصد.pdf,tier1_3_registry_match,16eef2bb037f47484ee99dc0fcaab7d873b12bcbd21f4f18b12ae5e0825ae4ed,TDE111B-115,BACKFILL_EXACT,
4655,TDE111B-135,پرگار دیجیتال 115-135 ترما (TERMA) مدل TDE111B-135,پرگار-دیجیتال-115-135-ترما-terma-مدل-tde111b-135,5,TERMA | ترما,,,,TDE111B-135,TDE111B-135,TDE111B-135,generic.v1,PROFILE_MISSING,2,authorized_supplier_price_list,/home/shebahati/KaZar/Product and Data Complete/اندازه گیری/ترما/لیست قیمت ترما +25درصد.pdf,tier1_3_registry_match,16eef2bb037f47484ee99dc0fcaab7d873b12bcbd21f4f18b12ae5e0825ae4ed,TDE111B-135,BACKFILL_EXACT,
4656,TD230A,ضخامت سنج دیجیتال 0-25خارج سنج ترما (TERMA) مدل TD230A,ضخامت-سنج-دیجیتال-0-25خارج-سنج-ترما-terma-مدل-td230a,5,TERMA | ترما,,,,TD230A,TD230A,TD230A,generic.v1,PROFILE_MISSING,2,authorized_supplier_price_list,/home/shebahati/KaZar/Product and Data Complete/اندازه گیری/ترما/لیست قیمت ترما +25درصد.pdf,tier1_3_registry_match,16eef2bb037f47484ee99dc0fcaab7d873b12bcbd21f4f18b12ae5e0825ae4ed,TD230A,BACKFILL_EXACT,
4657,TD230B,ضخامت سنج دیجییتال 0-150خارج سنج ترما (TERMA) مدل TD230B,ضخامت-سنج-دیجییتال-0-150خارج-سنج-ترما-terma-مدل-td230b,5,TERMA | ترما,,,,TD230B,TD230B,TD230B,generic.v1,PROFILE_MISSING,2,authorized_supplier_price_list,/home/shebahati/KaZar/Product and Data Complete/اندازه گیری/ترما/لیست قیمت ترما +25درصد.pdf,tier1_3_registry_match,16eef2bb037f47484ee99dc0fcaab7d873b12bcbd21f4f18b12ae5e0825ae4ed,TD230B,BACKFILL_EXACT,
4658,TD230C,ضخامت سنج دیجیتال 12.7-165داخل سنج ترما (TERMA) مدل TD230C,ضخامت-سنج-دیجیتال-127-165داخل-سنج-ترما-terma-مدل-td230c,5,TERMA | ترما,,,,TD230C,TD230C,TD230C,generic.v1,PROFILE_MISSING,2,authorized_supplier_price_list,/home/shebahati/KaZar/Product and Data Complete/اندازه گیری/ترما/لیست قیمت ترما +25درصد.pdf,tier1_3_registry_match,16eef2bb037f47484ee99dc0fcaab7d873b12bcbd21f4f18b12ae5e0825ae4ed,TD230C,BACKFILL_EXACT,
4659,TD230D,ضخامت سنج دیجیتال 0-25خارج سنج ترما (TERMA) مدل TD230D,ضخامت-سنج-دیجیتال-0-25خارج-سنج-ترما-terma-مدل-td230d,5,TERMA | ترما,,,,TD230D,TD230D,TD230D,generic.v1,PROFILE_MISSING,2,authorized_supplier_price_list,/home/shebahati/KaZar/Product and Data Complete/اندازه گیری/ترما/لیست قیمت ترما +25درصد.pdf,tier1_3_registry_match,16eef2bb037f47484ee99dc0fcaab7d873b12bcbd21f4f18b12ae5e0825ae4ed,TD230D,BACKFILL_EXACT,
4660,TDE230E-6,پرگار دیجیتال 0-150خارج سنج ترما (TERMA) مدل TDE230E-6,پرگار-دیجیتال-0-150خارج-سنج-ترما-terma-مدل-tde230e-6,5,TERMA | ترما,,,,TDE230E-6,TDE230E-6,TDE230E-6,generic.v1,PROFILE_MISSING,2,authorized_supplier_price_list,/home/shebahati/KaZar/Product and Data Complete/اندازه گیری/ترما/لیست قیمت ترما +25درصد.pdf,tier1_3_registry_match,16eef2bb037f47484ee99dc0fcaab7d873b12bcbd21f4f18b12ae5e0825ae4ed,TDE230E-6,BACKFILL_EXACT,
4661,TDE230E-8,پرگار دیجیتال 0-200خارج سنج ترما (TERMA) مدل TDE230E-8,پرگار-دیجیتال-0-200خارج-سنج-ترما-terma-مدل-tde230e-8,5,TERMA | ترما,,,,TDE230E-8,TDE230E-8,TDE230E-8,generic.v1,PROFILE_MISSING,2,authorized_supplier_price_list,/home/shebahati/KaZar/Product and Data Complete/اندازه گیری/ترما/لیست قیمت ترما +25درصد.pdf,tier1_3_registry_match,16eef2bb037f47484ee99dc0fcaab7d873b12bcbd21f4f18b12ae5e0825ae4ed,TDE230E-8,BACKFILL_EXACT,
4662,TDE230F-6,پرگار دیجیتال 12.7-165داخل سنج ترما (TERMA) مدل TDE230F-6,پرگار-دیجیتال-127-165داخل-سنج-ترما-terma-مدل-tde230f-6,5,TERMA | ترما,,,,TDE230F-6,TDE230F-6,TDE230F-6,generic.v1,PROFILE_MISSING,2,authorized_supplier_price_list,/home/shebahati/KaZar/Product and Data Complete/اندازه گیری/ترما/لیست قیمت ترما +25درصد.pdf,tier1_3_registry_match,16eef2bb037f47484ee99dc0fcaab7d873b12bcbd21f4f18b12ae5e0825ae4ed,TDE230F-6,BACKFILL_EXACT,
4663,TDE230F-8,پرگار دیجیتال 12.7-216داخل سنج ترما (TERMA) مدل TDE230F-8,پرگار-دیجیتال-127-216داخل-سنج-ترما-terma-مدل-tde230f-8,5,TERMA | ترما,,,,TDE230F-8,TDE230F-8,TDE230F-8,generic.v1,PROFILE_MISSING,2,authorized_supplier_price_list,/home/shebahati/KaZar/Product and Data Complete/اندازه گیری/ترما/لیست قیمت ترما +25درصد.pdf,tier1_3_registry_match,16eef2bb037f47484ee99dc0fcaab7d873b12bcbd21f4f18b12ae5e0825ae4ed,TDE230F-8,BACKFILL_EXACT,
4664,SN730-25,ضخامت سنج دیجیتال ترما (TERMA) مدل SN730-25,ضخامت-سنج-دیجیتال-ترما-terma-مدل-sn730-25,5,TERMA | ترما,,,,SN730-25,SN730-25,SN730-25,generic.v1,PROFILE_MISSING,2,authorized_supplier_price_list,/home/shebahati/KaZar/Product and Data Complete/اندازه گیری/ترما/لیست قیمت ترما +25درصد.pdf,tier1_3_registry_match,16eef2bb037f47484ee99dc0fcaab7d873b12bcbd21f4f18b12ae5e0825ae4ed,SN730-25,BACKFILL_EXACT,
4665,TD270-25,ضخامت سنج دیجیتال ترما (TERMA) مدل TD270-25,ضخامت-سنج-دیجیتال-ترما-terma-مدل-td270-25,5,TERMA | ترما,,,,TD270-25,TD270-25,TD270-25,generic.v1,PROFILE_MISSING,2,authorized_supplier_price_list,/home/shebahati/KaZar/Product and Data Complete/اندازه گیری/ترما/لیست قیمت ترما +25درصد.pdf,tier1_3_registry_match,16eef2bb037f47484ee99dc0fcaab7d873b12bcbd21f4f18b12ae5e0825ae4ed,TD270-25,BACKFILL_EXACT,
4666,LD250,شیب سنج دیجیتال 50*50سه دکمه ترما (TERMA) مدل LD250,شیب-سنج-دیجیتال-5050سه-دکمه-ترما-terma-مدل-ld250,5,TERMA | ترما,,,,LD250,LD250,LD250,generic.v1,PROFILE_MISSING,2,authorized_supplier_price_list,/home/shebahati/KaZar/Product and Data Complete/اندازه گیری/ترما/لیست قیمت ترما +25درصد.pdf,tier1_3_registry_match,16eef2bb037f47484ee99dc0fcaab7d873b12bcbd21f4f18b12ae5e0825ae4ed,LD250,BACKFILL_EXACT,
4667,LD280,شیب سنج دیجیتال 50*50چهار دکمه ترما (TERMA) مدل LD280,شیب-سنج-دیجیتال-5050چهار-دکمه-ترما-terma-مدل-ld280,5,TERMA | ترما,,,,LD280,LD280,LD280,generic.v1,PROFILE_MISSING,2,authorized_supplier_price_list,/home/shebahati/KaZar/Product and Data Complete/اندازه گیری/ترما/لیست قیمت ترما +25درصد.pdf,tier1_3_registry_match,16eef2bb037f47484ee99dc0fcaab7d873b12bcbd21f4f18b12ae5e0825ae4ed,LD280,BACKFILL_EXACT,
4668,LD290,تراز دیجیتال 150میلیمتر ترما (TERMA) مدل LD290,تراز-دیجیتال-150میلیمتر-ترما-terma-مدل-ld290,5,TERMA | ترما,,,,LD290,LD290,LD290,generic.v1,PROFILE_MISSING,2,authorized_supplier_price_list,/home/shebahati/KaZar/Product and Data Complete/اندازه گیری/ترما/لیست قیمت ترما +25درصد.pdf,tier1_3_registry_match,16eef2bb037f47484ee99dc0fcaab7d873b12bcbd21f4f18b12ae5e0825ae4ed,LD290,BACKFILL_EXACT,
4669,LD260-6,تراز صنعتی دیجیتال 150میلیمتر ترما (TERMA) مدل LD260-6,تراز-صنعتی-دیجیتال-150میلیمتر-ترما-terma-مدل-ld260-6,5,TERMA | ترما,,,,LD260-6,LD260-6,LD260-6,generic.v1,PROFILE_MISSING,2,authorized_supplier_price_list,/home/shebahati/KaZar/Product and Data Complete/اندازه گیری/ترما/لیست قیمت ترما +25درصد.pdf,tier1_3_registry_match,16eef2bb037f47484ee99dc0fcaab7d873b12bcbd21f4f18b12ae5e0825ae4ed,LD260-6,BACKFILL_EXACT,
4670,LD260-9,تراز صنعتی دیجیتال 225میلیمتر ترما (TERMA) مدل LD260-9,تراز-صنعتی-دیجیتال-225میلیمتر-ترما-terma-مدل-ld260-9,5,TERMA | ترما,,,,LD260-9,LD260-9,LD260-9,generic.v1,PROFILE_MISSING,2,authorized_supplier_price_list,/home/shebahati/KaZar/Product and Data Complete/اندازه گیری/ترما/لیست قیمت ترما +25درصد.pdf,tier1_3_registry_match,16eef2bb037f47484ee99dc0fcaab7d873b12bcbd21f4f18b12ae5e0825ae4ed,LD260-9,BACKFILL_EXACT,
4671,LD260-24,تراز صنعتی دیجیتال 600میلیمتر ترما (TERMA) مدل LD260-24,تراز-صنعتی-دیجیتال-600میلیمتر-ترما-terma-مدل-ld260-24,5,TERMA | ترما,,,,LD260-24,LD260-24,LD260-24,generic.v1,PROFILE_MISSING,2,authorized_supplier_price_list,/home/shebahati/KaZar/Product and Data Complete/اندازه گیری/ترما/لیست قیمت ترما +25درصد.pdf,tier1_3_registry_match,16eef2bb037f47484ee99dc0fcaab7d873b12bcbd21f4f18b12ae5e0825ae4ed,LD260-24,BACKFILL_EXACT,
4672,PD290-100,زاویه سنج دیجیتال 10سانت ترما (TERMA) مدل PD290-100,زاویه-سنج-دیجیتال-10سانت-ترما-terma-مدل-pd290-100,5,TERMA | ترما,,,,PD290-100,PD290-100,PD290-100,generic.v1,PROFILE_MISSING,2,authorized_supplier_price_list,/home/shebahati/KaZar/Product and Data Complete/اندازه گیری/ترما/لیست قیمت ترما +25درصد.pdf,tier1_3_registry_match,16eef2bb037f47484ee99dc0fcaab7d873b12bcbd21f4f18b12ae5e0825ae4ed,PD290-100,BACKFILL_EXACT,
4673,PD290-200,زاویه سنج دیجیتال 20سانت ترما (TERMA) مدل PD290-200,زاویه-سنج-دیجیتال-20سانت-ترما-terma-مدل-pd290-200,5,TERMA | ترما,,,,PD290-200,PD290-200,PD290-200,generic.v1,PROFILE_MISSING,2,authorized_supplier_price_list,/home/shebahati/KaZar/Product and Data Complete/اندازه گیری/ترما/لیست قیمت ترما +25درصد.pdf,tier1_3_registry_match,16eef2bb037f47484ee99dc0fcaab7d873b12bcbd21f4f18b12ae5e0825ae4ed,PD290-200,BACKFILL_EXACT,
4674,PD290-300,زاویه سنج دیجیتال 30سانت ترما (TERMA) مدل PD290-300,زاویه-سنج-دیجیتال-30سانت-ترما-terma-مدل-pd290-300,5,TERMA | ترما,,,,PD290-300,PD290-300,PD290-300,generic.v1,PROFILE_MISSING,2,authorized_supplier_price_list,/home/shebahati/KaZar/Product and Data Complete/اندازه گیری/ترما/لیست قیمت ترما +25درصد.pdf,tier1_3_registry_match,16eef2bb037f47484ee99dc0fcaab7d873b12bcbd21f4f18b12ae5e0825ae4ed,PD290-300,BACKFILL_EXACT,
4675,PD270D-150,زاویه سنج دیجیتال 150سانت ترما (TERMA) مدل PD270D-150,زاویه-سنج-دیجیتال-150سانت-ترما-terma-مدل-pd270d-150,5,TERMA | ترما,,,,PD270D-150,PD270D-150,PD270D-150,generic.v1,PROFILE_MISSING,2,authorized_supplier_price_list,/home/shebahati/KaZar/Product and Data Complete/اندازه گیری/ترما/لیست قیمت ترما +25درصد.pdf,tier1_3_registry_match,16eef2bb037f47484ee99dc0fcaab7d873b12bcbd21f4f18b12ae5e0825ae4ed,PD270D-150,BACKFILL_EXACT,
4676,PD270D-200,زاویه سنج دیجیتال 200سانت ترما (TERMA) مدل PD270D-200,زاویه-سنج-دیجیتال-200سانت-ترما-terma-مدل-pd270d-200,5,TERMA | ترما,,,,PD270D-200,PD270D-200,PD270D-200,generic.v1,PROFILE_MISSING,2,authorized_supplier_price_list,/home/shebahati/KaZar/Product and Data Complete/اندازه گیری/ترما/لیست قیمت ترما +25درصد.pdf,tier1_3_registry_match,16eef2bb037f47484ee99dc0fcaab7d873b12bcbd21f4f18b12ae5e0825ae4ed,PD270D-200,BACKFILL_EXACT,
4677,PD270D-300,زاویه سنج دیجیتال 300سانت ترما (TERMA) مدل PD270D-300,زاویه-سنج-دیجیتال-300سانت-ترما-terma-مدل-pd270d-300,5,TERMA | ترما,,,,PD270D-300,PD270D-300,PD270D-300,generic.v1,PROFILE_MISSING,2,authorized_supplier_price_list,/home/shebahati/KaZar/Product and Data Complete/اندازه گیری/ترما/لیست قیمت ترما +25درصد.pdf,tier1_3_registry_match,16eef2bb037f47484ee99dc0fcaab7d873b12bcbd21f4f18b12ae5e0825ae4ed,PD270D-300,BACKFILL_EXACT,
4678,PD270D-600,زاویه سنج دیجیتال 600سانت ترما (TERMA) مدل PD270D-600,زاویه-سنج-دیجیتال-600سانت-ترما-terma-مدل-pd270d-600,5,TERMA | ترما,,,,PD270D-600,PD270D-600,PD270D-600,generic.v1,PROFILE_MISSING,2,authorized_supplier_price_list,/home/shebahati/KaZar/Product and Data Complete/اندازه گیری/ترما/لیست قیمت ترما +25درصد.pdf,tier1_3_registry_match,16eef2bb037f47484ee99dc0fcaab7d873b12bcbd21f4f18b12ae5e0825ae4ed,PD270D-600,BACKFILL_EXACT,
4679,PD211,گونیا سه تیکه دیجیتال ترما (TERMA) مدل PD211,گونیا-سه-تیکه-دیجیتال-ترما-terma-مدل-pd211,5,TERMA | ترما,,,,PD211,PD211,PD211,generic.v1,PROFILE_MISSING,2,authorized_supplier_price_list,/home/shebahati/KaZar/Product and Data Complete/اندازه گیری/ترما/لیست قیمت ترما +25درصد.pdf,tier1_3_registry_match,16eef2bb037f47484ee99dc0fcaab7d873b12bcbd21f4f18b12ae5e0825ae4ed,PD211,BACKFILL_EXACT,
4680,TG710M-25,عمق سنج 0-25دیجیتال آج الستیک ترما (TERMA) مدل TG710M-25,عمق-سنج-0-25دیجیتال-آج-الستیک-ترما-terma-مدل-tg710m-25,5,TERMA | ترما,,,,TG710M-25,TG710M-25,TG710M-25,generic.v1,PROFILE_MISSING,2,authorized_supplier_price_list,/home/shebahati/KaZar/Product and Data Complete/اندازه گیری/ترما/لیست قیمت ترما +25درصد.pdf,tier1_3_registry_match,16eef2bb037f47484ee99dc0fcaab7d873b12bcbd21f4f18b12ae5e0825ae4ed,TG710M-25,BACKFILL_EXACT,
4681,TGE280,ساعت Zدیجیتال ترما (TERMA) مدل TGE280,ساعت-zدیجیتال-ترما-terma-مدل-tge280,5,TERMA | ترما,,,,TGE280,TGE280,TGE280,generic.v1,PROFILE_MISSING,2,authorized_supplier_price_list,/home/shebahati/KaZar/Product and Data Complete/اندازه گیری/ترما/لیست قیمت ترما +25درصد.pdf,tier1_3_registry_match,16eef2bb037f47484ee99dc0fcaab7d873b12bcbd21f4f18b12ae5e0825ae4ed,TGE280,BACKFILL_EXACT,
4682,DS220A,سختی سنج شور Aدقت HA 0.5 ترما (TERMA) مدل DS220A,سختی-سنج-شور-aدقت-ha-05-ترما-terma-مدل-ds220a,5,TERMA | ترما,,,,DS220A,DS220A,DS220A,generic.v1,PROFILE_MISSING,2,authorized_supplier_price_list,/home/shebahati/KaZar/Product and Data Complete/اندازه گیری/ترما/لیست قیمت ترما +25درصد.pdf,tier1_3_registry_match,16eef2bb037f47484ee99dc0fcaab7d873b12bcbd21f4f18b12ae5e0825ae4ed,DS220A,BACKFILL_EXACT,
4683,DS220D,سختی سنج شور Dدقت HD 0.5 ترما (TERMA) مدل DS220D,سختی-سنج-شور-dدقت-hd-05-ترما-terma-مدل-ds220d,5,TERMA | ترما,,,,DS220D,DS220D,DS220D,generic.v1,PROFILE_MISSING,2,authorized_supplier_price_list,/home/shebahati/KaZar/Product and Data Complete/اندازه گیری/ترما/لیست قیمت ترما +25درصد.pdf,tier1_3_registry_match,16eef2bb037f47484ee99dc0fcaab7d873b12bcbd21f4f18b12ae5e0825ae4ed,DS220D,BACKFILL_EXACT,
4684,RDE111-3000,شابلون Rسنج دیجیتال ترما (TERMA) مدل RDE111-3000,شابلون-rسنج-دیجیتال-ترما-terma-مدل-rde111-3000,5,TERMA | ترما,,,,RDE111-3000,RDE111-3000,RDE111-3000,generic.v1,PROFILE_MISSING,2,authorized_supplier_price_list,/home/shebahati/KaZar/Product and Data Complete/اندازه گیری/ترما/لیست قیمت ترما +25درصد.pdf,tier1_3_registry_match,16eef2bb037f47484ee99dc0fcaab7d873b12bcbd21f4f18b12ae5e0825ae4ed,RDE111-3000,BACKFILL_EXACT,
4685,SD710,پایه ساعت (عمق سنج ) ترما (TERMA) مدل SD710,پایه-ساعت-عمق-سنج-ترما-terma-مدل-sd710,5,TERMA | ترما,,,,SD710,SD710,SD710,generic.v1,PROFILE_MISSING,2,authorized_supplier_price_list,/home/shebahati/KaZar/Product and Data Complete/اندازه گیری/ترما/لیست قیمت ترما +25درصد.pdf,tier1_3_registry_match,16eef2bb037f47484ee99dc0fcaab7d873b12bcbd21f4f18b12ae5e0825ae4ed,SD710,BACKFILL_EXACT,
4686,MD710H,میکرومترهد 0-25دیجیتال ترما (TERMA) مدل MD710H,میکرومترهد-0-25دیجیتال-ترما-terma-مدل-md710h,5,TERMA | ترما,,,,MD710H,MD710H,MD710H,generic.v1,PROFILE_MISSING,2,authorized_supplier_price_list,/home/shebahati/KaZar/Product and Data Complete/اندازه گیری/ترما/لیست قیمت ترما +25درصد.pdf,tier1_3_registry_match,16eef2bb037f47484ee99dc0fcaab7d873b12bcbd21f4f18b12ae5e0825ae4ed,MD710H,BACKFILL_EXACT,
4687,IDE120,ساعت شیطانکی دیجیتال ترما (TERMA) مدل IDE120,ساعت-شیطانکی-دیجیتال-ترما-terma-مدل-ide120,5,TERMA | ترما,,,,IDE120,IDE120,IDE120,generic.v1,PROFILE_MISSING,2,authorized_supplier_price_list,/home/shebahati/KaZar/Product and Data Complete/اندازه گیری/ترما/لیست قیمت ترما +25درصد.pdf,tier1_3_registry_match,16eef2bb037f47484ee99dc0fcaab7d873b12bcbd21f4f18b12ae5e0825ae4ed,IDE120,BACKFILL_EXACT,
4688,IB210N-20,ساعت اندیکاتور کورس 2سانت ترما (TERMA) مدل IB210N-20,ساعت-اندیکاتور-کورس-2سانت-ترما-terma-مدل-ib210n-20,5,TERMA | ترما,,,,IB210N-20,IB210N-20,IB210N-20,generic.v1,PROFILE_MISSING,2,authorized_supplier_price_list,/home/shebahati/KaZar/Product and Data Complete/اندازه گیری/ترما/لیست قیمت ترما +25درصد.pdf,tier1_3_registry_match,16eef2bb037f47484ee99dc0fcaab7d873b12bcbd21f4f18b12ae5e0825ae4ed,IB210N-20,BACKFILL_EXACT,
4689,IB210N-25,ساعت اندیکاتور کورس 2.5سانت ترما (TERMA) مدل IB210N-25,ساعت-اندیکاتور-کورس-25سانت-ترما-terma-مدل-ib210n-25,5,TERMA | ترما,,,,IB210N-25,IB210N-25,IB210N-25,generic.v1,PROFILE_MISSING,2,authorized_supplier_price_list,/home/shebahati/KaZar/Product and Data Complete/اندازه گیری/ترما/لیست قیمت ترما +25درصد.pdf,tier1_3_registry_match,16eef2bb037f47484ee99dc0fcaab7d873b12bcbd21f4f18b12ae5e0825ae4ed,IB210N-25,BACKFILL_EXACT,
4690,IB210N-30,ساعت اندیکاتور کورس 3سانت ترما (TERMA) مدل IB210N-30,ساعت-اندیکاتور-کورس-3سانت-ترما-terma-مدل-ib210n-30,5,TERMA | ترما,,,,IB210N-30,IB210N-30,IB210N-30,generic.v1,PROFILE_MISSING,2,authorized_supplier_price_list,/home/shebahati/KaZar/Product and Data Complete/اندازه گیری/ترما/لیست قیمت ترما +25درصد.pdf,tier1_3_registry_match,16eef2bb037f47484ee99dc0fcaab7d873b12bcbd21f4f18b12ae5e0825ae4ed,IB210N-30,BACKFILL_EXACT,
4691,IB210N-50,ساعت اندیکاتور کورس 5سانت ترما (TERMA) مدل IB210N-50,ساعت-اندیکاتور-کورس-5سانت-ترما-terma-مدل-ib210n-50,5,TERMA | ترما,,,,IB210N-50,IB210N-50,IB210N-50,generic.v1,PROFILE_MISSING,2,authorized_supplier_price_list,/home/shebahati/KaZar/Product and Data Complete/اندازه گیری/ترما/لیست قیمت ترما +25درصد.pdf,tier1_3_registry_match,16eef2bb037f47484ee99dc0fcaab7d873b12bcbd21f4f18b12ae5e0825ae4ed,IB210N-50,BACKFILL_EXACT,
4692,IB210N-100,ساعت اندیکاتور کورس 10سانت ترما (TERMA) مدل IB210N-100,ساعت-اندیکاتور-کورس-10سانت-ترما-terma-مدل-ib210n-100,5,TERMA | ترما,,,,IB210N-100,IB210N-100,IB210N-100,generic.v1,PROFILE_MISSING,2,authorized_supplier_price_list,/home/shebahati/KaZar/Product and Data Complete/اندازه گیری/ترما/لیست قیمت ترما +25درصد.pdf,tier1_3_registry_match,16eef2bb037f47484ee99dc0fcaab7d873b12bcbd21f4f18b12ae5e0825ae4ed,IB210N-100,BACKFILL_EXACT,
4693,WTD100C-150,پرگار داخل سنج 15سانت ترما (TERMA) مدل WTD100C-150,پرگار-داخل-سنج-15سانت-ترما-terma-مدل-wtd100c-150,5,TERMA | ترما,,,,WTD100C-150,WTD100C-150,WTD100C-150,generic.v1,PROFILE_MISSING,2,authorized_supplier_price_list,/home/shebahati/KaZar/Product and Data Complete/اندازه گیری/ترما/لیست قیمت ترما +25درصد.pdf,tier1_3_registry_match,16eef2bb037f47484ee99dc0fcaab7d873b12bcbd21f4f18b12ae5e0825ae4ed,WTD100C-150,BACKFILL_EXACT,
4694,WTD100C-200,پرگار داخل سنج 20سانت ترما (TERMA) مدل WTD100C-200,پرگار-داخل-سنج-20سانت-ترما-terma-مدل-wtd100c-200,5,TERMA | ترما,,,,WTD100C-200,WTD100C-200,WTD100C-200,generic.v1,PROFILE_MISSING,2,authorized_supplier_price_list,/home/shebahati/KaZar/Product and Data Complete/اندازه گیری/ترما/لیست قیمت ترما +25درصد.pdf,tier1_3_registry_match,16eef2bb037f47484ee99dc0fcaab7d873b12bcbd21f4f18b12ae5e0825ae4ed,WTD100C-200,BACKFILL_EXACT,
4695,WTD100C-300,پرگار داخل سنج 30سانت ترما (TERMA) مدل WTD100C-300,پرگار-داخل-سنج-30سانت-ترما-terma-مدل-wtd100c-300,5,TERMA | ترما,,,,WTD100C-300,WTD100C-300,WTD100C-300,generic.v1,PROFILE_MISSING,2,authorized_supplier_price_list,/home/shebahati/KaZar/Product and Data Complete/اندازه گیری/ترما/لیست قیمت ترما +25درصد.pdf,tier1_3_registry_match,16eef2bb037f47484ee99dc0fcaab7d873b12bcbd21f4f18b12ae5e0825ae4ed,WTD100C-300,BACKFILL_EXACT,
4696,WTD100C-600,پرگار داخل سنج 60سانت ترما (TERMA) مدل WTD100C-600,پرگار-داخل-سنج-60سانت-ترما-terma-مدل-wtd100c-600,5,TERMA | ترما,,,,WTD100C-600,WTD100C-600,WTD100C-600,generic.v1,PROFILE_MISSING,2,authorized_supplier_price_list,/home/shebahati/KaZar/Product and Data Complete/اندازه گیری/ترما/لیست قیمت ترما +25درصد.pdf,tier1_3_registry_match,16eef2bb037f47484ee99dc0fcaab7d873b12bcbd21f4f18b12ae5e0825ae4ed,WTD100C-600,BACKFILL_EXACT,
4697,WTD100A-150,پرگار مستقیم 15سانت ترما (TERMA) مدل WTD100A-150,پرگار-مستقیم-15سانت-ترما-terma-مدل-wtd100a-150,5,TERMA | ترما,,,,WTD100A-150,WTD100A-150,WTD100A-150,generic.v1,PROFILE_MISSING,2,authorized_supplier_price_list,/home/shebahati/KaZar/Product and Data Complete/اندازه گیری/ترما/لیست قیمت ترما +25درصد.pdf,tier1_3_registry_match,16eef2bb037f47484ee99dc0fcaab7d873b12bcbd21f4f18b12ae5e0825ae4ed,WTD100A-150,BACKFILL_EXACT,
4698,WTD100A-200,پرگار مستقیم 20سانت ترما (TERMA) مدل WTD100A-200,پرگار-مستقیم-20سانت-ترما-terma-مدل-wtd100a-200,5,TERMA | ترما,,,,WTD100A-200,WTD100A-200,WTD100A-200,generic.v1,PROFILE_MISSING,2,authorized_supplier_price_list,/home/shebahati/KaZar/Product and Data Complete/اندازه گیری/ترما/لیست قیمت ترما +25درصد.pdf,tier1_3_registry_match,16eef2bb037f47484ee99dc0fcaab7d873b12bcbd21f4f18b12ae5e0825ae4ed,WTD100A-200,BACKFILL_EXACT,
4699,WTD100A-300,پرگار مستقیم 30سانت ترما (TERMA) مدل WTD100A-300,پرگار-مستقیم-30سانت-ترما-terma-مدل-wtd100a-300,5,TERMA | ترما,,,,WTD100A-300,WTD100A-300,WTD100A-300,generic.v1,PROFILE_MISSING,2,authorized_supplier_price_list,/home/shebahati/KaZar/Product and Data Complete/اندازه گیری/ترما/لیست قیمت ترما +25درصد.pdf,tier1_3_registry_match,16eef2bb037f47484ee99dc0fcaab7d873b12bcbd21f4f18b12ae5e0825ae4ed,WTD100A-300,BACKFILL_EXACT,
4700,WTD100A-600,پرگار مستقیم 60سانت ترما (TERMA) مدل WTD100A-600,پرگار-مستقیم-60سانت-ترما-terma-مدل-wtd100a-600,5,TERMA | ترما,,,,WTD100A-600,WTD100A-600,WTD100A-600,generic.v1,PROFILE_MISSING,2,authorized_supplier_price_list,/home/shebahati/KaZar/Product and Data Complete/اندازه گیری/ترما/لیست قیمت ترما +25درصد.pdf,tier1_3_registry_match,16eef2bb037f47484ee99dc0fcaab7d873b12bcbd21f4f18b12ae5e0825ae4ed,WTD100A-600,BACKFILL_EXACT,
4701,WTD100B-200,پرگار خارج سنج 20سانت ترما (TERMA) مدل WTD100B-200,پرگار-خارج-سنج-20سانت-ترما-terma-مدل-wtd100b-200,5,TERMA | ترما,,,,WTD100B-200,WTD100B-200,WTD100B-200,generic.v1,PROFILE_MISSING,2,authorized_supplier_price_list,/home/shebahati/KaZar/Product and Data Complete/اندازه گیری/ترما/لیست قیمت ترما +25درصد.pdf,tier1_3_registry_match,16eef2bb037f47484ee99dc0fcaab7d873b12bcbd21f4f18b12ae5e0825ae4ed,WTD100B-200,BACKFILL_EXACT,
4702,WTD100B-300,پرگار خارج سنج 30سانت ترما (TERMA) مدل WTD100B-300,پرگار-خارج-سنج-30سانت-ترما-terma-مدل-wtd100b-300,5,TERMA | ترما,,,,WTD100B-300,WTD100B-300,WTD100B-300,generic.v1,PROFILE_MISSING,2,authorized_supplier_price_list,/home/shebahati/KaZar/Product and Data Complete/اندازه گیری/ترما/لیست قیمت ترما +25درصد.pdf,tier1_3_registry_match,16eef2bb037f47484ee99dc0fcaab7d873b12bcbd21f4f18b12ae5e0825ae4ed,WTD100B-300,BACKFILL_EXACT,
4703,WTP100,شابلون دنده اینچ و میلیمتر ترما (TERMA) مدل WTP100,شابلون-دنده-اینچ-و-میلیمتر-ترما-terma-مدل-wtp100,5,TERMA | ترما,,,,WTP100,WTP100,WTP100,generic.v1,PROFILE_MISSING,2,authorized_supplier_price_list,/home/shebahati/KaZar/Product and Data Complete/اندازه گیری/ترما/لیست قیمت ترما +25درصد.pdf,tier1_3_registry_match,16eef2bb037f47484ee99dc0fcaab7d873b12bcbd21f4f18b12ae5e0825ae4ed,WTP100,BACKFILL_EXACT,
4704,WGB100-18,راپورتر 18پارچه گرید 2 ترما (TERMA) مدل WGB100-18,راپورتر-18پارچه-گرید-2-ترما-terma-مدل-wgb100-18,5,TERMA | ترما,,,,WGB100-18,WGB100-18,WGB100-18,generic.v1,PROFILE_MISSING,2,authorized_supplier_price_list,/home/shebahati/KaZar/Product and Data Complete/اندازه گیری/ترما/لیست قیمت ترما +25درصد.pdf,tier1_3_registry_match,16eef2bb037f47484ee99dc0fcaab7d873b12bcbd21f4f18b12ae5e0825ae4ed,WGB100-18,BACKFILL_EXACT,
4705,WGB100-47,راپورتر 47پارچه گرید 2 ترما (TERMA) مدل WGB100-47,راپورتر-47پارچه-گرید-2-ترما-terma-مدل-wgb100-47,5,TERMA | ترما,,,,WGB100-47,WGB100-47,WGB100-47,generic.v1,PROFILE_MISSING,2,authorized_supplier_price_list,/home/shebahati/KaZar/Product and Data Complete/اندازه گیری/ترما/لیست قیمت ترما +25درصد.pdf,tier1_3_registry_match,16eef2bb037f47484ee99dc0fcaab7d873b12bcbd21f4f18b12ae5e0825ae4ed,WGB100-47,BACKFILL_EXACT,
4706,WGB100-67,راپورتر 76پارچه گرید 2 ترما (TERMA) مدل WGB100-67,راپورتر-76پارچه-گرید-2-ترما-terma-مدل-wgb100-67,5,TERMA | ترما,,,,WGB100-67,WGB100-67,WGB100-67,generic.v1,PROFILE_MISSING,2,authorized_supplier_price_list,/home/shebahati/KaZar/Product and Data Complete/اندازه گیری/ترما/لیست قیمت ترما +25درصد.pdf,tier1_3_registry_match,16eef2bb037f47484ee99dc0fcaab7d873b12bcbd21f4f18b12ae5e0825ae4ed,WGB100-67,BACKFILL_EXACT,
4707,WGB100-81,راپورتر 81پارچه گرید 2 ترما (TERMA) مدل WGB100-81,راپورتر-81پارچه-گرید-2-ترما-terma-مدل-wgb100-81,5,TERMA | ترما,,,,WGB100-81,WGB100-81,WGB100-81,generic.v1,PROFILE_MISSING,2,authorized_supplier_price_list,/home/shebahati/KaZar/Product and Data Complete/اندازه گیری/ترما/لیست قیمت ترما +25درصد.pdf,tier1_3_registry_match,16eef2bb037f47484ee99dc0fcaab7d873b12bcbd21f4f18b12ae5e0825ae4ed,WGB100-81,BACKFILL_EXACT,
4708,WGB100-87,راپورتر 87پارچه گرید 2 ترما (TERMA) مدل WGB100-87,راپورتر-87پارچه-گرید-2-ترما-terma-مدل-wgb100-87,5,TERMA | ترما,,,,WGB100-87,WGB100-87,WGB100-87,generic.v1,PROFILE_MISSING,2,authorized_supplier_price_list,/home/shebahati/KaZar/Product and Data Complete/اندازه گیری/ترما/لیست قیمت ترما +25درصد.pdf,tier1_3_registry_match,16eef2bb037f47484ee99dc0fcaab7d873b12bcbd21f4f18b12ae5e0825ae4ed,WGB100-87,BACKFILL_EXACT,
4709,WGB100-103,راپورتر 103پارچه گرید 2 ترما (TERMA) مدل WGB100-103,راپورتر-103پارچه-گرید-2-ترما-terma-مدل-wgb100-103,5,TERMA | ترما,,,,WGB100-103,WGB100-103,WGB100-103,generic.v1,PROFILE_MISSING,2,authorized_supplier_price_list,/home/shebahati/KaZar/Product and Data Complete/اندازه گیری/ترما/لیست قیمت ترما +25درصد.pdf,tier1_3_registry_match,16eef2bb037f47484ee99dc0fcaab7d873b12bcbd21f4f18b12ae5e0825ae4ed,WGB100-103,BACKFILL_EXACT,
4710,WGB100-112,راپورتر 112پارچه گرید 2 ترما (TERMA) مدل WGB100-112,راپورتر-112پارچه-گرید-2-ترما-terma-مدل-wgb100-112,5,TERMA | ترما,,,,WGB100-112,WGB100-112,WGB100-112,generic.v1,PROFILE_MISSING,2,authorized_supplier_price_list,/home/shebahati/KaZar/Product and Data Complete/اندازه گیری/ترما/لیست قیمت ترما +25درصد.pdf,tier1_3_registry_match,16eef2bb037f47484ee99dc0fcaab7d873b12bcbd21f4f18b12ae5e0825ae4ed,WGB100-112,BACKFILL_EXACT,
4711,WGB100-122,راپورتر 122پارچه گرید 2 ترما (TERMA) مدل WGB100-122,راپورتر-122پارچه-گرید-2-ترما-terma-مدل-wgb100-122,5,TERMA | ترما,,,,WGB100-122,WGB100-122,WGB100-122,generic.v1,PROFILE_MISSING,2,authorized_supplier_price_list,/home/shebahati/KaZar/Product and Data Complete/اندازه گیری/ترما/لیست قیمت ترما +25درصد.pdf,tier1_3_registry_match,16eef2bb037f47484ee99dc0fcaab7d873b12bcbd21f4f18b12ae5e0825ae4ed,WGB100-122,BACKFILL_EXACT,
4712,WSI100,مرکز یاب اینچ و میلیمتر ترما (TERMA) مدل WSI100,مرکز-یاب-اینچ-و-میلیمتر-ترما-terma-مدل-wsi100,5,TERMA | ترما,,,,WSI100,WSI100,WSI100,generic.v1,PROFILE_MISSING,2,authorized_supplier_price_list,/home/shebahati/KaZar/Product and Data Complete/اندازه گیری/ترما/لیست قیمت ترما +25درصد.pdf,tier1_3_registry_match,16eef2bb037f47484ee99dc0fcaab7d873b12bcbd21f4f18b12ae5e0825ae4ed,WSI100,BACKFILL_EXACT,
4713,WWG110,گیج جوش کمبریج ترما (TERMA) مدل WWG110,گیج-جوش-کمبریج-ترما-terma-مدل-wwg110,5,TERMA | ترما,,,,WWG110,WWG110,WWG110,generic.v1,PROFILE_MISSING,2,authorized_supplier_price_list,/home/shebahati/KaZar/Product and Data Complete/اندازه گیری/ترما/لیست قیمت ترما +25درصد.pdf,tier1_3_registry_match,16eef2bb037f47484ee99dc0fcaab7d873b12bcbd21f4f18b12ae5e0825ae4ed,WWG110,BACKFILL_EXACT,
4714,FDT250,ضخامت سنج MINI QUICK ترما (TERMA) مدل FDT250,ضخامت-سنج-mini-quick-ترما-terma-مدل-fdt250,5,TERMA | ترما,,,,FDT250,FDT250,FDT250,generic.v1,PROFILE_MISSING,2,authorized_supplier_price_list,/home/shebahati/KaZar/Product and Data Complete/اندازه گیری/ترما/لیست قیمت ترما +25درصد.pdf,tier1_3_registry_match,16eef2bb037f47484ee99dc0fcaab7d873b12bcbd21f4f18b12ae5e0825ae4ed,FDT250,BACKFILL_EXACT,
4715,WMS100,پایه میکرومتر ترما (TERMA) مدل WMS100,پایه-میکرومتر-ترما-terma-مدل-wms100,5,TERMA | ترما,,,,WMS100,WMS100,WMS100,generic.v1,PROFILE_MISSING,2,authorized_supplier_price_list,/home/shebahati/KaZar/Product and Data Complete/اندازه گیری/ترما/لیست قیمت ترما +25درصد.pdf,tier1_3_registry_match,16eef2bb037f47484ee99dc0fcaab7d873b12bcbd21f4f18b12ae5e0825ae4ed,WMS100,BACKFILL_EXACT,
4716,WPD110,زاویه سنج یونیورسال 30سانت ترما (TERMA) مدل WPD110,زاویه-سنج-یونیورسال-30سانت-ترما-terma-مدل-wpd110,5,TERMA | ترما,,,,WPD110,WPD110,WPD110,generic.v1,PROFILE_MISSING,2,authorized_supplier_price_list,/home/shebahati/KaZar/Product and Data Complete/اندازه گیری/ترما/لیست قیمت ترما +25درصد.pdf,tier1_3_registry_match,16eef2bb037f47484ee99dc0fcaab7d873b12bcbd21f4f18b12ae5e0825ae4ed,WPD110,BACKFILL_EXACT,
4742,WST-700,300-700mm ترما (TERMA) مدل WST-700,300-700mm-ترما-terma-مدل-wst-700,5,TERMA | ترما,,,,WST-700,WST-700,WST-700,generic.v1,PROFILE_MISSING,2,authorized_supplier_price_list,/home/shebahati/KaZar/Product and Data Complete/اندازه گیری/ترما/لیست قیمت ترما +25درصد.pdf,tier1_3_registry_match,16eef2bb037f47484ee99dc0fcaab7d873b12bcbd21f4f18b12ae5e0825ae4ed,WST-700,BACKFILL_EXACT,
4743,WST-1100,700-1100mm ترما (TERMA) مدل WST-1100,700-1100mm-ترما-terma-مدل-wst-1100,5,TERMA | ترما,,,,WST-1100,WST-1100,WST-1100,generic.v1,PROFILE_MISSING,2,authorized_supplier_price_list,/home/shebahati/KaZar/Product and Data Complete/اندازه گیری/ترما/لیست قیمت ترما +25درصد.pdf,tier1_3_registry_match,16eef2bb037f47484ee99dc0fcaab7d873b12bcbd21f4f18b12ae5e0825ae4ed,WST-1100,BACKFILL_EXACT,
4744,WST-1500,1100-1500mm ترما (TERMA) مدل WST-1500,1100-1500mm-ترما-terma-مدل-wst-1500,5,TERMA | ترما,,,,WST-1500,WST-1500,WST-1500,generic.v1,PROFILE_MISSING,2,authorized_supplier_price_list,/home/shebahati/KaZar/Product and Data Complete/اندازه گیری/ترما/لیست قیمت ترما +25درصد.pdf,tier1_3_registry_match,16eef2bb037f47484ee99dc0fcaab7d873b12bcbd21f4f18b12ae5e0825ae4ed,WST-1500,BACKFILL_EXACT,
4745,WST-1900,1500-1900mm ترما (TERMA) مدل WST-1900,1500-1900mm-ترما-terma-مدل-wst-1900,5,TERMA | ترما,,,,WST-1900,WST-1900,WST-1900,generic.v1,PROFILE_MISSING,2,authorized_supplier_price_list,/home/shebahati/KaZar/Product and Data Complete/اندازه گیری/ترما/لیست قیمت ترما +25درصد.pdf,tier1_3_registry_match,16eef2bb037f47484ee99dc0fcaab7d873b12bcbd21f4f18b12ae5e0825ae4ed,WST-1900,BACKFILL_EXACT,
4746,WST-2300,1900-2300mm ترما (TERMA) مدل WST-2300,1900-2300mm-ترما-terma-مدل-wst-2300,5,TERMA | ترما,,,,WST-2300,WST-2300,WST-2300,generic.v1,PROFILE_MISSING,2,authorized_supplier_price_list,/home/shebahati/KaZar/Product and Data Complete/اندازه گیری/ترما/لیست قیمت ترما +25درصد.pdf,tier1_3_registry_match,16eef2bb037f47484ee99dc0fcaab7d873b12bcbd21f4f18b12ae5e0825ae4ed,WST-2300,BACKFILL_EXACT,
4747,WST-2700,2300-2700mm ترما (TERMA) مدل WST-2700,2300-2700mm-ترما-terma-مدل-wst-2700,5,TERMA | ترما,,,,WST-2700,WST-2700,WST-2700,generic.v1,PROFILE_MISSING,2,authorized_supplier_price_list,/home/shebahati/KaZar/Product and Data Complete/اندازه گیری/ترما/لیست قیمت ترما +25درصد.pdf,tier1_3_registry_match,16eef2bb037f47484ee99dc0fcaab7d873b12bcbd21f4f18b12ae5e0825ae4ed,WST-2700,BACKFILL_EXACT,
4748,WST-3100,2700-3100mm ترما (TERMA) مدل WST-3100,2700-3100mm-ترما-terma-مدل-wst-3100,5,TERMA | ترما,,,,WST-3100,WST-3100,WST-3100,generic.v1,PROFILE_MISSING,2,authorized_supplier_price_list,/home/shebahati/KaZar/Product and Data Complete/اندازه گیری/ترما/لیست قیمت ترما +25درصد.pdf,tier1_3_registry_match,16eef2bb037f47484ee99dc0fcaab7d873b12bcbd21f4f18b12ae5e0825ae4ed,WST-3100,BACKFILL_EXACT,
4749,WST-3500,3100-3500mm ترما (TERMA) مدل WST-3500,3100-3500mm-ترما-terma-مدل-wst-3500,5,TERMA | ترما,,,,WST-3500,WST-3500,WST-3500,generic.v1,PROFILE_MISSING,2,authorized_supplier_price_list,/home/shebahati/KaZar/Product and Data Complete/اندازه گیری/ترما/لیست قیمت ترما +25درصد.pdf,tier1_3_registry_match,16eef2bb037f47484ee99dc0fcaab7d873b12bcbd21f4f18b12ae5e0825ae4ed,WST-3500,BACKFILL_EXACT,
4750,WBF100,فیلر برنجی 0.5-1.0طول 10سانت ترما (TERMA) مدل WBF100,فیلر-برنجی-05-10طول-10سانت-ترما-terma-مدل-wbf100,5,TERMA | ترما,,,,WBF100,WBF100,WBF100,generic.v1,PROFILE_MISSING,2,authorized_supplier_price_list,/home/shebahati/KaZar/Product and Data Complete/اندازه گیری/ترما/لیست قیمت ترما +25درصد.pdf,tier1_3_registry_match,16eef2bb037f47484ee99dc0fcaab7d873b12bcbd21f4f18b12ae5e0825ae4ed,WBF100,BACKFILL_EXACT,
4760,WT100,3D TESTER ترما (TERMA) مدل WT100,3d-tester-ترما-terma-مدل-wt100,5,TERMA | ترما,,,,WT100,WT100,WT100,generic.v1,PROFILE_MISSING,2,authorized_supplier_price_list,/home/shebahati/KaZar/Product and Data Complete/اندازه گیری/ترما/لیست قیمت ترما +25درصد.pdf,tier1_3_registry_match,16eef2bb037f47484ee99dc0fcaab7d873b12bcbd21f4f18b12ae5e0825ae4ed,WT100,BACKFILL_EXACT,
4761,WWG100,گیج جوش لوله ترما (TERMA) مدل WWG100,گیج-جوش-لوله-ترما-terma-مدل-wwg100,5,TERMA | ترما,,,,WWG100,WWG100,WWG100,generic.v1,PROFILE_MISSING,2,authorized_supplier_price_list,/home/shebahati/KaZar/Product and Data Complete/اندازه گیری/ترما/لیست قیمت ترما +25درصد.pdf,tier1_3_registry_match,16eef2bb037f47484ee99dc0fcaab7d873b12bcbd21f4f18b12ae5e0825ae4ed,WWG100,BACKFILL_EXACT,
4762,WPD120,زاویه سنج نقاله دار ترما (TERMA) مدل WPD120,زاویه-سنج-نقاله-دار-ترما-terma-مدل-wpd120,5,TERMA | ترما,,,,WPD120,WPD120,WPD120,generic.v1,PROFILE_MISSING,2,authorized_supplier_price_list,/home/shebahati/KaZar/Product and Data Complete/اندازه گیری/ترما/لیست قیمت ترما +25درصد.pdf,tier1_3_registry_match,16eef2bb037f47484ee99dc0fcaab7d873b12bcbd21f4f18b12ae5e0825ae4ed,WPD120,BACKFILL_EXACT,
4763,WPD100,گونیا سه تیکه ترما (TERMA) مدل WPD100,گونیا-سه-تیکه-ترما-terma-مدل-wpd100,5,TERMA | ترما,,,,WPD100,WPD100,WPD100,generic.v1,PROFILE_MISSING,2,authorized_supplier_price_list,/home/shebahati/KaZar/Product and Data Complete/اندازه گیری/ترما/لیست قیمت ترما +25درصد.pdf,tier1_3_registry_match,16eef2bb037f47484ee99dc0fcaab7d873b12bcbd21f4f18b12ae5e0825ae4ed,WPD100,BACKFILL_EXACT,
4764,WMT100,پایه ساعت گرانیتی 200*300*50 ترما (TERMA) مدل WMT100,پایه-ساعت-گرانیتی-20030050-ترما-terma-مدل-wmt100,5,TERMA | ترما,,,,WMT100,WMT100,WMT100,generic.v1,PROFILE_MISSING,2,authorized_supplier_price_list,/home/shebahati/KaZar/Product and Data Complete/اندازه گیری/ترما/لیست قیمت ترما +25درصد.pdf,tier1_3_registry_match,16eef2bb037f47484ee99dc0fcaab7d873b12bcbd21f4f18b12ae5e0825ae4ed,WMT100,BACKFILL_EXACT,
4765,WLD100-150,تراز صنعتی تخت 15سانت دقت 0.02 ترما (TERMA) مدل WLD100-150,تراز-صنعتی-تخت-15سانت-دقت-002-ترما-terma-مدل-wld100-150,5,TERMA | ترما,,,,WLD100-150,WLD100-150,WLD100-150,generic.v1,PROFILE_MISSING,2,authorized_supplier_price_list,/home/shebahati/KaZar/Product and Data Complete/اندازه گیری/ترما/لیست قیمت ترما +25درصد.pdf,tier1_3_registry_match,16eef2bb037f47484ee99dc0fcaab7d873b12bcbd21f4f18b12ae5e0825ae4ed,WLD100-150,BACKFILL_EXACT,
4766,WLD100-200,تراز صنعتی تخت 20سانت دقت 0.02 ترما (TERMA) مدل WLD100-200,تراز-صنعتی-تخت-20سانت-دقت-002-ترما-terma-مدل-wld100-200,5,TERMA | ترما,,,,WLD100-200,WLD100-200,WLD100-200,generic.v1,PROFILE_MISSING,2,authorized_supplier_price_list,/home/shebahati/KaZar/Product and Data Complete/اندازه گیری/ترما/لیست قیمت ترما +25درصد.pdf,tier1_3_registry_match,16eef2bb037f47484ee99dc0fcaab7d873b12bcbd21f4f18b12ae5e0825ae4ed,WLD100-200,BACKFILL_EXACT,
4767,WLD100-300,تراز صنعتی تخت 30سانت دقت 0.02 ترما (TERMA) مدل WLD100-300,تراز-صنعتی-تخت-30سانت-دقت-002-ترما-terma-مدل-wld100-300,5,TERMA | ترما,,,,WLD100-300,WLD100-300,WLD100-300,generic.v1,PROFILE_MISSING,2,authorized_supplier_price_list,/home/shebahati/KaZar/Product and Data Complete/اندازه گیری/ترما/لیست قیمت ترما +25درصد.pdf,tier1_3_registry_match,16eef2bb037f47484ee99dc0fcaab7d873b12bcbd21f4f18b12ae5e0825ae4ed,WLD100-300,BACKFILL_EXACT,
4768,WLD110-150,تراز صنعتی چهار گوش 15سانت دقت 0.02 ترما (TERMA) مدل WLD110-150,تراز-صنعتی-چهار-گوش-15سانت-دقت-002-ترما-terma-مدل-wld110-150,5,TERMA | ترما,,,,WLD110-150,WLD110-150,WLD110-150,generic.v1,PROFILE_MISSING,2,authorized_supplier_price_list,/home/shebahati/KaZar/Product and Data Complete/اندازه گیری/ترما/لیست قیمت ترما +25درصد.pdf,tier1_3_registry_match,16eef2bb037f47484ee99dc0fcaab7d873b12bcbd21f4f18b12ae5e0825ae4ed,WLD110-150,BACKFILL_EXACT,
4769,WLD110-200,تراز صنعتی چهار گوش 20سانت دقت 0.02 ترما (TERMA) مدل WLD110-200,تراز-صنعتی-چهار-گوش-20سانت-دقت-002-ترما-terma-مدل-wld110-200,5,TERMA | ترما,,,,WLD110-200,WLD110-200,WLD110-200,generic.v1,PROFILE_MISSING,2,authorized_supplier_price_list,/home/shebahati/KaZar/Product and Data Complete/اندازه گیری/ترما/لیست قیمت ترما +25درصد.pdf,tier1_3_registry_match,16eef2bb037f47484ee99dc0fcaab7d873b12bcbd21f4f18b12ae5e0825ae4ed,WLD110-200,BACKFILL_EXACT,
4770,WLD110-300,تراز صنعتی چهار گوش 30سانت دقت 0.02 ترما (TERMA) مدل WLD110-300,تراز-صنعتی-چهار-گوش-30سانت-دقت-002-ترما-terma-مدل-wld110-300,5,TERMA | ترما,,,,WLD110-300,WLD110-300,WLD110-300,generic.v1,PROFILE_MISSING,2,authorized_supplier_price_list,/home/shebahati/KaZar/Product and Data Complete/اندازه گیری/ترما/لیست قیمت ترما +25درصد.pdf,tier1_3_registry_match,16eef2bb037f47484ee99dc0fcaab7d873b12bcbd21f4f18b12ae5e0825ae4ed,WLD110-300,BACKFILL_EXACT,
4771,WCG100-150,مرکز یاب 150*130 ترما (TERMA) مدل WCG100-150,مرکز-یاب-150130-ترما-terma-مدل-wcg100-150,5,TERMA | ترما,,,,WCG100-150,WCG100-150,WCG100-150,generic.v1,PROFILE_MISSING,2,authorized_supplier_price_list,/home/shebahati/KaZar/Product and Data Complete/اندازه گیری/ترما/لیست قیمت ترما +25درصد.pdf,tier1_3_registry_match,16eef2bb037f47484ee99dc0fcaab7d873b12bcbd21f4f18b12ae5e0825ae4ed,WCG100-150,BACKFILL_EXACT,
4772,WCG100-200,مرکز یاب 200*150 ترما (TERMA) مدل WCG100-200,مرکز-یاب-200150-ترما-terma-مدل-wcg100-200,5,TERMA | ترما,,,,WCG100-200,WCG100-200,WCG100-200,generic.v1,PROFILE_MISSING,2,authorized_supplier_price_list,/home/shebahati/KaZar/Product and Data Complete/اندازه گیری/ترما/لیست قیمت ترما +25درصد.pdf,tier1_3_registry_match,16eef2bb037f47484ee99dc0fcaab7d873b12bcbd21f4f18b12ae5e0825ae4ed,WCG100-200,BACKFILL_EXACT,
4773,WCG100-300,مرکز یاب 300*180 ترما (TERMA) مدل WCG100-300,مرکز-یاب-300180-ترما-terma-مدل-wcg100-300,5,TERMA | ترما,,,,WCG100-300,WCG100-300,WCG100-300,generic.v1,PROFILE_MISSING,2,authorized_supplier_price_list,/home/shebahati/KaZar/Product and Data Complete/اندازه گیری/ترما/لیست قیمت ترما +25درصد.pdf,tier1_3_registry_match,16eef2bb037f47484ee99dc0fcaab7d873b12bcbd21f4f18b12ae5e0825ae4ed,WCG100-300,BACKFILL_EXACT,
4777,WDS110,20-88 HRA.20-100HRB.20-70HRC ترما (TERMA) مدل WDS110,20-88-hra20-100hrb20-70hrc-ترما-terma-مدل-wds110,5,TERMA | ترما,,,,WDS110,WDS110,WDS110,generic.v1,PROFILE_MISSING,2,authorized_supplier_price_list,/home/shebahati/KaZar/Product and Data Complete/اندازه گیری/ترما/لیست قیمت ترما +25درصد.pdf,tier1_3_registry_match,16eef2bb037f47484ee99dc0fcaab7d873b12bcbd21f4f18b12ae5e0825ae4ed,WDS110,BACKFILL_EXACT,
5830,AST-TRM10,دستگاه قلاویز زن برقی بازویی مدل AST-TRM10 سایز M3-M10,دستگاه-قلاویز-زن-برقی-بازویی-مدل-ast-trm10-سایز-m3-m10,13,ASTPOWER | ای اس تی پاور,,,,AST-TRM10 سایز M3-M10,AST-TRM10,AST-TRM10 سایز M3-M10|AST-TRM10,generic.v1,PROFILE_MISSING,3,ast_supplier_enumerator,/home/shebahati/KaZar/Product and Data Complete/آذرصنعت/AST Power/قلاویززن برقی/کاتالوگ همکاری/همکاری قلاویززن برقی.pdf,tier1_3_registry_match,c3a78949fa5914ec392dec3f834409278acae15c964853570c21bb883bfc2868,AST-TRM10,BACKFILL_EXACT,
5831,AST-TRM12,دستگاه قلاویز زن برقی بازویی مدل AST-TRM12 سایز M3-M12,دستگاه-قلاویز-زن-برقی-بازویی-مدل-ast-trm12-سایز-m3-m12,13,ASTPOWER | ای اس تی پاور,,,,AST-TRM12 سایز M3-M12,AST-TRM12,AST-TRM12 سایز M3-M12|AST-TRM12,generic.v1,PROFILE_MISSING,3,ast_supplier_enumerator,/home/shebahati/KaZar/Product and Data Complete/آذرصنعت/AST Power/قلاویززن برقی/کاتالوگ همکاری/همکاری قلاویززن برقی.pdf,tier1_3_registry_match,c3a78949fa5914ec392dec3f834409278acae15c964853570c21bb883bfc2868,AST-TRM12,BACKFILL_EXACT,
5832,AST-TRM16,دستگاه قلاویز زن برقی بازویی مدل AST-TRM16 سایز M3-M16,دستگاه-قلاویز-زن-برقی-بازویی-مدل-ast-trm16-سایز-m3-m16,13,ASTPOWER | ای اس تی پاور,,,,AST-TRM16 سایز M3-M16,AST-TRM16,AST-TRM16 سایز M3-M16|AST-TRM16,generic.v1,PROFILE_MISSING,3,ast_supplier_enumerator,/home/shebahati/KaZar/Product and Data Complete/آذرصنعت/AST Power/قلاویززن برقی/کاتالوگ همکاری/همکاری قلاویززن برقی.pdf,tier1_3_registry_match,c3a78949fa5914ec392dec3f834409278acae15c964853570c21bb883bfc2868,AST-TRM16,BACKFILL_EXACT,
5833,AST-TRM24,دستگاه قلاویز زن برقی بازویی مدل AST-TRM24 سایز M5-M24,دستگاه-قلاویز-زن-برقی-بازویی-مدل-ast-trm24-سایز-m5-m24,13,ASTPOWER | ای اس تی پاور,,,,AST-TRM24 سایز M5-M24,AST-TRM24,AST-TRM24 سایز M5-M24|AST-TRM24,generic.v1,PROFILE_MISSING,3,ast_supplier_enumerator,/home/shebahati/KaZar/Product and Data Complete/آذرصنعت/AST Power/قلاویززن برقی/کاتالوگ همکاری/همکاری قلاویززن برقی.pdf,tier1_3_registry_match,c3a78949fa5914ec392dec3f834409278acae15c964853570c21bb883bfc2868,AST-TRM24,BACKFILL_EXACT,
5834,AST-TRM36,دستگاه قلاویز زن برقی بازویی مدل AST-TRM36 سایز M5-M36,دستگاه-قلاویز-زن-برقی-بازویی-مدل-ast-trm36-سایز-m5-m36,13,ASTPOWER | ای اس تی پاور,,,,AST-TRM36 سایز M5-M36,AST-TRM36,AST-TRM36 سایز M5-M36|AST-TRM36,generic.v1,PROFILE_MISSING,3,ast_supplier_enumerator,/home/shebahati/KaZar/Product and Data Complete/آذرصنعت/AST Power/قلاویززن برقی/کاتالوگ همکاری/همکاری قلاویززن برقی.pdf,tier1_3_registry_match,c3a78949fa5914ec392dec3f834409278acae15c964853570c21bb883bfc2868,AST-TRM36,BACKFILL_EXACT,
5835,AST-TRM48,دستگاه قلاویز زن برقی بازویی مدل AST-TRM48 سایز M12-M48,دستگاه-قلاویز-زن-برقی-بازویی-مدل-ast-trm48-سایز-m12-m48,13,ASTPOWER | ای اس تی پاور,,,,AST-TRM48 سایز M12-M48,AST-TRM48,AST-TRM48 سایز M12-M48|AST-TRM48,generic.v1,PROFILE_MISSING,3,ast_supplier_enumerator,/home/shebahati/KaZar/Product and Data Complete/آذرصنعت/AST Power/قلاویززن برقی/کاتالوگ همکاری/همکاری قلاویززن برقی.pdf,tier1_3_registry_match,c3a78949fa5914ec392dec3f834409278acae15c964853570c21bb883bfc2868,AST-TRM48,BACKFILL_EXACT,
5836,AST-NSBM10,دستگاه قلاویز زن برقی بازویی مدل AST-NSBM10 سایز M3-M10,دستگاه-قلاویز-زن-برقی-بازویی-مدل-ast-nsbm10-سایز-m3-m10,13,ASTPOWER | ای اس تی پاور,,,,AST-NSBM10 سایز M3-M10,AST-NSBM10,AST-NSBM10 سایز M3-M10|AST-NSBM10,generic.v1,PROFILE_MISSING,3,ast_supplier_enumerator,/home/shebahati/KaZar/Product and Data Complete/آذرصنعت/AST Power/قلاویززن برقی/کاتالوگ همکاری/همکاری قلاویززن برقی.pdf,tier1_3_registry_match,c3a78949fa5914ec392dec3f834409278acae15c964853570c21bb883bfc2868,AST-NSBM10,BACKFILL_EXACT,
5837,AST-NSBM12,دستگاه قلاویز زن برقی بازویی مدل AST-NSBM12 سایز M3-M12,دستگاه-قلاویز-زن-برقی-بازویی-مدل-ast-nsbm12-سایز-m3-m12,13,ASTPOWER | ای اس تی پاور,,,,AST-NSBM12 سایز M3-M12,AST-NSBM12,AST-NSBM12 سایز M3-M12|AST-NSBM12,generic.v1,PROFILE_MISSING,3,ast_supplier_enumerator,/home/shebahati/KaZar/Product and Data Complete/آذرصنعت/AST Power/قلاویززن برقی/کاتالوگ همکاری/همکاری قلاویززن برقی.pdf,tier1_3_registry_match,c3a78949fa5914ec392dec3f834409278acae15c964853570c21bb883bfc2868,AST-NSBM12,BACKFILL_EXACT,
5838,AST-NSBM16,دستگاه قلاویز زن برقی بازویی مدل AST-NSBM16 سایز M3-M16,دستگاه-قلاویز-زن-برقی-بازویی-مدل-ast-nsbm16-سایز-m3-m16,13,ASTPOWER | ای اس تی پاور,,,,AST-NSBM16 سایز M3-M16,AST-NSBM16,AST-NSBM16 سایز M3-M16|AST-NSBM16,generic.v1,PROFILE_MISSING,3,ast_supplier_enumerator,/home/shebahati/KaZar/Product and Data Complete/آذرصنعت/AST Power/قلاویززن برقی/کاتالوگ همکاری/همکاری قلاویززن برقی.pdf,tier1_3_registry_match,c3a78949fa5914ec392dec3f834409278acae15c964853570c21bb883bfc2868,AST-NSBM16,BACKFILL_EXACT,
5839,AST-NSBM24,دستگاه قلاویز زن برقی بازویی مدل AST-NSBM24 سایز M5-M24,دستگاه-قلاویز-زن-برقی-بازویی-مدل-ast-nsbm24-سایز-m5-m24,13,ASTPOWER | ای اس تی پاور,,,,AST-NSBM24 سایز M5-M24,AST-NSBM24,AST-NSBM24 سایز M5-M24|AST-NSBM24,generic.v1,PROFILE_MISSING,3,ast_supplier_enumerator,/home/shebahati/KaZar/Product and Data Complete/آذرصنعت/AST Power/قلاویززن برقی/کاتالوگ همکاری/همکاری قلاویززن برقی.pdf,tier1_3_registry_match,c3a78949fa5914ec392dec3f834409278acae15c964853570c21bb883bfc2868,AST-NSBM24,BACKFILL_EXACT,
5840,AST-NSBM36,دستگاه قلاویز زن برقی بازویی مدل AST-NSBM36 سایز M5-M36,دستگاه-قلاویز-زن-برقی-بازویی-مدل-ast-nsbm36-سایز-m5-m36,13,ASTPOWER | ای اس تی پاور,,,,AST-NSBM36 سایز M5-M36,AST-NSBM36,AST-NSBM36 سایز M5-M36|AST-NSBM36,generic.v1,PROFILE_MISSING,3,ast_supplier_enumerator,/home/shebahati/KaZar/Product and Data Complete/آذرصنعت/AST Power/قلاویززن برقی/کاتالوگ همکاری/همکاری قلاویززن برقی.pdf,tier1_3_registry_match,c3a78949fa5914ec392dec3f834409278acae15c964853570c21bb883bfc2868,AST-NSBM36,BACKFILL_EXACT,
5841,AST-T800500,میز دستگاه قلاویز زن برقی مدل AST-T800500,میز-دستگاه-قلاویز-زن-برقی-مدل-ast-t800500,13,ASTPOWER | ای اس تی پاور,,,,AST-T800500,AST-T800500,AST-T800500,generic.v1,PROFILE_MISSING,3,ast_supplier_enumerator,/home/shebahati/KaZar/Product and Data Complete/آذرصنعت/AST Power/قلاویززن برقی/کاتالوگ همکاری/همکاری قلاویززن برقی.pdf,tier1_3_registry_match,c3a78949fa5914ec392dec3f834409278acae15c964853570c21bb883bfc2868,AST-T800500,BACKFILL_EXACT,
5842,AST-T900600,میز دستگاه قلاویز زن برقی مدل AST-T900600,میز-دستگاه-قلاویز-زن-برقی-مدل-ast-t900600,13,ASTPOWER | ای اس تی پاور,,,,AST-T900600,AST-T900600,AST-T900600,generic.v1,PROFILE_MISSING,3,ast_supplier_enumerator,/home/shebahati/KaZar/Product and Data Complete/آذرصنعت/AST Power/قلاویززن برقی/کاتالوگ همکاری/همکاری قلاویززن برقی.pdf,tier1_3_registry_match,c3a78949fa5914ec392dec3f834409278acae15c964853570c21bb883bfc2868,AST-T900600,BACKFILL_EXACT,
5843,AST-TAPCHUCK19,رابط با سه نظام دریل دستگاه قلاویز زن برقی مدل AST-TAPCHUCK19,رابط-با-سه-نظام-دریل-دستگاه-قلاویز-زن-برقی-مدل-ast-tapchuck19,13,ASTPOWER | ای اس تی پاور,,,,AST-TAPCHUCK19,AST-TAPCHUCK19,AST-TAPCHUCK19,generic.v1,PROFILE_MISSING,3,ast_supplier_enumerator,/home/shebahati/KaZar/Product and Data Complete/آذرصنعت/AST Power/قلاویززن برقی/کاتالوگ همکاری/همکاری قلاویززن برقی.pdf,tier1_3_registry_match,c3a78949fa5914ec392dec3f834409278acae15c964853570c21bb883bfc2868,AST-TAPCHUCK19,BACKFILL_EXACT,
5844,AST-TAPCHUCK31,رابط با سه نظام دریل دستگاه قلاویز زن برقی مدل AST-TAPCHUCK31,رابط-با-سه-نظام-دریل-دستگاه-قلاویز-زن-برقی-مدل-ast-tapchuck31,13,ASTPOWER | ای اس تی پاور,,,,AST-TAPCHUCK31,AST-TAPCHUCK31,AST-TAPCHUCK31,generic.v1,PROFILE_MISSING,3,ast_supplier_enumerator,/home/shebahati/KaZar/Product and Data Complete/آذرصنعت/AST Power/قلاویززن برقی/کاتالوگ همکاری/همکاری قلاویززن برقی.pdf,tier1_3_registry_match,c3a78949fa5914ec392dec3f834409278acae15c964853570c21bb883bfc2868,AST-TAPCHUCK31,BACKFILL_EXACT,
5845,AST-DP19,قطعه مگنت تنظیم زاویه قلاویزکاری مدل AST-DP19,قطعه-مگنت-تنظیم-زاویه-قلاویزکاری-مدل-ast-dp19,13,ASTPOWER | ای اس تی پاور,,,,AST-DP19,AST-DP19,AST-DP19,generic.v1,PROFILE_MISSING,3,ast_supplier_enumerator,/home/shebahati/KaZar/Product and Data Complete/آذرصنعت/AST Power/قلاویززن برقی/کاتالوگ همکاری/همکاری قلاویززن برقی.pdf,tier1_3_registry_match,c3a78949fa5914ec392dec3f834409278acae15c964853570c21bb883bfc2868,AST-DP19,BACKFILL_EXACT,
5846,AST-DP31,قطعه مگنت تنظیم زاویه قلاویزکاری مدل AST-DP31,قطعه-مگنت-تنظیم-زاویه-قلاویزکاری-مدل-ast-dp31,13,ASTPOWER | ای اس تی پاور,,,,AST-DP31,AST-DP31,AST-DP31,generic.v1,PROFILE_MISSING,3,ast_supplier_enumerator,/home/shebahati/KaZar/Product and Data Complete/آذرصنعت/AST Power/قلاویززن برقی/کاتالوگ همکاری/همکاری قلاویززن برقی.pdf,tier1_3_registry_match,c3a78949fa5914ec392dec3f834409278acae15c964853570c21bb883bfc2868,AST-DP31,BACKFILL_EXACT,
5847,AST-DID19/20,حدیده گیر دستگاه قلاویززن برقی مدل AST-DID19/20,حدیده-گیر-دستگاه-قلاویززن-برقی-مدل-ast-did1920,13,ASTPOWER | ای اس تی پاور,,,,AST-DID19/20,AST-DID19/20,AST-DID19/20,generic.v1,PROFILE_MISSING,3,ast_supplier_enumerator,/home/shebahati/KaZar/Product and Data Complete/آذرصنعت/AST Power/قلاویززن برقی/کاتالوگ همکاری/همکاری قلاویززن برقی.pdf,tier1_3_registry_match,c3a78949fa5914ec392dec3f834409278acae15c964853570c21bb883bfc2868,AST-DID19/20,BACKFILL_EXACT,
5848,AST-DID19/25,حدیده گیر دستگاه قلاویززن برقی مدل AST-DID19/25,حدیده-گیر-دستگاه-قلاویززن-برقی-مدل-ast-did1925,13,ASTPOWER | ای اس تی پاور,,,,AST-DID19/25,AST-DID19/25,AST-DID19/25,generic.v1,PROFILE_MISSING,3,ast_supplier_enumerator,/home/shebahati/KaZar/Product and Data Complete/آذرصنعت/AST Power/قلاویززن برقی/کاتالوگ همکاری/همکاری قلاویززن برقی.pdf,tier1_3_registry_match,c3a78949fa5914ec392dec3f834409278acae15c964853570c21bb883bfc2868,AST-DID19/25,BACKFILL_EXACT,
5849,AST-DID19/30,حدیده گیر دستگاه قلاویززن برقی مدل AST-DID19/30,حدیده-گیر-دستگاه-قلاویززن-برقی-مدل-ast-did1930,13,ASTPOWER | ای اس تی پاور,,,,AST-DID19/30,AST-DID19/30,AST-DID19/30,generic.v1,PROFILE_MISSING,3,ast_supplier_enumerator,/home/shebahati/KaZar/Product and Data Complete/آذرصنعت/AST Power/قلاویززن برقی/کاتالوگ همکاری/همکاری قلاویززن برقی.pdf,tier1_3_registry_match,c3a78949fa5914ec392dec3f834409278acae15c964853570c21bb883bfc2868,AST-DID19/30,BACKFILL_EXACT,
5850,AST-DID19/38,حدیده گیر دستگاه قلاویززن برقی مدل AST-DID19/38,حدیده-گیر-دستگاه-قلاویززن-برقی-مدل-ast-did1938,13,ASTPOWER | ای اس تی پاور,,,,AST-DID19/38,AST-DID19/38,AST-DID19/38,generic.v1,PROFILE_MISSING,3,ast_supplier_enumerator,/home/shebahati/KaZar/Product and Data Complete/آذرصنعت/AST Power/قلاویززن برقی/کاتالوگ همکاری/همکاری قلاویززن برقی.pdf,tier1_3_registry_match,c3a78949fa5914ec392dec3f834409278acae15c964853570c21bb883bfc2868,AST-DID19/38,BACKFILL_EXACT,
5851,AST-DID31/20,حدیده گیر دستگاه قلاویززن برقی مدل AST-DID31/20,حدیده-گیر-دستگاه-قلاویززن-برقی-مدل-ast-did3120,13,ASTPOWER | ای اس تی پاور,,,,AST-DID31/20,AST-DID31/20,AST-DID31/20,generic.v1,PROFILE_MISSING,3,ast_supplier_enumerator,/home/shebahati/KaZar/Product and Data Complete/آذرصنعت/AST Power/قلاویززن برقی/کاتالوگ همکاری/همکاری قلاویززن برقی.pdf,tier1_3_registry_match,c3a78949fa5914ec392dec3f834409278acae15c964853570c21bb883bfc2868,AST-DID31/20,BACKFILL_EXACT,
5852,AST-DID31/25,حدیده گیر دستگاه قلاویززن برقی مدل AST-DID31/25,حدیده-گیر-دستگاه-قلاویززن-برقی-مدل-ast-did3125,13,ASTPOWER | ای اس تی پاور,,,,AST-DID31/25,AST-DID31/25,AST-DID31/25,generic.v1,PROFILE_MISSING,3,ast_supplier_enumerator,/home/shebahati/KaZar/Product and Data Complete/آذرصنعت/AST Power/قلاویززن برقی/کاتالوگ همکاری/همکاری قلاویززن برقی.pdf,tier1_3_registry_match,c3a78949fa5914ec392dec3f834409278acae15c964853570c21bb883bfc2868,AST-DID31/25,BACKFILL_EXACT,
5853,AST-DID31/30,حدیده گیر دستگاه قلاویززن برقی مدل AST-DID31/30,حدیده-گیر-دستگاه-قلاویززن-برقی-مدل-ast-did3130,13,ASTPOWER | ای اس تی پاور,,,,AST-DID31/30,AST-DID31/30,AST-DID31/30,generic.v1,PROFILE_MISSING,3,ast_supplier_enumerator,/home/shebahati/KaZar/Product and Data Complete/آذرصنعت/AST Power/قلاویززن برقی/کاتالوگ همکاری/همکاری قلاویززن برقی.pdf,tier1_3_registry_match,c3a78949fa5914ec392dec3f834409278acae15c964853570c21bb883bfc2868,AST-DID31/30,BACKFILL_EXACT,
5854,AST-DID31/38,حدیده گیر دستگاه قلاویززن برقی مدل AST-DID31/38,حدیده-گیر-دستگاه-قلاویززن-برقی-مدل-ast-did3138,13,ASTPOWER | ای اس تی پاور,,,,AST-DID31/38,AST-DID31/38,AST-DID31/38,generic.v1,PROFILE_MISSING,3,ast_supplier_enumerator,/home/shebahati/KaZar/Product and Data Complete/آذرصنعت/AST Power/قلاویززن برقی/کاتالوگ همکاری/همکاری قلاویززن برقی.pdf,tier1_3_registry_match,c3a78949fa5914ec392dec3f834409278acae15c964853570c21bb883bfc2868,AST-DID31/38,BACKFILL_EXACT,
5855,AST-DID31/45,حدیده گیر دستگاه قلاویززن برقی مدل AST-DID31/45,حدیده-گیر-دستگاه-قلاویززن-برقی-مدل-ast-did3145,13,ASTPOWER | ای اس تی پاور,,,,AST-DID31/45,AST-DID31/45,AST-DID31/45,generic.v1,PROFILE_MISSING,3,ast_supplier_enumerator,/home/shebahati/KaZar/Product and Data Complete/آذرصنعت/AST Power/قلاویززن برقی/کاتالوگ همکاری/همکاری قلاویززن برقی.pdf,tier1_3_registry_match,c3a78949fa5914ec392dec3f834409278acae15c964853570c21bb883bfc2868,AST-DID31/45,BACKFILL_EXACT,
5856,AST-DID31/55,حدیده گیر دستگاه قلاویززن برقی مدل AST-DID31/55,حدیده-گیر-دستگاه-قلاویززن-برقی-مدل-ast-did3155,13,ASTPOWER | ای اس تی پاور,,,,AST-DID31/55,AST-DID31/55,AST-DID31/55,generic.v1,PROFILE_MISSING,3,ast_supplier_enumerator,/home/shebahati/KaZar/Product and Data Complete/آذرصنعت/AST Power/قلاویززن برقی/کاتالوگ همکاری/همکاری قلاویززن برقی.pdf,tier1_3_registry_match,c3a78949fa5914ec392dec3f834409278acae15c964853570c21bb883bfc2868,AST-DID31/55,BACKFILL_EXACT,
6022,437201,رابط خنک‌کاری هلدر سرتعویض‌شو مدل 437201 ای اس تی پاور (AST Power),رابط-خنککاری-هلدر-سرتعویضشو-مدل-437201-ای-اس-تی-پاور-ast-power,13,ASTPOWER | ای اس تی پاور,,,,437201 ای اس تی پاور (AST Power),437201,437201 ای اس تی پاور (AST Power)|437201,generic.v1,PROFILE_MISSING,3,ast_supplier_enumerator,/home/shebahati/KaZar/Product and Data Complete/آذرصنعت/AST Power/مته برگی/همکاری مته برگی.pdf,tier1_3_registry_match,68d6259fdf67c385b66f274572f952dde445a656dc9c0eae45222fa203c8aad4,437201,BACKFILL_EXACT,
6023,437202,رابط خنک‌کاری هلدر سرتعویض‌شو مدل 437202 ای اس تی پاور (AST Power),رابط-خنککاری-هلدر-سرتعویضشو-مدل-437202-ای-اس-تی-پاور-ast-power,13,ASTPOWER | ای اس تی پاور,,,,437202 ای اس تی پاور (AST Power),437202,437202 ای اس تی پاور (AST Power)|437202,generic.v1,PROFILE_MISSING,3,ast_supplier_enumerator,/home/shebahati/KaZar/Product and Data Complete/آذرصنعت/AST Power/مته برگی/همکاری مته برگی.pdf,tier1_3_registry_match,68d6259fdf67c385b66f274572f952dde445a656dc9c0eae45222fa203c8aad4,437202,BACKFILL_EXACT,
6024,437203,رابط خنک‌کاری هلدر سرتعویض‌شو مدل 437203 ای اس تی پاور (AST Power),رابط-خنککاری-هلدر-سرتعویضشو-مدل-437203-ای-اس-تی-پاور-ast-power,13,ASTPOWER | ای اس تی پاور,,,,437203 ای اس تی پاور (AST Power),437203,437203 ای اس تی پاور (AST Power)|437203,generic.v1,PROFILE_MISSING,3,ast_supplier_enumerator,/home/shebahati/KaZar/Product and Data Complete/آذرصنعت/AST Power/مته برگی/همکاری مته برگی.pdf,tier1_3_registry_match,68d6259fdf67c385b66f274572f952dde445a656dc9c0eae45222fa203c8aad4,437203,BACKFILL_EXACT,
6025,437204,رابط خنک‌کاری هلدر سرتعویض‌شو مدل 437204 ای اس تی پاور (AST Power),رابط-خنککاری-هلدر-سرتعویضشو-مدل-437204-ای-اس-تی-پاور-ast-power,13,ASTPOWER | ای اس تی پاور,,,,437204 ای اس تی پاور (AST Power),437204,437204 ای اس تی پاور (AST Power)|437204,generic.v1,PROFILE_MISSING,3,ast_supplier_enumerator,/home/shebahati/KaZar/Product and Data Complete/آذرصنعت/AST Power/مته برگی/همکاری مته برگی.pdf,tier1_3_registry_match,68d6259fdf67c385b66f274572f952dde445a656dc9c0eae45222fa203c8aad4,437204,BACKFILL_EXACT,
6026,437205,رابط خنک‌کاری هلدر سرتعویض‌شو مدل 437205 ای اس تی پاور (AST Power),رابط-خنککاری-هلدر-سرتعویضشو-مدل-437205-ای-اس-تی-پاور-ast-power,13,ASTPOWER | ای اس تی پاور,,,,437205 ای اس تی پاور (AST Power),437205,437205 ای اس تی پاور (AST Power)|437205,generic.v1,PROFILE_MISSING,3,ast_supplier_enumerator,/home/shebahati/KaZar/Product and Data Complete/آذرصنعت/AST Power/مته برگی/همکاری مته برگی.pdf,tier1_3_registry_match,68d6259fdf67c385b66f274572f952dde445a656dc9c0eae45222fa203c8aad4,437205,BACKFILL_EXACT,
6044,D32/25-35,هلدر مته سرتعویض‌شو مدل D32/25-35 ای اس تی پاور (AST Power),هلدر-مته-سرتعویضشو-مدل-d3225-35-ای-اس-تی-پاور-ast-power,13,ASTPOWER | ای اس تی پاور,,,,D32/25-35 ای اس تی پاور (AST Power),D32/25-35,D32/25-35 ای اس تی پاور (AST Power)|D32/25-35,generic.v1,PROFILE_MISSING,3,ast_supplier_enumerator,/home/shebahati/KaZar/Product and Data Complete/آذرصنعت/AST Power/مته برگی/همکاری مته برگی.pdf,tier1_3_registry_match,68d6259fdf67c385b66f274572f952dde445a656dc9c0eae45222fa203c8aad4,D32/25-35,BACKFILL_EXACT,
6047,D40/36-47,هلدر مته سرتعویض‌شو مدل D40/36-47 ای اس تی پاور (AST Power),هلدر-مته-سرتعویضشو-مدل-d4036-47-ای-اس-تی-پاور-ast-power,13,ASTPOWER | ای اس تی پاور,,,,D40/36-47 ای اس تی پاور (AST Power),D40/36-47,D40/36-47 ای اس تی پاور (AST Power)|D40/36-47,generic.v1,PROFILE_MISSING,3,ast_supplier_enumerator,/home/shebahati/KaZar/Product and Data Complete/آذرصنعت/AST Power/مته برگی/همکاری مته برگی.pdf,tier1_3_registry_match,68d6259fdf67c385b66f274572f952dde445a656dc9c0eae45222fa203c8aad4,D40/36-47,BACKFILL_EXACT,
6048,D40/48-65,هلدر مته سرتعویض‌شو مدل D40/48-65 ای اس تی پاور (AST Power),هلدر-مته-سرتعویضشو-مدل-d4048-65-ای-اس-تی-پاور-ast-power,13,ASTPOWER | ای اس تی پاور,,,,D40/48-65 ای اس تی پاور (AST Power),D40/48-65,D40/48-65 ای اس تی پاور (AST Power)|D40/48-65,generic.v1,PROFILE_MISSING,3,ast_supplier_enumerator,/home/shebahati/KaZar/Product and Data Complete/آذرصنعت/AST Power/مته برگی/همکاری مته برگی.pdf,tier1_3_registry_match,68d6259fdf67c385b66f274572f952dde445a656dc9c0eae45222fa203c8aad4,D40/48-65,BACKFILL_EXACT,
6181,AST-GAT7,مدل AST-GAT7,مدل-ast-gat7,13,ASTPOWER | ای اس تی پاور,,,,AST-GAT7,AST-GAT7,AST-GAT7,generic.v1,PROFILE_MISSING,3,ast_supplier_enumerator,/home/shebahati/KaZar/Product and Data Complete/آذرصنعت/AST Power/قلاویززن اتومات/همکاری قلاویززن اتومات.pdf,tier1_3_registry_match,bc4c87e079f08488f46e10e16d7092ebee017f45f16a0ee5fa107cc41f8e9539,AST-GAT7,BACKFILL_EXACT,
6182,AST-GAT12,مدل AST-GAT12,مدل-ast-gat12,13,ASTPOWER | ای اس تی پاور,,,,AST-GAT12,AST-GAT12,AST-GAT12,generic.v1,PROFILE_MISSING,3,ast_supplier_enumerator,/home/shebahati/KaZar/Product and Data Complete/آذرصنعت/AST Power/قلاویززن اتومات/همکاری قلاویززن اتومات.pdf,tier1_3_registry_match,bc4c87e079f08488f46e10e16d7092ebee017f45f16a0ee5fa107cc41f8e9539,AST-GAT12,BACKFILL_EXACT,
6183,AST-GAT20,مدل AST-GAT20,مدل-ast-gat20,13,ASTPOWER | ای اس تی پاور,,,,AST-GAT20,AST-GAT20,AST-GAT20,generic.v1,PROFILE_MISSING,3,ast_supplier_enumerator,/home/shebahati/KaZar/Product and Data Complete/آذرصنعت/AST Power/قلاویززن اتومات/همکاری قلاویززن اتومات.pdf,tier1_3_registry_match,bc4c87e079f08488f46e10e16d7092ebee017f45f16a0ee5fa107cc41f8e9539,AST-GAT20,BACKFILL_EXACT,
