product_id,sku,classification,manufacturer_identity_ready,product_type_ready,brand_display_ready,profile_ready,variant_fact_ready_if_required,oem_exact_plus_pt_governed,oem_exact_plus_pt_missing,oem_exact_plus_profile_missing
1044,1012-0010,BACKFILL_EXACT,True,False,True,False,,False,True,False
1045,1012-0030,BACKFILL_EXACT,True,False,True,False,,False,True,False
1046,1012-2005,BACKFILL_EXACT,True,False,True,False,,False,True,False
1047,1012-3010,BACKFILL_EXACT,True,False,True,False,,False,True,False
1048,1012-3015,BACKFILL_EXACT,True,False,True,False,,False,True,False
1049,1012-3020,BACKFILL_EXACT,True,False,True,False,,False,True,False
1050,1021-2005,BACKFILL_EXACT,True,False,True,False,,False,True,False
1051,1022-1010,BACKFILL_EXACT,True,False,True,False,,False,True,False
1052,1022-1015,BACKFILL_EXACT,True,False,True,False,,False,True,False
1053,1022-4200,BACKFILL_EXACT,True,False,True,False,,False,True,False
1054,1022-4300,BACKFILL_EXACT,True,False,True,False,,False,True,False
1055,1030-2010,BACKFILL_EXACT,True,False,True,False,,False,True,False
1056,1030-2051,BACKFILL_EXACT,True,False,True,False,,False,True,False
1057,1030-2056,BACKFILL_EXACT,True,False,True,False,,False,True,False
1058,1030-2061,BACKFILL_EXACT,True,False,True,False,,False,True,False
1059,1030-2100,BACKFILL_EXACT,True,False,True,False,,False,True,False
1060,1031-2005,BACKFILL_EXACT,True,False,True,False,,False,True,False
1061,1031-2010,BACKFILL_EXACT,True,False,True,False,,False,True,False
1062,1041-0005,BACKFILL_EXACT,True,False,True,False,,False,True,False
1063,1041-0007,HOLD_WEAK_EVIDENCE,False,False,True,False,,False,False,False
1064,1041-2205,BACKFILL_EXACT,True,False,True,False,,False,True,False
1065,1041-2215,BACKFILL_EXACT,True,False,True,False,,False,True,False
1066,1051-0005,BACKFILL_EXACT,True,False,True,False,,False,True,False
1067,1051-0008,BACKFILL_EXACT,True,False,True,False,,False,True,False
1068,1051-0302,BACKFILL_EXACT,True,False,True,False,,False,True,False
1069,1051-0304,BACKFILL_EXACT,True,False,True,False,,False,True,False
1070,1051-2010,BACKFILL_EXACT,True,False,True,False,,False,True,False
1071,1120-3113,BACKFILL_EXACT,True,False,True,False,,False,True,False
1072,1122-9001,BACKFILL_EXACT,True,False,True,False,,False,True,False
1073,1305-0002,BACKFILL_EXACT,True,False,True,False,,False,True,False
1074,1305-0003,BACKFILL_EXACT,True,False,True,False,,False,True,False
1075,1305-0010,BACKFILL_EXACT,True,False,True,False,,False,True,False
1076,1305-0025,BACKFILL_EXACT,True,False,True,False,,False,True,False
1077,1310-0004,BACKFILL_EXACT,True,False,True,False,,False,True,False
1078,1310-0005,BACKFILL_EXACT,True,False,True,False,,False,True,False
1079,1310-0006,BACKFILL_EXACT,True,False,True,False,,False,True,False
1080,1310-0007,BACKFILL_EXACT,True,False,True,False,,False,True,False
1081,1310-0008,BACKFILL_EXACT,True,False,True,False,,False,True,False
1082,1310-0009,BACKFILL_EXACT,True,False,True,False,,False,True,False
1083,1310-0010,BACKFILL_EXACT,True,False,True,False,,False,True,False
1084,1310-0011,BACKFILL_EXACT,True,False,True,False,,False,True,False
1085,1310-0012,BACKFILL_EXACT,True,False,True,False,,False,True,False
1086,1310-0015,BACKFILL_EXACT,True,False,True,False,,False,True,False
1087,1310-0016,BACKFILL_EXACT,True,False,True,False,,False,True,False
1088,1310-0017,BACKFILL_EXACT,True,False,True,False,,False,True,False
1089,1310-0021,BACKFILL_EXACT,True,False,True,False,,False,True,False
1090,1310-0025,BACKFILL_EXACT,True,False,True,False,,False,True,False
1091,1310-0030,BACKFILL_EXACT,True,False,True,False,,False,True,False
1092,1310-0031,BACKFILL_EXACT,True,False,True,False,,False,True,False
1093,1310-0041,BACKFILL_EXACT,True,False,True,False,,False,True,False
1094,1310-0042,BACKFILL_EXACT,True,False,True,False,,False,True,False
1095,1310-0043,BACKFILL_EXACT,True,False,True,False,,False,True,False
1096,1310-0044,BACKFILL_EXACT,True,False,True,False,,False,True,False
1097,1310-0055,BACKFILL_EXACT,True,False,True,False,,False,True,False
1098,1310-0060,BACKFILL_EXACT,True,False,True,False,,False,True,False
1099,1310-0090,BACKFILL_EXACT,True,False,True,False,,False,True,False
1100,1310-0095,BACKFILL_EXACT,True,False,True,False,,False,True,False
1101,1310-0100,BACKFILL_EXACT,True,False,True,False,,False,True,False
1102,1331-2115,BACKFILL_EXACT,True,False,True,False,,False,True,False
1103,1331-2120,BACKFILL_EXACT,True,False,True,False,,False,True,False
1104,1331-2130,BACKFILL_EXACT,True,False,True,False,,False,True,False
1105,1350-5005,BACKFILL_EXACT,True,False,True,False,,False,True,False
1106,1350-5010,BACKFILL_EXACT,True,False,True,False,,False,True,False
1107,1350-5015,BACKFILL_EXACT,True,False,True,False,,False,True,False
1108,1351-0005,BACKFILL_EXACT,True,False,True,False,,False,True,False
1109,1351-0010,BACKFILL_EXACT,True,False,True,False,,False,True,False
1110,1351-0015,BACKFILL_EXACT,True,False,True,False,,False,True,False
1111,1352-2010,BACKFILL_EXACT,True,False,True,False,,False,True,False
1112,1380-3004,BACKFILL_EXACT,True,False,True,False,,False,True,False
1113,1380-3005,BACKFILL_EXACT,True,False,True,False,,False,True,False
1114,1380-3010,BACKFILL_EXACT,True,False,True,False,,False,True,False
1115,1380-3015,BACKFILL_EXACT,True,False,True,False,,False,True,False
1116,1500-1052,BACKFILL_EXACT,True,False,True,False,,False,True,False
1117,1704-0005,HOLD_WEAK_EVIDENCE,False,False,True,False,,False,False,False
1118,1732-0035,BACKFILL_EXACT,True,False,True,False,,False,True,False
1119,1801-1005,BACKFILL_EXACT,True,False,True,False,,False,True,False
1120,1801-2005,BACKFILL_EXACT,True,False,True,False,,False,True,False
1121,1803-2110,BACKFILL_EXACT,True,False,True,False,,False,True,False
1122,1803-4111,BACKFILL_EXACT,True,False,True,False,,False,True,False
1123,1803-4112,BACKFILL_EXACT,True,False,True,False,,False,True,False
1124,1803-4113,BACKFILL_EXACT,True,False,True,False,,False,True,False
1125,1803-4114,BACKFILL_EXACT,True,False,True,False,,False,True,False
1126,1803-4115,BACKFILL_EXACT,True,False,True,False,,False,True,False
1127,1803-4116,BACKFILL_EXACT,True,False,True,False,,False,True,False
1128,1803-4117,BACKFILL_EXACT,True,False,True,False,,False,True,False
1129,1803-4118,BACKFILL_EXACT,True,False,True,False,,False,True,False
1130,1803-4119,BACKFILL_EXACT,True,False,True,False,,False,True,False
1131,1803-4120,BACKFILL_EXACT,True,False,True,False,,False,True,False
1132,1803-4121,BACKFILL_EXACT,True,False,True,False,,False,True,False
1133,1803-4122,BACKFILL_EXACT,True,False,True,False,,False,True,False
1134,1803-4123,BACKFILL_EXACT,True,False,True,False,,False,True,False
1135,1803-4124,BACKFILL_EXACT,True,False,True,False,,False,True,False
1136,1803-4125,BACKFILL_EXACT,True,False,True,False,,False,True,False
1137,1803-4126,BACKFILL_EXACT,True,False,True,False,,False,True,False
1138,1803-4127,BACKFILL_EXACT,True,False,True,False,,False,True,False
1139,1803-4128,BACKFILL_EXACT,True,False,True,False,,False,True,False
1140,1803-4129,BACKFILL_EXACT,True,False,True,False,,False,True,False
1141,1803-4130,BACKFILL_EXACT,True,False,True,False,,False,True,False
1142,1803-4131,BACKFILL_EXACT,True,False,True,False,,False,True,False
1143,1803-4132,BACKFILL_EXACT,True,False,True,False,,False,True,False
1144,1804-0005,BACKFILL_EXACT,True,False,True,False,,False,True,False
1145,1804-1005,BACKFILL_EXACT,True,False,True,False,,False,True,False
1146,1804-1006,BACKFILL_EXACT,True,False,True,False,,False,True,False
1147,1804-1007,BACKFILL_EXACT,True,False,True,False,,False,True,False
1148,1804-1010,BACKFILL_EXACT,True,False,True,False,,False,True,False
1149,1804-1015,BACKFILL_EXACT,True,False,True,False,,False,True,False
1150,1804-1020,BACKFILL_EXACT,True,False,True,False,,False,True,False
1151,1804-1025,BACKFILL_EXACT,True,False,True,False,,False,True,False
1152,1804-1035,BACKFILL_EXACT,True,False,True,False,,False,True,False
1153,1804-1045,BACKFILL_EXACT,True,False,True,False,,False,True,False
1154,1804-1065,BACKFILL_EXACT,True,False,True,False,,False,True,False
1155,1804-1070,BACKFILL_EXACT,True,False,True,False,,False,True,False
1156,1804-1075,BACKFILL_EXACT,True,False,True,False,,False,True,False
1157,1804-1090,BACKFILL_EXACT,True,False,True,False,,False,True,False
1158,1804-1095,BACKFILL_EXACT,True,False,True,False,,False,True,False
1159,1804-1100,BACKFILL_EXACT,True,False,True,False,,False,True,False
1160,1804-1102,BACKFILL_EXACT,True,False,True,False,,False,True,False
1161,1804-1103,BACKFILL_EXACT,True,False,True,False,,False,True,False
1162,1804-1104,BACKFILL_EXACT,True,False,True,False,,False,True,False
1163,1804-1106,BACKFILL_EXACT,True,False,True,False,,False,True,False
1164,1804-1107,BACKFILL_EXACT,True,False,True,False,,False,True,False
1165,1804-1115,BACKFILL_EXACT,True,False,True,False,,False,True,False
1166,1804-1120,BACKFILL_EXACT,True,False,True,False,,False,True,False
1167,1804-1125,BACKFILL_EXACT,True,False,True,False,,False,True,False
1168,1804-1130,BACKFILL_EXACT,True,False,True,False,,False,True,False
1169,1804-1131,BACKFILL_EXACT,True,False,True,False,,False,True,False
1170,1804-1132,BACKFILL_EXACT,True,False,True,False,,False,True,False
1171,1804-1133,BACKFILL_EXACT,True,False,True,False,,False,True,False
1172,1804-1165,BACKFILL_EXACT,True,False,True,False,,False,True,False
1173,1804-1170,BACKFILL_EXACT,True,False,True,False,,False,True,False
1174,1804-1175,BACKFILL_EXACT,True,False,True,False,,False,True,False
1175,1804-1215,BACKFILL_EXACT,True,False,True,False,,False,True,False
1176,1804-1405,BACKFILL_EXACT,True,False,True,False,,False,True,False
1177,1804-1710,BACKFILL_EXACT,True,False,True,False,,False,True,False
1178,1804-2005,BACKFILL_EXACT,True,False,True,False,,False,True,False
1179,1804-2010,BACKFILL_EXACT,True,False,True,False,,False,True,False
1180,1804-2015,BACKFILL_EXACT,True,False,True,False,,False,True,False
1181,1804-2405,BACKFILL_EXACT,True,False,True,False,,False,True,False
1182,1804-4613,BACKFILL_EXACT,True,False,True,False,,False,True,False
1183,1804-5111,BACKFILL_EXACT,True,False,True,False,,False,True,False
1184,1804-5116,BACKFILL_EXACT,True,False,True,False,,False,True,False
1185,1804-5221,BACKFILL_EXACT,True,False,True,False,,False,True,False
1186,1804-5223,BACKFILL_EXACT,True,False,True,False,,False,True,False
1187,1804-5331,BACKFILL_EXACT,True,False,True,False,,False,True,False
1188,1804-5336,BACKFILL_EXACT,True,False,True,False,,False,True,False
1189,1804-5341,BACKFILL_EXACT,True,False,True,False,,False,True,False
1190,1804-5441,BACKFILL_EXACT,True,False,True,False,,False,True,False
1191,1804-5771,HOLD_WEAK_EVIDENCE,False,False,True,False,,False,False,False
1192,1804-5773,HOLD_WEAK_EVIDENCE,False,False,True,False,,False,False,False
1193,1804-5774,BACKFILL_EXACT,True,False,True,False,,False,True,False
1194,1804-5779,HOLD_WEAK_EVIDENCE,False,False,True,False,,False,False,False
1195,1804-5881,BACKFILL_EXACT,True,False,True,False,,False,True,False
1196,1804-5991,BACKFILL_EXACT,True,False,True,False,,False,True,False
1197,1804-6111,BACKFILL_EXACT,True,False,True,False,,False,True,False
1198,1804-6221,BACKFILL_EXACT,True,False,True,False,,False,True,False
1199,1804-6302,BACKFILL_EXACT,True,False,True,False,,False,True,False
1200,1804-6310,BACKFILL_EXACT,True,False,True,False,,False,True,False
1201,1804-6331,BACKFILL_EXACT,True,False,True,False,,False,True,False
1202,1804-6663,BACKFILL_EXACT,True,False,True,False,,False,True,False
1203,1804-6771,BACKFILL_EXACT,True,False,True,False,,False,True,False
1204,1804-6881,BACKFILL_EXACT,True,False,True,False,,False,True,False
1205,1804-6882,BACKFILL_EXACT,True,False,True,False,,False,True,False
1206,1804-6991,BACKFILL_EXACT,True,False,True,False,,False,True,False
1207,1804-6993,BACKFILL_EXACT,True,False,True,False,,False,True,False
1208,1804-6996,BACKFILL_EXACT,True,False,True,False,,False,True,False
1209,1804-7013,BACKFILL_EXACT,True,False,True,False,,False,True,False
1210,1804-7111,BACKFILL_EXACT,True,False,True,False,,False,True,False
1211,2000-2005,BACKFILL_EXACT,True,False,True,False,,False,True,False
1212,2000-2010,BACKFILL_EXACT,True,False,True,False,,False,True,False
1213,2000-2015,BACKFILL_EXACT,True,False,True,False,,False,True,False
1214,2001-2005,BACKFILL_EXACT,True,False,True,False,,False,True,False
1215,2001-2010,BACKFILL_EXACT,True,False,True,False,,False,True,False
1216,2001-2015,BACKFILL_EXACT,True,False,True,False,,False,True,False
1217,2015-1005,HOLD_WEAK_EVIDENCE,False,False,True,False,,False,False,False
1218,2015-2405,BACKFILL_EXACT,True,False,True,False,,False,True,False
1219,2015-2410,BACKFILL_EXACT,True,False,True,False,,False,True,False
1220,2015-2415,BACKFILL_EXACT,True,False,True,False,,False,True,False
1221,2020-1005,HOLD_WEAK_EVIDENCE,False,False,True,False,,False,False,False
1222,2035-0006,BACKFILL_EXACT,True,False,True,False,,False,True,False
1223,2065-1105,BACKFILL_EXACT,True,False,True,False,,False,True,False
1224,2065-1110,BACKFILL_EXACT,True,False,True,False,,False,True,False
1225,2065-1115,BACKFILL_EXACT,True,False,True,False,,False,True,False
1226,2070-1105,BACKFILL_EXACT,True,False,True,False,,False,True,False
1227,2070-1110,BACKFILL_EXACT,True,False,True,False,,False,True,False
1228,2070-1115,BACKFILL_EXACT,True,False,True,False,,False,True,False
1229,2100-1015,BACKFILL_EXACT,True,False,True,False,,False,True,False
1230,2100-1115,BACKFILL_EXACT,True,False,True,False,,False,True,False
1231,2100-1120,BACKFILL_EXACT,True,False,True,False,,False,True,False
1232,2100-1130,BACKFILL_EXACT,True,False,True,False,,False,True,False
1233,2110-8105,BACKFILL_EXACT,True,False,True,False,,False,True,False
1234,2115-2305,BACKFILL_EXACT,True,False,True,False,,False,True,False
1235,2117-9105,BACKFILL_EXACT,True,False,True,False,,False,True,False
1236,2117-9110,BACKFILL_EXACT,True,False,True,False,,False,True,False
1237,2117-9115,BACKFILL_EXACT,True,False,True,False,,False,True,False
1238,2140-8101,BACKFILL_EXACT,True,False,True,False,,False,True,False
1239,2140-8105,BACKFILL_EXACT,True,False,True,False,,False,True,False
1240,2210-8106,BACKFILL_EXACT,True,False,True,False,,False,True,False
1241,2220-3570,BACKFILL_EXACT,True,False,True,False,,False,True,False
1242,2220-8103,BACKFILL_EXACT,True,False,True,False,,False,True,False
1243,2220-8104,BACKFILL_EXACT,True,False,True,False,,False,True,False
1244,2220-8105,BACKFILL_EXACT,True,False,True,False,,False,True,False
1245,2220-8110,BACKFILL_EXACT,True,False,True,False,,False,True,False
1246,2220-8115,BACKFILL_EXACT,True,False,True,False,,False,True,False
1247,2220-8117,BACKFILL_EXACT,True,False,True,False,,False,True,False
1248,2220-8130,BACKFILL_EXACT,True,False,True,False,,False,True,False
1249,2220-8135,BACKFILL_EXACT,True,False,True,False,,False,True,False
1250,2220-8150,BACKFILL_EXACT,True,False,True,False,,False,True,False
1251,2220-8155,BACKFILL_EXACT,True,False,True,False,,False,True,False
1252,2220-8170,BACKFILL_EXACT,True,False,True,False,,False,True,False
1253,2220-8175,BACKFILL_EXACT,True,False,True,False,,False,True,False
1254,2220-8180,BACKFILL_EXACT,True,False,True,False,,False,True,False
1255,2220-8185,BACKFILL_EXACT,True,False,True,False,,False,True,False
1256,2220-8190,BACKFILL_EXACT,True,False,True,False,,False,True,False
1257,2220-8200,BACKFILL_EXACT,True,False,True,False,,False,True,False
1258,2220-8205,BACKFILL_EXACT,True,False,True,False,,False,True,False
1259,2220-8210,BACKFILL_EXACT,True,False,True,False,,False,True,False
1260,2220-8215,BACKFILL_EXACT,True,False,True,False,,False,True,False
1261,2220-8220,BACKFILL_EXACT,True,False,True,False,,False,True,False
1262,2220-8225,BACKFILL_EXACT,True,False,True,False,,False,True,False
1263,2220-8230,BACKFILL_EXACT,True,False,True,False,,False,True,False
1264,2240-0025,BACKFILL_EXACT,True,False,True,False,,False,True,False
1265,2240-0026,BACKFILL_EXACT,True,False,True,False,,False,True,False
1266,2240-0027,BACKFILL_EXACT,True,False,True,False,,False,True,False
1267,2250-2105,BACKFILL_EXACT,True,False,True,False,,False,True,False
1268,2345-4005,BACKFILL_EXACT,True,False,True,False,,False,True,False
1269,2346-1015,BACKFILL_EXACT,True,False,True,False,,False,True,False
1270,2406-1005,BACKFILL_EXACT,True,False,True,False,,False,True,False
1271,2406-1010,BACKFILL_EXACT,True,False,True,False,,False,True,False
1272,2410-8105,BACKFILL_EXACT,True,False,True,False,,False,True,False
1273,2410-8110,BACKFILL_EXACT,True,False,True,False,,False,True,False
1274,2570-5105,BACKFILL_EXACT,True,False,True,False,,False,True,False
1275,2570-5110,BACKFILL_EXACT,True,False,True,False,,False,True,False
1276,2570-5115,BACKFILL_EXACT,True,False,True,False,,False,True,False
1277,2610-8105,BACKFILL_EXACT,True,False,True,False,,False,True,False
1278,2710-1105,BACKFILL_EXACT,True,False,True,False,,False,True,False
1279,2805-0005,BACKFILL_EXACT,True,False,True,False,,False,True,False
1280,3001-0105,BACKFILL_EXACT,True,False,True,False,,False,True,False
1281,3001-0120,BACKFILL_EXACT,True,False,True,False,,False,True,False
1282,3001-0125,BACKFILL_EXACT,True,False,True,False,,False,True,False
1283,3001-1001,BACKFILL_EXACT,True,False,True,False,,False,True,False
1284,3001-1901,HOLD_WEAK_EVIDENCE,False,False,True,False,,False,False,False
1285,3001-1903,HOLD_WEAK_EVIDENCE,False,False,True,False,,False,False,False
1286,3001-1905,HOLD_WEAK_EVIDENCE,False,False,True,False,,False,False,False
1287,3004-0003,BACKFILL_EXACT,True,False,True,False,,False,True,False
1288,3004-0005,BACKFILL_EXACT,True,False,True,False,,False,True,False
1289,3004-1005,BACKFILL_EXACT,True,False,True,False,,False,True,False
1290,3004-2005,BACKFILL_EXACT,True,False,True,False,,False,True,False
1291,3110-6105,HOLD_WEAK_EVIDENCE,False,False,True,False,,False,False,False
1292,3110-6120,HOLD_WEAK_EVIDENCE,False,False,True,False,,False,False,False
1293,3130-8115,BACKFILL_EXACT,True,False,True,False,,False,True,False
1294,3130-8119,BACKFILL_EXACT,True,False,True,False,,False,True,False
1295,3130-8120,BACKFILL_EXACT,True,False,True,False,,False,True,False
1296,3130-8125,BACKFILL_EXACT,True,False,True,False,,False,True,False
1297,3130-8130,BACKFILL_EXACT,True,False,True,False,,False,True,False
1298,3221-1105,BACKFILL_EXACT,True,False,True,False,,False,True,False
1299,3230-8105,HOLD_WEAK_EVIDENCE,False,False,True,False,,False,False,False
1300,3230-8110,HOLD_WEAK_EVIDENCE,False,False,True,False,,False,False,False
1301,3230-8115,HOLD_WEAK_EVIDENCE,False,False,True,False,,False,False,False
1302,3430-4110,BACKFILL_EXACT,True,False,True,False,,False,True,False
1303,3430-4115,BACKFILL_EXACT,True,False,True,False,,False,True,False
1304,3430-4120,BACKFILL_EXACT,True,False,True,False,,False,True,False
1305,3530-0005,BACKFILL_EXACT,True,False,True,False,,False,True,False
1306,3530-0010,BACKFILL_EXACT,True,False,True,False,,False,True,False
1307,4005-0090,BACKFILL_EXACT,True,False,True,False,,False,True,False
1308,4005-0095,BACKFILL_EXACT,True,False,True,False,,False,True,False
1309,4005-0100,BACKFILL_EXACT,True,False,True,False,,False,True,False
1310,4107-1005,BACKFILL_EXACT,True,False,True,False,,False,True,False
1311,4111-5205,BACKFILL_EXACT,True,False,True,False,,False,True,False
1312,4111-8102,BACKFILL_EXACT,True,False,True,False,,False,True,False
1313,4111-8104,BACKFILL_EXACT,True,False,True,False,,False,True,False
1314,4111-8105,BACKFILL_EXACT,True,False,True,False,,False,True,False
1315,4111-8106,BACKFILL_EXACT,True,False,True,False,,False,True,False
1316,4111-8108,BACKFILL_EXACT,True,False,True,False,,False,True,False
1317,4111-8110,BACKFILL_EXACT,True,False,True,False,,False,True,False
1318,4111-8115,BACKFILL_EXACT,True,False,True,False,,False,True,False
1319,4111-8120,BACKFILL_EXACT,True,False,True,False,,False,True,False
1320,4111-8125,BACKFILL_EXACT,True,False,True,False,,False,True,False
1321,4111-8130,BACKFILL_EXACT,True,False,True,False,,False,True,False
1322,4111-8620,BACKFILL_EXACT,True,False,True,False,,False,True,False
1323,4111-8625,BACKFILL_EXACT,True,False,True,False,,False,True,False
1324,4111-8630,BACKFILL_EXACT,True,False,True,False,,False,True,False
1325,4111-8635,BACKFILL_EXACT,True,False,True,False,,False,True,False
1326,4111-8640,BACKFILL_EXACT,True,False,True,False,,False,True,False
1327,4111-8645,BACKFILL_EXACT,True,False,True,False,,False,True,False
1328,4111-8650,BACKFILL_EXACT,True,False,True,False,,False,True,False
1329,4111-8655,BACKFILL_EXACT,True,False,True,False,,False,True,False
1330,4111-9105,BACKFILL_EXACT,True,False,True,False,,False,True,False
1331,4111-9110,BACKFILL_EXACT,True,False,True,False,,False,True,False
1332,4111-9120,BACKFILL_EXACT,True,False,True,False,,False,True,False
1333,4111-9130,BACKFILL_EXACT,True,False,True,False,,False,True,False
1334,4112-7435,BACKFILL_EXACT,True,False,True,False,,False,True,False
1335,4112-7440,BACKFILL_EXACT,True,False,True,False,,False,True,False
1336,4112-7445,BACKFILL_EXACT,True,False,True,False,,False,True,False
1337,4112-7450,BACKFILL_EXACT,True,False,True,False,,False,True,False
1338,4112-8145,BACKFILL_EXACT,True,False,True,False,,False,True,False
1339,4112-8150,BACKFILL_EXACT,True,False,True,False,,False,True,False
1340,4112-8155,BACKFILL_EXACT,True,False,True,False,,False,True,False
1341,4112-8160,BACKFILL_EXACT,True,False,True,False,,False,True,False
1342,4127-0005,BACKFILL_EXACT,True,False,True,False,,False,True,False
1343,4137-4005,BACKFILL_EXACT,True,False,True,False,,False,True,False
1344,4146-1005,BACKFILL_EXACT,True,False,True,False,,False,True,False
1345,4146-1010,BACKFILL_EXACT,True,False,True,False,,False,True,False
1346,4146-1015,BACKFILL_EXACT,True,False,True,False,,False,True,False
1347,4146-1020,BACKFILL_EXACT,True,False,True,False,,False,True,False
1348,4146-5105,BACKFILL_EXACT,True,False,True,False,,False,True,False
1349,4210-2103,BACKFILL_EXACT,True,False,True,False,,False,True,False
1350,4210-2105,HOLD_WEAK_EVIDENCE,False,False,True,False,,False,False,False
1351,4210-2106,BACKFILL_EXACT,True,False,True,False,,False,True,False
1352,4210-2110,BACKFILL_EXACT,True,False,True,False,,False,True,False
1353,4210-2125,BACKFILL_EXACT,True,False,True,False,,False,True,False
1354,4210-2135,HOLD_WEAK_EVIDENCE,False,False,True,False,,False,False,False
1355,4210-2140,HOLD_WEAK_EVIDENCE,False,False,True,False,,False,False,False
1356,4210-2145,HOLD_WEAK_EVIDENCE,False,False,True,False,,False,False,False
1357,4210-2150,HOLD_WEAK_EVIDENCE,False,False,True,False,,False,False,False
1358,4210-2155,HOLD_WEAK_EVIDENCE,False,False,True,False,,False,False,False
1359,4210-2160,HOLD_WEAK_EVIDENCE,False,False,True,False,,False,False,False
1360,4220-2104,BACKFILL_EXACT,True,False,True,False,,False,True,False
1361,4220-2108,BACKFILL_EXACT,True,False,True,False,,False,True,False
1362,4220-2109,BACKFILL_EXACT,True,False,True,False,,False,True,False
1363,4230-2005,BACKFILL_EXACT,True,False,True,False,,False,True,False
1364,4230-2010,BACKFILL_EXACT,True,False,True,False,,False,True,False
1365,4230-2015,BACKFILL_EXACT,True,False,True,False,,False,True,False
1366,4230-2020,BACKFILL_EXACT,True,False,True,False,,False,True,False
1367,4230-2025,BACKFILL_EXACT,True,False,True,False,,False,True,False
1368,4230-2030,BACKFILL_EXACT,True,False,True,False,,False,True,False
1369,4311-8103,BACKFILL_EXACT,True,False,True,False,,False,True,False
1370,4311-8106,BACKFILL_EXACT,True,False,True,False,,False,True,False
1371,4311-8107,BACKFILL_EXACT,True,False,True,False,,False,True,False
1372,4311-8109,BACKFILL_EXACT,True,False,True,False,,False,True,False
1373,4311-8111,BACKFILL_EXACT,True,False,True,False,,False,True,False
1374,4311-8113,BACKFILL_EXACT,True,False,True,False,,False,True,False
1375,4311-8118,BACKFILL_EXACT,True,False,True,False,,False,True,False
1376,4311-8119,BACKFILL_EXACT,True,False,True,False,,False,True,False
1377,4311-8120,BACKFILL_EXACT,True,False,True,False,,False,True,False
1378,4400-0005,BACKFILL_EXACT,True,False,True,False,,False,True,False
1379,4400-0010,BACKFILL_EXACT,True,False,True,False,,False,True,False
1380,4410-1105,HOLD_WEAK_EVIDENCE,False,False,True,False,,False,False,False
1381,4410-1110,HOLD_WEAK_EVIDENCE,False,False,True,False,,False,False,False
1382,4410-1115,HOLD_WEAK_EVIDENCE,False,False,True,False,,False,False,False
1383,4410-1120,HOLD_WEAK_EVIDENCE,False,False,True,False,,False,False,False
1384,4410-1125,BACKFILL_EXACT,True,False,True,False,,False,True,False
1385,4411-3210,BACKFILL_EXACT,True,False,True,False,,False,True,False
1386,4411-3215,BACKFILL_EXACT,True,False,True,False,,False,True,False
1387,4411-3220,BACKFILL_EXACT,True,False,True,False,,False,True,False
1388,4411-5101,HOLD_WEAK_EVIDENCE,False,False,True,False,,False,False,False
1389,4411-5102,HOLD_WEAK_EVIDENCE,False,False,True,False,,False,False,False
1390,4411-5103,HOLD_WEAK_EVIDENCE,False,False,True,False,,False,False,False
1391,4411-5104,HOLD_WEAK_EVIDENCE,False,False,True,False,,False,False,False
1392,4411-5105,HOLD_WEAK_EVIDENCE,False,False,True,False,,False,False,False
1393,4411-5106,HOLD_WEAK_EVIDENCE,False,False,True,False,,False,False,False
1394,4411-5107,HOLD_WEAK_EVIDENCE,False,False,True,False,,False,False,False
1395,4411-5108,HOLD_WEAK_EVIDENCE,False,False,True,False,,False,False,False
1396,4411-5109,HOLD_WEAK_EVIDENCE,False,False,True,False,,False,False,False
1397,4411-5110,HOLD_WEAK_EVIDENCE,False,False,True,False,,False,False,False
1398,4411-5111,HOLD_WEAK_EVIDENCE,False,False,True,False,,False,False,False
1399,4411-5112,HOLD_WEAK_EVIDENCE,False,False,True,False,,False,False,False
1400,4411-5113,HOLD_WEAK_EVIDENCE,False,False,True,False,,False,False,False
1401,4411-5114,HOLD_WEAK_EVIDENCE,False,False,True,False,,False,False,False
1402,4411-5115,HOLD_WEAK_EVIDENCE,False,False,True,False,,False,False,False
1403,4411-5116,HOLD_WEAK_EVIDENCE,False,False,True,False,,False,False,False
1404,4411-5117,HOLD_WEAK_EVIDENCE,False,False,True,False,,False,False,False
1405,4411-5118,HOLD_WEAK_EVIDENCE,False,False,True,False,,False,False,False
1406,4411-5119,HOLD_WEAK_EVIDENCE,False,False,True,False,,False,False,False
1407,4411-5120,HOLD_WEAK_EVIDENCE,False,False,True,False,,False,False,False
1408,4411-5121,HOLD_WEAK_EVIDENCE,False,False,True,False,,False,False,False
1409,4411-9205,HOLD_WEAK_EVIDENCE,False,False,True,False,,False,False,False
1410,4440-1005,BACKFILL_EXACT,True,False,True,False,,False,True,False
1411,4440-1010,BACKFILL_EXACT,True,False,True,False,,False,True,False
1412,4510-1005,BACKFILL_EXACT,True,False,True,False,,False,True,False
1413,4511-5101,BACKFILL_EXACT,True,False,True,False,,False,True,False
1414,4511-5102,BACKFILL_EXACT,True,False,True,False,,False,True,False
1415,4511-5103,BACKFILL_EXACT,True,False,True,False,,False,True,False
1416,4511-5104,BACKFILL_EXACT,True,False,True,False,,False,True,False
1417,4511-5105,BACKFILL_EXACT,True,False,True,False,,False,True,False
1418,4511-5106,BACKFILL_EXACT,True,False,True,False,,False,True,False
1419,4511-5107,BACKFILL_EXACT,True,False,True,False,,False,True,False
1420,4511-5108,BACKFILL_EXACT,True,False,True,False,,False,True,False
1421,4511-5109,BACKFILL_EXACT,True,False,True,False,,False,True,False
1422,4511-5110,BACKFILL_EXACT,True,False,True,False,,False,True,False
1423,4511-5111,BACKFILL_EXACT,True,False,True,False,,False,True,False
1424,4511-5112,BACKFILL_EXACT,True,False,True,False,,False,True,False
1425,4511-5113,BACKFILL_EXACT,True,False,True,False,,False,True,False
1426,4511-5114,BACKFILL_EXACT,True,False,True,False,,False,True,False
1427,4511-5115,HOLD_WEAK_EVIDENCE,False,False,True,False,,False,False,False
1428,4511-5116,BACKFILL_EXACT,True,False,True,False,,False,True,False
1429,4511-5117,HOLD_WEAK_EVIDENCE,False,False,True,False,,False,False,False
1430,4511-5118,HOLD_WEAK_EVIDENCE,False,False,True,False,,False,False,False
1431,4511-5119,HOLD_WEAK_EVIDENCE,False,False,True,False,,False,False,False
1432,4511-5120,HOLD_WEAK_EVIDENCE,False,False,True,False,,False,False,False
1433,4511-5121,HOLD_WEAK_EVIDENCE,False,False,True,False,,False,False,False
1434,4511-9205,BACKFILL_EXACT,True,False,True,False,,False,True,False
1435,4511-9210,BACKFILL_EXACT,True,False,True,False,,False,True,False
1436,4511-9215,BACKFILL_EXACT,True,False,True,False,,False,True,False
1437,4550-1005,BACKFILL_EXACT,True,False,True,False,,False,True,False
1438,4570-0005,BACKFILL_EXACT,True,False,True,False,,False,True,False
1439,4610-1005,BACKFILL_EXACT,True,False,True,False,,False,True,False
1440,4610-1010,BACKFILL_EXACT,True,False,True,False,,False,True,False
1441,4610-1015,BACKFILL_EXACT,True,False,True,False,,False,True,False
1442,4610-1020,BACKFILL_EXACT,True,False,True,False,,False,True,False
1443,4610-1405,BACKFILL_EXACT,True,False,True,False,,False,True,False
1444,4611-8106,BACKFILL_EXACT,True,False,True,False,,False,True,False
1445,4611-8110,BACKFILL_EXACT,True,False,True,False,,False,True,False
1446,4611-8120,BACKFILL_EXACT,True,False,True,False,,False,True,False
1447,4611-8125,BACKFILL_EXACT,True,False,True,False,,False,True,False
1448,4620-2020,BACKFILL_EXACT,True,False,True,False,,False,True,False
1449,4620-5005,BACKFILL_EXACT,True,False,True,False,,False,True,False
1450,4620-5010,BACKFILL_EXACT,True,False,True,False,,False,True,False
1451,4620-5015,BACKFILL_EXACT,True,False,True,False,,False,True,False
1452,4706-0002,BACKFILL_EXACT,True,False,True,False,,False,True,False
1453,4706-0003,BACKFILL_EXACT,True,False,True,False,,False,True,False
1454,4706-0011,BACKFILL_EXACT,True,False,True,False,,False,True,False
1455,4706-0012,BACKFILL_EXACT,True,False,True,False,,False,True,False
1456,4710-1205,BACKFILL_EXACT,True,False,True,False,,False,True,False
1457,4710-2205,BACKFILL_EXACT,True,False,True,False,,False,True,False
1458,4800-0005,BACKFILL_EXACT,True,False,True,False,,False,True,False
1459,4800-0010,BACKFILL_EXACT,True,False,True,False,,False,True,False
1460,4800-0015,BACKFILL_EXACT,True,False,True,False,,False,True,False
1461,4800-0020,BACKFILL_EXACT,True,False,True,False,,False,True,False
1462,4800-0025,BACKFILL_EXACT,True,False,True,False,,False,True,False
1463,4800-0030,BACKFILL_EXACT,True,False,True,False,,False,True,False
1464,4800-0035,BACKFILL_EXACT,True,False,True,False,,False,True,False
1465,4801-0003,BACKFILL_EXACT,True,False,True,False,,False,True,False
1466,4801-0004,BACKFILL_EXACT,True,False,True,False,,False,True,False
1467,4801-0005,BACKFILL_EXACT,True,False,True,False,,False,True,False
1468,4801-0006,BACKFILL_EXACT,True,False,True,False,,False,True,False
1469,4811-8115,BACKFILL_EXACT,True,False,True,False,,False,True,False
1470,4811-8120,BACKFILL_EXACT,True,False,True,False,,False,True,False
1471,4905-0005,BACKFILL_EXACT,True,False,True,False,,False,True,False
1472,4905-0006,BACKFILL_EXACT,True,False,True,False,,False,True,False
1473,4905-0007,BACKFILL_EXACT,True,False,True,False,,False,True,False
1474,4905-0008,BACKFILL_EXACT,True,False,True,False,,False,True,False
1475,4905-0009,BACKFILL_EXACT,True,False,True,False,,False,True,False
1476,4905-0010,BACKFILL_EXACT,True,False,True,False,,False,True,False
1477,4905-0011,BACKFILL_EXACT,True,False,True,False,,False,True,False
1478,4910-2110,BACKFILL_EXACT,True,False,True,False,,False,True,False
1479,4910-2115,BACKFILL_EXACT,True,False,True,False,,False,True,False
1480,4910-2130,BACKFILL_EXACT,True,False,True,False,,False,True,False
1481,4910-2135,BACKFILL_EXACT,True,False,True,False,,False,True,False
1482,4910-4105,BACKFILL_EXACT,True,False,True,False,,False,True,False
1483,4910-4110,BACKFILL_EXACT,True,False,True,False,,False,True,False
1484,4910-4115,BACKFILL_EXACT,True,False,True,False,,False,True,False
1485,4910-4120,BACKFILL_EXACT,True,False,True,False,,False,True,False
1486,4911-8105,HOLD_WEAK_EVIDENCE,False,False,True,False,,False,False,False
1487,4911-8115,HOLD_WEAK_EVIDENCE,False,False,True,False,,False,False,False
1488,4911-8130,BACKFILL_EXACT,True,False,True,False,,False,True,False
1489,4911-8135,BACKFILL_EXACT,True,False,True,False,,False,True,False
1490,4911-8140,BACKFILL_EXACT,True,False,True,False,,False,True,False
1491,5111-1005,BACKFILL_EXACT,True,False,True,False,,False,True,False
1492,5111-1110,BACKFILL_EXACT,True,False,True,False,,False,True,False
1493,5111-1205,BACKFILL_EXACT,True,False,True,False,,False,True,False
1494,5121-1107,BACKFILL_EXACT,True,False,True,False,,False,True,False
1495,5121-1201,BACKFILL_EXACT,True,False,True,False,,False,True,False
1496,5121-1202,BACKFILL_EXACT,True,False,True,False,,False,True,False
1497,5121-1204,BACKFILL_EXACT,True,False,True,False,,False,True,False
1498,5121-1215,BACKFILL_EXACT,True,False,True,False,,False,True,False
1499,5121-1220,BACKFILL_EXACT,True,False,True,False,,False,True,False
1500,5121-2101,BACKFILL_EXACT,True,False,True,False,,False,True,False
1501,5121-2201,BACKFILL_EXACT,True,False,True,False,,False,True,False
1502,5121-3005,BACKFILL_EXACT,True,False,True,False,,False,True,False
1503,5121-4200,BACKFILL_EXACT,True,False,True,False,,False,True,False
1504,5130-1110,BACKFILL_EXACT,True,False,True,False,,False,True,False
1505,5140-1110,BACKFILL_EXACT,True,False,True,False,,False,True,False
1506,5140-1120,BACKFILL_EXACT,True,False,True,False,,False,True,False
1507,5141-2105,BACKFILL_EXACT,True,False,True,False,,False,True,False
1508,5221-0000,BACKFILL_EXACT,True,False,True,False,,False,True,False
1509,5221-0005,BACKFILL_EXACT,True,False,True,False,,False,True,False
1510,5221-1000,BACKFILL_EXACT,True,False,True,False,,False,True,False
1511,5221-1001,BACKFILL_EXACT,True,False,True,False,,False,True,False
1512,5221-1106,BACKFILL_EXACT,True,False,True,False,,False,True,False
1513,5221-1129,BACKFILL_EXACT,True,False,True,False,,False,True,False
1514,5221-1140,BACKFILL_EXACT,True,False,True,False,,False,True,False
1515,5221-1145,HOLD_WEAK_EVIDENCE,False,False,True,False,,False,False,False
1516,5221-1210,BACKFILL_EXACT,True,False,True,False,,False,True,False
1517,5221-1220,BACKFILL_EXACT,True,False,True,False,,False,True,False
1518,5223-3105,HOLD_WEAK_EVIDENCE,False,False,True,False,,False,False,False
1519,5260-1105,BACKFILL_EXACT,True,False,True,False,,False,True,False
1520,5260-1110,BACKFILL_EXACT,True,False,True,False,,False,True,False
1521,5260-1115,BACKFILL_EXACT,True,False,True,False,,False,True,False
1522,5260-3705,BACKFILL_EXACT,True,False,True,False,,False,True,False
1523,5260-3710,BACKFILL_EXACT,True,False,True,False,,False,True,False
1524,5260-3715,BACKFILL_EXACT,True,False,True,False,,False,True,False
1525,5260-3720,BACKFILL_EXACT,True,False,True,False,,False,True,False
1526,5260-4205,BACKFILL_EXACT,True,False,True,False,,False,True,False
1527,5260-4210,BACKFILL_EXACT,True,False,True,False,,False,True,False
1528,5260-4215,BACKFILL_EXACT,True,False,True,False,,False,True,False
1529,5261-1205,BACKFILL_EXACT,True,False,True,False,,False,True,False
1530,5333-6101,BACKFILL_EXACT,True,False,True,False,,False,True,False
1531,5333-6303,BACKFILL_EXACT,True,False,True,False,,False,True,False
1532,5333-7001,BACKFILL_EXACT,True,False,True,False,,False,True,False
1533,5333-7201,BACKFILL_EXACT,True,False,True,False,,False,True,False
1534,5333-7203,BACKFILL_EXACT,True,False,True,False,,False,True,False
1535,5333-7204,BACKFILL_EXACT,True,False,True,False,,False,True,False
1536,5333-7205,BACKFILL_EXACT,True,False,True,False,,False,True,False
1537,5333-7602,BACKFILL_EXACT,True,False,True,False,,False,True,False
1538,5333-7603,BACKFILL_EXACT,True,False,True,False,,False,True,False
1539,5333-7604,BACKFILL_EXACT,True,False,True,False,,False,True,False
1540,5333-7707,BACKFILL_EXACT,True,False,True,False,,False,True,False
1541,5333-7708,BACKFILL_EXACT,True,False,True,False,,False,True,False
1542,5333-7712,BACKFILL_EXACT,True,False,True,False,,False,True,False
1543,5333-7713,BACKFILL_EXACT,True,False,True,False,,False,True,False
1544,5333-7801,BACKFILL_EXACT,True,False,True,False,,False,True,False
1545,5333-7901,BACKFILL_EXACT,True,False,True,False,,False,True,False
1546,5333-8001,BACKFILL_EXACT,True,False,True,False,,False,True,False
1547,5333-8002,BACKFILL_EXACT,True,False,True,False,,False,True,False
1548,5333-8003,BACKFILL_EXACT,True,False,True,False,,False,True,False
1549,5333-8004,BACKFILL_EXACT,True,False,True,False,,False,True,False
1550,5333-8005,BACKFILL_EXACT,True,False,True,False,,False,True,False
1551,5333-8006,BACKFILL_EXACT,True,False,True,False,,False,True,False
1552,5333-8007,BACKFILL_EXACT,True,False,True,False,,False,True,False
1553,5333-8008,BACKFILL_EXACT,True,False,True,False,,False,True,False
1554,5333-8009,BACKFILL_EXACT,True,False,True,False,,False,True,False
1555,5340-8110,BACKFILL_EXACT,True,False,True,False,,False,True,False
1556,5340-8115,BACKFILL_EXACT,True,False,True,False,,False,True,False
1557,5351-2110,BACKFILL_EXACT,True,False,True,False,,False,True,False
1558,5361-0005,BACKFILL_EXACT,True,False,True,False,,False,True,False
1559,5410-8205,BACKFILL_EXACT,True,False,True,False,,False,True,False
1560,5510-0005,HOLD_WEAK_EVIDENCE,False,False,True,False,,False,False,False
1561,5511-1100,HOLD_WEAK_EVIDENCE,False,False,True,False,,False,False,False
1562,5511-1105,HOLD_WEAK_EVIDENCE,False,False,True,False,,False,False,False
1563,5511-1110,HOLD_WEAK_EVIDENCE,False,False,True,False,,False,False,False
1564,5511-1115,HOLD_WEAK_EVIDENCE,False,False,True,False,,False,False,False
1565,5511-1120,BACKFILL_EXACT,True,False,True,False,,False,True,False
1566,5511-1121,HOLD_WEAK_EVIDENCE,False,False,True,False,,False,False,False
1567,5511-1130,HOLD_WEAK_EVIDENCE,False,False,True,False,,False,False,False
1568,5511-1135,HOLD_WEAK_EVIDENCE,False,False,True,False,,False,False,False
1569,5511-1140,HOLD_WEAK_EVIDENCE,False,False,True,False,,False,False,False
1570,5511-2105,HOLD_WEAK_EVIDENCE,False,False,True,False,,False,False,False
1571,5511-2110,HOLD_WEAK_EVIDENCE,False,False,True,False,,False,False,False
1572,5511-2115,HOLD_WEAK_EVIDENCE,False,False,True,False,,False,False,False
1573,5511-2120,HOLD_WEAK_EVIDENCE,False,False,True,False,,False,False,False
1574,5511-2130,HOLD_WEAK_EVIDENCE,False,False,True,False,,False,False,False
1575,5581-0005,BACKFILL_EXACT,True,False,True,False,,False,True,False
1576,5610-8105,BACKFILL_EXACT,True,False,True,False,,False,True,False
1577,5610-8110,BACKFILL_EXACT,True,False,True,False,,False,True,False
1578,5610-8115,BACKFILL_EXACT,True,False,True,False,,False,True,False
1579,5610-8120,BACKFILL_EXACT,True,False,True,False,,False,True,False
1580,5610-8125,BACKFILL_EXACT,True,False,True,False,,False,True,False
1581,5610-8130,BACKFILL_EXACT,True,False,True,False,,False,True,False
1582,5610-8135,BACKFILL_EXACT,True,False,True,False,,False,True,False
1583,5711-0005,BACKFILL_EXACT,True,False,True,False,,False,True,False
1584,5712-1100,HOLD_WEAK_EVIDENCE,False,False,True,False,,False,False,False
1585,5751-0010,BACKFILL_EXACT,True,False,True,False,,False,True,False
1586,5760-1005,BACKFILL_EXACT,True,False,True,False,,False,True,False
1587,5800-1015,BACKFILL_EXACT,True,False,True,False,,False,True,False
1588,5810-2005,BACKFILL_EXACT,True,False,True,False,,False,True,False
1589,5810-2010,BACKFILL_EXACT,True,False,True,False,,False,True,False
1590,5810-2015,BACKFILL_EXACT,True,False,True,False,,False,True,False
1591,5810-2020,BACKFILL_EXACT,True,False,True,False,,False,True,False
1592,5810-3105,BACKFILL_EXACT,True,False,True,False,,False,True,False
1593,5810-3110,BACKFILL_EXACT,True,False,True,False,,False,True,False
1594,5810-3115,BACKFILL_EXACT,True,False,True,False,,False,True,False
1595,5810-3120,BACKFILL_EXACT,True,False,True,False,,False,True,False
1596,5810-3125,BACKFILL_EXACT,True,False,True,False,,False,True,False
1597,5811-0005,BACKFILL_EXACT,True,False,True,False,,False,True,False
1598,5811-0010,BACKFILL_EXACT,True,False,True,False,,False,True,False
1599,5811-0015,BACKFILL_EXACT,True,False,True,False,,False,True,False
1600,5811-0020,BACKFILL_EXACT,True,False,True,False,,False,True,False
1601,5820-0005,BACKFILL_EXACT,True,False,True,False,,False,True,False
1602,5820-0010,BACKFILL_EXACT,True,False,True,False,,False,True,False
1603,5820-0015,BACKFILL_EXACT,True,False,True,False,,False,True,False
1604,5820-0020,BACKFILL_EXACT,True,False,True,False,,False,True,False
1605,5831-0005,BACKFILL_EXACT,True,False,True,False,,False,True,False
1606,5840-6200,BACKFILL_EXACT,True,False,True,False,,False,True,False
1607,5840-6205,BACKFILL_EXACT,True,False,True,False,,False,True,False
1608,5840-6240,BACKFILL_EXACT,True,False,True,False,,False,True,False
1609,5841-1105,BACKFILL_EXACT,True,False,True,False,,False,True,False
1610,5841-1110,BACKFILL_EXACT,True,False,True,False,,False,True,False
1611,5841-8106,BACKFILL_EXACT,True,False,True,False,,False,True,False
1612,5841-9105,BACKFILL_EXACT,True,False,True,False,,False,True,False
1613,5911-0001,BACKFILL_EXACT,True,False,True,False,,False,True,False
1614,5911-0002,HOLD_WEAK_EVIDENCE,False,False,True,False,,False,False,False
1615,5921-0005,BACKFILL_EXACT,True,False,True,False,,False,True,False
1616,6110-1112,BACKFILL_EXACT,True,False,True,False,,False,True,False
1617,6110-1232,BACKFILL_EXACT,True,False,True,False,,False,True,False
1618,6110-1247,BACKFILL_EXACT,True,False,True,False,,False,True,False
1619,6110-1287,BACKFILL_EXACT,True,False,True,False,,False,True,False
1620,6111-1112,BACKFILL_EXACT,True,False,True,False,,False,True,False
1621,6111-1232,BACKFILL_EXACT,True,False,True,False,,False,True,False
1622,6111-1247,BACKFILL_EXACT,True,False,True,False,,False,True,False
1623,6111-1287,BACKFILL_EXACT,True,False,True,False,,False,True,False
1624,6112-1112,BACKFILL_EXACT,True,False,True,False,,False,True,False
1625,6112-1232,BACKFILL_EXACT,True,False,True,False,,False,True,False
1626,6112-1247,BACKFILL_EXACT,True,False,True,False,,False,True,False
1627,6112-1287,BACKFILL_EXACT,True,False,True,False,,False,True,False
1628,6211-4205,BACKFILL_EXACT,True,False,True,False,,False,True,False
1629,6211-4210,BACKFILL_EXACT,True,False,True,False,,False,True,False
1630,6211-4300,BACKFILL_EXACT,True,False,True,False,,False,True,False
1631,6211-4301,BACKFILL_EXACT,True,False,True,False,,False,True,False
1632,6211-4302,BACKFILL_EXACT,True,False,True,False,,False,True,False
1633,6211-4303,BACKFILL_EXACT,True,False,True,False,,False,True,False
1634,6211-4304,BACKFILL_EXACT,True,False,True,False,,False,True,False
1635,6211-4305,BACKFILL_EXACT,True,False,True,False,,False,True,False
1636,6211-4306,BACKFILL_EXACT,True,False,True,False,,False,True,False
1637,6211-4307,BACKFILL_EXACT,True,False,True,False,,False,True,False
1638,6211-4308,BACKFILL_EXACT,True,False,True,False,,False,True,False
1639,6211-4309,BACKFILL_EXACT,True,False,True,False,,False,True,False
1640,6211-4310,BACKFILL_EXACT,True,False,True,False,,False,True,False
1641,6211-4311,BACKFILL_EXACT,True,False,True,False,,False,True,False
1642,6211-4312,BACKFILL_EXACT,True,False,True,False,,False,True,False
1643,6211-4313,BACKFILL_EXACT,True,False,True,False,,False,True,False
1644,6211-4314,BACKFILL_EXACT,True,False,True,False,,False,True,False
1645,6211-4315,BACKFILL_EXACT,True,False,True,False,,False,True,False
1646,6211-4316,BACKFILL_EXACT,True,False,True,False,,False,True,False
1647,6211-4317,BACKFILL_EXACT,True,False,True,False,,False,True,False
1648,6211-4318,BACKFILL_EXACT,True,False,True,False,,False,True,False
1649,6211-4319,BACKFILL_EXACT,True,False,True,False,,False,True,False
1650,6310-0001,BACKFILL_EXACT,True,False,True,False,,False,True,False
1651,6310-0002,BACKFILL_EXACT,True,False,True,False,,False,True,False
1652,6310-0003,BACKFILL_EXACT,True,False,True,False,,False,True,False
1653,6310-0004,BACKFILL_EXACT,True,False,True,False,,False,True,False
1654,6310-0005,BACKFILL_EXACT,True,False,True,False,,False,True,False
1655,6310-0006,BACKFILL_EXACT,True,False,True,False,,False,True,False
1656,6310-0007,BACKFILL_EXACT,True,False,True,False,,False,True,False
1657,6310-0008,BACKFILL_EXACT,True,False,True,False,,False,True,False
1658,6310-0009,BACKFILL_EXACT,True,False,True,False,,False,True,False
1659,6310-0010,BACKFILL_EXACT,True,False,True,False,,False,True,False
1660,6310-0011,BACKFILL_EXACT,True,False,True,False,,False,True,False
1661,6310-0012,BACKFILL_EXACT,True,False,True,False,,False,True,False
1662,6310-0013,BACKFILL_EXACT,True,False,True,False,,False,True,False
1663,6310-0014,BACKFILL_EXACT,True,False,True,False,,False,True,False
1664,6310-0015,BACKFILL_EXACT,True,False,True,False,,False,True,False
1665,6310-0016,BACKFILL_EXACT,True,False,True,False,,False,True,False
1666,6310-0017,BACKFILL_EXACT,True,False,True,False,,False,True,False
1667,6310-0018,BACKFILL_EXACT,True,False,True,False,,False,True,False
1668,6310-0019,BACKFILL_EXACT,True,False,True,False,,False,True,False
1669,6310-0020,BACKFILL_EXACT,True,False,True,False,,False,True,False
1670,6310-0021,BACKFILL_EXACT,True,False,True,False,,False,True,False
1671,6310-0022,BACKFILL_EXACT,True,False,True,False,,False,True,False
1672,6310-0023,BACKFILL_EXACT,True,False,True,False,,False,True,False
1673,6310-0024,BACKFILL_EXACT,True,False,True,False,,False,True,False
1674,6310-0025,BACKFILL_EXACT,True,False,True,False,,False,True,False
1675,6350-0005,BACKFILL_EXACT,True,False,True,False,,False,True,False
1676,6703-1005,BACKFILL_EXACT,True,False,True,False,,False,True,False
1677,6710-0005,BACKFILL_EXACT,True,False,True,False,,False,True,False
1678,7000-0010,BACKFILL_EXACT,True,False,True,False,,False,True,False
1679,7111-1105,BACKFILL_EXACT,True,False,True,False,,False,True,False
1680,7121-0025,BACKFILL_EXACT,True,False,True,False,,False,True,False
1681,7121-0030,BACKFILL_EXACT,True,False,True,False,,False,True,False
1682,7121-0035,BACKFILL_EXACT,True,False,True,False,,False,True,False
1683,7121-0045,BACKFILL_EXACT,True,False,True,False,,False,True,False
1684,7122-0005,BACKFILL_EXACT,True,False,True,False,,False,True,False
1685,7122-0010,BACKFILL_EXACT,True,False,True,False,,False,True,False
1686,7122-0015,BACKFILL_EXACT,True,False,True,False,,False,True,False
1687,7123-0005,BACKFILL_EXACT,True,False,True,False,,False,True,False
1688,7212-1015,BACKFILL_EXACT,True,False,True,False,,False,True,False
1689,7212-4020,BACKFILL_EXACT,True,False,True,False,,False,True,False
1690,7312-0010,BACKFILL_EXACT,True,False,True,False,,False,True,False
1691,7312-0015,BACKFILL_EXACT,True,False,True,False,,False,True,False
1692,7412-0005,BACKFILL_EXACT,True,False,True,False,,False,True,False
1693,7611-0020,BACKFILL_EXACT,True,False,True,False,,False,True,False
1694,7851-0005,BACKFILL_EXACT,True,False,True,False,,False,True,False
1695,7851-0008,BACKFILL_EXACT,True,False,True,False,,False,True,False
1696,7851-0011,BACKFILL_EXACT,True,False,True,False,,False,True,False
1697,7851-0013,BACKFILL_EXACT,True,False,True,False,,False,True,False
1698,7912-0004,BACKFILL_EXACT,True,False,True,False,,False,True,False
1699,8101-0005,BACKFILL_EXACT,True,False,True,False,,False,True,False
1700,8101-0010,BACKFILL_EXACT,True,False,True,False,,False,True,False
1701,8203-0010,HOLD_WEAK_EVIDENCE,False,False,True,False,,False,False,False
1702,8300-0015,BACKFILL_EXACT,True,False,True,False,,False,True,False
1703,8300-0020,BACKFILL_EXACT,True,False,True,False,,False,True,False
1704,8300-0025,BACKFILL_EXACT,True,False,True,False,,False,True,False
1705,8300-0095,BACKFILL_EXACT,True,False,True,False,,False,True,False
1706,8300-1000,BACKFILL_EXACT,True,False,True,False,,False,True,False
1707,8301-0003,HOLD_WEAK_EVIDENCE,False,False,True,False,,False,False,False
1708,8301-0005,HOLD_WEAK_EVIDENCE,False,False,True,False,,False,False,False
1709,8301-0006,HOLD_WEAK_EVIDENCE,False,False,True,False,,False,False,False
1710,8301-0009,HOLD_WEAK_EVIDENCE,False,False,True,False,,False,False,False
1711,8301-0010,HOLD_WEAK_EVIDENCE,False,False,True,False,,False,False,False
1712,8301-0013,HOLD_WEAK_EVIDENCE,False,False,True,False,,False,False,False
1713,8301-0015,HOLD_WEAK_EVIDENCE,False,False,True,False,,False,False,False
1714,8301-1005,HOLD_WEAK_EVIDENCE,False,False,True,False,,False,False,False
1715,8301-1009,HOLD_WEAK_EVIDENCE,False,False,True,False,,False,False,False
1716,8301-1010,HOLD_WEAK_EVIDENCE,False,False,True,False,,False,False,False
1717,8301-1013,HOLD_WEAK_EVIDENCE,False,False,True,False,,False,False,False
1718,8301-1020,HOLD_WEAK_EVIDENCE,False,False,True,False,,False,False,False
1719,8301-2645,BACKFILL_EXACT,True,False,True,False,,False,True,False
1720,8301-2655,BACKFILL_EXACT,True,False,True,False,,False,True,False
1721,8400-0000,BACKFILL_EXACT,True,False,True,False,,False,True,False
1722,8400-0005,BACKFILL_EXACT,True,False,True,False,,False,True,False
1723,8500-1063,BACKFILL_EXACT,True,False,True,False,,False,True,False
1724,8500-1075,BACKFILL_EXACT,True,False,True,False,,False,True,False
1725,8500-3020,BACKFILL_EXACT,True,False,True,False,,False,True,False
1726,8500-3030,BACKFILL_EXACT,True,False,True,False,,False,True,False
1727,8500-4025,BACKFILL_EXACT,True,False,True,False,,False,True,False
1728,8500-4040,BACKFILL_EXACT,True,False,True,False,,False,True,False
1729,8500-4545,BACKFILL_EXACT,True,False,True,False,,False,True,False
1730,8500-5032,BACKFILL_EXACT,True,False,True,False,,False,True,False
1731,8500-6340,BACKFILL_EXACT,True,False,True,False,,False,True,False
1732,8500-6363,BACKFILL_EXACT,True,False,True,False,,False,True,False
1733,8500-8050,BACKFILL_EXACT,True,False,True,False,,False,True,False
1734,8511-0005,BACKFILL_EXACT,True,False,True,False,,False,True,False
1735,8511-0010,BACKFILL_EXACT,True,False,True,False,,False,True,False
1736,8511-0020,BACKFILL_EXACT,True,False,True,False,,False,True,False
1737,8511-0030,BACKFILL_EXACT,True,False,True,False,,False,True,False
1738,8511-2005,BACKFILL_EXACT,True,False,True,False,,False,True,False
1739,8511-2010,BACKFILL_EXACT,True,False,True,False,,False,True,False
1740,8521-0005,BACKFILL_EXACT,True,False,True,False,,False,True,False
1741,8521-0010,BACKFILL_EXACT,True,False,True,False,,False,True,False
1742,8521-0015,BACKFILL_EXACT,True,False,True,False,,False,True,False
1743,8521-0020,BACKFILL_EXACT,True,False,True,False,,False,True,False
1744,8530-1005,BACKFILL_EXACT,True,False,True,False,,False,True,False
1745,8531-0005,BACKFILL_EXACT,True,False,True,False,,False,True,False
1746,8561-2005,BACKFILL_EXACT,True,False,True,False,,False,True,False
1747,8561-2010,BACKFILL_EXACT,True,False,True,False,,False,True,False
1748,8561-2015,BACKFILL_EXACT,True,False,True,False,,False,True,False
1749,8561-2020,BACKFILL_EXACT,True,False,True,False,,False,True,False
1750,8561-2025,BACKFILL_EXACT,True,False,True,False,,False,True,False
1751,8561-2030,BACKFILL_EXACT,True,False,True,False,,False,True,False
1752,8561-2035,BACKFILL_EXACT,True,False,True,False,,False,True,False
1753,8802-5105,BACKFILL_EXACT,True,False,True,False,,False,True,False
1754,8802-5110,BACKFILL_EXACT,True,False,True,False,,False,True,False
1755,8802-5115,BACKFILL_EXACT,True,False,True,False,,False,True,False
1756,8802-5120,BACKFILL_EXACT,True,False,True,False,,False,True,False
1757,8802-5125,BACKFILL_EXACT,True,False,True,False,,False,True,False
1758,9110-0005,BACKFILL_EXACT,True,False,True,False,,False,True,False
1759,9110-0010,BACKFILL_EXACT,True,False,True,False,,False,True,False
1760,9110-0015,BACKFILL_EXACT,True,False,True,False,,False,True,False
1761,9110-0020,BACKFILL_EXACT,True,False,True,False,,False,True,False
1762,9110-0025,BACKFILL_EXACT,True,False,True,False,,False,True,False
1763,9110-0030,BACKFILL_EXACT,True,False,True,False,,False,True,False
1764,9110-0035,BACKFILL_EXACT,True,False,True,False,,False,True,False
1765,9111-1110,BACKFILL_EXACT,True,False,True,False,,False,True,False
1766,9211-3005,BACKFILL_EXACT,True,False,True,False,,False,True,False
1767,9211-3010,BACKFILL_EXACT,True,False,True,False,,False,True,False
1768,9211-3015,BACKFILL_EXACT,True,False,True,False,,False,True,False
1769,9222-3110,BACKFILL_EXACT,True,False,True,False,,False,True,False
1770,9411-1205,BACKFILL_EXACT,True,False,True,False,,False,True,False
1771,0110-1125,BACKFILL_EXACT,True,True,True,False,,False,False,True
1772,1103-150,BACKFILL_EXACT,True,True,True,False,,False,False,True
1773,1103-200,BACKFILL_EXACT,True,True,True,False,,False,False,True
1774,1103-300,BACKFILL_EXACT,True,True,True,False,,False,False,True
1775,1106-301,BACKFILL_EXACT,True,True,True,False,,False,False,True
1776,1106-302,BACKFILL_EXACT,True,True,True,False,,False,False,True
1777,1106-501,BACKFILL_EXACT,True,True,True,False,,False,False,True
1778,1106-502,BACKFILL_EXACT,True,True,True,False,,False,False,True
1779,1106-503,BACKFILL_EXACT,True,True,True,False,,False,False,True
1780,1106-505,BACKFILL_EXACT,True,True,True,False,,False,False,True
1781,1106-601,BACKFILL_EXACT,True,True,True,False,,False,False,True
1782,1106-602,BACKFILL_EXACT,True,True,True,False,,False,False,True
1783,1106-603,BACKFILL_EXACT,True,True,True,False,,False,False,True
1784,1106-802,BACKFILL_EXACT,True,True,True,False,,False,False,True
1785,1108-150,BACKFILL_EXACT,True,True,True,False,,False,False,True
1786,1108-200,BACKFILL_EXACT,True,True,True,False,,False,False,True
1787,1108-300,BACKFILL_EXACT,True,True,True,False,,False,False,True
1788,1111-100,BACKFILL_EXACT,True,True,True,False,,False,False,True
1789,1114-150,BACKFILL_EXACT,True,True,True,False,,False,False,True
1790,1114-200,BACKFILL_EXACT,True,True,True,False,,False,False,True
1791,1114-300,BACKFILL_EXACT,True,True,True,False,,False,False,True
1792,1115-150,BACKFILL_EXACT,True,False,True,False,,False,True,False
1793,1115-200,BACKFILL_EXACT,True,False,True,False,,False,True,False
1794,1115-300,BACKFILL_EXACT,True,False,True,False,,False,True,False
1795,1120-150,BACKFILL_EXACT,True,True,True,False,,False,False,True
1796,1120-200,BACKFILL_EXACT,True,True,True,False,,False,False,True
1797,1120-300,BACKFILL_EXACT,True,True,True,False,,False,False,True
1798,1120-500,BACKFILL_EXACT,True,True,True,False,,False,False,True
1799,1121-150,BACKFILL_EXACT,True,True,True,False,,False,False,True
1800,1122-300,BACKFILL_EXACT,True,True,True,False,,False,False,True
1801,1123-150,BACKFILL_EXACT,True,True,True,False,,False,False,True
1802,1123-300,BACKFILL_EXACT,True,True,True,False,,False,False,True
1803,1135-601,BACKFILL_EXACT,True,True,True,False,,False,False,True
1804,1136-501,BACKFILL_EXACT,True,True,True,False,,False,False,True
1805,1136-502,BACKFILL_EXACT,True,True,True,False,,False,False,True
1806,1136-503,BACKFILL_EXACT,True,True,True,False,,False,False,True
1807,1136-601,BACKFILL_EXACT,True,True,True,False,,False,False,True
1808,1140-100,BACKFILL_EXACT,True,True,True,False,,False,False,True
1809,1140-150,BACKFILL_EXACT,True,True,True,False,,False,False,True
1810,1141-150,BACKFILL_EXACT,True,True,True,False,,False,False,True
1811,1141-200,BACKFILL_EXACT,True,True,True,False,,False,False,True
1812,1141-300,BACKFILL_EXACT,True,True,True,False,,False,False,True
1813,1141-500,BACKFILL_EXACT,True,True,True,False,,False,False,True
1814,1142-150,BACKFILL_EXACT,True,True,True,False,,False,False,True
1815,1142-200,BACKFILL_EXACT,True,True,True,False,,False,False,True
1816,1142-300,BACKFILL_EXACT,True,True,True,False,,False,False,True
1817,1144-150,BACKFILL_EXACT,True,True,True,False,,False,False,True
1818,1144-200,BACKFILL_EXACT,True,True,True,False,,False,False,True
1819,1144-300,BACKFILL_EXACT,True,True,True,False,,False,False,True
1820,1150-300,BACKFILL_EXACT,True,True,True,False,,False,False,True
1821,1150-500,BACKFILL_EXACT,True,True,True,False,,False,False,True
1822,1150-600,BACKFILL_EXACT,True,True,True,False,,False,False,True
1823,1151-300,BACKFILL_EXACT,True,True,True,False,,False,False,True
1824,1151-600,BACKFILL_EXACT,True,True,True,False,,False,False,True
1825,1156-300,BACKFILL_EXACT,True,True,True,False,,False,False,True
1826,1156-600,BACKFILL_EXACT,True,True,True,False,,False,False,True
1827,1161-150,BACKFILL_EXACT,True,True,True,False,,False,False,True
1828,1169-150,BACKFILL_EXACT,True,True,True,False,,False,False,True
1829,1170-300,BACKFILL_EXACT,True,True,True,False,,False,False,True
1830,1172-200,BACKFILL_EXACT,True,True,True,False,,False,False,True
1831,1176-150,BACKFILL_EXACT,True,True,True,False,,False,False,True
1832,1176-200,BACKFILL_EXACT,True,True,True,False,,False,False,True
1833,1178-300,BACKFILL_EXACT,True,True,True,False,,False,False,True
1834,1183-150,BACKFILL_EXACT,True,True,True,False,,False,False,True
1835,1185-150,BACKFILL_EXACT,True,True,True,False,,False,False,True
1836,1186-150,BACKFILL_EXACT,True,True,True,False,,False,False,True
1837,1186-200,BACKFILL_EXACT,True,True,True,False,,False,False,True
1838,1186-300,BACKFILL_EXACT,True,True,True,False,,False,False,True
1839,1187-150,BACKFILL_EXACT,True,True,True,False,,False,False,True
1840,1188-150,BACKFILL_EXACT,True,True,True,False,,False,False,True
1841,1196-300,BACKFILL_EXACT,True,True,True,False,,False,False,True
1842,1208-511,BACKFILL_EXACT,True,True,True,False,,False,False,True
1843,1208-524,BACKFILL_EXACT,True,True,True,False,,False,False,True
1844,1208-824,BACKFILL_EXACT,True,True,True,False,,False,False,True
1845,1214-500,BACKFILL_EXACT,True,True,True,False,,False,False,True
1846,1214-600,BACKFILL_EXACT,True,True,True,False,,False,False,True
1847,1215-1032,BACKFILL_EXACT,True,True,True,False,,False,False,True
1848,1215-1052,BACKFILL_EXACT,True,True,True,False,,False,False,True
1849,1215-322,BACKFILL_EXACT,True,True,True,False,,False,False,True
1850,1215-392,BACKFILL_EXACT,True,True,True,False,,False,False,True
1851,1215-522,BACKFILL_EXACT,True,True,True,False,,False,False,True
1852,1215-532,BACKFILL_EXACT,True,True,True,False,,False,False,True
1853,1215-622,BACKFILL_EXACT,True,True,True,False,,False,False,True
1854,1215-822,BACKFILL_EXACT,True,True,True,False,,False,False,True
1855,1217-3001,BACKFILL_EXACT,True,True,True,False,,False,False,True
1856,1236-394,BACKFILL_EXACT,True,True,True,False,,False,False,True
1857,1236-524,BACKFILL_EXACT,True,True,True,False,,False,False,True
1858,1250-300,BACKFILL_EXACT,True,True,True,False,,False,False,True
1859,1250-600,BACKFILL_EXACT,True,True,True,False,,False,False,True
1860,1311-150,BACKFILL_EXACT,True,True,True,False,,False,False,True
1861,1311-200,BACKFILL_EXACT,True,True,True,False,,False,False,True
1862,1311-300,BACKFILL_EXACT,True,True,True,False,,False,False,True
1863,1312-150,BACKFILL_EXACT,True,True,True,False,,False,False,True
1864,1312-200,BACKFILL_EXACT,True,True,True,False,,False,False,True
1865,1312-300,BACKFILL_EXACT,True,True,True,False,,False,False,True
1866,1316-500,BACKFILL_EXACT,True,True,True,False,,False,False,True
1867,1340-150,BACKFILL_EXACT,True,True,True,False,,False,False,True
1868,1340-200,BACKFILL_EXACT,True,True,True,False,,False,False,True
1869,1340-300,BACKFILL_EXACT,True,True,True,False,,False,False,True
1870,1520-150,BACKFILL_EXACT,True,True,True,False,,False,False,True
1871,1530-300,BACKFILL_EXACT,True,True,True,False,,False,False,True
1872,1530-500,BACKFILL_EXACT,True,True,True,False,,False,False,True
1873,2112-101,BACKFILL_EXACT,True,True,True,False,,False,False,True
1874,2112-251,BACKFILL_EXACT,True,True,True,False,,False,False,True
1875,2112-501,BACKFILL_EXACT,True,True,True,False,,False,False,True
1876,2122-160,BACKFILL_EXACT,True,True,True,False,,False,False,True
1877,2141-202,BACKFILL_EXACT,True,True,True,False,,False,False,True
1878,2142-101,BACKFILL_EXACT,True,True,True,False,,False,False,True
1879,2142-102,BACKFILL_EXACT,True,True,True,False,,False,False,True
1880,2171-250,BACKFILL_EXACT,True,True,True,False,,False,False,True
1881,2172-360,BACKFILL_EXACT,True,False,True,False,,False,True,False
1882,2173-360,BACKFILL_EXACT,True,False,True,False,,False,True,False
1883,2174-225,BACKFILL_EXACT,True,True,True,False,,False,False,True
1884,2175-360,BACKFILL_EXACT,True,True,True,False,,False,False,True
1885,2176-200,BACKFILL_EXACT,True,True,True,False,,False,False,True
1886,2176-300,BACKFILL_EXACT,True,True,True,False,,False,False,True
1887,2179-360,BACKFILL_EXACT,True,True,True,False,,False,False,True
1888,2222-301,BACKFILL_EXACT,True,True,True,False,,False,False,True
1889,2223-153,BACKFILL_EXACT,True,True,True,False,,False,False,True
1890,2275-300,BACKFILL_EXACT,True,True,True,False,,False,False,True
1891,2278-180,BACKFILL_EXACT,True,False,True,False,,False,True,False
1892,2281-360,BACKFILL_EXACT,True,True,True,False,,False,False,True
1893,2307-105,BACKFILL_EXACT,True,True,True,False,,False,False,True
1894,2322-160,BACKFILL_EXACT,True,True,True,False,,False,False,True
1895,2322-250,BACKFILL_EXACT,True,True,True,False,,False,False,True
1896,2322-450,BACKFILL_EXACT,True,True,True,False,,False,False,True
1897,2333-201,BACKFILL_EXACT,True,True,True,False,,False,False,True
1898,2341-101,BACKFILL_EXACT,True,True,True,False,,False,False,True
1899,2342-202,BACKFILL_EXACT,True,True,True,False,,False,False,True
1900,2343-102,BACKFILL_EXACT,True,True,True,False,,False,False,True
1901,2372-360,BACKFILL_EXACT,True,True,True,False,,False,False,True
1902,2373-360,BACKFILL_EXACT,True,True,True,False,,False,False,True
1903,2374-320,BACKFILL_EXACT,True,True,True,False,,False,False,True
1904,2381-021,BACKFILL_EXACT,True,True,True,False,,False,False,True
1905,2711-165,BACKFILL_EXACT,True,True,True,False,,False,False,True
1906,2711-216,BACKFILL_EXACT,True,True,True,False,,False,False,True
1907,2771-360,BACKFILL_EXACT,True,True,True,False,,False,False,True
1908,2825-160,BACKFILL_EXACT,True,True,True,False,,False,False,True
1909,2827-160,BACKFILL_EXACT,True,True,True,False,,False,False,True
1910,2828-800,BACKFILL_EXACT,True,True,True,False,,False,False,True
1911,2841-300,BACKFILL_EXACT,True,True,True,False,,False,False,True
1912,2841-500,BACKFILL_EXACT,True,True,True,False,,False,False,True
1913,2862-102,BACKFILL_EXACT,True,True,True,False,,False,False,True
1914,2871-101,BACKFILL_EXACT,True,True,True,False,,False,False,True
1915,3101-225,BACKFILL_EXACT,True,True,True,False,,False,False,True
1916,3101-250,BACKFILL_EXACT,True,True,True,False,,False,False,True
1917,3101-275,BACKFILL_EXACT,True,True,True,False,,False,False,True
1918,3101-300,BACKFILL_EXACT,True,True,True,False,,False,False,True
1919,3108-100,BACKFILL_EXACT,True,True,True,False,,False,False,True
1920,3109-100,BACKFILL_EXACT,True,True,True,False,,False,False,True
1921,3109-125,BACKFILL_EXACT,True,True,True,False,,False,False,True
1922,3109-150,BACKFILL_EXACT,True,True,True,False,,False,False,True
1923,3109-175,BACKFILL_EXACT,True,True,True,False,,False,False,True
1924,3109-200,BACKFILL_EXACT,True,True,True,False,,False,False,True
1925,3109-225,BACKFILL_EXACT,True,True,True,False,,False,False,True
1926,3109-250,BACKFILL_EXACT,True,True,True,False,,False,False,True
1927,3109-275,BACKFILL_EXACT,True,True,True,False,,False,False,True
1928,3109-300,BACKFILL_EXACT,True,True,True,False,,False,False,True
1929,3127-100,BACKFILL_EXACT,True,True,True,False,,False,False,True
1930,3127-123,BACKFILL_EXACT,True,False,True,False,,False,True,False
1931,3127-125,BACKFILL_EXACT,True,True,True,False,,False,False,True
1932,3127-150,BACKFILL_EXACT,True,True,True,False,,False,False,True
1933,3127-175,BACKFILL_EXACT,True,True,True,False,,False,False,True
1934,3127-200,BACKFILL_EXACT,True,True,True,False,,False,False,True
1935,3127-202,BACKFILL_EXACT,True,False,True,False,,False,True,False
1936,3127-225,BACKFILL_EXACT,True,True,True,False,,False,False,True
1937,3127-250,BACKFILL_EXACT,True,True,True,False,,False,False,True
1938,3127-275,BACKFILL_EXACT,True,True,True,False,,False,False,True
1939,3127-300,BACKFILL_EXACT,True,True,True,False,,False,False,True
1940,3127-504,BACKFILL_EXACT,True,False,True,False,,False,True,False
1941,3203-100,BACKFILL_EXACT,True,True,True,False,,False,False,True
1942,3203-125,BACKFILL_EXACT,True,True,True,False,,False,False,True
1943,3203-150,BACKFILL_EXACT,True,True,True,False,,False,False,True
1944,3203-1506,BACKFILL_EXACT,True,False,True,False,,False,True,False
1945,3203-175,BACKFILL_EXACT,True,True,True,False,,False,False,True
1946,3203-200,BACKFILL_EXACT,True,True,True,False,,False,False,True
1947,3203-225,BACKFILL_EXACT,True,True,True,False,,False,False,True
1948,3203-250,BACKFILL_EXACT,True,True,True,False,,False,False,True
1949,3203-275,BACKFILL_EXACT,True,True,True,False,,False,False,True
1950,3203-300,BACKFILL_EXACT,True,True,True,False,,False,False,True
1951,3203-3006,BACKFILL_EXACT,True,False,True,False,,False,True,False
1952,3203-3012,BACKFILL_EXACT,True,False,True,False,,False,True,False
1953,3205-1000,BACKFILL_EXACT,True,True,True,False,,False,False,True
1954,3205-1200,BACKFILL_EXACT,True,True,True,False,,False,False,True
1955,3205-1400,BACKFILL_EXACT,True,True,True,False,,False,False,True
1956,3205-1600,BACKFILL_EXACT,True,True,True,False,,False,False,True
1957,3205-1800,BACKFILL_EXACT,True,True,True,False,,False,False,True
1958,3205-400,BACKFILL_EXACT,True,True,True,False,,False,False,True
1959,3205-500,BACKFILL_EXACT,True,True,True,False,,False,False,True
1960,3205-600,BACKFILL_EXACT,True,True,True,False,,False,False,True
1961,3205-700,BACKFILL_EXACT,True,True,True,False,,False,False,True
1962,3205-800,BACKFILL_EXACT,True,True,True,False,,False,False,True
1963,3205-900,BACKFILL_EXACT,True,True,True,False,,False,False,True
1964,3206-150,BACKFILL_EXACT,True,True,True,False,,False,False,True
1965,3206-200,BACKFILL_EXACT,True,True,True,False,,False,False,True
1966,3206-300,BACKFILL_EXACT,True,True,True,False,,False,False,True
1967,3206-301,BACKFILL_EXACT,True,True,True,False,,False,False,True
1968,3210-100,BACKFILL_EXACT,True,True,True,False,,False,False,True
1969,3220-100,BACKFILL_EXACT,True,True,True,False,,False,False,True
1970,3222-300,BACKFILL_EXACT,True,True,True,False,,False,False,True
1971,3222-500,BACKFILL_EXACT,True,True,True,False,,False,False,True
1972,3222-600,BACKFILL_EXACT,True,True,True,False,,False,False,True
1973,3225-2100,BACKFILL_EXACT,True,True,True,False,,False,False,True
1974,3227-100,BACKFILL_EXACT,True,True,True,False,,False,False,True
1975,3227-123,BACKFILL_EXACT,True,False,True,False,,False,True,False
1976,3227-125,BACKFILL_EXACT,True,True,True,False,,False,False,True
1977,3227-150,BACKFILL_EXACT,True,True,True,False,,False,False,True
1978,3227-175,BACKFILL_EXACT,True,True,True,False,,False,False,True
1979,3227-200,BACKFILL_EXACT,True,True,True,False,,False,False,True
1980,3227-202,BACKFILL_EXACT,True,False,True,False,,False,True,False
1981,3227-504,BACKFILL_EXACT,True,False,True,False,,False,True,False
1982,3232-100,BACKFILL_EXACT,True,True,True,False,,False,False,True
1983,3240-100,BACKFILL_EXACT,True,True,True,False,,False,False,True
1984,3240-150,BACKFILL_EXACT,True,True,True,False,,False,False,True
1985,3240-300,BACKFILL_EXACT,True,True,True,False,,False,False,True
1986,3282-100,BACKFILL_EXACT,True,True,True,False,,False,False,True
1987,3290-153,BACKFILL_EXACT,True,True,True,False,,False,False,True
1988,3290-203,BACKFILL_EXACT,True,True,True,False,,False,False,True
1989,3290-455,BACKFILL_EXACT,True,True,True,False,,False,False,True
1990,3293-131,BACKFILL_EXACT,True,True,True,False,,False,False,True
1991,3506-150,BACKFILL_EXACT,True,True,True,False,,False,False,True
1992,3506-300,BACKFILL_EXACT,True,True,True,False,,False,False,True
1993,3506-400,BACKFILL_EXACT,True,True,True,False,,False,False,True
1994,3506-500,BACKFILL_EXACT,True,True,True,False,,False,False,True
1995,3506-600,BACKFILL_EXACT,True,True,True,False,,False,False,True
1996,3520-100,BACKFILL_EXACT,True,True,True,False,,False,False,True
1997,3521-2000,BACKFILL_EXACT,True,False,True,False,,False,True,False
1998,3540-150,BACKFILL_EXACT,True,True,True,False,,False,False,True
1999,3540-300,BACKFILL_EXACT,True,True,True,False,,False,False,True
2000,3590-153,BACKFILL_EXACT,True,True,True,False,,False,False,True
2001,4100-187,BACKFILL_EXACT,True,False,True,False,,False,True,False
2002,4100-232,BACKFILL_EXACT,True,False,True,False,,False,True,False
2003,4100-247,BACKFILL_EXACT,True,False,True,False,,False,True,False
2004,4100-287,BACKFILL_EXACT,True,False,True,False,,False,True,False
2005,4141-400,BACKFILL_EXACT,True,True,True,False,,False,False,True
2006,4150-130,BACKFILL_EXACT,True,False,True,False,,False,True,False
2007,4150-1301,BACKFILL_EXACT,True,False,True,False,,False,True,False
2008,4150-250,BACKFILL_EXACT,True,False,True,False,,False,True,False
2009,4150-2501,BACKFILL_EXACT,True,False,True,False,,False,True,False
2010,4166-411,BACKFILL_EXACT,True,True,True,False,,False,False,True
2011,4166-511,BACKFILL_EXACT,True,True,True,False,,False,False,True
2012,4166-512,BACKFILL_EXACT,True,True,True,False,,False,False,True
2013,4166-513,BACKFILL_EXACT,True,True,True,False,,False,False,True
2014,4605-201,BACKFILL_EXACT,True,True,True,False,,False,False,True
2015,4605-202,BACKFILL_EXACT,True,True,True,False,,False,False,True
2016,4621-100,BACKFILL_EXACT,True,True,True,False,,False,False,True
2017,4700-200,BACKFILL_EXACT,True,True,True,False,,False,False,True
2018,4707-300,BACKFILL_EXACT,True,True,True,False,,False,False,True
2019,4707-500,BACKFILL_EXACT,True,True,True,False,,False,False,True
2020,4745-1150,BACKFILL_EXACT,True,True,True,False,,False,False,True
2021,4745-1200,BACKFILL_EXACT,True,True,True,False,,False,False,True
2022,4796-100,BACKFILL_EXACT,True,True,True,False,,False,False,True
2023,4796-150,BACKFILL_EXACT,True,True,True,False,,False,False,True
2024,4796-300,BACKFILL_EXACT,True,True,True,False,,False,False,True
2025,4799-1120,BACKFILL_EXACT,True,True,True,False,,False,False,True
2026,4799-1150,BACKFILL_EXACT,True,True,True,False,,False,False,True
2027,4799-1200,BACKFILL_EXACT,True,True,True,False,,False,False,True
2028,4799-1300,BACKFILL_EXACT,True,True,True,False,,False,False,True
2029,4799-180,BACKFILL_EXACT,True,True,True,False,,False,False,True
2030,4810-601,BACKFILL_EXACT,True,True,True,False,,False,False,True
2031,4810-602,BACKFILL_EXACT,True,True,True,False,,False,False,True
2032,4820-230,BACKFILL_EXACT,True,True,True,False,,False,False,True
2033,4820-452,BACKFILL_EXACT,True,True,True,False,,False,False,True
2034,4820-552,BACKFILL_EXACT,True,True,True,False,,False,False,True
2035,4860-212,BACKFILL_EXACT,True,True,True,False,,False,False,True
2036,4860-245,BACKFILL_EXACT,True,True,True,False,,False,False,True
2037,4902-150,BACKFILL_EXACT,True,True,True,False,,False,False,True
2038,4902-200,BACKFILL_EXACT,True,True,True,False,,False,False,True
2039,4902-300,BACKFILL_EXACT,True,True,True,False,,False,False,True
2040,4903-150,BACKFILL_EXACT,True,True,True,False,,False,False,True
2041,4903-200,BACKFILL_EXACT,True,True,True,False,,False,False,True
2042,4903-300,BACKFILL_EXACT,True,True,True,False,,False,False,True
2043,4910-400,BACKFILL_EXACT,True,True,True,False,,False,False,True
2044,4910-600,BACKFILL_EXACT,True,True,True,False,,False,False,True
2045,4911-600,BACKFILL_EXACT,True,True,True,False,,False,False,True
2046,4912-100,BACKFILL_EXACT,True,True,True,False,,False,False,True
2047,4913-250,BACKFILL_EXACT,True,True,True,False,,False,False,True
2048,4918-300,BACKFILL_EXACT,True,True,True,False,,False,False,True
2049,4918-600,BACKFILL_EXACT,True,True,True,False,,False,False,True
2050,4921-230,BACKFILL_EXACT,True,True,True,False,,False,False,True
2051,4922-100,BACKFILL_EXACT,True,True,True,False,,False,False,True
2052,4922-150,BACKFILL_EXACT,True,True,True,False,,False,False,True
2053,6202-100,BACKFILL_EXACT,True,False,True,False,,False,True,False
2054,6210-100,BACKFILL_EXACT,True,False,True,False,,False,True,False
2055,6282-2001,BACKFILL_EXACT,True,False,True,False,,False,True,False
2056,6282-2002,BACKFILL_EXACT,True,False,True,False,,False,True,False
2057,6282-2003,BACKFILL_EXACT,True,False,True,False,,False,True,False
2058,6282-2004,BACKFILL_EXACT,True,False,True,False,,False,True,False
2059,6282-2005,BACKFILL_EXACT,True,False,True,False,,False,True,False
2060,6282-2007,BACKFILL_EXACT,True,False,True,False,,False,True,False
2061,6282-2009,BACKFILL_EXACT,True,False,True,False,,False,True,False
2062,6282-2013,BACKFILL_EXACT,True,False,True,False,,False,True,False
2063,6282-2017,BACKFILL_EXACT,True,False,True,False,,False,True,False
2064,6511-241,BACKFILL_EXACT,True,False,True,False,,False,True,False
2065,6520-102,BACKFILL_EXACT,True,True,True,False,,False,False,True
2066,6801-1201,BACKFILL_EXACT,True,True,True,False,,False,False,True
2067,6801-1202,BACKFILL_EXACT,True,True,True,False,,False,False,True
2068,6862-1002,BACKFILL_EXACT,True,False,True,False,,False,True,False
2069,6866-150,BACKFILL_EXACT,True,False,True,False,,False,True,False
2070,6890-702,BACKFILL_EXACT,True,True,True,False,,False,False,True
2071,6900-132,BACKFILL_EXACT,True,True,True,False,,False,False,True
2072,6900-142,BACKFILL_EXACT,True,True,True,False,,False,False,True
2073,6900-153,BACKFILL_EXACT,True,True,True,False,,False,False,True
2074,6900-164,BACKFILL_EXACT,True,True,True,False,,False,False,True
2075,6900-185,BACKFILL_EXACT,True,True,True,False,,False,False,True
2076,6902-106,BACKFILL_EXACT,True,False,True,False,,False,True,False
2077,7110-150,BACKFILL_EXACT,True,True,True,False,,False,False,True
2078,7110-200,BACKFILL_EXACT,True,True,True,False,,False,False,True
2079,7110-300,BACKFILL_EXACT,True,True,True,False,,False,False,True
2080,7110-500,BACKFILL_EXACT,True,True,True,False,,False,False,True
2081,7110-600,BACKFILL_EXACT,True,True,True,False,,False,False,True
2082,7111-300,BACKFILL_EXACT,True,False,True,False,,False,True,False
2083,7111-500,BACKFILL_EXACT,True,False,True,False,,False,True,False
2084,7114-950,BACKFILL_EXACT,True,True,True,False,,False,False,True
2085,7120-200,BACKFILL_EXACT,True,False,True,False,,False,True,False
2086,7139-100,BACKFILL_EXACT,True,True,True,False,,False,False,True
2087,7202-200,BACKFILL_EXACT,True,False,True,False,,False,True,False
2088,7205-200,BACKFILL_EXACT,True,True,True,False,,False,False,True
2089,7247-150,BACKFILL_EXACT,True,True,True,False,,False,False,True
2090,7247-200,BACKFILL_EXACT,True,True,True,False,,False,False,True
2091,7247-300,BACKFILL_EXACT,True,True,True,False,,False,False,True
2092,7261-150,BACKFILL_EXACT,True,True,True,False,,False,False,True
2093,7261-200,BACKFILL_EXACT,True,True,True,False,,False,False,True
2094,7261-300,BACKFILL_EXACT,True,True,True,False,,False,False,True
2095,7262-150,BACKFILL_EXACT,True,True,True,False,,False,False,True
2096,7262-200,BACKFILL_EXACT,True,True,True,False,,False,False,True
2097,7262-300,BACKFILL_EXACT,True,True,True,False,,False,False,True
2098,7350-160,BACKFILL_EXACT,True,False,True,False,,False,True,False
2099,7522-610,BACKFILL_EXACT,True,False,True,False,,False,True,False
2100,8601-100,BACKFILL_EXACT,True,False,True,False,,False,True,False
2101,8602-200,BACKFILL_EXACT,True,True,True,False,,False,False,True
2102,9225-405,BACKFILL_EXACT,True,True,True,False,,False,False,True
2103,9247-190,BACKFILL_EXACT,True,True,True,False,,False,False,True
2104,9351-130,BACKFILL_EXACT,True,False,True,False,,False,True,False
2105,9721-250,BACKFILL_EXACT,True,True,True,False,,False,False,True
2106,9722-250,BACKFILL_EXACT,True,True,True,False,,False,False,True
2107,9723-400,BACKFILL_EXACT,True,False,True,False,,False,True,False
2108,523-121,HOLD_IDENTITY_CONFLICT,False,False,True,False,,False,False,False
2109,700-119,HOLD_IDENTITY_CONFLICT,False,False,True,False,,False,False,False
2110,350-251,HOLD_IDENTITY_CONFLICT,False,False,True,False,,False,False,False
2111,145-185,HOLD_IDENTITY_CONFLICT,False,False,True,False,,False,False,False
2112,104-136A,HOLD_IDENTITY_CONFLICT,False,False,True,False,,False,False,False
2113,340-252,HOLD_IDENTITY_CONFLICT,False,False,True,False,,False,False,False
2114,340-251,HOLD_IDENTITY_CONFLICT,False,False,True,False,,False,False,False
2115,345-250,HOLD_IDENTITY_CONFLICT,False,False,True,False,,False,False,False
2116,500-196,HOLD_IDENTITY_CONFLICT,False,False,True,False,,False,False,False
2117,500-181,HOLD_IDENTITY_CONFLICT,False,False,True,False,,False,False,False
2118,500-197,HOLD_IDENTITY_CONFLICT,False,False,True,False,,False,False,False
2119,192-613,HOLD_WEAK_EVIDENCE,False,False,True,False,,False,False,False
2120,570-227,HOLD_WEAK_EVIDENCE,False,False,True,False,,False,False,False
2121,129-153,HOLD_IDENTITY_CONFLICT,False,False,True,False,,False,False,False
2122,329-250,HOLD_WEAK_EVIDENCE,False,False,True,False,,False,False,False
2123,527-121,HOLD_IDENTITY_CONFLICT,False,False,True,False,,False,False,False
2124,2050A,HOLD_WEAK_EVIDENCE,False,False,True,False,,False,False,False
2125,2052A,HOLD_WEAK_EVIDENCE,False,False,True,False,,False,False,False
2126,516-938,HOLD_WEAK_EVIDENCE,False,False,True,False,,False,False,False
2127,516-341,HOLD_WEAK_EVIDENCE,False,False,True,False,,False,False,False
2128,516-971,HOLD_WEAK_EVIDENCE,False,False,True,False,,False,False,False
2129,516-945,HOLD_WEAK_EVIDENCE,False,False,True,False,,False,False,False
2130,516-946,HOLD_WEAK_EVIDENCE,False,False,True,False,,False,False,False
2131,516-947,HOLD_WEAK_EVIDENCE,False,False,True,False,,False,False,False
2132,516-948,HOLD_WEAK_EVIDENCE,False,False,True,False,,False,False,False
2133,516-952,HOLD_WEAK_EVIDENCE,False,False,True,False,,False,False,False
2134,516-955,HOLD_WEAK_EVIDENCE,False,False,True,False,,False,False,False
2135,516-130,HOLD_WEAK_EVIDENCE,False,False,True,False,,False,False,False
2136,156-101,HOLD_IDENTITY_CONFLICT,False,False,True,False,,False,False,False
2137,513-404E,HOLD_IDENTITY_CONFLICT,False,False,True,False,,False,False,False
2138,513-401E,HOLD_IDENTITY_CONFLICT,False,False,True,False,,False,False,False
2139,513-404T,HOLD_IDENTITY_CONFLICT,False,False,True,False,,False,False,False
2140,901312,HOLD_WEAK_EVIDENCE,False,False,True,False,,False,False,False
2141,293-831,HOLD_IDENTITY_CONFLICT,False,False,True,False,,False,False,False
2142,395-271,HOLD_IDENTITY_CONFLICT,False,False,True,False,,False,False,False
2143,500-754,HOLD_IDENTITY_CONFLICT,False,False,True,False,,False,False,False
2144,186-105,HOLD_IDENTITY_CONFLICT,False,False,True,False,,False,False,False
2145,7301A,HOLD_IDENTITY_CONFLICT,False,False,True,False,,False,False,False
2146,186-106,HOLD_IDENTITY_CONFLICT,False,False,True,False,,False,False,False
2147,186-107,HOLD_IDENTITY_CONFLICT,False,False,True,False,,False,False,False
2148,511-711,HOLD_IDENTITY_CONFLICT,False,False,True,False,,False,False,False
2149,511-712,HOLD_IDENTITY_CONFLICT,False,False,True,False,,False,False,False
2150,511-713,HOLD_IDENTITY_CONFLICT,False,False,True,False,,False,False,False
2151,511-714,HOLD_WEAK_EVIDENCE,False,False,True,False,,False,False,False
2152,511-715,HOLD_IDENTITY_CONFLICT,False,False,True,False,,False,False,False
2153,511-716,HOLD_IDENTITY_CONFLICT,False,False,True,False,,False,False,False
2154,511-721,HOLD_IDENTITY_CONFLICT,False,False,True,False,,False,False,False
2155,511-722,HOLD_IDENTITY_CONFLICT,False,False,True,False,,False,False,False
2156,511-723,HOLD_IDENTITY_CONFLICT,False,False,True,False,,False,False,False
2157,511-725,HOLD_WEAK_EVIDENCE,False,False,True,False,,False,False,False
2158,511-726,HOLD_WEAK_EVIDENCE,False,False,True,False,,False,False,False
2159,511-211,HOLD_IDENTITY_CONFLICT,False,False,True,False,,False,False,False
2160,526-173,HOLD_IDENTITY_CONFLICT,False,False,True,False,,False,False,False
2161,526-123,HOLD_IDENTITY_CONFLICT,False,False,True,False,,False,False,False
2162,526-153,HOLD_IDENTITY_CONFLICT,False,False,True,False,,False,False,False
2163,293-821,HOLD_IDENTITY_CONFLICT,False,False,True,False,,False,False,False
2164,293-240,HOLD_IDENTITY_CONFLICT,False,False,True,False,,False,False,False
2165,293-241,HOLD_IDENTITY_CONFLICT,False,False,True,False,,False,False,False
2166,293-242,HOLD_IDENTITY_CONFLICT,False,False,True,False,,False,False,False
2167,293-243,HOLD_IDENTITY_CONFLICT,False,False,True,False,,False,False,False
2168,103-137,HOLD_IDENTITY_CONFLICT,False,False,True,False,,False,False,False
2169,103-138,HOLD_IDENTITY_CONFLICT,False,False,True,False,,False,False,False
2170,103-139,HOLD_IDENTITY_CONFLICT,False,False,True,False,,False,False,False
2171,103-140,HOLD_IDENTITY_CONFLICT,False,False,True,False,,False,False,False
2172,103-141,HOLD_IDENTITY_CONFLICT,False,False,True,False,,False,False,False
2173,103-142,HOLD_IDENTITY_CONFLICT,False,False,True,False,,False,False,False
2174,137-202,HOLD_IDENTITY_CONFLICT,False,False,True,False,,False,False,False
2175,137-203,HOLD_IDENTITY_CONFLICT,False,False,True,False,,False,False,False
2176,137-204,HOLD_IDENTITY_CONFLICT,False,False,True,False,,False,False,False
2177,137-205,HOLD_IDENTITY_CONFLICT,False,False,True,False,,False,False,False
2178,123-101,HOLD_IDENTITY_CONFLICT,False,False,True,False,,False,False,False
2179,115-215,HOLD_IDENTITY_CONFLICT,False,False,True,False,,False,False,False
2180,112-153,HOLD_IDENTITY_CONFLICT,False,False,True,False,,False,False,False
2181,422-230,HOLD_IDENTITY_CONFLICT,False,False,True,False,,False,False,False
2182,147-103,HOLD_DUPLICATE_IDENTITY,False,False,True,False,,False,False,False
2183,500-173,HOLD_IDENTITY_CONFLICT,False,False,True,False,,False,False,False
2184,500-500-10,HOLD_IDENTITY_CONFLICT,False,False,True,False,,False,False,False
2185,500-501,HOLD_WEAK_EVIDENCE,False,False,True,False,,False,False,False
2186,500-502,HOLD_IDENTITY_CONFLICT,False,False,True,False,,False,False,False
2187,551-204,HOLD_IDENTITY_CONFLICT,False,False,True,False,,False,False,False
2188,551-206-10,HOLD_WEAK_EVIDENCE,False,False,True,False,,False,False,False
2189,551-207,HOLD_IDENTITY_CONFLICT,False,False,True,False,,False,False,False
2190,573-601,HOLD_IDENTITY_CONFLICT,False,False,True,False,,False,False,False
2191,573-605,HOLD_IDENTITY_CONFLICT,False,False,True,False,,False,False,False
2192,573-642,HOLD_IDENTITY_CONFLICT,False,False,True,False,,False,False,False
2193,573-645,HOLD_IDENTITY_CONFLICT,False,False,True,False,,False,False,False
2194,573-646,HOLD_IDENTITY_CONFLICT,False,False,True,False,,False,False,False
2195,573-661,HOLD_IDENTITY_CONFLICT,False,False,True,False,,False,False,False
2196,573-191,HOLD_IDENTITY_CONFLICT,False,False,True,False,,False,False,False
2197,530-312,HOLD_IDENTITY_CONFLICT,False,False,True,False,,False,False,False
2198,530-118,HOLD_IDENTITY_CONFLICT,False,False,True,False,,False,False,False
2199,530-119,HOLD_IDENTITY_CONFLICT,False,False,True,False,,False,False,False
2200,160-110,HOLD_IDENTITY_CONFLICT,False,False,True,False,,False,False,False
2201,160-113,HOLD_IDENTITY_CONFLICT,False,False,True,False,,False,False,False
2202,534-105,HOLD_IDENTITY_CONFLICT,False,False,True,False,,False,False,False
2203,534-106,HOLD_IDENTITY_CONFLICT,False,False,True,False,,False,False,False
2204,505-730,HOLD_IDENTITY_CONFLICT,False,False,True,False,,False,False,False
2205,505-732,HOLD_IDENTITY_CONFLICT,False,False,True,False,,False,False,False
2206,505-731,HOLD_IDENTITY_CONFLICT,False,False,True,False,,False,False,False
2207,505-733,HOLD_IDENTITY_CONFLICT,False,False,True,False,,False,False,False
2208,505-745,HOLD_IDENTITY_CONFLICT,False,False,True,False,,False,False,False
2209,570-312,HOLD_IDENTITY_CONFLICT,False,False,True,False,,False,False,False
2210,570-313,HOLD_WEAK_EVIDENCE,False,False,True,False,,False,False,False
2211,570-314,HOLD_IDENTITY_CONFLICT,False,False,True,False,,False,False,False
2212,192-614,HOLD_WEAK_EVIDENCE,False,False,True,False,,False,False,False
2213,192-615,HOLD_WEAK_EVIDENCE,False,False,True,False,,False,False,False
2214,570-230,HOLD_WEAK_EVIDENCE,False,False,True,False,,False,False,False
2215,514-102,HOLD_IDENTITY_CONFLICT,False,False,True,False,,False,False,False
2216,514-104,HOLD_WEAK_EVIDENCE,False,False,True,False,,False,False,False
2217,514-106,HOLD_WEAK_EVIDENCE,False,False,True,False,,False,False,False
2218,192-130,HOLD_WEAK_EVIDENCE,False,False,True,False,,False,False,False
2219,518-351,HOLD_WEAK_EVIDENCE,False,False,True,False,,False,False,False
2220,518-230,HOLD_WEAK_EVIDENCE,False,False,True,False,,False,False,False
2221,129-109,HOLD_WEAK_EVIDENCE,False,False,True,False,,False,False,False
2222,571-201,HOLD_WEAK_EVIDENCE,False,False,True,False,,False,False,False
2223,571-202,HOLD_WEAK_EVIDENCE,False,False,True,False,,False,False,False
2224,571-203,HOLD_WEAK_EVIDENCE,False,False,True,False,,False,False,False
2225,527-122,HOLD_IDENTITY_CONFLICT,False,False,True,False,,False,False,False
2226,527-123,HOLD_IDENTITY_CONFLICT,False,False,True,False,,False,False,False
2227,571-254,HOLD_WEAK_EVIDENCE,False,False,True,False,,False,False,False
2228,7211A,HOLD_IDENTITY_CONFLICT,False,False,True,False,,False,False,False
2229,7222,HOLD_WEAK_EVIDENCE,False,False,True,False,,False,False,False
2230,1044A,HOLD_WEAK_EVIDENCE,False,False,True,False,,False,False,False
2231,1109A-10,HOLD_IDENTITY_CONFLICT,False,False,True,False,,False,False,False
2232,1929S,HOLD_WEAK_EVIDENCE,False,False,True,False,,False,False,False
2233,3050S,HOLD_WEAK_EVIDENCE,False,False,True,False,,False,False,False
2234,3052S-19,HOLD_WEAK_EVIDENCE,False,False,True,False,,False,False,False
2235,3058A-19,HOLD_WEAK_EVIDENCE,False,False,True,False,,False,False,False
2236,3060S,HOLD_WEAK_EVIDENCE,False,False,True,False,,False,False,False
2237,3062A-19,HOLD_WEAK_EVIDENCE,False,False,True,False,,False,False,False
2238,1960A,HOLD_WEAK_EVIDENCE,False,False,True,False,,False,False,False
2239,1160A,HOLD_WEAK_EVIDENCE,False,False,True,False,,False,False,False
2240,543-790B,HOLD_IDENTITY_CONFLICT,False,False,True,False,,False,False,False
2241,543-781,HOLD_IDENTITY_CONFLICT,False,False,True,False,,False,False,False
2242,543-791,HOLD_IDENTITY_CONFLICT,False,False,True,False,,False,False,False
2243,543-782,HOLD_IDENTITY_CONFLICT,False,False,True,False,,False,False,False
2244,543-725B,HOLD_IDENTITY_CONFLICT,False,False,True,False,,False,False,False
2245,543-474,HOLD_IDENTITY_CONFLICT,False,False,True,False,,False,False,False
2246,543-490,HOLD_IDENTITY_CONFLICT,False,False,True,False,,False,False,False
2247,468-971,HOLD_IDENTITY_CONFLICT,False,False,True,False,,False,False,False
2248,468-972,HOLD_IDENTITY_CONFLICT,False,False,True,False,,False,False,False
2249,468-973,HOLD_IDENTITY_CONFLICT,False,False,True,False,,False,False,False
2250,468-974,HOLD_IDENTITY_CONFLICT,False,False,True,False,,False,False,False
2251,468-975,HOLD_IDENTITY_CONFLICT,False,False,True,False,,False,False,False
2252,368-911,HOLD_IDENTITY_CONFLICT,False,False,True,False,,False,False,False
2253,368-913,HOLD_IDENTITY_CONFLICT,False,False,True,False,,False,False,False
2254,368-914,HOLD_IDENTITY_CONFLICT,False,False,True,False,,False,False,False
2255,368-167,HOLD_IDENTITY_CONFLICT,False,False,True,False,,False,False,False
2256,368-172,HOLD_IDENTITY_CONFLICT,False,False,True,False,,False,False,False
2257,368-173,HOLD_IDENTITY_CONFLICT,False,False,True,False,,False,False,False
2258,516-959,HOLD_WEAK_EVIDENCE,False,False,True,False,,False,False,False
2259,516-995,HOLD_WEAK_EVIDENCE,False,False,True,False,,False,False,False
2260,516-967,HOLD_IDENTITY_CONFLICT,False,False,True,False,,False,False,False
2261,516-978,HOLD_WEAK_EVIDENCE,False,False,True,False,,False,False,False
2262,611671-016,HOLD_WEAK_EVIDENCE,False,False,True,False,,False,False,False
2263,516-650,HOLD_WEAK_EVIDENCE,False,False,True,False,,False,False,False
2264,601644,HOLD_WEAK_EVIDENCE,False,False,True,False,,False,False,False
2265,515-322,HOLD_WEAK_EVIDENCE,False,False,True,False,,False,False,False
2266,7010S-10,HOLD_IDENTITY_CONFLICT,False,False,True,False,,False,False,False
2267,7011S-10,HOLD_IDENTITY_CONFLICT,False,False,True,False,,False,False,False
2268,7012,HOLD_WEAK_EVIDENCE,False,False,True,False,,False,False,False
2269,7014,HOLD_WEAK_EVIDENCE,False,False,True,False,,False,False,False
2270,7033,HOLD_WEAK_EVIDENCE,False,False,True,False,,False,False,False
2271,7032,HOLD_WEAK_EVIDENCE,False,False,True,False,,False,False,False
2272,7031,HOLD_WEAK_EVIDENCE,False,False,True,False,,False,False,False
2273,7002-10,HOLD_IDENTITY_CONFLICT,False,False,True,False,,False,False,False
2274,181-902,HOLD_WEAK_EVIDENCE,False,False,True,False,,False,False,False
2275,156-105,HOLD_IDENTITY_CONFLICT,False,False,True,False,,False,False,False
2276,513-414E,HOLD_IDENTITY_CONFLICT,False,False,True,False,,False,False,False
2277,513-425E,HOLD_IDENTITY_CONFLICT,False,False,True,False,,False,False,False
2278,513-444E,HOLD_IDENTITY_CONFLICT,False,False,True,False,,False,False,False
2279,513-514E,HOLD_IDENTITY_CONFLICT,False,False,True,False,,False,False,False
2280,190547,HOLD_WEAK_EVIDENCE,False,False,True,False,,False,False,False
2281,137-747,HOLD_IDENTITY_CONFLICT,False,False,True,False,,False,False,False
2282,170-102-12,HOLD_WEAK_EVIDENCE,False,False,True,False,,False,False,False
2283,511-204,HOLD_IDENTITY_CONFLICT,False,False,True,False,,False,False,False
2284,551-204-2,HOLD_WEAK_EVIDENCE,False,False,True,False,,False,False,False
2285,551-206-10-2,HOLD_IDENTITY_CONFLICT,False,False,True,False,,False,False,False
2286,2046A,HOLD_WEAK_EVIDENCE,False,False,True,False,,False,False,False
2287,2109A,HOLD_WEAK_EVIDENCE,False,False,True,False,,False,False,False
2288,2044S,HOLD_WEAK_EVIDENCE,False,False,True,False,,False,False,False
2289,2118S-10,HOLD_WEAK_EVIDENCE,False,False,True,False,,False,False,False
2290,2046S-60,HOLD_WEAK_EVIDENCE,False,False,True,False,,False,False,False
2291,2046AB,HOLD_WEAK_EVIDENCE,False,False,True,False,,False,False,False
2292,293-340,HOLD_IDENTITY_CONFLICT,False,False,True,False,,False,False,False
2293,2044A,HOLD_WEAK_EVIDENCE,False,False,True,False,,False,False,False
2294,2119A,HOLD_WEAK_EVIDENCE,False,False,True,False,,False,False,False
2295,513-405A,HOLD_IDENTITY_CONFLICT,False,False,True,False,,False,False,False
2296,293-233,HOLD_IDENTITY_CONFLICT,False,False,True,False,,False,False,False
2297,103-143,HOLD_IDENTITY_CONFLICT,False,False,True,False,,False,False,False
2298,103-144,HOLD_IDENTITY_CONFLICT,False,False,True,False,,False,False,False
2299,103-129,HOLD_IDENTITY_CONFLICT,False,False,True,False,,False,False,False
2300,103-130,HOLD_IDENTITY_CONFLICT,False,False,True,False,,False,False,False
2301,145-186,HOLD_IDENTITY_CONFLICT,False,False,True,False,,False,False,False
2302,104-135A,HOLD_IDENTITY_CONFLICT,False,False,True,False,,False,False,False
2303,104-142A,HOLD_IDENTITY_CONFLICT,False,False,True,False,,False,False,False
2304,104-143A,HOLD_IDENTITY_CONFLICT,False,False,True,False,,False,False,False
2305,104-144A,HOLD_IDENTITY_CONFLICT,False,False,True,False,,False,False,False
2306,104-145A,HOLD_IDENTITY_CONFLICT,False,False,True,False,,False,False,False
2307,104-141A,HOLD_IDENTITY_CONFLICT,False,False,True,False,,False,False,False
2308,104-146A,HOLD_IDENTITY_CONFLICT,False,False,True,False,,False,False,False
2309,104-147A,HOLD_WEAK_EVIDENCE,False,False,True,False,,False,False,False
2310,104-148A,HOLD_WEAK_EVIDENCE,False,False,True,False,,False,False,False
2311,534-113,HOLD_IDENTITY_CONFLICT,False,False,True,False,,False,False,False
2312,534-114,HOLD_IDENTITY_CONFLICT,False,False,True,False,,False,False,False
2313,534-115,HOLD_IDENTITY_CONFLICT,False,False,True,False,,False,False,False
2314,534-116,HOLD_IDENTITY_CONFLICT,False,False,True,False,,False,False,False
2315,534-108,HOLD_IDENTITY_CONFLICT,False,False,True,False,,False,False,False
2316,551-341,HOLD_IDENTITY_CONFLICT,False,False,True,False,,False,False,False
2317,551-224,HOLD_IDENTITY_CONFLICT,False,False,True,False,,False,False,False
2318,160-153,HOLD_IDENTITY_CONFLICT,False,False,True,False,,False,False,False
2319,160-155,HOLD_IDENTITY_CONFLICT,False,False,True,False,,False,False,False
2320,500-505,HOLD_IDENTITY_CONFLICT,False,False,True,False,,False,False,False
2321,500-506,HOLD_IDENTITY_CONFLICT,False,False,True,False,,False,False,False
2322,500-507,HOLD_IDENTITY_CONFLICT,False,False,True,False,,False,False,False
2323,368-912,HOLD_IDENTITY_CONFLICT,False,False,True,False,,False,False,False
2324,368-165,HOLD_IDENTITY_CONFLICT,False,False,True,False,,False,False,False
2325,368-166,HOLD_IDENTITY_CONFLICT,False,False,True,False,,False,False,False
2326,368-168,HOLD_IDENTITY_CONFLICT,False,False,True,False,,False,False,False
2327,368-169,HOLD_IDENTITY_CONFLICT,False,False,True,False,,False,False,False
2328,368-170,HOLD_IDENTITY_CONFLICT,False,False,True,False,,False,False,False
2329,368-171,HOLD_IDENTITY_CONFLICT,False,False,True,False,,False,False,False
2330,571-211,HOLD_IDENTITY_CONFLICT,False,False,True,False,,False,False,False
2331,571-212,HOLD_IDENTITY_CONFLICT,False,False,True,False,,False,False,False
2332,571-213,HOLD_IDENTITY_CONFLICT,False,False,True,False,,False,False,False
2333,7305A,HOLD_IDENTITY_CONFLICT,False,False,True,False,,False,False,False
2334,7360A,HOLD_IDENTITY_CONFLICT,False,False,True,False,,False,False,False
2335,7327A,HOLD_IDENTITY_CONFLICT,False,False,True,False,,False,False,False
2336,7323A,HOLD_IDENTITY_CONFLICT,False,False,True,False,,False,False,False
2337,547-301,HOLD_IDENTITY_CONFLICT,False,False,True,False,,False,False,False
2338,500-764,HOLD_IDENTITY_CONFLICT,False,False,True,False,,False,False,False
2339,145-187,HOLD_IDENTITY_CONFLICT,False,False,True,False,,False,False,False
2340,145-188,HOLD_IDENTITY_CONFLICT,False,False,True,False,,False,False,False
2341,184-313S,HOLD_IDENTITY_CONFLICT,False,False,True,False,,False,False,False
2342,184-303S,HOLD_IDENTITY_CONFLICT,False,False,True,False,,False,False,False
2343,188-151,HOLD_IDENTITY_CONFLICT,False,False,True,False,,False,False,False
2344,192-630,HOLD_IDENTITY_CONFLICT,False,False,True,False,,False,False,False
2345,192-632,HOLD_IDENTITY_CONFLICT,False,False,True,False,,False,False,False
2346,187-901,HOLD_IDENTITY_CONFLICT,False,False,True,False,,False,False,False
2347,187-502,HOLD_IDENTITY_CONFLICT,False,False,True,False,,False,False,False
2348,500-753,HOLD_IDENTITY_CONFLICT,False,False,True,False,,False,False,False
2349,500-752,HOLD_IDENTITY_CONFLICT,False,False,True,False,,False,False,False
2350,293-250,HOLD_IDENTITY_CONFLICT,False,False,True,False,,False,False,False
2351,103-145,HOLD_IDENTITY_CONFLICT,False,False,True,False,,False,False,False
2352,103-146,HOLD_IDENTITY_CONFLICT,False,False,True,False,,False,False,False
2353,103-147,HOLD_DUPLICATE_IDENTITY,False,False,True,False,,False,False,False
2354,103-148,HOLD_IDENTITY_CONFLICT,False,False,True,False,,False,False,False
2355,104-139A,HOLD_IDENTITY_CONFLICT,False,False,True,False,,False,False,False
2356,104-140A,HOLD_IDENTITY_CONFLICT,False,False,True,False,,False,False,False
2357,340-520,HOLD_IDENTITY_CONFLICT,False,False,True,False,,False,False,False
2358,137-011,HOLD_IDENTITY_CONFLICT,False,False,True,False,,False,False,False
2359,523-122,HOLD_IDENTITY_CONFLICT,False,False,True,False,,False,False,False
2360,2972AB,HOLD_WEAK_EVIDENCE,False,False,True,False,,False,False,False
2361,543-720B,HOLD_IDENTITY_CONFLICT,False,False,True,False,,False,False,False
2362,543-735B,HOLD_IDENTITY_CONFLICT,False,False,True,False,,False,False,False
2363,511-817,HOLD_IDENTITY_CONFLICT,False,False,True,False,,False,False,False
2364,511-818,HOLD_IDENTITY_CONFLICT,False,False,True,False,,False,False,False
2365,953550,HOLD_WEAK_EVIDENCE,False,False,True,False,,False,False,False
2366,953553,HOLD_WEAK_EVIDENCE,False,False,True,False,,False,False,False
2367,514-103,HOLD_IDENTITY_CONFLICT,False,False,True,False,,False,False,False
2368,570-412,HOLD_IDENTITY_CONFLICT,False,False,True,False,,False,False,False
2369,570-414,HOLD_IDENTITY_CONFLICT,False,False,True,False,,False,False,False
2370,192-631,HOLD_IDENTITY_CONFLICT,False,False,True,False,,False,False,False
2371,103006,HOLD_WEAK_EVIDENCE,False,False,True,False,,False,False,False
2372,136013,HOLD_WEAK_EVIDENCE,False,False,True,False,,False,False,False
2373,21AZB149,HOLD_WEAK_EVIDENCE,False,False,True,False,,False,False,False
2374,21AZB161,HOLD_WEAK_EVIDENCE,False,False,True,False,,False,False,False
2375,293-251,HOLD_IDENTITY_CONFLICT,False,False,True,False,,False,False,False
2376,193-111,HOLD_IDENTITY_CONFLICT,False,False,True,False,,False,False,False
2377,178-561-12,HOLD_IDENTITY_CONFLICT,False,False,True,False,,False,False,False
2378,112-167,HOLD_IDENTITY_CONFLICT,False,False,True,False,,False,False,False
2379,103-177,HOLD_IDENTITY_CONFLICT,False,False,True,False,,False,False,False
2380,103-178,HOLD_IDENTITY_CONFLICT,False,False,True,False,,False,False,False
2381,149-132,HOLD_IDENTITY_CONFLICT,False,False,True,False,,False,False,False
2382,150-212,HOLD_IDENTITY_CONFLICT,False,False,True,False,,False,False,False
2383,123-102,HOLD_IDENTITY_CONFLICT,False,False,True,False,,False,False,False
2384,123-103,HOLD_IDENTITY_CONFLICT,False,False,True,False,,False,False,False
2385,123-104,HOLD_IDENTITY_CONFLICT,False,False,True,False,,False,False,False
2386,129-116,HOLD_IDENTITY_CONFLICT,False,False,True,False,,False,False,False
2387,513-404A,HOLD_WEAK_EVIDENCE,False,False,True,False,,False,False,False
2388,513-455E,HOLD_WEAK_EVIDENCE,False,False,True,False,,False,False,False
2389,500-155,HOLD_IDENTITY_CONFLICT,False,False,True,False,,False,False,False
2390,505-742J,HOLD_WEAK_EVIDENCE,False,False,True,False,,False,False,False
2391,505-743J,HOLD_WEAK_EVIDENCE,False,False,True,False,,False,False,False
2392,505-746,HOLD_WEAK_EVIDENCE,False,False,True,False,,False,False,False
2393,293-252,HOLD_IDENTITY_CONFLICT,False,False,True,False,,False,False,False
2394,293-253,HOLD_IDENTITY_CONFLICT,False,False,True,False,,False,False,False
2395,118-102,HOLD_IDENTITY_CONFLICT,False,False,True,False,,False,False,False
2396,150-192,HOLD_IDENTITY_CONFLICT,False,False,True,False,,False,False,False
2397,123-105,HOLD_IDENTITY_CONFLICT,False,False,True,False,,False,False,False
2398,123-106,HOLD_IDENTITY_CONFLICT,False,False,True,False,,False,False,False
2399,2414A,HOLD_IDENTITY_CONFLICT,False,False,True,False,,False,False,False
2400,571-215,HOLD_IDENTITY_CONFLICT,False,False,True,False,,False,False,False
2401,188-130,HOLD_IDENTITY_CONFLICT,False,False,True,False,,False,False,False
2402,601645,HOLD_WEAK_EVIDENCE,False,False,True,False,,False,False,False
2403,950-233,HOLD_IDENTITY_CONFLICT,False,False,True,False,,False,False,False
2404,950-223,HOLD_IDENTITY_CONFLICT,False,False,True,False,,False,False,False
2405,101039,HOLD_WEAK_EVIDENCE,False,False,True,False,,False,False,False
2406,101211,HOLD_WEAK_EVIDENCE,False,False,True,False,,False,False,False
2407,06AFM380,HOLD_WEAK_EVIDENCE,False,False,True,False,,False,False,False
2408,900321,HOLD_WEAK_EVIDENCE,False,False,True,False,,False,False,False
2409,02AZC360,HOLD_WEAK_EVIDENCE,False,False,True,False,,False,False,False
2410,04GZA239,HOLD_WEAK_EVIDENCE,False,False,True,False,,False,False,False
2411,938882,HOLD_WEAK_EVIDENCE,False,False,True,False,,False,False,False
2412,341-04-4,HOLD_WEAK_EVIDENCE,False,False,True,False,,False,False,False
2413,351-06-4,HOLD_WEAK_EVIDENCE,False,False,True,False,,False,False,False
2414,361-05-6,HOLD_WEAK_EVIDENCE,False,False,True,False,,False,False,False
2415,285,HOLD_WEAK_EVIDENCE,False,False,True,False,,False,False,False
2416,322-61-0,HOLD_WEAK_EVIDENCE,False,False,True,False,,False,False,False
2417,307-04-4,HOLD_WEAK_EVIDENCE,False,False,True,False,,False,False,False
2418,306-06-5,HOLD_WEAK_EVIDENCE,False,False,True,False,,False,False,False
2419,307-56-3,HOLD_IDENTITY_CONFLICT,False,False,True,False,,False,False,False
2420,306-56-0,HOLD_WEAK_EVIDENCE,False,False,True,False,,False,False,False
2421,307-06-3,HOLD_WEAK_EVIDENCE,False,False,True,False,,False,False,False
2422,293,HOLD_WEAK_EVIDENCE,False,False,True,False,,False,False,False
2423,303-06-2,HOLD_WEAK_EVIDENCE,False,False,True,False,,False,False,False
2424,308-06-2,HOLD_WEAK_EVIDENCE,False,False,True,False,,False,False,False
2425,321-06-2,HOLD_WEAK_EVIDENCE,False,False,True,False,,False,False,False
2426,327-06-7,HOLD_WEAK_EVIDENCE,False,False,True,False,,False,False,False
2427,324-06-2,HOLD_WEAK_EVIDENCE,False,False,True,False,,False,False,False
2428,322-06-5,HOLD_WEAK_EVIDENCE,False,False,True,False,,False,False,False
2429,323-06-5,HOLD_WEAK_EVIDENCE,False,False,True,False,,False,False,False
2430,322-71-0,HOLD_WEAK_EVIDENCE,False,False,True,False,,False,False,False
2431,325-05-0,HOLD_WEAK_EVIDENCE,False,False,True,False,,False,False,False
2432,309-06-4,HOLD_WEAK_EVIDENCE,False,False,True,False,,False,False,False
2433,317-06-3,HOLD_WEAK_EVIDENCE,False,False,True,False,,False,False,False
2434,313-12-0,HOLD_WEAK_EVIDENCE,False,False,True,False,,False,False,False
2435,311-12-0,HOLD_BRAND_AMBIGUOUS,False,False,False,False,,False,False,False
2436,302-12-8,HOLD_WEAK_EVIDENCE,False,False,True,False,,False,False,False
2437,310,HOLD_WEAK_EVIDENCE,False,False,True,False,,False,False,False
2438,315-12-8,HOLD_WEAK_EVIDENCE,False,False,True,False,,False,False,False
2439,316-06-2,HOLD_WEAK_EVIDENCE,False,False,True,False,,False,False,False
2440,305-40-0,HOLD_WEAK_EVIDENCE,False,False,True,False,,False,False,False
2441,325-36-0,HOLD_WEAK_EVIDENCE,False,False,True,False,,False,False,False
2442,627-12-0,HOLD_WEAK_EVIDENCE,False,False,True,False,,False,False,False
2443,626-12-0,HOLD_WEAK_EVIDENCE,False,False,True,False,,False,False,False
2444,304-06-2,HOLD_WEAK_EVIDENCE,False,False,True,False,,False,False,False
2445,623-12-0,HOLD_WEAK_EVIDENCE,False,False,True,False,,False,False,False
2446,621-12-2,HOLD_WEAK_EVIDENCE,False,False,True,False,,False,False,False
2447,305-06-2,HOLD_WEAK_EVIDENCE,False,False,True,False,,False,False,False
2448,301-06-2,HOLD_WEAK_EVIDENCE,False,False,True,False,,False,False,False
2449,312-20-0,HOLD_WEAK_EVIDENCE,False,False,True,False,,False,False,False
2450,312-12-0,HOLD_WEAK_EVIDENCE,False,False,True,False,,False,False,False
2451,324,HOLD_WEAK_EVIDENCE,False,False,True,False,,False,False,False
2452,330-51-0,HOLD_WEAK_EVIDENCE,False,False,True,False,,False,False,False
2453,321-01-0,HOLD_WEAK_EVIDENCE,False,False,True,False,,False,False,False
2454,327,HOLD_WEAK_EVIDENCE,False,False,True,False,,False,False,False
2455,328,HOLD_WEAK_EVIDENCE,False,False,True,False,,False,False,False
2456,322-06-2,HOLD_WEAK_EVIDENCE,False,False,True,False,,False,False,False
2457,330-51-0-2,HOLD_WEAK_EVIDENCE,False,False,True,False,,False,False,False
2458,302-12-0,HOLD_WEAK_EVIDENCE,False,False,True,False,,False,False,False
2459,322-51-0,HOLD_WEAK_EVIDENCE,False,False,True,False,,False,False,False
2460,360,HOLD_BRAND_AMBIGUOUS,False,False,False,False,,False,False,False
2461,362,HOLD_WEAK_EVIDENCE,False,False,True,False,,False,False,False
2462,363,HOLD_WEAK_EVIDENCE,False,False,True,False,,False,False,False
2463,364,HOLD_BRAND_AMBIGUOUS,False,False,False,False,,False,False,False
2464,366,HOLD_WEAK_EVIDENCE,False,False,True,False,,False,False,False
2465,367,HOLD_WEAK_EVIDENCE,False,False,True,False,,False,False,False
2466,368,HOLD_WEAK_EVIDENCE,False,False,True,False,,False,False,False
2467,369,HOLD_WEAK_EVIDENCE,False,False,True,False,,False,False,False
2468,437,HOLD_WEAK_EVIDENCE,False,False,True,False,,False,False,False
2469,438,HOLD_WEAK_EVIDENCE,False,False,True,False,,False,False,False
2470,441,HOLD_WEAK_EVIDENCE,False,False,True,False,,False,False,False
2471,443,HOLD_WEAK_EVIDENCE,False,False,True,False,,False,False,False
2472,444,HOLD_WEAK_EVIDENCE,False,False,True,False,,False,False,False
2473,456,HOLD_WEAK_EVIDENCE,False,False,True,False,,False,False,False
2474,459,HOLD_WEAK_EVIDENCE,False,False,True,False,,False,False,False
2475,461,HOLD_WEAK_EVIDENCE,False,False,True,False,,False,False,False
2476,464,HOLD_WEAK_EVIDENCE,False,False,True,False,,False,False,False
2477,483,HOLD_BRAND_AMBIGUOUS,False,False,False,False,,False,False,False
2478,484,HOLD_BRAND_AMBIGUOUS,False,False,False,False,,False,False,False
2479,485,HOLD_BRAND_AMBIGUOUS,False,False,False,False,,False,False,False
2480,486,HOLD_BRAND_AMBIGUOUS,False,False,False,False,,False,False,False
2481,487,HOLD_BRAND_AMBIGUOUS,False,False,False,False,,False,False,False
2482,51609-16-18LH,HOLD_BRAND_AMBIGUOUS,False,False,False,False,,False,False,False
2483,489,HOLD_BRAND_AMBIGUOUS,False,False,False,False,,False,False,False
2484,490,HOLD_BRAND_AMBIGUOUS,False,False,False,False,,False,False,False
2485,491,HOLD_BRAND_AMBIGUOUS,False,False,False,False,,False,False,False
2486,492,HOLD_BRAND_AMBIGUOUS,False,False,False,False,,False,False,False
2487,498,HOLD_WEAK_EVIDENCE,False,False,True,False,,False,False,False
2488,499,HOLD_WEAK_EVIDENCE,False,False,True,False,,False,False,False
2489,500,HOLD_WEAK_EVIDENCE,False,False,True,False,,False,False,False
2490,501,HOLD_WEAK_EVIDENCE,False,False,True,False,,False,False,False
2491,502,HOLD_WEAK_EVIDENCE,False,False,True,False,,False,False,False
2492,503,HOLD_WEAK_EVIDENCE,False,False,True,False,,False,False,False
2493,504,HOLD_WEAK_EVIDENCE,False,False,True,False,,False,False,False
2494,505,HOLD_WEAK_EVIDENCE,False,False,True,False,,False,False,False
2495,506,HOLD_WEAK_EVIDENCE,False,False,True,False,,False,False,False
2496,507,HOLD_WEAK_EVIDENCE,False,False,True,False,,False,False,False
2497,508,HOLD_WEAK_EVIDENCE,False,False,True,False,,False,False,False
2498,509,HOLD_WEAK_EVIDENCE,False,False,True,False,,False,False,False
2499,511,HOLD_WEAK_EVIDENCE,False,False,True,False,,False,False,False
2500,512,HOLD_WEAK_EVIDENCE,False,False,True,False,,False,False,False
2501,IP65-2,HOLD_WEAK_EVIDENCE,False,False,True,False,,False,False,False
2502,514,HOLD_WEAK_EVIDENCE,False,False,True,False,,False,False,False
2503,515,HOLD_WEAK_EVIDENCE,False,False,True,False,,False,False,False
2504,516,HOLD_WEAK_EVIDENCE,False,False,True,False,,False,False,False
2505,517,HOLD_WEAK_EVIDENCE,False,False,True,False,,False,False,False
2506,518,HOLD_WEAK_EVIDENCE,False,False,True,False,,False,False,False
2507,521,HOLD_WEAK_EVIDENCE,False,False,True,False,,False,False,False
2508,522,HOLD_WEAK_EVIDENCE,False,False,True,False,,False,False,False
2509,523,HOLD_WEAK_EVIDENCE,False,False,True,False,,False,False,False
2510,524,HOLD_WEAK_EVIDENCE,False,False,True,False,,False,False,False
2511,525,HOLD_WEAK_EVIDENCE,False,False,True,False,,False,False,False
2512,526,HOLD_WEAK_EVIDENCE,False,False,True,False,,False,False,False
2513,527,HOLD_WEAK_EVIDENCE,False,False,True,False,,False,False,False
2514,528,HOLD_WEAK_EVIDENCE,False,False,True,False,,False,False,False
2515,529,HOLD_WEAK_EVIDENCE,False,False,True,False,,False,False,False
2516,530,HOLD_WEAK_EVIDENCE,False,False,True,False,,False,False,False
2517,531,HOLD_WEAK_EVIDENCE,False,False,True,False,,False,False,False
2518,532,HOLD_WEAK_EVIDENCE,False,False,True,False,,False,False,False
2519,533,HOLD_WEAK_EVIDENCE,False,False,True,False,,False,False,False
2520,534,HOLD_WEAK_EVIDENCE,False,False,True,False,,False,False,False
2521,535,HOLD_WEAK_EVIDENCE,False,False,True,False,,False,False,False
2522,536,HOLD_WEAK_EVIDENCE,False,False,True,False,,False,False,False
2523,537,HOLD_WEAK_EVIDENCE,False,False,True,False,,False,False,False
2524,539,HOLD_WEAK_EVIDENCE,False,False,True,False,,False,False,False
2525,541,HOLD_WEAK_EVIDENCE,False,False,True,False,,False,False,False
2526,543,HOLD_WEAK_EVIDENCE,False,False,True,False,,False,False,False
2527,545,HOLD_WEAK_EVIDENCE,False,False,True,False,,False,False,False
2528,IP65,HOLD_WEAK_EVIDENCE,False,False,True,False,,False,False,False
2529,549,HOLD_WEAK_EVIDENCE,False,False,True,False,,False,False,False
2530,551,HOLD_WEAK_EVIDENCE,False,False,True,False,,False,False,False
2531,553,HOLD_WEAK_EVIDENCE,False,False,True,False,,False,False,False
2532,555,HOLD_WEAK_EVIDENCE,False,False,True,False,,False,False,False
2533,557,HOLD_WEAK_EVIDENCE,False,False,True,False,,False,False,False
2534,559,HOLD_WEAK_EVIDENCE,False,False,True,False,,False,False,False
2535,561,HOLD_WEAK_EVIDENCE,False,False,True,False,,False,False,False
2536,563,HOLD_WEAK_EVIDENCE,False,False,True,False,,False,False,False
2537,IP54-2,HOLD_WEAK_EVIDENCE,False,False,True,False,,False,False,False
2538,567,HOLD_WEAK_EVIDENCE,False,False,True,False,,False,False,False
2539,569,HOLD_WEAK_EVIDENCE,False,False,True,False,,False,False,False
2540,571,HOLD_WEAK_EVIDENCE,False,False,True,False,,False,False,False
2541,576,HOLD_WEAK_EVIDENCE,False,False,True,False,,False,False,False
2542,578,HOLD_WEAK_EVIDENCE,False,False,True,False,,False,False,False
2543,581,HOLD_WEAK_EVIDENCE,False,False,True,False,,False,False,False
2544,583,HOLD_WEAK_EVIDENCE,False,False,True,False,,False,False,False
2545,585,HOLD_WEAK_EVIDENCE,False,False,True,False,,False,False,False
2546,588,HOLD_WEAK_EVIDENCE,False,False,True,False,,False,False,False
2547,590,HOLD_WEAK_EVIDENCE,False,False,True,False,,False,False,False
2548,592,HOLD_WEAK_EVIDENCE,False,False,True,False,,False,False,False
2549,594,HOLD_WEAK_EVIDENCE,False,False,True,False,,False,False,False
2550,596,HOLD_WEAK_EVIDENCE,False,False,True,False,,False,False,False
2551,598,HOLD_WEAK_EVIDENCE,False,False,True,False,,False,False,False
2552,600,HOLD_WEAK_EVIDENCE,False,False,True,False,,False,False,False
2553,602,HOLD_WEAK_EVIDENCE,False,False,True,False,,False,False,False
2554,604,HOLD_WEAK_EVIDENCE,False,False,True,False,,False,False,False
2555,606,HOLD_WEAK_EVIDENCE,False,False,True,False,,False,False,False
2556,608,HOLD_WEAK_EVIDENCE,False,False,True,False,,False,False,False
2557,610,HOLD_WEAK_EVIDENCE,False,False,True,False,,False,False,False
2558,612,HOLD_WEAK_EVIDENCE,False,False,True,False,,False,False,False
2559,614,HOLD_WEAK_EVIDENCE,False,False,True,False,,False,False,False
2560,616,HOLD_WEAK_EVIDENCE,False,False,True,False,,False,False,False
2561,618,HOLD_WEAK_EVIDENCE,False,False,True,False,,False,False,False
2562,620,HOLD_WEAK_EVIDENCE,False,False,True,False,,False,False,False
2563,622,HOLD_WEAK_EVIDENCE,False,False,True,False,,False,False,False
2564,624,HOLD_WEAK_EVIDENCE,False,False,True,False,,False,False,False
2565,628,HOLD_WEAK_EVIDENCE,False,False,True,False,,False,False,False
2566,630,HOLD_WEAK_EVIDENCE,False,False,True,False,,False,False,False
2567,632,HOLD_WEAK_EVIDENCE,False,False,True,False,,False,False,False
2568,634,HOLD_WEAK_EVIDENCE,False,False,True,False,,False,False,False
2569,636,HOLD_WEAK_EVIDENCE,False,False,True,False,,False,False,False
2570,638,HOLD_WEAK_EVIDENCE,False,False,True,False,,False,False,False
2571,640,HOLD_WEAK_EVIDENCE,False,False,True,False,,False,False,False
2572,642,HOLD_WEAK_EVIDENCE,False,False,True,False,,False,False,False
2573,644,HOLD_WEAK_EVIDENCE,False,False,True,False,,False,False,False
2574,646,HOLD_WEAK_EVIDENCE,False,False,True,False,,False,False,False
2575,648,HOLD_WEAK_EVIDENCE,False,False,True,False,,False,False,False
2576,650,HOLD_WEAK_EVIDENCE,False,False,True,False,,False,False,False
2577,652,HOLD_WEAK_EVIDENCE,False,False,True,False,,False,False,False
2578,654,HOLD_WEAK_EVIDENCE,False,False,True,False,,False,False,False
2579,656,HOLD_WEAK_EVIDENCE,False,False,True,False,,False,False,False
2580,658,HOLD_WEAK_EVIDENCE,False,False,True,False,,False,False,False
2581,660,HOLD_WEAK_EVIDENCE,False,False,True,False,,False,False,False
2582,662,HOLD_WEAK_EVIDENCE,False,False,True,False,,False,False,False
2583,664,HOLD_WEAK_EVIDENCE,False,False,True,False,,False,False,False
2584,666,HOLD_WEAK_EVIDENCE,False,False,True,False,,False,False,False
2585,671,HOLD_WEAK_EVIDENCE,False,False,True,False,,False,False,False
2586,673,HOLD_WEAK_EVIDENCE,False,False,True,False,,False,False,False
2587,675,HOLD_WEAK_EVIDENCE,False,False,True,False,,False,False,False
2588,679,HOLD_WEAK_EVIDENCE,False,False,True,False,,False,False,False
2589,681,HOLD_WEAK_EVIDENCE,False,False,True,False,,False,False,False
2590,693,HOLD_WEAK_EVIDENCE,False,False,True,False,,False,False,False
2591,695,HOLD_WEAK_EVIDENCE,False,False,True,False,,False,False,False
2592,699,HOLD_WEAK_EVIDENCE,False,False,True,False,,False,False,False
2593,703,HOLD_WEAK_EVIDENCE,False,False,True,False,,False,False,False
2594,710,HOLD_WEAK_EVIDENCE,False,False,True,False,,False,False,False
2595,712,HOLD_WEAK_EVIDENCE,False,False,True,False,,False,False,False
2596,714,HOLD_WEAK_EVIDENCE,False,False,True,False,,False,False,False
2597,716,HOLD_WEAK_EVIDENCE,False,False,True,False,,False,False,False
2598,718,HOLD_WEAK_EVIDENCE,False,False,True,False,,False,False,False
2599,720,HOLD_WEAK_EVIDENCE,False,False,True,False,,False,False,False
2600,722,HOLD_WEAK_EVIDENCE,False,False,True,False,,False,False,False
2601,724,HOLD_WEAK_EVIDENCE,False,False,True,False,,False,False,False
2602,726,HOLD_WEAK_EVIDENCE,False,False,True,False,,False,False,False
2603,728,HOLD_WEAK_EVIDENCE,False,False,True,False,,False,False,False
2604,730,HOLD_WEAK_EVIDENCE,False,False,True,False,,False,False,False
2605,732,HOLD_WEAK_EVIDENCE,False,False,True,False,,False,False,False
2606,734,HOLD_WEAK_EVIDENCE,False,False,True,False,,False,False,False
2607,736,HOLD_WEAK_EVIDENCE,False,False,True,False,,False,False,False
2608,738,HOLD_WEAK_EVIDENCE,False,False,True,False,,False,False,False
2609,744,HOLD_WEAK_EVIDENCE,False,False,True,False,,False,False,False
2610,746,HOLD_WEAK_EVIDENCE,False,False,True,False,,False,False,False
2611,750,HOLD_WEAK_EVIDENCE,False,False,True,False,,False,False,False
2612,752,HOLD_WEAK_EVIDENCE,False,False,True,False,,False,False,False
2613,754,HOLD_WEAK_EVIDENCE,False,False,True,False,,False,False,False
2614,756,HOLD_WEAK_EVIDENCE,False,False,True,False,,False,False,False
2615,758,HOLD_WEAK_EVIDENCE,False,False,True,False,,False,False,False
2616,760,HOLD_WEAK_EVIDENCE,False,False,True,False,,False,False,False
2617,762,HOLD_WEAK_EVIDENCE,False,False,True,False,,False,False,False
2618,764,HOLD_WEAK_EVIDENCE,False,False,True,False,,False,False,False
2619,770,HOLD_WEAK_EVIDENCE,False,False,True,False,,False,False,False
2620,772,HOLD_WEAK_EVIDENCE,False,False,True,False,,False,False,False
2621,775,HOLD_WEAK_EVIDENCE,False,False,True,False,,False,False,False
2622,777,HOLD_WEAK_EVIDENCE,False,False,True,False,,False,False,False
2623,779,HOLD_WEAK_EVIDENCE,False,False,True,False,,False,False,False
2624,781,HOLD_WEAK_EVIDENCE,False,False,True,False,,False,False,False
2625,783,HOLD_WEAK_EVIDENCE,False,False,True,False,,False,False,False
2626,835,HOLD_WEAK_EVIDENCE,False,False,True,False,,False,False,False
2627,837,HOLD_WEAK_EVIDENCE,False,False,True,False,,False,False,False
2628,839,HOLD_WEAK_EVIDENCE,False,False,True,False,,False,False,False
2629,841,HOLD_WEAK_EVIDENCE,False,False,True,False,,False,False,False
2630,843,HOLD_WEAK_EVIDENCE,False,False,True,False,,False,False,False
2631,VN10010,HOLD_WEAK_EVIDENCE,False,False,True,False,,False,False,False
2632,VN10085-3,HOLD_WEAK_EVIDENCE,False,False,True,False,,False,False,False
2633,VN10085-2,HOLD_WEAK_EVIDENCE,False,False,True,False,,False,False,False
2634,VN10085,HOLD_WEAK_EVIDENCE,False,False,True,False,,False,False,False
2635,904,HOLD_WEAK_EVIDENCE,False,False,True,False,,False,False,False
2636,906,HOLD_BRAND_AMBIGUOUS,False,False,False,False,,False,False,False
2637,908,HOLD_BRAND_AMBIGUOUS,False,False,False,False,,False,False,False
2638,910,HOLD_BRAND_AMBIGUOUS,False,False,False,False,,False,False,False
2639,912,HOLD_WEAK_EVIDENCE,False,False,True,False,,False,False,False
2640,914,HOLD_BRAND_AMBIGUOUS,False,False,False,False,,False,False,False
2641,916,HOLD_BRAND_AMBIGUOUS,False,False,False,False,,False,False,False
2642,918,HOLD_BRAND_AMBIGUOUS,False,False,False,False,,False,False,False
2643,920,HOLD_BRAND_AMBIGUOUS,False,False,False,False,,False,False,False
2644,922,HOLD_BRAND_AMBIGUOUS,False,False,False,False,,False,False,False
2645,924,HOLD_BRAND_AMBIGUOUS,False,False,False,False,,False,False,False
2646,926,HOLD_BRAND_AMBIGUOUS,False,False,False,False,,False,False,False
2647,928,HOLD_BRAND_AMBIGUOUS,False,False,False,False,,False,False,False
2648,931,HOLD_BRAND_AMBIGUOUS,False,False,False,False,,False,False,False
2649,933,HOLD_BRAND_AMBIGUOUS,False,False,False,False,,False,False,False
2650,935,HOLD_BRAND_AMBIGUOUS,False,False,False,False,,False,False,False
2651,937,HOLD_BRAND_AMBIGUOUS,False,False,False,False,,False,False,False
2652,939,HOLD_BRAND_AMBIGUOUS,False,False,False,False,,False,False,False
2653,941,HOLD_BRAND_AMBIGUOUS,False,False,False,False,,False,False,False
2654,943,HOLD_BRAND_AMBIGUOUS,False,False,False,False,,False,False,False
2655,945,HOLD_WEAK_EVIDENCE,False,False,True,False,,False,False,False
2656,947,HOLD_BRAND_AMBIGUOUS,False,False,False,False,,False,False,False
2657,949,HOLD_BRAND_AMBIGUOUS,False,False,False,False,,False,False,False
2658,951,HOLD_BRAND_AMBIGUOUS,False,False,False,False,,False,False,False
2659,953,HOLD_WEAK_EVIDENCE,False,False,True,False,,False,False,False
2660,955,HOLD_WEAK_EVIDENCE,False,False,True,False,,False,False,False
2661,957,HOLD_WEAK_EVIDENCE,False,False,True,False,,False,False,False
2662,960,HOLD_WEAK_EVIDENCE,False,False,True,False,,False,False,False
2663,962,HOLD_WEAK_EVIDENCE,False,False,True,False,,False,False,False
2664,968,HOLD_BRAND_AMBIGUOUS,False,False,False,False,,False,False,False
2665,970,HOLD_BRAND_AMBIGUOUS,False,False,False,False,,False,False,False
2666,971,HOLD_BRAND_AMBIGUOUS,False,False,False,False,,False,False,False
2667,973,HOLD_BRAND_AMBIGUOUS,False,False,False,False,,False,False,False
2668,975,HOLD_WEAK_EVIDENCE,False,False,True,False,,False,False,False
2669,976,HOLD_BRAND_AMBIGUOUS,False,False,False,False,,False,False,False
2670,977,HOLD_BRAND_AMBIGUOUS,False,False,False,False,,False,False,False
2671,978,HOLD_BRAND_AMBIGUOUS,False,False,False,False,,False,False,False
2672,979,HOLD_WEAK_EVIDENCE,False,False,True,False,,False,False,False
2673,980,HOLD_BRAND_AMBIGUOUS,False,False,False,False,,False,False,False
2674,981,HOLD_WEAK_EVIDENCE,False,False,True,False,,False,False,False
2675,982,HOLD_BRAND_AMBIGUOUS,False,False,False,False,,False,False,False
2676,983,HOLD_WEAK_EVIDENCE,False,False,True,False,,False,False,False
2677,984,HOLD_WEAK_EVIDENCE,False,False,True,False,,False,False,False
2678,985,HOLD_WEAK_EVIDENCE,False,False,True,False,,False,False,False
2679,986,HOLD_WEAK_EVIDENCE,False,False,True,False,,False,False,False
2680,987,HOLD_WEAK_EVIDENCE,False,False,True,False,,False,False,False
2681,988,HOLD_WEAK_EVIDENCE,False,False,True,False,,False,False,False
2682,989,HOLD_BRAND_AMBIGUOUS,False,False,False,False,,False,False,False
2683,990,HOLD_WEAK_EVIDENCE,False,False,True,False,,False,False,False
2684,991,HOLD_WEAK_EVIDENCE,False,False,True,False,,False,False,False
2685,992,HOLD_WEAK_EVIDENCE,False,False,True,False,,False,False,False
2686,993,HOLD_WEAK_EVIDENCE,False,False,True,False,,False,False,False
2687,994,HOLD_BRAND_AMBIGUOUS,False,False,False,False,,False,False,False
2688,1041,HOLD_WEAK_EVIDENCE,False,False,True,False,,False,False,False
2689,1043,HOLD_WEAK_EVIDENCE,False,False,True,False,,False,False,False
2690,1045,HOLD_WEAK_EVIDENCE,False,False,True,False,,False,False,False
2691,1047,HOLD_WEAK_EVIDENCE,False,False,True,False,,False,False,False
2692,1049,HOLD_WEAK_EVIDENCE,False,False,True,False,,False,False,False
2693,1051,HOLD_WEAK_EVIDENCE,False,False,True,False,,False,False,False
2694,1053,HOLD_BRAND_AMBIGUOUS,False,False,False,False,,False,False,False
2695,1055,HOLD_BRAND_AMBIGUOUS,False,False,False,False,,False,False,False
2696,1057,HOLD_BRAND_AMBIGUOUS,False,False,False,False,,False,False,False
2697,1059,HOLD_BRAND_AMBIGUOUS,False,False,False,False,,False,False,False
2698,1061,HOLD_BRAND_AMBIGUOUS,False,False,False,False,,False,False,False
2699,1063,HOLD_BRAND_AMBIGUOUS,False,False,False,False,,False,False,False
2700,1065,HOLD_BRAND_AMBIGUOUS,False,False,False,False,,False,False,False
2701,1067,HOLD_BRAND_AMBIGUOUS,False,False,False,False,,False,False,False
2702,1069,HOLD_BRAND_AMBIGUOUS,False,False,False,False,,False,False,False
2703,1071,HOLD_BRAND_AMBIGUOUS,False,False,False,False,,False,False,False
2704,1073,HOLD_BRAND_AMBIGUOUS,False,False,False,False,,False,False,False
2705,1075,HOLD_BRAND_AMBIGUOUS,False,False,False,False,,False,False,False
2706,1077,HOLD_BRAND_AMBIGUOUS,False,False,False,False,,False,False,False
2707,1079,HOLD_BRAND_AMBIGUOUS,False,False,False,False,,False,False,False
2708,1081,HOLD_BRAND_AMBIGUOUS,False,False,False,False,,False,False,False
2709,1083,HOLD_BRAND_AMBIGUOUS,False,False,False,False,,False,False,False
2710,1085,HOLD_BRAND_AMBIGUOUS,False,False,False,False,,False,False,False
2711,1087,HOLD_BRAND_AMBIGUOUS,False,False,False,False,,False,False,False
2712,1089,HOLD_BRAND_AMBIGUOUS,False,False,False,False,,False,False,False
2713,1091,HOLD_BRAND_AMBIGUOUS,False,False,False,False,,False,False,False
2714,1093,HOLD_BRAND_AMBIGUOUS,False,False,False,False,,False,False,False
2715,1095,HOLD_BRAND_AMBIGUOUS,False,False,False,False,,False,False,False
2716,1097,HOLD_BRAND_AMBIGUOUS,False,False,False,False,,False,False,False
2717,1099,HOLD_BRAND_AMBIGUOUS,False,False,False,False,,False,False,False
2718,1101,HOLD_BRAND_AMBIGUOUS,False,False,False,False,,False,False,False
2719,1103,HOLD_BRAND_AMBIGUOUS,False,False,False,False,,False,False,False
2720,1105,HOLD_BRAND_AMBIGUOUS,False,False,False,False,,False,False,False
2721,1107,HOLD_BRAND_AMBIGUOUS,False,False,False,False,,False,False,False
2722,1109,HOLD_BRAND_AMBIGUOUS,False,False,False,False,,False,False,False
2723,1111,HOLD_BRAND_AMBIGUOUS,False,False,False,False,,False,False,False
2724,1113,HOLD_BRAND_AMBIGUOUS,False,False,False,False,,False,False,False
2725,1115,HOLD_BRAND_AMBIGUOUS,False,False,False,False,,False,False,False
2726,1117,HOLD_BRAND_AMBIGUOUS,False,False,False,False,,False,False,False
2727,1119,HOLD_BRAND_AMBIGUOUS,False,False,False,False,,False,False,False
2728,1121,HOLD_BRAND_AMBIGUOUS,False,False,False,False,,False,False,False
2729,1123,HOLD_BRAND_AMBIGUOUS,False,False,False,False,,False,False,False
2730,1125,HOLD_BRAND_AMBIGUOUS,False,False,False,False,,False,False,False
2731,RF151-4,HOLD_BRAND_AMBIGUOUS,False,False,False,False,,False,False,False
2732,LF151-5,HOLD_BRAND_AMBIGUOUS,False,False,False,False,,False,False,False
2733,RF151-3,HOLD_BRAND_AMBIGUOUS,False,False,False,False,,False,False,False
2734,LF151-4,HOLD_BRAND_AMBIGUOUS,False,False,False,False,,False,False,False
2735,RF151-2,HOLD_BRAND_AMBIGUOUS,False,False,False,False,,False,False,False
2736,LF151-3,HOLD_BRAND_AMBIGUOUS,False,False,False,False,,False,False,False
2737,RF151,HOLD_BRAND_AMBIGUOUS,False,False,False,False,,False,False,False
2738,LF151-2,HOLD_BRAND_AMBIGUOUS,False,False,False,False,,False,False,False
2739,LF151,HOLD_BRAND_AMBIGUOUS,False,False,False,False,,False,False,False
2740,1145,HOLD_BRAND_AMBIGUOUS,False,False,False,False,,False,False,False
2741,1147,HOLD_BRAND_AMBIGUOUS,False,False,False,False,,False,False,False
2742,1149,HOLD_BRAND_AMBIGUOUS,False,False,False,False,,False,False,False
2743,1151,HOLD_BRAND_AMBIGUOUS,False,False,False,False,,False,False,False
2744,1159,HOLD_WEAK_EVIDENCE,False,False,True,False,,False,False,False
2745,1228,HOLD_WEAK_EVIDENCE,False,False,True,False,,False,False,False
2746,1230,HOLD_WEAK_EVIDENCE,False,False,True,False,,False,False,False
2747,1232,HOLD_WEAK_EVIDENCE,False,False,True,False,,False,False,False
2748,1234,HOLD_WEAK_EVIDENCE,False,False,True,False,,False,False,False
2749,1236,HOLD_WEAK_EVIDENCE,False,False,True,False,,False,False,False
2750,1238,HOLD_BRAND_AMBIGUOUS,False,False,False,False,,False,False,False
2751,TC312,HOLD_WEAK_EVIDENCE,False,False,True,False,,False,False,False
2752,TC820,HOLD_WEAK_EVIDENCE,False,False,True,False,,False,False,False
2753,TC1433,HOLD_WEAK_EVIDENCE,False,False,True,False,,False,False,False
2754,36276,HOLD_WEAK_EVIDENCE,False,False,True,False,,False,False,False
2755,1249,HOLD_WEAK_EVIDENCE,False,False,True,False,,False,False,False
2756,1251,HOLD_WEAK_EVIDENCE,False,False,True,False,,False,False,False
2757,1253,HOLD_WEAK_EVIDENCE,False,False,True,False,,False,False,False
2758,1255,HOLD_WEAK_EVIDENCE,False,False,True,False,,False,False,False
2759,1257,HOLD_WEAK_EVIDENCE,False,False,True,False,,False,False,False
2760,1259,HOLD_WEAK_EVIDENCE,False,False,True,False,,False,False,False
2761,1261,HOLD_WEAK_EVIDENCE,False,False,True,False,,False,False,False
2762,1263,HOLD_WEAK_EVIDENCE,False,False,True,False,,False,False,False
2763,1265,HOLD_WEAK_EVIDENCE,False,False,True,False,,False,False,False
2764,1267,HOLD_BRAND_AMBIGUOUS,False,False,False,False,,False,False,False
2765,1269,HOLD_WEAK_EVIDENCE,False,False,True,False,,False,False,False
2766,1322,HOLD_BRAND_AMBIGUOUS,False,False,False,False,,False,False,False
2767,1326,HOLD_WEAK_EVIDENCE,False,False,True,False,,False,False,False
2768,1328,HOLD_WEAK_EVIDENCE,False,False,True,False,,False,False,False
2769,1330,HOLD_WEAK_EVIDENCE,False,False,True,False,,False,False,False
2770,1332,HOLD_WEAK_EVIDENCE,False,False,True,False,,False,False,False
2771,1334,HOLD_WEAK_EVIDENCE,False,False,True,False,,False,False,False
2772,1336,HOLD_WEAK_EVIDENCE,False,False,True,False,,False,False,False
2773,1338,HOLD_WEAK_EVIDENCE,False,False,True,False,,False,False,False
2774,1340,HOLD_WEAK_EVIDENCE,False,False,True,False,,False,False,False
2775,1342,HOLD_WEAK_EVIDENCE,False,False,True,False,,False,False,False
2776,1344,HOLD_WEAK_EVIDENCE,False,False,True,False,,False,False,False
2777,1346,HOLD_WEAK_EVIDENCE,False,False,True,False,,False,False,False
2778,1365,HOLD_WEAK_EVIDENCE,False,False,True,False,,False,False,False
2779,1367,HOLD_WEAK_EVIDENCE,False,False,True,False,,False,False,False
2780,1369,HOLD_WEAK_EVIDENCE,False,False,True,False,,False,False,False
2781,1371,HOLD_WEAK_EVIDENCE,False,False,True,False,,False,False,False
2782,1373,HOLD_WEAK_EVIDENCE,False,False,True,False,,False,False,False
2783,1390,HOLD_WEAK_EVIDENCE,False,False,True,False,,False,False,False
2784,1401,HOLD_WEAK_EVIDENCE,False,False,True,False,,False,False,False
2785,1403,HOLD_WEAK_EVIDENCE,False,False,True,False,,False,False,False
2786,1405,HOLD_WEAK_EVIDENCE,False,False,True,False,,False,False,False
2787,1417,HOLD_WEAK_EVIDENCE,False,False,True,False,,False,False,False
2788,1419,HOLD_WEAK_EVIDENCE,False,False,True,False,,False,False,False
2789,1421,HOLD_WEAK_EVIDENCE,False,False,True,False,,False,False,False
2790,1423,HOLD_WEAK_EVIDENCE,False,False,True,False,,False,False,False
2791,1425,HOLD_WEAK_EVIDENCE,False,False,True,False,,False,False,False
2792,1427,HOLD_WEAK_EVIDENCE,False,False,True,False,,False,False,False
2793,1429,HOLD_WEAK_EVIDENCE,False,False,True,False,,False,False,False
2794,1431,HOLD_WEAK_EVIDENCE,False,False,True,False,,False,False,False
2795,1433,HOLD_WEAK_EVIDENCE,False,False,True,False,,False,False,False
2796,1435,HOLD_WEAK_EVIDENCE,False,False,True,False,,False,False,False
2797,1447,HOLD_WEAK_EVIDENCE,False,False,True,False,,False,False,False
2798,1449,HOLD_WEAK_EVIDENCE,False,False,True,False,,False,False,False
2799,1451,HOLD_WEAK_EVIDENCE,False,False,True,False,,False,False,False
2800,1533,HOLD_WEAK_EVIDENCE,False,False,True,False,,False,False,False
2801,1549,HOLD_WEAK_EVIDENCE,False,False,True,False,,False,False,False
2802,1551,HOLD_WEAK_EVIDENCE,False,False,True,False,,False,False,False
2803,1553,HOLD_WEAK_EVIDENCE,False,False,True,False,,False,False,False
2804,1555,HOLD_WEAK_EVIDENCE,False,False,True,False,,False,False,False
2805,1557,HOLD_WEAK_EVIDENCE,False,False,True,False,,False,False,False
2806,1559,HOLD_WEAK_EVIDENCE,False,False,True,False,,False,False,False
2807,1572,HOLD_WEAK_EVIDENCE,False,False,True,False,,False,False,False
2808,1574,HOLD_WEAK_EVIDENCE,False,False,True,False,,False,False,False
2809,1576,HOLD_WEAK_EVIDENCE,False,False,True,False,,False,False,False
2810,1580,HOLD_WEAK_EVIDENCE,False,False,True,False,,False,False,False
2811,G250-160,HOLD_WEAK_EVIDENCE,False,False,True,False,,False,False,False
2812,1593,HOLD_WEAK_EVIDENCE,False,False,True,False,,False,False,False
2813,1595,HOLD_WEAK_EVIDENCE,False,False,True,False,,False,False,False
2814,1597,HOLD_WEAK_EVIDENCE,False,False,True,False,,False,False,False
2815,1599,HOLD_WEAK_EVIDENCE,False,False,True,False,,False,False,False
2816,1601,HOLD_WEAK_EVIDENCE,False,False,True,False,,False,False,False
2817,1635,HOLD_WEAK_EVIDENCE,False,False,True,False,,False,False,False
2818,1637,HOLD_WEAK_EVIDENCE,False,False,True,False,,False,False,False
2819,1639,HOLD_WEAK_EVIDENCE,False,False,True,False,,False,False,False
2820,1641,HOLD_WEAK_EVIDENCE,False,False,True,False,,False,False,False
2821,1643,HOLD_WEAK_EVIDENCE,False,False,True,False,,False,False,False
2822,1645,HOLD_WEAK_EVIDENCE,False,False,True,False,,False,False,False
2823,1646,HOLD_WEAK_EVIDENCE,False,False,True,False,,False,False,False
2824,1647,HOLD_WEAK_EVIDENCE,False,False,True,False,,False,False,False
2825,1648,HOLD_WEAK_EVIDENCE,False,False,True,False,,False,False,False
2826,1652,HOLD_WEAK_EVIDENCE,False,False,True,False,,False,False,False
2827,1674,HOLD_WEAK_EVIDENCE,False,False,True,False,,False,False,False
2828,1676,HOLD_WEAK_EVIDENCE,False,False,True,False,,False,False,False
2829,1678,HOLD_WEAK_EVIDENCE,False,False,True,False,,False,False,False
2830,1681,HOLD_WEAK_EVIDENCE,False,False,True,False,,False,False,False
2831,1683,HOLD_WEAK_EVIDENCE,False,False,True,False,,False,False,False
2832,NT30-TO-NT40,HOLD_WEAK_EVIDENCE,False,False,True,False,,False,False,False
2833,1691,HOLD_WEAK_EVIDENCE,False,False,True,False,,False,False,False
2834,1693,HOLD_WEAK_EVIDENCE,False,False,True,False,,False,False,False
2835,1698,HOLD_WEAK_EVIDENCE,False,False,True,False,,False,False,False
2836,1700,HOLD_WEAK_EVIDENCE,False,False,True,False,,False,False,False
2837,1702,HOLD_WEAK_EVIDENCE,False,False,True,False,,False,False,False
2838,1842,HOLD_WEAK_EVIDENCE,False,False,True,False,,False,False,False
2839,1844,HOLD_WEAK_EVIDENCE,False,False,True,False,,False,False,False
2840,1846,HOLD_WEAK_EVIDENCE,False,False,True,False,,False,False,False
2841,1850,HOLD_WEAK_EVIDENCE,False,False,True,False,,False,False,False
2842,1852,HOLD_WEAK_EVIDENCE,False,False,True,False,,False,False,False
2843,1882,HOLD_WEAK_EVIDENCE,False,False,True,False,,False,False,False
2844,1884,HOLD_WEAK_EVIDENCE,False,False,True,False,,False,False,False
2845,1886,HOLD_WEAK_EVIDENCE,False,False,True,False,,False,False,False
2846,1888,HOLD_WEAK_EVIDENCE,False,False,True,False,,False,False,False
2847,1892,HOLD_WEAK_EVIDENCE,False,False,True,False,,False,False,False
2848,1894,HOLD_WEAK_EVIDENCE,False,False,True,False,,False,False,False
2849,1896,HOLD_WEAK_EVIDENCE,False,False,True,False,,False,False,False
2850,1898,HOLD_WEAK_EVIDENCE,False,False,True,False,,False,False,False
2851,1900,HOLD_WEAK_EVIDENCE,False,False,True,False,,False,False,False
2852,1902,HOLD_WEAK_EVIDENCE,False,False,True,False,,False,False,False
2853,1904,HOLD_WEAK_EVIDENCE,False,False,True,False,,False,False,False
2854,1906,HOLD_WEAK_EVIDENCE,False,False,True,False,,False,False,False
2855,1908,HOLD_WEAK_EVIDENCE,False,False,True,False,,False,False,False
2856,1910,HOLD_BRAND_AMBIGUOUS,False,False,False,False,,False,False,False
2857,1912,HOLD_WEAK_EVIDENCE,False,False,True,False,,False,False,False
2858,1914,HOLD_WEAK_EVIDENCE,False,False,True,False,,False,False,False
2859,1918,HOLD_WEAK_EVIDENCE,False,False,True,False,,False,False,False
2860,1920,HOLD_WEAK_EVIDENCE,False,False,True,False,,False,False,False
2861,1922,HOLD_WEAK_EVIDENCE,False,False,True,False,,False,False,False
2862,1924,HOLD_WEAK_EVIDENCE,False,False,True,False,,False,False,False
2863,121311,HOLD_WEAK_EVIDENCE,False,False,True,False,,False,False,False
2864,1928,HOLD_WEAK_EVIDENCE,False,False,True,False,,False,False,False
2865,1930,HOLD_WEAK_EVIDENCE,False,False,True,False,,False,False,False
2866,ISO2080,HOLD_WEAK_EVIDENCE,False,False,True,False,,False,False,False
2867,1934,HOLD_WEAK_EVIDENCE,False,False,True,False,,False,False,False
2868,1936,HOLD_WEAK_EVIDENCE,False,False,True,False,,False,False,False
2869,1939,HOLD_BRAND_AMBIGUOUS,False,False,False,False,,False,False,False
2870,1941,HOLD_BRAND_AMBIGUOUS,False,False,False,False,,False,False,False
2871,1943,HOLD_BRAND_AMBIGUOUS,False,False,False,False,,False,False,False
2872,1945,HOLD_BRAND_AMBIGUOUS,False,False,False,False,,False,False,False
2873,1947,HOLD_BRAND_AMBIGUOUS,False,False,False,False,,False,False,False
2874,1949,HOLD_BRAND_AMBIGUOUS,False,False,False,False,,False,False,False
2875,1951,HOLD_BRAND_AMBIGUOUS,False,False,False,False,,False,False,False
2876,1963,HOLD_BRAND_AMBIGUOUS,False,False,False,False,,False,False,False
2877,1982,HOLD_WEAK_EVIDENCE,False,False,True,False,,False,False,False
2878,1984,HOLD_BRAND_AMBIGUOUS,False,False,False,False,,False,False,False
2879,1986,HOLD_BRAND_AMBIGUOUS,False,False,False,False,,False,False,False
2880,1988,HOLD_WEAK_EVIDENCE,False,False,True,False,,False,False,False
2881,1990,HOLD_WEAK_EVIDENCE,False,False,True,False,,False,False,False
2882,1992,HOLD_WEAK_EVIDENCE,False,False,True,False,,False,False,False
2883,1994,HOLD_WEAK_EVIDENCE,False,False,True,False,,False,False,False
2884,1996,HOLD_WEAK_EVIDENCE,False,False,True,False,,False,False,False
2885,1998,HOLD_WEAK_EVIDENCE,False,False,True,False,,False,False,False
2886,2004,HOLD_WEAK_EVIDENCE,False,False,True,False,,False,False,False
2887,2006,HOLD_WEAK_EVIDENCE,False,False,True,False,,False,False,False
2888,2008,HOLD_WEAK_EVIDENCE,False,False,True,False,,False,False,False
2889,2010,HOLD_WEAK_EVIDENCE,False,False,True,False,,False,False,False
2890,2012,HOLD_WEAK_EVIDENCE,False,False,True,False,,False,False,False
2891,2014,HOLD_WEAK_EVIDENCE,False,False,True,False,,False,False,False
2892,2016,HOLD_WEAK_EVIDENCE,False,False,True,False,,False,False,False
2893,2020,HOLD_WEAK_EVIDENCE,False,False,True,False,,False,False,False
2894,2022,HOLD_WEAK_EVIDENCE,False,False,True,False,,False,False,False
2895,2024,HOLD_BRAND_AMBIGUOUS,False,False,False,False,,False,False,False
2896,2026,HOLD_BRAND_AMBIGUOUS,False,False,False,False,,False,False,False
2897,2028,HOLD_BRAND_AMBIGUOUS,False,False,False,False,,False,False,False
2898,2030,HOLD_BRAND_AMBIGUOUS,False,False,False,False,,False,False,False
2899,2032,HOLD_BRAND_AMBIGUOUS,False,False,False,False,,False,False,False
2900,2034,HOLD_BRAND_AMBIGUOUS,False,False,False,False,,False,False,False
2901,2036,HOLD_BRAND_AMBIGUOUS,False,False,False,False,,False,False,False
2902,2038,HOLD_BRAND_AMBIGUOUS,False,False,False,False,,False,False,False
2903,2040,HOLD_BRAND_AMBIGUOUS,False,False,False,False,,False,False,False
2904,2042,HOLD_BRAND_AMBIGUOUS,False,False,False,False,,False,False,False
2905,2044,HOLD_BRAND_AMBIGUOUS,False,False,False,False,,False,False,False
2906,2046,HOLD_BRAND_AMBIGUOUS,False,False,False,False,,False,False,False
2907,A40,HOLD_IDENTITY_CONFLICT,False,False,True,False,,False,False,False
2908,A32-2,HOLD_IDENTITY_CONFLICT,False,False,True,False,,False,False,False
2909,T40,HOLD_IDENTITY_CONFLICT,False,False,True,False,,False,False,False
2910,T25,HOLD_IDENTITY_CONFLICT,False,False,True,False,,False,False,False
2911,ISO30,HOLD_IDENTITY_CONFLICT,False,False,True,False,,False,False,False
2912,A32,HOLD_IDENTITY_CONFLICT,False,False,True,False,,False,False,False
2913,BT40-E226,HOLD_WEAK_EVIDENCE,False,False,True,False,,False,False,False
2914,M20,HOLD_IDENTITY_CONFLICT,False,False,True,False,,False,False,False
2915,2064,HOLD_WEAK_EVIDENCE,False,False,True,False,,False,False,False
2916,2066,HOLD_WEAK_EVIDENCE,False,False,True,False,,False,False,False
2917,2068,HOLD_WEAK_EVIDENCE,False,False,True,False,,False,False,False
2918,2070,HOLD_WEAK_EVIDENCE,False,False,True,False,,False,False,False
2919,2074,HOLD_WEAK_EVIDENCE,False,False,True,False,,False,False,False
2920,2076,HOLD_BRAND_AMBIGUOUS,False,False,False,False,,False,False,False
2921,2078,HOLD_BRAND_AMBIGUOUS,False,False,False,False,,False,False,False
2922,2080,HOLD_BRAND_AMBIGUOUS,False,False,False,False,,False,False,False
2923,2082,HOLD_WEAK_EVIDENCE,False,False,True,False,,False,False,False
2924,2129,HOLD_WEAK_EVIDENCE,False,False,True,False,,False,False,False
2925,2131,HOLD_WEAK_EVIDENCE,False,False,True,False,,False,False,False
2926,2200,HOLD_WEAK_EVIDENCE,False,False,True,False,,False,False,False
2927,2239,HOLD_WEAK_EVIDENCE,False,False,True,False,,False,False,False
2928,2291,HOLD_BRAND_AMBIGUOUS,False,False,False,False,,False,False,False
2929,2295,HOLD_WEAK_EVIDENCE,False,False,True,False,,False,False,False
2930,2296,HOLD_WEAK_EVIDENCE,False,False,True,False,,False,False,False
2931,2298,HOLD_WEAK_EVIDENCE,False,False,True,False,,False,False,False
2932,2380,HOLD_WEAK_EVIDENCE,False,False,True,False,,False,False,False
2933,2382,HOLD_WEAK_EVIDENCE,False,False,True,False,,False,False,False
2934,2384,HOLD_WEAK_EVIDENCE,False,False,True,False,,False,False,False
2935,2386,HOLD_WEAK_EVIDENCE,False,False,True,False,,False,False,False
2936,2388,HOLD_WEAK_EVIDENCE,False,False,True,False,,False,False,False
2937,2390,HOLD_WEAK_EVIDENCE,False,False,True,False,,False,False,False
2938,2392,HOLD_WEAK_EVIDENCE,False,False,True,False,,False,False,False
2939,2394,HOLD_WEAK_EVIDENCE,False,False,True,False,,False,False,False
2940,2396,HOLD_WEAK_EVIDENCE,False,False,True,False,,False,False,False
2941,2398,HOLD_WEAK_EVIDENCE,False,False,True,False,,False,False,False
2942,2400,HOLD_WEAK_EVIDENCE,False,False,True,False,,False,False,False
2943,2402,HOLD_BRAND_AMBIGUOUS,False,False,False,False,,False,False,False
2944,2403,HOLD_BRAND_AMBIGUOUS,False,False,False,False,,False,False,False
2945,2404,HOLD_BRAND_AMBIGUOUS,False,False,False,False,,False,False,False
2946,2405,HOLD_BRAND_AMBIGUOUS,False,False,False,False,,False,False,False
2947,2406,HOLD_BRAND_AMBIGUOUS,False,False,False,False,,False,False,False
2948,2407,HOLD_BRAND_AMBIGUOUS,False,False,False,False,,False,False,False
2949,2408,HOLD_WEAK_EVIDENCE,False,False,True,False,,False,False,False
2950,2410,HOLD_WEAK_EVIDENCE,False,False,True,False,,False,False,False
2951,2412,HOLD_WEAK_EVIDENCE,False,False,True,False,,False,False,False
2952,2414,HOLD_WEAK_EVIDENCE,False,False,True,False,,False,False,False
2953,2416,HOLD_WEAK_EVIDENCE,False,False,True,False,,False,False,False
2954,2419,HOLD_WEAK_EVIDENCE,False,False,True,False,,False,False,False
2955,2421,HOLD_WEAK_EVIDENCE,False,False,True,False,,False,False,False
2956,2423,HOLD_WEAK_EVIDENCE,False,False,True,False,,False,False,False
2957,2425,HOLD_WEAK_EVIDENCE,False,False,True,False,,False,False,False
2958,2427,HOLD_WEAK_EVIDENCE,False,False,True,False,,False,False,False
2959,2430,HOLD_WEAK_EVIDENCE,False,False,True,False,,False,False,False
2960,2432,HOLD_WEAK_EVIDENCE,False,False,True,False,,False,False,False
2961,2434,HOLD_WEAK_EVIDENCE,False,False,True,False,,False,False,False
2962,2436,HOLD_WEAK_EVIDENCE,False,False,True,False,,False,False,False
2963,2439,HOLD_WEAK_EVIDENCE,False,False,True,False,,False,False,False
2964,2441,HOLD_WEAK_EVIDENCE,False,False,True,False,,False,False,False
2965,2443,HOLD_WEAK_EVIDENCE,False,False,True,False,,False,False,False
2966,2445,HOLD_WEAK_EVIDENCE,False,False,True,False,,False,False,False
2967,2447,HOLD_WEAK_EVIDENCE,False,False,True,False,,False,False,False
2968,2449,HOLD_WEAK_EVIDENCE,False,False,True,False,,False,False,False
2969,2451,HOLD_WEAK_EVIDENCE,False,False,True,False,,False,False,False
2970,2453,HOLD_WEAK_EVIDENCE,False,False,True,False,,False,False,False
2971,2455,HOLD_WEAK_EVIDENCE,False,False,True,False,,False,False,False
2972,2458,HOLD_WEAK_EVIDENCE,False,False,True,False,,False,False,False
2973,2460,HOLD_WEAK_EVIDENCE,False,False,True,False,,False,False,False
2974,2462,HOLD_WEAK_EVIDENCE,False,False,True,False,,False,False,False
2975,2862,HOLD_BRAND_AMBIGUOUS,False,False,False,False,,False,False,False
2976,2864,HOLD_BRAND_AMBIGUOUS,False,False,False,False,,False,False,False
2977,2866,HOLD_BRAND_AMBIGUOUS,False,False,False,False,,False,False,False
2978,2868,HOLD_BRAND_AMBIGUOUS,False,False,False,False,,False,False,False
2979,2870,HOLD_BRAND_AMBIGUOUS,False,False,False,False,,False,False,False
2980,2872,HOLD_BRAND_AMBIGUOUS,False,False,False,False,,False,False,False
2981,2874,HOLD_BRAND_AMBIGUOUS,False,False,False,False,,False,False,False
2982,2876,HOLD_BRAND_AMBIGUOUS,False,False,False,False,,False,False,False
2983,2878,HOLD_BRAND_AMBIGUOUS,False,False,False,False,,False,False,False
2984,2880,HOLD_BRAND_AMBIGUOUS,False,False,False,False,,False,False,False
2985,2882,HOLD_BRAND_AMBIGUOUS,False,False,False,False,,False,False,False
2986,2884,HOLD_BRAND_AMBIGUOUS,False,False,False,False,,False,False,False
2987,2886,HOLD_BRAND_AMBIGUOUS,False,False,False,False,,False,False,False
2988,2888,HOLD_BRAND_AMBIGUOUS,False,False,False,False,,False,False,False
2989,2966,HOLD_BRAND_AMBIGUOUS,False,False,False,False,,False,False,False
2990,2969,HOLD_BRAND_AMBIGUOUS,False,False,False,False,,False,False,False
2991,2971,HOLD_BRAND_AMBIGUOUS,False,False,False,False,,False,False,False
2992,2973,HOLD_BRAND_AMBIGUOUS,False,False,False,False,,False,False,False
2993,2975,HOLD_BRAND_AMBIGUOUS,False,False,False,False,,False,False,False
2994,2977,HOLD_BRAND_AMBIGUOUS,False,False,False,False,,False,False,False
2995,2979,HOLD_BRAND_AMBIGUOUS,False,False,False,False,,False,False,False
2996,2981,HOLD_BRAND_AMBIGUOUS,False,False,False,False,,False,False,False
2997,2983,HOLD_BRAND_AMBIGUOUS,False,False,False,False,,False,False,False
2998,2985,HOLD_BRAND_AMBIGUOUS,False,False,False,False,,False,False,False
2999,2987,HOLD_WEAK_EVIDENCE,False,False,True,False,,False,False,False
3000,2989,HOLD_BRAND_AMBIGUOUS,False,False,False,False,,False,False,False
3001,2991,HOLD_BRAND_AMBIGUOUS,False,False,False,False,,False,False,False
3002,3068,HOLD_BRAND_AMBIGUOUS,False,False,False,False,,False,False,False
3003,GH-413,HOLD_WEAK_EVIDENCE,False,False,True,False,,False,False,False
3004,GH-1225,HOLD_WEAK_EVIDENCE,False,False,True,False,,False,False,False
3005,213,HOLD_WEAK_EVIDENCE,False,False,True,False,,False,False,False
3006,1225,HOLD_WEAK_EVIDENCE,False,False,True,False,,False,False,False
3007,3102,HOLD_WEAK_EVIDENCE,False,False,True,False,,False,False,False
3008,3104,HOLD_BRAND_AMBIGUOUS,False,False,False,False,,False,False,False
3009,3106,HOLD_WEAK_EVIDENCE,False,False,True,False,,False,False,False
3010,3109,HOLD_WEAK_EVIDENCE,False,False,True,False,,False,False,False
3011,3111,HOLD_WEAK_EVIDENCE,False,False,True,False,,False,False,False
3012,3113,HOLD_WEAK_EVIDENCE,False,False,True,False,,False,False,False
3013,3115,HOLD_WEAK_EVIDENCE,False,False,True,False,,False,False,False
3014,3117,HOLD_WEAK_EVIDENCE,False,False,True,False,,False,False,False
3015,3119,HOLD_WEAK_EVIDENCE,False,False,True,False,,False,False,False
3016,3121,HOLD_WEAK_EVIDENCE,False,False,True,False,,False,False,False
3017,3123,HOLD_BRAND_AMBIGUOUS,False,False,False,False,,False,False,False
3018,3125,HOLD_BRAND_AMBIGUOUS,False,False,False,False,,False,False,False
3019,3127,HOLD_BRAND_AMBIGUOUS,False,False,False,False,,False,False,False
3020,3129,HOLD_WEAK_EVIDENCE,False,False,True,False,,False,False,False
3021,3131,HOLD_WEAK_EVIDENCE,False,False,True,False,,False,False,False
3022,3133,HOLD_WEAK_EVIDENCE,False,False,True,False,,False,False,False
3023,3135,HOLD_WEAK_EVIDENCE,False,False,True,False,,False,False,False
3024,3137,HOLD_WEAK_EVIDENCE,False,False,True,False,,False,False,False
3025,3139,HOLD_WEAK_EVIDENCE,False,False,True,False,,False,False,False
3026,3141,HOLD_WEAK_EVIDENCE,False,False,True,False,,False,False,False
3027,3143,HOLD_WEAK_EVIDENCE,False,False,True,False,,False,False,False
3028,3145,HOLD_WEAK_EVIDENCE,False,False,True,False,,False,False,False
3029,3147,HOLD_WEAK_EVIDENCE,False,False,True,False,,False,False,False
3030,3149,HOLD_WEAK_EVIDENCE,False,False,True,False,,False,False,False
3031,3151,HOLD_WEAK_EVIDENCE,False,False,True,False,,False,False,False
3032,3153,HOLD_WEAK_EVIDENCE,False,False,True,False,,False,False,False
3033,3155,HOLD_WEAK_EVIDENCE,False,False,True,False,,False,False,False
3034,3157,HOLD_WEAK_EVIDENCE,False,False,True,False,,False,False,False
3035,3159,HOLD_WEAK_EVIDENCE,False,False,True,False,,False,False,False
3036,3161,HOLD_WEAK_EVIDENCE,False,False,True,False,,False,False,False
3037,3163,HOLD_WEAK_EVIDENCE,False,False,True,False,,False,False,False
3038,3165,HOLD_WEAK_EVIDENCE,False,False,True,False,,False,False,False
3039,3167,HOLD_WEAK_EVIDENCE,False,False,True,False,,False,False,False
3040,3169,HOLD_WEAK_EVIDENCE,False,False,True,False,,False,False,False
3041,3171,HOLD_WEAK_EVIDENCE,False,False,True,False,,False,False,False
3042,3173,HOLD_WEAK_EVIDENCE,False,False,True,False,,False,False,False
3043,3175,HOLD_WEAK_EVIDENCE,False,False,True,False,,False,False,False
3044,3177,HOLD_WEAK_EVIDENCE,False,False,True,False,,False,False,False
3045,3179,HOLD_WEAK_EVIDENCE,False,False,True,False,,False,False,False
3046,3181,HOLD_WEAK_EVIDENCE,False,False,True,False,,False,False,False
3047,3183,HOLD_WEAK_EVIDENCE,False,False,True,False,,False,False,False
3048,3185,HOLD_WEAK_EVIDENCE,False,False,True,False,,False,False,False
3049,3187,HOLD_WEAK_EVIDENCE,False,False,True,False,,False,False,False
3050,3189,HOLD_WEAK_EVIDENCE,False,False,True,False,,False,False,False
3051,3191,HOLD_WEAK_EVIDENCE,False,False,True,False,,False,False,False
3052,3193,HOLD_WEAK_EVIDENCE,False,False,True,False,,False,False,False
3053,3195,HOLD_WEAK_EVIDENCE,False,False,True,False,,False,False,False
3054,3200,HOLD_BRAND_AMBIGUOUS,False,False,False,False,,False,False,False
3055,3202,HOLD_BRAND_AMBIGUOUS,False,False,False,False,,False,False,False
3056,3204,HOLD_BRAND_AMBIGUOUS,False,False,False,False,,False,False,False
3057,3206,HOLD_BRAND_AMBIGUOUS,False,False,False,False,,False,False,False
3058,3208,HOLD_BRAND_AMBIGUOUS,False,False,False,False,,False,False,False
3059,3210,HOLD_BRAND_AMBIGUOUS,False,False,False,False,,False,False,False
3060,3212,HOLD_BRAND_AMBIGUOUS,False,False,False,False,,False,False,False
3061,3214,HOLD_BRAND_AMBIGUOUS,False,False,False,False,,False,False,False
3062,3217,HOLD_BRAND_AMBIGUOUS,False,False,False,False,,False,False,False
3063,3219,HOLD_BRAND_AMBIGUOUS,False,False,False,False,,False,False,False
3064,3221,HOLD_BRAND_AMBIGUOUS,False,False,False,False,,False,False,False
3065,3223,HOLD_BRAND_AMBIGUOUS,False,False,False,False,,False,False,False
3066,3227,HOLD_BRAND_AMBIGUOUS,False,False,False,False,,False,False,False
3067,3229,HOLD_BRAND_AMBIGUOUS,False,False,False,False,,False,False,False
3068,3231,HOLD_BRAND_AMBIGUOUS,False,False,False,False,,False,False,False
3069,3233,HOLD_BRAND_AMBIGUOUS,False,False,False,False,,False,False,False
3070,3235,HOLD_BRAND_AMBIGUOUS,False,False,False,False,,False,False,False
3071,3237,HOLD_WEAK_EVIDENCE,False,False,True,False,,False,False,False
3072,3239,HOLD_WEAK_EVIDENCE,False,False,True,False,,False,False,False
3073,3241,HOLD_WEAK_EVIDENCE,False,False,True,False,,False,False,False
3074,3245,HOLD_BRAND_AMBIGUOUS,False,False,False,False,,False,False,False
3075,3247,HOLD_BRAND_AMBIGUOUS,False,False,False,False,,False,False,False
3076,3249,HOLD_BRAND_AMBIGUOUS,False,False,False,False,,False,False,False
3077,3253,HOLD_BRAND_AMBIGUOUS,False,False,False,False,,False,False,False
3078,3254,HOLD_BRAND_AMBIGUOUS,False,False,False,False,,False,False,False
3079,3257,HOLD_BRAND_AMBIGUOUS,False,False,False,False,,False,False,False
3080,3260,HOLD_BRAND_AMBIGUOUS,False,False,False,False,,False,False,False
3081,3262,HOLD_BRAND_AMBIGUOUS,False,False,False,False,,False,False,False
3082,3265,HOLD_BRAND_AMBIGUOUS,False,False,False,False,,False,False,False
3083,3267,HOLD_BRAND_AMBIGUOUS,False,False,False,False,,False,False,False
3084,3270,HOLD_WEAK_EVIDENCE,False,False,True,False,,False,False,False
3085,3272,HOLD_BRAND_AMBIGUOUS,False,False,False,False,,False,False,False
3086,3276,HOLD_BRAND_AMBIGUOUS,False,False,False,False,,False,False,False
3087,AST-DM50,HOLD_WEAK_EVIDENCE,False,False,True,False,,False,False,False
3088,AST-DM120,HOLD_WEAK_EVIDENCE,False,False,True,False,,False,False,False
3089,AST-DM35,HOLD_WEAK_EVIDENCE,False,False,True,False,,False,False,False
3090,3865,HOLD_BRAND_AMBIGUOUS,False,False,False,False,,False,False,False
3091,3866,HOLD_BRAND_AMBIGUOUS,False,False,False,False,,False,False,False
3092,3867,HOLD_BRAND_AMBIGUOUS,False,False,False,False,,False,False,False
3093,3868,HOLD_BRAND_AMBIGUOUS,False,False,False,False,,False,False,False
3094,3869,HOLD_BRAND_AMBIGUOUS,False,False,False,False,,False,False,False
3095,3870,HOLD_BRAND_AMBIGUOUS,False,False,False,False,,False,False,False
3096,3871,HOLD_BRAND_AMBIGUOUS,False,False,False,False,,False,False,False
3097,3872,HOLD_BRAND_AMBIGUOUS,False,False,False,False,,False,False,False
3098,3873,HOLD_BRAND_AMBIGUOUS,False,False,False,False,,False,False,False
3099,3874,HOLD_BRAND_AMBIGUOUS,False,False,False,False,,False,False,False
3100,3875,HOLD_BRAND_AMBIGUOUS,False,False,False,False,,False,False,False
3101,3876,HOLD_BRAND_AMBIGUOUS,False,False,False,False,,False,False,False
3102,3877,HOLD_BRAND_AMBIGUOUS,False,False,False,False,,False,False,False
3103,3878,HOLD_BRAND_AMBIGUOUS,False,False,False,False,,False,False,False
3104,3879,HOLD_BRAND_AMBIGUOUS,False,False,False,False,,False,False,False
3105,3880,HOLD_BRAND_AMBIGUOUS,False,False,False,False,,False,False,False
3106,3881,HOLD_BRAND_AMBIGUOUS,False,False,False,False,,False,False,False
3107,3882,HOLD_BRAND_AMBIGUOUS,False,False,False,False,,False,False,False
3108,3883,HOLD_BRAND_AMBIGUOUS,False,False,False,False,,False,False,False
3109,3884,HOLD_BRAND_AMBIGUOUS,False,False,False,False,,False,False,False
3110,3885,HOLD_BRAND_AMBIGUOUS,False,False,False,False,,False,False,False
3111,3886,HOLD_BRAND_AMBIGUOUS,False,False,False,False,,False,False,False
3112,3887,HOLD_BRAND_AMBIGUOUS,False,False,False,False,,False,False,False
3113,3888,HOLD_BRAND_AMBIGUOUS,False,False,False,False,,False,False,False
3114,3889,HOLD_BRAND_AMBIGUOUS,False,False,False,False,,False,False,False
3115,3890,HOLD_BRAND_AMBIGUOUS,False,False,False,False,,False,False,False
3116,3891,HOLD_BRAND_AMBIGUOUS,False,False,False,False,,False,False,False
3117,3892,HOLD_BRAND_AMBIGUOUS,False,False,False,False,,False,False,False
3118,3893,HOLD_BRAND_AMBIGUOUS,False,False,False,False,,False,False,False
3119,3894,HOLD_BRAND_AMBIGUOUS,False,False,False,False,,False,False,False
3120,3895,HOLD_BRAND_AMBIGUOUS,False,False,False,False,,False,False,False
3121,3896,HOLD_BRAND_AMBIGUOUS,False,False,False,False,,False,False,False
3122,3897,HOLD_BRAND_AMBIGUOUS,False,False,False,False,,False,False,False
3123,3898,HOLD_BRAND_AMBIGUOUS,False,False,False,False,,False,False,False
3124,3899,HOLD_BRAND_AMBIGUOUS,False,False,False,False,,False,False,False
3125,3900,HOLD_BRAND_AMBIGUOUS,False,False,False,False,,False,False,False
3126,3901,HOLD_BRAND_AMBIGUOUS,False,False,False,False,,False,False,False
3127,3978,HOLD_BRAND_AMBIGUOUS,False,False,False,False,,False,False,False
3128,3979,HOLD_BRAND_AMBIGUOUS,False,False,False,False,,False,False,False
3129,3980,HOLD_BRAND_AMBIGUOUS,False,False,False,False,,False,False,False
3130,BT30,HOLD_BRAND_AMBIGUOUS,False,False,False,False,,False,False,False
3131,BT40,HOLD_BRAND_AMBIGUOUS,False,False,False,False,,False,False,False
3132,SK40,HOLD_BRAND_AMBIGUOUS,False,False,False,False,,False,False,False
3133,AST-P12-DEPTH,HOLD_WEAK_EVIDENCE,False,False,True,False,,False,False,False
3134,AST-P12,HOLD_WEAK_EVIDENCE,False,False,True,False,,False,False,False
3135,AST-P16,HOLD_WEAK_EVIDENCE,False,False,True,False,,False,False,False
3136,AST-P20,HOLD_WEAK_EVIDENCE,False,False,True,False,,False,False,False
3137,AST-P24,HOLD_WEAK_EVIDENCE,False,False,True,False,,False,False,False
3138,AST-B12901,HOLD_WEAK_EVIDENCE,False,False,True,False,,False,False,False
3139,AST-B12901S,HOLD_WEAK_EVIDENCE,False,False,True,False,,False,False,False
3140,AST-B24904,HOLD_WEAK_EVIDENCE,False,False,True,False,,False,False,False
3141,AST-B24904S,HOLD_WEAK_EVIDENCE,False,False,True,False,,False,False,False
3142,UFR-L02,HOLD_BRAND_AMBIGUOUS,False,False,False,False,,False,False,False
3143,AST-PCHU10,HOLD_WEAK_EVIDENCE,False,False,True,False,,False,False,False
3144,AST-PCHU13,HOLD_WEAK_EVIDENCE,False,False,True,False,,False,False,False
3145,4095,HOLD_BRAND_AMBIGUOUS,False,False,False,False,,False,False,False
3146,4097,HOLD_BRAND_AMBIGUOUS,False,False,False,False,,False,False,False
3147,AST-TW12,HOLD_WEAK_EVIDENCE,False,False,True,False,,False,False,False
3148,AST-IRTW12,HOLD_WEAK_EVIDENCE,False,False,True,False,,False,False,False
3149,AST-CHIR12,HOLD_WEAK_EVIDENCE,False,False,True,False,,False,False,False
3150,AST-TW16,HOLD_WEAK_EVIDENCE,False,False,True,False,,False,False,False
3151,AST-IRTW16,HOLD_WEAK_EVIDENCE,False,False,True,False,,False,False,False
3152,AST-CHIR16,HOLD_WEAK_EVIDENCE,False,False,True,False,,False,False,False
3153,AST-TW20,HOLD_WEAK_EVIDENCE,False,False,True,False,,False,False,False
3154,AST-IRTW20,HOLD_WEAK_EVIDENCE,False,False,True,False,,False,False,False
3155,AST-CHIR20,HOLD_WEAK_EVIDENCE,False,False,True,False,,False,False,False
3156,AST-TW24,HOLD_WEAK_EVIDENCE,False,False,True,False,,False,False,False
3157,AST-IRTW24,HOLD_WEAK_EVIDENCE,False,False,True,False,,False,False,False
3158,AST-CHIR24,HOLD_WEAK_EVIDENCE,False,False,True,False,,False,False,False
3159,4150,HOLD_WEAK_EVIDENCE,False,False,True,False,,False,False,False
3160,4246,HOLD_BRAND_AMBIGUOUS,False,False,False,False,,False,False,False
3161,AS308L,HOLD_BRAND_AMBIGUOUS,False,False,False,False,,False,False,False
3162,AS325L,HOLD_BRAND_AMBIGUOUS,False,False,False,False,,False,False,False
3163,AS320L,HOLD_BRAND_AMBIGUOUS,False,False,False,False,,False,False,False
3164,ASB316L,HOLD_BRAND_AMBIGUOUS,False,False,False,False,,False,False,False
3165,AS316L,HOLD_BRAND_AMBIGUOUS,False,False,False,False,,False,False,False
3166,AS311L,HOLD_BRAND_AMBIGUOUS,False,False,False,False,,False,False,False
3167,AS236,HOLD_BRAND_AMBIGUOUS,False,False,False,False,,False,False,False
3168,AS225,HOLD_BRAND_AMBIGUOUS,False,False,False,False,,False,False,False
3169,AS220,HOLD_BRAND_AMBIGUOUS,False,False,False,False,,False,False,False
3170,ABS216,HOLD_BRAND_AMBIGUOUS,False,False,False,False,,False,False,False
3171,AS216,HOLD_BRAND_AMBIGUOUS,False,False,False,False,,False,False,False
3172,AS211,HOLD_BRAND_AMBIGUOUS,False,False,False,False,,False,False,False
3173,AS436,HOLD_BRAND_AMBIGUOUS,False,False,False,False,,False,False,False
3174,AS425,HOLD_BRAND_AMBIGUOUS,False,False,False,False,,False,False,False
3175,AS420,HOLD_BRAND_AMBIGUOUS,False,False,False,False,,False,False,False
3176,ASB416,HOLD_BRAND_AMBIGUOUS,False,False,False,False,,False,False,False
3177,AS416,HOLD_BRAND_AMBIGUOUS,False,False,False,False,,False,False,False
3178,AS411,HOLD_BRAND_AMBIGUOUS,False,False,False,False,,False,False,False
3179,AS408,HOLD_BRAND_AMBIGUOUS,False,False,False,False,,False,False,False
3180,AS325,HOLD_BRAND_AMBIGUOUS,False,False,False,False,,False,False,False
3181,AS320,HOLD_BRAND_AMBIGUOUS,False,False,False,False,,False,False,False
3182,AS316,HOLD_BRAND_AMBIGUOUS,False,False,False,False,,False,False,False
3183,AS311,HOLD_BRAND_AMBIGUOUS,False,False,False,False,,False,False,False
3184,4318,HOLD_WEAK_EVIDENCE,False,False,True,False,,False,False,False
3185,4321,HOLD_WEAK_EVIDENCE,False,False,True,False,,False,False,False
3186,4324,HOLD_WEAK_EVIDENCE,False,False,True,False,,False,False,False
3187,4327,HOLD_WEAK_EVIDENCE,False,False,True,False,,False,False,False
3188,4331,HOLD_WEAK_EVIDENCE,False,False,True,False,,False,False,False
3189,4335,HOLD_WEAK_EVIDENCE,False,False,True,False,,False,False,False
3190,JN303,HOLD_WEAK_EVIDENCE,False,False,True,False,,False,False,False
3191,4339,HOLD_WEAK_EVIDENCE,False,False,True,False,,False,False,False
3192,JN-228,HOLD_WEAK_EVIDENCE,False,False,True,False,,False,False,False
3193,4345,HOLD_BRAND_AMBIGUOUS,False,False,False,False,,False,False,False
3194,4347,HOLD_WEAK_EVIDENCE,False,False,True,False,,False,False,False
3195,JN304,HOLD_WEAK_EVIDENCE,False,False,True,False,,False,False,False
3196,4353,HOLD_WEAK_EVIDENCE,False,False,True,False,,False,False,False
3197,JN305,HOLD_WEAK_EVIDENCE,False,False,True,False,,False,False,False
3198,JN314,HOLD_WEAK_EVIDENCE,False,False,True,False,,False,False,False
3199,4363,HOLD_WEAK_EVIDENCE,False,False,True,False,,False,False,False
3200,JN315,HOLD_WEAK_EVIDENCE,False,False,True,False,,False,False,False
3201,JN-224,HOLD_WEAK_EVIDENCE,False,False,True,False,,False,False,False
3202,JN301,HOLD_WEAK_EVIDENCE,False,False,True,False,,False,False,False
3203,4372,HOLD_BRAND_AMBIGUOUS,False,False,False,False,,False,False,False
3204,JN302,HOLD_WEAK_EVIDENCE,False,False,True,False,,False,False,False
3205,4376,HOLD_BRAND_AMBIGUOUS,False,False,False,False,,False,False,False
3206,JN316,HOLD_WEAK_EVIDENCE,False,False,True,False,,False,False,False
3207,JN317,HOLD_WEAK_EVIDENCE,False,False,True,False,,False,False,False
3208,4384,HOLD_WEAK_EVIDENCE,False,False,True,False,,False,False,False
3209,JN307,HOLD_WEAK_EVIDENCE,False,False,True,False,,False,False,False
3210,JN308,HOLD_WEAK_EVIDENCE,False,False,True,False,,False,False,False
3211,JN309,HOLD_WEAK_EVIDENCE,False,False,True,False,,False,False,False
3212,JN310,HOLD_BRAND_AMBIGUOUS,False,False,False,False,,False,False,False
3213,JN311,HOLD_WEAK_EVIDENCE,False,False,True,False,,False,False,False
3214,JN312,HOLD_BRAND_AMBIGUOUS,False,False,False,False,,False,False,False
3215,4398,HOLD_WEAK_EVIDENCE,False,False,True,False,,False,False,False
3216,4401,HOLD_WEAK_EVIDENCE,False,False,True,False,,False,False,False
3217,4404,HOLD_WEAK_EVIDENCE,False,False,True,False,,False,False,False
3218,4406,HOLD_WEAK_EVIDENCE,False,False,True,False,,False,False,False
3219,4408,HOLD_WEAK_EVIDENCE,False,False,True,False,,False,False,False
3220,4410,HOLD_WEAK_EVIDENCE,False,False,True,False,,False,False,False
3221,4414,HOLD_WEAK_EVIDENCE,False,False,True,False,,False,False,False
3222,4417,HOLD_WEAK_EVIDENCE,False,False,True,False,,False,False,False
3223,4419,HOLD_WEAK_EVIDENCE,False,False,True,False,,False,False,False
3224,4421,HOLD_WEAK_EVIDENCE,False,False,True,False,,False,False,False
3225,4423,HOLD_WEAK_EVIDENCE,False,False,True,False,,False,False,False
3226,4428,HOLD_WEAK_EVIDENCE,False,False,True,False,,False,False,False
3227,4430,HOLD_WEAK_EVIDENCE,False,False,True,False,,False,False,False
3228,4433,HOLD_WEAK_EVIDENCE,False,False,True,False,,False,False,False
3229,4435,HOLD_WEAK_EVIDENCE,False,False,True,False,,False,False,False
3230,4437,HOLD_WEAK_EVIDENCE,False,False,True,False,,False,False,False
3231,4439,HOLD_WEAK_EVIDENCE,False,False,True,False,,False,False,False
3232,4443,HOLD_WEAK_EVIDENCE,False,False,True,False,,False,False,False
3233,4445,HOLD_WEAK_EVIDENCE,False,False,True,False,,False,False,False
3234,4447,HOLD_WEAK_EVIDENCE,False,False,True,False,,False,False,False
3235,4449,HOLD_WEAK_EVIDENCE,False,False,True,False,,False,False,False
3236,4452,HOLD_WEAK_EVIDENCE,False,False,True,False,,False,False,False
3237,4454,HOLD_WEAK_EVIDENCE,False,False,True,False,,False,False,False
3238,4457,HOLD_WEAK_EVIDENCE,False,False,True,False,,False,False,False
3239,JN-211,HOLD_WEAK_EVIDENCE,False,False,True,False,,False,False,False
3240,BG500,HOLD_WEAK_EVIDENCE,False,False,True,False,,False,False,False
3241,81242,HOLD_WEAK_EVIDENCE,False,False,True,False,,False,False,False
3242,80071-01,HOLD_WEAK_EVIDENCE,False,False,True,False,,False,False,False
3243,84635,HOLD_WEAK_EVIDENCE,False,False,True,False,,False,False,False
3244,606-01-0,HOLD_WEAK_EVIDENCE,False,False,True,False,,False,False,False
3245,4766,HOLD_WEAK_EVIDENCE,False,False,True,False,,False,False,False
3246,4769,HOLD_WEAK_EVIDENCE,False,False,True,False,,False,False,False
3247,639-01-2,HOLD_WEAK_EVIDENCE,False,False,True,False,,False,False,False
3248,640-01-0,HOLD_WEAK_EVIDENCE,False,False,True,False,,False,False,False
3249,4881,HOLD_WEAK_EVIDENCE,False,False,True,False,,False,False,False
3250,4887,HOLD_WEAK_EVIDENCE,False,False,True,False,,False,False,False
3251,169-01-0,HOLD_WEAK_EVIDENCE,False,False,True,False,,False,False,False
3252,001-29-0,HOLD_WEAK_EVIDENCE,False,False,True,False,,False,False,False
3253,4936,HOLD_WEAK_EVIDENCE,False,False,True,False,,False,False,False
3254,AST-GHFC900,HOLD_WEAK_EVIDENCE,False,False,True,False,,False,False,False
3255,5005,HOLD_WEAK_EVIDENCE,False,False,True,False,,False,False,False
3256,AST-13MA-2,HOLD_WEAK_EVIDENCE,False,False,True,False,,False,False,False
3257,AST-20MG,HOLD_WEAK_EVIDENCE,False,False,True,False,,False,False,False
3258,AST-F14,HOLD_WEAK_EVIDENCE,False,False,True,False,,False,False,False
3259,AST-F20,HOLD_WEAK_EVIDENCE,False,False,True,False,,False,False,False
3260,AST-F30,HOLD_WEAK_EVIDENCE,False,False,True,False,,False,False,False
3261,AST-T20,HOLD_WEAK_EVIDENCE,False,False,True,False,,False,False,False
3262,AST-TS20,HOLD_WEAK_EVIDENCE,False,False,True,False,,False,False,False
3263,AST-TS42,HOLD_WEAK_EVIDENCE,False,False,True,False,,False,False,False
3264,AST-G70,HOLD_WEAK_EVIDENCE,False,False,True,False,,False,False,False
3265,5441,HOLD_WEAK_EVIDENCE,False,False,True,False,,False,False,False
3266,5443,HOLD_WEAK_EVIDENCE,False,False,True,False,,False,False,False
3267,5446,HOLD_WEAK_EVIDENCE,False,False,True,False,,False,False,False
3268,5449,HOLD_WEAK_EVIDENCE,False,False,True,False,,False,False,False
3269,5452,HOLD_WEAK_EVIDENCE,False,False,True,False,,False,False,False
3270,5453,HOLD_WEAK_EVIDENCE,False,False,True,False,,False,False,False
3271,5454,HOLD_WEAK_EVIDENCE,False,False,True,False,,False,False,False
3272,5455,HOLD_WEAK_EVIDENCE,False,False,True,False,,False,False,False
3273,5456,HOLD_WEAK_EVIDENCE,False,False,True,False,,False,False,False
3274,5457,HOLD_WEAK_EVIDENCE,False,False,True,False,,False,False,False
3275,5458,HOLD_WEAK_EVIDENCE,False,False,True,False,,False,False,False
3276,5459,HOLD_WEAK_EVIDENCE,False,False,True,False,,False,False,False
3277,5460,HOLD_WEAK_EVIDENCE,False,False,True,False,,False,False,False
3278,5462,HOLD_WEAK_EVIDENCE,False,False,True,False,,False,False,False
3279,5463,HOLD_WEAK_EVIDENCE,False,False,True,False,,False,False,False
3280,5465,HOLD_WEAK_EVIDENCE,False,False,True,False,,False,False,False
3281,5466,HOLD_WEAK_EVIDENCE,False,False,True,False,,False,False,False
3282,5467,HOLD_WEAK_EVIDENCE,False,False,True,False,,False,False,False
3283,5474,HOLD_WEAK_EVIDENCE,False,False,True,False,,False,False,False
3284,5494,HOLD_WEAK_EVIDENCE,False,False,True,False,,False,False,False
3285,5498,HOLD_WEAK_EVIDENCE,False,False,True,False,,False,False,False
3286,5501,HOLD_WEAK_EVIDENCE,False,False,True,False,,False,False,False
3287,5504,HOLD_WEAK_EVIDENCE,False,False,True,False,,False,False,False
3288,5508,HOLD_WEAK_EVIDENCE,False,False,True,False,,False,False,False
3289,5686,HOLD_BRAND_AMBIGUOUS,False,False,False,False,,False,False,False
3290,GT100,HOLD_WEAK_EVIDENCE,False,False,True,False,,False,False,False
3291,AST-PRO-T35,HOLD_WEAK_EVIDENCE,False,False,True,False,,False,False,False
3292,AST-PRO/T65,HOLD_WEAK_EVIDENCE,False,False,True,False,,False,False,False
3293,AST-PRO/T150,HOLD_WEAK_EVIDENCE,False,False,True,False,,False,False,False
3294,AST-EH614,HOLD_WEAK_EVIDENCE,False,False,True,False,,False,False,False
3295,5761,HOLD_WEAK_EVIDENCE,False,False,True,False,,False,False,False
3296,AST-TMS20,HOLD_WEAK_EVIDENCE,False,False,True,False,,False,False,False
3297,AST-STW,HOLD_WEAK_EVIDENCE,False,False,True,False,,False,False,False
3298,3001-1903-C,HOLD_WEAK_EVIDENCE,False,False,True,False,,False,False,False
3299,AST-BSB,HOLD_WEAK_EVIDENCE,False,False,True,False,,False,False,False
3300,5802,HOLD_WEAK_EVIDENCE,False,False,True,False,,False,False,False
3301,AST-BS0-5,HOLD_WEAK_EVIDENCE,False,False,True,False,,False,False,False
3302,5811,HOLD_WEAK_EVIDENCE,False,False,True,False,,False,False,False
3303,AST-BS2-8,HOLD_WEAK_EVIDENCE,False,False,True,False,,False,False,False
3304,5826,HOLD_WEAK_EVIDENCE,False,False,True,False,,False,False,False
3305,5848,HOLD_WEAK_EVIDENCE,False,False,True,False,,False,False,False
3306,5852,HOLD_WEAK_EVIDENCE,False,False,True,False,,False,False,False
3307,5856,HOLD_WEAK_EVIDENCE,False,False,True,False,,False,False,False
3308,5858,HOLD_WEAK_EVIDENCE,False,False,True,False,,False,False,False
3309,5860,HOLD_WEAK_EVIDENCE,False,False,True,False,,False,False,False
3310,IP54,HOLD_WEAK_EVIDENCE,False,False,True,False,,False,False,False
3311,5890,HOLD_BRAND_AMBIGUOUS,False,False,False,False,,False,False,False
3312,5896,HOLD_BRAND_AMBIGUOUS,False,False,False,False,,False,False,False
3313,5901,HOLD_BRAND_AMBIGUOUS,False,False,False,False,,False,False,False
3314,3110-6120-A,HOLD_BRAND_AMBIGUOUS,False,False,False,False,,False,False,False
3315,5909,HOLD_BRAND_AMBIGUOUS,False,False,False,False,,False,False,False
3316,5922,HOLD_IDENTITY_CONFLICT,False,False,True,False,,False,False,False
3317,5968,HOLD_WEAK_EVIDENCE,False,False,True,False,,False,False,False
3318,5977,HOLD_WEAK_EVIDENCE,False,False,True,False,,False,False,False
3319,6014,HOLD_BRAND_AMBIGUOUS,False,False,False,False,,False,False,False
3320,AST-TU/MT4,HOLD_WEAK_EVIDENCE,False,False,True,False,,False,False,False
3321,AST-TU/MT5,HOLD_WEAK_EVIDENCE,False,False,True,False,,False,False,False
3322,AST-PRO/K38,HOLD_WEAK_EVIDENCE,False,False,True,False,,False,False,False
3323,AST-PRO/AT80,HOLD_WEAK_EVIDENCE,False,False,True,False,,False,False,False
3324,AST-15MA,HOLD_WEAK_EVIDENCE,False,False,True,False,,False,False,False
3325,AST-26MA-2,HOLD_WEAK_EVIDENCE,False,False,True,False,,False,False,False
3326,AST-32MG,HOLD_WEAK_EVIDENCE,False,False,True,False,,False,False,False
3327,AST-FTV313,HOLD_WEAK_EVIDENCE,False,False,True,False,,False,False,False
3328,AST-MF14,HOLD_WEAK_EVIDENCE,False,False,True,False,,False,False,False
3329,AST-830MA,HOLD_WEAK_EVIDENCE,False,False,True,False,,False,False,False
3330,AST-230MA,HOLD_WEAK_EVIDENCE,False,False,True,False,,False,False,False
3331,AST-SPARK3000,HOLD_WEAK_EVIDENCE,False,False,True,False,,False,False,False
3332,AST-SPARK600,HOLD_WEAK_EVIDENCE,False,False,True,False,,False,False,False
3333,9370,HOLD_BRAND_AMBIGUOUS,False,False,False,False,,False,False,False
3334,9372,HOLD_BRAND_AMBIGUOUS,False,False,False,False,,False,False,False
3335,9393,HOLD_BRAND_AMBIGUOUS,False,False,False,False,,False,False,False
3336,9401,HOLD_BRAND_AMBIGUOUS,False,False,False,False,,False,False,False
3337,9410,HOLD_BRAND_AMBIGUOUS,False,False,False,False,,False,False,False
3338,9649,HOLD_BRAND_AMBIGUOUS,False,False,False,False,,False,False,False
3339,10126,HOLD_WEAK_EVIDENCE,False,False,True,False,,False,False,False
3340,10131,HOLD_WEAK_EVIDENCE,False,False,True,False,,False,False,False
3341,10133,HOLD_WEAK_EVIDENCE,False,False,True,False,,False,False,False
3342,10139,HOLD_WEAK_EVIDENCE,False,False,True,False,,False,False,False
3343,10173,HOLD_WEAK_EVIDENCE,False,False,True,False,,False,False,False
3344,10208,HOLD_WEAK_EVIDENCE,False,False,True,False,,False,False,False
3345,10216,HOLD_WEAK_EVIDENCE,False,False,True,False,,False,False,False
3346,10217,HOLD_WEAK_EVIDENCE,False,False,True,False,,False,False,False
3347,10223,HOLD_WEAK_EVIDENCE,False,False,True,False,,False,False,False
3348,10230,HOLD_WEAK_EVIDENCE,False,False,True,False,,False,False,False
3349,AST-PRO/T100,HOLD_WEAK_EVIDENCE,False,False,True,False,,False,False,False
3350,AST-COR80,HOLD_WEAK_EVIDENCE,False,False,True,False,,False,False,False
3351,AST-COR355P,HOLD_WEAK_EVIDENCE,False,False,True,False,,False,False,False
3352,AST-COR255P,HOLD_WEAK_EVIDENCE,False,False,True,False,,False,False,False
3353,TU-TCOR205,HOLD_WEAK_EVIDENCE,False,False,True,False,,False,False,False
3354,TU-TCOR305,HOLD_WEAK_EVIDENCE,False,False,True,False,,False,False,False
3355,TU-TCOR255,HOLD_WEAK_EVIDENCE,False,False,True,False,,False,False,False
3356,TU-TCOR355,HOLD_WEAK_EVIDENCE,False,False,True,False,,False,False,False
3357,AST-E312,HOLD_WEAK_EVIDENCE,False,False,True,False,,False,False,False
3358,10297,HOLD_WEAK_EVIDENCE,False,False,True,False,,False,False,False
3359,AST-E425,HOLD_WEAK_EVIDENCE,False,False,True,False,,False,False,False
3360,10310,HOLD_BRAND_AMBIGUOUS,False,False,False,False,,False,False,False
3361,TU-D13E12,HOLD_WEAK_EVIDENCE,False,False,True,False,,False,False,False
3362,11659,HOLD_WEAK_EVIDENCE,False,False,True,False,,False,False,False
3363,DR313-3,HOLD_WEAK_EVIDENCE,False,False,True,False,,False,False,False
3364,DR230,HOLD_WEAK_EVIDENCE,False,False,True,False,,False,False,False
3365,12016,HOLD_IDENTITY_CONFLICT,False,False,True,False,,False,False,False
3366,12042,HOLD_BRAND_AMBIGUOUS,False,False,False,False,,False,False,False
3367,12060,HOLD_WEAK_EVIDENCE,False,False,True,False,,False,False,False
3368,12064,HOLD_BRAND_AMBIGUOUS,False,False,False,False,,False,False,False
3369,12070,HOLD_BRAND_AMBIGUOUS,False,False,False,False,,False,False,False
3370,12097,HOLD_WEAK_EVIDENCE,False,False,True,False,,False,False,False
3371,12137,HOLD_WEAK_EVIDENCE,False,False,True,False,,False,False,False
3372,AST-COR205,HOLD_WEAK_EVIDENCE,False,False,True,False,,False,False,False
3373,AST-COR305,HOLD_WEAK_EVIDENCE,False,False,True,False,,False,False,False
3374,AST-COR100,HOLD_WEAK_EVIDENCE,False,False,True,False,,False,False,False
3375,AST-80MA,HOLD_WEAK_EVIDENCE,False,False,True,False,,False,False,False
3376,AST-GT670P,HOLD_WEAK_EVIDENCE,False,False,True,False,,False,False,False
3377,12373,HOLD_WEAK_EVIDENCE,False,False,True,False,,False,False,False
3378,12378,HOLD_WEAK_EVIDENCE,False,False,True,False,,False,False,False
3379,12414,HOLD_WEAK_EVIDENCE,False,False,True,False,,False,False,False
3380,12424,HOLD_WEAK_EVIDENCE,False,False,True,False,,False,False,False
3381,12432,HOLD_WEAK_EVIDENCE,False,False,True,False,,False,False,False
3382,12464,HOLD_WEAK_EVIDENCE,False,False,True,False,,False,False,False
3383,12722,HOLD_BRAND_AMBIGUOUS,False,False,False,False,,False,False,False
3384,12998,HOLD_WEAK_EVIDENCE,False,False,True,False,,False,False,False
3385,13025,HOLD_WEAK_EVIDENCE,False,False,True,False,,False,False,False
3386,13029,HOLD_WEAK_EVIDENCE,False,False,True,False,,False,False,False
3387,13032,HOLD_WEAK_EVIDENCE,False,False,True,False,,False,False,False
3388,13036,HOLD_WEAK_EVIDENCE,False,False,True,False,,False,False,False
3389,13039,HOLD_WEAK_EVIDENCE,False,False,True,False,,False,False,False
3390,13213,HOLD_BRAND_AMBIGUOUS,False,False,False,False,,False,False,False
3391,14138,HOLD_WEAK_EVIDENCE,False,False,True,False,,False,False,False
3392,14144,HOLD_WEAK_EVIDENCE,False,False,True,False,,False,False,False
3393,14155,HOLD_BRAND_AMBIGUOUS,False,False,False,False,,False,False,False
3394,14159,HOLD_BRAND_AMBIGUOUS,False,False,False,False,,False,False,False
3395,14161,HOLD_BRAND_AMBIGUOUS,False,False,False,False,,False,False,False
3396,14276,HOLD_WEAK_EVIDENCE,False,False,True,False,,False,False,False
3397,14482,HOLD_WEAK_EVIDENCE,False,False,True,False,,False,False,False
3398,14511,HOLD_WEAK_EVIDENCE,False,False,True,False,,False,False,False
3399,14526,HOLD_WEAK_EVIDENCE,False,False,True,False,,False,False,False
3400,14547,HOLD_WEAK_EVIDENCE,False,False,True,False,,False,False,False
3401,GH13MA-CBN,HOLD_WEAK_EVIDENCE,False,False,True,False,,False,False,False
3402,GH20MG-CBN,HOLD_WEAK_EVIDENCE,False,False,True,False,,False,False,False
3403,GH26MA-CBN,HOLD_WEAK_EVIDENCE,False,False,True,False,,False,False,False
3404,GH26MA-SDC,HOLD_WEAK_EVIDENCE,False,False,True,False,,False,False,False
3405,GH13MA-SDC,HOLD_WEAK_EVIDENCE,False,False,True,False,,False,False,False
3406,GH20MG-SDC,HOLD_WEAK_EVIDENCE,False,False,True,False,,False,False,False
3407,GH230MA-CBN,HOLD_WEAK_EVIDENCE,False,False,True,False,,False,False,False
3408,SDC-GH230MA,HOLD_WEAK_EVIDENCE,False,False,True,False,,False,False,False
3409,TU-DR230-2,HOLD_DUPLICATE_IDENTITY,False,False,True,False,,False,False,False
3410,CBN-D13E12,HOLD_WEAK_EVIDENCE,False,False,True,False,,False,False,False
3411,TU-DR230,HOLD_DUPLICATE_IDENTITY,False,False,True,False,,False,False,False
3412,DR313-2,HOLD_WEAK_EVIDENCE,False,False,True,False,,False,False,False
3413,GH-CBNM128,HOLD_WEAK_EVIDENCE,False,False,True,False,,False,False,False
3414,DR313,HOLD_WEAK_EVIDENCE,False,False,True,False,,False,False,False
3415,PP26,HOLD_WEAK_EVIDENCE,False,False,True,False,,False,False,False
3416,13-CBN,HOLD_WEAK_EVIDENCE,False,False,True,False,,False,False,False
3417,CBN-13E,HOLD_WEAK_EVIDENCE,False,False,True,False,,False,False,False
3418,EH14-4,HOLD_WEAK_EVIDENCE,False,False,True,False,,False,False,False
3419,EH14-3,HOLD_WEAK_EVIDENCE,False,False,True,False,,False,False,False
3420,GHF20-CBN150,HOLD_WEAK_EVIDENCE,False,False,True,False,,False,False,False
3421,GHF30-CBN,HOLD_WEAK_EVIDENCE,False,False,True,False,,False,False,False
3422,GHF20-SDC150,HOLD_WEAK_EVIDENCE,False,False,True,False,,False,False,False
3423,EH14-2,HOLD_WEAK_EVIDENCE,False,False,True,False,,False,False,False
3424,AST-EH14,HOLD_WEAK_EVIDENCE,False,False,True,False,,False,False,False
3425,GHF30-SDC,HOLD_WEAK_EVIDENCE,False,False,True,False,,False,False,False
3426,FB620-4,HOLD_WEAK_EVIDENCE,False,False,True,False,,False,False,False
3427,FB620-3,HOLD_WEAK_EVIDENCE,False,False,True,False,,False,False,False
3428,FB620-2,HOLD_WEAK_EVIDENCE,False,False,True,False,,False,False,False
3429,FB620,HOLD_WEAK_EVIDENCE,False,False,True,False,,False,False,False
3430,FTV313-2,HOLD_WEAK_EVIDENCE,False,False,True,False,,False,False,False
3431,FTV313,HOLD_WEAK_EVIDENCE,False,False,True,False,,False,False,False
3432,SDC-E312,HOLD_WEAK_EVIDENCE,False,False,True,False,,False,False,False
3433,SDC-E316,HOLD_WEAK_EVIDENCE,False,False,True,False,,False,False,False
3434,SDC-E425,HOLD_WEAK_EVIDENCE,False,False,True,False,,False,False,False
3435,GHT20-CBN,HOLD_WEAK_EVIDENCE,False,False,True,False,,False,False,False
3436,TS42-2,HOLD_WEAK_EVIDENCE,False,False,True,False,,False,False,False
3437,GHT20-SDC,HOLD_WEAK_EVIDENCE,False,False,True,False,,False,False,False
3438,TS20,HOLD_WEAK_EVIDENCE,False,False,True,False,,False,False,False
3439,TS42,HOLD_WEAK_EVIDENCE,False,False,True,False,,False,False,False
3440,GHU2&#038;3--CORUNDUM,HOLD_WEAK_EVIDENCE,False,False,True,False,,False,False,False
3441,GHU2&#038;3-DIAMOND,HOLD_WEAK_EVIDENCE,False,False,True,False,,False,False,False
3442,GHU2&#038;3-RESIN,HOLD_WEAK_EVIDENCE,False,False,True,False,,False,False,False
3443,CHU2*3CBN,HOLD_WEAK_EVIDENCE,False,False,True,False,,False,False,False
3444,MOTOR-13MA,HOLD_WEAK_EVIDENCE,False,False,True,False,,False,False,False
3445,MOTOR-F14,HOLD_WEAK_EVIDENCE,False,False,True,False,,False,False,False
3446,MOTOR-26MA,HOLD_WEAK_EVIDENCE,False,False,True,False,,False,False,False
3447,MOTOR-32MG,HOLD_WEAK_EVIDENCE,False,False,True,False,,False,False,False
3448,MOTOR-F20,HOLD_WEAK_EVIDENCE,False,False,True,False,,False,False,False
3449,MOTOR-F30,HOLD_WEAK_EVIDENCE,False,False,True,False,,False,False,False
3450,AST-MOTE,HOLD_WEAK_EVIDENCE,False,False,True,False,,False,False,False
3451,MOTOR-230MA,HOLD_WEAK_EVIDENCE,False,False,True,False,,False,False,False
3452,AST-13MA,HOLD_WEAK_EVIDENCE,False,False,True,False,,False,False,False
3453,AST-26MA,HOLD_WEAK_EVIDENCE,False,False,True,False,,False,False,False
3454,14733,HOLD_WEAK_EVIDENCE,False,False,True,False,,False,False,False
3455,14750,HOLD_WEAK_EVIDENCE,False,False,True,False,,False,False,False
3456,14756,HOLD_WEAK_EVIDENCE,False,False,True,False,,False,False,False
3457,14762,HOLD_WEAK_EVIDENCE,False,False,True,False,,False,False,False
3458,14773,HOLD_WEAK_EVIDENCE,False,False,True,False,,False,False,False
3459,14778,HOLD_WEAK_EVIDENCE,False,False,True,False,,False,False,False
3460,14783,HOLD_WEAK_EVIDENCE,False,False,True,False,,False,False,False
3461,14789,HOLD_WEAK_EVIDENCE,False,False,True,False,,False,False,False
3462,14794,HOLD_WEAK_EVIDENCE,False,False,True,False,,False,False,False
3463,14892,HOLD_WEAK_EVIDENCE,False,False,True,False,,False,False,False
3464,14913,HOLD_WEAK_EVIDENCE,False,False,True,False,,False,False,False
3465,14919,HOLD_WEAK_EVIDENCE,False,False,True,False,,False,False,False
3466,14924,HOLD_WEAK_EVIDENCE,False,False,True,False,,False,False,False
3467,14926,HOLD_WEAK_EVIDENCE,False,False,True,False,,False,False,False
3468,1201-1003,BACKFILL_EXACT,True,True,True,False,,False,False,True
3469,1204-70,BACKFILL_EXACT,True,True,True,False,,False,False,True
3470,1205-1502,BACKFILL_EXACT,True,True,True,False,,False,False,True
3471,1111-75,BACKFILL_EXACT,True,True,True,False,,False,False,True
3472,1205-2002,BACKFILL_EXACT,True,True,True,False,,False,False,True
3473,1205-3002,BACKFILL_EXACT,True,True,True,False,,False,False,True
3474,1106-1002,BACKFILL_EXACT,True,True,True,False,,False,False,True
3475,1214-1000,BACKFILL_EXACT,True,True,True,False,,False,False,True
3476,1214-1500,BACKFILL_EXACT,True,True,True,False,,False,False,True
3477,1181-M25,HOLD_WEAK_EVIDENCE,False,False,True,False,,False,False,False
3478,1106-2003,BACKFILL_EXACT,True,True,True,False,,False,False,True
3479,1106-1502,BACKFILL_EXACT,True,True,True,False,,False,False,True
3480,M26-1281,HOLD_WEAK_EVIDENCE,False,False,True,False,,False,False,False
3481,2307-1,BACKFILL_EXACT,True,True,True,False,,False,False,True
3482,2307-025,BACKFILL_EXACT,True,True,True,False,,False,False,True
3483,2308-10,BACKFILL_EXACT,True,True,True,False,,False,False,True
3484,2315-05,BACKFILL_EXACT,True,False,True,False,,False,True,False
3485,2170-1,BACKFILL_EXACT,True,True,True,False,,False,False,True
3486,4100-2122,BACKFILL_EXACT,True,False,True,False,,False,True,False
3487,2121-25,BACKFILL_EXACT,True,True,True,False,,False,False,True
3488,2332-20,BACKFILL_EXACT,True,True,True,False,,False,False,True
3489,ISE-2DT,HOLD_WEAK_EVIDENCE,False,True,True,False,,False,False,False
3490,2151-35,BACKFILL_EXACT,True,True,True,False,,False,False,True
3491,3203-1,HOLD_IDENTITY_CONFLICT,False,True,True,False,,False,False,False
3492,2151-55,BACKFILL_EXACT,True,True,True,False,,False,False,True
3493,2361-10,BACKFILL_EXACT,True,True,True,False,,False,False,True
3494,2364-10,BACKFILL_EXACT,True,True,True,False,,False,False,True
3495,3203-2,HOLD_IDENTITY_CONFLICT,False,True,True,False,,False,False,False
3496,3203-3,HOLD_IDENTITY_CONFLICT,False,True,True,False,,False,False,False
3497,3203-4,HOLD_IDENTITY_CONFLICT,False,True,True,False,,False,False,False
3498,3203-5,HOLD_IDENTITY_CONFLICT,False,True,True,False,,False,False,False
3499,3127-8,BACKFILL_EXACT,True,True,True,False,,False,False,True
3500,3127-10,BACKFILL_EXACT,True,True,True,False,,False,False,True
3501,3127-12,BACKFILL_EXACT,True,True,True,False,,False,False,True
3502,3203-6,HOLD_IDENTITY_CONFLICT,False,True,True,False,,False,False,False
3503,3127-20,BACKFILL_EXACT,True,True,True,False,,False,False,True
3504,3282-25,BACKFILL_EXACT,True,True,True,False,,False,False,True
3505,3127-25,BACKFILL_EXACT,True,True,True,False,,False,False,True
3506,3127-30,BACKFILL_EXACT,True,True,True,False,,False,False,True
3507,3282-50,BACKFILL_EXACT,True,True,True,False,,False,False,True
3508,3127-40,BACKFILL_EXACT,True,True,True,False,,False,False,True
3509,3282-75,BACKFILL_EXACT,True,True,True,False,,False,False,True
3510,3127-50,BACKFILL_EXACT,True,True,True,False,,False,False,True
3511,3594-25,BACKFILL_EXACT,True,True,True,False,,False,False,True
3512,2364-1,BACKFILL_EXACT,True,True,True,False,,False,False,True
3513,3127-63,BACKFILL_EXACT,True,True,True,False,,False,False,True
3514,3127-75,BACKFILL_EXACT,True,True,True,False,,False,False,True
3515,3220-30,BACKFILL_EXACT,True,True,True,False,,False,False,True
3516,3127-88,BACKFILL_EXACT,True,True,True,False,,False,False,True
3517,2863-10,BACKFILL_EXACT,True,True,True,False,,False,False,True
3518,2866-10,BACKFILL_EXACT,True,True,True,False,,False,False,True
3519,3227-8,BACKFILL_EXACT,True,True,True,False,,False,False,True
3520,2367-10,BACKFILL_EXACT,True,True,True,False,,False,False,True
3521,3227-10,BACKFILL_EXACT,True,True,True,False,,False,False,True
3522,3220-50,BACKFILL_EXACT,True,True,True,False,,False,False,True
3523,3227-12,BACKFILL_EXACT,True,True,True,False,,False,False,True
3524,3220-75,BACKFILL_EXACT,True,True,True,False,,False,False,True
3525,3227-16,BACKFILL_EXACT,True,True,True,False,,False,False,True
3526,3227-20,BACKFILL_EXACT,True,True,True,False,,False,False,True
3527,3520-50,BACKFILL_EXACT,True,True,True,False,,False,False,True
3528,3227-25,BACKFILL_EXACT,True,True,True,False,,False,False,True
3529,3227-30,BACKFILL_EXACT,True,True,True,False,,False,False,True
3530,3227-40,BACKFILL_EXACT,True,True,True,False,,False,False,True
3531,3227-50,BACKFILL_EXACT,True,True,True,False,,False,False,True
3532,3227-63,BACKFILL_EXACT,True,True,True,False,,False,False,True
3533,3227-75,BACKFILL_EXACT,True,True,True,False,,False,False,True
3534,3520-75,BACKFILL_EXACT,True,True,True,False,,False,False,True
3535,3227-88,BACKFILL_EXACT,True,True,True,False,,False,False,True
3536,3227-1004,BACKFILL_EXACT,True,False,True,False,,False,True,False
3537,6200-60,BACKFILL_EXACT,True,False,True,False,,False,True,False
3538,6201-60,BACKFILL_EXACT,True,False,True,False,,False,True,False
3539,6202-80,BACKFILL_EXACT,True,False,True,False,,False,True,False
3540,6207-80,BACKFILL_EXACT,True,False,True,False,,False,True,False
3541,6208-80,BACKFILL_EXACT,True,False,True,False,,False,True,False
3542,6210-81,BACKFILL_EXACT,True,False,True,False,,False,True,False
3543,6301,BACKFILL_EXACT,True,False,True,False,,False,True,False
3544,4602-17,BACKFILL_EXACT,True,True,True,False,,False,False,True
3545,4602-32,BACKFILL_EXACT,True,True,True,False,,False,False,True
3546,4621-02,BACKFILL_EXACT,True,True,True,False,,False,False,True
3547,4206-1,BACKFILL_EXACT,True,False,True,False,,False,True,False
3548,3108-25,BACKFILL_EXACT,True,True,True,False,,False,False,True
3549,3108-50,BACKFILL_EXACT,True,True,True,False,,False,False,True
3550,3109-25,BACKFILL_EXACT,True,True,True,False,,False,False,True
3551,3109-50,BACKFILL_EXACT,True,True,True,False,,False,False,True
3552,4621-03,BACKFILL_EXACT,True,True,True,False,,False,False,True
3553,4621-04,BACKFILL_EXACT,True,True,True,False,,False,False,True
3554,4621-05,BACKFILL_EXACT,True,True,True,False,,False,False,True
3555,4621-06,BACKFILL_EXACT,True,True,True,False,,False,False,True
3556,3203-25,BACKFILL_EXACT,True,True,True,False,,False,False,True
3557,4621-07,BACKFILL_EXACT,True,True,True,False,,False,False,True
3558,4621-08,BACKFILL_EXACT,True,True,True,False,,False,False,True
3559,3203-50,BACKFILL_EXACT,True,True,True,False,,False,False,True
3560,3203-75,BACKFILL_EXACT,True,True,True,False,,False,False,True
3561,4621-09,BACKFILL_EXACT,True,True,True,False,,False,False,True
3562,4621-10,BACKFILL_EXACT,True,True,True,False,,False,False,True
3563,4621-15,BACKFILL_EXACT,True,True,True,False,,False,False,True
3564,4621-20,BACKFILL_EXACT,True,True,True,False,,False,False,True
3565,4621-25,BACKFILL_EXACT,True,True,True,False,,False,False,True
3566,4621-30,BACKFILL_EXACT,True,True,True,False,,False,False,True
3567,4621-40,BACKFILL_EXACT,True,True,True,False,,False,False,True
3568,4621-50,BACKFILL_EXACT,True,True,True,False,,False,False,True
3569,4621-70,BACKFILL_EXACT,True,True,True,False,,False,False,True
3570,4621-80,BACKFILL_EXACT,True,True,True,False,,False,False,True
3571,4621-90,BACKFILL_EXACT,True,True,True,False,,False,False,True
3572,4166-0D,BACKFILL_EXACT,True,True,True,False,,False,False,True
3573,3210-25,BACKFILL_EXACT,True,True,True,False,,False,False,True
3574,3210-50,BACKFILL_EXACT,True,True,True,False,,False,False,True
3575,3400-25,BACKFILL_EXACT,True,True,True,False,,False,False,True
3576,7110-1500,BACKFILL_EXACT,True,True,True,False,,False,False,True
3577,7110-2000,BACKFILL_EXACT,True,True,True,False,,False,False,True
3578,1240-1501,BACKFILL_EXACT,True,True,True,False,,False,False,True
3579,4166-1,BACKFILL_EXACT,True,True,True,False,,False,False,True
3580,1240-2001,BACKFILL_EXACT,True,True,True,False,,False,False,True
3581,1240-3001,BACKFILL_EXACT,True,True,True,False,,False,False,True
3582,4166-1D,BACKFILL_EXACT,True,True,True,False,,False,False,True
3583,1240-5001,BACKFILL_EXACT,True,True,True,False,,False,False,True
3584,4166-2,BACKFILL_EXACT,True,True,True,False,,False,False,True
3585,4166-2D,BACKFILL_EXACT,True,True,True,False,,False,False,True
3586,4166-3,BACKFILL_EXACT,True,True,True,False,,False,False,True
3587,4166-4,BACKFILL_EXACT,True,True,True,False,,False,False,True
3588,4166-4D,BACKFILL_EXACT,True,True,True,False,,False,False,True
3589,4166-5,BACKFILL_EXACT,True,True,True,False,,False,False,True
3590,4166-5D,BACKFILL_EXACT,True,True,True,False,,False,False,True
3591,4166-6,BACKFILL_EXACT,True,True,True,False,,False,False,True
3592,1145-25,BACKFILL_EXACT,True,True,True,False,,False,False,True
3593,4166-6D,BACKFILL_EXACT,True,True,True,False,,False,False,True
3594,4166-7,BACKFILL_EXACT,True,True,True,False,,False,False,True
3595,1140-50,BACKFILL_EXACT,True,True,True,False,,False,False,True
3596,4166-7D,BACKFILL_EXACT,True,True,True,False,,False,False,True
3597,4166-9,BACKFILL_EXACT,True,True,True,False,,False,False,True
3598,4166-8,BACKFILL_EXACT,True,True,True,False,,False,False,True
3599,3240-25,BACKFILL_EXACT,True,True,True,False,,False,False,True
3600,4166-8D,BACKFILL_EXACT,True,True,True,False,,False,False,True
3601,4166-9D,BACKFILL_EXACT,True,True,True,False,,False,False,True
3602,6284-3,BACKFILL_EXACT,True,False,True,False,,False,True,False
3603,4790-0150,BACKFILL_EXACT,True,True,True,False,,False,False,True
3604,4790-0100,BACKFILL_EXACT,True,True,True,False,,False,False,True
3605,4745-1120,BACKFILL_EXACT,True,True,True,False,,False,False,True
3606,7114-2200,BACKFILL_EXACT,True,True,True,False,,False,False,True
3607,7114-3460,BACKFILL_EXACT,True,True,True,False,,False,False,True
3608,7143-50,HOLD_IDENTITY_CONFLICT,False,True,True,False,,False,False,False
3609,7140-3,BACKFILL_EXACT,True,True,True,False,,False,False,True
3610,7140-5,BACKFILL_EXACT,True,True,True,False,,False,False,True
3611,2112-10,BACKFILL_EXACT,True,True,True,False,,False,False,True
3612,2112-25,BACKFILL_EXACT,True,True,True,False,,False,False,True
3613,2112-50,BACKFILL_EXACT,True,True,True,False,,False,False,True
3614,2380-08,BACKFILL_EXACT,True,True,True,False,,False,False,True
3615,2381-08,BACKFILL_EXACT,True,True,True,False,,False,False,True
3616,2381-02,BACKFILL_EXACT,True,True,True,False,,False,False,True
3617,2302-25,BACKFILL_EXACT,True,True,True,False,,False,False,True
3618,2310-30,BACKFILL_EXACT,True,True,True,False,,False,False,True
3619,2309-50,BACKFILL_EXACT,True,True,True,False,,False,False,True
3620,2313-1,HOLD_IDENTITY_CONFLICT,False,True,True,False,,False,False,False
3621,2311-5,BACKFILL_EXACT,True,True,True,False,,False,False,True
3622,2301-10,BACKFILL_EXACT,True,True,True,False,,False,False,True
3623,2318-10,BACKFILL_EXACT,True,True,True,False,,False,False,True
3624,2318-30,BACKFILL_EXACT,True,True,True,False,,False,False,True
3625,2114-5F,BACKFILL_EXACT,True,True,True,False,,False,False,True
3626,2103-10,BACKFILL_EXACT,True,True,True,False,,False,False,True
3627,2118-10,BACKFILL_EXACT,True,True,True,False,,False,False,True
3628,2852-10,BACKFILL_EXACT,True,True,True,False,,False,False,True
3629,2322-35,BACKFILL_EXACT,True,True,True,False,,False,False,True
3630,2322-60,BACKFILL_EXACT,True,True,True,False,,False,False,True
3631,2852-18,BACKFILL_EXACT,True,True,True,False,,False,False,True
3632,4602-20,BACKFILL_EXACT,True,True,True,False,,False,False,True
3633,1203-1003,BACKFILL_EXACT,True,True,True,False,,False,False,True
3634,1214-2000,BACKFILL_EXACT,True,True,True,False,,False,False,True
3635,1150-1000,BACKFILL_EXACT,True,True,True,False,,False,False,True
3636,1140-25,BACKFILL_EXACT,True,True,True,False,,False,False,True
3637,2871-10,BACKFILL_EXACT,True,True,True,False,,False,False,True
3638,2872-10,BACKFILL_EXACT,True,True,True,False,,False,False,True
3639,S3-2824,HOLD_WEAK_EVIDENCE,False,False,True,False,,False,False,False
3640,3210-75,BACKFILL_EXACT,True,True,True,False,,False,False,True
3641,3109-75,BACKFILL_EXACT,True,True,True,False,,False,False,True
3642,3291-25,BACKFILL_EXACT,True,True,True,False,,False,False,True
3643,3232-75,BACKFILL_EXACT,True,True,True,False,,False,False,True
3644,3108-75,BACKFILL_EXACT,True,True,True,False,,False,False,True
3645,3520-30,BACKFILL_EXACT,True,True,True,False,,False,False,True
3646,3222-1000,BACKFILL_EXACT,True,True,True,False,,False,False,True
3647,3222-1500,BACKFILL_EXACT,True,True,True,False,,False,False,True
3648,3594-50,BACKFILL_EXACT,True,True,True,False,,False,False,True
3649,3127-16,BACKFILL_EXACT,True,True,True,False,,False,False,True
3650,7350-35,BACKFILL_EXACT,True,False,True,False,,False,True,False
3651,7350-60,BACKFILL_EXACT,True,False,True,False,,False,True,False
3652,3127-1004,BACKFILL_EXACT,True,False,True,False,,False,True,False
3653,4100-18,BACKFILL_EXACT,True,False,True,False,,False,True,False
3654,4100-1112,BACKFILL_EXACT,True,False,True,False,,False,True,False
3655,4790-0200,BACKFILL_EXACT,True,True,True,False,,False,False,True
3656,4760-1200,BACKFILL_EXACT,True,True,True,False,,False,False,True
3657,4605-20,BACKFILL_EXACT,True,True,True,False,,False,False,True
3658,4621-12,BACKFILL_EXACT,True,True,True,False,,False,False,True
3660,4621-60,BACKFILL_EXACT,True,True,True,False,,False,False,True
3662,4780-85,BACKFILL_EXACT,True,True,True,False,,False,False,True
3664,2183,BACKFILL_EXACT,True,False,True,False,,False,True,False
3666,4801-17,BACKFILL_EXACT,True,False,True,False,,False,True,False
3667,4801-16,BACKFILL_EXACT,True,True,True,False,,False,False,True
3669,4801-15,BACKFILL_EXACT,True,True,True,False,,False,False,True
3670,4807,BACKFILL_EXACT,True,False,True,False,,False,True,False
3672,4835-1,BACKFILL_EXACT,True,True,True,False,,False,False,True
3674,4839-1,BACKFILL_EXACT,True,True,True,False,,False,False,True
3676,4833-1,BACKFILL_EXACT,True,True,True,False,,False,False,True
3678,4838-1,BACKFILL_EXACT,True,True,True,False,,False,False,True
3680,4836-1,BACKFILL_EXACT,True,True,True,False,,False,False,True
3682,4842-1,BACKFILL_EXACT,True,True,True,False,,False,False,True
3684,4843-1,BACKFILL_EXACT,True,True,True,False,,False,False,True
3685,4824-16,BACKFILL_EXACT,True,True,True,False,,False,False,True
3686,6211-10,BACKFILL_EXACT,True,False,True,False,,False,True,False
3687,6900-0106,HOLD_IDENTITY_CONFLICT,False,True,True,False,,False,False,False
3688,6900-1106,BACKFILL_EXACT,True,True,True,False,,False,False,True
3689,6902-85,BACKFILL_EXACT,True,False,True,False,,False,True,False
3691,7110-1000,BACKFILL_EXACT,True,True,True,False,,False,False,True
3692,7111-1000,BACKFILL_EXACT,True,False,True,False,,False,True,False
3694,7240-200,HOLD_IDENTITY_CONFLICT,False,True,True,False,,False,False,False
3695,ISH-SAM,BACKFILL_EXACT,True,True,True,False,,False,False,True
3697,ISH-SDM,BACKFILL_EXACT,True,True,True,False,,False,False,True
3698,ISF-F300,BACKFILL_EXACT,True,True,True,False,,False,False,True
3700,ISF-F500,BACKFILL_EXACT,True,True,True,False,,False,False,True
3702,HDT-LP200B,BACKFILL_EXACT,True,True,True,False,,False,False,True
3704,ISF-F200,BACKFILL_EXACT,True,True,True,False,,False,False,True
3705,ISM-PM200SA,HOLD_WEAK_EVIDENCE,False,False,True,False,,False,False,False
3706,ISM-PM200SB,BACKFILL_EXACT,True,False,True,False,,False,True,False
3707,7523-3D5,BACKFILL_EXACT,True,False,True,False,,False,True,False
3708,ISL-A1-1000,BACKFILL_EXACT,True,True,True,False,,False,False,True
3709,ISL-A1-800,BACKFILL_EXACT,True,True,True,False,,False,False,True
3711,ISL-A1-600,BACKFILL_EXACT,True,True,True,False,,False,False,True
3712,ISL-B5-1000,BACKFILL_EXACT,True,True,True,False,,False,False,True
3713,ISL-DR3,BACKFILL_EXACT,True,False,True,False,,False,True,False
3715,ISL-DR2,BACKFILL_EXACT,True,False,True,False,,False,True,False
3717,6354-25W,BACKFILL_EXACT,True,True,True,False,,False,False,True
3718,6566-3,BACKFILL_EXACT,True,False,True,False,,False,True,False
3720,9341-50,BACKFILL_EXACT,True,True,True,False,,False,False,True
3721,8003-3,BACKFILL_EXACT,True,True,True,False,,False,False,True
3723,1KGM1-8910,HOLD_WEAK_EVIDENCE,False,False,True,False,,False,False,False
3724,ISR-C300,BACKFILL_EXACT,True,True,True,False,,False,False,True
3725,ISGF-0901,BACKFILL_EXACT,True,False,True,False,,False,True,False
3727,ISGF-0501,BACKFILL_EXACT,True,False,True,False,,False,True,False
3728,6140,BACKFILL_EXACT,True,False,True,False,,False,True,False
3729,ISH-DR150,BACKFILL_EXACT,True,False,True,False,,False,True,False
3731,ISH-TDV-1000,BACKFILL_EXACT,True,False,True,False,,False,True,False
3732,6284-82,BACKFILL_EXACT,True,False,True,False,,False,True,False
3733,4120-4,BACKFILL_EXACT,True,True,True,False,,False,False,True
3735,4120-4N,BACKFILL_EXACT,True,True,True,False,,False,False,True
3737,4120-5,BACKFILL_EXACT,True,True,True,False,,False,False,True
3739,4120-5N,BACKFILL_EXACT,True,True,True,False,,False,False,True
3740,4120-6,BACKFILL_EXACT,True,True,True,False,,False,False,True
3741,0213-500A,HOLD_IDENTITY_CONFLICT,False,False,True,False,,False,False,False
3743,1181-M50A,BACKFILL_EXACT,True,True,True,False,,False,False,True
3744,1244-30,BACKFILL_EXACT,True,True,True,False,,False,False,True
3745,2132-20,BACKFILL_EXACT,True,True,True,False,,False,False,True
3747,2151-75,BACKFILL_EXACT,True,True,True,False,,False,False,True
3748,2151-95,BACKFILL_EXACT,True,True,True,False,,False,False,True
3750,2151-AL35,BACKFILL_EXACT,True,True,True,False,,False,False,True
3751,2151-AL55,BACKFILL_EXACT,True,True,True,False,,False,False,True
3753,2151-AL75,BACKFILL_EXACT,True,True,True,False,,False,False,True
3754,2222-25,BACKFILL_EXACT,True,True,True,False,,False,False,True
3756,2309-100D,BACKFILL_EXACT,True,True,True,False,,False,False,True
3757,2321-35,BACKFILL_EXACT,True,True,True,False,,False,False,True
3758,2321-55,BACKFILL_EXACT,True,True,True,False,,False,False,True
3760,2321-75,BACKFILL_EXACT,True,True,True,False,,False,False,True
3762,2366-30,BACKFILL_EXACT,True,True,True,False,,False,False,True
3763,2383-08,BACKFILL_EXACT,True,True,True,False,,False,False,True
3764,2385-3,BACKFILL_EXACT,True,False,True,False,,False,True,False
3765,2710-25,BACKFILL_EXACT,True,True,True,False,,False,False,True
3767,2874-02,HOLD_IDENTITY_CONFLICT,False,True,True,False,,False,False,False
3769,2876-10,BACKFILL_EXACT,True,True,True,False,,False,False,True
3770,3230-25BA,BACKFILL_EXACT,True,True,True,False,,False,False,True
3772,3260-25,BACKFILL_EXACT,True,True,True,False,,False,False,True
3774,3203-12A,BACKFILL_EXACT,True,True,True,False,,False,False,True
3775,3222-12,BACKFILL_EXACT,True,False,True,False,,False,True,False
3776,3530-25BA,BACKFILL_EXACT,True,True,True,False,,False,False,True
3777,4100-2112,BACKFILL_EXACT,True,False,True,False,,False,True,False
3778,4101-C1000,BACKFILL_EXACT,True,False,True,False,,False,True,False
3779,4120-6N,BACKFILL_EXACT,True,True,True,False,,False,False,True
3780,4120-8,BACKFILL_EXACT,True,True,True,False,,False,False,True
3782,4790-0300,BACKFILL_EXACT,True,True,True,False,,False,False,True
3784,4802-31,BACKFILL_EXACT,True,False,True,False,,False,True,False
3786,4803-1,BACKFILL_EXACT,True,True,True,False,,False,False,True
3787,4804-26,BACKFILL_EXACT,True,False,True,False,,False,True,False
3789,4166-10D,BACKFILL_EXACT,True,True,True,False,,False,False,True
3790,4806-20,BACKFILL_EXACT,True,True,True,False,,False,False,True
3791,4824-12,BACKFILL_EXACT,True,True,True,False,,False,False,True
3793,A20-4831,HOLD_WEAK_EVIDENCE,False,False,True,False,,False,False,False
3794,5024,BACKFILL_EXACT,True,False,True,False,,False,True,False
3795,6210-80,BACKFILL_EXACT,True,False,True,False,,False,True,False
3796,6215-60,BACKFILL_EXACT,True,False,True,False,,False,True,False
3798,6229-60,BACKFILL_EXACT,True,False,True,False,,False,True,False
3799,6229-80,BACKFILL_EXACT,True,False,True,False,,False,True,False
3800,6282-1102,BACKFILL_EXACT,True,False,True,False,,False,True,False
3801,6282-1201,BACKFILL_EXACT,True,False,True,False,,False,True,False
3802,6282-1203,BACKFILL_EXACT,True,False,True,False,,False,True,False
3804,6282-1601,BACKFILL_EXACT,True,False,True,False,,False,True,False
3805,6291-1,BACKFILL_EXACT,True,False,True,False,,False,True,False
3807,6293-1,BACKFILL_EXACT,True,False,True,False,,False,True,False
3808,6293-2,BACKFILL_EXACT,True,False,True,False,,False,True,False
3810,A1-6294,HOLD_WEAK_EVIDENCE,False,False,True,False,,False,False,False
3811,6295-1A,BACKFILL_EXACT,True,False,True,False,,False,True,False
3812,6297-1A,HOLD_IDENTITY_CONFLICT,False,False,True,False,,False,False,False
3813,6377-25W,BACKFILL_EXACT,True,True,True,False,,False,False,True
3814,6557-50,BACKFILL_EXACT,True,True,True,False,,False,False,True
3815,7142-5,BACKFILL_EXACT,True,True,True,False,,False,False,True
3816,7160-1,BACKFILL_EXACT,True,False,True,False,,False,True,False
3818,7160-2,BACKFILL_EXACT,True,False,True,False,,False,True,False
3820,7230,BACKFILL_EXACT,True,False,True,False,,False,True,False
3821,7351-EX12,BACKFILL_EXACT,True,False,True,False,,False,True,False
3823,7524-10,BACKFILL_EXACT,True,False,True,False,,False,True,False
3824,7600-6,BACKFILL_EXACT,True,False,True,False,,False,True,False
3825,9501-1200,BACKFILL_EXACT,True,True,True,False,,False,False,True
3826,9561-50B,BACKFILL_EXACT,True,True,True,False,,False,False,True
3827,9561-70B,BACKFILL_EXACT,True,True,True,False,,False,False,True
3828,HDT-LP200,BACKFILL_EXACT,True,True,True,False,,False,False,True
3830,ISF-MT500,BACKFILL_EXACT,True,False,True,False,,False,True,False
3832,ISH-PHB,BACKFILL_EXACT,True,True,True,False,,False,False,True
3833,ISH-STAC,BACKFILL_EXACT,True,False,True,False,,False,True,False
3834,ISH-STD,BACKFILL_EXACT,True,False,True,False,,False,True,False
3835,ISO-1000FN,BACKFILL_EXACT,True,True,True,False,,False,False,True
3837,ISQ-RM30,BACKFILL_EXACT,True,True,True,False,,False,False,True
3839,ISU-100D,BACKFILL_EXACT,True,True,True,False,,False,False,True
3840,4208-1,BACKFILL_EXACT,True,False,True,False,,False,True,False
3841,4608-31,BACKFILL_EXACT,True,True,True,False,,False,False,True
3843,ISU-200D,BACKFILL_EXACT,True,True,True,False,,False,False,True
3844,N8-4120,HOLD_WEAK_EVIDENCE,False,True,True,False,,False,False,False
3845,4120-10,BACKFILL_EXACT,True,True,True,False,,False,False,True
3846,N10-4120,HOLD_WEAK_EVIDENCE,False,True,True,False,,False,False,False
3848,4120-12,BACKFILL_EXACT,True,True,True,False,,False,False,True
3849,N12-4120,HOLD_WEAK_EVIDENCE,False,True,True,False,,False,False,False
3850,4120-14,BACKFILL_EXACT,True,True,True,False,,False,False,True
3852,N14-4120,HOLD_WEAK_EVIDENCE,False,True,True,False,,False,False,False
3853,4120-16,BACKFILL_EXACT,True,True,True,False,,False,False,True
3854,N16-4120,HOLD_WEAK_EVIDENCE,False,True,True,False,,False,False,False
3855,4120-18,BACKFILL_EXACT,True,True,True,False,,False,False,True
3856,N18-4120,HOLD_WEAK_EVIDENCE,False,True,True,False,,False,False,False
3857,4120-20,BACKFILL_EXACT,True,True,True,False,,False,False,True
3858,N20-4120,HOLD_WEAK_EVIDENCE,False,True,True,False,,False,False,False
3859,4120-22,BACKFILL_EXACT,True,True,True,False,,False,False,True
3861,N22-4120,HOLD_WEAK_EVIDENCE,False,True,True,False,,False,False,False
3862,4120-24,BACKFILL_EXACT,True,True,True,False,,False,False,True
3863,N24-4120,HOLD_WEAK_EVIDENCE,False,True,True,False,,False,False,False
3865,4120-27,BACKFILL_EXACT,True,True,True,False,,False,False,True
3867,N27-4120,HOLD_WEAK_EVIDENCE,False,True,True,False,,False,False,False
3869,4120-30,BACKFILL_EXACT,True,True,True,False,,False,False,True
3871,N30-4120,HOLD_WEAK_EVIDENCE,False,True,True,False,,False,False,False
3872,4130-4,BACKFILL_EXACT,True,True,True,False,,False,False,True
3873,4130-5,BACKFILL_EXACT,True,True,True,False,,False,False,True
3874,4130-6,BACKFILL_EXACT,True,True,True,False,,False,False,True
3876,4130-8,BACKFILL_EXACT,True,True,True,False,,False,False,True
3878,4130-10,BACKFILL_EXACT,True,True,True,False,,False,False,True
3880,4130-12,BACKFILL_EXACT,True,True,True,False,,False,False,True
3881,4130-14,BACKFILL_EXACT,True,True,True,False,,False,False,True
3882,4130-16,BACKFILL_EXACT,True,True,True,False,,False,False,True
3883,4130-18,BACKFILL_EXACT,True,True,True,False,,False,False,True
3884,4130-20,BACKFILL_EXACT,True,True,True,False,,False,False,True
3885,4130-22,BACKFILL_EXACT,True,True,True,False,,False,False,True
3886,4130-24,BACKFILL_EXACT,True,True,True,False,,False,False,True
3887,4130-27,BACKFILL_EXACT,True,True,True,False,,False,False,True
3889,4130-30,BACKFILL_EXACT,True,True,True,False,,False,False,True
3891,4166-10,BACKFILL_EXACT,True,True,True,False,,False,False,True
3892,4166-3D,BACKFILL_EXACT,True,True,True,False,,False,False,True
3893,A900-0215,HOLD_WEAK_EVIDENCE,False,True,True,False,,False,False,False
3894,C520-0222,HOLD_WEAK_EVIDENCE,False,True,True,False,,False,False,False
3895,0312-TH50,BACKFILL_EXACT,True,True,True,False,,False,False,True
3896,1106-1005,BACKFILL_EXACT,True,True,True,False,,False,False,True
3897,1106-1503,BACKFILL_EXACT,True,True,True,False,,False,False,True
3898,1106-2002,BACKFILL_EXACT,True,True,True,False,,False,False,True
3899,1110-150A,BACKFILL_EXACT,True,True,True,False,,False,False,True
3900,1110-300A,BACKFILL_EXACT,True,True,True,False,,False,False,True
3901,1141-1000,BACKFILL_EXACT,True,True,True,False,,False,False,True
3902,1180-6,BACKFILL_EXACT,True,True,True,False,,False,False,True
3904,1205-150S,BACKFILL_EXACT,True,True,True,False,,False,False,True
3905,1205-200S,BACKFILL_EXACT,True,True,True,False,,False,False,True
3907,1205-300S,BACKFILL_EXACT,True,True,True,False,,False,False,True
3909,2115-10,BACKFILL_EXACT,True,True,True,False,,False,False,True
3911,2115-25,BACKFILL_EXACT,True,True,True,False,,False,False,True
3913,2122-60,BACKFILL_EXACT,True,True,True,False,,False,False,True
3914,2122-35,BACKFILL_EXACT,True,True,True,False,,False,False,True
3915,2153-10,BACKFILL_EXACT,True,True,True,False,,False,False,True
3917,2163-25,BACKFILL_EXACT,True,True,True,False,,False,False,True
3918,A25-2164,HOLD_WEAK_EVIDENCE,False,False,True,False,,False,False,False
3919,2198-2,BACKFILL_EXACT,True,True,True,False,,False,False,True
3920,2199-1,BACKFILL_EXACT,True,True,True,False,,False,False,True
3922,2365-10,BACKFILL_EXACT,True,True,True,False,,False,False,True
3923,2825-60,BACKFILL_EXACT,True,True,True,False,,False,False,True
3924,2825-35,BACKFILL_EXACT,True,True,True,False,,False,False,True
3925,2827-60,BACKFILL_EXACT,True,True,True,False,,False,False,True
3927,2875-30,BACKFILL_EXACT,True,True,True,False,,False,False,True
3928,2878-71B,BACKFILL_EXACT,True,False,True,False,,False,True,False
3929,2878-6A,BACKFILL_EXACT,True,False,True,False,,False,True,False
3931,3101-25,BACKFILL_EXACT,True,True,True,False,,False,False,True
3933,3260-25SA,BACKFILL_EXACT,True,True,True,False,,False,False,True
3935,3287-25B,BACKFILL_EXACT,True,True,True,False,,False,False,True
3936,3332-25,BACKFILL_EXACT,True,True,True,False,,False,False,True
3937,3358-25,BACKFILL_EXACT,True,True,True,False,,False,False,True
3938,3540-50,BACKFILL_EXACT,True,True,True,False,,False,False,True
3940,A25-3560,HOLD_WEAK_EVIDENCE,False,False,True,False,,False,False,False
3942,4100-8,BACKFILL_EXACT,True,False,True,False,,False,True,False
3944,3127-5,BACKFILL_EXACT,True,True,True,False,,False,False,True
3946,3127-6,BACKFILL_EXACT,True,True,True,False,,False,False,True
3947,3203-10A,BACKFILL_EXACT,True,True,True,False,,False,False,True
3949,3203-7A,BACKFILL_EXACT,True,True,True,False,,False,False,True
3950,3203-8A,BACKFILL_EXACT,True,True,True,False,,False,False,True
3952,3203-9A,BACKFILL_EXACT,True,True,True,False,,False,False,True
3954,3227-6,BACKFILL_EXACT,True,True,True,False,,False,False,True
3956,4129-10Q,BACKFILL_EXACT,True,False,True,False,,False,True,False
3957,4129-10QN,BACKFILL_EXACT,True,False,True,False,,False,True,False
3959,4129-12R,BACKFILL_EXACT,True,False,True,False,,False,True,False
3960,4129-12RN,BACKFILL_EXACT,True,False,True,False,,False,True,False
3962,4129-14R,BACKFILL_EXACT,True,False,True,False,,False,True,False
3963,4129-14RN,BACKFILL_EXACT,True,False,True,False,,False,True,False
3964,4129-16R,BACKFILL_EXACT,True,False,True,False,,False,True,False
3965,4129-16RN,BACKFILL_EXACT,True,False,True,False,,False,True,False
3967,4129-18T,BACKFILL_EXACT,True,False,True,False,,False,True,False
3968,4129-18TN,BACKFILL_EXACT,True,False,True,False,,False,True,False
3969,4129-20T,BACKFILL_EXACT,True,False,True,False,,False,True,False
3970,4129-20TN,BACKFILL_EXACT,True,False,True,False,,False,True,False
3972,4129-22T,BACKFILL_EXACT,True,False,True,False,,False,True,False
3973,4129-22TN,BACKFILL_EXACT,True,False,True,False,,False,True,False
3975,4129-24T,BACKFILL_EXACT,True,False,True,False,,False,True,False
3976,4129-24TN,BACKFILL_EXACT,True,False,True,False,,False,True,False
3978,4129-25T,BACKFILL_EXACT,True,False,True,False,,False,True,False
3980,4129-25TN,BACKFILL_EXACT,True,False,True,False,,False,True,False
3981,4129-26T,BACKFILL_EXACT,True,False,True,False,,False,True,False
3982,4129-26TN,BACKFILL_EXACT,True,False,True,False,,False,True,False
3984,4129-27T,BACKFILL_EXACT,True,False,True,False,,False,True,False
3985,4129-27TN,BACKFILL_EXACT,True,False,True,False,,False,True,False
3987,4129-28T,BACKFILL_EXACT,True,False,True,False,,False,True,False
3989,4129-28TN,BACKFILL_EXACT,True,False,True,False,,False,True,False
3990,4129-30T,BACKFILL_EXACT,True,False,True,False,,False,True,False
3992,4129-30TN,BACKFILL_EXACT,True,False,True,False,,False,True,False
3994,4129-8P,BACKFILL_EXACT,True,False,True,False,,False,True,False
3995,4129-8PN,BACKFILL_EXACT,True,False,True,False,,False,True,False
3997,4130-1,BACKFILL_EXACT,True,True,True,False,,False,False,True
3999,4139-10Q,BACKFILL_EXACT,True,False,True,False,,False,True,False
4001,4139-12R,BACKFILL_EXACT,True,False,True,False,,False,True,False
4003,4139-14R,BACKFILL_EXACT,True,False,True,False,,False,True,False
4005,4139-16R,BACKFILL_EXACT,True,False,True,False,,False,True,False
4007,4139-18T,BACKFILL_EXACT,True,False,True,False,,False,True,False
4008,4139-20T,BACKFILL_EXACT,True,False,True,False,,False,True,False
4010,4139-22T,BACKFILL_EXACT,True,False,True,False,,False,True,False
4011,4139-24T,BACKFILL_EXACT,True,False,True,False,,False,True,False
4012,4139-25T,BACKFILL_EXACT,True,False,True,False,,False,True,False
4014,4139-26T,BACKFILL_EXACT,True,False,True,False,,False,True,False
4016,4139-27T,BACKFILL_EXACT,True,False,True,False,,False,True,False
4017,4139-28T,BACKFILL_EXACT,True,False,True,False,,False,True,False
4018,4139-30T,BACKFILL_EXACT,True,False,True,False,,False,True,False
4019,4139-4G,BACKFILL_EXACT,True,False,True,False,,False,True,False
4020,4139-5G,BACKFILL_EXACT,True,False,True,False,,False,True,False
4022,4139-6G,BACKFILL_EXACT,True,False,True,False,,False,True,False
4023,4139-8P,BACKFILL_EXACT,True,False,True,False,,False,True,False
4024,4168-S25,BACKFILL_EXACT,True,False,True,False,,False,True,False
4026,4621-35,BACKFILL_EXACT,True,True,True,False,,False,False,True
4028,4790-050,BACKFILL_EXACT,True,True,True,False,,False,False,True
4030,4790-075,BACKFILL_EXACT,True,True,True,False,,False,False,True
4031,4796-50,BACKFILL_EXACT,True,True,True,False,,False,False,True
4032,4796-75,BACKFILL_EXACT,True,True,True,False,,False,False,True
4033,4829-1,BACKFILL_EXACT,True,True,True,False,,False,False,True
4034,4830,BACKFILL_EXACT,True,True,True,False,,False,False,True
4036,4832-1,BACKFILL_EXACT,True,True,True,False,,False,False,True
4037,4833-2,BACKFILL_EXACT,True,True,True,False,,False,False,True
4039,4833-3,BACKFILL_EXACT,True,True,True,False,,False,False,True
4040,4833-4,BACKFILL_EXACT,True,True,True,False,,False,False,True
4042,4834-1,BACKFILL_EXACT,True,True,True,False,,False,False,True
4044,4836-2,BACKFILL_EXACT,True,True,True,False,,False,False,True
4045,4837-1,BACKFILL_EXACT,True,True,True,False,,False,False,True
4046,4841-1,BACKFILL_EXACT,True,True,True,False,,False,False,True
4047,4844-1,BACKFILL_EXACT,True,False,True,False,,False,True,False
4048,4845-2,BACKFILL_EXACT,True,True,True,False,,False,False,True
4049,4851-1,BACKFILL_EXACT,True,True,True,False,,False,False,True
4051,4852-15,BACKFILL_EXACT,True,True,True,False,,False,False,True
4053,4852-30,BACKFILL_EXACT,True,True,True,False,,False,False,True
4054,4852-3,BACKFILL_EXACT,True,True,True,False,,False,False,True
4056,4917-30,BACKFILL_EXACT,True,True,True,False,,False,False,True
4058,5013,BACKFILL_EXACT,True,False,True,False,,False,True,False
4060,63B2Y10-5201,HOLD_WEAK_EVIDENCE,False,False,True,False,,False,False,False
4062,6224-40,BACKFILL_EXACT,True,False,True,False,,False,True,False
4064,6226-80,BACKFILL_EXACT,True,False,True,False,,False,True,False
4065,6228-40,BACKFILL_EXACT,True,False,True,False,,False,True,False
4066,6298-2,BACKFILL_EXACT,True,False,True,False,,False,True,False
4068,6300,BACKFILL_EXACT,True,False,True,False,,False,True,False
4069,6511-24,BACKFILL_EXACT,True,False,True,False,,False,True,False
4071,6520-67,BACKFILL_EXACT,True,True,True,False,,False,False,True
4072,6520-87,BACKFILL_EXACT,True,True,True,False,,False,False,True
4074,6566-2,BACKFILL_EXACT,True,True,True,False,,False,False,True
4076,6832-1,BACKFILL_EXACT,True,True,True,False,,False,False,True
4077,6896-11,BACKFILL_EXACT,True,False,True,False,,False,True,False
4079,6896-13,BACKFILL_EXACT,True,False,True,False,,False,True,False
4081,7110-1200,BACKFILL_EXACT,True,True,True,False,,False,False,True
4082,7144-1,BACKFILL_EXACT,True,True,True,False,,False,False,True
4084,7145-1,BACKFILL_EXACT,True,True,True,False,,False,False,True
4085,7161-1,BACKFILL_EXACT,True,False,True,False,,False,True,False
4086,7163-1,BACKFILL_EXACT,True,False,True,False,,False,True,False
4088,7302-21,BACKFILL_EXACT,True,False,True,False,,False,True,False
4090,7315-21,BACKFILL_EXACT,True,False,True,False,,False,True,False
4091,7513-2,BACKFILL_EXACT,True,False,True,False,,False,True,False
4092,7513-4,BACKFILL_EXACT,True,False,True,False,,False,True,False
4094,7515-10,BACKFILL_EXACT,True,False,True,False,,False,True,False
4095,7516-5D,BACKFILL_EXACT,True,False,True,False,,False,True,False
4097,7517-3D,BACKFILL_EXACT,True,False,True,False,,False,True,False
4098,7527-1D,HOLD_IDENTITY_CONFLICT,False,False,True,False,,False,False,False
4100,7527-2D,HOLD_IDENTITY_CONFLICT,False,False,True,False,,False,False,False
4101,8003-10,BACKFILL_EXACT,True,True,True,False,,False,False,True
4102,8003-6,BACKFILL_EXACT,True,True,True,False,,False,False,True
4104,8101-30,BACKFILL_EXACT,True,True,True,False,,False,False,True
4106,8203-CW03T,BACKFILL_EXACT,True,True,True,False,,False,False,True
4107,8203-CW05T,BACKFILL_EXACT,True,True,True,False,,False,False,True
4108,8203-CW1T,BACKFILL_EXACT,True,True,True,False,,False,False,True
4110,8301-1200,BACKFILL_EXACT,True,True,True,False,,False,False,True
4112,8604-40,BACKFILL_EXACT,True,True,True,False,,False,False,True
4113,9241-ML200,BACKFILL_EXACT,True,True,True,False,,False,False,True
4115,9315-CF210,BACKFILL_EXACT,True,False,True,False,,False,True,False
4116,9563-C40,BACKFILL_EXACT,True,False,True,False,,False,True,False
4117,DSW-A010,BACKFILL_EXACT,True,True,True,False,,False,False,True
4118,HDT-L411,BACKFILL_EXACT,True,True,True,False,,False,False,True
4119,ISO-1200FN,BACKFILL_EXACT,True,True,True,False,,False,False,True
4121,ISR-CS130-W,BACKFILL_EXACT,True,False,True,False,,False,True,False
4122,ISU-250C,BACKFILL_EXACT,True,True,True,False,,False,False,True
4124,ISV-E40,BACKFILL_EXACT,True,False,True,False,,False,True,False
4125,1156-1000,BACKFILL_EXACT,True,True,True,False,,False,False,True
4127,6372-25,BACKFILL_EXACT,True,False,True,False,,False,True,False
4129,F5-2311,HOLD_WEAK_EVIDENCE,False,True,True,False,,False,False,False
4130,7214-50M,BACKFILL_EXACT,True,False,True,False,,False,True,False
4131,2304-01,BACKFILL_EXACT,True,False,True,False,,False,True,False
4132,5071,HOLD_WEAK_EVIDENCE,False,False,True,False,,False,False,False
4134,5072,HOLD_WEAK_EVIDENCE,False,False,True,False,,False,False,False
4137,5031,HOLD_WEAK_EVIDENCE,False,False,True,False,,False,False,False
4138,5041,HOLD_WEAK_EVIDENCE,False,False,True,False,,False,False,False
4140,5042,HOLD_WEAK_EVIDENCE,False,False,True,False,,False,False,False
4142,5051,HOLD_WEAK_EVIDENCE,False,False,True,False,,False,False,False
4143,5052,HOLD_WEAK_EVIDENCE,False,False,True,False,,False,False,False
4144,5061,HOLD_WEAK_EVIDENCE,False,False,True,False,,False,False,False
4145,5062,HOLD_WEAK_EVIDENCE,False,False,True,False,,False,False,False
4146,5063,HOLD_WEAK_EVIDENCE,False,False,True,False,,False,False,False
4148,5064,HOLD_WEAK_EVIDENCE,False,False,True,False,,False,False,False
4150,5021,HOLD_WEAK_EVIDENCE,False,False,True,False,,False,False,False
4152,5022,HOLD_WEAK_EVIDENCE,False,False,True,False,,False,False,False
4154,5023,HOLD_WEAK_EVIDENCE,False,False,True,False,,False,False,False
4156,9646-301,HOLD_IDENTITY_CONFLICT,False,True,True,False,,False,False,False
4158,SH-6*1,HOLD_IDENTITY_CONFLICT,False,False,True,False,,False,False,False
4159,SH-7*1,HOLD_IDENTITY_CONFLICT,False,False,True,False,,False,False,False
4160,SH-8*1,HOLD_IDENTITY_CONFLICT,False,False,True,False,,False,False,False
4161,SH-8*1.25,HOLD_IDENTITY_CONFLICT,False,False,True,False,,False,False,False
4162,SH-10*1.25,HOLD_IDENTITY_CONFLICT,False,False,True,False,,False,False,False
4163,SH-10*1.5,HOLD_IDENTITY_CONFLICT,False,False,True,False,,False,False,False
4164,SH-11*1.5,HOLD_IDENTITY_CONFLICT,False,False,True,False,,False,False,False
4165,SH-12*1.25,HOLD_IDENTITY_CONFLICT,False,False,True,False,,False,False,False
4166,SH-12*1.5,HOLD_IDENTITY_CONFLICT,False,False,True,False,,False,False,False
4167,SH-12*1.75,HOLD_IDENTITY_CONFLICT,False,False,True,False,,False,False,False
4168,SH-14*1.25,HOLD_IDENTITY_CONFLICT,False,False,True,False,,False,False,False
4169,SH-14*1.5,HOLD_IDENTITY_CONFLICT,False,False,True,False,,False,False,False
4170,SH-14*2,HOLD_IDENTITY_CONFLICT,False,False,True,False,,False,False,False
4171,SH-16*1.5,HOLD_DUPLICATE_IDENTITY,False,False,True,False,,False,False,False
4172,SH-16*1.5K,HOLD_DUPLICATE_IDENTITY,False,False,True,False,,False,False,False
4173,SH-13*1.5,HOLD_IDENTITY_CONFLICT,False,False,True,False,,False,False,False
4174,SH-6*1-2D,HOLD_IDENTITY_CONFLICT,False,False,True,False,,False,False,False
4175,SH-8*1.25-2D,HOLD_IDENTITY_CONFLICT,False,False,True,False,,False,False,False
4176,SH-10*1.5-2D,HOLD_IDENTITY_CONFLICT,False,False,True,False,,False,False,False
4177,SHK-6*1,HOLD_DUPLICATE_IDENTITY,False,False,True,False,,False,False,False
4178,SHK-7*1,HOLD_IDENTITY_CONFLICT,False,False,True,False,,False,False,False
4179,SHK-8*1.25,HOLD_IDENTITY_CONFLICT,False,False,True,False,,False,False,False
4180,SHK-10*1.25,HOLD_IDENTITY_CONFLICT,False,False,True,False,,False,False,False
4181,SHK-10*1.5,HOLD_IDENTITY_CONFLICT,False,False,True,False,,False,False,False
4182,SHG-16*1.5,HOLD_IDENTITY_CONFLICT,False,False,True,False,,False,False,False
4183,SHG-8*1,HOLD_IDENTITY_CONFLICT,False,False,True,False,,False,False,False
4184,SHG-6*1,HOLD_DUPLICATE_IDENTITY,False,False,True,False,,False,False,False
4185,SO-13637,HOLD_WEAK_EVIDENCE,False,False,True,False,,False,False,False
4186,SO-13638,HOLD_WEAK_EVIDENCE,False,False,True,False,,False,False,False
4187,SO-13639,HOLD_WEAK_EVIDENCE,False,False,True,False,,False,False,False
4188,SO-7324,HOLD_WEAK_EVIDENCE,False,False,True,False,,False,False,False
4189,SO-5823,HOLD_WEAK_EVIDENCE,False,False,True,False,,False,False,False
4190,SO-2256,HOLD_WEAK_EVIDENCE,False,False,True,False,,False,False,False
4191,SO-112,HOLD_WEAK_EVIDENCE,False,False,True,False,,False,False,False
4192,SO-138,HOLD_WEAK_EVIDENCE,False,False,True,False,,False,False,False
4193,SO-268,HOLD_WEAK_EVIDENCE,False,False,True,False,,False,False,False
4194,SO-310,HOLD_WEAK_EVIDENCE,False,False,True,False,,False,False,False
4195,SO-311,HOLD_WEAK_EVIDENCE,False,False,True,False,,False,False,False
4196,SO-312,HOLD_WEAK_EVIDENCE,False,False,True,False,,False,False,False
4197,SO-313,HOLD_WEAK_EVIDENCE,False,False,True,False,,False,False,False
4198,SO-336,HOLD_WEAK_EVIDENCE,False,False,True,False,,False,False,False
4199,SO-376,HOLD_WEAK_EVIDENCE,False,False,True,False,,False,False,False
4200,SO-420,HOLD_WEAK_EVIDENCE,False,False,True,False,,False,False,False
4201,SO-435,HOLD_WEAK_EVIDENCE,False,False,True,False,,False,False,False
4202,SO-447,HOLD_WEAK_EVIDENCE,False,False,True,False,,False,False,False
4203,SO-494,HOLD_WEAK_EVIDENCE,False,False,True,False,,False,False,False
4204,SO-542,HOLD_WEAK_EVIDENCE,False,False,True,False,,False,False,False
4205,SO-546,HOLD_WEAK_EVIDENCE,False,False,True,False,,False,False,False
4206,SO-551,HOLD_WEAK_EVIDENCE,False,False,True,False,,False,False,False
4207,SO-574,HOLD_WEAK_EVIDENCE,False,False,True,False,,False,False,False
4208,SO-624,HOLD_WEAK_EVIDENCE,False,False,True,False,,False,False,False
4209,SO-626,HOLD_WEAK_EVIDENCE,False,False,True,False,,False,False,False
4210,SO-13571,HOLD_WEAK_EVIDENCE,False,False,True,False,,False,False,False
4211,SO-13572,HOLD_WEAK_EVIDENCE,False,False,True,False,,False,False,False
4212,SO-13573,HOLD_WEAK_EVIDENCE,False,False,True,False,,False,False,False
4213,SO-13523,HOLD_WEAK_EVIDENCE,False,False,True,False,,False,False,False
4214,SO-13524,HOLD_WEAK_EVIDENCE,False,False,True,False,,False,False,False
4215,SO-13525,HOLD_WEAK_EVIDENCE,False,False,True,False,,False,False,False
4216,SO-13526,HOLD_WEAK_EVIDENCE,False,False,True,False,,False,False,False
4217,SO-254,HOLD_WEAK_EVIDENCE,False,False,True,False,,False,False,False
4218,SO-525,HOLD_WEAK_EVIDENCE,False,False,True,False,,False,False,False
4219,SO-4745,HOLD_WEAK_EVIDENCE,False,False,True,False,,False,False,False
4220,SO-11049,HOLD_WEAK_EVIDENCE,False,False,True,False,,False,False,False
4221,SO-3743,HOLD_WEAK_EVIDENCE,False,False,True,False,,False,False,False
4222,SO-13497,HOLD_WEAK_EVIDENCE,False,False,True,False,,False,False,False
4223,SO-13498,HOLD_WEAK_EVIDENCE,False,False,True,False,,False,False,False
4224,SO-13499,HOLD_WEAK_EVIDENCE,False,False,True,False,,False,False,False
4225,SO-13500,HOLD_WEAK_EVIDENCE,False,False,True,False,,False,False,False
4226,SO-13501,HOLD_WEAK_EVIDENCE,False,False,True,False,,False,False,False
4227,SO-13502,HOLD_WEAK_EVIDENCE,False,False,True,False,,False,False,False
4228,SO-13503,HOLD_WEAK_EVIDENCE,False,False,True,False,,False,False,False
4229,SO-14082,HOLD_WEAK_EVIDENCE,False,False,True,False,,False,False,False
4230,SO-7923,HOLD_WEAK_EVIDENCE,False,False,True,False,,False,False,False
4231,SO-13509,HOLD_WEAK_EVIDENCE,False,False,True,False,,False,False,False
4232,SO-13504,HOLD_WEAK_EVIDENCE,False,False,True,False,,False,False,False
4233,SO-13505,HOLD_WEAK_EVIDENCE,False,False,True,False,,False,False,False
4234,SO-13506,HOLD_WEAK_EVIDENCE,False,False,True,False,,False,False,False
4235,SO-13507,HOLD_WEAK_EVIDENCE,False,False,True,False,,False,False,False
4236,SO-13508,HOLD_WEAK_EVIDENCE,False,False,True,False,,False,False,False
4237,SO-14097,HOLD_WEAK_EVIDENCE,False,False,True,False,,False,False,False
4238,SO-14098,HOLD_WEAK_EVIDENCE,False,False,True,False,,False,False,False
4239,SO-14099,HOLD_WEAK_EVIDENCE,False,False,True,False,,False,False,False
4240,SO-14100,HOLD_WEAK_EVIDENCE,False,False,True,False,,False,False,False
4241,SO-14101,HOLD_WEAK_EVIDENCE,False,False,True,False,,False,False,False
4242,SO-14102,HOLD_WEAK_EVIDENCE,False,False,True,False,,False,False,False
4243,SO-14103,HOLD_WEAK_EVIDENCE,False,False,True,False,,False,False,False
4244,SO-14104,HOLD_WEAK_EVIDENCE,False,False,True,False,,False,False,False
4245,SO-14105,HOLD_WEAK_EVIDENCE,False,False,True,False,,False,False,False
4246,SO-4664,HOLD_WEAK_EVIDENCE,False,False,True,False,,False,False,False
4247,SO-1861,HOLD_WEAK_EVIDENCE,False,False,True,False,,False,False,False
4248,SO-2298,HOLD_WEAK_EVIDENCE,False,False,True,False,,False,False,False
4249,SO-2336,HOLD_WEAK_EVIDENCE,False,False,True,False,,False,False,False
4250,SO-2337,HOLD_WEAK_EVIDENCE,False,False,True,False,,False,False,False
4251,SO-13605,HOLD_IDENTITY_CONFLICT,False,False,True,False,,False,False,False
4252,SO-13606,HOLD_IDENTITY_CONFLICT,False,False,True,False,,False,False,False
4253,SO-13607,HOLD_IDENTITY_CONFLICT,False,False,True,False,,False,False,False
4254,SO-13608,HOLD_IDENTITY_CONFLICT,False,False,True,False,,False,False,False
4255,SO-13609,HOLD_IDENTITY_CONFLICT,False,False,True,False,,False,False,False
4256,SO-13610,HOLD_IDENTITY_CONFLICT,False,False,True,False,,False,False,False
4257,SO-13611,HOLD_IDENTITY_CONFLICT,False,False,True,False,,False,False,False
4258,SO-13613,HOLD_IDENTITY_CONFLICT,False,False,True,False,,False,False,False
4259,SO-13612,HOLD_IDENTITY_CONFLICT,False,False,True,False,,False,False,False
4260,SO-13614,HOLD_IDENTITY_CONFLICT,False,False,True,False,,False,False,False
4261,SO-13615,HOLD_IDENTITY_CONFLICT,False,False,True,False,,False,False,False
4262,SO-13616,HOLD_IDENTITY_CONFLICT,False,False,True,False,,False,False,False
4263,SO-13617,HOLD_IDENTITY_CONFLICT,False,False,True,False,,False,False,False
4264,SO-14094,HOLD_IDENTITY_CONFLICT,False,False,True,False,,False,False,False
4265,SO-14093,HOLD_IDENTITY_CONFLICT,False,False,True,False,,False,False,False
4266,SO-13618,HOLD_IDENTITY_CONFLICT,False,False,True,False,,False,False,False
4267,SO-2665,HOLD_WEAK_EVIDENCE,False,False,True,False,,False,False,False
4268,SO-2153,HOLD_WEAK_EVIDENCE,False,False,True,False,,False,False,False
4269,SO-4308,HOLD_WEAK_EVIDENCE,False,False,True,False,,False,False,False
4270,SO-6207,HOLD_WEAK_EVIDENCE,False,False,True,False,,False,False,False
4271,SO-6464,HOLD_WEAK_EVIDENCE,False,False,True,False,,False,False,False
4272,SO-66,HOLD_WEAK_EVIDENCE,False,False,True,False,,False,False,False
4273,SO-3745,HOLD_WEAK_EVIDENCE,False,False,True,False,,False,False,False
4274,SO-7946,HOLD_WEAK_EVIDENCE,False,False,True,False,,False,False,False
4275,SO-131,HOLD_WEAK_EVIDENCE,False,False,True,False,,False,False,False
4276,SO-3703,HOLD_WEAK_EVIDENCE,False,False,True,False,,False,False,False
4277,SO-3817,HOLD_WEAK_EVIDENCE,False,False,True,False,,False,False,False
4278,SO-5686,HOLD_WEAK_EVIDENCE,False,False,True,False,,False,False,False
4279,SO-7609,HOLD_WEAK_EVIDENCE,False,False,True,False,,False,False,False
4280,SO-8444,HOLD_WEAK_EVIDENCE,False,False,True,False,,False,False,False
4281,SO-8923,HOLD_WEAK_EVIDENCE,False,False,True,False,,False,False,False
4282,SO-1889,HOLD_WEAK_EVIDENCE,False,False,True,False,,False,False,False
4283,SO-2355,HOLD_WEAK_EVIDENCE,False,False,True,False,,False,False,False
4284,SO-2655,HOLD_WEAK_EVIDENCE,False,False,True,False,,False,False,False
4285,SO-2232,HOLD_WEAK_EVIDENCE,False,False,True,False,,False,False,False
4286,SO-2231,HOLD_WEAK_EVIDENCE,False,False,True,False,,False,False,False
4287,SO-13535,HOLD_WEAK_EVIDENCE,False,False,True,False,,False,False,False
4288,SO-13530,HOLD_WEAK_EVIDENCE,False,False,True,False,,False,False,False
4289,SO-13537,HOLD_WEAK_EVIDENCE,False,False,True,False,,False,False,False
4290,SO-1041,HOLD_WEAK_EVIDENCE,False,False,True,False,,False,False,False
4291,SO-1048,HOLD_WEAK_EVIDENCE,False,False,True,False,,False,False,False
4292,SO-9124,HOLD_WEAK_EVIDENCE,False,False,True,False,,False,False,False
4293,SO-9136,HOLD_WEAK_EVIDENCE,False,False,True,False,,False,False,False
4294,SO-9137,HOLD_WEAK_EVIDENCE,False,False,True,False,,False,False,False
4295,SO-13536,HOLD_WEAK_EVIDENCE,False,False,True,False,,False,False,False
4296,SO-13527,HOLD_WEAK_EVIDENCE,False,False,True,False,,False,False,False
4297,SO-13531,HOLD_WEAK_EVIDENCE,False,False,True,False,,False,False,False
4298,SO-13528,HOLD_WEAK_EVIDENCE,False,False,True,False,,False,False,False
4299,SO-13532,HOLD_WEAK_EVIDENCE,False,False,True,False,,False,False,False
4300,SO-13538,HOLD_WEAK_EVIDENCE,False,False,True,False,,False,False,False
4301,SO-13529,HOLD_WEAK_EVIDENCE,False,False,True,False,,False,False,False
4302,SO-13534,HOLD_WEAK_EVIDENCE,False,False,True,False,,False,False,False
4303,SO-13569,HOLD_WEAK_EVIDENCE,False,False,True,False,,False,False,False
4304,SO-13570,HOLD_WEAK_EVIDENCE,False,False,True,False,,False,False,False
4305,SO-13566,HOLD_WEAK_EVIDENCE,False,False,True,False,,False,False,False
4306,SO-13565,HOLD_WEAK_EVIDENCE,False,False,True,False,,False,False,False
4307,SO-13567,HOLD_WEAK_EVIDENCE,False,False,True,False,,False,False,False
4308,SO-13568,HOLD_WEAK_EVIDENCE,False,False,True,False,,False,False,False
4309,SO-907,HOLD_WEAK_EVIDENCE,False,False,True,False,,False,False,False
4310,SO-947,HOLD_WEAK_EVIDENCE,False,False,True,False,,False,False,False
4311,SO-952,HOLD_WEAK_EVIDENCE,False,False,True,False,,False,False,False
4312,SO-957,HOLD_WEAK_EVIDENCE,False,False,True,False,,False,False,False
4313,SO-963,HOLD_WEAK_EVIDENCE,False,False,True,False,,False,False,False
4314,SO-1034,HOLD_WEAK_EVIDENCE,False,False,True,False,,False,False,False
4315,SO-1039,HOLD_WEAK_EVIDENCE,False,False,True,False,,False,False,False
4316,SO-1705,HOLD_WEAK_EVIDENCE,False,False,True,False,,False,False,False
4317,SO-2154,HOLD_WEAK_EVIDENCE,False,False,True,False,,False,False,False
4318,SO-2600,HOLD_WEAK_EVIDENCE,False,False,True,False,,False,False,False
4319,SO-6925,HOLD_WEAK_EVIDENCE,False,False,True,False,,False,False,False
4320,SO-7631,HOLD_WEAK_EVIDENCE,False,False,True,False,,False,False,False
4321,SO-3138,HOLD_WEAK_EVIDENCE,False,False,True,False,,False,False,False
4322,SO-6723,HOLD_WEAK_EVIDENCE,False,False,True,False,,False,False,False
4323,SO-4315,HOLD_WEAK_EVIDENCE,False,False,True,False,,False,False,False
4324,SO-2613,HOLD_WEAK_EVIDENCE,False,False,True,False,,False,False,False
4325,SO-4991,HOLD_WEAK_EVIDENCE,False,False,True,False,,False,False,False
4326,SO-6069,HOLD_WEAK_EVIDENCE,False,False,True,False,,False,False,False
4327,SO-3629,HOLD_WEAK_EVIDENCE,False,False,True,False,,False,False,False
4328,SO-4292,HOLD_WEAK_EVIDENCE,False,False,True,False,,False,False,False
4329,SO-2215,HOLD_WEAK_EVIDENCE,False,False,True,False,,False,False,False
4330,SO-3001,HOLD_WEAK_EVIDENCE,False,False,True,False,,False,False,False
4331,SO-3942,HOLD_WEAK_EVIDENCE,False,False,True,False,,False,False,False
4332,SO-9095,HOLD_WEAK_EVIDENCE,False,False,True,False,,False,False,False
4333,SO-4215,HOLD_WEAK_EVIDENCE,False,False,True,False,,False,False,False
4334,SO-6522,HOLD_WEAK_EVIDENCE,False,False,True,False,,False,False,False
4335,SO-5163,HOLD_WEAK_EVIDENCE,False,False,True,False,,False,False,False
4336,SO-7181,HOLD_WEAK_EVIDENCE,False,False,True,False,,False,False,False
4337,SO-3699,HOLD_WEAK_EVIDENCE,False,False,True,False,,False,False,False
4338,SO-2636,HOLD_WEAK_EVIDENCE,False,False,True,False,,False,False,False
4339,SO-6722,HOLD_WEAK_EVIDENCE,False,False,True,False,,False,False,False
4340,SO-9129,HOLD_WEAK_EVIDENCE,False,False,True,False,,False,False,False
4341,SO-2387,HOLD_WEAK_EVIDENCE,False,False,True,False,,False,False,False
4342,SO-1183,HOLD_WEAK_EVIDENCE,False,False,True,False,,False,False,False
4343,SO-4833,HOLD_WEAK_EVIDENCE,False,False,True,False,,False,False,False
4344,SO-3698,HOLD_WEAK_EVIDENCE,False,False,True,False,,False,False,False
4345,SO-13558,HOLD_WEAK_EVIDENCE,False,False,True,False,,False,False,False
4346,SO-13561,HOLD_WEAK_EVIDENCE,False,False,True,False,,False,False,False
4347,SO-13562,HOLD_WEAK_EVIDENCE,False,False,True,False,,False,False,False
4348,SO-13557,HOLD_WEAK_EVIDENCE,False,False,True,False,,False,False,False
4349,SO-13559,HOLD_WEAK_EVIDENCE,False,False,True,False,,False,False,False
4350,SO-13560,HOLD_WEAK_EVIDENCE,False,False,True,False,,False,False,False
4351,SO-13563,HOLD_WEAK_EVIDENCE,False,False,True,False,,False,False,False
4352,SO-13564,HOLD_WEAK_EVIDENCE,False,False,True,False,,False,False,False
4353,SO-13545,HOLD_WEAK_EVIDENCE,False,False,True,False,,False,False,False
4354,SO-13547,HOLD_WEAK_EVIDENCE,False,False,True,False,,False,False,False
4355,SO-13544,HOLD_WEAK_EVIDENCE,False,False,True,False,,False,False,False
4356,SO-13540,HOLD_WEAK_EVIDENCE,False,False,True,False,,False,False,False
4357,SO-13553,HOLD_WEAK_EVIDENCE,False,False,True,False,,False,False,False
4358,SO-13541,HOLD_WEAK_EVIDENCE,False,False,True,False,,False,False,False
4359,SO-13546,HOLD_WEAK_EVIDENCE,False,False,True,False,,False,False,False
4360,SO-13555,HOLD_WEAK_EVIDENCE,False,False,True,False,,False,False,False
4361,SO-13548,HOLD_WEAK_EVIDENCE,False,False,True,False,,False,False,False
4362,SO-13533,HOLD_WEAK_EVIDENCE,False,False,True,False,,False,False,False
4363,SO-13550,HOLD_WEAK_EVIDENCE,False,False,True,False,,False,False,False
4364,SO-13542,HOLD_WEAK_EVIDENCE,False,False,True,False,,False,False,False
4365,SO-13543,HOLD_WEAK_EVIDENCE,False,False,True,False,,False,False,False
4366,SO-13549,HOLD_WEAK_EVIDENCE,False,False,True,False,,False,False,False
4367,SO-13551,HOLD_WEAK_EVIDENCE,False,False,True,False,,False,False,False
4368,SO-13556,HOLD_WEAK_EVIDENCE,False,False,True,False,,False,False,False
4369,SO-13552,HOLD_WEAK_EVIDENCE,False,False,True,False,,False,False,False
4370,SO-13539,HOLD_WEAK_EVIDENCE,False,False,True,False,,False,False,False
4371,SO-829,HOLD_WEAK_EVIDENCE,False,False,True,False,,False,False,False
4372,SO-13554,HOLD_WEAK_EVIDENCE,False,False,True,False,,False,False,False
4373,SO-9586,HOLD_WEAK_EVIDENCE,False,False,True,False,,False,False,False
4374,SO-8335,HOLD_WEAK_EVIDENCE,False,False,True,False,,False,False,False
4375,SO-8382,HOLD_WEAK_EVIDENCE,False,False,True,False,,False,False,False
4376,SO-14081,HOLD_WEAK_EVIDENCE,False,False,True,False,,False,False,False
4377,SO-8340,HOLD_WEAK_EVIDENCE,False,False,True,False,,False,False,False
4378,SO-14096,HOLD_WEAK_EVIDENCE,False,False,True,False,,False,False,False
4379,SO-8344,HOLD_WEAK_EVIDENCE,False,False,True,False,,False,False,False
4380,SO-13493,HOLD_WEAK_EVIDENCE,False,False,True,False,,False,False,False
4381,SO-14095,HOLD_WEAK_EVIDENCE,False,False,True,False,,False,False,False
4382,SO-13494,HOLD_WEAK_EVIDENCE,False,False,True,False,,False,False,False
4383,SO-13495,HOLD_WEAK_EVIDENCE,False,False,True,False,,False,False,False
4384,SO-13496,HOLD_WEAK_EVIDENCE,False,False,True,False,,False,False,False
4385,SO-5879,HOLD_WEAK_EVIDENCE,False,False,True,False,,False,False,False
4386,SO-4610,HOLD_WEAK_EVIDENCE,False,False,True,False,,False,False,False
4387,SO-3137,HOLD_WEAK_EVIDENCE,False,False,True,False,,False,False,False
4388,SO-1538,HOLD_WEAK_EVIDENCE,False,False,True,False,,False,False,False
4389,SO-8065,HOLD_WEAK_EVIDENCE,False,False,True,False,,False,False,False
4390,SO-3759,HOLD_WEAK_EVIDENCE,False,False,True,False,,False,False,False
4391,SO-1104,HOLD_WEAK_EVIDENCE,False,False,True,False,,False,False,False
4392,SO-7806,HOLD_WEAK_EVIDENCE,False,False,True,False,,False,False,False
4393,SO-8593,HOLD_WEAK_EVIDENCE,False,False,True,False,,False,False,False
4394,SO-4920,HOLD_WEAK_EVIDENCE,False,False,True,False,,False,False,False
4395,SO-2340,HOLD_WEAK_EVIDENCE,False,False,True,False,,False,False,False
4396,SO-13510,HOLD_WEAK_EVIDENCE,False,False,True,False,,False,False,False
4397,SO-13511,HOLD_WEAK_EVIDENCE,False,False,True,False,,False,False,False
4398,SO-13512,HOLD_WEAK_EVIDENCE,False,False,True,False,,False,False,False
4399,SO-13513,HOLD_WEAK_EVIDENCE,False,False,True,False,,False,False,False
4400,SO-13514,HOLD_WEAK_EVIDENCE,False,False,True,False,,False,False,False
4401,SO-13515,HOLD_WEAK_EVIDENCE,False,False,True,False,,False,False,False
4402,SO-13516,HOLD_WEAK_EVIDENCE,False,False,True,False,,False,False,False
4403,SO-3676,HOLD_WEAK_EVIDENCE,False,False,True,False,,False,False,False
4404,SO-14083,HOLD_WEAK_EVIDENCE,False,False,True,False,,False,False,False
4405,SO-14084,HOLD_WEAK_EVIDENCE,False,False,True,False,,False,False,False
4406,SO-14085,HOLD_WEAK_EVIDENCE,False,False,True,False,,False,False,False
4407,SO-14086,HOLD_WEAK_EVIDENCE,False,False,True,False,,False,False,False
4408,SO-14087,HOLD_WEAK_EVIDENCE,False,False,True,False,,False,False,False
4409,SO-14088,HOLD_WEAK_EVIDENCE,False,False,True,False,,False,False,False
4410,SO-14089,HOLD_WEAK_EVIDENCE,False,False,True,False,,False,False,False
4411,SO-7091,HOLD_WEAK_EVIDENCE,False,False,True,False,,False,False,False
4412,SO-1417,HOLD_WEAK_EVIDENCE,False,False,True,False,,False,False,False
4413,SO-1252,HOLD_WEAK_EVIDENCE,False,False,True,False,,False,False,False
4414,SO-7092,HOLD_WEAK_EVIDENCE,False,False,True,False,,False,False,False
4415,SO-7112,HOLD_WEAK_EVIDENCE,False,False,True,False,,False,False,False
4416,SO-4241,HOLD_WEAK_EVIDENCE,False,False,True,False,,False,False,False
4417,SO-1055,HOLD_WEAK_EVIDENCE,False,False,True,False,,False,False,False
4418,SO-7093,HOLD_WEAK_EVIDENCE,False,False,True,False,,False,False,False
4419,SO-4623,HOLD_WEAK_EVIDENCE,False,False,True,False,,False,False,False
4420,SO-1715,HOLD_WEAK_EVIDENCE,False,False,True,False,,False,False,False
4421,SO-5476,HOLD_WEAK_EVIDENCE,False,False,True,False,,False,False,False
4422,SO-13619,HOLD_WEAK_EVIDENCE,False,False,True,False,,False,False,False
4423,SO-13620,HOLD_WEAK_EVIDENCE,False,False,True,False,,False,False,False
4424,SO-13621,HOLD_WEAK_EVIDENCE,False,False,True,False,,False,False,False
4425,SO-13622,HOLD_WEAK_EVIDENCE,False,False,True,False,,False,False,False
4426,SO-13623,HOLD_WEAK_EVIDENCE,False,False,True,False,,False,False,False
4427,SO-13624,HOLD_WEAK_EVIDENCE,False,False,True,False,,False,False,False
4428,SO-13625,HOLD_WEAK_EVIDENCE,False,False,True,False,,False,False,False
4429,SO-13626,HOLD_WEAK_EVIDENCE,False,False,True,False,,False,False,False
4430,SO-13627,HOLD_WEAK_EVIDENCE,False,False,True,False,,False,False,False
4431,SO-13629,HOLD_WEAK_EVIDENCE,False,False,True,False,,False,False,False
4432,SO-13630,HOLD_WEAK_EVIDENCE,False,False,True,False,,False,False,False
4433,SO-13631,HOLD_WEAK_EVIDENCE,False,False,True,False,,False,False,False
4434,SO-14090,HOLD_WEAK_EVIDENCE,False,False,True,False,,False,False,False
4435,SO-14091,HOLD_WEAK_EVIDENCE,False,False,True,False,,False,False,False
4436,SO-14092,HOLD_WEAK_EVIDENCE,False,False,True,False,,False,False,False
4437,SO-13517,HOLD_WEAK_EVIDENCE,False,False,True,False,,False,False,False
4438,SO-13518,HOLD_WEAK_EVIDENCE,False,False,True,False,,False,False,False
4439,SO-13519,HOLD_WEAK_EVIDENCE,False,False,True,False,,False,False,False
4440,SO-13520,HOLD_WEAK_EVIDENCE,False,False,True,False,,False,False,False
4441,SO-13521,HOLD_WEAK_EVIDENCE,False,False,True,False,,False,False,False
4442,SO-13522,HOLD_WEAK_EVIDENCE,False,False,True,False,,False,False,False
4443,SO-13574,HOLD_WEAK_EVIDENCE,False,False,True,False,,False,False,False
4444,SO-13575,HOLD_WEAK_EVIDENCE,False,False,True,False,,False,False,False
4445,SO-13576,HOLD_WEAK_EVIDENCE,False,False,True,False,,False,False,False
4446,SO-13577,HOLD_WEAK_EVIDENCE,False,False,True,False,,False,False,False
4447,SO-675,HOLD_WEAK_EVIDENCE,False,False,True,False,,False,False,False
4448,SO-704,HOLD_WEAK_EVIDENCE,False,False,True,False,,False,False,False
4449,SO-713,HOLD_WEAK_EVIDENCE,False,False,True,False,,False,False,False
4450,SO-715,HOLD_WEAK_EVIDENCE,False,False,True,False,,False,False,False
4451,SO-723,HOLD_WEAK_EVIDENCE,False,False,True,False,,False,False,False
4452,SO-796,HOLD_WEAK_EVIDENCE,False,False,True,False,,False,False,False
4453,SO-1049,HOLD_WEAK_EVIDENCE,False,False,True,False,,False,False,False
4454,SO-10501,HOLD_WEAK_EVIDENCE,False,False,True,False,,False,False,False
4455,SO-10502,HOLD_WEAK_EVIDENCE,False,False,True,False,,False,False,False
4456,SO-13632,HOLD_WEAK_EVIDENCE,False,False,True,False,,False,False,False
4457,SO-13633,HOLD_WEAK_EVIDENCE,False,False,True,False,,False,False,False
4458,SO-13634,HOLD_WEAK_EVIDENCE,False,False,True,False,,False,False,False
4459,SO-13635,HOLD_WEAK_EVIDENCE,False,False,True,False,,False,False,False
4460,SO-13636,HOLD_WEAK_EVIDENCE,False,False,True,False,,False,False,False
4461,SO-255,HOLD_WEAK_EVIDENCE,False,False,True,False,,False,False,False
4462,SO-257,HOLD_WEAK_EVIDENCE,False,False,True,False,,False,False,False
4463,SO-258,HOLD_WEAK_EVIDENCE,False,False,True,False,,False,False,False
4464,SO-261,HOLD_WEAK_EVIDENCE,False,False,True,False,,False,False,False
4465,SO-273,HOLD_WEAK_EVIDENCE,False,False,True,False,,False,False,False
4466,CB210-150,BACKFILL_EXACT,True,False,True,False,,False,True,False
4467,CB210-200,BACKFILL_EXACT,True,False,True,False,,False,True,False
4468,CB210-300,BACKFILL_EXACT,True,False,True,False,,False,True,False
4469,CD185-150,BACKFILL_EXACT,True,False,True,False,,False,True,False
4470,CD185-200,BACKFILL_EXACT,True,False,True,False,,False,True,False
4471,CD185-300,BACKFILL_EXACT,True,False,True,False,,False,True,False
4472,CDA100-150,BACKFILL_EXACT,True,False,True,False,,False,True,False
4473,CDA100-200,BACKFILL_EXACT,True,False,True,False,,False,True,False
4474,CDA100-300,BACKFILL_EXACT,True,False,True,False,,False,True,False
4475,YDA100E-150,BACKFILL_EXACT,True,False,True,False,,False,True,False
4476,YDA100E-200,BACKFILL_EXACT,True,False,True,False,,False,True,False
4477,YDA100E-300,BACKFILL_EXACT,True,False,True,False,,False,True,False
4478,YDA100F-150,BACKFILL_EXACT,True,False,True,False,,False,True,False
4479,YDA100F-200,BACKFILL_EXACT,True,False,True,False,,False,True,False
4480,YDA100F-300,HOLD_WEAK_EVIDENCE,False,False,True,False,,False,False,False
4481,CDE932-1000-J20,HOLD_WEAK_EVIDENCE,False,False,True,False,,False,False,False
4482,CDE932-1000-J30,HOLD_WEAK_EVIDENCE,False,False,True,False,,False,False,False
4483,CDE210-150,BACKFILL_EXACT,True,False,True,False,,False,True,False
4484,CDE210-200,BACKFILL_EXACT,True,False,True,False,,False,True,False
4485,CDE210-300,BACKFILL_EXACT,True,False,True,False,,False,True,False
4486,SDA100C-150,BACKFILL_EXACT,True,False,True,False,,False,True,False
4487,SDA100C-200,BACKFILL_EXACT,True,False,True,False,,False,True,False
4488,SDA100C-300,BACKFILL_EXACT,True,False,True,False,,False,True,False
4489,SDA100-150,BACKFILL_EXACT,True,False,True,False,,False,True,False
4490,SDA100-200,BACKFILL_EXACT,True,False,True,False,,False,True,False
4491,SDA100-300,HOLD_WEAK_EVIDENCE,False,False,True,False,,False,False,False
4492,YDA100A-150,BACKFILL_EXACT,True,False,True,False,,False,True,False
4493,YDA100A-200,BACKFILL_EXACT,True,False,True,False,,False,True,False
4494,YDA100A-300,BACKFILL_EXACT,True,False,True,False,,False,True,False
4495,YDA100C-150,BACKFILL_EXACT,True,False,True,False,,False,True,False
4496,YDA100C-200,BACKFILL_EXACT,True,False,True,False,,False,True,False
4497,YDA100C-300,BACKFILL_EXACT,True,False,True,False,,False,True,False
4498,CD950-300-JAW90,HOLD_WEAK_EVIDENCE,False,False,True,False,,False,False,False
4499,CD950A-300,BACKFILL_EXACT,True,False,True,False,,False,True,False
4500,CD960-500-JAW100,HOLD_WEAK_EVIDENCE,False,False,True,False,,False,False,False
4501,CD960-500-JAW150,HOLD_WEAK_EVIDENCE,False,False,True,False,,False,False,False
4502,CD960-600-JAW100,HOLD_WEAK_EVIDENCE,False,False,True,False,,False,False,False
4503,CD960-600-JAW150,HOLD_WEAK_EVIDENCE,False,False,True,False,,False,False,False
4504,CD960A-500,BACKFILL_EXACT,True,False,True,False,,False,True,False
4505,CDE930-1000,BACKFILL_EXACT,True,False,True,False,,False,True,False
4506,CA210-150,BACKFILL_EXACT,True,False,True,False,,False,True,False
4507,CA210-200,BACKFILL_EXACT,True,False,True,False,,False,True,False
4508,CA210-300,BACKFILL_EXACT,True,False,True,False,,False,True,False
4509,CA920-500,BACKFILL_EXACT,True,False,True,False,,False,True,False
4510,CA920-600,BACKFILL_EXACT,True,False,True,False,,False,True,False
4511,IDE111N-100,BACKFILL_EXACT,True,False,True,False,,False,True,False
4512,IDE111M-12,BACKFILL_EXACT,True,False,True,False,,False,True,False
4513,IDE111N-12,BACKFILL_EXACT,True,False,True,False,,False,True,False
4514,IDE110M-12,BACKFILL_EXACT,True,False,True,False,,False,True,False
4515,IDE110N-12,BACKFILL_EXACT,True,False,True,False,,False,True,False
4516,IDA910-10,BACKFILL_EXACT,True,False,True,False,,False,True,False
4517,IDA910N-10,BACKFILL_EXACT,True,False,True,False,,False,True,False
4518,IDA920N,BACKFILL_EXACT,True,False,True,False,,False,True,False
4519,BM,HOLD_WEAK_EVIDENCE,False,False,True,False,,False,False,False
4520,BN,HOLD_WEAK_EVIDENCE,False,False,True,False,,False,False,False
4521,IDE111M-25,BACKFILL_EXACT,True,False,True,False,,False,True,False
4522,IDE111M-50,BACKFILL_EXACT,True,False,True,False,,False,True,False
4523,IDE111M-100,BACKFILL_EXACT,True,False,True,False,,False,True,False
4524,IDE111N-25,BACKFILL_EXACT,True,False,True,False,,False,True,False
4525,IDE111N-50,BACKFILL_EXACT,True,False,True,False,,False,True,False
4526,IDA910N-25,BACKFILL_EXACT,True,False,True,False,,False,True,False
4527,IDA910N-50,BACKFILL_EXACT,True,False,True,False,,False,True,False
4528,TB210,BACKFILL_EXACT,True,False,True,False,,False,True,False
4529,IB210N,BACKFILL_EXACT,True,False,True,False,,False,True,False
4530,IB210M,BACKFILL_EXACT,True,False,True,False,,False,True,False
4531,IB220N,BACKFILL_EXACT,True,False,True,False,,False,True,False
4532,BGA910M-18-35,HOLD_WEAK_EVIDENCE,False,False,True,False,,False,False,False
4533,BGA910M-35-50,HOLD_WEAK_EVIDENCE,False,False,True,False,,False,False,False
4534,BGA910M-50-160,HOLD_WEAK_EVIDENCE,False,False,True,False,,False,False,False
4535,BGA910M-160-250,HOLD_WEAK_EVIDENCE,False,False,True,False,,False,False,False
4536,BGA910M-250-400,HOLD_WEAK_EVIDENCE,False,False,True,False,,False,False,False
4537,BGA910N-18-35,HOLD_WEAK_EVIDENCE,False,False,True,False,,False,False,False
4538,BGA910N-35-50,HOLD_WEAK_EVIDENCE,False,False,True,False,,False,False,False
4539,BGA910N-50-160,HOLD_WEAK_EVIDENCE,False,False,True,False,,False,False,False
4540,BGA910N-160-250,HOLD_WEAK_EVIDENCE,False,False,True,False,,False,False,False
4541,BGA910N-250-400,HOLD_WEAK_EVIDENCE,False,False,True,False,,False,False,False
4542,IB210N-18-35,HOLD_WEAK_EVIDENCE,False,False,True,False,,False,False,False
4543,IB210N-35-50,HOLD_WEAK_EVIDENCE,False,False,True,False,,False,False,False
4544,IB210N-50-160,HOLD_WEAK_EVIDENCE,False,False,True,False,,False,False,False
4545,IB210N-160-250,HOLD_WEAK_EVIDENCE,False,False,True,False,,False,False,False
4546,IB210N-250-400,HOLD_WEAK_EVIDENCE,False,False,True,False,,False,False,False
4547,IB210M-18-35,HOLD_WEAK_EVIDENCE,False,False,True,False,,False,False,False
4548,IB210M-35-50,HOLD_WEAK_EVIDENCE,False,False,True,False,,False,False,False
4549,IB210M-50-160,HOLD_WEAK_EVIDENCE,False,False,True,False,,False,False,False
4550,IB210M-160-250,HOLD_WEAK_EVIDENCE,False,False,True,False,,False,False,False
4551,IB210M-250-400,HOLD_WEAK_EVIDENCE,False,False,True,False,,False,False,False
4552,CD520D,BACKFILL_EXACT,True,False,True,False,,False,True,False
4553,CD580D,BACKFILL_EXACT,True,False,True,False,,False,True,False
4554,DG950,BACKFILL_EXACT,True,False,True,False,,False,True,False
4555,DG950B,BACKFILL_EXACT,True,False,True,False,,False,True,False
4556,HD220-300,BACKFILL_EXACT,True,False,True,False,,False,True,False
4557,HD220-600,BACKFILL_EXACT,True,False,True,False,,False,True,False
4558,HDE650-300,BACKFILL_EXACT,True,False,True,False,,False,True,False
4559,HDE650-600,BACKFILL_EXACT,True,False,True,False,,False,True,False
4560,HDA620-300,BACKFILL_EXACT,True,False,True,False,,False,True,False
4561,MD310-25,BACKFILL_EXACT,True,False,True,False,,False,True,False
4562,MD310-50,BACKFILL_EXACT,True,False,True,False,,False,True,False
4563,MD310-75,BACKFILL_EXACT,True,False,True,False,,False,True,False
4564,MD310-100,BACKFILL_EXACT,True,False,True,False,,False,True,False
4565,MD730-25,BACKFILL_EXACT,True,False,True,False,,False,True,False
4566,MD730-50,BACKFILL_EXACT,True,False,True,False,,False,True,False
4567,MD730-75,BACKFILL_EXACT,True,False,True,False,,False,True,False
4568,MD730-100,BACKFILL_EXACT,True,False,True,False,,False,True,False
4569,MD730-125,BACKFILL_EXACT,True,False,True,False,,False,True,False
4570,MDD730-150,BACKFILL_EXACT,True,False,True,False,,False,True,False
4571,MD730ALL-25,HOLD_WEAK_EVIDENCE,False,False,True,False,,False,False,False
4572,MD730B-25,BACKFILL_EXACT,True,False,True,False,,False,True,False
4573,MD730C-25,BACKFILL_EXACT,True,False,True,False,,False,True,False
4574,MD730D-25,BACKFILL_EXACT,True,False,True,False,,False,True,False
4575,MD730F-25,BACKFILL_EXACT,True,False,True,False,,False,True,False
4576,MD730G-25,BACKFILL_EXACT,True,False,True,False,,False,True,False
4577,MD710DD-150,BACKFILL_EXACT,True,False,True,False,,False,True,False
4578,MA210-25,BACKFILL_EXACT,True,False,True,False,,False,True,False
4579,MA210-50,BACKFILL_EXACT,True,False,True,False,,False,True,False
4580,MA210-75,BACKFILL_EXACT,True,False,True,False,,False,True,False
4581,MA210-100,BACKFILL_EXACT,True,False,True,False,,False,True,False
4582,MA210-125,BACKFILL_EXACT,True,False,True,False,,False,True,False
4583,MA210-150,BACKFILL_EXACT,True,False,True,False,,False,True,False
4584,MA220-25,BACKFILL_EXACT,True,False,True,False,,False,True,False
4585,MA220-50,BACKFILL_EXACT,True,False,True,False,,False,True,False
4586,MA220-75,BACKFILL_EXACT,True,False,True,False,,False,True,False
4587,MA220-100,BACKFILL_EXACT,True,False,True,False,,False,True,False
4588,MA220-125,BACKFILL_EXACT,True,False,True,False,,False,True,False
4589,MA220-150,BACKFILL_EXACT,True,False,True,False,,False,True,False
4590,MA220-175,BACKFILL_EXACT,True,False,True,False,,False,True,False
4591,MA220-200,BACKFILL_EXACT,True,False,True,False,,False,True,False
4592,MA220-225,BACKFILL_EXACT,True,False,True,False,,False,True,False
4593,MA220-250,BACKFILL_EXACT,True,False,True,False,,False,True,False
4594,MA220-275,BACKFILL_EXACT,True,False,True,False,,False,True,False
4595,MA220-300,BACKFILL_EXACT,True,False,True,False,,False,True,False
4596,MA210B-25,BACKFILL_EXACT,True,False,True,False,,False,True,False
4597,MA210C-25,BACKFILL_EXACT,True,False,True,False,,False,True,False
4598,MA210D-25,BACKFILL_EXACT,True,False,True,False,,False,True,False
4599,MA210E-25,BACKFILL_EXACT,True,False,True,False,,False,True,False
4600,MA210F-25,BACKFILL_EXACT,True,False,True,False,,False,True,False
4601,MA230,BACKFILL_EXACT,True,False,True,False,,False,True,False
4602,MA250H-6,BACKFILL_EXACT,True,False,True,False,,False,True,False
4603,MA250H-8,BACKFILL_EXACT,True,False,True,False,,False,True,False
4604,MA250H-10,BACKFILL_EXACT,True,False,True,False,,False,True,False
4605,MA250H-12,BACKFILL_EXACT,True,False,True,False,,False,True,False
4606,MA250H-16,BACKFILL_EXACT,True,False,True,False,,False,True,False
4607,MA250H-20,BACKFILL_EXACT,True,False,True,False,,False,True,False
4608,MA250H-25,BACKFILL_EXACT,True,False,True,False,,False,True,False
4609,MA250H-30,BACKFILL_EXACT,True,False,True,False,,False,True,False
4610,MA250H-40,BACKFILL_EXACT,True,False,True,False,,False,True,False
4611,MA250H-50,BACKFILL_EXACT,True,False,True,False,,False,True,False
4612,MA250H-62,BACKFILL_EXACT,True,False,True,False,,False,True,False
4613,MA250H-75,BACKFILL_EXACT,True,False,True,False,,False,True,False
4614,MA250H-87,BACKFILL_EXACT,True,False,True,False,,False,True,False
4615,MA250H-100,BACKFILL_EXACT,True,False,True,False,,False,True,False
4616,MA250H-125,BACKFILL_EXACT,True,False,True,False,,False,True,False
4617,MA250H-150,BACKFILL_EXACT,True,False,True,False,,False,True,False
4618,MA250H-175,BACKFILL_EXACT,True,False,True,False,,False,True,False
4619,MA250H-200,BACKFILL_EXACT,True,False,True,False,,False,True,False
4620,MA250H-225,BACKFILL_EXACT,True,False,True,False,,False,True,False
4621,MA250H-250,BACKFILL_EXACT,True,False,True,False,,False,True,False
4622,MA250H-275,BACKFILL_EXACT,True,False,True,False,,False,True,False
4623,MA250H-300,BACKFILL_EXACT,True,False,True,False,,False,True,False
4624,MA250H-325,BACKFILL_EXACT,True,False,True,False,,False,True,False
4625,MD710-25,BACKFILL_EXACT,True,False,True,False,,False,True,False
4626,MD710-50,BACKFILL_EXACT,True,False,True,False,,False,True,False
4627,MD710-75,BACKFILL_EXACT,True,False,True,False,,False,True,False
4628,MD710-100,BACKFILL_EXACT,True,False,True,False,,False,True,False
4629,MDA910-25,BACKFILL_EXACT,True,False,True,False,,False,True,False
4630,MDA910-100,BACKFILL_EXACT,True,False,True,False,,False,True,False
4631,MD320H-25,BACKFILL_EXACT,True,False,True,False,,False,True,False
4632,MD320H-50,BACKFILL_EXACT,True,False,True,False,,False,True,False
4633,MA310,BACKFILL_EXACT,True,False,True,False,,False,True,False
4634,ZDA210-300,BACKFILL_EXACT,True,False,True,False,,False,True,False
4635,ZDA210-500,BACKFILL_EXACT,True,False,True,False,,False,True,False
4636,ZDA210-1000,BACKFILL_EXACT,True,False,True,False,,False,True,False
4637,TDE130A-30,BACKFILL_EXACT,True,False,True,False,,False,True,False
4638,TDE130A-50,BACKFILL_EXACT,True,False,True,False,,False,True,False
4639,TDE130A-100,BACKFILL_EXACT,True,False,True,False,,False,True,False
4640,TDE130B-15,BACKFILL_EXACT,True,False,True,False,,False,True,False
4641,TDE130B-30,BACKFILL_EXACT,True,False,True,False,,False,True,False
4642,TDE130B-50,BACKFILL_EXACT,True,False,True,False,,False,True,False
4643,TDE130B-100,BACKFILL_EXACT,True,False,True,False,,False,True,False
4644,TDE130B-150,BACKFILL_EXACT,True,False,True,False,,False,True,False
4645,TDE130B-200,BACKFILL_EXACT,True,False,True,False,,False,True,False
4646,TDE111A-40,BACKFILL_EXACT,True,False,True,False,,False,True,False
4647,TDE111A-60,BACKFILL_EXACT,True,False,True,False,,False,True,False
4648,TDE111A-80,BACKFILL_EXACT,True,False,True,False,,False,True,False
4649,TDE111A-100,BACKFILL_EXACT,True,False,True,False,,False,True,False
4650,TDE111B-35,BACKFILL_EXACT,True,False,True,False,,False,True,False
4651,TDE111B-55,HOLD_WEAK_EVIDENCE,False,False,True,False,,False,False,False
4652,TDE111B-75,BACKFILL_EXACT,True,False,True,False,,False,True,False
4653,TDE111B-95,BACKFILL_EXACT,True,False,True,False,,False,True,False
4654,TDE111B-115,BACKFILL_EXACT,True,False,True,False,,False,True,False
4655,TDE111B-135,BACKFILL_EXACT,True,False,True,False,,False,True,False
4656,TD230A,BACKFILL_EXACT,True,False,True,False,,False,True,False
4657,TD230B,BACKFILL_EXACT,True,False,True,False,,False,True,False
4658,TD230C,BACKFILL_EXACT,True,False,True,False,,False,True,False
4659,TD230D,BACKFILL_EXACT,True,False,True,False,,False,True,False
4660,TDE230E-6,BACKFILL_EXACT,True,False,True,False,,False,True,False
4661,TDE230E-8,BACKFILL_EXACT,True,False,True,False,,False,True,False
4662,TDE230F-6,BACKFILL_EXACT,True,False,True,False,,False,True,False
4663,TDE230F-8,BACKFILL_EXACT,True,False,True,False,,False,True,False
4664,SN730-25,BACKFILL_EXACT,True,False,True,False,,False,True,False
4665,TD270-25,BACKFILL_EXACT,True,False,True,False,,False,True,False
4666,LD250,BACKFILL_EXACT,True,False,True,False,,False,True,False
4667,LD280,BACKFILL_EXACT,True,False,True,False,,False,True,False
4668,LD290,BACKFILL_EXACT,True,False,True,False,,False,True,False
4669,LD260-6,BACKFILL_EXACT,True,False,True,False,,False,True,False
4670,LD260-9,BACKFILL_EXACT,True,False,True,False,,False,True,False
4671,LD260-24,BACKFILL_EXACT,True,False,True,False,,False,True,False
4672,PD290-100,BACKFILL_EXACT,True,False,True,False,,False,True,False
4673,PD290-200,BACKFILL_EXACT,True,False,True,False,,False,True,False
4674,PD290-300,BACKFILL_EXACT,True,False,True,False,,False,True,False
4675,PD270D-150,BACKFILL_EXACT,True,False,True,False,,False,True,False
4676,PD270D-200,BACKFILL_EXACT,True,False,True,False,,False,True,False
4677,PD270D-300,BACKFILL_EXACT,True,False,True,False,,False,True,False
4678,PD270D-600,BACKFILL_EXACT,True,False,True,False,,False,True,False
4679,PD211,BACKFILL_EXACT,True,False,True,False,,False,True,False
4680,TG710M-25,BACKFILL_EXACT,True,False,True,False,,False,True,False
4681,TGE280,BACKFILL_EXACT,True,False,True,False,,False,True,False
4682,DS220A,BACKFILL_EXACT,True,False,True,False,,False,True,False
4683,DS220D,BACKFILL_EXACT,True,False,True,False,,False,True,False
4684,RDE111-3000,BACKFILL_EXACT,True,False,True,False,,False,True,False
4685,SD710,BACKFILL_EXACT,True,False,True,False,,False,True,False
4686,MD710H,BACKFILL_EXACT,True,False,True,False,,False,True,False
4687,IDE120,BACKFILL_EXACT,True,False,True,False,,False,True,False
4688,IB210N-20,BACKFILL_EXACT,True,False,True,False,,False,True,False
4689,IB210N-25,BACKFILL_EXACT,True,False,True,False,,False,True,False
4690,IB210N-30,BACKFILL_EXACT,True,False,True,False,,False,True,False
4691,IB210N-50,BACKFILL_EXACT,True,False,True,False,,False,True,False
4692,IB210N-100,BACKFILL_EXACT,True,False,True,False,,False,True,False
4693,WTD100C-150,BACKFILL_EXACT,True,False,True,False,,False,True,False
4694,WTD100C-200,BACKFILL_EXACT,True,False,True,False,,False,True,False
4695,WTD100C-300,BACKFILL_EXACT,True,False,True,False,,False,True,False
4696,WTD100C-600,BACKFILL_EXACT,True,False,True,False,,False,True,False
4697,WTD100A-150,BACKFILL_EXACT,True,False,True,False,,False,True,False
4698,WTD100A-200,BACKFILL_EXACT,True,False,True,False,,False,True,False
4699,WTD100A-300,BACKFILL_EXACT,True,False,True,False,,False,True,False
4700,WTD100A-600,BACKFILL_EXACT,True,False,True,False,,False,True,False
4701,WTD100B-200,BACKFILL_EXACT,True,False,True,False,,False,True,False
4702,WTD100B-300,BACKFILL_EXACT,True,False,True,False,,False,True,False
4703,WTP100,BACKFILL_EXACT,True,False,True,False,,False,True,False
4704,WGB100-18,BACKFILL_EXACT,True,False,True,False,,False,True,False
4705,WGB100-47,BACKFILL_EXACT,True,False,True,False,,False,True,False
4706,WGB100-67,BACKFILL_EXACT,True,False,True,False,,False,True,False
4707,WGB100-81,BACKFILL_EXACT,True,False,True,False,,False,True,False
4708,WGB100-87,BACKFILL_EXACT,True,False,True,False,,False,True,False
4709,WGB100-103,BACKFILL_EXACT,True,False,True,False,,False,True,False
4710,WGB100-112,BACKFILL_EXACT,True,False,True,False,,False,True,False
4711,WGB100-122,BACKFILL_EXACT,True,False,True,False,,False,True,False
4712,WSI100,BACKFILL_EXACT,True,False,True,False,,False,True,False
4713,WWG110,BACKFILL_EXACT,True,False,True,False,,False,True,False
4714,FDT250,BACKFILL_EXACT,True,False,True,False,,False,True,False
4715,WMS100,BACKFILL_EXACT,True,False,True,False,,False,True,False
4716,WPD110,BACKFILL_EXACT,True,False,True,False,,False,True,False
4717,WFG-0.01,HOLD_WEAK_EVIDENCE,False,False,True,False,,False,False,False
4718,WFG-0.02,HOLD_WEAK_EVIDENCE,False,False,True,False,,False,False,False
4719,WFG-0.03,HOLD_WEAK_EVIDENCE,False,False,True,False,,False,False,False
4720,WFG-0.04,HOLD_WEAK_EVIDENCE,False,False,True,False,,False,False,False
4721,WFG-0.05,HOLD_WEAK_EVIDENCE,False,False,True,False,,False,False,False
4722,WFG-0.06,HOLD_WEAK_EVIDENCE,False,False,True,False,,False,False,False
4723,WFG-0.07,HOLD_WEAK_EVIDENCE,False,False,True,False,,False,False,False
4724,WFG-0.08,HOLD_WEAK_EVIDENCE,False,False,True,False,,False,False,False
4725,WFG-0.09,HOLD_WEAK_EVIDENCE,False,False,True,False,,False,False,False
4726,WFG-0.10,HOLD_WEAK_EVIDENCE,False,False,True,False,,False,False,False
4727,WFG-0.12,HOLD_WEAK_EVIDENCE,False,False,True,False,,False,False,False
4728,WFG-0.15,HOLD_WEAK_EVIDENCE,False,False,True,False,,False,False,False
4729,WFG-0.18,HOLD_WEAK_EVIDENCE,False,False,True,False,,False,False,False
4730,WFG-0.20,HOLD_WEAK_EVIDENCE,False,False,True,False,,False,False,False
4731,WFG-0.25,HOLD_WEAK_EVIDENCE,False,False,True,False,,False,False,False
4732,WFG-0.30,HOLD_WEAK_EVIDENCE,False,False,True,False,,False,False,False
4733,WFG-0.35,HOLD_WEAK_EVIDENCE,False,False,True,False,,False,False,False
4734,WFG-0.45,HOLD_WEAK_EVIDENCE,False,False,True,False,,False,False,False
4735,WFG-0.50,HOLD_WEAK_EVIDENCE,False,False,True,False,,False,False,False
4736,WFG-0.55,HOLD_WEAK_EVIDENCE,False,False,True,False,,False,False,False
4737,WFG-0.60,HOLD_WEAK_EVIDENCE,False,False,True,False,,False,False,False
4738,WFG-0.70,HOLD_WEAK_EVIDENCE,False,False,True,False,,False,False,False
4739,WFG-0.80,HOLD_WEAK_EVIDENCE,False,False,True,False,,False,False,False
4740,WFG-0.90,HOLD_WEAK_EVIDENCE,False,False,True,False,,False,False,False
4741,WFG-1.00,HOLD_WEAK_EVIDENCE,False,False,True,False,,False,False,False
4742,WST-700,BACKFILL_EXACT,True,False,True,False,,False,True,False
4743,WST-1100,BACKFILL_EXACT,True,False,True,False,,False,True,False
4744,WST-1500,BACKFILL_EXACT,True,False,True,False,,False,True,False
4745,WST-1900,BACKFILL_EXACT,True,False,True,False,,False,True,False
4746,WST-2300,BACKFILL_EXACT,True,False,True,False,,False,True,False
4747,WST-2700,BACKFILL_EXACT,True,False,True,False,,False,True,False
4748,WST-3100,BACKFILL_EXACT,True,False,True,False,,False,True,False
4749,WST-3500,BACKFILL_EXACT,True,False,True,False,,False,True,False
4750,WBF100,BACKFILL_EXACT,True,False,True,False,,False,True,False
4751,WBF110-10-0.5-1.0,HOLD_WEAK_EVIDENCE,False,False,True,False,,False,False,False
4752,WBF110-10-0.3-1.0,HOLD_WEAK_EVIDENCE,False,False,True,False,,False,False,False
4753,WBF110-15-0.5-1.0,HOLD_WEAK_EVIDENCE,False,False,True,False,,False,False,False
4754,WBF110-20-0.5-1.0,HOLD_WEAK_EVIDENCE,False,False,True,False,,False,False,False
4755,WBF110-30-0.5-1.0,HOLD_WEAK_EVIDENCE,False,False,True,False,,False,False,False
4756,WRG-7,HOLD_WEAK_EVIDENCE,False,False,True,False,,False,False,False
4757,WRG-15,HOLD_WEAK_EVIDENCE,False,False,True,False,,False,False,False
4758,WRG-25,HOLD_WEAK_EVIDENCE,False,False,True,False,,False,False,False
4759,WTG,HOLD_WEAK_EVIDENCE,False,False,True,False,,False,False,False
4760,WT100,BACKFILL_EXACT,True,False,True,False,,False,True,False
4761,WWG100,BACKFILL_EXACT,True,False,True,False,,False,True,False
4762,WPD120,BACKFILL_EXACT,True,False,True,False,,False,True,False
4763,WPD100,BACKFILL_EXACT,True,False,True,False,,False,True,False
4764,WMT100,BACKFILL_EXACT,True,False,True,False,,False,True,False
4765,WLD100-150,BACKFILL_EXACT,True,False,True,False,,False,True,False
4766,WLD100-200,BACKFILL_EXACT,True,False,True,False,,False,True,False
4767,WLD100-300,BACKFILL_EXACT,True,False,True,False,,False,True,False
4768,WLD110-150,BACKFILL_EXACT,True,False,True,False,,False,True,False
4769,WLD110-200,BACKFILL_EXACT,True,False,True,False,,False,True,False
4770,WLD110-300,BACKFILL_EXACT,True,False,True,False,,False,True,False
4771,WCG100-150,BACKFILL_EXACT,True,False,True,False,,False,True,False
4772,WCG100-200,BACKFILL_EXACT,True,False,True,False,,False,True,False
4773,WCG100-300,BACKFILL_EXACT,True,False,True,False,,False,True,False
4774,WDS-A,HOLD_WEAK_EVIDENCE,False,False,True,False,,False,False,False
4775,WDS-C,HOLD_WEAK_EVIDENCE,False,False,True,False,,False,False,False
4776,WDS-D,HOLD_WEAK_EVIDENCE,False,False,True,False,,False,False,False
4777,WDS110,BACKFILL_EXACT,True,False,True,False,,False,True,False
4778,YW-XOMX060208R-M5020,HOLD_IDENTITY_CONFLICT,False,False,True,False,,False,False,False
4779,YW-XOMX120408R-5020,HOLD_IDENTITY_CONFLICT,False,False,True,False,,False,False,False
4780,YW-LNMU0303ZER-MJ-M520,HOLD_IDENTITY_CONFLICT,False,False,True,False,,False,False,False
4781,YW-LNMU0303ZER-MJ-M5020,HOLD_IDENTITY_CONFLICT,False,False,True,False,,False,False,False
4782,YW-BLMP0603R-M-M5020,HOLD_IDENTITY_CONFLICT,False,False,True,False,,False,False,False
4783,YW-JDMT070204R-M5020,HOLD_IDENTITY_CONFLICT,False,False,True,False,,False,False,False
4784,YW-JDMT070208R-M5020,HOLD_IDENTITY_CONFLICT,False,False,True,False,,False,False,False
4785,YW-JDMT100308R-M5020,HOLD_IDENTITY_CONFLICT,False,False,True,False,,False,False,False
4786,YW-APKT1003-PDTR-M5020,HOLD_IDENTITY_CONFLICT,False,False,True,False,,False,False,False
4787,YW-APKT160408-HM-M5020,HOLD_IDENTITY_CONFLICT,False,False,True,False,,False,False,False
4788,YW-APKT160408-HM-K3020,HOLD_IDENTITY_CONFLICT,False,False,True,False,,False,False,False
4789,YW-APKT1003-PDFR-AL-H1020,HOLD_IDENTITY_CONFLICT,False,False,True,False,,False,False,False
4790,YW-APKT1604-PDFR-MA-H1020,HOLD_IDENTITY_CONFLICT,False,False,True,False,,False,False,False
4791,YW-APKT1604PDFE-AL-H1020,HOLD_IDENTITY_CONFLICT,False,False,True,False,,False,False,False
4792,YW-APMT1135PDER-M2-M5020,HOLD_IDENTITY_CONFLICT,False,False,True,False,,False,False,False
4793,YW-APMT1604PDER-M2-M5020,HOLD_IDENTITY_CONFLICT,False,False,True,False,,False,False,False
4794,YW-APMT160420PDER-GW-M5020,HOLD_IDENTITY_CONFLICT,False,False,True,False,,False,False,False
4795,YW-RCMT0602-MO-M5020,HOLD_IDENTITY_CONFLICT,False,False,True,False,,False,False,False
4796,YW-RCMT10T3-MO-P8220,HOLD_IDENTITY_CONFLICT,False,False,True,False,,False,False,False
4797,YW-RCMT1204-MO-P8220,HOLD_IDENTITY_CONFLICT,False,False,True,False,,False,False,False
4798,YW-RPMT08T2MOE-JS-M5020,HOLD_IDENTITY_CONFLICT,False,False,True,False,,False,False,False
4799,YW-RPMT10T3MOE-JS-M5020,HOLD_IDENTITY_CONFLICT,False,False,True,False,,False,False,False
4800,YW-RPMT1204MOE-JS-M5020,HOLD_IDENTITY_CONFLICT,False,False,True,False,,False,False,False
4801,YW-RCGT10T3-MO-AL-H1020,HOLD_IDENTITY_CONFLICT,False,False,True,False,,False,False,False
4802,YW-RCGT1204-MO-AL-H1020,HOLD_IDENTITY_CONFLICT,False,False,True,False,,False,False,False
4803,YW-RDMW10T3MO-TT-M5020,HOLD_IDENTITY_CONFLICT,False,False,True,False,,False,False,False
4804,YW-RDMT1204MO-MQ-M5020,HOLD_IDENTITY_CONFLICT,False,False,True,False,,False,False,False
4805,YW-DCMT070202-MV-M5020,HOLD_IDENTITY_CONFLICT,False,False,True,False,,False,False,False
4806,YW-DCMT070204-MV-M5020,HOLD_IDENTITY_CONFLICT,False,False,True,False,,False,False,False
4807,YW-DCMT070208-MV-M5020,HOLD_IDENTITY_CONFLICT,False,False,True,False,,False,False,False
4808,YW-DCMT070204-K-K3020,HOLD_IDENTITY_CONFLICT,False,False,True,False,,False,False,False
4809,YW-DCMT070208-K-K3020,HOLD_IDENTITY_CONFLICT,False,False,True,False,,False,False,False
4810,YW-DCGT070202-AL-H1020,HOLD_IDENTITY_CONFLICT,False,False,True,False,,False,False,False
4811,YW-DCGT070204-AL-H1020,HOLD_IDENTITY_CONFLICT,False,False,True,False,,False,False,False
4812,YW-DCGT070208-AL-H1020,HOLD_IDENTITY_CONFLICT,False,False,True,False,,False,False,False
4813,YW-DCMT11T302-MV-M5020,HOLD_IDENTITY_CONFLICT,False,False,True,False,,False,False,False
4814,YW-DCMT11T304-M-M5020,HOLD_IDENTITY_CONFLICT,False,False,True,False,,False,False,False
4815,YW-DCMT11T308-M-M5020,HOLD_IDENTITY_CONFLICT,False,False,True,False,,False,False,False
4816,YW-DCMT11T304-K-K3020,HOLD_IDENTITY_CONFLICT,False,False,True,False,,False,False,False
4817,YW-DCMT11T308-K-K3020,HOLD_IDENTITY_CONFLICT,False,False,True,False,,False,False,False
4818,YW-DCGT11T302-K10-H1020,HOLD_IDENTITY_CONFLICT,False,False,True,False,,False,False,False
4819,YW-DCGT11T304-K10-H1020,HOLD_IDENTITY_CONFLICT,False,False,True,False,,False,False,False
4820,YW-DCGT11T308-K10-H1020,HOLD_IDENTITY_CONFLICT,False,False,True,False,,False,False,False
4821,YW-CCMT060202-GM-M5020,HOLD_IDENTITY_CONFLICT,False,False,True,False,,False,False,False
4822,YW-CCMT060204-M-M5020,HOLD_IDENTITY_CONFLICT,False,False,True,False,,False,False,False
4823,YW-CCMT060208-M-M5020,HOLD_IDENTITY_CONFLICT,False,False,True,False,,False,False,False
4824,YW-CCMT060204-K-K3020,HOLD_IDENTITY_CONFLICT,False,False,True,False,,False,False,False
4825,YW-CCMT060208-K-K3020,HOLD_IDENTITY_CONFLICT,False,False,True,False,,False,False,False
4826,YW-CCGT030104-L-F-M5020,HOLD_IDENTITY_CONFLICT,False,False,True,False,,False,False,False
4827,YW-CCGT040104-L-F-M5020,HOLD_IDENTITY_CONFLICT,False,False,True,False,,False,False,False
4828,YW-CCGT060202-AL-H1020,HOLD_IDENTITY_CONFLICT,False,False,True,False,,False,False,False
4829,YW-CCGT060204-AL-H1020,HOLD_IDENTITY_CONFLICT,False,False,True,False,,False,False,False
4830,YW-CCGT060208-AL-H1020,HOLD_IDENTITY_CONFLICT,False,False,True,False,,False,False,False
4831,YW-CCMT09T302-MV-M5020,HOLD_IDENTITY_CONFLICT,False,False,True,False,,False,False,False
4832,YW-CCMT09T304-M-M5020,HOLD_IDENTITY_CONFLICT,False,False,True,False,,False,False,False
4833,YW-CCMT09T308-M-M5020,HOLD_IDENTITY_CONFLICT,False,False,True,False,,False,False,False
4834,YW-CCMT09T304-K-K3020,HOLD_IDENTITY_CONFLICT,False,False,True,False,,False,False,False
4835,YW-CCMT09T308-K-K3020,HOLD_IDENTITY_CONFLICT,False,False,True,False,,False,False,False
4836,YW-CCGT09T302-AL-H1020,HOLD_IDENTITY_CONFLICT,False,False,True,False,,False,False,False
4837,YW-CCGT09T304-AL-H1020,HOLD_IDENTITY_CONFLICT,False,False,True,False,,False,False,False
4838,YW-CCGT09T308-AL-H1020,HOLD_IDENTITY_CONFLICT,False,False,True,False,,False,False,False
4839,YW-CCMT120404-M-M5020,HOLD_IDENTITY_CONFLICT,False,False,True,False,,False,False,False
4840,YW-CCMT120408-M-M5020,HOLD_IDENTITY_CONFLICT,False,False,True,False,,False,False,False
4841,YW-CCGT120404-AL-H1020,HOLD_IDENTITY_CONFLICT,False,False,True,False,,False,False,False
4842,YW-CCGT120408-AL-H1020,HOLD_IDENTITY_CONFLICT,False,False,True,False,,False,False,False
4843,YW-SCMT09T304-M-M5020,HOLD_IDENTITY_CONFLICT,False,False,True,False,,False,False,False
4844,YW-SCMT09T308-M-M5020,HOLD_IDENTITY_CONFLICT,False,False,True,False,,False,False,False
4845,YW-TPMT080204N-SU-M5020,HOLD_IDENTITY_CONFLICT,False,False,True,False,,False,False,False
4846,YW-TCMT090204-M-M5020,HOLD_IDENTITY_CONFLICT,False,False,True,False,,False,False,False
4847,YW-TCMT110204-M-M5020,HOLD_IDENTITY_CONFLICT,False,False,True,False,,False,False,False
4848,YW-TCMT110208-M-M5020,HOLD_IDENTITY_CONFLICT,False,False,True,False,,False,False,False
4849,YW-TCMT16T304-M-M5020,HOLD_IDENTITY_CONFLICT,False,False,True,False,,False,False,False
4850,YW-TCMT16T308-M-M5020,HOLD_IDENTITY_CONFLICT,False,False,True,False,,False,False,False
4851,YW-TCMT16T308-K-K3020,HOLD_IDENTITY_CONFLICT,False,False,True,False,,False,False,False
4852,YW-TPGT060102-L-F-M5020,HOLD_IDENTITY_CONFLICT,False,False,True,False,,False,False,False
4853,YW-TPGT090202-L-F-M5020,HOLD_IDENTITY_CONFLICT,False,False,True,False,,False,False,False
4854,YW-TPGT090204-L-F-M5020,HOLD_IDENTITY_CONFLICT,False,False,True,False,,False,False,False
4855,YW-TPGT110302-L-F-M5020,HOLD_IDENTITY_CONFLICT,False,False,True,False,,False,False,False
4856,YW-TPGT110304-L-F-M5020,HOLD_IDENTITY_CONFLICT,False,False,True,False,,False,False,False
4857,YW-TCGT110204-K10-H1020,HOLD_IDENTITY_CONFLICT,False,False,True,False,,False,False,False
4858,YW-TCGT110208-K10-H1020,HOLD_IDENTITY_CONFLICT,False,False,True,False,,False,False,False
4859,YW-TCGT16T304-AL-H1020,HOLD_IDENTITY_CONFLICT,False,False,True,False,,False,False,False
4860,YW-TCGT16T308-AL-H1020,HOLD_IDENTITY_CONFLICT,False,False,True,False,,False,False,False
4861,YW-TPKN1603PDTR-M5020,HOLD_IDENTITY_CONFLICT,False,False,True,False,,False,False,False
4862,YW-TPKN2204PDTR-M5020,HOLD_IDENTITY_CONFLICT,False,False,True,False,,False,False,False
4863,YW-SPKN1203EDTR-M5020,HOLD_IDENTITY_CONFLICT,False,False,True,False,,False,False,False
4864,YW-CNMG120404-MA-M5020,HOLD_IDENTITY_CONFLICT,False,False,True,False,,False,False,False
4865,YW-CNMG120408-MA-M5020,HOLD_IDENTITY_CONFLICT,False,False,True,False,,False,False,False
4866,YW-CNMG120404-K-K3020,HOLD_IDENTITY_CONFLICT,False,False,True,False,,False,False,False
4867,YW-CNMG120408-K-K3020,HOLD_IDENTITY_CONFLICT,False,False,True,False,,False,False,False
4868,YW-CNMG120412-K-K3020,HOLD_IDENTITY_CONFLICT,False,False,True,False,,False,False,False
4869,YW-CNMG120408-GH-K3020,HOLD_IDENTITY_CONFLICT,False,False,True,False,,False,False,False
4870,YW-CNMG120412-GH-K3020,HOLD_IDENTITY_CONFLICT,False,False,True,False,,False,False,False
4871,YW-CNMG120416-GH-K3020,HOLD_IDENTITY_CONFLICT,False,False,True,False,,False,False,False
4872,YW-CNMA120408-K-K3020,HOLD_IDENTITY_CONFLICT,False,False,True,False,,False,False,False
4873,YW-CNMA120412-K-K3020,HOLD_IDENTITY_CONFLICT,False,False,True,False,,False,False,False
4874,YW-CNMG120404-HA-H1020,HOLD_IDENTITY_CONFLICT,False,False,True,False,,False,False,False
4875,YW-CNMG120408-HA-H1020,HOLD_IDENTITY_CONFLICT,False,False,True,False,,False,False,False
4876,YW-CNMG120404-PM-P8220,HOLD_IDENTITY_CONFLICT,False,False,True,False,,False,False,False
4877,YW-CNMG120408-PM-P8220,HOLD_IDENTITY_CONFLICT,False,False,True,False,,False,False,False
4878,YW-CNMG160616-PM-P8220,HOLD_IDENTITY_CONFLICT,False,False,True,False,,False,False,False
4879,YW-CNMG160612-K-K3020,HOLD_IDENTITY_CONFLICT,False,False,True,False,,False,False,False
4880,YW-CNMG190612-CV-M5020S,HOLD_IDENTITY_CONFLICT,False,False,True,False,,False,False,False
4881,YW-SNMG120408-MA-M5020,HOLD_IDENTITY_CONFLICT,False,False,True,False,,False,False,False
4882,YW-SNMG120408-K-K3020,HOLD_IDENTITY_CONFLICT,False,False,True,False,,False,False,False
4883,YW-SNMG190612-CV-M5020S,HOLD_IDENTITY_CONFLICT,False,False,True,False,,False,False,False
4884,YW-SNMA120412-K3020,HOLD_IDENTITY_CONFLICT,False,False,True,False,,False,False,False
4885,YW-WNMG080408-MA-M5020,HOLD_IDENTITY_CONFLICT,False,False,True,False,,False,False,False
4886,YW-WNMG080404-MA-M5020,HOLD_IDENTITY_CONFLICT,False,False,True,False,,False,False,False
4887,YW-WNMG080412-PR-P8220,HOLD_IDENTITY_CONFLICT,False,False,True,False,,False,False,False
4888,YW-WNMG080408-PR-P8220,HOLD_IDENTITY_CONFLICT,False,False,True,False,,False,False,False
4889,YW-WNMG080408-K-K3020,HOLD_IDENTITY_CONFLICT,False,False,True,False,,False,False,False
4890,YW-WNMG080412-K-K3020,HOLD_IDENTITY_CONFLICT,False,False,True,False,,False,False,False
4891,YW-WNMG080408-GH-K3020,HOLD_IDENTITY_CONFLICT,False,False,True,False,,False,False,False
4892,YW-WNMG080412-GH-K3020,HOLD_IDENTITY_CONFLICT,False,False,True,False,,False,False,False
4893,YW-WNMG080408-PM-P8220,HOLD_IDENTITY_CONFLICT,False,False,True,False,,False,False,False
4894,YW-WNMA080408-K-K3020,HOLD_IDENTITY_CONFLICT,False,False,True,False,,False,False,False
4895,YW-WNMA080412-K-K3020,HOLD_IDENTITY_CONFLICT,False,False,True,False,,False,False,False
4896,YW-TNMG160404-MA-M5020,HOLD_IDENTITY_CONFLICT,False,False,True,False,,False,False,False
4897,YW-TNMG160408-MA-M5020,HOLD_IDENTITY_CONFLICT,False,False,True,False,,False,False,False
4898,YW-TNMG160408-K-K3020,HOLD_IDENTITY_CONFLICT,False,False,True,False,,False,False,False
4899,YW-TNMG160412-K-K3020,HOLD_IDENTITY_CONFLICT,False,False,True,False,,False,False,False
4900,YW-TNMA160408-K-K3020,HOLD_IDENTITY_CONFLICT,False,False,True,False,,False,False,False
4901,YW-TNMA160412-K-K3020,HOLD_IDENTITY_CONFLICT,False,False,True,False,,False,False,False
4902,YW-TNMG160408R-S-P8220,HOLD_IDENTITY_CONFLICT,False,False,True,False,,False,False,False
4903,YW-TNMG160408L-S-P8220,HOLD_IDENTITY_CONFLICT,False,False,True,False,,False,False,False
4904,YW-TNMG160404-HA-H1020,HOLD_IDENTITY_CONFLICT,False,False,True,False,,False,False,False
4905,YW-TNMG160408-HA-H1020,HOLD_IDENTITY_CONFLICT,False,False,True,False,,False,False,False
4906,YW-TNMG160404-OMM-M5020,HOLD_IDENTITY_CONFLICT,False,False,True,False,,False,False,False
4907,YW-TNMG160408-OMM-M5020,HOLD_IDENTITY_CONFLICT,False,False,True,False,,False,False,False
4908,YW-TNMG160412-OMM-M5020,HOLD_IDENTITY_CONFLICT,False,False,True,False,,False,False,False
4909,YW-TNMG160404-PM-P8220,HOLD_IDENTITY_CONFLICT,False,False,True,False,,False,False,False
4910,YW-TNMG160408-PM-P8220,HOLD_IDENTITY_CONFLICT,False,False,True,False,,False,False,False
4911,YW-TNMG220404-OMM-M5020,HOLD_IDENTITY_CONFLICT,False,False,True,False,,False,False,False
4912,YW-TNMG220408-OMM-M5020,HOLD_IDENTITY_CONFLICT,False,False,True,False,,False,False,False
4913,YW-TNMG220408-MM-M5020,HOLD_IDENTITY_CONFLICT,False,False,True,False,,False,False,False
4914,YW-TNMG220404-PM-P8220,HOLD_IDENTITY_CONFLICT,False,False,True,False,,False,False,False
4915,YW-TNMG220408-PM-P8220,HOLD_IDENTITY_CONFLICT,False,False,True,False,,False,False,False
4916,YW-TNMG220408-PM-P8020,HOLD_IDENTITY_CONFLICT,False,False,True,False,,False,False,False
4917,YW-TPXR2204-PDSR-FM-5030,HOLD_IDENTITY_CONFLICT,False,False,True,False,,False,False,False
4918,YW-DNMG150604-PM-P8020,HOLD_IDENTITY_CONFLICT,False,False,True,False,,False,False,False
4919,YW-DNMG150608-PM-P8020,HOLD_IDENTITY_CONFLICT,False,False,True,False,,False,False,False
4920,YW-DNMG150612-PM-P8020,HOLD_IDENTITY_CONFLICT,False,False,True,False,,False,False,False
4921,YW-DNMG150608-PM-K3020,HOLD_IDENTITY_CONFLICT,False,False,True,False,,False,False,False
4922,YW-DNMA150608-K3020,HOLD_IDENTITY_CONFLICT,False,False,True,False,,False,False,False
4923,YW-DNMA150612-K3020,HOLD_IDENTITY_CONFLICT,False,False,True,False,,False,False,False
4924,YW-DNMG150604-PM-P8220,HOLD_IDENTITY_CONFLICT,False,False,True,False,,False,False,False
4925,YW-DNMG150608-PM-P8220,HOLD_IDENTITY_CONFLICT,False,False,True,False,,False,False,False
4926,YW-DNMG150612-PM-P8220,HOLD_IDENTITY_CONFLICT,False,False,True,False,,False,False,False
4927,YW-DNMG150608-PF-P8220,HOLD_IDENTITY_CONFLICT,False,False,True,False,,False,False,False
4928,YW-DNMG150608R-VF-M5120,HOLD_IDENTITY_CONFLICT,False,False,True,False,,False,False,False
4929,YW-DNMG150604-HS-M5020,HOLD_IDENTITY_CONFLICT,False,False,True,False,,False,False,False
4930,YW-DNMG150608-HS-M5020,HOLD_IDENTITY_CONFLICT,False,False,True,False,,False,False,False
4931,YW-DNMG150604-OMM-M5020,HOLD_IDENTITY_CONFLICT,False,False,True,False,,False,False,False
4932,YW-DNMG150608-OMM-M5020,HOLD_IDENTITY_CONFLICT,False,False,True,False,,False,False,False
4933,YW-DNMG150604-AL-H1020,HOLD_IDENTITY_CONFLICT,False,False,True,False,,False,False,False
4934,YW-DNMG150608-AL-H1020,HOLD_IDENTITY_CONFLICT,False,False,True,False,,False,False,False
4935,YW-VBMT110304-MV-M5020,HOLD_IDENTITY_CONFLICT,False,False,True,False,,False,False,False
4936,YW-VCMT110304-MV-M5020,HOLD_IDENTITY_CONFLICT,False,False,True,False,,False,False,False
4937,YW-VCGT110302-AL-H1020,HOLD_IDENTITY_CONFLICT,False,False,True,False,,False,False,False
4938,YW-VCGT160402-AL-H1020,HOLD_IDENTITY_CONFLICT,False,False,True,False,,False,False,False
4939,YW-VCGT160404-AL-H1020,HOLD_IDENTITY_CONFLICT,False,False,True,False,,False,False,False
4940,YW-VCGT160408-AL-H1020,HOLD_IDENTITY_CONFLICT,False,False,True,False,,False,False,False
4941,YW-VBMT160404-MV-M5020,HOLD_IDENTITY_CONFLICT,False,False,True,False,,False,False,False
4942,YW-VBMT160408-MV-M5020,HOLD_IDENTITY_CONFLICT,False,False,True,False,,False,False,False
4943,YW-VBMT160408-K-K3020,HOLD_IDENTITY_CONFLICT,False,False,True,False,,False,False,False
4944,YW-VNMG160404-MS-M5020,HOLD_IDENTITY_CONFLICT,False,False,True,False,,False,False,False
4945,YW-VNMG160408-MS-M5020,HOLD_IDENTITY_CONFLICT,False,False,True,False,,False,False,False
4946,YW-VNMG160408-K-K3020,HOLD_IDENTITY_CONFLICT,False,False,True,False,,False,False,False
4947,YW-KNUX160405-L11-M5030,HOLD_IDENTITY_CONFLICT,False,False,True,False,,False,False,False
4948,YW-KNUX160405-R11-M5030,HOLD_IDENTITY_CONFLICT,False,False,True,False,,False,False,False
4949,YW-MGMN150-G-M5020,HOLD_IDENTITY_CONFLICT,False,False,True,False,,False,False,False
4950,YW-MGMN200-G-M5020,HOLD_IDENTITY_CONFLICT,False,False,True,False,,False,False,False
4951,YW-MGMN250-G-M5020,HOLD_IDENTITY_CONFLICT,False,False,True,False,,False,False,False
4952,YW-MGMN300-M-M5020,HOLD_IDENTITY_CONFLICT,False,False,True,False,,False,False,False
4953,YW-MGMN400-M-M5020,HOLD_IDENTITY_CONFLICT,False,False,True,False,,False,False,False
4954,YW-MGMN500-M-M5020,HOLD_IDENTITY_CONFLICT,False,False,True,False,,False,False,False
4955,YW-MGMN500-JH-M5030,HOLD_IDENTITY_CONFLICT,False,False,True,False,,False,False,False
4956,YW-MGMN600-M-M5020,HOLD_IDENTITY_CONFLICT,False,False,True,False,,False,False,False
4957,YW-MRMN200-G-M5010,HOLD_IDENTITY_CONFLICT,False,False,True,False,,False,False,False
4958,YW-MRMN300-M-M5010,HOLD_IDENTITY_CONFLICT,False,False,True,False,,False,False,False
4959,YW-MRMN400-M-M5010,HOLD_IDENTITY_CONFLICT,False,False,True,False,,False,False,False
4960,YW-MRMN500-M-M5010,HOLD_IDENTITY_CONFLICT,False,False,True,False,,False,False,False
4961,YW-MGGN200L-8-M5020,HOLD_IDENTITY_CONFLICT,False,False,True,False,,False,False,False
4962,YW-MGGN200R-8-M5020,HOLD_IDENTITY_CONFLICT,False,False,True,False,,False,False,False
4963,YW-MGGN300L-8-M5020,HOLD_IDENTITY_CONFLICT,False,False,True,False,,False,False,False
4964,YW-MGGN300R-8-M5020,HOLD_IDENTITY_CONFLICT,False,False,True,False,,False,False,False
4965,YW-MGGN400L-8-M5020,HOLD_IDENTITY_CONFLICT,False,False,True,False,,False,False,False
4966,YW-MGGN400R-8-M5020,HOLD_IDENTITY_CONFLICT,False,False,True,False,,False,False,False
4967,YW-MGGN150-JM-H1020,HOLD_IDENTITY_CONFLICT,False,False,True,False,,False,False,False
4968,YW-MGGN200-JM-H1020,HOLD_IDENTITY_CONFLICT,False,False,True,False,,False,False,False
4969,YW-MGGN300-JM-H1020,HOLD_IDENTITY_CONFLICT,False,False,True,False,,False,False,False
4970,YW-MGGN400-JM-H1020,HOLD_IDENTITY_CONFLICT,False,False,True,False,,False,False,False
4971,YW-MGGN500-JM-H1020,HOLD_IDENTITY_CONFLICT,False,False,True,False,,False,False,False
4972,YW-MGGN150-JM-M5020,HOLD_IDENTITY_CONFLICT,False,False,True,False,,False,False,False
4973,YW-MGGN200-JM-M5020,HOLD_IDENTITY_CONFLICT,False,False,True,False,,False,False,False
4974,YW-MGGN250-JM-M5020,HOLD_IDENTITY_CONFLICT,False,False,True,False,,False,False,False
4975,YW-MGGN300-JM-M5020,HOLD_IDENTITY_CONFLICT,False,False,True,False,,False,False,False
4976,YW-MGGN400-JM-M5020,HOLD_IDENTITY_CONFLICT,False,False,True,False,,False,False,False
4977,YW-MGGN500-JM-M5020,HOLD_IDENTITY_CONFLICT,False,False,True,False,,False,False,False
4978,YW-16IR/EL-1.0-3.0-M-M5020,HOLD_IDENTITY_CONFLICT,False,False,True,False,,False,False,False
4979,YW-16ER/IL-1.0-3.0-M-M5020,HOLD_IDENTITY_CONFLICT,False,False,True,False,,False,False,False
4980,YW-06IR-AG60-M5010,HOLD_IDENTITY_CONFLICT,False,False,True,False,,False,False,False
4981,YW-08IR-AG60-M5010,HOLD_IDENTITY_CONFLICT,False,False,True,False,,False,False,False
4982,YW-11ER-A55-M5010,HOLD_IDENTITY_CONFLICT,False,False,True,False,,False,False,False
4983,YW-11IR-A55-M5010,HOLD_IDENTITY_CONFLICT,False,False,True,False,,False,False,False
4984,YW-11ER-A60-M5010,HOLD_IDENTITY_CONFLICT,False,False,True,False,,False,False,False
4985,YW-11IR-A60-M5010,HOLD_IDENTITY_CONFLICT,False,False,True,False,,False,False,False
4986,YW-11ER-AG60-P-P6010,HOLD_IDENTITY_CONFLICT,False,False,True,False,,False,False,False
4987,YW-11IR-AG60-P-P6010,HOLD_IDENTITY_CONFLICT,False,False,True,False,,False,False,False
4988,YW-11ER-A60-AL-H1020,HOLD_IDENTITY_CONFLICT,False,False,True,False,,False,False,False
4989,YW-11IR-A60-AL-H1020,HOLD_IDENTITY_CONFLICT,False,False,True,False,,False,False,False
4990,YW-11IR-0.5-ISO-M5010,HOLD_IDENTITY_CONFLICT,False,False,True,False,,False,False,False
4991,YW-11ER-0.5-ISO-M5010,HOLD_IDENTITY_CONFLICT,False,False,True,False,,False,False,False
4992,YW-11ER-0.75-ISO-M5010,HOLD_IDENTITY_CONFLICT,False,False,True,False,,False,False,False
4993,YW-11IR-0.75-ISO-M5010,HOLD_IDENTITY_CONFLICT,False,False,True,False,,False,False,False
4994,YW-11ER-1-ISO-M5010,HOLD_IDENTITY_CONFLICT,False,False,True,False,,False,False,False
4995,YW-11IR-1-ISO-M5010,HOLD_IDENTITY_CONFLICT,False,False,True,False,,False,False,False
4996,YW-11IR-1.50-ISO-M5010,HOLD_IDENTITY_CONFLICT,False,False,True,False,,False,False,False
4997,YW-11ER-1.50-ISO-M5010,HOLD_IDENTITY_CONFLICT,False,False,True,False,,False,False,False
4998,YW-16ERM-AG55-M5020,HOLD_IDENTITY_CONFLICT,False,False,True,False,,False,False,False
4999,YW-16IRM-AG55-M5020,HOLD_IDENTITY_CONFLICT,False,False,True,False,,False,False,False
5000,YW-16ERM-AG60-M5020,HOLD_IDENTITY_CONFLICT,False,False,True,False,,False,False,False
5001,YW-16IRM-AG60-M5020,HOLD_IDENTITY_CONFLICT,False,False,True,False,,False,False,False
5002,YW-16ER-AG60-P-P6010,HOLD_IDENTITY_CONFLICT,False,False,True,False,,False,False,False
5003,YW-16IR-AG60-P-P6010,HOLD_IDENTITY_CONFLICT,False,False,True,False,,False,False,False
5004,YW-16ER-AG60-AL-H1020,HOLD_IDENTITY_CONFLICT,False,False,True,False,,False,False,False
5005,YW-16IR-AG60-AL-H1020,HOLD_IDENTITY_CONFLICT,False,False,True,False,,False,False,False
5006,YW-16ER-0.5-ISO-M5010,HOLD_IDENTITY_CONFLICT,False,False,True,False,,False,False,False
5007,YW-16IR-0.5-ISO-M5010,HOLD_IDENTITY_CONFLICT,False,False,True,False,,False,False,False
5008,YW-16ER-0.75-ISO-M5010,HOLD_IDENTITY_CONFLICT,False,False,True,False,,False,False,False
5009,YW-16IR-0.75-ISO-M5010,HOLD_IDENTITY_CONFLICT,False,False,True,False,,False,False,False
5010,YW-16ERM-1-ISO-M5020,HOLD_IDENTITY_CONFLICT,False,False,True,False,,False,False,False
5011,YW-16IRM-1-ISO-M5020,HOLD_IDENTITY_CONFLICT,False,False,True,False,,False,False,False
5012,YW-16ER-1.25-ISO-M5010,HOLD_IDENTITY_CONFLICT,False,False,True,False,,False,False,False
5013,YW-16IR-1.25-ISO-M5010,HOLD_IDENTITY_CONFLICT,False,False,True,False,,False,False,False
5014,YW-16ERM-1.5-ISO-M5020,HOLD_IDENTITY_CONFLICT,False,False,True,False,,False,False,False
5015,YW-16IRM-1.5-ISO-M5020,HOLD_IDENTITY_CONFLICT,False,False,True,False,,False,False,False
5016,YW-16ER-1.75-ISO-M5010,HOLD_IDENTITY_CONFLICT,False,False,True,False,,False,False,False
5017,YW-16IR-1.75-ISO-M5010,HOLD_IDENTITY_CONFLICT,False,False,True,False,,False,False,False
5018,YW-16ERM-2-ISO-M5020,HOLD_IDENTITY_CONFLICT,False,False,True,False,,False,False,False
5019,YW-16IRM-2-ISO-M5020,HOLD_IDENTITY_CONFLICT,False,False,True,False,,False,False,False
5020,YW-16ERM-2.5-ISO-M5010,HOLD_IDENTITY_CONFLICT,False,False,True,False,,False,False,False
5021,YW-16IRM-2.5-ISO-M5020,HOLD_IDENTITY_CONFLICT,False,False,True,False,,False,False,False
5022,YW-16ERM-3-ISO-M5020,HOLD_IDENTITY_CONFLICT,False,False,True,False,,False,False,False
5023,YW-16IRM-3-ISO-M5020,HOLD_IDENTITY_CONFLICT,False,False,True,False,,False,False,False
5024,YW-16ER-8-W-M5010,HOLD_IDENTITY_CONFLICT,False,False,True,False,,False,False,False
5025,YW-16IR-8-W-M5010,HOLD_IDENTITY_CONFLICT,False,False,True,False,,False,False,False
5026,YW-16ER-10-W-M5010,HOLD_IDENTITY_CONFLICT,False,False,True,False,,False,False,False
5027,YW-16IR-10-W-M5010,HOLD_IDENTITY_CONFLICT,False,False,True,False,,False,False,False
5028,YW-16ER-11W-ISO-M5010,HOLD_IDENTITY_CONFLICT,False,False,True,False,,False,False,False
5029,YW-16IRM-11-W-M5010,HOLD_IDENTITY_CONFLICT,False,False,True,False,,False,False,False
5030,YW-16ER-12-W-M5010,HOLD_IDENTITY_CONFLICT,False,False,True,False,,False,False,False
5031,YW-16IR-12-W-M5010,HOLD_IDENTITY_CONFLICT,False,False,True,False,,False,False,False
5032,YW-16ERM-14-W-M5020,HOLD_IDENTITY_CONFLICT,False,False,True,False,,False,False,False
5033,YW-16IRM-14-W-M5020,HOLD_IDENTITY_CONFLICT,False,False,True,False,,False,False,False
5034,YW-16ER-16-W-M5010,HOLD_IDENTITY_CONFLICT,False,False,True,False,,False,False,False
5035,YW-16IR-16-W-M5010,HOLD_IDENTITY_CONFLICT,False,False,True,False,,False,False,False
5036,YW-16ER-19-W-M5010,HOLD_IDENTITY_CONFLICT,False,False,True,False,,False,False,False
5037,YW-16IR-19-W-M5010,HOLD_IDENTITY_CONFLICT,False,False,True,False,,False,False,False
5038,YW-16ER-8-ACME-M5010,HOLD_IDENTITY_CONFLICT,False,False,True,False,,False,False,False
5039,YW-16IR-8-ACME-M5010,HOLD_IDENTITY_CONFLICT,False,False,True,False,,False,False,False
5040,YW-16ER-10-ACME-M5010,HOLD_IDENTITY_CONFLICT,False,False,True,False,,False,False,False
5041,YW-16IR-10-ACME-M5010,HOLD_IDENTITY_CONFLICT,False,False,True,False,,False,False,False
5042,YW-16ER-11.5-NPT-M5010,HOLD_IDENTITY_CONFLICT,False,False,True,False,,False,False,False
5043,YW-16IR-11.5-NPT-M5010,HOLD_IDENTITY_CONFLICT,False,False,True,False,,False,False,False
5044,YW-16ER-14-NPT-M5010,HOLD_IDENTITY_CONFLICT,False,False,True,False,,False,False,False
5045,YW-16IR-14-NPT-M5010,HOLD_IDENTITY_CONFLICT,False,False,True,False,,False,False,False
5046,YW-16ER-18-NPT-M5010,HOLD_IDENTITY_CONFLICT,False,False,True,False,,False,False,False
5047,YW-16IR-18-NPT-M5010,HOLD_IDENTITY_CONFLICT,False,False,True,False,,False,False,False
5048,YW-16ER-20-UN-M5010,HOLD_IDENTITY_CONFLICT,False,False,True,False,,False,False,False
5049,YW-16IR-20-UN-M5010,HOLD_IDENTITY_CONFLICT,False,False,True,False,,False,False,False
5050,YW-16ER-TR-2.0-M5010,HOLD_IDENTITY_CONFLICT,False,False,True,False,,False,False,False
5051,YW-16IR-TR-2.0-M5010,HOLD_IDENTITY_CONFLICT,False,False,True,False,,False,False,False
5052,YW-16ER-TR-2.50-M5010,HOLD_IDENTITY_CONFLICT,False,False,True,False,,False,False,False
5053,YW-16IR-TR-2.50-M5010,HOLD_IDENTITY_CONFLICT,False,False,True,False,,False,False,False
5054,YW-16ER-TR-3.0-M5010,HOLD_IDENTITY_CONFLICT,False,False,True,False,,False,False,False
5055,YW-16IR-TR-3.0-M5010,HOLD_IDENTITY_CONFLICT,False,False,True,False,,False,False,False
5056,YW-22ER-AG60-M5010,HOLD_IDENTITY_CONFLICT,False,False,True,False,,False,False,False
5057,YW-22IR-AG60-M5010,HOLD_IDENTITY_CONFLICT,False,False,True,False,,False,False,False
5058,YW-22ER-AG60-P-P6010,HOLD_IDENTITY_CONFLICT,False,False,True,False,,False,False,False
5059,YW-22IR-AG60-P-P6010,HOLD_IDENTITY_CONFLICT,False,False,True,False,,False,False,False
5060,YW-22ER-AG55-M5010,HOLD_IDENTITY_CONFLICT,False,False,True,False,,False,False,False
5061,YW-22IR-AG55-M5010,HOLD_IDENTITY_CONFLICT,False,False,True,False,,False,False,False
5062,YW-22IR-4.0-ISO-M5010,HOLD_IDENTITY_CONFLICT,False,False,True,False,,False,False,False
5063,YW-22ER-4.0-ISO-M5010,HOLD_IDENTITY_CONFLICT,False,False,True,False,,False,False,False
5064,YW-22ER-5.0-ISO-M5010,HOLD_IDENTITY_CONFLICT,False,False,True,False,,False,False,False
5065,YW-22IR-5.0-ISO-M5010,HOLD_IDENTITY_CONFLICT,False,False,True,False,,False,False,False
5066,YW-22ER-6.0-ISO-M5010,HOLD_IDENTITY_CONFLICT,False,False,True,False,,False,False,False
5067,YW-22IR-6.0-ISO-M5010,HOLD_IDENTITY_CONFLICT,False,False,True,False,,False,False,False
5068,YW-22ER-TR-4.0-M5010,HOLD_IDENTITY_CONFLICT,False,False,True,False,,False,False,False
5069,YW-22IR-TR-4.0-M5010,HOLD_IDENTITY_CONFLICT,False,False,True,False,,False,False,False
5070,YW-22ER-TR-5.0-M5010,HOLD_IDENTITY_CONFLICT,False,False,True,False,,False,False,False
5071,YW-22IR-TR-5.0-M5010,HOLD_IDENTITY_CONFLICT,False,False,True,False,,False,False,False
5072,YW-22ER-TR-6.0-M5010,HOLD_IDENTITY_CONFLICT,False,False,True,False,,False,False,False
5073,YW-22IR-TR-6.0-M5010,HOLD_IDENTITY_CONFLICT,False,False,True,False,,False,False,False
5074,YW-RT22.01W-N60P-M5010,HOLD_IDENTITY_CONFLICT,False,False,True,False,,False,False,False
5075,YW-LT22.01W-N60P-M5010,HOLD_IDENTITY_CONFLICT,False,False,True,False,,False,False,False
5076,YW-WCMX020104-SF-M5020,HOLD_IDENTITY_CONFLICT,False,False,True,False,,False,False,False
5077,YW-WCMX030208-SF-M5020,HOLD_IDENTITY_CONFLICT,False,False,True,False,,False,False,False
5078,YW-WCMX040208-SF-M5020,HOLD_IDENTITY_CONFLICT,False,False,True,False,,False,False,False
5079,YW-WCMT050308-SF-M5020,HOLD_IDENTITY_CONFLICT,False,False,True,False,,False,False,False
5080,YW-WCMT06T308-SF-M5020,HOLD_IDENTITY_CONFLICT,False,False,True,False,,False,False,False
5081,YW-WCMX080412-SF-M5020,HOLD_IDENTITY_CONFLICT,False,False,True,False,,False,False,False
5082,YW-WCGT030208-AL-H1020,HOLD_IDENTITY_CONFLICT,False,False,True,False,,False,False,False
5083,YW-WCGT040208-AL-H1020,HOLD_IDENTITY_CONFLICT,False,False,True,False,,False,False,False
5084,YW-WCGT050308-AL-H1020,HOLD_IDENTITY_CONFLICT,False,False,True,False,,False,False,False
5085,YW-WCGT06T308-AL-H1020,HOLD_IDENTITY_CONFLICT,False,False,True,False,,False,False,False
5086,YW-WCGT080412-AL-H1020,HOLD_IDENTITY_CONFLICT,False,False,True,False,,False,False,False
5087,YW-SOMG040202-TG-M5020,HOLD_IDENTITY_CONFLICT,False,False,True,False,,False,False,False
5088,YW-SPMG050204-TG-M5020,HOLD_IDENTITY_CONFLICT,False,False,True,False,,False,False,False
5089,YW-SPMG060204-TG-M5020,HOLD_IDENTITY_CONFLICT,False,False,True,False,,False,False,False
5090,YW-SPMG07T308-TG-M5020,HOLD_IDENTITY_CONFLICT,False,False,True,False,,False,False,False
5091,YW-SPMG090408-TG-M5020,HOLD_IDENTITY_CONFLICT,False,False,True,False,,False,False,False
5092,YW-SPMG110408-TG-M5020,HOLD_IDENTITY_CONFLICT,False,False,True,False,,False,False,False
5093,YW-SPMG140512-TG-M5020,HOLD_IDENTITY_CONFLICT,False,False,True,False,,False,False,False
5094,YW-SPGT050204-AL-H1020,HOLD_IDENTITY_CONFLICT,False,False,True,False,,False,False,False
5095,YW-SPGT060204-AL-H1020,HOLD_IDENTITY_CONFLICT,False,False,True,False,,False,False,False
5096,YW-SPGT07T308-AL-H1020,HOLD_IDENTITY_CONFLICT,False,False,True,False,,False,False,False
5097,YW-SPGT090408-AL-H1020,HOLD_IDENTITY_CONFLICT,False,False,True,False,,False,False,False
5098,YW-SPGT110408-AL-H1020,HOLD_IDENTITY_CONFLICT,False,False,True,False,,False,False,False
5099,YW-SPGT140512-AL-H1020,HOLD_IDENTITY_CONFLICT,False,False,True,False,,False,False,False
5100,YW-SEET13T3-DM-K3020,HOLD_IDENTITY_CONFLICT,False,False,True,False,,False,False,False
5101,YW-SEKT1204AFTN-XM-M5020,HOLD_IDENTITY_CONFLICT,False,False,True,False,,False,False,False
5102,YW-SEHT1204AFFN-AL-H1020,HOLD_IDENTITY_CONFLICT,False,False,True,False,,False,False,False
5103,YW-SDMT120512-PH-M5020,HOLD_IDENTITY_CONFLICT,False,False,True,False,,False,False,False
5104,YW-SDMT150512-PH-M5020,HOLD_IDENTITY_CONFLICT,False,False,True,False,,False,False,False
5105,YW-SNMX1205AFNN-F57-M5020,HOLD_IDENTITY_CONFLICT,False,False,True,False,,False,False,False
5106,YW-SNMX1206QNN-MM-M5020,HOLD_IDENTITY_CONFLICT,False,False,True,False,,False,False,False
5107,YW-WNMU080608EN-GM-M5020,HOLD_IDENTITY_CONFLICT,False,False,True,False,,False,False,False
5108,YW-SNMX1205-125T7-40,HOLD_IDENTITY_CONFLICT,False,False,True,False,,False,False,False
5109,YW-SNMX1205-080T5-27,HOLD_IDENTITY_CONFLICT,False,False,True,False,,False,False,False
5110,YW-SNMX1205-160-AFNN,HOLD_IDENTITY_CONFLICT,False,False,True,False,,False,False,False
5111,YW-QCMT050204-CM-M5020,HOLD_IDENTITY_CONFLICT,False,False,True,False,,False,False,False
5112,YW-QCMT060204-CM-M5020,HOLD_IDENTITY_CONFLICT,False,False,True,False,,False,False,False
5113,YW-QCMT070304-CM-M5020,HOLD_IDENTITY_CONFLICT,False,False,True,False,,False,False,False
5114,YW-QCMT080304-CM-M5020,HOLD_IDENTITY_CONFLICT,False,False,True,False,,False,False,False
5115,YW-QCMT10T304-CM-M5020,HOLD_IDENTITY_CONFLICT,False,False,True,False,,False,False,False
5116,YW-SF-10R-3.25-16C,HOLD_IDENTITY_CONFLICT,False,False,True,False,,False,False,False
5117,YW-SF-12R-3.25D-16C,HOLD_IDENTITY_CONFLICT,False,False,True,False,,False,False,False
5118,YW-SF-14R-3.25D-16C,HOLD_IDENTITY_CONFLICT,False,False,True,False,,False,False,False
5119,YW-TXN03R080M27-OE010,HOLD_IDENTITY_CONFLICT,False,False,True,False,,False,False,False
5120,GTW930,HOLD_IDENTITY_CONFLICT,False,False,True,False,,False,False,False
5121,GTW940,HOLD_IDENTITY_CONFLICT,False,False,True,False,,False,False,False
5122,GTW941,HOLD_IDENTITY_CONFLICT,False,False,True,False,,False,False,False
5123,JC202,HOLD_IDENTITY_CONFLICT,False,False,True,False,,False,False,False
5124,JC304,HOLD_IDENTITY_CONFLICT,False,False,True,False,,False,False,False
5125,JC405,HOLD_IDENTITY_CONFLICT,False,False,True,False,,False,False,False
5126,JC410,HOLD_IDENTITY_CONFLICT,False,False,True,False,,False,False,False
5127,JC412,HOLD_IDENTITY_CONFLICT,False,False,True,False,,False,False,False
5128,MB43015M,HOLD_WEAK_EVIDENCE,False,False,True,False,,False,False,False
5129,MB44008M,HOLD_IDENTITY_CONFLICT,False,False,True,False,,False,False,False
5130,MB63008M,HOLD_IDENTITY_CONFLICT,False,False,True,False,,False,False,False
5131,ME011N,HOLD_IDENTITY_CONFLICT,False,False,True,False,,False,False,False
5132,NC3610Q,HOLD_IDENTITY_CONFLICT,False,False,True,False,,False,False,False
5133,NC3911,HOLD_IDENTITY_CONFLICT,False,False,True,False,,False,False,False
5134,NC4212,HOLD_IDENTITY_CONFLICT,False,False,True,False,,False,False,False
5135,NC4216,HOLD_IDENTITY_CONFLICT,False,False,True,False,,False,False,False
5136,NC4217,HOLD_IDENTITY_CONFLICT,False,False,True,False,,False,False,False
5137,NC4232,HOLD_IDENTITY_CONFLICT,False,False,True,False,,False,False,False
5138,NC4233Q-KIT,HOLD_WEAK_EVIDENCE,False,False,True,False,,False,False,False
5139,NC4233Q,HOLD_WEAK_EVIDENCE,False,False,True,False,,False,False,False
5140,NC4233QH,HOLD_WEAK_EVIDENCE,False,False,True,False,,False,False,False
5141,NC4236,HOLD_IDENTITY_CONFLICT,False,False,True,False,,False,False,False
5142,NC4238,HOLD_IDENTITY_CONFLICT,False,False,True,False,,False,False,False
5143,NC4255Q,HOLD_IDENTITY_CONFLICT,False,False,True,False,,False,False,False
5144,NC4255QH,HOLD_IDENTITY_CONFLICT,False,False,True,False,,False,False,False
5145,NC4258,HOLD_IDENTITY_CONFLICT,False,False,True,False,,False,False,False
5146,NC4277,HOLD_WEAK_EVIDENCE,False,False,True,False,,False,False,False
5147,NC4299,HOLD_WEAK_EVIDENCE,False,False,True,False,,False,False,False
5148,NC4610,HOLD_IDENTITY_CONFLICT,False,False,True,False,,False,False,False
5149,NC4650,HOLD_IDENTITY_CONFLICT,False,False,True,False,,False,False,False
5150,NC6217,HOLD_IDENTITY_CONFLICT,False,False,True,False,,False,False,False
5151,NC6218,HOLD_IDENTITY_CONFLICT,False,False,True,False,,False,False,False
5152,NC6236,HOLD_IDENTITY_CONFLICT,False,False,True,False,,False,False,False
5153,NC6255Q,HOLD_IDENTITY_CONFLICT,False,False,True,False,,False,False,False
5154,NC6255QH,HOLD_IDENTITY_CONFLICT,False,False,True,False,,False,False,False
5155,NC6256Q,HOLD_IDENTITY_CONFLICT,False,False,True,False,,False,False,False
5156,NC6266,HOLD_IDENTITY_CONFLICT,False,False,True,False,,False,False,False
5157,NC8219,HOLD_IDENTITY_CONFLICT,False,False,True,False,,False,False,False
5158,NC8232,HOLD_IDENTITY_CONFLICT,False,False,True,False,,False,False,False
5159,NC8266P-6,HOLD_IDENTITY_CONFLICT,False,False,True,False,,False,False,False
5160,NC8266P,HOLD_IDENTITY_CONFLICT,False,False,True,False,,False,False,False
5161,NC8266S-6,HOLD_IDENTITY_CONFLICT,False,False,True,False,,False,False,False
5162,NC8266S,HOLD_IDENTITY_CONFLICT,False,False,True,False,,False,False,False
5163,NC8332-6,HOLD_IDENTITY_CONFLICT,False,False,True,False,,False,False,False
5164,NC8332,HOLD_IDENTITY_CONFLICT,False,False,True,False,,False,False,False
5165,NE0405-KIT,HOLD_IDENTITY_CONFLICT,False,False,True,False,,False,False,False
5166,NE251R,HOLD_IDENTITY_CONFLICT,False,False,True,False,,False,False,False
5167,NE261,HOLD_IDENTITY_CONFLICT,False,False,True,False,,False,False,False
5168,NE321,HOLD_IDENTITY_CONFLICT,False,False,True,False,,False,False,False
5169,NE432,HOLD_IDENTITY_CONFLICT,False,False,True,False,,False,False,False
5170,NE443,HOLD_IDENTITY_CONFLICT,False,False,True,False,,False,False,False
5171,NE462,HOLD_IDENTITY_CONFLICT,False,False,True,False,,False,False,False
5172,NE4815,HOLD_IDENTITY_CONFLICT,False,False,True,False,,False,False,False
5173,NE4901,HOLD_IDENTITY_CONFLICT,False,False,True,False,,False,False,False
5174,PA201,HOLD_WEAK_EVIDENCE,False,False,True,False,,False,False,False
5175,PA203N,HOLD_WEAK_EVIDENCE,False,False,True,False,,False,False,False
5176,PA211,HOLD_WEAK_EVIDENCE,False,False,True,False,,False,False,False
5177,PA301,HOLD_WEAK_EVIDENCE,False,False,True,False,,False,False,False
5178,PA301V,HOLD_WEAK_EVIDENCE,False,False,True,False,,False,False,False
5179,PA9048,HOLD_IDENTITY_CONFLICT,False,False,True,False,,False,False,False
5180,PB1305,HOLD_IDENTITY_CONFLICT,False,False,True,False,,False,False,False
5181,PB1308,HOLD_IDENTITY_CONFLICT,False,False,True,False,,False,False,False
5182,PB1310,HOLD_IDENTITY_CONFLICT,False,False,True,False,,False,False,False
5183,PB1312,HOLD_IDENTITY_CONFLICT,False,False,True,False,,False,False,False
5184,PB2402,HOLD_IDENTITY_CONFLICT,False,False,True,False,,False,False,False
5185,PB2601,HOLD_IDENTITY_CONFLICT,False,False,True,False,,False,False,False
5186,PB9006P,HOLD_IDENTITY_CONFLICT,False,False,True,False,,False,False,False
5187,PB9010P,HOLD_IDENTITY_CONFLICT,False,False,True,False,,False,False,False
5188,PC2010,HOLD_IDENTITY_CONFLICT,False,False,True,False,,False,False,False
5189,PC901,HOLD_IDENTITY_CONFLICT,False,False,True,False,,False,False,False
5190,QA101,HOLD_IDENTITY_CONFLICT,False,False,True,False,,False,False,False
5191,QA111A,HOLD_IDENTITY_CONFLICT,False,False,True,False,,False,False,False
5192,QA151A,HOLD_IDENTITY_CONFLICT,False,False,True,False,,False,False,False
5193,QA163A,HOLD_IDENTITY_CONFLICT,False,False,True,False,,False,False,False
5194,QA210A,HOLD_IDENTITY_CONFLICT,False,False,True,False,,False,False,False
5195,QA211A,HOLD_IDENTITY_CONFLICT,False,False,True,False,,False,False,False
5196,QA231QA,HOLD_IDENTITY_CONFLICT,False,False,True,False,,False,False,False
5197,QA313A,HOLD_IDENTITY_CONFLICT,False,False,True,False,,False,False,False
5198,QA315A,HOLD_IDENTITY_CONFLICT,False,False,True,False,,False,False,False
5199,QA432A,HOLD_IDENTITY_CONFLICT,False,False,True,False,,False,False,False
5200,QA441A,HOLD_IDENTITY_CONFLICT,False,False,True,False,,False,False,False
5201,QA511A,HOLD_IDENTITY_CONFLICT,False,False,True,False,,False,False,False
5202,QA611A,HOLD_IDENTITY_CONFLICT,False,False,True,False,,False,False,False
5203,QA633QA,HOLD_IDENTITY_CONFLICT,False,False,True,False,,False,False,False
5204,QB105,HOLD_IDENTITY_CONFLICT,False,False,True,False,,False,False,False
5205,QB115,HOLD_IDENTITY_CONFLICT,False,False,True,False,,False,False,False
5206,QB125,HOLD_IDENTITY_CONFLICT,False,False,True,False,,False,False,False
5207,QB177,HOLD_IDENTITY_CONFLICT,False,False,True,False,,False,False,False
5208,QB20203,HOLD_IDENTITY_CONFLICT,False,False,True,False,,False,False,False
5209,QB2925L,HOLD_IDENTITY_CONFLICT,False,False,True,False,,False,False,False
5210,QB325N,HOLD_IDENTITY_CONFLICT,False,False,True,False,,False,False,False
5211,QB48111,HOLD_IDENTITY_CONFLICT,False,False,True,False,,False,False,False
5212,QB51602,HOLD_IDENTITY_CONFLICT,False,False,True,False,,False,False,False
5213,QB52502,HOLD_IDENTITY_CONFLICT,False,False,True,False,,False,False,False
5214,QB57602,HOLD_IDENTITY_CONFLICT,False,False,True,False,,False,False,False
5215,QB7115M,HOLD_IDENTITY_CONFLICT,False,False,True,False,,False,False,False
5216,QC213T,HOLD_IDENTITY_CONFLICT,False,False,True,False,,False,False,False
5217,QD291,HOLD_IDENTITY_CONFLICT,False,False,True,False,,False,False,False
5218,QE324,HOLD_IDENTITY_CONFLICT,False,False,True,False,,False,False,False
5219,QE333,HOLD_IDENTITY_CONFLICT,False,False,True,False,,False,False,False
5220,QE343,HOLD_IDENTITY_CONFLICT,False,False,True,False,,False,False,False
5221,QE433,HOLD_IDENTITY_CONFLICT,False,False,True,False,,False,False,False
5222,QE633,HOLD_IDENTITY_CONFLICT,False,False,True,False,,False,False,False
5223,QE831,HOLD_IDENTITY_CONFLICT,False,False,True,False,,False,False,False
5224,QE933,HOLD_IDENTITY_CONFLICT,False,False,True,False,,False,False,False
5225,QE935,HOLD_IDENTITY_CONFLICT,False,False,True,False,,False,False,False
5226,QE936,HOLD_IDENTITY_CONFLICT,False,False,True,False,,False,False,False
5227,QE98L,HOLD_IDENTITY_CONFLICT,False,False,True,False,,False,False,False
5228,QG102,HOLD_IDENTITY_CONFLICT,False,False,True,False,,False,False,False
5229,QG202,HOLD_IDENTITY_CONFLICT,False,False,True,False,,False,False,False
5230,QK112N,HOLD_IDENTITY_CONFLICT,False,False,True,False,,False,False,False
5231,QP123,HOLD_IDENTITY_CONFLICT,False,False,True,False,,False,False,False
5232,QP317,HOLD_IDENTITY_CONFLICT,False,False,True,False,,False,False,False
5233,RA101,HOLD_IDENTITY_CONFLICT,False,False,True,False,,False,False,False
5234,RA102,HOLD_IDENTITY_CONFLICT,False,False,True,False,,False,False,False
5235,RA1131,HOLD_IDENTITY_CONFLICT,False,False,True,False,,False,False,False
5236,RA1132,HOLD_IDENTITY_CONFLICT,False,False,True,False,,False,False,False
5237,RA1142,HOLD_IDENTITY_CONFLICT,False,False,True,False,,False,False,False
5238,RA1162,HOLD_IDENTITY_CONFLICT,False,False,True,False,,False,False,False
5239,RA1232,HOLD_IDENTITY_CONFLICT,False,False,True,False,,False,False,False
5240,RA1242,HOLD_IDENTITY_CONFLICT,False,False,True,False,,False,False,False
5241,RA1272,HOLD_IDENTITY_CONFLICT,False,False,True,False,,False,False,False
5242,RA201,HOLD_IDENTITY_CONFLICT,False,False,True,False,,False,False,False
5243,RA2161,HOLD_IDENTITY_CONFLICT,False,False,True,False,,False,False,False
5244,RA2242,HOLD_IDENTITY_CONFLICT,False,False,True,False,,False,False,False
5245,RA2272,HOLD_IDENTITY_CONFLICT,False,False,True,False,,False,False,False
5246,RA301,HOLD_IDENTITY_CONFLICT,False,False,True,False,,False,False,False
5247,RA3017,HOLD_IDENTITY_CONFLICT,False,False,True,False,,False,False,False
5248,RA302,HOLD_IDENTITY_CONFLICT,False,False,True,False,,False,False,False
5249,RA3123,HOLD_IDENTITY_CONFLICT,False,False,True,False,,False,False,False
5250,RA4008,HOLD_IDENTITY_CONFLICT,False,False,True,False,,False,False,False
5251,RA4108,HOLD_IDENTITY_CONFLICT,False,False,True,False,,False,False,False
5252,RA5005,HOLD_IDENTITY_CONFLICT,False,False,True,False,,False,False,False
5253,RA5105,HOLD_IDENTITY_CONFLICT,False,False,True,False,,False,False,False
5254,RA5117,HOLD_IDENTITY_CONFLICT,False,False,True,False,,False,False,False
5255,RA801,HOLD_IDENTITY_CONFLICT,False,False,True,False,,False,False,False
5256,RA801EA,HOLD_IDENTITY_CONFLICT,False,False,True,False,,False,False,False
5257,RA801ET,HOLD_IDENTITY_CONFLICT,False,False,True,False,,False,False,False
5258,RA802,HOLD_IDENTITY_CONFLICT,False,False,True,False,,False,False,False
5259,SB201,HOLD_IDENTITY_CONFLICT,False,False,True,False,,False,False,False
5260,SB423,HOLD_IDENTITY_CONFLICT,False,False,True,False,,False,False,False
5261,SB710,HOLD_IDENTITY_CONFLICT,False,False,True,False,,False,False,False
5262,SC0517C,HOLD_IDENTITY_CONFLICT,False,False,True,False,,False,False,False
5263,SC212,HOLD_IDENTITY_CONFLICT,False,False,True,False,,False,False,False
5264,SC332,HOLD_IDENTITY_CONFLICT,False,False,True,False,,False,False,False
5265,SC371C,HOLD_IDENTITY_CONFLICT,False,False,True,False,,False,False,False
5266,SC415P,HOLD_IDENTITY_CONFLICT,False,False,True,False,,False,False,False
5267,SG101,HOLD_IDENTITY_CONFLICT,False,False,True,False,,False,False,False
5268,SG400,HOLD_IDENTITY_CONFLICT,False,False,True,False,,False,False,False
5269,SJ1650T,HOLD_IDENTITY_CONFLICT,False,False,True,False,,False,False,False
5270,SJ1830F,HOLD_IDENTITY_CONFLICT,False,False,True,False,,False,False,False
5271,YW-SF-16R-3.25D-20C,HOLD_IDENTITY_CONFLICT,False,False,True,False,,False,False,False
5272,SJ1850F,HOLD_IDENTITY_CONFLICT,False,False,True,False,,False,False,False
5273,YW-SF-20R-3.25D-C25,HOLD_IDENTITY_CONFLICT,False,False,True,False,,False,False,False
5274,SJCN65,HOLD_IDENTITY_CONFLICT,False,False,True,False,,False,False,False
5275,YW-BLMP06-TEBL-C16-16-160-2T,HOLD_IDENTITY_CONFLICT,False,False,True,False,,False,False,False
5276,SK1010,HOLD_IDENTITY_CONFLICT,False,False,True,False,,False,False,False
5277,YW-BLMP06-TEBL-C20-20-160-3T,HOLD_IDENTITY_CONFLICT,False,False,True,False,,False,False,False
5278,SK1131,HOLD_IDENTITY_CONFLICT,False,False,True,False,,False,False,False
5279,YW-BLMP06-TEBL-C25-25-180-4T,HOLD_IDENTITY_CONFLICT,False,False,True,False,,False,False,False
5280,SN1032,HOLD_IDENTITY_CONFLICT,False,False,True,False,,False,False,False
5281,YW-LNMU03-EXNO3R16M16T2-150L,HOLD_IDENTITY_CONFLICT,False,False,True,False,,False,False,False
5282,SN1288,HOLD_IDENTITY_CONFLICT,False,False,True,False,,False,False,False
5283,SO10T,HOLD_IDENTITY_CONFLICT,False,False,True,False,,False,False,False
5284,YW-LNMU03-EXNO3R20M20T3-150L,HOLD_IDENTITY_CONFLICT,False,False,True,False,,False,False,False
5285,SP102,HOLD_IDENTITY_CONFLICT,False,False,True,False,,False,False,False
5286,YW-LNMU03-EXNO3R25M25T4-150L,HOLD_IDENTITY_CONFLICT,False,False,True,False,,False,False,False
5287,SP104,HOLD_IDENTITY_CONFLICT,False,False,True,False,,False,False,False
5288,YW-TXN03R040M16-OE06,HOLD_IDENTITY_CONFLICT,False,False,True,False,,False,False,False
5289,SP105,HOLD_IDENTITY_CONFLICT,False,False,True,False,,False,False,False
5290,YW-TXN03R050M22-OE08,HOLD_IDENTITY_CONFLICT,False,False,True,False,,False,False,False
5291,SR2001KIT,HOLD_IDENTITY_CONFLICT,False,False,True,False,,False,False,False
5292,YW-TXN03R063M22-OE08,HOLD_IDENTITY_CONFLICT,False,False,True,False,,False,False,False
5293,SU8016,HOLD_IDENTITY_CONFLICT,False,False,True,False,,False,False,False
5294,SU9040,HOLD_IDENTITY_CONFLICT,False,False,True,False,,False,False,False
5295,SV1360,HOLD_IDENTITY_CONFLICT,False,False,True,False,,False,False,False
5296,SV2220,HOLD_IDENTITY_CONFLICT,False,False,True,False,,False,False,False
5297,SV2380,HOLD_IDENTITY_CONFLICT,False,False,True,False,,False,False,False
5298,SW12,HOLD_IDENTITY_CONFLICT,False,False,True,False,,False,False,False
5299,SX1618,HOLD_IDENTITY_CONFLICT,False,False,True,False,,False,False,False
5300,SX2101,HOLD_IDENTITY_CONFLICT,False,False,True,False,,False,False,False
5301,SY-2001M,HOLD_IDENTITY_CONFLICT,False,False,True,False,,False,False,False
5302,SZ212A,HOLD_IDENTITY_CONFLICT,False,False,True,False,,False,False,False
5303,TB205025N,HOLD_IDENTITY_CONFLICT,False,False,True,False,,False,False,False
5304,TB320110N,HOLD_IDENTITY_CONFLICT,False,False,True,False,,False,False,False
5305,TB420210,HOLD_IDENTITY_CONFLICT,False,False,True,False,,False,False,False
5306,TB450350N,HOLD_IDENTITY_CONFLICT,False,False,True,False,,False,False,False
5307,TB610060N,HOLD_IDENTITY_CONFLICT,False,False,True,False,,False,False,False
5308,TB620100N,HOLD_IDENTITY_CONFLICT,False,False,True,False,,False,False,False
5309,TE305025N,HOLD_IDENTITY_CONFLICT,False,False,True,False,,False,False,False
5310,TE428210N,HOLD_IDENTITY_CONFLICT,False,False,True,False,,False,False,False
5311,TE442210N,HOLD_IDENTITY_CONFLICT,False,False,True,False,,False,False,False
5312,TE450350N,HOLD_IDENTITY_CONFLICT,False,False,True,False,,False,False,False
5313,TT-BN-H55-1.5X4DX50L-3F,HOLD_WEAK_EVIDENCE,False,False,True,False,,False,False,False
5314,TT-BN-H55-10X10DX75L-3F,HOLD_WEAK_EVIDENCE,False,False,True,False,,False,False,False
5315,TT-BN-H55-12X12DX75L-3F,HOLD_WEAK_EVIDENCE,False,False,True,False,,False,False,False
5316,TT-BN-H55-14X14DX100L-3F,HOLD_WEAK_EVIDENCE,False,False,True,False,,False,False,False
5317,TT-BN-H55-16X16DX100L-3F,HOLD_WEAK_EVIDENCE,False,False,True,False,,False,False,False
5318,TT-BN-H55-18X18DX100L-3F,HOLD_WEAK_EVIDENCE,False,False,True,False,,False,False,False
5319,TT-BN-H55-1X4DX50L-3F,HOLD_WEAK_EVIDENCE,False,False,True,False,,False,False,False
5320,TT-BN-H55-2.5X4DX50L-3F,HOLD_WEAK_EVIDENCE,False,False,True,False,,False,False,False
5321,TT-BN-H55-2X4DX50L-3F,HOLD_WEAK_EVIDENCE,False,False,True,False,,False,False,False
5322,TT-BN-H55-3X3DX50L-3F,HOLD_WEAK_EVIDENCE,False,False,True,False,,False,False,False
5323,TT-BN-H55-3X6DX50L-3F,HOLD_WEAK_EVIDENCE,False,False,True,False,,False,False,False
5324,TT-BN-H55-4X4DX50L-3F,HOLD_WEAK_EVIDENCE,False,False,True,False,,False,False,False
5325,TT-BN-H55-4X6DX50L-3F,HOLD_WEAK_EVIDENCE,False,False,True,False,,False,False,False
5326,TT-BN-H55-5X5DX50L-3F,HOLD_WEAK_EVIDENCE,False,False,True,False,,False,False,False
5327,TT-BN-H55-6X6DX50L-3F,HOLD_WEAK_EVIDENCE,False,False,True,False,,False,False,False
5328,TT-BN-H55-8X8DX60L-3F,HOLD_WEAK_EVIDENCE,False,False,True,False,,False,False,False
5329,TT-BN-H55-R1.5X3DX50L-2F,HOLD_WEAK_EVIDENCE,False,False,True,False,,False,False,False
5330,TT-BN-H55-R1.5X3DX50L-4F,HOLD_WEAK_EVIDENCE,False,False,True,False,,False,False,False
5331,TT-BN-H55-R1.5X3DX75L-2F,HOLD_WEAK_EVIDENCE,False,False,True,False,,False,False,False
5332,TT-BN-H55-R1.5X3DX75L-4F,HOLD_WEAK_EVIDENCE,False,False,True,False,,False,False,False
5333,TT-BN-H55-R1.5X6DX50L-2F,HOLD_WEAK_EVIDENCE,False,False,True,False,,False,False,False
5334,TT-BN-H55-R1.5X6DX75L-2F,HOLD_WEAK_EVIDENCE,False,False,True,False,,False,False,False
5335,TT-BN-H55-R1.75X4DX50L-2F,HOLD_WEAK_EVIDENCE,False,False,True,False,,False,False,False
5336,TT-BN-H55-R10X20DX100L-2T,HOLD_WEAK_EVIDENCE,False,False,True,False,,False,False,False
5337,TT-BN-H55-R10X20DX150L-2T,HOLD_WEAK_EVIDENCE,False,False,True,False,,False,False,False
5338,TT-BN-H55-R10X20DX200L-2T,HOLD_WEAK_EVIDENCE,False,False,True,False,,False,False,False
5339,TT-BN-H55-R2.25X6DX50L-2F,HOLD_WEAK_EVIDENCE,False,False,True,False,,False,False,False
5340,TT-BN-H55-R2.5X5DX100L-2F,HOLD_WEAK_EVIDENCE,False,False,True,False,,False,False,False
5341,TT-BN-H55-R2.5X5DX50L-2F,HOLD_WEAK_EVIDENCE,False,False,True,False,,False,False,False
5342,TT-BN-H55-R2.5X5DX50L-4F,HOLD_WEAK_EVIDENCE,False,False,True,False,,False,False,False
5343,TT-BN-H55-R2.5X5DX75L-2F,HOLD_WEAK_EVIDENCE,False,False,True,False,,False,False,False
5344,TT-BN-H55-R2.5X5DX75L-4F,HOLD_WEAK_EVIDENCE,False,False,True,False,,False,False,False
5345,TT-BN-H55-R2.75X6DX50L-2F,HOLD_WEAK_EVIDENCE,False,False,True,False,,False,False,False
5346,TT-BN-H55-R2X4DX50L-2F,HOLD_WEAK_EVIDENCE,False,False,True,False,,False,False,False
5347,TT-BN-H55-R2X4DX50L-4F,HOLD_WEAK_EVIDENCE,False,False,True,False,,False,False,False
5348,TT-BN-H55-R2X4DX75L-2F,HOLD_WEAK_EVIDENCE,False,False,True,False,,False,False,False
5349,TT-BN-H55-R2X4DX75L-4F,HOLD_WEAK_EVIDENCE,False,False,True,False,,False,False,False
5350,TT-BN-H55-R2X6DX50L-2F,HOLD_WEAK_EVIDENCE,False,False,True,False,,False,False,False
5351,TT-BN-H55-R2X6DX75L-2F,HOLD_WEAK_EVIDENCE,False,False,True,False,,False,False,False
5352,TT-BN-H55-R3X6DX100L-2F,HOLD_WEAK_EVIDENCE,False,False,True,False,,False,False,False
5353,TT-BN-H55-R3X6DX150L-2F,HOLD_WEAK_EVIDENCE,False,False,True,False,,False,False,False
5354,TT-BN-H55-R3X6DX50L-2F,HOLD_WEAK_EVIDENCE,False,False,True,False,,False,False,False
5355,TT-BN-H55-R3X6DX50L-4F,HOLD_WEAK_EVIDENCE,False,False,True,False,,False,False,False
5356,TT-BN-H55-R3X6DX75L-2F,HOLD_WEAK_EVIDENCE,False,False,True,False,,False,False,False
5357,TT-BN-H55-R3X6DX75L-4F,HOLD_WEAK_EVIDENCE,False,False,True,False,,False,False,False
5358,TT-BN-H55-R4X8DX100L-2F,HOLD_WEAK_EVIDENCE,False,False,True,False,,False,False,False
5359,TT-BN-H55-R4X8DX100L-4F,HOLD_WEAK_EVIDENCE,False,False,True,False,,False,False,False
5360,TT-BN-H55-R4X8DX150L-2F,HOLD_WEAK_EVIDENCE,False,False,True,False,,False,False,False
5361,TT-BN-H55-R4X8DX200L-2F,HOLD_WEAK_EVIDENCE,False,False,True,False,,False,False,False
5362,TT-BN-H55-R4X8DX60L-2F,HOLD_WEAK_EVIDENCE,False,False,True,False,,False,False,False
5363,TT-BN-H55-R4X8DX60L-4F,HOLD_WEAK_EVIDENCE,False,False,True,False,,False,False,False
5364,TT-BN-H55-R5X10DX100L-2F,HOLD_WEAK_EVIDENCE,False,False,True,False,,False,False,False
5365,TT-BN-H55-R5X10DX100L-4F,HOLD_WEAK_EVIDENCE,False,False,True,False,,False,False,False
5366,TT-BN-H55-R5X10DX150L-2F,HOLD_WEAK_EVIDENCE,False,False,True,False,,False,False,False
5367,TT-BN-H55-R5X10DX200L-2F,HOLD_WEAK_EVIDENCE,False,False,True,False,,False,False,False
5368,TT-BN-H55-R5X10DX75L-2F,HOLD_WEAK_EVIDENCE,False,False,True,False,,False,False,False
5369,TT-BN-H55-R5X10DX75L-4F,HOLD_WEAK_EVIDENCE,False,False,True,False,,False,False,False
5370,TT-BN-H55-R6X12DX100L-2F,HOLD_WEAK_EVIDENCE,False,False,True,False,,False,False,False
5371,TT-BN-H55-R6X12DX100L-4F,HOLD_WEAK_EVIDENCE,False,False,True,False,,False,False,False
5372,TT-BN-H55-R6X12DX150L-2F,HOLD_WEAK_EVIDENCE,False,False,True,False,,False,False,False
5373,TT-BN-H55-R6X12DX200L-2F,HOLD_WEAK_EVIDENCE,False,False,True,False,,False,False,False
5374,TT-BN-H55-R6X12DX75L-2F,HOLD_WEAK_EVIDENCE,False,False,True,False,,False,False,False
5375,TT-BN-H55-R6X12DX75L-4F,HOLD_WEAK_EVIDENCE,False,False,True,False,,False,False,False
5376,TT-BN-H55-R7X14DX100L-2T,HOLD_WEAK_EVIDENCE,False,False,True,False,,False,False,False
5377,TT-BN-H55-R7X14DX150L-2T,HOLD_WEAK_EVIDENCE,False,False,True,False,,False,False,False
5378,TT-BN-H55-R7X14DX200L-2T,HOLD_WEAK_EVIDENCE,False,False,True,False,,False,False,False
5379,TT-BN-H55-R8X16DX100L-2T,HOLD_WEAK_EVIDENCE,False,False,True,False,,False,False,False
5380,TT-BN-H55-R8X16DX150L-2T,HOLD_WEAK_EVIDENCE,False,False,True,False,,False,False,False
5381,TT-BN-H55-R8X16DX200L-2T,HOLD_WEAK_EVIDENCE,False,False,True,False,,False,False,False
5382,TT-BN-H55-R9X18DX100L-2T,HOLD_WEAK_EVIDENCE,False,False,True,False,,False,False,False
5383,TT-BN-H55-R9X18DX150L-2T,HOLD_WEAK_EVIDENCE,False,False,True,False,,False,False,False
5384,TT-BN-H55-R9X18DX200L-2T,HOLD_WEAK_EVIDENCE,False,False,True,False,,False,False,False
5385,TT-BN-H65-R1.5X3DX100L-2T,HOLD_WEAK_EVIDENCE,False,False,True,False,,False,False,False
5386,TT-BN-H65-R1.5X3DX50L-2T,HOLD_WEAK_EVIDENCE,False,False,True,False,,False,False,False
5387,TT-BN-H65-R10X20DX100L-2T,HOLD_WEAK_EVIDENCE,False,False,True,False,,False,False,False
5388,TT-BN-H65-R10X20DX150L-2T,HOLD_WEAK_EVIDENCE,False,False,True,False,,False,False,False
5389,TT-BN-H65-R2.5X5DX100L-2T,HOLD_WEAK_EVIDENCE,False,False,True,False,,False,False,False
5390,TT-BN-H65-R2.5X5DX50L-2T,HOLD_WEAK_EVIDENCE,False,False,True,False,,False,False,False
5391,TT-BN-H65-R2X4DX100L-2T,HOLD_WEAK_EVIDENCE,False,False,True,False,,False,False,False
5392,TT-BN-H65-R2X4DX50L-2T,HOLD_WEAK_EVIDENCE,False,False,True,False,,False,False,False
5393,TT-BN-H65-R3X6DX100L-2T,HOLD_WEAK_EVIDENCE,False,False,True,False,,False,False,False
5394,TT-BN-H65-R3X6DX50L-2T,HOLD_WEAK_EVIDENCE,False,False,True,False,,False,False,False
5395,TT-BN-H65-R4X8DX100L-2T,HOLD_WEAK_EVIDENCE,False,False,True,False,,False,False,False
5396,TT-BN-H65-R4X8DX60L-2T,HOLD_WEAK_EVIDENCE,False,False,True,False,,False,False,False
5397,TT-BN-H65-R5X10DX100L-2T,HOLD_WEAK_EVIDENCE,False,False,True,False,,False,False,False
5398,TT-BN-H65-R5X10DX150L-2T,HOLD_WEAK_EVIDENCE,False,False,True,False,,False,False,False
5399,TT-BN-H65-R5X10DX75L-2T,HOLD_WEAK_EVIDENCE,False,False,True,False,,False,False,False
5400,TT-BN-H65-R6X12DX100L-2T,HOLD_WEAK_EVIDENCE,False,False,True,False,,False,False,False
5401,TT-BN-H65-R6X12DX150L-2T,HOLD_WEAK_EVIDENCE,False,False,True,False,,False,False,False
5402,TT-BN-H65-R6X12DX75L-2T,HOLD_WEAK_EVIDENCE,False,False,True,False,,False,False,False
5403,TT-BN-H65-R7X14DX100L-2T,HOLD_WEAK_EVIDENCE,False,False,True,False,,False,False,False
5404,TT-BN-H65-R7X14DX150L-2T,HOLD_WEAK_EVIDENCE,False,False,True,False,,False,False,False
5405,TT-BN-H65-R8X16DX100L-2T,HOLD_WEAK_EVIDENCE,False,False,True,False,,False,False,False
5406,TT-BN-H65-R8X16DX150L-2T,HOLD_WEAK_EVIDENCE,False,False,True,False,,False,False,False
5407,TT-BN-H65-R9X18DX100L-2T,HOLD_WEAK_EVIDENCE,False,False,True,False,,False,False,False
5408,TT-BN-H65-R9X18DX150L-2T,HOLD_WEAK_EVIDENCE,False,False,True,False,,False,False,False
5409,TT-CD-H55-1.6DX4DX2X40L,HOLD_WEAK_EVIDENCE,False,False,True,False,,False,False,False
5410,TT-CD-H55-1DX3DX1.3X40L,HOLD_WEAK_EVIDENCE,False,False,True,False,,False,False,False
5411,TT-CD-H55-2.5DX6DX3X45L,HOLD_WEAK_EVIDENCE,False,False,True,False,,False,False,False
5412,TT-CD-H55-2DX5DX2.5X40L,HOLD_WEAK_EVIDENCE,False,False,True,False,,False,False,False
5413,TT-CD-H55-3.15DX8DX3.9X50L,HOLD_WEAK_EVIDENCE,False,False,True,False,,False,False,False
5414,TT-CD-H55-3.15DX8DX3.9X75L,HOLD_WEAK_EVIDENCE,False,False,True,False,,False,False,False
5415,TT-CD-H55-4DX10DX5X56L,HOLD_WEAK_EVIDENCE,False,False,True,False,,False,False,False
5416,TT-CD-H55-4DX10DX5X75L,HOLD_WEAK_EVIDENCE,False,False,True,False,,False,False,False
5417,TT-CD-H55-5DX12DX6.3X63L,HOLD_WEAK_EVIDENCE,False,False,True,False,,False,False,False
5418,TT-CS60-H55-10X10DX75L-2F,HOLD_WEAK_EVIDENCE,False,False,True,False,,False,False,False
5419,TT-CS60-H55-12X12DX75L-2F,HOLD_WEAK_EVIDENCE,False,False,True,False,,False,False,False
5420,TT-CS60-H55-14X14DX100L-2F,HOLD_WEAK_EVIDENCE,False,False,True,False,,False,False,False
5421,TT-CS60-H55-16X16DX100L-2F,HOLD_WEAK_EVIDENCE,False,False,True,False,,False,False,False
5422,TT-CS60-H55-3X3DX50L-2F,HOLD_WEAK_EVIDENCE,False,False,True,False,,False,False,False
5423,TT-CS60-H55-4X4DX50L-2F,HOLD_WEAK_EVIDENCE,False,False,True,False,,False,False,False
5424,TT-CS60-H55-5X5DX50L-2F,HOLD_WEAK_EVIDENCE,False,False,True,False,,False,False,False
5425,TT-CS60-H55-6X6DX50L-2F,HOLD_WEAK_EVIDENCE,False,False,True,False,,False,False,False
5426,TT-CS60-H55-8X8DX60L-2F,HOLD_WEAK_EVIDENCE,False,False,True,False,,False,False,False
5427,TT-CS90-H55-10X10DX75L-4F,HOLD_WEAK_EVIDENCE,False,False,True,False,,False,False,False
5428,TT-CS90-H55-12X12DX75L-4F,HOLD_WEAK_EVIDENCE,False,False,True,False,,False,False,False
5429,TT-CS90-H55-14X14DX100L-4F,HOLD_WEAK_EVIDENCE,False,False,True,False,,False,False,False
5430,TT-CS90-H55-16X16DX100L-4F,HOLD_WEAK_EVIDENCE,False,False,True,False,,False,False,False
5431,TT-CS90-H55-3X3DX50L-4F,HOLD_WEAK_EVIDENCE,False,False,True,False,,False,False,False
5432,TT-CS90-H55-4X4DX50L-4F,HOLD_WEAK_EVIDENCE,False,False,True,False,,False,False,False
5433,TT-CS90-H55-5X5DX50L-4F,HOLD_WEAK_EVIDENCE,False,False,True,False,,False,False,False
5434,TT-CS90-H55-6X6DX50L-4F,HOLD_WEAK_EVIDENCE,False,False,True,False,,False,False,False
5435,TT-CS90-H55-8X8DX60L-4F,HOLD_WEAK_EVIDENCE,False,False,True,False,,False,False,False
5436,TT-DR-H55-1.1X38L,HOLD_WEAK_EVIDENCE,False,False,True,False,,False,False,False
5437,TT-DR-H55-1.2X38L,HOLD_WEAK_EVIDENCE,False,False,True,False,,False,False,False
5438,TT-DR-H55-1.3X38L,HOLD_WEAK_EVIDENCE,False,False,True,False,,False,False,False
5439,TT-DR-H55-1.4X38L,HOLD_WEAK_EVIDENCE,False,False,True,False,,False,False,False
5440,TT-DR-H55-1.5X38L,HOLD_WEAK_EVIDENCE,False,False,True,False,,False,False,False
5441,TT-DR-H55-1.6X38L,HOLD_WEAK_EVIDENCE,False,False,True,False,,False,False,False
5442,TT-DR-H55-1.7X38L,HOLD_WEAK_EVIDENCE,False,False,True,False,,False,False,False
5443,TT-DR-H55-1.8X38L,HOLD_WEAK_EVIDENCE,False,False,True,False,,False,False,False
5444,TT-DR-H55-1.9X38L,HOLD_WEAK_EVIDENCE,False,False,True,False,,False,False,False
5445,TT-DR-H55-10.2X95L,HOLD_WEAK_EVIDENCE,False,False,True,False,,False,False,False
5446,TT-DR-H55-10.5X95L,HOLD_WEAK_EVIDENCE,False,False,True,False,,False,False,False
5447,TT-DR-H55-10X89L,HOLD_WEAK_EVIDENCE,False,False,True,False,,False,False,False
5448,TT-DR-H55-11.5X102L,HOLD_WEAK_EVIDENCE,False,False,True,False,,False,False,False
5449,TT-DR-H55-11X95L,HOLD_WEAK_EVIDENCE,False,False,True,False,,False,False,False
5450,TT-DR-H55-12.2X102L,HOLD_WEAK_EVIDENCE,False,False,True,False,,False,False,False
5451,TT-DR-H55-12.5X102L,HOLD_WEAK_EVIDENCE,False,False,True,False,,False,False,False
5452,TT-DR-H55-12X102L,HOLD_WEAK_EVIDENCE,False,False,True,False,,False,False,False
5453,TT-DR-H55-13.5X102L,HOLD_WEAK_EVIDENCE,False,False,True,False,,False,False,False
5454,TT-DR-H55-13.8X102L,HOLD_WEAK_EVIDENCE,False,False,True,False,,False,False,False
5455,TT-DR-H55-13X102L,HOLD_WEAK_EVIDENCE,False,False,True,False,,False,False,False
5456,TT-DR-H55-14.5X107L,HOLD_WEAK_EVIDENCE,False,False,True,False,,False,False,False
5457,TT-DR-H55-14X107L,HOLD_WEAK_EVIDENCE,False,False,True,False,,False,False,False
5458,TT-DR-H55-15.5X111L,HOLD_WEAK_EVIDENCE,False,False,True,False,,False,False,False
5459,TT-DR-H55-15X111L,HOLD_WEAK_EVIDENCE,False,False,True,False,,False,False,False
5460,TT-DR-H55-16.5X115L,HOLD_WEAK_EVIDENCE,False,False,True,False,,False,False,False
5461,TT-DR-H55-16X115L,HOLD_WEAK_EVIDENCE,False,False,True,False,,False,False,False
5462,TT-DR-H55-17.5X119L,HOLD_WEAK_EVIDENCE,False,False,True,False,,False,False,False
5463,TT-DR-H55-17X119L,HOLD_WEAK_EVIDENCE,False,False,True,False,,False,False,False
5464,TT-DR-H55-18.5X123L,HOLD_WEAK_EVIDENCE,False,False,True,False,,False,False,False
5465,TT-DR-H55-18X123L,HOLD_WEAK_EVIDENCE,False,False,True,False,,False,False,False
5466,TT-DR-H55-19X127L,HOLD_WEAK_EVIDENCE,False,False,True,False,,False,False,False
5467,TT-DR-H55-1X1DX38X65L,HOLD_WEAK_EVIDENCE,False,False,True,False,,False,False,False
5468,TT-DR-H55-1X38L,HOLD_WEAK_EVIDENCE,False,False,True,False,,False,False,False
5469,TT-DR-H55-2.1X50L,HOLD_WEAK_EVIDENCE,False,False,True,False,,False,False,False
5470,TT-DR-H55-2.2X50L,HOLD_WEAK_EVIDENCE,False,False,True,False,,False,False,False
5471,TT-DR-H55-2.3X50L,HOLD_WEAK_EVIDENCE,False,False,True,False,,False,False,False
5472,TT-DR-H55-2.4X50L,HOLD_WEAK_EVIDENCE,False,False,True,False,,False,False,False
5473,TT-DR-H55-2.5X50L,HOLD_WEAK_EVIDENCE,False,False,True,False,,False,False,False
5474,TT-DR-H55-2.6X50L,HOLD_WEAK_EVIDENCE,False,False,True,False,,False,False,False
5475,TT-DR-H55-2.7X50L,HOLD_WEAK_EVIDENCE,False,False,True,False,,False,False,False
5476,TT-DR-H55-2.8X50L,HOLD_WEAK_EVIDENCE,False,False,True,False,,False,False,False
5477,TT-DR-H55-2.9X50L,HOLD_WEAK_EVIDENCE,False,False,True,False,,False,False,False
5478,TT-DR-H55-20X131L,HOLD_WEAK_EVIDENCE,False,False,True,False,,False,False,False
5479,TT-DR-H55-2X50L,HOLD_WEAK_EVIDENCE,False,False,True,False,,False,False,False
5480,TT-DR-H55-3.1X60L,HOLD_WEAK_EVIDENCE,False,False,True,False,,False,False,False
5481,TT-DR-H55-3.2X60L,HOLD_WEAK_EVIDENCE,False,False,True,False,,False,False,False
5482,TT-DR-H55-3.3X60L,HOLD_WEAK_EVIDENCE,False,False,True,False,,False,False,False
5483,TT-DR-H55-3.4X60L,HOLD_WEAK_EVIDENCE,False,False,True,False,,False,False,False
5484,TT-DR-H55-3.5X60L,HOLD_WEAK_EVIDENCE,False,False,True,False,,False,False,False
5485,TT-DR-H55-3.6X60L,HOLD_WEAK_EVIDENCE,False,False,True,False,,False,False,False
5486,TT-DR-H55-3.7X60L,HOLD_WEAK_EVIDENCE,False,False,True,False,,False,False,False
5487,TT-DR-H55-3.8X60L,HOLD_WEAK_EVIDENCE,False,False,True,False,,False,False,False
5488,TT-DR-H55-3.9X60L,HOLD_WEAK_EVIDENCE,False,False,True,False,,False,False,False
5489,TT-DR-H55-3X60L,HOLD_WEAK_EVIDENCE,False,False,True,False,,False,False,False
5490,TT-DR-H55-4.1X62L,HOLD_WEAK_EVIDENCE,False,False,True,False,,False,False,False
5491,TT-DR-H55-4.2X62L,HOLD_WEAK_EVIDENCE,False,False,True,False,,False,False,False
5492,TT-DR-H55-4.3X62L,HOLD_WEAK_EVIDENCE,False,False,True,False,,False,False,False
5493,TT-DR-H55-4.4X62L,HOLD_WEAK_EVIDENCE,False,False,True,False,,False,False,False
5494,TT-DR-H55-4.5X62L,HOLD_WEAK_EVIDENCE,False,False,True,False,,False,False,False
5495,TT-DR-H55-4.6X62L,HOLD_WEAK_EVIDENCE,False,False,True,False,,False,False,False
5496,TT-DR-H55-4.7X62L,HOLD_WEAK_EVIDENCE,False,False,True,False,,False,False,False
5497,TT-DR-H55-4.8X62L,HOLD_WEAK_EVIDENCE,False,False,True,False,,False,False,False
5498,TT-DR-H55-4.9X62L,HOLD_WEAK_EVIDENCE,False,False,True,False,,False,False,False
5499,TT-DR-H55-4X60L,HOLD_WEAK_EVIDENCE,False,False,True,False,,False,False,False
5500,TT-DR-H55-5.1X62L,HOLD_WEAK_EVIDENCE,False,False,True,False,,False,False,False
5501,TT-DR-H55-5.2X66L,HOLD_WEAK_EVIDENCE,False,False,True,False,,False,False,False
5502,TT-DR-H55-5.3X66L,HOLD_WEAK_EVIDENCE,False,False,True,False,,False,False,False
5503,TT-DR-H55-5.4X66L,HOLD_WEAK_EVIDENCE,False,False,True,False,,False,False,False
5504,TT-DR-H55-5.5X66L,HOLD_WEAK_EVIDENCE,False,False,True,False,,False,False,False
5505,TT-DR-H55-5.6X66L,HOLD_WEAK_EVIDENCE,False,False,True,False,,False,False,False
5506,TT-DR-H55-5.7X66L,HOLD_WEAK_EVIDENCE,False,False,True,False,,False,False,False
5507,TT-DR-H55-5.8X66L,HOLD_WEAK_EVIDENCE,False,False,True,False,,False,False,False
5508,TT-DR-H55-5.9X66L,HOLD_WEAK_EVIDENCE,False,False,True,False,,False,False,False
5509,TT-DR-H55-5X62L,HOLD_WEAK_EVIDENCE,False,False,True,False,,False,False,False
5510,TT-DR-H55-6.1X66L,HOLD_WEAK_EVIDENCE,False,False,True,False,,False,False,False
5511,TT-DR-H55-6.2X74L,HOLD_WEAK_EVIDENCE,False,False,True,False,,False,False,False
5512,TT-DR-H55-6.3X74L,HOLD_WEAK_EVIDENCE,False,False,True,False,,False,False,False
5513,TT-DR-H55-6.4X74L,HOLD_WEAK_EVIDENCE,False,False,True,False,,False,False,False
5514,TT-DR-H55-6.5X74L,HOLD_WEAK_EVIDENCE,False,False,True,False,,False,False,False
5515,TT-DR-H55-6.6X74L,HOLD_WEAK_EVIDENCE,False,False,True,False,,False,False,False
5516,TT-DR-H55-6.7X74L,HOLD_WEAK_EVIDENCE,False,False,True,False,,False,False,False
5517,TT-DR-H55-6.8X74L,HOLD_WEAK_EVIDENCE,False,False,True,False,,False,False,False
5518,TT-DR-H55-6.9X74L,HOLD_WEAK_EVIDENCE,False,False,True,False,,False,False,False
5519,TT-DR-H55-6X66L,HOLD_WEAK_EVIDENCE,False,False,True,False,,False,False,False
5520,TT-DR-H55-7.1X74L,HOLD_WEAK_EVIDENCE,False,False,True,False,,False,False,False
5521,TT-DR-H55-7.2X74L,HOLD_WEAK_EVIDENCE,False,False,True,False,,False,False,False
5522,TT-DR-H55-7.3X74L,HOLD_WEAK_EVIDENCE,False,False,True,False,,False,False,False
5523,TT-DR-H55-7.4X74L,HOLD_WEAK_EVIDENCE,False,False,True,False,,False,False,False
5524,TT-DR-H55-7.5X79L,HOLD_WEAK_EVIDENCE,False,False,True,False,,False,False,False
5525,TT-DR-H55-7.6X79L,HOLD_WEAK_EVIDENCE,False,False,True,False,,False,False,False
5526,TT-DR-H55-7.7X79L,HOLD_WEAK_EVIDENCE,False,False,True,False,,False,False,False
5527,TT-DR-H55-7.8X79L,HOLD_WEAK_EVIDENCE,False,False,True,False,,False,False,False
5528,TT-DR-H55-7.9X79L,HOLD_WEAK_EVIDENCE,False,False,True,False,,False,False,False
5529,TT-DR-H55-7X74L,HOLD_WEAK_EVIDENCE,False,False,True,False,,False,False,False
5530,TT-DR-H55-8.1X79L,HOLD_WEAK_EVIDENCE,False,False,True,False,,False,False,False
5531,TT-DR-H55-8.2X79L,HOLD_WEAK_EVIDENCE,False,False,True,False,,False,False,False
5532,TT-DR-H55-8.3X79L,HOLD_WEAK_EVIDENCE,False,False,True,False,,False,False,False
5533,TT-DR-H55-8.4X79L,HOLD_WEAK_EVIDENCE,False,False,True,False,,False,False,False
5534,TT-DR-H55-8.5X84L,HOLD_WEAK_EVIDENCE,False,False,True,False,,False,False,False
5535,TT-DR-H55-8.6X84L,HOLD_WEAK_EVIDENCE,False,False,True,False,,False,False,False
5536,TT-DR-H55-8.7X84L,HOLD_WEAK_EVIDENCE,False,False,True,False,,False,False,False
5537,TT-DR-H55-8.8X84L,HOLD_WEAK_EVIDENCE,False,False,True,False,,False,False,False
5538,TT-DR-H55-8.9X84L,HOLD_WEAK_EVIDENCE,False,False,True,False,,False,False,False
5539,TT-DR-H55-8X79L,HOLD_WEAK_EVIDENCE,False,False,True,False,,False,False,False
5540,TT-DR-H55-9.1X84L,HOLD_WEAK_EVIDENCE,False,False,True,False,,False,False,False
5541,TT-DR-H55-9.2X84L,HOLD_WEAK_EVIDENCE,False,False,True,False,,False,False,False
5542,TT-DR-H55-9.3X84L,HOLD_WEAK_EVIDENCE,False,False,True,False,,False,False,False
5543,TT-DR-H55-9.4X84L,HOLD_WEAK_EVIDENCE,False,False,True,False,,False,False,False
5544,TT-DR-H55-9.5X89L,HOLD_WEAK_EVIDENCE,False,False,True,False,,False,False,False
5545,TT-DR-H55-9.6X89L,HOLD_WEAK_EVIDENCE,False,False,True,False,,False,False,False
5546,TT-DR-H55-9.7X89L,HOLD_WEAK_EVIDENCE,False,False,True,False,,False,False,False
5547,TT-DR-H55-9.8X89L,HOLD_WEAK_EVIDENCE,False,False,True,False,,False,False,False
5548,TT-DR-H55-9.9X89L,HOLD_WEAK_EVIDENCE,False,False,True,False,,False,False,False
5549,TT-DR-H55-9X84L,HOLD_WEAK_EVIDENCE,False,False,True,False,,False,False,False
5550,TT-EM-H55-0.2X4DX50L-2T,HOLD_WEAK_EVIDENCE,False,False,True,False,,False,False,False
5551,TT-EM-H55-0.3X4DX50L-2T,HOLD_WEAK_EVIDENCE,False,False,True,False,,False,False,False
5552,TT-EM-H55-0.4X4DX50L-2T,HOLD_WEAK_EVIDENCE,False,False,True,False,,False,False,False
5553,TT-EM-H55-0.5X3DX50L-2T,HOLD_WEAK_EVIDENCE,False,False,True,False,,False,False,False
5554,TT-EM-H55-0.6X3DX50L-2T,HOLD_WEAK_EVIDENCE,False,False,True,False,,False,False,False
5555,TT-EM-H55-0.7X3DX50L-2T,HOLD_WEAK_EVIDENCE,False,False,True,False,,False,False,False
5556,TT-EM-H55-0.8X3DX50L-2T,HOLD_WEAK_EVIDENCE,False,False,True,False,,False,False,False
5557,TT-EM-H55-1.5X4DX50L-2T,HOLD_WEAK_EVIDENCE,False,False,True,False,,False,False,False
5558,TT-EM-H55-1.5X4DX50L-4T,HOLD_WEAK_EVIDENCE,False,False,True,False,,False,False,False
5559,TT-EM-H55-1.5X4DX75L-4T,HOLD_WEAK_EVIDENCE,False,False,True,False,,False,False,False
5560,TT-EM-H55-1.5X6DX50L-4T,HOLD_WEAK_EVIDENCE,False,False,True,False,,False,False,False
5561,TT-EM-H55-10X10DX100L-3F,HOLD_WEAK_EVIDENCE,False,False,True,False,,False,False,False
5562,TT-EM-H55-10X10DX100L-4T,HOLD_WEAK_EVIDENCE,False,False,True,False,,False,False,False
5563,TT-EM-H55-10X10DX150L-3F,HOLD_WEAK_EVIDENCE,False,False,True,False,,False,False,False
5564,TT-EM-H55-10X10DX150L-4T,HOLD_WEAK_EVIDENCE,False,False,True,False,,False,False,False
5565,TT-EM-H55-10X10DX200L-4T,HOLD_WEAK_EVIDENCE,False,False,True,False,,False,False,False
5566,TT-EM-H55-10X10DX75L-2T,HOLD_WEAK_EVIDENCE,False,False,True,False,,False,False,False
5567,TT-EM-H55-10X10DX75L-4T,HOLD_WEAK_EVIDENCE,False,False,True,False,,False,False,False
5568,TT-EM-H55-10X10DX75L-6T,HOLD_WEAK_EVIDENCE,False,False,True,False,,False,False,False
5569,TT-EM-H55-11X11DX75L-4T,HOLD_WEAK_EVIDENCE,False,False,True,False,,False,False,False
5570,TT-EM-H55-12X12DX100L-3F,HOLD_WEAK_EVIDENCE,False,False,True,False,,False,False,False
5571,TT-EM-H55-12X12DX100L-4T,HOLD_WEAK_EVIDENCE,False,False,True,False,,False,False,False
5572,TT-EM-H55-12X12DX150L-3F,HOLD_WEAK_EVIDENCE,False,False,True,False,,False,False,False
5573,TT-EM-H55-12X12DX150L-4T,HOLD_WEAK_EVIDENCE,False,False,True,False,,False,False,False
5574,TT-EM-H55-12X12DX200L-4T,HOLD_WEAK_EVIDENCE,False,False,True,False,,False,False,False
5575,TT-EM-H55-12X12DX75L-2T,HOLD_WEAK_EVIDENCE,False,False,True,False,,False,False,False
5576,TT-EM-H55-12X12DX75L-4T,HOLD_WEAK_EVIDENCE,False,False,True,False,,False,False,False
5577,TT-EM-H55-12X12DX75L-6T,HOLD_WEAK_EVIDENCE,False,False,True,False,,False,False,False
5578,TT-EM-H55-13X13DX100L-4T,HOLD_WEAK_EVIDENCE,False,False,True,False,,False,False,False
5579,TT-EM-H55-14X14DX100L-2T,HOLD_WEAK_EVIDENCE,False,False,True,False,,False,False,False
5580,TT-EM-H55-14X14DX100L-4T,HOLD_WEAK_EVIDENCE,False,False,True,False,,False,False,False
5581,TT-EM-H55-14X14DX100L-6T,HOLD_WEAK_EVIDENCE,False,False,True,False,,False,False,False
5582,TT-EM-H55-14X14DX150L-3F,HOLD_WEAK_EVIDENCE,False,False,True,False,,False,False,False
5583,TT-EM-H55-14X14DX150L-4T,HOLD_WEAK_EVIDENCE,False,False,True,False,,False,False,False
5584,TT-EM-H55-14X14DX200L-4T,HOLD_WEAK_EVIDENCE,False,False,True,False,,False,False,False
5585,TT-EM-H55-15X15DX100L-4T,HOLD_WEAK_EVIDENCE,False,False,True,False,,False,False,False
5586,TT-EM-H55-16X16DX100L-2T,HOLD_WEAK_EVIDENCE,False,False,True,False,,False,False,False
5587,TT-EM-H55-16X16DX100L-4T,HOLD_WEAK_EVIDENCE,False,False,True,False,,False,False,False
5588,TT-EM-H55-16X16DX100L-6T,HOLD_WEAK_EVIDENCE,False,False,True,False,,False,False,False
5589,TT-EM-H55-16X16DX150L-3F,HOLD_WEAK_EVIDENCE,False,False,True,False,,False,False,False
5590,TT-EM-H55-16X16DX150L-4T,HOLD_WEAK_EVIDENCE,False,False,True,False,,False,False,False
5591,TT-EM-H55-16X16DX200L-4T,HOLD_WEAK_EVIDENCE,False,False,True,False,,False,False,False
5592,TT-EM-H55-17X17DX100L-4T,HOLD_WEAK_EVIDENCE,False,False,True,False,,False,False,False
5593,TT-EM-H55-18X18DX100L-2T,HOLD_WEAK_EVIDENCE,False,False,True,False,,False,False,False
5594,TT-EM-H55-18X18DX100L-4T,HOLD_WEAK_EVIDENCE,False,False,True,False,,False,False,False
5595,TT-EM-H55-18X18DX100L-6T,HOLD_WEAK_EVIDENCE,False,False,True,False,,False,False,False
5596,TT-EM-H55-18X18DX150L-3F,HOLD_WEAK_EVIDENCE,False,False,True,False,,False,False,False
5597,TT-EM-H55-18X18DX150L-4T,HOLD_WEAK_EVIDENCE,False,False,True,False,,False,False,False
5598,TT-EM-H55-18X18DX200L-4T,HOLD_WEAK_EVIDENCE,False,False,True,False,,False,False,False
5599,TT-EM-H55-19X19DX100L-4T,HOLD_WEAK_EVIDENCE,False,False,True,False,,False,False,False
5600,TT-EM-H55-1X4DX50L-2T,HOLD_WEAK_EVIDENCE,False,False,True,False,,False,False,False
5601,TT-EM-H55-1X4DX50L-3F,HOLD_WEAK_EVIDENCE,False,False,True,False,,False,False,False
5602,TT-EM-H55-1X4DX50L-4T,HOLD_WEAK_EVIDENCE,False,False,True,False,,False,False,False
5603,TT-EM-H55-1X4DX75L-4T,HOLD_WEAK_EVIDENCE,False,False,True,False,,False,False,False
5604,TT-EM-H55-1X6DX50L-4T,HOLD_WEAK_EVIDENCE,False,False,True,False,,False,False,False
5605,TT-EM-H55-2.5X2.5DX50L-4T,HOLD_WEAK_EVIDENCE,False,False,True,False,,False,False,False
5606,TT-EM-H55-2.5X2.5DX75L-4T,HOLD_WEAK_EVIDENCE,False,False,True,False,,False,False,False
5607,TT-EM-H55-2.5X4DX50L-2T,HOLD_WEAK_EVIDENCE,False,False,True,False,,False,False,False
5608,TT-EM-H55-2.5X4DX50L-4T,HOLD_WEAK_EVIDENCE,False,False,True,False,,False,False,False
5609,TT-EM-H55-2.5X6DX50L-4T,HOLD_WEAK_EVIDENCE,False,False,True,False,,False,False,False
5610,TT-EM-H55-20X20DX100L-2T,HOLD_WEAK_EVIDENCE,False,False,True,False,,False,False,False
5611,TT-EM-H55-20X20DX100L-3F,HOLD_WEAK_EVIDENCE,False,False,True,False,,False,False,False
5612,TT-EM-H55-20X20DX100L-4T,HOLD_WEAK_EVIDENCE,False,False,True,False,,False,False,False
5613,TT-EM-H55-20X20DX100L-6T,HOLD_WEAK_EVIDENCE,False,False,True,False,,False,False,False
5614,TT-EM-H55-20X20DX150L-3F,HOLD_WEAK_EVIDENCE,False,False,True,False,,False,False,False
5615,TT-EM-H55-20X20DX150L-4T,HOLD_WEAK_EVIDENCE,False,False,True,False,,False,False,False
5616,TT-EM-H55-20X20DX200L-4T,HOLD_WEAK_EVIDENCE,False,False,True,False,,False,False,False
5617,TT-EM-H55-21X21DX100L-4F,HOLD_WEAK_EVIDENCE,False,False,True,False,,False,False,False
5618,TT-EM-H55-22X22DX100L-4F,HOLD_WEAK_EVIDENCE,False,False,True,False,,False,False,False
5619,TT-EM-H55-23X23DX100L-4F,HOLD_WEAK_EVIDENCE,False,False,True,False,,False,False,False
5620,TT-EM-H55-24X24DX100L-4F,HOLD_WEAK_EVIDENCE,False,False,True,False,,False,False,False
5621,TT-EM-H55-25X25DX120L-4F,HOLD_WEAK_EVIDENCE,False,False,True,False,,False,False,False
5622,TT-EM-H55-25X25DX150L-4T,HOLD_WEAK_EVIDENCE,False,False,True,False,,False,False,False
5623,TT-EM-H55-25X25DX200L-4T,HOLD_WEAK_EVIDENCE,False,False,True,False,,False,False,False
5624,TT-EM-H55-26X26DX120L-4F,HOLD_WEAK_EVIDENCE,False,False,True,False,,False,False,False
5625,TT-EM-H55-28X28DX120L-4F,HOLD_WEAK_EVIDENCE,False,False,True,False,,False,False,False
5626,TT-EM-H55-29X29DX120L-4F,HOLD_WEAK_EVIDENCE,False,False,True,False,,False,False,False
5627,TT-EM-H55-2X2DX50L-4T,HOLD_WEAK_EVIDENCE,False,False,True,False,,False,False,False
5628,TT-EM-H55-2X2DX75L-4T,HOLD_WEAK_EVIDENCE,False,False,True,False,,False,False,False
5629,TT-EM-H55-2X4DX50L-2T,HOLD_WEAK_EVIDENCE,False,False,True,False,,False,False,False
5630,TT-EM-H55-2X4DX50L-4T,HOLD_WEAK_EVIDENCE,False,False,True,False,,False,False,False
5631,TT-EM-H55-2X4DX75L-4T,HOLD_WEAK_EVIDENCE,False,False,True,False,,False,False,False
5632,TT-EM-H55-2X6DX50L-4T,HOLD_WEAK_EVIDENCE,False,False,True,False,,False,False,False
5633,TT-EM-H55-3.5X3.5DX50L-4T,HOLD_WEAK_EVIDENCE,False,False,True,False,,False,False,False
5634,TT-EM-H55-30X30DX120L-4F,HOLD_WEAK_EVIDENCE,False,False,True,False,,False,False,False
5635,TT-EM-H55-32X32DX120L-4F,HOLD_WEAK_EVIDENCE,False,False,True,False,,False,False,False
5636,TT-EM-H55-35X35DX120L-4F,HOLD_WEAK_EVIDENCE,False,False,True,False,,False,False,False
5637,TT-EM-H55-3X3DX100L-3F,HOLD_WEAK_EVIDENCE,False,False,True,False,,False,False,False
5638,TT-EM-H55-3X3DX100L-4T,HOLD_WEAK_EVIDENCE,False,False,True,False,,False,False,False
5639,TT-EM-H55-3X3DX50L-2T,HOLD_WEAK_EVIDENCE,False,False,True,False,,False,False,False
5640,TT-EM-H55-3X3DX50L-4T,HOLD_WEAK_EVIDENCE,False,False,True,False,,False,False,False
5641,TT-EM-H55-3X3DX75L-3F,HOLD_WEAK_EVIDENCE,False,False,True,False,,False,False,False
5642,TT-EM-H55-3X3DX75L-4T,HOLD_WEAK_EVIDENCE,False,False,True,False,,False,False,False
5643,TT-EM-H55-3X6DX50L-4T,HOLD_WEAK_EVIDENCE,False,False,True,False,,False,False,False
5644,TT-EM-H55-3X6DX75L-4T,HOLD_WEAK_EVIDENCE,False,False,True,False,,False,False,False
5645,TT-EM-H55-4.5X4.5DX50L-4T,HOLD_WEAK_EVIDENCE,False,False,True,False,,False,False,False
5646,TT-EM-H55-4X4DX100L-3F,HOLD_WEAK_EVIDENCE,False,False,True,False,,False,False,False
5647,TT-EM-H55-4X4DX100L-4T,HOLD_WEAK_EVIDENCE,False,False,True,False,,False,False,False
5648,TT-EM-H55-4X4DX50L-2T,HOLD_WEAK_EVIDENCE,False,False,True,False,,False,False,False
5649,TT-EM-H55-4X4DX50L-4T,HOLD_WEAK_EVIDENCE,False,False,True,False,,False,False,False
5650,TT-EM-H55-4X4DX75L-3F,HOLD_WEAK_EVIDENCE,False,False,True,False,,False,False,False
5651,TT-EM-H55-4X4DX75L-4T,HOLD_WEAK_EVIDENCE,False,False,True,False,,False,False,False
5652,TT-EM-H55-4X6DX50L-4T,HOLD_WEAK_EVIDENCE,False,False,True,False,,False,False,False
5653,TT-EM-H55-4X6DX75L-4T,HOLD_WEAK_EVIDENCE,False,False,True,False,,False,False,False
5654,TT-EM-H55-5.5X6DX50L-4T,HOLD_WEAK_EVIDENCE,False,False,True,False,,False,False,False
5655,TT-EM-H55-5X5DX100L-3F,HOLD_WEAK_EVIDENCE,False,False,True,False,,False,False,False
5656,TT-EM-H55-5X5DX100L-4T,HOLD_WEAK_EVIDENCE,False,False,True,False,,False,False,False
5657,TT-EM-H55-5X5DX150L-4T,HOLD_WEAK_EVIDENCE,False,False,True,False,,False,False,False
5658,TT-EM-H55-5X5DX50L-2T,HOLD_WEAK_EVIDENCE,False,False,True,False,,False,False,False
5659,TT-EM-H55-5X5DX50L-4T,HOLD_WEAK_EVIDENCE,False,False,True,False,,False,False,False
5660,TT-EM-H55-5X5DX75L-3F,HOLD_WEAK_EVIDENCE,False,False,True,False,,False,False,False
5661,TT-EM-H55-5X5DX75L-4T,HOLD_WEAK_EVIDENCE,False,False,True,False,,False,False,False
5662,TT-EM-H55-5X6DX50L-4T,HOLD_WEAK_EVIDENCE,False,False,True,False,,False,False,False
5663,TT-EM-H55-6X6DX100L-3F,HOLD_WEAK_EVIDENCE,False,False,True,False,,False,False,False
5664,TT-EM-H55-6X6DX100L-4T,HOLD_WEAK_EVIDENCE,False,False,True,False,,False,False,False
5665,TT-EM-H55-6X6DX150L-3F,HOLD_WEAK_EVIDENCE,False,False,True,False,,False,False,False
5666,TT-EM-H55-6X6DX150L-4T,HOLD_WEAK_EVIDENCE,False,False,True,False,,False,False,False
5667,TT-EM-H55-6X6DX50L-2T,HOLD_WEAK_EVIDENCE,False,False,True,False,,False,False,False
5668,TT-EM-H55-6X6DX50L-4T,HOLD_WEAK_EVIDENCE,False,False,True,False,,False,False,False
5669,TT-EM-H55-6X6DX50L-6T,HOLD_WEAK_EVIDENCE,False,False,True,False,,False,False,False
5670,TT-EM-H55-6X6DX75L-3F,HOLD_WEAK_EVIDENCE,False,False,True,False,,False,False,False
5671,TT-EM-H55-6X6DX75L-4T,HOLD_WEAK_EVIDENCE,False,False,True,False,,False,False,False
5672,TT-EM-H55-7X7DX100L-4T,HOLD_WEAK_EVIDENCE,False,False,True,False,,False,False,False
5673,TT-EM-H55-7X7DX60L-4T,HOLD_WEAK_EVIDENCE,False,False,True,False,,False,False,False
5674,TT-EM-H55-8X8DX100L-3F,HOLD_WEAK_EVIDENCE,False,False,True,False,,False,False,False
5675,TT-EM-H55-8X8DX100L-4T,HOLD_WEAK_EVIDENCE,False,False,True,False,,False,False,False
5676,TT-EM-H55-8X8DX150L-3F,HOLD_WEAK_EVIDENCE,False,False,True,False,,False,False,False
5677,TT-EM-H55-8X8DX150L-4T,HOLD_WEAK_EVIDENCE,False,False,True,False,,False,False,False
5678,TT-EM-H55-8X8DX200L-4T,HOLD_WEAK_EVIDENCE,False,False,True,False,,False,False,False
5679,TT-EM-H55-8X8DX60L-2T,HOLD_WEAK_EVIDENCE,False,False,True,False,,False,False,False
5680,TT-EM-H55-8X8DX60L-4T,HOLD_WEAK_EVIDENCE,False,False,True,False,,False,False,False
5681,TT-EM-H55-8X8DX60L-6T,HOLD_WEAK_EVIDENCE,False,False,True,False,,False,False,False
5682,TT-EM-H55-8X8DX75L-4T,HOLD_WEAK_EVIDENCE,False,False,True,False,,False,False,False
5683,TT-EM-H55-9X9DX100L-4T,HOLD_WEAK_EVIDENCE,False,False,True,False,,False,False,False
5684,TT-EM-H55-9X9DX75L-4T,HOLD_WEAK_EVIDENCE,False,False,True,False,,False,False,False
5685,TT-EM-H65-1.5X4DX50L-4T,HOLD_WEAK_EVIDENCE,False,False,True,False,,False,False,False
5686,TT-EM-H65-10X10DX100L-4T,HOLD_WEAK_EVIDENCE,False,False,True,False,,False,False,False
5687,TT-EM-H65-10X10DX150L-4T,HOLD_WEAK_EVIDENCE,False,False,True,False,,False,False,False
5688,TT-EM-H65-10X10DX75L-4T,HOLD_WEAK_EVIDENCE,False,False,True,False,,False,False,False
5689,TT-EM-H65-12X12DX100L-4T,HOLD_WEAK_EVIDENCE,False,False,True,False,,False,False,False
5690,TT-EM-H65-12X12DX150L-4T,HOLD_WEAK_EVIDENCE,False,False,True,False,,False,False,False
5691,TT-EM-H65-12X12DX75L-4T,HOLD_WEAK_EVIDENCE,False,False,True,False,,False,False,False
5692,TT-EM-H65-14X14DX100L-4T,HOLD_WEAK_EVIDENCE,False,False,True,False,,False,False,False
5693,TT-EM-H65-14X14DX150L-4T,HOLD_WEAK_EVIDENCE,False,False,True,False,,False,False,False
5694,TT-EM-H65-16X16DX100L-4T,HOLD_WEAK_EVIDENCE,False,False,True,False,,False,False,False
5695,TT-EM-H65-16X16DX150L-4T,HOLD_WEAK_EVIDENCE,False,False,True,False,,False,False,False
5696,TT-EM-H65-18X18DX100L-4T,HOLD_WEAK_EVIDENCE,False,False,True,False,,False,False,False
5697,TT-EM-H65-18X18DX150L-4T,HOLD_WEAK_EVIDENCE,False,False,True,False,,False,False,False
5698,TT-EM-H65-1X4DX50L-4T,HOLD_WEAK_EVIDENCE,False,False,True,False,,False,False,False
5699,TT-EM-H65-2.5X4DX50L-4T,HOLD_WEAK_EVIDENCE,False,False,True,False,,False,False,False
5700,TT-EM-H65-20X20DX100L-4T,HOLD_WEAK_EVIDENCE,False,False,True,False,,False,False,False
5701,TT-EM-H65-20X20DX150L-4T,HOLD_WEAK_EVIDENCE,False,False,True,False,,False,False,False
5702,TT-EM-H65-2X4DX50L-4T,HOLD_WEAK_EVIDENCE,False,False,True,False,,False,False,False
5703,TT-EM-H65-3X3DX100L-4T,HOLD_WEAK_EVIDENCE,False,False,True,False,,False,False,False
5704,TT-EM-H65-3X3DX50L-4T,HOLD_WEAK_EVIDENCE,False,False,True,False,,False,False,False
5705,TT-EM-H65-4X4DX100L-4T,HOLD_WEAK_EVIDENCE,False,False,True,False,,False,False,False
5706,TT-EM-H65-4X4DX50L-4T,HOLD_WEAK_EVIDENCE,False,False,True,False,,False,False,False
5707,TT-EM-H65-5X5DX100L-4T,HOLD_WEAK_EVIDENCE,False,False,True,False,,False,False,False
5708,TT-EM-H65-5X5DX50L-4T,HOLD_WEAK_EVIDENCE,False,False,True,False,,False,False,False
5709,TT-EM-H65-6X6DX100L-4T,HOLD_WEAK_EVIDENCE,False,False,True,False,,False,False,False
5710,TT-EM-H65-6X6DX50L-4T,HOLD_WEAK_EVIDENCE,False,False,True,False,,False,False,False
5711,TT-EM-H65-8X8DX100L-4T,HOLD_WEAK_EVIDENCE,False,False,True,False,,False,False,False
5712,TT-EM-H65-8X8DX60L-4T,HOLD_WEAK_EVIDENCE,False,False,True,False,,False,False,False
5713,TT-LN-H55-1.5X4DX50L-LC12,HOLD_WEAK_EVIDENCE,False,False,True,False,,False,False,False
5714,TT-LN-H55-1.5X4DX50L-LC20,HOLD_WEAK_EVIDENCE,False,False,True,False,,False,False,False
5715,TT-LN-H55-1X4DX50L-LC12,HOLD_WEAK_EVIDENCE,False,False,True,False,,False,False,False
5716,TT-LN-H55-1X4DX50L-LC20,HOLD_WEAK_EVIDENCE,False,False,True,False,,False,False,False
5717,TT-LN-H55-2.5X4DX50L-LC20,HOLD_WEAK_EVIDENCE,False,False,True,False,,False,False,False
5718,TT-LN-H55-2.5X6DX75L-LC30,HOLD_WEAK_EVIDENCE,False,False,True,False,,False,False,False
5719,TT-LN-H55-2X4DX50L-LC12,HOLD_WEAK_EVIDENCE,False,False,True,False,,False,False,False
5720,TT-LN-H55-2X4DX50L-LC20,HOLD_WEAK_EVIDENCE,False,False,True,False,,False,False,False
5721,TT-LN-H55-2X6DX50L-LC20,HOLD_WEAK_EVIDENCE,False,False,True,False,,False,False,False
5722,TT-LN-H55-2X6DX75L-LC30,HOLD_WEAK_EVIDENCE,False,False,True,False,,False,False,False
5723,TT-LN-H55-3X4DX50L-LC20,HOLD_WEAK_EVIDENCE,False,False,True,False,,False,False,False
5724,TT-LN-H55-3X6DX50L-LC20,HOLD_WEAK_EVIDENCE,False,False,True,False,,False,False,False
5725,TT-LN-H55-3X6DX75L-LC30,HOLD_WEAK_EVIDENCE,False,False,True,False,,False,False,False
5726,TT-LN-H55-4X6DX50L-LC20,HOLD_WEAK_EVIDENCE,False,False,True,False,,False,False,False
5727,TT-LN-H55-4X6DX75L-LC30,HOLD_WEAK_EVIDENCE,False,False,True,False,,False,False,False
5728,TT-LNB-H55-R0.5X4DX50L-LC12,HOLD_WEAK_EVIDENCE,False,False,True,False,,False,False,False
5729,TT-LNB-H55-R0.5X4DX50L-LC20,HOLD_WEAK_EVIDENCE,False,False,True,False,,False,False,False
5730,TT-LNB-H55-R0.75X4DX50L-LC12,HOLD_WEAK_EVIDENCE,False,False,True,False,,False,False,False
5731,TT-LNB-H55-R0.75X4DX50L-LC20,HOLD_WEAK_EVIDENCE,False,False,True,False,,False,False,False
5732,TT-LNB-H55-R1.25X4DX50L-LC20,HOLD_WEAK_EVIDENCE,False,False,True,False,,False,False,False
5733,TT-LNB-H55-R1.25X6DX75L-LC30,HOLD_WEAK_EVIDENCE,False,False,True,False,,False,False,False
5734,TT-LNB-H55-R1.5X4DX50L-LC20,HOLD_WEAK_EVIDENCE,False,False,True,False,,False,False,False
5735,TT-LNB-H55-R1.5X6DX50L-LC20,HOLD_WEAK_EVIDENCE,False,False,True,False,,False,False,False
5736,TT-LNB-H55-R1.5X6DX75L-LC30,HOLD_WEAK_EVIDENCE,False,False,True,False,,False,False,False
5737,TT-LNB-H55-R1X4DX50L-LC12,HOLD_WEAK_EVIDENCE,False,False,True,False,,False,False,False
5738,TT-LNB-H55-R1X4DX50L-LC20,HOLD_WEAK_EVIDENCE,False,False,True,False,,False,False,False
5739,TT-LNB-H55-R1X6DX50L-LC20,HOLD_WEAK_EVIDENCE,False,False,True,False,,False,False,False
5740,TT-LNB-H55-R1X6DX75L-LC30,HOLD_WEAK_EVIDENCE,False,False,True,False,,False,False,False
5741,TT-LNB-H55-R2X6DX50L-LC20,HOLD_WEAK_EVIDENCE,False,False,True,False,,False,False,False
5742,TT-LNB-H55-R2X6DX75L-LC30,HOLD_WEAK_EVIDENCE,False,False,True,False,,False,False,False
5743,TT-TR-H55-10R0.5X10DX100L-4T,HOLD_WEAK_EVIDENCE,False,False,True,False,,False,False,False
5744,TT-TR-H55-10R0.5X10DX150L-4T,HOLD_WEAK_EVIDENCE,False,False,True,False,,False,False,False
5745,TT-TR-H55-10R0.5X10DX75L-4T,HOLD_WEAK_EVIDENCE,False,False,True,False,,False,False,False
5746,TT-TR-H55-10R1X10DX100L-4T,HOLD_WEAK_EVIDENCE,False,False,True,False,,False,False,False
5747,TT-TR-H55-10R1X10DX150L-4T,HOLD_WEAK_EVIDENCE,False,False,True,False,,False,False,False
5748,TT-TR-H55-10R1X10DX75L-4T,HOLD_WEAK_EVIDENCE,False,False,True,False,,False,False,False
5749,TT-TR-H55-12R0.5X12DX100L-4T,HOLD_WEAK_EVIDENCE,False,False,True,False,,False,False,False
5750,TT-TR-H55-12R0.5X12DX150L-4T,HOLD_WEAK_EVIDENCE,False,False,True,False,,False,False,False
5751,TT-TR-H55-12R0.5X12DX75L-4T,HOLD_WEAK_EVIDENCE,False,False,True,False,,False,False,False
5752,TT-TR-H55-12R1X12DX100L-4T,HOLD_WEAK_EVIDENCE,False,False,True,False,,False,False,False
5753,TT-TR-H55-12R1X12DX150L-4T,HOLD_WEAK_EVIDENCE,False,False,True,False,,False,False,False
5754,TT-TR-H55-12R1X12DX75L-4T,HOLD_WEAK_EVIDENCE,False,False,True,False,,False,False,False
5755,TT-TR-H55-14R1X14DX150L-4T,HOLD_WEAK_EVIDENCE,False,False,True,False,,False,False,False
5756,TT-TR-H55-16R1X16DX150L-4T,HOLD_WEAK_EVIDENCE,False,False,True,False,,False,False,False
5757,TT-TR-H55-18R1X18DX150L-4T,HOLD_WEAK_EVIDENCE,False,False,True,False,,False,False,False
5758,TT-TR-H55-20R1X20DX150L-4T,HOLD_WEAK_EVIDENCE,False,False,True,False,,False,False,False
5759,TT-TR-H55-2R0.5X4DX50L-4T,HOLD_WEAK_EVIDENCE,False,False,True,False,,False,False,False
5760,TT-TR-H55-3R0.5X3DX75L-4T,HOLD_WEAK_EVIDENCE,False,False,True,False,,False,False,False
5761,TT-TR-H55-3R0.5X4DX50L-4T,HOLD_WEAK_EVIDENCE,False,False,True,False,,False,False,False
5762,TT-TR-H55-3R1X3DX75L-4T,HOLD_WEAK_EVIDENCE,False,False,True,False,,False,False,False
5763,TT-TR-H55-3R1X4DX50L-4T,HOLD_WEAK_EVIDENCE,False,False,True,False,,False,False,False
5764,TT-TR-H55-4R0.5X4DX50L-4T,HOLD_WEAK_EVIDENCE,False,False,True,False,,False,False,False
5765,TT-TR-H55-4R0.5X4DX75L-4T,HOLD_WEAK_EVIDENCE,False,False,True,False,,False,False,False
5766,TT-TR-H55-4R1X4DX50L-4T,HOLD_WEAK_EVIDENCE,False,False,True,False,,False,False,False
5767,TT-TR-H55-4R1X4DX75L-4T,HOLD_WEAK_EVIDENCE,False,False,True,False,,False,False,False
5768,TT-TR-H55-5R0.5X5DX50L-4T,HOLD_WEAK_EVIDENCE,False,False,True,False,,False,False,False
5769,TT-TR-H55-5R0.5X5DX75L-4T,HOLD_WEAK_EVIDENCE,False,False,True,False,,False,False,False
5770,TT-TR-H55-5R1X5DX50L-4T,HOLD_WEAK_EVIDENCE,False,False,True,False,,False,False,False
5771,TT-TR-H55-5R1X5DX75L-4T,HOLD_WEAK_EVIDENCE,False,False,True,False,,False,False,False
5772,TT-TR-H55-6R0.5X6DX100L-4T,HOLD_WEAK_EVIDENCE,False,False,True,False,,False,False,False
5773,TT-TR-H55-6R0.5X6DX150L-4T,HOLD_WEAK_EVIDENCE,False,False,True,False,,False,False,False
5774,TT-TR-H55-6R0.5X6DX50L-4T,HOLD_WEAK_EVIDENCE,False,False,True,False,,False,False,False
5775,TT-TR-H55-6R0.5X6DX75L-4T,HOLD_WEAK_EVIDENCE,False,False,True,False,,False,False,False
5776,TT-TR-H55-6R1X6DX100L-4T,HOLD_WEAK_EVIDENCE,False,False,True,False,,False,False,False
5777,TT-TR-H55-6R1X6DX150L-4T,HOLD_WEAK_EVIDENCE,False,False,True,False,,False,False,False
5778,TT-TR-H55-6R1X6DX50L-4T,HOLD_WEAK_EVIDENCE,False,False,True,False,,False,False,False
5779,TT-TR-H55-6R1X6DX75L-4T,HOLD_WEAK_EVIDENCE,False,False,True,False,,False,False,False
5780,TT-TR-H55-8R0.5X8DX100L-4T,HOLD_WEAK_EVIDENCE,False,False,True,False,,False,False,False
5781,TT-TR-H55-8R0.5X8DX150L-4T,HOLD_WEAK_EVIDENCE,False,False,True,False,,False,False,False
5782,TT-TR-H55-8R0.5X8DX60L-4T,HOLD_WEAK_EVIDENCE,False,False,True,False,,False,False,False
5783,TT-TR-H55-8R1X8DX100L-4T,HOLD_WEAK_EVIDENCE,False,False,True,False,,False,False,False
5784,TT-TR-H55-8R1X8DX150L-4T,HOLD_WEAK_EVIDENCE,False,False,True,False,,False,False,False
5785,TT-TR-H55-8R1X8DX60L-4T,HOLD_WEAK_EVIDENCE,False,False,True,False,,False,False,False
5786,TT-TR-H55-8R1X8DX75L-4T,HOLD_WEAK_EVIDENCE,False,False,True,False,,False,False,False
5787,TT-TR-H55-R0.10X4DX50L-2F,HOLD_WEAK_EVIDENCE,False,False,True,False,,False,False,False
5788,TT-TR-H55-R0.15X4DX50L-2F,HOLD_WEAK_EVIDENCE,False,False,True,False,,False,False,False
5789,TT-TR-H55-R0.20X4DX50L-2F,HOLD_WEAK_EVIDENCE,False,False,True,False,,False,False,False
5790,TT-TR-H55-R0.25X4DX50L-2F,HOLD_WEAK_EVIDENCE,False,False,True,False,,False,False,False
5791,TT-TR-H55-R0.30X4DX50L-2F,HOLD_WEAK_EVIDENCE,False,False,True,False,,False,False,False
5792,TT-TR-H55-R0.35X4DX50L-2F,HOLD_WEAK_EVIDENCE,False,False,True,False,,False,False,False
5793,TT-TR-H55-R0.40X4DX50L-2F,HOLD_WEAK_EVIDENCE,False,False,True,False,,False,False,False
5794,TT-TR-H55-R0.45X4DX50L-2F,HOLD_WEAK_EVIDENCE,False,False,True,False,,False,False,False
5795,TT-TR-H55-R0.50X4DX50L-2F,HOLD_WEAK_EVIDENCE,False,False,True,False,,False,False,False
5796,TT-TR-H55-R0.75X4DX50L-2F,HOLD_WEAK_EVIDENCE,False,False,True,False,,False,False,False
5797,TT-TR-H55-R1.25X4DX50L-2F,HOLD_WEAK_EVIDENCE,False,False,True,False,,False,False,False
5798,TT-TR-H55-R1X2DX50L-2F,HOLD_WEAK_EVIDENCE,False,False,True,False,,False,False,False
5799,TT-TR-H55-R1X4DX50L-2F,HOLD_WEAK_EVIDENCE,False,False,True,False,,False,False,False
5800,TT-TR-H65-10R0.5X10DX75L-4T,HOLD_WEAK_EVIDENCE,False,False,True,False,,False,False,False
5801,TT-TR-H65-10R1X10DX75L-4T,HOLD_WEAK_EVIDENCE,False,False,True,False,,False,False,False
5802,TT-TR-H65-12R0.5X12DX75L-4T,HOLD_WEAK_EVIDENCE,False,False,True,False,,False,False,False
5803,TT-TR-H65-12R1X12DX75L-4T,HOLD_WEAK_EVIDENCE,False,False,True,False,,False,False,False
5804,TT-TR-H65-2R0.5X4DX50L-4T,HOLD_WEAK_EVIDENCE,False,False,True,False,,False,False,False
5805,TT-TR-H65-3R0.5X4DX50L-4T,HOLD_WEAK_EVIDENCE,False,False,True,False,,False,False,False
5806,TT-TR-H65-3R1X4DX50L-4T,HOLD_WEAK_EVIDENCE,False,False,True,False,,False,False,False
5807,TT-TR-H65-4R0.5X4DX50L-4T,HOLD_WEAK_EVIDENCE,False,False,True,False,,False,False,False
5808,TT-TR-H65-4R1X4DX50L-4T,HOLD_WEAK_EVIDENCE,False,False,True,False,,False,False,False
5809,TT-TR-H65-5R0.5X5DX50L-4T,HOLD_WEAK_EVIDENCE,False,False,True,False,,False,False,False
5810,TT-TR-H65-5R1X5DX50L-4T,HOLD_WEAK_EVIDENCE,False,False,True,False,,False,False,False
5811,TT-TR-H65-6R0.5X6DX50L-4T,HOLD_WEAK_EVIDENCE,False,False,True,False,,False,False,False
5812,TT-TR-H65-6R1X6DX50L-4T,HOLD_WEAK_EVIDENCE,False,False,True,False,,False,False,False
5813,TT-TR-H65-8R0.5X8DX60L-4T,HOLD_WEAK_EVIDENCE,False,False,True,False,,False,False,False
5814,TT-TR-H65-8R1X8DX60L-4T,HOLD_WEAK_EVIDENCE,False,False,True,False,,False,False,False
5815,TT-EM-H55-1.5X4DX50L-3F,HOLD_WEAK_EVIDENCE,False,False,True,False,,False,False,False
5816,TT-EM-H55-10X10DX75L-3F,HOLD_WEAK_EVIDENCE,False,False,True,False,,False,False,False
5817,TT-EM-H55-12X12DX75L-3F,HOLD_WEAK_EVIDENCE,False,False,True,False,,False,False,False
5818,TT-EM-H55-14X14DX100L-3F,HOLD_WEAK_EVIDENCE,False,False,True,False,,False,False,False
5819,TT-EM-H55-16X16DX100L-3F,HOLD_WEAK_EVIDENCE,False,False,True,False,,False,False,False
5820,TT-EM-H55-18X18DX100L-3F,HOLD_WEAK_EVIDENCE,False,False,True,False,,False,False,False
5821,TT-EM-H55-2.5X4DX50L-3F,HOLD_WEAK_EVIDENCE,False,False,True,False,,False,False,False
5822,TT-EM-H55-2X4DX50L-3F,HOLD_WEAK_EVIDENCE,False,False,True,False,,False,False,False
5823,TT-EM-H55-3X3DX50L-3F,HOLD_WEAK_EVIDENCE,False,False,True,False,,False,False,False
5824,TT-EM-H55-3X6DX50L-3F,HOLD_WEAK_EVIDENCE,False,False,True,False,,False,False,False
5825,TT-EM-H55-4X4DX50L-3F,HOLD_WEAK_EVIDENCE,False,False,True,False,,False,False,False
5826,TT-EM-H55-4X6DX50L-3F,HOLD_WEAK_EVIDENCE,False,False,True,False,,False,False,False
5827,TT-EM-H55-5X5DX50L-3F,HOLD_WEAK_EVIDENCE,False,False,True,False,,False,False,False
5828,TT-EM-H55-6X6DX50L-3F,HOLD_WEAK_EVIDENCE,False,False,True,False,,False,False,False
5829,TT-EM-H55-8X8DX60L-3F,HOLD_WEAK_EVIDENCE,False,False,True,False,,False,False,False
5830,AST-TRM10,BACKFILL_EXACT,True,False,True,False,,False,True,False
5831,AST-TRM12,BACKFILL_EXACT,True,False,True,False,,False,True,False
5832,AST-TRM16,BACKFILL_EXACT,True,False,True,False,,False,True,False
5833,AST-TRM24,BACKFILL_EXACT,True,False,True,False,,False,True,False
5834,AST-TRM36,BACKFILL_EXACT,True,False,True,False,,False,True,False
5835,AST-TRM48,BACKFILL_EXACT,True,False,True,False,,False,True,False
5836,AST-NSBM10,BACKFILL_EXACT,True,False,True,False,,False,True,False
5837,AST-NSBM12,BACKFILL_EXACT,True,False,True,False,,False,True,False
5838,AST-NSBM16,BACKFILL_EXACT,True,False,True,False,,False,True,False
5839,AST-NSBM24,BACKFILL_EXACT,True,False,True,False,,False,True,False
5840,AST-NSBM36,BACKFILL_EXACT,True,False,True,False,,False,True,False
5841,AST-T800500,BACKFILL_EXACT,True,False,True,False,,False,True,False
5842,AST-T900600,BACKFILL_EXACT,True,False,True,False,,False,True,False
5843,AST-TAPCHUCK19,BACKFILL_EXACT,True,False,True,False,,False,True,False
5844,AST-TAPCHUCK31,BACKFILL_EXACT,True,False,True,False,,False,True,False
5845,AST-DP19,BACKFILL_EXACT,True,False,True,False,,False,True,False
5846,AST-DP31,BACKFILL_EXACT,True,False,True,False,,False,True,False
5847,AST-DID19/20,BACKFILL_EXACT,True,False,True,False,,False,True,False
5848,AST-DID19/25,BACKFILL_EXACT,True,False,True,False,,False,True,False
5849,AST-DID19/30,BACKFILL_EXACT,True,False,True,False,,False,True,False
5850,AST-DID19/38,BACKFILL_EXACT,True,False,True,False,,False,True,False
5851,AST-DID31/20,BACKFILL_EXACT,True,False,True,False,,False,True,False
5852,AST-DID31/25,BACKFILL_EXACT,True,False,True,False,,False,True,False
5853,AST-DID31/30,BACKFILL_EXACT,True,False,True,False,,False,True,False
5854,AST-DID31/38,BACKFILL_EXACT,True,False,True,False,,False,True,False
5855,AST-DID31/45,BACKFILL_EXACT,True,False,True,False,,False,True,False
5856,AST-DID31/55,BACKFILL_EXACT,True,False,True,False,,False,True,False
5857,M16-MAGENTIC-BASE,HOLD_IDENTITY_CONFLICT,False,False,True,False,,False,False,False
5858,M36-MAGENTIC-BASE,HOLD_IDENTITY_CONFLICT,False,False,True,False,,False,False,False
5859,ATJ330N,HOLD_IDENTITY_CONFLICT,False,False,True,False,,False,False,False
5860,ATJ350N,HOLD_IDENTITY_CONFLICT,False,False,True,False,,False,False,False
5861,ATJ390N,HOLD_IDENTITY_CONFLICT,False,False,True,False,,False,False,False
5862,ATJ650N,HOLD_IDENTITY_CONFLICT,False,False,True,False,,False,False,False
5863,M16-MOTOTDRIVER,HOLD_IDENTITY_CONFLICT,False,False,True,False,,False,False,False
5864,M36-MOTOTDRIVER,HOLD_IDENTITY_CONFLICT,False,False,True,False,,False,False,False
5865,MSNEW16,HOLD_IDENTITY_CONFLICT,False,False,True,False,,False,False,False
5866,MSNEW36,HOLD_IDENTITY_CONFLICT,False,False,True,False,,False,False,False
5867,MDNEW-DRIVER,HOLD_WEAK_EVIDENCE,False,False,True,False,,False,False,False
5868,M10-REDUCER,HOLD_IDENTITY_CONFLICT,False,False,True,False,,False,False,False
5869,M12-REDUCER,HOLD_IDENTITY_CONFLICT,False,False,True,False,,False,False,False
5870,M16-REDUCER,HOLD_IDENTITY_CONFLICT,False,False,True,False,,False,False,False
5871,M24-REDUCER,HOLD_IDENTITY_CONFLICT,False,False,True,False,,False,False,False
5872,M36-REDUCER,HOLD_IDENTITY_CONFLICT,False,False,True,False,,False,False,False
5873,AST-CHU16,HOLD_WEAK_EVIDENCE,False,False,True,False,,False,False,False
5874,AST-CHU36,HOLD_WEAK_EVIDENCE,False,False,True,False,,False,False,False
5875,AST-M16-M36-SWITCH,HOLD_WEAK_EVIDENCE,False,False,True,False,,False,False,False
5876,AST-DOF,HOLD_WEAK_EVIDENCE,False,False,True,False,,False,False,False
5877,LCD-TAPPING,HOLD_WEAK_EVIDENCE,False,False,True,False,,False,False,False
5878,COVER-LCD,HOLD_WEAK_EVIDENCE,False,False,True,False,,False,False,False
5879,LCDTN-TAPPING,HOLD_WEAK_EVIDENCE,False,False,True,False,,False,False,False
5880,2A-S5,HOLD_IDENTITY_CONFLICT,False,False,True,False,,False,False,False
5881,2A-S7,HOLD_IDENTITY_CONFLICT,False,False,True,False,,False,False,False
5882,2A-S8,HOLD_IDENTITY_CONFLICT,False,False,True,False,,False,False,False
5883,2A-S10,HOLD_IDENTITY_CONFLICT,False,False,True,False,,False,False,False
5884,2A-S12,HOLD_IDENTITY_CONFLICT,False,False,True,False,,False,False,False
5885,2A-S16,HOLD_IDENTITY_CONFLICT,False,False,True,False,,False,False,False
5886,3A-S5,HOLD_IDENTITY_CONFLICT,False,False,True,False,,False,False,False
5887,3A-S7,HOLD_IDENTITY_CONFLICT,False,False,True,False,,False,False,False
5888,3A-S10,HOLD_IDENTITY_CONFLICT,False,False,True,False,,False,False,False
5889,3A-S12,HOLD_IDENTITY_CONFLICT,False,False,True,False,,False,False,False
5890,3A-S16,HOLD_IDENTITY_CONFLICT,False,False,True,False,,False,False,False
5891,33A-S5,HOLD_IDENTITY_CONFLICT,False,False,True,False,,False,False,False
5892,33A-S7,HOLD_IDENTITY_CONFLICT,False,False,True,False,,False,False,False
5893,33A-S10,HOLD_IDENTITY_CONFLICT,False,False,True,False,,False,False,False
5894,33A-S12,HOLD_IDENTITY_CONFLICT,False,False,True,False,,False,False,False
5895,33A-S16,HOLD_IDENTITY_CONFLICT,False,False,True,False,,False,False,False
5896,4A-S5,HOLD_IDENTITY_CONFLICT,False,False,True,False,,False,False,False
5897,4A-S7,HOLD_IDENTITY_CONFLICT,False,False,True,False,,False,False,False
5898,4A-S10,HOLD_IDENTITY_CONFLICT,False,False,True,False,,False,False,False
5899,4A-S12,HOLD_IDENTITY_CONFLICT,False,False,True,False,,False,False,False
5900,4A-S16,HOLD_IDENTITY_CONFLICT,False,False,True,False,,False,False,False
5901,437009/5,HOLD_WEAK_EVIDENCE,False,False,True,False,,False,False,False
5902,437010,HOLD_WEAK_EVIDENCE,False,False,True,False,,False,False,False
5903,437011,HOLD_WEAK_EVIDENCE,False,False,True,False,,False,False,False
5904,437012,HOLD_WEAK_EVIDENCE,False,False,True,False,,False,False,False
5905,437013,HOLD_WEAK_EVIDENCE,False,False,True,False,,False,False,False
5906,437014,HOLD_WEAK_EVIDENCE,False,False,True,False,,False,False,False
5907,437015,HOLD_WEAK_EVIDENCE,False,False,True,False,,False,False,False
5908,437016,HOLD_WEAK_EVIDENCE,False,False,True,False,,False,False,False
5909,437017,HOLD_WEAK_EVIDENCE,False,False,True,False,,False,False,False
5910,437018,HOLD_WEAK_EVIDENCE,False,False,True,False,,False,False,False
5911,437019,HOLD_WEAK_EVIDENCE,False,False,True,False,,False,False,False
5912,437019/3,HOLD_WEAK_EVIDENCE,False,False,True,False,,False,False,False
5913,437019/5,HOLD_WEAK_EVIDENCE,False,False,True,False,,False,False,False
5914,437020,HOLD_WEAK_EVIDENCE,False,False,True,False,,False,False,False
5915,437021,HOLD_WEAK_EVIDENCE,False,False,True,False,,False,False,False
5916,437022,HOLD_WEAK_EVIDENCE,False,False,True,False,,False,False,False
5917,437023,HOLD_WEAK_EVIDENCE,False,False,True,False,,False,False,False
5918,437024,HOLD_WEAK_EVIDENCE,False,False,True,False,,False,False,False
5919,437025,HOLD_WEAK_EVIDENCE,False,False,True,False,,False,False,False
5920,437026,HOLD_WEAK_EVIDENCE,False,False,True,False,,False,False,False
5921,437027,HOLD_WEAK_EVIDENCE,False,False,True,False,,False,False,False
5922,437028,HOLD_WEAK_EVIDENCE,False,False,True,False,,False,False,False
5923,437029,HOLD_WEAK_EVIDENCE,False,False,True,False,,False,False,False
5924,437030,HOLD_WEAK_EVIDENCE,False,False,True,False,,False,False,False
5925,437031,HOLD_WEAK_EVIDENCE,False,False,True,False,,False,False,False
5926,437032,HOLD_WEAK_EVIDENCE,False,False,True,False,,False,False,False
5927,437033,HOLD_WEAK_EVIDENCE,False,False,True,False,,False,False,False
5928,437034,HOLD_WEAK_EVIDENCE,False,False,True,False,,False,False,False
5929,437035,HOLD_WEAK_EVIDENCE,False,False,True,False,,False,False,False
5930,437036,HOLD_WEAK_EVIDENCE,False,False,True,False,,False,False,False
5931,437037,HOLD_WEAK_EVIDENCE,False,False,True,False,,False,False,False
5932,437038,HOLD_WEAK_EVIDENCE,False,False,True,False,,False,False,False
5933,437039,HOLD_WEAK_EVIDENCE,False,False,True,False,,False,False,False
5934,437040,HOLD_WEAK_EVIDENCE,False,False,True,False,,False,False,False
5935,437041,HOLD_WEAK_EVIDENCE,False,False,True,False,,False,False,False
5936,437042,HOLD_WEAK_EVIDENCE,False,False,True,False,,False,False,False
5937,437043,HOLD_WEAK_EVIDENCE,False,False,True,False,,False,False,False
5938,437044,HOLD_WEAK_EVIDENCE,False,False,True,False,,False,False,False
5939,437045,HOLD_WEAK_EVIDENCE,False,False,True,False,,False,False,False
5940,437046,HOLD_WEAK_EVIDENCE,False,False,True,False,,False,False,False
5941,437047,HOLD_WEAK_EVIDENCE,False,False,True,False,,False,False,False
5942,437048,HOLD_WEAK_EVIDENCE,False,False,True,False,,False,False,False
5943,437049,HOLD_WEAK_EVIDENCE,False,False,True,False,,False,False,False
5944,437050,HOLD_WEAK_EVIDENCE,False,False,True,False,,False,False,False
5945,437051,HOLD_WEAK_EVIDENCE,False,False,True,False,,False,False,False
5946,437052,HOLD_WEAK_EVIDENCE,False,False,True,False,,False,False,False
5947,437053,HOLD_WEAK_EVIDENCE,False,False,True,False,,False,False,False
5948,437054,HOLD_WEAK_EVIDENCE,False,False,True,False,,False,False,False
5949,437055,HOLD_WEAK_EVIDENCE,False,False,True,False,,False,False,False
5950,437056,HOLD_WEAK_EVIDENCE,False,False,True,False,,False,False,False
5951,437057,HOLD_WEAK_EVIDENCE,False,False,True,False,,False,False,False
5952,437058,HOLD_WEAK_EVIDENCE,False,False,True,False,,False,False,False
5953,437059,HOLD_WEAK_EVIDENCE,False,False,True,False,,False,False,False
5954,437060,HOLD_WEAK_EVIDENCE,False,False,True,False,,False,False,False
5955,437061,HOLD_WEAK_EVIDENCE,False,False,True,False,,False,False,False
5956,437062,HOLD_WEAK_EVIDENCE,False,False,True,False,,False,False,False
5957,437063,HOLD_WEAK_EVIDENCE,False,False,True,False,,False,False,False
5958,437064,HOLD_WEAK_EVIDENCE,False,False,True,False,,False,False,False
5959,437065,HOLD_WEAK_EVIDENCE,False,False,True,False,,False,False,False
5960,437066,HOLD_WEAK_EVIDENCE,False,False,True,False,,False,False,False
5961,437067,HOLD_WEAK_EVIDENCE,False,False,True,False,,False,False,False
5962,437068,HOLD_WEAK_EVIDENCE,False,False,True,False,,False,False,False
5963,437069,HOLD_WEAK_EVIDENCE,False,False,True,False,,False,False,False
5964,437070,HOLD_WEAK_EVIDENCE,False,False,True,False,,False,False,False
5965,437071,HOLD_WEAK_EVIDENCE,False,False,True,False,,False,False,False
5966,437072,HOLD_WEAK_EVIDENCE,False,False,True,False,,False,False,False
5967,437073,HOLD_WEAK_EVIDENCE,False,False,True,False,,False,False,False
5968,437074,HOLD_WEAK_EVIDENCE,False,False,True,False,,False,False,False
5969,437075,HOLD_WEAK_EVIDENCE,False,False,True,False,,False,False,False
5970,437076,HOLD_WEAK_EVIDENCE,False,False,True,False,,False,False,False
5971,437077,HOLD_WEAK_EVIDENCE,False,False,True,False,,False,False,False
5972,437078,HOLD_WEAK_EVIDENCE,False,False,True,False,,False,False,False
5973,437079,HOLD_WEAK_EVIDENCE,False,False,True,False,,False,False,False
5974,437080,HOLD_WEAK_EVIDENCE,False,False,True,False,,False,False,False
5975,437081,HOLD_WEAK_EVIDENCE,False,False,True,False,,False,False,False
5976,437082,HOLD_WEAK_EVIDENCE,False,False,True,False,,False,False,False
5977,437083,HOLD_WEAK_EVIDENCE,False,False,True,False,,False,False,False
5978,437084,HOLD_WEAK_EVIDENCE,False,False,True,False,,False,False,False
5979,437085,HOLD_WEAK_EVIDENCE,False,False,True,False,,False,False,False
5980,437086,HOLD_WEAK_EVIDENCE,False,False,True,False,,False,False,False
5981,437087,HOLD_WEAK_EVIDENCE,False,False,True,False,,False,False,False
5982,437088,HOLD_WEAK_EVIDENCE,False,False,True,False,,False,False,False
5983,437089,HOLD_WEAK_EVIDENCE,False,False,True,False,,False,False,False
5984,437090,HOLD_WEAK_EVIDENCE,False,False,True,False,,False,False,False
5985,437091,HOLD_WEAK_EVIDENCE,False,False,True,False,,False,False,False
5986,437092,HOLD_WEAK_EVIDENCE,False,False,True,False,,False,False,False
5987,437093,HOLD_WEAK_EVIDENCE,False,False,True,False,,False,False,False
5988,437094,HOLD_WEAK_EVIDENCE,False,False,True,False,,False,False,False
5989,437095,HOLD_WEAK_EVIDENCE,False,False,True,False,,False,False,False
5990,437096,HOLD_WEAK_EVIDENCE,False,False,True,False,,False,False,False
5991,437097,HOLD_WEAK_EVIDENCE,False,False,True,False,,False,False,False
5992,437098,HOLD_WEAK_EVIDENCE,False,False,True,False,,False,False,False
5993,437099,HOLD_WEAK_EVIDENCE,False,False,True,False,,False,False,False
5994,4370100,HOLD_WEAK_EVIDENCE,False,False,True,False,,False,False,False
5995,437409/5,HOLD_WEAK_EVIDENCE,False,False,True,False,,False,False,False
5996,437410,HOLD_WEAK_EVIDENCE,False,False,True,False,,False,False,False
5997,437411,HOLD_WEAK_EVIDENCE,False,False,True,False,,False,False,False
5998,437412,HOLD_WEAK_EVIDENCE,False,False,True,False,,False,False,False
5999,437413,HOLD_WEAK_EVIDENCE,False,False,True,False,,False,False,False
6000,437414,HOLD_WEAK_EVIDENCE,False,False,True,False,,False,False,False
6001,437415,HOLD_WEAK_EVIDENCE,False,False,True,False,,False,False,False
6002,437416,HOLD_WEAK_EVIDENCE,False,False,True,False,,False,False,False
6003,437417,HOLD_WEAK_EVIDENCE,False,False,True,False,,False,False,False
6004,437418,HOLD_WEAK_EVIDENCE,False,False,True,False,,False,False,False
6005,437419,HOLD_WEAK_EVIDENCE,False,False,True,False,,False,False,False
6006,437420,HOLD_WEAK_EVIDENCE,False,False,True,False,,False,False,False
6007,437421,HOLD_WEAK_EVIDENCE,False,False,True,False,,False,False,False
6008,437422,HOLD_WEAK_EVIDENCE,False,False,True,False,,False,False,False
6009,437423,HOLD_WEAK_EVIDENCE,False,False,True,False,,False,False,False
6010,437424,HOLD_WEAK_EVIDENCE,False,False,True,False,,False,False,False
6011,437425,HOLD_WEAK_EVIDENCE,False,False,True,False,,False,False,False
6012,437426,HOLD_WEAK_EVIDENCE,False,False,True,False,,False,False,False
6013,437427,HOLD_WEAK_EVIDENCE,False,False,True,False,,False,False,False
6014,437428,HOLD_WEAK_EVIDENCE,False,False,True,False,,False,False,False
6015,437429,HOLD_WEAK_EVIDENCE,False,False,True,False,,False,False,False
6016,437430,HOLD_WEAK_EVIDENCE,False,False,True,False,,False,False,False
6017,437431,HOLD_WEAK_EVIDENCE,False,False,True,False,,False,False,False
6018,437432,HOLD_WEAK_EVIDENCE,False,False,True,False,,False,False,False
6019,437433,HOLD_WEAK_EVIDENCE,False,False,True,False,,False,False,False
6020,437434,HOLD_WEAK_EVIDENCE,False,False,True,False,,False,False,False
6021,437435,HOLD_WEAK_EVIDENCE,False,False,True,False,,False,False,False
6022,437201,BACKFILL_EXACT,True,False,True,False,,False,True,False
6023,437202,BACKFILL_EXACT,True,False,True,False,,False,True,False
6024,437203,BACKFILL_EXACT,True,False,True,False,,False,True,False
6025,437204,BACKFILL_EXACT,True,False,True,False,,False,True,False
6026,437205,BACKFILL_EXACT,True,False,True,False,,False,True,False
6027,437250,HOLD_IDENTITY_CONFLICT,False,False,True,False,,False,False,False
6028,437251,HOLD_IDENTITY_CONFLICT,False,False,True,False,,False,False,False
6029,437252,HOLD_IDENTITY_CONFLICT,False,False,True,False,,False,False,False
6030,437253,HOLD_IDENTITY_CONFLICT,False,False,True,False,,False,False,False
6031,437254,HOLD_IDENTITY_CONFLICT,False,False,True,False,,False,False,False
6032,5D-M9/511/5,HOLD_IDENTITY_CONFLICT,False,False,True,False,,False,False,False
6033,4D-M11/5-12/97,HOLD_IDENTITY_CONFLICT,False,False,True,False,,False,False,False
6034,4D-M12/8-17/5,HOLD_IDENTITY_CONFLICT,False,False,True,False,,False,False,False
6035,4D-M17/86-24,HOLD_IDENTITY_CONFLICT,False,False,True,False,,False,False,False
6036,4D-M35/51-47,HOLD_IDENTITY_CONFLICT,False,False,True,False,,False,False,False
6037,4D-M48-65,HOLD_IDENTITY_CONFLICT,False,False,True,False,,False,False,False
6038,4D-M63/5-88,HOLD_IDENTITY_CONFLICT,False,False,True,False,,False,False,False
6039,4D-M89/1-114,HOLD_IDENTITY_CONFLICT,False,False,True,False,,False,False,False
6040,4D-D9/5-11/49,HOLD_IDENTITY_CONFLICT,False,False,True,False,,False,False,False
6041,4D-D12/98-17/5,HOLD_IDENTITY_CONFLICT,False,False,True,False,,False,False,False
6042,3D-D25-7/86-21/99,HOLD_IDENTITY_CONFLICT,False,False,True,False,,False,False,False
6043,4D-D17/86-24,HOLD_IDENTITY_CONFLICT,False,False,True,False,,False,False,False
6044,D32/25-35,BACKFILL_EXACT,True,False,True,False,,False,True,False
6045,3D-D25-30-35,HOLD_IDENTITY_CONFLICT,False,False,True,False,,False,False,False
6046,D32/30-35,HOLD_IDENTITY_CONFLICT,False,False,True,False,,False,False,False
6047,D40/36-47,BACKFILL_EXACT,True,False,True,False,,False,True,False
6048,D40/48-65,BACKFILL_EXACT,True,False,True,False,,False,True,False
6049,671001,HOLD_IDENTITY_CONFLICT,False,False,True,False,,False,False,False
6050,671001/6,HOLD_IDENTITY_CONFLICT,False,False,True,False,,False,False,False
6051,671002,HOLD_IDENTITY_CONFLICT,False,False,True,False,,False,False,False
6052,671002/5,HOLD_IDENTITY_CONFLICT,False,False,True,False,,False,False,False
6053,671003/15,HOLD_IDENTITY_CONFLICT,False,False,True,False,,False,False,False
6054,671004,HOLD_IDENTITY_CONFLICT,False,False,True,False,,False,False,False
6055,671005,HOLD_IDENTITY_CONFLICT,False,False,True,False,,False,False,False
6056,671006/3,HOLD_IDENTITY_CONFLICT,False,False,True,False,,False,False,False
6057,671008,HOLD_IDENTITY_CONFLICT,False,False,True,False,,False,False,False
6058,671010,HOLD_IDENTITY_CONFLICT,False,False,True,False,,False,False,False
6059,671102CO,HOLD_IDENTITY_CONFLICT,False,False,True,False,,False,False,False
6060,671102/5CO,HOLD_IDENTITY_CONFLICT,False,False,True,False,,False,False,False
6061,671103/15CO,HOLD_IDENTITY_CONFLICT,False,False,True,False,,False,False,False
6062,671104CO,HOLD_IDENTITY_CONFLICT,False,False,True,False,,False,False,False
6063,671105CO,HOLD_IDENTITY_CONFLICT,False,False,True,False,,False,False,False
6064,671106/3CO,HOLD_IDENTITY_CONFLICT,False,False,True,False,,False,False,False
6065,671202L,HOLD_IDENTITY_CONFLICT,False,False,True,False,,False,False,False
6066,671202/5L,HOLD_IDENTITY_CONFLICT,False,False,True,False,,False,False,False
6067,671203/15L,HOLD_IDENTITY_CONFLICT,False,False,True,False,,False,False,False
6068,671204L,HOLD_IDENTITY_CONFLICT,False,False,True,False,,False,False,False
6069,671205L,HOLD_IDENTITY_CONFLICT,False,False,True,False,,False,False,False
6070,671310/4,HOLD_IDENTITY_CONFLICT,False,False,True,False,,False,False,False
6071,671312/4,HOLD_IDENTITY_CONFLICT,False,False,True,False,,False,False,False
6072,671316/5,HOLD_IDENTITY_CONFLICT,False,False,True,False,,False,False,False
6073,671320/5,HOLD_IDENTITY_CONFLICT,False,False,True,False,,False,False,False
6074,671325,HOLD_IDENTITY_CONFLICT,False,False,True,False,,False,False,False
6075,671331,HOLD_IDENTITY_CONFLICT,False,False,True,False,,False,False,False
6076,671340,HOLD_IDENTITY_CONFLICT,False,False,True,False,,False,False,False
6077,671350,HOLD_IDENTITY_CONFLICT,False,False,True,False,,False,False,False
6078,671410/4-60,HOLD_IDENTITY_CONFLICT,False,False,True,False,,False,False,False
6079,671412/4-60,HOLD_IDENTITY_CONFLICT,False,False,True,False,,False,False,False
6080,671416/5-60,HOLD_IDENTITY_CONFLICT,False,False,True,False,,False,False,False
6081,671420/5-60,HOLD_IDENTITY_CONFLICT,False,False,True,False,,False,False,False
6082,671425-60,HOLD_IDENTITY_CONFLICT,False,False,True,False,,False,False,False
6083,671431-60,HOLD_IDENTITY_CONFLICT,False,False,True,False,,False,False,False
6084,671440-60,HOLD_IDENTITY_CONFLICT,False,False,True,False,,False,False,False
6085,671450-60,HOLD_IDENTITY_CONFLICT,False,False,True,False,,False,False,False
6086,671512/4CO,HOLD_IDENTITY_CONFLICT,False,False,True,False,,False,False,False
6087,671516/5CO,HOLD_IDENTITY_CONFLICT,False,False,True,False,,False,False,False
6088,671520/5CO,HOLD_IDENTITY_CONFLICT,False,False,True,False,,False,False,False
6089,671525CO,HOLD_IDENTITY_CONFLICT,False,False,True,False,,False,False,False
6090,671531CO,HOLD_IDENTITY_CONFLICT,False,False,True,False,,False,False,False
6091,671540CO,HOLD_IDENTITY_CONFLICT,False,False,True,False,,False,False,False
6092,TC312-M2-DIN371,HOLD_IDENTITY_CONFLICT,False,False,True,False,,False,False,False
6093,TC312-M3-DIN371,HOLD_IDENTITY_CONFLICT,False,False,True,False,,False,False,False
6094,TC312-M4-DIN371,HOLD_IDENTITY_CONFLICT,False,False,True,False,,False,False,False
6095,TC312-M5-DIN371,HOLD_IDENTITY_CONFLICT,False,False,True,False,,False,False,False
6096,TC312-M6-DIN371,HOLD_IDENTITY_CONFLICT,False,False,True,False,,False,False,False
6097,TC312-M8-DIN371,HOLD_IDENTITY_CONFLICT,False,False,True,False,,False,False,False
6098,TC312-M10-DIN371,HOLD_IDENTITY_CONFLICT,False,False,True,False,,False,False,False
6099,TC312-M10-DIN376,HOLD_IDENTITY_CONFLICT,False,False,True,False,,False,False,False
6100,TC312-M12-DIN376,HOLD_IDENTITY_CONFLICT,False,False,True,False,,False,False,False
6101,TC312-M14-DIN376,HOLD_IDENTITY_CONFLICT,False,False,True,False,,False,False,False
6102,TC312-M16-DIN376,HOLD_IDENTITY_CONFLICT,False,False,True,False,,False,False,False
6103,ISO-M3-TC312,HOLD_IDENTITY_CONFLICT,False,False,True,False,,False,False,False
6104,ISO-M4-TC312,HOLD_IDENTITY_CONFLICT,False,False,True,False,,False,False,False
6105,ISO-M5-TC312,HOLD_IDENTITY_CONFLICT,False,False,True,False,,False,False,False
6106,ISO-M6-TC312,HOLD_IDENTITY_CONFLICT,False,False,True,False,,False,False,False
6107,ISO-M14-TC312,HOLD_IDENTITY_CONFLICT,False,False,True,False,,False,False,False
6108,ISO-M16-TC312,HOLD_IDENTITY_CONFLICT,False,False,True,False,,False,False,False
6109,TC820-M6-DIN371,HOLD_IDENTITY_CONFLICT,False,False,True,False,,False,False,False
6110,TC820-M8-DIN371,HOLD_IDENTITY_CONFLICT,False,False,True,False,,False,False,False
6111,TC820-M10-DIN371,HOLD_IDENTITY_CONFLICT,False,False,True,False,,False,False,False
6112,TC820-M10-DIN376,HOLD_IDENTITY_CONFLICT,False,False,True,False,,False,False,False
6113,TC820-M12-DIN376,HOLD_IDENTITY_CONFLICT,False,False,True,False,,False,False,False
6114,TC820-M14-DIN376,HOLD_IDENTITY_CONFLICT,False,False,True,False,,False,False,False
6115,TC820-M16-DIN376,HOLD_IDENTITY_CONFLICT,False,False,True,False,,False,False,False
6116,TC820-M18-DIN376,HOLD_IDENTITY_CONFLICT,False,False,True,False,,False,False,False
6117,TC820-M20-DIN376,HOLD_IDENTITY_CONFLICT,False,False,True,False,,False,False,False
6118,TC820-M24-DIN376,HOLD_IDENTITY_CONFLICT,False,False,True,False,,False,False,False
6119,TC820-M27-DIN376,HOLD_IDENTITY_CONFLICT,False,False,True,False,,False,False,False
6120,TC820-M30-DIN376,HOLD_IDENTITY_CONFLICT,False,False,True,False,,False,False,False
6121,TC1433-M14-DIN376,HOLD_IDENTITY_CONFLICT,False,False,True,False,,False,False,False
6122,TC1433-M16-DIN376,HOLD_IDENTITY_CONFLICT,False,False,True,False,,False,False,False
6123,TC1433-M18-DIN376,HOLD_IDENTITY_CONFLICT,False,False,True,False,,False,False,False
6124,TC1433-M20-DIN376,HOLD_IDENTITY_CONFLICT,False,False,True,False,,False,False,False
6125,TC1433-M24-DIN376,HOLD_IDENTITY_CONFLICT,False,False,True,False,,False,False,False
6126,TC1433-M27-DIN376,HOLD_IDENTITY_CONFLICT,False,False,True,False,,False,False,False
6127,TC1433-M30-DIN376,HOLD_IDENTITY_CONFLICT,False,False,True,False,,False,False,False
6128,TC1433-M33-DIN376,HOLD_IDENTITY_CONFLICT,False,False,True,False,,False,False,False
6129,TC1433-M36-DIN376,HOLD_IDENTITY_CONFLICT,False,False,True,False,,False,False,False
6130,TC1433-M42-DIN376,HOLD_IDENTITY_CONFLICT,False,False,True,False,,False,False,False
6131,TC1433-M50-DIN376,HOLD_IDENTITY_CONFLICT,False,False,True,False,,False,False,False
6132,TC1433-M52-DIN377,HOLD_IDENTITY_CONFLICT,False,False,True,False,,False,False,False
6133,AST-BS1-6,HOLD_WEAK_EVIDENCE,False,False,True,False,,False,False,False
6134,AST-BS1-8,HOLD_WEAK_EVIDENCE,False,False,True,False,,False,False,False
6135,AST-HV-4,HOLD_WEAK_EVIDENCE,False,False,True,False,,False,False,False
6136,AST-HV-5,HOLD_WEAK_EVIDENCE,False,False,True,False,,False,False,False
6137,AST-HV-6,HOLD_WEAK_EVIDENCE,False,False,True,False,,False,False,False
6138,AST-HV-8,HOLD_WEAK_EVIDENCE,False,False,True,False,,False,False,False
6139,AST-HV-10,HOLD_WEAK_EVIDENCE,False,False,True,False,,False,False,False
6140,AST-HV-12,HOLD_WEAK_EVIDENCE,False,False,True,False,,False,False,False
6141,AST-HV-14,HOLD_WEAK_EVIDENCE,False,False,True,False,,False,False,False
6142,AST-HV-16,HOLD_WEAK_EVIDENCE,False,False,True,False,,False,False,False
6143,AST-HV-20,HOLD_WEAK_EVIDENCE,False,False,True,False,,False,False,False
6144,AST-CS-6,HOLD_WEAK_EVIDENCE,False,False,True,False,,False,False,False
6145,AST-CS-8,HOLD_WEAK_EVIDENCE,False,False,True,False,,False,False,False
6146,AST-VUT-110,HOLD_WEAK_EVIDENCE,False,False,True,False,,False,False,False
6147,AST-VUT-150,HOLD_WEAK_EVIDENCE,False,False,True,False,,False,False,False
6148,AST-VUT-200,HOLD_WEAK_EVIDENCE,False,False,True,False,,False,False,False
6149,AST-VUT-250,HOLD_WEAK_EVIDENCE,False,False,True,False,,False,False,False
6150,AST-VUT-320,HOLD_WEAK_EVIDENCE,False,False,True,False,,False,False,False
6151,AST-RAP6,HOLD_WEAK_EVIDENCE,False,False,True,False,,False,False,False
6152,AST-RAP8,HOLD_WEAK_EVIDENCE,False,False,True,False,,False,False,False
6153,AST-RAP10,HOLD_WEAK_EVIDENCE,False,False,True,False,,False,False,False
6154,AST-RAP12,HOLD_WEAK_EVIDENCE,False,False,True,False,,False,False,False
6155,AST-RAP14,HOLD_WEAK_EVIDENCE,False,False,True,False,,False,False,False
6156,AST-RAP16,HOLD_WEAK_EVIDENCE,False,False,True,False,,False,False,False
6157,AST-RAP18,HOLD_WEAK_EVIDENCE,False,False,True,False,,False,False,False
6158,AST-RAP20,HOLD_WEAK_EVIDENCE,False,False,True,False,,False,False,False
6159,AST-DP1,HOLD_WEAK_EVIDENCE,False,False,True,False,,False,False,False
6160,AST-DP2,HOLD_WEAK_EVIDENCE,False,False,True,False,,False,False,False
6161,AST-TS,HOLD_WEAK_EVIDENCE,False,False,True,False,,False,False,False
6162,AST-TS-2,HOLD_WEAK_EVIDENCE,False,False,True,False,,False,False,False
6163,AST-TS-3,HOLD_WEAK_EVIDENCE,False,False,True,False,,False,False,False
6164,671102/,HOLD_IDENTITY_CONFLICT,False,False,True,False,,False,False,False
6165,671103/,HOLD_IDENTITY_CONFLICT,False,False,True,False,,False,False,False
6166,671106/,HOLD_IDENTITY_CONFLICT,False,False,True,False,,False,False,False
6167,671202/,HOLD_IDENTITY_CONFLICT,False,False,True,False,,False,False,False
6168,671203/,HOLD_IDENTITY_CONFLICT,False,False,True,False,,False,False,False
6169,671512/,HOLD_IDENTITY_CONFLICT,False,False,True,False,,False,False,False
6170,671516/,HOLD_IDENTITY_CONFLICT,False,False,True,False,,False,False,False
6171,671520/,HOLD_IDENTITY_CONFLICT,False,False,True,False,,False,False,False
6172,AST-OPSC-BT30,HOLD_WEAK_EVIDENCE,False,False,True,False,,False,False,False
6173,AST-OPSC-DIN30,HOLD_WEAK_EVIDENCE,False,False,True,False,,False,False,False
6174,AST-OPSC-DIN40,HOLD_WEAK_EVIDENCE,False,False,True,False,,False,False,False
6175,AST-PSC-BT30,HOLD_WEAK_EVIDENCE,False,False,True,False,,False,False,False
6176,AST-OPSC-DIN50,HOLD_WEAK_EVIDENCE,False,False,True,False,,False,False,False
6177,AST-PSC-BT50,HOLD_WEAK_EVIDENCE,False,False,True,False,,False,False,False
6178,AST-PSC-DIN50,HOLD_WEAK_EVIDENCE,False,False,True,False,,False,False,False
6179,AST-PSC-DIN30,HOLD_WEAK_EVIDENCE,False,False,True,False,,False,False,False
6180,AST-PSC-DIN40,HOLD_WEAK_EVIDENCE,False,False,True,False,,False,False,False
6181,AST-GAT7,BACKFILL_EXACT,True,False,True,False,,False,True,False
6182,AST-GAT12,BACKFILL_EXACT,True,False,True,False,,False,True,False
6183,AST-GAT20,BACKFILL_EXACT,True,False,True,False,,False,True,False
6184,AST-FC10,HOLD_WEAK_EVIDENCE,False,False,True,False,,False,False,False
6185,AST-FC11,HOLD_WEAK_EVIDENCE,False,False,True,False,,False,False,False
6186,AST-FC20,HOLD_WEAK_EVIDENCE,False,False,True,False,,False,False,False
6187,AST-FC21,HOLD_WEAK_EVIDENCE,False,False,True,False,,False,False,False
6188,AST-FC59,HOLD_WEAK_EVIDENCE,False,False,True,False,,False,False,False
6189,AST-FC1014,HOLD_WEAK_EVIDENCE,False,False,True,False,,False,False,False
6190,AST-V4620,HOLD_WEAK_EVIDENCE,False,False,True,False,,False,False,False
6191,AST-BR7,HOLD_WEAK_EVIDENCE,False,False,True,False,,False,False,False
6192,AST-BR12,HOLD_WEAK_EVIDENCE,False,False,True,False,,False,False,False
6193,AST-BR20,HOLD_WEAK_EVIDENCE,False,False,True,False,,False,False,False
6194,AST-VH320,HOLD_WEAK_EVIDENCE,False,False,True,False,,False,False,False
6195,AST-VH345,HOLD_WEAK_EVIDENCE,False,False,True,False,,False,False,False
6196,AST-VH430,HOLD_WEAK_EVIDENCE,False,False,True,False,,False,False,False
6197,AST-GZD160,HOLD_WEAK_EVIDENCE,False,False,True,False,,False,False,False
6198,AST-GZD210,HOLD_WEAK_EVIDENCE,False,False,True,False,,False,False,False
6199,AST-GZD270,HOLD_WEAK_EVIDENCE,False,False,True,False,,False,False,False
6200,AST-VW105,HOLD_WEAK_EVIDENCE,False,False,True,False,,False,False,False
6201,AST-VW120,HOLD_WEAK_EVIDENCE,False,False,True,False,,False,False,False
6202,AST-GDI75,HOLD_WEAK_EVIDENCE,False,False,True,False,,False,False,False
6203,AST-GDI95,HOLD_WEAK_EVIDENCE,False,False,True,False,,False,False,False
6204,AST-DV76,HOLD_WEAK_EVIDENCE,False,False,True,False,,False,False,False
6205,AST-DV102,HOLD_WEAK_EVIDENCE,False,False,True,False,,False,False,False
6206,AST-DV152,HOLD_WEAK_EVIDENCE,False,False,True,False,,False,False,False
6207,AST-DV203,HOLD_WEAK_EVIDENCE,False,False,True,False,,False,False,False
6208,AST-TSG76,HOLD_WEAK_EVIDENCE,False,False,True,False,,False,False,False
6209,AST-TSG102,HOLD_WEAK_EVIDENCE,False,False,True,False,,False,False,False
6210,AST-TSG125,HOLD_WEAK_EVIDENCE,False,False,True,False,,False,False,False
6211,AST-TSG152,HOLD_WEAK_EVIDENCE,False,False,True,False,,False,False,False
6212,AST-TSG203,HOLD_WEAK_EVIDENCE,False,False,True,False,,False,False,False
6213,AST-VTVG1080,HOLD_WEAK_EVIDENCE,False,False,True,False,,False,False,False
6214,AST-BOU38901,HOLD_WEAK_EVIDENCE,False,False,True,False,,False,False,False
6215,AST-BOU57901,HOLD_WEAK_EVIDENCE,False,False,True,False,,False,False,False
6216,AST-BOU57904,HOLD_WEAK_EVIDENCE,False,False,True,False,,False,False,False
6217,UFR/L02,HOLD_IDENTITY_CONFLICT,False,False,True,False,,False,False,False
6218,481201,HOLD_IDENTITY_CONFLICT,False,False,True,False,,False,False,False
6219,B2PU1238,HOLD_IDENTITY_CONFLICT,False,False,True,False,,False,False,False
6220,B3PU1238,HOLD_IDENTITY_CONFLICT,False,False,True,False,,False,False,False
6221,B2PU58,HOLD_IDENTITY_CONFLICT,False,False,True,False,,False,False,False
6222,B3PU58,HOLD_IDENTITY_CONFLICT,False,False,True,False,,False,False,False
6223,11303-3,HOLD_WEAK_EVIDENCE,False,False,True,False,,False,False,False
6224,11202-2S,HOLD_WEAK_EVIDENCE,False,False,True,False,,False,False,False
6225,11202-2K,HOLD_WEAK_EVIDENCE,False,False,True,False,,False,False,False
6226,K-11502,HOLD_WEAK_EVIDENCE,False,False,True,False,,False,False,False
6227,K-11507,HOLD_WEAK_EVIDENCE,False,False,True,False,,False,False,False
6228,11304-3,HOLD_WEAK_EVIDENCE,False,False,True,False,,False,False,False
6229,11206,HOLD_WEAK_EVIDENCE,False,False,True,False,,False,False,False
6230,11305-4,HOLD_WEAK_EVIDENCE,False,False,True,False,,False,False,False
6231,11305-3,HOLD_WEAK_EVIDENCE,False,False,True,False,,False,False,False
6232,11306-3,HOLD_WEAK_EVIDENCE,False,False,True,False,,False,False,False
6233,13M-B12-LOCK,HOLD_WEAK_EVIDENCE,False,False,True,False,,False,False,False
6234,13M-B16-LOCK,HOLD_WEAK_EVIDENCE,False,False,True,False,,False,False,False
6235,6M-3/8,HOLD_WEAK_EVIDENCE,False,False,True,False,,False,False,False
6236,BA12210203304A,HOLD_WEAK_EVIDENCE,False,False,True,False,,False,False,False
6237,BA12413101104A,HOLD_WEAK_EVIDENCE,False,False,True,False,,False,False,False
6238,12404-3A,HOLD_WEAK_EVIDENCE,False,False,True,False,,False,False,False
6239,12503-2A,HOLD_WEAK_EVIDENCE,False,False,True,False,,False,False,False
6240,3S-JT1,HOLD_WEAK_EVIDENCE,False,False,True,False,,False,False,False
6241,6H-JT1,HOLD_WEAK_EVIDENCE,False,False,True,False,,False,False,False
6242,6H-B12,HOLD_WEAK_EVIDENCE,False,False,True,False,,False,False,False
6243,1222152,HOLD_WEAK_EVIDENCE,False,False,True,False,,False,False,False
6244,10H-JT33,HOLD_WEAK_EVIDENCE,False,False,True,False,,False,False,False
6245,10S-B10,HOLD_WEAK_EVIDENCE,False,False,True,False,,False,False,False
6246,1222356,HOLD_WEAK_EVIDENCE,False,False,True,False,,False,False,False
6247,12203-3,HOLD_WEAK_EVIDENCE,False,False,True,False,,False,False,False
6248,1222455,HOLD_WEAK_EVIDENCE,False,False,True,False,,False,False,False
6249,1222553,HOLD_WEAK_EVIDENCE,False,False,True,False,,False,False,False
6250,1222554,HOLD_WEAK_EVIDENCE,False,False,True,False,,False,False,False
6251,20002,HOLD_WEAK_EVIDENCE,False,False,True,False,,False,False,False
6252,6S-MT2,HOLD_WEAK_EVIDENCE,False,False,True,False,,False,False,False
6253,8S-MT2,HOLD_WEAK_EVIDENCE,False,False,True,False,,False,False,False
6254,1262401,HOLD_WEAK_EVIDENCE,False,False,True,False,,False,False,False
6255,12603,HOLD_WEAK_EVIDENCE,False,False,True,False,,False,False,False
6256,1262402,HOLD_WEAK_EVIDENCE,False,False,True,False,,False,False,False
6257,1262403,HOLD_WEAK_EVIDENCE,False,False,True,False,,False,False,False
6258,1262501,HOLD_WEAK_EVIDENCE,False,False,True,False,,False,False,False
6259,1262502,HOLD_WEAK_EVIDENCE,False,False,True,False,,False,False,False
6260,JAWS-13S,HOLD_WEAK_EVIDENCE,False,False,True,False,,False,False,False
6261,JAWS-16S,HOLD_WEAK_EVIDENCE,False,False,True,False,,False,False,False
6262,12801,HOLD_WEAK_EVIDENCE,False,False,True,False,,False,False,False
6263,12802,HOLD_WEAK_EVIDENCE,False,False,True,False,,False,False,False
6264,12804,HOLD_WEAK_EVIDENCE,False,False,True,False,,False,False,False
6265,12806,HOLD_WEAK_EVIDENCE,False,False,True,False,,False,False,False
6266,12808,HOLD_WEAK_EVIDENCE,False,False,True,False,,False,False,False
6267,80072-08,HOLD_WEAK_EVIDENCE,False,False,True,False,,False,False,False
6268,80072-09,HOLD_WEAK_EVIDENCE,False,False,True,False,,False,False,False
6269,80072-10,HOLD_WEAK_EVIDENCE,False,False,True,False,,False,False,False
6270,80072-11,HOLD_WEAK_EVIDENCE,False,False,True,False,,False,False,False
6271,80072-12,HOLD_WEAK_EVIDENCE,False,False,True,False,,False,False,False
6272,80072-06,HOLD_WEAK_EVIDENCE,False,False,True,False,,False,False,False
6273,80072-07,HOLD_WEAK_EVIDENCE,False,False,True,False,,False,False,False
6274,80072-05,HOLD_WEAK_EVIDENCE,False,False,True,False,,False,False,False
6275,11604,HOLD_WEAK_EVIDENCE,False,False,True,False,,False,False,False
6276,11605,HOLD_WEAK_EVIDENCE,False,False,True,False,,False,False,False
6277,11606,HOLD_WEAK_EVIDENCE,False,False,True,False,,False,False,False
6278,11609,HOLD_WEAK_EVIDENCE,False,False,True,False,,False,False,False
6279,11610,HOLD_WEAK_EVIDENCE,False,False,True,False,,False,False,False
6280,36263,HOLD_WEAK_EVIDENCE,False,False,True,False,,False,False,False
6281,36264,HOLD_WEAK_EVIDENCE,False,False,True,False,,False,False,False
6282,36265,HOLD_WEAK_EVIDENCE,False,False,True,False,,False,False,False
6283,36163,HOLD_WEAK_EVIDENCE,False,False,True,False,,False,False,False
6284,36164,HOLD_WEAK_EVIDENCE,False,False,True,False,,False,False,False
6285,36165,HOLD_WEAK_EVIDENCE,False,False,True,False,,False,False,False
6286,36365,HOLD_WEAK_EVIDENCE,False,False,True,False,,False,False,False
6287,36203,HOLD_WEAK_EVIDENCE,False,False,True,False,,False,False,False
6288,36205,HOLD_WEAK_EVIDENCE,False,False,True,False,,False,False,False
6289,36103,HOLD_WEAK_EVIDENCE,False,False,True,False,,False,False,False
6290,36266,HOLD_WEAK_EVIDENCE,False,False,True,False,,False,False,False
6291,36280,HOLD_WEAK_EVIDENCE,False,False,True,False,,False,False,False
6292,36180,HOLD_WEAK_EVIDENCE,False,False,True,False,,False,False,False
6293,36166,HOLD_WEAK_EVIDENCE,False,False,True,False,,False,False,False
6294,36176,HOLD_WEAK_EVIDENCE,False,False,True,False,,False,False,False
6295,36367,HOLD_WEAK_EVIDENCE,False,False,True,False,,False,False,False
6296,36376,HOLD_WEAK_EVIDENCE,False,False,True,False,,False,False,False
6297,BT40-WFE20,HOLD_WEAK_EVIDENCE,False,False,True,False,,False,False,False
6298,BT50-WFE20,HOLD_WEAK_EVIDENCE,False,False,True,False,,False,False,False
6299,36210,HOLD_WEAK_EVIDENCE,False,False,True,False,,False,False,False
6300,36110,HOLD_WEAK_EVIDENCE,False,False,True,False,,False,False,False
6301,36310,HOLD_WEAK_EVIDENCE,False,False,True,False,,False,False,False
6302,BT50-SF20,HOLD_WEAK_EVIDENCE,False,False,True,False,,False,False,False
6303,NT50-SF33,HOLD_WEAK_EVIDENCE,False,False,True,False,,False,False,False
6304,36181,HOLD_WEAK_EVIDENCE,False,False,True,False,,False,False,False
6305,36175,HOLD_WEAK_EVIDENCE,False,False,True,False,,False,False,False
6306,36385,HOLD_WEAK_EVIDENCE,False,False,True,False,,False,False,False
6307,36261,HOLD_WEAK_EVIDENCE,False,False,True,False,,False,False,False
6308,36262,HOLD_WEAK_EVIDENCE,False,False,True,False,,False,False,False
6309,D25A-WF12,HOLD_WEAK_EVIDENCE,False,False,True,False,,False,False,False
6310,36272,HOLD_WEAK_EVIDENCE,False,False,True,False,,False,False,False
6311,36162,HOLD_WEAK_EVIDENCE,False,False,True,False,,False,False,False
6312,D25A-WF20,HOLD_WEAK_EVIDENCE,False,False,True,False,,False,False,False
6313,36172,HOLD_WEAK_EVIDENCE,False,False,True,False,,False,False,False
6314,36372,HOLD_WEAK_EVIDENCE,False,False,True,False,,False,False,False
6315,36102,HOLD_WEAK_EVIDENCE,False,False,True,False,,False,False,False
6316,36211,HOLD_WEAK_EVIDENCE,False,False,True,False,,False,False,False
6317,36112,HOLD_WEAK_EVIDENCE,False,False,True,False,,False,False,False
6318,36302,HOLD_WEAK_EVIDENCE,False,False,True,False,,False,False,False
6319,36312,HOLD_WEAK_EVIDENCE,False,False,True,False,,False,False,False
6320,D32-SF33,HOLD_WEAK_EVIDENCE,False,False,True,False,,False,False,False
6321,HSK63A-SF33,HOLD_WEAK_EVIDENCE,False,False,True,False,,False,False,False
6322,36207,HOLD_WEAK_EVIDENCE,False,False,True,False,,False,False,False
6323,36107,HOLD_WEAK_EVIDENCE,False,False,True,False,,False,False,False
6324,35254,HOLD_WEAK_EVIDENCE,False,False,True,False,,False,False,False
6325,35256,HOLD_WEAK_EVIDENCE,False,False,True,False,,False,False,False
6326,35258,HOLD_WEAK_EVIDENCE,False,False,True,False,,False,False,False
6327,35261,HOLD_WEAK_EVIDENCE,False,False,True,False,,False,False,False
6328,35275,HOLD_WEAK_EVIDENCE,False,False,True,False,,False,False,False
6329,35276,HOLD_WEAK_EVIDENCE,False,False,True,False,,False,False,False
6330,35264,HOLD_WEAK_EVIDENCE,False,False,True,False,,False,False,False
6331,35277,HOLD_WEAK_EVIDENCE,False,False,True,False,,False,False,False
6332,35265,HOLD_WEAK_EVIDENCE,False,False,True,False,,False,False,False
6333,35278,HOLD_WEAK_EVIDENCE,False,False,True,False,,False,False,False
6334,35279,HOLD_WEAK_EVIDENCE,False,False,True,False,,False,False,False
6335,35267,HOLD_WEAK_EVIDENCE,False,False,True,False,,False,False,False
6336,35280,HOLD_WEAK_EVIDENCE,False,False,True,False,,False,False,False
6337,35268,HOLD_WEAK_EVIDENCE,False,False,True,False,,False,False,False
6338,35281,HOLD_WEAK_EVIDENCE,False,False,True,False,,False,False,False
6339,35269,HOLD_WEAK_EVIDENCE,False,False,True,False,,False,False,False
6340,35282,HOLD_WEAK_EVIDENCE,False,False,True,False,,False,False,False
6341,35271,HOLD_WEAK_EVIDENCE,False,False,True,False,,False,False,False
6342,35283,HOLD_WEAK_EVIDENCE,False,False,True,False,,False,False,False
6343,35286,HOLD_WEAK_EVIDENCE,False,False,True,False,,False,False,False
6344,35130,HOLD_WEAK_EVIDENCE,False,False,True,False,,False,False,False
6345,35131,HOLD_WEAK_EVIDENCE,False,False,True,False,,False,False,False
6346,35132,HOLD_WEAK_EVIDENCE,False,False,True,False,,False,False,False
6347,35133,HOLD_WEAK_EVIDENCE,False,False,True,False,,False,False,False
6348,35136,HOLD_WEAK_EVIDENCE,False,False,True,False,,False,False,False
6349,35138,HOLD_WEAK_EVIDENCE,False,False,True,False,,False,False,False
6350,35140,HOLD_WEAK_EVIDENCE,False,False,True,False,,False,False,False
6351,35142,HOLD_WEAK_EVIDENCE,False,False,True,False,,False,False,False
6352,35144,HOLD_WEAK_EVIDENCE,False,False,True,False,,False,False,False
6353,35146,HOLD_WEAK_EVIDENCE,False,False,True,False,,False,False,False
6354,35148,HOLD_WEAK_EVIDENCE,False,False,True,False,,False,False,False
6355,35150,HOLD_WEAK_EVIDENCE,False,False,True,False,,False,False,False
6356,35336,HOLD_WEAK_EVIDENCE,False,False,True,False,,False,False,False
6357,35338,HOLD_WEAK_EVIDENCE,False,False,True,False,,False,False,False
6358,35340,HOLD_WEAK_EVIDENCE,False,False,True,False,,False,False,False
6359,35342,HOLD_WEAK_EVIDENCE,False,False,True,False,,False,False,False
6360,35344,HOLD_WEAK_EVIDENCE,False,False,True,False,,False,False,False
6361,35346,HOLD_WEAK_EVIDENCE,False,False,True,False,,False,False,False
6362,35348,HOLD_WEAK_EVIDENCE,False,False,True,False,,False,False,False
6363,35350,HOLD_WEAK_EVIDENCE,False,False,True,False,,False,False,False
6364,35352,HOLD_WEAK_EVIDENCE,False,False,True,False,,False,False,False
6365,35354,HOLD_WEAK_EVIDENCE,False,False,True,False,,False,False,False
6366,35636,HOLD_WEAK_EVIDENCE,False,False,True,False,,False,False,False
6367,35638,HOLD_WEAK_EVIDENCE,False,False,True,False,,False,False,False
6368,35640,HOLD_WEAK_EVIDENCE,False,False,True,False,,False,False,False
6369,35642,HOLD_WEAK_EVIDENCE,False,False,True,False,,False,False,False
6370,35644,HOLD_WEAK_EVIDENCE,False,False,True,False,,False,False,False
6371,35646,HOLD_WEAK_EVIDENCE,False,False,True,False,,False,False,False
6372,35648,HOLD_WEAK_EVIDENCE,False,False,True,False,,False,False,False
6373,35650,HOLD_WEAK_EVIDENCE,False,False,True,False,,False,False,False
6374,35652,HOLD_WEAK_EVIDENCE,False,False,True,False,,False,False,False
6375,35654,HOLD_WEAK_EVIDENCE,False,False,True,False,,False,False,False
6376,3600400,HOLD_WEAK_EVIDENCE,False,False,True,False,,False,False,False
6377,3600800,HOLD_WEAK_EVIDENCE,False,False,True,False,,False,False,False
6378,35002,HOLD_WEAK_EVIDENCE,False,False,True,False,,False,False,False
6379,35065,HOLD_WEAK_EVIDENCE,False,False,True,False,,False,False,False
6380,35057,HOLD_WEAK_EVIDENCE,False,False,True,False,,False,False,False
6381,35085,HOLD_WEAK_EVIDENCE,False,False,True,False,,False,False,False
6382,35051,HOLD_WEAK_EVIDENCE,False,False,True,False,,False,False,False
6383,35052,HOLD_WEAK_EVIDENCE,False,False,True,False,,False,False,False
6384,35031,HOLD_WEAK_EVIDENCE,False,False,True,False,,False,False,False
6385,35033,HOLD_WEAK_EVIDENCE,False,False,True,False,,False,False,False
6386,35035,HOLD_WEAK_EVIDENCE,False,False,True,False,,False,False,False
6387,STA0002,HOLD_WEAK_EVIDENCE,False,False,True,False,,False,False,False
6388,NT02014,HOLD_WEAK_EVIDENCE,False,False,True,False,,False,False,False
6389,NT02044,HOLD_WEAK_EVIDENCE,False,False,True,False,,False,False,False
6390,NT02142,HOLD_WEAK_EVIDENCE,False,False,True,False,,False,False,False
6391,NT02172,HOLD_WEAK_EVIDENCE,False,False,True,False,,False,False,False
6392,NT02192,HOLD_WEAK_EVIDENCE,False,False,True,False,,False,False,False
6393,NT02202,HOLD_WEAK_EVIDENCE,False,False,True,False,,False,False,False
6394,NT02222,HOLD_WEAK_EVIDENCE,False,False,True,False,,False,False,False
6395,NT02220,HOLD_WEAK_EVIDENCE,False,False,True,False,,False,False,False
6396,NT02242,HOLD_WEAK_EVIDENCE,False,False,True,False,,False,False,False
6397,NT02332,HOLD_WEAK_EVIDENCE,False,False,True,False,,False,False,False
6398,SK02035B,HOLD_WEAK_EVIDENCE,False,False,True,False,,False,False,False
6399,SK02035,HOLD_WEAK_EVIDENCE,False,False,True,False,,False,False,False
6400,SK02120,HOLD_WEAK_EVIDENCE,False,False,True,False,,False,False,False
6401,SK02122,HOLD_WEAK_EVIDENCE,False,False,True,False,,False,False,False
6402,SK02140,HOLD_WEAK_EVIDENCE,False,False,True,False,,False,False,False
6403,SK02155,HOLD_WEAK_EVIDENCE,False,False,True,False,,False,False,False
6404,84525,HOLD_WEAK_EVIDENCE,False,False,True,False,,False,False,False
6405,80200-05,HOLD_WEAK_EVIDENCE,False,False,True,False,,False,False,False
6406,BT02080,HOLD_WEAK_EVIDENCE,False,False,True,False,,False,False,False
6407,BT02150,HOLD_WEAK_EVIDENCE,False,False,True,False,,False,False,False
6408,BT02120,HOLD_WEAK_EVIDENCE,False,False,True,False,,False,False,False
6409,BT02185,HOLD_WEAK_EVIDENCE,False,False,True,False,,False,False,False
6410,BT02200,HOLD_WEAK_EVIDENCE,False,False,True,False,,False,False,False
6411,BT02202,HOLD_WEAK_EVIDENCE,False,False,True,False,,False,False,False
6412,BT02215,HOLD_WEAK_EVIDENCE,False,False,True,False,,False,False,False
6413,BT02220,HOLD_WEAK_EVIDENCE,False,False,True,False,,False,False,False
6414,BT02410,HOLD_WEAK_EVIDENCE,False,False,True,False,,False,False,False
6415,BT03020,HOLD_WEAK_EVIDENCE,False,False,True,False,,False,False,False
6416,BA2BT40032B01A,HOLD_WEAK_EVIDENCE,False,False,True,False,,False,False,False
6417,BA2BT40032501A,HOLD_WEAK_EVIDENCE,False,False,True,False,,False,False,False
6418,BT03055,HOLD_WEAK_EVIDENCE,False,False,True,False,,False,False,False
6419,BA2BT40033B01A,HOLD_WEAK_EVIDENCE,False,False,True,False,,False,False,False
6420,BT03045,HOLD_WEAK_EVIDENCE,False,False,True,False,,False,False,False
6421,BT03095,HOLD_WEAK_EVIDENCE,False,False,True,False,,False,False,False
6422,BA2BT50033203A,HOLD_WEAK_EVIDENCE,False,False,True,False,,False,False,False
6423,SK50-C32,HOLD_WEAK_EVIDENCE,False,False,True,False,,False,False,False
6424,HOOK-C20,HOLD_WEAK_EVIDENCE,False,False,True,False,,False,False,False
6425,HOOK-C25,HOLD_WEAK_EVIDENCE,False,False,True,False,,False,False,False
6426,HOOK-C32,HOLD_WEAK_EVIDENCE,False,False,True,False,,False,False,False
6427,BT06154,HOLD_WEAK_EVIDENCE,False,False,True,False,,False,False,False
6428,BT06170,HOLD_WEAK_EVIDENCE,False,False,True,False,,False,False,False
6429,NT06549,HOLD_WEAK_EVIDENCE,False,False,True,False,,False,False,False
6430,SK06015,HOLD_WEAK_EVIDENCE,False,False,True,False,,False,False,False
6431,SK06020,HOLD_WEAK_EVIDENCE,False,False,True,False,,False,False,False
6432,80049-02,HOLD_WEAK_EVIDENCE,False,False,True,False,,False,False,False
6433,80049-03,HOLD_WEAK_EVIDENCE,False,False,True,False,,False,False,False
6434,80049-04,HOLD_WEAK_EVIDENCE,False,False,True,False,,False,False,False
6435,80049-06,HOLD_WEAK_EVIDENCE,False,False,True,False,,False,False,False
6436,80049-08,HOLD_WEAK_EVIDENCE,False,False,True,False,,False,False,False
6437,80049-10,HOLD_WEAK_EVIDENCE,False,False,True,False,,False,False,False
6438,8004912,HOLD_WEAK_EVIDENCE,False,False,True,False,,False,False,False
6439,80049-14,HOLD_WEAK_EVIDENCE,False,False,True,False,,False,False,False
6440,80049-15,HOLD_WEAK_EVIDENCE,False,False,True,False,,False,False,False
6441,80049-16,HOLD_WEAK_EVIDENCE,False,False,True,False,,False,False,False
6442,C25-4,HOLD_WEAK_EVIDENCE,False,False,True,False,,False,False,False
6443,C25-6,HOLD_WEAK_EVIDENCE,False,False,True,False,,False,False,False
6444,C25-8,HOLD_WEAK_EVIDENCE,False,False,True,False,,False,False,False
6445,C25-10,HOLD_WEAK_EVIDENCE,False,False,True,False,,False,False,False
6446,C25-12,HOLD_WEAK_EVIDENCE,False,False,True,False,,False,False,False
6447,C25-14,HOLD_WEAK_EVIDENCE,False,False,True,False,,False,False,False
6448,C25-16,HOLD_WEAK_EVIDENCE,False,False,True,False,,False,False,False
6449,C25-18,HOLD_WEAK_EVIDENCE,False,False,True,False,,False,False,False
6450,C25-20,HOLD_WEAK_EVIDENCE,False,False,True,False,,False,False,False
6451,80050-2,HOLD_WEAK_EVIDENCE,False,False,True,False,,False,False,False
6452,80050-03,HOLD_WEAK_EVIDENCE,False,False,True,False,,False,False,False
6453,80050-04,HOLD_WEAK_EVIDENCE,False,False,True,False,,False,False,False
6454,80050-05,HOLD_WEAK_EVIDENCE,False,False,True,False,,False,False,False
6455,80050-06,HOLD_WEAK_EVIDENCE,False,False,True,False,,False,False,False
6456,80050-08,HOLD_WEAK_EVIDENCE,False,False,True,False,,False,False,False
6457,80050-10,HOLD_WEAK_EVIDENCE,False,False,True,False,,False,False,False
6458,80050-12,HOLD_WEAK_EVIDENCE,False,False,True,False,,False,False,False
6459,80050-14,HOLD_WEAK_EVIDENCE,False,False,True,False,,False,False,False
6460,80050-16,HOLD_WEAK_EVIDENCE,False,False,True,False,,False,False,False
6461,80050-18,HOLD_WEAK_EVIDENCE,False,False,True,False,,False,False,False
6462,80050-20,HOLD_WEAK_EVIDENCE,False,False,True,False,,False,False,False
6463,80050-22,HOLD_WEAK_EVIDENCE,False,False,True,False,,False,False,False
6464,80050-24,HOLD_WEAK_EVIDENCE,False,False,True,False,,False,False,False
6465,80050-25,HOLD_WEAK_EVIDENCE,False,False,True,False,,False,False,False
6466,C3/4-6,HOLD_WEAK_EVIDENCE,False,False,True,False,,False,False,False
6467,80071-09,HOLD_WEAK_EVIDENCE,False,False,True,False,,False,False,False
6468,80071-12,HOLD_WEAK_EVIDENCE,False,False,True,False,,False,False,False
6469,80071-06,HOLD_WEAK_EVIDENCE,False,False,True,False,,False,False,False
6470,80071-07,HOLD_WEAK_EVIDENCE,False,False,True,False,,False,False,False
6471,90051,HOLD_WEAK_EVIDENCE,False,False,True,False,,False,False,False
6472,90054,HOLD_WEAK_EVIDENCE,False,False,True,False,,False,False,False
6473,90012,HOLD_WEAK_EVIDENCE,False,False,True,False,,False,False,False
6474,90001,HOLD_WEAK_EVIDENCE,False,False,True,False,,False,False,False
6475,90003,HOLD_WEAK_EVIDENCE,False,False,True,False,,False,False,False
6476,81245,HOLD_WEAK_EVIDENCE,False,False,True,False,,False,False,False
6477,81244,HOLD_WEAK_EVIDENCE,False,False,True,False,,False,False,False
6478,81251,HOLD_WEAK_EVIDENCE,False,False,True,False,,False,False,False
6479,81252,HOLD_WEAK_EVIDENCE,False,False,True,False,,False,False,False
6480,81253,HOLD_WEAK_EVIDENCE,False,False,True,False,,False,False,False
6481,81254,HOLD_WEAK_EVIDENCE,False,False,True,False,,False,False,False
6482,81257,HOLD_WEAK_EVIDENCE,False,False,True,False,,False,False,False
6483,81261,HOLD_WEAK_EVIDENCE,False,False,True,False,,False,False,False
6484,BE812SA01A,HOLD_WEAK_EVIDENCE,False,False,True,False,,False,False,False
6485,81262,HOLD_WEAK_EVIDENCE,False,False,True,False,,False,False,False
6486,BE8208101A,HOLD_WEAK_EVIDENCE,False,False,True,False,,False,False,False
6487,BT01510,HOLD_WEAK_EVIDENCE,False,False,True,False,,False,False,False
6488,BT01525,HOLD_WEAK_EVIDENCE,False,False,True,False,,False,False,False
6489,BT01025,HOLD_WEAK_EVIDENCE,False,False,True,False,,False,False,False
6490,BA2BT40013180A,HOLD_WEAK_EVIDENCE,False,False,True,False,,False,False,False
6491,BA2BT40013190A,HOLD_WEAK_EVIDENCE,False,False,True,False,,False,False,False
6492,BT01545,HOLD_WEAK_EVIDENCE,False,False,True,False,,False,False,False
6493,BT01550,HOLD_WEAK_EVIDENCE,False,False,True,False,,False,False,False
6494,BT01564,HOLD_WEAK_EVIDENCE,False,False,True,False,,False,False,False
6495,BT01565,HOLD_WEAK_EVIDENCE,False,False,True,False,,False,False,False
6496,NT01070,HOLD_WEAK_EVIDENCE,False,False,True,False,,False,False,False
6497,NT01060,HOLD_WEAK_EVIDENCE,False,False,True,False,,False,False,False
6498,SK01020,HOLD_WEAK_EVIDENCE,False,False,True,False,,False,False,False
6499,SK01030,HOLD_WEAK_EVIDENCE,False,False,True,False,,False,False,False
6500,SK01550,HOLD_WEAK_EVIDENCE,False,False,True,False,,False,False,False
6501,SK01560,HOLD_WEAK_EVIDENCE,False,False,True,False,,False,False,False
6502,SK01580,HOLD_WEAK_EVIDENCE,False,False,True,False,,False,False,False
6503,SK01070,HOLD_WEAK_EVIDENCE,False,False,True,False,,False,False,False
6504,SK01080,HOLD_WEAK_EVIDENCE,False,False,True,False,,False,False,False
6505,64005,HOLD_WEAK_EVIDENCE,False,False,True,False,,False,False,False
6506,64020M,HOLD_WEAK_EVIDENCE,False,False,True,False,,False,False,False
6507,64015M,HOLD_WEAK_EVIDENCE,False,False,True,False,,False,False,False
6508,64015,HOLD_WEAK_EVIDENCE,False,False,True,False,,False,False,False
6509,BT22518,HOLD_WEAK_EVIDENCE,False,False,True,False,,False,False,False
6510,BT22520,HOLD_WEAK_EVIDENCE,False,False,True,False,,False,False,False
6511,BT22550,HOLD_WEAK_EVIDENCE,False,False,True,False,,False,False,False
6512,BT22560,HOLD_WEAK_EVIDENCE,False,False,True,False,,False,False,False
6513,SK22520,HOLD_WEAK_EVIDENCE,False,False,True,False,,False,False,False
6514,SK22530,HOLD_WEAK_EVIDENCE,False,False,True,False,,False,False,False
6515,SK22550,HOLD_WEAK_EVIDENCE,False,False,True,False,,False,False,False
6516,SK22560,HOLD_WEAK_EVIDENCE,False,False,True,False,,False,False,False
6517,62010,HOLD_WEAK_EVIDENCE,False,False,True,False,,False,False,False
6518,62025,HOLD_WEAK_EVIDENCE,False,False,True,False,,False,False,False
6519,62035,HOLD_WEAK_EVIDENCE,False,False,True,False,,False,False,False
6520,62040,HOLD_WEAK_EVIDENCE,False,False,True,False,,False,False,False
6521,62418,HOLD_WEAK_EVIDENCE,False,False,True,False,,False,False,False
6522,62420,HOLD_WEAK_EVIDENCE,False,False,True,False,,False,False,False
6523,BA90103020018A,HOLD_WEAK_EVIDENCE,False,False,True,False,,False,False,False
6524,BA90102020006A,HOLD_WEAK_EVIDENCE,False,False,True,False,,False,False,False
6525,BA90102020002A,HOLD_WEAK_EVIDENCE,False,False,True,False,,False,False,False
6526,BF901T5650001A,HOLD_WEAK_EVIDENCE,False,False,True,False,,False,False,False
6527,BF901T0860003A,HOLD_WEAK_EVIDENCE,False,False,True,False,,False,False,False
6528,BF901T0860002A,HOLD_WEAK_EVIDENCE,False,False,True,False,,False,False,False
6529,BA90103020005A,HOLD_WEAK_EVIDENCE,False,False,True,False,,False,False,False
6530,AST-832MA,HOLD_WEAK_EVIDENCE,False,False,True,False,,False,False,False
6531,AST-M128,HOLD_WEAK_EVIDENCE,False,False,True,False,,False,False,False
6532,SDC-DR230,HOLD_IDENTITY_CONFLICT,False,False,True,False,,False,False,False
6533,CBN-DR230,HOLD_IDENTITY_CONFLICT,False,False,True,False,,False,False,False
6534,CBN-DR313,HOLD_IDENTITY_CONFLICT,False,False,True,False,,False,False,False
6535,SDC-DR313,HOLD_IDENTITY_CONFLICT,False,False,True,False,,False,False,False
6536,GH26PP-CBN,HOLD_IDENTITY_CONFLICT,False,False,True,False,,False,False,False
6537,AST-E312-BRUSHLESS,HOLD_WEAK_EVIDENCE,False,False,True,False,,False,False,False
6538,AST-E316,HOLD_WEAK_EVIDENCE,False,False,True,False,,False,False,False
6539,GHEH14-CBN,HOLD_IDENTITY_CONFLICT,False,False,True,False,,False,False,False
6540,GHF1420EH-CBN,HOLD_IDENTITY_CONFLICT,False,False,True,False,,False,False,False
6541,GH1420EH-SDC,HOLD_IDENTITY_CONFLICT,False,False,True,False,,False,False,False
6542,GHEH14-SDC,HOLD_IDENTITY_CONFLICT,False,False,True,False,,False,False,False
6543,GHLFB620-CBN,HOLD_IDENTITY_CONFLICT,False,False,True,False,,False,False,False
6544,GHRFB620-CBN,HOLD_IDENTITY_CONFLICT,False,False,True,False,,False,False,False
6545,SDC-GHRFB620,HOLD_IDENTITY_CONFLICT,False,False,True,False,,False,False,False
6546,SDC-GHLFB620,HOLD_IDENTITY_CONFLICT,False,False,True,False,,False,False,False
6547,SDC300-613,HOLD_IDENTITY_CONFLICT,False,False,True,False,,False,False,False
6548,SDC300-GH45,HOLD_IDENTITY_CONFLICT,False,False,True,False,,False,False,False
6549,GHTS20-CBN,HOLD_IDENTITY_CONFLICT,False,False,True,False,,False,False,False
6550,GHTS42-CBN,HOLD_IDENTITY_CONFLICT,False,False,True,False,,False,False,False
6551,GHTS20-SDC,HOLD_IDENTITY_CONFLICT,False,False,True,False,,False,False,False
6552,GHTMS20-SDC,HOLD_IDENTITY_CONFLICT,False,False,True,False,,False,False,False
6553,GHTS42-SDC,HOLD_IDENTITY_CONFLICT,False,False,True,False,,False,False,False
6554,AST-VI600,HOLD_WEAK_EVIDENCE,False,False,True,False,,False,False,False
6555,AST-MP600,HOLD_WEAK_EVIDENCE,False,False,True,False,,False,False,False
6556,AST-50B,HOLD_WEAK_EVIDENCE,False,False,True,False,,False,False,False
6557,GHGT600-150008,HOLD_IDENTITY_CONFLICT,False,False,True,False,,False,False,False
6558,GHGT600-15010,HOLD_IDENTITY_CONFLICT,False,False,True,False,,False,False,False
6559,GHGT600-15020,HOLD_IDENTITY_CONFLICT,False,False,True,False,,False,False,False
6560,GHGT600-15032,HOLD_IDENTITY_CONFLICT,False,False,True,False,,False,False,False
6561,AST-PKH6,HOLD_WEAK_EVIDENCE,False,False,True,False,,False,False,False
6562,GH-STW,HOLD_WEAK_EVIDENCE,False,False,True,False,,False,False,False
6563,AST-SM,HOLD_WEAK_EVIDENCE,False,False,True,False,,False,False,False
6564,GHD-SM,HOLD_WEAK_EVIDENCE,False,False,True,False,,False,False,False
6565,AST-SSRPT,HOLD_WEAK_EVIDENCE,False,False,True,False,,False,False,False
6566,AST-SPARK1500,HOLD_WEAK_EVIDENCE,False,False,True,False,,False,False,False
6567,AST-ER40-9,HOLD_WEAK_EVIDENCE,False,False,True,False,,False,False,False
6568,AST-ER40-10,HOLD_WEAK_EVIDENCE,False,False,True,False,,False,False,False
6569,AST-ER40-11,HOLD_WEAK_EVIDENCE,False,False,True,False,,False,False,False
6570,AST-ER20-14,HOLD_WEAK_EVIDENCE,False,False,True,False,,False,False,False
6571,AST-ER20-15,HOLD_WEAK_EVIDENCE,False,False,True,False,,False,False,False
6572,AST-ER40-27,HOLD_WEAK_EVIDENCE,False,False,True,False,,False,False,False
6573,AST-ER40-28,HOLD_WEAK_EVIDENCE,False,False,True,False,,False,False,False
6574,AST-ER40-29,HOLD_WEAK_EVIDENCE,False,False,True,False,,False,False,False
6575,AST-ER40-30,HOLD_WEAK_EVIDENCE,False,False,True,False,,False,False,False
6576,AST-ER40-31,HOLD_WEAK_EVIDENCE,False,False,True,False,,False,False,False
6577,AST-ER40-32,HOLD_WEAK_EVIDENCE,False,False,True,False,,False,False,False
6578,1216602.8,HOLD_IDENTITY_CONFLICT,False,False,True,False,,False,False,False
6579,1216605,HOLD_IDENTITY_CONFLICT,False,False,True,False,,False,False,False
6580,1216607,HOLD_IDENTITY_CONFLICT,False,False,True,False,,False,False,False
6581,AST-DM36,HOLD_WEAK_EVIDENCE,False,False,True,False,,False,False,False
6582,AST-PRO/35,HOLD_WEAK_EVIDENCE,False,False,True,False,,False,False,False
6583,AST-PRO/T130,HOLD_WEAK_EVIDENCE,False,False,True,False,,False,False,False
6584,AST-TU/MT2,HOLD_WEAK_EVIDENCE,False,False,True,False,,False,False,False
6585,AST-TU/MT3,HOLD_WEAK_EVIDENCE,False,False,True,False,,False,False,False
6586,AST-COR205P,HOLD_WEAK_EVIDENCE,False,False,True,False,,False,False,False
6587,AST-COR305P,HOLD_WEAK_EVIDENCE,False,False,True,False,,False,False,False
6588,AST-K12,HOLD_WEAK_EVIDENCE,False,False,True,False,,False,False,False
6589,AST-K23,HOLD_WEAK_EVIDENCE,False,False,True,False,,False,False,False
6590,AST-K25,HOLD_WEAK_EVIDENCE,False,False,True,False,,False,False,False
6591,AST-K34,HOLD_WEAK_EVIDENCE,False,False,True,False,,False,False,False
6592,AST-K35,HOLD_WEAK_EVIDENCE,False,False,True,False,,False,False,False
6593,AST-K45,HOLD_WEAK_EVIDENCE,False,False,True,False,,False,False,False
6594,AST-K56,HOLD_WEAK_EVIDENCE,False,False,True,False,,False,False,False
6595,AST-MS1B12,HOLD_WEAK_EVIDENCE,False,False,True,False,,False,False,False
6596,AST-MS1B16,HOLD_WEAK_EVIDENCE,False,False,True,False,,False,False,False
6597,AST-MS2B12,HOLD_WEAK_EVIDENCE,False,False,True,False,,False,False,False
6598,AST-MS2B16,HOLD_WEAK_EVIDENCE,False,False,True,False,,False,False,False
6599,AST-MS2B18,HOLD_WEAK_EVIDENCE,False,False,True,False,,False,False,False
6600,AST-MS2B22,HOLD_WEAK_EVIDENCE,False,False,True,False,,False,False,False
6601,AST-MS3B16,HOLD_WEAK_EVIDENCE,False,False,True,False,,False,False,False
6602,AST-MS3B18,HOLD_WEAK_EVIDENCE,False,False,True,False,,False,False,False
6603,AST-MS3B22,HOLD_WEAK_EVIDENCE,False,False,True,False,,False,False,False
6604,AST-MS4B16,HOLD_WEAK_EVIDENCE,False,False,True,False,,False,False,False
6605,AST-MS4B18,HOLD_WEAK_EVIDENCE,False,False,True,False,,False,False,False
6606,AST-MS4B22,HOLD_WEAK_EVIDENCE,False,False,True,False,,False,False,False
6607,511001/6,HOLD_IDENTITY_CONFLICT,False,False,True,False,,False,False,False
6608,511101/6,HOLD_IDENTITY_CONFLICT,False,False,True,False,,False,False,False
6609,511002,HOLD_IDENTITY_CONFLICT,False,False,True,False,,False,False,False
6610,511102,HOLD_IDENTITY_CONFLICT,False,False,True,False,,False,False,False
6611,511002/5,HOLD_IDENTITY_CONFLICT,False,False,True,False,,False,False,False
6612,511102/5,HOLD_IDENTITY_CONFLICT,False,False,True,False,,False,False,False
6613,511003,HOLD_IDENTITY_CONFLICT,False,False,True,False,,False,False,False
6614,511103,HOLD_IDENTITY_CONFLICT,False,False,True,False,,False,False,False
6615,511003/5,HOLD_IDENTITY_CONFLICT,False,False,True,False,,False,False,False
6616,511103/5,HOLD_IDENTITY_CONFLICT,False,False,True,False,,False,False,False
6617,511004,HOLD_IDENTITY_CONFLICT,False,False,True,False,,False,False,False
6618,511104,HOLD_IDENTITY_CONFLICT,False,False,True,False,,False,False,False
6619,511005,HOLD_IDENTITY_CONFLICT,False,False,True,False,,False,False,False
6620,511105,HOLD_IDENTITY_CONFLICT,False,False,True,False,,False,False,False
6621,511005/0.5,HOLD_IDENTITY_CONFLICT,False,False,True,False,,False,False,False
6622,511006,HOLD_IDENTITY_CONFLICT,False,False,True,False,,False,False,False
6623,511106,HOLD_IDENTITY_CONFLICT,False,False,True,False,,False,False,False
6624,511006/0.5,HOLD_IDENTITY_CONFLICT,False,False,True,False,,False,False,False
6625,511006/0.75,HOLD_IDENTITY_CONFLICT,False,False,True,False,,False,False,False
6626,511007,HOLD_IDENTITY_CONFLICT,False,False,True,False,,False,False,False
6627,511007/0.75,HOLD_IDENTITY_CONFLICT,False,False,True,False,,False,False,False
6628,511107,HOLD_IDENTITY_CONFLICT,False,False,True,False,,False,False,False
6629,511008,HOLD_IDENTITY_CONFLICT,False,False,True,False,,False,False,False
6630,511108,HOLD_IDENTITY_CONFLICT,False,False,True,False,,False,False,False
6631,511008/0.75,HOLD_IDENTITY_CONFLICT,False,False,True,False,,False,False,False
6632,511008/1,HOLD_IDENTITY_CONFLICT,False,False,True,False,,False,False,False
6633,511108/1,HOLD_IDENTITY_CONFLICT,False,False,True,False,,False,False,False
6634,511009,HOLD_IDENTITY_CONFLICT,False,False,True,False,,False,False,False
6635,519006S,HOLD_IDENTITY_CONFLICT,False,False,True,False,,False,False,False
6636,511010,HOLD_IDENTITY_CONFLICT,False,False,True,False,,False,False,False
6637,511110,HOLD_IDENTITY_CONFLICT,False,False,True,False,,False,False,False
6638,511010/1,HOLD_IDENTITY_CONFLICT,False,False,True,False,,False,False,False
6639,511110/1,HOLD_IDENTITY_CONFLICT,False,False,True,False,,False,False,False
6640,511010/1.25,HOLD_IDENTITY_CONFLICT,False,False,True,False,,False,False,False
6641,511110/1.25,HOLD_IDENTITY_CONFLICT,False,False,True,False,,False,False,False
6642,511011,HOLD_IDENTITY_CONFLICT,False,False,True,False,,False,False,False
6643,511011/1,HOLD_IDENTITY_CONFLICT,False,False,True,False,,False,False,False
6644,511011/1.25,HOLD_IDENTITY_CONFLICT,False,False,True,False,,False,False,False
6645,511012,HOLD_IDENTITY_CONFLICT,False,False,True,False,,False,False,False
6646,511112,HOLD_IDENTITY_CONFLICT,False,False,True,False,,False,False,False
6647,511012/1,HOLD_IDENTITY_CONFLICT,False,False,True,False,,False,False,False
6648,511012/1.25,HOLD_IDENTITY_CONFLICT,False,False,True,False,,False,False,False
6649,511112/1.25,HOLD_IDENTITY_CONFLICT,False,False,True,False,,False,False,False
6650,511012/1.5,HOLD_IDENTITY_CONFLICT,False,False,True,False,,False,False,False
6651,511112/1.5,HOLD_IDENTITY_CONFLICT,False,False,True,False,,False,False,False
6652,511014,HOLD_IDENTITY_CONFLICT,False,False,True,False,,False,False,False
6653,511114,HOLD_IDENTITY_CONFLICT,False,False,True,False,,False,False,False
6654,511014/1,HOLD_IDENTITY_CONFLICT,False,False,True,False,,False,False,False
6655,511014/1.25,HOLD_IDENTITY_CONFLICT,False,False,True,False,,False,False,False
6656,511014/1.5,HOLD_IDENTITY_CONFLICT,False,False,True,False,,False,False,False
6657,511016,HOLD_IDENTITY_CONFLICT,False,False,True,False,,False,False,False
6658,511116,HOLD_IDENTITY_CONFLICT,False,False,True,False,,False,False,False
6659,511016/1,HOLD_IDENTITY_CONFLICT,False,False,True,False,,False,False,False
6660,511016/1.25,HOLD_IDENTITY_CONFLICT,False,False,True,False,,False,False,False
6661,511016/1.5,HOLD_IDENTITY_CONFLICT,False,False,True,False,,False,False,False
6662,511018,HOLD_IDENTITY_CONFLICT,False,False,True,False,,False,False,False
6663,511018/1,HOLD_IDENTITY_CONFLICT,False,False,True,False,,False,False,False
6664,511018/1.5,HOLD_IDENTITY_CONFLICT,False,False,True,False,,False,False,False
6665,511118/1.5,HOLD_IDENTITY_CONFLICT,False,False,True,False,,False,False,False
6666,511020,HOLD_IDENTITY_CONFLICT,False,False,True,False,,False,False,False
6667,511120,HOLD_IDENTITY_CONFLICT,False,False,True,False,,False,False,False
6668,511020/1,HOLD_IDENTITY_CONFLICT,False,False,True,False,,False,False,False
6669,511020/1.5,HOLD_IDENTITY_CONFLICT,False,False,True,False,,False,False,False
6670,511120/1.5,HOLD_IDENTITY_CONFLICT,False,False,True,False,,False,False,False
6671,511024,HOLD_IDENTITY_CONFLICT,False,False,True,False,,False,False,False
6672,513503,HOLD_IDENTITY_CONFLICT,False,False,True,False,,False,False,False
6673,513504,HOLD_IDENTITY_CONFLICT,False,False,True,False,,False,False,False
6674,513505,HOLD_IDENTITY_CONFLICT,False,False,True,False,,False,False,False
6675,513506,HOLD_IDENTITY_CONFLICT,False,False,True,False,,False,False,False
6676,513508,HOLD_IDENTITY_CONFLICT,False,False,True,False,,False,False,False
6677,513510,HOLD_IDENTITY_CONFLICT,False,False,True,False,,False,False,False
6678,513512,HOLD_IDENTITY_CONFLICT,False,False,True,False,,False,False,False
6679,513514,HOLD_IDENTITY_CONFLICT,False,False,True,False,,False,False,False
6680,513516,HOLD_IDENTITY_CONFLICT,False,False,True,False,,False,False,False
6681,513603,HOLD_IDENTITY_CONFLICT,False,False,True,False,,False,False,False
6682,513604,HOLD_IDENTITY_CONFLICT,False,False,True,False,,False,False,False
6683,513605,HOLD_IDENTITY_CONFLICT,False,False,True,False,,False,False,False
6684,513606,HOLD_IDENTITY_CONFLICT,False,False,True,False,,False,False,False
6685,513608,HOLD_IDENTITY_CONFLICT,False,False,True,False,,False,False,False
6686,513610,HOLD_IDENTITY_CONFLICT,False,False,True,False,,False,False,False
6687,513612,HOLD_IDENTITY_CONFLICT,False,False,True,False,,False,False,False
6688,513002,HOLD_IDENTITY_CONFLICT,False,False,True,False,,False,False,False
6689,513102,HOLD_IDENTITY_CONFLICT,False,False,True,False,,False,False,False
6690,513003,HOLD_IDENTITY_CONFLICT,False,False,True,False,,False,False,False
6691,513103,HOLD_IDENTITY_CONFLICT,False,False,True,False,,False,False,False
6692,513004,HOLD_IDENTITY_CONFLICT,False,False,True,False,,False,False,False
6693,513104,HOLD_IDENTITY_CONFLICT,False,False,True,False,,False,False,False
6694,513005,HOLD_IDENTITY_CONFLICT,False,False,True,False,,False,False,False
6695,513105,HOLD_IDENTITY_CONFLICT,False,False,True,False,,False,False,False
6696,513006,HOLD_IDENTITY_CONFLICT,False,False,True,False,,False,False,False
6697,513106,HOLD_IDENTITY_CONFLICT,False,False,True,False,,False,False,False
6698,513008,HOLD_IDENTITY_CONFLICT,False,False,True,False,,False,False,False
6699,513108,HOLD_IDENTITY_CONFLICT,False,False,True,False,,False,False,False
6700,513010,HOLD_IDENTITY_CONFLICT,False,False,True,False,,False,False,False
6701,513110,HOLD_IDENTITY_CONFLICT,False,False,True,False,,False,False,False
6702,513012,HOLD_IDENTITY_CONFLICT,False,False,True,False,,False,False,False
6703,513112,HOLD_IDENTITY_CONFLICT,False,False,True,False,,False,False,False
6704,513203,HOLD_IDENTITY_CONFLICT,False,False,True,False,,False,False,False
6705,513204,HOLD_IDENTITY_CONFLICT,False,False,True,False,,False,False,False
6706,513205,HOLD_IDENTITY_CONFLICT,False,False,True,False,,False,False,False
6707,513206,HOLD_IDENTITY_CONFLICT,False,False,True,False,,False,False,False
6708,513208,HOLD_IDENTITY_CONFLICT,False,False,True,False,,False,False,False
6709,513210,HOLD_IDENTITY_CONFLICT,False,False,True,False,,False,False,False
6710,513212,HOLD_IDENTITY_CONFLICT,False,False,True,False,,False,False,False
6711,514101/6,HOLD_IDENTITY_CONFLICT,False,False,True,False,,False,False,False
6712,514102,HOLD_IDENTITY_CONFLICT,False,False,True,False,,False,False,False
6713,514202,HOLD_IDENTITY_CONFLICT,False,False,True,False,,False,False,False
6714,514102/5,HOLD_IDENTITY_CONFLICT,False,False,True,False,,False,False,False
6715,514202/5,HOLD_IDENTITY_CONFLICT,False,False,True,False,,False,False,False
6716,514103,HOLD_IDENTITY_CONFLICT,False,False,True,False,,False,False,False
6717,514203,HOLD_IDENTITY_CONFLICT,False,False,True,False,,False,False,False
6718,514103/5,HOLD_IDENTITY_CONFLICT,False,False,True,False,,False,False,False
6719,514203/5,HOLD_IDENTITY_CONFLICT,False,False,True,False,,False,False,False
6720,514104,HOLD_IDENTITY_CONFLICT,False,False,True,False,,False,False,False
6721,514204,HOLD_IDENTITY_CONFLICT,False,False,True,False,,False,False,False
6722,514105,HOLD_IDENTITY_CONFLICT,False,False,True,False,,False,False,False
6723,514205,HOLD_IDENTITY_CONFLICT,False,False,True,False,,False,False,False
6724,514005,HOLD_IDENTITY_CONFLICT,False,False,True,False,,False,False,False
6725,514106,HOLD_IDENTITY_CONFLICT,False,False,True,False,,False,False,False
6726,514206,HOLD_IDENTITY_CONFLICT,False,False,True,False,,False,False,False
6727,514107,HOLD_IDENTITY_CONFLICT,False,False,True,False,,False,False,False
6728,514207,HOLD_IDENTITY_CONFLICT,False,False,True,False,,False,False,False
6729,514006,HOLD_IDENTITY_CONFLICT,False,False,True,False,,False,False,False
6730,514108,HOLD_IDENTITY_CONFLICT,False,False,True,False,,False,False,False
6731,514208,HOLD_IDENTITY_CONFLICT,False,False,True,False,,False,False,False
6732,514008,HOLD_IDENTITY_CONFLICT,False,False,True,False,,False,False,False
6733,514110,HOLD_IDENTITY_CONFLICT,False,False,True,False,,False,False,False
6734,514110/1.25,HOLD_IDENTITY_CONFLICT,False,False,True,False,,False,False,False
6735,514210,HOLD_IDENTITY_CONFLICT,False,False,True,False,,False,False,False
6736,511203,HOLD_IDENTITY_CONFLICT,False,False,True,False,,False,False,False
6737,511303,HOLD_IDENTITY_CONFLICT,False,False,True,False,,False,False,False
6738,511204,HOLD_IDENTITY_CONFLICT,False,False,True,False,,False,False,False
6739,511304,HOLD_IDENTITY_CONFLICT,False,False,True,False,,False,False,False
6740,511205,HOLD_IDENTITY_CONFLICT,False,False,True,False,,False,False,False
6741,511305,HOLD_IDENTITY_CONFLICT,False,False,True,False,,False,False,False
6742,511205/0.5,HOLD_IDENTITY_CONFLICT,False,False,True,False,,False,False,False
6743,511206,HOLD_IDENTITY_CONFLICT,False,False,True,False,,False,False,False
6744,511208/0.75,HOLD_IDENTITY_CONFLICT,False,False,True,False,,False,False,False
6745,511306,HOLD_IDENTITY_CONFLICT,False,False,True,False,,False,False,False
6746,511206/0.75,HOLD_IDENTITY_CONFLICT,False,False,True,False,,False,False,False
6747,511207,HOLD_IDENTITY_CONFLICT,False,False,True,False,,False,False,False
6748,511307,HOLD_IDENTITY_CONFLICT,False,False,True,False,,False,False,False
6749,511208,HOLD_IDENTITY_CONFLICT,False,False,True,False,,False,False,False
6750,511308,HOLD_IDENTITY_CONFLICT,False,False,True,False,,False,False,False
6751,511208/1,HOLD_IDENTITY_CONFLICT,False,False,True,False,,False,False,False
6752,511308/1,HOLD_IDENTITY_CONFLICT,False,False,True,False,,False,False,False
6753,511209,HOLD_IDENTITY_CONFLICT,False,False,True,False,,False,False,False
6754,511210,HOLD_IDENTITY_CONFLICT,False,False,True,False,,False,False,False
6755,511310,HOLD_IDENTITY_CONFLICT,False,False,True,False,,False,False,False
6756,511210/1,HOLD_IDENTITY_CONFLICT,False,False,True,False,,False,False,False
6757,511310/1,HOLD_IDENTITY_CONFLICT,False,False,True,False,,False,False,False
6758,511210/1.25,HOLD_IDENTITY_CONFLICT,False,False,True,False,,False,False,False
6759,511310/1.25,HOLD_IDENTITY_CONFLICT,False,False,True,False,,False,False,False
6760,511211,HOLD_IDENTITY_CONFLICT,False,False,True,False,,False,False,False
6761,511211/1,HOLD_IDENTITY_CONFLICT,False,False,True,False,,False,False,False
6762,511211/1.25,HOLD_IDENTITY_CONFLICT,False,False,True,False,,False,False,False
6763,511212,HOLD_IDENTITY_CONFLICT,False,False,True,False,,False,False,False
6764,511312,HOLD_IDENTITY_CONFLICT,False,False,True,False,,False,False,False
6765,511212/1,HOLD_IDENTITY_CONFLICT,False,False,True,False,,False,False,False
6766,511312/1,HOLD_IDENTITY_CONFLICT,False,False,True,False,,False,False,False
6767,511212/1.25,HOLD_IDENTITY_CONFLICT,False,False,True,False,,False,False,False
6768,511312/1.25,HOLD_IDENTITY_CONFLICT,False,False,True,False,,False,False,False
6769,511212/1.5,HOLD_IDENTITY_CONFLICT,False,False,True,False,,False,False,False
6770,511312/1.5,HOLD_IDENTITY_CONFLICT,False,False,True,False,,False,False,False
6771,511214,HOLD_IDENTITY_CONFLICT,False,False,True,False,,False,False,False
6772,511314,HOLD_IDENTITY_CONFLICT,False,False,True,False,,False,False,False
6773,511214/1,HOLD_IDENTITY_CONFLICT,False,False,True,False,,False,False,False
6774,511314/1,HOLD_IDENTITY_CONFLICT,False,False,True,False,,False,False,False
6775,511214/1.25,HOLD_IDENTITY_CONFLICT,False,False,True,False,,False,False,False
6776,511314/1.25,HOLD_IDENTITY_CONFLICT,False,False,True,False,,False,False,False
6777,511214/1.5,HOLD_IDENTITY_CONFLICT,False,False,True,False,,False,False,False
6778,511314/1.5,HOLD_IDENTITY_CONFLICT,False,False,True,False,,False,False,False
6779,511216,HOLD_IDENTITY_CONFLICT,False,False,True,False,,False,False,False
6780,511316,HOLD_IDENTITY_CONFLICT,False,False,True,False,,False,False,False
6781,511216/1,HOLD_IDENTITY_CONFLICT,False,False,True,False,,False,False,False
6782,511216/1.25,HOLD_IDENTITY_CONFLICT,False,False,True,False,,False,False,False
6783,511216/1.5,HOLD_IDENTITY_CONFLICT,False,False,True,False,,False,False,False
6784,511218,HOLD_IDENTITY_CONFLICT,False,False,True,False,,False,False,False
6785,511218/1,HOLD_IDENTITY_CONFLICT,False,False,True,False,,False,False,False
6786,511218/1.25,HOLD_IDENTITY_CONFLICT,False,False,True,False,,False,False,False
6787,511218/1.5,HOLD_IDENTITY_CONFLICT,False,False,True,False,,False,False,False
6788,511220,HOLD_IDENTITY_CONFLICT,False,False,True,False,,False,False,False
6789,511220/1,HOLD_IDENTITY_CONFLICT,False,False,True,False,,False,False,False
6790,511220/1.5,HOLD_IDENTITY_CONFLICT,False,False,True,False,,False,False,False
6791,511320/1.5,HOLD_IDENTITY_CONFLICT,False,False,True,False,,False,False,False
6792,511222,HOLD_IDENTITY_CONFLICT,False,False,True,False,,False,False,False
6793,511224,HOLD_IDENTITY_CONFLICT,False,False,True,False,,False,False,False
6794,513303,HOLD_IDENTITY_CONFLICT,False,False,True,False,,False,False,False
6795,513304,HOLD_IDENTITY_CONFLICT,False,False,True,False,,False,False,False
6796,513305,HOLD_IDENTITY_CONFLICT,False,False,True,False,,False,False,False
6797,513306,HOLD_IDENTITY_CONFLICT,False,False,True,False,,False,False,False
6798,513308,HOLD_IDENTITY_CONFLICT,False,False,True,False,,False,False,False
6799,513310,HOLD_IDENTITY_CONFLICT,False,False,True,False,,False,False,False
6800,513310/1,HOLD_IDENTITY_CONFLICT,False,False,True,False,,False,False,False
6801,513310/1.25,HOLD_IDENTITY_CONFLICT,False,False,True,False,,False,False,False
6802,513312/1.25,HOLD_IDENTITY_CONFLICT,False,False,True,False,,False,False,False
6803,513114,HOLD_IDENTITY_CONFLICT,False,False,True,False,,False,False,False
6804,513316,HOLD_IDENTITY_CONFLICT,False,False,True,False,,False,False,False
6805,512221,HOLD_IDENTITY_CONFLICT,False,False,True,False,,False,False,False
6806,512602,HOLD_IDENTITY_CONFLICT,False,False,True,False,,False,False,False
6807,512603,HOLD_IDENTITY_CONFLICT,False,False,True,False,,False,False,False
6808,512603/5,HOLD_IDENTITY_CONFLICT,False,False,True,False,,False,False,False
6809,512604,HOLD_IDENTITY_CONFLICT,False,False,True,False,,False,False,False
6810,512605,HOLD_IDENTITY_CONFLICT,False,False,True,False,,False,False,False
6811,512606,HOLD_IDENTITY_CONFLICT,False,False,True,False,,False,False,False
6812,512608,HOLD_IDENTITY_CONFLICT,False,False,True,False,,False,False,False
6813,512610,HOLD_IDENTITY_CONFLICT,False,False,True,False,,False,False,False
6814,512614/1.25,HOLD_IDENTITY_CONFLICT,False,False,True,False,,False,False,False
6815,512802,HOLD_IDENTITY_CONFLICT,False,False,True,False,,False,False,False
6816,512803,HOLD_IDENTITY_CONFLICT,False,False,True,False,,False,False,False
6817,512804,HOLD_IDENTITY_CONFLICT,False,False,True,False,,False,False,False
6818,512805,HOLD_IDENTITY_CONFLICT,False,False,True,False,,False,False,False
6819,512806,HOLD_IDENTITY_CONFLICT,False,False,True,False,,False,False,False
6820,512807,HOLD_IDENTITY_CONFLICT,False,False,True,False,,False,False,False
6821,512808,HOLD_IDENTITY_CONFLICT,False,False,True,False,,False,False,False
6822,512808/1,HOLD_IDENTITY_CONFLICT,False,False,True,False,,False,False,False
6823,512810,HOLD_IDENTITY_CONFLICT,False,False,True,False,,False,False,False
6824,512814/1.25,HOLD_IDENTITY_CONFLICT,False,False,True,False,,False,False,False
6825,512820/1.5,HOLD_IDENTITY_CONFLICT,False,False,True,False,,False,False,False
6826,512902,HOLD_IDENTITY_CONFLICT,False,False,True,False,,False,False,False
6827,512902/5,HOLD_IDENTITY_CONFLICT,False,False,True,False,,False,False,False
6828,512903,HOLD_IDENTITY_CONFLICT,False,False,True,False,,False,False,False
6829,514403,HOLD_IDENTITY_CONFLICT,False,False,True,False,,False,False,False
6830,514404,HOLD_IDENTITY_CONFLICT,False,False,True,False,,False,False,False
6831,514405,HOLD_IDENTITY_CONFLICT,False,False,True,False,,False,False,False
6832,514406,HOLD_IDENTITY_CONFLICT,False,False,True,False,,False,False,False
6833,514408,HOLD_IDENTITY_CONFLICT,False,False,True,False,,False,False,False
6834,431212,HOLD_IDENTITY_CONFLICT,False,False,True,False,,False,False,False
6835,431213,HOLD_IDENTITY_CONFLICT,False,False,True,False,,False,False,False
6836,431214,HOLD_IDENTITY_CONFLICT,False,False,True,False,,False,False,False
6837,431215,HOLD_IDENTITY_CONFLICT,False,False,True,False,,False,False,False
6838,431216,HOLD_IDENTITY_CONFLICT,False,False,True,False,,False,False,False
6839,431217,HOLD_IDENTITY_CONFLICT,False,False,True,False,,False,False,False
6840,431218,HOLD_IDENTITY_CONFLICT,False,False,True,False,,False,False,False
6841,431219,HOLD_IDENTITY_CONFLICT,False,False,True,False,,False,False,False
6842,431220,HOLD_IDENTITY_CONFLICT,False,False,True,False,,False,False,False
6843,431221,HOLD_IDENTITY_CONFLICT,False,False,True,False,,False,False,False
6844,431222,HOLD_IDENTITY_CONFLICT,False,False,True,False,,False,False,False
6845,431223,HOLD_IDENTITY_CONFLICT,False,False,True,False,,False,False,False
6846,431224,HOLD_IDENTITY_CONFLICT,False,False,True,False,,False,False,False
6847,431225,HOLD_IDENTITY_CONFLICT,False,False,True,False,,False,False,False
6848,431226,HOLD_IDENTITY_CONFLICT,False,False,True,False,,False,False,False
6849,431227,HOLD_IDENTITY_CONFLICT,False,False,True,False,,False,False,False
6850,431228,HOLD_IDENTITY_CONFLICT,False,False,True,False,,False,False,False
6851,431229,HOLD_IDENTITY_CONFLICT,False,False,True,False,,False,False,False
6852,431230,HOLD_IDENTITY_CONFLICT,False,False,True,False,,False,False,False
6853,431231,HOLD_IDENTITY_CONFLICT,False,False,True,False,,False,False,False
6854,431232,HOLD_IDENTITY_CONFLICT,False,False,True,False,,False,False,False
6855,431233,HOLD_IDENTITY_CONFLICT,False,False,True,False,,False,False,False
6856,431234,HOLD_IDENTITY_CONFLICT,False,False,True,False,,False,False,False
6857,431235,HOLD_IDENTITY_CONFLICT,False,False,True,False,,False,False,False
6858,431236,HOLD_IDENTITY_CONFLICT,False,False,True,False,,False,False,False
6859,431237,HOLD_IDENTITY_CONFLICT,False,False,True,False,,False,False,False
6860,431312,HOLD_IDENTITY_CONFLICT,False,False,True,False,,False,False,False
6861,431313,HOLD_IDENTITY_CONFLICT,False,False,True,False,,False,False,False
6862,431314,HOLD_IDENTITY_CONFLICT,False,False,True,False,,False,False,False
6863,431315,HOLD_IDENTITY_CONFLICT,False,False,True,False,,False,False,False
6864,431316,HOLD_IDENTITY_CONFLICT,False,False,True,False,,False,False,False
6865,431317,HOLD_IDENTITY_CONFLICT,False,False,True,False,,False,False,False
6866,431318,HOLD_IDENTITY_CONFLICT,False,False,True,False,,False,False,False
6867,431319,HOLD_IDENTITY_CONFLICT,False,False,True,False,,False,False,False
6868,431320,HOLD_IDENTITY_CONFLICT,False,False,True,False,,False,False,False
6869,431321,HOLD_IDENTITY_CONFLICT,False,False,True,False,,False,False,False
6870,431322,HOLD_IDENTITY_CONFLICT,False,False,True,False,,False,False,False
6871,431323,HOLD_IDENTITY_CONFLICT,False,False,True,False,,False,False,False
6872,431324,HOLD_IDENTITY_CONFLICT,False,False,True,False,,False,False,False
6873,431325,HOLD_IDENTITY_CONFLICT,False,False,True,False,,False,False,False
6874,431326,HOLD_IDENTITY_CONFLICT,False,False,True,False,,False,False,False
6875,431327,HOLD_IDENTITY_CONFLICT,False,False,True,False,,False,False,False
6876,431328,HOLD_IDENTITY_CONFLICT,False,False,True,False,,False,False,False
6877,431329,HOLD_IDENTITY_CONFLICT,False,False,True,False,,False,False,False
6878,431330,HOLD_IDENTITY_CONFLICT,False,False,True,False,,False,False,False
6879,431331,HOLD_IDENTITY_CONFLICT,False,False,True,False,,False,False,False
6880,431332,HOLD_IDENTITY_CONFLICT,False,False,True,False,,False,False,False
6881,431333,HOLD_IDENTITY_CONFLICT,False,False,True,False,,False,False,False
6882,431334,HOLD_IDENTITY_CONFLICT,False,False,True,False,,False,False,False
6883,431335,HOLD_IDENTITY_CONFLICT,False,False,True,False,,False,False,False
6884,431336,HOLD_IDENTITY_CONFLICT,False,False,True,False,,False,False,False
6885,431337,HOLD_IDENTITY_CONFLICT,False,False,True,False,,False,False,False
6886,431338,HOLD_IDENTITY_CONFLICT,False,False,True,False,,False,False,False
6887,431339,HOLD_IDENTITY_CONFLICT,False,False,True,False,,False,False,False
6888,431340,HOLD_IDENTITY_CONFLICT,False,False,True,False,,False,False,False
6889,431341,HOLD_IDENTITY_CONFLICT,False,False,True,False,,False,False,False
6890,431012,HOLD_IDENTITY_CONFLICT,False,False,True,False,,False,False,False
6891,431014,HOLD_IDENTITY_CONFLICT,False,False,True,False,,False,False,False
6892,431015,HOLD_IDENTITY_CONFLICT,False,False,True,False,,False,False,False
6893,431016,HOLD_IDENTITY_CONFLICT,False,False,True,False,,False,False,False
6894,431017,HOLD_IDENTITY_CONFLICT,False,False,True,False,,False,False,False
6895,431018,HOLD_IDENTITY_CONFLICT,False,False,True,False,,False,False,False
6896,431019,HOLD_IDENTITY_CONFLICT,False,False,True,False,,False,False,False
6897,431020,HOLD_IDENTITY_CONFLICT,False,False,True,False,,False,False,False
6898,431021,HOLD_IDENTITY_CONFLICT,False,False,True,False,,False,False,False
6899,431022,HOLD_IDENTITY_CONFLICT,False,False,True,False,,False,False,False
6900,431023,HOLD_IDENTITY_CONFLICT,False,False,True,False,,False,False,False
6901,431024,HOLD_IDENTITY_CONFLICT,False,False,True,False,,False,False,False
6902,431025,HOLD_IDENTITY_CONFLICT,False,False,True,False,,False,False,False
6903,431026,HOLD_IDENTITY_CONFLICT,False,False,True,False,,False,False,False
6904,431027,HOLD_IDENTITY_CONFLICT,False,False,True,False,,False,False,False
6905,431028,HOLD_IDENTITY_CONFLICT,False,False,True,False,,False,False,False
6906,431029,HOLD_IDENTITY_CONFLICT,False,False,True,False,,False,False,False
6907,431030,HOLD_IDENTITY_CONFLICT,False,False,True,False,,False,False,False
6908,431112,HOLD_IDENTITY_CONFLICT,False,False,True,False,,False,False,False
6909,431113,HOLD_IDENTITY_CONFLICT,False,False,True,False,,False,False,False
6910,431114,HOLD_IDENTITY_CONFLICT,False,False,True,False,,False,False,False
6911,431115,HOLD_IDENTITY_CONFLICT,False,False,True,False,,False,False,False
6912,431116,HOLD_IDENTITY_CONFLICT,False,False,True,False,,False,False,False
6913,431117,HOLD_IDENTITY_CONFLICT,False,False,True,False,,False,False,False
6914,431118,HOLD_IDENTITY_CONFLICT,False,False,True,False,,False,False,False
6915,431119,HOLD_IDENTITY_CONFLICT,False,False,True,False,,False,False,False
6916,431120,HOLD_IDENTITY_CONFLICT,False,False,True,False,,False,False,False
6917,431121,HOLD_IDENTITY_CONFLICT,False,False,True,False,,False,False,False
6918,431122,HOLD_IDENTITY_CONFLICT,False,False,True,False,,False,False,False
6919,431123,HOLD_IDENTITY_CONFLICT,False,False,True,False,,False,False,False
6920,431124,HOLD_IDENTITY_CONFLICT,False,False,True,False,,False,False,False
6921,431125,HOLD_IDENTITY_CONFLICT,False,False,True,False,,False,False,False
6922,431126,HOLD_IDENTITY_CONFLICT,False,False,True,False,,False,False,False
6923,431127,HOLD_IDENTITY_CONFLICT,False,False,True,False,,False,False,False
6924,431128,HOLD_IDENTITY_CONFLICT,False,False,True,False,,False,False,False
6925,431129,HOLD_IDENTITY_CONFLICT,False,False,True,False,,False,False,False
6926,431130,HOLD_IDENTITY_CONFLICT,False,False,True,False,,False,False,False
6927,431412,HOLD_IDENTITY_CONFLICT,False,False,True,False,,False,False,False
6928,431414,HOLD_IDENTITY_CONFLICT,False,False,True,False,,False,False,False
6929,431416,HOLD_IDENTITY_CONFLICT,False,False,True,False,,False,False,False
6930,431418,HOLD_IDENTITY_CONFLICT,False,False,True,False,,False,False,False
6931,431419,HOLD_IDENTITY_CONFLICT,False,False,True,False,,False,False,False
6932,431420,HOLD_IDENTITY_CONFLICT,False,False,True,False,,False,False,False
6933,431421,HOLD_IDENTITY_CONFLICT,False,False,True,False,,False,False,False
6934,431422,HOLD_IDENTITY_CONFLICT,False,False,True,False,,False,False,False
6935,431423,HOLD_IDENTITY_CONFLICT,False,False,True,False,,False,False,False
6936,431424,HOLD_IDENTITY_CONFLICT,False,False,True,False,,False,False,False
6937,431514,HOLD_IDENTITY_CONFLICT,False,False,True,False,,False,False,False
6938,431516,HOLD_IDENTITY_CONFLICT,False,False,True,False,,False,False,False
6939,431518,HOLD_IDENTITY_CONFLICT,False,False,True,False,,False,False,False
6940,431520,HOLD_IDENTITY_CONFLICT,False,False,True,False,,False,False,False
6941,431522,HOLD_IDENTITY_CONFLICT,False,False,True,False,,False,False,False
6942,431524,HOLD_IDENTITY_CONFLICT,False,False,True,False,,False,False,False
6943,431612,HOLD_IDENTITY_CONFLICT,False,False,True,False,,False,False,False
6944,431613,HOLD_IDENTITY_CONFLICT,False,False,True,False,,False,False,False
6945,431614,HOLD_IDENTITY_CONFLICT,False,False,True,False,,False,False,False
6946,431615,HOLD_IDENTITY_CONFLICT,False,False,True,False,,False,False,False
6947,431616,HOLD_IDENTITY_CONFLICT,False,False,True,False,,False,False,False
6948,431617,HOLD_IDENTITY_CONFLICT,False,False,True,False,,False,False,False
6949,431618,HOLD_IDENTITY_CONFLICT,False,False,True,False,,False,False,False
6950,431619,HOLD_IDENTITY_CONFLICT,False,False,True,False,,False,False,False
6951,431620,HOLD_IDENTITY_CONFLICT,False,False,True,False,,False,False,False
6952,431621,HOLD_IDENTITY_CONFLICT,False,False,True,False,,False,False,False
6953,431622,HOLD_IDENTITY_CONFLICT,False,False,True,False,,False,False,False
6954,431623,HOLD_IDENTITY_CONFLICT,False,False,True,False,,False,False,False
6955,431624,HOLD_IDENTITY_CONFLICT,False,False,True,False,,False,False,False
6956,4316225,HOLD_IDENTITY_CONFLICT,False,False,True,False,,False,False,False
6957,431626,HOLD_IDENTITY_CONFLICT,False,False,True,False,,False,False,False
6958,431627,HOLD_IDENTITY_CONFLICT,False,False,True,False,,False,False,False
6959,431628,HOLD_IDENTITY_CONFLICT,False,False,True,False,,False,False,False
6960,431629,HOLD_IDENTITY_CONFLICT,False,False,True,False,,False,False,False
6961,431630,HOLD_IDENTITY_CONFLICT,False,False,True,False,,False,False,False
6962,431631,HOLD_IDENTITY_CONFLICT,False,False,True,False,,False,False,False
6963,431712,HOLD_IDENTITY_CONFLICT,False,False,True,False,,False,False,False
6964,431713,HOLD_IDENTITY_CONFLICT,False,False,True,False,,False,False,False
6965,431714,HOLD_IDENTITY_CONFLICT,False,False,True,False,,False,False,False
6966,431715,HOLD_IDENTITY_CONFLICT,False,False,True,False,,False,False,False
6967,431716,HOLD_IDENTITY_CONFLICT,False,False,True,False,,False,False,False
6968,431717,HOLD_IDENTITY_CONFLICT,False,False,True,False,,False,False,False
6969,431718,HOLD_IDENTITY_CONFLICT,False,False,True,False,,False,False,False
6970,431719,HOLD_IDENTITY_CONFLICT,False,False,True,False,,False,False,False
6971,431720,HOLD_IDENTITY_CONFLICT,False,False,True,False,,False,False,False
6972,431721,HOLD_IDENTITY_CONFLICT,False,False,True,False,,False,False,False
6973,431722,HOLD_IDENTITY_CONFLICT,False,False,True,False,,False,False,False
6974,431723,HOLD_IDENTITY_CONFLICT,False,False,True,False,,False,False,False
6975,431724,HOLD_IDENTITY_CONFLICT,False,False,True,False,,False,False,False
6976,431725,HOLD_IDENTITY_CONFLICT,False,False,True,False,,False,False,False
6977,431726,HOLD_IDENTITY_CONFLICT,False,False,True,False,,False,False,False
6978,431727,HOLD_IDENTITY_CONFLICT,False,False,True,False,,False,False,False
6979,431728,HOLD_IDENTITY_CONFLICT,False,False,True,False,,False,False,False
6980,431729,HOLD_IDENTITY_CONFLICT,False,False,True,False,,False,False,False
6981,431730,HOLD_IDENTITY_CONFLICT,False,False,True,False,,False,False,False
6982,431731,HOLD_IDENTITY_CONFLICT,False,False,True,False,,False,False,False
6983,431732,HOLD_IDENTITY_CONFLICT,False,False,True,False,,False,False,False
6984,431733,HOLD_IDENTITY_CONFLICT,False,False,True,False,,False,False,False
6985,431734,HOLD_IDENTITY_CONFLICT,False,False,True,False,,False,False,False
6986,431735,HOLD_IDENTITY_CONFLICT,False,False,True,False,,False,False,False
6987,431736,HOLD_IDENTITY_CONFLICT,False,False,True,False,,False,False,False
6988,431737,HOLD_IDENTITY_CONFLICT,False,False,True,False,,False,False,False
6989,431738,HOLD_IDENTITY_CONFLICT,False,False,True,False,,False,False,False
6990,431739,HOLD_IDENTITY_CONFLICT,False,False,True,False,,False,False,False
6991,431740,HOLD_IDENTITY_CONFLICT,False,False,True,False,,False,False,False
6992,431741,HOLD_IDENTITY_CONFLICT,False,False,True,False,,False,False,False
6993,431742,HOLD_IDENTITY_CONFLICT,False,False,True,False,,False,False,False
6994,431743,HOLD_IDENTITY_CONFLICT,False,False,True,False,,False,False,False
6995,431744,HOLD_IDENTITY_CONFLICT,False,False,True,False,,False,False,False
6996,431745,HOLD_IDENTITY_CONFLICT,False,False,True,False,,False,False,False
6997,431746,HOLD_IDENTITY_CONFLICT,False,False,True,False,,False,False,False
6998,431747,HOLD_IDENTITY_CONFLICT,False,False,True,False,,False,False,False
6999,431748,HOLD_IDENTITY_CONFLICT,False,False,True,False,,False,False,False
7000,431749,HOLD_IDENTITY_CONFLICT,False,False,True,False,,False,False,False
7001,431750,HOLD_IDENTITY_CONFLICT,False,False,True,False,,False,False,False
7002,431751,HOLD_IDENTITY_CONFLICT,False,False,True,False,,False,False,False
7003,431752,HOLD_IDENTITY_CONFLICT,False,False,True,False,,False,False,False
7004,431753,HOLD_IDENTITY_CONFLICT,False,False,True,False,,False,False,False
7005,431754,HOLD_IDENTITY_CONFLICT,False,False,True,False,,False,False,False
7006,431755,HOLD_IDENTITY_CONFLICT,False,False,True,False,,False,False,False
7007,431756,HOLD_IDENTITY_CONFLICT,False,False,True,False,,False,False,False
7008,431757,HOLD_IDENTITY_CONFLICT,False,False,True,False,,False,False,False
7009,431901,HOLD_IDENTITY_CONFLICT,False,False,True,False,,False,False,False
7010,431902,HOLD_IDENTITY_CONFLICT,False,False,True,False,,False,False,False
7011,431906,HOLD_IDENTITY_CONFLICT,False,False,True,False,,False,False,False
7012,431908,HOLD_IDENTITY_CONFLICT,False,False,True,False,,False,False,False
7013,431911,HOLD_IDENTITY_CONFLICT,False,False,True,False,,False,False,False
7014,431904,HOLD_IDENTITY_CONFLICT,False,False,True,False,,False,False,False
7015,431903,HOLD_IDENTITY_CONFLICT,False,False,True,False,,False,False,False
7016,431905,HOLD_IDENTITY_CONFLICT,False,False,True,False,,False,False,False
7017,431909,HOLD_IDENTITY_CONFLICT,False,False,True,False,,False,False,False
7018,431912,HOLD_IDENTITY_CONFLICT,False,False,True,False,,False,False,False
7019,431913,HOLD_IDENTITY_CONFLICT,False,False,True,False,,False,False,False
7020,431910,HOLD_IDENTITY_CONFLICT,False,False,True,False,,False,False,False
7021,677002,HOLD_IDENTITY_CONFLICT,False,False,True,False,,False,False,False
7022,677003,HOLD_IDENTITY_CONFLICT,False,False,True,False,,False,False,False
7023,677004,HOLD_IDENTITY_CONFLICT,False,False,True,False,,False,False,False
7024,677005,HOLD_IDENTITY_CONFLICT,False,False,True,False,,False,False,False
7025,677006,HOLD_IDENTITY_CONFLICT,False,False,True,False,,False,False,False
7026,677007,HOLD_IDENTITY_CONFLICT,False,False,True,False,,False,False,False
7027,677008,HOLD_IDENTITY_CONFLICT,False,False,True,False,,False,False,False
7028,677009,HOLD_IDENTITY_CONFLICT,False,False,True,False,,False,False,False
7029,677010,HOLD_IDENTITY_CONFLICT,False,False,True,False,,False,False,False
7030,677011,HOLD_IDENTITY_CONFLICT,False,False,True,False,,False,False,False
7031,677012,HOLD_IDENTITY_CONFLICT,False,False,True,False,,False,False,False
7032,677013,HOLD_IDENTITY_CONFLICT,False,False,True,False,,False,False,False
7033,677014,HOLD_IDENTITY_CONFLICT,False,False,True,False,,False,False,False
7034,677015,HOLD_IDENTITY_CONFLICT,False,False,True,False,,False,False,False
7035,677016,HOLD_IDENTITY_CONFLICT,False,False,True,False,,False,False,False
7036,677017,HOLD_IDENTITY_CONFLICT,False,False,True,False,,False,False,False
7037,677018,HOLD_IDENTITY_CONFLICT,False,False,True,False,,False,False,False
7038,677019,HOLD_IDENTITY_CONFLICT,False,False,True,False,,False,False,False
7039,677020,HOLD_IDENTITY_CONFLICT,False,False,True,False,,False,False,False
7040,677022,HOLD_IDENTITY_CONFLICT,False,False,True,False,,False,False,False
7041,677023,HOLD_IDENTITY_CONFLICT,False,False,True,False,,False,False,False
7042,677024,HOLD_IDENTITY_CONFLICT,False,False,True,False,,False,False,False
7043,677025,HOLD_IDENTITY_CONFLICT,False,False,True,False,,False,False,False
7044,677026,HOLD_IDENTITY_CONFLICT,False,False,True,False,,False,False,False
7045,677027,HOLD_IDENTITY_CONFLICT,False,False,True,False,,False,False,False
7046,677028,HOLD_IDENTITY_CONFLICT,False,False,True,False,,False,False,False
7047,677030,HOLD_IDENTITY_CONFLICT,False,False,True,False,,False,False,False
7048,677032,HOLD_IDENTITY_CONFLICT,False,False,True,False,,False,False,False
7049,677202,HOLD_IDENTITY_CONFLICT,False,False,True,False,,False,False,False
7050,677203,HOLD_IDENTITY_CONFLICT,False,False,True,False,,False,False,False
7051,677204,HOLD_IDENTITY_CONFLICT,False,False,True,False,,False,False,False
7052,677205,HOLD_IDENTITY_CONFLICT,False,False,True,False,,False,False,False
7053,677206,HOLD_IDENTITY_CONFLICT,False,False,True,False,,False,False,False
7054,677208,HOLD_IDENTITY_CONFLICT,False,False,True,False,,False,False,False
7055,677210,HOLD_IDENTITY_CONFLICT,False,False,True,False,,False,False,False
7056,677212,HOLD_IDENTITY_CONFLICT,False,False,True,False,,False,False,False
7057,677214,HOLD_IDENTITY_CONFLICT,False,False,True,False,,False,False,False
7058,677216,HOLD_IDENTITY_CONFLICT,False,False,True,False,,False,False,False
7059,677218,HOLD_IDENTITY_CONFLICT,False,False,True,False,,False,False,False
7060,677220,HOLD_IDENTITY_CONFLICT,False,False,True,False,,False,False,False
7061,677222,HOLD_IDENTITY_CONFLICT,False,False,True,False,,False,False,False
7062,677224,HOLD_IDENTITY_CONFLICT,False,False,True,False,,False,False,False
7063,677225,HOLD_IDENTITY_CONFLICT,False,False,True,False,,False,False,False
7064,677226,HOLD_IDENTITY_CONFLICT,False,False,True,False,,False,False,False
7065,677227,HOLD_IDENTITY_CONFLICT,False,False,True,False,,False,False,False
7066,677228,HOLD_IDENTITY_CONFLICT,False,False,True,False,,False,False,False
7067,677230,HOLD_IDENTITY_CONFLICT,False,False,True,False,,False,False,False
7068,677232,HOLD_IDENTITY_CONFLICT,False,False,True,False,,False,False,False
7069,677102,HOLD_IDENTITY_CONFLICT,False,False,True,False,,False,False,False
7070,677103,HOLD_IDENTITY_CONFLICT,False,False,True,False,,False,False,False
7071,677104,HOLD_IDENTITY_CONFLICT,False,False,True,False,,False,False,False
7072,677105,HOLD_IDENTITY_CONFLICT,False,False,True,False,,False,False,False
7073,677106,HOLD_IDENTITY_CONFLICT,False,False,True,False,,False,False,False
7074,677108,HOLD_IDENTITY_CONFLICT,False,False,True,False,,False,False,False
7075,677110,HOLD_IDENTITY_CONFLICT,False,False,True,False,,False,False,False
7076,677112,HOLD_IDENTITY_CONFLICT,False,False,True,False,,False,False,False
7077,677114,HOLD_IDENTITY_CONFLICT,False,False,True,False,,False,False,False
7078,677116,HOLD_IDENTITY_CONFLICT,False,False,True,False,,False,False,False
7079,677118,HOLD_IDENTITY_CONFLICT,False,False,True,False,,False,False,False
7080,677120,HOLD_IDENTITY_CONFLICT,False,False,True,False,,False,False,False
7081,677122,HOLD_IDENTITY_CONFLICT,False,False,True,False,,False,False,False
7082,677125,HOLD_IDENTITY_CONFLICT,False,False,True,False,,False,False,False
7083,677306,HOLD_IDENTITY_CONFLICT,False,False,True,False,,False,False,False
7084,677308,HOLD_IDENTITY_CONFLICT,False,False,True,False,,False,False,False
7085,677310,HOLD_IDENTITY_CONFLICT,False,False,True,False,,False,False,False
7086,677312,HOLD_IDENTITY_CONFLICT,False,False,True,False,,False,False,False
7087,677314,HOLD_IDENTITY_CONFLICT,False,False,True,False,,False,False,False
7088,677316,HOLD_IDENTITY_CONFLICT,False,False,True,False,,False,False,False
7089,677318,HOLD_IDENTITY_CONFLICT,False,False,True,False,,False,False,False
7090,677320,HOLD_IDENTITY_CONFLICT,False,False,True,False,,False,False,False
7091,677322,HOLD_IDENTITY_CONFLICT,False,False,True,False,,False,False,False
7092,677325,HOLD_IDENTITY_CONFLICT,False,False,True,False,,False,False,False
7093,677326,HOLD_IDENTITY_CONFLICT,False,False,True,False,,False,False,False
7094,CW-B16,HOLD_IDENTITY_CONFLICT,False,False,True,False,,False,False,False
7095,CW-B10,HOLD_IDENTITY_CONFLICT,False,False,True,False,,False,False,False
7096,CW-B13,HOLD_IDENTITY_CONFLICT,False,False,True,False,,False,False,False
7097,AST-B1003CHU,HOLD_WEAK_EVIDENCE,False,False,True,False,,False,False,False
7098,AST-B1006CHU,HOLD_WEAK_EVIDENCE,False,False,True,False,,False,False,False
7099,CW-B20,HOLD_IDENTITY_CONFLICT,False,False,True,False,,False,False,False
7100,JT2S-SF12-61L,HOLD_WEAK_EVIDENCE,False,False,True,False,,False,False,False
7101,C42-MT1,HOLD_BRAND_AMBIGUOUS,False,False,False,False,,False,False,False
7102,C42-MT2,HOLD_WEAK_EVIDENCE,False,False,True,False,,False,False,False
7103,C42-MT3,HOLD_WEAK_EVIDENCE,False,False,True,False,,False,False,False
7104,35223,HOLD_BRAND_AMBIGUOUS,False,False,False,False,,False,False,False
7105,35224,HOLD_BRAND_AMBIGUOUS,False,False,False,False,,False,False,False
7106,35225,HOLD_WEAK_EVIDENCE,False,False,True,False,,False,False,False
7107,35227,HOLD_BRAND_AMBIGUOUS,False,False,False,False,,False,False,False
7108,35229,HOLD_WEAK_EVIDENCE,False,False,True,False,,False,False,False
7109,35230,HOLD_WEAK_EVIDENCE,False,False,True,False,,False,False,False
7110,35231,HOLD_WEAK_EVIDENCE,False,False,True,False,,False,False,False
7111,35232,HOLD_WEAK_EVIDENCE,False,False,True,False,,False,False,False
7112,35240,HOLD_WEAK_EVIDENCE,False,False,True,False,,False,False,False
7113,35248,HOLD_BRAND_AMBIGUOUS,False,False,False,False,,False,False,False
7114,35250,HOLD_BRAND_AMBIGUOUS,False,False,False,False,,False,False,False
7115,35252,HOLD_BRAND_AMBIGUOUS,False,False,False,False,,False,False,False
7116,ZCC-0.GM-4E-D08,HOLD_IDENTITY_CONFLICT,False,False,True,False,,False,False,False
7117,ZCC-0.GM-4E-D10,HOLD_IDENTITY_CONFLICT,False,False,True,False,,False,False,False
7118,ZCC-0.GM-4EL-D03,HOLD_IDENTITY_CONFLICT,False,False,True,False,,False,False,False
7119,ZCC-0.GM-4EL-D06,HOLD_IDENTITY_CONFLICT,False,False,True,False,,False,False,False
7120,ZCC-0.GM-4R-D10.0R2,HOLD_IDENTITY_CONFLICT,False,False,True,False,,False,False,False
7121,ZCC-0.GM-4R-D12.0R1,HOLD_IDENTITY_CONFLICT,False,False,True,False,,False,False,False
7122,ZCC-10.GD03-05,HOLD_IDENTITY_CONFLICT,False,False,True,False,,False,False,False
7123,ZCC-ADKT080308L-GM-YB9320,HOLD_IDENTITY_CONFLICT,False,False,True,False,,False,False,False
7124,ZCC-ADKT090308R-GM-YB9320,HOLD_IDENTITY_CONFLICT,False,False,True,False,,False,False,False
7125,ZCC-ADKT100308L-GM-YB9320,HOLD_IDENTITY_CONFLICT,False,False,True,False,,False,False,False
7126,ZCC-ADKT100308R-GM-YB9320,HOLD_IDENTITY_CONFLICT,False,False,True,False,,False,False,False
7127,ZCC-ADKT12T308R-GM-YB9320,HOLD_IDENTITY_CONFLICT,False,False,True,False,,False,False,False
7128,ZCC-ADKT150508R-GM-YB9320,HOLD_IDENTITY_CONFLICT,False,False,True,False,,False,False,False
7129,ZCC-ANGX110504PNR-GM-YBG205,HOLD_IDENTITY_CONFLICT,False,False,True,False,,False,False,False
7130,ZCC-ANGX110504PNR-LH-YD101,HOLD_IDENTITY_CONFLICT,False,False,True,False,,False,False,False
7131,ZCC-ANGX150608PNR-LH-YD101,HOLD_IDENTITY_CONFLICT,False,False,True,False,,False,False,False
7132,ZCC-ANGX150620PNR-GM-YBG205,HOLD_IDENTITY_CONFLICT,False,False,True,False,,False,False,False
7133,ZCC-APET160408PDFR-LH-YD101,HOLD_IDENTITY_CONFLICT,False,False,True,False,,False,False,False
7134,ZCC-APKT070204-APM-YB9320,HOLD_IDENTITY_CONFLICT,False,False,True,False,,False,False,False
7135,ZCC-APKT100308-APF-YB9320,HOLD_IDENTITY_CONFLICT,False,False,True,False,,False,False,False
7136,ZCC-APKT1003PDSR-30-CQP420B,HOLD_IDENTITY_CONFLICT,False,False,True,False,,False,False,False
7137,ZCC-APKT1035PDFR-LH-CQP810,HOLD_IDENTITY_CONFLICT,False,False,True,False,,False,False,False
7138,ZCC-APKT11T304-APM-YB9320,HOLD_IDENTITY_CONFLICT,False,False,True,False,,False,False,False
7139,ZCC-APKT11T304-LH-YD101,HOLD_IDENTITY_CONFLICT,False,False,True,False,,False,False,False
7140,ZCC-APKT11T308-ALH-YD101,HOLD_IDENTITY_CONFLICT,False,False,True,False,,False,False,False
7141,ZCC-CNMG250924-DR-YBC351,HOLD_IDENTITY_CONFLICT,False,False,True,False,,False,False,False
7142,ZCC-TPEW3307Z-YBM253,HOLD_IDENTITY_CONFLICT,False,False,True,False,,False,False,False
7143,ZCC-CNMG190608-DR-YBD152,HOLD_IDENTITY_CONFLICT,False,False,True,False,,False,False,False
7144,ZCC-CNMG190616-DR-YBD152,HOLD_IDENTITY_CONFLICT,False,False,True,False,,False,False,False
7145,ZCC-CNMG190624-DR-YBD152,HOLD_IDENTITY_CONFLICT,False,False,True,False,,False,False,False
7146,ZCC-CNMA190616-YBD152,HOLD_IDENTITY_CONFLICT,False,False,True,False,,False,False,False
7147,ZCC-SNMG190616-DR-YBD152,HOLD_IDENTITY_CONFLICT,False,False,True,False,,False,False,False
7148,ZCC-DNEG150604-NF-PG8005,HOLD_IDENTITY_CONFLICT,False,False,True,False,,False,False,False
7149,ZCC-DCMT11T304-AHF-YBS103,HOLD_IDENTITY_CONFLICT,False,False,True,False,,False,False,False
7150,ZCC-SNMG150612-PM-YBD152,HOLD_IDENTITY_CONFLICT,False,False,True,False,,False,False,False
7151,ZCC-CNMG160612-DR-YBD152,HOLD_IDENTITY_CONFLICT,False,False,True,False,,False,False,False
7152,ZCC-CNMA160612-YBD152,HOLD_IDENTITY_CONFLICT,False,False,True,False,,False,False,False
7153,ZCC-DNMG150612-EF-YBG205,HOLD_IDENTITY_CONFLICT,False,False,True,False,,False,False,False
7154,ZCC-DNMA150604-YBD102,HOLD_IDENTITY_CONFLICT,False,False,True,False,,False,False,False
7155,ZCC-DNMA150608-YBD102,HOLD_IDENTITY_CONFLICT,False,False,True,False,,False,False,False
7156,ZCC-DNMA150612-YBD152,HOLD_IDENTITY_CONFLICT,False,False,True,False,,False,False,False
7157,ZCC-TNMA220404-YBD052,HOLD_IDENTITY_CONFLICT,False,False,True,False,,False,False,False
7158,ZCC-DNMG150608-PMF-YBC251,HOLD_IDENTITY_CONFLICT,False,False,True,False,,False,False,False
7159,ZCC-DNMG150616-DR-YBC351,HOLD_IDENTITY_CONFLICT,False,False,True,False,,False,False,False
7160,ZCC-DNMG150404-PM-YBC251,HOLD_IDENTITY_CONFLICT,False,False,True,False,,False,False,False
7161,ZCC-LNKT2007DN-ZR-YBG302,HOLD_IDENTITY_CONFLICT,False,False,True,False,,False,False,False
7162,ZCC-LNKT2510-ZR-YBG102,HOLD_IDENTITY_CONFLICT,False,False,True,False,,False,False,False
7163,ZCC-RDKW2006MO-YBC301,HOLD_IDENTITY_CONFLICT,False,False,True,False,,False,False,False
7164,ZCC-TPKN2204PDSKR-YBC301,HOLD_IDENTITY_CONFLICT,False,False,True,False,,False,False,False
7165,ZCC-SNGX1206AAM-YB9320,HOLD_IDENTITY_CONFLICT,False,False,True,False,,False,False,False
7166,ZCC-LNKT080404PNR-GM-YBD152,HOLD_IDENTITY_CONFLICT,False,False,True,False,,False,False,False
7167,ZCC-APKT160420-APM-YB9320,HOLD_IDENTITY_CONFLICT,False,False,True,False,,False,False,False
7168,ZCC-APKT160424-APM-YB9320,HOLD_IDENTITY_CONFLICT,False,False,True,False,,False,False,False
7169,ZCC-APKT160430-APM-YB9320,HOLD_IDENTITY_CONFLICT,False,False,True,False,,False,False,False
7170,ZCC-SPKR1203EDR-YBC301,HOLD_IDENTITY_CONFLICT,False,False,True,False,,False,False,False
7171,ZCC-TPMR160312-YBM251,HOLD_IDENTITY_CONFLICT,False,False,True,False,,False,False,False
7172,ZCC-SPKN1203EDFL-YBG102,HOLD_IDENTITY_CONFLICT,False,False,True,False,,False,False,False
7173,ZCC-SPGT090408-PM-YBG212,HOLD_IDENTITY_CONFLICT,False,False,True,False,,False,False,False
7174,ZCC-SPGT060204-EM-YBG205,HOLD_IDENTITY_CONFLICT,False,False,True,False,,False,False,False
7175,ZCC-SPGT050204-PM-YBG212,HOLD_IDENTITY_CONFLICT,False,False,True,False,,False,False,False
7176,ZCC-WCMX030208R-53-YBC301,HOLD_IDENTITY_CONFLICT,False,False,True,False,,False,False,False
7177,ZCC-GD05C-0860,HOLD_IDENTITY_CONFLICT,False,False,True,False,,False,False,False
7178,ZCC-ZSD03-370-XP40-SP11-02,HOLD_IDENTITY_CONFLICT,False,False,True,False,,False,False,False
7179,ZCC-ZSD05-225-XP25-SP07-02,HOLD_IDENTITY_CONFLICT,False,False,True,False,,False,False,False
7180,ZCC-ZSD04-225-XP25-SP07-02,HOLD_IDENTITY_CONFLICT,False,False,True,False,,False,False,False
7181,ZCC-QEGD2525L22,HOLD_IDENTITY_CONFLICT,False,False,True,False,,False,False,False
7182,ZCC-DTGNL2020K16,HOLD_IDENTITY_CONFLICT,False,False,True,False,,False,False,False
7183,ZCC-GQCL1616K16-25,HOLD_IDENTITY_CONFLICT,False,False,True,False,,False,False,False
7184,ZCC-QEED2525R10,HOLD_IDENTITY_CONFLICT,False,False,True,False,,False,False,False
7185,ZCC-QEED1616L17,HOLD_IDENTITY_CONFLICT,False,False,True,False,,False,False,False
7186,ZCC-QEED1616R17,HOLD_IDENTITY_CONFLICT,False,False,True,False,,False,False,False
7187,ZCC-QEED1212R10,HOLD_IDENTITY_CONFLICT,False,False,True,False,,False,False,False
7188,ZCC-SDJCR2020K11,HOLD_IDENTITY_CONFLICT,False,False,True,False,,False,False,False
7189,ZCC-QEES26N,HOLD_IDENTITY_CONFLICT,False,False,True,False,,False,False,False
7190,ZCC-QEES32N,HOLD_IDENTITY_CONFLICT,False,False,True,False,,False,False,False
7191,ZCC-CNMG120404-EF-YBG202,HOLD_IDENTITY_CONFLICT,False,False,True,False,,False,False,False
7192,ZCC-ZTFD0303-MG-YBG205,HOLD_IDENTITY_CONFLICT,False,False,True,False,,False,False,False
7193,ZCC-CNMG120412-SNR-YBG105,HOLD_IDENTITY_CONFLICT,False,False,True,False,,False,False,False
7194,ZCC-CNMA120416-YBD052,HOLD_IDENTITY_CONFLICT,False,False,True,False,,False,False,False
7195,ZCC-DNMG110408-DF-YBC152,HOLD_IDENTITY_CONFLICT,False,False,True,False,,False,False,False
7196,ZCC-TNMG160412-ADF-YB9320,HOLD_IDENTITY_CONFLICT,False,False,True,False,,False,False,False
7197,ZCC-TNMA160416-YBD152,HOLD_IDENTITY_CONFLICT,False,False,True,False,,False,False,False
7198,ZCC-WNMG060412-PM-YBC152,HOLD_IDENTITY_CONFLICT,False,False,True,False,,False,False,False
7199,ZCC-ZTGD0404-MM-YB9320,HOLD_IDENTITY_CONFLICT,False,False,True,False,,False,False,False
7200,ZCC-TCMT16T308-HM-YBC351,HOLD_IDENTITY_CONFLICT,False,False,True,False,,False,False,False
7201,ZCC-DCMT070202-EF-YBG205,HOLD_IDENTITY_CONFLICT,False,False,True,False,,False,False,False
7202,ZCC-TCMT090204-EM-YBG205,HOLD_IDENTITY_CONFLICT,False,False,True,False,,False,False,False
7203,ZCC-DNGA150612DS01225-4-BHR2011,HOLD_IDENTITY_CONFLICT,False,False,True,False,,False,False,False
7204,ZCC-TNMG330916-YBC351,HOLD_IDENTITY_CONFLICT,False,False,True,False,,False,False,False
7205,ZCC-TCGW110204AT01525-3-YCB211,HOLD_IDENTITY_CONFLICT,False,False,True,False,,False,False,False
7206,ZCC-TNGA160408S02020-3-YCB121,HOLD_IDENTITY_CONFLICT,False,False,True,False,,False,False,False
7207,ZCC-TNGA160404S01520-3-YCB321,HOLD_IDENTITY_CONFLICT,False,False,True,False,,False,False,False
7208,ZCC-SNMG250724-YBC151,HOLD_IDENTITY_CONFLICT,False,False,True,False,,False,False,False
7209,ZCC-SNMM250724-ZR-YB6325,HOLD_IDENTITY_CONFLICT,False,False,True,False,,False,False,False
7210,ZCC-DNGA150608AS01225-2-BH2511,HOLD_IDENTITY_CONFLICT,False,False,True,False,,False,False,False
7211,ZCC-RCMX2507MO-YBC251,HOLD_IDENTITY_CONFLICT,False,False,True,False,,False,False,False
7212,ZCC-SNGA120404AT01525-2-YCB211,HOLD_IDENTITY_CONFLICT,False,False,True,False,,False,False,False
7213,ZCC-VNGA160404AT01525-2-YCB211,HOLD_IDENTITY_CONFLICT,False,False,True,False,,False,False,False
7214,ZCC-VNGA160408S01025-2-YCB121,HOLD_IDENTITY_CONFLICT,False,False,True,False,,False,False,False
7215,ZCC-VNMG160408-SNR-YBS103,HOLD_IDENTITY_CONFLICT,False,False,True,False,,False,False,False
7216,ZCC-CNGA120404AT01525-2-YCB211,HOLD_IDENTITY_CONFLICT,False,False,True,False,,False,False,False
7217,ZCC-CCGW060204AF-YCD411,HOLD_IDENTITY_CONFLICT,False,False,True,False,,False,False,False
7218,ZCC-CCGW060204AS01020-2-YCB012,HOLD_IDENTITY_CONFLICT,False,False,True,False,,False,False,False
7219,ZCC-TCGW110208AF-DN1011,HOLD_IDENTITY_CONFLICT,False,False,True,False,,False,False,False
7220,ZCC-DCGW070204AF-YCD421,HOLD_IDENTITY_CONFLICT,False,False,True,False,,False,False,False
7221,ZCC-DCGW070208AS01225-2-BH1011,HOLD_IDENTITY_CONFLICT,False,False,True,False,,False,False,False
7222,ZCC-DCGW070208AS00815-2-BHC2011,HOLD_IDENTITY_CONFLICT,False,False,True,False,,False,False,False
7223,ZCC-DCGW070204AS01225-2-BH2011,HOLD_IDENTITY_CONFLICT,False,False,True,False,,False,False,False
7224,ZCC-ZTLD0808-MM-YB9320,HOLD_IDENTITY_CONFLICT,False,False,True,False,,False,False,False
7225,ZCC-SNGA120416T03020-CN1000,HOLD_IDENTITY_CONFLICT,False,False,True,False,,False,False,False
7226,ZCC-CNGN120416T02020-CN1000,HOLD_IDENTITY_CONFLICT,False,False,True,False,,False,False,False
7227,ZCC-RCMT1606MO-YBD252,HOLD_IDENTITY_CONFLICT,False,False,True,False,,False,False,False
7228,ZCC-ZRGD04-EG-YB9320,HOLD_IDENTITY_CONFLICT,False,False,True,False,,False,False,False
7229,ZCC-TNMG220408-DM-YNG151,HOLD_IDENTITY_CONFLICT,False,False,True,False,,False,False,False
7230,ZCC-TNMG220412-EF-YBG205,HOLD_IDENTITY_CONFLICT,False,False,True,False,,False,False,False
7231,ZCC-TPKN1603PDTKR-YD201,HOLD_IDENTITY_CONFLICT,False,False,True,False,,False,False,False
7232,ZCC-TPUN160308-YBC301,HOLD_IDENTITY_CONFLICT,False,False,True,False,,False,False,False
7233,ZCC-SDMT090308-YBM251,HOLD_IDENTITY_CONFLICT,False,False,True,False,,False,False,False
7234,ZCC-SPKN1504EDSKR-YBG302,HOLD_IDENTITY_CONFLICT,False,False,True,False,,False,False,False
7235,ZCC-LNKT120608PNR-GM-YBM253,HOLD_IDENTITY_CONFLICT,False,False,True,False,,False,False,False
7236,ZCC-SPKN1504EDFL-YD201,HOLD_IDENTITY_CONFLICT,False,False,True,False,,False,False,False
7237,ZCC-SPKN1504EDFR-YD201,HOLD_IDENTITY_CONFLICT,False,False,True,False,,False,False,False
7238,ZCC-TPMR220412-YBM251,HOLD_IDENTITY_CONFLICT,False,False,True,False,,False,False,False
7239,ZCC-RDKW1604MO-3-YBG202,HOLD_IDENTITY_CONFLICT,False,False,True,False,,False,False,False
7240,ZCC-LNKT080408PNR-GM-YBM253,HOLD_IDENTITY_CONFLICT,False,False,True,False,,False,False,False
7241,ZCC-APKT11T308-APL-YBS203,HOLD_IDENTITY_CONFLICT,False,False,True,False,,False,False,False
7242,ZCC-SPMR120304-YBC251,HOLD_IDENTITY_CONFLICT,False,False,True,False,,False,False,False
7243,ZCC-SPMR120308-YBM251,HOLD_IDENTITY_CONFLICT,False,False,True,False,,False,False,False
7244,ZCC-SPMR120312-YBM351,HOLD_IDENTITY_CONFLICT,False,False,True,False,,False,False,False
7245,ZCC-SDMT120412-DM-YBG205H,HOLD_IDENTITY_CONFLICT,False,False,True,False,,False,False,False
7246,ZCC-APKT160416-APM-YB9320,HOLD_IDENTITY_CONFLICT,False,False,True,False,,False,False,False
7247,ZCC-TPMR160308-YBM351,HOLD_IDENTITY_CONFLICT,False,False,True,False,,False,False,False
7248,ZCC-TPKN1603PDSKR-YBC301,HOLD_IDENTITY_CONFLICT,False,False,True,False,,False,False,False
7249,ZCC-SPKN1203EDFR-YD201,HOLD_IDENTITY_CONFLICT,False,False,True,False,,False,False,False
7250,ZCC-SDMT09T312-PM-YBG205,HOLD_IDENTITY_CONFLICT,False,False,True,False,,False,False,False
7251,ZCC-TPUN160304-YBM251,HOLD_IDENTITY_CONFLICT,False,False,True,False,,False,False,False
7252,ZCC-APKT11T312-PM-YBG102,HOLD_IDENTITY_CONFLICT,False,False,True,False,,False,False,False
7253,ZCC-APKT11T320-PF-YBG205,HOLD_IDENTITY_CONFLICT,False,False,True,False,,False,False,False
7254,ZCC-TPMR110304-YBC351,HOLD_IDENTITY_CONFLICT,False,False,True,False,,False,False,False
7255,ZCC-TPMR110308-YBC351,HOLD_IDENTITY_CONFLICT,False,False,True,False,,False,False,False
7256,ZCC-SDMT06T208-DM-YB9320,HOLD_IDENTITY_CONFLICT,False,False,True,False,,False,False,False
7257,ZCC-TPMR090208-YBC251,HOLD_IDENTITY_CONFLICT,False,False,True,False,,False,False,False
7258,ZCC-SPMR090308-YBC151,HOLD_IDENTITY_CONFLICT,False,False,True,False,,False,False,False
7259,ZCC-PM-4E-D20.0,HOLD_IDENTITY_CONFLICT,False,False,True,False,,False,False,False
7260,ZCC-PM-4E-D14.0,HOLD_IDENTITY_CONFLICT,False,False,True,False,,False,False,False
7261,ZCC-ZSD02-135-XP20-SP04-02,HOLD_IDENTITY_CONFLICT,False,False,True,False,,False,False,False
7262,ZCC-WCMX080412R-53-YBG202,HOLD_IDENTITY_CONFLICT,False,False,True,False,,False,False,False
7263,ZCC-WCMX06T308R-53-YBG201,HOLD_IDENTITY_CONFLICT,False,False,True,False,,False,False,False
7264,ZCC-WCMX06T308R-PG-YBG202,HOLD_IDENTITY_CONFLICT,False,False,True,False,,False,False,False
7265,ZCC-WCMX050308R-53-YBG202,HOLD_IDENTITY_CONFLICT,False,False,True,False,,False,False,False
7266,ZCC-WCMX040208R-53-YBG202,HOLD_IDENTITY_CONFLICT,False,False,True,False,,False,False,False
7267,ZCC-SPGT140512-PM-YBG212,HOLD_IDENTITY_CONFLICT,False,False,True,False,,False,False,False
7268,ZCC-WCMX030208R-53-YBG205,HOLD_IDENTITY_CONFLICT,False,False,True,False,,False,False,False
7269,ZCC-ZSD05-490-XP40-SP14-02,HOLD_IDENTITY_CONFLICT,False,False,True,False,,False,False,False
7270,ZCC-ZSD05-485-XP40-SP14-02,HOLD_IDENTITY_CONFLICT,False,False,True,False,,False,False,False
7271,ZCC-ZSD05-470-XP40-SP14-02,HOLD_IDENTITY_CONFLICT,False,False,True,False,,False,False,False
7272,ZCC-ZSD05-465-XP40-SP14-02,HOLD_IDENTITY_CONFLICT,False,False,True,False,,False,False,False
7273,ZCC-ZSD05-450-XP40-SP14-02,HOLD_IDENTITY_CONFLICT,False,False,True,False,,False,False,False
7274,ZCC-ZSD05-440-XP40-SP14-02,HOLD_IDENTITY_CONFLICT,False,False,True,False,,False,False,False
7275,ZCC-ZSD05-400-XP40-SP11-02,HOLD_IDENTITY_CONFLICT,False,False,True,False,,False,False,False
7276,ZCC-S32U-PTFNL16,HOLD_IDENTITY_CONFLICT,False,False,True,False,,False,False,False
7277,ZCC-S25T-PTFNL16,HOLD_IDENTITY_CONFLICT,False,False,True,False,,False,False,False
7278,ZCC-S25T-PTFNR16,HOLD_IDENTITY_CONFLICT,False,False,True,False,,False,False,False
7279,ZCC-S20S-PWLNL06,HOLD_IDENTITY_CONFLICT,False,False,True,False,,False,False,False
7280,ZCC-PTGNR3232P27,HOLD_IDENTITY_CONFLICT,False,False,True,False,,False,False,False
7281,ZCC-PTGNL3232P27,HOLD_IDENTITY_CONFLICT,False,False,True,False,,False,False,False
7282,ZCC-PTGNR2525M16,HOLD_IDENTITY_CONFLICT,False,False,True,False,,False,False,False
7283,ZCC-PWLNR2525M08,HOLD_IDENTITY_CONFLICT,False,False,True,False,,False,False,False
7284,ZCC-PTTNR2525M22,HOLD_IDENTITY_CONFLICT,False,False,True,False,,False,False,False
7285,ZCC-PTTNL2525M22,HOLD_IDENTITY_CONFLICT,False,False,True,False,,False,False,False
7286,ZCC-PTGNL2525M22,HOLD_IDENTITY_CONFLICT,False,False,True,False,,False,False,False
7287,ZCC-PTGNR2525M22,HOLD_IDENTITY_CONFLICT,False,False,True,False,,False,False,False
7288,ZCC-PWLNL2525M08,HOLD_IDENTITY_CONFLICT,False,False,True,False,,False,False,False
7289,ZCC-PWLNL2525M06,HOLD_IDENTITY_CONFLICT,False,False,True,False,,False,False,False
7290,ZCC-PWLNR2525M06,HOLD_IDENTITY_CONFLICT,False,False,True,False,,False,False,False
7291,ZCC-CCGT030102L-FF-YBG202,HOLD_IDENTITY_CONFLICT,False,False,True,False,,False,False,False
7292,ZCC-CCGT030104L-FF-YBG202,HOLD_IDENTITY_CONFLICT,False,False,True,False,,False,False,False
7293,ZCC-CCGT040102L-FF-YBG202,HOLD_IDENTITY_CONFLICT,False,False,True,False,,False,False,False
7294,ZCC-CCGT040104L-FF-YB9320,HOLD_IDENTITY_CONFLICT,False,False,True,False,,False,False,False
7295,ZCC-CCGT09T304-SF-YNG151,HOLD_IDENTITY_CONFLICT,False,False,True,False,,False,False,False
7296,ZCC-CCGW120404AS02020-2-YCB121,HOLD_IDENTITY_CONFLICT,False,False,True,False,,False,False,False
7297,ZCC-CCGX060202-LC-YD101,HOLD_IDENTITY_CONFLICT,False,False,True,False,,False,False,False
7298,ZCC-CCGX060204-LH-YD101,HOLD_IDENTITY_CONFLICT,False,False,True,False,,False,False,False
7299,ZCC-CCGX060208-LH-YD101,HOLD_IDENTITY_CONFLICT,False,False,True,False,,False,False,False
7300,ZCC-CCGX09T302-LC-YBG101,HOLD_IDENTITY_CONFLICT,False,False,True,False,,False,False,False
7301,ZCC-CCGX09T302-LH-YD101,HOLD_IDENTITY_CONFLICT,False,False,True,False,,False,False,False
7302,ZCC-CCGX09T304-LC-YD101,HOLD_IDENTITY_CONFLICT,False,False,True,False,,False,False,False
7303,ZCC-CCGX09T304-LH-YBG102,HOLD_IDENTITY_CONFLICT,False,False,True,False,,False,False,False
7304,ZCC-CCGX09T304-LH-YD101,HOLD_IDENTITY_CONFLICT,False,False,True,False,,False,False,False
7305,ZCC-CCGX09T308-LH-YD101,HOLD_IDENTITY_CONFLICT,False,False,True,False,,False,False,False
7306,ZCC-CCGX120404-LC-YD101,HOLD_IDENTITY_CONFLICT,False,False,True,False,,False,False,False
7307,ZCC-CCGX120404-LH-YD101,HOLD_IDENTITY_CONFLICT,False,False,True,False,,False,False,False
7308,ZCC-CCGX120408-LC-YD101,HOLD_IDENTITY_CONFLICT,False,False,True,False,,False,False,False
7309,ZCC-CCGX120408-LH-YD101,HOLD_IDENTITY_CONFLICT,False,False,True,False,,False,False,False
7310,ZCC-CCMT060202-EF-YBG205,HOLD_IDENTITY_CONFLICT,False,False,True,False,,False,False,False
7311,ZCC-CCMT060204-AHF-YB9320,HOLD_IDENTITY_CONFLICT,False,False,True,False,,False,False,False
7312,ZCC-CCMT060208-EM-YBG202,HOLD_IDENTITY_CONFLICT,False,False,True,False,,False,False,False
7313,ZCC-CCMT09T302-HF-YBC251,HOLD_IDENTITY_CONFLICT,False,False,True,False,,False,False,False
7314,ZCC-CCMT09T304-AHF-YNT251,HOLD_IDENTITY_CONFLICT,False,False,True,False,,False,False,False
7315,ZCC-CCMT09T308-HF-YBD152,HOLD_IDENTITY_CONFLICT,False,False,True,False,,False,False,False
7316,ZCC-CCMT120404-HM-YBC351,HOLD_IDENTITY_CONFLICT,False,False,True,False,,False,False,False
7317,ZCC-CCMT120412-HR-YBD151,HOLD_IDENTITY_CONFLICT,False,False,True,False,,False,False,False
7318,ZCC-CNEG120408-NF-YBG102,HOLD_IDENTITY_CONFLICT,False,False,True,False,,False,False,False
7319,ZCC-CNGA120412T03020-CN1000,HOLD_IDENTITY_CONFLICT,False,False,True,False,,False,False,False
7320,ZCC-CNGN120412T03020-CN1000,HOLD_IDENTITY_CONFLICT,False,False,True,False,,False,False,False
7321,ZCC-CNMA120412-YBD152,HOLD_IDENTITY_CONFLICT,False,False,True,False,,False,False,False
7322,ZCC-CNMG090304-EF-YBG202,HOLD_IDENTITY_CONFLICT,False,False,True,False,,False,False,False
7323,ZCC-D-DCGW11T308T01525-2-YCB121,HOLD_IDENTITY_CONFLICT,False,False,True,False,,False,False,False
7324,ZCC-DCGT0702005R-USF-YBG202,HOLD_IDENTITY_CONFLICT,False,False,True,False,,False,False,False
7325,ZCC-DCGW11T304-YCD511,HOLD_IDENTITY_CONFLICT,False,False,True,False,,False,False,False
7326,ZCC-DCGW11T304AF-YCD011,HOLD_IDENTITY_CONFLICT,False,False,True,False,,False,False,False
7327,ZCC-DCGW11T304AS01020-2-YCB012,HOLD_IDENTITY_CONFLICT,False,False,True,False,,False,False,False
7328,ZCC-DCGW11T304AS01225-2-BHC3511,HOLD_IDENTITY_CONFLICT,False,False,True,False,,False,False,False
7329,ZCC-DCGW11T304AS01735-2-BHC3511,HOLD_IDENTITY_CONFLICT,False,False,True,False,,False,False,False
7330,ZCC-DCGW11T304AT01515-2-YCB211,HOLD_IDENTITY_CONFLICT,False,False,True,False,,False,False,False
7331,ZCC-DCGW11T308AF-DN1021-PCD,HOLD_IDENTITY_CONFLICT,False,False,True,False,,False,False,False
7332,ZCC-DCGW11T308AS02020-2-YCB121,HOLD_IDENTITY_CONFLICT,False,False,True,False,,False,False,False
7333,ZCC-DCGX070202-LH-YD101,HOLD_IDENTITY_CONFLICT,False,False,True,False,,False,False,False
7334,ZCC-DCGX070208-LC-YD101,HOLD_IDENTITY_CONFLICT,False,False,True,False,,False,False,False
7335,ZCC-DCGX11T302-LH-YD101,HOLD_IDENTITY_CONFLICT,False,False,True,False,,False,False,False
7336,ZCC-DCGX11T304-LC-YD101,HOLD_IDENTITY_CONFLICT,False,False,True,False,,False,False,False
7337,ZCC-DCGX11T304-LH-YBG102,HOLD_IDENTITY_CONFLICT,False,False,True,False,,False,False,False
7338,ZCC-DCGX11T308-LC-YBG101,HOLD_IDENTITY_CONFLICT,False,False,True,False,,False,False,False
7339,ZCC-DCGX11T308-LH-YD101,HOLD_IDENTITY_CONFLICT,False,False,True,False,,False,False,False
7340,ZCC-DCLNL2020K12,HOLD_IDENTITY_CONFLICT,False,False,True,False,,False,False,False
7341,ZCC-DCLNL2525M12,HOLD_IDENTITY_CONFLICT,False,False,True,False,,False,False,False
7342,ZCC-DCLNL3232P16,HOLD_IDENTITY_CONFLICT,False,False,True,False,,False,False,False
7343,ZCC-DCLNR1616H09,HOLD_IDENTITY_CONFLICT,False,False,True,False,,False,False,False
7344,ZCC-DCLNR2020K12,HOLD_IDENTITY_CONFLICT,False,False,True,False,,False,False,False
7345,ZCC-DCLNR2525M12,HOLD_IDENTITY_CONFLICT,False,False,True,False,,False,False,False
7346,ZCC-DCLNR3232P16,HOLD_IDENTITY_CONFLICT,False,False,True,False,,False,False,False
7347,ZCC-DCMT070204-AHF-YB9315,HOLD_IDENTITY_CONFLICT,False,False,True,False,,False,False,False
7348,ZCC-DCMT070208-HF-YBC251,HOLD_IDENTITY_CONFLICT,False,False,True,False,,False,False,False
7349,ZCC-DCMT11T302-AHF-YB6315,HOLD_IDENTITY_CONFLICT,False,False,True,False,,False,False,False
7350,ZCC-DCMT11T308-EF-YBG105,HOLD_IDENTITY_CONFLICT,False,False,True,False,,False,False,False
7351,ZCC-DCMT11T312-XM-YBC203,HOLD_IDENTITY_CONFLICT,False,False,True,False,,False,False,False
7352,ZCC-DCMT150404-EM-YBM153,HOLD_IDENTITY_CONFLICT,False,False,True,False,,False,False,False
7353,ZCC-DDJNL2020K15,HOLD_IDENTITY_CONFLICT,False,False,True,False,,False,False,False
7354,ZCC-DDJNL2525M15,HOLD_IDENTITY_CONFLICT,False,False,True,False,,False,False,False
7355,ZCC-DNGN150716T02020-CA1000,HOLD_IDENTITY_CONFLICT,False,False,True,False,,False,False,False
7356,ZCC-DNMG150604-PM-YBD152,HOLD_IDENTITY_CONFLICT,False,False,True,False,,False,False,False
7357,ZCC-DNMM150616-HDR-YBC351,HOLD_IDENTITY_CONFLICT,False,False,True,False,,False,False,False
7358,ZCC-DNMX150612-WG-YBC152,HOLD_IDENTITY_CONFLICT,False,False,True,False,,False,False,False
7359,ZCC-EMP13-063-A22-AN11-07C,HOLD_IDENTITY_CONFLICT,False,False,True,False,,False,False,False
7360,ZCC-EMPX-080-A27-VC22-04C,HOLD_IDENTITY_CONFLICT,False,False,True,False,,False,False,False
7361,ZCC-FMA01-050-A22-SE12-04,HOLD_IDENTITY_CONFLICT,False,False,True,False,,False,False,False
7362,ZCC-FMA01-063-A22-SE12-05,HOLD_IDENTITY_CONFLICT,False,False,True,False,,False,False,False
7363,ZCC-FMA04-050-A22-0D06-04C,HOLD_IDENTITY_CONFLICT,False,False,True,False,,False,False,False
7364,ZCC-FMA04-100-B32-OF05-07,HOLD_IDENTITY_CONFLICT,False,False,True,False,,False,False,False
7365,ZCC-FMA07-050-A22-0N06-05,HOLD_IDENTITY_CONFLICT,False,False,True,False,,False,False,False
7366,ZCC-FMA07-063-A22-ON06-06C,HOLD_IDENTITY_CONFLICT,False,False,True,False,,False,False,False
7367,ZCC-FMA11-080-A27-SN15-06C,HOLD_IDENTITY_CONFLICT,False,False,True,False,,False,False,False
7368,ZCC-FMA11-100-B32-SN12-07,HOLD_IDENTITY_CONFLICT,False,False,True,False,,False,False,False
7369,ZCC-FMA12-080-A27-0N08-06,HOLD_IDENTITY_CONFLICT,False,False,True,False,,False,False,False
7370,ZCC-FMD02-100-B32-PN11-10,HOLD_IDENTITY_CONFLICT,False,False,True,False,,False,False,False
7371,ZCC-FMD03-160-C40-LN20-08,HOLD_IDENTITY_CONFLICT,False,False,True,False,,False,False,False
7372,ZCC-FME02-080-A27-SP12-06,HOLD_IDENTITY_CONFLICT,False,False,True,False,,False,False,False
7373,ZCC-FMP12-063-A22-WN08-04C,HOLD_IDENTITY_CONFLICT,False,False,True,False,,False,False,False
7374,ZCC-FMP12-080-A27-WN08-05C,HOLD_IDENTITY_CONFLICT,False,False,True,False,,False,False,False
7375,ZCC-FMP17-125-B40-SN12-10,HOLD_IDENTITY_CONFLICT,False,False,True,False,,False,False,False
7376,ZCC-FMR02-050-A22-RC12-04,HOLD_IDENTITY_CONFLICT,False,False,True,False,,False,False,False
7377,ZCC-FMR02-063-A22-RC12-04,HOLD_IDENTITY_CONFLICT,False,False,True,False,,False,False,False
7378,ZCC-FMR04-080-B27-RD16-05,HOLD_IDENTITY_CONFLICT,False,False,True,False,,False,False,False
7379,ZCC-KNUX160405L12,HOLD_IDENTITY_CONFLICT,False,False,True,False,,False,False,False
7380,ZCC-KNUX160410L11-YBM251,HOLD_IDENTITY_CONFLICT,False,False,True,False,,False,False,False
7381,ZCC-KNUX160410R11,HOLD_IDENTITY_CONFLICT,False,False,True,False,,False,False,False
7382,ZCC-PTFNL1616H16,HOLD_IDENTITY_CONFLICT,False,False,True,False,,False,False,False
7383,ZCC-PTFNL2020K16,HOLD_IDENTITY_CONFLICT,False,False,True,False,,False,False,False
7384,ZCC-PTFNL2525M22,HOLD_IDENTITY_CONFLICT,False,False,True,False,,False,False,False
7385,ZCC-PTFNR2020K16,HOLD_IDENTITY_CONFLICT,False,False,True,False,,False,False,False
7386,ZCC-PTFNR2525M22,HOLD_IDENTITY_CONFLICT,False,False,True,False,,False,False,False
7387,ZCC-PTGNL2020K16,HOLD_IDENTITY_CONFLICT,False,False,True,False,,False,False,False
7388,ZCC-PTGNL2525M16,HOLD_IDENTITY_CONFLICT,False,False,True,False,,False,False,False
7389,ZCC-PTGNR2020K16,HOLD_IDENTITY_CONFLICT,False,False,True,False,,False,False,False
7390,ZCC-PTTNL2020K16,HOLD_IDENTITY_CONFLICT,False,False,True,False,,False,False,False
7391,ZCC-PTTNR1616H16,HOLD_IDENTITY_CONFLICT,False,False,True,False,,False,False,False
7392,ZCC-PTTNR2020K16,HOLD_IDENTITY_CONFLICT,False,False,True,False,,False,False,False
7393,ZCC-PWLNL2020K06,HOLD_IDENTITY_CONFLICT,False,False,True,False,,False,False,False
7394,ZCC-PWLNL2020K08,HOLD_IDENTITY_CONFLICT,False,False,True,False,,False,False,False
7395,ZCC-PWLNR2020K06,HOLD_IDENTITY_CONFLICT,False,False,True,False,,False,False,False
7396,ZCC-PWLNR2020K08,HOLD_IDENTITY_CONFLICT,False,False,True,False,,False,False,False
7397,ZCC-QEFS26N,HOLD_IDENTITY_CONFLICT,False,False,True,False,,False,False,False
7398,ZCC-QZS2526,HOLD_IDENTITY_CONFLICT,False,False,True,False,,False,False,False
7399,ZCC-RCGX0803MO-LH-YD101,HOLD_IDENTITY_CONFLICT,False,False,True,False,,False,False,False
7400,ZCC-RCGX1204MO-LH-YD101,HOLD_IDENTITY_CONFLICT,False,False,True,False,,False,False,False
7401,ZCC-RCMT0803MO-YBD102,HOLD_IDENTITY_CONFLICT,False,False,True,False,,False,False,False
7402,ZCC-RCMT10T3MO-YBC251,HOLD_IDENTITY_CONFLICT,False,False,True,False,,False,False,False
7403,ZCC-RCMT10T3MO-YBD102,HOLD_IDENTITY_CONFLICT,False,False,True,False,,False,False,False
7404,ZCC-RCMT1204MO-YBD052,HOLD_IDENTITY_CONFLICT,False,False,True,False,,False,False,False
7405,ZCC-RCMX0803MO-YBC251,HOLD_IDENTITY_CONFLICT,False,False,True,False,,False,False,False
7406,ZCC-RCMX0803MO-YBC351,HOLD_IDENTITY_CONFLICT,False,False,True,False,,False,False,False
7407,ZCC-RCMX1003MO-YBC251,HOLD_IDENTITY_CONFLICT,False,False,True,False,,False,False,False
7408,ZCC-RCMX1204MO-YBC251,HOLD_IDENTITY_CONFLICT,False,False,True,False,,False,False,False
7409,ZCC-RCMX3209MO-PV-YBC251,HOLD_IDENTITY_CONFLICT,False,False,True,False,,False,False,False
7410,ZCC-SCGX09T302-LH-YD101,HOLD_IDENTITY_CONFLICT,False,False,True,False,,False,False,False
7411,ZCC-SCGX09T304-LC-YD101,HOLD_IDENTITY_CONFLICT,False,False,True,False,,False,False,False
7412,ZCC-SCGX09T308-LC-YD101,HOLD_IDENTITY_CONFLICT,False,False,True,False,,False,False,False
7413,ZCC-SCGX09T308-LH-YD101,HOLD_IDENTITY_CONFLICT,False,False,True,False,,False,False,False
7414,ZCC-SCGX120408-LC-YD101,HOLD_IDENTITY_CONFLICT,False,False,True,False,,False,False,False
7415,ZCC-SCGX120408-LH-YD101,HOLD_IDENTITY_CONFLICT,False,False,True,False,,False,False,False
7416,ZCC-SCMT09T304-AHF-YB9320,HOLD_IDENTITY_CONFLICT,False,False,True,False,,False,False,False
7417,ZCC-SCMT09T308-AHF-YB9320,HOLD_IDENTITY_CONFLICT,False,False,True,False,,False,False,False
7418,ZCC-SCMT09T312-HR-YBC252,HOLD_IDENTITY_CONFLICT,False,False,True,False,,False,False,False
7419,ZCC-SCMT120404-HM-YBD151,HOLD_IDENTITY_CONFLICT,False,False,True,False,,False,False,False
7420,ZCC-SCMT120408-HM-YBD152,HOLD_IDENTITY_CONFLICT,False,False,True,False,,False,False,False
7421,ZCC-SCMT120412-HR-YBD152,HOLD_IDENTITY_CONFLICT,False,False,True,False,,False,False,False
7422,ZCC-SDJCL1616H11,HOLD_IDENTITY_CONFLICT,False,False,True,False,,False,False,False
7423,ZCC-SDJCL2020K11,HOLD_IDENTITY_CONFLICT,False,False,True,False,,False,False,False
7424,ZCC-SDJCL2525M11,HOLD_IDENTITY_CONFLICT,False,False,True,False,,False,False,False
7425,ZCC-SDJCR1212H07,HOLD_IDENTITY_CONFLICT,False,False,True,False,,False,False,False
7426,ZCC-SDJCR1616H07,HOLD_IDENTITY_CONFLICT,False,False,True,False,,False,False,False
7427,ZCC-SDJCR1616H11,HOLD_IDENTITY_CONFLICT,False,False,True,False,,False,False,False
7428,ZCC-SDJCR2525M11,HOLD_IDENTITY_CONFLICT,False,False,True,False,,False,False,False
7429,ZCC-SDNCN1010E07,HOLD_IDENTITY_CONFLICT,False,False,True,False,,False,False,False
7430,ZCC-SDNCN1212F07,HOLD_IDENTITY_CONFLICT,False,False,True,False,,False,False,False
7431,ZCC-SDNCN1212H11,HOLD_IDENTITY_CONFLICT,False,False,True,False,,False,False,False
7432,ZCC-SDNCN1616H11,HOLD_IDENTITY_CONFLICT,False,False,True,False,,False,False,False
7433,ZCC-SDNCN2020K11,HOLD_IDENTITY_CONFLICT,False,False,True,False,,False,False,False
7434,ZCC-SDNCN2525M11,HOLD_IDENTITY_CONFLICT,False,False,True,False,,False,False,False
7435,ZCC-SMP01-063,HOLD_IDENTITY_CONFLICT,False,False,True,False,,False,False,False
7436,ZCC-SNGA150612T02020-CN1000,HOLD_IDENTITY_CONFLICT,False,False,True,False,,False,False,False
7437,ZCC-SNGN120708T02020-CN2000,HOLD_IDENTITY_CONFLICT,False,False,True,False,,False,False,False
7438,ZCC-SNMA120412-YBD152C,HOLD_IDENTITY_CONFLICT,False,False,True,False,,False,False,False
7439,ZCC-SNMA150612-YBD152,HOLD_IDENTITY_CONFLICT,False,False,True,False,,False,False,False
7440,ZCC-SNMA190612-YBD151,HOLD_IDENTITY_CONFLICT,False,False,True,False,,False,False,False
7441,ZCC-SNMG120404-ADF-YB9320,HOLD_IDENTITY_CONFLICT,False,False,True,False,,False,False,False
7442,ZCC-SNMG120404-EF-YBG205,HOLD_IDENTITY_CONFLICT,False,False,True,False,,False,False,False
7443,ZCC-SNMG120404-EM-YBG202,HOLD_IDENTITY_CONFLICT,False,False,True,False,,False,False,False
7444,ZCC-SNMG120404-PM-YBC251,HOLD_IDENTITY_CONFLICT,False,False,True,False,,False,False,False
7445,ZCC-SNMG120408-ADF-YB9320,HOLD_IDENTITY_CONFLICT,False,False,True,False,,False,False,False
7446,ZCC-SNMG120408-EM-YBG202,HOLD_IDENTITY_CONFLICT,False,False,True,False,,False,False,False
7447,ZCC-SNMG120408-EM-YBG205,HOLD_IDENTITY_CONFLICT,False,False,True,False,,False,False,False
7448,ZCC-SNMG120408-PM-YBC351,HOLD_IDENTITY_CONFLICT,False,False,True,False,,False,False,False
7449,ZCC-SNMG120408-PM-YBD052,HOLD_IDENTITY_CONFLICT,False,False,True,False,,False,False,False
7450,ZCC-SNMG120408-PM-YBD152,HOLD_IDENTITY_CONFLICT,False,False,True,False,,False,False,False
7451,ZCC-SNMG120408-SNR-YBG105,HOLD_IDENTITY_CONFLICT,False,False,True,False,,False,False,False
7452,ZCC-SNMG120408-SNR-YBS103,HOLD_IDENTITY_CONFLICT,False,False,True,False,,False,False,False
7453,ZCC-SNMG120408-TC-YBD152C,HOLD_IDENTITY_CONFLICT,False,False,True,False,,False,False,False
7454,ZCC-SNMG120412-DM-YBC251,HOLD_IDENTITY_CONFLICT,False,False,True,False,,False,False,False
7455,ZCC-SNMG120412-EM-YBG202,HOLD_IDENTITY_CONFLICT,False,False,True,False,,False,False,False
7456,ZCC-SNMG120412-EM-YBG205,HOLD_IDENTITY_CONFLICT,False,False,True,False,,False,False,False
7457,ZCC-SNMG120412-PM-YBD102,HOLD_IDENTITY_CONFLICT,False,False,True,False,,False,False,False
7458,ZCC-SNMG120412-PM-YBD152,HOLD_IDENTITY_CONFLICT,False,False,True,False,,False,False,False
7459,ZCC-SNMG120412-PM-YBD152C,HOLD_IDENTITY_CONFLICT,False,False,True,False,,False,False,False
7460,ZCC-SNMG120412-PM-YBD252,HOLD_IDENTITY_CONFLICT,False,False,True,False,,False,False,False
7461,ZCC-SNMG120416-DM-YBC351,HOLD_IDENTITY_CONFLICT,False,False,True,False,,False,False,False
7462,ZCC-SNMG120416-DR-YBC351,HOLD_IDENTITY_CONFLICT,False,False,True,False,,False,False,False
7463,ZCC-SNMG120416-PM-YBD052,HOLD_IDENTITY_CONFLICT,False,False,True,False,,False,False,False
7464,ZCC-SNMG120416-PM-YBD152,HOLD_IDENTITY_CONFLICT,False,False,True,False,,False,False,False
7465,ZCC-SNMG150608-15-YBC251,HOLD_IDENTITY_CONFLICT,False,False,True,False,,False,False,False
7466,ZCC-SNMG150608-DM-YBC251,HOLD_IDENTITY_CONFLICT,False,False,True,False,,False,False,False
7467,ZCC-SNMG150608-EF-YBG202,HOLD_IDENTITY_CONFLICT,False,False,True,False,,False,False,False
7468,ZCC-SNMG150612-15-YBC251,HOLD_IDENTITY_CONFLICT,False,False,True,False,,False,False,False
7469,ZCC-SNMG150612-DR-YBD152,HOLD_IDENTITY_CONFLICT,False,False,True,False,,False,False,False
7470,ZCC-SNMG150612-EM-YBG205,HOLD_IDENTITY_CONFLICT,False,False,True,False,,False,False,False
7471,ZCC-SNMG150612-PM-YBC251,HOLD_IDENTITY_CONFLICT,False,False,True,False,,False,False,False
7472,ZCC-SNMG150616-DR-YBD152,HOLD_IDENTITY_CONFLICT,False,False,True,False,,False,False,False
7473,ZCC-SNMG150616-EM-YBG205,HOLD_IDENTITY_CONFLICT,False,False,True,False,,False,False,False
7474,ZCC-SNMG150616-XM-YBC103,HOLD_IDENTITY_CONFLICT,False,False,True,False,,False,False,False
7475,ZCC-SNMG190608-15-YBC251,HOLD_IDENTITY_CONFLICT,False,False,True,False,,False,False,False
7476,ZCC-SNMG190612-PM-YBC351,HOLD_IDENTITY_CONFLICT,False,False,True,False,,False,False,False
7477,ZCC-SNMG190612-PM-YBD052,HOLD_IDENTITY_CONFLICT,False,False,True,False,,False,False,False
7478,ZCC-SNMG190616-PM-YBC251,HOLD_IDENTITY_CONFLICT,False,False,True,False,,False,False,False
7479,ZCC-SNMG190624-DR-YBC351,HOLD_IDENTITY_CONFLICT,False,False,True,False,,False,False,False
7480,ZCC-SNMM190624-HPR-YBC252,HOLD_IDENTITY_CONFLICT,False,False,True,False,,False,False,False
7481,ZCC-SNMM250924-ZR-YBC203,HOLD_IDENTITY_CONFLICT,False,False,True,False,,False,False,False
7482,ZCC-SPMW120408-YBD152,HOLD_IDENTITY_CONFLICT,False,False,True,False,,False,False,False
7483,ZCC-TBGH060102L-YBG102,HOLD_IDENTITY_CONFLICT,False,False,True,False,,False,False,False
7484,ZCC-TBGH060104L-YBG102,HOLD_IDENTITY_CONFLICT,False,False,True,False,,False,False,False
7485,ZCC-TCGT06T102-SF-YNG151C,HOLD_IDENTITY_CONFLICT,False,False,True,False,,False,False,False
7486,ZCC-TCGX090202-LH-YD101,HOLD_IDENTITY_CONFLICT,False,False,True,False,,False,False,False
7487,ZCC-TCGX090204-LH-YD101,HOLD_IDENTITY_CONFLICT,False,False,True,False,,False,False,False
7488,ZCC-TCGX110202-LC-YD101,HOLD_IDENTITY_CONFLICT,False,False,True,False,,False,False,False
7489,ZCC-TCGX110204-LC-YD101,HOLD_IDENTITY_CONFLICT,False,False,True,False,,False,False,False
7490,ZCC-TCGX110204-LH-YD101,HOLD_IDENTITY_CONFLICT,False,False,True,False,,False,False,False
7491,ZCC-TCGX110208-LH-YD101,HOLD_IDENTITY_CONFLICT,False,False,True,False,,False,False,False
7492,ZCC-TCGX16T302-LH-YD101,HOLD_IDENTITY_CONFLICT,False,False,True,False,,False,False,False
7493,ZCC-TCGX16T304-LH-YD101,HOLD_IDENTITY_CONFLICT,False,False,True,False,,False,False,False
7494,ZCC-TCGX16T308-LC-YD101,HOLD_IDENTITY_CONFLICT,False,False,True,False,,False,False,False
7495,ZCC-TCMT090202-HF-YBC251,HOLD_IDENTITY_CONFLICT,False,False,True,False,,False,False,False
7496,ZCC-TCMT090208-HM-YBC351,HOLD_IDENTITY_CONFLICT,False,False,True,False,,False,False,False
7497,ZCC-TCMT110202-EF-YBG205,HOLD_IDENTITY_CONFLICT,False,False,True,False,,False,False,False
7498,ZCC-TCMT110204-EF-YBG202,HOLD_IDENTITY_CONFLICT,False,False,True,False,,False,False,False
7499,ZCC-TCMT110208-AHF-YB9320,HOLD_IDENTITY_CONFLICT,False,False,True,False,,False,False,False
7500,ZCC-TCMT110208-HM-YBD152,HOLD_IDENTITY_CONFLICT,False,False,True,False,,False,False,False
7501,ZCC-TCMT16T304-AHF-YB9320,HOLD_IDENTITY_CONFLICT,False,False,True,False,,False,False,False
7502,ZCC-TCMT16T308-EM-YBG202,HOLD_IDENTITY_CONFLICT,False,False,True,False,,False,False,False
7503,ZCC-TCMT16T308-EM-YBG205,HOLD_IDENTITY_CONFLICT,False,False,True,False,,False,False,False
7504,ZCC-TCMT16T308-HM-YBD152,HOLD_IDENTITY_CONFLICT,False,False,True,False,,False,False,False
7505,ZCC-TCMT16T312-HM-YBC351,HOLD_IDENTITY_CONFLICT,False,False,True,False,,False,False,False
7506,ZCC-TCMT16T312-HR-YBD152,HOLD_IDENTITY_CONFLICT,False,False,True,False,,False,False,False
7507,ZCC-TCMT220408-HR-YBC351,HOLD_IDENTITY_CONFLICT,False,False,True,False,,False,False,False
7508,ZCC-TCMT220408-HR-YBD152,HOLD_IDENTITY_CONFLICT,False,False,True,False,,False,False,False
7509,ZCC-TNGN160404T02020-CN1000,HOLD_IDENTITY_CONFLICT,False,False,True,False,,False,False,False
7510,ZCC-TNGN160408T02020-CN1000,HOLD_IDENTITY_CONFLICT,False,False,True,False,,False,False,False
7511,ZCC-TNGN160412T03020-CN1000,HOLD_IDENTITY_CONFLICT,False,False,True,False,,False,False,False
7512,ZCC-TNGN160708T02020-CA1000,HOLD_IDENTITY_CONFLICT,False,False,True,False,,False,False,False
7513,ZCC-TNGN160712T02020-CA1000,HOLD_IDENTITY_CONFLICT,False,False,True,False,,False,False,False
7514,ZCC-TNMA160404-YBD052,HOLD_IDENTITY_CONFLICT,False,False,True,False,,False,False,False
7515,ZCC-TNMA160412-YBD152,HOLD_IDENTITY_CONFLICT,False,False,True,False,,False,False,False
7516,ZCC-TNMA220408-YBD152,HOLD_IDENTITY_CONFLICT,False,False,True,False,,False,False,False
7517,ZCC-TNMA220408-YD101,HOLD_IDENTITY_CONFLICT,False,False,True,False,,False,False,False
7518,ZCC-TNMG160404-ADF-YB9320,HOLD_IDENTITY_CONFLICT,False,False,True,False,,False,False,False
7519,ZCC-TNMG160404-DM-YBM251,HOLD_IDENTITY_CONFLICT,False,False,True,False,,False,False,False
7520,ZCC-TNMG160404-PM-YBC351,HOLD_IDENTITY_CONFLICT,False,False,True,False,,False,False,False
7521,ZCC-TNMG160404-PM-YBD152,HOLD_IDENTITY_CONFLICT,False,False,True,False,,False,False,False
7522,ZCC-TNMG160404ZMA-YB6425,HOLD_IDENTITY_CONFLICT,False,False,True,False,,False,False,False
7523,ZCC-TNMG160408-XLR-YBC203,HOLD_IDENTITY_CONFLICT,False,False,True,False,,False,False,False
7524,ZCC-TNMG220404-EF-YBG205,HOLD_IDENTITY_CONFLICT,False,False,True,False,,False,False,False
7525,ZCC-TNMG220416-XM-YBC103,HOLD_IDENTITY_CONFLICT,False,False,True,False,,False,False,False
7526,ZCC-TNMG270608-DR-YBC351,HOLD_IDENTITY_CONFLICT,False,False,True,False,,False,False,False
7527,ZCC-TNMG270616-YBC251,HOLD_IDENTITY_CONFLICT,False,False,True,False,,False,False,False
7528,ZCC-TNMX160404-WGF-YBC152,HOLD_IDENTITY_CONFLICT,False,False,True,False,,False,False,False
7529,ZCC-TNMX160408-WGF-YBC152,HOLD_IDENTITY_CONFLICT,False,False,True,False,,False,False,False
7530,ZCC-TPGH090202L-YBG102,HOLD_IDENTITY_CONFLICT,False,False,True,False,,False,False,False
7531,ZCC-TPGH090204L-YBG102,HOLD_IDENTITY_CONFLICT,False,False,True,False,,False,False,False
7532,ZCC-TPGH110304L-YBG102,HOLD_IDENTITY_CONFLICT,False,False,True,False,,False,False,False
7533,ZCC-TPGT090204-SF-YBG102,HOLD_IDENTITY_CONFLICT,False,False,True,False,,False,False,False
7534,ZCC-TPGT110304-SF-YNG151C,HOLD_IDENTITY_CONFLICT,False,False,True,False,,False,False,False
7535,ZCC-TPMT080204-DM-CQP2025G,HOLD_IDENTITY_CONFLICT,False,False,True,False,,False,False,False
7536,ZCC-TPMT16T312TR-23,HOLD_IDENTITY_CONFLICT,False,False,True,False,,False,False,False
7537,ZCC-TPMT220612TR-23,HOLD_IDENTITY_CONFLICT,False,False,True,False,,False,False,False
7538,ZCC-VBMT110202-HF-YBG202,HOLD_IDENTITY_CONFLICT,False,False,True,False,,False,False,False
7539,ZCC-VBMT110204-HF-YBC251,HOLD_IDENTITY_CONFLICT,False,False,True,False,,False,False,False
7540,ZCC-VBMT110204-HF-YBG202,HOLD_IDENTITY_CONFLICT,False,False,True,False,,False,False,False
7541,ZCC-VBMT110208-HF-YBC251,HOLD_IDENTITY_CONFLICT,False,False,True,False,,False,False,False
7542,ZCC-VBMT110302-EF-YBG202,HOLD_IDENTITY_CONFLICT,False,False,True,False,,False,False,False
7543,ZCC-VBMT110304-EF-YBG205,HOLD_IDENTITY_CONFLICT,False,False,True,False,,False,False,False
7544,ZCC-VBMT110308-EM-YBG202,HOLD_IDENTITY_CONFLICT,False,False,True,False,,False,False,False
7545,ZCC-VBMT160402-AHF-YB9320,HOLD_IDENTITY_CONFLICT,False,False,True,False,,False,False,False
7546,ZCC-VBMT160404-HM-YBD102,HOLD_IDENTITY_CONFLICT,False,False,True,False,,False,False,False
7547,ZCC-VCGT110301L-USF-YBG202,HOLD_IDENTITY_CONFLICT,False,False,True,False,,False,False,False
7548,ZCC-VCGT160408-NF-YBG105,HOLD_IDENTITY_CONFLICT,False,False,True,False,,False,False,False
7549,ZCC-VCGX110204-LH-YD101,HOLD_IDENTITY_CONFLICT,False,False,True,False,,False,False,False
7550,ZCC-VCGX110302-LH-YD101,HOLD_IDENTITY_CONFLICT,False,False,True,False,,False,False,False
7551,ZCC-VCGX110304-LH-YD101,HOLD_IDENTITY_CONFLICT,False,False,True,False,,False,False,False
7552,ZCC-VCGX110308-LC-YD101,HOLD_IDENTITY_CONFLICT,False,False,True,False,,False,False,False
7553,ZCC-VCGX160402-LC-YD101,HOLD_IDENTITY_CONFLICT,False,False,True,False,,False,False,False
7554,ZCC-VCGX160404-LC-YD101,HOLD_IDENTITY_CONFLICT,False,False,True,False,,False,False,False
7555,ZCC-VCGX160404-LH-YD101,HOLD_IDENTITY_CONFLICT,False,False,True,False,,False,False,False
7556,ZCC-VCGX160408-LH-YD101,HOLD_IDENTITY_CONFLICT,False,False,True,False,,False,False,False
7557,ZCC-VCGX160412-LC-YD101,HOLD_IDENTITY_CONFLICT,False,False,True,False,,False,False,False
7558,ZCC-VCGX160412-LH-YD101,HOLD_IDENTITY_CONFLICT,False,False,True,False,,False,False,False
7559,ZCC-VCGX220530-LC-YD101,HOLD_IDENTITY_CONFLICT,False,False,True,False,,False,False,False
7560,ZCC-VCGX220530-LH-YD201,HOLD_IDENTITY_CONFLICT,False,False,True,False,,False,False,False
7561,ZCC-VCMT160404-EM-YBM153,HOLD_IDENTITY_CONFLICT,False,False,True,False,,False,False,False
7562,ZCC-VCMT160408-EM-YBG202,HOLD_IDENTITY_CONFLICT,False,False,True,False,,False,False,False
7563,ZCC-VNMG160404-EM-YBG205,HOLD_IDENTITY_CONFLICT,False,False,True,False,,False,False,False
7564,ZCC-VNMG160404-PM-YBD152,HOLD_IDENTITY_CONFLICT,False,False,True,False,,False,False,False
7565,ZCC-VNMG160412-EF-YBG205,HOLD_IDENTITY_CONFLICT,False,False,True,False,,False,False,False
7566,ZCC-WNGA080416T02020-CN1000,HOLD_IDENTITY_CONFLICT,False,False,True,False,,False,False,False
7567,ZCC-WNMA080404-YBD152,HOLD_IDENTITY_CONFLICT,False,False,True,False,,False,False,False
7568,ZCC-WNMA080408-YBD102,HOLD_IDENTITY_CONFLICT,False,False,True,False,,False,False,False
7569,ZCC-WNMA080412-YBD152C,HOLD_IDENTITY_CONFLICT,False,False,True,False,,False,False,False
7570,ZCC-WNMG060404-EM-YBG202,HOLD_IDENTITY_CONFLICT,False,False,True,False,,False,False,False
7571,ZCC-WNMG060408-EM-YBG205,HOLD_IDENTITY_CONFLICT,False,False,True,False,,False,False,False
7572,ZCC-WNMG080404-ADF-YB9320,HOLD_IDENTITY_CONFLICT,False,False,True,False,,False,False,False
7573,ZCC-WNMG080408-PM-YBC351,HOLD_IDENTITY_CONFLICT,False,False,True,False,,False,False,False
7574,ZCC-WNMG080408-PM-YBD152,HOLD_IDENTITY_CONFLICT,False,False,True,False,,False,False,False
7575,ZCC-WNMG080408-XMH-YBC103,HOLD_IDENTITY_CONFLICT,False,False,True,False,,False,False,False
7576,ZCC-WNMG080412-TC-YB7315,HOLD_IDENTITY_CONFLICT,False,False,True,False,,False,False,False
7577,ZCC-WNMG080416-PM-YBD152,HOLD_IDENTITY_CONFLICT,False,False,True,False,,False,False,False
7578,ZCC-X3-115008-PM-YB9320-N331,HOLD_IDENTITY_CONFLICT,False,False,True,False,,False,False,False
7579,ZCC-XEEC120904-YBG105,HOLD_IDENTITY_CONFLICT,False,False,True,False,,False,False,False
7580,ZCC-XMR01-050-A22-SD12-04C,HOLD_IDENTITY_CONFLICT,False,False,True,False,,False,False,False
7581,ZCC-XMR01-063-A27-WP08-04C,HOLD_IDENTITY_CONFLICT,False,False,True,False,,False,False,False
7582,ZCC-XMR11-063-A22-EN12-10C,HOLD_IDENTITY_CONFLICT,False,False,True,False,,False,False,False
7583,ZCC-ZPFD0302-MG-YB9320,HOLD_IDENTITY_CONFLICT,False,False,True,False,,False,False,False
7584,ZCC-ZPGS0402-MG-YBG302,HOLD_IDENTITY_CONFLICT,False,False,True,False,,False,False,False
7585,ZCC-ZQMX4N11-1E-YBC401,HOLD_IDENTITY_CONFLICT,False,False,True,False,,False,False,False
7586,ZCC-ZQMX5N11-1E-YBC251,HOLD_IDENTITY_CONFLICT,False,False,True,False,,False,False,False
7587,ZCC-ZQMX6N11-1E-YBC251,HOLD_IDENTITY_CONFLICT,False,False,True,False,,False,False,False
7588,ZCC-ZRBD02-EG-YBG205,HOLD_IDENTITY_CONFLICT,False,False,True,False,,False,False,False
7589,ZCC-ZRHD05-MG-YBG205,HOLD_IDENTITY_CONFLICT,False,False,True,False,,False,False,False
7590,ZCC-ZRKD06-MG-YBG202,HOLD_IDENTITY_CONFLICT,False,False,True,False,,False,False,False
7591,ZCC-ZSD04-120-XP20-SP04-02,HOLD_IDENTITY_CONFLICT,False,False,True,False,,False,False,False
7592,ZCC-ZTBD02002-MM-YB9320,HOLD_IDENTITY_CONFLICT,False,False,True,False,,False,False,False
7593,ZCC-ZTCD01402-EG-YBG302,HOLD_IDENTITY_CONFLICT,False,False,True,False,,False,False,False
7594,ZCC-ZTCD01502-EG-YBG302,HOLD_IDENTITY_CONFLICT,False,False,True,False,,False,False,False
7595,ZCC-ZTCD01503-EG-YBG202,HOLD_IDENTITY_CONFLICT,False,False,True,False,,False,False,False
7596,ZCC-ZTCD02002-EG-YBG302,HOLD_IDENTITY_CONFLICT,False,False,True,False,,False,False,False
7597,ZCC-ZTCD02302-EG-YBG302,HOLD_IDENTITY_CONFLICT,False,False,True,False,,False,False,False
7598,ZCC-ZTED02503-MG-YBG202,HOLD_IDENTITY_CONFLICT,False,False,True,False,,False,False,False
7599,ZCC-ZTKD0608-MG-YBG202,HOLD_IDENTITY_CONFLICT,False,False,True,False,,False,False,False
7600,SANOU-HKJ2510,HOLD_IDENTITY_CONFLICT,False,False,True,False,,False,False,False
7601,SANOU-HKJ2513,HOLD_IDENTITY_CONFLICT,False,False,True,False,,False,False,False
7602,SANOU-J0113H-B16,HOLD_WEAK_EVIDENCE,False,False,True,False,,False,False,False
7603,SANOU-J0120H-B22,HOLD_IDENTITY_CONFLICT,False,False,True,False,,False,False,False
7604,SANOU-J0413L-B16,HOLD_IDENTITY_CONFLICT,False,False,True,False,,False,False,False
7605,SANOU-J2106H-B10,HOLD_IDENTITY_CONFLICT,False,False,True,False,,False,False,False
7606,SANOU-J2116H-B18,HOLD_IDENTITY_CONFLICT,False,False,True,False,,False,False,False
7607,SANOU-K11-080MM,HOLD_IDENTITY_CONFLICT,False,False,True,False,,False,False,False
7608,SANOU-K11-100MM,HOLD_IDENTITY_CONFLICT,False,False,True,False,,False,False,False
7609,SANOU-K11-125MM,HOLD_IDENTITY_CONFLICT,False,False,True,False,,False,False,False
7610,SANOU-K11-130MM,HOLD_IDENTITY_CONFLICT,False,False,True,False,,False,False,False
7611,SANOU-K11-160MM,HOLD_IDENTITY_CONFLICT,False,False,True,False,,False,False,False
7612,SANOU-K11-200MM,HOLD_IDENTITY_CONFLICT,False,False,True,False,,False,False,False
7613,SANOU-K11-315MM,HOLD_IDENTITY_CONFLICT,False,False,True,False,,False,False,False
7614,SANOU-K11-400MM,HOLD_IDENTITY_CONFLICT,False,False,True,False,,False,False,False
7615,SANOU-K11-500MM,HOLD_IDENTITY_CONFLICT,False,False,True,False,,False,False,False
7616,SANOU-K12-080,HOLD_IDENTITY_CONFLICT,False,False,True,False,,False,False,False
7617,SANOU-K12-100MM,HOLD_IDENTITY_CONFLICT,False,False,True,False,,False,False,False
7618,SANOU-K12-125MM,HOLD_IDENTITY_CONFLICT,False,False,True,False,,False,False,False
7619,SANOU-K12-160MM,HOLD_IDENTITY_CONFLICT,False,False,True,False,,False,False,False
7620,SANOU-K12-200MM,HOLD_IDENTITY_CONFLICT,False,False,True,False,,False,False,False
7621,SANOU-K72-160MM,HOLD_IDENTITY_CONFLICT,False,False,True,False,,False,False,False
7622,SANOU-K72-200MM,HOLD_IDENTITY_CONFLICT,False,False,True,False,,False,False,False
7623,SANOU-K72-250MM,HOLD_IDENTITY_CONFLICT,False,False,True,False,,False,False,False
7624,SANOU-MT1,HOLD_IDENTITY_CONFLICT,False,False,True,False,,False,False,False
7625,SANOU-MT2-1,HOLD_IDENTITY_CONFLICT,False,False,True,False,,False,False,False
7626,SANOU-MT2-B10,HOLD_IDENTITY_CONFLICT,False,False,True,False,,False,False,False
7627,SANOU-MT2-B16,HOLD_IDENTITY_CONFLICT,False,False,True,False,,False,False,False
7628,SANOU-MT3,HOLD_IDENTITY_CONFLICT,False,False,True,False,,False,False,False
7629,SANOU-MT3-1,HOLD_IDENTITY_CONFLICT,False,False,True,False,,False,False,False
7630,SANOU-MT3-2,HOLD_IDENTITY_CONFLICT,False,False,True,False,,False,False,False
7631,SANOU-MT3-B22,HOLD_IDENTITY_CONFLICT,False,False,True,False,,False,False,False
7632,SANOU-MT4-1,HOLD_IDENTITY_CONFLICT,False,False,True,False,,False,False,False
7633,SANOU-MT4-2,HOLD_IDENTITY_CONFLICT,False,False,True,False,,False,False,False
7634,SANOU-MT5,HOLD_IDENTITY_CONFLICT,False,False,True,False,,False,False,False
7635,SANOU-MT6-3,HOLD_IDENTITY_CONFLICT,False,False,True,False,,False,False,False
7636,ZCC-ANGX110508PNR-GM-YB9320,HOLD_IDENTITY_CONFLICT,False,False,True,False,,False,False,False
7637,ZCC-ANGX150608PNR-GM-YBG203,HOLD_IDENTITY_CONFLICT,False,False,True,False,,False,False,False
7638,ZCC-APKT100304-APF-YBG212,HOLD_IDENTITY_CONFLICT,False,False,True,False,,False,False,False
7639,ZCC-APKT11T308-LH-YD101,HOLD_IDENTITY_CONFLICT,False,False,True,False,,False,False,False
7640,ZCC-APKT150412-PM-YBG302,HOLD_IDENTITY_CONFLICT,False,False,True,False,,False,False,False
7641,ZCC-APKT160404-ALH-YD101,HOLD_IDENTITY_CONFLICT,False,False,True,False,,False,False,False
7642,ZCC-APKT160408-LH-YD201,HOLD_IDENTITY_CONFLICT,False,False,True,False,,False,False,False
7643,ZCC-APKT160412-APM-YB9320,HOLD_IDENTITY_CONFLICT,False,False,True,False,,False,False,False
7644,ZCC-BMR03-050-XPX-S,HOLD_IDENTITY_CONFLICT,False,False,True,False,,False,False,False
7645,ZCC-C20Q-QEDR05-27,HOLD_IDENTITY_CONFLICT,False,False,True,False,,False,False,False
7646,ZCC-C25R-QFDL07-33,HOLD_IDENTITY_CONFLICT,False,False,True,False,,False,False,False
7647,ZCC-DCGX11T302-LC-YD101,HOLD_IDENTITY_CONFLICT,False,False,True,False,,False,False,False
7648,ZCC-FMA17-100-A32-SN12-08C,HOLD_IDENTITY_CONFLICT,False,False,True,False,,False,False,False
7649,ZCC-GD08C-0600-KDG3013,HOLD_IDENTITY_CONFLICT,False,False,True,False,,False,False,False
7650,ZCC-GQCL2020K16-25,HOLD_IDENTITY_CONFLICT,False,False,True,False,,False,False,False
7651,ZCC-GQCL2525M22-35,HOLD_IDENTITY_CONFLICT,False,False,True,False,,False,False,False
7652,ZCC-GQCR1616K16-25,HOLD_IDENTITY_CONFLICT,False,False,True,False,,False,False,False
7653,ZCC-GQCR2525M16-25,HOLD_IDENTITY_CONFLICT,False,False,True,False,,False,False,False
7654,ZCC-HMP01-063,HOLD_IDENTITY_CONFLICT,False,False,True,False,,False,False,False
7655,ZCC-OFKR0704-LH-YD201,HOLD_IDENTITY_CONFLICT,False,False,True,False,,False,False,False
7656,ZCC-OFKT05T3-LH-YD101,HOLD_IDENTITY_CONFLICT,False,False,True,False,,False,False,False
7657,ZCC-QC11L200-R02-YBG205,HOLD_IDENTITY_CONFLICT,False,False,True,False,,False,False,False
7658,ZCC-QC22L100R-YBG205,HOLD_IDENTITY_CONFLICT,False,False,True,False,,False,False,False
7659,ZCC-QC22L250-R03-YBG205,HOLD_IDENTITY_CONFLICT,False,False,True,False,,False,False,False
7660,ZCC-QEBD2020L07,HOLD_IDENTITY_CONFLICT,False,False,True,False,,False,False,False
7661,ZCC-QEED2020R17,HOLD_IDENTITY_CONFLICT,False,False,True,False,,False,False,False
7662,ZCC-QEED2525L17,HOLD_IDENTITY_CONFLICT,False,False,True,False,,False,False,False
7663,ZCC-QEED2525R17,HOLD_IDENTITY_CONFLICT,False,False,True,False,,False,False,False
7664,ZCC-QFFD2525R17-100H,HOLD_IDENTITY_CONFLICT,False,False,True,False,,False,False,False
7665,ZCC-QFGD2020L15-52L,HOLD_IDENTITY_CONFLICT,False,False,True,False,,False,False,False
7666,ZCC-RCKT10T3MO-DM-YB9320,HOLD_IDENTITY_CONFLICT,False,False,True,False,,False,False,False
7667,ZCC-RCKT10T3MO-DM-YBC301,HOLD_IDENTITY_CONFLICT,False,False,True,False,,False,False,False
7668,ZCC-RCKT10T3MO-NM-YBS203,HOLD_IDENTITY_CONFLICT,False,False,True,False,,False,False,False
7669,ZCC-RCKT10T3MO-PM-YB9320,HOLD_IDENTITY_CONFLICT,False,False,True,False,,False,False,False
7670,ZCC-RCKT1204MO-DM-YBC301,HOLD_IDENTITY_CONFLICT,False,False,True,False,,False,False,False
7671,ZCC-RCKT1204MO-DM-YBG302,HOLD_IDENTITY_CONFLICT,False,False,True,False,,False,False,False
7672,ZCC-RCKT1204MO-DR-YBC401,HOLD_IDENTITY_CONFLICT,False,False,True,False,,False,False,False
7673,ZCC-RCKT1204MO-NM-YBS203,HOLD_IDENTITY_CONFLICT,False,False,True,False,,False,False,False
7674,ZCC-RCKT1606MO-DR-YBC301,HOLD_IDENTITY_CONFLICT,False,False,True,False,,False,False,False
7675,ZCC-RCKT2006MO-DR-YBC301,HOLD_IDENTITY_CONFLICT,False,False,True,False,,False,False,False
7676,ZCC-RCKT2006MO-DR-YBG202,HOLD_IDENTITY_CONFLICT,False,False,True,False,,False,False,False
7677,ZCC-RCKT2006MO-DR-YBG205,HOLD_IDENTITY_CONFLICT,False,False,True,False,,False,False,False
7678,ZCC-RCKT2006MO-NM-YB9320,HOLD_IDENTITY_CONFLICT,False,False,True,False,,False,False,False
7679,ZCC-RDGT1204MO-LH-YD101,HOLD_IDENTITY_CONFLICT,False,False,True,False,,False,False,False
7680,ZCC-RDKT10T3MO-NM-YBS203,HOLD_IDENTITY_CONFLICT,False,False,True,False,,False,False,False
7681,ZCC-RDKT10T3MO-NM-YBS303,HOLD_IDENTITY_CONFLICT,False,False,True,False,,False,False,False
7682,ZCC-RDKT1204MO-YBG212,HOLD_IDENTITY_CONFLICT,False,False,True,False,,False,False,False
7683,ZCC-RDKT1605MOS-YBG205,HOLD_IDENTITY_CONFLICT,False,False,True,False,,False,False,False
7684,ZCC-RDKW0803MO-YBG202,HOLD_IDENTITY_CONFLICT,False,False,True,False,,False,False,False
7685,ZCC-RDKW1003MO-3-YBG105,HOLD_IDENTITY_CONFLICT,False,False,True,False,,False,False,False
7686,ZCC-RDKW10T3MO-YBG202,HOLD_IDENTITY_CONFLICT,False,False,True,False,,False,False,False
7687,ZCC-RDKW10T3MO-YBG212,HOLD_IDENTITY_CONFLICT,False,False,True,False,,False,False,False
7688,ZCC-RDKW1605MO-YBM351,HOLD_IDENTITY_CONFLICT,False,False,True,False,,False,False,False
7689,ZCC-RDKW2006MO-YBM351,HOLD_IDENTITY_CONFLICT,False,False,True,False,,False,False,False
7690,ZCC-RDMT0803MO-M-YBG205H,HOLD_IDENTITY_CONFLICT,False,False,True,False,,False,False,False
7691,ZCC-RDMT10T3MO-M-YBG205,HOLD_IDENTITY_CONFLICT,False,False,True,False,,False,False,False
7692,ZCC-RDMT10T3MO-MM-YBG205H,HOLD_IDENTITY_CONFLICT,False,False,True,False,,False,False,False
7693,ZCC-RDMT10T3MO-YBS203,HOLD_IDENTITY_CONFLICT,False,False,True,False,,False,False,False
7694,ZCC-ROHX1203-YBG202,HOLD_IDENTITY_CONFLICT,False,False,True,False,,False,False,False
7695,ZCC-ROHX1604-YBG202,HOLD_IDENTITY_CONFLICT,False,False,True,False,,False,False,False
7696,ZCC-RPMT08T2MOE-MJS-M20T,HOLD_IDENTITY_CONFLICT,False,False,True,False,,False,False,False
7697,ZCC-RPMT10T3MO-M-P20T,HOLD_IDENTITY_CONFLICT,False,False,True,False,,False,False,False
7698,ZCC-RPMT10T3MO-M-YBS203,HOLD_IDENTITY_CONFLICT,False,False,True,False,,False,False,False
7699,ZCC-RPMT10T3MO-M-YBS303,HOLD_IDENTITY_CONFLICT,False,False,True,False,,False,False,False
7700,ZCC-RPMT10T3MO-MM-YBS203,HOLD_IDENTITY_CONFLICT,False,False,True,False,,False,False,False
7701,ZCC-RPMW1003MO-YBG302,HOLD_IDENTITY_CONFLICT,False,False,True,False,,False,False,False
7702,ZCC-SDMT150520-NM-YBG212,HOLD_IDENTITY_CONFLICT,False,False,True,False,,False,False,False
7703,ZCC-SEET120308-LH-YD101,HOLD_IDENTITY_CONFLICT,False,False,True,False,,False,False,False
7704,ZCC-SEET12T3-LH-YD101,HOLD_IDENTITY_CONFLICT,False,False,True,False,,False,False,False
7705,ZCC-SEET12T3-LH-YD201,HOLD_IDENTITY_CONFLICT,False,False,True,False,,False,False,False
7706,ZCC-SMP05-039,HOLD_IDENTITY_CONFLICT,False,False,True,False,,False,False,False
7707,ZCC-SNGX1205ENN-GM-YBD152,HOLD_IDENTITY_CONFLICT,False,False,True,False,,False,False,False
7708,ZCC-SNKN1204ENN-YBC301,HOLD_IDENTITY_CONFLICT,False,False,True,False,,False,False,False
7709,ZCC-SPKN1203EDSKL-YBC301,HOLD_IDENTITY_CONFLICT,False,False,True,False,,False,False,False
7710,ZCC-SPKN1203EDT31PR-YNG151,HOLD_IDENTITY_CONFLICT,False,False,True,False,,False,False,False
7711,ZCC-TNMG160408-SNR-YBS103,HOLD_IDENTITY_CONFLICT,False,False,True,False,,False,False,False
7712,ZCC-TPGN160308-YBD102,HOLD_IDENTITY_CONFLICT,False,False,True,False,,False,False,False
7713,ZCC-TPKN1603PDSKR-YBG302,HOLD_IDENTITY_CONFLICT,False,False,True,False,,False,False,False
7714,ZCC-TPKN2204PDFR-YD201,HOLD_IDENTITY_CONFLICT,False,False,True,False,,False,False,False
7715,ZCC-TPKN2204PDS32PR-YBG212,HOLD_IDENTITY_CONFLICT,False,False,True,False,,False,False,False
7716,ZCC-TPKN2204PDSKR-YBG205,HOLD_IDENTITY_CONFLICT,False,False,True,False,,False,False,False
7717,ZCC-TPMR160304-YBM251,HOLD_IDENTITY_CONFLICT,False,False,True,False,,False,False,False
7718,ZCC-TPMR2204PDSR-YBG205H,HOLD_IDENTITY_CONFLICT,False,False,True,False,,False,False,False
7719,ZCC-TPUN220408-YBC301,HOLD_IDENTITY_CONFLICT,False,False,True,False,,False,False,False
7720,ZCC-WNHU080608PNR-GM-YB9320,HOLD_IDENTITY_CONFLICT,False,False,True,False,,False,False,False
7721,ZCC-WNHU080608PNR-GM-YBG205,HOLD_IDENTITY_CONFLICT,False,False,True,False,,False,False,False
7722,ZCC-WNMU060408PNN-GM-YB9320,HOLD_IDENTITY_CONFLICT,False,False,True,False,,False,False,False
7723,ZCC-WNMU060408PNN-GM-YBD152,HOLD_IDENTITY_CONFLICT,False,False,True,False,,False,False,False
7724,ZCC-WNMU080608PNN-GM-YBD152,HOLD_IDENTITY_CONFLICT,False,False,True,False,,False,False,False
7725,ZCC-WNMU080608PNN-GM-YBG205H,HOLD_IDENTITY_CONFLICT,False,False,True,False,,False,False,False
7726,ZCC-WPGT050315ZSR-YBG212,HOLD_IDENTITY_CONFLICT,False,False,True,False,,False,False,False
7727,ZCC-WPGT060415ZSR-YBG212,HOLD_IDENTITY_CONFLICT,False,False,True,False,,False,False,False
7728,ZCC-WPGT080615ZSR-PM-YBG205,HOLD_IDENTITY_CONFLICT,False,False,True,False,,False,False,False
7729,ZCC-XMR11-016-G16-EN12-02C,HOLD_IDENTITY_CONFLICT,False,False,True,False,,False,False,False
7730,ZCC-XPHT16R0803-CM-YBG302,HOLD_IDENTITY_CONFLICT,False,False,True,False,,False,False,False
7731,ZCC-XPHT20R10T3-GM-YBG302,HOLD_IDENTITY_CONFLICT,False,False,True,False,,False,False,False
7732,ZCC-XPHT25R1204-CM-YBG302,HOLD_IDENTITY_CONFLICT,False,False,True,False,,False,False,False
7733,ZCC-XPHT32R1606-CM-YBG302,HOLD_IDENTITY_CONFLICT,False,False,True,False,,False,False,False
7734,ZCC-XSEQ1202-YBG302,HOLD_IDENTITY_CONFLICT,False,False,True,False,,False,False,False
