brand,manufacturer_code,authority_tier,source_type,source_path_or_url,source_page_or_row,source_quote_or_field,sha256,notes
ASTPOWER,437201,3,ast_supplier_enumerator,/home/shebahati/KaZar/Product and Data Complete/آذرصنعت/AST Power/مته برگی/همکاری مته برگی.pdf,,sku_column,68d6259fdf67c385b66f274572f952dde445a656dc9c0eae45222fa203c8aad4,source_id=ast.spade;normalized_sku=437201
ASTPOWER,437202,3,ast_supplier_enumerator,/home/shebahati/KaZar/Product and Data Complete/آذرصنعت/AST Power/مته برگی/همکاری مته برگی.pdf,,sku_column,68d6259fdf67c385b66f274572f952dde445a656dc9c0eae45222fa203c8aad4,source_id=ast.spade;normalized_sku=437202
ASTPOWER,437203,3,ast_supplier_enumerator,/home/shebahati/KaZar/Product and Data Complete/آذرصنعت/AST Power/مته برگی/همکاری مته برگی.pdf,,sku_column,68d6259fdf67c385b66f274572f952dde445a656dc9c0eae45222fa203c8aad4,source_id=ast.spade;normalized_sku=437203
ASTPOWER,437204,3,ast_supplier_enumerator,/home/shebahati/KaZar/Product and Data Complete/آذرصنعت/AST Power/مته برگی/همکاری مته برگی.pdf,,sku_column,68d6259fdf67c385b66f274572f952dde445a656dc9c0eae45222fa203c8aad4,source_id=ast.spade;normalized_sku=437204
ASTPOWER,437205,3,ast_supplier_enumerator,/home/shebahati/KaZar/Product and Data Complete/آذرصنعت/AST Power/مته برگی/همکاری مته برگی.pdf,,sku_column,68d6259fdf67c385b66f274572f952dde445a656dc9c0eae45222fa203c8aad4,source_id=ast.spade;normalized_sku=437205
ASTPOWER,AST-DID19/20,3,ast_supplier_enumerator,/home/shebahati/KaZar/Product and Data Complete/آذرصنعت/AST Power/قلاویززن برقی/کاتالوگ همکاری/همکاری قلاویززن برقی.pdf,,sku_column,c3a78949fa5914ec392dec3f834409278acae15c964853570c21bb883bfc2868,source_id=ast.electric_tapping;normalized_sku=AST-DID19/20
ASTPOWER,AST-DID19/25,3,ast_supplier_enumerator,/home/shebahati/KaZar/Product and Data Complete/آذرصنعت/AST Power/قلاویززن برقی/کاتالوگ همکاری/همکاری قلاویززن برقی.pdf,,sku_column,c3a78949fa5914ec392dec3f834409278acae15c964853570c21bb883bfc2868,source_id=ast.electric_tapping;normalized_sku=AST-DID19/25
ASTPOWER,AST-DID19/30,3,ast_supplier_enumerator,/home/shebahati/KaZar/Product and Data Complete/آذرصنعت/AST Power/قلاویززن برقی/کاتالوگ همکاری/همکاری قلاویززن برقی.pdf,,sku_column,c3a78949fa5914ec392dec3f834409278acae15c964853570c21bb883bfc2868,source_id=ast.electric_tapping;normalized_sku=AST-DID19/30
ASTPOWER,AST-DID19/38,3,ast_supplier_enumerator,/home/shebahati/KaZar/Product and Data Complete/آذرصنعت/AST Power/قلاویززن برقی/کاتالوگ همکاری/همکاری قلاویززن برقی.pdf,,sku_column,c3a78949fa5914ec392dec3f834409278acae15c964853570c21bb883bfc2868,source_id=ast.electric_tapping;normalized_sku=AST-DID19/38
ASTPOWER,AST-DID31/20,3,ast_supplier_enumerator,/home/shebahati/KaZar/Product and Data Complete/آذرصنعت/AST Power/قلاویززن برقی/کاتالوگ همکاری/همکاری قلاویززن برقی.pdf,,sku_column,c3a78949fa5914ec392dec3f834409278acae15c964853570c21bb883bfc2868,source_id=ast.electric_tapping;normalized_sku=AST-DID31/20
ASTPOWER,AST-DID31/25,3,ast_supplier_enumerator,/home/shebahati/KaZar/Product and Data Complete/آذرصنعت/AST Power/قلاویززن برقی/کاتالوگ همکاری/همکاری قلاویززن برقی.pdf,,sku_column,c3a78949fa5914ec392dec3f834409278acae15c964853570c21bb883bfc2868,source_id=ast.electric_tapping;normalized_sku=AST-DID31/25
ASTPOWER,AST-DID31/30,3,ast_supplier_enumerator,/home/shebahati/KaZar/Product and Data Complete/آذرصنعت/AST Power/قلاویززن برقی/کاتالوگ همکاری/همکاری قلاویززن برقی.pdf,,sku_column,c3a78949fa5914ec392dec3f834409278acae15c964853570c21bb883bfc2868,source_id=ast.electric_tapping;normalized_sku=AST-DID31/30
ASTPOWER,AST-DID31/38,3,ast_supplier_enumerator,/home/shebahati/KaZar/Product and Data Complete/آذرصنعت/AST Power/قلاویززن برقی/کاتالوگ همکاری/همکاری قلاویززن برقی.pdf,,sku_column,c3a78949fa5914ec392dec3f834409278acae15c964853570c21bb883bfc2868,source_id=ast.electric_tapping;normalized_sku=AST-DID31/38
ASTPOWER,AST-DID31/45,3,ast_supplier_enumerator,/home/shebahati/KaZar/Product and Data Complete/آذرصنعت/AST Power/قلاویززن برقی/کاتالوگ همکاری/همکاری قلاویززن برقی.pdf,,sku_column,c3a78949fa5914ec392dec3f834409278acae15c964853570c21bb883bfc2868,source_id=ast.electric_tapping;normalized_sku=AST-DID31/45
ASTPOWER,AST-DID31/55,3,ast_supplier_enumerator,/home/shebahati/KaZar/Product and Data Complete/آذرصنعت/AST Power/قلاویززن برقی/کاتالوگ همکاری/همکاری قلاویززن برقی.pdf,,sku_column,c3a78949fa5914ec392dec3f834409278acae15c964853570c21bb883bfc2868,source_id=ast.electric_tapping;normalized_sku=AST-DID31/55
ASTPOWER,AST-DP19,3,ast_supplier_enumerator,/home/shebahati/KaZar/Product and Data Complete/آذرصنعت/AST Power/قلاویززن برقی/کاتالوگ همکاری/همکاری قلاویززن برقی.pdf,,sku_column,c3a78949fa5914ec392dec3f834409278acae15c964853570c21bb883bfc2868,source_id=ast.electric_tapping;normalized_sku=AST-DP19
ASTPOWER,AST-DP31,3,ast_supplier_enumerator,/home/shebahati/KaZar/Product and Data Complete/آذرصنعت/AST Power/قلاویززن برقی/کاتالوگ همکاری/همکاری قلاویززن برقی.pdf,,sku_column,c3a78949fa5914ec392dec3f834409278acae15c964853570c21bb883bfc2868,source_id=ast.electric_tapping;normalized_sku=AST-DP31
ASTPOWER,AST-GAT12,3,ast_supplier_enumerator,/home/shebahati/KaZar/Product and Data Complete/آذرصنعت/AST Power/قلاویززن اتومات/همکاری قلاویززن اتومات.pdf,,sku_column,bc4c87e079f08488f46e10e16d7092ebee017f45f16a0ee5fa107cc41f8e9539,source_id=ast.automatic_tapping;normalized_sku=AST-GAT12
ASTPOWER,AST-GAT20,3,ast_supplier_enumerator,/home/shebahati/KaZar/Product and Data Complete/آذرصنعت/AST Power/قلاویززن اتومات/همکاری قلاویززن اتومات.pdf,,sku_column,bc4c87e079f08488f46e10e16d7092ebee017f45f16a0ee5fa107cc41f8e9539,source_id=ast.automatic_tapping;normalized_sku=AST-GAT20
ASTPOWER,AST-GAT7,3,ast_supplier_enumerator,/home/shebahati/KaZar/Product and Data Complete/آذرصنعت/AST Power/قلاویززن اتومات/همکاری قلاویززن اتومات.pdf,,sku_column,bc4c87e079f08488f46e10e16d7092ebee017f45f16a0ee5fa107cc41f8e9539,source_id=ast.automatic_tapping;normalized_sku=AST-GAT7
ASTPOWER,AST-NSBM10,3,ast_supplier_enumerator,/home/shebahati/KaZar/Product and Data Complete/آذرصنعت/AST Power/قلاویززن برقی/کاتالوگ همکاری/همکاری قلاویززن برقی.pdf,,sku_column,c3a78949fa5914ec392dec3f834409278acae15c964853570c21bb883bfc2868,source_id=ast.electric_tapping;normalized_sku=AST-NSBM10
ASTPOWER,AST-NSBM12,3,ast_supplier_enumerator,/home/shebahati/KaZar/Product and Data Complete/آذرصنعت/AST Power/قلاویززن برقی/کاتالوگ همکاری/همکاری قلاویززن برقی.pdf,,sku_column,c3a78949fa5914ec392dec3f834409278acae15c964853570c21bb883bfc2868,source_id=ast.electric_tapping;normalized_sku=AST-NSBM12
ASTPOWER,AST-NSBM16,3,ast_supplier_enumerator,/home/shebahati/KaZar/Product and Data Complete/آذرصنعت/AST Power/قلاویززن برقی/کاتالوگ همکاری/همکاری قلاویززن برقی.pdf,,sku_column,c3a78949fa5914ec392dec3f834409278acae15c964853570c21bb883bfc2868,source_id=ast.electric_tapping;normalized_sku=AST-NSBM16
ASTPOWER,AST-NSBM24,3,ast_supplier_enumerator,/home/shebahati/KaZar/Product and Data Complete/آذرصنعت/AST Power/قلاویززن برقی/کاتالوگ همکاری/همکاری قلاویززن برقی.pdf,,sku_column,c3a78949fa5914ec392dec3f834409278acae15c964853570c21bb883bfc2868,source_id=ast.electric_tapping;normalized_sku=AST-NSBM24
ASTPOWER,AST-NSBM36,3,ast_supplier_enumerator,/home/shebahati/KaZar/Product and Data Complete/آذرصنعت/AST Power/قلاویززن برقی/کاتالوگ همکاری/همکاری قلاویززن برقی.pdf,,sku_column,c3a78949fa5914ec392dec3f834409278acae15c964853570c21bb883bfc2868,source_id=ast.electric_tapping;normalized_sku=AST-NSBM36
ASTPOWER,AST-T800500,3,ast_supplier_enumerator,/home/shebahati/KaZar/Product and Data Complete/آذرصنعت/AST Power/قلاویززن برقی/کاتالوگ همکاری/همکاری قلاویززن برقی.pdf,,sku_column,c3a78949fa5914ec392dec3f834409278acae15c964853570c21bb883bfc2868,source_id=ast.electric_tapping;normalized_sku=AST-T800500
ASTPOWER,AST-T900600,3,ast_supplier_enumerator,/home/shebahati/KaZar/Product and Data Complete/آذرصنعت/AST Power/قلاویززن برقی/کاتالوگ همکاری/همکاری قلاویززن برقی.pdf,,sku_column,c3a78949fa5914ec392dec3f834409278acae15c964853570c21bb883bfc2868,source_id=ast.electric_tapping;normalized_sku=AST-T900600
ASTPOWER,AST-TAPCHUCK19,3,ast_supplier_enumerator,/home/shebahati/KaZar/Product and Data Complete/آذرصنعت/AST Power/قلاویززن برقی/کاتالوگ همکاری/همکاری قلاویززن برقی.pdf,,sku_column,c3a78949fa5914ec392dec3f834409278acae15c964853570c21bb883bfc2868,source_id=ast.electric_tapping;normalized_sku=AST-TAPCHUCK19
ASTPOWER,AST-TAPCHUCK31,3,ast_supplier_enumerator,/home/shebahati/KaZar/Product and Data Complete/آذرصنعت/AST Power/قلاویززن برقی/کاتالوگ همکاری/همکاری قلاویززن برقی.pdf,,sku_column,c3a78949fa5914ec392dec3f834409278acae15c964853570c21bb883bfc2868,source_id=ast.electric_tapping;normalized_sku=AST-TAPCHUCK31
ASTPOWER,AST-TRM10,3,ast_supplier_enumerator,/home/shebahati/KaZar/Product and Data Complete/آذرصنعت/AST Power/قلاویززن برقی/کاتالوگ همکاری/همکاری قلاویززن برقی.pdf,,sku_column,c3a78949fa5914ec392dec3f834409278acae15c964853570c21bb883bfc2868,source_id=ast.electric_tapping;normalized_sku=AST-TRM10
ASTPOWER,AST-TRM12,3,ast_supplier_enumerator,/home/shebahati/KaZar/Product and Data Complete/آذرصنعت/AST Power/قلاویززن برقی/کاتالوگ همکاری/همکاری قلاویززن برقی.pdf,,sku_column,c3a78949fa5914ec392dec3f834409278acae15c964853570c21bb883bfc2868,source_id=ast.electric_tapping;normalized_sku=AST-TRM12
ASTPOWER,AST-TRM16,3,ast_supplier_enumerator,/home/shebahati/KaZar/Product and Data Complete/آذرصنعت/AST Power/قلاویززن برقی/کاتالوگ همکاری/همکاری قلاویززن برقی.pdf,,sku_column,c3a78949fa5914ec392dec3f834409278acae15c964853570c21bb883bfc2868,source_id=ast.electric_tapping;normalized_sku=AST-TRM16
ASTPOWER,AST-TRM24,3,ast_supplier_enumerator,/home/shebahati/KaZar/Product and Data Complete/آذرصنعت/AST Power/قلاویززن برقی/کاتالوگ همکاری/همکاری قلاویززن برقی.pdf,,sku_column,c3a78949fa5914ec392dec3f834409278acae15c964853570c21bb883bfc2868,source_id=ast.electric_tapping;normalized_sku=AST-TRM24
ASTPOWER,AST-TRM36,3,ast_supplier_enumerator,/home/shebahati/KaZar/Product and Data Complete/آذرصنعت/AST Power/قلاویززن برقی/کاتالوگ همکاری/همکاری قلاویززن برقی.pdf,,sku_column,c3a78949fa5914ec392dec3f834409278acae15c964853570c21bb883bfc2868,source_id=ast.electric_tapping;normalized_sku=AST-TRM36
ASTPOWER,AST-TRM48,3,ast_supplier_enumerator,/home/shebahati/KaZar/Product and Data Complete/آذرصنعت/AST Power/قلاویززن برقی/کاتالوگ همکاری/همکاری قلاویززن برقی.pdf,,sku_column,c3a78949fa5914ec392dec3f834409278acae15c964853570c21bb883bfc2868,source_id=ast.electric_tapping;normalized_sku=AST-TRM48
ASTPOWER,ATH2-11.512.5,3,ast_supplier_enumerator,/home/shebahati/KaZar/Product and Data Complete/آذرصنعت/AST Power/مته برگی/همکاری مته برگی.pdf,,sku_column,68d6259fdf67c385b66f274572f952dde445a656dc9c0eae45222fa203c8aad4,source_id=ast.spade;normalized_sku=ATH2-11.512.5
ASTPOWER,ATH2-1317.5,3,ast_supplier_enumerator,/home/shebahati/KaZar/Product and Data Complete/آذرصنعت/AST Power/مته برگی/همکاری مته برگی.pdf,,sku_column,68d6259fdf67c385b66f274572f952dde445a656dc9c0eae45222fa203c8aad4,source_id=ast.spade;normalized_sku=ATH2-1317.5
ASTPOWER,ATH2-9.511,3,ast_supplier_enumerator,/home/shebahati/KaZar/Product and Data Complete/آذرصنعت/AST Power/مته برگی/همکاری مته برگی.pdf,,sku_column,68d6259fdf67c385b66f274572f952dde445a656dc9c0eae45222fa203c8aad4,source_id=ast.spade;normalized_sku=ATH2-9.511
ASTPOWER,ATH3-1824,3,ast_supplier_enumerator,/home/shebahati/KaZar/Product and Data Complete/آذرصنعت/AST Power/مته برگی/همکاری مته برگی.pdf,,sku_column,68d6259fdf67c385b66f274572f952dde445a656dc9c0eae45222fa203c8aad4,source_id=ast.spade;normalized_sku=ATH3-1824
ASTPOWER,ATH4-2535,3,ast_supplier_enumerator,/home/shebahati/KaZar/Product and Data Complete/آذرصنعت/AST Power/مته برگی/همکاری مته برگی.pdf,,sku_column,68d6259fdf67c385b66f274572f952dde445a656dc9c0eae45222fa203c8aad4,source_id=ast.spade;normalized_sku=ATH4-2535
ASTPOWER,ATH4-3647,3,ast_supplier_enumerator,/home/shebahati/KaZar/Product and Data Complete/آذرصنعت/AST Power/مته برگی/همکاری مته برگی.pdf,,sku_column,68d6259fdf67c385b66f274572f952dde445a656dc9c0eae45222fa203c8aad4,source_id=ast.spade;normalized_sku=ATH4-3647
ASTPOWER,ATH5-4865,3,ast_supplier_enumerator,/home/shebahati/KaZar/Product and Data Complete/آذرصنعت/AST Power/مته برگی/همکاری مته برگی.pdf,,sku_column,68d6259fdf67c385b66f274572f952dde445a656dc9c0eae45222fa203c8aad4,source_id=ast.spade;normalized_sku=ATH5-4865
ASTPOWER,ATH5-6488,3,ast_supplier_enumerator,/home/shebahati/KaZar/Product and Data Complete/آذرصنعت/AST Power/مته برگی/همکاری مته برگی.pdf,,sku_column,68d6259fdf67c385b66f274572f952dde445a656dc9c0eae45222fa203c8aad4,source_id=ast.spade;normalized_sku=ATH5-6488
ASTPOWER,ATH5-90114,3,ast_supplier_enumerator,/home/shebahati/KaZar/Product and Data Complete/آذرصنعت/AST Power/مته برگی/همکاری مته برگی.pdf,,sku_column,68d6259fdf67c385b66f274572f952dde445a656dc9c0eae45222fa203c8aad4,source_id=ast.spade;normalized_sku=ATH5-90114
ASTPOWER,D20/11.5-12.5,3,ast_supplier_enumerator,/home/shebahati/KaZar/Product and Data Complete/آذرصنعت/AST Power/مته برگی/همکاری مته برگی.pdf,,sku_column,68d6259fdf67c385b66f274572f952dde445a656dc9c0eae45222fa203c8aad4,source_id=ast.spade;normalized_sku=D20/11.5-12.5
ASTPOWER,D20/13-17.5,3,ast_supplier_enumerator,/home/shebahati/KaZar/Product and Data Complete/آذرصنعت/AST Power/مته برگی/همکاری مته برگی.pdf,,sku_column,68d6259fdf67c385b66f274572f952dde445a656dc9c0eae45222fa203c8aad4,source_id=ast.spade;normalized_sku=D20/13-17.5
ASTPOWER,D20/9.5-11,3,ast_supplier_enumerator,/home/shebahati/KaZar/Product and Data Complete/آذرصنعت/AST Power/مته برگی/همکاری مته برگی.pdf,,sku_column,68d6259fdf67c385b66f274572f952dde445a656dc9c0eae45222fa203c8aad4,source_id=ast.spade;normalized_sku=D20/9.5-11
ASTPOWER,D25/18-24,3,ast_supplier_enumerator,/home/shebahati/KaZar/Product and Data Complete/آذرصنعت/AST Power/مته برگی/همکاری مته برگی.pdf,,sku_column,68d6259fdf67c385b66f274572f952dde445a656dc9c0eae45222fa203c8aad4,source_id=ast.spade;normalized_sku=D25/18-24
ASTPOWER,D32/25-35,3,ast_supplier_enumerator,/home/shebahati/KaZar/Product and Data Complete/آذرصنعت/AST Power/مته برگی/همکاری مته برگی.pdf,,sku_column,68d6259fdf67c385b66f274572f952dde445a656dc9c0eae45222fa203c8aad4,source_id=ast.spade;normalized_sku=D32/25-35
ASTPOWER,D40/36-47,3,ast_supplier_enumerator,/home/shebahati/KaZar/Product and Data Complete/آذرصنعت/AST Power/مته برگی/همکاری مته برگی.pdf,,sku_column,68d6259fdf67c385b66f274572f952dde445a656dc9c0eae45222fa203c8aad4,source_id=ast.spade;normalized_sku=D40/36-47
ASTPOWER,D40/48-65,3,ast_supplier_enumerator,/home/shebahati/KaZar/Product and Data Complete/آذرصنعت/AST Power/مته برگی/همکاری مته برگی.pdf,,sku_column,68d6259fdf67c385b66f274572f952dde445a656dc9c0eae45222fa203c8aad4,source_id=ast.spade;normalized_sku=D40/48-65
DASQUA,1012-0010,2,authorized_supplier_price_list,/home/shebahati/KaZar/Product and Data Complete/اندازه گیری/داسکوا/لیست قیمت داسکوا +10 درصد.pdf,,sku_column,c589df1dc02df10f5405c6b98b5a5970b00db193891be082d7ae8406888478df,source_id=dasqua.price_list;normalized_sku=1012-0010
DASQUA,1012-0030,2,authorized_supplier_price_list,/home/shebahati/KaZar/Product and Data Complete/اندازه گیری/داسکوا/لیست قیمت داسکوا +10 درصد.pdf,,sku_column,c589df1dc02df10f5405c6b98b5a5970b00db193891be082d7ae8406888478df,source_id=dasqua.price_list;normalized_sku=1012-0030
DASQUA,1012-2005,2,authorized_supplier_price_list,/home/shebahati/KaZar/Product and Data Complete/اندازه گیری/داسکوا/لیست قیمت داسکوا +10 درصد.pdf,,sku_column,c589df1dc02df10f5405c6b98b5a5970b00db193891be082d7ae8406888478df,source_id=dasqua.price_list;normalized_sku=1012-2005
DASQUA,1012-2010,2,authorized_supplier_price_list,/home/shebahati/KaZar/Product and Data Complete/اندازه گیری/داسکوا/لیست قیمت داسکوا +10 درصد.pdf,,sku_column,c589df1dc02df10f5405c6b98b5a5970b00db193891be082d7ae8406888478df,source_id=dasqua.price_list;normalized_sku=1012-2010
DASQUA,1012-2010-A,2,authorized_supplier_price_list,/home/shebahati/KaZar/Product and Data Complete/اندازه گیری/داسکوا/لیست قیمت داسکوا +10 درصد.pdf,,sku_column,c589df1dc02df10f5405c6b98b5a5970b00db193891be082d7ae8406888478df,source_id=dasqua.price_list;normalized_sku=1012-2010-A
DASQUA,1012-3010,2,authorized_supplier_price_list,/home/shebahati/KaZar/Product and Data Complete/اندازه گیری/داسکوا/لیست قیمت داسکوا +10 درصد.pdf,,sku_column,c589df1dc02df10f5405c6b98b5a5970b00db193891be082d7ae8406888478df,source_id=dasqua.price_list;normalized_sku=1012-3010
DASQUA,1012-3015,2,authorized_supplier_price_list,/home/shebahati/KaZar/Product and Data Complete/اندازه گیری/داسکوا/لیست قیمت داسکوا +10 درصد.pdf,,sku_column,c589df1dc02df10f5405c6b98b5a5970b00db193891be082d7ae8406888478df,source_id=dasqua.price_list;normalized_sku=1012-3015
DASQUA,1012-3020,2,authorized_supplier_price_list,/home/shebahati/KaZar/Product and Data Complete/اندازه گیری/داسکوا/لیست قیمت داسکوا +10 درصد.pdf,,sku_column,c589df1dc02df10f5405c6b98b5a5970b00db193891be082d7ae8406888478df,source_id=dasqua.price_list;normalized_sku=1012-3020
DASQUA,1021-2005,2,authorized_supplier_price_list,/home/shebahati/KaZar/Product and Data Complete/اندازه گیری/داسکوا/لیست قیمت داسکوا +10 درصد.pdf,,sku_column,c589df1dc02df10f5405c6b98b5a5970b00db193891be082d7ae8406888478df,source_id=dasqua.price_list;normalized_sku=1021-2005
DASQUA,1022-0200,2,authorized_supplier_price_list,/home/shebahati/KaZar/Product and Data Complete/اندازه گیری/داسکوا/لیست قیمت داسکوا +10 درصد.pdf,,sku_column,c589df1dc02df10f5405c6b98b5a5970b00db193891be082d7ae8406888478df,source_id=dasqua.price_list;normalized_sku=1022-0200
DASQUA,1022-0300,2,authorized_supplier_price_list,/home/shebahati/KaZar/Product and Data Complete/اندازه گیری/داسکوا/لیست قیمت داسکوا +10 درصد.pdf,,sku_column,c589df1dc02df10f5405c6b98b5a5970b00db193891be082d7ae8406888478df,source_id=dasqua.price_list;normalized_sku=1022-0300
DASQUA,1022-1010,2,authorized_supplier_price_list,/home/shebahati/KaZar/Product and Data Complete/اندازه گیری/داسکوا/لیست قیمت داسکوا +10 درصد.pdf,,sku_column,c589df1dc02df10f5405c6b98b5a5970b00db193891be082d7ae8406888478df,source_id=dasqua.price_list;normalized_sku=1022-1010
DASQUA,1022-1015,2,authorized_supplier_price_list,/home/shebahati/KaZar/Product and Data Complete/اندازه گیری/داسکوا/لیست قیمت داسکوا +10 درصد.pdf,,sku_column,c589df1dc02df10f5405c6b98b5a5970b00db193891be082d7ae8406888478df,source_id=dasqua.price_list;normalized_sku=1022-1015
DASQUA,1022-4200,2,authorized_supplier_price_list,/home/shebahati/KaZar/Product and Data Complete/اندازه گیری/داسکوا/لیست قیمت داسکوا +10 درصد.pdf,,sku_column,c589df1dc02df10f5405c6b98b5a5970b00db193891be082d7ae8406888478df,source_id=dasqua.price_list;normalized_sku=1022-4200
DASQUA,1022-4250,2,authorized_supplier_price_list,/home/shebahati/KaZar/Product and Data Complete/اندازه گیری/داسکوا/لیست قیمت داسکوا +10 درصد.pdf,,sku_column,c589df1dc02df10f5405c6b98b5a5970b00db193891be082d7ae8406888478df,source_id=dasqua.price_list;normalized_sku=1022-4250
DASQUA,1022-4300,2,authorized_supplier_price_list,/home/shebahati/KaZar/Product and Data Complete/اندازه گیری/داسکوا/لیست قیمت داسکوا +10 درصد.pdf,,sku_column,c589df1dc02df10f5405c6b98b5a5970b00db193891be082d7ae8406888478df,source_id=dasqua.price_list;normalized_sku=1022-4300
DASQUA,1030-2010,2,authorized_supplier_price_list,/home/shebahati/KaZar/Product and Data Complete/اندازه گیری/داسکوا/لیست قیمت داسکوا +10 درصد.pdf,,sku_column,c589df1dc02df10f5405c6b98b5a5970b00db193891be082d7ae8406888478df,source_id=dasqua.price_list;normalized_sku=1030-2010
DASQUA,1030-2030,2,authorized_supplier_price_list,/home/shebahati/KaZar/Product and Data Complete/اندازه گیری/داسکوا/لیست قیمت داسکوا +10 درصد.pdf,,sku_column,c589df1dc02df10f5405c6b98b5a5970b00db193891be082d7ae8406888478df,source_id=dasqua.price_list;normalized_sku=1030-2030
DASQUA,1030-2051,2,authorized_supplier_price_list,/home/shebahati/KaZar/Product and Data Complete/اندازه گیری/داسکوا/لیست قیمت داسکوا +10 درصد.pdf,,sku_column,c589df1dc02df10f5405c6b98b5a5970b00db193891be082d7ae8406888478df,source_id=dasqua.price_list;normalized_sku=1030-2051
DASQUA,1030-2056,2,authorized_supplier_price_list,/home/shebahati/KaZar/Product and Data Complete/اندازه گیری/داسکوا/لیست قیمت داسکوا +10 درصد.pdf,,sku_column,c589df1dc02df10f5405c6b98b5a5970b00db193891be082d7ae8406888478df,source_id=dasqua.price_list;normalized_sku=1030-2056
DASQUA,1030-2061,2,authorized_supplier_price_list,/home/shebahati/KaZar/Product and Data Complete/اندازه گیری/داسکوا/لیست قیمت داسکوا +10 درصد.pdf,,sku_column,c589df1dc02df10f5405c6b98b5a5970b00db193891be082d7ae8406888478df,source_id=dasqua.price_list;normalized_sku=1030-2061
DASQUA,1030-2100,2,authorized_supplier_price_list,/home/shebahati/KaZar/Product and Data Complete/اندازه گیری/داسکوا/لیست قیمت داسکوا +10 درصد.pdf,,sku_column,c589df1dc02df10f5405c6b98b5a5970b00db193891be082d7ae8406888478df,source_id=dasqua.price_list;normalized_sku=1030-2100
DASQUA,1030-2120,2,authorized_supplier_price_list,/home/shebahati/KaZar/Product and Data Complete/اندازه گیری/داسکوا/لیست قیمت داسکوا +10 درصد.pdf,,sku_column,c589df1dc02df10f5405c6b98b5a5970b00db193891be082d7ae8406888478df,source_id=dasqua.price_list;normalized_sku=1030-2120
DASQUA,1031-2005,2,authorized_supplier_price_list,/home/shebahati/KaZar/Product and Data Complete/اندازه گیری/داسکوا/لیست قیمت داسکوا +10 درصد.pdf,,sku_column,c589df1dc02df10f5405c6b98b5a5970b00db193891be082d7ae8406888478df,source_id=dasqua.price_list;normalized_sku=1031-2005
DASQUA,1031-2010,2,authorized_supplier_price_list,/home/shebahati/KaZar/Product and Data Complete/اندازه گیری/داسکوا/لیست قیمت داسکوا +10 درصد.pdf,,sku_column,c589df1dc02df10f5405c6b98b5a5970b00db193891be082d7ae8406888478df,source_id=dasqua.price_list;normalized_sku=1031-2010
DASQUA,1032-0195,2,authorized_supplier_price_list,/home/shebahati/KaZar/Product and Data Complete/اندازه گیری/داسکوا/لیست قیمت داسکوا +10 درصد.pdf,,sku_column,c589df1dc02df10f5405c6b98b5a5970b00db193891be082d7ae8406888478df,source_id=dasqua.price_list;normalized_sku=1032-0195
DASQUA,1032-0200,2,authorized_supplier_price_list,/home/shebahati/KaZar/Product and Data Complete/اندازه گیری/داسکوا/لیست قیمت داسکوا +10 درصد.pdf,,sku_column,c589df1dc02df10f5405c6b98b5a5970b00db193891be082d7ae8406888478df,source_id=dasqua.price_list;normalized_sku=1032-0200
DASQUA,1041-0005,2,authorized_supplier_price_list,/home/shebahati/KaZar/Product and Data Complete/اندازه گیری/داسکوا/لیست قیمت داسکوا +10 درصد.pdf,,sku_column,c589df1dc02df10f5405c6b98b5a5970b00db193891be082d7ae8406888478df,source_id=dasqua.price_list;normalized_sku=1041-0005
DASQUA,1041-0007-A,2,authorized_supplier_price_list,/home/shebahati/KaZar/Product and Data Complete/اندازه گیری/داسکوا/لیست قیمت داسکوا +10 درصد.pdf,,sku_column,c589df1dc02df10f5405c6b98b5a5970b00db193891be082d7ae8406888478df,source_id=dasqua.price_list;normalized_sku=1041-0007-A
DASQUA,1041-0015,2,authorized_supplier_price_list,/home/shebahati/KaZar/Product and Data Complete/اندازه گیری/داسکوا/لیست قیمت داسکوا +10 درصد.pdf,,sku_column,c589df1dc02df10f5405c6b98b5a5970b00db193891be082d7ae8406888478df,source_id=dasqua.price_list;normalized_sku=1041-0015
DASQUA,1041-0105,2,authorized_supplier_price_list,/home/shebahati/KaZar/Product and Data Complete/اندازه گیری/داسکوا/لیست قیمت داسکوا +10 درصد.pdf,,sku_column,c589df1dc02df10f5405c6b98b5a5970b00db193891be082d7ae8406888478df,source_id=dasqua.price_list;normalized_sku=1041-0105
DASQUA,1041-2205,2,authorized_supplier_price_list,/home/shebahati/KaZar/Product and Data Complete/اندازه گیری/داسکوا/لیست قیمت داسکوا +10 درصد.pdf,,sku_column,c589df1dc02df10f5405c6b98b5a5970b00db193891be082d7ae8406888478df,source_id=dasqua.price_list;normalized_sku=1041-2205
DASQUA,1041-2215,2,authorized_supplier_price_list,/home/shebahati/KaZar/Product and Data Complete/اندازه گیری/داسکوا/لیست قیمت داسکوا +10 درصد.pdf,,sku_column,c589df1dc02df10f5405c6b98b5a5970b00db193891be082d7ae8406888478df,source_id=dasqua.price_list;normalized_sku=1041-2215
DASQUA,1051-0005,2,authorized_supplier_price_list,/home/shebahati/KaZar/Product and Data Complete/اندازه گیری/داسکوا/لیست قیمت داسکوا +10 درصد.pdf,,sku_column,c589df1dc02df10f5405c6b98b5a5970b00db193891be082d7ae8406888478df,source_id=dasqua.price_list;normalized_sku=1051-0005
DASQUA,1051-0008,2,authorized_supplier_price_list,/home/shebahati/KaZar/Product and Data Complete/اندازه گیری/داسکوا/لیست قیمت داسکوا +10 درصد.pdf,,sku_column,c589df1dc02df10f5405c6b98b5a5970b00db193891be082d7ae8406888478df,source_id=dasqua.price_list;normalized_sku=1051-0008
DASQUA,1051-0020,2,authorized_supplier_price_list,/home/shebahati/KaZar/Product and Data Complete/اندازه گیری/داسکوا/لیست قیمت داسکوا +10 درصد.pdf,,sku_column,c589df1dc02df10f5405c6b98b5a5970b00db193891be082d7ae8406888478df,source_id=dasqua.price_list;normalized_sku=1051-0020
DASQUA,1051-0025,2,authorized_supplier_price_list,/home/shebahati/KaZar/Product and Data Complete/اندازه گیری/داسکوا/لیست قیمت داسکوا +10 درصد.pdf,,sku_column,c589df1dc02df10f5405c6b98b5a5970b00db193891be082d7ae8406888478df,source_id=dasqua.price_list;normalized_sku=1051-0025
DASQUA,1051-0302,2,authorized_supplier_price_list,/home/shebahati/KaZar/Product and Data Complete/اندازه گیری/داسکوا/لیست قیمت داسکوا +10 درصد.pdf,,sku_column,c589df1dc02df10f5405c6b98b5a5970b00db193891be082d7ae8406888478df,source_id=dasqua.price_list;normalized_sku=1051-0302
DASQUA,1051-0304,2,authorized_supplier_price_list,/home/shebahati/KaZar/Product and Data Complete/اندازه گیری/داسکوا/لیست قیمت داسکوا +10 درصد.pdf,,sku_column,c589df1dc02df10f5405c6b98b5a5970b00db193891be082d7ae8406888478df,source_id=dasqua.price_list;normalized_sku=1051-0304
DASQUA,1051-0312,2,authorized_supplier_price_list,/home/shebahati/KaZar/Product and Data Complete/اندازه گیری/داسکوا/لیست قیمت داسکوا +10 درصد.pdf,,sku_column,c589df1dc02df10f5405c6b98b5a5970b00db193891be082d7ae8406888478df,source_id=dasqua.price_list;normalized_sku=1051-0312
DASQUA,1051-2010,2,authorized_supplier_price_list,/home/shebahati/KaZar/Product and Data Complete/اندازه گیری/داسکوا/لیست قیمت داسکوا +10 درصد.pdf,,sku_column,c589df1dc02df10f5405c6b98b5a5970b00db193891be082d7ae8406888478df,source_id=dasqua.price_list;normalized_sku=1051-2010
DASQUA,1120-3113,2,authorized_supplier_price_list,/home/shebahati/KaZar/Product and Data Complete/اندازه گیری/داسکوا/لیست قیمت داسکوا +10 درصد.pdf,,sku_column,c589df1dc02df10f5405c6b98b5a5970b00db193891be082d7ae8406888478df,source_id=dasqua.price_list;normalized_sku=1120-3113
DASQUA,1120-3115,2,authorized_supplier_price_list,/home/shebahati/KaZar/Product and Data Complete/اندازه گیری/داسکوا/لیست قیمت داسکوا +10 درصد.pdf,,sku_column,c589df1dc02df10f5405c6b98b5a5970b00db193891be082d7ae8406888478df,source_id=dasqua.price_list;normalized_sku=1120-3115
DASQUA,1120-3120,2,authorized_supplier_price_list,/home/shebahati/KaZar/Product and Data Complete/اندازه گیری/داسکوا/لیست قیمت داسکوا +10 درصد.pdf,,sku_column,c589df1dc02df10f5405c6b98b5a5970b00db193891be082d7ae8406888478df,source_id=dasqua.price_list;normalized_sku=1120-3120
DASQUA,1120-3130,2,authorized_supplier_price_list,/home/shebahati/KaZar/Product and Data Complete/اندازه گیری/داسکوا/لیست قیمت داسکوا +10 درصد.pdf,,sku_column,c589df1dc02df10f5405c6b98b5a5970b00db193891be082d7ae8406888478df,source_id=dasqua.price_list;normalized_sku=1120-3130
DASQUA,1122-9001,2,authorized_supplier_price_list,/home/shebahati/KaZar/Product and Data Complete/اندازه گیری/داسکوا/لیست قیمت داسکوا +10 درصد.pdf,,sku_column,c589df1dc02df10f5405c6b98b5a5970b00db193891be082d7ae8406888478df,source_id=dasqua.price_list;normalized_sku=1122-9001
DASQUA,1305-0002,2,authorized_supplier_price_list,/home/shebahati/KaZar/Product and Data Complete/اندازه گیری/داسکوا/لیست قیمت داسکوا +10 درصد.pdf,,sku_column,c589df1dc02df10f5405c6b98b5a5970b00db193891be082d7ae8406888478df,source_id=dasqua.price_list;normalized_sku=1305-0002
DASQUA,1305-0003,2,authorized_supplier_price_list,/home/shebahati/KaZar/Product and Data Complete/اندازه گیری/داسکوا/لیست قیمت داسکوا +10 درصد.pdf,,sku_column,c589df1dc02df10f5405c6b98b5a5970b00db193891be082d7ae8406888478df,source_id=dasqua.price_list;normalized_sku=1305-0003
DASQUA,1305-0010,2,authorized_supplier_price_list,/home/shebahati/KaZar/Product and Data Complete/اندازه گیری/داسکوا/لیست قیمت داسکوا +10 درصد.pdf,,sku_column,c589df1dc02df10f5405c6b98b5a5970b00db193891be082d7ae8406888478df,source_id=dasqua.price_list;normalized_sku=1305-0010
DASQUA,1305-0025,2,authorized_supplier_price_list,/home/shebahati/KaZar/Product and Data Complete/اندازه گیری/داسکوا/لیست قیمت داسکوا +10 درصد.pdf,,sku_column,c589df1dc02df10f5405c6b98b5a5970b00db193891be082d7ae8406888478df,source_id=dasqua.price_list;normalized_sku=1305-0025
DASQUA,1310-0004,2,authorized_supplier_price_list,/home/shebahati/KaZar/Product and Data Complete/اندازه گیری/داسکوا/لیست قیمت داسکوا +10 درصد.pdf,,sku_column,c589df1dc02df10f5405c6b98b5a5970b00db193891be082d7ae8406888478df,source_id=dasqua.price_list;normalized_sku=1310-0004
DASQUA,1310-0005,2,authorized_supplier_price_list,/home/shebahati/KaZar/Product and Data Complete/اندازه گیری/داسکوا/لیست قیمت داسکوا +10 درصد.pdf,,sku_column,c589df1dc02df10f5405c6b98b5a5970b00db193891be082d7ae8406888478df,source_id=dasqua.price_list;normalized_sku=1310-0005
DASQUA,1310-0006,2,authorized_supplier_price_list,/home/shebahati/KaZar/Product and Data Complete/اندازه گیری/داسکوا/لیست قیمت داسکوا +10 درصد.pdf,,sku_column,c589df1dc02df10f5405c6b98b5a5970b00db193891be082d7ae8406888478df,source_id=dasqua.price_list;normalized_sku=1310-0006
DASQUA,1310-0007,2,authorized_supplier_price_list,/home/shebahati/KaZar/Product and Data Complete/اندازه گیری/داسکوا/لیست قیمت داسکوا +10 درصد.pdf,,sku_column,c589df1dc02df10f5405c6b98b5a5970b00db193891be082d7ae8406888478df,source_id=dasqua.price_list;normalized_sku=1310-0007
DASQUA,1310-0008,2,authorized_supplier_price_list,/home/shebahati/KaZar/Product and Data Complete/اندازه گیری/داسکوا/لیست قیمت داسکوا +10 درصد.pdf,,sku_column,c589df1dc02df10f5405c6b98b5a5970b00db193891be082d7ae8406888478df,source_id=dasqua.price_list;normalized_sku=1310-0008
DASQUA,1310-0009,2,authorized_supplier_price_list,/home/shebahati/KaZar/Product and Data Complete/اندازه گیری/داسکوا/لیست قیمت داسکوا +10 درصد.pdf,,sku_column,c589df1dc02df10f5405c6b98b5a5970b00db193891be082d7ae8406888478df,source_id=dasqua.price_list;normalized_sku=1310-0009
DASQUA,1310-0010,2,authorized_supplier_price_list,/home/shebahati/KaZar/Product and Data Complete/اندازه گیری/داسکوا/لیست قیمت داسکوا +10 درصد.pdf,,sku_column,c589df1dc02df10f5405c6b98b5a5970b00db193891be082d7ae8406888478df,source_id=dasqua.price_list;normalized_sku=1310-0010
DASQUA,1310-0011,2,authorized_supplier_price_list,/home/shebahati/KaZar/Product and Data Complete/اندازه گیری/داسکوا/لیست قیمت داسکوا +10 درصد.pdf,,sku_column,c589df1dc02df10f5405c6b98b5a5970b00db193891be082d7ae8406888478df,source_id=dasqua.price_list;normalized_sku=1310-0011
DASQUA,1310-0012,2,authorized_supplier_price_list,/home/shebahati/KaZar/Product and Data Complete/اندازه گیری/داسکوا/لیست قیمت داسکوا +10 درصد.pdf,,sku_column,c589df1dc02df10f5405c6b98b5a5970b00db193891be082d7ae8406888478df,source_id=dasqua.price_list;normalized_sku=1310-0012
DASQUA,1310-0015,2,authorized_supplier_price_list,/home/shebahati/KaZar/Product and Data Complete/اندازه گیری/داسکوا/لیست قیمت داسکوا +10 درصد.pdf,,sku_column,c589df1dc02df10f5405c6b98b5a5970b00db193891be082d7ae8406888478df,source_id=dasqua.price_list;normalized_sku=1310-0015
DASQUA,1310-0016,2,authorized_supplier_price_list,/home/shebahati/KaZar/Product and Data Complete/اندازه گیری/داسکوا/لیست قیمت داسکوا +10 درصد.pdf,,sku_column,c589df1dc02df10f5405c6b98b5a5970b00db193891be082d7ae8406888478df,source_id=dasqua.price_list;normalized_sku=1310-0016
DASQUA,1310-0017,2,authorized_supplier_price_list,/home/shebahati/KaZar/Product and Data Complete/اندازه گیری/داسکوا/لیست قیمت داسکوا +10 درصد.pdf,,sku_column,c589df1dc02df10f5405c6b98b5a5970b00db193891be082d7ae8406888478df,source_id=dasqua.price_list;normalized_sku=1310-0017
DASQUA,1310-0021,2,authorized_supplier_price_list,/home/shebahati/KaZar/Product and Data Complete/اندازه گیری/داسکوا/لیست قیمت داسکوا +10 درصد.pdf,,sku_column,c589df1dc02df10f5405c6b98b5a5970b00db193891be082d7ae8406888478df,source_id=dasqua.price_list;normalized_sku=1310-0021
DASQUA,1310-0025,2,authorized_supplier_price_list,/home/shebahati/KaZar/Product and Data Complete/اندازه گیری/داسکوا/لیست قیمت داسکوا +10 درصد.pdf,,sku_column,c589df1dc02df10f5405c6b98b5a5970b00db193891be082d7ae8406888478df,source_id=dasqua.price_list;normalized_sku=1310-0025
DASQUA,1310-0030,2,authorized_supplier_price_list,/home/shebahati/KaZar/Product and Data Complete/اندازه گیری/داسکوا/لیست قیمت داسکوا +10 درصد.pdf,,sku_column,c589df1dc02df10f5405c6b98b5a5970b00db193891be082d7ae8406888478df,source_id=dasqua.price_list;normalized_sku=1310-0030
DASQUA,1310-0031,2,authorized_supplier_price_list,/home/shebahati/KaZar/Product and Data Complete/اندازه گیری/داسکوا/لیست قیمت داسکوا +10 درصد.pdf,,sku_column,c589df1dc02df10f5405c6b98b5a5970b00db193891be082d7ae8406888478df,source_id=dasqua.price_list;normalized_sku=1310-0031
DASQUA,1310-0041,2,authorized_supplier_price_list,/home/shebahati/KaZar/Product and Data Complete/اندازه گیری/داسکوا/لیست قیمت داسکوا +10 درصد.pdf,,sku_column,c589df1dc02df10f5405c6b98b5a5970b00db193891be082d7ae8406888478df,source_id=dasqua.price_list;normalized_sku=1310-0041
DASQUA,1310-0042,2,authorized_supplier_price_list,/home/shebahati/KaZar/Product and Data Complete/اندازه گیری/داسکوا/لیست قیمت داسکوا +10 درصد.pdf,,sku_column,c589df1dc02df10f5405c6b98b5a5970b00db193891be082d7ae8406888478df,source_id=dasqua.price_list;normalized_sku=1310-0042
DASQUA,1310-0043,2,authorized_supplier_price_list,/home/shebahati/KaZar/Product and Data Complete/اندازه گیری/داسکوا/لیست قیمت داسکوا +10 درصد.pdf,,sku_column,c589df1dc02df10f5405c6b98b5a5970b00db193891be082d7ae8406888478df,source_id=dasqua.price_list;normalized_sku=1310-0043
DASQUA,1310-0044,2,authorized_supplier_price_list,/home/shebahati/KaZar/Product and Data Complete/اندازه گیری/داسکوا/لیست قیمت داسکوا +10 درصد.pdf,,sku_column,c589df1dc02df10f5405c6b98b5a5970b00db193891be082d7ae8406888478df,source_id=dasqua.price_list;normalized_sku=1310-0044
DASQUA,1310-0055,2,authorized_supplier_price_list,/home/shebahati/KaZar/Product and Data Complete/اندازه گیری/داسکوا/لیست قیمت داسکوا +10 درصد.pdf,,sku_column,c589df1dc02df10f5405c6b98b5a5970b00db193891be082d7ae8406888478df,source_id=dasqua.price_list;normalized_sku=1310-0055
DASQUA,1310-0060,2,authorized_supplier_price_list,/home/shebahati/KaZar/Product and Data Complete/اندازه گیری/داسکوا/لیست قیمت داسکوا +10 درصد.pdf,,sku_column,c589df1dc02df10f5405c6b98b5a5970b00db193891be082d7ae8406888478df,source_id=dasqua.price_list;normalized_sku=1310-0060
DASQUA,1310-0090,2,authorized_supplier_price_list,/home/shebahati/KaZar/Product and Data Complete/اندازه گیری/داسکوا/لیست قیمت داسکوا +10 درصد.pdf,,sku_column,c589df1dc02df10f5405c6b98b5a5970b00db193891be082d7ae8406888478df,source_id=dasqua.price_list;normalized_sku=1310-0090
DASQUA,1310-0095,2,authorized_supplier_price_list,/home/shebahati/KaZar/Product and Data Complete/اندازه گیری/داسکوا/لیست قیمت داسکوا +10 درصد.pdf,,sku_column,c589df1dc02df10f5405c6b98b5a5970b00db193891be082d7ae8406888478df,source_id=dasqua.price_list;normalized_sku=1310-0095
DASQUA,1310-0100,2,authorized_supplier_price_list,/home/shebahati/KaZar/Product and Data Complete/اندازه گیری/داسکوا/لیست قیمت داسکوا +10 درصد.pdf,,sku_column,c589df1dc02df10f5405c6b98b5a5970b00db193891be082d7ae8406888478df,source_id=dasqua.price_list;normalized_sku=1310-0100
DASQUA,1331-2115,2,authorized_supplier_price_list,/home/shebahati/KaZar/Product and Data Complete/اندازه گیری/داسکوا/لیست قیمت داسکوا +10 درصد.pdf,,sku_column,c589df1dc02df10f5405c6b98b5a5970b00db193891be082d7ae8406888478df,source_id=dasqua.price_list;normalized_sku=1331-2115
DASQUA,1331-2120,2,authorized_supplier_price_list,/home/shebahati/KaZar/Product and Data Complete/اندازه گیری/داسکوا/لیست قیمت داسکوا +10 درصد.pdf,,sku_column,c589df1dc02df10f5405c6b98b5a5970b00db193891be082d7ae8406888478df,source_id=dasqua.price_list;normalized_sku=1331-2120
DASQUA,1331-2130,2,authorized_supplier_price_list,/home/shebahati/KaZar/Product and Data Complete/اندازه گیری/داسکوا/لیست قیمت داسکوا +10 درصد.pdf,,sku_column,c589df1dc02df10f5405c6b98b5a5970b00db193891be082d7ae8406888478df,source_id=dasqua.price_list;normalized_sku=1331-2130
DASQUA,1350-5005,2,authorized_supplier_price_list,/home/shebahati/KaZar/Product and Data Complete/اندازه گیری/داسکوا/لیست قیمت داسکوا +10 درصد.pdf,,sku_column,c589df1dc02df10f5405c6b98b5a5970b00db193891be082d7ae8406888478df,source_id=dasqua.price_list;normalized_sku=1350-5005
DASQUA,1350-5010,2,authorized_supplier_price_list,/home/shebahati/KaZar/Product and Data Complete/اندازه گیری/داسکوا/لیست قیمت داسکوا +10 درصد.pdf,,sku_column,c589df1dc02df10f5405c6b98b5a5970b00db193891be082d7ae8406888478df,source_id=dasqua.price_list;normalized_sku=1350-5010
DASQUA,1350-5015,2,authorized_supplier_price_list,/home/shebahati/KaZar/Product and Data Complete/اندازه گیری/داسکوا/لیست قیمت داسکوا +10 درصد.pdf,,sku_column,c589df1dc02df10f5405c6b98b5a5970b00db193891be082d7ae8406888478df,source_id=dasqua.price_list;normalized_sku=1350-5015
DASQUA,1351-0005,2,authorized_supplier_price_list,/home/shebahati/KaZar/Product and Data Complete/اندازه گیری/داسکوا/لیست قیمت داسکوا +10 درصد.pdf,,sku_column,c589df1dc02df10f5405c6b98b5a5970b00db193891be082d7ae8406888478df,source_id=dasqua.price_list;normalized_sku=1351-0005
DASQUA,1351-0010,2,authorized_supplier_price_list,/home/shebahati/KaZar/Product and Data Complete/اندازه گیری/داسکوا/لیست قیمت داسکوا +10 درصد.pdf,,sku_column,c589df1dc02df10f5405c6b98b5a5970b00db193891be082d7ae8406888478df,source_id=dasqua.price_list;normalized_sku=1351-0010
DASQUA,1351-0015,2,authorized_supplier_price_list,/home/shebahati/KaZar/Product and Data Complete/اندازه گیری/داسکوا/لیست قیمت داسکوا +10 درصد.pdf,,sku_column,c589df1dc02df10f5405c6b98b5a5970b00db193891be082d7ae8406888478df,source_id=dasqua.price_list;normalized_sku=1351-0015
DASQUA,1352-2010,2,authorized_supplier_price_list,/home/shebahati/KaZar/Product and Data Complete/اندازه گیری/داسکوا/لیست قیمت داسکوا +10 درصد.pdf,,sku_column,c589df1dc02df10f5405c6b98b5a5970b00db193891be082d7ae8406888478df,source_id=dasqua.price_list;normalized_sku=1352-2010
DASQUA,1380-3004,2,authorized_supplier_price_list,/home/shebahati/KaZar/Product and Data Complete/اندازه گیری/داسکوا/لیست قیمت داسکوا +10 درصد.pdf,,sku_column,c589df1dc02df10f5405c6b98b5a5970b00db193891be082d7ae8406888478df,source_id=dasqua.price_list;normalized_sku=1380-3004
DASQUA,1380-3005,2,authorized_supplier_price_list,/home/shebahati/KaZar/Product and Data Complete/اندازه گیری/داسکوا/لیست قیمت داسکوا +10 درصد.pdf,,sku_column,c589df1dc02df10f5405c6b98b5a5970b00db193891be082d7ae8406888478df,source_id=dasqua.price_list;normalized_sku=1380-3005
DASQUA,1380-3010,2,authorized_supplier_price_list,/home/shebahati/KaZar/Product and Data Complete/اندازه گیری/داسکوا/لیست قیمت داسکوا +10 درصد.pdf,,sku_column,c589df1dc02df10f5405c6b98b5a5970b00db193891be082d7ae8406888478df,source_id=dasqua.price_list;normalized_sku=1380-3010
DASQUA,1380-3015,2,authorized_supplier_price_list,/home/shebahati/KaZar/Product and Data Complete/اندازه گیری/داسکوا/لیست قیمت داسکوا +10 درصد.pdf,,sku_column,c589df1dc02df10f5405c6b98b5a5970b00db193891be082d7ae8406888478df,source_id=dasqua.price_list;normalized_sku=1380-3015
DASQUA,1500-1052,2,authorized_supplier_price_list,/home/shebahati/KaZar/Product and Data Complete/اندازه گیری/داسکوا/لیست قیمت داسکوا +10 درصد.pdf,,sku_column,c589df1dc02df10f5405c6b98b5a5970b00db193891be082d7ae8406888478df,source_id=dasqua.price_list;normalized_sku=1500-1052
DASQUA,1620-0100,2,authorized_supplier_price_list,/home/shebahati/KaZar/Product and Data Complete/اندازه گیری/داسکوا/لیست قیمت داسکوا +10 درصد.pdf,,sku_column,c589df1dc02df10f5405c6b98b5a5970b00db193891be082d7ae8406888478df,source_id=dasqua.price_list;normalized_sku=1620-0100
DASQUA,1620-0101,2,authorized_supplier_price_list,/home/shebahati/KaZar/Product and Data Complete/اندازه گیری/داسکوا/لیست قیمت داسکوا +10 درصد.pdf,,sku_column,c589df1dc02df10f5405c6b98b5a5970b00db193891be082d7ae8406888478df,source_id=dasqua.price_list;normalized_sku=1620-0101
DASQUA,1704-0005-A,2,authorized_supplier_price_list,/home/shebahati/KaZar/Product and Data Complete/اندازه گیری/داسکوا/لیست قیمت داسکوا +10 درصد.pdf,,sku_column,c589df1dc02df10f5405c6b98b5a5970b00db193891be082d7ae8406888478df,source_id=dasqua.price_list;normalized_sku=1704-0005-A
DASQUA,1704-0015-A,2,authorized_supplier_price_list,/home/shebahati/KaZar/Product and Data Complete/اندازه گیری/داسکوا/لیست قیمت داسکوا +10 درصد.pdf,,sku_column,c589df1dc02df10f5405c6b98b5a5970b00db193891be082d7ae8406888478df,source_id=dasqua.price_list;normalized_sku=1704-0015-A
DASQUA,1704-0020-A,2,authorized_supplier_price_list,/home/shebahati/KaZar/Product and Data Complete/اندازه گیری/داسکوا/لیست قیمت داسکوا +10 درصد.pdf,,sku_column,c589df1dc02df10f5405c6b98b5a5970b00db193891be082d7ae8406888478df,source_id=dasqua.price_list;normalized_sku=1704-0020-A
DASQUA,1704-0025-A,2,authorized_supplier_price_list,/home/shebahati/KaZar/Product and Data Complete/اندازه گیری/داسکوا/لیست قیمت داسکوا +10 درصد.pdf,,sku_column,c589df1dc02df10f5405c6b98b5a5970b00db193891be082d7ae8406888478df,source_id=dasqua.price_list;normalized_sku=1704-0025-A
DASQUA,1704-0030-A,2,authorized_supplier_price_list,/home/shebahati/KaZar/Product and Data Complete/اندازه گیری/داسکوا/لیست قیمت داسکوا +10 درصد.pdf,,sku_column,c589df1dc02df10f5405c6b98b5a5970b00db193891be082d7ae8406888478df,source_id=dasqua.price_list;normalized_sku=1704-0030-A
DASQUA,1704-0035-A,2,authorized_supplier_price_list,/home/shebahati/KaZar/Product and Data Complete/اندازه گیری/داسکوا/لیست قیمت داسکوا +10 درصد.pdf,,sku_column,c589df1dc02df10f5405c6b98b5a5970b00db193891be082d7ae8406888478df,source_id=dasqua.price_list;normalized_sku=1704-0035-A
DASQUA,1704-0040-A,2,authorized_supplier_price_list,/home/shebahati/KaZar/Product and Data Complete/اندازه گیری/داسکوا/لیست قیمت داسکوا +10 درصد.pdf,,sku_column,c589df1dc02df10f5405c6b98b5a5970b00db193891be082d7ae8406888478df,source_id=dasqua.price_list;normalized_sku=1704-0040-A
DASQUA,1704-0045-A,2,authorized_supplier_price_list,/home/shebahati/KaZar/Product and Data Complete/اندازه گیری/داسکوا/لیست قیمت داسکوا +10 درصد.pdf,,sku_column,c589df1dc02df10f5405c6b98b5a5970b00db193891be082d7ae8406888478df,source_id=dasqua.price_list;normalized_sku=1704-0045-A
DASQUA,1732-0035,2,authorized_supplier_price_list,/home/shebahati/KaZar/Product and Data Complete/اندازه گیری/داسکوا/لیست قیمت داسکوا +10 درصد.pdf,,sku_column,c589df1dc02df10f5405c6b98b5a5970b00db193891be082d7ae8406888478df,source_id=dasqua.price_list;normalized_sku=1732-0035
DASQUA,1801-1005,2,authorized_supplier_price_list,/home/shebahati/KaZar/Product and Data Complete/اندازه گیری/داسکوا/لیست قیمت داسکوا +10 درصد.pdf,,sku_column,c589df1dc02df10f5405c6b98b5a5970b00db193891be082d7ae8406888478df,source_id=dasqua.price_list;normalized_sku=1801-1005
DASQUA,1801-2005,2,authorized_supplier_price_list,/home/shebahati/KaZar/Product and Data Complete/اندازه گیری/داسکوا/لیست قیمت داسکوا +10 درصد.pdf,,sku_column,c589df1dc02df10f5405c6b98b5a5970b00db193891be082d7ae8406888478df,source_id=dasqua.price_list;normalized_sku=1801-2005
DASQUA,1803-2110,2,authorized_supplier_price_list,/home/shebahati/KaZar/Product and Data Complete/اندازه گیری/داسکوا/لیست قیمت داسکوا +10 درصد.pdf,,sku_column,c589df1dc02df10f5405c6b98b5a5970b00db193891be082d7ae8406888478df,source_id=dasqua.price_list;normalized_sku=1803-2110
DASQUA,1803-4111,2,authorized_supplier_price_list,/home/shebahati/KaZar/Product and Data Complete/اندازه گیری/داسکوا/لیست قیمت داسکوا +10 درصد.pdf,,sku_column,c589df1dc02df10f5405c6b98b5a5970b00db193891be082d7ae8406888478df,source_id=dasqua.price_list;normalized_sku=1803-4111
DASQUA,1803-4112,2,authorized_supplier_price_list,/home/shebahati/KaZar/Product and Data Complete/اندازه گیری/داسکوا/لیست قیمت داسکوا +10 درصد.pdf,,sku_column,c589df1dc02df10f5405c6b98b5a5970b00db193891be082d7ae8406888478df,source_id=dasqua.price_list;normalized_sku=1803-4112
DASQUA,1803-4113,2,authorized_supplier_price_list,/home/shebahati/KaZar/Product and Data Complete/اندازه گیری/داسکوا/لیست قیمت داسکوا +10 درصد.pdf,,sku_column,c589df1dc02df10f5405c6b98b5a5970b00db193891be082d7ae8406888478df,source_id=dasqua.price_list;normalized_sku=1803-4113
DASQUA,1803-4114,2,authorized_supplier_price_list,/home/shebahati/KaZar/Product and Data Complete/اندازه گیری/داسکوا/لیست قیمت داسکوا +10 درصد.pdf,,sku_column,c589df1dc02df10f5405c6b98b5a5970b00db193891be082d7ae8406888478df,source_id=dasqua.price_list;normalized_sku=1803-4114
DASQUA,1803-4115,2,authorized_supplier_price_list,/home/shebahati/KaZar/Product and Data Complete/اندازه گیری/داسکوا/لیست قیمت داسکوا +10 درصد.pdf,,sku_column,c589df1dc02df10f5405c6b98b5a5970b00db193891be082d7ae8406888478df,source_id=dasqua.price_list;normalized_sku=1803-4115
DASQUA,1803-4116,2,authorized_supplier_price_list,/home/shebahati/KaZar/Product and Data Complete/اندازه گیری/داسکوا/لیست قیمت داسکوا +10 درصد.pdf,,sku_column,c589df1dc02df10f5405c6b98b5a5970b00db193891be082d7ae8406888478df,source_id=dasqua.price_list;normalized_sku=1803-4116
DASQUA,1803-4117,2,authorized_supplier_price_list,/home/shebahati/KaZar/Product and Data Complete/اندازه گیری/داسکوا/لیست قیمت داسکوا +10 درصد.pdf,,sku_column,c589df1dc02df10f5405c6b98b5a5970b00db193891be082d7ae8406888478df,source_id=dasqua.price_list;normalized_sku=1803-4117
DASQUA,1803-4118,2,authorized_supplier_price_list,/home/shebahati/KaZar/Product and Data Complete/اندازه گیری/داسکوا/لیست قیمت داسکوا +10 درصد.pdf,,sku_column,c589df1dc02df10f5405c6b98b5a5970b00db193891be082d7ae8406888478df,source_id=dasqua.price_list;normalized_sku=1803-4118
DASQUA,1803-4119,2,authorized_supplier_price_list,/home/shebahati/KaZar/Product and Data Complete/اندازه گیری/داسکوا/لیست قیمت داسکوا +10 درصد.pdf,,sku_column,c589df1dc02df10f5405c6b98b5a5970b00db193891be082d7ae8406888478df,source_id=dasqua.price_list;normalized_sku=1803-4119
DASQUA,1803-4120,2,authorized_supplier_price_list,/home/shebahati/KaZar/Product and Data Complete/اندازه گیری/داسکوا/لیست قیمت داسکوا +10 درصد.pdf,,sku_column,c589df1dc02df10f5405c6b98b5a5970b00db193891be082d7ae8406888478df,source_id=dasqua.price_list;normalized_sku=1803-4120
DASQUA,1803-4121,2,authorized_supplier_price_list,/home/shebahati/KaZar/Product and Data Complete/اندازه گیری/داسکوا/لیست قیمت داسکوا +10 درصد.pdf,,sku_column,c589df1dc02df10f5405c6b98b5a5970b00db193891be082d7ae8406888478df,source_id=dasqua.price_list;normalized_sku=1803-4121
DASQUA,1803-4122,2,authorized_supplier_price_list,/home/shebahati/KaZar/Product and Data Complete/اندازه گیری/داسکوا/لیست قیمت داسکوا +10 درصد.pdf,,sku_column,c589df1dc02df10f5405c6b98b5a5970b00db193891be082d7ae8406888478df,source_id=dasqua.price_list;normalized_sku=1803-4122
DASQUA,1803-4123,2,authorized_supplier_price_list,/home/shebahati/KaZar/Product and Data Complete/اندازه گیری/داسکوا/لیست قیمت داسکوا +10 درصد.pdf,,sku_column,c589df1dc02df10f5405c6b98b5a5970b00db193891be082d7ae8406888478df,source_id=dasqua.price_list;normalized_sku=1803-4123
DASQUA,1803-4124,2,authorized_supplier_price_list,/home/shebahati/KaZar/Product and Data Complete/اندازه گیری/داسکوا/لیست قیمت داسکوا +10 درصد.pdf,,sku_column,c589df1dc02df10f5405c6b98b5a5970b00db193891be082d7ae8406888478df,source_id=dasqua.price_list;normalized_sku=1803-4124
DASQUA,1803-4125,2,authorized_supplier_price_list,/home/shebahati/KaZar/Product and Data Complete/اندازه گیری/داسکوا/لیست قیمت داسکوا +10 درصد.pdf,,sku_column,c589df1dc02df10f5405c6b98b5a5970b00db193891be082d7ae8406888478df,source_id=dasqua.price_list;normalized_sku=1803-4125
DASQUA,1803-4126,2,authorized_supplier_price_list,/home/shebahati/KaZar/Product and Data Complete/اندازه گیری/داسکوا/لیست قیمت داسکوا +10 درصد.pdf,,sku_column,c589df1dc02df10f5405c6b98b5a5970b00db193891be082d7ae8406888478df,source_id=dasqua.price_list;normalized_sku=1803-4126
DASQUA,1803-4127,2,authorized_supplier_price_list,/home/shebahati/KaZar/Product and Data Complete/اندازه گیری/داسکوا/لیست قیمت داسکوا +10 درصد.pdf,,sku_column,c589df1dc02df10f5405c6b98b5a5970b00db193891be082d7ae8406888478df,source_id=dasqua.price_list;normalized_sku=1803-4127
DASQUA,1803-4128,2,authorized_supplier_price_list,/home/shebahati/KaZar/Product and Data Complete/اندازه گیری/داسکوا/لیست قیمت داسکوا +10 درصد.pdf,,sku_column,c589df1dc02df10f5405c6b98b5a5970b00db193891be082d7ae8406888478df,source_id=dasqua.price_list;normalized_sku=1803-4128
DASQUA,1803-4129,2,authorized_supplier_price_list,/home/shebahati/KaZar/Product and Data Complete/اندازه گیری/داسکوا/لیست قیمت داسکوا +10 درصد.pdf,,sku_column,c589df1dc02df10f5405c6b98b5a5970b00db193891be082d7ae8406888478df,source_id=dasqua.price_list;normalized_sku=1803-4129
DASQUA,1803-4130,2,authorized_supplier_price_list,/home/shebahati/KaZar/Product and Data Complete/اندازه گیری/داسکوا/لیست قیمت داسکوا +10 درصد.pdf,,sku_column,c589df1dc02df10f5405c6b98b5a5970b00db193891be082d7ae8406888478df,source_id=dasqua.price_list;normalized_sku=1803-4130
DASQUA,1803-4131,2,authorized_supplier_price_list,/home/shebahati/KaZar/Product and Data Complete/اندازه گیری/داسکوا/لیست قیمت داسکوا +10 درصد.pdf,,sku_column,c589df1dc02df10f5405c6b98b5a5970b00db193891be082d7ae8406888478df,source_id=dasqua.price_list;normalized_sku=1803-4131
DASQUA,1803-4132,2,authorized_supplier_price_list,/home/shebahati/KaZar/Product and Data Complete/اندازه گیری/داسکوا/لیست قیمت داسکوا +10 درصد.pdf,,sku_column,c589df1dc02df10f5405c6b98b5a5970b00db193891be082d7ae8406888478df,source_id=dasqua.price_list;normalized_sku=1803-4132
DASQUA,1804-0005,2,authorized_supplier_price_list,/home/shebahati/KaZar/Product and Data Complete/اندازه گیری/داسکوا/لیست قیمت داسکوا +10 درصد.pdf,,sku_column,c589df1dc02df10f5405c6b98b5a5970b00db193891be082d7ae8406888478df,source_id=dasqua.price_list;normalized_sku=1804-0005
DASQUA,1804-0008,2,authorized_supplier_price_list,/home/shebahati/KaZar/Product and Data Complete/اندازه گیری/داسکوا/لیست قیمت داسکوا +10 درصد.pdf,,sku_column,c589df1dc02df10f5405c6b98b5a5970b00db193891be082d7ae8406888478df,source_id=dasqua.price_list;normalized_sku=1804-0008
DASQUA,1804-0009,2,authorized_supplier_price_list,/home/shebahati/KaZar/Product and Data Complete/اندازه گیری/داسکوا/لیست قیمت داسکوا +10 درصد.pdf,,sku_column,c589df1dc02df10f5405c6b98b5a5970b00db193891be082d7ae8406888478df,source_id=dasqua.price_list;normalized_sku=1804-0009
DASQUA,1804-0105,2,authorized_supplier_price_list,/home/shebahati/KaZar/Product and Data Complete/اندازه گیری/داسکوا/لیست قیمت داسکوا +10 درصد.pdf,,sku_column,c589df1dc02df10f5405c6b98b5a5970b00db193891be082d7ae8406888478df,source_id=dasqua.price_list;normalized_sku=1804-0105
DASQUA,1804-0110,2,authorized_supplier_price_list,/home/shebahati/KaZar/Product and Data Complete/اندازه گیری/داسکوا/لیست قیمت داسکوا +10 درصد.pdf,,sku_column,c589df1dc02df10f5405c6b98b5a5970b00db193891be082d7ae8406888478df,source_id=dasqua.price_list;normalized_sku=1804-0110
DASQUA,1804-0205,2,authorized_supplier_price_list,/home/shebahati/KaZar/Product and Data Complete/اندازه گیری/داسکوا/لیست قیمت داسکوا +10 درصد.pdf,,sku_column,c589df1dc02df10f5405c6b98b5a5970b00db193891be082d7ae8406888478df,source_id=dasqua.price_list;normalized_sku=1804-0205
DASQUA,1804-0305,2,authorized_supplier_price_list,/home/shebahati/KaZar/Product and Data Complete/اندازه گیری/داسکوا/لیست قیمت داسکوا +10 درصد.pdf,,sku_column,c589df1dc02df10f5405c6b98b5a5970b00db193891be082d7ae8406888478df,source_id=dasqua.price_list;normalized_sku=1804-0305
DASQUA,1804-0308,2,authorized_supplier_price_list,/home/shebahati/KaZar/Product and Data Complete/اندازه گیری/داسکوا/لیست قیمت داسکوا +10 درصد.pdf,,sku_column,c589df1dc02df10f5405c6b98b5a5970b00db193891be082d7ae8406888478df,source_id=dasqua.price_list;normalized_sku=1804-0308
DASQUA,1804-0410,2,authorized_supplier_price_list,/home/shebahati/KaZar/Product and Data Complete/اندازه گیری/داسکوا/لیست قیمت داسکوا +10 درصد.pdf,,sku_column,c589df1dc02df10f5405c6b98b5a5970b00db193891be082d7ae8406888478df,source_id=dasqua.price_list;normalized_sku=1804-0410
DASQUA,1804-0415,2,authorized_supplier_price_list,/home/shebahati/KaZar/Product and Data Complete/اندازه گیری/داسکوا/لیست قیمت داسکوا +10 درصد.pdf,,sku_column,c589df1dc02df10f5405c6b98b5a5970b00db193891be082d7ae8406888478df,source_id=dasqua.price_list;normalized_sku=1804-0415
DASQUA,1804-0420,2,authorized_supplier_price_list,/home/shebahati/KaZar/Product and Data Complete/اندازه گیری/داسکوا/لیست قیمت داسکوا +10 درصد.pdf,,sku_column,c589df1dc02df10f5405c6b98b5a5970b00db193891be082d7ae8406888478df,source_id=dasqua.price_list;normalized_sku=1804-0420
DASQUA,1804-0505,2,authorized_supplier_price_list,/home/shebahati/KaZar/Product and Data Complete/اندازه گیری/داسکوا/لیست قیمت داسکوا +10 درصد.pdf,,sku_column,c589df1dc02df10f5405c6b98b5a5970b00db193891be082d7ae8406888478df,source_id=dasqua.price_list;normalized_sku=1804-0505
DASQUA,1804-0506,2,authorized_supplier_price_list,/home/shebahati/KaZar/Product and Data Complete/اندازه گیری/داسکوا/لیست قیمت داسکوا +10 درصد.pdf,,sku_column,c589df1dc02df10f5405c6b98b5a5970b00db193891be082d7ae8406888478df,source_id=dasqua.price_list;normalized_sku=1804-0506
DASQUA,1804-0610,2,authorized_supplier_price_list,/home/shebahati/KaZar/Product and Data Complete/اندازه گیری/داسکوا/لیست قیمت داسکوا +10 درصد.pdf,,sku_column,c589df1dc02df10f5405c6b98b5a5970b00db193891be082d7ae8406888478df,source_id=dasqua.price_list;normalized_sku=1804-0610
DASQUA,1804-0706,2,authorized_supplier_price_list,/home/shebahati/KaZar/Product and Data Complete/اندازه گیری/داسکوا/لیست قیمت داسکوا +10 درصد.pdf,,sku_column,c589df1dc02df10f5405c6b98b5a5970b00db193891be082d7ae8406888478df,source_id=dasqua.price_list;normalized_sku=1804-0706
DASQUA,1804-0710,2,authorized_supplier_price_list,/home/shebahati/KaZar/Product and Data Complete/اندازه گیری/داسکوا/لیست قیمت داسکوا +10 درصد.pdf,,sku_column,c589df1dc02df10f5405c6b98b5a5970b00db193891be082d7ae8406888478df,source_id=dasqua.price_list;normalized_sku=1804-0710
DASQUA,1804-0805,2,authorized_supplier_price_list,/home/shebahati/KaZar/Product and Data Complete/اندازه گیری/داسکوا/لیست قیمت داسکوا +10 درصد.pdf,,sku_column,c589df1dc02df10f5405c6b98b5a5970b00db193891be082d7ae8406888478df,source_id=dasqua.price_list;normalized_sku=1804-0805
DASQUA,1804-0905,2,authorized_supplier_price_list,/home/shebahati/KaZar/Product and Data Complete/اندازه گیری/داسکوا/لیست قیمت داسکوا +10 درصد.pdf,,sku_column,c589df1dc02df10f5405c6b98b5a5970b00db193891be082d7ae8406888478df,source_id=dasqua.price_list;normalized_sku=1804-0905
DASQUA,1804-0910,2,authorized_supplier_price_list,/home/shebahati/KaZar/Product and Data Complete/اندازه گیری/داسکوا/لیست قیمت داسکوا +10 درصد.pdf,,sku_column,c589df1dc02df10f5405c6b98b5a5970b00db193891be082d7ae8406888478df,source_id=dasqua.price_list;normalized_sku=1804-0910
DASQUA,1804-1005,2,authorized_supplier_price_list,/home/shebahati/KaZar/Product and Data Complete/اندازه گیری/داسکوا/لیست قیمت داسکوا +10 درصد.pdf,,sku_column,c589df1dc02df10f5405c6b98b5a5970b00db193891be082d7ae8406888478df,source_id=dasqua.price_list;normalized_sku=1804-1005
DASQUA,1804-1006,2,authorized_supplier_price_list,/home/shebahati/KaZar/Product and Data Complete/اندازه گیری/داسکوا/لیست قیمت داسکوا +10 درصد.pdf,,sku_column,c589df1dc02df10f5405c6b98b5a5970b00db193891be082d7ae8406888478df,source_id=dasqua.price_list;normalized_sku=1804-1006
DASQUA,1804-1007,2,authorized_supplier_price_list,/home/shebahati/KaZar/Product and Data Complete/اندازه گیری/داسکوا/لیست قیمت داسکوا +10 درصد.pdf,,sku_column,c589df1dc02df10f5405c6b98b5a5970b00db193891be082d7ae8406888478df,source_id=dasqua.price_list;normalized_sku=1804-1007
DASQUA,1804-1010,2,authorized_supplier_price_list,/home/shebahati/KaZar/Product and Data Complete/اندازه گیری/داسکوا/لیست قیمت داسکوا +10 درصد.pdf,,sku_column,c589df1dc02df10f5405c6b98b5a5970b00db193891be082d7ae8406888478df,source_id=dasqua.price_list;normalized_sku=1804-1010
DASQUA,1804-1015,2,authorized_supplier_price_list,/home/shebahati/KaZar/Product and Data Complete/اندازه گیری/داسکوا/لیست قیمت داسکوا +10 درصد.pdf,,sku_column,c589df1dc02df10f5405c6b98b5a5970b00db193891be082d7ae8406888478df,source_id=dasqua.price_list;normalized_sku=1804-1015
DASQUA,1804-1020,2,authorized_supplier_price_list,/home/shebahati/KaZar/Product and Data Complete/اندازه گیری/داسکوا/لیست قیمت داسکوا +10 درصد.pdf,,sku_column,c589df1dc02df10f5405c6b98b5a5970b00db193891be082d7ae8406888478df,source_id=dasqua.price_list;normalized_sku=1804-1020
DASQUA,1804-1025,2,authorized_supplier_price_list,/home/shebahati/KaZar/Product and Data Complete/اندازه گیری/داسکوا/لیست قیمت داسکوا +10 درصد.pdf,,sku_column,c589df1dc02df10f5405c6b98b5a5970b00db193891be082d7ae8406888478df,source_id=dasqua.price_list;normalized_sku=1804-1025
DASQUA,1804-1035,2,authorized_supplier_price_list,/home/shebahati/KaZar/Product and Data Complete/اندازه گیری/داسکوا/لیست قیمت داسکوا +10 درصد.pdf,,sku_column,c589df1dc02df10f5405c6b98b5a5970b00db193891be082d7ae8406888478df,source_id=dasqua.price_list;normalized_sku=1804-1035
DASQUA,1804-1045,2,authorized_supplier_price_list,/home/shebahati/KaZar/Product and Data Complete/اندازه گیری/داسکوا/لیست قیمت داسکوا +10 درصد.pdf,,sku_column,c589df1dc02df10f5405c6b98b5a5970b00db193891be082d7ae8406888478df,source_id=dasqua.price_list;normalized_sku=1804-1045
DASQUA,1804-1061,2,authorized_supplier_price_list,/home/shebahati/KaZar/Product and Data Complete/اندازه گیری/داسکوا/لیست قیمت داسکوا +10 درصد.pdf,,sku_column,c589df1dc02df10f5405c6b98b5a5970b00db193891be082d7ae8406888478df,source_id=dasqua.price_list;normalized_sku=1804-1061
DASQUA,1804-1065,2,authorized_supplier_price_list,/home/shebahati/KaZar/Product and Data Complete/اندازه گیری/داسکوا/لیست قیمت داسکوا +10 درصد.pdf,,sku_column,c589df1dc02df10f5405c6b98b5a5970b00db193891be082d7ae8406888478df,source_id=dasqua.price_list;normalized_sku=1804-1065
DASQUA,1804-1070,2,authorized_supplier_price_list,/home/shebahati/KaZar/Product and Data Complete/اندازه گیری/داسکوا/لیست قیمت داسکوا +10 درصد.pdf,,sku_column,c589df1dc02df10f5405c6b98b5a5970b00db193891be082d7ae8406888478df,source_id=dasqua.price_list;normalized_sku=1804-1070
DASQUA,1804-1075,2,authorized_supplier_price_list,/home/shebahati/KaZar/Product and Data Complete/اندازه گیری/داسکوا/لیست قیمت داسکوا +10 درصد.pdf,,sku_column,c589df1dc02df10f5405c6b98b5a5970b00db193891be082d7ae8406888478df,source_id=dasqua.price_list;normalized_sku=1804-1075
DASQUA,1804-1090,2,authorized_supplier_price_list,/home/shebahati/KaZar/Product and Data Complete/اندازه گیری/داسکوا/لیست قیمت داسکوا +10 درصد.pdf,,sku_column,c589df1dc02df10f5405c6b98b5a5970b00db193891be082d7ae8406888478df,source_id=dasqua.price_list;normalized_sku=1804-1090
DASQUA,1804-1095,2,authorized_supplier_price_list,/home/shebahati/KaZar/Product and Data Complete/اندازه گیری/داسکوا/لیست قیمت داسکوا +10 درصد.pdf,,sku_column,c589df1dc02df10f5405c6b98b5a5970b00db193891be082d7ae8406888478df,source_id=dasqua.price_list;normalized_sku=1804-1095
DASQUA,1804-1100,2,authorized_supplier_price_list,/home/shebahati/KaZar/Product and Data Complete/اندازه گیری/داسکوا/لیست قیمت داسکوا +10 درصد.pdf,,sku_column,c589df1dc02df10f5405c6b98b5a5970b00db193891be082d7ae8406888478df,source_id=dasqua.price_list;normalized_sku=1804-1100
DASQUA,1804-1102,2,authorized_supplier_price_list,/home/shebahati/KaZar/Product and Data Complete/اندازه گیری/داسکوا/لیست قیمت داسکوا +10 درصد.pdf,,sku_column,c589df1dc02df10f5405c6b98b5a5970b00db193891be082d7ae8406888478df,source_id=dasqua.price_list;normalized_sku=1804-1102
DASQUA,1804-1103,2,authorized_supplier_price_list,/home/shebahati/KaZar/Product and Data Complete/اندازه گیری/داسکوا/لیست قیمت داسکوا +10 درصد.pdf,,sku_column,c589df1dc02df10f5405c6b98b5a5970b00db193891be082d7ae8406888478df,source_id=dasqua.price_list;normalized_sku=1804-1103
DASQUA,1804-1104,2,authorized_supplier_price_list,/home/shebahati/KaZar/Product and Data Complete/اندازه گیری/داسکوا/لیست قیمت داسکوا +10 درصد.pdf,,sku_column,c589df1dc02df10f5405c6b98b5a5970b00db193891be082d7ae8406888478df,source_id=dasqua.price_list;normalized_sku=1804-1104
DASQUA,1804-1106,2,authorized_supplier_price_list,/home/shebahati/KaZar/Product and Data Complete/اندازه گیری/داسکوا/لیست قیمت داسکوا +10 درصد.pdf,,sku_column,c589df1dc02df10f5405c6b98b5a5970b00db193891be082d7ae8406888478df,source_id=dasqua.price_list;normalized_sku=1804-1106
DASQUA,1804-1107,2,authorized_supplier_price_list,/home/shebahati/KaZar/Product and Data Complete/اندازه گیری/داسکوا/لیست قیمت داسکوا +10 درصد.pdf,,sku_column,c589df1dc02df10f5405c6b98b5a5970b00db193891be082d7ae8406888478df,source_id=dasqua.price_list;normalized_sku=1804-1107
DASQUA,1804-1115,2,authorized_supplier_price_list,/home/shebahati/KaZar/Product and Data Complete/اندازه گیری/داسکوا/لیست قیمت داسکوا +10 درصد.pdf,,sku_column,c589df1dc02df10f5405c6b98b5a5970b00db193891be082d7ae8406888478df,source_id=dasqua.price_list;normalized_sku=1804-1115
DASQUA,1804-1120,2,authorized_supplier_price_list,/home/shebahati/KaZar/Product and Data Complete/اندازه گیری/داسکوا/لیست قیمت داسکوا +10 درصد.pdf,,sku_column,c589df1dc02df10f5405c6b98b5a5970b00db193891be082d7ae8406888478df,source_id=dasqua.price_list;normalized_sku=1804-1120
DASQUA,1804-1125,2,authorized_supplier_price_list,/home/shebahati/KaZar/Product and Data Complete/اندازه گیری/داسکوا/لیست قیمت داسکوا +10 درصد.pdf,,sku_column,c589df1dc02df10f5405c6b98b5a5970b00db193891be082d7ae8406888478df,source_id=dasqua.price_list;normalized_sku=1804-1125
DASQUA,1804-1130,2,authorized_supplier_price_list,/home/shebahati/KaZar/Product and Data Complete/اندازه گیری/داسکوا/لیست قیمت داسکوا +10 درصد.pdf,,sku_column,c589df1dc02df10f5405c6b98b5a5970b00db193891be082d7ae8406888478df,source_id=dasqua.price_list;normalized_sku=1804-1130
DASQUA,1804-1131,2,authorized_supplier_price_list,/home/shebahati/KaZar/Product and Data Complete/اندازه گیری/داسکوا/لیست قیمت داسکوا +10 درصد.pdf,,sku_column,c589df1dc02df10f5405c6b98b5a5970b00db193891be082d7ae8406888478df,source_id=dasqua.price_list;normalized_sku=1804-1131
DASQUA,1804-1132,2,authorized_supplier_price_list,/home/shebahati/KaZar/Product and Data Complete/اندازه گیری/داسکوا/لیست قیمت داسکوا +10 درصد.pdf,,sku_column,c589df1dc02df10f5405c6b98b5a5970b00db193891be082d7ae8406888478df,source_id=dasqua.price_list;normalized_sku=1804-1132
DASQUA,1804-1133,2,authorized_supplier_price_list,/home/shebahati/KaZar/Product and Data Complete/اندازه گیری/داسکوا/لیست قیمت داسکوا +10 درصد.pdf,,sku_column,c589df1dc02df10f5405c6b98b5a5970b00db193891be082d7ae8406888478df,source_id=dasqua.price_list;normalized_sku=1804-1133
DASQUA,1804-1134,2,authorized_supplier_price_list,/home/shebahati/KaZar/Product and Data Complete/اندازه گیری/داسکوا/لیست قیمت داسکوا +10 درصد.pdf,,sku_column,c589df1dc02df10f5405c6b98b5a5970b00db193891be082d7ae8406888478df,source_id=dasqua.price_list;normalized_sku=1804-1134
DASQUA,1804-1136,2,authorized_supplier_price_list,/home/shebahati/KaZar/Product and Data Complete/اندازه گیری/داسکوا/لیست قیمت داسکوا +10 درصد.pdf,,sku_column,c589df1dc02df10f5405c6b98b5a5970b00db193891be082d7ae8406888478df,source_id=dasqua.price_list;normalized_sku=1804-1136
DASQUA,1804-1165,2,authorized_supplier_price_list,/home/shebahati/KaZar/Product and Data Complete/اندازه گیری/داسکوا/لیست قیمت داسکوا +10 درصد.pdf,,sku_column,c589df1dc02df10f5405c6b98b5a5970b00db193891be082d7ae8406888478df,source_id=dasqua.price_list;normalized_sku=1804-1165
DASQUA,1804-1170,2,authorized_supplier_price_list,/home/shebahati/KaZar/Product and Data Complete/اندازه گیری/داسکوا/لیست قیمت داسکوا +10 درصد.pdf,,sku_column,c589df1dc02df10f5405c6b98b5a5970b00db193891be082d7ae8406888478df,source_id=dasqua.price_list;normalized_sku=1804-1170
DASQUA,1804-1175,2,authorized_supplier_price_list,/home/shebahati/KaZar/Product and Data Complete/اندازه گیری/داسکوا/لیست قیمت داسکوا +10 درصد.pdf,,sku_column,c589df1dc02df10f5405c6b98b5a5970b00db193891be082d7ae8406888478df,source_id=dasqua.price_list;normalized_sku=1804-1175
DASQUA,1804-1180,2,authorized_supplier_price_list,/home/shebahati/KaZar/Product and Data Complete/اندازه گیری/داسکوا/لیست قیمت داسکوا +10 درصد.pdf,,sku_column,c589df1dc02df10f5405c6b98b5a5970b00db193891be082d7ae8406888478df,source_id=dasqua.price_list;normalized_sku=1804-1180
DASQUA,1804-1185,2,authorized_supplier_price_list,/home/shebahati/KaZar/Product and Data Complete/اندازه گیری/داسکوا/لیست قیمت داسکوا +10 درصد.pdf,,sku_column,c589df1dc02df10f5405c6b98b5a5970b00db193891be082d7ae8406888478df,source_id=dasqua.price_list;normalized_sku=1804-1185
DASQUA,1804-1215,2,authorized_supplier_price_list,/home/shebahati/KaZar/Product and Data Complete/اندازه گیری/داسکوا/لیست قیمت داسکوا +10 درصد.pdf,,sku_column,c589df1dc02df10f5405c6b98b5a5970b00db193891be082d7ae8406888478df,source_id=dasqua.price_list;normalized_sku=1804-1215
DASQUA,1804-1405,2,authorized_supplier_price_list,/home/shebahati/KaZar/Product and Data Complete/اندازه گیری/داسکوا/لیست قیمت داسکوا +10 درصد.pdf,,sku_column,c589df1dc02df10f5405c6b98b5a5970b00db193891be082d7ae8406888478df,source_id=dasqua.price_list;normalized_sku=1804-1405
DASQUA,1804-1710,2,authorized_supplier_price_list,/home/shebahati/KaZar/Product and Data Complete/اندازه گیری/داسکوا/لیست قیمت داسکوا +10 درصد.pdf,,sku_column,c589df1dc02df10f5405c6b98b5a5970b00db193891be082d7ae8406888478df,source_id=dasqua.price_list;normalized_sku=1804-1710
DASQUA,1804-2005,2,authorized_supplier_price_list,/home/shebahati/KaZar/Product and Data Complete/اندازه گیری/داسکوا/لیست قیمت داسکوا +10 درصد.pdf,,sku_column,c589df1dc02df10f5405c6b98b5a5970b00db193891be082d7ae8406888478df,source_id=dasqua.price_list;normalized_sku=1804-2005
DASQUA,1804-2010,2,authorized_supplier_price_list,/home/shebahati/KaZar/Product and Data Complete/اندازه گیری/داسکوا/لیست قیمت داسکوا +10 درصد.pdf,,sku_column,c589df1dc02df10f5405c6b98b5a5970b00db193891be082d7ae8406888478df,source_id=dasqua.price_list;normalized_sku=1804-2010
DASQUA,1804-2015,2,authorized_supplier_price_list,/home/shebahati/KaZar/Product and Data Complete/اندازه گیری/داسکوا/لیست قیمت داسکوا +10 درصد.pdf,,sku_column,c589df1dc02df10f5405c6b98b5a5970b00db193891be082d7ae8406888478df,source_id=dasqua.price_list;normalized_sku=1804-2015
DASQUA,1804-2405,2,authorized_supplier_price_list,/home/shebahati/KaZar/Product and Data Complete/اندازه گیری/داسکوا/لیست قیمت داسکوا +10 درصد.pdf,,sku_column,c589df1dc02df10f5405c6b98b5a5970b00db193891be082d7ae8406888478df,source_id=dasqua.price_list;normalized_sku=1804-2405
DASQUA,1804-2410,2,authorized_supplier_price_list,/home/shebahati/KaZar/Product and Data Complete/اندازه گیری/داسکوا/لیست قیمت داسکوا +10 درصد.pdf,,sku_column,c589df1dc02df10f5405c6b98b5a5970b00db193891be082d7ae8406888478df,source_id=dasqua.price_list;normalized_sku=1804-2410
DASQUA,1804-2415,2,authorized_supplier_price_list,/home/shebahati/KaZar/Product and Data Complete/اندازه گیری/داسکوا/لیست قیمت داسکوا +10 درصد.pdf,,sku_column,c589df1dc02df10f5405c6b98b5a5970b00db193891be082d7ae8406888478df,source_id=dasqua.price_list;normalized_sku=1804-2415
DASQUA,1804-3607,2,authorized_supplier_price_list,/home/shebahati/KaZar/Product and Data Complete/اندازه گیری/داسکوا/لیست قیمت داسکوا +10 درصد.pdf,,sku_column,c589df1dc02df10f5405c6b98b5a5970b00db193891be082d7ae8406888478df,source_id=dasqua.price_list;normalized_sku=1804-3607
DASQUA,1804-4612,2,authorized_supplier_price_list,/home/shebahati/KaZar/Product and Data Complete/اندازه گیری/داسکوا/لیست قیمت داسکوا +10 درصد.pdf,,sku_column,c589df1dc02df10f5405c6b98b5a5970b00db193891be082d7ae8406888478df,source_id=dasqua.price_list;normalized_sku=1804-4612
DASQUA,1804-4613,2,authorized_supplier_price_list,/home/shebahati/KaZar/Product and Data Complete/اندازه گیری/داسکوا/لیست قیمت داسکوا +10 درصد.pdf,,sku_column,c589df1dc02df10f5405c6b98b5a5970b00db193891be082d7ae8406888478df,source_id=dasqua.price_list;normalized_sku=1804-4613
DASQUA,1804-4617,2,authorized_supplier_price_list,/home/shebahati/KaZar/Product and Data Complete/اندازه گیری/داسکوا/لیست قیمت داسکوا +10 درصد.pdf,,sku_column,c589df1dc02df10f5405c6b98b5a5970b00db193891be082d7ae8406888478df,source_id=dasqua.price_list;normalized_sku=1804-4617
DASQUA,1804-5111,2,authorized_supplier_price_list,/home/shebahati/KaZar/Product and Data Complete/اندازه گیری/داسکوا/لیست قیمت داسکوا +10 درصد.pdf,,sku_column,c589df1dc02df10f5405c6b98b5a5970b00db193891be082d7ae8406888478df,source_id=dasqua.price_list;normalized_sku=1804-5111
DASQUA,1804-5116,2,authorized_supplier_price_list,/home/shebahati/KaZar/Product and Data Complete/اندازه گیری/داسکوا/لیست قیمت داسکوا +10 درصد.pdf,,sku_column,c589df1dc02df10f5405c6b98b5a5970b00db193891be082d7ae8406888478df,source_id=dasqua.price_list;normalized_sku=1804-5116
DASQUA,1804-5221,2,authorized_supplier_price_list,/home/shebahati/KaZar/Product and Data Complete/اندازه گیری/داسکوا/لیست قیمت داسکوا +10 درصد.pdf,,sku_column,c589df1dc02df10f5405c6b98b5a5970b00db193891be082d7ae8406888478df,source_id=dasqua.price_list;normalized_sku=1804-5221
DASQUA,1804-5223,2,authorized_supplier_price_list,/home/shebahati/KaZar/Product and Data Complete/اندازه گیری/داسکوا/لیست قیمت داسکوا +10 درصد.pdf,,sku_column,c589df1dc02df10f5405c6b98b5a5970b00db193891be082d7ae8406888478df,source_id=dasqua.price_list;normalized_sku=1804-5223
DASQUA,1804-5331,2,authorized_supplier_price_list,/home/shebahati/KaZar/Product and Data Complete/اندازه گیری/داسکوا/لیست قیمت داسکوا +10 درصد.pdf,,sku_column,c589df1dc02df10f5405c6b98b5a5970b00db193891be082d7ae8406888478df,source_id=dasqua.price_list;normalized_sku=1804-5331
DASQUA,1804-5336,2,authorized_supplier_price_list,/home/shebahati/KaZar/Product and Data Complete/اندازه گیری/داسکوا/لیست قیمت داسکوا +10 درصد.pdf,,sku_column,c589df1dc02df10f5405c6b98b5a5970b00db193891be082d7ae8406888478df,source_id=dasqua.price_list;normalized_sku=1804-5336
DASQUA,1804-5341,2,authorized_supplier_price_list,/home/shebahati/KaZar/Product and Data Complete/اندازه گیری/داسکوا/لیست قیمت داسکوا +10 درصد.pdf,,sku_column,c589df1dc02df10f5405c6b98b5a5970b00db193891be082d7ae8406888478df,source_id=dasqua.price_list;normalized_sku=1804-5341
DASQUA,1804-5441,2,authorized_supplier_price_list,/home/shebahati/KaZar/Product and Data Complete/اندازه گیری/داسکوا/لیست قیمت داسکوا +10 درصد.pdf,,sku_column,c589df1dc02df10f5405c6b98b5a5970b00db193891be082d7ae8406888478df,source_id=dasqua.price_list;normalized_sku=1804-5441
DASQUA,1804-5551,2,authorized_supplier_price_list,/home/shebahati/KaZar/Product and Data Complete/اندازه گیری/داسکوا/لیست قیمت داسکوا +10 درصد.pdf,,sku_column,c589df1dc02df10f5405c6b98b5a5970b00db193891be082d7ae8406888478df,source_id=dasqua.price_list;normalized_sku=1804-5551
DASQUA,1804-5552,2,authorized_supplier_price_list,/home/shebahati/KaZar/Product and Data Complete/اندازه گیری/داسکوا/لیست قیمت داسکوا +10 درصد.pdf,,sku_column,c589df1dc02df10f5405c6b98b5a5970b00db193891be082d7ae8406888478df,source_id=dasqua.price_list;normalized_sku=1804-5552
DASQUA,1804-5661,2,authorized_supplier_price_list,/home/shebahati/KaZar/Product and Data Complete/اندازه گیری/داسکوا/لیست قیمت داسکوا +10 درصد.pdf,,sku_column,c589df1dc02df10f5405c6b98b5a5970b00db193891be082d7ae8406888478df,source_id=dasqua.price_list;normalized_sku=1804-5661
DASQUA,1804-5771-A,2,authorized_supplier_price_list,/home/shebahati/KaZar/Product and Data Complete/اندازه گیری/داسکوا/لیست قیمت داسکوا +10 درصد.pdf,,sku_column,c589df1dc02df10f5405c6b98b5a5970b00db193891be082d7ae8406888478df,source_id=dasqua.price_list;normalized_sku=1804-5771-A
DASQUA,1804-5772,2,authorized_supplier_price_list,/home/shebahati/KaZar/Product and Data Complete/اندازه گیری/داسکوا/لیست قیمت داسکوا +10 درصد.pdf,,sku_column,c589df1dc02df10f5405c6b98b5a5970b00db193891be082d7ae8406888478df,source_id=dasqua.price_list;normalized_sku=1804-5772
DASQUA,1804-5773-A,2,authorized_supplier_price_list,/home/shebahati/KaZar/Product and Data Complete/اندازه گیری/داسکوا/لیست قیمت داسکوا +10 درصد.pdf,,sku_column,c589df1dc02df10f5405c6b98b5a5970b00db193891be082d7ae8406888478df,source_id=dasqua.price_list;normalized_sku=1804-5773-A
DASQUA,1804-5774,2,authorized_supplier_price_list,/home/shebahati/KaZar/Product and Data Complete/اندازه گیری/داسکوا/لیست قیمت داسکوا +10 درصد.pdf,,sku_column,c589df1dc02df10f5405c6b98b5a5970b00db193891be082d7ae8406888478df,source_id=dasqua.price_list;normalized_sku=1804-5774
DASQUA,1804-5776,2,authorized_supplier_price_list,/home/shebahati/KaZar/Product and Data Complete/اندازه گیری/داسکوا/لیست قیمت داسکوا +10 درصد.pdf,,sku_column,c589df1dc02df10f5405c6b98b5a5970b00db193891be082d7ae8406888478df,source_id=dasqua.price_list;normalized_sku=1804-5776
DASQUA,1804-5778,2,authorized_supplier_price_list,/home/shebahati/KaZar/Product and Data Complete/اندازه گیری/داسکوا/لیست قیمت داسکوا +10 درصد.pdf,,sku_column,c589df1dc02df10f5405c6b98b5a5970b00db193891be082d7ae8406888478df,source_id=dasqua.price_list;normalized_sku=1804-5778
DASQUA,1804-5779-A,2,authorized_supplier_price_list,/home/shebahati/KaZar/Product and Data Complete/اندازه گیری/داسکوا/لیست قیمت داسکوا +10 درصد.pdf,,sku_column,c589df1dc02df10f5405c6b98b5a5970b00db193891be082d7ae8406888478df,source_id=dasqua.price_list;normalized_sku=1804-5779-A
DASQUA,1804-5881,2,authorized_supplier_price_list,/home/shebahati/KaZar/Product and Data Complete/اندازه گیری/داسکوا/لیست قیمت داسکوا +10 درصد.pdf,,sku_column,c589df1dc02df10f5405c6b98b5a5970b00db193891be082d7ae8406888478df,source_id=dasqua.price_list;normalized_sku=1804-5881
DASQUA,1804-5991,2,authorized_supplier_price_list,/home/shebahati/KaZar/Product and Data Complete/اندازه گیری/داسکوا/لیست قیمت داسکوا +10 درصد.pdf,,sku_column,c589df1dc02df10f5405c6b98b5a5970b00db193891be082d7ae8406888478df,source_id=dasqua.price_list;normalized_sku=1804-5991
DASQUA,1804-6111,2,authorized_supplier_price_list,/home/shebahati/KaZar/Product and Data Complete/اندازه گیری/داسکوا/لیست قیمت داسکوا +10 درصد.pdf,,sku_column,c589df1dc02df10f5405c6b98b5a5970b00db193891be082d7ae8406888478df,source_id=dasqua.price_list;normalized_sku=1804-6111
DASQUA,1804-6221,2,authorized_supplier_price_list,/home/shebahati/KaZar/Product and Data Complete/اندازه گیری/داسکوا/لیست قیمت داسکوا +10 درصد.pdf,,sku_column,c589df1dc02df10f5405c6b98b5a5970b00db193891be082d7ae8406888478df,source_id=dasqua.price_list;normalized_sku=1804-6221
DASQUA,1804-6302,2,authorized_supplier_price_list,/home/shebahati/KaZar/Product and Data Complete/اندازه گیری/داسکوا/لیست قیمت داسکوا +10 درصد.pdf,,sku_column,c589df1dc02df10f5405c6b98b5a5970b00db193891be082d7ae8406888478df,source_id=dasqua.price_list;normalized_sku=1804-6302
DASQUA,1804-6310,2,authorized_supplier_price_list,/home/shebahati/KaZar/Product and Data Complete/اندازه گیری/داسکوا/لیست قیمت داسکوا +10 درصد.pdf,,sku_column,c589df1dc02df10f5405c6b98b5a5970b00db193891be082d7ae8406888478df,source_id=dasqua.price_list;normalized_sku=1804-6310
DASQUA,1804-6331,2,authorized_supplier_price_list,/home/shebahati/KaZar/Product and Data Complete/اندازه گیری/داسکوا/لیست قیمت داسکوا +10 درصد.pdf,,sku_column,c589df1dc02df10f5405c6b98b5a5970b00db193891be082d7ae8406888478df,source_id=dasqua.price_list;normalized_sku=1804-6331
DASQUA,1804-6551,2,authorized_supplier_price_list,/home/shebahati/KaZar/Product and Data Complete/اندازه گیری/داسکوا/لیست قیمت داسکوا +10 درصد.pdf,,sku_column,c589df1dc02df10f5405c6b98b5a5970b00db193891be082d7ae8406888478df,source_id=dasqua.price_list;normalized_sku=1804-6551
DASQUA,1804-6663,2,authorized_supplier_price_list,/home/shebahati/KaZar/Product and Data Complete/اندازه گیری/داسکوا/لیست قیمت داسکوا +10 درصد.pdf,,sku_column,c589df1dc02df10f5405c6b98b5a5970b00db193891be082d7ae8406888478df,source_id=dasqua.price_list;normalized_sku=1804-6663
DASQUA,1804-6771,2,authorized_supplier_price_list,/home/shebahati/KaZar/Product and Data Complete/اندازه گیری/داسکوا/لیست قیمت داسکوا +10 درصد.pdf,,sku_column,c589df1dc02df10f5405c6b98b5a5970b00db193891be082d7ae8406888478df,source_id=dasqua.price_list;normalized_sku=1804-6771
DASQUA,1804-6881,2,authorized_supplier_price_list,/home/shebahati/KaZar/Product and Data Complete/اندازه گیری/داسکوا/لیست قیمت داسکوا +10 درصد.pdf,,sku_column,c589df1dc02df10f5405c6b98b5a5970b00db193891be082d7ae8406888478df,source_id=dasqua.price_list;normalized_sku=1804-6881
DASQUA,1804-6882,2,authorized_supplier_price_list,/home/shebahati/KaZar/Product and Data Complete/اندازه گیری/داسکوا/لیست قیمت داسکوا +10 درصد.pdf,,sku_column,c589df1dc02df10f5405c6b98b5a5970b00db193891be082d7ae8406888478df,source_id=dasqua.price_list;normalized_sku=1804-6882
DASQUA,1804-6991,2,authorized_supplier_price_list,/home/shebahati/KaZar/Product and Data Complete/اندازه گیری/داسکوا/لیست قیمت داسکوا +10 درصد.pdf,,sku_column,c589df1dc02df10f5405c6b98b5a5970b00db193891be082d7ae8406888478df,source_id=dasqua.price_list;normalized_sku=1804-6991
DASQUA,1804-6993,2,authorized_supplier_price_list,/home/shebahati/KaZar/Product and Data Complete/اندازه گیری/داسکوا/لیست قیمت داسکوا +10 درصد.pdf,,sku_column,c589df1dc02df10f5405c6b98b5a5970b00db193891be082d7ae8406888478df,source_id=dasqua.price_list;normalized_sku=1804-6993
DASQUA,1804-6996,2,authorized_supplier_price_list,/home/shebahati/KaZar/Product and Data Complete/اندازه گیری/داسکوا/لیست قیمت داسکوا +10 درصد.pdf,,sku_column,c589df1dc02df10f5405c6b98b5a5970b00db193891be082d7ae8406888478df,source_id=dasqua.price_list;normalized_sku=1804-6996
DASQUA,1804-7013,2,authorized_supplier_price_list,/home/shebahati/KaZar/Product and Data Complete/اندازه گیری/داسکوا/لیست قیمت داسکوا +10 درصد.pdf,,sku_column,c589df1dc02df10f5405c6b98b5a5970b00db193891be082d7ae8406888478df,source_id=dasqua.price_list;normalized_sku=1804-7013
DASQUA,1804-7111,2,authorized_supplier_price_list,/home/shebahati/KaZar/Product and Data Complete/اندازه گیری/داسکوا/لیست قیمت داسکوا +10 درصد.pdf,,sku_column,c589df1dc02df10f5405c6b98b5a5970b00db193891be082d7ae8406888478df,source_id=dasqua.price_list;normalized_sku=1804-7111
DASQUA,1817-0100,2,authorized_supplier_price_list,/home/shebahati/KaZar/Product and Data Complete/اندازه گیری/داسکوا/لیست قیمت داسکوا +10 درصد.pdf,,sku_column,c589df1dc02df10f5405c6b98b5a5970b00db193891be082d7ae8406888478df,source_id=dasqua.price_list;normalized_sku=1817-0100
DASQUA,1820-0100,2,authorized_supplier_price_list,/home/shebahati/KaZar/Product and Data Complete/اندازه گیری/داسکوا/لیست قیمت داسکوا +10 درصد.pdf,,sku_column,c589df1dc02df10f5405c6b98b5a5970b00db193891be082d7ae8406888478df,source_id=dasqua.price_list;normalized_sku=1820-0100
DASQUA,1820-0150,2,authorized_supplier_price_list,/home/shebahati/KaZar/Product and Data Complete/اندازه گیری/داسکوا/لیست قیمت داسکوا +10 درصد.pdf,,sku_column,c589df1dc02df10f5405c6b98b5a5970b00db193891be082d7ae8406888478df,source_id=dasqua.price_list;normalized_sku=1820-0150
DASQUA,1820-0200,2,authorized_supplier_price_list,/home/shebahati/KaZar/Product and Data Complete/اندازه گیری/داسکوا/لیست قیمت داسکوا +10 درصد.pdf,,sku_column,c589df1dc02df10f5405c6b98b5a5970b00db193891be082d7ae8406888478df,source_id=dasqua.price_list;normalized_sku=1820-0200
DASQUA,1820-0300,2,authorized_supplier_price_list,/home/shebahati/KaZar/Product and Data Complete/اندازه گیری/داسکوا/لیست قیمت داسکوا +10 درصد.pdf,,sku_column,c589df1dc02df10f5405c6b98b5a5970b00db193891be082d7ae8406888478df,source_id=dasqua.price_list;normalized_sku=1820-0300
DASQUA,1820-0500,2,authorized_supplier_price_list,/home/shebahati/KaZar/Product and Data Complete/اندازه گیری/داسکوا/لیست قیمت داسکوا +10 درصد.pdf,,sku_column,c589df1dc02df10f5405c6b98b5a5970b00db193891be082d7ae8406888478df,source_id=dasqua.price_list;normalized_sku=1820-0500
DASQUA,1832-0100,2,authorized_supplier_price_list,/home/shebahati/KaZar/Product and Data Complete/اندازه گیری/داسکوا/لیست قیمت داسکوا +10 درصد.pdf,,sku_column,c589df1dc02df10f5405c6b98b5a5970b00db193891be082d7ae8406888478df,source_id=dasqua.price_list;normalized_sku=1832-0100
DASQUA,2000-2005,2,authorized_supplier_price_list,/home/shebahati/KaZar/Product and Data Complete/اندازه گیری/داسکوا/لیست قیمت داسکوا +10 درصد.pdf,,sku_column,c589df1dc02df10f5405c6b98b5a5970b00db193891be082d7ae8406888478df,source_id=dasqua.price_list;normalized_sku=2000-2005
DASQUA,2000-2010,2,authorized_supplier_price_list,/home/shebahati/KaZar/Product and Data Complete/اندازه گیری/داسکوا/لیست قیمت داسکوا +10 درصد.pdf,,sku_column,c589df1dc02df10f5405c6b98b5a5970b00db193891be082d7ae8406888478df,source_id=dasqua.price_list;normalized_sku=2000-2010
DASQUA,2000-2015,2,authorized_supplier_price_list,/home/shebahati/KaZar/Product and Data Complete/اندازه گیری/داسکوا/لیست قیمت داسکوا +10 درصد.pdf,,sku_column,c589df1dc02df10f5405c6b98b5a5970b00db193891be082d7ae8406888478df,source_id=dasqua.price_list;normalized_sku=2000-2015
DASQUA,2001-2005,2,authorized_supplier_price_list,/home/shebahati/KaZar/Product and Data Complete/اندازه گیری/داسکوا/لیست قیمت داسکوا +10 درصد.pdf,,sku_column,c589df1dc02df10f5405c6b98b5a5970b00db193891be082d7ae8406888478df,source_id=dasqua.price_list;normalized_sku=2001-2005
DASQUA,2001-2010,2,authorized_supplier_price_list,/home/shebahati/KaZar/Product and Data Complete/اندازه گیری/داسکوا/لیست قیمت داسکوا +10 درصد.pdf,,sku_column,c589df1dc02df10f5405c6b98b5a5970b00db193891be082d7ae8406888478df,source_id=dasqua.price_list;normalized_sku=2001-2010
DASQUA,2001-2015,2,authorized_supplier_price_list,/home/shebahati/KaZar/Product and Data Complete/اندازه گیری/داسکوا/لیست قیمت داسکوا +10 درصد.pdf,,sku_column,c589df1dc02df10f5405c6b98b5a5970b00db193891be082d7ae8406888478df,source_id=dasqua.price_list;normalized_sku=2001-2015
DASQUA,2015-1005-A,2,authorized_supplier_price_list,/home/shebahati/KaZar/Product and Data Complete/اندازه گیری/داسکوا/لیست قیمت داسکوا +10 درصد.pdf,,sku_column,c589df1dc02df10f5405c6b98b5a5970b00db193891be082d7ae8406888478df,source_id=dasqua.price_list;normalized_sku=2015-1005-A
DASQUA,2015-2405,2,authorized_supplier_price_list,/home/shebahati/KaZar/Product and Data Complete/اندازه گیری/داسکوا/لیست قیمت داسکوا +10 درصد.pdf,,sku_column,c589df1dc02df10f5405c6b98b5a5970b00db193891be082d7ae8406888478df,source_id=dasqua.price_list;normalized_sku=2015-2405
DASQUA,2015-2410,2,authorized_supplier_price_list,/home/shebahati/KaZar/Product and Data Complete/اندازه گیری/داسکوا/لیست قیمت داسکوا +10 درصد.pdf,,sku_column,c589df1dc02df10f5405c6b98b5a5970b00db193891be082d7ae8406888478df,source_id=dasqua.price_list;normalized_sku=2015-2410
DASQUA,2015-2415,2,authorized_supplier_price_list,/home/shebahati/KaZar/Product and Data Complete/اندازه گیری/داسکوا/لیست قیمت داسکوا +10 درصد.pdf,,sku_column,c589df1dc02df10f5405c6b98b5a5970b00db193891be082d7ae8406888478df,source_id=dasqua.price_list;normalized_sku=2015-2415
DASQUA,2016-0005,2,authorized_supplier_price_list,/home/shebahati/KaZar/Product and Data Complete/اندازه گیری/داسکوا/لیست قیمت داسکوا +10 درصد.pdf,,sku_column,c589df1dc02df10f5405c6b98b5a5970b00db193891be082d7ae8406888478df,source_id=dasqua.price_list;normalized_sku=2016-0005
DASQUA,2016-0015,2,authorized_supplier_price_list,/home/shebahati/KaZar/Product and Data Complete/اندازه گیری/داسکوا/لیست قیمت داسکوا +10 درصد.pdf,,sku_column,c589df1dc02df10f5405c6b98b5a5970b00db193891be082d7ae8406888478df,source_id=dasqua.price_list;normalized_sku=2016-0015
DASQUA,2020-1005-A,2,authorized_supplier_price_list,/home/shebahati/KaZar/Product and Data Complete/اندازه گیری/داسکوا/لیست قیمت داسکوا +10 درصد.pdf,,sku_column,c589df1dc02df10f5405c6b98b5a5970b00db193891be082d7ae8406888478df,source_id=dasqua.price_list;normalized_sku=2020-1005-A
DASQUA,2035-0006,2,authorized_supplier_price_list,/home/shebahati/KaZar/Product and Data Complete/اندازه گیری/داسکوا/لیست قیمت داسکوا +10 درصد.pdf,,sku_column,c589df1dc02df10f5405c6b98b5a5970b00db193891be082d7ae8406888478df,source_id=dasqua.price_list;normalized_sku=2035-0006
DASQUA,2065-1105,2,authorized_supplier_price_list,/home/shebahati/KaZar/Product and Data Complete/اندازه گیری/داسکوا/لیست قیمت داسکوا +10 درصد.pdf,,sku_column,c589df1dc02df10f5405c6b98b5a5970b00db193891be082d7ae8406888478df,source_id=dasqua.price_list;normalized_sku=2065-1105
DASQUA,2065-1110,2,authorized_supplier_price_list,/home/shebahati/KaZar/Product and Data Complete/اندازه گیری/داسکوا/لیست قیمت داسکوا +10 درصد.pdf,,sku_column,c589df1dc02df10f5405c6b98b5a5970b00db193891be082d7ae8406888478df,source_id=dasqua.price_list;normalized_sku=2065-1110
DASQUA,2065-1115,2,authorized_supplier_price_list,/home/shebahati/KaZar/Product and Data Complete/اندازه گیری/داسکوا/لیست قیمت داسکوا +10 درصد.pdf,,sku_column,c589df1dc02df10f5405c6b98b5a5970b00db193891be082d7ae8406888478df,source_id=dasqua.price_list;normalized_sku=2065-1115
DASQUA,2070-1105,2,authorized_supplier_price_list,/home/shebahati/KaZar/Product and Data Complete/اندازه گیری/داسکوا/لیست قیمت داسکوا +10 درصد.pdf,,sku_column,c589df1dc02df10f5405c6b98b5a5970b00db193891be082d7ae8406888478df,source_id=dasqua.price_list;normalized_sku=2070-1105
DASQUA,2070-1110,2,authorized_supplier_price_list,/home/shebahati/KaZar/Product and Data Complete/اندازه گیری/داسکوا/لیست قیمت داسکوا +10 درصد.pdf,,sku_column,c589df1dc02df10f5405c6b98b5a5970b00db193891be082d7ae8406888478df,source_id=dasqua.price_list;normalized_sku=2070-1110
DASQUA,2070-1115,2,authorized_supplier_price_list,/home/shebahati/KaZar/Product and Data Complete/اندازه گیری/داسکوا/لیست قیمت داسکوا +10 درصد.pdf,,sku_column,c589df1dc02df10f5405c6b98b5a5970b00db193891be082d7ae8406888478df,source_id=dasqua.price_list;normalized_sku=2070-1115
DASQUA,2100-0215,2,authorized_supplier_price_list,/home/shebahati/KaZar/Product and Data Complete/اندازه گیری/داسکوا/لیست قیمت داسکوا +10 درصد.pdf,,sku_column,c589df1dc02df10f5405c6b98b5a5970b00db193891be082d7ae8406888478df,source_id=dasqua.price_list;normalized_sku=2100-0215
DASQUA,2100-1015,2,authorized_supplier_price_list,/home/shebahati/KaZar/Product and Data Complete/اندازه گیری/داسکوا/لیست قیمت داسکوا +10 درصد.pdf,,sku_column,c589df1dc02df10f5405c6b98b5a5970b00db193891be082d7ae8406888478df,source_id=dasqua.price_list;normalized_sku=2100-1015
DASQUA,2100-1115,2,authorized_supplier_price_list,/home/shebahati/KaZar/Product and Data Complete/اندازه گیری/داسکوا/لیست قیمت داسکوا +10 درصد.pdf,,sku_column,c589df1dc02df10f5405c6b98b5a5970b00db193891be082d7ae8406888478df,source_id=dasqua.price_list;normalized_sku=2100-1115
DASQUA,2100-1120,2,authorized_supplier_price_list,/home/shebahati/KaZar/Product and Data Complete/اندازه گیری/داسکوا/لیست قیمت داسکوا +10 درصد.pdf,,sku_column,c589df1dc02df10f5405c6b98b5a5970b00db193891be082d7ae8406888478df,source_id=dasqua.price_list;normalized_sku=2100-1120
DASQUA,2100-1130,2,authorized_supplier_price_list,/home/shebahati/KaZar/Product and Data Complete/اندازه گیری/داسکوا/لیست قیمت داسکوا +10 درصد.pdf,,sku_column,c589df1dc02df10f5405c6b98b5a5970b00db193891be082d7ae8406888478df,source_id=dasqua.price_list;normalized_sku=2100-1130
DASQUA,2110-8105,2,authorized_supplier_price_list,/home/shebahati/KaZar/Product and Data Complete/اندازه گیری/داسکوا/لیست قیمت داسکوا +10 درصد.pdf,,sku_column,c589df1dc02df10f5405c6b98b5a5970b00db193891be082d7ae8406888478df,source_id=dasqua.price_list;normalized_sku=2110-8105
DASQUA,2115-2305,2,authorized_supplier_price_list,/home/shebahati/KaZar/Product and Data Complete/اندازه گیری/داسکوا/لیست قیمت داسکوا +10 درصد.pdf,,sku_column,c589df1dc02df10f5405c6b98b5a5970b00db193891be082d7ae8406888478df,source_id=dasqua.price_list;normalized_sku=2115-2305
DASQUA,2117-9105,2,authorized_supplier_price_list,/home/shebahati/KaZar/Product and Data Complete/اندازه گیری/داسکوا/لیست قیمت داسکوا +10 درصد.pdf,,sku_column,c589df1dc02df10f5405c6b98b5a5970b00db193891be082d7ae8406888478df,source_id=dasqua.price_list;normalized_sku=2117-9105
DASQUA,2117-9110,2,authorized_supplier_price_list,/home/shebahati/KaZar/Product and Data Complete/اندازه گیری/داسکوا/لیست قیمت داسکوا +10 درصد.pdf,,sku_column,c589df1dc02df10f5405c6b98b5a5970b00db193891be082d7ae8406888478df,source_id=dasqua.price_list;normalized_sku=2117-9110
DASQUA,2117-9115,2,authorized_supplier_price_list,/home/shebahati/KaZar/Product and Data Complete/اندازه گیری/داسکوا/لیست قیمت داسکوا +10 درصد.pdf,,sku_column,c589df1dc02df10f5405c6b98b5a5970b00db193891be082d7ae8406888478df,source_id=dasqua.price_list;normalized_sku=2117-9115
DASQUA,2140-8101,2,authorized_supplier_price_list,/home/shebahati/KaZar/Product and Data Complete/اندازه گیری/داسکوا/لیست قیمت داسکوا +10 درصد.pdf,,sku_column,c589df1dc02df10f5405c6b98b5a5970b00db193891be082d7ae8406888478df,source_id=dasqua.price_list;normalized_sku=2140-8101
DASQUA,2140-8105,2,authorized_supplier_price_list,/home/shebahati/KaZar/Product and Data Complete/اندازه گیری/داسکوا/لیست قیمت داسکوا +10 درصد.pdf,,sku_column,c589df1dc02df10f5405c6b98b5a5970b00db193891be082d7ae8406888478df,source_id=dasqua.price_list;normalized_sku=2140-8105
DASQUA,2210-8106,2,authorized_supplier_price_list,/home/shebahati/KaZar/Product and Data Complete/اندازه گیری/داسکوا/لیست قیمت داسکوا +10 درصد.pdf,,sku_column,c589df1dc02df10f5405c6b98b5a5970b00db193891be082d7ae8406888478df,source_id=dasqua.price_list;normalized_sku=2210-8106
DASQUA,2220-3570,2,authorized_supplier_price_list,/home/shebahati/KaZar/Product and Data Complete/اندازه گیری/داسکوا/لیست قیمت داسکوا +10 درصد.pdf,,sku_column,c589df1dc02df10f5405c6b98b5a5970b00db193891be082d7ae8406888478df,source_id=dasqua.price_list;normalized_sku=2220-3570
DASQUA,2220-8103,2,authorized_supplier_price_list,/home/shebahati/KaZar/Product and Data Complete/اندازه گیری/داسکوا/لیست قیمت داسکوا +10 درصد.pdf,,sku_column,c589df1dc02df10f5405c6b98b5a5970b00db193891be082d7ae8406888478df,source_id=dasqua.price_list;normalized_sku=2220-8103
DASQUA,2220-8104,2,authorized_supplier_price_list,/home/shebahati/KaZar/Product and Data Complete/اندازه گیری/داسکوا/لیست قیمت داسکوا +10 درصد.pdf,,sku_column,c589df1dc02df10f5405c6b98b5a5970b00db193891be082d7ae8406888478df,source_id=dasqua.price_list;normalized_sku=2220-8104
DASQUA,2220-8105,2,authorized_supplier_price_list,/home/shebahati/KaZar/Product and Data Complete/اندازه گیری/داسکوا/لیست قیمت داسکوا +10 درصد.pdf,,sku_column,c589df1dc02df10f5405c6b98b5a5970b00db193891be082d7ae8406888478df,source_id=dasqua.price_list;normalized_sku=2220-8105
DASQUA,2220-8110,2,authorized_supplier_price_list,/home/shebahati/KaZar/Product and Data Complete/اندازه گیری/داسکوا/لیست قیمت داسکوا +10 درصد.pdf,,sku_column,c589df1dc02df10f5405c6b98b5a5970b00db193891be082d7ae8406888478df,source_id=dasqua.price_list;normalized_sku=2220-8110
DASQUA,2220-8115,2,authorized_supplier_price_list,/home/shebahati/KaZar/Product and Data Complete/اندازه گیری/داسکوا/لیست قیمت داسکوا +10 درصد.pdf,,sku_column,c589df1dc02df10f5405c6b98b5a5970b00db193891be082d7ae8406888478df,source_id=dasqua.price_list;normalized_sku=2220-8115
DASQUA,2220-8117,2,authorized_supplier_price_list,/home/shebahati/KaZar/Product and Data Complete/اندازه گیری/داسکوا/لیست قیمت داسکوا +10 درصد.pdf,,sku_column,c589df1dc02df10f5405c6b98b5a5970b00db193891be082d7ae8406888478df,source_id=dasqua.price_list;normalized_sku=2220-8117
DASQUA,2220-8130,2,authorized_supplier_price_list,/home/shebahati/KaZar/Product and Data Complete/اندازه گیری/داسکوا/لیست قیمت داسکوا +10 درصد.pdf,,sku_column,c589df1dc02df10f5405c6b98b5a5970b00db193891be082d7ae8406888478df,source_id=dasqua.price_list;normalized_sku=2220-8130
DASQUA,2220-8135,2,authorized_supplier_price_list,/home/shebahati/KaZar/Product and Data Complete/اندازه گیری/داسکوا/لیست قیمت داسکوا +10 درصد.pdf,,sku_column,c589df1dc02df10f5405c6b98b5a5970b00db193891be082d7ae8406888478df,source_id=dasqua.price_list;normalized_sku=2220-8135
DASQUA,2220-8150,2,authorized_supplier_price_list,/home/shebahati/KaZar/Product and Data Complete/اندازه گیری/داسکوا/لیست قیمت داسکوا +10 درصد.pdf,,sku_column,c589df1dc02df10f5405c6b98b5a5970b00db193891be082d7ae8406888478df,source_id=dasqua.price_list;normalized_sku=2220-8150
DASQUA,2220-8155,2,authorized_supplier_price_list,/home/shebahati/KaZar/Product and Data Complete/اندازه گیری/داسکوا/لیست قیمت داسکوا +10 درصد.pdf,,sku_column,c589df1dc02df10f5405c6b98b5a5970b00db193891be082d7ae8406888478df,source_id=dasqua.price_list;normalized_sku=2220-8155
DASQUA,2220-8170,2,authorized_supplier_price_list,/home/shebahati/KaZar/Product and Data Complete/اندازه گیری/داسکوا/لیست قیمت داسکوا +10 درصد.pdf,,sku_column,c589df1dc02df10f5405c6b98b5a5970b00db193891be082d7ae8406888478df,source_id=dasqua.price_list;normalized_sku=2220-8170
DASQUA,2220-8175,2,authorized_supplier_price_list,/home/shebahati/KaZar/Product and Data Complete/اندازه گیری/داسکوا/لیست قیمت داسکوا +10 درصد.pdf,,sku_column,c589df1dc02df10f5405c6b98b5a5970b00db193891be082d7ae8406888478df,source_id=dasqua.price_list;normalized_sku=2220-8175
DASQUA,2220-8180,2,authorized_supplier_price_list,/home/shebahati/KaZar/Product and Data Complete/اندازه گیری/داسکوا/لیست قیمت داسکوا +10 درصد.pdf,,sku_column,c589df1dc02df10f5405c6b98b5a5970b00db193891be082d7ae8406888478df,source_id=dasqua.price_list;normalized_sku=2220-8180
DASQUA,2220-8185,2,authorized_supplier_price_list,/home/shebahati/KaZar/Product and Data Complete/اندازه گیری/داسکوا/لیست قیمت داسکوا +10 درصد.pdf,,sku_column,c589df1dc02df10f5405c6b98b5a5970b00db193891be082d7ae8406888478df,source_id=dasqua.price_list;normalized_sku=2220-8185
DASQUA,2220-8190,2,authorized_supplier_price_list,/home/shebahati/KaZar/Product and Data Complete/اندازه گیری/داسکوا/لیست قیمت داسکوا +10 درصد.pdf,,sku_column,c589df1dc02df10f5405c6b98b5a5970b00db193891be082d7ae8406888478df,source_id=dasqua.price_list;normalized_sku=2220-8190
DASQUA,2220-8200,2,authorized_supplier_price_list,/home/shebahati/KaZar/Product and Data Complete/اندازه گیری/داسکوا/لیست قیمت داسکوا +10 درصد.pdf,,sku_column,c589df1dc02df10f5405c6b98b5a5970b00db193891be082d7ae8406888478df,source_id=dasqua.price_list;normalized_sku=2220-8200
DASQUA,2220-8205,2,authorized_supplier_price_list,/home/shebahati/KaZar/Product and Data Complete/اندازه گیری/داسکوا/لیست قیمت داسکوا +10 درصد.pdf,,sku_column,c589df1dc02df10f5405c6b98b5a5970b00db193891be082d7ae8406888478df,source_id=dasqua.price_list;normalized_sku=2220-8205
DASQUA,2220-8210,2,authorized_supplier_price_list,/home/shebahati/KaZar/Product and Data Complete/اندازه گیری/داسکوا/لیست قیمت داسکوا +10 درصد.pdf,,sku_column,c589df1dc02df10f5405c6b98b5a5970b00db193891be082d7ae8406888478df,source_id=dasqua.price_list;normalized_sku=2220-8210
DASQUA,2220-8215,2,authorized_supplier_price_list,/home/shebahati/KaZar/Product and Data Complete/اندازه گیری/داسکوا/لیست قیمت داسکوا +10 درصد.pdf,,sku_column,c589df1dc02df10f5405c6b98b5a5970b00db193891be082d7ae8406888478df,source_id=dasqua.price_list;normalized_sku=2220-8215
DASQUA,2220-8220,2,authorized_supplier_price_list,/home/shebahati/KaZar/Product and Data Complete/اندازه گیری/داسکوا/لیست قیمت داسکوا +10 درصد.pdf,,sku_column,c589df1dc02df10f5405c6b98b5a5970b00db193891be082d7ae8406888478df,source_id=dasqua.price_list;normalized_sku=2220-8220
DASQUA,2220-8225,2,authorized_supplier_price_list,/home/shebahati/KaZar/Product and Data Complete/اندازه گیری/داسکوا/لیست قیمت داسکوا +10 درصد.pdf,,sku_column,c589df1dc02df10f5405c6b98b5a5970b00db193891be082d7ae8406888478df,source_id=dasqua.price_list;normalized_sku=2220-8225
DASQUA,2220-8230,2,authorized_supplier_price_list,/home/shebahati/KaZar/Product and Data Complete/اندازه گیری/داسکوا/لیست قیمت داسکوا +10 درصد.pdf,,sku_column,c589df1dc02df10f5405c6b98b5a5970b00db193891be082d7ae8406888478df,source_id=dasqua.price_list;normalized_sku=2220-8230
DASQUA,2240-0025,2,authorized_supplier_price_list,/home/shebahati/KaZar/Product and Data Complete/اندازه گیری/داسکوا/لیست قیمت داسکوا +10 درصد.pdf,,sku_column,c589df1dc02df10f5405c6b98b5a5970b00db193891be082d7ae8406888478df,source_id=dasqua.price_list;normalized_sku=2240-0025
DASQUA,2240-0026,2,authorized_supplier_price_list,/home/shebahati/KaZar/Product and Data Complete/اندازه گیری/داسکوا/لیست قیمت داسکوا +10 درصد.pdf,,sku_column,c589df1dc02df10f5405c6b98b5a5970b00db193891be082d7ae8406888478df,source_id=dasqua.price_list;normalized_sku=2240-0026
DASQUA,2240-0027,2,authorized_supplier_price_list,/home/shebahati/KaZar/Product and Data Complete/اندازه گیری/داسکوا/لیست قیمت داسکوا +10 درصد.pdf,,sku_column,c589df1dc02df10f5405c6b98b5a5970b00db193891be082d7ae8406888478df,source_id=dasqua.price_list;normalized_sku=2240-0027
DASQUA,2250-2105,2,authorized_supplier_price_list,/home/shebahati/KaZar/Product and Data Complete/اندازه گیری/داسکوا/لیست قیمت داسکوا +10 درصد.pdf,,sku_column,c589df1dc02df10f5405c6b98b5a5970b00db193891be082d7ae8406888478df,source_id=dasqua.price_list;normalized_sku=2250-2105
DASQUA,2345-4005,2,authorized_supplier_price_list,/home/shebahati/KaZar/Product and Data Complete/اندازه گیری/داسکوا/لیست قیمت داسکوا +10 درصد.pdf,,sku_column,c589df1dc02df10f5405c6b98b5a5970b00db193891be082d7ae8406888478df,source_id=dasqua.price_list;normalized_sku=2345-4005
DASQUA,2346-1015,2,authorized_supplier_price_list,/home/shebahati/KaZar/Product and Data Complete/اندازه گیری/داسکوا/لیست قیمت داسکوا +10 درصد.pdf,,sku_column,c589df1dc02df10f5405c6b98b5a5970b00db193891be082d7ae8406888478df,source_id=dasqua.price_list;normalized_sku=2346-1015
DASQUA,2406-1005,2,authorized_supplier_price_list,/home/shebahati/KaZar/Product and Data Complete/اندازه گیری/داسکوا/لیست قیمت داسکوا +10 درصد.pdf,,sku_column,c589df1dc02df10f5405c6b98b5a5970b00db193891be082d7ae8406888478df,source_id=dasqua.price_list;normalized_sku=2406-1005
DASQUA,2406-1010,2,authorized_supplier_price_list,/home/shebahati/KaZar/Product and Data Complete/اندازه گیری/داسکوا/لیست قیمت داسکوا +10 درصد.pdf,,sku_column,c589df1dc02df10f5405c6b98b5a5970b00db193891be082d7ae8406888478df,source_id=dasqua.price_list;normalized_sku=2406-1010
DASQUA,2410-8105,2,authorized_supplier_price_list,/home/shebahati/KaZar/Product and Data Complete/اندازه گیری/داسکوا/لیست قیمت داسکوا +10 درصد.pdf,,sku_column,c589df1dc02df10f5405c6b98b5a5970b00db193891be082d7ae8406888478df,source_id=dasqua.price_list;normalized_sku=2410-8105
DASQUA,2410-8110,2,authorized_supplier_price_list,/home/shebahati/KaZar/Product and Data Complete/اندازه گیری/داسکوا/لیست قیمت داسکوا +10 درصد.pdf,,sku_column,c589df1dc02df10f5405c6b98b5a5970b00db193891be082d7ae8406888478df,source_id=dasqua.price_list;normalized_sku=2410-8110
DASQUA,2570-5105,2,authorized_supplier_price_list,/home/shebahati/KaZar/Product and Data Complete/اندازه گیری/داسکوا/لیست قیمت داسکوا +10 درصد.pdf,,sku_column,c589df1dc02df10f5405c6b98b5a5970b00db193891be082d7ae8406888478df,source_id=dasqua.price_list;normalized_sku=2570-5105
DASQUA,2570-5110,2,authorized_supplier_price_list,/home/shebahati/KaZar/Product and Data Complete/اندازه گیری/داسکوا/لیست قیمت داسکوا +10 درصد.pdf,,sku_column,c589df1dc02df10f5405c6b98b5a5970b00db193891be082d7ae8406888478df,source_id=dasqua.price_list;normalized_sku=2570-5110
DASQUA,2570-5115,2,authorized_supplier_price_list,/home/shebahati/KaZar/Product and Data Complete/اندازه گیری/داسکوا/لیست قیمت داسکوا +10 درصد.pdf,,sku_column,c589df1dc02df10f5405c6b98b5a5970b00db193891be082d7ae8406888478df,source_id=dasqua.price_list;normalized_sku=2570-5115
DASQUA,2610-8105,2,authorized_supplier_price_list,/home/shebahati/KaZar/Product and Data Complete/اندازه گیری/داسکوا/لیست قیمت داسکوا +10 درصد.pdf,,sku_column,c589df1dc02df10f5405c6b98b5a5970b00db193891be082d7ae8406888478df,source_id=dasqua.price_list;normalized_sku=2610-8105
DASQUA,2710-1105,2,authorized_supplier_price_list,/home/shebahati/KaZar/Product and Data Complete/اندازه گیری/داسکوا/لیست قیمت داسکوا +10 درصد.pdf,,sku_column,c589df1dc02df10f5405c6b98b5a5970b00db193891be082d7ae8406888478df,source_id=dasqua.price_list;normalized_sku=2710-1105
DASQUA,2805-0005,2,authorized_supplier_price_list,/home/shebahati/KaZar/Product and Data Complete/اندازه گیری/داسکوا/لیست قیمت داسکوا +10 درصد.pdf,,sku_column,c589df1dc02df10f5405c6b98b5a5970b00db193891be082d7ae8406888478df,source_id=dasqua.price_list;normalized_sku=2805-0005
DASQUA,3001-0105,2,authorized_supplier_price_list,/home/shebahati/KaZar/Product and Data Complete/اندازه گیری/داسکوا/لیست قیمت داسکوا +10 درصد.pdf,,sku_column,c589df1dc02df10f5405c6b98b5a5970b00db193891be082d7ae8406888478df,source_id=dasqua.price_list;normalized_sku=3001-0105
DASQUA,3001-0120,2,authorized_supplier_price_list,/home/shebahati/KaZar/Product and Data Complete/اندازه گیری/داسکوا/لیست قیمت داسکوا +10 درصد.pdf,,sku_column,c589df1dc02df10f5405c6b98b5a5970b00db193891be082d7ae8406888478df,source_id=dasqua.price_list;normalized_sku=3001-0120
DASQUA,3001-0125,2,authorized_supplier_price_list,/home/shebahati/KaZar/Product and Data Complete/اندازه گیری/داسکوا/لیست قیمت داسکوا +10 درصد.pdf,,sku_column,c589df1dc02df10f5405c6b98b5a5970b00db193891be082d7ae8406888478df,source_id=dasqua.price_list;normalized_sku=3001-0125
DASQUA,3001-1001,2,authorized_supplier_price_list,/home/shebahati/KaZar/Product and Data Complete/اندازه گیری/داسکوا/لیست قیمت داسکوا +10 درصد.pdf,,sku_column,c589df1dc02df10f5405c6b98b5a5970b00db193891be082d7ae8406888478df,source_id=dasqua.price_list;normalized_sku=3001-1001
DASQUA,3001-1901-C,2,authorized_supplier_price_list,/home/shebahati/KaZar/Product and Data Complete/اندازه گیری/داسکوا/لیست قیمت داسکوا +10 درصد.pdf,,sku_column,c589df1dc02df10f5405c6b98b5a5970b00db193891be082d7ae8406888478df,source_id=dasqua.price_list;normalized_sku=3001-1901-C
DASQUA,3001-1903-C,2,authorized_supplier_price_list,/home/shebahati/KaZar/Product and Data Complete/اندازه گیری/داسکوا/لیست قیمت داسکوا +10 درصد.pdf,,sku_column,c589df1dc02df10f5405c6b98b5a5970b00db193891be082d7ae8406888478df,source_id=dasqua.price_list;normalized_sku=3001-1903-C
DASQUA,3001-1905-C,2,authorized_supplier_price_list,/home/shebahati/KaZar/Product and Data Complete/اندازه گیری/داسکوا/لیست قیمت داسکوا +10 درصد.pdf,,sku_column,c589df1dc02df10f5405c6b98b5a5970b00db193891be082d7ae8406888478df,source_id=dasqua.price_list;normalized_sku=3001-1905-C
DASQUA,3004-0003,2,authorized_supplier_price_list,/home/shebahati/KaZar/Product and Data Complete/اندازه گیری/داسکوا/لیست قیمت داسکوا +10 درصد.pdf,,sku_column,c589df1dc02df10f5405c6b98b5a5970b00db193891be082d7ae8406888478df,source_id=dasqua.price_list;normalized_sku=3004-0003
DASQUA,3004-0005,2,authorized_supplier_price_list,/home/shebahati/KaZar/Product and Data Complete/اندازه گیری/داسکوا/لیست قیمت داسکوا +10 درصد.pdf,,sku_column,c589df1dc02df10f5405c6b98b5a5970b00db193891be082d7ae8406888478df,source_id=dasqua.price_list;normalized_sku=3004-0005
DASQUA,3004-1005,2,authorized_supplier_price_list,/home/shebahati/KaZar/Product and Data Complete/اندازه گیری/داسکوا/لیست قیمت داسکوا +10 درصد.pdf,,sku_column,c589df1dc02df10f5405c6b98b5a5970b00db193891be082d7ae8406888478df,source_id=dasqua.price_list;normalized_sku=3004-1005
DASQUA,3004-2005,2,authorized_supplier_price_list,/home/shebahati/KaZar/Product and Data Complete/اندازه گیری/داسکوا/لیست قیمت داسکوا +10 درصد.pdf,,sku_column,c589df1dc02df10f5405c6b98b5a5970b00db193891be082d7ae8406888478df,source_id=dasqua.price_list;normalized_sku=3004-2005
DASQUA,3110-6105-A,2,authorized_supplier_price_list,/home/shebahati/KaZar/Product and Data Complete/اندازه گیری/داسکوا/لیست قیمت داسکوا +10 درصد.pdf,,sku_column,c589df1dc02df10f5405c6b98b5a5970b00db193891be082d7ae8406888478df,source_id=dasqua.price_list;normalized_sku=3110-6105-A
DASQUA,3110-6120-A,2,authorized_supplier_price_list,/home/shebahati/KaZar/Product and Data Complete/اندازه گیری/داسکوا/لیست قیمت داسکوا +10 درصد.pdf,,sku_column,c589df1dc02df10f5405c6b98b5a5970b00db193891be082d7ae8406888478df,source_id=dasqua.price_list;normalized_sku=3110-6120-A
DASQUA,3130-8115,2,authorized_supplier_price_list,/home/shebahati/KaZar/Product and Data Complete/اندازه گیری/داسکوا/لیست قیمت داسکوا +10 درصد.pdf,,sku_column,c589df1dc02df10f5405c6b98b5a5970b00db193891be082d7ae8406888478df,source_id=dasqua.price_list;normalized_sku=3130-8115
DASQUA,3130-8119,2,authorized_supplier_price_list,/home/shebahati/KaZar/Product and Data Complete/اندازه گیری/داسکوا/لیست قیمت داسکوا +10 درصد.pdf,,sku_column,c589df1dc02df10f5405c6b98b5a5970b00db193891be082d7ae8406888478df,source_id=dasqua.price_list;normalized_sku=3130-8119
DASQUA,3130-8120,2,authorized_supplier_price_list,/home/shebahati/KaZar/Product and Data Complete/اندازه گیری/داسکوا/لیست قیمت داسکوا +10 درصد.pdf,,sku_column,c589df1dc02df10f5405c6b98b5a5970b00db193891be082d7ae8406888478df,source_id=dasqua.price_list;normalized_sku=3130-8120
DASQUA,3130-8125,2,authorized_supplier_price_list,/home/shebahati/KaZar/Product and Data Complete/اندازه گیری/داسکوا/لیست قیمت داسکوا +10 درصد.pdf,,sku_column,c589df1dc02df10f5405c6b98b5a5970b00db193891be082d7ae8406888478df,source_id=dasqua.price_list;normalized_sku=3130-8125
DASQUA,3130-8130,2,authorized_supplier_price_list,/home/shebahati/KaZar/Product and Data Complete/اندازه گیری/داسکوا/لیست قیمت داسکوا +10 درصد.pdf,,sku_column,c589df1dc02df10f5405c6b98b5a5970b00db193891be082d7ae8406888478df,source_id=dasqua.price_list;normalized_sku=3130-8130
DASQUA,3221-1105,2,authorized_supplier_price_list,/home/shebahati/KaZar/Product and Data Complete/اندازه گیری/داسکوا/لیست قیمت داسکوا +10 درصد.pdf,,sku_column,c589df1dc02df10f5405c6b98b5a5970b00db193891be082d7ae8406888478df,source_id=dasqua.price_list;normalized_sku=3221-1105
DASQUA,3230-8105-A,2,authorized_supplier_price_list,/home/shebahati/KaZar/Product and Data Complete/اندازه گیری/داسکوا/لیست قیمت داسکوا +10 درصد.pdf,,sku_column,c589df1dc02df10f5405c6b98b5a5970b00db193891be082d7ae8406888478df,source_id=dasqua.price_list;normalized_sku=3230-8105-A
DASQUA,3230-8110-A,2,authorized_supplier_price_list,/home/shebahati/KaZar/Product and Data Complete/اندازه گیری/داسکوا/لیست قیمت داسکوا +10 درصد.pdf,,sku_column,c589df1dc02df10f5405c6b98b5a5970b00db193891be082d7ae8406888478df,source_id=dasqua.price_list;normalized_sku=3230-8110-A
DASQUA,3230-8115-A,2,authorized_supplier_price_list,/home/shebahati/KaZar/Product and Data Complete/اندازه گیری/داسکوا/لیست قیمت داسکوا +10 درصد.pdf,,sku_column,c589df1dc02df10f5405c6b98b5a5970b00db193891be082d7ae8406888478df,source_id=dasqua.price_list;normalized_sku=3230-8115-A
DASQUA,3430-4110,2,authorized_supplier_price_list,/home/shebahati/KaZar/Product and Data Complete/اندازه گیری/داسکوا/لیست قیمت داسکوا +10 درصد.pdf,,sku_column,c589df1dc02df10f5405c6b98b5a5970b00db193891be082d7ae8406888478df,source_id=dasqua.price_list;normalized_sku=3430-4110
DASQUA,3430-4115,2,authorized_supplier_price_list,/home/shebahati/KaZar/Product and Data Complete/اندازه گیری/داسکوا/لیست قیمت داسکوا +10 درصد.pdf,,sku_column,c589df1dc02df10f5405c6b98b5a5970b00db193891be082d7ae8406888478df,source_id=dasqua.price_list;normalized_sku=3430-4115
DASQUA,3430-4120,2,authorized_supplier_price_list,/home/shebahati/KaZar/Product and Data Complete/اندازه گیری/داسکوا/لیست قیمت داسکوا +10 درصد.pdf,,sku_column,c589df1dc02df10f5405c6b98b5a5970b00db193891be082d7ae8406888478df,source_id=dasqua.price_list;normalized_sku=3430-4120
DASQUA,3530-0005,2,authorized_supplier_price_list,/home/shebahati/KaZar/Product and Data Complete/اندازه گیری/داسکوا/لیست قیمت داسکوا +10 درصد.pdf,,sku_column,c589df1dc02df10f5405c6b98b5a5970b00db193891be082d7ae8406888478df,source_id=dasqua.price_list;normalized_sku=3530-0005
DASQUA,3530-0010,2,authorized_supplier_price_list,/home/shebahati/KaZar/Product and Data Complete/اندازه گیری/داسکوا/لیست قیمت داسکوا +10 درصد.pdf,,sku_column,c589df1dc02df10f5405c6b98b5a5970b00db193891be082d7ae8406888478df,source_id=dasqua.price_list;normalized_sku=3530-0010
DASQUA,4005-0090,2,authorized_supplier_price_list,/home/shebahati/KaZar/Product and Data Complete/اندازه گیری/داسکوا/لیست قیمت داسکوا +10 درصد.pdf,,sku_column,c589df1dc02df10f5405c6b98b5a5970b00db193891be082d7ae8406888478df,source_id=dasqua.price_list;normalized_sku=4005-0090
DASQUA,4005-0095,2,authorized_supplier_price_list,/home/shebahati/KaZar/Product and Data Complete/اندازه گیری/داسکوا/لیست قیمت داسکوا +10 درصد.pdf,,sku_column,c589df1dc02df10f5405c6b98b5a5970b00db193891be082d7ae8406888478df,source_id=dasqua.price_list;normalized_sku=4005-0095
DASQUA,4005-0100,2,authorized_supplier_price_list,/home/shebahati/KaZar/Product and Data Complete/اندازه گیری/داسکوا/لیست قیمت داسکوا +10 درصد.pdf,,sku_column,c589df1dc02df10f5405c6b98b5a5970b00db193891be082d7ae8406888478df,source_id=dasqua.price_list;normalized_sku=4005-0100
DASQUA,4005-0105,2,authorized_supplier_price_list,/home/shebahati/KaZar/Product and Data Complete/اندازه گیری/داسکوا/لیست قیمت داسکوا +10 درصد.pdf,,sku_column,c589df1dc02df10f5405c6b98b5a5970b00db193891be082d7ae8406888478df,source_id=dasqua.price_list;normalized_sku=4005-0105
DASQUA,4107-1005,2,authorized_supplier_price_list,/home/shebahati/KaZar/Product and Data Complete/اندازه گیری/داسکوا/لیست قیمت داسکوا +10 درصد.pdf,,sku_column,c589df1dc02df10f5405c6b98b5a5970b00db193891be082d7ae8406888478df,source_id=dasqua.price_list;normalized_sku=4107-1005
DASQUA,4111-5205,2,authorized_supplier_price_list,/home/shebahati/KaZar/Product and Data Complete/اندازه گیری/داسکوا/لیست قیمت داسکوا +10 درصد.pdf,,sku_column,c589df1dc02df10f5405c6b98b5a5970b00db193891be082d7ae8406888478df,source_id=dasqua.price_list;normalized_sku=4111-5205
DASQUA,4111-8102,2,authorized_supplier_price_list,/home/shebahati/KaZar/Product and Data Complete/اندازه گیری/داسکوا/لیست قیمت داسکوا +10 درصد.pdf,,sku_column,c589df1dc02df10f5405c6b98b5a5970b00db193891be082d7ae8406888478df,source_id=dasqua.price_list;normalized_sku=4111-8102
DASQUA,4111-8104,2,authorized_supplier_price_list,/home/shebahati/KaZar/Product and Data Complete/اندازه گیری/داسکوا/لیست قیمت داسکوا +10 درصد.pdf,,sku_column,c589df1dc02df10f5405c6b98b5a5970b00db193891be082d7ae8406888478df,source_id=dasqua.price_list;normalized_sku=4111-8104
DASQUA,4111-8105,2,authorized_supplier_price_list,/home/shebahati/KaZar/Product and Data Complete/اندازه گیری/داسکوا/لیست قیمت داسکوا +10 درصد.pdf,,sku_column,c589df1dc02df10f5405c6b98b5a5970b00db193891be082d7ae8406888478df,source_id=dasqua.price_list;normalized_sku=4111-8105
DASQUA,4111-8106,2,authorized_supplier_price_list,/home/shebahati/KaZar/Product and Data Complete/اندازه گیری/داسکوا/لیست قیمت داسکوا +10 درصد.pdf,,sku_column,c589df1dc02df10f5405c6b98b5a5970b00db193891be082d7ae8406888478df,source_id=dasqua.price_list;normalized_sku=4111-8106
DASQUA,4111-8108,2,authorized_supplier_price_list,/home/shebahati/KaZar/Product and Data Complete/اندازه گیری/داسکوا/لیست قیمت داسکوا +10 درصد.pdf,,sku_column,c589df1dc02df10f5405c6b98b5a5970b00db193891be082d7ae8406888478df,source_id=dasqua.price_list;normalized_sku=4111-8108
DASQUA,4111-8110,2,authorized_supplier_price_list,/home/shebahati/KaZar/Product and Data Complete/اندازه گیری/داسکوا/لیست قیمت داسکوا +10 درصد.pdf,,sku_column,c589df1dc02df10f5405c6b98b5a5970b00db193891be082d7ae8406888478df,source_id=dasqua.price_list;normalized_sku=4111-8110
DASQUA,4111-8115,2,authorized_supplier_price_list,/home/shebahati/KaZar/Product and Data Complete/اندازه گیری/داسکوا/لیست قیمت داسکوا +10 درصد.pdf,,sku_column,c589df1dc02df10f5405c6b98b5a5970b00db193891be082d7ae8406888478df,source_id=dasqua.price_list;normalized_sku=4111-8115
DASQUA,4111-8120,2,authorized_supplier_price_list,/home/shebahati/KaZar/Product and Data Complete/اندازه گیری/داسکوا/لیست قیمت داسکوا +10 درصد.pdf,,sku_column,c589df1dc02df10f5405c6b98b5a5970b00db193891be082d7ae8406888478df,source_id=dasqua.price_list;normalized_sku=4111-8120
DASQUA,4111-8125,2,authorized_supplier_price_list,/home/shebahati/KaZar/Product and Data Complete/اندازه گیری/داسکوا/لیست قیمت داسکوا +10 درصد.pdf,,sku_column,c589df1dc02df10f5405c6b98b5a5970b00db193891be082d7ae8406888478df,source_id=dasqua.price_list;normalized_sku=4111-8125
DASQUA,4111-8130,2,authorized_supplier_price_list,/home/shebahati/KaZar/Product and Data Complete/اندازه گیری/داسکوا/لیست قیمت داسکوا +10 درصد.pdf,,sku_column,c589df1dc02df10f5405c6b98b5a5970b00db193891be082d7ae8406888478df,source_id=dasqua.price_list;normalized_sku=4111-8130
DASQUA,4111-8203-H,2,authorized_supplier_price_list,/home/shebahati/KaZar/Product and Data Complete/اندازه گیری/داسکوا/لیست قیمت داسکوا +10 درصد.pdf,,sku_column,c589df1dc02df10f5405c6b98b5a5970b00db193891be082d7ae8406888478df,source_id=dasqua.price_list;normalized_sku=4111-8203-H
DASQUA,4111-8215,2,authorized_supplier_price_list,/home/shebahati/KaZar/Product and Data Complete/اندازه گیری/داسکوا/لیست قیمت داسکوا +10 درصد.pdf,,sku_column,c589df1dc02df10f5405c6b98b5a5970b00db193891be082d7ae8406888478df,source_id=dasqua.price_list;normalized_sku=4111-8215
DASQUA,4111-8620,2,authorized_supplier_price_list,/home/shebahati/KaZar/Product and Data Complete/اندازه گیری/داسکوا/لیست قیمت داسکوا +10 درصد.pdf,,sku_column,c589df1dc02df10f5405c6b98b5a5970b00db193891be082d7ae8406888478df,source_id=dasqua.price_list;normalized_sku=4111-8620
DASQUA,4111-8625,2,authorized_supplier_price_list,/home/shebahati/KaZar/Product and Data Complete/اندازه گیری/داسکوا/لیست قیمت داسکوا +10 درصد.pdf,,sku_column,c589df1dc02df10f5405c6b98b5a5970b00db193891be082d7ae8406888478df,source_id=dasqua.price_list;normalized_sku=4111-8625
DASQUA,4111-8630,2,authorized_supplier_price_list,/home/shebahati/KaZar/Product and Data Complete/اندازه گیری/داسکوا/لیست قیمت داسکوا +10 درصد.pdf,,sku_column,c589df1dc02df10f5405c6b98b5a5970b00db193891be082d7ae8406888478df,source_id=dasqua.price_list;normalized_sku=4111-8630
DASQUA,4111-8635,2,authorized_supplier_price_list,/home/shebahati/KaZar/Product and Data Complete/اندازه گیری/داسکوا/لیست قیمت داسکوا +10 درصد.pdf,,sku_column,c589df1dc02df10f5405c6b98b5a5970b00db193891be082d7ae8406888478df,source_id=dasqua.price_list;normalized_sku=4111-8635
DASQUA,4111-8640,2,authorized_supplier_price_list,/home/shebahati/KaZar/Product and Data Complete/اندازه گیری/داسکوا/لیست قیمت داسکوا +10 درصد.pdf,,sku_column,c589df1dc02df10f5405c6b98b5a5970b00db193891be082d7ae8406888478df,source_id=dasqua.price_list;normalized_sku=4111-8640
DASQUA,4111-8645,2,authorized_supplier_price_list,/home/shebahati/KaZar/Product and Data Complete/اندازه گیری/داسکوا/لیست قیمت داسکوا +10 درصد.pdf,,sku_column,c589df1dc02df10f5405c6b98b5a5970b00db193891be082d7ae8406888478df,source_id=dasqua.price_list;normalized_sku=4111-8645
DASQUA,4111-8650,2,authorized_supplier_price_list,/home/shebahati/KaZar/Product and Data Complete/اندازه گیری/داسکوا/لیست قیمت داسکوا +10 درصد.pdf,,sku_column,c589df1dc02df10f5405c6b98b5a5970b00db193891be082d7ae8406888478df,source_id=dasqua.price_list;normalized_sku=4111-8650
DASQUA,4111-8655,2,authorized_supplier_price_list,/home/shebahati/KaZar/Product and Data Complete/اندازه گیری/داسکوا/لیست قیمت داسکوا +10 درصد.pdf,,sku_column,c589df1dc02df10f5405c6b98b5a5970b00db193891be082d7ae8406888478df,source_id=dasqua.price_list;normalized_sku=4111-8655
DASQUA,4111-9105,2,authorized_supplier_price_list,/home/shebahati/KaZar/Product and Data Complete/اندازه گیری/داسکوا/لیست قیمت داسکوا +10 درصد.pdf,,sku_column,c589df1dc02df10f5405c6b98b5a5970b00db193891be082d7ae8406888478df,source_id=dasqua.price_list;normalized_sku=4111-9105
DASQUA,4111-9110,2,authorized_supplier_price_list,/home/shebahati/KaZar/Product and Data Complete/اندازه گیری/داسکوا/لیست قیمت داسکوا +10 درصد.pdf,,sku_column,c589df1dc02df10f5405c6b98b5a5970b00db193891be082d7ae8406888478df,source_id=dasqua.price_list;normalized_sku=4111-9110
DASQUA,4111-9120,2,authorized_supplier_price_list,/home/shebahati/KaZar/Product and Data Complete/اندازه گیری/داسکوا/لیست قیمت داسکوا +10 درصد.pdf,,sku_column,c589df1dc02df10f5405c6b98b5a5970b00db193891be082d7ae8406888478df,source_id=dasqua.price_list;normalized_sku=4111-9120
DASQUA,4111-9130,2,authorized_supplier_price_list,/home/shebahati/KaZar/Product and Data Complete/اندازه گیری/داسکوا/لیست قیمت داسکوا +10 درصد.pdf,,sku_column,c589df1dc02df10f5405c6b98b5a5970b00db193891be082d7ae8406888478df,source_id=dasqua.price_list;normalized_sku=4111-9130
DASQUA,4112-7435,2,authorized_supplier_price_list,/home/shebahati/KaZar/Product and Data Complete/اندازه گیری/داسکوا/لیست قیمت داسکوا +10 درصد.pdf,,sku_column,c589df1dc02df10f5405c6b98b5a5970b00db193891be082d7ae8406888478df,source_id=dasqua.price_list;normalized_sku=4112-7435
DASQUA,4112-7440,2,authorized_supplier_price_list,/home/shebahati/KaZar/Product and Data Complete/اندازه گیری/داسکوا/لیست قیمت داسکوا +10 درصد.pdf,,sku_column,c589df1dc02df10f5405c6b98b5a5970b00db193891be082d7ae8406888478df,source_id=dasqua.price_list;normalized_sku=4112-7440
DASQUA,4112-7445,2,authorized_supplier_price_list,/home/shebahati/KaZar/Product and Data Complete/اندازه گیری/داسکوا/لیست قیمت داسکوا +10 درصد.pdf,,sku_column,c589df1dc02df10f5405c6b98b5a5970b00db193891be082d7ae8406888478df,source_id=dasqua.price_list;normalized_sku=4112-7445
DASQUA,4112-7450,2,authorized_supplier_price_list,/home/shebahati/KaZar/Product and Data Complete/اندازه گیری/داسکوا/لیست قیمت داسکوا +10 درصد.pdf,,sku_column,c589df1dc02df10f5405c6b98b5a5970b00db193891be082d7ae8406888478df,source_id=dasqua.price_list;normalized_sku=4112-7450
DASQUA,4112-7455,2,authorized_supplier_price_list,/home/shebahati/KaZar/Product and Data Complete/اندازه گیری/داسکوا/لیست قیمت داسکوا +10 درصد.pdf,,sku_column,c589df1dc02df10f5405c6b98b5a5970b00db193891be082d7ae8406888478df,source_id=dasqua.price_list;normalized_sku=4112-7455
DASQUA,4112-7460,2,authorized_supplier_price_list,/home/shebahati/KaZar/Product and Data Complete/اندازه گیری/داسکوا/لیست قیمت داسکوا +10 درصد.pdf,,sku_column,c589df1dc02df10f5405c6b98b5a5970b00db193891be082d7ae8406888478df,source_id=dasqua.price_list;normalized_sku=4112-7460
DASQUA,4112-8145,2,authorized_supplier_price_list,/home/shebahati/KaZar/Product and Data Complete/اندازه گیری/داسکوا/لیست قیمت داسکوا +10 درصد.pdf,,sku_column,c589df1dc02df10f5405c6b98b5a5970b00db193891be082d7ae8406888478df,source_id=dasqua.price_list;normalized_sku=4112-8145
DASQUA,4112-8150,2,authorized_supplier_price_list,/home/shebahati/KaZar/Product and Data Complete/اندازه گیری/داسکوا/لیست قیمت داسکوا +10 درصد.pdf,,sku_column,c589df1dc02df10f5405c6b98b5a5970b00db193891be082d7ae8406888478df,source_id=dasqua.price_list;normalized_sku=4112-8150
DASQUA,4112-8155,2,authorized_supplier_price_list,/home/shebahati/KaZar/Product and Data Complete/اندازه گیری/داسکوا/لیست قیمت داسکوا +10 درصد.pdf,,sku_column,c589df1dc02df10f5405c6b98b5a5970b00db193891be082d7ae8406888478df,source_id=dasqua.price_list;normalized_sku=4112-8155
DASQUA,4112-8160,2,authorized_supplier_price_list,/home/shebahati/KaZar/Product and Data Complete/اندازه گیری/داسکوا/لیست قیمت داسکوا +10 درصد.pdf,,sku_column,c589df1dc02df10f5405c6b98b5a5970b00db193891be082d7ae8406888478df,source_id=dasqua.price_list;normalized_sku=4112-8160
DASQUA,4127-0005,2,authorized_supplier_price_list,/home/shebahati/KaZar/Product and Data Complete/اندازه گیری/داسکوا/لیست قیمت داسکوا +10 درصد.pdf,,sku_column,c589df1dc02df10f5405c6b98b5a5970b00db193891be082d7ae8406888478df,source_id=dasqua.price_list;normalized_sku=4127-0005
DASQUA,4137-4005,2,authorized_supplier_price_list,/home/shebahati/KaZar/Product and Data Complete/اندازه گیری/داسکوا/لیست قیمت داسکوا +10 درصد.pdf,,sku_column,c589df1dc02df10f5405c6b98b5a5970b00db193891be082d7ae8406888478df,source_id=dasqua.price_list;normalized_sku=4137-4005
DASQUA,4146-1005,2,authorized_supplier_price_list,/home/shebahati/KaZar/Product and Data Complete/اندازه گیری/داسکوا/لیست قیمت داسکوا +10 درصد.pdf,,sku_column,c589df1dc02df10f5405c6b98b5a5970b00db193891be082d7ae8406888478df,source_id=dasqua.price_list;normalized_sku=4146-1005
DASQUA,4146-1010,2,authorized_supplier_price_list,/home/shebahati/KaZar/Product and Data Complete/اندازه گیری/داسکوا/لیست قیمت داسکوا +10 درصد.pdf,,sku_column,c589df1dc02df10f5405c6b98b5a5970b00db193891be082d7ae8406888478df,source_id=dasqua.price_list;normalized_sku=4146-1010
DASQUA,4146-1015,2,authorized_supplier_price_list,/home/shebahati/KaZar/Product and Data Complete/اندازه گیری/داسکوا/لیست قیمت داسکوا +10 درصد.pdf,,sku_column,c589df1dc02df10f5405c6b98b5a5970b00db193891be082d7ae8406888478df,source_id=dasqua.price_list;normalized_sku=4146-1015
DASQUA,4146-1020,2,authorized_supplier_price_list,/home/shebahati/KaZar/Product and Data Complete/اندازه گیری/داسکوا/لیست قیمت داسکوا +10 درصد.pdf,,sku_column,c589df1dc02df10f5405c6b98b5a5970b00db193891be082d7ae8406888478df,source_id=dasqua.price_list;normalized_sku=4146-1020
DASQUA,4146-5105,2,authorized_supplier_price_list,/home/shebahati/KaZar/Product and Data Complete/اندازه گیری/داسکوا/لیست قیمت داسکوا +10 درصد.pdf,,sku_column,c589df1dc02df10f5405c6b98b5a5970b00db193891be082d7ae8406888478df,source_id=dasqua.price_list;normalized_sku=4146-5105
DASQUA,4210-2103,2,authorized_supplier_price_list,/home/shebahati/KaZar/Product and Data Complete/اندازه گیری/داسکوا/لیست قیمت داسکوا +10 درصد.pdf,,sku_column,c589df1dc02df10f5405c6b98b5a5970b00db193891be082d7ae8406888478df,source_id=dasqua.price_list;normalized_sku=4210-2103
DASQUA,4210-2105-A,2,authorized_supplier_price_list,/home/shebahati/KaZar/Product and Data Complete/اندازه گیری/داسکوا/لیست قیمت داسکوا +10 درصد.pdf,,sku_column,c589df1dc02df10f5405c6b98b5a5970b00db193891be082d7ae8406888478df,source_id=dasqua.price_list;normalized_sku=4210-2105-A
DASQUA,4210-2106,2,authorized_supplier_price_list,/home/shebahati/KaZar/Product and Data Complete/اندازه گیری/داسکوا/لیست قیمت داسکوا +10 درصد.pdf,,sku_column,c589df1dc02df10f5405c6b98b5a5970b00db193891be082d7ae8406888478df,source_id=dasqua.price_list;normalized_sku=4210-2106
DASQUA,4210-2110,2,authorized_supplier_price_list,/home/shebahati/KaZar/Product and Data Complete/اندازه گیری/داسکوا/لیست قیمت داسکوا +10 درصد.pdf,,sku_column,c589df1dc02df10f5405c6b98b5a5970b00db193891be082d7ae8406888478df,source_id=dasqua.price_list;normalized_sku=4210-2110
DASQUA,4210-2125,2,authorized_supplier_price_list,/home/shebahati/KaZar/Product and Data Complete/اندازه گیری/داسکوا/لیست قیمت داسکوا +10 درصد.pdf,,sku_column,c589df1dc02df10f5405c6b98b5a5970b00db193891be082d7ae8406888478df,source_id=dasqua.price_list;normalized_sku=4210-2125
DASQUA,4210-2135-A,2,authorized_supplier_price_list,/home/shebahati/KaZar/Product and Data Complete/اندازه گیری/داسکوا/لیست قیمت داسکوا +10 درصد.pdf,,sku_column,c589df1dc02df10f5405c6b98b5a5970b00db193891be082d7ae8406888478df,source_id=dasqua.price_list;normalized_sku=4210-2135-A
DASQUA,4210-2140-A,2,authorized_supplier_price_list,/home/shebahati/KaZar/Product and Data Complete/اندازه گیری/داسکوا/لیست قیمت داسکوا +10 درصد.pdf,,sku_column,c589df1dc02df10f5405c6b98b5a5970b00db193891be082d7ae8406888478df,source_id=dasqua.price_list;normalized_sku=4210-2140-A
DASQUA,4210-2145-A,2,authorized_supplier_price_list,/home/shebahati/KaZar/Product and Data Complete/اندازه گیری/داسکوا/لیست قیمت داسکوا +10 درصد.pdf,,sku_column,c589df1dc02df10f5405c6b98b5a5970b00db193891be082d7ae8406888478df,source_id=dasqua.price_list;normalized_sku=4210-2145-A
DASQUA,4210-2150-A,2,authorized_supplier_price_list,/home/shebahati/KaZar/Product and Data Complete/اندازه گیری/داسکوا/لیست قیمت داسکوا +10 درصد.pdf,,sku_column,c589df1dc02df10f5405c6b98b5a5970b00db193891be082d7ae8406888478df,source_id=dasqua.price_list;normalized_sku=4210-2150-A
DASQUA,4210-2155-A,2,authorized_supplier_price_list,/home/shebahati/KaZar/Product and Data Complete/اندازه گیری/داسکوا/لیست قیمت داسکوا +10 درصد.pdf,,sku_column,c589df1dc02df10f5405c6b98b5a5970b00db193891be082d7ae8406888478df,source_id=dasqua.price_list;normalized_sku=4210-2155-A
DASQUA,4210-2160-A,2,authorized_supplier_price_list,/home/shebahati/KaZar/Product and Data Complete/اندازه گیری/داسکوا/لیست قیمت داسکوا +10 درصد.pdf,,sku_column,c589df1dc02df10f5405c6b98b5a5970b00db193891be082d7ae8406888478df,source_id=dasqua.price_list;normalized_sku=4210-2160-A
DASQUA,4220-2104,2,authorized_supplier_price_list,/home/shebahati/KaZar/Product and Data Complete/اندازه گیری/داسکوا/لیست قیمت داسکوا +10 درصد.pdf,,sku_column,c589df1dc02df10f5405c6b98b5a5970b00db193891be082d7ae8406888478df,source_id=dasqua.price_list;normalized_sku=4220-2104
DASQUA,4220-2108,2,authorized_supplier_price_list,/home/shebahati/KaZar/Product and Data Complete/اندازه گیری/داسکوا/لیست قیمت داسکوا +10 درصد.pdf,,sku_column,c589df1dc02df10f5405c6b98b5a5970b00db193891be082d7ae8406888478df,source_id=dasqua.price_list;normalized_sku=4220-2108
DASQUA,4220-2109,2,authorized_supplier_price_list,/home/shebahati/KaZar/Product and Data Complete/اندازه گیری/داسکوا/لیست قیمت داسکوا +10 درصد.pdf,,sku_column,c589df1dc02df10f5405c6b98b5a5970b00db193891be082d7ae8406888478df,source_id=dasqua.price_list;normalized_sku=4220-2109
DASQUA,4230-2005,2,authorized_supplier_price_list,/home/shebahati/KaZar/Product and Data Complete/اندازه گیری/داسکوا/لیست قیمت داسکوا +10 درصد.pdf,,sku_column,c589df1dc02df10f5405c6b98b5a5970b00db193891be082d7ae8406888478df,source_id=dasqua.price_list;normalized_sku=4230-2005
DASQUA,4230-2010,2,authorized_supplier_price_list,/home/shebahati/KaZar/Product and Data Complete/اندازه گیری/داسکوا/لیست قیمت داسکوا +10 درصد.pdf,,sku_column,c589df1dc02df10f5405c6b98b5a5970b00db193891be082d7ae8406888478df,source_id=dasqua.price_list;normalized_sku=4230-2010
DASQUA,4230-2015,2,authorized_supplier_price_list,/home/shebahati/KaZar/Product and Data Complete/اندازه گیری/داسکوا/لیست قیمت داسکوا +10 درصد.pdf,,sku_column,c589df1dc02df10f5405c6b98b5a5970b00db193891be082d7ae8406888478df,source_id=dasqua.price_list;normalized_sku=4230-2015
DASQUA,4230-2020,2,authorized_supplier_price_list,/home/shebahati/KaZar/Product and Data Complete/اندازه گیری/داسکوا/لیست قیمت داسکوا +10 درصد.pdf,,sku_column,c589df1dc02df10f5405c6b98b5a5970b00db193891be082d7ae8406888478df,source_id=dasqua.price_list;normalized_sku=4230-2020
DASQUA,4230-2025,2,authorized_supplier_price_list,/home/shebahati/KaZar/Product and Data Complete/اندازه گیری/داسکوا/لیست قیمت داسکوا +10 درصد.pdf,,sku_column,c589df1dc02df10f5405c6b98b5a5970b00db193891be082d7ae8406888478df,source_id=dasqua.price_list;normalized_sku=4230-2025
DASQUA,4230-2030,2,authorized_supplier_price_list,/home/shebahati/KaZar/Product and Data Complete/اندازه گیری/داسکوا/لیست قیمت داسکوا +10 درصد.pdf,,sku_column,c589df1dc02df10f5405c6b98b5a5970b00db193891be082d7ae8406888478df,source_id=dasqua.price_list;normalized_sku=4230-2030
DASQUA,4311-8103,2,authorized_supplier_price_list,/home/shebahati/KaZar/Product and Data Complete/اندازه گیری/داسکوا/لیست قیمت داسکوا +10 درصد.pdf,,sku_column,c589df1dc02df10f5405c6b98b5a5970b00db193891be082d7ae8406888478df,source_id=dasqua.price_list;normalized_sku=4311-8103
DASQUA,4311-8105,2,authorized_supplier_price_list,/home/shebahati/KaZar/Product and Data Complete/اندازه گیری/داسکوا/لیست قیمت داسکوا +10 درصد.pdf,,sku_column,c589df1dc02df10f5405c6b98b5a5970b00db193891be082d7ae8406888478df,source_id=dasqua.price_list;normalized_sku=4311-8105
DASQUA,4311-8106,2,authorized_supplier_price_list,/home/shebahati/KaZar/Product and Data Complete/اندازه گیری/داسکوا/لیست قیمت داسکوا +10 درصد.pdf,,sku_column,c589df1dc02df10f5405c6b98b5a5970b00db193891be082d7ae8406888478df,source_id=dasqua.price_list;normalized_sku=4311-8106
DASQUA,4311-8107,2,authorized_supplier_price_list,/home/shebahati/KaZar/Product and Data Complete/اندازه گیری/داسکوا/لیست قیمت داسکوا +10 درصد.pdf,,sku_column,c589df1dc02df10f5405c6b98b5a5970b00db193891be082d7ae8406888478df,source_id=dasqua.price_list;normalized_sku=4311-8107
DASQUA,4311-8109,2,authorized_supplier_price_list,/home/shebahati/KaZar/Product and Data Complete/اندازه گیری/داسکوا/لیست قیمت داسکوا +10 درصد.pdf,,sku_column,c589df1dc02df10f5405c6b98b5a5970b00db193891be082d7ae8406888478df,source_id=dasqua.price_list;normalized_sku=4311-8109
DASQUA,4311-8111,2,authorized_supplier_price_list,/home/shebahati/KaZar/Product and Data Complete/اندازه گیری/داسکوا/لیست قیمت داسکوا +10 درصد.pdf,,sku_column,c589df1dc02df10f5405c6b98b5a5970b00db193891be082d7ae8406888478df,source_id=dasqua.price_list;normalized_sku=4311-8111
DASQUA,4311-8113,2,authorized_supplier_price_list,/home/shebahati/KaZar/Product and Data Complete/اندازه گیری/داسکوا/لیست قیمت داسکوا +10 درصد.pdf,,sku_column,c589df1dc02df10f5405c6b98b5a5970b00db193891be082d7ae8406888478df,source_id=dasqua.price_list;normalized_sku=4311-8113
DASQUA,4311-8118,2,authorized_supplier_price_list,/home/shebahati/KaZar/Product and Data Complete/اندازه گیری/داسکوا/لیست قیمت داسکوا +10 درصد.pdf,,sku_column,c589df1dc02df10f5405c6b98b5a5970b00db193891be082d7ae8406888478df,source_id=dasqua.price_list;normalized_sku=4311-8118
DASQUA,4311-8119,2,authorized_supplier_price_list,/home/shebahati/KaZar/Product and Data Complete/اندازه گیری/داسکوا/لیست قیمت داسکوا +10 درصد.pdf,,sku_column,c589df1dc02df10f5405c6b98b5a5970b00db193891be082d7ae8406888478df,source_id=dasqua.price_list;normalized_sku=4311-8119
DASQUA,4311-8120,2,authorized_supplier_price_list,/home/shebahati/KaZar/Product and Data Complete/اندازه گیری/داسکوا/لیست قیمت داسکوا +10 درصد.pdf,,sku_column,c589df1dc02df10f5405c6b98b5a5970b00db193891be082d7ae8406888478df,source_id=dasqua.price_list;normalized_sku=4311-8120
DASQUA,4320-2005,2,authorized_supplier_price_list,/home/shebahati/KaZar/Product and Data Complete/اندازه گیری/داسکوا/لیست قیمت داسکوا +10 درصد.pdf,,sku_column,c589df1dc02df10f5405c6b98b5a5970b00db193891be082d7ae8406888478df,source_id=dasqua.price_list;normalized_sku=4320-2005
DASQUA,4320-2010,2,authorized_supplier_price_list,/home/shebahati/KaZar/Product and Data Complete/اندازه گیری/داسکوا/لیست قیمت داسکوا +10 درصد.pdf,,sku_column,c589df1dc02df10f5405c6b98b5a5970b00db193891be082d7ae8406888478df,source_id=dasqua.price_list;normalized_sku=4320-2010
DASQUA,4320-2015,2,authorized_supplier_price_list,/home/shebahati/KaZar/Product and Data Complete/اندازه گیری/داسکوا/لیست قیمت داسکوا +10 درصد.pdf,,sku_column,c589df1dc02df10f5405c6b98b5a5970b00db193891be082d7ae8406888478df,source_id=dasqua.price_list;normalized_sku=4320-2015
DASQUA,4320-2020,2,authorized_supplier_price_list,/home/shebahati/KaZar/Product and Data Complete/اندازه گیری/داسکوا/لیست قیمت داسکوا +10 درصد.pdf,,sku_column,c589df1dc02df10f5405c6b98b5a5970b00db193891be082d7ae8406888478df,source_id=dasqua.price_list;normalized_sku=4320-2020
DASQUA,4331-0105,2,authorized_supplier_price_list,/home/shebahati/KaZar/Product and Data Complete/اندازه گیری/داسکوا/لیست قیمت داسکوا +10 درصد.pdf,,sku_column,c589df1dc02df10f5405c6b98b5a5970b00db193891be082d7ae8406888478df,source_id=dasqua.price_list;normalized_sku=4331-0105
DASQUA,4400-0005,2,authorized_supplier_price_list,/home/shebahati/KaZar/Product and Data Complete/اندازه گیری/داسکوا/لیست قیمت داسکوا +10 درصد.pdf,,sku_column,c589df1dc02df10f5405c6b98b5a5970b00db193891be082d7ae8406888478df,source_id=dasqua.price_list;normalized_sku=4400-0005
DASQUA,4400-0010,2,authorized_supplier_price_list,/home/shebahati/KaZar/Product and Data Complete/اندازه گیری/داسکوا/لیست قیمت داسکوا +10 درصد.pdf,,sku_column,c589df1dc02df10f5405c6b98b5a5970b00db193891be082d7ae8406888478df,source_id=dasqua.price_list;normalized_sku=4400-0010
DASQUA,4410-1105-A,2,authorized_supplier_price_list,/home/shebahati/KaZar/Product and Data Complete/اندازه گیری/داسکوا/لیست قیمت داسکوا +10 درصد.pdf,,sku_column,c589df1dc02df10f5405c6b98b5a5970b00db193891be082d7ae8406888478df,source_id=dasqua.price_list;normalized_sku=4410-1105-A
DASQUA,4410-1110-A,2,authorized_supplier_price_list,/home/shebahati/KaZar/Product and Data Complete/اندازه گیری/داسکوا/لیست قیمت داسکوا +10 درصد.pdf,,sku_column,c589df1dc02df10f5405c6b98b5a5970b00db193891be082d7ae8406888478df,source_id=dasqua.price_list;normalized_sku=4410-1110-A
DASQUA,4410-1115-A,2,authorized_supplier_price_list,/home/shebahati/KaZar/Product and Data Complete/اندازه گیری/داسکوا/لیست قیمت داسکوا +10 درصد.pdf,,sku_column,c589df1dc02df10f5405c6b98b5a5970b00db193891be082d7ae8406888478df,source_id=dasqua.price_list;normalized_sku=4410-1115-A
DASQUA,4410-1120-A,2,authorized_supplier_price_list,/home/shebahati/KaZar/Product and Data Complete/اندازه گیری/داسکوا/لیست قیمت داسکوا +10 درصد.pdf,,sku_column,c589df1dc02df10f5405c6b98b5a5970b00db193891be082d7ae8406888478df,source_id=dasqua.price_list;normalized_sku=4410-1120-A
DASQUA,4410-1125,2,authorized_supplier_price_list,/home/shebahati/KaZar/Product and Data Complete/اندازه گیری/داسکوا/لیست قیمت داسکوا +10 درصد.pdf,,sku_column,c589df1dc02df10f5405c6b98b5a5970b00db193891be082d7ae8406888478df,source_id=dasqua.price_list;normalized_sku=4410-1125
DASQUA,4411-3210,2,authorized_supplier_price_list,/home/shebahati/KaZar/Product and Data Complete/اندازه گیری/داسکوا/لیست قیمت داسکوا +10 درصد.pdf,,sku_column,c589df1dc02df10f5405c6b98b5a5970b00db193891be082d7ae8406888478df,source_id=dasqua.price_list;normalized_sku=4411-3210
DASQUA,4411-3215,2,authorized_supplier_price_list,/home/shebahati/KaZar/Product and Data Complete/اندازه گیری/داسکوا/لیست قیمت داسکوا +10 درصد.pdf,,sku_column,c589df1dc02df10f5405c6b98b5a5970b00db193891be082d7ae8406888478df,source_id=dasqua.price_list;normalized_sku=4411-3215
DASQUA,4411-3220,2,authorized_supplier_price_list,/home/shebahati/KaZar/Product and Data Complete/اندازه گیری/داسکوا/لیست قیمت داسکوا +10 درصد.pdf,,sku_column,c589df1dc02df10f5405c6b98b5a5970b00db193891be082d7ae8406888478df,source_id=dasqua.price_list;normalized_sku=4411-3220
DASQUA,4411-5101-H,2,authorized_supplier_price_list,/home/shebahati/KaZar/Product and Data Complete/اندازه گیری/داسکوا/لیست قیمت داسکوا +10 درصد.pdf,,sku_column,c589df1dc02df10f5405c6b98b5a5970b00db193891be082d7ae8406888478df,source_id=dasqua.price_list;normalized_sku=4411-5101-H
DASQUA,4411-5102-H,2,authorized_supplier_price_list,/home/shebahati/KaZar/Product and Data Complete/اندازه گیری/داسکوا/لیست قیمت داسکوا +10 درصد.pdf,,sku_column,c589df1dc02df10f5405c6b98b5a5970b00db193891be082d7ae8406888478df,source_id=dasqua.price_list;normalized_sku=4411-5102-H
DASQUA,4411-5103-H,2,authorized_supplier_price_list,/home/shebahati/KaZar/Product and Data Complete/اندازه گیری/داسکوا/لیست قیمت داسکوا +10 درصد.pdf,,sku_column,c589df1dc02df10f5405c6b98b5a5970b00db193891be082d7ae8406888478df,source_id=dasqua.price_list;normalized_sku=4411-5103-H
DASQUA,4411-5104-H,2,authorized_supplier_price_list,/home/shebahati/KaZar/Product and Data Complete/اندازه گیری/داسکوا/لیست قیمت داسکوا +10 درصد.pdf,,sku_column,c589df1dc02df10f5405c6b98b5a5970b00db193891be082d7ae8406888478df,source_id=dasqua.price_list;normalized_sku=4411-5104-H
DASQUA,4411-5105-H,2,authorized_supplier_price_list,/home/shebahati/KaZar/Product and Data Complete/اندازه گیری/داسکوا/لیست قیمت داسکوا +10 درصد.pdf,,sku_column,c589df1dc02df10f5405c6b98b5a5970b00db193891be082d7ae8406888478df,source_id=dasqua.price_list;normalized_sku=4411-5105-H
DASQUA,4411-5106-H,2,authorized_supplier_price_list,/home/shebahati/KaZar/Product and Data Complete/اندازه گیری/داسکوا/لیست قیمت داسکوا +10 درصد.pdf,,sku_column,c589df1dc02df10f5405c6b98b5a5970b00db193891be082d7ae8406888478df,source_id=dasqua.price_list;normalized_sku=4411-5106-H
DASQUA,4411-5107-H,2,authorized_supplier_price_list,/home/shebahati/KaZar/Product and Data Complete/اندازه گیری/داسکوا/لیست قیمت داسکوا +10 درصد.pdf,,sku_column,c589df1dc02df10f5405c6b98b5a5970b00db193891be082d7ae8406888478df,source_id=dasqua.price_list;normalized_sku=4411-5107-H
DASQUA,4411-5108-H,2,authorized_supplier_price_list,/home/shebahati/KaZar/Product and Data Complete/اندازه گیری/داسکوا/لیست قیمت داسکوا +10 درصد.pdf,,sku_column,c589df1dc02df10f5405c6b98b5a5970b00db193891be082d7ae8406888478df,source_id=dasqua.price_list;normalized_sku=4411-5108-H
DASQUA,4411-5109-H,2,authorized_supplier_price_list,/home/shebahati/KaZar/Product and Data Complete/اندازه گیری/داسکوا/لیست قیمت داسکوا +10 درصد.pdf,,sku_column,c589df1dc02df10f5405c6b98b5a5970b00db193891be082d7ae8406888478df,source_id=dasqua.price_list;normalized_sku=4411-5109-H
DASQUA,4411-5110-H,2,authorized_supplier_price_list,/home/shebahati/KaZar/Product and Data Complete/اندازه گیری/داسکوا/لیست قیمت داسکوا +10 درصد.pdf,,sku_column,c589df1dc02df10f5405c6b98b5a5970b00db193891be082d7ae8406888478df,source_id=dasqua.price_list;normalized_sku=4411-5110-H
DASQUA,4411-5111-H,2,authorized_supplier_price_list,/home/shebahati/KaZar/Product and Data Complete/اندازه گیری/داسکوا/لیست قیمت داسکوا +10 درصد.pdf,,sku_column,c589df1dc02df10f5405c6b98b5a5970b00db193891be082d7ae8406888478df,source_id=dasqua.price_list;normalized_sku=4411-5111-H
DASQUA,4411-5112-H,2,authorized_supplier_price_list,/home/shebahati/KaZar/Product and Data Complete/اندازه گیری/داسکوا/لیست قیمت داسکوا +10 درصد.pdf,,sku_column,c589df1dc02df10f5405c6b98b5a5970b00db193891be082d7ae8406888478df,source_id=dasqua.price_list;normalized_sku=4411-5112-H
DASQUA,4411-5113-H,2,authorized_supplier_price_list,/home/shebahati/KaZar/Product and Data Complete/اندازه گیری/داسکوا/لیست قیمت داسکوا +10 درصد.pdf,,sku_column,c589df1dc02df10f5405c6b98b5a5970b00db193891be082d7ae8406888478df,source_id=dasqua.price_list;normalized_sku=4411-5113-H
DASQUA,4411-5114-A,2,authorized_supplier_price_list,/home/shebahati/KaZar/Product and Data Complete/اندازه گیری/داسکوا/لیست قیمت داسکوا +10 درصد.pdf,,sku_column,c589df1dc02df10f5405c6b98b5a5970b00db193891be082d7ae8406888478df,source_id=dasqua.price_list;normalized_sku=4411-5114-A
DASQUA,4411-5115-A,2,authorized_supplier_price_list,/home/shebahati/KaZar/Product and Data Complete/اندازه گیری/داسکوا/لیست قیمت داسکوا +10 درصد.pdf,,sku_column,c589df1dc02df10f5405c6b98b5a5970b00db193891be082d7ae8406888478df,source_id=dasqua.price_list;normalized_sku=4411-5115-A
DASQUA,4411-5116-A,2,authorized_supplier_price_list,/home/shebahati/KaZar/Product and Data Complete/اندازه گیری/داسکوا/لیست قیمت داسکوا +10 درصد.pdf,,sku_column,c589df1dc02df10f5405c6b98b5a5970b00db193891be082d7ae8406888478df,source_id=dasqua.price_list;normalized_sku=4411-5116-A
DASQUA,4411-5117-A,2,authorized_supplier_price_list,/home/shebahati/KaZar/Product and Data Complete/اندازه گیری/داسکوا/لیست قیمت داسکوا +10 درصد.pdf,,sku_column,c589df1dc02df10f5405c6b98b5a5970b00db193891be082d7ae8406888478df,source_id=dasqua.price_list;normalized_sku=4411-5117-A
DASQUA,4411-5118-A,2,authorized_supplier_price_list,/home/shebahati/KaZar/Product and Data Complete/اندازه گیری/داسکوا/لیست قیمت داسکوا +10 درصد.pdf,,sku_column,c589df1dc02df10f5405c6b98b5a5970b00db193891be082d7ae8406888478df,source_id=dasqua.price_list;normalized_sku=4411-5118-A
DASQUA,4411-5119-A,2,authorized_supplier_price_list,/home/shebahati/KaZar/Product and Data Complete/اندازه گیری/داسکوا/لیست قیمت داسکوا +10 درصد.pdf,,sku_column,c589df1dc02df10f5405c6b98b5a5970b00db193891be082d7ae8406888478df,source_id=dasqua.price_list;normalized_sku=4411-5119-A
DASQUA,4411-5120-A,2,authorized_supplier_price_list,/home/shebahati/KaZar/Product and Data Complete/اندازه گیری/داسکوا/لیست قیمت داسکوا +10 درصد.pdf,,sku_column,c589df1dc02df10f5405c6b98b5a5970b00db193891be082d7ae8406888478df,source_id=dasqua.price_list;normalized_sku=4411-5120-A
DASQUA,4411-5121-A,2,authorized_supplier_price_list,/home/shebahati/KaZar/Product and Data Complete/اندازه گیری/داسکوا/لیست قیمت داسکوا +10 درصد.pdf,,sku_column,c589df1dc02df10f5405c6b98b5a5970b00db193891be082d7ae8406888478df,source_id=dasqua.price_list;normalized_sku=4411-5121-A
DASQUA,4411-9205-H,2,authorized_supplier_price_list,/home/shebahati/KaZar/Product and Data Complete/اندازه گیری/داسکوا/لیست قیمت داسکوا +10 درصد.pdf,,sku_column,c589df1dc02df10f5405c6b98b5a5970b00db193891be082d7ae8406888478df,source_id=dasqua.price_list;normalized_sku=4411-9205-H
DASQUA,4440-1005,2,authorized_supplier_price_list,/home/shebahati/KaZar/Product and Data Complete/اندازه گیری/داسکوا/لیست قیمت داسکوا +10 درصد.pdf,,sku_column,c589df1dc02df10f5405c6b98b5a5970b00db193891be082d7ae8406888478df,source_id=dasqua.price_list;normalized_sku=4440-1005
DASQUA,4440-1010,2,authorized_supplier_price_list,/home/shebahati/KaZar/Product and Data Complete/اندازه گیری/داسکوا/لیست قیمت داسکوا +10 درصد.pdf,,sku_column,c589df1dc02df10f5405c6b98b5a5970b00db193891be082d7ae8406888478df,source_id=dasqua.price_list;normalized_sku=4440-1010
DASQUA,4510-1005,2,authorized_supplier_price_list,/home/shebahati/KaZar/Product and Data Complete/اندازه گیری/داسکوا/لیست قیمت داسکوا +10 درصد.pdf,,sku_column,c589df1dc02df10f5405c6b98b5a5970b00db193891be082d7ae8406888478df,source_id=dasqua.price_list;normalized_sku=4510-1005
DASQUA,4511-5101,2,authorized_supplier_price_list,/home/shebahati/KaZar/Product and Data Complete/اندازه گیری/داسکوا/لیست قیمت داسکوا +10 درصد.pdf,,sku_column,c589df1dc02df10f5405c6b98b5a5970b00db193891be082d7ae8406888478df,source_id=dasqua.price_list;normalized_sku=4511-5101
DASQUA,4511-5102,2,authorized_supplier_price_list,/home/shebahati/KaZar/Product and Data Complete/اندازه گیری/داسکوا/لیست قیمت داسکوا +10 درصد.pdf,,sku_column,c589df1dc02df10f5405c6b98b5a5970b00db193891be082d7ae8406888478df,source_id=dasqua.price_list;normalized_sku=4511-5102
DASQUA,4511-5103,2,authorized_supplier_price_list,/home/shebahati/KaZar/Product and Data Complete/اندازه گیری/داسکوا/لیست قیمت داسکوا +10 درصد.pdf,,sku_column,c589df1dc02df10f5405c6b98b5a5970b00db193891be082d7ae8406888478df,source_id=dasqua.price_list;normalized_sku=4511-5103
DASQUA,4511-5104,2,authorized_supplier_price_list,/home/shebahati/KaZar/Product and Data Complete/اندازه گیری/داسکوا/لیست قیمت داسکوا +10 درصد.pdf,,sku_column,c589df1dc02df10f5405c6b98b5a5970b00db193891be082d7ae8406888478df,source_id=dasqua.price_list;normalized_sku=4511-5104
DASQUA,4511-5105,2,authorized_supplier_price_list,/home/shebahati/KaZar/Product and Data Complete/اندازه گیری/داسکوا/لیست قیمت داسکوا +10 درصد.pdf,,sku_column,c589df1dc02df10f5405c6b98b5a5970b00db193891be082d7ae8406888478df,source_id=dasqua.price_list;normalized_sku=4511-5105
DASQUA,4511-5106,2,authorized_supplier_price_list,/home/shebahati/KaZar/Product and Data Complete/اندازه گیری/داسکوا/لیست قیمت داسکوا +10 درصد.pdf,,sku_column,c589df1dc02df10f5405c6b98b5a5970b00db193891be082d7ae8406888478df,source_id=dasqua.price_list;normalized_sku=4511-5106
DASQUA,4511-5107,2,authorized_supplier_price_list,/home/shebahati/KaZar/Product and Data Complete/اندازه گیری/داسکوا/لیست قیمت داسکوا +10 درصد.pdf,,sku_column,c589df1dc02df10f5405c6b98b5a5970b00db193891be082d7ae8406888478df,source_id=dasqua.price_list;normalized_sku=4511-5107
DASQUA,4511-5108,2,authorized_supplier_price_list,/home/shebahati/KaZar/Product and Data Complete/اندازه گیری/داسکوا/لیست قیمت داسکوا +10 درصد.pdf,,sku_column,c589df1dc02df10f5405c6b98b5a5970b00db193891be082d7ae8406888478df,source_id=dasqua.price_list;normalized_sku=4511-5108
DASQUA,4511-5109,2,authorized_supplier_price_list,/home/shebahati/KaZar/Product and Data Complete/اندازه گیری/داسکوا/لیست قیمت داسکوا +10 درصد.pdf,,sku_column,c589df1dc02df10f5405c6b98b5a5970b00db193891be082d7ae8406888478df,source_id=dasqua.price_list;normalized_sku=4511-5109
DASQUA,4511-5110,2,authorized_supplier_price_list,/home/shebahati/KaZar/Product and Data Complete/اندازه گیری/داسکوا/لیست قیمت داسکوا +10 درصد.pdf,,sku_column,c589df1dc02df10f5405c6b98b5a5970b00db193891be082d7ae8406888478df,source_id=dasqua.price_list;normalized_sku=4511-5110
DASQUA,4511-5111,2,authorized_supplier_price_list,/home/shebahati/KaZar/Product and Data Complete/اندازه گیری/داسکوا/لیست قیمت داسکوا +10 درصد.pdf,,sku_column,c589df1dc02df10f5405c6b98b5a5970b00db193891be082d7ae8406888478df,source_id=dasqua.price_list;normalized_sku=4511-5111
DASQUA,4511-5112,2,authorized_supplier_price_list,/home/shebahati/KaZar/Product and Data Complete/اندازه گیری/داسکوا/لیست قیمت داسکوا +10 درصد.pdf,,sku_column,c589df1dc02df10f5405c6b98b5a5970b00db193891be082d7ae8406888478df,source_id=dasqua.price_list;normalized_sku=4511-5112
DASQUA,4511-5113,2,authorized_supplier_price_list,/home/shebahati/KaZar/Product and Data Complete/اندازه گیری/داسکوا/لیست قیمت داسکوا +10 درصد.pdf,,sku_column,c589df1dc02df10f5405c6b98b5a5970b00db193891be082d7ae8406888478df,source_id=dasqua.price_list;normalized_sku=4511-5113
DASQUA,4511-5114,2,authorized_supplier_price_list,/home/shebahati/KaZar/Product and Data Complete/اندازه گیری/داسکوا/لیست قیمت داسکوا +10 درصد.pdf,,sku_column,c589df1dc02df10f5405c6b98b5a5970b00db193891be082d7ae8406888478df,source_id=dasqua.price_list;normalized_sku=4511-5114
DASQUA,4511-5115-A,2,authorized_supplier_price_list,/home/shebahati/KaZar/Product and Data Complete/اندازه گیری/داسکوا/لیست قیمت داسکوا +10 درصد.pdf,,sku_column,c589df1dc02df10f5405c6b98b5a5970b00db193891be082d7ae8406888478df,source_id=dasqua.price_list;normalized_sku=4511-5115-A
DASQUA,4511-5116,2,authorized_supplier_price_list,/home/shebahati/KaZar/Product and Data Complete/اندازه گیری/داسکوا/لیست قیمت داسکوا +10 درصد.pdf,,sku_column,c589df1dc02df10f5405c6b98b5a5970b00db193891be082d7ae8406888478df,source_id=dasqua.price_list;normalized_sku=4511-5116
DASQUA,4511-5117-A,2,authorized_supplier_price_list,/home/shebahati/KaZar/Product and Data Complete/اندازه گیری/داسکوا/لیست قیمت داسکوا +10 درصد.pdf,,sku_column,c589df1dc02df10f5405c6b98b5a5970b00db193891be082d7ae8406888478df,source_id=dasqua.price_list;normalized_sku=4511-5117-A
DASQUA,4511-5118-A,2,authorized_supplier_price_list,/home/shebahati/KaZar/Product and Data Complete/اندازه گیری/داسکوا/لیست قیمت داسکوا +10 درصد.pdf,,sku_column,c589df1dc02df10f5405c6b98b5a5970b00db193891be082d7ae8406888478df,source_id=dasqua.price_list;normalized_sku=4511-5118-A
DASQUA,4511-5119-A,2,authorized_supplier_price_list,/home/shebahati/KaZar/Product and Data Complete/اندازه گیری/داسکوا/لیست قیمت داسکوا +10 درصد.pdf,,sku_column,c589df1dc02df10f5405c6b98b5a5970b00db193891be082d7ae8406888478df,source_id=dasqua.price_list;normalized_sku=4511-5119-A
DASQUA,4511-5120-A,2,authorized_supplier_price_list,/home/shebahati/KaZar/Product and Data Complete/اندازه گیری/داسکوا/لیست قیمت داسکوا +10 درصد.pdf,,sku_column,c589df1dc02df10f5405c6b98b5a5970b00db193891be082d7ae8406888478df,source_id=dasqua.price_list;normalized_sku=4511-5120-A
DASQUA,4511-5121-A,2,authorized_supplier_price_list,/home/shebahati/KaZar/Product and Data Complete/اندازه گیری/داسکوا/لیست قیمت داسکوا +10 درصد.pdf,,sku_column,c589df1dc02df10f5405c6b98b5a5970b00db193891be082d7ae8406888478df,source_id=dasqua.price_list;normalized_sku=4511-5121-A
DASQUA,4511-9205,2,authorized_supplier_price_list,/home/shebahati/KaZar/Product and Data Complete/اندازه گیری/داسکوا/لیست قیمت داسکوا +10 درصد.pdf,,sku_column,c589df1dc02df10f5405c6b98b5a5970b00db193891be082d7ae8406888478df,source_id=dasqua.price_list;normalized_sku=4511-9205
DASQUA,4511-9210,2,authorized_supplier_price_list,/home/shebahati/KaZar/Product and Data Complete/اندازه گیری/داسکوا/لیست قیمت داسکوا +10 درصد.pdf,,sku_column,c589df1dc02df10f5405c6b98b5a5970b00db193891be082d7ae8406888478df,source_id=dasqua.price_list;normalized_sku=4511-9210
DASQUA,4511-9215,2,authorized_supplier_price_list,/home/shebahati/KaZar/Product and Data Complete/اندازه گیری/داسکوا/لیست قیمت داسکوا +10 درصد.pdf,,sku_column,c589df1dc02df10f5405c6b98b5a5970b00db193891be082d7ae8406888478df,source_id=dasqua.price_list;normalized_sku=4511-9215
DASQUA,4511-9220,2,authorized_supplier_price_list,/home/shebahati/KaZar/Product and Data Complete/اندازه گیری/داسکوا/لیست قیمت داسکوا +10 درصد.pdf,,sku_column,c589df1dc02df10f5405c6b98b5a5970b00db193891be082d7ae8406888478df,source_id=dasqua.price_list;normalized_sku=4511-9220
DASQUA,4550-1005,2,authorized_supplier_price_list,/home/shebahati/KaZar/Product and Data Complete/اندازه گیری/داسکوا/لیست قیمت داسکوا +10 درصد.pdf,,sku_column,c589df1dc02df10f5405c6b98b5a5970b00db193891be082d7ae8406888478df,source_id=dasqua.price_list;normalized_sku=4550-1005
DASQUA,4560-0001,2,authorized_supplier_price_list,/home/shebahati/KaZar/Product and Data Complete/اندازه گیری/داسکوا/لیست قیمت داسکوا +10 درصد.pdf,,sku_column,c589df1dc02df10f5405c6b98b5a5970b00db193891be082d7ae8406888478df,source_id=dasqua.price_list;normalized_sku=4560-0001
DASQUA,4560-0002,2,authorized_supplier_price_list,/home/shebahati/KaZar/Product and Data Complete/اندازه گیری/داسکوا/لیست قیمت داسکوا +10 درصد.pdf,,sku_column,c589df1dc02df10f5405c6b98b5a5970b00db193891be082d7ae8406888478df,source_id=dasqua.price_list;normalized_sku=4560-0002
DASQUA,4560-0003,2,authorized_supplier_price_list,/home/shebahati/KaZar/Product and Data Complete/اندازه گیری/داسکوا/لیست قیمت داسکوا +10 درصد.pdf,,sku_column,c589df1dc02df10f5405c6b98b5a5970b00db193891be082d7ae8406888478df,source_id=dasqua.price_list;normalized_sku=4560-0003
DASQUA,4560-0004,2,authorized_supplier_price_list,/home/shebahati/KaZar/Product and Data Complete/اندازه گیری/داسکوا/لیست قیمت داسکوا +10 درصد.pdf,,sku_column,c589df1dc02df10f5405c6b98b5a5970b00db193891be082d7ae8406888478df,source_id=dasqua.price_list;normalized_sku=4560-0004
DASQUA,4560-0005,2,authorized_supplier_price_list,/home/shebahati/KaZar/Product and Data Complete/اندازه گیری/داسکوا/لیست قیمت داسکوا +10 درصد.pdf,,sku_column,c589df1dc02df10f5405c6b98b5a5970b00db193891be082d7ae8406888478df,source_id=dasqua.price_list;normalized_sku=4560-0005
DASQUA,4560-0006,2,authorized_supplier_price_list,/home/shebahati/KaZar/Product and Data Complete/اندازه گیری/داسکوا/لیست قیمت داسکوا +10 درصد.pdf,,sku_column,c589df1dc02df10f5405c6b98b5a5970b00db193891be082d7ae8406888478df,source_id=dasqua.price_list;normalized_sku=4560-0006
DASQUA,4560-0007,2,authorized_supplier_price_list,/home/shebahati/KaZar/Product and Data Complete/اندازه گیری/داسکوا/لیست قیمت داسکوا +10 درصد.pdf,,sku_column,c589df1dc02df10f5405c6b98b5a5970b00db193891be082d7ae8406888478df,source_id=dasqua.price_list;normalized_sku=4560-0007
DASQUA,4560-0008,2,authorized_supplier_price_list,/home/shebahati/KaZar/Product and Data Complete/اندازه گیری/داسکوا/لیست قیمت داسکوا +10 درصد.pdf,,sku_column,c589df1dc02df10f5405c6b98b5a5970b00db193891be082d7ae8406888478df,source_id=dasqua.price_list;normalized_sku=4560-0008
DASQUA,4560-0009,2,authorized_supplier_price_list,/home/shebahati/KaZar/Product and Data Complete/اندازه گیری/داسکوا/لیست قیمت داسکوا +10 درصد.pdf,,sku_column,c589df1dc02df10f5405c6b98b5a5970b00db193891be082d7ae8406888478df,source_id=dasqua.price_list;normalized_sku=4560-0009
DASQUA,4560-0010,2,authorized_supplier_price_list,/home/shebahati/KaZar/Product and Data Complete/اندازه گیری/داسکوا/لیست قیمت داسکوا +10 درصد.pdf,,sku_column,c589df1dc02df10f5405c6b98b5a5970b00db193891be082d7ae8406888478df,source_id=dasqua.price_list;normalized_sku=4560-0010
DASQUA,4560-0011,2,authorized_supplier_price_list,/home/shebahati/KaZar/Product and Data Complete/اندازه گیری/داسکوا/لیست قیمت داسکوا +10 درصد.pdf,,sku_column,c589df1dc02df10f5405c6b98b5a5970b00db193891be082d7ae8406888478df,source_id=dasqua.price_list;normalized_sku=4560-0011
DASQUA,4560-5501,2,authorized_supplier_price_list,/home/shebahati/KaZar/Product and Data Complete/اندازه گیری/داسکوا/لیست قیمت داسکوا +10 درصد.pdf,,sku_column,c589df1dc02df10f5405c6b98b5a5970b00db193891be082d7ae8406888478df,source_id=dasqua.price_list;normalized_sku=4560-5501
DASQUA,4560-5502,2,authorized_supplier_price_list,/home/shebahati/KaZar/Product and Data Complete/اندازه گیری/داسکوا/لیست قیمت داسکوا +10 درصد.pdf,,sku_column,c589df1dc02df10f5405c6b98b5a5970b00db193891be082d7ae8406888478df,source_id=dasqua.price_list;normalized_sku=4560-5502
DASQUA,4560-5503,2,authorized_supplier_price_list,/home/shebahati/KaZar/Product and Data Complete/اندازه گیری/داسکوا/لیست قیمت داسکوا +10 درصد.pdf,,sku_column,c589df1dc02df10f5405c6b98b5a5970b00db193891be082d7ae8406888478df,source_id=dasqua.price_list;normalized_sku=4560-5503
DASQUA,4560-5504,2,authorized_supplier_price_list,/home/shebahati/KaZar/Product and Data Complete/اندازه گیری/داسکوا/لیست قیمت داسکوا +10 درصد.pdf,,sku_column,c589df1dc02df10f5405c6b98b5a5970b00db193891be082d7ae8406888478df,source_id=dasqua.price_list;normalized_sku=4560-5504
DASQUA,4560-5505,2,authorized_supplier_price_list,/home/shebahati/KaZar/Product and Data Complete/اندازه گیری/داسکوا/لیست قیمت داسکوا +10 درصد.pdf,,sku_column,c589df1dc02df10f5405c6b98b5a5970b00db193891be082d7ae8406888478df,source_id=dasqua.price_list;normalized_sku=4560-5505
DASQUA,4560-5506,2,authorized_supplier_price_list,/home/shebahati/KaZar/Product and Data Complete/اندازه گیری/داسکوا/لیست قیمت داسکوا +10 درصد.pdf,,sku_column,c589df1dc02df10f5405c6b98b5a5970b00db193891be082d7ae8406888478df,source_id=dasqua.price_list;normalized_sku=4560-5506
DASQUA,4560-5507,2,authorized_supplier_price_list,/home/shebahati/KaZar/Product and Data Complete/اندازه گیری/داسکوا/لیست قیمت داسکوا +10 درصد.pdf,,sku_column,c589df1dc02df10f5405c6b98b5a5970b00db193891be082d7ae8406888478df,source_id=dasqua.price_list;normalized_sku=4560-5507
DASQUA,4560-5508,2,authorized_supplier_price_list,/home/shebahati/KaZar/Product and Data Complete/اندازه گیری/داسکوا/لیست قیمت داسکوا +10 درصد.pdf,,sku_column,c589df1dc02df10f5405c6b98b5a5970b00db193891be082d7ae8406888478df,source_id=dasqua.price_list;normalized_sku=4560-5508
DASQUA,4560-5509,2,authorized_supplier_price_list,/home/shebahati/KaZar/Product and Data Complete/اندازه گیری/داسکوا/لیست قیمت داسکوا +10 درصد.pdf,,sku_column,c589df1dc02df10f5405c6b98b5a5970b00db193891be082d7ae8406888478df,source_id=dasqua.price_list;normalized_sku=4560-5509
DASQUA,4560-5510,2,authorized_supplier_price_list,/home/shebahati/KaZar/Product and Data Complete/اندازه گیری/داسکوا/لیست قیمت داسکوا +10 درصد.pdf,,sku_column,c589df1dc02df10f5405c6b98b5a5970b00db193891be082d7ae8406888478df,source_id=dasqua.price_list;normalized_sku=4560-5510
DASQUA,4560-6001,2,authorized_supplier_price_list,/home/shebahati/KaZar/Product and Data Complete/اندازه گیری/داسکوا/لیست قیمت داسکوا +10 درصد.pdf,,sku_column,c589df1dc02df10f5405c6b98b5a5970b00db193891be082d7ae8406888478df,source_id=dasqua.price_list;normalized_sku=4560-6001
DASQUA,4560-6002,2,authorized_supplier_price_list,/home/shebahati/KaZar/Product and Data Complete/اندازه گیری/داسکوا/لیست قیمت داسکوا +10 درصد.pdf,,sku_column,c589df1dc02df10f5405c6b98b5a5970b00db193891be082d7ae8406888478df,source_id=dasqua.price_list;normalized_sku=4560-6002
DASQUA,4560-6003,2,authorized_supplier_price_list,/home/shebahati/KaZar/Product and Data Complete/اندازه گیری/داسکوا/لیست قیمت داسکوا +10 درصد.pdf,,sku_column,c589df1dc02df10f5405c6b98b5a5970b00db193891be082d7ae8406888478df,source_id=dasqua.price_list;normalized_sku=4560-6003
DASQUA,4560-6004,2,authorized_supplier_price_list,/home/shebahati/KaZar/Product and Data Complete/اندازه گیری/داسکوا/لیست قیمت داسکوا +10 درصد.pdf,,sku_column,c589df1dc02df10f5405c6b98b5a5970b00db193891be082d7ae8406888478df,source_id=dasqua.price_list;normalized_sku=4560-6004
DASQUA,4560-6005,2,authorized_supplier_price_list,/home/shebahati/KaZar/Product and Data Complete/اندازه گیری/داسکوا/لیست قیمت داسکوا +10 درصد.pdf,,sku_column,c589df1dc02df10f5405c6b98b5a5970b00db193891be082d7ae8406888478df,source_id=dasqua.price_list;normalized_sku=4560-6005
DASQUA,4560-6006,2,authorized_supplier_price_list,/home/shebahati/KaZar/Product and Data Complete/اندازه گیری/داسکوا/لیست قیمت داسکوا +10 درصد.pdf,,sku_column,c589df1dc02df10f5405c6b98b5a5970b00db193891be082d7ae8406888478df,source_id=dasqua.price_list;normalized_sku=4560-6006
DASQUA,4570-0005,2,authorized_supplier_price_list,/home/shebahati/KaZar/Product and Data Complete/اندازه گیری/داسکوا/لیست قیمت داسکوا +10 درصد.pdf,,sku_column,c589df1dc02df10f5405c6b98b5a5970b00db193891be082d7ae8406888478df,source_id=dasqua.price_list;normalized_sku=4570-0005
DASQUA,4610-1005,2,authorized_supplier_price_list,/home/shebahati/KaZar/Product and Data Complete/اندازه گیری/داسکوا/لیست قیمت داسکوا +10 درصد.pdf,,sku_column,c589df1dc02df10f5405c6b98b5a5970b00db193891be082d7ae8406888478df,source_id=dasqua.price_list;normalized_sku=4610-1005
DASQUA,4610-1010,2,authorized_supplier_price_list,/home/shebahati/KaZar/Product and Data Complete/اندازه گیری/داسکوا/لیست قیمت داسکوا +10 درصد.pdf,,sku_column,c589df1dc02df10f5405c6b98b5a5970b00db193891be082d7ae8406888478df,source_id=dasqua.price_list;normalized_sku=4610-1010
DASQUA,4610-1015,2,authorized_supplier_price_list,/home/shebahati/KaZar/Product and Data Complete/اندازه گیری/داسکوا/لیست قیمت داسکوا +10 درصد.pdf,,sku_column,c589df1dc02df10f5405c6b98b5a5970b00db193891be082d7ae8406888478df,source_id=dasqua.price_list;normalized_sku=4610-1015
DASQUA,4610-1020,2,authorized_supplier_price_list,/home/shebahati/KaZar/Product and Data Complete/اندازه گیری/داسکوا/لیست قیمت داسکوا +10 درصد.pdf,,sku_column,c589df1dc02df10f5405c6b98b5a5970b00db193891be082d7ae8406888478df,source_id=dasqua.price_list;normalized_sku=4610-1020
DASQUA,4610-1405,2,authorized_supplier_price_list,/home/shebahati/KaZar/Product and Data Complete/اندازه گیری/داسکوا/لیست قیمت داسکوا +10 درصد.pdf,,sku_column,c589df1dc02df10f5405c6b98b5a5970b00db193891be082d7ae8406888478df,source_id=dasqua.price_list;normalized_sku=4610-1405
DASQUA,4611-8106,2,authorized_supplier_price_list,/home/shebahati/KaZar/Product and Data Complete/اندازه گیری/داسکوا/لیست قیمت داسکوا +10 درصد.pdf,,sku_column,c589df1dc02df10f5405c6b98b5a5970b00db193891be082d7ae8406888478df,source_id=dasqua.price_list;normalized_sku=4611-8106
DASQUA,4611-8110,2,authorized_supplier_price_list,/home/shebahati/KaZar/Product and Data Complete/اندازه گیری/داسکوا/لیست قیمت داسکوا +10 درصد.pdf,,sku_column,c589df1dc02df10f5405c6b98b5a5970b00db193891be082d7ae8406888478df,source_id=dasqua.price_list;normalized_sku=4611-8110
DASQUA,4611-8120,2,authorized_supplier_price_list,/home/shebahati/KaZar/Product and Data Complete/اندازه گیری/داسکوا/لیست قیمت داسکوا +10 درصد.pdf,,sku_column,c589df1dc02df10f5405c6b98b5a5970b00db193891be082d7ae8406888478df,source_id=dasqua.price_list;normalized_sku=4611-8120
DASQUA,4611-8125,2,authorized_supplier_price_list,/home/shebahati/KaZar/Product and Data Complete/اندازه گیری/داسکوا/لیست قیمت داسکوا +10 درصد.pdf,,sku_column,c589df1dc02df10f5405c6b98b5a5970b00db193891be082d7ae8406888478df,source_id=dasqua.price_list;normalized_sku=4611-8125
DASQUA,4611-8129,2,authorized_supplier_price_list,/home/shebahati/KaZar/Product and Data Complete/اندازه گیری/داسکوا/لیست قیمت داسکوا +10 درصد.pdf,,sku_column,c589df1dc02df10f5405c6b98b5a5970b00db193891be082d7ae8406888478df,source_id=dasqua.price_list;normalized_sku=4611-8129
DASQUA,4611-8130,2,authorized_supplier_price_list,/home/shebahati/KaZar/Product and Data Complete/اندازه گیری/داسکوا/لیست قیمت داسکوا +10 درصد.pdf,,sku_column,c589df1dc02df10f5405c6b98b5a5970b00db193891be082d7ae8406888478df,source_id=dasqua.price_list;normalized_sku=4611-8130
DASQUA,4620-2020,2,authorized_supplier_price_list,/home/shebahati/KaZar/Product and Data Complete/اندازه گیری/داسکوا/لیست قیمت داسکوا +10 درصد.pdf,,sku_column,c589df1dc02df10f5405c6b98b5a5970b00db193891be082d7ae8406888478df,source_id=dasqua.price_list;normalized_sku=4620-2020
DASQUA,4620-5005,2,authorized_supplier_price_list,/home/shebahati/KaZar/Product and Data Complete/اندازه گیری/داسکوا/لیست قیمت داسکوا +10 درصد.pdf,,sku_column,c589df1dc02df10f5405c6b98b5a5970b00db193891be082d7ae8406888478df,source_id=dasqua.price_list;normalized_sku=4620-5005
DASQUA,4620-5010,2,authorized_supplier_price_list,/home/shebahati/KaZar/Product and Data Complete/اندازه گیری/داسکوا/لیست قیمت داسکوا +10 درصد.pdf,,sku_column,c589df1dc02df10f5405c6b98b5a5970b00db193891be082d7ae8406888478df,source_id=dasqua.price_list;normalized_sku=4620-5010
DASQUA,4620-5015,2,authorized_supplier_price_list,/home/shebahati/KaZar/Product and Data Complete/اندازه گیری/داسکوا/لیست قیمت داسکوا +10 درصد.pdf,,sku_column,c589df1dc02df10f5405c6b98b5a5970b00db193891be082d7ae8406888478df,source_id=dasqua.price_list;normalized_sku=4620-5015
DASQUA,4706-0002,2,authorized_supplier_price_list,/home/shebahati/KaZar/Product and Data Complete/اندازه گیری/داسکوا/لیست قیمت داسکوا +10 درصد.pdf,,sku_column,c589df1dc02df10f5405c6b98b5a5970b00db193891be082d7ae8406888478df,source_id=dasqua.price_list;normalized_sku=4706-0002
DASQUA,4706-0003,2,authorized_supplier_price_list,/home/shebahati/KaZar/Product and Data Complete/اندازه گیری/داسکوا/لیست قیمت داسکوا +10 درصد.pdf,,sku_column,c589df1dc02df10f5405c6b98b5a5970b00db193891be082d7ae8406888478df,source_id=dasqua.price_list;normalized_sku=4706-0003
DASQUA,4706-0011,2,authorized_supplier_price_list,/home/shebahati/KaZar/Product and Data Complete/اندازه گیری/داسکوا/لیست قیمت داسکوا +10 درصد.pdf,,sku_column,c589df1dc02df10f5405c6b98b5a5970b00db193891be082d7ae8406888478df,source_id=dasqua.price_list;normalized_sku=4706-0011
DASQUA,4706-0012,2,authorized_supplier_price_list,/home/shebahati/KaZar/Product and Data Complete/اندازه گیری/داسکوا/لیست قیمت داسکوا +10 درصد.pdf,,sku_column,c589df1dc02df10f5405c6b98b5a5970b00db193891be082d7ae8406888478df,source_id=dasqua.price_list;normalized_sku=4706-0012
DASQUA,4710-1205,2,authorized_supplier_price_list,/home/shebahati/KaZar/Product and Data Complete/اندازه گیری/داسکوا/لیست قیمت داسکوا +10 درصد.pdf,,sku_column,c589df1dc02df10f5405c6b98b5a5970b00db193891be082d7ae8406888478df,source_id=dasqua.price_list;normalized_sku=4710-1205
DASQUA,4710-2205,2,authorized_supplier_price_list,/home/shebahati/KaZar/Product and Data Complete/اندازه گیری/داسکوا/لیست قیمت داسکوا +10 درصد.pdf,,sku_column,c589df1dc02df10f5405c6b98b5a5970b00db193891be082d7ae8406888478df,source_id=dasqua.price_list;normalized_sku=4710-2205
DASQUA,4800-0005,2,authorized_supplier_price_list,/home/shebahati/KaZar/Product and Data Complete/اندازه گیری/داسکوا/لیست قیمت داسکوا +10 درصد.pdf,,sku_column,c589df1dc02df10f5405c6b98b5a5970b00db193891be082d7ae8406888478df,source_id=dasqua.price_list;normalized_sku=4800-0005
DASQUA,4800-0010,2,authorized_supplier_price_list,/home/shebahati/KaZar/Product and Data Complete/اندازه گیری/داسکوا/لیست قیمت داسکوا +10 درصد.pdf,,sku_column,c589df1dc02df10f5405c6b98b5a5970b00db193891be082d7ae8406888478df,source_id=dasqua.price_list;normalized_sku=4800-0010
DASQUA,4800-0015,2,authorized_supplier_price_list,/home/shebahati/KaZar/Product and Data Complete/اندازه گیری/داسکوا/لیست قیمت داسکوا +10 درصد.pdf,,sku_column,c589df1dc02df10f5405c6b98b5a5970b00db193891be082d7ae8406888478df,source_id=dasqua.price_list;normalized_sku=4800-0015
DASQUA,4800-0020,2,authorized_supplier_price_list,/home/shebahati/KaZar/Product and Data Complete/اندازه گیری/داسکوا/لیست قیمت داسکوا +10 درصد.pdf,,sku_column,c589df1dc02df10f5405c6b98b5a5970b00db193891be082d7ae8406888478df,source_id=dasqua.price_list;normalized_sku=4800-0020
DASQUA,4800-0025,2,authorized_supplier_price_list,/home/shebahati/KaZar/Product and Data Complete/اندازه گیری/داسکوا/لیست قیمت داسکوا +10 درصد.pdf,,sku_column,c589df1dc02df10f5405c6b98b5a5970b00db193891be082d7ae8406888478df,source_id=dasqua.price_list;normalized_sku=4800-0025
DASQUA,4800-0030,2,authorized_supplier_price_list,/home/shebahati/KaZar/Product and Data Complete/اندازه گیری/داسکوا/لیست قیمت داسکوا +10 درصد.pdf,,sku_column,c589df1dc02df10f5405c6b98b5a5970b00db193891be082d7ae8406888478df,source_id=dasqua.price_list;normalized_sku=4800-0030
DASQUA,4800-0035,2,authorized_supplier_price_list,/home/shebahati/KaZar/Product and Data Complete/اندازه گیری/داسکوا/لیست قیمت داسکوا +10 درصد.pdf,,sku_column,c589df1dc02df10f5405c6b98b5a5970b00db193891be082d7ae8406888478df,source_id=dasqua.price_list;normalized_sku=4800-0035
DASQUA,4801-0003,2,authorized_supplier_price_list,/home/shebahati/KaZar/Product and Data Complete/اندازه گیری/داسکوا/لیست قیمت داسکوا +10 درصد.pdf,,sku_column,c589df1dc02df10f5405c6b98b5a5970b00db193891be082d7ae8406888478df,source_id=dasqua.price_list;normalized_sku=4801-0003
DASQUA,4801-0004,2,authorized_supplier_price_list,/home/shebahati/KaZar/Product and Data Complete/اندازه گیری/داسکوا/لیست قیمت داسکوا +10 درصد.pdf,,sku_column,c589df1dc02df10f5405c6b98b5a5970b00db193891be082d7ae8406888478df,source_id=dasqua.price_list;normalized_sku=4801-0004
DASQUA,4801-0005,2,authorized_supplier_price_list,/home/shebahati/KaZar/Product and Data Complete/اندازه گیری/داسکوا/لیست قیمت داسکوا +10 درصد.pdf,,sku_column,c589df1dc02df10f5405c6b98b5a5970b00db193891be082d7ae8406888478df,source_id=dasqua.price_list;normalized_sku=4801-0005
DASQUA,4801-0006,2,authorized_supplier_price_list,/home/shebahati/KaZar/Product and Data Complete/اندازه گیری/داسکوا/لیست قیمت داسکوا +10 درصد.pdf,,sku_column,c589df1dc02df10f5405c6b98b5a5970b00db193891be082d7ae8406888478df,source_id=dasqua.price_list;normalized_sku=4801-0006
DASQUA,4811-8115,2,authorized_supplier_price_list,/home/shebahati/KaZar/Product and Data Complete/اندازه گیری/داسکوا/لیست قیمت داسکوا +10 درصد.pdf,,sku_column,c589df1dc02df10f5405c6b98b5a5970b00db193891be082d7ae8406888478df,source_id=dasqua.price_list;normalized_sku=4811-8115
DASQUA,4811-8120,2,authorized_supplier_price_list,/home/shebahati/KaZar/Product and Data Complete/اندازه گیری/داسکوا/لیست قیمت داسکوا +10 درصد.pdf,,sku_column,c589df1dc02df10f5405c6b98b5a5970b00db193891be082d7ae8406888478df,source_id=dasqua.price_list;normalized_sku=4811-8120
DASQUA,4905-0005,2,authorized_supplier_price_list,/home/shebahati/KaZar/Product and Data Complete/اندازه گیری/داسکوا/لیست قیمت داسکوا +10 درصد.pdf,,sku_column,c589df1dc02df10f5405c6b98b5a5970b00db193891be082d7ae8406888478df,source_id=dasqua.price_list;normalized_sku=4905-0005
DASQUA,4905-0006,2,authorized_supplier_price_list,/home/shebahati/KaZar/Product and Data Complete/اندازه گیری/داسکوا/لیست قیمت داسکوا +10 درصد.pdf,,sku_column,c589df1dc02df10f5405c6b98b5a5970b00db193891be082d7ae8406888478df,source_id=dasqua.price_list;normalized_sku=4905-0006
DASQUA,4905-0007,2,authorized_supplier_price_list,/home/shebahati/KaZar/Product and Data Complete/اندازه گیری/داسکوا/لیست قیمت داسکوا +10 درصد.pdf,,sku_column,c589df1dc02df10f5405c6b98b5a5970b00db193891be082d7ae8406888478df,source_id=dasqua.price_list;normalized_sku=4905-0007
DASQUA,4905-0008,2,authorized_supplier_price_list,/home/shebahati/KaZar/Product and Data Complete/اندازه گیری/داسکوا/لیست قیمت داسکوا +10 درصد.pdf,,sku_column,c589df1dc02df10f5405c6b98b5a5970b00db193891be082d7ae8406888478df,source_id=dasqua.price_list;normalized_sku=4905-0008
DASQUA,4905-0009,2,authorized_supplier_price_list,/home/shebahati/KaZar/Product and Data Complete/اندازه گیری/داسکوا/لیست قیمت داسکوا +10 درصد.pdf,,sku_column,c589df1dc02df10f5405c6b98b5a5970b00db193891be082d7ae8406888478df,source_id=dasqua.price_list;normalized_sku=4905-0009
DASQUA,4905-0010,2,authorized_supplier_price_list,/home/shebahati/KaZar/Product and Data Complete/اندازه گیری/داسکوا/لیست قیمت داسکوا +10 درصد.pdf,,sku_column,c589df1dc02df10f5405c6b98b5a5970b00db193891be082d7ae8406888478df,source_id=dasqua.price_list;normalized_sku=4905-0010
DASQUA,4905-0011,2,authorized_supplier_price_list,/home/shebahati/KaZar/Product and Data Complete/اندازه گیری/داسکوا/لیست قیمت داسکوا +10 درصد.pdf,,sku_column,c589df1dc02df10f5405c6b98b5a5970b00db193891be082d7ae8406888478df,source_id=dasqua.price_list;normalized_sku=4905-0011
DASQUA,4910-2110,2,authorized_supplier_price_list,/home/shebahati/KaZar/Product and Data Complete/اندازه گیری/داسکوا/لیست قیمت داسکوا +10 درصد.pdf,,sku_column,c589df1dc02df10f5405c6b98b5a5970b00db193891be082d7ae8406888478df,source_id=dasqua.price_list;normalized_sku=4910-2110
DASQUA,4910-2115,2,authorized_supplier_price_list,/home/shebahati/KaZar/Product and Data Complete/اندازه گیری/داسکوا/لیست قیمت داسکوا +10 درصد.pdf,,sku_column,c589df1dc02df10f5405c6b98b5a5970b00db193891be082d7ae8406888478df,source_id=dasqua.price_list;normalized_sku=4910-2115
DASQUA,4910-2130,2,authorized_supplier_price_list,/home/shebahati/KaZar/Product and Data Complete/اندازه گیری/داسکوا/لیست قیمت داسکوا +10 درصد.pdf,,sku_column,c589df1dc02df10f5405c6b98b5a5970b00db193891be082d7ae8406888478df,source_id=dasqua.price_list;normalized_sku=4910-2130
DASQUA,4910-2135,2,authorized_supplier_price_list,/home/shebahati/KaZar/Product and Data Complete/اندازه گیری/داسکوا/لیست قیمت داسکوا +10 درصد.pdf,,sku_column,c589df1dc02df10f5405c6b98b5a5970b00db193891be082d7ae8406888478df,source_id=dasqua.price_list;normalized_sku=4910-2135
DASQUA,4910-4105,2,authorized_supplier_price_list,/home/shebahati/KaZar/Product and Data Complete/اندازه گیری/داسکوا/لیست قیمت داسکوا +10 درصد.pdf,,sku_column,c589df1dc02df10f5405c6b98b5a5970b00db193891be082d7ae8406888478df,source_id=dasqua.price_list;normalized_sku=4910-4105
DASQUA,4910-4110,2,authorized_supplier_price_list,/home/shebahati/KaZar/Product and Data Complete/اندازه گیری/داسکوا/لیست قیمت داسکوا +10 درصد.pdf,,sku_column,c589df1dc02df10f5405c6b98b5a5970b00db193891be082d7ae8406888478df,source_id=dasqua.price_list;normalized_sku=4910-4110
DASQUA,4910-4115,2,authorized_supplier_price_list,/home/shebahati/KaZar/Product and Data Complete/اندازه گیری/داسکوا/لیست قیمت داسکوا +10 درصد.pdf,,sku_column,c589df1dc02df10f5405c6b98b5a5970b00db193891be082d7ae8406888478df,source_id=dasqua.price_list;normalized_sku=4910-4115
DASQUA,4910-4120,2,authorized_supplier_price_list,/home/shebahati/KaZar/Product and Data Complete/اندازه گیری/داسکوا/لیست قیمت داسکوا +10 درصد.pdf,,sku_column,c589df1dc02df10f5405c6b98b5a5970b00db193891be082d7ae8406888478df,source_id=dasqua.price_list;normalized_sku=4910-4120
DASQUA,4911-8105-A,2,authorized_supplier_price_list,/home/shebahati/KaZar/Product and Data Complete/اندازه گیری/داسکوا/لیست قیمت داسکوا +10 درصد.pdf,,sku_column,c589df1dc02df10f5405c6b98b5a5970b00db193891be082d7ae8406888478df,source_id=dasqua.price_list;normalized_sku=4911-8105-A
DASQUA,4911-8110-A,2,authorized_supplier_price_list,/home/shebahati/KaZar/Product and Data Complete/اندازه گیری/داسکوا/لیست قیمت داسکوا +10 درصد.pdf,,sku_column,c589df1dc02df10f5405c6b98b5a5970b00db193891be082d7ae8406888478df,source_id=dasqua.price_list;normalized_sku=4911-8110-A
DASQUA,4911-8115-A,2,authorized_supplier_price_list,/home/shebahati/KaZar/Product and Data Complete/اندازه گیری/داسکوا/لیست قیمت داسکوا +10 درصد.pdf,,sku_column,c589df1dc02df10f5405c6b98b5a5970b00db193891be082d7ae8406888478df,source_id=dasqua.price_list;normalized_sku=4911-8115-A
DASQUA,4911-8130,2,authorized_supplier_price_list,/home/shebahati/KaZar/Product and Data Complete/اندازه گیری/داسکوا/لیست قیمت داسکوا +10 درصد.pdf,,sku_column,c589df1dc02df10f5405c6b98b5a5970b00db193891be082d7ae8406888478df,source_id=dasqua.price_list;normalized_sku=4911-8130
DASQUA,4911-8135,2,authorized_supplier_price_list,/home/shebahati/KaZar/Product and Data Complete/اندازه گیری/داسکوا/لیست قیمت داسکوا +10 درصد.pdf,,sku_column,c589df1dc02df10f5405c6b98b5a5970b00db193891be082d7ae8406888478df,source_id=dasqua.price_list;normalized_sku=4911-8135
DASQUA,4911-8140,2,authorized_supplier_price_list,/home/shebahati/KaZar/Product and Data Complete/اندازه گیری/داسکوا/لیست قیمت داسکوا +10 درصد.pdf,,sku_column,c589df1dc02df10f5405c6b98b5a5970b00db193891be082d7ae8406888478df,source_id=dasqua.price_list;normalized_sku=4911-8140
DASQUA,4911-8145,2,authorized_supplier_price_list,/home/shebahati/KaZar/Product and Data Complete/اندازه گیری/داسکوا/لیست قیمت داسکوا +10 درصد.pdf,,sku_column,c589df1dc02df10f5405c6b98b5a5970b00db193891be082d7ae8406888478df,source_id=dasqua.price_list;normalized_sku=4911-8145
DASQUA,5111-1005,2,authorized_supplier_price_list,/home/shebahati/KaZar/Product and Data Complete/اندازه گیری/داسکوا/لیست قیمت داسکوا +10 درصد.pdf,,sku_column,c589df1dc02df10f5405c6b98b5a5970b00db193891be082d7ae8406888478df,source_id=dasqua.price_list;normalized_sku=5111-1005
DASQUA,5111-1110,2,authorized_supplier_price_list,/home/shebahati/KaZar/Product and Data Complete/اندازه گیری/داسکوا/لیست قیمت داسکوا +10 درصد.pdf,,sku_column,c589df1dc02df10f5405c6b98b5a5970b00db193891be082d7ae8406888478df,source_id=dasqua.price_list;normalized_sku=5111-1110
DASQUA,5111-1205,2,authorized_supplier_price_list,/home/shebahati/KaZar/Product and Data Complete/اندازه گیری/داسکوا/لیست قیمت داسکوا +10 درصد.pdf,,sku_column,c589df1dc02df10f5405c6b98b5a5970b00db193891be082d7ae8406888478df,source_id=dasqua.price_list;normalized_sku=5111-1205
DASQUA,5121-1107,2,authorized_supplier_price_list,/home/shebahati/KaZar/Product and Data Complete/اندازه گیری/داسکوا/لیست قیمت داسکوا +10 درصد.pdf,,sku_column,c589df1dc02df10f5405c6b98b5a5970b00db193891be082d7ae8406888478df,source_id=dasqua.price_list;normalized_sku=5121-1107
DASQUA,5121-1201,2,authorized_supplier_price_list,/home/shebahati/KaZar/Product and Data Complete/اندازه گیری/داسکوا/لیست قیمت داسکوا +10 درصد.pdf,,sku_column,c589df1dc02df10f5405c6b98b5a5970b00db193891be082d7ae8406888478df,source_id=dasqua.price_list;normalized_sku=5121-1201
DASQUA,5121-1202,2,authorized_supplier_price_list,/home/shebahati/KaZar/Product and Data Complete/اندازه گیری/داسکوا/لیست قیمت داسکوا +10 درصد.pdf,,sku_column,c589df1dc02df10f5405c6b98b5a5970b00db193891be082d7ae8406888478df,source_id=dasqua.price_list;normalized_sku=5121-1202
DASQUA,5121-1204,2,authorized_supplier_price_list,/home/shebahati/KaZar/Product and Data Complete/اندازه گیری/داسکوا/لیست قیمت داسکوا +10 درصد.pdf,,sku_column,c589df1dc02df10f5405c6b98b5a5970b00db193891be082d7ae8406888478df,source_id=dasqua.price_list;normalized_sku=5121-1204
DASQUA,5121-1215,2,authorized_supplier_price_list,/home/shebahati/KaZar/Product and Data Complete/اندازه گیری/داسکوا/لیست قیمت داسکوا +10 درصد.pdf,,sku_column,c589df1dc02df10f5405c6b98b5a5970b00db193891be082d7ae8406888478df,source_id=dasqua.price_list;normalized_sku=5121-1215
DASQUA,5121-1220,2,authorized_supplier_price_list,/home/shebahati/KaZar/Product and Data Complete/اندازه گیری/داسکوا/لیست قیمت داسکوا +10 درصد.pdf,,sku_column,c589df1dc02df10f5405c6b98b5a5970b00db193891be082d7ae8406888478df,source_id=dasqua.price_list;normalized_sku=5121-1220
DASQUA,5121-2101,2,authorized_supplier_price_list,/home/shebahati/KaZar/Product and Data Complete/اندازه گیری/داسکوا/لیست قیمت داسکوا +10 درصد.pdf,,sku_column,c589df1dc02df10f5405c6b98b5a5970b00db193891be082d7ae8406888478df,source_id=dasqua.price_list;normalized_sku=5121-2101
DASQUA,5121-2201,2,authorized_supplier_price_list,/home/shebahati/KaZar/Product and Data Complete/اندازه گیری/داسکوا/لیست قیمت داسکوا +10 درصد.pdf,,sku_column,c589df1dc02df10f5405c6b98b5a5970b00db193891be082d7ae8406888478df,source_id=dasqua.price_list;normalized_sku=5121-2201
DASQUA,5121-3005,2,authorized_supplier_price_list,/home/shebahati/KaZar/Product and Data Complete/اندازه گیری/داسکوا/لیست قیمت داسکوا +10 درصد.pdf,,sku_column,c589df1dc02df10f5405c6b98b5a5970b00db193891be082d7ae8406888478df,source_id=dasqua.price_list;normalized_sku=5121-3005
DASQUA,5121-4200,2,authorized_supplier_price_list,/home/shebahati/KaZar/Product and Data Complete/اندازه گیری/داسکوا/لیست قیمت داسکوا +10 درصد.pdf,,sku_column,c589df1dc02df10f5405c6b98b5a5970b00db193891be082d7ae8406888478df,source_id=dasqua.price_list;normalized_sku=5121-4200
DASQUA,5130-1110,2,authorized_supplier_price_list,/home/shebahati/KaZar/Product and Data Complete/اندازه گیری/داسکوا/لیست قیمت داسکوا +10 درصد.pdf,,sku_column,c589df1dc02df10f5405c6b98b5a5970b00db193891be082d7ae8406888478df,source_id=dasqua.price_list;normalized_sku=5130-1110
DASQUA,5140-1110,2,authorized_supplier_price_list,/home/shebahati/KaZar/Product and Data Complete/اندازه گیری/داسکوا/لیست قیمت داسکوا +10 درصد.pdf,,sku_column,c589df1dc02df10f5405c6b98b5a5970b00db193891be082d7ae8406888478df,source_id=dasqua.price_list;normalized_sku=5140-1110
DASQUA,5140-1120,2,authorized_supplier_price_list,/home/shebahati/KaZar/Product and Data Complete/اندازه گیری/داسکوا/لیست قیمت داسکوا +10 درصد.pdf,,sku_column,c589df1dc02df10f5405c6b98b5a5970b00db193891be082d7ae8406888478df,source_id=dasqua.price_list;normalized_sku=5140-1120
DASQUA,5141-2105,2,authorized_supplier_price_list,/home/shebahati/KaZar/Product and Data Complete/اندازه گیری/داسکوا/لیست قیمت داسکوا +10 درصد.pdf,,sku_column,c589df1dc02df10f5405c6b98b5a5970b00db193891be082d7ae8406888478df,source_id=dasqua.price_list;normalized_sku=5141-2105
DASQUA,5221-0000,2,authorized_supplier_price_list,/home/shebahati/KaZar/Product and Data Complete/اندازه گیری/داسکوا/لیست قیمت داسکوا +10 درصد.pdf,,sku_column,c589df1dc02df10f5405c6b98b5a5970b00db193891be082d7ae8406888478df,source_id=dasqua.price_list;normalized_sku=5221-0000
DASQUA,5221-0005,2,authorized_supplier_price_list,/home/shebahati/KaZar/Product and Data Complete/اندازه گیری/داسکوا/لیست قیمت داسکوا +10 درصد.pdf,,sku_column,c589df1dc02df10f5405c6b98b5a5970b00db193891be082d7ae8406888478df,source_id=dasqua.price_list;normalized_sku=5221-0005
DASQUA,5221-1000,2,authorized_supplier_price_list,/home/shebahati/KaZar/Product and Data Complete/اندازه گیری/داسکوا/لیست قیمت داسکوا +10 درصد.pdf,,sku_column,c589df1dc02df10f5405c6b98b5a5970b00db193891be082d7ae8406888478df,source_id=dasqua.price_list;normalized_sku=5221-1000
DASQUA,5221-1001,2,authorized_supplier_price_list,/home/shebahati/KaZar/Product and Data Complete/اندازه گیری/داسکوا/لیست قیمت داسکوا +10 درصد.pdf,,sku_column,c589df1dc02df10f5405c6b98b5a5970b00db193891be082d7ae8406888478df,source_id=dasqua.price_list;normalized_sku=5221-1001
DASQUA,5221-1106,2,authorized_supplier_price_list,/home/shebahati/KaZar/Product and Data Complete/اندازه گیری/داسکوا/لیست قیمت داسکوا +10 درصد.pdf,,sku_column,c589df1dc02df10f5405c6b98b5a5970b00db193891be082d7ae8406888478df,source_id=dasqua.price_list;normalized_sku=5221-1106
DASQUA,5221-1129,2,authorized_supplier_price_list,/home/shebahati/KaZar/Product and Data Complete/اندازه گیری/داسکوا/لیست قیمت داسکوا +10 درصد.pdf,,sku_column,c589df1dc02df10f5405c6b98b5a5970b00db193891be082d7ae8406888478df,source_id=dasqua.price_list;normalized_sku=5221-1129
DASQUA,5221-1140,2,authorized_supplier_price_list,/home/shebahati/KaZar/Product and Data Complete/اندازه گیری/داسکوا/لیست قیمت داسکوا +10 درصد.pdf,,sku_column,c589df1dc02df10f5405c6b98b5a5970b00db193891be082d7ae8406888478df,source_id=dasqua.price_list;normalized_sku=5221-1140
DASQUA,5221-1145-A,2,authorized_supplier_price_list,/home/shebahati/KaZar/Product and Data Complete/اندازه گیری/داسکوا/لیست قیمت داسکوا +10 درصد.pdf,,sku_column,c589df1dc02df10f5405c6b98b5a5970b00db193891be082d7ae8406888478df,source_id=dasqua.price_list;normalized_sku=5221-1145-A
DASQUA,5221-1210,2,authorized_supplier_price_list,/home/shebahati/KaZar/Product and Data Complete/اندازه گیری/داسکوا/لیست قیمت داسکوا +10 درصد.pdf,,sku_column,c589df1dc02df10f5405c6b98b5a5970b00db193891be082d7ae8406888478df,source_id=dasqua.price_list;normalized_sku=5221-1210
DASQUA,5221-1220,2,authorized_supplier_price_list,/home/shebahati/KaZar/Product and Data Complete/اندازه گیری/داسکوا/لیست قیمت داسکوا +10 درصد.pdf,,sku_column,c589df1dc02df10f5405c6b98b5a5970b00db193891be082d7ae8406888478df,source_id=dasqua.price_list;normalized_sku=5221-1220
DASQUA,5223-3105-A,2,authorized_supplier_price_list,/home/shebahati/KaZar/Product and Data Complete/اندازه گیری/داسکوا/لیست قیمت داسکوا +10 درصد.pdf,,sku_column,c589df1dc02df10f5405c6b98b5a5970b00db193891be082d7ae8406888478df,source_id=dasqua.price_list;normalized_sku=5223-3105-A
DASQUA,5260-1105,2,authorized_supplier_price_list,/home/shebahati/KaZar/Product and Data Complete/اندازه گیری/داسکوا/لیست قیمت داسکوا +10 درصد.pdf,,sku_column,c589df1dc02df10f5405c6b98b5a5970b00db193891be082d7ae8406888478df,source_id=dasqua.price_list;normalized_sku=5260-1105
DASQUA,5260-1110,2,authorized_supplier_price_list,/home/shebahati/KaZar/Product and Data Complete/اندازه گیری/داسکوا/لیست قیمت داسکوا +10 درصد.pdf,,sku_column,c589df1dc02df10f5405c6b98b5a5970b00db193891be082d7ae8406888478df,source_id=dasqua.price_list;normalized_sku=5260-1110
DASQUA,5260-1115,2,authorized_supplier_price_list,/home/shebahati/KaZar/Product and Data Complete/اندازه گیری/داسکوا/لیست قیمت داسکوا +10 درصد.pdf,,sku_column,c589df1dc02df10f5405c6b98b5a5970b00db193891be082d7ae8406888478df,source_id=dasqua.price_list;normalized_sku=5260-1115
DASQUA,5260-3705,2,authorized_supplier_price_list,/home/shebahati/KaZar/Product and Data Complete/اندازه گیری/داسکوا/لیست قیمت داسکوا +10 درصد.pdf,,sku_column,c589df1dc02df10f5405c6b98b5a5970b00db193891be082d7ae8406888478df,source_id=dasqua.price_list;normalized_sku=5260-3705
DASQUA,5260-3710,2,authorized_supplier_price_list,/home/shebahati/KaZar/Product and Data Complete/اندازه گیری/داسکوا/لیست قیمت داسکوا +10 درصد.pdf,,sku_column,c589df1dc02df10f5405c6b98b5a5970b00db193891be082d7ae8406888478df,source_id=dasqua.price_list;normalized_sku=5260-3710
DASQUA,5260-3715,2,authorized_supplier_price_list,/home/shebahati/KaZar/Product and Data Complete/اندازه گیری/داسکوا/لیست قیمت داسکوا +10 درصد.pdf,,sku_column,c589df1dc02df10f5405c6b98b5a5970b00db193891be082d7ae8406888478df,source_id=dasqua.price_list;normalized_sku=5260-3715
DASQUA,5260-3720,2,authorized_supplier_price_list,/home/shebahati/KaZar/Product and Data Complete/اندازه گیری/داسکوا/لیست قیمت داسکوا +10 درصد.pdf,,sku_column,c589df1dc02df10f5405c6b98b5a5970b00db193891be082d7ae8406888478df,source_id=dasqua.price_list;normalized_sku=5260-3720
DASQUA,5260-4205,2,authorized_supplier_price_list,/home/shebahati/KaZar/Product and Data Complete/اندازه گیری/داسکوا/لیست قیمت داسکوا +10 درصد.pdf,,sku_column,c589df1dc02df10f5405c6b98b5a5970b00db193891be082d7ae8406888478df,source_id=dasqua.price_list;normalized_sku=5260-4205
DASQUA,5260-4210,2,authorized_supplier_price_list,/home/shebahati/KaZar/Product and Data Complete/اندازه گیری/داسکوا/لیست قیمت داسکوا +10 درصد.pdf,,sku_column,c589df1dc02df10f5405c6b98b5a5970b00db193891be082d7ae8406888478df,source_id=dasqua.price_list;normalized_sku=5260-4210
DASQUA,5260-4215,2,authorized_supplier_price_list,/home/shebahati/KaZar/Product and Data Complete/اندازه گیری/داسکوا/لیست قیمت داسکوا +10 درصد.pdf,,sku_column,c589df1dc02df10f5405c6b98b5a5970b00db193891be082d7ae8406888478df,source_id=dasqua.price_list;normalized_sku=5260-4215
DASQUA,5261-1205,2,authorized_supplier_price_list,/home/shebahati/KaZar/Product and Data Complete/اندازه گیری/داسکوا/لیست قیمت داسکوا +10 درصد.pdf,,sku_column,c589df1dc02df10f5405c6b98b5a5970b00db193891be082d7ae8406888478df,source_id=dasqua.price_list;normalized_sku=5261-1205
DASQUA,5333-6101,2,authorized_supplier_price_list,/home/shebahati/KaZar/Product and Data Complete/اندازه گیری/داسکوا/لیست قیمت داسکوا +10 درصد.pdf,,sku_column,c589df1dc02df10f5405c6b98b5a5970b00db193891be082d7ae8406888478df,source_id=dasqua.price_list;normalized_sku=5333-6101
DASQUA,5333-6303,2,authorized_supplier_price_list,/home/shebahati/KaZar/Product and Data Complete/اندازه گیری/داسکوا/لیست قیمت داسکوا +10 درصد.pdf,,sku_column,c589df1dc02df10f5405c6b98b5a5970b00db193891be082d7ae8406888478df,source_id=dasqua.price_list;normalized_sku=5333-6303
DASQUA,5333-7001,2,authorized_supplier_price_list,/home/shebahati/KaZar/Product and Data Complete/اندازه گیری/داسکوا/لیست قیمت داسکوا +10 درصد.pdf,,sku_column,c589df1dc02df10f5405c6b98b5a5970b00db193891be082d7ae8406888478df,source_id=dasqua.price_list;normalized_sku=5333-7001
DASQUA,5333-7201,2,authorized_supplier_price_list,/home/shebahati/KaZar/Product and Data Complete/اندازه گیری/داسکوا/لیست قیمت داسکوا +10 درصد.pdf,,sku_column,c589df1dc02df10f5405c6b98b5a5970b00db193891be082d7ae8406888478df,source_id=dasqua.price_list;normalized_sku=5333-7201
DASQUA,5333-7203,2,authorized_supplier_price_list,/home/shebahati/KaZar/Product and Data Complete/اندازه گیری/داسکوا/لیست قیمت داسکوا +10 درصد.pdf,,sku_column,c589df1dc02df10f5405c6b98b5a5970b00db193891be082d7ae8406888478df,source_id=dasqua.price_list;normalized_sku=5333-7203
DASQUA,5333-7204,2,authorized_supplier_price_list,/home/shebahati/KaZar/Product and Data Complete/اندازه گیری/داسکوا/لیست قیمت داسکوا +10 درصد.pdf,,sku_column,c589df1dc02df10f5405c6b98b5a5970b00db193891be082d7ae8406888478df,source_id=dasqua.price_list;normalized_sku=5333-7204
DASQUA,5333-7205,2,authorized_supplier_price_list,/home/shebahati/KaZar/Product and Data Complete/اندازه گیری/داسکوا/لیست قیمت داسکوا +10 درصد.pdf,,sku_column,c589df1dc02df10f5405c6b98b5a5970b00db193891be082d7ae8406888478df,source_id=dasqua.price_list;normalized_sku=5333-7205
DASQUA,5333-7602,2,authorized_supplier_price_list,/home/shebahati/KaZar/Product and Data Complete/اندازه گیری/داسکوا/لیست قیمت داسکوا +10 درصد.pdf,,sku_column,c589df1dc02df10f5405c6b98b5a5970b00db193891be082d7ae8406888478df,source_id=dasqua.price_list;normalized_sku=5333-7602
DASQUA,5333-7603,2,authorized_supplier_price_list,/home/shebahati/KaZar/Product and Data Complete/اندازه گیری/داسکوا/لیست قیمت داسکوا +10 درصد.pdf,,sku_column,c589df1dc02df10f5405c6b98b5a5970b00db193891be082d7ae8406888478df,source_id=dasqua.price_list;normalized_sku=5333-7603
DASQUA,5333-7604,2,authorized_supplier_price_list,/home/shebahati/KaZar/Product and Data Complete/اندازه گیری/داسکوا/لیست قیمت داسکوا +10 درصد.pdf,,sku_column,c589df1dc02df10f5405c6b98b5a5970b00db193891be082d7ae8406888478df,source_id=dasqua.price_list;normalized_sku=5333-7604
DASQUA,5333-7707,2,authorized_supplier_price_list,/home/shebahati/KaZar/Product and Data Complete/اندازه گیری/داسکوا/لیست قیمت داسکوا +10 درصد.pdf,,sku_column,c589df1dc02df10f5405c6b98b5a5970b00db193891be082d7ae8406888478df,source_id=dasqua.price_list;normalized_sku=5333-7707
DASQUA,5333-7708,2,authorized_supplier_price_list,/home/shebahati/KaZar/Product and Data Complete/اندازه گیری/داسکوا/لیست قیمت داسکوا +10 درصد.pdf,,sku_column,c589df1dc02df10f5405c6b98b5a5970b00db193891be082d7ae8406888478df,source_id=dasqua.price_list;normalized_sku=5333-7708
DASQUA,5333-7712,2,authorized_supplier_price_list,/home/shebahati/KaZar/Product and Data Complete/اندازه گیری/داسکوا/لیست قیمت داسکوا +10 درصد.pdf,,sku_column,c589df1dc02df10f5405c6b98b5a5970b00db193891be082d7ae8406888478df,source_id=dasqua.price_list;normalized_sku=5333-7712
DASQUA,5333-7713,2,authorized_supplier_price_list,/home/shebahati/KaZar/Product and Data Complete/اندازه گیری/داسکوا/لیست قیمت داسکوا +10 درصد.pdf,,sku_column,c589df1dc02df10f5405c6b98b5a5970b00db193891be082d7ae8406888478df,source_id=dasqua.price_list;normalized_sku=5333-7713
DASQUA,5333-7801,2,authorized_supplier_price_list,/home/shebahati/KaZar/Product and Data Complete/اندازه گیری/داسکوا/لیست قیمت داسکوا +10 درصد.pdf,,sku_column,c589df1dc02df10f5405c6b98b5a5970b00db193891be082d7ae8406888478df,source_id=dasqua.price_list;normalized_sku=5333-7801
DASQUA,5333-7901,2,authorized_supplier_price_list,/home/shebahati/KaZar/Product and Data Complete/اندازه گیری/داسکوا/لیست قیمت داسکوا +10 درصد.pdf,,sku_column,c589df1dc02df10f5405c6b98b5a5970b00db193891be082d7ae8406888478df,source_id=dasqua.price_list;normalized_sku=5333-7901
DASQUA,5333-8001,2,authorized_supplier_price_list,/home/shebahati/KaZar/Product and Data Complete/اندازه گیری/داسکوا/لیست قیمت داسکوا +10 درصد.pdf,,sku_column,c589df1dc02df10f5405c6b98b5a5970b00db193891be082d7ae8406888478df,source_id=dasqua.price_list;normalized_sku=5333-8001
DASQUA,5333-8002,2,authorized_supplier_price_list,/home/shebahati/KaZar/Product and Data Complete/اندازه گیری/داسکوا/لیست قیمت داسکوا +10 درصد.pdf,,sku_column,c589df1dc02df10f5405c6b98b5a5970b00db193891be082d7ae8406888478df,source_id=dasqua.price_list;normalized_sku=5333-8002
DASQUA,5333-8003,2,authorized_supplier_price_list,/home/shebahati/KaZar/Product and Data Complete/اندازه گیری/داسکوا/لیست قیمت داسکوا +10 درصد.pdf,,sku_column,c589df1dc02df10f5405c6b98b5a5970b00db193891be082d7ae8406888478df,source_id=dasqua.price_list;normalized_sku=5333-8003
DASQUA,5333-8004,2,authorized_supplier_price_list,/home/shebahati/KaZar/Product and Data Complete/اندازه گیری/داسکوا/لیست قیمت داسکوا +10 درصد.pdf,,sku_column,c589df1dc02df10f5405c6b98b5a5970b00db193891be082d7ae8406888478df,source_id=dasqua.price_list;normalized_sku=5333-8004
DASQUA,5333-8005,2,authorized_supplier_price_list,/home/shebahati/KaZar/Product and Data Complete/اندازه گیری/داسکوا/لیست قیمت داسکوا +10 درصد.pdf,,sku_column,c589df1dc02df10f5405c6b98b5a5970b00db193891be082d7ae8406888478df,source_id=dasqua.price_list;normalized_sku=5333-8005
DASQUA,5333-8006,2,authorized_supplier_price_list,/home/shebahati/KaZar/Product and Data Complete/اندازه گیری/داسکوا/لیست قیمت داسکوا +10 درصد.pdf,,sku_column,c589df1dc02df10f5405c6b98b5a5970b00db193891be082d7ae8406888478df,source_id=dasqua.price_list;normalized_sku=5333-8006
DASQUA,5333-8007,2,authorized_supplier_price_list,/home/shebahati/KaZar/Product and Data Complete/اندازه گیری/داسکوا/لیست قیمت داسکوا +10 درصد.pdf,,sku_column,c589df1dc02df10f5405c6b98b5a5970b00db193891be082d7ae8406888478df,source_id=dasqua.price_list;normalized_sku=5333-8007
DASQUA,5333-8008,2,authorized_supplier_price_list,/home/shebahati/KaZar/Product and Data Complete/اندازه گیری/داسکوا/لیست قیمت داسکوا +10 درصد.pdf,,sku_column,c589df1dc02df10f5405c6b98b5a5970b00db193891be082d7ae8406888478df,source_id=dasqua.price_list;normalized_sku=5333-8008
DASQUA,5333-8009,2,authorized_supplier_price_list,/home/shebahati/KaZar/Product and Data Complete/اندازه گیری/داسکوا/لیست قیمت داسکوا +10 درصد.pdf,,sku_column,c589df1dc02df10f5405c6b98b5a5970b00db193891be082d7ae8406888478df,source_id=dasqua.price_list;normalized_sku=5333-8009
DASQUA,5340-8110,2,authorized_supplier_price_list,/home/shebahati/KaZar/Product and Data Complete/اندازه گیری/داسکوا/لیست قیمت داسکوا +10 درصد.pdf,,sku_column,c589df1dc02df10f5405c6b98b5a5970b00db193891be082d7ae8406888478df,source_id=dasqua.price_list;normalized_sku=5340-8110
DASQUA,5340-8115,2,authorized_supplier_price_list,/home/shebahati/KaZar/Product and Data Complete/اندازه گیری/داسکوا/لیست قیمت داسکوا +10 درصد.pdf,,sku_column,c589df1dc02df10f5405c6b98b5a5970b00db193891be082d7ae8406888478df,source_id=dasqua.price_list;normalized_sku=5340-8115
DASQUA,5351-2110,2,authorized_supplier_price_list,/home/shebahati/KaZar/Product and Data Complete/اندازه گیری/داسکوا/لیست قیمت داسکوا +10 درصد.pdf,,sku_column,c589df1dc02df10f5405c6b98b5a5970b00db193891be082d7ae8406888478df,source_id=dasqua.price_list;normalized_sku=5351-2110
DASQUA,5361-0005,2,authorized_supplier_price_list,/home/shebahati/KaZar/Product and Data Complete/اندازه گیری/داسکوا/لیست قیمت داسکوا +10 درصد.pdf,,sku_column,c589df1dc02df10f5405c6b98b5a5970b00db193891be082d7ae8406888478df,source_id=dasqua.price_list;normalized_sku=5361-0005
DASQUA,5410-8205,2,authorized_supplier_price_list,/home/shebahati/KaZar/Product and Data Complete/اندازه گیری/داسکوا/لیست قیمت داسکوا +10 درصد.pdf,,sku_column,c589df1dc02df10f5405c6b98b5a5970b00db193891be082d7ae8406888478df,source_id=dasqua.price_list;normalized_sku=5410-8205
DASQUA,5510-0005-B,2,authorized_supplier_price_list,/home/shebahati/KaZar/Product and Data Complete/اندازه گیری/داسکوا/لیست قیمت داسکوا +10 درصد.pdf,,sku_column,c589df1dc02df10f5405c6b98b5a5970b00db193891be082d7ae8406888478df,source_id=dasqua.price_list;normalized_sku=5510-0005-B
DASQUA,5511-1100-B,2,authorized_supplier_price_list,/home/shebahati/KaZar/Product and Data Complete/اندازه گیری/داسکوا/لیست قیمت داسکوا +10 درصد.pdf,,sku_column,c589df1dc02df10f5405c6b98b5a5970b00db193891be082d7ae8406888478df,source_id=dasqua.price_list;normalized_sku=5511-1100-B
DASQUA,5511-1105-B,2,authorized_supplier_price_list,/home/shebahati/KaZar/Product and Data Complete/اندازه گیری/داسکوا/لیست قیمت داسکوا +10 درصد.pdf,,sku_column,c589df1dc02df10f5405c6b98b5a5970b00db193891be082d7ae8406888478df,source_id=dasqua.price_list;normalized_sku=5511-1105-B
DASQUA,5511-1110-B,2,authorized_supplier_price_list,/home/shebahati/KaZar/Product and Data Complete/اندازه گیری/داسکوا/لیست قیمت داسکوا +10 درصد.pdf,,sku_column,c589df1dc02df10f5405c6b98b5a5970b00db193891be082d7ae8406888478df,source_id=dasqua.price_list;normalized_sku=5511-1110-B
DASQUA,5511-1115-B,2,authorized_supplier_price_list,/home/shebahati/KaZar/Product and Data Complete/اندازه گیری/داسکوا/لیست قیمت داسکوا +10 درصد.pdf,,sku_column,c589df1dc02df10f5405c6b98b5a5970b00db193891be082d7ae8406888478df,source_id=dasqua.price_list;normalized_sku=5511-1115-B
DASQUA,5511-1120,2,authorized_supplier_price_list,/home/shebahati/KaZar/Product and Data Complete/اندازه گیری/داسکوا/لیست قیمت داسکوا +10 درصد.pdf,,sku_column,c589df1dc02df10f5405c6b98b5a5970b00db193891be082d7ae8406888478df,source_id=dasqua.price_list;normalized_sku=5511-1120
DASQUA,5511-1121-B,2,authorized_supplier_price_list,/home/shebahati/KaZar/Product and Data Complete/اندازه گیری/داسکوا/لیست قیمت داسکوا +10 درصد.pdf,,sku_column,c589df1dc02df10f5405c6b98b5a5970b00db193891be082d7ae8406888478df,source_id=dasqua.price_list;normalized_sku=5511-1121-B
DASQUA,5511-1130-B,2,authorized_supplier_price_list,/home/shebahati/KaZar/Product and Data Complete/اندازه گیری/داسکوا/لیست قیمت داسکوا +10 درصد.pdf,,sku_column,c589df1dc02df10f5405c6b98b5a5970b00db193891be082d7ae8406888478df,source_id=dasqua.price_list;normalized_sku=5511-1130-B
DASQUA,5511-1135-B,2,authorized_supplier_price_list,/home/shebahati/KaZar/Product and Data Complete/اندازه گیری/داسکوا/لیست قیمت داسکوا +10 درصد.pdf,,sku_column,c589df1dc02df10f5405c6b98b5a5970b00db193891be082d7ae8406888478df,source_id=dasqua.price_list;normalized_sku=5511-1135-B
DASQUA,5511-1140-B,2,authorized_supplier_price_list,/home/shebahati/KaZar/Product and Data Complete/اندازه گیری/داسکوا/لیست قیمت داسکوا +10 درصد.pdf,,sku_column,c589df1dc02df10f5405c6b98b5a5970b00db193891be082d7ae8406888478df,source_id=dasqua.price_list;normalized_sku=5511-1140-B
DASQUA,5511-2105-B,2,authorized_supplier_price_list,/home/shebahati/KaZar/Product and Data Complete/اندازه گیری/داسکوا/لیست قیمت داسکوا +10 درصد.pdf,,sku_column,c589df1dc02df10f5405c6b98b5a5970b00db193891be082d7ae8406888478df,source_id=dasqua.price_list;normalized_sku=5511-2105-B
DASQUA,5511-2110-B,2,authorized_supplier_price_list,/home/shebahati/KaZar/Product and Data Complete/اندازه گیری/داسکوا/لیست قیمت داسکوا +10 درصد.pdf,,sku_column,c589df1dc02df10f5405c6b98b5a5970b00db193891be082d7ae8406888478df,source_id=dasqua.price_list;normalized_sku=5511-2110-B
DASQUA,5511-2115-B,2,authorized_supplier_price_list,/home/shebahati/KaZar/Product and Data Complete/اندازه گیری/داسکوا/لیست قیمت داسکوا +10 درصد.pdf,,sku_column,c589df1dc02df10f5405c6b98b5a5970b00db193891be082d7ae8406888478df,source_id=dasqua.price_list;normalized_sku=5511-2115-B
DASQUA,5511-2120-B,2,authorized_supplier_price_list,/home/shebahati/KaZar/Product and Data Complete/اندازه گیری/داسکوا/لیست قیمت داسکوا +10 درصد.pdf,,sku_column,c589df1dc02df10f5405c6b98b5a5970b00db193891be082d7ae8406888478df,source_id=dasqua.price_list;normalized_sku=5511-2120-B
DASQUA,5511-2130-B,2,authorized_supplier_price_list,/home/shebahati/KaZar/Product and Data Complete/اندازه گیری/داسکوا/لیست قیمت داسکوا +10 درصد.pdf,,sku_column,c589df1dc02df10f5405c6b98b5a5970b00db193891be082d7ae8406888478df,source_id=dasqua.price_list;normalized_sku=5511-2130-B
DASQUA,5581-0005,2,authorized_supplier_price_list,/home/shebahati/KaZar/Product and Data Complete/اندازه گیری/داسکوا/لیست قیمت داسکوا +10 درصد.pdf,,sku_column,c589df1dc02df10f5405c6b98b5a5970b00db193891be082d7ae8406888478df,source_id=dasqua.price_list;normalized_sku=5581-0005
DASQUA,5610-8105,2,authorized_supplier_price_list,/home/shebahati/KaZar/Product and Data Complete/اندازه گیری/داسکوا/لیست قیمت داسکوا +10 درصد.pdf,,sku_column,c589df1dc02df10f5405c6b98b5a5970b00db193891be082d7ae8406888478df,source_id=dasqua.price_list;normalized_sku=5610-8105
DASQUA,5610-8110,2,authorized_supplier_price_list,/home/shebahati/KaZar/Product and Data Complete/اندازه گیری/داسکوا/لیست قیمت داسکوا +10 درصد.pdf,,sku_column,c589df1dc02df10f5405c6b98b5a5970b00db193891be082d7ae8406888478df,source_id=dasqua.price_list;normalized_sku=5610-8110
DASQUA,5610-8115,2,authorized_supplier_price_list,/home/shebahati/KaZar/Product and Data Complete/اندازه گیری/داسکوا/لیست قیمت داسکوا +10 درصد.pdf,,sku_column,c589df1dc02df10f5405c6b98b5a5970b00db193891be082d7ae8406888478df,source_id=dasqua.price_list;normalized_sku=5610-8115
DASQUA,5610-8120,2,authorized_supplier_price_list,/home/shebahati/KaZar/Product and Data Complete/اندازه گیری/داسکوا/لیست قیمت داسکوا +10 درصد.pdf,,sku_column,c589df1dc02df10f5405c6b98b5a5970b00db193891be082d7ae8406888478df,source_id=dasqua.price_list;normalized_sku=5610-8120
DASQUA,5610-8125,2,authorized_supplier_price_list,/home/shebahati/KaZar/Product and Data Complete/اندازه گیری/داسکوا/لیست قیمت داسکوا +10 درصد.pdf,,sku_column,c589df1dc02df10f5405c6b98b5a5970b00db193891be082d7ae8406888478df,source_id=dasqua.price_list;normalized_sku=5610-8125
DASQUA,5610-8130,2,authorized_supplier_price_list,/home/shebahati/KaZar/Product and Data Complete/اندازه گیری/داسکوا/لیست قیمت داسکوا +10 درصد.pdf,,sku_column,c589df1dc02df10f5405c6b98b5a5970b00db193891be082d7ae8406888478df,source_id=dasqua.price_list;normalized_sku=5610-8130
DASQUA,5610-8135,2,authorized_supplier_price_list,/home/shebahati/KaZar/Product and Data Complete/اندازه گیری/داسکوا/لیست قیمت داسکوا +10 درصد.pdf,,sku_column,c589df1dc02df10f5405c6b98b5a5970b00db193891be082d7ae8406888478df,source_id=dasqua.price_list;normalized_sku=5610-8135
DASQUA,5711-0005,2,authorized_supplier_price_list,/home/shebahati/KaZar/Product and Data Complete/اندازه گیری/داسکوا/لیست قیمت داسکوا +10 درصد.pdf,,sku_column,c589df1dc02df10f5405c6b98b5a5970b00db193891be082d7ae8406888478df,source_id=dasqua.price_list;normalized_sku=5711-0005
DASQUA,5712-1100-A,2,authorized_supplier_price_list,/home/shebahati/KaZar/Product and Data Complete/اندازه گیری/داسکوا/لیست قیمت داسکوا +10 درصد.pdf,,sku_column,c589df1dc02df10f5405c6b98b5a5970b00db193891be082d7ae8406888478df,source_id=dasqua.price_list;normalized_sku=5712-1100-A
DASQUA,5751-0010,2,authorized_supplier_price_list,/home/shebahati/KaZar/Product and Data Complete/اندازه گیری/داسکوا/لیست قیمت داسکوا +10 درصد.pdf,,sku_column,c589df1dc02df10f5405c6b98b5a5970b00db193891be082d7ae8406888478df,source_id=dasqua.price_list;normalized_sku=5751-0010
DASQUA,5760-1005,2,authorized_supplier_price_list,/home/shebahati/KaZar/Product and Data Complete/اندازه گیری/داسکوا/لیست قیمت داسکوا +10 درصد.pdf,,sku_column,c589df1dc02df10f5405c6b98b5a5970b00db193891be082d7ae8406888478df,source_id=dasqua.price_list;normalized_sku=5760-1005
DASQUA,5800-1015,2,authorized_supplier_price_list,/home/shebahati/KaZar/Product and Data Complete/اندازه گیری/داسکوا/لیست قیمت داسکوا +10 درصد.pdf,,sku_column,c589df1dc02df10f5405c6b98b5a5970b00db193891be082d7ae8406888478df,source_id=dasqua.price_list;normalized_sku=5800-1015
DASQUA,5810-2005,2,authorized_supplier_price_list,/home/shebahati/KaZar/Product and Data Complete/اندازه گیری/داسکوا/لیست قیمت داسکوا +10 درصد.pdf,,sku_column,c589df1dc02df10f5405c6b98b5a5970b00db193891be082d7ae8406888478df,source_id=dasqua.price_list;normalized_sku=5810-2005
DASQUA,5810-2010,2,authorized_supplier_price_list,/home/shebahati/KaZar/Product and Data Complete/اندازه گیری/داسکوا/لیست قیمت داسکوا +10 درصد.pdf,,sku_column,c589df1dc02df10f5405c6b98b5a5970b00db193891be082d7ae8406888478df,source_id=dasqua.price_list;normalized_sku=5810-2010
DASQUA,5810-2015,2,authorized_supplier_price_list,/home/shebahati/KaZar/Product and Data Complete/اندازه گیری/داسکوا/لیست قیمت داسکوا +10 درصد.pdf,,sku_column,c589df1dc02df10f5405c6b98b5a5970b00db193891be082d7ae8406888478df,source_id=dasqua.price_list;normalized_sku=5810-2015
DASQUA,5810-2020,2,authorized_supplier_price_list,/home/shebahati/KaZar/Product and Data Complete/اندازه گیری/داسکوا/لیست قیمت داسکوا +10 درصد.pdf,,sku_column,c589df1dc02df10f5405c6b98b5a5970b00db193891be082d7ae8406888478df,source_id=dasqua.price_list;normalized_sku=5810-2020
DASQUA,5810-3105,2,authorized_supplier_price_list,/home/shebahati/KaZar/Product and Data Complete/اندازه گیری/داسکوا/لیست قیمت داسکوا +10 درصد.pdf,,sku_column,c589df1dc02df10f5405c6b98b5a5970b00db193891be082d7ae8406888478df,source_id=dasqua.price_list;normalized_sku=5810-3105
DASQUA,5810-3110,2,authorized_supplier_price_list,/home/shebahati/KaZar/Product and Data Complete/اندازه گیری/داسکوا/لیست قیمت داسکوا +10 درصد.pdf,,sku_column,c589df1dc02df10f5405c6b98b5a5970b00db193891be082d7ae8406888478df,source_id=dasqua.price_list;normalized_sku=5810-3110
DASQUA,5810-3115,2,authorized_supplier_price_list,/home/shebahati/KaZar/Product and Data Complete/اندازه گیری/داسکوا/لیست قیمت داسکوا +10 درصد.pdf,,sku_column,c589df1dc02df10f5405c6b98b5a5970b00db193891be082d7ae8406888478df,source_id=dasqua.price_list;normalized_sku=5810-3115
DASQUA,5810-3120,2,authorized_supplier_price_list,/home/shebahati/KaZar/Product and Data Complete/اندازه گیری/داسکوا/لیست قیمت داسکوا +10 درصد.pdf,,sku_column,c589df1dc02df10f5405c6b98b5a5970b00db193891be082d7ae8406888478df,source_id=dasqua.price_list;normalized_sku=5810-3120
DASQUA,5810-3125,2,authorized_supplier_price_list,/home/shebahati/KaZar/Product and Data Complete/اندازه گیری/داسکوا/لیست قیمت داسکوا +10 درصد.pdf,,sku_column,c589df1dc02df10f5405c6b98b5a5970b00db193891be082d7ae8406888478df,source_id=dasqua.price_list;normalized_sku=5810-3125
DASQUA,5811-0005,2,authorized_supplier_price_list,/home/shebahati/KaZar/Product and Data Complete/اندازه گیری/داسکوا/لیست قیمت داسکوا +10 درصد.pdf,,sku_column,c589df1dc02df10f5405c6b98b5a5970b00db193891be082d7ae8406888478df,source_id=dasqua.price_list;normalized_sku=5811-0005
DASQUA,5811-0010,2,authorized_supplier_price_list,/home/shebahati/KaZar/Product and Data Complete/اندازه گیری/داسکوا/لیست قیمت داسکوا +10 درصد.pdf,,sku_column,c589df1dc02df10f5405c6b98b5a5970b00db193891be082d7ae8406888478df,source_id=dasqua.price_list;normalized_sku=5811-0010
DASQUA,5811-0015,2,authorized_supplier_price_list,/home/shebahati/KaZar/Product and Data Complete/اندازه گیری/داسکوا/لیست قیمت داسکوا +10 درصد.pdf,,sku_column,c589df1dc02df10f5405c6b98b5a5970b00db193891be082d7ae8406888478df,source_id=dasqua.price_list;normalized_sku=5811-0015
DASQUA,5811-0020,2,authorized_supplier_price_list,/home/shebahati/KaZar/Product and Data Complete/اندازه گیری/داسکوا/لیست قیمت داسکوا +10 درصد.pdf,,sku_column,c589df1dc02df10f5405c6b98b5a5970b00db193891be082d7ae8406888478df,source_id=dasqua.price_list;normalized_sku=5811-0020
DASQUA,5820-0005,2,authorized_supplier_price_list,/home/shebahati/KaZar/Product and Data Complete/اندازه گیری/داسکوا/لیست قیمت داسکوا +10 درصد.pdf,,sku_column,c589df1dc02df10f5405c6b98b5a5970b00db193891be082d7ae8406888478df,source_id=dasqua.price_list;normalized_sku=5820-0005
DASQUA,5820-0010,2,authorized_supplier_price_list,/home/shebahati/KaZar/Product and Data Complete/اندازه گیری/داسکوا/لیست قیمت داسکوا +10 درصد.pdf,,sku_column,c589df1dc02df10f5405c6b98b5a5970b00db193891be082d7ae8406888478df,source_id=dasqua.price_list;normalized_sku=5820-0010
DASQUA,5820-0015,2,authorized_supplier_price_list,/home/shebahati/KaZar/Product and Data Complete/اندازه گیری/داسکوا/لیست قیمت داسکوا +10 درصد.pdf,,sku_column,c589df1dc02df10f5405c6b98b5a5970b00db193891be082d7ae8406888478df,source_id=dasqua.price_list;normalized_sku=5820-0015
DASQUA,5820-0020,2,authorized_supplier_price_list,/home/shebahati/KaZar/Product and Data Complete/اندازه گیری/داسکوا/لیست قیمت داسکوا +10 درصد.pdf,,sku_column,c589df1dc02df10f5405c6b98b5a5970b00db193891be082d7ae8406888478df,source_id=dasqua.price_list;normalized_sku=5820-0020
DASQUA,5831-0005,2,authorized_supplier_price_list,/home/shebahati/KaZar/Product and Data Complete/اندازه گیری/داسکوا/لیست قیمت داسکوا +10 درصد.pdf,,sku_column,c589df1dc02df10f5405c6b98b5a5970b00db193891be082d7ae8406888478df,source_id=dasqua.price_list;normalized_sku=5831-0005
DASQUA,5840-6200,2,authorized_supplier_price_list,/home/shebahati/KaZar/Product and Data Complete/اندازه گیری/داسکوا/لیست قیمت داسکوا +10 درصد.pdf,,sku_column,c589df1dc02df10f5405c6b98b5a5970b00db193891be082d7ae8406888478df,source_id=dasqua.price_list;normalized_sku=5840-6200
DASQUA,5840-6205,2,authorized_supplier_price_list,/home/shebahati/KaZar/Product and Data Complete/اندازه گیری/داسکوا/لیست قیمت داسکوا +10 درصد.pdf,,sku_column,c589df1dc02df10f5405c6b98b5a5970b00db193891be082d7ae8406888478df,source_id=dasqua.price_list;normalized_sku=5840-6205
DASQUA,5840-6240,2,authorized_supplier_price_list,/home/shebahati/KaZar/Product and Data Complete/اندازه گیری/داسکوا/لیست قیمت داسکوا +10 درصد.pdf,,sku_column,c589df1dc02df10f5405c6b98b5a5970b00db193891be082d7ae8406888478df,source_id=dasqua.price_list;normalized_sku=5840-6240
DASQUA,5840-6250,2,authorized_supplier_price_list,/home/shebahati/KaZar/Product and Data Complete/اندازه گیری/داسکوا/لیست قیمت داسکوا +10 درصد.pdf,,sku_column,c589df1dc02df10f5405c6b98b5a5970b00db193891be082d7ae8406888478df,source_id=dasqua.price_list;normalized_sku=5840-6250
DASQUA,5841-1105,2,authorized_supplier_price_list,/home/shebahati/KaZar/Product and Data Complete/اندازه گیری/داسکوا/لیست قیمت داسکوا +10 درصد.pdf,,sku_column,c589df1dc02df10f5405c6b98b5a5970b00db193891be082d7ae8406888478df,source_id=dasqua.price_list;normalized_sku=5841-1105
DASQUA,5841-1110,2,authorized_supplier_price_list,/home/shebahati/KaZar/Product and Data Complete/اندازه گیری/داسکوا/لیست قیمت داسکوا +10 درصد.pdf,,sku_column,c589df1dc02df10f5405c6b98b5a5970b00db193891be082d7ae8406888478df,source_id=dasqua.price_list;normalized_sku=5841-1110
DASQUA,5841-1115,2,authorized_supplier_price_list,/home/shebahati/KaZar/Product and Data Complete/اندازه گیری/داسکوا/لیست قیمت داسکوا +10 درصد.pdf,,sku_column,c589df1dc02df10f5405c6b98b5a5970b00db193891be082d7ae8406888478df,source_id=dasqua.price_list;normalized_sku=5841-1115
DASQUA,5841-1120,2,authorized_supplier_price_list,/home/shebahati/KaZar/Product and Data Complete/اندازه گیری/داسکوا/لیست قیمت داسکوا +10 درصد.pdf,,sku_column,c589df1dc02df10f5405c6b98b5a5970b00db193891be082d7ae8406888478df,source_id=dasqua.price_list;normalized_sku=5841-1120
DASQUA,5841-1125,2,authorized_supplier_price_list,/home/shebahati/KaZar/Product and Data Complete/اندازه گیری/داسکوا/لیست قیمت داسکوا +10 درصد.pdf,,sku_column,c589df1dc02df10f5405c6b98b5a5970b00db193891be082d7ae8406888478df,source_id=dasqua.price_list;normalized_sku=5841-1125
DASQUA,5841-8105,2,authorized_supplier_price_list,/home/shebahati/KaZar/Product and Data Complete/اندازه گیری/داسکوا/لیست قیمت داسکوا +10 درصد.pdf,,sku_column,c589df1dc02df10f5405c6b98b5a5970b00db193891be082d7ae8406888478df,source_id=dasqua.price_list;normalized_sku=5841-8105
DASQUA,5841-8106,2,authorized_supplier_price_list,/home/shebahati/KaZar/Product and Data Complete/اندازه گیری/داسکوا/لیست قیمت داسکوا +10 درصد.pdf,,sku_column,c589df1dc02df10f5405c6b98b5a5970b00db193891be082d7ae8406888478df,source_id=dasqua.price_list;normalized_sku=5841-8106
DASQUA,5841-8110,2,authorized_supplier_price_list,/home/shebahati/KaZar/Product and Data Complete/اندازه گیری/داسکوا/لیست قیمت داسکوا +10 درصد.pdf,,sku_column,c589df1dc02df10f5405c6b98b5a5970b00db193891be082d7ae8406888478df,source_id=dasqua.price_list;normalized_sku=5841-8110
DASQUA,5841-8115,2,authorized_supplier_price_list,/home/shebahati/KaZar/Product and Data Complete/اندازه گیری/داسکوا/لیست قیمت داسکوا +10 درصد.pdf,,sku_column,c589df1dc02df10f5405c6b98b5a5970b00db193891be082d7ae8406888478df,source_id=dasqua.price_list;normalized_sku=5841-8115
DASQUA,5841-9105,2,authorized_supplier_price_list,/home/shebahati/KaZar/Product and Data Complete/اندازه گیری/داسکوا/لیست قیمت داسکوا +10 درصد.pdf,,sku_column,c589df1dc02df10f5405c6b98b5a5970b00db193891be082d7ae8406888478df,source_id=dasqua.price_list;normalized_sku=5841-9105
DASQUA,5841-9110,2,authorized_supplier_price_list,/home/shebahati/KaZar/Product and Data Complete/اندازه گیری/داسکوا/لیست قیمت داسکوا +10 درصد.pdf,,sku_column,c589df1dc02df10f5405c6b98b5a5970b00db193891be082d7ae8406888478df,source_id=dasqua.price_list;normalized_sku=5841-9110
DASQUA,5911-0001,2,authorized_supplier_price_list,/home/shebahati/KaZar/Product and Data Complete/اندازه گیری/داسکوا/لیست قیمت داسکوا +10 درصد.pdf,,sku_column,c589df1dc02df10f5405c6b98b5a5970b00db193891be082d7ae8406888478df,source_id=dasqua.price_list;normalized_sku=5911-0001
DASQUA,5911-0002-A,2,authorized_supplier_price_list,/home/shebahati/KaZar/Product and Data Complete/اندازه گیری/داسکوا/لیست قیمت داسکوا +10 درصد.pdf,,sku_column,c589df1dc02df10f5405c6b98b5a5970b00db193891be082d7ae8406888478df,source_id=dasqua.price_list;normalized_sku=5911-0002-A
DASQUA,5921-0005,2,authorized_supplier_price_list,/home/shebahati/KaZar/Product and Data Complete/اندازه گیری/داسکوا/لیست قیمت داسکوا +10 درصد.pdf,,sku_column,c589df1dc02df10f5405c6b98b5a5970b00db193891be082d7ae8406888478df,source_id=dasqua.price_list;normalized_sku=5921-0005
DASQUA,6110-1112,2,authorized_supplier_price_list,/home/shebahati/KaZar/Product and Data Complete/اندازه گیری/داسکوا/لیست قیمت داسکوا +10 درصد.pdf,,sku_column,c589df1dc02df10f5405c6b98b5a5970b00db193891be082d7ae8406888478df,source_id=dasqua.price_list;normalized_sku=6110-1112
DASQUA,6110-1232,2,authorized_supplier_price_list,/home/shebahati/KaZar/Product and Data Complete/اندازه گیری/داسکوا/لیست قیمت داسکوا +10 درصد.pdf,,sku_column,c589df1dc02df10f5405c6b98b5a5970b00db193891be082d7ae8406888478df,source_id=dasqua.price_list;normalized_sku=6110-1232
DASQUA,6110-1247,2,authorized_supplier_price_list,/home/shebahati/KaZar/Product and Data Complete/اندازه گیری/داسکوا/لیست قیمت داسکوا +10 درصد.pdf,,sku_column,c589df1dc02df10f5405c6b98b5a5970b00db193891be082d7ae8406888478df,source_id=dasqua.price_list;normalized_sku=6110-1247
DASQUA,6110-1287,2,authorized_supplier_price_list,/home/shebahati/KaZar/Product and Data Complete/اندازه گیری/داسکوا/لیست قیمت داسکوا +10 درصد.pdf,,sku_column,c589df1dc02df10f5405c6b98b5a5970b00db193891be082d7ae8406888478df,source_id=dasqua.price_list;normalized_sku=6110-1287
DASQUA,6111-1112,2,authorized_supplier_price_list,/home/shebahati/KaZar/Product and Data Complete/اندازه گیری/داسکوا/لیست قیمت داسکوا +10 درصد.pdf,,sku_column,c589df1dc02df10f5405c6b98b5a5970b00db193891be082d7ae8406888478df,source_id=dasqua.price_list;normalized_sku=6111-1112
DASQUA,6111-1232,2,authorized_supplier_price_list,/home/shebahati/KaZar/Product and Data Complete/اندازه گیری/داسکوا/لیست قیمت داسکوا +10 درصد.pdf,,sku_column,c589df1dc02df10f5405c6b98b5a5970b00db193891be082d7ae8406888478df,source_id=dasqua.price_list;normalized_sku=6111-1232
DASQUA,6111-1247,2,authorized_supplier_price_list,/home/shebahati/KaZar/Product and Data Complete/اندازه گیری/داسکوا/لیست قیمت داسکوا +10 درصد.pdf,,sku_column,c589df1dc02df10f5405c6b98b5a5970b00db193891be082d7ae8406888478df,source_id=dasqua.price_list;normalized_sku=6111-1247
DASQUA,6111-1287,2,authorized_supplier_price_list,/home/shebahati/KaZar/Product and Data Complete/اندازه گیری/داسکوا/لیست قیمت داسکوا +10 درصد.pdf,,sku_column,c589df1dc02df10f5405c6b98b5a5970b00db193891be082d7ae8406888478df,source_id=dasqua.price_list;normalized_sku=6111-1287
DASQUA,6112-1112,2,authorized_supplier_price_list,/home/shebahati/KaZar/Product and Data Complete/اندازه گیری/داسکوا/لیست قیمت داسکوا +10 درصد.pdf,,sku_column,c589df1dc02df10f5405c6b98b5a5970b00db193891be082d7ae8406888478df,source_id=dasqua.price_list;normalized_sku=6112-1112
DASQUA,6112-1232,2,authorized_supplier_price_list,/home/shebahati/KaZar/Product and Data Complete/اندازه گیری/داسکوا/لیست قیمت داسکوا +10 درصد.pdf,,sku_column,c589df1dc02df10f5405c6b98b5a5970b00db193891be082d7ae8406888478df,source_id=dasqua.price_list;normalized_sku=6112-1232
DASQUA,6112-1247,2,authorized_supplier_price_list,/home/shebahati/KaZar/Product and Data Complete/اندازه گیری/داسکوا/لیست قیمت داسکوا +10 درصد.pdf,,sku_column,c589df1dc02df10f5405c6b98b5a5970b00db193891be082d7ae8406888478df,source_id=dasqua.price_list;normalized_sku=6112-1247
DASQUA,6112-1287,2,authorized_supplier_price_list,/home/shebahati/KaZar/Product and Data Complete/اندازه گیری/داسکوا/لیست قیمت داسکوا +10 درصد.pdf,,sku_column,c589df1dc02df10f5405c6b98b5a5970b00db193891be082d7ae8406888478df,source_id=dasqua.price_list;normalized_sku=6112-1287
DASQUA,6211-4205,2,authorized_supplier_price_list,/home/shebahati/KaZar/Product and Data Complete/اندازه گیری/داسکوا/لیست قیمت داسکوا +10 درصد.pdf,,sku_column,c589df1dc02df10f5405c6b98b5a5970b00db193891be082d7ae8406888478df,source_id=dasqua.price_list;normalized_sku=6211-4205
DASQUA,6211-4210,2,authorized_supplier_price_list,/home/shebahati/KaZar/Product and Data Complete/اندازه گیری/داسکوا/لیست قیمت داسکوا +10 درصد.pdf,,sku_column,c589df1dc02df10f5405c6b98b5a5970b00db193891be082d7ae8406888478df,source_id=dasqua.price_list;normalized_sku=6211-4210
DASQUA,6211-4300,2,authorized_supplier_price_list,/home/shebahati/KaZar/Product and Data Complete/اندازه گیری/داسکوا/لیست قیمت داسکوا +10 درصد.pdf,,sku_column,c589df1dc02df10f5405c6b98b5a5970b00db193891be082d7ae8406888478df,source_id=dasqua.price_list;normalized_sku=6211-4300
DASQUA,6211-4301,2,authorized_supplier_price_list,/home/shebahati/KaZar/Product and Data Complete/اندازه گیری/داسکوا/لیست قیمت داسکوا +10 درصد.pdf,,sku_column,c589df1dc02df10f5405c6b98b5a5970b00db193891be082d7ae8406888478df,source_id=dasqua.price_list;normalized_sku=6211-4301
DASQUA,6211-4302,2,authorized_supplier_price_list,/home/shebahati/KaZar/Product and Data Complete/اندازه گیری/داسکوا/لیست قیمت داسکوا +10 درصد.pdf,,sku_column,c589df1dc02df10f5405c6b98b5a5970b00db193891be082d7ae8406888478df,source_id=dasqua.price_list;normalized_sku=6211-4302
DASQUA,6211-4303,2,authorized_supplier_price_list,/home/shebahati/KaZar/Product and Data Complete/اندازه گیری/داسکوا/لیست قیمت داسکوا +10 درصد.pdf,,sku_column,c589df1dc02df10f5405c6b98b5a5970b00db193891be082d7ae8406888478df,source_id=dasqua.price_list;normalized_sku=6211-4303
DASQUA,6211-4304,2,authorized_supplier_price_list,/home/shebahati/KaZar/Product and Data Complete/اندازه گیری/داسکوا/لیست قیمت داسکوا +10 درصد.pdf,,sku_column,c589df1dc02df10f5405c6b98b5a5970b00db193891be082d7ae8406888478df,source_id=dasqua.price_list;normalized_sku=6211-4304
DASQUA,6211-4305,2,authorized_supplier_price_list,/home/shebahati/KaZar/Product and Data Complete/اندازه گیری/داسکوا/لیست قیمت داسکوا +10 درصد.pdf,,sku_column,c589df1dc02df10f5405c6b98b5a5970b00db193891be082d7ae8406888478df,source_id=dasqua.price_list;normalized_sku=6211-4305
DASQUA,6211-4306,2,authorized_supplier_price_list,/home/shebahati/KaZar/Product and Data Complete/اندازه گیری/داسکوا/لیست قیمت داسکوا +10 درصد.pdf,,sku_column,c589df1dc02df10f5405c6b98b5a5970b00db193891be082d7ae8406888478df,source_id=dasqua.price_list;normalized_sku=6211-4306
DASQUA,6211-4307,2,authorized_supplier_price_list,/home/shebahati/KaZar/Product and Data Complete/اندازه گیری/داسکوا/لیست قیمت داسکوا +10 درصد.pdf,,sku_column,c589df1dc02df10f5405c6b98b5a5970b00db193891be082d7ae8406888478df,source_id=dasqua.price_list;normalized_sku=6211-4307
DASQUA,6211-4308,2,authorized_supplier_price_list,/home/shebahati/KaZar/Product and Data Complete/اندازه گیری/داسکوا/لیست قیمت داسکوا +10 درصد.pdf,,sku_column,c589df1dc02df10f5405c6b98b5a5970b00db193891be082d7ae8406888478df,source_id=dasqua.price_list;normalized_sku=6211-4308
DASQUA,6211-4309,2,authorized_supplier_price_list,/home/shebahati/KaZar/Product and Data Complete/اندازه گیری/داسکوا/لیست قیمت داسکوا +10 درصد.pdf,,sku_column,c589df1dc02df10f5405c6b98b5a5970b00db193891be082d7ae8406888478df,source_id=dasqua.price_list;normalized_sku=6211-4309
DASQUA,6211-4310,2,authorized_supplier_price_list,/home/shebahati/KaZar/Product and Data Complete/اندازه گیری/داسکوا/لیست قیمت داسکوا +10 درصد.pdf,,sku_column,c589df1dc02df10f5405c6b98b5a5970b00db193891be082d7ae8406888478df,source_id=dasqua.price_list;normalized_sku=6211-4310
DASQUA,6211-4311,2,authorized_supplier_price_list,/home/shebahati/KaZar/Product and Data Complete/اندازه گیری/داسکوا/لیست قیمت داسکوا +10 درصد.pdf,,sku_column,c589df1dc02df10f5405c6b98b5a5970b00db193891be082d7ae8406888478df,source_id=dasqua.price_list;normalized_sku=6211-4311
DASQUA,6211-4312,2,authorized_supplier_price_list,/home/shebahati/KaZar/Product and Data Complete/اندازه گیری/داسکوا/لیست قیمت داسکوا +10 درصد.pdf,,sku_column,c589df1dc02df10f5405c6b98b5a5970b00db193891be082d7ae8406888478df,source_id=dasqua.price_list;normalized_sku=6211-4312
DASQUA,6211-4313,2,authorized_supplier_price_list,/home/shebahati/KaZar/Product and Data Complete/اندازه گیری/داسکوا/لیست قیمت داسکوا +10 درصد.pdf,,sku_column,c589df1dc02df10f5405c6b98b5a5970b00db193891be082d7ae8406888478df,source_id=dasqua.price_list;normalized_sku=6211-4313
DASQUA,6211-4314,2,authorized_supplier_price_list,/home/shebahati/KaZar/Product and Data Complete/اندازه گیری/داسکوا/لیست قیمت داسکوا +10 درصد.pdf,,sku_column,c589df1dc02df10f5405c6b98b5a5970b00db193891be082d7ae8406888478df,source_id=dasqua.price_list;normalized_sku=6211-4314
DASQUA,6211-4315,2,authorized_supplier_price_list,/home/shebahati/KaZar/Product and Data Complete/اندازه گیری/داسکوا/لیست قیمت داسکوا +10 درصد.pdf,,sku_column,c589df1dc02df10f5405c6b98b5a5970b00db193891be082d7ae8406888478df,source_id=dasqua.price_list;normalized_sku=6211-4315
DASQUA,6211-4316,2,authorized_supplier_price_list,/home/shebahati/KaZar/Product and Data Complete/اندازه گیری/داسکوا/لیست قیمت داسکوا +10 درصد.pdf,,sku_column,c589df1dc02df10f5405c6b98b5a5970b00db193891be082d7ae8406888478df,source_id=dasqua.price_list;normalized_sku=6211-4316
DASQUA,6211-4317,2,authorized_supplier_price_list,/home/shebahati/KaZar/Product and Data Complete/اندازه گیری/داسکوا/لیست قیمت داسکوا +10 درصد.pdf,,sku_column,c589df1dc02df10f5405c6b98b5a5970b00db193891be082d7ae8406888478df,source_id=dasqua.price_list;normalized_sku=6211-4317
DASQUA,6211-4318,2,authorized_supplier_price_list,/home/shebahati/KaZar/Product and Data Complete/اندازه گیری/داسکوا/لیست قیمت داسکوا +10 درصد.pdf,,sku_column,c589df1dc02df10f5405c6b98b5a5970b00db193891be082d7ae8406888478df,source_id=dasqua.price_list;normalized_sku=6211-4318
DASQUA,6211-4319,2,authorized_supplier_price_list,/home/shebahati/KaZar/Product and Data Complete/اندازه گیری/داسکوا/لیست قیمت داسکوا +10 درصد.pdf,,sku_column,c589df1dc02df10f5405c6b98b5a5970b00db193891be082d7ae8406888478df,source_id=dasqua.price_list;normalized_sku=6211-4319
DASQUA,6310-0001,2,authorized_supplier_price_list,/home/shebahati/KaZar/Product and Data Complete/اندازه گیری/داسکوا/لیست قیمت داسکوا +10 درصد.pdf,,sku_column,c589df1dc02df10f5405c6b98b5a5970b00db193891be082d7ae8406888478df,source_id=dasqua.price_list;normalized_sku=6310-0001
DASQUA,6310-0002,2,authorized_supplier_price_list,/home/shebahati/KaZar/Product and Data Complete/اندازه گیری/داسکوا/لیست قیمت داسکوا +10 درصد.pdf,,sku_column,c589df1dc02df10f5405c6b98b5a5970b00db193891be082d7ae8406888478df,source_id=dasqua.price_list;normalized_sku=6310-0002
DASQUA,6310-0003,2,authorized_supplier_price_list,/home/shebahati/KaZar/Product and Data Complete/اندازه گیری/داسکوا/لیست قیمت داسکوا +10 درصد.pdf,,sku_column,c589df1dc02df10f5405c6b98b5a5970b00db193891be082d7ae8406888478df,source_id=dasqua.price_list;normalized_sku=6310-0003
DASQUA,6310-0004,2,authorized_supplier_price_list,/home/shebahati/KaZar/Product and Data Complete/اندازه گیری/داسکوا/لیست قیمت داسکوا +10 درصد.pdf,,sku_column,c589df1dc02df10f5405c6b98b5a5970b00db193891be082d7ae8406888478df,source_id=dasqua.price_list;normalized_sku=6310-0004
DASQUA,6310-0005,2,authorized_supplier_price_list,/home/shebahati/KaZar/Product and Data Complete/اندازه گیری/داسکوا/لیست قیمت داسکوا +10 درصد.pdf,,sku_column,c589df1dc02df10f5405c6b98b5a5970b00db193891be082d7ae8406888478df,source_id=dasqua.price_list;normalized_sku=6310-0005
DASQUA,6310-0006,2,authorized_supplier_price_list,/home/shebahati/KaZar/Product and Data Complete/اندازه گیری/داسکوا/لیست قیمت داسکوا +10 درصد.pdf,,sku_column,c589df1dc02df10f5405c6b98b5a5970b00db193891be082d7ae8406888478df,source_id=dasqua.price_list;normalized_sku=6310-0006
DASQUA,6310-0007,2,authorized_supplier_price_list,/home/shebahati/KaZar/Product and Data Complete/اندازه گیری/داسکوا/لیست قیمت داسکوا +10 درصد.pdf,,sku_column,c589df1dc02df10f5405c6b98b5a5970b00db193891be082d7ae8406888478df,source_id=dasqua.price_list;normalized_sku=6310-0007
DASQUA,6310-0008,2,authorized_supplier_price_list,/home/shebahati/KaZar/Product and Data Complete/اندازه گیری/داسکوا/لیست قیمت داسکوا +10 درصد.pdf,,sku_column,c589df1dc02df10f5405c6b98b5a5970b00db193891be082d7ae8406888478df,source_id=dasqua.price_list;normalized_sku=6310-0008
DASQUA,6310-0009,2,authorized_supplier_price_list,/home/shebahati/KaZar/Product and Data Complete/اندازه گیری/داسکوا/لیست قیمت داسکوا +10 درصد.pdf,,sku_column,c589df1dc02df10f5405c6b98b5a5970b00db193891be082d7ae8406888478df,source_id=dasqua.price_list;normalized_sku=6310-0009
DASQUA,6310-0010,2,authorized_supplier_price_list,/home/shebahati/KaZar/Product and Data Complete/اندازه گیری/داسکوا/لیست قیمت داسکوا +10 درصد.pdf,,sku_column,c589df1dc02df10f5405c6b98b5a5970b00db193891be082d7ae8406888478df,source_id=dasqua.price_list;normalized_sku=6310-0010
DASQUA,6310-0011,2,authorized_supplier_price_list,/home/shebahati/KaZar/Product and Data Complete/اندازه گیری/داسکوا/لیست قیمت داسکوا +10 درصد.pdf,,sku_column,c589df1dc02df10f5405c6b98b5a5970b00db193891be082d7ae8406888478df,source_id=dasqua.price_list;normalized_sku=6310-0011
DASQUA,6310-0012,2,authorized_supplier_price_list,/home/shebahati/KaZar/Product and Data Complete/اندازه گیری/داسکوا/لیست قیمت داسکوا +10 درصد.pdf,,sku_column,c589df1dc02df10f5405c6b98b5a5970b00db193891be082d7ae8406888478df,source_id=dasqua.price_list;normalized_sku=6310-0012
DASQUA,6310-0013,2,authorized_supplier_price_list,/home/shebahati/KaZar/Product and Data Complete/اندازه گیری/داسکوا/لیست قیمت داسکوا +10 درصد.pdf,,sku_column,c589df1dc02df10f5405c6b98b5a5970b00db193891be082d7ae8406888478df,source_id=dasqua.price_list;normalized_sku=6310-0013
DASQUA,6310-0014,2,authorized_supplier_price_list,/home/shebahati/KaZar/Product and Data Complete/اندازه گیری/داسکوا/لیست قیمت داسکوا +10 درصد.pdf,,sku_column,c589df1dc02df10f5405c6b98b5a5970b00db193891be082d7ae8406888478df,source_id=dasqua.price_list;normalized_sku=6310-0014
DASQUA,6310-0015,2,authorized_supplier_price_list,/home/shebahati/KaZar/Product and Data Complete/اندازه گیری/داسکوا/لیست قیمت داسکوا +10 درصد.pdf,,sku_column,c589df1dc02df10f5405c6b98b5a5970b00db193891be082d7ae8406888478df,source_id=dasqua.price_list;normalized_sku=6310-0015
DASQUA,6310-0016,2,authorized_supplier_price_list,/home/shebahati/KaZar/Product and Data Complete/اندازه گیری/داسکوا/لیست قیمت داسکوا +10 درصد.pdf,,sku_column,c589df1dc02df10f5405c6b98b5a5970b00db193891be082d7ae8406888478df,source_id=dasqua.price_list;normalized_sku=6310-0016
DASQUA,6310-0017,2,authorized_supplier_price_list,/home/shebahati/KaZar/Product and Data Complete/اندازه گیری/داسکوا/لیست قیمت داسکوا +10 درصد.pdf,,sku_column,c589df1dc02df10f5405c6b98b5a5970b00db193891be082d7ae8406888478df,source_id=dasqua.price_list;normalized_sku=6310-0017
DASQUA,6310-0018,2,authorized_supplier_price_list,/home/shebahati/KaZar/Product and Data Complete/اندازه گیری/داسکوا/لیست قیمت داسکوا +10 درصد.pdf,,sku_column,c589df1dc02df10f5405c6b98b5a5970b00db193891be082d7ae8406888478df,source_id=dasqua.price_list;normalized_sku=6310-0018
DASQUA,6310-0019,2,authorized_supplier_price_list,/home/shebahati/KaZar/Product and Data Complete/اندازه گیری/داسکوا/لیست قیمت داسکوا +10 درصد.pdf,,sku_column,c589df1dc02df10f5405c6b98b5a5970b00db193891be082d7ae8406888478df,source_id=dasqua.price_list;normalized_sku=6310-0019
DASQUA,6310-0020,2,authorized_supplier_price_list,/home/shebahati/KaZar/Product and Data Complete/اندازه گیری/داسکوا/لیست قیمت داسکوا +10 درصد.pdf,,sku_column,c589df1dc02df10f5405c6b98b5a5970b00db193891be082d7ae8406888478df,source_id=dasqua.price_list;normalized_sku=6310-0020
DASQUA,6310-0021,2,authorized_supplier_price_list,/home/shebahati/KaZar/Product and Data Complete/اندازه گیری/داسکوا/لیست قیمت داسکوا +10 درصد.pdf,,sku_column,c589df1dc02df10f5405c6b98b5a5970b00db193891be082d7ae8406888478df,source_id=dasqua.price_list;normalized_sku=6310-0021
DASQUA,6310-0022,2,authorized_supplier_price_list,/home/shebahati/KaZar/Product and Data Complete/اندازه گیری/داسکوا/لیست قیمت داسکوا +10 درصد.pdf,,sku_column,c589df1dc02df10f5405c6b98b5a5970b00db193891be082d7ae8406888478df,source_id=dasqua.price_list;normalized_sku=6310-0022
DASQUA,6310-0023,2,authorized_supplier_price_list,/home/shebahati/KaZar/Product and Data Complete/اندازه گیری/داسکوا/لیست قیمت داسکوا +10 درصد.pdf,,sku_column,c589df1dc02df10f5405c6b98b5a5970b00db193891be082d7ae8406888478df,source_id=dasqua.price_list;normalized_sku=6310-0023
DASQUA,6310-0024,2,authorized_supplier_price_list,/home/shebahati/KaZar/Product and Data Complete/اندازه گیری/داسکوا/لیست قیمت داسکوا +10 درصد.pdf,,sku_column,c589df1dc02df10f5405c6b98b5a5970b00db193891be082d7ae8406888478df,source_id=dasqua.price_list;normalized_sku=6310-0024
DASQUA,6310-0025,2,authorized_supplier_price_list,/home/shebahati/KaZar/Product and Data Complete/اندازه گیری/داسکوا/لیست قیمت داسکوا +10 درصد.pdf,,sku_column,c589df1dc02df10f5405c6b98b5a5970b00db193891be082d7ae8406888478df,source_id=dasqua.price_list;normalized_sku=6310-0025
DASQUA,6350-0005,2,authorized_supplier_price_list,/home/shebahati/KaZar/Product and Data Complete/اندازه گیری/داسکوا/لیست قیمت داسکوا +10 درصد.pdf,,sku_column,c589df1dc02df10f5405c6b98b5a5970b00db193891be082d7ae8406888478df,source_id=dasqua.price_list;normalized_sku=6350-0005
DASQUA,6703-1005,2,authorized_supplier_price_list,/home/shebahati/KaZar/Product and Data Complete/اندازه گیری/داسکوا/لیست قیمت داسکوا +10 درصد.pdf,,sku_column,c589df1dc02df10f5405c6b98b5a5970b00db193891be082d7ae8406888478df,source_id=dasqua.price_list;normalized_sku=6703-1005
DASQUA,6710-0005,2,authorized_supplier_price_list,/home/shebahati/KaZar/Product and Data Complete/اندازه گیری/داسکوا/لیست قیمت داسکوا +10 درصد.pdf,,sku_column,c589df1dc02df10f5405c6b98b5a5970b00db193891be082d7ae8406888478df,source_id=dasqua.price_list;normalized_sku=6710-0005
DASQUA,7000-0005,2,authorized_supplier_price_list,/home/shebahati/KaZar/Product and Data Complete/اندازه گیری/داسکوا/لیست قیمت داسکوا +10 درصد.pdf,,sku_column,c589df1dc02df10f5405c6b98b5a5970b00db193891be082d7ae8406888478df,source_id=dasqua.price_list;normalized_sku=7000-0005
DASQUA,7000-0010,2,authorized_supplier_price_list,/home/shebahati/KaZar/Product and Data Complete/اندازه گیری/داسکوا/لیست قیمت داسکوا +10 درصد.pdf,,sku_column,c589df1dc02df10f5405c6b98b5a5970b00db193891be082d7ae8406888478df,source_id=dasqua.price_list;normalized_sku=7000-0010
DASQUA,7000-0015,2,authorized_supplier_price_list,/home/shebahati/KaZar/Product and Data Complete/اندازه گیری/داسکوا/لیست قیمت داسکوا +10 درصد.pdf,,sku_column,c589df1dc02df10f5405c6b98b5a5970b00db193891be082d7ae8406888478df,source_id=dasqua.price_list;normalized_sku=7000-0015
DASQUA,7000-0020,2,authorized_supplier_price_list,/home/shebahati/KaZar/Product and Data Complete/اندازه گیری/داسکوا/لیست قیمت داسکوا +10 درصد.pdf,,sku_column,c589df1dc02df10f5405c6b98b5a5970b00db193891be082d7ae8406888478df,source_id=dasqua.price_list;normalized_sku=7000-0020
DASQUA,7111-1000,2,authorized_supplier_price_list,/home/shebahati/KaZar/Product and Data Complete/اندازه گیری/داسکوا/لیست قیمت داسکوا +10 درصد.pdf,,sku_column,c589df1dc02df10f5405c6b98b5a5970b00db193891be082d7ae8406888478df,source_id=dasqua.price_list;normalized_sku=7111-1000
DASQUA,7111-1105,2,authorized_supplier_price_list,/home/shebahati/KaZar/Product and Data Complete/اندازه گیری/داسکوا/لیست قیمت داسکوا +10 درصد.pdf,,sku_column,c589df1dc02df10f5405c6b98b5a5970b00db193891be082d7ae8406888478df,source_id=dasqua.price_list;normalized_sku=7111-1105
DASQUA,7121-0025,2,authorized_supplier_price_list,/home/shebahati/KaZar/Product and Data Complete/اندازه گیری/داسکوا/لیست قیمت داسکوا +10 درصد.pdf,,sku_column,c589df1dc02df10f5405c6b98b5a5970b00db193891be082d7ae8406888478df,source_id=dasqua.price_list;normalized_sku=7121-0025
DASQUA,7121-0030,2,authorized_supplier_price_list,/home/shebahati/KaZar/Product and Data Complete/اندازه گیری/داسکوا/لیست قیمت داسکوا +10 درصد.pdf,,sku_column,c589df1dc02df10f5405c6b98b5a5970b00db193891be082d7ae8406888478df,source_id=dasqua.price_list;normalized_sku=7121-0030
DASQUA,7121-0035,2,authorized_supplier_price_list,/home/shebahati/KaZar/Product and Data Complete/اندازه گیری/داسکوا/لیست قیمت داسکوا +10 درصد.pdf,,sku_column,c589df1dc02df10f5405c6b98b5a5970b00db193891be082d7ae8406888478df,source_id=dasqua.price_list;normalized_sku=7121-0035
DASQUA,7121-0045,2,authorized_supplier_price_list,/home/shebahati/KaZar/Product and Data Complete/اندازه گیری/داسکوا/لیست قیمت داسکوا +10 درصد.pdf,,sku_column,c589df1dc02df10f5405c6b98b5a5970b00db193891be082d7ae8406888478df,source_id=dasqua.price_list;normalized_sku=7121-0045
DASQUA,7122-0005,2,authorized_supplier_price_list,/home/shebahati/KaZar/Product and Data Complete/اندازه گیری/داسکوا/لیست قیمت داسکوا +10 درصد.pdf,,sku_column,c589df1dc02df10f5405c6b98b5a5970b00db193891be082d7ae8406888478df,source_id=dasqua.price_list;normalized_sku=7122-0005
DASQUA,7122-0010,2,authorized_supplier_price_list,/home/shebahati/KaZar/Product and Data Complete/اندازه گیری/داسکوا/لیست قیمت داسکوا +10 درصد.pdf,,sku_column,c589df1dc02df10f5405c6b98b5a5970b00db193891be082d7ae8406888478df,source_id=dasqua.price_list;normalized_sku=7122-0010
DASQUA,7122-0015,2,authorized_supplier_price_list,/home/shebahati/KaZar/Product and Data Complete/اندازه گیری/داسکوا/لیست قیمت داسکوا +10 درصد.pdf,,sku_column,c589df1dc02df10f5405c6b98b5a5970b00db193891be082d7ae8406888478df,source_id=dasqua.price_list;normalized_sku=7122-0015
DASQUA,7123-0005,2,authorized_supplier_price_list,/home/shebahati/KaZar/Product and Data Complete/اندازه گیری/داسکوا/لیست قیمت داسکوا +10 درصد.pdf,,sku_column,c589df1dc02df10f5405c6b98b5a5970b00db193891be082d7ae8406888478df,source_id=dasqua.price_list;normalized_sku=7123-0005
DASQUA,7212-1015,2,authorized_supplier_price_list,/home/shebahati/KaZar/Product and Data Complete/اندازه گیری/داسکوا/لیست قیمت داسکوا +10 درصد.pdf,,sku_column,c589df1dc02df10f5405c6b98b5a5970b00db193891be082d7ae8406888478df,source_id=dasqua.price_list;normalized_sku=7212-1015
DASQUA,7212-4020,2,authorized_supplier_price_list,/home/shebahati/KaZar/Product and Data Complete/اندازه گیری/داسکوا/لیست قیمت داسکوا +10 درصد.pdf,,sku_column,c589df1dc02df10f5405c6b98b5a5970b00db193891be082d7ae8406888478df,source_id=dasqua.price_list;normalized_sku=7212-4020
DASQUA,7312-0010,2,authorized_supplier_price_list,/home/shebahati/KaZar/Product and Data Complete/اندازه گیری/داسکوا/لیست قیمت داسکوا +10 درصد.pdf,,sku_column,c589df1dc02df10f5405c6b98b5a5970b00db193891be082d7ae8406888478df,source_id=dasqua.price_list;normalized_sku=7312-0010
DASQUA,7312-0015,2,authorized_supplier_price_list,/home/shebahati/KaZar/Product and Data Complete/اندازه گیری/داسکوا/لیست قیمت داسکوا +10 درصد.pdf,,sku_column,c589df1dc02df10f5405c6b98b5a5970b00db193891be082d7ae8406888478df,source_id=dasqua.price_list;normalized_sku=7312-0015
DASQUA,7412-0005,2,authorized_supplier_price_list,/home/shebahati/KaZar/Product and Data Complete/اندازه گیری/داسکوا/لیست قیمت داسکوا +10 درصد.pdf,,sku_column,c589df1dc02df10f5405c6b98b5a5970b00db193891be082d7ae8406888478df,source_id=dasqua.price_list;normalized_sku=7412-0005
DASQUA,7611-0020,2,authorized_supplier_price_list,/home/shebahati/KaZar/Product and Data Complete/اندازه گیری/داسکوا/لیست قیمت داسکوا +10 درصد.pdf,,sku_column,c589df1dc02df10f5405c6b98b5a5970b00db193891be082d7ae8406888478df,source_id=dasqua.price_list;normalized_sku=7611-0020
DASQUA,7791-1334,2,authorized_supplier_price_list,/home/shebahati/KaZar/Product and Data Complete/اندازه گیری/داسکوا/لیست قیمت داسکوا +10 درصد.pdf,,sku_column,c589df1dc02df10f5405c6b98b5a5970b00db193891be082d7ae8406888478df,source_id=dasqua.price_list;normalized_sku=7791-1334
DASQUA,7791-1804,2,authorized_supplier_price_list,/home/shebahati/KaZar/Product and Data Complete/اندازه گیری/داسکوا/لیست قیمت داسکوا +10 درصد.pdf,,sku_column,c589df1dc02df10f5405c6b98b5a5970b00db193891be082d7ae8406888478df,source_id=dasqua.price_list;normalized_sku=7791-1804
DASQUA,7791-2000,2,authorized_supplier_price_list,/home/shebahati/KaZar/Product and Data Complete/اندازه گیری/داسکوا/لیست قیمت داسکوا +10 درصد.pdf,,sku_column,c589df1dc02df10f5405c6b98b5a5970b00db193891be082d7ae8406888478df,source_id=dasqua.price_list;normalized_sku=7791-2000
DASQUA,7791-2015,2,authorized_supplier_price_list,/home/shebahati/KaZar/Product and Data Complete/اندازه گیری/داسکوا/لیست قیمت داسکوا +10 درصد.pdf,,sku_column,c589df1dc02df10f5405c6b98b5a5970b00db193891be082d7ae8406888478df,source_id=dasqua.price_list;normalized_sku=7791-2015
DASQUA,7791-2117,2,authorized_supplier_price_list,/home/shebahati/KaZar/Product and Data Complete/اندازه گیری/داسکوا/لیست قیمت داسکوا +10 درصد.pdf,,sku_column,c589df1dc02df10f5405c6b98b5a5970b00db193891be082d7ae8406888478df,source_id=dasqua.price_list;normalized_sku=7791-2117
DASQUA,7791-4210,2,authorized_supplier_price_list,/home/shebahati/KaZar/Product and Data Complete/اندازه گیری/داسکوا/لیست قیمت داسکوا +10 درصد.pdf,,sku_column,c589df1dc02df10f5405c6b98b5a5970b00db193891be082d7ae8406888478df,source_id=dasqua.price_list;normalized_sku=7791-4210
DASQUA,7791-4211,2,authorized_supplier_price_list,/home/shebahati/KaZar/Product and Data Complete/اندازه گیری/داسکوا/لیست قیمت داسکوا +10 درصد.pdf,,sku_column,c589df1dc02df10f5405c6b98b5a5970b00db193891be082d7ae8406888478df,source_id=dasqua.price_list;normalized_sku=7791-4211
DASQUA,7791-4212,2,authorized_supplier_price_list,/home/shebahati/KaZar/Product and Data Complete/اندازه گیری/داسکوا/لیست قیمت داسکوا +10 درصد.pdf,,sku_column,c589df1dc02df10f5405c6b98b5a5970b00db193891be082d7ae8406888478df,source_id=dasqua.price_list;normalized_sku=7791-4212
DASQUA,7791-4410,2,authorized_supplier_price_list,/home/shebahati/KaZar/Product and Data Complete/اندازه گیری/داسکوا/لیست قیمت داسکوا +10 درصد.pdf,,sku_column,c589df1dc02df10f5405c6b98b5a5970b00db193891be082d7ae8406888478df,source_id=dasqua.price_list;normalized_sku=7791-4410
DASQUA,7851-0005,2,authorized_supplier_price_list,/home/shebahati/KaZar/Product and Data Complete/اندازه گیری/داسکوا/لیست قیمت داسکوا +10 درصد.pdf,,sku_column,c589df1dc02df10f5405c6b98b5a5970b00db193891be082d7ae8406888478df,source_id=dasqua.price_list;normalized_sku=7851-0005
DASQUA,7851-0008,2,authorized_supplier_price_list,/home/shebahati/KaZar/Product and Data Complete/اندازه گیری/داسکوا/لیست قیمت داسکوا +10 درصد.pdf,,sku_column,c589df1dc02df10f5405c6b98b5a5970b00db193891be082d7ae8406888478df,source_id=dasqua.price_list;normalized_sku=7851-0008
DASQUA,7851-0011,2,authorized_supplier_price_list,/home/shebahati/KaZar/Product and Data Complete/اندازه گیری/داسکوا/لیست قیمت داسکوا +10 درصد.pdf,,sku_column,c589df1dc02df10f5405c6b98b5a5970b00db193891be082d7ae8406888478df,source_id=dasqua.price_list;normalized_sku=7851-0011
DASQUA,7851-0013,2,authorized_supplier_price_list,/home/shebahati/KaZar/Product and Data Complete/اندازه گیری/داسکوا/لیست قیمت داسکوا +10 درصد.pdf,,sku_column,c589df1dc02df10f5405c6b98b5a5970b00db193891be082d7ae8406888478df,source_id=dasqua.price_list;normalized_sku=7851-0013
DASQUA,7912-0004,2,authorized_supplier_price_list,/home/shebahati/KaZar/Product and Data Complete/اندازه گیری/داسکوا/لیست قیمت داسکوا +10 درصد.pdf,,sku_column,c589df1dc02df10f5405c6b98b5a5970b00db193891be082d7ae8406888478df,source_id=dasqua.price_list;normalized_sku=7912-0004
DASQUA,7912-0005,2,authorized_supplier_price_list,/home/shebahati/KaZar/Product and Data Complete/اندازه گیری/داسکوا/لیست قیمت داسکوا +10 درصد.pdf,,sku_column,c589df1dc02df10f5405c6b98b5a5970b00db193891be082d7ae8406888478df,source_id=dasqua.price_list;normalized_sku=7912-0005
DASQUA,8101-0005,2,authorized_supplier_price_list,/home/shebahati/KaZar/Product and Data Complete/اندازه گیری/داسکوا/لیست قیمت داسکوا +10 درصد.pdf,,sku_column,c589df1dc02df10f5405c6b98b5a5970b00db193891be082d7ae8406888478df,source_id=dasqua.price_list;normalized_sku=8101-0005
DASQUA,8101-0010,2,authorized_supplier_price_list,/home/shebahati/KaZar/Product and Data Complete/اندازه گیری/داسکوا/لیست قیمت داسکوا +10 درصد.pdf,,sku_column,c589df1dc02df10f5405c6b98b5a5970b00db193891be082d7ae8406888478df,source_id=dasqua.price_list;normalized_sku=8101-0010
DASQUA,8101-0015,2,authorized_supplier_price_list,/home/shebahati/KaZar/Product and Data Complete/اندازه گیری/داسکوا/لیست قیمت داسکوا +10 درصد.pdf,,sku_column,c589df1dc02df10f5405c6b98b5a5970b00db193891be082d7ae8406888478df,source_id=dasqua.price_list;normalized_sku=8101-0015
DASQUA,8101-0020,2,authorized_supplier_price_list,/home/shebahati/KaZar/Product and Data Complete/اندازه گیری/داسکوا/لیست قیمت داسکوا +10 درصد.pdf,,sku_column,c589df1dc02df10f5405c6b98b5a5970b00db193891be082d7ae8406888478df,source_id=dasqua.price_list;normalized_sku=8101-0020
DASQUA,8203-0010-A,2,authorized_supplier_price_list,/home/shebahati/KaZar/Product and Data Complete/اندازه گیری/داسکوا/لیست قیمت داسکوا +10 درصد.pdf,,sku_column,c589df1dc02df10f5405c6b98b5a5970b00db193891be082d7ae8406888478df,source_id=dasqua.price_list;normalized_sku=8203-0010-A
DASQUA,8295-0005,2,authorized_supplier_price_list,/home/shebahati/KaZar/Product and Data Complete/اندازه گیری/داسکوا/لیست قیمت داسکوا +10 درصد.pdf,,sku_column,c589df1dc02df10f5405c6b98b5a5970b00db193891be082d7ae8406888478df,source_id=dasqua.price_list;normalized_sku=8295-0005
DASQUA,8295-0010,2,authorized_supplier_price_list,/home/shebahati/KaZar/Product and Data Complete/اندازه گیری/داسکوا/لیست قیمت داسکوا +10 درصد.pdf,,sku_column,c589df1dc02df10f5405c6b98b5a5970b00db193891be082d7ae8406888478df,source_id=dasqua.price_list;normalized_sku=8295-0010
DASQUA,8295-0015,2,authorized_supplier_price_list,/home/shebahati/KaZar/Product and Data Complete/اندازه گیری/داسکوا/لیست قیمت داسکوا +10 درصد.pdf,,sku_column,c589df1dc02df10f5405c6b98b5a5970b00db193891be082d7ae8406888478df,source_id=dasqua.price_list;normalized_sku=8295-0015
DASQUA,8300-0015,2,authorized_supplier_price_list,/home/shebahati/KaZar/Product and Data Complete/اندازه گیری/داسکوا/لیست قیمت داسکوا +10 درصد.pdf,,sku_column,c589df1dc02df10f5405c6b98b5a5970b00db193891be082d7ae8406888478df,source_id=dasqua.price_list;normalized_sku=8300-0015
DASQUA,8300-0020,2,authorized_supplier_price_list,/home/shebahati/KaZar/Product and Data Complete/اندازه گیری/داسکوا/لیست قیمت داسکوا +10 درصد.pdf,,sku_column,c589df1dc02df10f5405c6b98b5a5970b00db193891be082d7ae8406888478df,source_id=dasqua.price_list;normalized_sku=8300-0020
DASQUA,8300-0025,2,authorized_supplier_price_list,/home/shebahati/KaZar/Product and Data Complete/اندازه گیری/داسکوا/لیست قیمت داسکوا +10 درصد.pdf,,sku_column,c589df1dc02df10f5405c6b98b5a5970b00db193891be082d7ae8406888478df,source_id=dasqua.price_list;normalized_sku=8300-0025
DASQUA,8300-0045,2,authorized_supplier_price_list,/home/shebahati/KaZar/Product and Data Complete/اندازه گیری/داسکوا/لیست قیمت داسکوا +10 درصد.pdf,,sku_column,c589df1dc02df10f5405c6b98b5a5970b00db193891be082d7ae8406888478df,source_id=dasqua.price_list;normalized_sku=8300-0045
DASQUA,8300-0095,2,authorized_supplier_price_list,/home/shebahati/KaZar/Product and Data Complete/اندازه گیری/داسکوا/لیست قیمت داسکوا +10 درصد.pdf,,sku_column,c589df1dc02df10f5405c6b98b5a5970b00db193891be082d7ae8406888478df,source_id=dasqua.price_list;normalized_sku=8300-0095
DASQUA,8300-1000,2,authorized_supplier_price_list,/home/shebahati/KaZar/Product and Data Complete/اندازه گیری/داسکوا/لیست قیمت داسکوا +10 درصد.pdf,,sku_column,c589df1dc02df10f5405c6b98b5a5970b00db193891be082d7ae8406888478df,source_id=dasqua.price_list;normalized_sku=8300-1000
DASQUA,8301-0003-A,2,authorized_supplier_price_list,/home/shebahati/KaZar/Product and Data Complete/اندازه گیری/داسکوا/لیست قیمت داسکوا +10 درصد.pdf,,sku_column,c589df1dc02df10f5405c6b98b5a5970b00db193891be082d7ae8406888478df,source_id=dasqua.price_list;normalized_sku=8301-0003-A
DASQUA,8301-0005-A,2,authorized_supplier_price_list,/home/shebahati/KaZar/Product and Data Complete/اندازه گیری/داسکوا/لیست قیمت داسکوا +10 درصد.pdf,,sku_column,c589df1dc02df10f5405c6b98b5a5970b00db193891be082d7ae8406888478df,source_id=dasqua.price_list;normalized_sku=8301-0005-A
DASQUA,8301-0006-A,2,authorized_supplier_price_list,/home/shebahati/KaZar/Product and Data Complete/اندازه گیری/داسکوا/لیست قیمت داسکوا +10 درصد.pdf,,sku_column,c589df1dc02df10f5405c6b98b5a5970b00db193891be082d7ae8406888478df,source_id=dasqua.price_list;normalized_sku=8301-0006-A
DASQUA,8301-0009-A,2,authorized_supplier_price_list,/home/shebahati/KaZar/Product and Data Complete/اندازه گیری/داسکوا/لیست قیمت داسکوا +10 درصد.pdf,,sku_column,c589df1dc02df10f5405c6b98b5a5970b00db193891be082d7ae8406888478df,source_id=dasqua.price_list;normalized_sku=8301-0009-A
DASQUA,8301-0010-A,2,authorized_supplier_price_list,/home/shebahati/KaZar/Product and Data Complete/اندازه گیری/داسکوا/لیست قیمت داسکوا +10 درصد.pdf,,sku_column,c589df1dc02df10f5405c6b98b5a5970b00db193891be082d7ae8406888478df,source_id=dasqua.price_list;normalized_sku=8301-0010-A
DASQUA,8301-0013-A,2,authorized_supplier_price_list,/home/shebahati/KaZar/Product and Data Complete/اندازه گیری/داسکوا/لیست قیمت داسکوا +10 درصد.pdf,,sku_column,c589df1dc02df10f5405c6b98b5a5970b00db193891be082d7ae8406888478df,source_id=dasqua.price_list;normalized_sku=8301-0013-A
DASQUA,8301-0015-A,2,authorized_supplier_price_list,/home/shebahati/KaZar/Product and Data Complete/اندازه گیری/داسکوا/لیست قیمت داسکوا +10 درصد.pdf,,sku_column,c589df1dc02df10f5405c6b98b5a5970b00db193891be082d7ae8406888478df,source_id=dasqua.price_list;normalized_sku=8301-0015-A
DASQUA,8301-0020-A,2,authorized_supplier_price_list,/home/shebahati/KaZar/Product and Data Complete/اندازه گیری/داسکوا/لیست قیمت داسکوا +10 درصد.pdf,,sku_column,c589df1dc02df10f5405c6b98b5a5970b00db193891be082d7ae8406888478df,source_id=dasqua.price_list;normalized_sku=8301-0020-A
DASQUA,8301-0020-B,2,authorized_supplier_price_list,/home/shebahati/KaZar/Product and Data Complete/اندازه گیری/داسکوا/لیست قیمت داسکوا +10 درصد.pdf,,sku_column,c589df1dc02df10f5405c6b98b5a5970b00db193891be082d7ae8406888478df,source_id=dasqua.price_list;normalized_sku=8301-0020-B
DASQUA,8301-1003-A,2,authorized_supplier_price_list,/home/shebahati/KaZar/Product and Data Complete/اندازه گیری/داسکوا/لیست قیمت داسکوا +10 درصد.pdf,,sku_column,c589df1dc02df10f5405c6b98b5a5970b00db193891be082d7ae8406888478df,source_id=dasqua.price_list;normalized_sku=8301-1003-A
DASQUA,8301-1003-B,2,authorized_supplier_price_list,/home/shebahati/KaZar/Product and Data Complete/اندازه گیری/داسکوا/لیست قیمت داسکوا +10 درصد.pdf,,sku_column,c589df1dc02df10f5405c6b98b5a5970b00db193891be082d7ae8406888478df,source_id=dasqua.price_list;normalized_sku=8301-1003-B
DASQUA,8301-1005-A,2,authorized_supplier_price_list,/home/shebahati/KaZar/Product and Data Complete/اندازه گیری/داسکوا/لیست قیمت داسکوا +10 درصد.pdf,,sku_column,c589df1dc02df10f5405c6b98b5a5970b00db193891be082d7ae8406888478df,source_id=dasqua.price_list;normalized_sku=8301-1005-A
DASQUA,8301-1006-A,2,authorized_supplier_price_list,/home/shebahati/KaZar/Product and Data Complete/اندازه گیری/داسکوا/لیست قیمت داسکوا +10 درصد.pdf,,sku_column,c589df1dc02df10f5405c6b98b5a5970b00db193891be082d7ae8406888478df,source_id=dasqua.price_list;normalized_sku=8301-1006-A
DASQUA,8301-1006-B,2,authorized_supplier_price_list,/home/shebahati/KaZar/Product and Data Complete/اندازه گیری/داسکوا/لیست قیمت داسکوا +10 درصد.pdf,,sku_column,c589df1dc02df10f5405c6b98b5a5970b00db193891be082d7ae8406888478df,source_id=dasqua.price_list;normalized_sku=8301-1006-B
DASQUA,8301-1009-A,2,authorized_supplier_price_list,/home/shebahati/KaZar/Product and Data Complete/اندازه گیری/داسکوا/لیست قیمت داسکوا +10 درصد.pdf,,sku_column,c589df1dc02df10f5405c6b98b5a5970b00db193891be082d7ae8406888478df,source_id=dasqua.price_list;normalized_sku=8301-1009-A
DASQUA,8301-1010-A,2,authorized_supplier_price_list,/home/shebahati/KaZar/Product and Data Complete/اندازه گیری/داسکوا/لیست قیمت داسکوا +10 درصد.pdf,,sku_column,c589df1dc02df10f5405c6b98b5a5970b00db193891be082d7ae8406888478df,source_id=dasqua.price_list;normalized_sku=8301-1010-A
DASQUA,8301-1013-A,2,authorized_supplier_price_list,/home/shebahati/KaZar/Product and Data Complete/اندازه گیری/داسکوا/لیست قیمت داسکوا +10 درصد.pdf,,sku_column,c589df1dc02df10f5405c6b98b5a5970b00db193891be082d7ae8406888478df,source_id=dasqua.price_list;normalized_sku=8301-1013-A
DASQUA,8301-1020-A,2,authorized_supplier_price_list,/home/shebahati/KaZar/Product and Data Complete/اندازه گیری/داسکوا/لیست قیمت داسکوا +10 درصد.pdf,,sku_column,c589df1dc02df10f5405c6b98b5a5970b00db193891be082d7ae8406888478df,source_id=dasqua.price_list;normalized_sku=8301-1020-A
DASQUA,8301-2505,2,authorized_supplier_price_list,/home/shebahati/KaZar/Product and Data Complete/اندازه گیری/داسکوا/لیست قیمت داسکوا +10 درصد.pdf,,sku_column,c589df1dc02df10f5405c6b98b5a5970b00db193891be082d7ae8406888478df,source_id=dasqua.price_list;normalized_sku=8301-2505
DASQUA,8301-2645,2,authorized_supplier_price_list,/home/shebahati/KaZar/Product and Data Complete/اندازه گیری/داسکوا/لیست قیمت داسکوا +10 درصد.pdf,,sku_column,c589df1dc02df10f5405c6b98b5a5970b00db193891be082d7ae8406888478df,source_id=dasqua.price_list;normalized_sku=8301-2645
DASQUA,8301-2655,2,authorized_supplier_price_list,/home/shebahati/KaZar/Product and Data Complete/اندازه گیری/داسکوا/لیست قیمت داسکوا +10 درصد.pdf,,sku_column,c589df1dc02df10f5405c6b98b5a5970b00db193891be082d7ae8406888478df,source_id=dasqua.price_list;normalized_sku=8301-2655
DASQUA,8321-3105,2,authorized_supplier_price_list,/home/shebahati/KaZar/Product and Data Complete/اندازه گیری/داسکوا/لیست قیمت داسکوا +10 درصد.pdf,,sku_column,c589df1dc02df10f5405c6b98b5a5970b00db193891be082d7ae8406888478df,source_id=dasqua.price_list;normalized_sku=8321-3105
DASQUA,8321-3110,2,authorized_supplier_price_list,/home/shebahati/KaZar/Product and Data Complete/اندازه گیری/داسکوا/لیست قیمت داسکوا +10 درصد.pdf,,sku_column,c589df1dc02df10f5405c6b98b5a5970b00db193891be082d7ae8406888478df,source_id=dasqua.price_list;normalized_sku=8321-3110
DASQUA,8321-3115,2,authorized_supplier_price_list,/home/shebahati/KaZar/Product and Data Complete/اندازه گیری/داسکوا/لیست قیمت داسکوا +10 درصد.pdf,,sku_column,c589df1dc02df10f5405c6b98b5a5970b00db193891be082d7ae8406888478df,source_id=dasqua.price_list;normalized_sku=8321-3115
DASQUA,8321-3120,2,authorized_supplier_price_list,/home/shebahati/KaZar/Product and Data Complete/اندازه گیری/داسکوا/لیست قیمت داسکوا +10 درصد.pdf,,sku_column,c589df1dc02df10f5405c6b98b5a5970b00db193891be082d7ae8406888478df,source_id=dasqua.price_list;normalized_sku=8321-3120
DASQUA,8321-4025,2,authorized_supplier_price_list,/home/shebahati/KaZar/Product and Data Complete/اندازه گیری/داسکوا/لیست قیمت داسکوا +10 درصد.pdf,,sku_column,c589df1dc02df10f5405c6b98b5a5970b00db193891be082d7ae8406888478df,source_id=dasqua.price_list;normalized_sku=8321-4025
DASQUA,8321-4030,2,authorized_supplier_price_list,/home/shebahati/KaZar/Product and Data Complete/اندازه گیری/داسکوا/لیست قیمت داسکوا +10 درصد.pdf,,sku_column,c589df1dc02df10f5405c6b98b5a5970b00db193891be082d7ae8406888478df,source_id=dasqua.price_list;normalized_sku=8321-4030
DASQUA,8321-4035,2,authorized_supplier_price_list,/home/shebahati/KaZar/Product and Data Complete/اندازه گیری/داسکوا/لیست قیمت داسکوا +10 درصد.pdf,,sku_column,c589df1dc02df10f5405c6b98b5a5970b00db193891be082d7ae8406888478df,source_id=dasqua.price_list;normalized_sku=8321-4035
DASQUA,8321-4040,2,authorized_supplier_price_list,/home/shebahati/KaZar/Product and Data Complete/اندازه گیری/داسکوا/لیست قیمت داسکوا +10 درصد.pdf,,sku_column,c589df1dc02df10f5405c6b98b5a5970b00db193891be082d7ae8406888478df,source_id=dasqua.price_list;normalized_sku=8321-4040
DASQUA,8321-4045,2,authorized_supplier_price_list,/home/shebahati/KaZar/Product and Data Complete/اندازه گیری/داسکوا/لیست قیمت داسکوا +10 درصد.pdf,,sku_column,c589df1dc02df10f5405c6b98b5a5970b00db193891be082d7ae8406888478df,source_id=dasqua.price_list;normalized_sku=8321-4045
DASQUA,8400-0000,2,authorized_supplier_price_list,/home/shebahati/KaZar/Product and Data Complete/اندازه گیری/داسکوا/لیست قیمت داسکوا +10 درصد.pdf,,sku_column,c589df1dc02df10f5405c6b98b5a5970b00db193891be082d7ae8406888478df,source_id=dasqua.price_list;normalized_sku=8400-0000
DASQUA,8400-0005,2,authorized_supplier_price_list,/home/shebahati/KaZar/Product and Data Complete/اندازه گیری/داسکوا/لیست قیمت داسکوا +10 درصد.pdf,,sku_column,c589df1dc02df10f5405c6b98b5a5970b00db193891be082d7ae8406888478df,source_id=dasqua.price_list;normalized_sku=8400-0005
DASQUA,8400-0010,2,authorized_supplier_price_list,/home/shebahati/KaZar/Product and Data Complete/اندازه گیری/داسکوا/لیست قیمت داسکوا +10 درصد.pdf,,sku_column,c589df1dc02df10f5405c6b98b5a5970b00db193891be082d7ae8406888478df,source_id=dasqua.price_list;normalized_sku=8400-0010
DASQUA,8400-0020,2,authorized_supplier_price_list,/home/shebahati/KaZar/Product and Data Complete/اندازه گیری/داسکوا/لیست قیمت داسکوا +10 درصد.pdf,,sku_column,c589df1dc02df10f5405c6b98b5a5970b00db193891be082d7ae8406888478df,source_id=dasqua.price_list;normalized_sku=8400-0020
DASQUA,84000-0000,2,authorized_supplier_price_list,/home/shebahati/KaZar/Product and Data Complete/اندازه گیری/داسکوا/لیست قیمت داسکوا +10 درصد.pdf,,sku_column,c589df1dc02df10f5405c6b98b5a5970b00db193891be082d7ae8406888478df,source_id=dasqua.price_list;normalized_sku=84000-0000
DASQUA,8500-1063,2,authorized_supplier_price_list,/home/shebahati/KaZar/Product and Data Complete/اندازه گیری/داسکوا/لیست قیمت داسکوا +10 درصد.pdf,,sku_column,c589df1dc02df10f5405c6b98b5a5970b00db193891be082d7ae8406888478df,source_id=dasqua.price_list;normalized_sku=8500-1063
DASQUA,8500-1075,2,authorized_supplier_price_list,/home/shebahati/KaZar/Product and Data Complete/اندازه گیری/داسکوا/لیست قیمت داسکوا +10 درصد.pdf,,sku_column,c589df1dc02df10f5405c6b98b5a5970b00db193891be082d7ae8406888478df,source_id=dasqua.price_list;normalized_sku=8500-1075
DASQUA,8500-3020,2,authorized_supplier_price_list,/home/shebahati/KaZar/Product and Data Complete/اندازه گیری/داسکوا/لیست قیمت داسکوا +10 درصد.pdf,,sku_column,c589df1dc02df10f5405c6b98b5a5970b00db193891be082d7ae8406888478df,source_id=dasqua.price_list;normalized_sku=8500-3020
DASQUA,8500-3030,2,authorized_supplier_price_list,/home/shebahati/KaZar/Product and Data Complete/اندازه گیری/داسکوا/لیست قیمت داسکوا +10 درصد.pdf,,sku_column,c589df1dc02df10f5405c6b98b5a5970b00db193891be082d7ae8406888478df,source_id=dasqua.price_list;normalized_sku=8500-3030
DASQUA,8500-4025,2,authorized_supplier_price_list,/home/shebahati/KaZar/Product and Data Complete/اندازه گیری/داسکوا/لیست قیمت داسکوا +10 درصد.pdf,,sku_column,c589df1dc02df10f5405c6b98b5a5970b00db193891be082d7ae8406888478df,source_id=dasqua.price_list;normalized_sku=8500-4025
DASQUA,8500-4040,2,authorized_supplier_price_list,/home/shebahati/KaZar/Product and Data Complete/اندازه گیری/داسکوا/لیست قیمت داسکوا +10 درصد.pdf,,sku_column,c589df1dc02df10f5405c6b98b5a5970b00db193891be082d7ae8406888478df,source_id=dasqua.price_list;normalized_sku=8500-4040
DASQUA,8500-4545,2,authorized_supplier_price_list,/home/shebahati/KaZar/Product and Data Complete/اندازه گیری/داسکوا/لیست قیمت داسکوا +10 درصد.pdf,,sku_column,c589df1dc02df10f5405c6b98b5a5970b00db193891be082d7ae8406888478df,source_id=dasqua.price_list;normalized_sku=8500-4545
DASQUA,8500-5032,2,authorized_supplier_price_list,/home/shebahati/KaZar/Product and Data Complete/اندازه گیری/داسکوا/لیست قیمت داسکوا +10 درصد.pdf,,sku_column,c589df1dc02df10f5405c6b98b5a5970b00db193891be082d7ae8406888478df,source_id=dasqua.price_list;normalized_sku=8500-5032
DASQUA,8500-6340,2,authorized_supplier_price_list,/home/shebahati/KaZar/Product and Data Complete/اندازه گیری/داسکوا/لیست قیمت داسکوا +10 درصد.pdf,,sku_column,c589df1dc02df10f5405c6b98b5a5970b00db193891be082d7ae8406888478df,source_id=dasqua.price_list;normalized_sku=8500-6340
DASQUA,8500-6363,2,authorized_supplier_price_list,/home/shebahati/KaZar/Product and Data Complete/اندازه گیری/داسکوا/لیست قیمت داسکوا +10 درصد.pdf,,sku_column,c589df1dc02df10f5405c6b98b5a5970b00db193891be082d7ae8406888478df,source_id=dasqua.price_list;normalized_sku=8500-6363
DASQUA,8500-8050,2,authorized_supplier_price_list,/home/shebahati/KaZar/Product and Data Complete/اندازه گیری/داسکوا/لیست قیمت داسکوا +10 درصد.pdf,,sku_column,c589df1dc02df10f5405c6b98b5a5970b00db193891be082d7ae8406888478df,source_id=dasqua.price_list;normalized_sku=8500-8050
DASQUA,8511-0005,2,authorized_supplier_price_list,/home/shebahati/KaZar/Product and Data Complete/اندازه گیری/داسکوا/لیست قیمت داسکوا +10 درصد.pdf,,sku_column,c589df1dc02df10f5405c6b98b5a5970b00db193891be082d7ae8406888478df,source_id=dasqua.price_list;normalized_sku=8511-0005
DASQUA,8511-0010,2,authorized_supplier_price_list,/home/shebahati/KaZar/Product and Data Complete/اندازه گیری/داسکوا/لیست قیمت داسکوا +10 درصد.pdf,,sku_column,c589df1dc02df10f5405c6b98b5a5970b00db193891be082d7ae8406888478df,source_id=dasqua.price_list;normalized_sku=8511-0010
DASQUA,8511-0020,2,authorized_supplier_price_list,/home/shebahati/KaZar/Product and Data Complete/اندازه گیری/داسکوا/لیست قیمت داسکوا +10 درصد.pdf,,sku_column,c589df1dc02df10f5405c6b98b5a5970b00db193891be082d7ae8406888478df,source_id=dasqua.price_list;normalized_sku=8511-0020
DASQUA,8511-0030,2,authorized_supplier_price_list,/home/shebahati/KaZar/Product and Data Complete/اندازه گیری/داسکوا/لیست قیمت داسکوا +10 درصد.pdf,,sku_column,c589df1dc02df10f5405c6b98b5a5970b00db193891be082d7ae8406888478df,source_id=dasqua.price_list;normalized_sku=8511-0030
DASQUA,8511-2005,2,authorized_supplier_price_list,/home/shebahati/KaZar/Product and Data Complete/اندازه گیری/داسکوا/لیست قیمت داسکوا +10 درصد.pdf,,sku_column,c589df1dc02df10f5405c6b98b5a5970b00db193891be082d7ae8406888478df,source_id=dasqua.price_list;normalized_sku=8511-2005
DASQUA,8511-2010,2,authorized_supplier_price_list,/home/shebahati/KaZar/Product and Data Complete/اندازه گیری/داسکوا/لیست قیمت داسکوا +10 درصد.pdf,,sku_column,c589df1dc02df10f5405c6b98b5a5970b00db193891be082d7ae8406888478df,source_id=dasqua.price_list;normalized_sku=8511-2010
DASQUA,8521-0005,2,authorized_supplier_price_list,/home/shebahati/KaZar/Product and Data Complete/اندازه گیری/داسکوا/لیست قیمت داسکوا +10 درصد.pdf,,sku_column,c589df1dc02df10f5405c6b98b5a5970b00db193891be082d7ae8406888478df,source_id=dasqua.price_list;normalized_sku=8521-0005
DASQUA,8521-0010,2,authorized_supplier_price_list,/home/shebahati/KaZar/Product and Data Complete/اندازه گیری/داسکوا/لیست قیمت داسکوا +10 درصد.pdf,,sku_column,c589df1dc02df10f5405c6b98b5a5970b00db193891be082d7ae8406888478df,source_id=dasqua.price_list;normalized_sku=8521-0010
DASQUA,8521-0015,2,authorized_supplier_price_list,/home/shebahati/KaZar/Product and Data Complete/اندازه گیری/داسکوا/لیست قیمت داسکوا +10 درصد.pdf,,sku_column,c589df1dc02df10f5405c6b98b5a5970b00db193891be082d7ae8406888478df,source_id=dasqua.price_list;normalized_sku=8521-0015
DASQUA,8521-0020,2,authorized_supplier_price_list,/home/shebahati/KaZar/Product and Data Complete/اندازه گیری/داسکوا/لیست قیمت داسکوا +10 درصد.pdf,,sku_column,c589df1dc02df10f5405c6b98b5a5970b00db193891be082d7ae8406888478df,source_id=dasqua.price_list;normalized_sku=8521-0020
DASQUA,8530-1005,2,authorized_supplier_price_list,/home/shebahati/KaZar/Product and Data Complete/اندازه گیری/داسکوا/لیست قیمت داسکوا +10 درصد.pdf,,sku_column,c589df1dc02df10f5405c6b98b5a5970b00db193891be082d7ae8406888478df,source_id=dasqua.price_list;normalized_sku=8530-1005
DASQUA,8531-0005,2,authorized_supplier_price_list,/home/shebahati/KaZar/Product and Data Complete/اندازه گیری/داسکوا/لیست قیمت داسکوا +10 درصد.pdf,,sku_column,c589df1dc02df10f5405c6b98b5a5970b00db193891be082d7ae8406888478df,source_id=dasqua.price_list;normalized_sku=8531-0005
DASQUA,8561-2005,2,authorized_supplier_price_list,/home/shebahati/KaZar/Product and Data Complete/اندازه گیری/داسکوا/لیست قیمت داسکوا +10 درصد.pdf,,sku_column,c589df1dc02df10f5405c6b98b5a5970b00db193891be082d7ae8406888478df,source_id=dasqua.price_list;normalized_sku=8561-2005
DASQUA,8561-2010,2,authorized_supplier_price_list,/home/shebahati/KaZar/Product and Data Complete/اندازه گیری/داسکوا/لیست قیمت داسکوا +10 درصد.pdf,,sku_column,c589df1dc02df10f5405c6b98b5a5970b00db193891be082d7ae8406888478df,source_id=dasqua.price_list;normalized_sku=8561-2010
DASQUA,8561-2015,2,authorized_supplier_price_list,/home/shebahati/KaZar/Product and Data Complete/اندازه گیری/داسکوا/لیست قیمت داسکوا +10 درصد.pdf,,sku_column,c589df1dc02df10f5405c6b98b5a5970b00db193891be082d7ae8406888478df,source_id=dasqua.price_list;normalized_sku=8561-2015
DASQUA,8561-2020,2,authorized_supplier_price_list,/home/shebahati/KaZar/Product and Data Complete/اندازه گیری/داسکوا/لیست قیمت داسکوا +10 درصد.pdf,,sku_column,c589df1dc02df10f5405c6b98b5a5970b00db193891be082d7ae8406888478df,source_id=dasqua.price_list;normalized_sku=8561-2020
DASQUA,8561-2025,2,authorized_supplier_price_list,/home/shebahati/KaZar/Product and Data Complete/اندازه گیری/داسکوا/لیست قیمت داسکوا +10 درصد.pdf,,sku_column,c589df1dc02df10f5405c6b98b5a5970b00db193891be082d7ae8406888478df,source_id=dasqua.price_list;normalized_sku=8561-2025
DASQUA,8561-2030,2,authorized_supplier_price_list,/home/shebahati/KaZar/Product and Data Complete/اندازه گیری/داسکوا/لیست قیمت داسکوا +10 درصد.pdf,,sku_column,c589df1dc02df10f5405c6b98b5a5970b00db193891be082d7ae8406888478df,source_id=dasqua.price_list;normalized_sku=8561-2030
DASQUA,8561-2035,2,authorized_supplier_price_list,/home/shebahati/KaZar/Product and Data Complete/اندازه گیری/داسکوا/لیست قیمت داسکوا +10 درصد.pdf,,sku_column,c589df1dc02df10f5405c6b98b5a5970b00db193891be082d7ae8406888478df,source_id=dasqua.price_list;normalized_sku=8561-2035
DASQUA,8802-5105,2,authorized_supplier_price_list,/home/shebahati/KaZar/Product and Data Complete/اندازه گیری/داسکوا/لیست قیمت داسکوا +10 درصد.pdf,,sku_column,c589df1dc02df10f5405c6b98b5a5970b00db193891be082d7ae8406888478df,source_id=dasqua.price_list;normalized_sku=8802-5105
DASQUA,8802-5110,2,authorized_supplier_price_list,/home/shebahati/KaZar/Product and Data Complete/اندازه گیری/داسکوا/لیست قیمت داسکوا +10 درصد.pdf,,sku_column,c589df1dc02df10f5405c6b98b5a5970b00db193891be082d7ae8406888478df,source_id=dasqua.price_list;normalized_sku=8802-5110
DASQUA,8802-5115,2,authorized_supplier_price_list,/home/shebahati/KaZar/Product and Data Complete/اندازه گیری/داسکوا/لیست قیمت داسکوا +10 درصد.pdf,,sku_column,c589df1dc02df10f5405c6b98b5a5970b00db193891be082d7ae8406888478df,source_id=dasqua.price_list;normalized_sku=8802-5115
DASQUA,8802-5120,2,authorized_supplier_price_list,/home/shebahati/KaZar/Product and Data Complete/اندازه گیری/داسکوا/لیست قیمت داسکوا +10 درصد.pdf,,sku_column,c589df1dc02df10f5405c6b98b5a5970b00db193891be082d7ae8406888478df,source_id=dasqua.price_list;normalized_sku=8802-5120
DASQUA,8802-5125,2,authorized_supplier_price_list,/home/shebahati/KaZar/Product and Data Complete/اندازه گیری/داسکوا/لیست قیمت داسکوا +10 درصد.pdf,,sku_column,c589df1dc02df10f5405c6b98b5a5970b00db193891be082d7ae8406888478df,source_id=dasqua.price_list;normalized_sku=8802-5125
DASQUA,9110-0005,2,authorized_supplier_price_list,/home/shebahati/KaZar/Product and Data Complete/اندازه گیری/داسکوا/لیست قیمت داسکوا +10 درصد.pdf,,sku_column,c589df1dc02df10f5405c6b98b5a5970b00db193891be082d7ae8406888478df,source_id=dasqua.price_list;normalized_sku=9110-0005
DASQUA,9110-0010,2,authorized_supplier_price_list,/home/shebahati/KaZar/Product and Data Complete/اندازه گیری/داسکوا/لیست قیمت داسکوا +10 درصد.pdf,,sku_column,c589df1dc02df10f5405c6b98b5a5970b00db193891be082d7ae8406888478df,source_id=dasqua.price_list;normalized_sku=9110-0010
DASQUA,9110-0015,2,authorized_supplier_price_list,/home/shebahati/KaZar/Product and Data Complete/اندازه گیری/داسکوا/لیست قیمت داسکوا +10 درصد.pdf,,sku_column,c589df1dc02df10f5405c6b98b5a5970b00db193891be082d7ae8406888478df,source_id=dasqua.price_list;normalized_sku=9110-0015
DASQUA,9110-0020,2,authorized_supplier_price_list,/home/shebahati/KaZar/Product and Data Complete/اندازه گیری/داسکوا/لیست قیمت داسکوا +10 درصد.pdf,,sku_column,c589df1dc02df10f5405c6b98b5a5970b00db193891be082d7ae8406888478df,source_id=dasqua.price_list;normalized_sku=9110-0020
DASQUA,9110-0025,2,authorized_supplier_price_list,/home/shebahati/KaZar/Product and Data Complete/اندازه گیری/داسکوا/لیست قیمت داسکوا +10 درصد.pdf,,sku_column,c589df1dc02df10f5405c6b98b5a5970b00db193891be082d7ae8406888478df,source_id=dasqua.price_list;normalized_sku=9110-0025
DASQUA,9110-0030,2,authorized_supplier_price_list,/home/shebahati/KaZar/Product and Data Complete/اندازه گیری/داسکوا/لیست قیمت داسکوا +10 درصد.pdf,,sku_column,c589df1dc02df10f5405c6b98b5a5970b00db193891be082d7ae8406888478df,source_id=dasqua.price_list;normalized_sku=9110-0030
DASQUA,9110-0035,2,authorized_supplier_price_list,/home/shebahati/KaZar/Product and Data Complete/اندازه گیری/داسکوا/لیست قیمت داسکوا +10 درصد.pdf,,sku_column,c589df1dc02df10f5405c6b98b5a5970b00db193891be082d7ae8406888478df,source_id=dasqua.price_list;normalized_sku=9110-0035
DASQUA,9111-1110,2,authorized_supplier_price_list,/home/shebahati/KaZar/Product and Data Complete/اندازه گیری/داسکوا/لیست قیمت داسکوا +10 درصد.pdf,,sku_column,c589df1dc02df10f5405c6b98b5a5970b00db193891be082d7ae8406888478df,source_id=dasqua.price_list;normalized_sku=9111-1110
DASQUA,9211-3005,2,authorized_supplier_price_list,/home/shebahati/KaZar/Product and Data Complete/اندازه گیری/داسکوا/لیست قیمت داسکوا +10 درصد.pdf,,sku_column,c589df1dc02df10f5405c6b98b5a5970b00db193891be082d7ae8406888478df,source_id=dasqua.price_list;normalized_sku=9211-3005
DASQUA,9211-3010,2,authorized_supplier_price_list,/home/shebahati/KaZar/Product and Data Complete/اندازه گیری/داسکوا/لیست قیمت داسکوا +10 درصد.pdf,,sku_column,c589df1dc02df10f5405c6b98b5a5970b00db193891be082d7ae8406888478df,source_id=dasqua.price_list;normalized_sku=9211-3010
DASQUA,9211-3015,2,authorized_supplier_price_list,/home/shebahati/KaZar/Product and Data Complete/اندازه گیری/داسکوا/لیست قیمت داسکوا +10 درصد.pdf,,sku_column,c589df1dc02df10f5405c6b98b5a5970b00db193891be082d7ae8406888478df,source_id=dasqua.price_list;normalized_sku=9211-3015
DASQUA,9222-3110,2,authorized_supplier_price_list,/home/shebahati/KaZar/Product and Data Complete/اندازه گیری/داسکوا/لیست قیمت داسکوا +10 درصد.pdf,,sku_column,c589df1dc02df10f5405c6b98b5a5970b00db193891be082d7ae8406888478df,source_id=dasqua.price_list;normalized_sku=9222-3110
DASQUA,940-2200,2,authorized_supplier_price_list,/home/shebahati/KaZar/Product and Data Complete/اندازه گیری/داسکوا/لیست قیمت داسکوا +10 درصد.pdf,,sku_column,c589df1dc02df10f5405c6b98b5a5970b00db193891be082d7ae8406888478df,source_id=dasqua.price_list;normalized_sku=940-2200
DASQUA,9411-1205,2,authorized_supplier_price_list,/home/shebahati/KaZar/Product and Data Complete/اندازه گیری/داسکوا/لیست قیمت داسکوا +10 درصد.pdf,,sku_column,c589df1dc02df10f5405c6b98b5a5970b00db193891be082d7ae8406888478df,source_id=dasqua.price_list;normalized_sku=9411-1205
DCOIL,1 1/2-6UNC,2,authorized_supplier_price_list,/home/shebahati/KaZar/Product and Data Complete/هلی کویل/DCOIL/لیست قیمت DCOIL +10%.pdf,,sku_column,3b0b4f48b90522796539bfcb204faa9877c317cd3c916386a81dbb03c2382749,source_id=dcoil.price_list;normalized_sku=11/2-6UNC
DCOIL,1 1/2-8 UN,2,authorized_supplier_price_list,/home/shebahati/KaZar/Product and Data Complete/هلی کویل/DCOIL/لیست قیمت DCOIL +10%.pdf,,sku_column,3b0b4f48b90522796539bfcb204faa9877c317cd3c916386a81dbb03c2382749,source_id=dcoil.price_list;normalized_sku=11/2-8UN
DCOIL,1 1/4-7UNC,2,authorized_supplier_price_list,/home/shebahati/KaZar/Product and Data Complete/هلی کویل/DCOIL/لیست قیمت DCOIL +10%.pdf,,sku_column,3b0b4f48b90522796539bfcb204faa9877c317cd3c916386a81dbb03c2382749,source_id=dcoil.price_list;normalized_sku=11/4-7UNC
DCOIL,1 1/4-8 UN,2,authorized_supplier_price_list,/home/shebahati/KaZar/Product and Data Complete/هلی کویل/DCOIL/لیست قیمت DCOIL +10%.pdf,,sku_column,3b0b4f48b90522796539bfcb204faa9877c317cd3c916386a81dbb03c2382749,source_id=dcoil.price_list;normalized_sku=11/4-8UN
DCOIL,1 1/8 -7UNC,2,authorized_supplier_price_list,/home/shebahati/KaZar/Product and Data Complete/هلی کویل/DCOIL/لیست قیمت DCOIL +10%.pdf,,sku_column,3b0b4f48b90522796539bfcb204faa9877c317cd3c916386a81dbb03c2382749,source_id=dcoil.price_list;normalized_sku=11/8-7UNC
DCOIL,1 1/8-8 UN,2,authorized_supplier_price_list,/home/shebahati/KaZar/Product and Data Complete/هلی کویل/DCOIL/لیست قیمت DCOIL +10%.pdf,,sku_column,3b0b4f48b90522796539bfcb204faa9877c317cd3c916386a81dbb03c2382749,source_id=dcoil.price_list;normalized_sku=11/8-8UN
DCOIL,1 3/8-6UNC,2,authorized_supplier_price_list,/home/shebahati/KaZar/Product and Data Complete/هلی کویل/DCOIL/لیست قیمت DCOIL +10%.pdf,,sku_column,3b0b4f48b90522796539bfcb204faa9877c317cd3c916386a81dbb03c2382749,source_id=dcoil.price_list;normalized_sku=13/8-6UNC
DCOIL,1 3/8-8 UN,2,authorized_supplier_price_list,/home/shebahati/KaZar/Product and Data Complete/هلی کویل/DCOIL/لیست قیمت DCOIL +10%.pdf,,sku_column,3b0b4f48b90522796539bfcb204faa9877c317cd3c916386a81dbb03c2382749,source_id=dcoil.price_list;normalized_sku=13/8-8UN
DCOIL,1-11 G(BSP) 1.5D,2,authorized_supplier_price_list,/home/shebahati/KaZar/Product and Data Complete/هلی کویل/DCOIL/لیست قیمت DCOIL +10%.pdf,,sku_column,3b0b4f48b90522796539bfcb204faa9877c317cd3c916386a81dbb03c2382749,source_id=dcoil.price_list;normalized_sku=1-11G(BSP)1.5D
DCOIL,1-11G,2,authorized_supplier_price_list,/home/shebahati/KaZar/Product and Data Complete/هلی کویل/DCOIL/لیست قیمت DCOIL +10%.pdf,,sku_column,3b0b4f48b90522796539bfcb204faa9877c317cd3c916386a81dbb03c2382749,source_id=dcoil.price_list;normalized_sku=1-11G
DCOIL,1-11G(BSP,2,authorized_supplier_price_list,/home/shebahati/KaZar/Product and Data Complete/هلی کویل/DCOIL/لیست قیمت DCOIL +10%.pdf,,sku_column,3b0b4f48b90522796539bfcb204faa9877c317cd3c916386a81dbb03c2382749,source_id=dcoil.price_list;normalized_sku=1-11G(BSP
DCOIL,1-8 UNC,2,authorized_supplier_price_list,/home/shebahati/KaZar/Product and Data Complete/هلی کویل/DCOIL/لیست قیمت DCOIL +10%.pdf,,sku_column,3b0b4f48b90522796539bfcb204faa9877c317cd3c916386a81dbb03c2382749,source_id=dcoil.price_list;normalized_sku=1-8UNC
DCOIL,1-8 UNC 1.5D,2,authorized_supplier_price_list,/home/shebahati/KaZar/Product and Data Complete/هلی کویل/DCOIL/لیست قیمت DCOIL +10%.pdf,,sku_column,3b0b4f48b90522796539bfcb204faa9877c317cd3c916386a81dbb03c2382749,source_id=dcoil.price_list;normalized_sku=1-8UNC1.5D
DCOIL,1/2-13 UNC 1.5D,2,authorized_supplier_price_list,/home/shebahati/KaZar/Product and Data Complete/هلی کویل/DCOIL/لیست قیمت DCOIL +10%.pdf,,sku_column,3b0b4f48b90522796539bfcb204faa9877c317cd3c916386a81dbb03c2382749,source_id=dcoil.price_list;normalized_sku=1/2-13UNC1.5D
DCOIL,1/2-13UNC,2,authorized_supplier_price_list,/home/shebahati/KaZar/Product and Data Complete/هلی کویل/DCOIL/لیست قیمت DCOIL +10%.pdf,,sku_column,3b0b4f48b90522796539bfcb204faa9877c317cd3c916386a81dbb03c2382749,source_id=dcoil.price_list;normalized_sku=1/2-13UNC
DCOIL,1/2-14 G(BSP) 1.5D,2,authorized_supplier_price_list,/home/shebahati/KaZar/Product and Data Complete/هلی کویل/DCOIL/لیست قیمت DCOIL +10%.pdf,,sku_column,3b0b4f48b90522796539bfcb204faa9877c317cd3c916386a81dbb03c2382749,source_id=dcoil.price_list;normalized_sku=1/2-14G(BSP)1.5D
DCOIL,1/2-14G,2,authorized_supplier_price_list,/home/shebahati/KaZar/Product and Data Complete/هلی کویل/DCOIL/لیست قیمت DCOIL +10%.pdf,,sku_column,3b0b4f48b90522796539bfcb204faa9877c317cd3c916386a81dbb03c2382749,source_id=dcoil.price_list;normalized_sku=1/2-14G
DCOIL,1/2-14G(BSP,2,authorized_supplier_price_list,/home/shebahati/KaZar/Product and Data Complete/هلی کویل/DCOIL/لیست قیمت DCOIL +10%.pdf,,sku_column,3b0b4f48b90522796539bfcb204faa9877c317cd3c916386a81dbb03c2382749,source_id=dcoil.price_list;normalized_sku=1/2-14G(BSP
DCOIL,1/2-20 UNF 1.5D,2,authorized_supplier_price_list,/home/shebahati/KaZar/Product and Data Complete/هلی کویل/DCOIL/لیست قیمت DCOIL +10%.pdf,,sku_column,3b0b4f48b90522796539bfcb204faa9877c317cd3c916386a81dbb03c2382749,source_id=dcoil.price_list;normalized_sku=1/2-20UNF1.5D
DCOIL,1/2-20UNF,2,authorized_supplier_price_list,/home/shebahati/KaZar/Product and Data Complete/هلی کویل/DCOIL/لیست قیمت DCOIL +10%.pdf,,sku_column,3b0b4f48b90522796539bfcb204faa9877c317cd3c916386a81dbb03c2382749,source_id=dcoil.price_list;normalized_sku=1/2-20UNF
DCOIL,1/4-19 G(BSP) 1.5D,2,authorized_supplier_price_list,/home/shebahati/KaZar/Product and Data Complete/هلی کویل/DCOIL/لیست قیمت DCOIL +10%.pdf,,sku_column,3b0b4f48b90522796539bfcb204faa9877c317cd3c916386a81dbb03c2382749,source_id=dcoil.price_list;normalized_sku=1/4-19G(BSP)1.5D
DCOIL,1/4-19G,2,authorized_supplier_price_list,/home/shebahati/KaZar/Product and Data Complete/هلی کویل/DCOIL/لیست قیمت DCOIL +10%.pdf,,sku_column,3b0b4f48b90522796539bfcb204faa9877c317cd3c916386a81dbb03c2382749,source_id=dcoil.price_list;normalized_sku=1/4-19G
DCOIL,1/4-19G(BSP,2,authorized_supplier_price_list,/home/shebahati/KaZar/Product and Data Complete/هلی کویل/DCOIL/لیست قیمت DCOIL +10%.pdf,,sku_column,3b0b4f48b90522796539bfcb204faa9877c317cd3c916386a81dbb03c2382749,source_id=dcoil.price_list;normalized_sku=1/4-19G(BSP
DCOIL,1/4-20 UNC 1.5D,2,authorized_supplier_price_list,/home/shebahati/KaZar/Product and Data Complete/هلی کویل/DCOIL/لیست قیمت DCOIL +10%.pdf,,sku_column,3b0b4f48b90522796539bfcb204faa9877c317cd3c916386a81dbb03c2382749,source_id=dcoil.price_list;normalized_sku=1/4-20UNC1.5D
DCOIL,1/4-20-1/2-13,2,authorized_supplier_price_list,/home/shebahati/KaZar/Product and Data Complete/هلی کویل/DCOIL/لیست قیمت DCOIL +10%.pdf,,sku_column,3b0b4f48b90522796539bfcb204faa9877c317cd3c916386a81dbb03c2382749,source_id=dcoil.price_list;normalized_sku=1/4-20-1/2-13
DCOIL,1/4-28 UNF 1.5D,2,authorized_supplier_price_list,/home/shebahati/KaZar/Product and Data Complete/هلی کویل/DCOIL/لیست قیمت DCOIL +10%.pdf,,sku_column,3b0b4f48b90522796539bfcb204faa9877c317cd3c916386a81dbb03c2382749,source_id=dcoil.price_list;normalized_sku=1/4-28UNF1.5D
DCOIL,1/4-28-1/2-20,2,authorized_supplier_price_list,/home/shebahati/KaZar/Product and Data Complete/هلی کویل/DCOIL/لیست قیمت DCOIL +10%.pdf,,sku_column,3b0b4f48b90522796539bfcb204faa9877c317cd3c916386a81dbb03c2382749,source_id=dcoil.price_list;normalized_sku=1/4-28-1/2-20
DCOIL,1/8-28 G(BSP) 1.5D,2,authorized_supplier_price_list,/home/shebahati/KaZar/Product and Data Complete/هلی کویل/DCOIL/لیست قیمت DCOIL +10%.pdf,,sku_column,3b0b4f48b90522796539bfcb204faa9877c317cd3c916386a81dbb03c2382749,source_id=dcoil.price_list;normalized_sku=1/8-28G(BSP)1.5D
DCOIL,1/8-28G,2,authorized_supplier_price_list,/home/shebahati/KaZar/Product and Data Complete/هلی کویل/DCOIL/لیست قیمت DCOIL +10%.pdf,,sku_column,3b0b4f48b90522796539bfcb204faa9877c317cd3c916386a81dbb03c2382749,source_id=dcoil.price_list;normalized_sku=1/8-28G
DCOIL,1/8-28G(BSP,2,authorized_supplier_price_list,/home/shebahati/KaZar/Product and Data Complete/هلی کویل/DCOIL/لیست قیمت DCOIL +10%.pdf,,sku_column,3b0b4f48b90522796539bfcb204faa9877c317cd3c916386a81dbb03c2382749,source_id=dcoil.price_list;normalized_sku=1/8-28G(BSP
DCOIL,10-24 UNC 1.5D,2,authorized_supplier_price_list,/home/shebahati/KaZar/Product and Data Complete/هلی کویل/DCOIL/لیست قیمت DCOIL +10%.pdf,,sku_column,3b0b4f48b90522796539bfcb204faa9877c317cd3c916386a81dbb03c2382749,source_id=dcoil.price_list;normalized_sku=10-24UNC1.5D
DCOIL,10-32 UNF 1.5D,2,authorized_supplier_price_list,/home/shebahati/KaZar/Product and Data Complete/هلی کویل/DCOIL/لیست قیمت DCOIL +10%.pdf,,sku_column,3b0b4f48b90522796539bfcb204faa9877c317cd3c916386a81dbb03c2382749,source_id=dcoil.price_list;normalized_sku=10-32UNF1.5D
DCOIL,3/4-10 UNC 1.5D,2,authorized_supplier_price_list,/home/shebahati/KaZar/Product and Data Complete/هلی کویل/DCOIL/لیست قیمت DCOIL +10%.pdf,,sku_column,3b0b4f48b90522796539bfcb204faa9877c317cd3c916386a81dbb03c2382749,source_id=dcoil.price_list;normalized_sku=3/4-10UNC1.5D
DCOIL,3/4-10UNC,2,authorized_supplier_price_list,/home/shebahati/KaZar/Product and Data Complete/هلی کویل/DCOIL/لیست قیمت DCOIL +10%.pdf,,sku_column,3b0b4f48b90522796539bfcb204faa9877c317cd3c916386a81dbb03c2382749,source_id=dcoil.price_list;normalized_sku=3/4-10UNC
DCOIL,3/4-14 G(BSP) 1.5D,2,authorized_supplier_price_list,/home/shebahati/KaZar/Product and Data Complete/هلی کویل/DCOIL/لیست قیمت DCOIL +10%.pdf,,sku_column,3b0b4f48b90522796539bfcb204faa9877c317cd3c916386a81dbb03c2382749,source_id=dcoil.price_list;normalized_sku=3/4-14G(BSP)1.5D
DCOIL,3/4-14G,2,authorized_supplier_price_list,/home/shebahati/KaZar/Product and Data Complete/هلی کویل/DCOIL/لیست قیمت DCOIL +10%.pdf,,sku_column,3b0b4f48b90522796539bfcb204faa9877c317cd3c916386a81dbb03c2382749,source_id=dcoil.price_list;normalized_sku=3/4-14G
DCOIL,3/4-14G(BSP,2,authorized_supplier_price_list,/home/shebahati/KaZar/Product and Data Complete/هلی کویل/DCOIL/لیست قیمت DCOIL +10%.pdf,,sku_column,3b0b4f48b90522796539bfcb204faa9877c317cd3c916386a81dbb03c2382749,source_id=dcoil.price_list;normalized_sku=3/4-14G(BSP
DCOIL,3/4-16 UNF 1.5D,2,authorized_supplier_price_list,/home/shebahati/KaZar/Product and Data Complete/هلی کویل/DCOIL/لیست قیمت DCOIL +10%.pdf,,sku_column,3b0b4f48b90522796539bfcb204faa9877c317cd3c916386a81dbb03c2382749,source_id=dcoil.price_list;normalized_sku=3/4-16UNF1.5D
DCOIL,3/8-16 UNC 1.5D,2,authorized_supplier_price_list,/home/shebahati/KaZar/Product and Data Complete/هلی کویل/DCOIL/لیست قیمت DCOIL +10%.pdf,,sku_column,3b0b4f48b90522796539bfcb204faa9877c317cd3c916386a81dbb03c2382749,source_id=dcoil.price_list;normalized_sku=3/8-16UNC1.5D
DCOIL,3/8-16UNC,2,authorized_supplier_price_list,/home/shebahati/KaZar/Product and Data Complete/هلی کویل/DCOIL/لیست قیمت DCOIL +10%.pdf,,sku_column,3b0b4f48b90522796539bfcb204faa9877c317cd3c916386a81dbb03c2382749,source_id=dcoil.price_list;normalized_sku=3/8-16UNC
DCOIL,3/8-19 G(BSP) 1.5D,2,authorized_supplier_price_list,/home/shebahati/KaZar/Product and Data Complete/هلی کویل/DCOIL/لیست قیمت DCOIL +10%.pdf,,sku_column,3b0b4f48b90522796539bfcb204faa9877c317cd3c916386a81dbb03c2382749,source_id=dcoil.price_list;normalized_sku=3/8-19G(BSP)1.5D
DCOIL,3/8-19G,2,authorized_supplier_price_list,/home/shebahati/KaZar/Product and Data Complete/هلی کویل/DCOIL/لیست قیمت DCOIL +10%.pdf,,sku_column,3b0b4f48b90522796539bfcb204faa9877c317cd3c916386a81dbb03c2382749,source_id=dcoil.price_list;normalized_sku=3/8-19G
DCOIL,3/8-19G(BSP,2,authorized_supplier_price_list,/home/shebahati/KaZar/Product and Data Complete/هلی کویل/DCOIL/لیست قیمت DCOIL +10%.pdf,,sku_column,3b0b4f48b90522796539bfcb204faa9877c317cd3c916386a81dbb03c2382749,source_id=dcoil.price_list;normalized_sku=3/8-19G(BSP
DCOIL,3/8-24 UNF 1.5D,2,authorized_supplier_price_list,/home/shebahati/KaZar/Product and Data Complete/هلی کویل/DCOIL/لیست قیمت DCOIL +10%.pdf,,sku_column,3b0b4f48b90522796539bfcb204faa9877c317cd3c916386a81dbb03c2382749,source_id=dcoil.price_list;normalized_sku=3/8-24UNF1.5D
DCOIL,3/8-24UNF,2,authorized_supplier_price_list,/home/shebahati/KaZar/Product and Data Complete/هلی کویل/DCOIL/لیست قیمت DCOIL +10%.pdf,,sku_column,3b0b4f48b90522796539bfcb204faa9877c317cd3c916386a81dbb03c2382749,source_id=dcoil.price_list;normalized_sku=3/8-24UNF
DCOIL,4-40 UNC 1.5D,2,authorized_supplier_price_list,/home/shebahati/KaZar/Product and Data Complete/هلی کویل/DCOIL/لیست قیمت DCOIL +10%.pdf,,sku_column,3b0b4f48b90522796539bfcb204faa9877c317cd3c916386a81dbb03c2382749,source_id=dcoil.price_list;normalized_sku=4-40UNC1.5D
DCOIL,5-40 UNC 1.5D,2,authorized_supplier_price_list,/home/shebahati/KaZar/Product and Data Complete/هلی کویل/DCOIL/لیست قیمت DCOIL +10%.pdf,,sku_column,3b0b4f48b90522796539bfcb204faa9877c317cd3c916386a81dbb03c2382749,source_id=dcoil.price_list;normalized_sku=5-40UNC1.5D
DCOIL,5/16-18 UNC 1.5D,2,authorized_supplier_price_list,/home/shebahati/KaZar/Product and Data Complete/هلی کویل/DCOIL/لیست قیمت DCOIL +10%.pdf,,sku_column,3b0b4f48b90522796539bfcb204faa9877c317cd3c916386a81dbb03c2382749,source_id=dcoil.price_list;normalized_sku=5/16-18UNC1.5D
DCOIL,5/16-18UNC,2,authorized_supplier_price_list,/home/shebahati/KaZar/Product and Data Complete/هلی کویل/DCOIL/لیست قیمت DCOIL +10%.pdf,,sku_column,3b0b4f48b90522796539bfcb204faa9877c317cd3c916386a81dbb03c2382749,source_id=dcoil.price_list;normalized_sku=5/16-18UNC
DCOIL,5/16-24 UNF 1.5D,2,authorized_supplier_price_list,/home/shebahati/KaZar/Product and Data Complete/هلی کویل/DCOIL/لیست قیمت DCOIL +10%.pdf,,sku_column,3b0b4f48b90522796539bfcb204faa9877c317cd3c916386a81dbb03c2382749,source_id=dcoil.price_list;normalized_sku=5/16-24UNF1.5D
DCOIL,5/16-24UNF,2,authorized_supplier_price_list,/home/shebahati/KaZar/Product and Data Complete/هلی کویل/DCOIL/لیست قیمت DCOIL +10%.pdf,,sku_column,3b0b4f48b90522796539bfcb204faa9877c317cd3c916386a81dbb03c2382749,source_id=dcoil.price_list;normalized_sku=5/16-24UNF
DCOIL,5/8-11 UNC 1.5D,2,authorized_supplier_price_list,/home/shebahati/KaZar/Product and Data Complete/هلی کویل/DCOIL/لیست قیمت DCOIL +10%.pdf,,sku_column,3b0b4f48b90522796539bfcb204faa9877c317cd3c916386a81dbb03c2382749,source_id=dcoil.price_list;normalized_sku=5/8-11UNC1.5D
DCOIL,5/8-11UNC,2,authorized_supplier_price_list,/home/shebahati/KaZar/Product and Data Complete/هلی کویل/DCOIL/لیست قیمت DCOIL +10%.pdf,,sku_column,3b0b4f48b90522796539bfcb204faa9877c317cd3c916386a81dbb03c2382749,source_id=dcoil.price_list;normalized_sku=5/8-11UNC
DCOIL,5/8-18 UNF 1.5D,2,authorized_supplier_price_list,/home/shebahati/KaZar/Product and Data Complete/هلی کویل/DCOIL/لیست قیمت DCOIL +10%.pdf,,sku_column,3b0b4f48b90522796539bfcb204faa9877c317cd3c916386a81dbb03c2382749,source_id=dcoil.price_list;normalized_sku=5/8-18UNF1.5D
DCOIL,6-32 UNC 1.5D,2,authorized_supplier_price_list,/home/shebahati/KaZar/Product and Data Complete/هلی کویل/DCOIL/لیست قیمت DCOIL +10%.pdf,,sku_column,3b0b4f48b90522796539bfcb204faa9877c317cd3c916386a81dbb03c2382749,source_id=dcoil.price_list;normalized_sku=6-32UNC1.5D
DCOIL,7/16-14 UNC 1.5D,2,authorized_supplier_price_list,/home/shebahati/KaZar/Product and Data Complete/هلی کویل/DCOIL/لیست قیمت DCOIL +10%.pdf,,sku_column,3b0b4f48b90522796539bfcb204faa9877c317cd3c916386a81dbb03c2382749,source_id=dcoil.price_list;normalized_sku=7/16-14UNC1.5D
DCOIL,7/16-14UNC,2,authorized_supplier_price_list,/home/shebahati/KaZar/Product and Data Complete/هلی کویل/DCOIL/لیست قیمت DCOIL +10%.pdf,,sku_column,3b0b4f48b90522796539bfcb204faa9877c317cd3c916386a81dbb03c2382749,source_id=dcoil.price_list;normalized_sku=7/16-14UNC
DCOIL,7/16-20 UNF 1.5D,2,authorized_supplier_price_list,/home/shebahati/KaZar/Product and Data Complete/هلی کویل/DCOIL/لیست قیمت DCOIL +10%.pdf,,sku_column,3b0b4f48b90522796539bfcb204faa9877c317cd3c916386a81dbb03c2382749,source_id=dcoil.price_list;normalized_sku=7/16-20UNF1.5D
DCOIL,7/16-20UNF,2,authorized_supplier_price_list,/home/shebahati/KaZar/Product and Data Complete/هلی کویل/DCOIL/لیست قیمت DCOIL +10%.pdf,,sku_column,3b0b4f48b90522796539bfcb204faa9877c317cd3c916386a81dbb03c2382749,source_id=dcoil.price_list;normalized_sku=7/16-20UNF
DCOIL,7/8-14 UNF 1.5D,2,authorized_supplier_price_list,/home/shebahati/KaZar/Product and Data Complete/هلی کویل/DCOIL/لیست قیمت DCOIL +10%.pdf,,sku_column,3b0b4f48b90522796539bfcb204faa9877c317cd3c916386a81dbb03c2382749,source_id=dcoil.price_list;normalized_sku=7/8-14UNF1.5D
DCOIL,7/8-9 UNC 1.5D,2,authorized_supplier_price_list,/home/shebahati/KaZar/Product and Data Complete/هلی کویل/DCOIL/لیست قیمت DCOIL +10%.pdf,,sku_column,3b0b4f48b90522796539bfcb204faa9877c317cd3c916386a81dbb03c2382749,source_id=dcoil.price_list;normalized_sku=7/8-9UNC1.5D
DCOIL,8-32 UNC 1.5D,2,authorized_supplier_price_list,/home/shebahati/KaZar/Product and Data Complete/هلی کویل/DCOIL/لیست قیمت DCOIL +10%.pdf,,sku_column,3b0b4f48b90522796539bfcb204faa9877c317cd3c916386a81dbb03c2382749,source_id=dcoil.price_list;normalized_sku=8-32UNC1.5D
DCOIL,9/16-12 UNC 1.5D,2,authorized_supplier_price_list,/home/shebahati/KaZar/Product and Data Complete/هلی کویل/DCOIL/لیست قیمت DCOIL +10%.pdf,,sku_column,3b0b4f48b90522796539bfcb204faa9877c317cd3c916386a81dbb03c2382749,source_id=dcoil.price_list;normalized_sku=9/16-12UNC1.5D
DCOIL,9/16-12UNC,2,authorized_supplier_price_list,/home/shebahati/KaZar/Product and Data Complete/هلی کویل/DCOIL/لیست قیمت DCOIL +10%.pdf,,sku_column,3b0b4f48b90522796539bfcb204faa9877c317cd3c916386a81dbb03c2382749,source_id=dcoil.price_list;normalized_sku=9/16-12UNC
DCOIL,9/16-18 UNF 1.5D,2,authorized_supplier_price_list,/home/shebahati/KaZar/Product and Data Complete/هلی کویل/DCOIL/لیست قیمت DCOIL +10%.pdf,,sku_column,3b0b4f48b90522796539bfcb204faa9877c317cd3c916386a81dbb03c2382749,source_id=dcoil.price_list;normalized_sku=9/16-18UNF1.5D
DCOIL,M10-1,2,authorized_supplier_price_list,/home/shebahati/KaZar/Product and Data Complete/هلی کویل/DCOIL/لیست قیمت DCOIL +10%.pdf,,sku_column,3b0b4f48b90522796539bfcb204faa9877c317cd3c916386a81dbb03c2382749,source_id=dcoil.price_list;normalized_sku=M10-1
DCOIL,M10-1-1.5D,2,authorized_supplier_price_list,/home/shebahati/KaZar/Product and Data Complete/هلی کویل/DCOIL/لیست قیمت DCOIL +10%.pdf,,sku_column,3b0b4f48b90522796539bfcb204faa9877c317cd3c916386a81dbb03c2382749,source_id=dcoil.price_list;normalized_sku=M10-1-1.5D
DCOIL,M10-1-1D,2,authorized_supplier_price_list,/home/shebahati/KaZar/Product and Data Complete/هلی کویل/DCOIL/لیست قیمت DCOIL +10%.pdf,,sku_column,3b0b4f48b90522796539bfcb204faa9877c317cd3c916386a81dbb03c2382749,source_id=dcoil.price_list;normalized_sku=M10-1-1D
DCOIL,M10-1-2.5D,2,authorized_supplier_price_list,/home/shebahati/KaZar/Product and Data Complete/هلی کویل/DCOIL/لیست قیمت DCOIL +10%.pdf,,sku_column,3b0b4f48b90522796539bfcb204faa9877c317cd3c916386a81dbb03c2382749,source_id=dcoil.price_list;normalized_sku=M10-1-2.5D
DCOIL,M10-1-2D,2,authorized_supplier_price_list,/home/shebahati/KaZar/Product and Data Complete/هلی کویل/DCOIL/لیست قیمت DCOIL +10%.pdf,,sku_column,3b0b4f48b90522796539bfcb204faa9877c317cd3c916386a81dbb03c2382749,source_id=dcoil.price_list;normalized_sku=M10-1-2D
DCOIL,M10-1-3D,2,authorized_supplier_price_list,/home/shebahati/KaZar/Product and Data Complete/هلی کویل/DCOIL/لیست قیمت DCOIL +10%.pdf,,sku_column,3b0b4f48b90522796539bfcb204faa9877c317cd3c916386a81dbb03c2382749,source_id=dcoil.price_list;normalized_sku=M10-1-3D
DCOIL,M10-1.25,2,authorized_supplier_price_list,/home/shebahati/KaZar/Product and Data Complete/هلی کویل/DCOIL/لیست قیمت DCOIL +10%.pdf,,sku_column,3b0b4f48b90522796539bfcb204faa9877c317cd3c916386a81dbb03c2382749,source_id=dcoil.price_list;normalized_sku=M10-1.25
DCOIL,M10-1.25-1.5D,2,authorized_supplier_price_list,/home/shebahati/KaZar/Product and Data Complete/هلی کویل/DCOIL/لیست قیمت DCOIL +10%.pdf,,sku_column,3b0b4f48b90522796539bfcb204faa9877c317cd3c916386a81dbb03c2382749,source_id=dcoil.price_list;normalized_sku=M10-1.25-1.5D
DCOIL,M10-1.25-1D,2,authorized_supplier_price_list,/home/shebahati/KaZar/Product and Data Complete/هلی کویل/DCOIL/لیست قیمت DCOIL +10%.pdf,,sku_column,3b0b4f48b90522796539bfcb204faa9877c317cd3c916386a81dbb03c2382749,source_id=dcoil.price_list;normalized_sku=M10-1.25-1D
DCOIL,M10-1.25-2.5D,2,authorized_supplier_price_list,/home/shebahati/KaZar/Product and Data Complete/هلی کویل/DCOIL/لیست قیمت DCOIL +10%.pdf,,sku_column,3b0b4f48b90522796539bfcb204faa9877c317cd3c916386a81dbb03c2382749,source_id=dcoil.price_list;normalized_sku=M10-1.25-2.5D
DCOIL,M10-1.25-2D,2,authorized_supplier_price_list,/home/shebahati/KaZar/Product and Data Complete/هلی کویل/DCOIL/لیست قیمت DCOIL +10%.pdf,,sku_column,3b0b4f48b90522796539bfcb204faa9877c317cd3c916386a81dbb03c2382749,source_id=dcoil.price_list;normalized_sku=M10-1.25-2D
DCOIL,M10-1.25-3D,2,authorized_supplier_price_list,/home/shebahati/KaZar/Product and Data Complete/هلی کویل/DCOIL/لیست قیمت DCOIL +10%.pdf,,sku_column,3b0b4f48b90522796539bfcb204faa9877c317cd3c916386a81dbb03c2382749,source_id=dcoil.price_list;normalized_sku=M10-1.25-3D
DCOIL,M10-1.5,2,authorized_supplier_price_list,/home/shebahati/KaZar/Product and Data Complete/هلی کویل/DCOIL/لیست قیمت DCOIL +10%.pdf,,sku_column,3b0b4f48b90522796539bfcb204faa9877c317cd3c916386a81dbb03c2382749,source_id=dcoil.price_list;normalized_sku=M10-1.5
DCOIL,M10-1.5-1.5D,2,authorized_supplier_price_list,/home/shebahati/KaZar/Product and Data Complete/هلی کویل/DCOIL/لیست قیمت DCOIL +10%.pdf,,sku_column,3b0b4f48b90522796539bfcb204faa9877c317cd3c916386a81dbb03c2382749,source_id=dcoil.price_list;normalized_sku=M10-1.5-1.5D
DCOIL,M10-1.5-1D,2,authorized_supplier_price_list,/home/shebahati/KaZar/Product and Data Complete/هلی کویل/DCOIL/لیست قیمت DCOIL +10%.pdf,,sku_column,3b0b4f48b90522796539bfcb204faa9877c317cd3c916386a81dbb03c2382749,source_id=dcoil.price_list;normalized_sku=M10-1.5-1D
DCOIL,M10-1.5-2.5D,2,authorized_supplier_price_list,/home/shebahati/KaZar/Product and Data Complete/هلی کویل/DCOIL/لیست قیمت DCOIL +10%.pdf,,sku_column,3b0b4f48b90522796539bfcb204faa9877c317cd3c916386a81dbb03c2382749,source_id=dcoil.price_list;normalized_sku=M10-1.5-2.5D
DCOIL,M10-1.5-2D,2,authorized_supplier_price_list,/home/shebahati/KaZar/Product and Data Complete/هلی کویل/DCOIL/لیست قیمت DCOIL +10%.pdf,,sku_column,3b0b4f48b90522796539bfcb204faa9877c317cd3c916386a81dbb03c2382749,source_id=dcoil.price_list;normalized_sku=M10-1.5-2D
DCOIL,M10-1.5-3D,2,authorized_supplier_price_list,/home/shebahati/KaZar/Product and Data Complete/هلی کویل/DCOIL/لیست قیمت DCOIL +10%.pdf,,sku_column,3b0b4f48b90522796539bfcb204faa9877c317cd3c916386a81dbb03c2382749,source_id=dcoil.price_list;normalized_sku=M10-1.5-3D
DCOIL,M11-1.25,2,authorized_supplier_price_list,/home/shebahati/KaZar/Product and Data Complete/هلی کویل/DCOIL/لیست قیمت DCOIL +10%.pdf,,sku_column,3b0b4f48b90522796539bfcb204faa9877c317cd3c916386a81dbb03c2382749,source_id=dcoil.price_list;normalized_sku=M11-1.25
DCOIL,M11-1.25-1.5D,2,authorized_supplier_price_list,/home/shebahati/KaZar/Product and Data Complete/هلی کویل/DCOIL/لیست قیمت DCOIL +10%.pdf,,sku_column,3b0b4f48b90522796539bfcb204faa9877c317cd3c916386a81dbb03c2382749,source_id=dcoil.price_list;normalized_sku=M11-1.25-1.5D
DCOIL,M11-1.25-1D,2,authorized_supplier_price_list,/home/shebahati/KaZar/Product and Data Complete/هلی کویل/DCOIL/لیست قیمت DCOIL +10%.pdf,,sku_column,3b0b4f48b90522796539bfcb204faa9877c317cd3c916386a81dbb03c2382749,source_id=dcoil.price_list;normalized_sku=M11-1.25-1D
DCOIL,M11-1.25-2.5D,2,authorized_supplier_price_list,/home/shebahati/KaZar/Product and Data Complete/هلی کویل/DCOIL/لیست قیمت DCOIL +10%.pdf,,sku_column,3b0b4f48b90522796539bfcb204faa9877c317cd3c916386a81dbb03c2382749,source_id=dcoil.price_list;normalized_sku=M11-1.25-2.5D
DCOIL,M11-1.25-2D,2,authorized_supplier_price_list,/home/shebahati/KaZar/Product and Data Complete/هلی کویل/DCOIL/لیست قیمت DCOIL +10%.pdf,,sku_column,3b0b4f48b90522796539bfcb204faa9877c317cd3c916386a81dbb03c2382749,source_id=dcoil.price_list;normalized_sku=M11-1.25-2D
DCOIL,M11-1.25-3D,2,authorized_supplier_price_list,/home/shebahati/KaZar/Product and Data Complete/هلی کویل/DCOIL/لیست قیمت DCOIL +10%.pdf,,sku_column,3b0b4f48b90522796539bfcb204faa9877c317cd3c916386a81dbb03c2382749,source_id=dcoil.price_list;normalized_sku=M11-1.25-3D
DCOIL,M11-1.5,2,authorized_supplier_price_list,/home/shebahati/KaZar/Product and Data Complete/هلی کویل/DCOIL/لیست قیمت DCOIL +10%.pdf,,sku_column,3b0b4f48b90522796539bfcb204faa9877c317cd3c916386a81dbb03c2382749,source_id=dcoil.price_list;normalized_sku=M11-1.5
DCOIL,M11-1.5 20CM,2,authorized_supplier_price_list,/home/shebahati/KaZar/Product and Data Complete/هلی کویل/DCOIL/لیست قیمت DCOIL +10%.pdf,,sku_column,3b0b4f48b90522796539bfcb204faa9877c317cd3c916386a81dbb03c2382749,source_id=dcoil.price_list;normalized_sku=M11-1.520CM
DCOIL,M11-1.5-1.5D,2,authorized_supplier_price_list,/home/shebahati/KaZar/Product and Data Complete/هلی کویل/DCOIL/لیست قیمت DCOIL +10%.pdf,,sku_column,3b0b4f48b90522796539bfcb204faa9877c317cd3c916386a81dbb03c2382749,source_id=dcoil.price_list;normalized_sku=M11-1.5-1.5D
DCOIL,M11-1.5-1D,2,authorized_supplier_price_list,/home/shebahati/KaZar/Product and Data Complete/هلی کویل/DCOIL/لیست قیمت DCOIL +10%.pdf,,sku_column,3b0b4f48b90522796539bfcb204faa9877c317cd3c916386a81dbb03c2382749,source_id=dcoil.price_list;normalized_sku=M11-1.5-1D
DCOIL,M11-1.5-2.5D,2,authorized_supplier_price_list,/home/shebahati/KaZar/Product and Data Complete/هلی کویل/DCOIL/لیست قیمت DCOIL +10%.pdf,,sku_column,3b0b4f48b90522796539bfcb204faa9877c317cd3c916386a81dbb03c2382749,source_id=dcoil.price_list;normalized_sku=M11-1.5-2.5D
DCOIL,M11-1.5-2D,2,authorized_supplier_price_list,/home/shebahati/KaZar/Product and Data Complete/هلی کویل/DCOIL/لیست قیمت DCOIL +10%.pdf,,sku_column,3b0b4f48b90522796539bfcb204faa9877c317cd3c916386a81dbb03c2382749,source_id=dcoil.price_list;normalized_sku=M11-1.5-2D
DCOIL,M11-1.5-3D,2,authorized_supplier_price_list,/home/shebahati/KaZar/Product and Data Complete/هلی کویل/DCOIL/لیست قیمت DCOIL +10%.pdf,,sku_column,3b0b4f48b90522796539bfcb204faa9877c317cd3c916386a81dbb03c2382749,source_id=dcoil.price_list;normalized_sku=M11-1.5-3D
DCOIL,M12-1,2,authorized_supplier_price_list,/home/shebahati/KaZar/Product and Data Complete/هلی کویل/DCOIL/لیست قیمت DCOIL +10%.pdf,,sku_column,3b0b4f48b90522796539bfcb204faa9877c317cd3c916386a81dbb03c2382749,source_id=dcoil.price_list;normalized_sku=M12-1
DCOIL,M12-1-1.5D,2,authorized_supplier_price_list,/home/shebahati/KaZar/Product and Data Complete/هلی کویل/DCOIL/لیست قیمت DCOIL +10%.pdf,,sku_column,3b0b4f48b90522796539bfcb204faa9877c317cd3c916386a81dbb03c2382749,source_id=dcoil.price_list;normalized_sku=M12-1-1.5D
DCOIL,M12-1-1D,2,authorized_supplier_price_list,/home/shebahati/KaZar/Product and Data Complete/هلی کویل/DCOIL/لیست قیمت DCOIL +10%.pdf,,sku_column,3b0b4f48b90522796539bfcb204faa9877c317cd3c916386a81dbb03c2382749,source_id=dcoil.price_list;normalized_sku=M12-1-1D
DCOIL,M12-1-2.5D,2,authorized_supplier_price_list,/home/shebahati/KaZar/Product and Data Complete/هلی کویل/DCOIL/لیست قیمت DCOIL +10%.pdf,,sku_column,3b0b4f48b90522796539bfcb204faa9877c317cd3c916386a81dbb03c2382749,source_id=dcoil.price_list;normalized_sku=M12-1-2.5D
DCOIL,M12-1-2D,2,authorized_supplier_price_list,/home/shebahati/KaZar/Product and Data Complete/هلی کویل/DCOIL/لیست قیمت DCOIL +10%.pdf,,sku_column,3b0b4f48b90522796539bfcb204faa9877c317cd3c916386a81dbb03c2382749,source_id=dcoil.price_list;normalized_sku=M12-1-2D
DCOIL,M12-1-3D,2,authorized_supplier_price_list,/home/shebahati/KaZar/Product and Data Complete/هلی کویل/DCOIL/لیست قیمت DCOIL +10%.pdf,,sku_column,3b0b4f48b90522796539bfcb204faa9877c317cd3c916386a81dbb03c2382749,source_id=dcoil.price_list;normalized_sku=M12-1-3D
DCOIL,M12-1.25,2,authorized_supplier_price_list,/home/shebahati/KaZar/Product and Data Complete/هلی کویل/DCOIL/لیست قیمت DCOIL +10%.pdf,,sku_column,3b0b4f48b90522796539bfcb204faa9877c317cd3c916386a81dbb03c2382749,source_id=dcoil.price_list;normalized_sku=M12-1.25
DCOIL,M12-1.25-1.5D,2,authorized_supplier_price_list,/home/shebahati/KaZar/Product and Data Complete/هلی کویل/DCOIL/لیست قیمت DCOIL +10%.pdf,,sku_column,3b0b4f48b90522796539bfcb204faa9877c317cd3c916386a81dbb03c2382749,source_id=dcoil.price_list;normalized_sku=M12-1.25-1.5D
DCOIL,M12-1.25-1D,2,authorized_supplier_price_list,/home/shebahati/KaZar/Product and Data Complete/هلی کویل/DCOIL/لیست قیمت DCOIL +10%.pdf,,sku_column,3b0b4f48b90522796539bfcb204faa9877c317cd3c916386a81dbb03c2382749,source_id=dcoil.price_list;normalized_sku=M12-1.25-1D
DCOIL,M12-1.25-2.5D,2,authorized_supplier_price_list,/home/shebahati/KaZar/Product and Data Complete/هلی کویل/DCOIL/لیست قیمت DCOIL +10%.pdf,,sku_column,3b0b4f48b90522796539bfcb204faa9877c317cd3c916386a81dbb03c2382749,source_id=dcoil.price_list;normalized_sku=M12-1.25-2.5D
DCOIL,M12-1.25-2D,2,authorized_supplier_price_list,/home/shebahati/KaZar/Product and Data Complete/هلی کویل/DCOIL/لیست قیمت DCOIL +10%.pdf,,sku_column,3b0b4f48b90522796539bfcb204faa9877c317cd3c916386a81dbb03c2382749,source_id=dcoil.price_list;normalized_sku=M12-1.25-2D
DCOIL,M12-1.25-3D,2,authorized_supplier_price_list,/home/shebahati/KaZar/Product and Data Complete/هلی کویل/DCOIL/لیست قیمت DCOIL +10%.pdf,,sku_column,3b0b4f48b90522796539bfcb204faa9877c317cd3c916386a81dbb03c2382749,source_id=dcoil.price_list;normalized_sku=M12-1.25-3D
DCOIL,M12-1.5,2,authorized_supplier_price_list,/home/shebahati/KaZar/Product and Data Complete/هلی کویل/DCOIL/لیست قیمت DCOIL +10%.pdf,,sku_column,3b0b4f48b90522796539bfcb204faa9877c317cd3c916386a81dbb03c2382749,source_id=dcoil.price_list;normalized_sku=M12-1.5
DCOIL,M12-1.5-1.5D,2,authorized_supplier_price_list,/home/shebahati/KaZar/Product and Data Complete/هلی کویل/DCOIL/لیست قیمت DCOIL +10%.pdf,,sku_column,3b0b4f48b90522796539bfcb204faa9877c317cd3c916386a81dbb03c2382749,source_id=dcoil.price_list;normalized_sku=M12-1.5-1.5D
DCOIL,M12-1.5-1D,2,authorized_supplier_price_list,/home/shebahati/KaZar/Product and Data Complete/هلی کویل/DCOIL/لیست قیمت DCOIL +10%.pdf,,sku_column,3b0b4f48b90522796539bfcb204faa9877c317cd3c916386a81dbb03c2382749,source_id=dcoil.price_list;normalized_sku=M12-1.5-1D
DCOIL,M12-1.5-2.5D,2,authorized_supplier_price_list,/home/shebahati/KaZar/Product and Data Complete/هلی کویل/DCOIL/لیست قیمت DCOIL +10%.pdf,,sku_column,3b0b4f48b90522796539bfcb204faa9877c317cd3c916386a81dbb03c2382749,source_id=dcoil.price_list;normalized_sku=M12-1.5-2.5D
DCOIL,M12-1.5-2D,2,authorized_supplier_price_list,/home/shebahati/KaZar/Product and Data Complete/هلی کویل/DCOIL/لیست قیمت DCOIL +10%.pdf,,sku_column,3b0b4f48b90522796539bfcb204faa9877c317cd3c916386a81dbb03c2382749,source_id=dcoil.price_list;normalized_sku=M12-1.5-2D
DCOIL,M12-1.5-3D,2,authorized_supplier_price_list,/home/shebahati/KaZar/Product and Data Complete/هلی کویل/DCOIL/لیست قیمت DCOIL +10%.pdf,,sku_column,3b0b4f48b90522796539bfcb204faa9877c317cd3c916386a81dbb03c2382749,source_id=dcoil.price_list;normalized_sku=M12-1.5-3D
DCOIL,M12-1.75,2,authorized_supplier_price_list,/home/shebahati/KaZar/Product and Data Complete/هلی کویل/DCOIL/لیست قیمت DCOIL +10%.pdf,,sku_column,3b0b4f48b90522796539bfcb204faa9877c317cd3c916386a81dbb03c2382749,source_id=dcoil.price_list;normalized_sku=M12-1.75
DCOIL,M12-1.75-1.5D,2,authorized_supplier_price_list,/home/shebahati/KaZar/Product and Data Complete/هلی کویل/DCOIL/لیست قیمت DCOIL +10%.pdf,,sku_column,3b0b4f48b90522796539bfcb204faa9877c317cd3c916386a81dbb03c2382749,source_id=dcoil.price_list;normalized_sku=M12-1.75-1.5D
DCOIL,M12-1.75-1D,2,authorized_supplier_price_list,/home/shebahati/KaZar/Product and Data Complete/هلی کویل/DCOIL/لیست قیمت DCOIL +10%.pdf,,sku_column,3b0b4f48b90522796539bfcb204faa9877c317cd3c916386a81dbb03c2382749,source_id=dcoil.price_list;normalized_sku=M12-1.75-1D
DCOIL,M12-1.75-2.5D,2,authorized_supplier_price_list,/home/shebahati/KaZar/Product and Data Complete/هلی کویل/DCOIL/لیست قیمت DCOIL +10%.pdf,,sku_column,3b0b4f48b90522796539bfcb204faa9877c317cd3c916386a81dbb03c2382749,source_id=dcoil.price_list;normalized_sku=M12-1.75-2.5D
DCOIL,M12-1.75-2D,2,authorized_supplier_price_list,/home/shebahati/KaZar/Product and Data Complete/هلی کویل/DCOIL/لیست قیمت DCOIL +10%.pdf,,sku_column,3b0b4f48b90522796539bfcb204faa9877c317cd3c916386a81dbb03c2382749,source_id=dcoil.price_list;normalized_sku=M12-1.75-2D
DCOIL,M12-1.75-3D,2,authorized_supplier_price_list,/home/shebahati/KaZar/Product and Data Complete/هلی کویل/DCOIL/لیست قیمت DCOIL +10%.pdf,,sku_column,3b0b4f48b90522796539bfcb204faa9877c317cd3c916386a81dbb03c2382749,source_id=dcoil.price_list;normalized_sku=M12-1.75-3D
DCOIL,M12-1.750,2,authorized_supplier_price_list,/home/shebahati/KaZar/Product and Data Complete/هلی کویل/DCOIL/لیست قیمت DCOIL +10%.pdf,,sku_column,3b0b4f48b90522796539bfcb204faa9877c317cd3c916386a81dbb03c2382749,source_id=dcoil.price_list;normalized_sku=M12-1.750
DCOIL,M14-1,2,authorized_supplier_price_list,/home/shebahati/KaZar/Product and Data Complete/هلی کویل/DCOIL/لیست قیمت DCOIL +10%.pdf,,sku_column,3b0b4f48b90522796539bfcb204faa9877c317cd3c916386a81dbb03c2382749,source_id=dcoil.price_list;normalized_sku=M14-1
DCOIL,M14-1.25,2,authorized_supplier_price_list,/home/shebahati/KaZar/Product and Data Complete/هلی کویل/DCOIL/لیست قیمت DCOIL +10%.pdf,,sku_column,3b0b4f48b90522796539bfcb204faa9877c317cd3c916386a81dbb03c2382749,source_id=dcoil.price_list;normalized_sku=M14-1.25
DCOIL,M14-1.25 20CM,2,authorized_supplier_price_list,/home/shebahati/KaZar/Product and Data Complete/هلی کویل/DCOIL/لیست قیمت DCOIL +10%.pdf,,sku_column,3b0b4f48b90522796539bfcb204faa9877c317cd3c916386a81dbb03c2382749,source_id=dcoil.price_list;normalized_sku=M14-1.2520CM
DCOIL,M14-1.25-1.5D,2,authorized_supplier_price_list,/home/shebahati/KaZar/Product and Data Complete/هلی کویل/DCOIL/لیست قیمت DCOIL +10%.pdf,,sku_column,3b0b4f48b90522796539bfcb204faa9877c317cd3c916386a81dbb03c2382749,source_id=dcoil.price_list;normalized_sku=M14-1.25-1.5D
DCOIL,M14-1.25-1D,2,authorized_supplier_price_list,/home/shebahati/KaZar/Product and Data Complete/هلی کویل/DCOIL/لیست قیمت DCOIL +10%.pdf,,sku_column,3b0b4f48b90522796539bfcb204faa9877c317cd3c916386a81dbb03c2382749,source_id=dcoil.price_list;normalized_sku=M14-1.25-1D
DCOIL,M14-1.25-2.5D,2,authorized_supplier_price_list,/home/shebahati/KaZar/Product and Data Complete/هلی کویل/DCOIL/لیست قیمت DCOIL +10%.pdf,,sku_column,3b0b4f48b90522796539bfcb204faa9877c317cd3c916386a81dbb03c2382749,source_id=dcoil.price_list;normalized_sku=M14-1.25-2.5D
DCOIL,M14-1.25-2D,2,authorized_supplier_price_list,/home/shebahati/KaZar/Product and Data Complete/هلی کویل/DCOIL/لیست قیمت DCOIL +10%.pdf,,sku_column,3b0b4f48b90522796539bfcb204faa9877c317cd3c916386a81dbb03c2382749,source_id=dcoil.price_list;normalized_sku=M14-1.25-2D
DCOIL,M14-1.25-3D,2,authorized_supplier_price_list,/home/shebahati/KaZar/Product and Data Complete/هلی کویل/DCOIL/لیست قیمت DCOIL +10%.pdf,,sku_column,3b0b4f48b90522796539bfcb204faa9877c317cd3c916386a81dbb03c2382749,source_id=dcoil.price_list;normalized_sku=M14-1.25-3D
DCOIL,M14-1.5,2,authorized_supplier_price_list,/home/shebahati/KaZar/Product and Data Complete/هلی کویل/DCOIL/لیست قیمت DCOIL +10%.pdf,,sku_column,3b0b4f48b90522796539bfcb204faa9877c317cd3c916386a81dbb03c2382749,source_id=dcoil.price_list;normalized_sku=M14-1.5
DCOIL,M14-1.5-1.5D,2,authorized_supplier_price_list,/home/shebahati/KaZar/Product and Data Complete/هلی کویل/DCOIL/لیست قیمت DCOIL +10%.pdf,,sku_column,3b0b4f48b90522796539bfcb204faa9877c317cd3c916386a81dbb03c2382749,source_id=dcoil.price_list;normalized_sku=M14-1.5-1.5D
DCOIL,M14-1.5-1D,2,authorized_supplier_price_list,/home/shebahati/KaZar/Product and Data Complete/هلی کویل/DCOIL/لیست قیمت DCOIL +10%.pdf,,sku_column,3b0b4f48b90522796539bfcb204faa9877c317cd3c916386a81dbb03c2382749,source_id=dcoil.price_list;normalized_sku=M14-1.5-1D
DCOIL,M14-1.5-2.5D,2,authorized_supplier_price_list,/home/shebahati/KaZar/Product and Data Complete/هلی کویل/DCOIL/لیست قیمت DCOIL +10%.pdf,,sku_column,3b0b4f48b90522796539bfcb204faa9877c317cd3c916386a81dbb03c2382749,source_id=dcoil.price_list;normalized_sku=M14-1.5-2.5D
DCOIL,M14-1.5-2D,2,authorized_supplier_price_list,/home/shebahati/KaZar/Product and Data Complete/هلی کویل/DCOIL/لیست قیمت DCOIL +10%.pdf,,sku_column,3b0b4f48b90522796539bfcb204faa9877c317cd3c916386a81dbb03c2382749,source_id=dcoil.price_list;normalized_sku=M14-1.5-2D
DCOIL,M14-1.5-3D,2,authorized_supplier_price_list,/home/shebahati/KaZar/Product and Data Complete/هلی کویل/DCOIL/لیست قیمت DCOIL +10%.pdf,,sku_column,3b0b4f48b90522796539bfcb204faa9877c317cd3c916386a81dbb03c2382749,source_id=dcoil.price_list;normalized_sku=M14-1.5-3D
DCOIL,M14-2,2,authorized_supplier_price_list,/home/shebahati/KaZar/Product and Data Complete/هلی کویل/DCOIL/لیست قیمت DCOIL +10%.pdf,,sku_column,3b0b4f48b90522796539bfcb204faa9877c317cd3c916386a81dbb03c2382749,source_id=dcoil.price_list;normalized_sku=M14-2
DCOIL,M14-2-1.5D,2,authorized_supplier_price_list,/home/shebahati/KaZar/Product and Data Complete/هلی کویل/DCOIL/لیست قیمت DCOIL +10%.pdf,,sku_column,3b0b4f48b90522796539bfcb204faa9877c317cd3c916386a81dbb03c2382749,source_id=dcoil.price_list;normalized_sku=M14-2-1.5D
DCOIL,M14-2-1D,2,authorized_supplier_price_list,/home/shebahati/KaZar/Product and Data Complete/هلی کویل/DCOIL/لیست قیمت DCOIL +10%.pdf,,sku_column,3b0b4f48b90522796539bfcb204faa9877c317cd3c916386a81dbb03c2382749,source_id=dcoil.price_list;normalized_sku=M14-2-1D
DCOIL,M14-2-2.5D,2,authorized_supplier_price_list,/home/shebahati/KaZar/Product and Data Complete/هلی کویل/DCOIL/لیست قیمت DCOIL +10%.pdf,,sku_column,3b0b4f48b90522796539bfcb204faa9877c317cd3c916386a81dbb03c2382749,source_id=dcoil.price_list;normalized_sku=M14-2-2.5D
DCOIL,M14-2-2D,2,authorized_supplier_price_list,/home/shebahati/KaZar/Product and Data Complete/هلی کویل/DCOIL/لیست قیمت DCOIL +10%.pdf,,sku_column,3b0b4f48b90522796539bfcb204faa9877c317cd3c916386a81dbb03c2382749,source_id=dcoil.price_list;normalized_sku=M14-2-2D
DCOIL,M14-2-3D,2,authorized_supplier_price_list,/home/shebahati/KaZar/Product and Data Complete/هلی کویل/DCOIL/لیست قیمت DCOIL +10%.pdf,,sku_column,3b0b4f48b90522796539bfcb204faa9877c317cd3c916386a81dbb03c2382749,source_id=dcoil.price_list;normalized_sku=M14-2-3D
DCOIL,M16-1.5,2,authorized_supplier_price_list,/home/shebahati/KaZar/Product and Data Complete/هلی کویل/DCOIL/لیست قیمت DCOIL +10%.pdf,,sku_column,3b0b4f48b90522796539bfcb204faa9877c317cd3c916386a81dbb03c2382749,source_id=dcoil.price_list;normalized_sku=M16-1.5
DCOIL,M16-1.5-1.5D,2,authorized_supplier_price_list,/home/shebahati/KaZar/Product and Data Complete/هلی کویل/DCOIL/لیست قیمت DCOIL +10%.pdf,,sku_column,3b0b4f48b90522796539bfcb204faa9877c317cd3c916386a81dbb03c2382749,source_id=dcoil.price_list;normalized_sku=M16-1.5-1.5D
DCOIL,M16-1.5-1D,2,authorized_supplier_price_list,/home/shebahati/KaZar/Product and Data Complete/هلی کویل/DCOIL/لیست قیمت DCOIL +10%.pdf,,sku_column,3b0b4f48b90522796539bfcb204faa9877c317cd3c916386a81dbb03c2382749,source_id=dcoil.price_list;normalized_sku=M16-1.5-1D
DCOIL,M16-1.5-2.5D,2,authorized_supplier_price_list,/home/shebahati/KaZar/Product and Data Complete/هلی کویل/DCOIL/لیست قیمت DCOIL +10%.pdf,,sku_column,3b0b4f48b90522796539bfcb204faa9877c317cd3c916386a81dbb03c2382749,source_id=dcoil.price_list;normalized_sku=M16-1.5-2.5D
DCOIL,M16-1.5-2D,2,authorized_supplier_price_list,/home/shebahati/KaZar/Product and Data Complete/هلی کویل/DCOIL/لیست قیمت DCOIL +10%.pdf,,sku_column,3b0b4f48b90522796539bfcb204faa9877c317cd3c916386a81dbb03c2382749,source_id=dcoil.price_list;normalized_sku=M16-1.5-2D
DCOIL,M16-1.5-3D,2,authorized_supplier_price_list,/home/shebahati/KaZar/Product and Data Complete/هلی کویل/DCOIL/لیست قیمت DCOIL +10%.pdf,,sku_column,3b0b4f48b90522796539bfcb204faa9877c317cd3c916386a81dbb03c2382749,source_id=dcoil.price_list;normalized_sku=M16-1.5-3D
DCOIL,M16-2,2,authorized_supplier_price_list,/home/shebahati/KaZar/Product and Data Complete/هلی کویل/DCOIL/لیست قیمت DCOIL +10%.pdf,,sku_column,3b0b4f48b90522796539bfcb204faa9877c317cd3c916386a81dbb03c2382749,source_id=dcoil.price_list;normalized_sku=M16-2
DCOIL,M16-2-1.5D,2,authorized_supplier_price_list,/home/shebahati/KaZar/Product and Data Complete/هلی کویل/DCOIL/لیست قیمت DCOIL +10%.pdf,,sku_column,3b0b4f48b90522796539bfcb204faa9877c317cd3c916386a81dbb03c2382749,source_id=dcoil.price_list;normalized_sku=M16-2-1.5D
DCOIL,M16-2-1D,2,authorized_supplier_price_list,/home/shebahati/KaZar/Product and Data Complete/هلی کویل/DCOIL/لیست قیمت DCOIL +10%.pdf,,sku_column,3b0b4f48b90522796539bfcb204faa9877c317cd3c916386a81dbb03c2382749,source_id=dcoil.price_list;normalized_sku=M16-2-1D
DCOIL,M16-2-2.5D,2,authorized_supplier_price_list,/home/shebahati/KaZar/Product and Data Complete/هلی کویل/DCOIL/لیست قیمت DCOIL +10%.pdf,,sku_column,3b0b4f48b90522796539bfcb204faa9877c317cd3c916386a81dbb03c2382749,source_id=dcoil.price_list;normalized_sku=M16-2-2.5D
DCOIL,M16-2-2D,2,authorized_supplier_price_list,/home/shebahati/KaZar/Product and Data Complete/هلی کویل/DCOIL/لیست قیمت DCOIL +10%.pdf,,sku_column,3b0b4f48b90522796539bfcb204faa9877c317cd3c916386a81dbb03c2382749,source_id=dcoil.price_list;normalized_sku=M16-2-2D
DCOIL,M16-2-3D,2,authorized_supplier_price_list,/home/shebahati/KaZar/Product and Data Complete/هلی کویل/DCOIL/لیست قیمت DCOIL +10%.pdf,,sku_column,3b0b4f48b90522796539bfcb204faa9877c317cd3c916386a81dbb03c2382749,source_id=dcoil.price_list;normalized_sku=M16-2-3D
DCOIL,M18-1.5,2,authorized_supplier_price_list,/home/shebahati/KaZar/Product and Data Complete/هلی کویل/DCOIL/لیست قیمت DCOIL +10%.pdf,,sku_column,3b0b4f48b90522796539bfcb204faa9877c317cd3c916386a81dbb03c2382749,source_id=dcoil.price_list;normalized_sku=M18-1.5
DCOIL,M18-1.5-1.5D,2,authorized_supplier_price_list,/home/shebahati/KaZar/Product and Data Complete/هلی کویل/DCOIL/لیست قیمت DCOIL +10%.pdf,,sku_column,3b0b4f48b90522796539bfcb204faa9877c317cd3c916386a81dbb03c2382749,source_id=dcoil.price_list;normalized_sku=M18-1.5-1.5D
DCOIL,M18-1.5-1D,2,authorized_supplier_price_list,/home/shebahati/KaZar/Product and Data Complete/هلی کویل/DCOIL/لیست قیمت DCOIL +10%.pdf,,sku_column,3b0b4f48b90522796539bfcb204faa9877c317cd3c916386a81dbb03c2382749,source_id=dcoil.price_list;normalized_sku=M18-1.5-1D
DCOIL,M18-1.5-2.5D,2,authorized_supplier_price_list,/home/shebahati/KaZar/Product and Data Complete/هلی کویل/DCOIL/لیست قیمت DCOIL +10%.pdf,,sku_column,3b0b4f48b90522796539bfcb204faa9877c317cd3c916386a81dbb03c2382749,source_id=dcoil.price_list;normalized_sku=M18-1.5-2.5D
DCOIL,M18-1.5-2D,2,authorized_supplier_price_list,/home/shebahati/KaZar/Product and Data Complete/هلی کویل/DCOIL/لیست قیمت DCOIL +10%.pdf,,sku_column,3b0b4f48b90522796539bfcb204faa9877c317cd3c916386a81dbb03c2382749,source_id=dcoil.price_list;normalized_sku=M18-1.5-2D
DCOIL,M18-1.5-3D,2,authorized_supplier_price_list,/home/shebahati/KaZar/Product and Data Complete/هلی کویل/DCOIL/لیست قیمت DCOIL +10%.pdf,,sku_column,3b0b4f48b90522796539bfcb204faa9877c317cd3c916386a81dbb03c2382749,source_id=dcoil.price_list;normalized_sku=M18-1.5-3D
DCOIL,M18-2-1.5D,2,authorized_supplier_price_list,/home/shebahati/KaZar/Product and Data Complete/هلی کویل/DCOIL/لیست قیمت DCOIL +10%.pdf,,sku_column,3b0b4f48b90522796539bfcb204faa9877c317cd3c916386a81dbb03c2382749,source_id=dcoil.price_list;normalized_sku=M18-2-1.5D
DCOIL,M18-2.5,2,authorized_supplier_price_list,/home/shebahati/KaZar/Product and Data Complete/هلی کویل/DCOIL/لیست قیمت DCOIL +10%.pdf,,sku_column,3b0b4f48b90522796539bfcb204faa9877c317cd3c916386a81dbb03c2382749,source_id=dcoil.price_list;normalized_sku=M18-2.5
DCOIL,M18-2.5-1.5D,2,authorized_supplier_price_list,/home/shebahati/KaZar/Product and Data Complete/هلی کویل/DCOIL/لیست قیمت DCOIL +10%.pdf,,sku_column,3b0b4f48b90522796539bfcb204faa9877c317cd3c916386a81dbb03c2382749,source_id=dcoil.price_list;normalized_sku=M18-2.5-1.5D
DCOIL,M18-2.5-2.5D,2,authorized_supplier_price_list,/home/shebahati/KaZar/Product and Data Complete/هلی کویل/DCOIL/لیست قیمت DCOIL +10%.pdf,,sku_column,3b0b4f48b90522796539bfcb204faa9877c317cd3c916386a81dbb03c2382749,source_id=dcoil.price_list;normalized_sku=M18-2.5-2.5D
DCOIL,M2-0.40,2,authorized_supplier_price_list,/home/shebahati/KaZar/Product and Data Complete/هلی کویل/DCOIL/لیست قیمت DCOIL +10%.pdf,,sku_column,3b0b4f48b90522796539bfcb204faa9877c317cd3c916386a81dbb03c2382749,source_id=dcoil.price_list;normalized_sku=M2-0.40
DCOIL,M2-0.40-1.5D,2,authorized_supplier_price_list,/home/shebahati/KaZar/Product and Data Complete/هلی کویل/DCOIL/لیست قیمت DCOIL +10%.pdf,,sku_column,3b0b4f48b90522796539bfcb204faa9877c317cd3c916386a81dbb03c2382749,source_id=dcoil.price_list;normalized_sku=M2-0.40-1.5D
DCOIL,M2-0.40-1D,2,authorized_supplier_price_list,/home/shebahati/KaZar/Product and Data Complete/هلی کویل/DCOIL/لیست قیمت DCOIL +10%.pdf,,sku_column,3b0b4f48b90522796539bfcb204faa9877c317cd3c916386a81dbb03c2382749,source_id=dcoil.price_list;normalized_sku=M2-0.40-1D
DCOIL,M2-0.40-2.5D,2,authorized_supplier_price_list,/home/shebahati/KaZar/Product and Data Complete/هلی کویل/DCOIL/لیست قیمت DCOIL +10%.pdf,,sku_column,3b0b4f48b90522796539bfcb204faa9877c317cd3c916386a81dbb03c2382749,source_id=dcoil.price_list;normalized_sku=M2-0.40-2.5D
DCOIL,M2-0.40-2D,2,authorized_supplier_price_list,/home/shebahati/KaZar/Product and Data Complete/هلی کویل/DCOIL/لیست قیمت DCOIL +10%.pdf,,sku_column,3b0b4f48b90522796539bfcb204faa9877c317cd3c916386a81dbb03c2382749,source_id=dcoil.price_list;normalized_sku=M2-0.40-2D
DCOIL,M2-0.40-3D,2,authorized_supplier_price_list,/home/shebahati/KaZar/Product and Data Complete/هلی کویل/DCOIL/لیست قیمت DCOIL +10%.pdf,,sku_column,3b0b4f48b90522796539bfcb204faa9877c317cd3c916386a81dbb03c2382749,source_id=dcoil.price_list;normalized_sku=M2-0.40-3D
DCOIL,M2.5-0.45,2,authorized_supplier_price_list,/home/shebahati/KaZar/Product and Data Complete/هلی کویل/DCOIL/لیست قیمت DCOIL +10%.pdf,,sku_column,3b0b4f48b90522796539bfcb204faa9877c317cd3c916386a81dbb03c2382749,source_id=dcoil.price_list;normalized_sku=M2.5-0.45
DCOIL,M2.5-0.45-1.5D,2,authorized_supplier_price_list,/home/shebahati/KaZar/Product and Data Complete/هلی کویل/DCOIL/لیست قیمت DCOIL +10%.pdf,,sku_column,3b0b4f48b90522796539bfcb204faa9877c317cd3c916386a81dbb03c2382749,source_id=dcoil.price_list;normalized_sku=M2.5-0.45-1.5D
DCOIL,M2.5-0.45-1D,2,authorized_supplier_price_list,/home/shebahati/KaZar/Product and Data Complete/هلی کویل/DCOIL/لیست قیمت DCOIL +10%.pdf,,sku_column,3b0b4f48b90522796539bfcb204faa9877c317cd3c916386a81dbb03c2382749,source_id=dcoil.price_list;normalized_sku=M2.5-0.45-1D
DCOIL,M2.5-0.45-2.5D,2,authorized_supplier_price_list,/home/shebahati/KaZar/Product and Data Complete/هلی کویل/DCOIL/لیست قیمت DCOIL +10%.pdf,,sku_column,3b0b4f48b90522796539bfcb204faa9877c317cd3c916386a81dbb03c2382749,source_id=dcoil.price_list;normalized_sku=M2.5-0.45-2.5D
DCOIL,M2.5-0.45-2D,2,authorized_supplier_price_list,/home/shebahati/KaZar/Product and Data Complete/هلی کویل/DCOIL/لیست قیمت DCOIL +10%.pdf,,sku_column,3b0b4f48b90522796539bfcb204faa9877c317cd3c916386a81dbb03c2382749,source_id=dcoil.price_list;normalized_sku=M2.5-0.45-2D
DCOIL,M2.5-0.45-3D,2,authorized_supplier_price_list,/home/shebahati/KaZar/Product and Data Complete/هلی کویل/DCOIL/لیست قیمت DCOIL +10%.pdf,,sku_column,3b0b4f48b90522796539bfcb204faa9877c317cd3c916386a81dbb03c2382749,source_id=dcoil.price_list;normalized_sku=M2.5-0.45-3D
DCOIL,M2/5-0.45,2,authorized_supplier_price_list,/home/shebahati/KaZar/Product and Data Complete/هلی کویل/DCOIL/لیست قیمت DCOIL +10%.pdf,,sku_column,3b0b4f48b90522796539bfcb204faa9877c317cd3c916386a81dbb03c2382749,source_id=dcoil.price_list;normalized_sku=M2/5-0.45
DCOIL,M20-1.5,2,authorized_supplier_price_list,/home/shebahati/KaZar/Product and Data Complete/هلی کویل/DCOIL/لیست قیمت DCOIL +10%.pdf,,sku_column,3b0b4f48b90522796539bfcb204faa9877c317cd3c916386a81dbb03c2382749,source_id=dcoil.price_list;normalized_sku=M20-1.5
DCOIL,M20-1.5-1.5D,2,authorized_supplier_price_list,/home/shebahati/KaZar/Product and Data Complete/هلی کویل/DCOIL/لیست قیمت DCOIL +10%.pdf,,sku_column,3b0b4f48b90522796539bfcb204faa9877c317cd3c916386a81dbb03c2382749,source_id=dcoil.price_list;normalized_sku=M20-1.5-1.5D
DCOIL,M20-1.5-2.5D,2,authorized_supplier_price_list,/home/shebahati/KaZar/Product and Data Complete/هلی کویل/DCOIL/لیست قیمت DCOIL +10%.pdf,,sku_column,3b0b4f48b90522796539bfcb204faa9877c317cd3c916386a81dbb03c2382749,source_id=dcoil.price_list;normalized_sku=M20-1.5-2.5D
DCOIL,M20-2-1.5D,2,authorized_supplier_price_list,/home/shebahati/KaZar/Product and Data Complete/هلی کویل/DCOIL/لیست قیمت DCOIL +10%.pdf,,sku_column,3b0b4f48b90522796539bfcb204faa9877c317cd3c916386a81dbb03c2382749,source_id=dcoil.price_list;normalized_sku=M20-2-1.5D
DCOIL,M20-2.5,2,authorized_supplier_price_list,/home/shebahati/KaZar/Product and Data Complete/هلی کویل/DCOIL/لیست قیمت DCOIL +10%.pdf,,sku_column,3b0b4f48b90522796539bfcb204faa9877c317cd3c916386a81dbb03c2382749,source_id=dcoil.price_list;normalized_sku=M20-2.5
DCOIL,M20-2.5-1.5D,2,authorized_supplier_price_list,/home/shebahati/KaZar/Product and Data Complete/هلی کویل/DCOIL/لیست قیمت DCOIL +10%.pdf,,sku_column,3b0b4f48b90522796539bfcb204faa9877c317cd3c916386a81dbb03c2382749,source_id=dcoil.price_list;normalized_sku=M20-2.5-1.5D
DCOIL,M20-2.5-2.5D,2,authorized_supplier_price_list,/home/shebahati/KaZar/Product and Data Complete/هلی کویل/DCOIL/لیست قیمت DCOIL +10%.pdf,,sku_column,3b0b4f48b90522796539bfcb204faa9877c317cd3c916386a81dbb03c2382749,source_id=dcoil.price_list;normalized_sku=M20-2.5-2.5D
DCOIL,M22-1.5-1.5D,2,authorized_supplier_price_list,/home/shebahati/KaZar/Product and Data Complete/هلی کویل/DCOIL/لیست قیمت DCOIL +10%.pdf,,sku_column,3b0b4f48b90522796539bfcb204faa9877c317cd3c916386a81dbb03c2382749,source_id=dcoil.price_list;normalized_sku=M22-1.5-1.5D
DCOIL,M22-1.5-2.5D,2,authorized_supplier_price_list,/home/shebahati/KaZar/Product and Data Complete/هلی کویل/DCOIL/لیست قیمت DCOIL +10%.pdf,,sku_column,3b0b4f48b90522796539bfcb204faa9877c317cd3c916386a81dbb03c2382749,source_id=dcoil.price_list;normalized_sku=M22-1.5-2.5D
DCOIL,M22-2-1.5D,2,authorized_supplier_price_list,/home/shebahati/KaZar/Product and Data Complete/هلی کویل/DCOIL/لیست قیمت DCOIL +10%.pdf,,sku_column,3b0b4f48b90522796539bfcb204faa9877c317cd3c916386a81dbb03c2382749,source_id=dcoil.price_list;normalized_sku=M22-2-1.5D
DCOIL,M22-2.5-1.5D,2,authorized_supplier_price_list,/home/shebahati/KaZar/Product and Data Complete/هلی کویل/DCOIL/لیست قیمت DCOIL +10%.pdf,,sku_column,3b0b4f48b90522796539bfcb204faa9877c317cd3c916386a81dbb03c2382749,source_id=dcoil.price_list;normalized_sku=M22-2.5-1.5D
DCOIL,M22-2.5-2.5D,2,authorized_supplier_price_list,/home/shebahati/KaZar/Product and Data Complete/هلی کویل/DCOIL/لیست قیمت DCOIL +10%.pdf,,sku_column,3b0b4f48b90522796539bfcb204faa9877c317cd3c916386a81dbb03c2382749,source_id=dcoil.price_list;normalized_sku=M22-2.5-2.5D
DCOIL,M24-1.5-1.5D,2,authorized_supplier_price_list,/home/shebahati/KaZar/Product and Data Complete/هلی کویل/DCOIL/لیست قیمت DCOIL +10%.pdf,,sku_column,3b0b4f48b90522796539bfcb204faa9877c317cd3c916386a81dbb03c2382749,source_id=dcoil.price_list;normalized_sku=M24-1.5-1.5D
DCOIL,M24-1.5-2.5D,2,authorized_supplier_price_list,/home/shebahati/KaZar/Product and Data Complete/هلی کویل/DCOIL/لیست قیمت DCOIL +10%.pdf,,sku_column,3b0b4f48b90522796539bfcb204faa9877c317cd3c916386a81dbb03c2382749,source_id=dcoil.price_list;normalized_sku=M24-1.5-2.5D
DCOIL,M24-2-1.5D,2,authorized_supplier_price_list,/home/shebahati/KaZar/Product and Data Complete/هلی کویل/DCOIL/لیست قیمت DCOIL +10%.pdf,,sku_column,3b0b4f48b90522796539bfcb204faa9877c317cd3c916386a81dbb03c2382749,source_id=dcoil.price_list;normalized_sku=M24-2-1.5D
DCOIL,M24-3-1.5D,2,authorized_supplier_price_list,/home/shebahati/KaZar/Product and Data Complete/هلی کویل/DCOIL/لیست قیمت DCOIL +10%.pdf,,sku_column,3b0b4f48b90522796539bfcb204faa9877c317cd3c916386a81dbb03c2382749,source_id=dcoil.price_list;normalized_sku=M24-3-1.5D
DCOIL,M24-3-2.5D,2,authorized_supplier_price_list,/home/shebahati/KaZar/Product and Data Complete/هلی کویل/DCOIL/لیست قیمت DCOIL +10%.pdf,,sku_column,3b0b4f48b90522796539bfcb204faa9877c317cd3c916386a81dbb03c2382749,source_id=dcoil.price_list;normalized_sku=M24-3-2.5D
DCOIL,M3-0.50,2,authorized_supplier_price_list,/home/shebahati/KaZar/Product and Data Complete/هلی کویل/DCOIL/لیست قیمت DCOIL +10%.pdf,,sku_column,3b0b4f48b90522796539bfcb204faa9877c317cd3c916386a81dbb03c2382749,source_id=dcoil.price_list;normalized_sku=M3-0.50
DCOIL,M3-0.50-1.5D,2,authorized_supplier_price_list,/home/shebahati/KaZar/Product and Data Complete/هلی کویل/DCOIL/لیست قیمت DCOIL +10%.pdf,,sku_column,3b0b4f48b90522796539bfcb204faa9877c317cd3c916386a81dbb03c2382749,source_id=dcoil.price_list;normalized_sku=M3-0.50-1.5D
DCOIL,M3-0.50-1D,2,authorized_supplier_price_list,/home/shebahati/KaZar/Product and Data Complete/هلی کویل/DCOIL/لیست قیمت DCOIL +10%.pdf,,sku_column,3b0b4f48b90522796539bfcb204faa9877c317cd3c916386a81dbb03c2382749,source_id=dcoil.price_list;normalized_sku=M3-0.50-1D
DCOIL,M3-0.50-2.5D,2,authorized_supplier_price_list,/home/shebahati/KaZar/Product and Data Complete/هلی کویل/DCOIL/لیست قیمت DCOIL +10%.pdf,,sku_column,3b0b4f48b90522796539bfcb204faa9877c317cd3c916386a81dbb03c2382749,source_id=dcoil.price_list;normalized_sku=M3-0.50-2.5D
DCOIL,M3-0.50-2D,2,authorized_supplier_price_list,/home/shebahati/KaZar/Product and Data Complete/هلی کویل/DCOIL/لیست قیمت DCOIL +10%.pdf,,sku_column,3b0b4f48b90522796539bfcb204faa9877c317cd3c916386a81dbb03c2382749,source_id=dcoil.price_list;normalized_sku=M3-0.50-2D
DCOIL,M3-0.50-3D,2,authorized_supplier_price_list,/home/shebahati/KaZar/Product and Data Complete/هلی کویل/DCOIL/لیست قیمت DCOIL +10%.pdf,,sku_column,3b0b4f48b90522796539bfcb204faa9877c317cd3c916386a81dbb03c2382749,source_id=dcoil.price_list;normalized_sku=M3-0.50-3D
DCOIL,M3.5-0.60-1.5D,2,authorized_supplier_price_list,/home/shebahati/KaZar/Product and Data Complete/هلی کویل/DCOIL/لیست قیمت DCOIL +10%.pdf,,sku_column,3b0b4f48b90522796539bfcb204faa9877c317cd3c916386a81dbb03c2382749,source_id=dcoil.price_list;normalized_sku=M3.5-0.60-1.5D
DCOIL,M3.5-0.60-1D,2,authorized_supplier_price_list,/home/shebahati/KaZar/Product and Data Complete/هلی کویل/DCOIL/لیست قیمت DCOIL +10%.pdf,,sku_column,3b0b4f48b90522796539bfcb204faa9877c317cd3c916386a81dbb03c2382749,source_id=dcoil.price_list;normalized_sku=M3.5-0.60-1D
DCOIL,M3.5-0.60-2.5D,2,authorized_supplier_price_list,/home/shebahati/KaZar/Product and Data Complete/هلی کویل/DCOIL/لیست قیمت DCOIL +10%.pdf,,sku_column,3b0b4f48b90522796539bfcb204faa9877c317cd3c916386a81dbb03c2382749,source_id=dcoil.price_list;normalized_sku=M3.5-0.60-2.5D
DCOIL,M3.5-0.60-2D,2,authorized_supplier_price_list,/home/shebahati/KaZar/Product and Data Complete/هلی کویل/DCOIL/لیست قیمت DCOIL +10%.pdf,,sku_column,3b0b4f48b90522796539bfcb204faa9877c317cd3c916386a81dbb03c2382749,source_id=dcoil.price_list;normalized_sku=M3.5-0.60-2D
DCOIL,M3.5-0.60-3D,2,authorized_supplier_price_list,/home/shebahati/KaZar/Product and Data Complete/هلی کویل/DCOIL/لیست قیمت DCOIL +10%.pdf,,sku_column,3b0b4f48b90522796539bfcb204faa9877c317cd3c916386a81dbb03c2382749,source_id=dcoil.price_list;normalized_sku=M3.5-0.60-3D
DCOIL,M4-0.70,2,authorized_supplier_price_list,/home/shebahati/KaZar/Product and Data Complete/هلی کویل/DCOIL/لیست قیمت DCOIL +10%.pdf,,sku_column,3b0b4f48b90522796539bfcb204faa9877c317cd3c916386a81dbb03c2382749,source_id=dcoil.price_list;normalized_sku=M4-0.70
DCOIL,M4-0.70-1.5D,2,authorized_supplier_price_list,/home/shebahati/KaZar/Product and Data Complete/هلی کویل/DCOIL/لیست قیمت DCOIL +10%.pdf,,sku_column,3b0b4f48b90522796539bfcb204faa9877c317cd3c916386a81dbb03c2382749,source_id=dcoil.price_list;normalized_sku=M4-0.70-1.5D
DCOIL,M4-0.70-1D,2,authorized_supplier_price_list,/home/shebahati/KaZar/Product and Data Complete/هلی کویل/DCOIL/لیست قیمت DCOIL +10%.pdf,,sku_column,3b0b4f48b90522796539bfcb204faa9877c317cd3c916386a81dbb03c2382749,source_id=dcoil.price_list;normalized_sku=M4-0.70-1D
DCOIL,M4-0.70-2.5D,2,authorized_supplier_price_list,/home/shebahati/KaZar/Product and Data Complete/هلی کویل/DCOIL/لیست قیمت DCOIL +10%.pdf,,sku_column,3b0b4f48b90522796539bfcb204faa9877c317cd3c916386a81dbb03c2382749,source_id=dcoil.price_list;normalized_sku=M4-0.70-2.5D
DCOIL,M4-0.70-2D,2,authorized_supplier_price_list,/home/shebahati/KaZar/Product and Data Complete/هلی کویل/DCOIL/لیست قیمت DCOIL +10%.pdf,,sku_column,3b0b4f48b90522796539bfcb204faa9877c317cd3c916386a81dbb03c2382749,source_id=dcoil.price_list;normalized_sku=M4-0.70-2D
DCOIL,M4-0.70-3D,2,authorized_supplier_price_list,/home/shebahati/KaZar/Product and Data Complete/هلی کویل/DCOIL/لیست قیمت DCOIL +10%.pdf,,sku_column,3b0b4f48b90522796539bfcb204faa9877c317cd3c916386a81dbb03c2382749,source_id=dcoil.price_list;normalized_sku=M4-0.70-3D
DCOIL,M5-0.80,2,authorized_supplier_price_list,/home/shebahati/KaZar/Product and Data Complete/هلی کویل/DCOIL/لیست قیمت DCOIL +10%.pdf,,sku_column,3b0b4f48b90522796539bfcb204faa9877c317cd3c916386a81dbb03c2382749,source_id=dcoil.price_list;normalized_sku=M5-0.80
DCOIL,M5-0.80-1.5D,2,authorized_supplier_price_list,/home/shebahati/KaZar/Product and Data Complete/هلی کویل/DCOIL/لیست قیمت DCOIL +10%.pdf,,sku_column,3b0b4f48b90522796539bfcb204faa9877c317cd3c916386a81dbb03c2382749,source_id=dcoil.price_list;normalized_sku=M5-0.80-1.5D
DCOIL,M5-0.80-1D,2,authorized_supplier_price_list,/home/shebahati/KaZar/Product and Data Complete/هلی کویل/DCOIL/لیست قیمت DCOIL +10%.pdf,,sku_column,3b0b4f48b90522796539bfcb204faa9877c317cd3c916386a81dbb03c2382749,source_id=dcoil.price_list;normalized_sku=M5-0.80-1D
DCOIL,M5-0.80-2.5D,2,authorized_supplier_price_list,/home/shebahati/KaZar/Product and Data Complete/هلی کویل/DCOIL/لیست قیمت DCOIL +10%.pdf,,sku_column,3b0b4f48b90522796539bfcb204faa9877c317cd3c916386a81dbb03c2382749,source_id=dcoil.price_list;normalized_sku=M5-0.80-2.5D
DCOIL,M5-0.80-2D,2,authorized_supplier_price_list,/home/shebahati/KaZar/Product and Data Complete/هلی کویل/DCOIL/لیست قیمت DCOIL +10%.pdf,,sku_column,3b0b4f48b90522796539bfcb204faa9877c317cd3c916386a81dbb03c2382749,source_id=dcoil.price_list;normalized_sku=M5-0.80-2D
DCOIL,M5-0.80-3D,2,authorized_supplier_price_list,/home/shebahati/KaZar/Product and Data Complete/هلی کویل/DCOIL/لیست قیمت DCOIL +10%.pdf,,sku_column,3b0b4f48b90522796539bfcb204faa9877c317cd3c916386a81dbb03c2382749,source_id=dcoil.price_list;normalized_sku=M5-0.80-3D
DCOIL,M5-M12,2,authorized_supplier_price_list,/home/shebahati/KaZar/Product and Data Complete/هلی کویل/DCOIL/لیست قیمت DCOIL +10%.pdf,,sku_column,3b0b4f48b90522796539bfcb204faa9877c317cd3c916386a81dbb03c2382749,source_id=dcoil.price_list;normalized_sku=M5-M12
DCOIL,M6-1,2,authorized_supplier_price_list,/home/shebahati/KaZar/Product and Data Complete/هلی کویل/DCOIL/لیست قیمت DCOIL +10%.pdf,,sku_column,3b0b4f48b90522796539bfcb204faa9877c317cd3c916386a81dbb03c2382749,source_id=dcoil.price_list;normalized_sku=M6-1
DCOIL,M6-1-1.5D,2,authorized_supplier_price_list,/home/shebahati/KaZar/Product and Data Complete/هلی کویل/DCOIL/لیست قیمت DCOIL +10%.pdf,,sku_column,3b0b4f48b90522796539bfcb204faa9877c317cd3c916386a81dbb03c2382749,source_id=dcoil.price_list;normalized_sku=M6-1-1.5D
DCOIL,M6-1-1D,2,authorized_supplier_price_list,/home/shebahati/KaZar/Product and Data Complete/هلی کویل/DCOIL/لیست قیمت DCOIL +10%.pdf,,sku_column,3b0b4f48b90522796539bfcb204faa9877c317cd3c916386a81dbb03c2382749,source_id=dcoil.price_list;normalized_sku=M6-1-1D
DCOIL,M6-1-2.5D,2,authorized_supplier_price_list,/home/shebahati/KaZar/Product and Data Complete/هلی کویل/DCOIL/لیست قیمت DCOIL +10%.pdf,,sku_column,3b0b4f48b90522796539bfcb204faa9877c317cd3c916386a81dbb03c2382749,source_id=dcoil.price_list;normalized_sku=M6-1-2.5D
DCOIL,M6-1-2D,2,authorized_supplier_price_list,/home/shebahati/KaZar/Product and Data Complete/هلی کویل/DCOIL/لیست قیمت DCOIL +10%.pdf,,sku_column,3b0b4f48b90522796539bfcb204faa9877c317cd3c916386a81dbb03c2382749,source_id=dcoil.price_list;normalized_sku=M6-1-2D
DCOIL,M6-1-3D,2,authorized_supplier_price_list,/home/shebahati/KaZar/Product and Data Complete/هلی کویل/DCOIL/لیست قیمت DCOIL +10%.pdf,,sku_column,3b0b4f48b90522796539bfcb204faa9877c317cd3c916386a81dbb03c2382749,source_id=dcoil.price_list;normalized_sku=M6-1-3D
DCOIL,M7-1,2,authorized_supplier_price_list,/home/shebahati/KaZar/Product and Data Complete/هلی کویل/DCOIL/لیست قیمت DCOIL +10%.pdf,,sku_column,3b0b4f48b90522796539bfcb204faa9877c317cd3c916386a81dbb03c2382749,source_id=dcoil.price_list;normalized_sku=M7-1
DCOIL,M7-1-1.5D,2,authorized_supplier_price_list,/home/shebahati/KaZar/Product and Data Complete/هلی کویل/DCOIL/لیست قیمت DCOIL +10%.pdf,,sku_column,3b0b4f48b90522796539bfcb204faa9877c317cd3c916386a81dbb03c2382749,source_id=dcoil.price_list;normalized_sku=M7-1-1.5D
DCOIL,M7-1-1D,2,authorized_supplier_price_list,/home/shebahati/KaZar/Product and Data Complete/هلی کویل/DCOIL/لیست قیمت DCOIL +10%.pdf,,sku_column,3b0b4f48b90522796539bfcb204faa9877c317cd3c916386a81dbb03c2382749,source_id=dcoil.price_list;normalized_sku=M7-1-1D
DCOIL,M7-1-2.5D,2,authorized_supplier_price_list,/home/shebahati/KaZar/Product and Data Complete/هلی کویل/DCOIL/لیست قیمت DCOIL +10%.pdf,,sku_column,3b0b4f48b90522796539bfcb204faa9877c317cd3c916386a81dbb03c2382749,source_id=dcoil.price_list;normalized_sku=M7-1-2.5D
DCOIL,M7-1-2D,2,authorized_supplier_price_list,/home/shebahati/KaZar/Product and Data Complete/هلی کویل/DCOIL/لیست قیمت DCOIL +10%.pdf,,sku_column,3b0b4f48b90522796539bfcb204faa9877c317cd3c916386a81dbb03c2382749,source_id=dcoil.price_list;normalized_sku=M7-1-2D
DCOIL,M7-1-3D,2,authorized_supplier_price_list,/home/shebahati/KaZar/Product and Data Complete/هلی کویل/DCOIL/لیست قیمت DCOIL +10%.pdf,,sku_column,3b0b4f48b90522796539bfcb204faa9877c317cd3c916386a81dbb03c2382749,source_id=dcoil.price_list;normalized_sku=M7-1-3D
DCOIL,M8-1,2,authorized_supplier_price_list,/home/shebahati/KaZar/Product and Data Complete/هلی کویل/DCOIL/لیست قیمت DCOIL +10%.pdf,,sku_column,3b0b4f48b90522796539bfcb204faa9877c317cd3c916386a81dbb03c2382749,source_id=dcoil.price_list;normalized_sku=M8-1
DCOIL,M8-1-1.5D,2,authorized_supplier_price_list,/home/shebahati/KaZar/Product and Data Complete/هلی کویل/DCOIL/لیست قیمت DCOIL +10%.pdf,,sku_column,3b0b4f48b90522796539bfcb204faa9877c317cd3c916386a81dbb03c2382749,source_id=dcoil.price_list;normalized_sku=M8-1-1.5D
DCOIL,M8-1-1D,2,authorized_supplier_price_list,/home/shebahati/KaZar/Product and Data Complete/هلی کویل/DCOIL/لیست قیمت DCOIL +10%.pdf,,sku_column,3b0b4f48b90522796539bfcb204faa9877c317cd3c916386a81dbb03c2382749,source_id=dcoil.price_list;normalized_sku=M8-1-1D
DCOIL,M8-1-2.5D,2,authorized_supplier_price_list,/home/shebahati/KaZar/Product and Data Complete/هلی کویل/DCOIL/لیست قیمت DCOIL +10%.pdf,,sku_column,3b0b4f48b90522796539bfcb204faa9877c317cd3c916386a81dbb03c2382749,source_id=dcoil.price_list;normalized_sku=M8-1-2.5D
DCOIL,M8-1-2D,2,authorized_supplier_price_list,/home/shebahati/KaZar/Product and Data Complete/هلی کویل/DCOIL/لیست قیمت DCOIL +10%.pdf,,sku_column,3b0b4f48b90522796539bfcb204faa9877c317cd3c916386a81dbb03c2382749,source_id=dcoil.price_list;normalized_sku=M8-1-2D
DCOIL,M8-1-3D,2,authorized_supplier_price_list,/home/shebahati/KaZar/Product and Data Complete/هلی کویل/DCOIL/لیست قیمت DCOIL +10%.pdf,,sku_column,3b0b4f48b90522796539bfcb204faa9877c317cd3c916386a81dbb03c2382749,source_id=dcoil.price_list;normalized_sku=M8-1-3D
DCOIL,M8-1.25,2,authorized_supplier_price_list,/home/shebahati/KaZar/Product and Data Complete/هلی کویل/DCOIL/لیست قیمت DCOIL +10%.pdf,,sku_column,3b0b4f48b90522796539bfcb204faa9877c317cd3c916386a81dbb03c2382749,source_id=dcoil.price_list;normalized_sku=M8-1.25
DCOIL,M8-1.25-1.5D,2,authorized_supplier_price_list,/home/shebahati/KaZar/Product and Data Complete/هلی کویل/DCOIL/لیست قیمت DCOIL +10%.pdf,,sku_column,3b0b4f48b90522796539bfcb204faa9877c317cd3c916386a81dbb03c2382749,source_id=dcoil.price_list;normalized_sku=M8-1.25-1.5D
DCOIL,M8-1.25-1D,2,authorized_supplier_price_list,/home/shebahati/KaZar/Product and Data Complete/هلی کویل/DCOIL/لیست قیمت DCOIL +10%.pdf,,sku_column,3b0b4f48b90522796539bfcb204faa9877c317cd3c916386a81dbb03c2382749,source_id=dcoil.price_list;normalized_sku=M8-1.25-1D
DCOIL,M8-1.25-2.5D,2,authorized_supplier_price_list,/home/shebahati/KaZar/Product and Data Complete/هلی کویل/DCOIL/لیست قیمت DCOIL +10%.pdf,,sku_column,3b0b4f48b90522796539bfcb204faa9877c317cd3c916386a81dbb03c2382749,source_id=dcoil.price_list;normalized_sku=M8-1.25-2.5D
DCOIL,M8-1.25-2D,2,authorized_supplier_price_list,/home/shebahati/KaZar/Product and Data Complete/هلی کویل/DCOIL/لیست قیمت DCOIL +10%.pdf,,sku_column,3b0b4f48b90522796539bfcb204faa9877c317cd3c916386a81dbb03c2382749,source_id=dcoil.price_list;normalized_sku=M8-1.25-2D
DCOIL,M8-1.25-3D,2,authorized_supplier_price_list,/home/shebahati/KaZar/Product and Data Complete/هلی کویل/DCOIL/لیست قیمت DCOIL +10%.pdf,,sku_column,3b0b4f48b90522796539bfcb204faa9877c317cd3c916386a81dbb03c2382749,source_id=dcoil.price_list;normalized_sku=M8-1.25-3D
DCOIL,M9-1,2,authorized_supplier_price_list,/home/shebahati/KaZar/Product and Data Complete/هلی کویل/DCOIL/لیست قیمت DCOIL +10%.pdf,,sku_column,3b0b4f48b90522796539bfcb204faa9877c317cd3c916386a81dbb03c2382749,source_id=dcoil.price_list;normalized_sku=M9-1
DCOIL,M9-1-1.5D,2,authorized_supplier_price_list,/home/shebahati/KaZar/Product and Data Complete/هلی کویل/DCOIL/لیست قیمت DCOIL +10%.pdf,,sku_column,3b0b4f48b90522796539bfcb204faa9877c317cd3c916386a81dbb03c2382749,source_id=dcoil.price_list;normalized_sku=M9-1-1.5D
DCOIL,M9-1-1D,2,authorized_supplier_price_list,/home/shebahati/KaZar/Product and Data Complete/هلی کویل/DCOIL/لیست قیمت DCOIL +10%.pdf,,sku_column,3b0b4f48b90522796539bfcb204faa9877c317cd3c916386a81dbb03c2382749,source_id=dcoil.price_list;normalized_sku=M9-1-1D
DCOIL,M9-1-2.5D,2,authorized_supplier_price_list,/home/shebahati/KaZar/Product and Data Complete/هلی کویل/DCOIL/لیست قیمت DCOIL +10%.pdf,,sku_column,3b0b4f48b90522796539bfcb204faa9877c317cd3c916386a81dbb03c2382749,source_id=dcoil.price_list;normalized_sku=M9-1-2.5D
DCOIL,M9-1-2D,2,authorized_supplier_price_list,/home/shebahati/KaZar/Product and Data Complete/هلی کویل/DCOIL/لیست قیمت DCOIL +10%.pdf,,sku_column,3b0b4f48b90522796539bfcb204faa9877c317cd3c916386a81dbb03c2382749,source_id=dcoil.price_list;normalized_sku=M9-1-2D
DCOIL,M9-1-3D,2,authorized_supplier_price_list,/home/shebahati/KaZar/Product and Data Complete/هلی کویل/DCOIL/لیست قیمت DCOIL +10%.pdf,,sku_column,3b0b4f48b90522796539bfcb204faa9877c317cd3c916386a81dbb03c2382749,source_id=dcoil.price_list;normalized_sku=M9-1-3D
DCOIL,M9-1.25,2,authorized_supplier_price_list,/home/shebahati/KaZar/Product and Data Complete/هلی کویل/DCOIL/لیست قیمت DCOIL +10%.pdf,,sku_column,3b0b4f48b90522796539bfcb204faa9877c317cd3c916386a81dbb03c2382749,source_id=dcoil.price_list;normalized_sku=M9-1.25
DCOIL,M9-1.25-1.5D,2,authorized_supplier_price_list,/home/shebahati/KaZar/Product and Data Complete/هلی کویل/DCOIL/لیست قیمت DCOIL +10%.pdf,,sku_column,3b0b4f48b90522796539bfcb204faa9877c317cd3c916386a81dbb03c2382749,source_id=dcoil.price_list;normalized_sku=M9-1.25-1.5D
DCOIL,M9-1.25-1D,2,authorized_supplier_price_list,/home/shebahati/KaZar/Product and Data Complete/هلی کویل/DCOIL/لیست قیمت DCOIL +10%.pdf,,sku_column,3b0b4f48b90522796539bfcb204faa9877c317cd3c916386a81dbb03c2382749,source_id=dcoil.price_list;normalized_sku=M9-1.25-1D
DCOIL,M9-1.25-2.5D,2,authorized_supplier_price_list,/home/shebahati/KaZar/Product and Data Complete/هلی کویل/DCOIL/لیست قیمت DCOIL +10%.pdf,,sku_column,3b0b4f48b90522796539bfcb204faa9877c317cd3c916386a81dbb03c2382749,source_id=dcoil.price_list;normalized_sku=M9-1.25-2.5D
DCOIL,M9-1.25-2D,2,authorized_supplier_price_list,/home/shebahati/KaZar/Product and Data Complete/هلی کویل/DCOIL/لیست قیمت DCOIL +10%.pdf,,sku_column,3b0b4f48b90522796539bfcb204faa9877c317cd3c916386a81dbb03c2382749,source_id=dcoil.price_list;normalized_sku=M9-1.25-2D
DCOIL,M9-1.25-3D,2,authorized_supplier_price_list,/home/shebahati/KaZar/Product and Data Complete/هلی کویل/DCOIL/لیست قیمت DCOIL +10%.pdf,,sku_column,3b0b4f48b90522796539bfcb204faa9877c317cd3c916386a81dbb03c2382749,source_id=dcoil.price_list;normalized_sku=M9-1.25-3D
INSIZE,0110-1125,1,oem_product_list,/home/shebahati/KaZar/Product and Data Complete/اندازه گیری/اینسایز/لیست محصولات.pdf,,sku_column,6973018c3eeaad81327c31084ff9185ac522573976edc678d4be2bd371d056bf,source_id=insize.product_list;normalized_sku=0110-1125
INSIZE,0213-A500,1,oem_product_list,/home/shebahati/KaZar/Product and Data Complete/اندازه گیری/اینسایز/لیست محصولات.pdf,,sku_column,6973018c3eeaad81327c31084ff9185ac522573976edc678d4be2bd371d056bf,source_id=insize.product_list;normalized_sku=0213-A500
INSIZE,0215-A900,1,oem_product_list,/home/shebahati/KaZar/Product and Data Complete/اندازه گیری/اینسایز/لیست محصولات.pdf,,sku_column,6973018c3eeaad81327c31084ff9185ac522573976edc678d4be2bd371d056bf,source_id=insize.product_list;normalized_sku=0215-A900
INSIZE,0222-C520,1,oem_product_list,/home/shebahati/KaZar/Product and Data Complete/اندازه گیری/اینسایز/لیست محصولات.pdf,,sku_column,6973018c3eeaad81327c31084ff9185ac522573976edc678d4be2bd371d056bf,source_id=insize.product_list;normalized_sku=0222-C520
INSIZE,0312-TH50,1,oem_product_list,/home/shebahati/KaZar/Product and Data Complete/اندازه گیری/اینسایز/لیست محصولات.pdf,,sku_column,6973018c3eeaad81327c31084ff9185ac522573976edc678d4be2bd371d056bf,source_id=insize.product_list;normalized_sku=0312-TH50
INSIZE,1103-150,1,oem_product_list,/home/shebahati/KaZar/Product and Data Complete/اندازه گیری/اینسایز/لیست محصولات.pdf,,sku_column,6973018c3eeaad81327c31084ff9185ac522573976edc678d4be2bd371d056bf,source_id=insize.product_list;normalized_sku=1103-150
INSIZE,1103-200,1,oem_product_list,/home/shebahati/KaZar/Product and Data Complete/اندازه گیری/اینسایز/لیست محصولات.pdf,,sku_column,6973018c3eeaad81327c31084ff9185ac522573976edc678d4be2bd371d056bf,source_id=insize.product_list;normalized_sku=1103-200
INSIZE,1103-300,1,oem_product_list,/home/shebahati/KaZar/Product and Data Complete/اندازه گیری/اینسایز/لیست محصولات.pdf,,sku_column,6973018c3eeaad81327c31084ff9185ac522573976edc678d4be2bd371d056bf,source_id=insize.product_list;normalized_sku=1103-300
INSIZE,1106-1002,1,oem_product_list,/home/shebahati/KaZar/Product and Data Complete/اندازه گیری/اینسایز/لیست محصولات.pdf,,sku_column,6973018c3eeaad81327c31084ff9185ac522573976edc678d4be2bd371d056bf,source_id=insize.product_list;normalized_sku=1106-1002
INSIZE,1106-1005,1,oem_product_list,/home/shebahati/KaZar/Product and Data Complete/اندازه گیری/اینسایز/لیست محصولات.pdf,,sku_column,6973018c3eeaad81327c31084ff9185ac522573976edc678d4be2bd371d056bf,source_id=insize.product_list;normalized_sku=1106-1005
INSIZE,1106-1502,1,oem_product_list,/home/shebahati/KaZar/Product and Data Complete/اندازه گیری/اینسایز/لیست محصولات.pdf,,sku_column,6973018c3eeaad81327c31084ff9185ac522573976edc678d4be2bd371d056bf,source_id=insize.product_list;normalized_sku=1106-1502
INSIZE,1106-1503,1,oem_product_list,/home/shebahati/KaZar/Product and Data Complete/اندازه گیری/اینسایز/لیست محصولات.pdf,,sku_column,6973018c3eeaad81327c31084ff9185ac522573976edc678d4be2bd371d056bf,source_id=insize.product_list;normalized_sku=1106-1503
INSIZE,1106-2002,1,oem_product_list,/home/shebahati/KaZar/Product and Data Complete/اندازه گیری/اینسایز/لیست محصولات.pdf,,sku_column,6973018c3eeaad81327c31084ff9185ac522573976edc678d4be2bd371d056bf,source_id=insize.product_list;normalized_sku=1106-2002
INSIZE,1106-2003,1,oem_product_list,/home/shebahati/KaZar/Product and Data Complete/اندازه گیری/اینسایز/لیست محصولات.pdf,,sku_column,6973018c3eeaad81327c31084ff9185ac522573976edc678d4be2bd371d056bf,source_id=insize.product_list;normalized_sku=1106-2003
INSIZE,1106-301,1,oem_product_list,/home/shebahati/KaZar/Product and Data Complete/اندازه گیری/اینسایز/لیست محصولات.pdf,,sku_column,6973018c3eeaad81327c31084ff9185ac522573976edc678d4be2bd371d056bf,source_id=insize.product_list;normalized_sku=1106-301
INSIZE,1106-302,1,oem_product_list,/home/shebahati/KaZar/Product and Data Complete/اندازه گیری/اینسایز/لیست محصولات.pdf,,sku_column,6973018c3eeaad81327c31084ff9185ac522573976edc678d4be2bd371d056bf,source_id=insize.product_list;normalized_sku=1106-302
INSIZE,1106-501,1,oem_product_list,/home/shebahati/KaZar/Product and Data Complete/اندازه گیری/اینسایز/لیست محصولات.pdf,,sku_column,6973018c3eeaad81327c31084ff9185ac522573976edc678d4be2bd371d056bf,source_id=insize.product_list;normalized_sku=1106-501
INSIZE,1106-502,1,oem_product_list,/home/shebahati/KaZar/Product and Data Complete/اندازه گیری/اینسایز/لیست محصولات.pdf,,sku_column,6973018c3eeaad81327c31084ff9185ac522573976edc678d4be2bd371d056bf,source_id=insize.product_list;normalized_sku=1106-502
INSIZE,1106-503,1,oem_product_list,/home/shebahati/KaZar/Product and Data Complete/اندازه گیری/اینسایز/لیست محصولات.pdf,,sku_column,6973018c3eeaad81327c31084ff9185ac522573976edc678d4be2bd371d056bf,source_id=insize.product_list;normalized_sku=1106-503
INSIZE,1106-505,1,oem_product_list,/home/shebahati/KaZar/Product and Data Complete/اندازه گیری/اینسایز/لیست محصولات.pdf,,sku_column,6973018c3eeaad81327c31084ff9185ac522573976edc678d4be2bd371d056bf,source_id=insize.product_list;normalized_sku=1106-505
INSIZE,1106-601,1,oem_product_list,/home/shebahati/KaZar/Product and Data Complete/اندازه گیری/اینسایز/لیست محصولات.pdf,,sku_column,6973018c3eeaad81327c31084ff9185ac522573976edc678d4be2bd371d056bf,source_id=insize.product_list;normalized_sku=1106-601
INSIZE,1106-602,1,oem_product_list,/home/shebahati/KaZar/Product and Data Complete/اندازه گیری/اینسایز/لیست محصولات.pdf,,sku_column,6973018c3eeaad81327c31084ff9185ac522573976edc678d4be2bd371d056bf,source_id=insize.product_list;normalized_sku=1106-602
INSIZE,1106-603,1,oem_product_list,/home/shebahati/KaZar/Product and Data Complete/اندازه گیری/اینسایز/لیست محصولات.pdf,,sku_column,6973018c3eeaad81327c31084ff9185ac522573976edc678d4be2bd371d056bf,source_id=insize.product_list;normalized_sku=1106-603
INSIZE,1106-802,1,oem_product_list,/home/shebahati/KaZar/Product and Data Complete/اندازه گیری/اینسایز/لیست محصولات.pdf,,sku_column,6973018c3eeaad81327c31084ff9185ac522573976edc678d4be2bd371d056bf,source_id=insize.product_list;normalized_sku=1106-802
INSIZE,1108-150,1,oem_product_list,/home/shebahati/KaZar/Product and Data Complete/اندازه گیری/اینسایز/لیست محصولات.pdf,,sku_column,6973018c3eeaad81327c31084ff9185ac522573976edc678d4be2bd371d056bf,source_id=insize.product_list;normalized_sku=1108-150
INSIZE,1108-200,1,oem_product_list,/home/shebahati/KaZar/Product and Data Complete/اندازه گیری/اینسایز/لیست محصولات.pdf,,sku_column,6973018c3eeaad81327c31084ff9185ac522573976edc678d4be2bd371d056bf,source_id=insize.product_list;normalized_sku=1108-200
INSIZE,1108-300,1,oem_product_list,/home/shebahati/KaZar/Product and Data Complete/اندازه گیری/اینسایز/لیست محصولات.pdf,,sku_column,6973018c3eeaad81327c31084ff9185ac522573976edc678d4be2bd371d056bf,source_id=insize.product_list;normalized_sku=1108-300
INSIZE,1110-150A,1,oem_product_list,/home/shebahati/KaZar/Product and Data Complete/اندازه گیری/اینسایز/لیست محصولات.pdf,,sku_column,6973018c3eeaad81327c31084ff9185ac522573976edc678d4be2bd371d056bf,source_id=insize.product_list;normalized_sku=1110-150A
INSIZE,1110-300A,1,oem_product_list,/home/shebahati/KaZar/Product and Data Complete/اندازه گیری/اینسایز/لیست محصولات.pdf,,sku_column,6973018c3eeaad81327c31084ff9185ac522573976edc678d4be2bd371d056bf,source_id=insize.product_list;normalized_sku=1110-300A
INSIZE,1111-100,1,oem_product_list,/home/shebahati/KaZar/Product and Data Complete/اندازه گیری/اینسایز/لیست محصولات.pdf,,sku_column,6973018c3eeaad81327c31084ff9185ac522573976edc678d4be2bd371d056bf,source_id=insize.product_list;normalized_sku=1111-100
INSIZE,1111-75,1,oem_product_list,/home/shebahati/KaZar/Product and Data Complete/اندازه گیری/اینسایز/لیست محصولات.pdf,,sku_column,6973018c3eeaad81327c31084ff9185ac522573976edc678d4be2bd371d056bf,source_id=insize.product_list;normalized_sku=1111-75
INSIZE,1114-150,1,oem_product_list,/home/shebahati/KaZar/Product and Data Complete/اندازه گیری/اینسایز/لیست محصولات.pdf,,sku_column,6973018c3eeaad81327c31084ff9185ac522573976edc678d4be2bd371d056bf,source_id=insize.product_list;normalized_sku=1114-150
INSIZE,1114-200,1,oem_product_list,/home/shebahati/KaZar/Product and Data Complete/اندازه گیری/اینسایز/لیست محصولات.pdf,,sku_column,6973018c3eeaad81327c31084ff9185ac522573976edc678d4be2bd371d056bf,source_id=insize.product_list;normalized_sku=1114-200
INSIZE,1114-300,1,oem_product_list,/home/shebahati/KaZar/Product and Data Complete/اندازه گیری/اینسایز/لیست محصولات.pdf,,sku_column,6973018c3eeaad81327c31084ff9185ac522573976edc678d4be2bd371d056bf,source_id=insize.product_list;normalized_sku=1114-300
INSIZE,1115-150,1,oem_product_list,/home/shebahati/KaZar/Product and Data Complete/اندازه گیری/اینسایز/لیست محصولات.pdf,,sku_column,6973018c3eeaad81327c31084ff9185ac522573976edc678d4be2bd371d056bf,source_id=insize.product_list;normalized_sku=1115-150
INSIZE,1115-200,1,oem_product_list,/home/shebahati/KaZar/Product and Data Complete/اندازه گیری/اینسایز/لیست محصولات.pdf,,sku_column,6973018c3eeaad81327c31084ff9185ac522573976edc678d4be2bd371d056bf,source_id=insize.product_list;normalized_sku=1115-200
INSIZE,1115-300,1,oem_product_list,/home/shebahati/KaZar/Product and Data Complete/اندازه گیری/اینسایز/لیست محصولات.pdf,,sku_column,6973018c3eeaad81327c31084ff9185ac522573976edc678d4be2bd371d056bf,source_id=insize.product_list;normalized_sku=1115-300
INSIZE,1120-150,1,oem_product_list,/home/shebahati/KaZar/Product and Data Complete/اندازه گیری/اینسایز/لیست محصولات.pdf,,sku_column,6973018c3eeaad81327c31084ff9185ac522573976edc678d4be2bd371d056bf,source_id=insize.product_list;normalized_sku=1120-150
INSIZE,1120-200,1,oem_product_list,/home/shebahati/KaZar/Product and Data Complete/اندازه گیری/اینسایز/لیست محصولات.pdf,,sku_column,6973018c3eeaad81327c31084ff9185ac522573976edc678d4be2bd371d056bf,source_id=insize.product_list;normalized_sku=1120-200
INSIZE,1120-300,1,oem_product_list,/home/shebahati/KaZar/Product and Data Complete/اندازه گیری/اینسایز/لیست محصولات.pdf,,sku_column,6973018c3eeaad81327c31084ff9185ac522573976edc678d4be2bd371d056bf,source_id=insize.product_list;normalized_sku=1120-300
INSIZE,1120-500,1,oem_product_list,/home/shebahati/KaZar/Product and Data Complete/اندازه گیری/اینسایز/لیست محصولات.pdf,,sku_column,6973018c3eeaad81327c31084ff9185ac522573976edc678d4be2bd371d056bf,source_id=insize.product_list;normalized_sku=1120-500
INSIZE,1121-150,1,oem_product_list,/home/shebahati/KaZar/Product and Data Complete/اندازه گیری/اینسایز/لیست محصولات.pdf,,sku_column,6973018c3eeaad81327c31084ff9185ac522573976edc678d4be2bd371d056bf,source_id=insize.product_list;normalized_sku=1121-150
INSIZE,1122-300,1,oem_product_list,/home/shebahati/KaZar/Product and Data Complete/اندازه گیری/اینسایز/لیست محصولات.pdf,,sku_column,6973018c3eeaad81327c31084ff9185ac522573976edc678d4be2bd371d056bf,source_id=insize.product_list;normalized_sku=1122-300
INSIZE,1123-150,1,oem_product_list,/home/shebahati/KaZar/Product and Data Complete/اندازه گیری/اینسایز/لیست محصولات.pdf,,sku_column,6973018c3eeaad81327c31084ff9185ac522573976edc678d4be2bd371d056bf,source_id=insize.product_list;normalized_sku=1123-150
INSIZE,1123-300,1,oem_product_list,/home/shebahati/KaZar/Product and Data Complete/اندازه گیری/اینسایز/لیست محصولات.pdf,,sku_column,6973018c3eeaad81327c31084ff9185ac522573976edc678d4be2bd371d056bf,source_id=insize.product_list;normalized_sku=1123-300
INSIZE,1135-601,1,oem_product_list,/home/shebahati/KaZar/Product and Data Complete/اندازه گیری/اینسایز/لیست محصولات.pdf,,sku_column,6973018c3eeaad81327c31084ff9185ac522573976edc678d4be2bd371d056bf,source_id=insize.product_list;normalized_sku=1135-601
INSIZE,1136-501,1,oem_product_list,/home/shebahati/KaZar/Product and Data Complete/اندازه گیری/اینسایز/لیست محصولات.pdf,,sku_column,6973018c3eeaad81327c31084ff9185ac522573976edc678d4be2bd371d056bf,source_id=insize.product_list;normalized_sku=1136-501
INSIZE,1136-502,1,oem_product_list,/home/shebahati/KaZar/Product and Data Complete/اندازه گیری/اینسایز/لیست محصولات.pdf,,sku_column,6973018c3eeaad81327c31084ff9185ac522573976edc678d4be2bd371d056bf,source_id=insize.product_list;normalized_sku=1136-502
INSIZE,1136-503,1,oem_product_list,/home/shebahati/KaZar/Product and Data Complete/اندازه گیری/اینسایز/لیست محصولات.pdf,,sku_column,6973018c3eeaad81327c31084ff9185ac522573976edc678d4be2bd371d056bf,source_id=insize.product_list;normalized_sku=1136-503
INSIZE,1136-601,1,oem_product_list,/home/shebahati/KaZar/Product and Data Complete/اندازه گیری/اینسایز/لیست محصولات.pdf,,sku_column,6973018c3eeaad81327c31084ff9185ac522573976edc678d4be2bd371d056bf,source_id=insize.product_list;normalized_sku=1136-601
INSIZE,1140-100,1,oem_product_list,/home/shebahati/KaZar/Product and Data Complete/اندازه گیری/اینسایز/لیست محصولات.pdf,,sku_column,6973018c3eeaad81327c31084ff9185ac522573976edc678d4be2bd371d056bf,source_id=insize.product_list;normalized_sku=1140-100
INSIZE,1140-150,1,oem_product_list,/home/shebahati/KaZar/Product and Data Complete/اندازه گیری/اینسایز/لیست محصولات.pdf,,sku_column,6973018c3eeaad81327c31084ff9185ac522573976edc678d4be2bd371d056bf,source_id=insize.product_list;normalized_sku=1140-150
INSIZE,1140-25,1,oem_product_list,/home/shebahati/KaZar/Product and Data Complete/اندازه گیری/اینسایز/لیست محصولات.pdf,,sku_column,6973018c3eeaad81327c31084ff9185ac522573976edc678d4be2bd371d056bf,source_id=insize.product_list;normalized_sku=1140-25
INSIZE,1140-50,1,oem_product_list,/home/shebahati/KaZar/Product and Data Complete/اندازه گیری/اینسایز/لیست محصولات.pdf,,sku_column,6973018c3eeaad81327c31084ff9185ac522573976edc678d4be2bd371d056bf,source_id=insize.product_list;normalized_sku=1140-50
INSIZE,1141-1000,1,oem_product_list,/home/shebahati/KaZar/Product and Data Complete/اندازه گیری/اینسایز/لیست محصولات.pdf,,sku_column,6973018c3eeaad81327c31084ff9185ac522573976edc678d4be2bd371d056bf,source_id=insize.product_list;normalized_sku=1141-1000
INSIZE,1141-150,1,oem_product_list,/home/shebahati/KaZar/Product and Data Complete/اندازه گیری/اینسایز/لیست محصولات.pdf,,sku_column,6973018c3eeaad81327c31084ff9185ac522573976edc678d4be2bd371d056bf,source_id=insize.product_list;normalized_sku=1141-150
INSIZE,1141-200,1,oem_product_list,/home/shebahati/KaZar/Product and Data Complete/اندازه گیری/اینسایز/لیست محصولات.pdf,,sku_column,6973018c3eeaad81327c31084ff9185ac522573976edc678d4be2bd371d056bf,source_id=insize.product_list;normalized_sku=1141-200
INSIZE,1141-300,1,oem_product_list,/home/shebahati/KaZar/Product and Data Complete/اندازه گیری/اینسایز/لیست محصولات.pdf,,sku_column,6973018c3eeaad81327c31084ff9185ac522573976edc678d4be2bd371d056bf,source_id=insize.product_list;normalized_sku=1141-300
INSIZE,1141-500,1,oem_product_list,/home/shebahati/KaZar/Product and Data Complete/اندازه گیری/اینسایز/لیست محصولات.pdf,,sku_column,6973018c3eeaad81327c31084ff9185ac522573976edc678d4be2bd371d056bf,source_id=insize.product_list;normalized_sku=1141-500
INSIZE,1142-150,1,oem_product_list,/home/shebahati/KaZar/Product and Data Complete/اندازه گیری/اینسایز/لیست محصولات.pdf,,sku_column,6973018c3eeaad81327c31084ff9185ac522573976edc678d4be2bd371d056bf,source_id=insize.product_list;normalized_sku=1142-150
INSIZE,1142-200,1,oem_product_list,/home/shebahati/KaZar/Product and Data Complete/اندازه گیری/اینسایز/لیست محصولات.pdf,,sku_column,6973018c3eeaad81327c31084ff9185ac522573976edc678d4be2bd371d056bf,source_id=insize.product_list;normalized_sku=1142-200
INSIZE,1142-300,1,oem_product_list,/home/shebahati/KaZar/Product and Data Complete/اندازه گیری/اینسایز/لیست محصولات.pdf,,sku_column,6973018c3eeaad81327c31084ff9185ac522573976edc678d4be2bd371d056bf,source_id=insize.product_list;normalized_sku=1142-300
INSIZE,1144-150,1,oem_product_list,/home/shebahati/KaZar/Product and Data Complete/اندازه گیری/اینسایز/لیست محصولات.pdf,,sku_column,6973018c3eeaad81327c31084ff9185ac522573976edc678d4be2bd371d056bf,source_id=insize.product_list;normalized_sku=1144-150
INSIZE,1144-200,1,oem_product_list,/home/shebahati/KaZar/Product and Data Complete/اندازه گیری/اینسایز/لیست محصولات.pdf,,sku_column,6973018c3eeaad81327c31084ff9185ac522573976edc678d4be2bd371d056bf,source_id=insize.product_list;normalized_sku=1144-200
INSIZE,1144-300,1,oem_product_list,/home/shebahati/KaZar/Product and Data Complete/اندازه گیری/اینسایز/لیست محصولات.pdf,,sku_column,6973018c3eeaad81327c31084ff9185ac522573976edc678d4be2bd371d056bf,source_id=insize.product_list;normalized_sku=1144-300
INSIZE,1145-25,1,oem_product_list,/home/shebahati/KaZar/Product and Data Complete/اندازه گیری/اینسایز/لیست محصولات.pdf,,sku_column,6973018c3eeaad81327c31084ff9185ac522573976edc678d4be2bd371d056bf,source_id=insize.product_list;normalized_sku=1145-25
INSIZE,1150-1000,1,oem_product_list,/home/shebahati/KaZar/Product and Data Complete/اندازه گیری/اینسایز/لیست محصولات.pdf,,sku_column,6973018c3eeaad81327c31084ff9185ac522573976edc678d4be2bd371d056bf,source_id=insize.product_list;normalized_sku=1150-1000
INSIZE,1150-300,1,oem_product_list,/home/shebahati/KaZar/Product and Data Complete/اندازه گیری/اینسایز/لیست محصولات.pdf,,sku_column,6973018c3eeaad81327c31084ff9185ac522573976edc678d4be2bd371d056bf,source_id=insize.product_list;normalized_sku=1150-300
INSIZE,1150-500,1,oem_product_list,/home/shebahati/KaZar/Product and Data Complete/اندازه گیری/اینسایز/لیست محصولات.pdf,,sku_column,6973018c3eeaad81327c31084ff9185ac522573976edc678d4be2bd371d056bf,source_id=insize.product_list;normalized_sku=1150-500
INSIZE,1150-600,1,oem_product_list,/home/shebahati/KaZar/Product and Data Complete/اندازه گیری/اینسایز/لیست محصولات.pdf,,sku_column,6973018c3eeaad81327c31084ff9185ac522573976edc678d4be2bd371d056bf,source_id=insize.product_list;normalized_sku=1150-600
INSIZE,1151-300,1,oem_product_list,/home/shebahati/KaZar/Product and Data Complete/اندازه گیری/اینسایز/لیست محصولات.pdf,,sku_column,6973018c3eeaad81327c31084ff9185ac522573976edc678d4be2bd371d056bf,source_id=insize.product_list;normalized_sku=1151-300
INSIZE,1151-600,1,oem_product_list,/home/shebahati/KaZar/Product and Data Complete/اندازه گیری/اینسایز/لیست محصولات.pdf,,sku_column,6973018c3eeaad81327c31084ff9185ac522573976edc678d4be2bd371d056bf,source_id=insize.product_list;normalized_sku=1151-600
INSIZE,1156-1000,1,oem_product_list,/home/shebahati/KaZar/Product and Data Complete/اندازه گیری/اینسایز/لیست محصولات.pdf,,sku_column,6973018c3eeaad81327c31084ff9185ac522573976edc678d4be2bd371d056bf,source_id=insize.product_list;normalized_sku=1156-1000
INSIZE,1156-300,1,oem_product_list,/home/shebahati/KaZar/Product and Data Complete/اندازه گیری/اینسایز/لیست محصولات.pdf,,sku_column,6973018c3eeaad81327c31084ff9185ac522573976edc678d4be2bd371d056bf,source_id=insize.product_list;normalized_sku=1156-300
INSIZE,1156-600,1,oem_product_list,/home/shebahati/KaZar/Product and Data Complete/اندازه گیری/اینسایز/لیست محصولات.pdf,,sku_column,6973018c3eeaad81327c31084ff9185ac522573976edc678d4be2bd371d056bf,source_id=insize.product_list;normalized_sku=1156-600
INSIZE,1161-150,1,oem_product_list,/home/shebahati/KaZar/Product and Data Complete/اندازه گیری/اینسایز/لیست محصولات.pdf,,sku_column,6973018c3eeaad81327c31084ff9185ac522573976edc678d4be2bd371d056bf,source_id=insize.product_list;normalized_sku=1161-150
INSIZE,1169-150,1,oem_product_list,/home/shebahati/KaZar/Product and Data Complete/اندازه گیری/اینسایز/لیست محصولات.pdf,,sku_column,6973018c3eeaad81327c31084ff9185ac522573976edc678d4be2bd371d056bf,source_id=insize.product_list;normalized_sku=1169-150
INSIZE,1170-300,1,oem_product_list,/home/shebahati/KaZar/Product and Data Complete/اندازه گیری/اینسایز/لیست محصولات.pdf,,sku_column,6973018c3eeaad81327c31084ff9185ac522573976edc678d4be2bd371d056bf,source_id=insize.product_list;normalized_sku=1170-300
INSIZE,1172-200,1,oem_product_list,/home/shebahati/KaZar/Product and Data Complete/اندازه گیری/اینسایز/لیست محصولات.pdf,,sku_column,6973018c3eeaad81327c31084ff9185ac522573976edc678d4be2bd371d056bf,source_id=insize.product_list;normalized_sku=1172-200
INSIZE,1176-150,1,oem_product_list,/home/shebahati/KaZar/Product and Data Complete/اندازه گیری/اینسایز/لیست محصولات.pdf,,sku_column,6973018c3eeaad81327c31084ff9185ac522573976edc678d4be2bd371d056bf,source_id=insize.product_list;normalized_sku=1176-150
INSIZE,1176-200,1,oem_product_list,/home/shebahati/KaZar/Product and Data Complete/اندازه گیری/اینسایز/لیست محصولات.pdf,,sku_column,6973018c3eeaad81327c31084ff9185ac522573976edc678d4be2bd371d056bf,source_id=insize.product_list;normalized_sku=1176-200
INSIZE,1178-300,1,oem_product_list,/home/shebahati/KaZar/Product and Data Complete/اندازه گیری/اینسایز/لیست محصولات.pdf,,sku_column,6973018c3eeaad81327c31084ff9185ac522573976edc678d4be2bd371d056bf,source_id=insize.product_list;normalized_sku=1178-300
INSIZE,1180-6,1,oem_product_list,/home/shebahati/KaZar/Product and Data Complete/اندازه گیری/اینسایز/لیست محصولات.pdf,,sku_column,6973018c3eeaad81327c31084ff9185ac522573976edc678d4be2bd371d056bf,source_id=insize.product_list;normalized_sku=1180-6
INSIZE,1181-M25A,1,oem_product_list,/home/shebahati/KaZar/Product and Data Complete/اندازه گیری/اینسایز/لیست محصولات.pdf,,sku_column,6973018c3eeaad81327c31084ff9185ac522573976edc678d4be2bd371d056bf,source_id=insize.product_list;normalized_sku=1181-M25A
INSIZE,1181-M50A,1,oem_product_list,/home/shebahati/KaZar/Product and Data Complete/اندازه گیری/اینسایز/لیست محصولات.pdf,,sku_column,6973018c3eeaad81327c31084ff9185ac522573976edc678d4be2bd371d056bf,source_id=insize.product_list;normalized_sku=1181-M50A
INSIZE,1183-150,1,oem_product_list,/home/shebahati/KaZar/Product and Data Complete/اندازه گیری/اینسایز/لیست محصولات.pdf,,sku_column,6973018c3eeaad81327c31084ff9185ac522573976edc678d4be2bd371d056bf,source_id=insize.product_list;normalized_sku=1183-150
INSIZE,1185-150,1,oem_product_list,/home/shebahati/KaZar/Product and Data Complete/اندازه گیری/اینسایز/لیست محصولات.pdf,,sku_column,6973018c3eeaad81327c31084ff9185ac522573976edc678d4be2bd371d056bf,source_id=insize.product_list;normalized_sku=1185-150
INSIZE,1186-150,1,oem_product_list,/home/shebahati/KaZar/Product and Data Complete/اندازه گیری/اینسایز/لیست محصولات.pdf,,sku_column,6973018c3eeaad81327c31084ff9185ac522573976edc678d4be2bd371d056bf,source_id=insize.product_list;normalized_sku=1186-150
INSIZE,1186-200,1,oem_product_list,/home/shebahati/KaZar/Product and Data Complete/اندازه گیری/اینسایز/لیست محصولات.pdf,,sku_column,6973018c3eeaad81327c31084ff9185ac522573976edc678d4be2bd371d056bf,source_id=insize.product_list;normalized_sku=1186-200
INSIZE,1186-300,1,oem_product_list,/home/shebahati/KaZar/Product and Data Complete/اندازه گیری/اینسایز/لیست محصولات.pdf,,sku_column,6973018c3eeaad81327c31084ff9185ac522573976edc678d4be2bd371d056bf,source_id=insize.product_list;normalized_sku=1186-300
INSIZE,1187-150,1,oem_product_list,/home/shebahati/KaZar/Product and Data Complete/اندازه گیری/اینسایز/لیست محصولات.pdf,,sku_column,6973018c3eeaad81327c31084ff9185ac522573976edc678d4be2bd371d056bf,source_id=insize.product_list;normalized_sku=1187-150
INSIZE,1188-150,1,oem_product_list,/home/shebahati/KaZar/Product and Data Complete/اندازه گیری/اینسایز/لیست محصولات.pdf,,sku_column,6973018c3eeaad81327c31084ff9185ac522573976edc678d4be2bd371d056bf,source_id=insize.product_list;normalized_sku=1188-150
INSIZE,1196-300,1,oem_product_list,/home/shebahati/KaZar/Product and Data Complete/اندازه گیری/اینسایز/لیست محصولات.pdf,,sku_column,6973018c3eeaad81327c31084ff9185ac522573976edc678d4be2bd371d056bf,source_id=insize.product_list;normalized_sku=1196-300
INSIZE,1201-1003,1,oem_product_list,/home/shebahati/KaZar/Product and Data Complete/اندازه گیری/اینسایز/لیست محصولات.pdf,,sku_column,6973018c3eeaad81327c31084ff9185ac522573976edc678d4be2bd371d056bf,source_id=insize.product_list;normalized_sku=1201-1003
INSIZE,1203-1003,1,oem_product_list,/home/shebahati/KaZar/Product and Data Complete/اندازه گیری/اینسایز/لیست محصولات.pdf,,sku_column,6973018c3eeaad81327c31084ff9185ac522573976edc678d4be2bd371d056bf,source_id=insize.product_list;normalized_sku=1203-1003
INSIZE,1204-70,1,oem_product_list,/home/shebahati/KaZar/Product and Data Complete/اندازه گیری/اینسایز/لیست محصولات.pdf,,sku_column,6973018c3eeaad81327c31084ff9185ac522573976edc678d4be2bd371d056bf,source_id=insize.product_list;normalized_sku=1204-70
INSIZE,1205-1502,1,oem_product_list,/home/shebahati/KaZar/Product and Data Complete/اندازه گیری/اینسایز/لیست محصولات.pdf,,sku_column,6973018c3eeaad81327c31084ff9185ac522573976edc678d4be2bd371d056bf,source_id=insize.product_list;normalized_sku=1205-1502
INSIZE,1205-150S,1,oem_product_list,/home/shebahati/KaZar/Product and Data Complete/اندازه گیری/اینسایز/لیست محصولات.pdf,,sku_column,6973018c3eeaad81327c31084ff9185ac522573976edc678d4be2bd371d056bf,source_id=insize.product_list;normalized_sku=1205-150S
INSIZE,1205-2002,1,oem_product_list,/home/shebahati/KaZar/Product and Data Complete/اندازه گیری/اینسایز/لیست محصولات.pdf,,sku_column,6973018c3eeaad81327c31084ff9185ac522573976edc678d4be2bd371d056bf,source_id=insize.product_list;normalized_sku=1205-2002
INSIZE,1205-200S,1,oem_product_list,/home/shebahati/KaZar/Product and Data Complete/اندازه گیری/اینسایز/لیست محصولات.pdf,,sku_column,6973018c3eeaad81327c31084ff9185ac522573976edc678d4be2bd371d056bf,source_id=insize.product_list;normalized_sku=1205-200S
INSIZE,1205-3002,1,oem_product_list,/home/shebahati/KaZar/Product and Data Complete/اندازه گیری/اینسایز/لیست محصولات.pdf,,sku_column,6973018c3eeaad81327c31084ff9185ac522573976edc678d4be2bd371d056bf,source_id=insize.product_list;normalized_sku=1205-3002
INSIZE,1205-300S,1,oem_product_list,/home/shebahati/KaZar/Product and Data Complete/اندازه گیری/اینسایز/لیست محصولات.pdf,,sku_column,6973018c3eeaad81327c31084ff9185ac522573976edc678d4be2bd371d056bf,source_id=insize.product_list;normalized_sku=1205-300S
INSIZE,1208-511,1,oem_product_list,/home/shebahati/KaZar/Product and Data Complete/اندازه گیری/اینسایز/لیست محصولات.pdf,,sku_column,6973018c3eeaad81327c31084ff9185ac522573976edc678d4be2bd371d056bf,source_id=insize.product_list;normalized_sku=1208-511
INSIZE,1208-524,1,oem_product_list,/home/shebahati/KaZar/Product and Data Complete/اندازه گیری/اینسایز/لیست محصولات.pdf,,sku_column,6973018c3eeaad81327c31084ff9185ac522573976edc678d4be2bd371d056bf,source_id=insize.product_list;normalized_sku=1208-524
INSIZE,1208-824,1,oem_product_list,/home/shebahati/KaZar/Product and Data Complete/اندازه گیری/اینسایز/لیست محصولات.pdf,,sku_column,6973018c3eeaad81327c31084ff9185ac522573976edc678d4be2bd371d056bf,source_id=insize.product_list;normalized_sku=1208-824
INSIZE,1214-1000,1,oem_product_list,/home/shebahati/KaZar/Product and Data Complete/اندازه گیری/اینسایز/لیست محصولات.pdf,,sku_column,6973018c3eeaad81327c31084ff9185ac522573976edc678d4be2bd371d056bf,source_id=insize.product_list;normalized_sku=1214-1000
INSIZE,1214-1500,1,oem_product_list,/home/shebahati/KaZar/Product and Data Complete/اندازه گیری/اینسایز/لیست محصولات.pdf,,sku_column,6973018c3eeaad81327c31084ff9185ac522573976edc678d4be2bd371d056bf,source_id=insize.product_list;normalized_sku=1214-1500
INSIZE,1214-2000,1,oem_product_list,/home/shebahati/KaZar/Product and Data Complete/اندازه گیری/اینسایز/لیست محصولات.pdf,,sku_column,6973018c3eeaad81327c31084ff9185ac522573976edc678d4be2bd371d056bf,source_id=insize.product_list;normalized_sku=1214-2000
INSIZE,1214-500,1,oem_product_list,/home/shebahati/KaZar/Product and Data Complete/اندازه گیری/اینسایز/لیست محصولات.pdf,,sku_column,6973018c3eeaad81327c31084ff9185ac522573976edc678d4be2bd371d056bf,source_id=insize.product_list;normalized_sku=1214-500
INSIZE,1214-600,1,oem_product_list,/home/shebahati/KaZar/Product and Data Complete/اندازه گیری/اینسایز/لیست محصولات.pdf,,sku_column,6973018c3eeaad81327c31084ff9185ac522573976edc678d4be2bd371d056bf,source_id=insize.product_list;normalized_sku=1214-600
INSIZE,1215-1032,1,oem_product_list,/home/shebahati/KaZar/Product and Data Complete/اندازه گیری/اینسایز/لیست محصولات.pdf,,sku_column,6973018c3eeaad81327c31084ff9185ac522573976edc678d4be2bd371d056bf,source_id=insize.product_list;normalized_sku=1215-1032
INSIZE,1215-1052,1,oem_product_list,/home/shebahati/KaZar/Product and Data Complete/اندازه گیری/اینسایز/لیست محصولات.pdf,,sku_column,6973018c3eeaad81327c31084ff9185ac522573976edc678d4be2bd371d056bf,source_id=insize.product_list;normalized_sku=1215-1052
INSIZE,1215-322,1,oem_product_list,/home/shebahati/KaZar/Product and Data Complete/اندازه گیری/اینسایز/لیست محصولات.pdf,,sku_column,6973018c3eeaad81327c31084ff9185ac522573976edc678d4be2bd371d056bf,source_id=insize.product_list;normalized_sku=1215-322
INSIZE,1215-392,1,oem_product_list,/home/shebahati/KaZar/Product and Data Complete/اندازه گیری/اینسایز/لیست محصولات.pdf,,sku_column,6973018c3eeaad81327c31084ff9185ac522573976edc678d4be2bd371d056bf,source_id=insize.product_list;normalized_sku=1215-392
INSIZE,1215-522,1,oem_product_list,/home/shebahati/KaZar/Product and Data Complete/اندازه گیری/اینسایز/لیست محصولات.pdf,,sku_column,6973018c3eeaad81327c31084ff9185ac522573976edc678d4be2bd371d056bf,source_id=insize.product_list;normalized_sku=1215-522
INSIZE,1215-532,1,oem_product_list,/home/shebahati/KaZar/Product and Data Complete/اندازه گیری/اینسایز/لیست محصولات.pdf,,sku_column,6973018c3eeaad81327c31084ff9185ac522573976edc678d4be2bd371d056bf,source_id=insize.product_list;normalized_sku=1215-532
INSIZE,1215-622,1,oem_product_list,/home/shebahati/KaZar/Product and Data Complete/اندازه گیری/اینسایز/لیست محصولات.pdf,,sku_column,6973018c3eeaad81327c31084ff9185ac522573976edc678d4be2bd371d056bf,source_id=insize.product_list;normalized_sku=1215-622
INSIZE,1215-822,1,oem_product_list,/home/shebahati/KaZar/Product and Data Complete/اندازه گیری/اینسایز/لیست محصولات.pdf,,sku_column,6973018c3eeaad81327c31084ff9185ac522573976edc678d4be2bd371d056bf,source_id=insize.product_list;normalized_sku=1215-822
INSIZE,1217-3001,1,oem_product_list,/home/shebahati/KaZar/Product and Data Complete/اندازه گیری/اینسایز/لیست محصولات.pdf,,sku_column,6973018c3eeaad81327c31084ff9185ac522573976edc678d4be2bd371d056bf,source_id=insize.product_list;normalized_sku=1217-3001
INSIZE,1236-394,1,oem_product_list,/home/shebahati/KaZar/Product and Data Complete/اندازه گیری/اینسایز/لیست محصولات.pdf,,sku_column,6973018c3eeaad81327c31084ff9185ac522573976edc678d4be2bd371d056bf,source_id=insize.product_list;normalized_sku=1236-394
INSIZE,1236-524,1,oem_product_list,/home/shebahati/KaZar/Product and Data Complete/اندازه گیری/اینسایز/لیست محصولات.pdf,,sku_column,6973018c3eeaad81327c31084ff9185ac522573976edc678d4be2bd371d056bf,source_id=insize.product_list;normalized_sku=1236-524
INSIZE,1240-1501,1,oem_product_list,/home/shebahati/KaZar/Product and Data Complete/اندازه گیری/اینسایز/لیست محصولات.pdf,,sku_column,6973018c3eeaad81327c31084ff9185ac522573976edc678d4be2bd371d056bf,source_id=insize.product_list;normalized_sku=1240-1501
INSIZE,1240-2001,1,oem_product_list,/home/shebahati/KaZar/Product and Data Complete/اندازه گیری/اینسایز/لیست محصولات.pdf,,sku_column,6973018c3eeaad81327c31084ff9185ac522573976edc678d4be2bd371d056bf,source_id=insize.product_list;normalized_sku=1240-2001
INSIZE,1240-3001,1,oem_product_list,/home/shebahati/KaZar/Product and Data Complete/اندازه گیری/اینسایز/لیست محصولات.pdf,,sku_column,6973018c3eeaad81327c31084ff9185ac522573976edc678d4be2bd371d056bf,source_id=insize.product_list;normalized_sku=1240-3001
INSIZE,1240-5001,1,oem_product_list,/home/shebahati/KaZar/Product and Data Complete/اندازه گیری/اینسایز/لیست محصولات.pdf,,sku_column,6973018c3eeaad81327c31084ff9185ac522573976edc678d4be2bd371d056bf,source_id=insize.product_list;normalized_sku=1240-5001
INSIZE,1244-30,1,oem_product_list,/home/shebahati/KaZar/Product and Data Complete/اندازه گیری/اینسایز/لیست محصولات.pdf,,sku_column,6973018c3eeaad81327c31084ff9185ac522573976edc678d4be2bd371d056bf,source_id=insize.product_list;normalized_sku=1244-30
INSIZE,1250-300,1,oem_product_list,/home/shebahati/KaZar/Product and Data Complete/اندازه گیری/اینسایز/لیست محصولات.pdf,,sku_column,6973018c3eeaad81327c31084ff9185ac522573976edc678d4be2bd371d056bf,source_id=insize.product_list;normalized_sku=1250-300
INSIZE,1250-600,1,oem_product_list,/home/shebahati/KaZar/Product and Data Complete/اندازه گیری/اینسایز/لیست محصولات.pdf,,sku_column,6973018c3eeaad81327c31084ff9185ac522573976edc678d4be2bd371d056bf,source_id=insize.product_list;normalized_sku=1250-600
INSIZE,1281-M26A,1,oem_product_list,/home/shebahati/KaZar/Product and Data Complete/اندازه گیری/اینسایز/لیست محصولات.pdf,,sku_column,6973018c3eeaad81327c31084ff9185ac522573976edc678d4be2bd371d056bf,source_id=insize.product_list;normalized_sku=1281-M26A
INSIZE,1311-150,1,oem_product_list,/home/shebahati/KaZar/Product and Data Complete/اندازه گیری/اینسایز/لیست محصولات.pdf,,sku_column,6973018c3eeaad81327c31084ff9185ac522573976edc678d4be2bd371d056bf,source_id=insize.product_list;normalized_sku=1311-150
INSIZE,1311-200,1,oem_product_list,/home/shebahati/KaZar/Product and Data Complete/اندازه گیری/اینسایز/لیست محصولات.pdf,,sku_column,6973018c3eeaad81327c31084ff9185ac522573976edc678d4be2bd371d056bf,source_id=insize.product_list;normalized_sku=1311-200
INSIZE,1311-300,1,oem_product_list,/home/shebahati/KaZar/Product and Data Complete/اندازه گیری/اینسایز/لیست محصولات.pdf,,sku_column,6973018c3eeaad81327c31084ff9185ac522573976edc678d4be2bd371d056bf,source_id=insize.product_list;normalized_sku=1311-300
INSIZE,1312-150,1,oem_product_list,/home/shebahati/KaZar/Product and Data Complete/اندازه گیری/اینسایز/لیست محصولات.pdf,,sku_column,6973018c3eeaad81327c31084ff9185ac522573976edc678d4be2bd371d056bf,source_id=insize.product_list;normalized_sku=1312-150
INSIZE,1312-200,1,oem_product_list,/home/shebahati/KaZar/Product and Data Complete/اندازه گیری/اینسایز/لیست محصولات.pdf,,sku_column,6973018c3eeaad81327c31084ff9185ac522573976edc678d4be2bd371d056bf,source_id=insize.product_list;normalized_sku=1312-200
INSIZE,1312-300,1,oem_product_list,/home/shebahati/KaZar/Product and Data Complete/اندازه گیری/اینسایز/لیست محصولات.pdf,,sku_column,6973018c3eeaad81327c31084ff9185ac522573976edc678d4be2bd371d056bf,source_id=insize.product_list;normalized_sku=1312-300
INSIZE,1316-500,1,oem_product_list,/home/shebahati/KaZar/Product and Data Complete/اندازه گیری/اینسایز/لیست محصولات.pdf,,sku_column,6973018c3eeaad81327c31084ff9185ac522573976edc678d4be2bd371d056bf,source_id=insize.product_list;normalized_sku=1316-500
INSIZE,1340-150,1,oem_product_list,/home/shebahati/KaZar/Product and Data Complete/اندازه گیری/اینسایز/لیست محصولات.pdf,,sku_column,6973018c3eeaad81327c31084ff9185ac522573976edc678d4be2bd371d056bf,source_id=insize.product_list;normalized_sku=1340-150
INSIZE,1340-200,1,oem_product_list,/home/shebahati/KaZar/Product and Data Complete/اندازه گیری/اینسایز/لیست محصولات.pdf,,sku_column,6973018c3eeaad81327c31084ff9185ac522573976edc678d4be2bd371d056bf,source_id=insize.product_list;normalized_sku=1340-200
INSIZE,1340-300,1,oem_product_list,/home/shebahati/KaZar/Product and Data Complete/اندازه گیری/اینسایز/لیست محصولات.pdf,,sku_column,6973018c3eeaad81327c31084ff9185ac522573976edc678d4be2bd371d056bf,source_id=insize.product_list;normalized_sku=1340-300
INSIZE,1520-150,1,oem_product_list,/home/shebahati/KaZar/Product and Data Complete/اندازه گیری/اینسایز/لیست محصولات.pdf,,sku_column,6973018c3eeaad81327c31084ff9185ac522573976edc678d4be2bd371d056bf,source_id=insize.product_list;normalized_sku=1520-150
INSIZE,1530-300,1,oem_product_list,/home/shebahati/KaZar/Product and Data Complete/اندازه گیری/اینسایز/لیست محصولات.pdf,,sku_column,6973018c3eeaad81327c31084ff9185ac522573976edc678d4be2bd371d056bf,source_id=insize.product_list;normalized_sku=1530-300
INSIZE,1530-500,1,oem_product_list,/home/shebahati/KaZar/Product and Data Complete/اندازه گیری/اینسایز/لیست محصولات.pdf,,sku_column,6973018c3eeaad81327c31084ff9185ac522573976edc678d4be2bd371d056bf,source_id=insize.product_list;normalized_sku=1530-500
INSIZE,2103-10,1,oem_product_list,/home/shebahati/KaZar/Product and Data Complete/اندازه گیری/اینسایز/لیست محصولات.pdf,,sku_column,6973018c3eeaad81327c31084ff9185ac522573976edc678d4be2bd371d056bf,source_id=insize.product_list;normalized_sku=2103-10
INSIZE,2112-10,1,oem_product_list,/home/shebahati/KaZar/Product and Data Complete/اندازه گیری/اینسایز/لیست محصولات.pdf,,sku_column,6973018c3eeaad81327c31084ff9185ac522573976edc678d4be2bd371d056bf,source_id=insize.product_list;normalized_sku=2112-10
INSIZE,2112-101,1,oem_product_list,/home/shebahati/KaZar/Product and Data Complete/اندازه گیری/اینسایز/لیست محصولات.pdf,,sku_column,6973018c3eeaad81327c31084ff9185ac522573976edc678d4be2bd371d056bf,source_id=insize.product_list;normalized_sku=2112-101
INSIZE,2112-25,1,oem_product_list,/home/shebahati/KaZar/Product and Data Complete/اندازه گیری/اینسایز/لیست محصولات.pdf,,sku_column,6973018c3eeaad81327c31084ff9185ac522573976edc678d4be2bd371d056bf,source_id=insize.product_list;normalized_sku=2112-25
INSIZE,2112-251,1,oem_product_list,/home/shebahati/KaZar/Product and Data Complete/اندازه گیری/اینسایز/لیست محصولات.pdf,,sku_column,6973018c3eeaad81327c31084ff9185ac522573976edc678d4be2bd371d056bf,source_id=insize.product_list;normalized_sku=2112-251
INSIZE,2112-50,1,oem_product_list,/home/shebahati/KaZar/Product and Data Complete/اندازه گیری/اینسایز/لیست محصولات.pdf,,sku_column,6973018c3eeaad81327c31084ff9185ac522573976edc678d4be2bd371d056bf,source_id=insize.product_list;normalized_sku=2112-50
INSIZE,2112-501,1,oem_product_list,/home/shebahati/KaZar/Product and Data Complete/اندازه گیری/اینسایز/لیست محصولات.pdf,,sku_column,6973018c3eeaad81327c31084ff9185ac522573976edc678d4be2bd371d056bf,source_id=insize.product_list;normalized_sku=2112-501
INSIZE,2114-5F,1,oem_product_list,/home/shebahati/KaZar/Product and Data Complete/اندازه گیری/اینسایز/لیست محصولات.pdf,,sku_column,6973018c3eeaad81327c31084ff9185ac522573976edc678d4be2bd371d056bf,source_id=insize.product_list;normalized_sku=2114-5F
INSIZE,2115-10,1,oem_product_list,/home/shebahati/KaZar/Product and Data Complete/اندازه گیری/اینسایز/لیست محصولات.pdf,,sku_column,6973018c3eeaad81327c31084ff9185ac522573976edc678d4be2bd371d056bf,source_id=insize.product_list;normalized_sku=2115-10
INSIZE,2115-25,1,oem_product_list,/home/shebahati/KaZar/Product and Data Complete/اندازه گیری/اینسایز/لیست محصولات.pdf,,sku_column,6973018c3eeaad81327c31084ff9185ac522573976edc678d4be2bd371d056bf,source_id=insize.product_list;normalized_sku=2115-25
INSIZE,2118-10,1,oem_product_list,/home/shebahati/KaZar/Product and Data Complete/اندازه گیری/اینسایز/لیست محصولات.pdf,,sku_column,6973018c3eeaad81327c31084ff9185ac522573976edc678d4be2bd371d056bf,source_id=insize.product_list;normalized_sku=2118-10
INSIZE,2121-25,1,oem_product_list,/home/shebahati/KaZar/Product and Data Complete/اندازه گیری/اینسایز/لیست محصولات.pdf,,sku_column,6973018c3eeaad81327c31084ff9185ac522573976edc678d4be2bd371d056bf,source_id=insize.product_list;normalized_sku=2121-25
INSIZE,2122-160,1,oem_product_list,/home/shebahati/KaZar/Product and Data Complete/اندازه گیری/اینسایز/لیست محصولات.pdf,,sku_column,6973018c3eeaad81327c31084ff9185ac522573976edc678d4be2bd371d056bf,source_id=insize.product_list;normalized_sku=2122-160
INSIZE,2122-35,1,oem_product_list,/home/shebahati/KaZar/Product and Data Complete/اندازه گیری/اینسایز/لیست محصولات.pdf,,sku_column,6973018c3eeaad81327c31084ff9185ac522573976edc678d4be2bd371d056bf,source_id=insize.product_list;normalized_sku=2122-35
INSIZE,2122-60,1,oem_product_list,/home/shebahati/KaZar/Product and Data Complete/اندازه گیری/اینسایز/لیست محصولات.pdf,,sku_column,6973018c3eeaad81327c31084ff9185ac522573976edc678d4be2bd371d056bf,source_id=insize.product_list;normalized_sku=2122-60
INSIZE,2132-20,1,oem_product_list,/home/shebahati/KaZar/Product and Data Complete/اندازه گیری/اینسایز/لیست محصولات.pdf,,sku_column,6973018c3eeaad81327c31084ff9185ac522573976edc678d4be2bd371d056bf,source_id=insize.product_list;normalized_sku=2132-20
INSIZE,2141-202,1,oem_product_list,/home/shebahati/KaZar/Product and Data Complete/اندازه گیری/اینسایز/لیست محصولات.pdf,,sku_column,6973018c3eeaad81327c31084ff9185ac522573976edc678d4be2bd371d056bf,source_id=insize.product_list;normalized_sku=2141-202
INSIZE,2142-101,1,oem_product_list,/home/shebahati/KaZar/Product and Data Complete/اندازه گیری/اینسایز/لیست محصولات.pdf,,sku_column,6973018c3eeaad81327c31084ff9185ac522573976edc678d4be2bd371d056bf,source_id=insize.product_list;normalized_sku=2142-101
INSIZE,2142-102,1,oem_product_list,/home/shebahati/KaZar/Product and Data Complete/اندازه گیری/اینسایز/لیست محصولات.pdf,,sku_column,6973018c3eeaad81327c31084ff9185ac522573976edc678d4be2bd371d056bf,source_id=insize.product_list;normalized_sku=2142-102
INSIZE,2151-35,1,oem_product_list,/home/shebahati/KaZar/Product and Data Complete/اندازه گیری/اینسایز/لیست محصولات.pdf,,sku_column,6973018c3eeaad81327c31084ff9185ac522573976edc678d4be2bd371d056bf,source_id=insize.product_list;normalized_sku=2151-35
INSIZE,2151-55,1,oem_product_list,/home/shebahati/KaZar/Product and Data Complete/اندازه گیری/اینسایز/لیست محصولات.pdf,,sku_column,6973018c3eeaad81327c31084ff9185ac522573976edc678d4be2bd371d056bf,source_id=insize.product_list;normalized_sku=2151-55
INSIZE,2151-75,1,oem_product_list,/home/shebahati/KaZar/Product and Data Complete/اندازه گیری/اینسایز/لیست محصولات.pdf,,sku_column,6973018c3eeaad81327c31084ff9185ac522573976edc678d4be2bd371d056bf,source_id=insize.product_list;normalized_sku=2151-75
INSIZE,2151-95,1,oem_product_list,/home/shebahati/KaZar/Product and Data Complete/اندازه گیری/اینسایز/لیست محصولات.pdf,,sku_column,6973018c3eeaad81327c31084ff9185ac522573976edc678d4be2bd371d056bf,source_id=insize.product_list;normalized_sku=2151-95
INSIZE,2151-AL35,1,oem_product_list,/home/shebahati/KaZar/Product and Data Complete/اندازه گیری/اینسایز/لیست محصولات.pdf,,sku_column,6973018c3eeaad81327c31084ff9185ac522573976edc678d4be2bd371d056bf,source_id=insize.product_list;normalized_sku=2151-AL35
INSIZE,2151-AL55,1,oem_product_list,/home/shebahati/KaZar/Product and Data Complete/اندازه گیری/اینسایز/لیست محصولات.pdf,,sku_column,6973018c3eeaad81327c31084ff9185ac522573976edc678d4be2bd371d056bf,source_id=insize.product_list;normalized_sku=2151-AL55
INSIZE,2151-AL75,1,oem_product_list,/home/shebahati/KaZar/Product and Data Complete/اندازه گیری/اینسایز/لیست محصولات.pdf,,sku_column,6973018c3eeaad81327c31084ff9185ac522573976edc678d4be2bd371d056bf,source_id=insize.product_list;normalized_sku=2151-AL75
INSIZE,2153-10,1,oem_product_list,/home/shebahati/KaZar/Product and Data Complete/اندازه گیری/اینسایز/لیست محصولات.pdf,,sku_column,6973018c3eeaad81327c31084ff9185ac522573976edc678d4be2bd371d056bf,source_id=insize.product_list;normalized_sku=2153-10
INSIZE,2163-25,1,oem_product_list,/home/shebahati/KaZar/Product and Data Complete/اندازه گیری/اینسایز/لیست محصولات.pdf,,sku_column,6973018c3eeaad81327c31084ff9185ac522573976edc678d4be2bd371d056bf,source_id=insize.product_list;normalized_sku=2163-25
INSIZE,2164-25A,1,oem_product_list,/home/shebahati/KaZar/Product and Data Complete/اندازه گیری/اینسایز/لیست محصولات.pdf,,sku_column,6973018c3eeaad81327c31084ff9185ac522573976edc678d4be2bd371d056bf,source_id=insize.product_list;normalized_sku=2164-25A
INSIZE,2170-1,1,oem_product_list,/home/shebahati/KaZar/Product and Data Complete/اندازه گیری/اینسایز/لیست محصولات.pdf,,sku_column,6973018c3eeaad81327c31084ff9185ac522573976edc678d4be2bd371d056bf,source_id=insize.product_list;normalized_sku=2170-1
INSIZE,2171-250,1,oem_product_list,/home/shebahati/KaZar/Product and Data Complete/اندازه گیری/اینسایز/لیست محصولات.pdf,,sku_column,6973018c3eeaad81327c31084ff9185ac522573976edc678d4be2bd371d056bf,source_id=insize.product_list;normalized_sku=2171-250
INSIZE,2172-360,1,oem_product_list,/home/shebahati/KaZar/Product and Data Complete/اندازه گیری/اینسایز/لیست محصولات.pdf,,sku_column,6973018c3eeaad81327c31084ff9185ac522573976edc678d4be2bd371d056bf,source_id=insize.product_list;normalized_sku=2172-360
INSIZE,2173-360,1,oem_product_list,/home/shebahati/KaZar/Product and Data Complete/اندازه گیری/اینسایز/لیست محصولات.pdf,,sku_column,6973018c3eeaad81327c31084ff9185ac522573976edc678d4be2bd371d056bf,source_id=insize.product_list;normalized_sku=2173-360
INSIZE,2174-225,1,oem_product_list,/home/shebahati/KaZar/Product and Data Complete/اندازه گیری/اینسایز/لیست محصولات.pdf,,sku_column,6973018c3eeaad81327c31084ff9185ac522573976edc678d4be2bd371d056bf,source_id=insize.product_list;normalized_sku=2174-225
INSIZE,2175-360,1,oem_product_list,/home/shebahati/KaZar/Product and Data Complete/اندازه گیری/اینسایز/لیست محصولات.pdf,,sku_column,6973018c3eeaad81327c31084ff9185ac522573976edc678d4be2bd371d056bf,source_id=insize.product_list;normalized_sku=2175-360
INSIZE,2176-200,1,oem_product_list,/home/shebahati/KaZar/Product and Data Complete/اندازه گیری/اینسایز/لیست محصولات.pdf,,sku_column,6973018c3eeaad81327c31084ff9185ac522573976edc678d4be2bd371d056bf,source_id=insize.product_list;normalized_sku=2176-200
INSIZE,2176-300,1,oem_product_list,/home/shebahati/KaZar/Product and Data Complete/اندازه گیری/اینسایز/لیست محصولات.pdf,,sku_column,6973018c3eeaad81327c31084ff9185ac522573976edc678d4be2bd371d056bf,source_id=insize.product_list;normalized_sku=2176-300
INSIZE,2179-360,1,oem_product_list,/home/shebahati/KaZar/Product and Data Complete/اندازه گیری/اینسایز/لیست محصولات.pdf,,sku_column,6973018c3eeaad81327c31084ff9185ac522573976edc678d4be2bd371d056bf,source_id=insize.product_list;normalized_sku=2179-360
INSIZE,2183,1,oem_product_list,/home/shebahati/KaZar/Product and Data Complete/اندازه گیری/اینسایز/لیست محصولات.pdf,,sku_column,6973018c3eeaad81327c31084ff9185ac522573976edc678d4be2bd371d056bf,source_id=insize.product_list;normalized_sku=2183
INSIZE,2198-2,1,oem_product_list,/home/shebahati/KaZar/Product and Data Complete/اندازه گیری/اینسایز/لیست محصولات.pdf,,sku_column,6973018c3eeaad81327c31084ff9185ac522573976edc678d4be2bd371d056bf,source_id=insize.product_list;normalized_sku=2198-2
INSIZE,2199-1,1,oem_product_list,/home/shebahati/KaZar/Product and Data Complete/اندازه گیری/اینسایز/لیست محصولات.pdf,,sku_column,6973018c3eeaad81327c31084ff9185ac522573976edc678d4be2bd371d056bf,source_id=insize.product_list;normalized_sku=2199-1
INSIZE,2222-25,1,oem_product_list,/home/shebahati/KaZar/Product and Data Complete/اندازه گیری/اینسایز/لیست محصولات.pdf,,sku_column,6973018c3eeaad81327c31084ff9185ac522573976edc678d4be2bd371d056bf,source_id=insize.product_list;normalized_sku=2222-25
INSIZE,2222-301,1,oem_product_list,/home/shebahati/KaZar/Product and Data Complete/اندازه گیری/اینسایز/لیست محصولات.pdf,,sku_column,6973018c3eeaad81327c31084ff9185ac522573976edc678d4be2bd371d056bf,source_id=insize.product_list;normalized_sku=2222-301
INSIZE,2223-153,1,oem_product_list,/home/shebahati/KaZar/Product and Data Complete/اندازه گیری/اینسایز/لیست محصولات.pdf,,sku_column,6973018c3eeaad81327c31084ff9185ac522573976edc678d4be2bd371d056bf,source_id=insize.product_list;normalized_sku=2223-153
INSIZE,2275-300,1,oem_product_list,/home/shebahati/KaZar/Product and Data Complete/اندازه گیری/اینسایز/لیست محصولات.pdf,,sku_column,6973018c3eeaad81327c31084ff9185ac522573976edc678d4be2bd371d056bf,source_id=insize.product_list;normalized_sku=2275-300
INSIZE,2278-180,1,oem_product_list,/home/shebahati/KaZar/Product and Data Complete/اندازه گیری/اینسایز/لیست محصولات.pdf,,sku_column,6973018c3eeaad81327c31084ff9185ac522573976edc678d4be2bd371d056bf,source_id=insize.product_list;normalized_sku=2278-180
INSIZE,2281-360,1,oem_product_list,/home/shebahati/KaZar/Product and Data Complete/اندازه گیری/اینسایز/لیست محصولات.pdf,,sku_column,6973018c3eeaad81327c31084ff9185ac522573976edc678d4be2bd371d056bf,source_id=insize.product_list;normalized_sku=2281-360
INSIZE,2301-10,1,oem_product_list,/home/shebahati/KaZar/Product and Data Complete/اندازه گیری/اینسایز/لیست محصولات.pdf,,sku_column,6973018c3eeaad81327c31084ff9185ac522573976edc678d4be2bd371d056bf,source_id=insize.product_list;normalized_sku=2301-10
INSIZE,2302-25,1,oem_product_list,/home/shebahati/KaZar/Product and Data Complete/اندازه گیری/اینسایز/لیست محصولات.pdf,,sku_column,6973018c3eeaad81327c31084ff9185ac522573976edc678d4be2bd371d056bf,source_id=insize.product_list;normalized_sku=2302-25
INSIZE,2304-01,1,oem_product_list,/home/shebahati/KaZar/Product and Data Complete/اندازه گیری/اینسایز/لیست محصولات.pdf,,sku_column,6973018c3eeaad81327c31084ff9185ac522573976edc678d4be2bd371d056bf,source_id=insize.product_list;normalized_sku=2304-01
INSIZE,2307-025,1,oem_product_list,/home/shebahati/KaZar/Product and Data Complete/اندازه گیری/اینسایز/لیست محصولات.pdf,,sku_column,6973018c3eeaad81327c31084ff9185ac522573976edc678d4be2bd371d056bf,source_id=insize.product_list;normalized_sku=2307-025
INSIZE,2307-1,1,oem_product_list,/home/shebahati/KaZar/Product and Data Complete/اندازه گیری/اینسایز/لیست محصولات.pdf,,sku_column,6973018c3eeaad81327c31084ff9185ac522573976edc678d4be2bd371d056bf,source_id=insize.product_list;normalized_sku=2307-1
INSIZE,2307-105,1,oem_product_list,/home/shebahati/KaZar/Product and Data Complete/اندازه گیری/اینسایز/لیست محصولات.pdf,,sku_column,6973018c3eeaad81327c31084ff9185ac522573976edc678d4be2bd371d056bf,source_id=insize.product_list;normalized_sku=2307-105
INSIZE,2308-10,1,oem_product_list,/home/shebahati/KaZar/Product and Data Complete/اندازه گیری/اینسایز/لیست محصولات.pdf,,sku_column,6973018c3eeaad81327c31084ff9185ac522573976edc678d4be2bd371d056bf,source_id=insize.product_list;normalized_sku=2308-10
INSIZE,2309-100D,1,oem_product_list,/home/shebahati/KaZar/Product and Data Complete/اندازه گیری/اینسایز/لیست محصولات.pdf,,sku_column,6973018c3eeaad81327c31084ff9185ac522573976edc678d4be2bd371d056bf,source_id=insize.product_list;normalized_sku=2309-100D
INSIZE,2309-50,1,oem_product_list,/home/shebahati/KaZar/Product and Data Complete/اندازه گیری/اینسایز/لیست محصولات.pdf,,sku_column,6973018c3eeaad81327c31084ff9185ac522573976edc678d4be2bd371d056bf,source_id=insize.product_list;normalized_sku=2309-50
INSIZE,2310-30,1,oem_product_list,/home/shebahati/KaZar/Product and Data Complete/اندازه گیری/اینسایز/لیست محصولات.pdf,,sku_column,6973018c3eeaad81327c31084ff9185ac522573976edc678d4be2bd371d056bf,source_id=insize.product_list;normalized_sku=2310-30
INSIZE,2311-5,1,oem_product_list,/home/shebahati/KaZar/Product and Data Complete/اندازه گیری/اینسایز/لیست محصولات.pdf,,sku_column,6973018c3eeaad81327c31084ff9185ac522573976edc678d4be2bd371d056bf,source_id=insize.product_list;normalized_sku=2311-5
INSIZE,2311-5F,1,oem_product_list,/home/shebahati/KaZar/Product and Data Complete/اندازه گیری/اینسایز/لیست محصولات.pdf,,sku_column,6973018c3eeaad81327c31084ff9185ac522573976edc678d4be2bd371d056bf,source_id=insize.product_list;normalized_sku=2311-5F
INSIZE,2313-1A,1,oem_product_list,/home/shebahati/KaZar/Product and Data Complete/اندازه گیری/اینسایز/لیست محصولات.pdf,,sku_column,6973018c3eeaad81327c31084ff9185ac522573976edc678d4be2bd371d056bf,source_id=insize.product_list;normalized_sku=2313-1A
INSIZE,2315-05,1,oem_product_list,/home/shebahati/KaZar/Product and Data Complete/اندازه گیری/اینسایز/لیست محصولات.pdf,,sku_column,6973018c3eeaad81327c31084ff9185ac522573976edc678d4be2bd371d056bf,source_id=insize.product_list;normalized_sku=2315-05
INSIZE,2318-10,1,oem_product_list,/home/shebahati/KaZar/Product and Data Complete/اندازه گیری/اینسایز/لیست محصولات.pdf,,sku_column,6973018c3eeaad81327c31084ff9185ac522573976edc678d4be2bd371d056bf,source_id=insize.product_list;normalized_sku=2318-10
INSIZE,2318-30,1,oem_product_list,/home/shebahati/KaZar/Product and Data Complete/اندازه گیری/اینسایز/لیست محصولات.pdf,,sku_column,6973018c3eeaad81327c31084ff9185ac522573976edc678d4be2bd371d056bf,source_id=insize.product_list;normalized_sku=2318-30
INSIZE,2321-35,1,oem_product_list,/home/shebahati/KaZar/Product and Data Complete/اندازه گیری/اینسایز/لیست محصولات.pdf,,sku_column,6973018c3eeaad81327c31084ff9185ac522573976edc678d4be2bd371d056bf,source_id=insize.product_list;normalized_sku=2321-35
INSIZE,2321-55,1,oem_product_list,/home/shebahati/KaZar/Product and Data Complete/اندازه گیری/اینسایز/لیست محصولات.pdf,,sku_column,6973018c3eeaad81327c31084ff9185ac522573976edc678d4be2bd371d056bf,source_id=insize.product_list;normalized_sku=2321-55
INSIZE,2321-75,1,oem_product_list,/home/shebahati/KaZar/Product and Data Complete/اندازه گیری/اینسایز/لیست محصولات.pdf,,sku_column,6973018c3eeaad81327c31084ff9185ac522573976edc678d4be2bd371d056bf,source_id=insize.product_list;normalized_sku=2321-75
INSIZE,2322-160,1,oem_product_list,/home/shebahati/KaZar/Product and Data Complete/اندازه گیری/اینسایز/لیست محصولات.pdf,,sku_column,6973018c3eeaad81327c31084ff9185ac522573976edc678d4be2bd371d056bf,source_id=insize.product_list;normalized_sku=2322-160
INSIZE,2322-250,1,oem_product_list,/home/shebahati/KaZar/Product and Data Complete/اندازه گیری/اینسایز/لیست محصولات.pdf,,sku_column,6973018c3eeaad81327c31084ff9185ac522573976edc678d4be2bd371d056bf,source_id=insize.product_list;normalized_sku=2322-250
INSIZE,2322-35,1,oem_product_list,/home/shebahati/KaZar/Product and Data Complete/اندازه گیری/اینسایز/لیست محصولات.pdf,,sku_column,6973018c3eeaad81327c31084ff9185ac522573976edc678d4be2bd371d056bf,source_id=insize.product_list;normalized_sku=2322-35
INSIZE,2322-450,1,oem_product_list,/home/shebahati/KaZar/Product and Data Complete/اندازه گیری/اینسایز/لیست محصولات.pdf,,sku_column,6973018c3eeaad81327c31084ff9185ac522573976edc678d4be2bd371d056bf,source_id=insize.product_list;normalized_sku=2322-450
INSIZE,2322-60,1,oem_product_list,/home/shebahati/KaZar/Product and Data Complete/اندازه گیری/اینسایز/لیست محصولات.pdf,,sku_column,6973018c3eeaad81327c31084ff9185ac522573976edc678d4be2bd371d056bf,source_id=insize.product_list;normalized_sku=2322-60
INSIZE,2332-20,1,oem_product_list,/home/shebahati/KaZar/Product and Data Complete/اندازه گیری/اینسایز/لیست محصولات.pdf,,sku_column,6973018c3eeaad81327c31084ff9185ac522573976edc678d4be2bd371d056bf,source_id=insize.product_list;normalized_sku=2332-20
INSIZE,2333-201,1,oem_product_list,/home/shebahati/KaZar/Product and Data Complete/اندازه گیری/اینسایز/لیست محصولات.pdf,,sku_column,6973018c3eeaad81327c31084ff9185ac522573976edc678d4be2bd371d056bf,source_id=insize.product_list;normalized_sku=2333-201
INSIZE,2341-101,1,oem_product_list,/home/shebahati/KaZar/Product and Data Complete/اندازه گیری/اینسایز/لیست محصولات.pdf,,sku_column,6973018c3eeaad81327c31084ff9185ac522573976edc678d4be2bd371d056bf,source_id=insize.product_list;normalized_sku=2341-101
INSIZE,2342-202,1,oem_product_list,/home/shebahati/KaZar/Product and Data Complete/اندازه گیری/اینسایز/لیست محصولات.pdf,,sku_column,6973018c3eeaad81327c31084ff9185ac522573976edc678d4be2bd371d056bf,source_id=insize.product_list;normalized_sku=2342-202
INSIZE,2343-102,1,oem_product_list,/home/shebahati/KaZar/Product and Data Complete/اندازه گیری/اینسایز/لیست محصولات.pdf,,sku_column,6973018c3eeaad81327c31084ff9185ac522573976edc678d4be2bd371d056bf,source_id=insize.product_list;normalized_sku=2343-102
INSIZE,2361-10,1,oem_product_list,/home/shebahati/KaZar/Product and Data Complete/اندازه گیری/اینسایز/لیست محصولات.pdf,,sku_column,6973018c3eeaad81327c31084ff9185ac522573976edc678d4be2bd371d056bf,source_id=insize.product_list;normalized_sku=2361-10
INSIZE,2364-1,1,oem_product_list,/home/shebahati/KaZar/Product and Data Complete/اندازه گیری/اینسایز/لیست محصولات.pdf,,sku_column,6973018c3eeaad81327c31084ff9185ac522573976edc678d4be2bd371d056bf,source_id=insize.product_list;normalized_sku=2364-1
INSIZE,2364-10,1,oem_product_list,/home/shebahati/KaZar/Product and Data Complete/اندازه گیری/اینسایز/لیست محصولات.pdf,,sku_column,6973018c3eeaad81327c31084ff9185ac522573976edc678d4be2bd371d056bf,source_id=insize.product_list;normalized_sku=2364-10
INSIZE,2365-10,1,oem_product_list,/home/shebahati/KaZar/Product and Data Complete/اندازه گیری/اینسایز/لیست محصولات.pdf,,sku_column,6973018c3eeaad81327c31084ff9185ac522573976edc678d4be2bd371d056bf,source_id=insize.product_list;normalized_sku=2365-10
INSIZE,2366-30,1,oem_product_list,/home/shebahati/KaZar/Product and Data Complete/اندازه گیری/اینسایز/لیست محصولات.pdf,,sku_column,6973018c3eeaad81327c31084ff9185ac522573976edc678d4be2bd371d056bf,source_id=insize.product_list;normalized_sku=2366-30
INSIZE,2367-10,1,oem_product_list,/home/shebahati/KaZar/Product and Data Complete/اندازه گیری/اینسایز/لیست محصولات.pdf,,sku_column,6973018c3eeaad81327c31084ff9185ac522573976edc678d4be2bd371d056bf,source_id=insize.product_list;normalized_sku=2367-10
INSIZE,2372-360,1,oem_product_list,/home/shebahati/KaZar/Product and Data Complete/اندازه گیری/اینسایز/لیست محصولات.pdf,,sku_column,6973018c3eeaad81327c31084ff9185ac522573976edc678d4be2bd371d056bf,source_id=insize.product_list;normalized_sku=2372-360
INSIZE,2373-360,1,oem_product_list,/home/shebahati/KaZar/Product and Data Complete/اندازه گیری/اینسایز/لیست محصولات.pdf,,sku_column,6973018c3eeaad81327c31084ff9185ac522573976edc678d4be2bd371d056bf,source_id=insize.product_list;normalized_sku=2373-360
INSIZE,2374-320,1,oem_product_list,/home/shebahati/KaZar/Product and Data Complete/اندازه گیری/اینسایز/لیست محصولات.pdf,,sku_column,6973018c3eeaad81327c31084ff9185ac522573976edc678d4be2bd371d056bf,source_id=insize.product_list;normalized_sku=2374-320
INSIZE,2380-08,1,oem_product_list,/home/shebahati/KaZar/Product and Data Complete/اندازه گیری/اینسایز/لیست محصولات.pdf,,sku_column,6973018c3eeaad81327c31084ff9185ac522573976edc678d4be2bd371d056bf,source_id=insize.product_list;normalized_sku=2380-08
INSIZE,2381-02,1,oem_product_list,/home/shebahati/KaZar/Product and Data Complete/اندازه گیری/اینسایز/لیست محصولات.pdf,,sku_column,6973018c3eeaad81327c31084ff9185ac522573976edc678d4be2bd371d056bf,source_id=insize.product_list;normalized_sku=2381-02
INSIZE,2381-021,1,oem_product_list,/home/shebahati/KaZar/Product and Data Complete/اندازه گیری/اینسایز/لیست محصولات.pdf,,sku_column,6973018c3eeaad81327c31084ff9185ac522573976edc678d4be2bd371d056bf,source_id=insize.product_list;normalized_sku=2381-021
INSIZE,2381-08,1,oem_product_list,/home/shebahati/KaZar/Product and Data Complete/اندازه گیری/اینسایز/لیست محصولات.pdf,,sku_column,6973018c3eeaad81327c31084ff9185ac522573976edc678d4be2bd371d056bf,source_id=insize.product_list;normalized_sku=2381-08
INSIZE,2383-08,1,oem_product_list,/home/shebahati/KaZar/Product and Data Complete/اندازه گیری/اینسایز/لیست محصولات.pdf,,sku_column,6973018c3eeaad81327c31084ff9185ac522573976edc678d4be2bd371d056bf,source_id=insize.product_list;normalized_sku=2383-08
INSIZE,2385-3,1,oem_product_list,/home/shebahati/KaZar/Product and Data Complete/اندازه گیری/اینسایز/لیست محصولات.pdf,,sku_column,6973018c3eeaad81327c31084ff9185ac522573976edc678d4be2bd371d056bf,source_id=insize.product_list;normalized_sku=2385-3
INSIZE,2673-10,1,oem_product_list,/home/shebahati/KaZar/Product and Data Complete/اندازه گیری/اینسایز/لیست محصولات.pdf,,sku_column,6973018c3eeaad81327c31084ff9185ac522573976edc678d4be2bd371d056bf,source_id=insize.product_list;normalized_sku=2673-10
INSIZE,2710-25,1,oem_product_list,/home/shebahati/KaZar/Product and Data Complete/اندازه گیری/اینسایز/لیست محصولات.pdf,,sku_column,6973018c3eeaad81327c31084ff9185ac522573976edc678d4be2bd371d056bf,source_id=insize.product_list;normalized_sku=2710-25
INSIZE,2711-165,1,oem_product_list,/home/shebahati/KaZar/Product and Data Complete/اندازه گیری/اینسایز/لیست محصولات.pdf,,sku_column,6973018c3eeaad81327c31084ff9185ac522573976edc678d4be2bd371d056bf,source_id=insize.product_list;normalized_sku=2711-165
INSIZE,2711-216,1,oem_product_list,/home/shebahati/KaZar/Product and Data Complete/اندازه گیری/اینسایز/لیست محصولات.pdf,,sku_column,6973018c3eeaad81327c31084ff9185ac522573976edc678d4be2bd371d056bf,source_id=insize.product_list;normalized_sku=2711-216
INSIZE,2771-360,1,oem_product_list,/home/shebahati/KaZar/Product and Data Complete/اندازه گیری/اینسایز/لیست محصولات.pdf,,sku_column,6973018c3eeaad81327c31084ff9185ac522573976edc678d4be2bd371d056bf,source_id=insize.product_list;normalized_sku=2771-360
INSIZE,2824-S3,1,oem_product_list,/home/shebahati/KaZar/Product and Data Complete/اندازه گیری/اینسایز/لیست محصولات.pdf,,sku_column,6973018c3eeaad81327c31084ff9185ac522573976edc678d4be2bd371d056bf,source_id=insize.product_list;normalized_sku=2824-S3
INSIZE,2825-160,1,oem_product_list,/home/shebahati/KaZar/Product and Data Complete/اندازه گیری/اینسایز/لیست محصولات.pdf,,sku_column,6973018c3eeaad81327c31084ff9185ac522573976edc678d4be2bd371d056bf,source_id=insize.product_list;normalized_sku=2825-160
INSIZE,2825-35,1,oem_product_list,/home/shebahati/KaZar/Product and Data Complete/اندازه گیری/اینسایز/لیست محصولات.pdf,,sku_column,6973018c3eeaad81327c31084ff9185ac522573976edc678d4be2bd371d056bf,source_id=insize.product_list;normalized_sku=2825-35
INSIZE,2825-60,1,oem_product_list,/home/shebahati/KaZar/Product and Data Complete/اندازه گیری/اینسایز/لیست محصولات.pdf,,sku_column,6973018c3eeaad81327c31084ff9185ac522573976edc678d4be2bd371d056bf,source_id=insize.product_list;normalized_sku=2825-60
INSIZE,2827-160,1,oem_product_list,/home/shebahati/KaZar/Product and Data Complete/اندازه گیری/اینسایز/لیست محصولات.pdf,,sku_column,6973018c3eeaad81327c31084ff9185ac522573976edc678d4be2bd371d056bf,source_id=insize.product_list;normalized_sku=2827-160
INSIZE,2827-60,1,oem_product_list,/home/shebahati/KaZar/Product and Data Complete/اندازه گیری/اینسایز/لیست محصولات.pdf,,sku_column,6973018c3eeaad81327c31084ff9185ac522573976edc678d4be2bd371d056bf,source_id=insize.product_list;normalized_sku=2827-60
INSIZE,2828-800,1,oem_product_list,/home/shebahati/KaZar/Product and Data Complete/اندازه گیری/اینسایز/لیست محصولات.pdf,,sku_column,6973018c3eeaad81327c31084ff9185ac522573976edc678d4be2bd371d056bf,source_id=insize.product_list;normalized_sku=2828-800
INSIZE,2841-300,1,oem_product_list,/home/shebahati/KaZar/Product and Data Complete/اندازه گیری/اینسایز/لیست محصولات.pdf,,sku_column,6973018c3eeaad81327c31084ff9185ac522573976edc678d4be2bd371d056bf,source_id=insize.product_list;normalized_sku=2841-300
INSIZE,2841-500,1,oem_product_list,/home/shebahati/KaZar/Product and Data Complete/اندازه گیری/اینسایز/لیست محصولات.pdf,,sku_column,6973018c3eeaad81327c31084ff9185ac522573976edc678d4be2bd371d056bf,source_id=insize.product_list;normalized_sku=2841-500
INSIZE,2852-10,1,oem_product_list,/home/shebahati/KaZar/Product and Data Complete/اندازه گیری/اینسایز/لیست محصولات.pdf,,sku_column,6973018c3eeaad81327c31084ff9185ac522573976edc678d4be2bd371d056bf,source_id=insize.product_list;normalized_sku=2852-10
INSIZE,2852-18,1,oem_product_list,/home/shebahati/KaZar/Product and Data Complete/اندازه گیری/اینسایز/لیست محصولات.pdf,,sku_column,6973018c3eeaad81327c31084ff9185ac522573976edc678d4be2bd371d056bf,source_id=insize.product_list;normalized_sku=2852-18
INSIZE,2862-102,1,oem_product_list,/home/shebahati/KaZar/Product and Data Complete/اندازه گیری/اینسایز/لیست محصولات.pdf,,sku_column,6973018c3eeaad81327c31084ff9185ac522573976edc678d4be2bd371d056bf,source_id=insize.product_list;normalized_sku=2862-102
INSIZE,2863-10,1,oem_product_list,/home/shebahati/KaZar/Product and Data Complete/اندازه گیری/اینسایز/لیست محصولات.pdf,,sku_column,6973018c3eeaad81327c31084ff9185ac522573976edc678d4be2bd371d056bf,source_id=insize.product_list;normalized_sku=2863-10
INSIZE,2866-10,1,oem_product_list,/home/shebahati/KaZar/Product and Data Complete/اندازه گیری/اینسایز/لیست محصولات.pdf,,sku_column,6973018c3eeaad81327c31084ff9185ac522573976edc678d4be2bd371d056bf,source_id=insize.product_list;normalized_sku=2866-10
INSIZE,2871-10,1,oem_product_list,/home/shebahati/KaZar/Product and Data Complete/اندازه گیری/اینسایز/لیست محصولات.pdf,,sku_column,6973018c3eeaad81327c31084ff9185ac522573976edc678d4be2bd371d056bf,source_id=insize.product_list;normalized_sku=2871-10
INSIZE,2871-101,1,oem_product_list,/home/shebahati/KaZar/Product and Data Complete/اندازه گیری/اینسایز/لیست محصولات.pdf,,sku_column,6973018c3eeaad81327c31084ff9185ac522573976edc678d4be2bd371d056bf,source_id=insize.product_list;normalized_sku=2871-101
INSIZE,2872-10,1,oem_product_list,/home/shebahati/KaZar/Product and Data Complete/اندازه گیری/اینسایز/لیست محصولات.pdf,,sku_column,6973018c3eeaad81327c31084ff9185ac522573976edc678d4be2bd371d056bf,source_id=insize.product_list;normalized_sku=2872-10
INSIZE,2875-30,1,oem_product_list,/home/shebahati/KaZar/Product and Data Complete/اندازه گیری/اینسایز/لیست محصولات.pdf,,sku_column,6973018c3eeaad81327c31084ff9185ac522573976edc678d4be2bd371d056bf,source_id=insize.product_list;normalized_sku=2875-30
INSIZE,2876-10,1,oem_product_list,/home/shebahati/KaZar/Product and Data Complete/اندازه گیری/اینسایز/لیست محصولات.pdf,,sku_column,6973018c3eeaad81327c31084ff9185ac522573976edc678d4be2bd371d056bf,source_id=insize.product_list;normalized_sku=2876-10
INSIZE,2878-6A,1,oem_product_list,/home/shebahati/KaZar/Product and Data Complete/اندازه گیری/اینسایز/لیست محصولات.pdf,,sku_column,6973018c3eeaad81327c31084ff9185ac522573976edc678d4be2bd371d056bf,source_id=insize.product_list;normalized_sku=2878-6A
INSIZE,2878-71B,1,oem_product_list,/home/shebahati/KaZar/Product and Data Complete/اندازه گیری/اینسایز/لیست محصولات.pdf,,sku_column,6973018c3eeaad81327c31084ff9185ac522573976edc678d4be2bd371d056bf,source_id=insize.product_list;normalized_sku=2878-71B
INSIZE,3101-225,1,oem_product_list,/home/shebahati/KaZar/Product and Data Complete/اندازه گیری/اینسایز/لیست محصولات.pdf,,sku_column,6973018c3eeaad81327c31084ff9185ac522573976edc678d4be2bd371d056bf,source_id=insize.product_list;normalized_sku=3101-225
INSIZE,3101-25,1,oem_product_list,/home/shebahati/KaZar/Product and Data Complete/اندازه گیری/اینسایز/لیست محصولات.pdf,,sku_column,6973018c3eeaad81327c31084ff9185ac522573976edc678d4be2bd371d056bf,source_id=insize.product_list;normalized_sku=3101-25
INSIZE,3101-250,1,oem_product_list,/home/shebahati/KaZar/Product and Data Complete/اندازه گیری/اینسایز/لیست محصولات.pdf,,sku_column,6973018c3eeaad81327c31084ff9185ac522573976edc678d4be2bd371d056bf,source_id=insize.product_list;normalized_sku=3101-250
INSIZE,3101-275,1,oem_product_list,/home/shebahati/KaZar/Product and Data Complete/اندازه گیری/اینسایز/لیست محصولات.pdf,,sku_column,6973018c3eeaad81327c31084ff9185ac522573976edc678d4be2bd371d056bf,source_id=insize.product_list;normalized_sku=3101-275
INSIZE,3101-300,1,oem_product_list,/home/shebahati/KaZar/Product and Data Complete/اندازه گیری/اینسایز/لیست محصولات.pdf,,sku_column,6973018c3eeaad81327c31084ff9185ac522573976edc678d4be2bd371d056bf,source_id=insize.product_list;normalized_sku=3101-300
INSIZE,3108-100,1,oem_product_list,/home/shebahati/KaZar/Product and Data Complete/اندازه گیری/اینسایز/لیست محصولات.pdf,,sku_column,6973018c3eeaad81327c31084ff9185ac522573976edc678d4be2bd371d056bf,source_id=insize.product_list;normalized_sku=3108-100
INSIZE,3108-25,1,oem_product_list,/home/shebahati/KaZar/Product and Data Complete/اندازه گیری/اینسایز/لیست محصولات.pdf,,sku_column,6973018c3eeaad81327c31084ff9185ac522573976edc678d4be2bd371d056bf,source_id=insize.product_list;normalized_sku=3108-25
INSIZE,3108-50,1,oem_product_list,/home/shebahati/KaZar/Product and Data Complete/اندازه گیری/اینسایز/لیست محصولات.pdf,,sku_column,6973018c3eeaad81327c31084ff9185ac522573976edc678d4be2bd371d056bf,source_id=insize.product_list;normalized_sku=3108-50
INSIZE,3108-75,1,oem_product_list,/home/shebahati/KaZar/Product and Data Complete/اندازه گیری/اینسایز/لیست محصولات.pdf,,sku_column,6973018c3eeaad81327c31084ff9185ac522573976edc678d4be2bd371d056bf,source_id=insize.product_list;normalized_sku=3108-75
INSIZE,3109-100,1,oem_product_list,/home/shebahati/KaZar/Product and Data Complete/اندازه گیری/اینسایز/لیست محصولات.pdf,,sku_column,6973018c3eeaad81327c31084ff9185ac522573976edc678d4be2bd371d056bf,source_id=insize.product_list;normalized_sku=3109-100
INSIZE,3109-125,1,oem_product_list,/home/shebahati/KaZar/Product and Data Complete/اندازه گیری/اینسایز/لیست محصولات.pdf,,sku_column,6973018c3eeaad81327c31084ff9185ac522573976edc678d4be2bd371d056bf,source_id=insize.product_list;normalized_sku=3109-125
INSIZE,3109-150,1,oem_product_list,/home/shebahati/KaZar/Product and Data Complete/اندازه گیری/اینسایز/لیست محصولات.pdf,,sku_column,6973018c3eeaad81327c31084ff9185ac522573976edc678d4be2bd371d056bf,source_id=insize.product_list;normalized_sku=3109-150
INSIZE,3109-175,1,oem_product_list,/home/shebahati/KaZar/Product and Data Complete/اندازه گیری/اینسایز/لیست محصولات.pdf,,sku_column,6973018c3eeaad81327c31084ff9185ac522573976edc678d4be2bd371d056bf,source_id=insize.product_list;normalized_sku=3109-175
INSIZE,3109-200,1,oem_product_list,/home/shebahati/KaZar/Product and Data Complete/اندازه گیری/اینسایز/لیست محصولات.pdf,,sku_column,6973018c3eeaad81327c31084ff9185ac522573976edc678d4be2bd371d056bf,source_id=insize.product_list;normalized_sku=3109-200
INSIZE,3109-225,1,oem_product_list,/home/shebahati/KaZar/Product and Data Complete/اندازه گیری/اینسایز/لیست محصولات.pdf,,sku_column,6973018c3eeaad81327c31084ff9185ac522573976edc678d4be2bd371d056bf,source_id=insize.product_list;normalized_sku=3109-225
INSIZE,3109-25,1,oem_product_list,/home/shebahati/KaZar/Product and Data Complete/اندازه گیری/اینسایز/لیست محصولات.pdf,,sku_column,6973018c3eeaad81327c31084ff9185ac522573976edc678d4be2bd371d056bf,source_id=insize.product_list;normalized_sku=3109-25
INSIZE,3109-250,1,oem_product_list,/home/shebahati/KaZar/Product and Data Complete/اندازه گیری/اینسایز/لیست محصولات.pdf,,sku_column,6973018c3eeaad81327c31084ff9185ac522573976edc678d4be2bd371d056bf,source_id=insize.product_list;normalized_sku=3109-250
INSIZE,3109-275,1,oem_product_list,/home/shebahati/KaZar/Product and Data Complete/اندازه گیری/اینسایز/لیست محصولات.pdf,,sku_column,6973018c3eeaad81327c31084ff9185ac522573976edc678d4be2bd371d056bf,source_id=insize.product_list;normalized_sku=3109-275
INSIZE,3109-300,1,oem_product_list,/home/shebahati/KaZar/Product and Data Complete/اندازه گیری/اینسایز/لیست محصولات.pdf,,sku_column,6973018c3eeaad81327c31084ff9185ac522573976edc678d4be2bd371d056bf,source_id=insize.product_list;normalized_sku=3109-300
INSIZE,3109-50,1,oem_product_list,/home/shebahati/KaZar/Product and Data Complete/اندازه گیری/اینسایز/لیست محصولات.pdf,,sku_column,6973018c3eeaad81327c31084ff9185ac522573976edc678d4be2bd371d056bf,source_id=insize.product_list;normalized_sku=3109-50
INSIZE,3109-75,1,oem_product_list,/home/shebahati/KaZar/Product and Data Complete/اندازه گیری/اینسایز/لیست محصولات.pdf,,sku_column,6973018c3eeaad81327c31084ff9185ac522573976edc678d4be2bd371d056bf,source_id=insize.product_list;normalized_sku=3109-75
INSIZE,3127-10,1,oem_product_list,/home/shebahati/KaZar/Product and Data Complete/اندازه گیری/اینسایز/لیست محصولات.pdf,,sku_column,6973018c3eeaad81327c31084ff9185ac522573976edc678d4be2bd371d056bf,source_id=insize.product_list;normalized_sku=3127-10
INSIZE,3127-100,1,oem_product_list,/home/shebahati/KaZar/Product and Data Complete/اندازه گیری/اینسایز/لیست محصولات.pdf,,sku_column,6973018c3eeaad81327c31084ff9185ac522573976edc678d4be2bd371d056bf,source_id=insize.product_list;normalized_sku=3127-100
INSIZE,3127-1004,1,oem_product_list,/home/shebahati/KaZar/Product and Data Complete/اندازه گیری/اینسایز/لیست محصولات.pdf,,sku_column,6973018c3eeaad81327c31084ff9185ac522573976edc678d4be2bd371d056bf,source_id=insize.product_list;normalized_sku=3127-1004
INSIZE,3127-12,1,oem_product_list,/home/shebahati/KaZar/Product and Data Complete/اندازه گیری/اینسایز/لیست محصولات.pdf,,sku_column,6973018c3eeaad81327c31084ff9185ac522573976edc678d4be2bd371d056bf,source_id=insize.product_list;normalized_sku=3127-12
INSIZE,3127-123,1,oem_product_list,/home/shebahati/KaZar/Product and Data Complete/اندازه گیری/اینسایز/لیست محصولات.pdf,,sku_column,6973018c3eeaad81327c31084ff9185ac522573976edc678d4be2bd371d056bf,source_id=insize.product_list;normalized_sku=3127-123
INSIZE,3127-125,1,oem_product_list,/home/shebahati/KaZar/Product and Data Complete/اندازه گیری/اینسایز/لیست محصولات.pdf,,sku_column,6973018c3eeaad81327c31084ff9185ac522573976edc678d4be2bd371d056bf,source_id=insize.product_list;normalized_sku=3127-125
INSIZE,3127-150,1,oem_product_list,/home/shebahati/KaZar/Product and Data Complete/اندازه گیری/اینسایز/لیست محصولات.pdf,,sku_column,6973018c3eeaad81327c31084ff9185ac522573976edc678d4be2bd371d056bf,source_id=insize.product_list;normalized_sku=3127-150
INSIZE,3127-16,1,oem_product_list,/home/shebahati/KaZar/Product and Data Complete/اندازه گیری/اینسایز/لیست محصولات.pdf,,sku_column,6973018c3eeaad81327c31084ff9185ac522573976edc678d4be2bd371d056bf,source_id=insize.product_list;normalized_sku=3127-16
INSIZE,3127-175,1,oem_product_list,/home/shebahati/KaZar/Product and Data Complete/اندازه گیری/اینسایز/لیست محصولات.pdf,,sku_column,6973018c3eeaad81327c31084ff9185ac522573976edc678d4be2bd371d056bf,source_id=insize.product_list;normalized_sku=3127-175
INSIZE,3127-20,1,oem_product_list,/home/shebahati/KaZar/Product and Data Complete/اندازه گیری/اینسایز/لیست محصولات.pdf,,sku_column,6973018c3eeaad81327c31084ff9185ac522573976edc678d4be2bd371d056bf,source_id=insize.product_list;normalized_sku=3127-20
INSIZE,3127-200,1,oem_product_list,/home/shebahati/KaZar/Product and Data Complete/اندازه گیری/اینسایز/لیست محصولات.pdf,,sku_column,6973018c3eeaad81327c31084ff9185ac522573976edc678d4be2bd371d056bf,source_id=insize.product_list;normalized_sku=3127-200
INSIZE,3127-202,1,oem_product_list,/home/shebahati/KaZar/Product and Data Complete/اندازه گیری/اینسایز/لیست محصولات.pdf,,sku_column,6973018c3eeaad81327c31084ff9185ac522573976edc678d4be2bd371d056bf,source_id=insize.product_list;normalized_sku=3127-202
INSIZE,3127-225,1,oem_product_list,/home/shebahati/KaZar/Product and Data Complete/اندازه گیری/اینسایز/لیست محصولات.pdf,,sku_column,6973018c3eeaad81327c31084ff9185ac522573976edc678d4be2bd371d056bf,source_id=insize.product_list;normalized_sku=3127-225
INSIZE,3127-25,1,oem_product_list,/home/shebahati/KaZar/Product and Data Complete/اندازه گیری/اینسایز/لیست محصولات.pdf,,sku_column,6973018c3eeaad81327c31084ff9185ac522573976edc678d4be2bd371d056bf,source_id=insize.product_list;normalized_sku=3127-25
INSIZE,3127-250,1,oem_product_list,/home/shebahati/KaZar/Product and Data Complete/اندازه گیری/اینسایز/لیست محصولات.pdf,,sku_column,6973018c3eeaad81327c31084ff9185ac522573976edc678d4be2bd371d056bf,source_id=insize.product_list;normalized_sku=3127-250
INSIZE,3127-275,1,oem_product_list,/home/shebahati/KaZar/Product and Data Complete/اندازه گیری/اینسایز/لیست محصولات.pdf,,sku_column,6973018c3eeaad81327c31084ff9185ac522573976edc678d4be2bd371d056bf,source_id=insize.product_list;normalized_sku=3127-275
INSIZE,3127-30,1,oem_product_list,/home/shebahati/KaZar/Product and Data Complete/اندازه گیری/اینسایز/لیست محصولات.pdf,,sku_column,6973018c3eeaad81327c31084ff9185ac522573976edc678d4be2bd371d056bf,source_id=insize.product_list;normalized_sku=3127-30
INSIZE,3127-300,1,oem_product_list,/home/shebahati/KaZar/Product and Data Complete/اندازه گیری/اینسایز/لیست محصولات.pdf,,sku_column,6973018c3eeaad81327c31084ff9185ac522573976edc678d4be2bd371d056bf,source_id=insize.product_list;normalized_sku=3127-300
INSIZE,3127-40,1,oem_product_list,/home/shebahati/KaZar/Product and Data Complete/اندازه گیری/اینسایز/لیست محصولات.pdf,,sku_column,6973018c3eeaad81327c31084ff9185ac522573976edc678d4be2bd371d056bf,source_id=insize.product_list;normalized_sku=3127-40
INSIZE,3127-5,1,oem_product_list,/home/shebahati/KaZar/Product and Data Complete/اندازه گیری/اینسایز/لیست محصولات.pdf,,sku_column,6973018c3eeaad81327c31084ff9185ac522573976edc678d4be2bd371d056bf,source_id=insize.product_list;normalized_sku=3127-5
INSIZE,3127-50,1,oem_product_list,/home/shebahati/KaZar/Product and Data Complete/اندازه گیری/اینسایز/لیست محصولات.pdf,,sku_column,6973018c3eeaad81327c31084ff9185ac522573976edc678d4be2bd371d056bf,source_id=insize.product_list;normalized_sku=3127-50
INSIZE,3127-504,1,oem_product_list,/home/shebahati/KaZar/Product and Data Complete/اندازه گیری/اینسایز/لیست محصولات.pdf,,sku_column,6973018c3eeaad81327c31084ff9185ac522573976edc678d4be2bd371d056bf,source_id=insize.product_list;normalized_sku=3127-504
INSIZE,3127-6,1,oem_product_list,/home/shebahati/KaZar/Product and Data Complete/اندازه گیری/اینسایز/لیست محصولات.pdf,,sku_column,6973018c3eeaad81327c31084ff9185ac522573976edc678d4be2bd371d056bf,source_id=insize.product_list;normalized_sku=3127-6
INSIZE,3127-63,1,oem_product_list,/home/shebahati/KaZar/Product and Data Complete/اندازه گیری/اینسایز/لیست محصولات.pdf,,sku_column,6973018c3eeaad81327c31084ff9185ac522573976edc678d4be2bd371d056bf,source_id=insize.product_list;normalized_sku=3127-63
INSIZE,3127-75,1,oem_product_list,/home/shebahati/KaZar/Product and Data Complete/اندازه گیری/اینسایز/لیست محصولات.pdf,,sku_column,6973018c3eeaad81327c31084ff9185ac522573976edc678d4be2bd371d056bf,source_id=insize.product_list;normalized_sku=3127-75
INSIZE,3127-8,1,oem_product_list,/home/shebahati/KaZar/Product and Data Complete/اندازه گیری/اینسایز/لیست محصولات.pdf,,sku_column,6973018c3eeaad81327c31084ff9185ac522573976edc678d4be2bd371d056bf,source_id=insize.product_list;normalized_sku=3127-8
INSIZE,3127-88,1,oem_product_list,/home/shebahati/KaZar/Product and Data Complete/اندازه گیری/اینسایز/لیست محصولات.pdf,,sku_column,6973018c3eeaad81327c31084ff9185ac522573976edc678d4be2bd371d056bf,source_id=insize.product_list;normalized_sku=3127-88
INSIZE,3203-100,1,oem_product_list,/home/shebahati/KaZar/Product and Data Complete/اندازه گیری/اینسایز/لیست محصولات.pdf,,sku_column,6973018c3eeaad81327c31084ff9185ac522573976edc678d4be2bd371d056bf,source_id=insize.product_list;normalized_sku=3203-100
INSIZE,3203-10A,1,oem_product_list,/home/shebahati/KaZar/Product and Data Complete/اندازه گیری/اینسایز/لیست محصولات.pdf,,sku_column,6973018c3eeaad81327c31084ff9185ac522573976edc678d4be2bd371d056bf,source_id=insize.product_list;normalized_sku=3203-10A
INSIZE,3203-125,1,oem_product_list,/home/shebahati/KaZar/Product and Data Complete/اندازه گیری/اینسایز/لیست محصولات.pdf,,sku_column,6973018c3eeaad81327c31084ff9185ac522573976edc678d4be2bd371d056bf,source_id=insize.product_list;normalized_sku=3203-125
INSIZE,3203-12A,1,oem_product_list,/home/shebahati/KaZar/Product and Data Complete/اندازه گیری/اینسایز/لیست محصولات.pdf,,sku_column,6973018c3eeaad81327c31084ff9185ac522573976edc678d4be2bd371d056bf,source_id=insize.product_list;normalized_sku=3203-12A
INSIZE,3203-150,1,oem_product_list,/home/shebahati/KaZar/Product and Data Complete/اندازه گیری/اینسایز/لیست محصولات.pdf,,sku_column,6973018c3eeaad81327c31084ff9185ac522573976edc678d4be2bd371d056bf,source_id=insize.product_list;normalized_sku=3203-150
INSIZE,3203-1506,1,oem_product_list,/home/shebahati/KaZar/Product and Data Complete/اندازه گیری/اینسایز/لیست محصولات.pdf,,sku_column,6973018c3eeaad81327c31084ff9185ac522573976edc678d4be2bd371d056bf,source_id=insize.product_list;normalized_sku=3203-1506
INSIZE,3203-175,1,oem_product_list,/home/shebahati/KaZar/Product and Data Complete/اندازه گیری/اینسایز/لیست محصولات.pdf,,sku_column,6973018c3eeaad81327c31084ff9185ac522573976edc678d4be2bd371d056bf,source_id=insize.product_list;normalized_sku=3203-175
INSIZE,3203-1A,1,oem_product_list,/home/shebahati/KaZar/Product and Data Complete/اندازه گیری/اینسایز/لیست محصولات.pdf,,sku_column,6973018c3eeaad81327c31084ff9185ac522573976edc678d4be2bd371d056bf,source_id=insize.product_list;normalized_sku=3203-1A
INSIZE,3203-200,1,oem_product_list,/home/shebahati/KaZar/Product and Data Complete/اندازه گیری/اینسایز/لیست محصولات.pdf,,sku_column,6973018c3eeaad81327c31084ff9185ac522573976edc678d4be2bd371d056bf,source_id=insize.product_list;normalized_sku=3203-200
INSIZE,3203-225,1,oem_product_list,/home/shebahati/KaZar/Product and Data Complete/اندازه گیری/اینسایز/لیست محصولات.pdf,,sku_column,6973018c3eeaad81327c31084ff9185ac522573976edc678d4be2bd371d056bf,source_id=insize.product_list;normalized_sku=3203-225
INSIZE,3203-25,1,oem_product_list,/home/shebahati/KaZar/Product and Data Complete/اندازه گیری/اینسایز/لیست محصولات.pdf,,sku_column,6973018c3eeaad81327c31084ff9185ac522573976edc678d4be2bd371d056bf,source_id=insize.product_list;normalized_sku=3203-25
INSIZE,3203-250,1,oem_product_list,/home/shebahati/KaZar/Product and Data Complete/اندازه گیری/اینسایز/لیست محصولات.pdf,,sku_column,6973018c3eeaad81327c31084ff9185ac522573976edc678d4be2bd371d056bf,source_id=insize.product_list;normalized_sku=3203-250
INSIZE,3203-275,1,oem_product_list,/home/shebahati/KaZar/Product and Data Complete/اندازه گیری/اینسایز/لیست محصولات.pdf,,sku_column,6973018c3eeaad81327c31084ff9185ac522573976edc678d4be2bd371d056bf,source_id=insize.product_list;normalized_sku=3203-275
INSIZE,3203-2A,1,oem_product_list,/home/shebahati/KaZar/Product and Data Complete/اندازه گیری/اینسایز/لیست محصولات.pdf,,sku_column,6973018c3eeaad81327c31084ff9185ac522573976edc678d4be2bd371d056bf,source_id=insize.product_list;normalized_sku=3203-2A
INSIZE,3203-300,1,oem_product_list,/home/shebahati/KaZar/Product and Data Complete/اندازه گیری/اینسایز/لیست محصولات.pdf,,sku_column,6973018c3eeaad81327c31084ff9185ac522573976edc678d4be2bd371d056bf,source_id=insize.product_list;normalized_sku=3203-300
INSIZE,3203-3006,1,oem_product_list,/home/shebahati/KaZar/Product and Data Complete/اندازه گیری/اینسایز/لیست محصولات.pdf,,sku_column,6973018c3eeaad81327c31084ff9185ac522573976edc678d4be2bd371d056bf,source_id=insize.product_list;normalized_sku=3203-3006
INSIZE,3203-3012,1,oem_product_list,/home/shebahati/KaZar/Product and Data Complete/اندازه گیری/اینسایز/لیست محصولات.pdf,,sku_column,6973018c3eeaad81327c31084ff9185ac522573976edc678d4be2bd371d056bf,source_id=insize.product_list;normalized_sku=3203-3012
INSIZE,3203-3A,1,oem_product_list,/home/shebahati/KaZar/Product and Data Complete/اندازه گیری/اینسایز/لیست محصولات.pdf,,sku_column,6973018c3eeaad81327c31084ff9185ac522573976edc678d4be2bd371d056bf,source_id=insize.product_list;normalized_sku=3203-3A
INSIZE,3203-4A,1,oem_product_list,/home/shebahati/KaZar/Product and Data Complete/اندازه گیری/اینسایز/لیست محصولات.pdf,,sku_column,6973018c3eeaad81327c31084ff9185ac522573976edc678d4be2bd371d056bf,source_id=insize.product_list;normalized_sku=3203-4A
INSIZE,3203-50,1,oem_product_list,/home/shebahati/KaZar/Product and Data Complete/اندازه گیری/اینسایز/لیست محصولات.pdf,,sku_column,6973018c3eeaad81327c31084ff9185ac522573976edc678d4be2bd371d056bf,source_id=insize.product_list;normalized_sku=3203-50
INSIZE,3203-5A,1,oem_product_list,/home/shebahati/KaZar/Product and Data Complete/اندازه گیری/اینسایز/لیست محصولات.pdf,,sku_column,6973018c3eeaad81327c31084ff9185ac522573976edc678d4be2bd371d056bf,source_id=insize.product_list;normalized_sku=3203-5A
INSIZE,3203-6A,1,oem_product_list,/home/shebahati/KaZar/Product and Data Complete/اندازه گیری/اینسایز/لیست محصولات.pdf,,sku_column,6973018c3eeaad81327c31084ff9185ac522573976edc678d4be2bd371d056bf,source_id=insize.product_list;normalized_sku=3203-6A
INSIZE,3203-75,1,oem_product_list,/home/shebahati/KaZar/Product and Data Complete/اندازه گیری/اینسایز/لیست محصولات.pdf,,sku_column,6973018c3eeaad81327c31084ff9185ac522573976edc678d4be2bd371d056bf,source_id=insize.product_list;normalized_sku=3203-75
INSIZE,3203-7A,1,oem_product_list,/home/shebahati/KaZar/Product and Data Complete/اندازه گیری/اینسایز/لیست محصولات.pdf,,sku_column,6973018c3eeaad81327c31084ff9185ac522573976edc678d4be2bd371d056bf,source_id=insize.product_list;normalized_sku=3203-7A
INSIZE,3203-8A,1,oem_product_list,/home/shebahati/KaZar/Product and Data Complete/اندازه گیری/اینسایز/لیست محصولات.pdf,,sku_column,6973018c3eeaad81327c31084ff9185ac522573976edc678d4be2bd371d056bf,source_id=insize.product_list;normalized_sku=3203-8A
INSIZE,3203-9A,1,oem_product_list,/home/shebahati/KaZar/Product and Data Complete/اندازه گیری/اینسایز/لیست محصولات.pdf,,sku_column,6973018c3eeaad81327c31084ff9185ac522573976edc678d4be2bd371d056bf,source_id=insize.product_list;normalized_sku=3203-9A
INSIZE,3205-1000,1,oem_product_list,/home/shebahati/KaZar/Product and Data Complete/اندازه گیری/اینسایز/لیست محصولات.pdf,,sku_column,6973018c3eeaad81327c31084ff9185ac522573976edc678d4be2bd371d056bf,source_id=insize.product_list;normalized_sku=3205-1000
INSIZE,3205-1200,1,oem_product_list,/home/shebahati/KaZar/Product and Data Complete/اندازه گیری/اینسایز/لیست محصولات.pdf,,sku_column,6973018c3eeaad81327c31084ff9185ac522573976edc678d4be2bd371d056bf,source_id=insize.product_list;normalized_sku=3205-1200
INSIZE,3205-1400,1,oem_product_list,/home/shebahati/KaZar/Product and Data Complete/اندازه گیری/اینسایز/لیست محصولات.pdf,,sku_column,6973018c3eeaad81327c31084ff9185ac522573976edc678d4be2bd371d056bf,source_id=insize.product_list;normalized_sku=3205-1400
INSIZE,3205-1600,1,oem_product_list,/home/shebahati/KaZar/Product and Data Complete/اندازه گیری/اینسایز/لیست محصولات.pdf,,sku_column,6973018c3eeaad81327c31084ff9185ac522573976edc678d4be2bd371d056bf,source_id=insize.product_list;normalized_sku=3205-1600
INSIZE,3205-1800,1,oem_product_list,/home/shebahati/KaZar/Product and Data Complete/اندازه گیری/اینسایز/لیست محصولات.pdf,,sku_column,6973018c3eeaad81327c31084ff9185ac522573976edc678d4be2bd371d056bf,source_id=insize.product_list;normalized_sku=3205-1800
INSIZE,3205-400,1,oem_product_list,/home/shebahati/KaZar/Product and Data Complete/اندازه گیری/اینسایز/لیست محصولات.pdf,,sku_column,6973018c3eeaad81327c31084ff9185ac522573976edc678d4be2bd371d056bf,source_id=insize.product_list;normalized_sku=3205-400
INSIZE,3205-500,1,oem_product_list,/home/shebahati/KaZar/Product and Data Complete/اندازه گیری/اینسایز/لیست محصولات.pdf,,sku_column,6973018c3eeaad81327c31084ff9185ac522573976edc678d4be2bd371d056bf,source_id=insize.product_list;normalized_sku=3205-500
INSIZE,3205-600,1,oem_product_list,/home/shebahati/KaZar/Product and Data Complete/اندازه گیری/اینسایز/لیست محصولات.pdf,,sku_column,6973018c3eeaad81327c31084ff9185ac522573976edc678d4be2bd371d056bf,source_id=insize.product_list;normalized_sku=3205-600
INSIZE,3205-700,1,oem_product_list,/home/shebahati/KaZar/Product and Data Complete/اندازه گیری/اینسایز/لیست محصولات.pdf,,sku_column,6973018c3eeaad81327c31084ff9185ac522573976edc678d4be2bd371d056bf,source_id=insize.product_list;normalized_sku=3205-700
INSIZE,3205-800,1,oem_product_list,/home/shebahati/KaZar/Product and Data Complete/اندازه گیری/اینسایز/لیست محصولات.pdf,,sku_column,6973018c3eeaad81327c31084ff9185ac522573976edc678d4be2bd371d056bf,source_id=insize.product_list;normalized_sku=3205-800
INSIZE,3205-900,1,oem_product_list,/home/shebahati/KaZar/Product and Data Complete/اندازه گیری/اینسایز/لیست محصولات.pdf,,sku_column,6973018c3eeaad81327c31084ff9185ac522573976edc678d4be2bd371d056bf,source_id=insize.product_list;normalized_sku=3205-900
INSIZE,3206-150,1,oem_product_list,/home/shebahati/KaZar/Product and Data Complete/اندازه گیری/اینسایز/لیست محصولات.pdf,,sku_column,6973018c3eeaad81327c31084ff9185ac522573976edc678d4be2bd371d056bf,source_id=insize.product_list;normalized_sku=3206-150
INSIZE,3206-200,1,oem_product_list,/home/shebahati/KaZar/Product and Data Complete/اندازه گیری/اینسایز/لیست محصولات.pdf,,sku_column,6973018c3eeaad81327c31084ff9185ac522573976edc678d4be2bd371d056bf,source_id=insize.product_list;normalized_sku=3206-200
INSIZE,3206-300,1,oem_product_list,/home/shebahati/KaZar/Product and Data Complete/اندازه گیری/اینسایز/لیست محصولات.pdf,,sku_column,6973018c3eeaad81327c31084ff9185ac522573976edc678d4be2bd371d056bf,source_id=insize.product_list;normalized_sku=3206-300
INSIZE,3206-301,1,oem_product_list,/home/shebahati/KaZar/Product and Data Complete/اندازه گیری/اینسایز/لیست محصولات.pdf,,sku_column,6973018c3eeaad81327c31084ff9185ac522573976edc678d4be2bd371d056bf,source_id=insize.product_list;normalized_sku=3206-301
INSIZE,3210-100,1,oem_product_list,/home/shebahati/KaZar/Product and Data Complete/اندازه گیری/اینسایز/لیست محصولات.pdf,,sku_column,6973018c3eeaad81327c31084ff9185ac522573976edc678d4be2bd371d056bf,source_id=insize.product_list;normalized_sku=3210-100
INSIZE,3210-25,1,oem_product_list,/home/shebahati/KaZar/Product and Data Complete/اندازه گیری/اینسایز/لیست محصولات.pdf,,sku_column,6973018c3eeaad81327c31084ff9185ac522573976edc678d4be2bd371d056bf,source_id=insize.product_list;normalized_sku=3210-25
INSIZE,3210-50,1,oem_product_list,/home/shebahati/KaZar/Product and Data Complete/اندازه گیری/اینسایز/لیست محصولات.pdf,,sku_column,6973018c3eeaad81327c31084ff9185ac522573976edc678d4be2bd371d056bf,source_id=insize.product_list;normalized_sku=3210-50
INSIZE,3210-75,1,oem_product_list,/home/shebahati/KaZar/Product and Data Complete/اندازه گیری/اینسایز/لیست محصولات.pdf,,sku_column,6973018c3eeaad81327c31084ff9185ac522573976edc678d4be2bd371d056bf,source_id=insize.product_list;normalized_sku=3210-75
INSIZE,3220-100,1,oem_product_list,/home/shebahati/KaZar/Product and Data Complete/اندازه گیری/اینسایز/لیست محصولات.pdf,,sku_column,6973018c3eeaad81327c31084ff9185ac522573976edc678d4be2bd371d056bf,source_id=insize.product_list;normalized_sku=3220-100
INSIZE,3220-30,1,oem_product_list,/home/shebahati/KaZar/Product and Data Complete/اندازه گیری/اینسایز/لیست محصولات.pdf,,sku_column,6973018c3eeaad81327c31084ff9185ac522573976edc678d4be2bd371d056bf,source_id=insize.product_list;normalized_sku=3220-30
INSIZE,3220-50,1,oem_product_list,/home/shebahati/KaZar/Product and Data Complete/اندازه گیری/اینسایز/لیست محصولات.pdf,,sku_column,6973018c3eeaad81327c31084ff9185ac522573976edc678d4be2bd371d056bf,source_id=insize.product_list;normalized_sku=3220-50
INSIZE,3220-75,1,oem_product_list,/home/shebahati/KaZar/Product and Data Complete/اندازه گیری/اینسایز/لیست محصولات.pdf,,sku_column,6973018c3eeaad81327c31084ff9185ac522573976edc678d4be2bd371d056bf,source_id=insize.product_list;normalized_sku=3220-75
INSIZE,3222-1000,1,oem_product_list,/home/shebahati/KaZar/Product and Data Complete/اندازه گیری/اینسایز/لیست محصولات.pdf,,sku_column,6973018c3eeaad81327c31084ff9185ac522573976edc678d4be2bd371d056bf,source_id=insize.product_list;normalized_sku=3222-1000
INSIZE,3222-12,1,oem_product_list,/home/shebahati/KaZar/Product and Data Complete/اندازه گیری/اینسایز/لیست محصولات.pdf,,sku_column,6973018c3eeaad81327c31084ff9185ac522573976edc678d4be2bd371d056bf,source_id=insize.product_list;normalized_sku=3222-12
INSIZE,3222-1500,1,oem_product_list,/home/shebahati/KaZar/Product and Data Complete/اندازه گیری/اینسایز/لیست محصولات.pdf,,sku_column,6973018c3eeaad81327c31084ff9185ac522573976edc678d4be2bd371d056bf,source_id=insize.product_list;normalized_sku=3222-1500
INSIZE,3222-300,1,oem_product_list,/home/shebahati/KaZar/Product and Data Complete/اندازه گیری/اینسایز/لیست محصولات.pdf,,sku_column,6973018c3eeaad81327c31084ff9185ac522573976edc678d4be2bd371d056bf,source_id=insize.product_list;normalized_sku=3222-300
INSIZE,3222-500,1,oem_product_list,/home/shebahati/KaZar/Product and Data Complete/اندازه گیری/اینسایز/لیست محصولات.pdf,,sku_column,6973018c3eeaad81327c31084ff9185ac522573976edc678d4be2bd371d056bf,source_id=insize.product_list;normalized_sku=3222-500
INSIZE,3222-600,1,oem_product_list,/home/shebahati/KaZar/Product and Data Complete/اندازه گیری/اینسایز/لیست محصولات.pdf,,sku_column,6973018c3eeaad81327c31084ff9185ac522573976edc678d4be2bd371d056bf,source_id=insize.product_list;normalized_sku=3222-600
INSIZE,3225-2100,1,oem_product_list,/home/shebahati/KaZar/Product and Data Complete/اندازه گیری/اینسایز/لیست محصولات.pdf,,sku_column,6973018c3eeaad81327c31084ff9185ac522573976edc678d4be2bd371d056bf,source_id=insize.product_list;normalized_sku=3225-2100
INSIZE,3227-10,1,oem_product_list,/home/shebahati/KaZar/Product and Data Complete/اندازه گیری/اینسایز/لیست محصولات.pdf,,sku_column,6973018c3eeaad81327c31084ff9185ac522573976edc678d4be2bd371d056bf,source_id=insize.product_list;normalized_sku=3227-10
INSIZE,3227-100,1,oem_product_list,/home/shebahati/KaZar/Product and Data Complete/اندازه گیری/اینسایز/لیست محصولات.pdf,,sku_column,6973018c3eeaad81327c31084ff9185ac522573976edc678d4be2bd371d056bf,source_id=insize.product_list;normalized_sku=3227-100
INSIZE,3227-1004,1,oem_product_list,/home/shebahati/KaZar/Product and Data Complete/اندازه گیری/اینسایز/لیست محصولات.pdf,,sku_column,6973018c3eeaad81327c31084ff9185ac522573976edc678d4be2bd371d056bf,source_id=insize.product_list;normalized_sku=3227-1004
INSIZE,3227-12,1,oem_product_list,/home/shebahati/KaZar/Product and Data Complete/اندازه گیری/اینسایز/لیست محصولات.pdf,,sku_column,6973018c3eeaad81327c31084ff9185ac522573976edc678d4be2bd371d056bf,source_id=insize.product_list;normalized_sku=3227-12
INSIZE,3227-123,1,oem_product_list,/home/shebahati/KaZar/Product and Data Complete/اندازه گیری/اینسایز/لیست محصولات.pdf,,sku_column,6973018c3eeaad81327c31084ff9185ac522573976edc678d4be2bd371d056bf,source_id=insize.product_list;normalized_sku=3227-123
INSIZE,3227-125,1,oem_product_list,/home/shebahati/KaZar/Product and Data Complete/اندازه گیری/اینسایز/لیست محصولات.pdf,,sku_column,6973018c3eeaad81327c31084ff9185ac522573976edc678d4be2bd371d056bf,source_id=insize.product_list;normalized_sku=3227-125
INSIZE,3227-150,1,oem_product_list,/home/shebahati/KaZar/Product and Data Complete/اندازه گیری/اینسایز/لیست محصولات.pdf,,sku_column,6973018c3eeaad81327c31084ff9185ac522573976edc678d4be2bd371d056bf,source_id=insize.product_list;normalized_sku=3227-150
INSIZE,3227-16,1,oem_product_list,/home/shebahati/KaZar/Product and Data Complete/اندازه گیری/اینسایز/لیست محصولات.pdf,,sku_column,6973018c3eeaad81327c31084ff9185ac522573976edc678d4be2bd371d056bf,source_id=insize.product_list;normalized_sku=3227-16
INSIZE,3227-175,1,oem_product_list,/home/shebahati/KaZar/Product and Data Complete/اندازه گیری/اینسایز/لیست محصولات.pdf,,sku_column,6973018c3eeaad81327c31084ff9185ac522573976edc678d4be2bd371d056bf,source_id=insize.product_list;normalized_sku=3227-175
INSIZE,3227-20,1,oem_product_list,/home/shebahati/KaZar/Product and Data Complete/اندازه گیری/اینسایز/لیست محصولات.pdf,,sku_column,6973018c3eeaad81327c31084ff9185ac522573976edc678d4be2bd371d056bf,source_id=insize.product_list;normalized_sku=3227-20
INSIZE,3227-200,1,oem_product_list,/home/shebahati/KaZar/Product and Data Complete/اندازه گیری/اینسایز/لیست محصولات.pdf,,sku_column,6973018c3eeaad81327c31084ff9185ac522573976edc678d4be2bd371d056bf,source_id=insize.product_list;normalized_sku=3227-200
INSIZE,3227-202,1,oem_product_list,/home/shebahati/KaZar/Product and Data Complete/اندازه گیری/اینسایز/لیست محصولات.pdf,,sku_column,6973018c3eeaad81327c31084ff9185ac522573976edc678d4be2bd371d056bf,source_id=insize.product_list;normalized_sku=3227-202
INSIZE,3227-25,1,oem_product_list,/home/shebahati/KaZar/Product and Data Complete/اندازه گیری/اینسایز/لیست محصولات.pdf,,sku_column,6973018c3eeaad81327c31084ff9185ac522573976edc678d4be2bd371d056bf,source_id=insize.product_list;normalized_sku=3227-25
INSIZE,3227-30,1,oem_product_list,/home/shebahati/KaZar/Product and Data Complete/اندازه گیری/اینسایز/لیست محصولات.pdf,,sku_column,6973018c3eeaad81327c31084ff9185ac522573976edc678d4be2bd371d056bf,source_id=insize.product_list;normalized_sku=3227-30
INSIZE,3227-40,1,oem_product_list,/home/shebahati/KaZar/Product and Data Complete/اندازه گیری/اینسایز/لیست محصولات.pdf,,sku_column,6973018c3eeaad81327c31084ff9185ac522573976edc678d4be2bd371d056bf,source_id=insize.product_list;normalized_sku=3227-40
INSIZE,3227-50,1,oem_product_list,/home/shebahati/KaZar/Product and Data Complete/اندازه گیری/اینسایز/لیست محصولات.pdf,,sku_column,6973018c3eeaad81327c31084ff9185ac522573976edc678d4be2bd371d056bf,source_id=insize.product_list;normalized_sku=3227-50
INSIZE,3227-504,1,oem_product_list,/home/shebahati/KaZar/Product and Data Complete/اندازه گیری/اینسایز/لیست محصولات.pdf,,sku_column,6973018c3eeaad81327c31084ff9185ac522573976edc678d4be2bd371d056bf,source_id=insize.product_list;normalized_sku=3227-504
INSIZE,3227-6,1,oem_product_list,/home/shebahati/KaZar/Product and Data Complete/اندازه گیری/اینسایز/لیست محصولات.pdf,,sku_column,6973018c3eeaad81327c31084ff9185ac522573976edc678d4be2bd371d056bf,source_id=insize.product_list;normalized_sku=3227-6
INSIZE,3227-63,1,oem_product_list,/home/shebahati/KaZar/Product and Data Complete/اندازه گیری/اینسایز/لیست محصولات.pdf,,sku_column,6973018c3eeaad81327c31084ff9185ac522573976edc678d4be2bd371d056bf,source_id=insize.product_list;normalized_sku=3227-63
INSIZE,3227-75,1,oem_product_list,/home/shebahati/KaZar/Product and Data Complete/اندازه گیری/اینسایز/لیست محصولات.pdf,,sku_column,6973018c3eeaad81327c31084ff9185ac522573976edc678d4be2bd371d056bf,source_id=insize.product_list;normalized_sku=3227-75
INSIZE,3227-8,1,oem_product_list,/home/shebahati/KaZar/Product and Data Complete/اندازه گیری/اینسایز/لیست محصولات.pdf,,sku_column,6973018c3eeaad81327c31084ff9185ac522573976edc678d4be2bd371d056bf,source_id=insize.product_list;normalized_sku=3227-8
INSIZE,3227-88,1,oem_product_list,/home/shebahati/KaZar/Product and Data Complete/اندازه گیری/اینسایز/لیست محصولات.pdf,,sku_column,6973018c3eeaad81327c31084ff9185ac522573976edc678d4be2bd371d056bf,source_id=insize.product_list;normalized_sku=3227-88
INSIZE,3230-25BA,1,oem_product_list,/home/shebahati/KaZar/Product and Data Complete/اندازه گیری/اینسایز/لیست محصولات.pdf,,sku_column,6973018c3eeaad81327c31084ff9185ac522573976edc678d4be2bd371d056bf,source_id=insize.product_list;normalized_sku=3230-25BA
INSIZE,3232-100,1,oem_product_list,/home/shebahati/KaZar/Product and Data Complete/اندازه گیری/اینسایز/لیست محصولات.pdf,,sku_column,6973018c3eeaad81327c31084ff9185ac522573976edc678d4be2bd371d056bf,source_id=insize.product_list;normalized_sku=3232-100
INSIZE,3232-75,1,oem_product_list,/home/shebahati/KaZar/Product and Data Complete/اندازه گیری/اینسایز/لیست محصولات.pdf,,sku_column,6973018c3eeaad81327c31084ff9185ac522573976edc678d4be2bd371d056bf,source_id=insize.product_list;normalized_sku=3232-75
INSIZE,3240-100,1,oem_product_list,/home/shebahati/KaZar/Product and Data Complete/اندازه گیری/اینسایز/لیست محصولات.pdf,,sku_column,6973018c3eeaad81327c31084ff9185ac522573976edc678d4be2bd371d056bf,source_id=insize.product_list;normalized_sku=3240-100
INSIZE,3240-150,1,oem_product_list,/home/shebahati/KaZar/Product and Data Complete/اندازه گیری/اینسایز/لیست محصولات.pdf,,sku_column,6973018c3eeaad81327c31084ff9185ac522573976edc678d4be2bd371d056bf,source_id=insize.product_list;normalized_sku=3240-150
INSIZE,3240-25,1,oem_product_list,/home/shebahati/KaZar/Product and Data Complete/اندازه گیری/اینسایز/لیست محصولات.pdf,,sku_column,6973018c3eeaad81327c31084ff9185ac522573976edc678d4be2bd371d056bf,source_id=insize.product_list;normalized_sku=3240-25
INSIZE,3240-300,1,oem_product_list,/home/shebahati/KaZar/Product and Data Complete/اندازه گیری/اینسایز/لیست محصولات.pdf,,sku_column,6973018c3eeaad81327c31084ff9185ac522573976edc678d4be2bd371d056bf,source_id=insize.product_list;normalized_sku=3240-300
INSIZE,3260-25,1,oem_product_list,/home/shebahati/KaZar/Product and Data Complete/اندازه گیری/اینسایز/لیست محصولات.pdf,,sku_column,6973018c3eeaad81327c31084ff9185ac522573976edc678d4be2bd371d056bf,source_id=insize.product_list;normalized_sku=3260-25
INSIZE,3260-25SA,1,oem_product_list,/home/shebahati/KaZar/Product and Data Complete/اندازه گیری/اینسایز/لیست محصولات.pdf,,sku_column,6973018c3eeaad81327c31084ff9185ac522573976edc678d4be2bd371d056bf,source_id=insize.product_list;normalized_sku=3260-25SA
INSIZE,3282-100,1,oem_product_list,/home/shebahati/KaZar/Product and Data Complete/اندازه گیری/اینسایز/لیست محصولات.pdf,,sku_column,6973018c3eeaad81327c31084ff9185ac522573976edc678d4be2bd371d056bf,source_id=insize.product_list;normalized_sku=3282-100
INSIZE,3282-25,1,oem_product_list,/home/shebahati/KaZar/Product and Data Complete/اندازه گیری/اینسایز/لیست محصولات.pdf,,sku_column,6973018c3eeaad81327c31084ff9185ac522573976edc678d4be2bd371d056bf,source_id=insize.product_list;normalized_sku=3282-25
INSIZE,3282-50,1,oem_product_list,/home/shebahati/KaZar/Product and Data Complete/اندازه گیری/اینسایز/لیست محصولات.pdf,,sku_column,6973018c3eeaad81327c31084ff9185ac522573976edc678d4be2bd371d056bf,source_id=insize.product_list;normalized_sku=3282-50
INSIZE,3282-75,1,oem_product_list,/home/shebahati/KaZar/Product and Data Complete/اندازه گیری/اینسایز/لیست محصولات.pdf,,sku_column,6973018c3eeaad81327c31084ff9185ac522573976edc678d4be2bd371d056bf,source_id=insize.product_list;normalized_sku=3282-75
INSIZE,3287-25B,1,oem_product_list,/home/shebahati/KaZar/Product and Data Complete/اندازه گیری/اینسایز/لیست محصولات.pdf,,sku_column,6973018c3eeaad81327c31084ff9185ac522573976edc678d4be2bd371d056bf,source_id=insize.product_list;normalized_sku=3287-25B
INSIZE,3290-153,1,oem_product_list,/home/shebahati/KaZar/Product and Data Complete/اندازه گیری/اینسایز/لیست محصولات.pdf,,sku_column,6973018c3eeaad81327c31084ff9185ac522573976edc678d4be2bd371d056bf,source_id=insize.product_list;normalized_sku=3290-153
INSIZE,3290-203,1,oem_product_list,/home/shebahati/KaZar/Product and Data Complete/اندازه گیری/اینسایز/لیست محصولات.pdf,,sku_column,6973018c3eeaad81327c31084ff9185ac522573976edc678d4be2bd371d056bf,source_id=insize.product_list;normalized_sku=3290-203
INSIZE,3290-455,1,oem_product_list,/home/shebahati/KaZar/Product and Data Complete/اندازه گیری/اینسایز/لیست محصولات.pdf,,sku_column,6973018c3eeaad81327c31084ff9185ac522573976edc678d4be2bd371d056bf,source_id=insize.product_list;normalized_sku=3290-455
INSIZE,3291-25,1,oem_product_list,/home/shebahati/KaZar/Product and Data Complete/اندازه گیری/اینسایز/لیست محصولات.pdf,,sku_column,6973018c3eeaad81327c31084ff9185ac522573976edc678d4be2bd371d056bf,source_id=insize.product_list;normalized_sku=3291-25
INSIZE,3293-131,1,oem_product_list,/home/shebahati/KaZar/Product and Data Complete/اندازه گیری/اینسایز/لیست محصولات.pdf,,sku_column,6973018c3eeaad81327c31084ff9185ac522573976edc678d4be2bd371d056bf,source_id=insize.product_list;normalized_sku=3293-131
INSIZE,3332-25,1,oem_product_list,/home/shebahati/KaZar/Product and Data Complete/اندازه گیری/اینسایز/لیست محصولات.pdf,,sku_column,6973018c3eeaad81327c31084ff9185ac522573976edc678d4be2bd371d056bf,source_id=insize.product_list;normalized_sku=3332-25
INSIZE,3358-25,1,oem_product_list,/home/shebahati/KaZar/Product and Data Complete/اندازه گیری/اینسایز/لیست محصولات.pdf,,sku_column,6973018c3eeaad81327c31084ff9185ac522573976edc678d4be2bd371d056bf,source_id=insize.product_list;normalized_sku=3358-25
INSIZE,3400-25,1,oem_product_list,/home/shebahati/KaZar/Product and Data Complete/اندازه گیری/اینسایز/لیست محصولات.pdf,,sku_column,6973018c3eeaad81327c31084ff9185ac522573976edc678d4be2bd371d056bf,source_id=insize.product_list;normalized_sku=3400-25
INSIZE,3506-150,1,oem_product_list,/home/shebahati/KaZar/Product and Data Complete/اندازه گیری/اینسایز/لیست محصولات.pdf,,sku_column,6973018c3eeaad81327c31084ff9185ac522573976edc678d4be2bd371d056bf,source_id=insize.product_list;normalized_sku=3506-150
INSIZE,3506-300,1,oem_product_list,/home/shebahati/KaZar/Product and Data Complete/اندازه گیری/اینسایز/لیست محصولات.pdf,,sku_column,6973018c3eeaad81327c31084ff9185ac522573976edc678d4be2bd371d056bf,source_id=insize.product_list;normalized_sku=3506-300
INSIZE,3506-400,1,oem_product_list,/home/shebahati/KaZar/Product and Data Complete/اندازه گیری/اینسایز/لیست محصولات.pdf,,sku_column,6973018c3eeaad81327c31084ff9185ac522573976edc678d4be2bd371d056bf,source_id=insize.product_list;normalized_sku=3506-400
INSIZE,3506-500,1,oem_product_list,/home/shebahati/KaZar/Product and Data Complete/اندازه گیری/اینسایز/لیست محصولات.pdf,,sku_column,6973018c3eeaad81327c31084ff9185ac522573976edc678d4be2bd371d056bf,source_id=insize.product_list;normalized_sku=3506-500
INSIZE,3506-600,1,oem_product_list,/home/shebahati/KaZar/Product and Data Complete/اندازه گیری/اینسایز/لیست محصولات.pdf,,sku_column,6973018c3eeaad81327c31084ff9185ac522573976edc678d4be2bd371d056bf,source_id=insize.product_list;normalized_sku=3506-600
INSIZE,3520-100,1,oem_product_list,/home/shebahati/KaZar/Product and Data Complete/اندازه گیری/اینسایز/لیست محصولات.pdf,,sku_column,6973018c3eeaad81327c31084ff9185ac522573976edc678d4be2bd371d056bf,source_id=insize.product_list;normalized_sku=3520-100
INSIZE,3520-30,1,oem_product_list,/home/shebahati/KaZar/Product and Data Complete/اندازه گیری/اینسایز/لیست محصولات.pdf,,sku_column,6973018c3eeaad81327c31084ff9185ac522573976edc678d4be2bd371d056bf,source_id=insize.product_list;normalized_sku=3520-30
INSIZE,3520-50,1,oem_product_list,/home/shebahati/KaZar/Product and Data Complete/اندازه گیری/اینسایز/لیست محصولات.pdf,,sku_column,6973018c3eeaad81327c31084ff9185ac522573976edc678d4be2bd371d056bf,source_id=insize.product_list;normalized_sku=3520-50
INSIZE,3520-75,1,oem_product_list,/home/shebahati/KaZar/Product and Data Complete/اندازه گیری/اینسایز/لیست محصولات.pdf,,sku_column,6973018c3eeaad81327c31084ff9185ac522573976edc678d4be2bd371d056bf,source_id=insize.product_list;normalized_sku=3520-75
INSIZE,3521-2000,1,oem_product_list,/home/shebahati/KaZar/Product and Data Complete/اندازه گیری/اینسایز/لیست محصولات.pdf,,sku_column,6973018c3eeaad81327c31084ff9185ac522573976edc678d4be2bd371d056bf,source_id=insize.product_list;normalized_sku=3521-2000
INSIZE,3530-25BA,1,oem_product_list,/home/shebahati/KaZar/Product and Data Complete/اندازه گیری/اینسایز/لیست محصولات.pdf,,sku_column,6973018c3eeaad81327c31084ff9185ac522573976edc678d4be2bd371d056bf,source_id=insize.product_list;normalized_sku=3530-25BA
INSIZE,3540-150,1,oem_product_list,/home/shebahati/KaZar/Product and Data Complete/اندازه گیری/اینسایز/لیست محصولات.pdf,,sku_column,6973018c3eeaad81327c31084ff9185ac522573976edc678d4be2bd371d056bf,source_id=insize.product_list;normalized_sku=3540-150
INSIZE,3540-300,1,oem_product_list,/home/shebahati/KaZar/Product and Data Complete/اندازه گیری/اینسایز/لیست محصولات.pdf,,sku_column,6973018c3eeaad81327c31084ff9185ac522573976edc678d4be2bd371d056bf,source_id=insize.product_list;normalized_sku=3540-300
INSIZE,3540-50,1,oem_product_list,/home/shebahati/KaZar/Product and Data Complete/اندازه گیری/اینسایز/لیست محصولات.pdf,,sku_column,6973018c3eeaad81327c31084ff9185ac522573976edc678d4be2bd371d056bf,source_id=insize.product_list;normalized_sku=3540-50
INSIZE,3560-25,1,oem_product_list,/home/shebahati/KaZar/Product and Data Complete/اندازه گیری/اینسایز/لیست محصولات.pdf,,sku_column,6973018c3eeaad81327c31084ff9185ac522573976edc678d4be2bd371d056bf,source_id=insize.product_list;normalized_sku=3560-25
INSIZE,3590-153,1,oem_product_list,/home/shebahati/KaZar/Product and Data Complete/اندازه گیری/اینسایز/لیست محصولات.pdf,,sku_column,6973018c3eeaad81327c31084ff9185ac522573976edc678d4be2bd371d056bf,source_id=insize.product_list;normalized_sku=3590-153
INSIZE,3594-25,1,oem_product_list,/home/shebahati/KaZar/Product and Data Complete/اندازه گیری/اینسایز/لیست محصولات.pdf,,sku_column,6973018c3eeaad81327c31084ff9185ac522573976edc678d4be2bd371d056bf,source_id=insize.product_list;normalized_sku=3594-25
INSIZE,3594-50,1,oem_product_list,/home/shebahati/KaZar/Product and Data Complete/اندازه گیری/اینسایز/لیست محصولات.pdf,,sku_column,6973018c3eeaad81327c31084ff9185ac522573976edc678d4be2bd371d056bf,source_id=insize.product_list;normalized_sku=3594-50
INSIZE,4100-1112,1,oem_product_list,/home/shebahati/KaZar/Product and Data Complete/اندازه گیری/اینسایز/لیست محصولات.pdf,,sku_column,6973018c3eeaad81327c31084ff9185ac522573976edc678d4be2bd371d056bf,source_id=insize.product_list;normalized_sku=4100-1112
INSIZE,4100-18,1,oem_product_list,/home/shebahati/KaZar/Product and Data Complete/اندازه گیری/اینسایز/لیست محصولات.pdf,,sku_column,6973018c3eeaad81327c31084ff9185ac522573976edc678d4be2bd371d056bf,source_id=insize.product_list;normalized_sku=4100-18
INSIZE,4100-187,1,oem_product_list,/home/shebahati/KaZar/Product and Data Complete/اندازه گیری/اینسایز/لیست محصولات.pdf,,sku_column,6973018c3eeaad81327c31084ff9185ac522573976edc678d4be2bd371d056bf,source_id=insize.product_list;normalized_sku=4100-187
INSIZE,4100-2112,1,oem_product_list,/home/shebahati/KaZar/Product and Data Complete/اندازه گیری/اینسایز/لیست محصولات.pdf,,sku_column,6973018c3eeaad81327c31084ff9185ac522573976edc678d4be2bd371d056bf,source_id=insize.product_list;normalized_sku=4100-2112
INSIZE,4100-2122,1,oem_product_list,/home/shebahati/KaZar/Product and Data Complete/اندازه گیری/اینسایز/لیست محصولات.pdf,,sku_column,6973018c3eeaad81327c31084ff9185ac522573976edc678d4be2bd371d056bf,source_id=insize.product_list;normalized_sku=4100-2122
INSIZE,4100-232,1,oem_product_list,/home/shebahati/KaZar/Product and Data Complete/اندازه گیری/اینسایز/لیست محصولات.pdf,,sku_column,6973018c3eeaad81327c31084ff9185ac522573976edc678d4be2bd371d056bf,source_id=insize.product_list;normalized_sku=4100-232
INSIZE,4100-247,1,oem_product_list,/home/shebahati/KaZar/Product and Data Complete/اندازه گیری/اینسایز/لیست محصولات.pdf,,sku_column,6973018c3eeaad81327c31084ff9185ac522573976edc678d4be2bd371d056bf,source_id=insize.product_list;normalized_sku=4100-247
INSIZE,4100-287,1,oem_product_list,/home/shebahati/KaZar/Product and Data Complete/اندازه گیری/اینسایز/لیست محصولات.pdf,,sku_column,6973018c3eeaad81327c31084ff9185ac522573976edc678d4be2bd371d056bf,source_id=insize.product_list;normalized_sku=4100-287
INSIZE,4100-8,1,oem_product_list,/home/shebahati/KaZar/Product and Data Complete/اندازه گیری/اینسایز/لیست محصولات.pdf,,sku_column,6973018c3eeaad81327c31084ff9185ac522573976edc678d4be2bd371d056bf,source_id=insize.product_list;normalized_sku=4100-8
INSIZE,4101-C1000,1,oem_product_list,/home/shebahati/KaZar/Product and Data Complete/اندازه گیری/اینسایز/لیست محصولات.pdf,,sku_column,6973018c3eeaad81327c31084ff9185ac522573976edc678d4be2bd371d056bf,source_id=insize.product_list;normalized_sku=4101-C1000
INSIZE,4120-10,1,oem_product_list,/home/shebahati/KaZar/Product and Data Complete/اندازه گیری/اینسایز/لیست محصولات.pdf,,sku_column,6973018c3eeaad81327c31084ff9185ac522573976edc678d4be2bd371d056bf,source_id=insize.product_list;normalized_sku=4120-10
INSIZE,4120-10N,1,oem_product_list,/home/shebahati/KaZar/Product and Data Complete/اندازه گیری/اینسایز/لیست محصولات.pdf,,sku_column,6973018c3eeaad81327c31084ff9185ac522573976edc678d4be2bd371d056bf,source_id=insize.product_list;normalized_sku=4120-10N
INSIZE,4120-12,1,oem_product_list,/home/shebahati/KaZar/Product and Data Complete/اندازه گیری/اینسایز/لیست محصولات.pdf,,sku_column,6973018c3eeaad81327c31084ff9185ac522573976edc678d4be2bd371d056bf,source_id=insize.product_list;normalized_sku=4120-12
INSIZE,4120-12N,1,oem_product_list,/home/shebahati/KaZar/Product and Data Complete/اندازه گیری/اینسایز/لیست محصولات.pdf,,sku_column,6973018c3eeaad81327c31084ff9185ac522573976edc678d4be2bd371d056bf,source_id=insize.product_list;normalized_sku=4120-12N
INSIZE,4120-14,1,oem_product_list,/home/shebahati/KaZar/Product and Data Complete/اندازه گیری/اینسایز/لیست محصولات.pdf,,sku_column,6973018c3eeaad81327c31084ff9185ac522573976edc678d4be2bd371d056bf,source_id=insize.product_list;normalized_sku=4120-14
INSIZE,4120-14N,1,oem_product_list,/home/shebahati/KaZar/Product and Data Complete/اندازه گیری/اینسایز/لیست محصولات.pdf,,sku_column,6973018c3eeaad81327c31084ff9185ac522573976edc678d4be2bd371d056bf,source_id=insize.product_list;normalized_sku=4120-14N
INSIZE,4120-16,1,oem_product_list,/home/shebahati/KaZar/Product and Data Complete/اندازه گیری/اینسایز/لیست محصولات.pdf,,sku_column,6973018c3eeaad81327c31084ff9185ac522573976edc678d4be2bd371d056bf,source_id=insize.product_list;normalized_sku=4120-16
INSIZE,4120-16N,1,oem_product_list,/home/shebahati/KaZar/Product and Data Complete/اندازه گیری/اینسایز/لیست محصولات.pdf,,sku_column,6973018c3eeaad81327c31084ff9185ac522573976edc678d4be2bd371d056bf,source_id=insize.product_list;normalized_sku=4120-16N
INSIZE,4120-18,1,oem_product_list,/home/shebahati/KaZar/Product and Data Complete/اندازه گیری/اینسایز/لیست محصولات.pdf,,sku_column,6973018c3eeaad81327c31084ff9185ac522573976edc678d4be2bd371d056bf,source_id=insize.product_list;normalized_sku=4120-18
INSIZE,4120-18N,1,oem_product_list,/home/shebahati/KaZar/Product and Data Complete/اندازه گیری/اینسایز/لیست محصولات.pdf,,sku_column,6973018c3eeaad81327c31084ff9185ac522573976edc678d4be2bd371d056bf,source_id=insize.product_list;normalized_sku=4120-18N
INSIZE,4120-20,1,oem_product_list,/home/shebahati/KaZar/Product and Data Complete/اندازه گیری/اینسایز/لیست محصولات.pdf,,sku_column,6973018c3eeaad81327c31084ff9185ac522573976edc678d4be2bd371d056bf,source_id=insize.product_list;normalized_sku=4120-20
INSIZE,4120-20N,1,oem_product_list,/home/shebahati/KaZar/Product and Data Complete/اندازه گیری/اینسایز/لیست محصولات.pdf,,sku_column,6973018c3eeaad81327c31084ff9185ac522573976edc678d4be2bd371d056bf,source_id=insize.product_list;normalized_sku=4120-20N
INSIZE,4120-22,1,oem_product_list,/home/shebahati/KaZar/Product and Data Complete/اندازه گیری/اینسایز/لیست محصولات.pdf,,sku_column,6973018c3eeaad81327c31084ff9185ac522573976edc678d4be2bd371d056bf,source_id=insize.product_list;normalized_sku=4120-22
INSIZE,4120-22N,1,oem_product_list,/home/shebahati/KaZar/Product and Data Complete/اندازه گیری/اینسایز/لیست محصولات.pdf,,sku_column,6973018c3eeaad81327c31084ff9185ac522573976edc678d4be2bd371d056bf,source_id=insize.product_list;normalized_sku=4120-22N
INSIZE,4120-24,1,oem_product_list,/home/shebahati/KaZar/Product and Data Complete/اندازه گیری/اینسایز/لیست محصولات.pdf,,sku_column,6973018c3eeaad81327c31084ff9185ac522573976edc678d4be2bd371d056bf,source_id=insize.product_list;normalized_sku=4120-24
INSIZE,4120-24N,1,oem_product_list,/home/shebahati/KaZar/Product and Data Complete/اندازه گیری/اینسایز/لیست محصولات.pdf,,sku_column,6973018c3eeaad81327c31084ff9185ac522573976edc678d4be2bd371d056bf,source_id=insize.product_list;normalized_sku=4120-24N
INSIZE,4120-27,1,oem_product_list,/home/shebahati/KaZar/Product and Data Complete/اندازه گیری/اینسایز/لیست محصولات.pdf,,sku_column,6973018c3eeaad81327c31084ff9185ac522573976edc678d4be2bd371d056bf,source_id=insize.product_list;normalized_sku=4120-27
INSIZE,4120-27N,1,oem_product_list,/home/shebahati/KaZar/Product and Data Complete/اندازه گیری/اینسایز/لیست محصولات.pdf,,sku_column,6973018c3eeaad81327c31084ff9185ac522573976edc678d4be2bd371d056bf,source_id=insize.product_list;normalized_sku=4120-27N
INSIZE,4120-30,1,oem_product_list,/home/shebahati/KaZar/Product and Data Complete/اندازه گیری/اینسایز/لیست محصولات.pdf,,sku_column,6973018c3eeaad81327c31084ff9185ac522573976edc678d4be2bd371d056bf,source_id=insize.product_list;normalized_sku=4120-30
INSIZE,4120-30N,1,oem_product_list,/home/shebahati/KaZar/Product and Data Complete/اندازه گیری/اینسایز/لیست محصولات.pdf,,sku_column,6973018c3eeaad81327c31084ff9185ac522573976edc678d4be2bd371d056bf,source_id=insize.product_list;normalized_sku=4120-30N
INSIZE,4120-4,1,oem_product_list,/home/shebahati/KaZar/Product and Data Complete/اندازه گیری/اینسایز/لیست محصولات.pdf,,sku_column,6973018c3eeaad81327c31084ff9185ac522573976edc678d4be2bd371d056bf,source_id=insize.product_list;normalized_sku=4120-4
INSIZE,4120-4N,1,oem_product_list,/home/shebahati/KaZar/Product and Data Complete/اندازه گیری/اینسایز/لیست محصولات.pdf,,sku_column,6973018c3eeaad81327c31084ff9185ac522573976edc678d4be2bd371d056bf,source_id=insize.product_list;normalized_sku=4120-4N
INSIZE,4120-5,1,oem_product_list,/home/shebahati/KaZar/Product and Data Complete/اندازه گیری/اینسایز/لیست محصولات.pdf,,sku_column,6973018c3eeaad81327c31084ff9185ac522573976edc678d4be2bd371d056bf,source_id=insize.product_list;normalized_sku=4120-5
INSIZE,4120-5N,1,oem_product_list,/home/shebahati/KaZar/Product and Data Complete/اندازه گیری/اینسایز/لیست محصولات.pdf,,sku_column,6973018c3eeaad81327c31084ff9185ac522573976edc678d4be2bd371d056bf,source_id=insize.product_list;normalized_sku=4120-5N
INSIZE,4120-6,1,oem_product_list,/home/shebahati/KaZar/Product and Data Complete/اندازه گیری/اینسایز/لیست محصولات.pdf,,sku_column,6973018c3eeaad81327c31084ff9185ac522573976edc678d4be2bd371d056bf,source_id=insize.product_list;normalized_sku=4120-6
INSIZE,4120-6N,1,oem_product_list,/home/shebahati/KaZar/Product and Data Complete/اندازه گیری/اینسایز/لیست محصولات.pdf,,sku_column,6973018c3eeaad81327c31084ff9185ac522573976edc678d4be2bd371d056bf,source_id=insize.product_list;normalized_sku=4120-6N
INSIZE,4120-8,1,oem_product_list,/home/shebahati/KaZar/Product and Data Complete/اندازه گیری/اینسایز/لیست محصولات.pdf,,sku_column,6973018c3eeaad81327c31084ff9185ac522573976edc678d4be2bd371d056bf,source_id=insize.product_list;normalized_sku=4120-8
INSIZE,4120-8N,1,oem_product_list,/home/shebahati/KaZar/Product and Data Complete/اندازه گیری/اینسایز/لیست محصولات.pdf,,sku_column,6973018c3eeaad81327c31084ff9185ac522573976edc678d4be2bd371d056bf,source_id=insize.product_list;normalized_sku=4120-8N
INSIZE,4129-10Q,1,oem_product_list,/home/shebahati/KaZar/Product and Data Complete/اندازه گیری/اینسایز/لیست محصولات.pdf,,sku_column,6973018c3eeaad81327c31084ff9185ac522573976edc678d4be2bd371d056bf,source_id=insize.product_list;normalized_sku=4129-10Q
INSIZE,4129-10QN,1,oem_product_list,/home/shebahati/KaZar/Product and Data Complete/اندازه گیری/اینسایز/لیست محصولات.pdf,,sku_column,6973018c3eeaad81327c31084ff9185ac522573976edc678d4be2bd371d056bf,source_id=insize.product_list;normalized_sku=4129-10QN
INSIZE,4129-12R,1,oem_product_list,/home/shebahati/KaZar/Product and Data Complete/اندازه گیری/اینسایز/لیست محصولات.pdf,,sku_column,6973018c3eeaad81327c31084ff9185ac522573976edc678d4be2bd371d056bf,source_id=insize.product_list;normalized_sku=4129-12R
INSIZE,4129-12RN,1,oem_product_list,/home/shebahati/KaZar/Product and Data Complete/اندازه گیری/اینسایز/لیست محصولات.pdf,,sku_column,6973018c3eeaad81327c31084ff9185ac522573976edc678d4be2bd371d056bf,source_id=insize.product_list;normalized_sku=4129-12RN
INSIZE,4129-14R,1,oem_product_list,/home/shebahati/KaZar/Product and Data Complete/اندازه گیری/اینسایز/لیست محصولات.pdf,,sku_column,6973018c3eeaad81327c31084ff9185ac522573976edc678d4be2bd371d056bf,source_id=insize.product_list;normalized_sku=4129-14R
INSIZE,4129-14RN,1,oem_product_list,/home/shebahati/KaZar/Product and Data Complete/اندازه گیری/اینسایز/لیست محصولات.pdf,,sku_column,6973018c3eeaad81327c31084ff9185ac522573976edc678d4be2bd371d056bf,source_id=insize.product_list;normalized_sku=4129-14RN
INSIZE,4129-16R,1,oem_product_list,/home/shebahati/KaZar/Product and Data Complete/اندازه گیری/اینسایز/لیست محصولات.pdf,,sku_column,6973018c3eeaad81327c31084ff9185ac522573976edc678d4be2bd371d056bf,source_id=insize.product_list;normalized_sku=4129-16R
INSIZE,4129-16RN,1,oem_product_list,/home/shebahati/KaZar/Product and Data Complete/اندازه گیری/اینسایز/لیست محصولات.pdf,,sku_column,6973018c3eeaad81327c31084ff9185ac522573976edc678d4be2bd371d056bf,source_id=insize.product_list;normalized_sku=4129-16RN
INSIZE,4129-18T,1,oem_product_list,/home/shebahati/KaZar/Product and Data Complete/اندازه گیری/اینسایز/لیست محصولات.pdf,,sku_column,6973018c3eeaad81327c31084ff9185ac522573976edc678d4be2bd371d056bf,source_id=insize.product_list;normalized_sku=4129-18T
INSIZE,4129-18TN,1,oem_product_list,/home/shebahati/KaZar/Product and Data Complete/اندازه گیری/اینسایز/لیست محصولات.pdf,,sku_column,6973018c3eeaad81327c31084ff9185ac522573976edc678d4be2bd371d056bf,source_id=insize.product_list;normalized_sku=4129-18TN
INSIZE,4129-20T,1,oem_product_list,/home/shebahati/KaZar/Product and Data Complete/اندازه گیری/اینسایز/لیست محصولات.pdf,,sku_column,6973018c3eeaad81327c31084ff9185ac522573976edc678d4be2bd371d056bf,source_id=insize.product_list;normalized_sku=4129-20T
INSIZE,4129-20TN,1,oem_product_list,/home/shebahati/KaZar/Product and Data Complete/اندازه گیری/اینسایز/لیست محصولات.pdf,,sku_column,6973018c3eeaad81327c31084ff9185ac522573976edc678d4be2bd371d056bf,source_id=insize.product_list;normalized_sku=4129-20TN
INSIZE,4129-22T,1,oem_product_list,/home/shebahati/KaZar/Product and Data Complete/اندازه گیری/اینسایز/لیست محصولات.pdf,,sku_column,6973018c3eeaad81327c31084ff9185ac522573976edc678d4be2bd371d056bf,source_id=insize.product_list;normalized_sku=4129-22T
INSIZE,4129-22TN,1,oem_product_list,/home/shebahati/KaZar/Product and Data Complete/اندازه گیری/اینسایز/لیست محصولات.pdf,,sku_column,6973018c3eeaad81327c31084ff9185ac522573976edc678d4be2bd371d056bf,source_id=insize.product_list;normalized_sku=4129-22TN
INSIZE,4129-24T,1,oem_product_list,/home/shebahati/KaZar/Product and Data Complete/اندازه گیری/اینسایز/لیست محصولات.pdf,,sku_column,6973018c3eeaad81327c31084ff9185ac522573976edc678d4be2bd371d056bf,source_id=insize.product_list;normalized_sku=4129-24T
INSIZE,4129-24TN,1,oem_product_list,/home/shebahati/KaZar/Product and Data Complete/اندازه گیری/اینسایز/لیست محصولات.pdf,,sku_column,6973018c3eeaad81327c31084ff9185ac522573976edc678d4be2bd371d056bf,source_id=insize.product_list;normalized_sku=4129-24TN
INSIZE,4129-25T,1,oem_product_list,/home/shebahati/KaZar/Product and Data Complete/اندازه گیری/اینسایز/لیست محصولات.pdf,,sku_column,6973018c3eeaad81327c31084ff9185ac522573976edc678d4be2bd371d056bf,source_id=insize.product_list;normalized_sku=4129-25T
INSIZE,4129-25TN,1,oem_product_list,/home/shebahati/KaZar/Product and Data Complete/اندازه گیری/اینسایز/لیست محصولات.pdf,,sku_column,6973018c3eeaad81327c31084ff9185ac522573976edc678d4be2bd371d056bf,source_id=insize.product_list;normalized_sku=4129-25TN
INSIZE,4129-26T,1,oem_product_list,/home/shebahati/KaZar/Product and Data Complete/اندازه گیری/اینسایز/لیست محصولات.pdf,,sku_column,6973018c3eeaad81327c31084ff9185ac522573976edc678d4be2bd371d056bf,source_id=insize.product_list;normalized_sku=4129-26T
INSIZE,4129-26TN,1,oem_product_list,/home/shebahati/KaZar/Product and Data Complete/اندازه گیری/اینسایز/لیست محصولات.pdf,,sku_column,6973018c3eeaad81327c31084ff9185ac522573976edc678d4be2bd371d056bf,source_id=insize.product_list;normalized_sku=4129-26TN
INSIZE,4129-27T,1,oem_product_list,/home/shebahati/KaZar/Product and Data Complete/اندازه گیری/اینسایز/لیست محصولات.pdf,,sku_column,6973018c3eeaad81327c31084ff9185ac522573976edc678d4be2bd371d056bf,source_id=insize.product_list;normalized_sku=4129-27T
INSIZE,4129-27TN,1,oem_product_list,/home/shebahati/KaZar/Product and Data Complete/اندازه گیری/اینسایز/لیست محصولات.pdf,,sku_column,6973018c3eeaad81327c31084ff9185ac522573976edc678d4be2bd371d056bf,source_id=insize.product_list;normalized_sku=4129-27TN
INSIZE,4129-28T,1,oem_product_list,/home/shebahati/KaZar/Product and Data Complete/اندازه گیری/اینسایز/لیست محصولات.pdf,,sku_column,6973018c3eeaad81327c31084ff9185ac522573976edc678d4be2bd371d056bf,source_id=insize.product_list;normalized_sku=4129-28T
INSIZE,4129-28TN,1,oem_product_list,/home/shebahati/KaZar/Product and Data Complete/اندازه گیری/اینسایز/لیست محصولات.pdf,,sku_column,6973018c3eeaad81327c31084ff9185ac522573976edc678d4be2bd371d056bf,source_id=insize.product_list;normalized_sku=4129-28TN
INSIZE,4129-30T,1,oem_product_list,/home/shebahati/KaZar/Product and Data Complete/اندازه گیری/اینسایز/لیست محصولات.pdf,,sku_column,6973018c3eeaad81327c31084ff9185ac522573976edc678d4be2bd371d056bf,source_id=insize.product_list;normalized_sku=4129-30T
INSIZE,4129-30TN,1,oem_product_list,/home/shebahati/KaZar/Product and Data Complete/اندازه گیری/اینسایز/لیست محصولات.pdf,,sku_column,6973018c3eeaad81327c31084ff9185ac522573976edc678d4be2bd371d056bf,source_id=insize.product_list;normalized_sku=4129-30TN
INSIZE,4129-4G,1,oem_product_list,/home/shebahati/KaZar/Product and Data Complete/اندازه گیری/اینسایز/لیست محصولات.pdf,,sku_column,6973018c3eeaad81327c31084ff9185ac522573976edc678d4be2bd371d056bf,source_id=insize.product_list;normalized_sku=4129-4G
INSIZE,4129-4GN,1,oem_product_list,/home/shebahati/KaZar/Product and Data Complete/اندازه گیری/اینسایز/لیست محصولات.pdf,,sku_column,6973018c3eeaad81327c31084ff9185ac522573976edc678d4be2bd371d056bf,source_id=insize.product_list;normalized_sku=4129-4GN
INSIZE,4129-5G,1,oem_product_list,/home/shebahati/KaZar/Product and Data Complete/اندازه گیری/اینسایز/لیست محصولات.pdf,,sku_column,6973018c3eeaad81327c31084ff9185ac522573976edc678d4be2bd371d056bf,source_id=insize.product_list;normalized_sku=4129-5G
INSIZE,4129-5GN,1,oem_product_list,/home/shebahati/KaZar/Product and Data Complete/اندازه گیری/اینسایز/لیست محصولات.pdf,,sku_column,6973018c3eeaad81327c31084ff9185ac522573976edc678d4be2bd371d056bf,source_id=insize.product_list;normalized_sku=4129-5GN
INSIZE,4129-6G,1,oem_product_list,/home/shebahati/KaZar/Product and Data Complete/اندازه گیری/اینسایز/لیست محصولات.pdf,,sku_column,6973018c3eeaad81327c31084ff9185ac522573976edc678d4be2bd371d056bf,source_id=insize.product_list;normalized_sku=4129-6G
INSIZE,4129-6GN,1,oem_product_list,/home/shebahati/KaZar/Product and Data Complete/اندازه گیری/اینسایز/لیست محصولات.pdf,,sku_column,6973018c3eeaad81327c31084ff9185ac522573976edc678d4be2bd371d056bf,source_id=insize.product_list;normalized_sku=4129-6GN
INSIZE,4129-8P,1,oem_product_list,/home/shebahati/KaZar/Product and Data Complete/اندازه گیری/اینسایز/لیست محصولات.pdf,,sku_column,6973018c3eeaad81327c31084ff9185ac522573976edc678d4be2bd371d056bf,source_id=insize.product_list;normalized_sku=4129-8P
INSIZE,4129-8PN,1,oem_product_list,/home/shebahati/KaZar/Product and Data Complete/اندازه گیری/اینسایز/لیست محصولات.pdf,,sku_column,6973018c3eeaad81327c31084ff9185ac522573976edc678d4be2bd371d056bf,source_id=insize.product_list;normalized_sku=4129-8PN
INSIZE,4130-1,1,oem_product_list,/home/shebahati/KaZar/Product and Data Complete/اندازه گیری/اینسایز/لیست محصولات.pdf,,sku_column,6973018c3eeaad81327c31084ff9185ac522573976edc678d4be2bd371d056bf,source_id=insize.product_list;normalized_sku=4130-1
INSIZE,4130-10,1,oem_product_list,/home/shebahati/KaZar/Product and Data Complete/اندازه گیری/اینسایز/لیست محصولات.pdf,,sku_column,6973018c3eeaad81327c31084ff9185ac522573976edc678d4be2bd371d056bf,source_id=insize.product_list;normalized_sku=4130-10
INSIZE,4130-12,1,oem_product_list,/home/shebahati/KaZar/Product and Data Complete/اندازه گیری/اینسایز/لیست محصولات.pdf,,sku_column,6973018c3eeaad81327c31084ff9185ac522573976edc678d4be2bd371d056bf,source_id=insize.product_list;normalized_sku=4130-12
INSIZE,4130-14,1,oem_product_list,/home/shebahati/KaZar/Product and Data Complete/اندازه گیری/اینسایز/لیست محصولات.pdf,,sku_column,6973018c3eeaad81327c31084ff9185ac522573976edc678d4be2bd371d056bf,source_id=insize.product_list;normalized_sku=4130-14
INSIZE,4130-16,1,oem_product_list,/home/shebahati/KaZar/Product and Data Complete/اندازه گیری/اینسایز/لیست محصولات.pdf,,sku_column,6973018c3eeaad81327c31084ff9185ac522573976edc678d4be2bd371d056bf,source_id=insize.product_list;normalized_sku=4130-16
INSIZE,4130-18,1,oem_product_list,/home/shebahati/KaZar/Product and Data Complete/اندازه گیری/اینسایز/لیست محصولات.pdf,,sku_column,6973018c3eeaad81327c31084ff9185ac522573976edc678d4be2bd371d056bf,source_id=insize.product_list;normalized_sku=4130-18
INSIZE,4130-20,1,oem_product_list,/home/shebahati/KaZar/Product and Data Complete/اندازه گیری/اینسایز/لیست محصولات.pdf,,sku_column,6973018c3eeaad81327c31084ff9185ac522573976edc678d4be2bd371d056bf,source_id=insize.product_list;normalized_sku=4130-20
INSIZE,4130-22,1,oem_product_list,/home/shebahati/KaZar/Product and Data Complete/اندازه گیری/اینسایز/لیست محصولات.pdf,,sku_column,6973018c3eeaad81327c31084ff9185ac522573976edc678d4be2bd371d056bf,source_id=insize.product_list;normalized_sku=4130-22
INSIZE,4130-24,1,oem_product_list,/home/shebahati/KaZar/Product and Data Complete/اندازه گیری/اینسایز/لیست محصولات.pdf,,sku_column,6973018c3eeaad81327c31084ff9185ac522573976edc678d4be2bd371d056bf,source_id=insize.product_list;normalized_sku=4130-24
INSIZE,4130-27,1,oem_product_list,/home/shebahati/KaZar/Product and Data Complete/اندازه گیری/اینسایز/لیست محصولات.pdf,,sku_column,6973018c3eeaad81327c31084ff9185ac522573976edc678d4be2bd371d056bf,source_id=insize.product_list;normalized_sku=4130-27
INSIZE,4130-30,1,oem_product_list,/home/shebahati/KaZar/Product and Data Complete/اندازه گیری/اینسایز/لیست محصولات.pdf,,sku_column,6973018c3eeaad81327c31084ff9185ac522573976edc678d4be2bd371d056bf,source_id=insize.product_list;normalized_sku=4130-30
INSIZE,4130-4,1,oem_product_list,/home/shebahati/KaZar/Product and Data Complete/اندازه گیری/اینسایز/لیست محصولات.pdf,,sku_column,6973018c3eeaad81327c31084ff9185ac522573976edc678d4be2bd371d056bf,source_id=insize.product_list;normalized_sku=4130-4
INSIZE,4130-5,1,oem_product_list,/home/shebahati/KaZar/Product and Data Complete/اندازه گیری/اینسایز/لیست محصولات.pdf,,sku_column,6973018c3eeaad81327c31084ff9185ac522573976edc678d4be2bd371d056bf,source_id=insize.product_list;normalized_sku=4130-5
INSIZE,4130-6,1,oem_product_list,/home/shebahati/KaZar/Product and Data Complete/اندازه گیری/اینسایز/لیست محصولات.pdf,,sku_column,6973018c3eeaad81327c31084ff9185ac522573976edc678d4be2bd371d056bf,source_id=insize.product_list;normalized_sku=4130-6
INSIZE,4130-8,1,oem_product_list,/home/shebahati/KaZar/Product and Data Complete/اندازه گیری/اینسایز/لیست محصولات.pdf,,sku_column,6973018c3eeaad81327c31084ff9185ac522573976edc678d4be2bd371d056bf,source_id=insize.product_list;normalized_sku=4130-8
INSIZE,4139-10Q,1,oem_product_list,/home/shebahati/KaZar/Product and Data Complete/اندازه گیری/اینسایز/لیست محصولات.pdf,,sku_column,6973018c3eeaad81327c31084ff9185ac522573976edc678d4be2bd371d056bf,source_id=insize.product_list;normalized_sku=4139-10Q
INSIZE,4139-12R,1,oem_product_list,/home/shebahati/KaZar/Product and Data Complete/اندازه گیری/اینسایز/لیست محصولات.pdf,,sku_column,6973018c3eeaad81327c31084ff9185ac522573976edc678d4be2bd371d056bf,source_id=insize.product_list;normalized_sku=4139-12R
INSIZE,4139-14R,1,oem_product_list,/home/shebahati/KaZar/Product and Data Complete/اندازه گیری/اینسایز/لیست محصولات.pdf,,sku_column,6973018c3eeaad81327c31084ff9185ac522573976edc678d4be2bd371d056bf,source_id=insize.product_list;normalized_sku=4139-14R
INSIZE,4139-16R,1,oem_product_list,/home/shebahati/KaZar/Product and Data Complete/اندازه گیری/اینسایز/لیست محصولات.pdf,,sku_column,6973018c3eeaad81327c31084ff9185ac522573976edc678d4be2bd371d056bf,source_id=insize.product_list;normalized_sku=4139-16R
INSIZE,4139-18T,1,oem_product_list,/home/shebahati/KaZar/Product and Data Complete/اندازه گیری/اینسایز/لیست محصولات.pdf,,sku_column,6973018c3eeaad81327c31084ff9185ac522573976edc678d4be2bd371d056bf,source_id=insize.product_list;normalized_sku=4139-18T
INSIZE,4139-20T,1,oem_product_list,/home/shebahati/KaZar/Product and Data Complete/اندازه گیری/اینسایز/لیست محصولات.pdf,,sku_column,6973018c3eeaad81327c31084ff9185ac522573976edc678d4be2bd371d056bf,source_id=insize.product_list;normalized_sku=4139-20T
INSIZE,4139-22T,1,oem_product_list,/home/shebahati/KaZar/Product and Data Complete/اندازه گیری/اینسایز/لیست محصولات.pdf,,sku_column,6973018c3eeaad81327c31084ff9185ac522573976edc678d4be2bd371d056bf,source_id=insize.product_list;normalized_sku=4139-22T
INSIZE,4139-24T,1,oem_product_list,/home/shebahati/KaZar/Product and Data Complete/اندازه گیری/اینسایز/لیست محصولات.pdf,,sku_column,6973018c3eeaad81327c31084ff9185ac522573976edc678d4be2bd371d056bf,source_id=insize.product_list;normalized_sku=4139-24T
INSIZE,4139-25T,1,oem_product_list,/home/shebahati/KaZar/Product and Data Complete/اندازه گیری/اینسایز/لیست محصولات.pdf,,sku_column,6973018c3eeaad81327c31084ff9185ac522573976edc678d4be2bd371d056bf,source_id=insize.product_list;normalized_sku=4139-25T
INSIZE,4139-26T,1,oem_product_list,/home/shebahati/KaZar/Product and Data Complete/اندازه گیری/اینسایز/لیست محصولات.pdf,,sku_column,6973018c3eeaad81327c31084ff9185ac522573976edc678d4be2bd371d056bf,source_id=insize.product_list;normalized_sku=4139-26T
INSIZE,4139-27T,1,oem_product_list,/home/shebahati/KaZar/Product and Data Complete/اندازه گیری/اینسایز/لیست محصولات.pdf,,sku_column,6973018c3eeaad81327c31084ff9185ac522573976edc678d4be2bd371d056bf,source_id=insize.product_list;normalized_sku=4139-27T
INSIZE,4139-28T,1,oem_product_list,/home/shebahati/KaZar/Product and Data Complete/اندازه گیری/اینسایز/لیست محصولات.pdf,,sku_column,6973018c3eeaad81327c31084ff9185ac522573976edc678d4be2bd371d056bf,source_id=insize.product_list;normalized_sku=4139-28T
INSIZE,4139-30T,1,oem_product_list,/home/shebahati/KaZar/Product and Data Complete/اندازه گیری/اینسایز/لیست محصولات.pdf,,sku_column,6973018c3eeaad81327c31084ff9185ac522573976edc678d4be2bd371d056bf,source_id=insize.product_list;normalized_sku=4139-30T
INSIZE,4139-4G,1,oem_product_list,/home/shebahati/KaZar/Product and Data Complete/اندازه گیری/اینسایز/لیست محصولات.pdf,,sku_column,6973018c3eeaad81327c31084ff9185ac522573976edc678d4be2bd371d056bf,source_id=insize.product_list;normalized_sku=4139-4G
INSIZE,4139-5G,1,oem_product_list,/home/shebahati/KaZar/Product and Data Complete/اندازه گیری/اینسایز/لیست محصولات.pdf,,sku_column,6973018c3eeaad81327c31084ff9185ac522573976edc678d4be2bd371d056bf,source_id=insize.product_list;normalized_sku=4139-5G
INSIZE,4139-6G,1,oem_product_list,/home/shebahati/KaZar/Product and Data Complete/اندازه گیری/اینسایز/لیست محصولات.pdf,,sku_column,6973018c3eeaad81327c31084ff9185ac522573976edc678d4be2bd371d056bf,source_id=insize.product_list;normalized_sku=4139-6G
INSIZE,4139-8P,1,oem_product_list,/home/shebahati/KaZar/Product and Data Complete/اندازه گیری/اینسایز/لیست محصولات.pdf,,sku_column,6973018c3eeaad81327c31084ff9185ac522573976edc678d4be2bd371d056bf,source_id=insize.product_list;normalized_sku=4139-8P
INSIZE,4141-400,1,oem_product_list,/home/shebahati/KaZar/Product and Data Complete/اندازه گیری/اینسایز/لیست محصولات.pdf,,sku_column,6973018c3eeaad81327c31084ff9185ac522573976edc678d4be2bd371d056bf,source_id=insize.product_list;normalized_sku=4141-400
INSIZE,4150-130,1,oem_product_list,/home/shebahati/KaZar/Product and Data Complete/اندازه گیری/اینسایز/لیست محصولات.pdf,,sku_column,6973018c3eeaad81327c31084ff9185ac522573976edc678d4be2bd371d056bf,source_id=insize.product_list;normalized_sku=4150-130
INSIZE,4150-1301,1,oem_product_list,/home/shebahati/KaZar/Product and Data Complete/اندازه گیری/اینسایز/لیست محصولات.pdf,,sku_column,6973018c3eeaad81327c31084ff9185ac522573976edc678d4be2bd371d056bf,source_id=insize.product_list;normalized_sku=4150-1301
INSIZE,4150-250,1,oem_product_list,/home/shebahati/KaZar/Product and Data Complete/اندازه گیری/اینسایز/لیست محصولات.pdf,,sku_column,6973018c3eeaad81327c31084ff9185ac522573976edc678d4be2bd371d056bf,source_id=insize.product_list;normalized_sku=4150-250
INSIZE,4150-2501,1,oem_product_list,/home/shebahati/KaZar/Product and Data Complete/اندازه گیری/اینسایز/لیست محصولات.pdf,,sku_column,6973018c3eeaad81327c31084ff9185ac522573976edc678d4be2bd371d056bf,source_id=insize.product_list;normalized_sku=4150-2501
INSIZE,4166-0D,1,oem_product_list,/home/shebahati/KaZar/Product and Data Complete/اندازه گیری/اینسایز/لیست محصولات.pdf,,sku_column,6973018c3eeaad81327c31084ff9185ac522573976edc678d4be2bd371d056bf,source_id=insize.product_list;normalized_sku=4166-0D
INSIZE,4166-1,1,oem_product_list,/home/shebahati/KaZar/Product and Data Complete/اندازه گیری/اینسایز/لیست محصولات.pdf,,sku_column,6973018c3eeaad81327c31084ff9185ac522573976edc678d4be2bd371d056bf,source_id=insize.product_list;normalized_sku=4166-1
INSIZE,4166-10,1,oem_product_list,/home/shebahati/KaZar/Product and Data Complete/اندازه گیری/اینسایز/لیست محصولات.pdf,,sku_column,6973018c3eeaad81327c31084ff9185ac522573976edc678d4be2bd371d056bf,source_id=insize.product_list;normalized_sku=4166-10
INSIZE,4166-10D,1,oem_product_list,/home/shebahati/KaZar/Product and Data Complete/اندازه گیری/اینسایز/لیست محصولات.pdf,,sku_column,6973018c3eeaad81327c31084ff9185ac522573976edc678d4be2bd371d056bf,source_id=insize.product_list;normalized_sku=4166-10D
INSIZE,4166-1D,1,oem_product_list,/home/shebahati/KaZar/Product and Data Complete/اندازه گیری/اینسایز/لیست محصولات.pdf,,sku_column,6973018c3eeaad81327c31084ff9185ac522573976edc678d4be2bd371d056bf,source_id=insize.product_list;normalized_sku=4166-1D
INSIZE,4166-2,1,oem_product_list,/home/shebahati/KaZar/Product and Data Complete/اندازه گیری/اینسایز/لیست محصولات.pdf,,sku_column,6973018c3eeaad81327c31084ff9185ac522573976edc678d4be2bd371d056bf,source_id=insize.product_list;normalized_sku=4166-2
INSIZE,4166-2D,1,oem_product_list,/home/shebahati/KaZar/Product and Data Complete/اندازه گیری/اینسایز/لیست محصولات.pdf,,sku_column,6973018c3eeaad81327c31084ff9185ac522573976edc678d4be2bd371d056bf,source_id=insize.product_list;normalized_sku=4166-2D
INSIZE,4166-3,1,oem_product_list,/home/shebahati/KaZar/Product and Data Complete/اندازه گیری/اینسایز/لیست محصولات.pdf,,sku_column,6973018c3eeaad81327c31084ff9185ac522573976edc678d4be2bd371d056bf,source_id=insize.product_list;normalized_sku=4166-3
INSIZE,4166-3D,1,oem_product_list,/home/shebahati/KaZar/Product and Data Complete/اندازه گیری/اینسایز/لیست محصولات.pdf,,sku_column,6973018c3eeaad81327c31084ff9185ac522573976edc678d4be2bd371d056bf,source_id=insize.product_list;normalized_sku=4166-3D
INSIZE,4166-4,1,oem_product_list,/home/shebahati/KaZar/Product and Data Complete/اندازه گیری/اینسایز/لیست محصولات.pdf,,sku_column,6973018c3eeaad81327c31084ff9185ac522573976edc678d4be2bd371d056bf,source_id=insize.product_list;normalized_sku=4166-4
INSIZE,4166-411,1,oem_product_list,/home/shebahati/KaZar/Product and Data Complete/اندازه گیری/اینسایز/لیست محصولات.pdf,,sku_column,6973018c3eeaad81327c31084ff9185ac522573976edc678d4be2bd371d056bf,source_id=insize.product_list;normalized_sku=4166-411
INSIZE,4166-4D,1,oem_product_list,/home/shebahati/KaZar/Product and Data Complete/اندازه گیری/اینسایز/لیست محصولات.pdf,,sku_column,6973018c3eeaad81327c31084ff9185ac522573976edc678d4be2bd371d056bf,source_id=insize.product_list;normalized_sku=4166-4D
INSIZE,4166-5,1,oem_product_list,/home/shebahati/KaZar/Product and Data Complete/اندازه گیری/اینسایز/لیست محصولات.pdf,,sku_column,6973018c3eeaad81327c31084ff9185ac522573976edc678d4be2bd371d056bf,source_id=insize.product_list;normalized_sku=4166-5
INSIZE,4166-511,1,oem_product_list,/home/shebahati/KaZar/Product and Data Complete/اندازه گیری/اینسایز/لیست محصولات.pdf,,sku_column,6973018c3eeaad81327c31084ff9185ac522573976edc678d4be2bd371d056bf,source_id=insize.product_list;normalized_sku=4166-511
INSIZE,4166-512,1,oem_product_list,/home/shebahati/KaZar/Product and Data Complete/اندازه گیری/اینسایز/لیست محصولات.pdf,,sku_column,6973018c3eeaad81327c31084ff9185ac522573976edc678d4be2bd371d056bf,source_id=insize.product_list;normalized_sku=4166-512
INSIZE,4166-513,1,oem_product_list,/home/shebahati/KaZar/Product and Data Complete/اندازه گیری/اینسایز/لیست محصولات.pdf,,sku_column,6973018c3eeaad81327c31084ff9185ac522573976edc678d4be2bd371d056bf,source_id=insize.product_list;normalized_sku=4166-513
INSIZE,4166-5D,1,oem_product_list,/home/shebahati/KaZar/Product and Data Complete/اندازه گیری/اینسایز/لیست محصولات.pdf,,sku_column,6973018c3eeaad81327c31084ff9185ac522573976edc678d4be2bd371d056bf,source_id=insize.product_list;normalized_sku=4166-5D
INSIZE,4166-6,1,oem_product_list,/home/shebahati/KaZar/Product and Data Complete/اندازه گیری/اینسایز/لیست محصولات.pdf,,sku_column,6973018c3eeaad81327c31084ff9185ac522573976edc678d4be2bd371d056bf,source_id=insize.product_list;normalized_sku=4166-6
INSIZE,4166-6D,1,oem_product_list,/home/shebahati/KaZar/Product and Data Complete/اندازه گیری/اینسایز/لیست محصولات.pdf,,sku_column,6973018c3eeaad81327c31084ff9185ac522573976edc678d4be2bd371d056bf,source_id=insize.product_list;normalized_sku=4166-6D
INSIZE,4166-7,1,oem_product_list,/home/shebahati/KaZar/Product and Data Complete/اندازه گیری/اینسایز/لیست محصولات.pdf,,sku_column,6973018c3eeaad81327c31084ff9185ac522573976edc678d4be2bd371d056bf,source_id=insize.product_list;normalized_sku=4166-7
INSIZE,4166-7D,1,oem_product_list,/home/shebahati/KaZar/Product and Data Complete/اندازه گیری/اینسایز/لیست محصولات.pdf,,sku_column,6973018c3eeaad81327c31084ff9185ac522573976edc678d4be2bd371d056bf,source_id=insize.product_list;normalized_sku=4166-7D
INSIZE,4166-8,1,oem_product_list,/home/shebahati/KaZar/Product and Data Complete/اندازه گیری/اینسایز/لیست محصولات.pdf,,sku_column,6973018c3eeaad81327c31084ff9185ac522573976edc678d4be2bd371d056bf,source_id=insize.product_list;normalized_sku=4166-8
INSIZE,4166-8D,1,oem_product_list,/home/shebahati/KaZar/Product and Data Complete/اندازه گیری/اینسایز/لیست محصولات.pdf,,sku_column,6973018c3eeaad81327c31084ff9185ac522573976edc678d4be2bd371d056bf,source_id=insize.product_list;normalized_sku=4166-8D
INSIZE,4166-9,1,oem_product_list,/home/shebahati/KaZar/Product and Data Complete/اندازه گیری/اینسایز/لیست محصولات.pdf,,sku_column,6973018c3eeaad81327c31084ff9185ac522573976edc678d4be2bd371d056bf,source_id=insize.product_list;normalized_sku=4166-9
INSIZE,4166-9D,1,oem_product_list,/home/shebahati/KaZar/Product and Data Complete/اندازه گیری/اینسایز/لیست محصولات.pdf,,sku_column,6973018c3eeaad81327c31084ff9185ac522573976edc678d4be2bd371d056bf,source_id=insize.product_list;normalized_sku=4166-9D
INSIZE,4168-S25,1,oem_product_list,/home/shebahati/KaZar/Product and Data Complete/اندازه گیری/اینسایز/لیست محصولات.pdf,,sku_column,6973018c3eeaad81327c31084ff9185ac522573976edc678d4be2bd371d056bf,source_id=insize.product_list;normalized_sku=4168-S25
INSIZE,4206-1,1,oem_product_list,/home/shebahati/KaZar/Product and Data Complete/اندازه گیری/اینسایز/لیست محصولات.pdf,,sku_column,6973018c3eeaad81327c31084ff9185ac522573976edc678d4be2bd371d056bf,source_id=insize.product_list;normalized_sku=4206-1
INSIZE,4208-1,1,oem_product_list,/home/shebahati/KaZar/Product and Data Complete/اندازه گیری/اینسایز/لیست محصولات.pdf,,sku_column,6973018c3eeaad81327c31084ff9185ac522573976edc678d4be2bd371d056bf,source_id=insize.product_list;normalized_sku=4208-1
INSIZE,4602-17,1,oem_product_list,/home/shebahati/KaZar/Product and Data Complete/اندازه گیری/اینسایز/لیست محصولات.pdf,,sku_column,6973018c3eeaad81327c31084ff9185ac522573976edc678d4be2bd371d056bf,source_id=insize.product_list;normalized_sku=4602-17
INSIZE,4602-20,1,oem_product_list,/home/shebahati/KaZar/Product and Data Complete/اندازه گیری/اینسایز/لیست محصولات.pdf,,sku_column,6973018c3eeaad81327c31084ff9185ac522573976edc678d4be2bd371d056bf,source_id=insize.product_list;normalized_sku=4602-20
INSIZE,4602-32,1,oem_product_list,/home/shebahati/KaZar/Product and Data Complete/اندازه گیری/اینسایز/لیست محصولات.pdf,,sku_column,6973018c3eeaad81327c31084ff9185ac522573976edc678d4be2bd371d056bf,source_id=insize.product_list;normalized_sku=4602-32
INSIZE,4605-20,1,oem_product_list,/home/shebahati/KaZar/Product and Data Complete/اندازه گیری/اینسایز/لیست محصولات.pdf,,sku_column,6973018c3eeaad81327c31084ff9185ac522573976edc678d4be2bd371d056bf,source_id=insize.product_list;normalized_sku=4605-20
INSIZE,4605-201,1,oem_product_list,/home/shebahati/KaZar/Product and Data Complete/اندازه گیری/اینسایز/لیست محصولات.pdf,,sku_column,6973018c3eeaad81327c31084ff9185ac522573976edc678d4be2bd371d056bf,source_id=insize.product_list;normalized_sku=4605-201
INSIZE,4605-202,1,oem_product_list,/home/shebahati/KaZar/Product and Data Complete/اندازه گیری/اینسایز/لیست محصولات.pdf,,sku_column,6973018c3eeaad81327c31084ff9185ac522573976edc678d4be2bd371d056bf,source_id=insize.product_list;normalized_sku=4605-202
INSIZE,4608-31,1,oem_product_list,/home/shebahati/KaZar/Product and Data Complete/اندازه گیری/اینسایز/لیست محصولات.pdf,,sku_column,6973018c3eeaad81327c31084ff9185ac522573976edc678d4be2bd371d056bf,source_id=insize.product_list;normalized_sku=4608-31
INSIZE,4621-02,1,oem_product_list,/home/shebahati/KaZar/Product and Data Complete/اندازه گیری/اینسایز/لیست محصولات.pdf,,sku_column,6973018c3eeaad81327c31084ff9185ac522573976edc678d4be2bd371d056bf,source_id=insize.product_list;normalized_sku=4621-02
INSIZE,4621-03,1,oem_product_list,/home/shebahati/KaZar/Product and Data Complete/اندازه گیری/اینسایز/لیست محصولات.pdf,,sku_column,6973018c3eeaad81327c31084ff9185ac522573976edc678d4be2bd371d056bf,source_id=insize.product_list;normalized_sku=4621-03
INSIZE,4621-04,1,oem_product_list,/home/shebahati/KaZar/Product and Data Complete/اندازه گیری/اینسایز/لیست محصولات.pdf,,sku_column,6973018c3eeaad81327c31084ff9185ac522573976edc678d4be2bd371d056bf,source_id=insize.product_list;normalized_sku=4621-04
INSIZE,4621-05,1,oem_product_list,/home/shebahati/KaZar/Product and Data Complete/اندازه گیری/اینسایز/لیست محصولات.pdf,,sku_column,6973018c3eeaad81327c31084ff9185ac522573976edc678d4be2bd371d056bf,source_id=insize.product_list;normalized_sku=4621-05
INSIZE,4621-06,1,oem_product_list,/home/shebahati/KaZar/Product and Data Complete/اندازه گیری/اینسایز/لیست محصولات.pdf,,sku_column,6973018c3eeaad81327c31084ff9185ac522573976edc678d4be2bd371d056bf,source_id=insize.product_list;normalized_sku=4621-06
INSIZE,4621-07,1,oem_product_list,/home/shebahati/KaZar/Product and Data Complete/اندازه گیری/اینسایز/لیست محصولات.pdf,,sku_column,6973018c3eeaad81327c31084ff9185ac522573976edc678d4be2bd371d056bf,source_id=insize.product_list;normalized_sku=4621-07
INSIZE,4621-08,1,oem_product_list,/home/shebahati/KaZar/Product and Data Complete/اندازه گیری/اینسایز/لیست محصولات.pdf,,sku_column,6973018c3eeaad81327c31084ff9185ac522573976edc678d4be2bd371d056bf,source_id=insize.product_list;normalized_sku=4621-08
INSIZE,4621-09,1,oem_product_list,/home/shebahati/KaZar/Product and Data Complete/اندازه گیری/اینسایز/لیست محصولات.pdf,,sku_column,6973018c3eeaad81327c31084ff9185ac522573976edc678d4be2bd371d056bf,source_id=insize.product_list;normalized_sku=4621-09
INSIZE,4621-10,1,oem_product_list,/home/shebahati/KaZar/Product and Data Complete/اندازه گیری/اینسایز/لیست محصولات.pdf,,sku_column,6973018c3eeaad81327c31084ff9185ac522573976edc678d4be2bd371d056bf,source_id=insize.product_list;normalized_sku=4621-10
INSIZE,4621-100,1,oem_product_list,/home/shebahati/KaZar/Product and Data Complete/اندازه گیری/اینسایز/لیست محصولات.pdf,,sku_column,6973018c3eeaad81327c31084ff9185ac522573976edc678d4be2bd371d056bf,source_id=insize.product_list;normalized_sku=4621-100
INSIZE,4621-12,1,oem_product_list,/home/shebahati/KaZar/Product and Data Complete/اندازه گیری/اینسایز/لیست محصولات.pdf,,sku_column,6973018c3eeaad81327c31084ff9185ac522573976edc678d4be2bd371d056bf,source_id=insize.product_list;normalized_sku=4621-12
INSIZE,4621-15,1,oem_product_list,/home/shebahati/KaZar/Product and Data Complete/اندازه گیری/اینسایز/لیست محصولات.pdf,,sku_column,6973018c3eeaad81327c31084ff9185ac522573976edc678d4be2bd371d056bf,source_id=insize.product_list;normalized_sku=4621-15
INSIZE,4621-20,1,oem_product_list,/home/shebahati/KaZar/Product and Data Complete/اندازه گیری/اینسایز/لیست محصولات.pdf,,sku_column,6973018c3eeaad81327c31084ff9185ac522573976edc678d4be2bd371d056bf,source_id=insize.product_list;normalized_sku=4621-20
INSIZE,4621-25,1,oem_product_list,/home/shebahati/KaZar/Product and Data Complete/اندازه گیری/اینسایز/لیست محصولات.pdf,,sku_column,6973018c3eeaad81327c31084ff9185ac522573976edc678d4be2bd371d056bf,source_id=insize.product_list;normalized_sku=4621-25
INSIZE,4621-30,1,oem_product_list,/home/shebahati/KaZar/Product and Data Complete/اندازه گیری/اینسایز/لیست محصولات.pdf,,sku_column,6973018c3eeaad81327c31084ff9185ac522573976edc678d4be2bd371d056bf,source_id=insize.product_list;normalized_sku=4621-30
INSIZE,4621-35,1,oem_product_list,/home/shebahati/KaZar/Product and Data Complete/اندازه گیری/اینسایز/لیست محصولات.pdf,,sku_column,6973018c3eeaad81327c31084ff9185ac522573976edc678d4be2bd371d056bf,source_id=insize.product_list;normalized_sku=4621-35
INSIZE,4621-40,1,oem_product_list,/home/shebahati/KaZar/Product and Data Complete/اندازه گیری/اینسایز/لیست محصولات.pdf,,sku_column,6973018c3eeaad81327c31084ff9185ac522573976edc678d4be2bd371d056bf,source_id=insize.product_list;normalized_sku=4621-40
INSIZE,4621-50,1,oem_product_list,/home/shebahati/KaZar/Product and Data Complete/اندازه گیری/اینسایز/لیست محصولات.pdf,,sku_column,6973018c3eeaad81327c31084ff9185ac522573976edc678d4be2bd371d056bf,source_id=insize.product_list;normalized_sku=4621-50
INSIZE,4621-60,1,oem_product_list,/home/shebahati/KaZar/Product and Data Complete/اندازه گیری/اینسایز/لیست محصولات.pdf,,sku_column,6973018c3eeaad81327c31084ff9185ac522573976edc678d4be2bd371d056bf,source_id=insize.product_list;normalized_sku=4621-60
INSIZE,4621-70,1,oem_product_list,/home/shebahati/KaZar/Product and Data Complete/اندازه گیری/اینسایز/لیست محصولات.pdf,,sku_column,6973018c3eeaad81327c31084ff9185ac522573976edc678d4be2bd371d056bf,source_id=insize.product_list;normalized_sku=4621-70
INSIZE,4621-80,1,oem_product_list,/home/shebahati/KaZar/Product and Data Complete/اندازه گیری/اینسایز/لیست محصولات.pdf,,sku_column,6973018c3eeaad81327c31084ff9185ac522573976edc678d4be2bd371d056bf,source_id=insize.product_list;normalized_sku=4621-80
INSIZE,4621-90,1,oem_product_list,/home/shebahati/KaZar/Product and Data Complete/اندازه گیری/اینسایز/لیست محصولات.pdf,,sku_column,6973018c3eeaad81327c31084ff9185ac522573976edc678d4be2bd371d056bf,source_id=insize.product_list;normalized_sku=4621-90
INSIZE,4700-200,1,oem_product_list,/home/shebahati/KaZar/Product and Data Complete/اندازه گیری/اینسایز/لیست محصولات.pdf,,sku_column,6973018c3eeaad81327c31084ff9185ac522573976edc678d4be2bd371d056bf,source_id=insize.product_list;normalized_sku=4700-200
INSIZE,4707-300,1,oem_product_list,/home/shebahati/KaZar/Product and Data Complete/اندازه گیری/اینسایز/لیست محصولات.pdf,,sku_column,6973018c3eeaad81327c31084ff9185ac522573976edc678d4be2bd371d056bf,source_id=insize.product_list;normalized_sku=4707-300
INSIZE,4707-500,1,oem_product_list,/home/shebahati/KaZar/Product and Data Complete/اندازه گیری/اینسایز/لیست محصولات.pdf,,sku_column,6973018c3eeaad81327c31084ff9185ac522573976edc678d4be2bd371d056bf,source_id=insize.product_list;normalized_sku=4707-500
INSIZE,4745-1120,1,oem_product_list,/home/shebahati/KaZar/Product and Data Complete/اندازه گیری/اینسایز/لیست محصولات.pdf,,sku_column,6973018c3eeaad81327c31084ff9185ac522573976edc678d4be2bd371d056bf,source_id=insize.product_list;normalized_sku=4745-1120
INSIZE,4745-1150,1,oem_product_list,/home/shebahati/KaZar/Product and Data Complete/اندازه گیری/اینسایز/لیست محصولات.pdf,,sku_column,6973018c3eeaad81327c31084ff9185ac522573976edc678d4be2bd371d056bf,source_id=insize.product_list;normalized_sku=4745-1150
INSIZE,4745-1200,1,oem_product_list,/home/shebahati/KaZar/Product and Data Complete/اندازه گیری/اینسایز/لیست محصولات.pdf,,sku_column,6973018c3eeaad81327c31084ff9185ac522573976edc678d4be2bd371d056bf,source_id=insize.product_list;normalized_sku=4745-1200
INSIZE,4760-1200,1,oem_product_list,/home/shebahati/KaZar/Product and Data Complete/اندازه گیری/اینسایز/لیست محصولات.pdf,,sku_column,6973018c3eeaad81327c31084ff9185ac522573976edc678d4be2bd371d056bf,source_id=insize.product_list;normalized_sku=4760-1200
INSIZE,4780-85,1,oem_product_list,/home/shebahati/KaZar/Product and Data Complete/اندازه گیری/اینسایز/لیست محصولات.pdf,,sku_column,6973018c3eeaad81327c31084ff9185ac522573976edc678d4be2bd371d056bf,source_id=insize.product_list;normalized_sku=4780-85
INSIZE,4790-0100,1,oem_product_list,/home/shebahati/KaZar/Product and Data Complete/اندازه گیری/اینسایز/لیست محصولات.pdf,,sku_column,6973018c3eeaad81327c31084ff9185ac522573976edc678d4be2bd371d056bf,source_id=insize.product_list;normalized_sku=4790-0100
INSIZE,4790-0150,1,oem_product_list,/home/shebahati/KaZar/Product and Data Complete/اندازه گیری/اینسایز/لیست محصولات.pdf,,sku_column,6973018c3eeaad81327c31084ff9185ac522573976edc678d4be2bd371d056bf,source_id=insize.product_list;normalized_sku=4790-0150
INSIZE,4790-0200,1,oem_product_list,/home/shebahati/KaZar/Product and Data Complete/اندازه گیری/اینسایز/لیست محصولات.pdf,,sku_column,6973018c3eeaad81327c31084ff9185ac522573976edc678d4be2bd371d056bf,source_id=insize.product_list;normalized_sku=4790-0200
INSIZE,4790-0300,1,oem_product_list,/home/shebahati/KaZar/Product and Data Complete/اندازه گیری/اینسایز/لیست محصولات.pdf,,sku_column,6973018c3eeaad81327c31084ff9185ac522573976edc678d4be2bd371d056bf,source_id=insize.product_list;normalized_sku=4790-0300
INSIZE,4790-050,1,oem_product_list,/home/shebahati/KaZar/Product and Data Complete/اندازه گیری/اینسایز/لیست محصولات.pdf,,sku_column,6973018c3eeaad81327c31084ff9185ac522573976edc678d4be2bd371d056bf,source_id=insize.product_list;normalized_sku=4790-050
INSIZE,4790-075,1,oem_product_list,/home/shebahati/KaZar/Product and Data Complete/اندازه گیری/اینسایز/لیست محصولات.pdf,,sku_column,6973018c3eeaad81327c31084ff9185ac522573976edc678d4be2bd371d056bf,source_id=insize.product_list;normalized_sku=4790-075
INSIZE,4796-100,1,oem_product_list,/home/shebahati/KaZar/Product and Data Complete/اندازه گیری/اینسایز/لیست محصولات.pdf,,sku_column,6973018c3eeaad81327c31084ff9185ac522573976edc678d4be2bd371d056bf,source_id=insize.product_list;normalized_sku=4796-100
INSIZE,4796-150,1,oem_product_list,/home/shebahati/KaZar/Product and Data Complete/اندازه گیری/اینسایز/لیست محصولات.pdf,,sku_column,6973018c3eeaad81327c31084ff9185ac522573976edc678d4be2bd371d056bf,source_id=insize.product_list;normalized_sku=4796-150
INSIZE,4796-300,1,oem_product_list,/home/shebahati/KaZar/Product and Data Complete/اندازه گیری/اینسایز/لیست محصولات.pdf,,sku_column,6973018c3eeaad81327c31084ff9185ac522573976edc678d4be2bd371d056bf,source_id=insize.product_list;normalized_sku=4796-300
INSIZE,4796-50,1,oem_product_list,/home/shebahati/KaZar/Product and Data Complete/اندازه گیری/اینسایز/لیست محصولات.pdf,,sku_column,6973018c3eeaad81327c31084ff9185ac522573976edc678d4be2bd371d056bf,source_id=insize.product_list;normalized_sku=4796-50
INSIZE,4796-75,1,oem_product_list,/home/shebahati/KaZar/Product and Data Complete/اندازه گیری/اینسایز/لیست محصولات.pdf,,sku_column,6973018c3eeaad81327c31084ff9185ac522573976edc678d4be2bd371d056bf,source_id=insize.product_list;normalized_sku=4796-75
INSIZE,4799-1120,1,oem_product_list,/home/shebahati/KaZar/Product and Data Complete/اندازه گیری/اینسایز/لیست محصولات.pdf,,sku_column,6973018c3eeaad81327c31084ff9185ac522573976edc678d4be2bd371d056bf,source_id=insize.product_list;normalized_sku=4799-1120
INSIZE,4799-1150,1,oem_product_list,/home/shebahati/KaZar/Product and Data Complete/اندازه گیری/اینسایز/لیست محصولات.pdf,,sku_column,6973018c3eeaad81327c31084ff9185ac522573976edc678d4be2bd371d056bf,source_id=insize.product_list;normalized_sku=4799-1150
INSIZE,4799-1200,1,oem_product_list,/home/shebahati/KaZar/Product and Data Complete/اندازه گیری/اینسایز/لیست محصولات.pdf,,sku_column,6973018c3eeaad81327c31084ff9185ac522573976edc678d4be2bd371d056bf,source_id=insize.product_list;normalized_sku=4799-1200
INSIZE,4799-1300,1,oem_product_list,/home/shebahati/KaZar/Product and Data Complete/اندازه گیری/اینسایز/لیست محصولات.pdf,,sku_column,6973018c3eeaad81327c31084ff9185ac522573976edc678d4be2bd371d056bf,source_id=insize.product_list;normalized_sku=4799-1300
INSIZE,4799-180,1,oem_product_list,/home/shebahati/KaZar/Product and Data Complete/اندازه گیری/اینسایز/لیست محصولات.pdf,,sku_column,6973018c3eeaad81327c31084ff9185ac522573976edc678d4be2bd371d056bf,source_id=insize.product_list;normalized_sku=4799-180
INSIZE,4801-15,1,oem_product_list,/home/shebahati/KaZar/Product and Data Complete/اندازه گیری/اینسایز/لیست محصولات.pdf,,sku_column,6973018c3eeaad81327c31084ff9185ac522573976edc678d4be2bd371d056bf,source_id=insize.product_list;normalized_sku=4801-15
INSIZE,4801-16,1,oem_product_list,/home/shebahati/KaZar/Product and Data Complete/اندازه گیری/اینسایز/لیست محصولات.pdf,,sku_column,6973018c3eeaad81327c31084ff9185ac522573976edc678d4be2bd371d056bf,source_id=insize.product_list;normalized_sku=4801-16
INSIZE,4801-17,1,oem_product_list,/home/shebahati/KaZar/Product and Data Complete/اندازه گیری/اینسایز/لیست محصولات.pdf,,sku_column,6973018c3eeaad81327c31084ff9185ac522573976edc678d4be2bd371d056bf,source_id=insize.product_list;normalized_sku=4801-17
INSIZE,4802-31,1,oem_product_list,/home/shebahati/KaZar/Product and Data Complete/اندازه گیری/اینسایز/لیست محصولات.pdf,,sku_column,6973018c3eeaad81327c31084ff9185ac522573976edc678d4be2bd371d056bf,source_id=insize.product_list;normalized_sku=4802-31
INSIZE,4803-1,1,oem_product_list,/home/shebahati/KaZar/Product and Data Complete/اندازه گیری/اینسایز/لیست محصولات.pdf,,sku_column,6973018c3eeaad81327c31084ff9185ac522573976edc678d4be2bd371d056bf,source_id=insize.product_list;normalized_sku=4803-1
INSIZE,4804-26,1,oem_product_list,/home/shebahati/KaZar/Product and Data Complete/اندازه گیری/اینسایز/لیست محصولات.pdf,,sku_column,6973018c3eeaad81327c31084ff9185ac522573976edc678d4be2bd371d056bf,source_id=insize.product_list;normalized_sku=4804-26
INSIZE,4806-20,1,oem_product_list,/home/shebahati/KaZar/Product and Data Complete/اندازه گیری/اینسایز/لیست محصولات.pdf,,sku_column,6973018c3eeaad81327c31084ff9185ac522573976edc678d4be2bd371d056bf,source_id=insize.product_list;normalized_sku=4806-20
INSIZE,4807,1,oem_product_list,/home/shebahati/KaZar/Product and Data Complete/اندازه گیری/اینسایز/لیست محصولات.pdf,,sku_column,6973018c3eeaad81327c31084ff9185ac522573976edc678d4be2bd371d056bf,source_id=insize.product_list;normalized_sku=4807
INSIZE,4810-601,1,oem_product_list,/home/shebahati/KaZar/Product and Data Complete/اندازه گیری/اینسایز/لیست محصولات.pdf,,sku_column,6973018c3eeaad81327c31084ff9185ac522573976edc678d4be2bd371d056bf,source_id=insize.product_list;normalized_sku=4810-601
INSIZE,4810-602,1,oem_product_list,/home/shebahati/KaZar/Product and Data Complete/اندازه گیری/اینسایز/لیست محصولات.pdf,,sku_column,6973018c3eeaad81327c31084ff9185ac522573976edc678d4be2bd371d056bf,source_id=insize.product_list;normalized_sku=4810-602
INSIZE,4820-230,1,oem_product_list,/home/shebahati/KaZar/Product and Data Complete/اندازه گیری/اینسایز/لیست محصولات.pdf,,sku_column,6973018c3eeaad81327c31084ff9185ac522573976edc678d4be2bd371d056bf,source_id=insize.product_list;normalized_sku=4820-230
INSIZE,4820-452,1,oem_product_list,/home/shebahati/KaZar/Product and Data Complete/اندازه گیری/اینسایز/لیست محصولات.pdf,,sku_column,6973018c3eeaad81327c31084ff9185ac522573976edc678d4be2bd371d056bf,source_id=insize.product_list;normalized_sku=4820-452
INSIZE,4820-552,1,oem_product_list,/home/shebahati/KaZar/Product and Data Complete/اندازه گیری/اینسایز/لیست محصولات.pdf,,sku_column,6973018c3eeaad81327c31084ff9185ac522573976edc678d4be2bd371d056bf,source_id=insize.product_list;normalized_sku=4820-552
INSIZE,4824-12,1,oem_product_list,/home/shebahati/KaZar/Product and Data Complete/اندازه گیری/اینسایز/لیست محصولات.pdf,,sku_column,6973018c3eeaad81327c31084ff9185ac522573976edc678d4be2bd371d056bf,source_id=insize.product_list;normalized_sku=4824-12
INSIZE,4824-16,1,oem_product_list,/home/shebahati/KaZar/Product and Data Complete/اندازه گیری/اینسایز/لیست محصولات.pdf,,sku_column,6973018c3eeaad81327c31084ff9185ac522573976edc678d4be2bd371d056bf,source_id=insize.product_list;normalized_sku=4824-16
INSIZE,4829-1,1,oem_product_list,/home/shebahati/KaZar/Product and Data Complete/اندازه گیری/اینسایز/لیست محصولات.pdf,,sku_column,6973018c3eeaad81327c31084ff9185ac522573976edc678d4be2bd371d056bf,source_id=insize.product_list;normalized_sku=4829-1
INSIZE,4830,1,oem_product_list,/home/shebahati/KaZar/Product and Data Complete/اندازه گیری/اینسایز/لیست محصولات.pdf,,sku_column,6973018c3eeaad81327c31084ff9185ac522573976edc678d4be2bd371d056bf,source_id=insize.product_list;normalized_sku=4830
INSIZE,4831-20,1,oem_product_list,/home/shebahati/KaZar/Product and Data Complete/اندازه گیری/اینسایز/لیست محصولات.pdf,,sku_column,6973018c3eeaad81327c31084ff9185ac522573976edc678d4be2bd371d056bf,source_id=insize.product_list;normalized_sku=4831-20
INSIZE,4832-1,1,oem_product_list,/home/shebahati/KaZar/Product and Data Complete/اندازه گیری/اینسایز/لیست محصولات.pdf,,sku_column,6973018c3eeaad81327c31084ff9185ac522573976edc678d4be2bd371d056bf,source_id=insize.product_list;normalized_sku=4832-1
INSIZE,4833-1,1,oem_product_list,/home/shebahati/KaZar/Product and Data Complete/اندازه گیری/اینسایز/لیست محصولات.pdf,,sku_column,6973018c3eeaad81327c31084ff9185ac522573976edc678d4be2bd371d056bf,source_id=insize.product_list;normalized_sku=4833-1
INSIZE,4833-2,1,oem_product_list,/home/shebahati/KaZar/Product and Data Complete/اندازه گیری/اینسایز/لیست محصولات.pdf,,sku_column,6973018c3eeaad81327c31084ff9185ac522573976edc678d4be2bd371d056bf,source_id=insize.product_list;normalized_sku=4833-2
INSIZE,4833-3,1,oem_product_list,/home/shebahati/KaZar/Product and Data Complete/اندازه گیری/اینسایز/لیست محصولات.pdf,,sku_column,6973018c3eeaad81327c31084ff9185ac522573976edc678d4be2bd371d056bf,source_id=insize.product_list;normalized_sku=4833-3
INSIZE,4833-4,1,oem_product_list,/home/shebahati/KaZar/Product and Data Complete/اندازه گیری/اینسایز/لیست محصولات.pdf,,sku_column,6973018c3eeaad81327c31084ff9185ac522573976edc678d4be2bd371d056bf,source_id=insize.product_list;normalized_sku=4833-4
INSIZE,4834-1,1,oem_product_list,/home/shebahati/KaZar/Product and Data Complete/اندازه گیری/اینسایز/لیست محصولات.pdf,,sku_column,6973018c3eeaad81327c31084ff9185ac522573976edc678d4be2bd371d056bf,source_id=insize.product_list;normalized_sku=4834-1
INSIZE,4835-1,1,oem_product_list,/home/shebahati/KaZar/Product and Data Complete/اندازه گیری/اینسایز/لیست محصولات.pdf,,sku_column,6973018c3eeaad81327c31084ff9185ac522573976edc678d4be2bd371d056bf,source_id=insize.product_list;normalized_sku=4835-1
INSIZE,4836-1,1,oem_product_list,/home/shebahati/KaZar/Product and Data Complete/اندازه گیری/اینسایز/لیست محصولات.pdf,,sku_column,6973018c3eeaad81327c31084ff9185ac522573976edc678d4be2bd371d056bf,source_id=insize.product_list;normalized_sku=4836-1
INSIZE,4836-2,1,oem_product_list,/home/shebahati/KaZar/Product and Data Complete/اندازه گیری/اینسایز/لیست محصولات.pdf,,sku_column,6973018c3eeaad81327c31084ff9185ac522573976edc678d4be2bd371d056bf,source_id=insize.product_list;normalized_sku=4836-2
INSIZE,4837-1,1,oem_product_list,/home/shebahati/KaZar/Product and Data Complete/اندازه گیری/اینسایز/لیست محصولات.pdf,,sku_column,6973018c3eeaad81327c31084ff9185ac522573976edc678d4be2bd371d056bf,source_id=insize.product_list;normalized_sku=4837-1
INSIZE,4838-1,1,oem_product_list,/home/shebahati/KaZar/Product and Data Complete/اندازه گیری/اینسایز/لیست محصولات.pdf,,sku_column,6973018c3eeaad81327c31084ff9185ac522573976edc678d4be2bd371d056bf,source_id=insize.product_list;normalized_sku=4838-1
INSIZE,4839-1,1,oem_product_list,/home/shebahati/KaZar/Product and Data Complete/اندازه گیری/اینسایز/لیست محصولات.pdf,,sku_column,6973018c3eeaad81327c31084ff9185ac522573976edc678d4be2bd371d056bf,source_id=insize.product_list;normalized_sku=4839-1
INSIZE,4841-1,1,oem_product_list,/home/shebahati/KaZar/Product and Data Complete/اندازه گیری/اینسایز/لیست محصولات.pdf,,sku_column,6973018c3eeaad81327c31084ff9185ac522573976edc678d4be2bd371d056bf,source_id=insize.product_list;normalized_sku=4841-1
INSIZE,4842-1,1,oem_product_list,/home/shebahati/KaZar/Product and Data Complete/اندازه گیری/اینسایز/لیست محصولات.pdf,,sku_column,6973018c3eeaad81327c31084ff9185ac522573976edc678d4be2bd371d056bf,source_id=insize.product_list;normalized_sku=4842-1
INSIZE,4843-1,1,oem_product_list,/home/shebahati/KaZar/Product and Data Complete/اندازه گیری/اینسایز/لیست محصولات.pdf,,sku_column,6973018c3eeaad81327c31084ff9185ac522573976edc678d4be2bd371d056bf,source_id=insize.product_list;normalized_sku=4843-1
INSIZE,4844-1,1,oem_product_list,/home/shebahati/KaZar/Product and Data Complete/اندازه گیری/اینسایز/لیست محصولات.pdf,,sku_column,6973018c3eeaad81327c31084ff9185ac522573976edc678d4be2bd371d056bf,source_id=insize.product_list;normalized_sku=4844-1
INSIZE,4845-2,1,oem_product_list,/home/shebahati/KaZar/Product and Data Complete/اندازه گیری/اینسایز/لیست محصولات.pdf,,sku_column,6973018c3eeaad81327c31084ff9185ac522573976edc678d4be2bd371d056bf,source_id=insize.product_list;normalized_sku=4845-2
INSIZE,4851-1,1,oem_product_list,/home/shebahati/KaZar/Product and Data Complete/اندازه گیری/اینسایز/لیست محصولات.pdf,,sku_column,6973018c3eeaad81327c31084ff9185ac522573976edc678d4be2bd371d056bf,source_id=insize.product_list;normalized_sku=4851-1
INSIZE,4852-15,1,oem_product_list,/home/shebahati/KaZar/Product and Data Complete/اندازه گیری/اینسایز/لیست محصولات.pdf,,sku_column,6973018c3eeaad81327c31084ff9185ac522573976edc678d4be2bd371d056bf,source_id=insize.product_list;normalized_sku=4852-15
INSIZE,4852-3,1,oem_product_list,/home/shebahati/KaZar/Product and Data Complete/اندازه گیری/اینسایز/لیست محصولات.pdf,,sku_column,6973018c3eeaad81327c31084ff9185ac522573976edc678d4be2bd371d056bf,source_id=insize.product_list;normalized_sku=4852-3
INSIZE,4852-30,1,oem_product_list,/home/shebahati/KaZar/Product and Data Complete/اندازه گیری/اینسایز/لیست محصولات.pdf,,sku_column,6973018c3eeaad81327c31084ff9185ac522573976edc678d4be2bd371d056bf,source_id=insize.product_list;normalized_sku=4852-30
INSIZE,4860-212,1,oem_product_list,/home/shebahati/KaZar/Product and Data Complete/اندازه گیری/اینسایز/لیست محصولات.pdf,,sku_column,6973018c3eeaad81327c31084ff9185ac522573976edc678d4be2bd371d056bf,source_id=insize.product_list;normalized_sku=4860-212
INSIZE,4860-245,1,oem_product_list,/home/shebahati/KaZar/Product and Data Complete/اندازه گیری/اینسایز/لیست محصولات.pdf,,sku_column,6973018c3eeaad81327c31084ff9185ac522573976edc678d4be2bd371d056bf,source_id=insize.product_list;normalized_sku=4860-245
INSIZE,4902-150,1,oem_product_list,/home/shebahati/KaZar/Product and Data Complete/اندازه گیری/اینسایز/لیست محصولات.pdf,,sku_column,6973018c3eeaad81327c31084ff9185ac522573976edc678d4be2bd371d056bf,source_id=insize.product_list;normalized_sku=4902-150
INSIZE,4902-200,1,oem_product_list,/home/shebahati/KaZar/Product and Data Complete/اندازه گیری/اینسایز/لیست محصولات.pdf,,sku_column,6973018c3eeaad81327c31084ff9185ac522573976edc678d4be2bd371d056bf,source_id=insize.product_list;normalized_sku=4902-200
INSIZE,4902-300,1,oem_product_list,/home/shebahati/KaZar/Product and Data Complete/اندازه گیری/اینسایز/لیست محصولات.pdf,,sku_column,6973018c3eeaad81327c31084ff9185ac522573976edc678d4be2bd371d056bf,source_id=insize.product_list;normalized_sku=4902-300
INSIZE,4903-150,1,oem_product_list,/home/shebahati/KaZar/Product and Data Complete/اندازه گیری/اینسایز/لیست محصولات.pdf,,sku_column,6973018c3eeaad81327c31084ff9185ac522573976edc678d4be2bd371d056bf,source_id=insize.product_list;normalized_sku=4903-150
INSIZE,4903-200,1,oem_product_list,/home/shebahati/KaZar/Product and Data Complete/اندازه گیری/اینسایز/لیست محصولات.pdf,,sku_column,6973018c3eeaad81327c31084ff9185ac522573976edc678d4be2bd371d056bf,source_id=insize.product_list;normalized_sku=4903-200
INSIZE,4903-300,1,oem_product_list,/home/shebahati/KaZar/Product and Data Complete/اندازه گیری/اینسایز/لیست محصولات.pdf,,sku_column,6973018c3eeaad81327c31084ff9185ac522573976edc678d4be2bd371d056bf,source_id=insize.product_list;normalized_sku=4903-300
INSIZE,4910-400,1,oem_product_list,/home/shebahati/KaZar/Product and Data Complete/اندازه گیری/اینسایز/لیست محصولات.pdf,,sku_column,6973018c3eeaad81327c31084ff9185ac522573976edc678d4be2bd371d056bf,source_id=insize.product_list;normalized_sku=4910-400
INSIZE,4910-600,1,oem_product_list,/home/shebahati/KaZar/Product and Data Complete/اندازه گیری/اینسایز/لیست محصولات.pdf,,sku_column,6973018c3eeaad81327c31084ff9185ac522573976edc678d4be2bd371d056bf,source_id=insize.product_list;normalized_sku=4910-600
INSIZE,4911-600,1,oem_product_list,/home/shebahati/KaZar/Product and Data Complete/اندازه گیری/اینسایز/لیست محصولات.pdf,,sku_column,6973018c3eeaad81327c31084ff9185ac522573976edc678d4be2bd371d056bf,source_id=insize.product_list;normalized_sku=4911-600
INSIZE,4912-100,1,oem_product_list,/home/shebahati/KaZar/Product and Data Complete/اندازه گیری/اینسایز/لیست محصولات.pdf,,sku_column,6973018c3eeaad81327c31084ff9185ac522573976edc678d4be2bd371d056bf,source_id=insize.product_list;normalized_sku=4912-100
INSIZE,4913-250,1,oem_product_list,/home/shebahati/KaZar/Product and Data Complete/اندازه گیری/اینسایز/لیست محصولات.pdf,,sku_column,6973018c3eeaad81327c31084ff9185ac522573976edc678d4be2bd371d056bf,source_id=insize.product_list;normalized_sku=4913-250
INSIZE,4917-30,1,oem_product_list,/home/shebahati/KaZar/Product and Data Complete/اندازه گیری/اینسایز/لیست محصولات.pdf,,sku_column,6973018c3eeaad81327c31084ff9185ac522573976edc678d4be2bd371d056bf,source_id=insize.product_list;normalized_sku=4917-30
INSIZE,4918-300,1,oem_product_list,/home/shebahati/KaZar/Product and Data Complete/اندازه گیری/اینسایز/لیست محصولات.pdf,,sku_column,6973018c3eeaad81327c31084ff9185ac522573976edc678d4be2bd371d056bf,source_id=insize.product_list;normalized_sku=4918-300
INSIZE,4918-600,1,oem_product_list,/home/shebahati/KaZar/Product and Data Complete/اندازه گیری/اینسایز/لیست محصولات.pdf,,sku_column,6973018c3eeaad81327c31084ff9185ac522573976edc678d4be2bd371d056bf,source_id=insize.product_list;normalized_sku=4918-600
INSIZE,4921-230,1,oem_product_list,/home/shebahati/KaZar/Product and Data Complete/اندازه گیری/اینسایز/لیست محصولات.pdf,,sku_column,6973018c3eeaad81327c31084ff9185ac522573976edc678d4be2bd371d056bf,source_id=insize.product_list;normalized_sku=4921-230
INSIZE,4922-100,1,oem_product_list,/home/shebahati/KaZar/Product and Data Complete/اندازه گیری/اینسایز/لیست محصولات.pdf,,sku_column,6973018c3eeaad81327c31084ff9185ac522573976edc678d4be2bd371d056bf,source_id=insize.product_list;normalized_sku=4922-100
INSIZE,4922-150,1,oem_product_list,/home/shebahati/KaZar/Product and Data Complete/اندازه گیری/اینسایز/لیست محصولات.pdf,,sku_column,6973018c3eeaad81327c31084ff9185ac522573976edc678d4be2bd371d056bf,source_id=insize.product_list;normalized_sku=4922-150
INSIZE,4953-200,1,oem_product_list,/home/shebahati/KaZar/Product and Data Complete/اندازه گیری/اینسایز/لیست محصولات.pdf,,sku_column,6973018c3eeaad81327c31084ff9185ac522573976edc678d4be2bd371d056bf,source_id=insize.product_list;normalized_sku=4953-200
INSIZE,5013,1,oem_product_list,/home/shebahati/KaZar/Product and Data Complete/اندازه گیری/اینسایز/لیست محصولات.pdf,,sku_column,6973018c3eeaad81327c31084ff9185ac522573976edc678d4be2bd371d056bf,source_id=insize.product_list;normalized_sku=5013
INSIZE,5024,1,oem_product_list,/home/shebahati/KaZar/Product and Data Complete/اندازه گیری/اینسایز/لیست محصولات.pdf,,sku_column,6973018c3eeaad81327c31084ff9185ac522573976edc678d4be2bd371d056bf,source_id=insize.product_list;normalized_sku=5024
INSIZE,5201-63B2Y10,1,oem_product_list,/home/shebahati/KaZar/Product and Data Complete/اندازه گیری/اینسایز/لیست محصولات.pdf,,sku_column,6973018c3eeaad81327c31084ff9185ac522573976edc678d4be2bd371d056bf,source_id=insize.product_list;normalized_sku=5201-63B2Y10
INSIZE,58698,1,oem_product_list,/home/shebahati/KaZar/Product and Data Complete/اندازه گیری/اینسایز/لیست محصولات.pdf,,sku_column,6973018c3eeaad81327c31084ff9185ac522573976edc678d4be2bd371d056bf,source_id=insize.product_list;normalized_sku=58698
INSIZE,6140,1,oem_product_list,/home/shebahati/KaZar/Product and Data Complete/اندازه گیری/اینسایز/لیست محصولات.pdf,,sku_column,6973018c3eeaad81327c31084ff9185ac522573976edc678d4be2bd371d056bf,source_id=insize.product_list;normalized_sku=6140
INSIZE,6144,1,oem_product_list,/home/shebahati/KaZar/Product and Data Complete/اندازه گیری/اینسایز/لیست محصولات.pdf,,sku_column,6973018c3eeaad81327c31084ff9185ac522573976edc678d4be2bd371d056bf,source_id=insize.product_list;normalized_sku=6144
INSIZE,6200-60,1,oem_product_list,/home/shebahati/KaZar/Product and Data Complete/اندازه گیری/اینسایز/لیست محصولات.pdf,,sku_column,6973018c3eeaad81327c31084ff9185ac522573976edc678d4be2bd371d056bf,source_id=insize.product_list;normalized_sku=6200-60
INSIZE,6201-60,1,oem_product_list,/home/shebahati/KaZar/Product and Data Complete/اندازه گیری/اینسایز/لیست محصولات.pdf,,sku_column,6973018c3eeaad81327c31084ff9185ac522573976edc678d4be2bd371d056bf,source_id=insize.product_list;normalized_sku=6201-60
INSIZE,6202-100,1,oem_product_list,/home/shebahati/KaZar/Product and Data Complete/اندازه گیری/اینسایز/لیست محصولات.pdf,,sku_column,6973018c3eeaad81327c31084ff9185ac522573976edc678d4be2bd371d056bf,source_id=insize.product_list;normalized_sku=6202-100
INSIZE,6202-80,1,oem_product_list,/home/shebahati/KaZar/Product and Data Complete/اندازه گیری/اینسایز/لیست محصولات.pdf,,sku_column,6973018c3eeaad81327c31084ff9185ac522573976edc678d4be2bd371d056bf,source_id=insize.product_list;normalized_sku=6202-80
INSIZE,6207-80,1,oem_product_list,/home/shebahati/KaZar/Product and Data Complete/اندازه گیری/اینسایز/لیست محصولات.pdf,,sku_column,6973018c3eeaad81327c31084ff9185ac522573976edc678d4be2bd371d056bf,source_id=insize.product_list;normalized_sku=6207-80
INSIZE,6208-80,1,oem_product_list,/home/shebahati/KaZar/Product and Data Complete/اندازه گیری/اینسایز/لیست محصولات.pdf,,sku_column,6973018c3eeaad81327c31084ff9185ac522573976edc678d4be2bd371d056bf,source_id=insize.product_list;normalized_sku=6208-80
INSIZE,6210-100,1,oem_product_list,/home/shebahati/KaZar/Product and Data Complete/اندازه گیری/اینسایز/لیست محصولات.pdf,,sku_column,6973018c3eeaad81327c31084ff9185ac522573976edc678d4be2bd371d056bf,source_id=insize.product_list;normalized_sku=6210-100
INSIZE,6210-80,1,oem_product_list,/home/shebahati/KaZar/Product and Data Complete/اندازه گیری/اینسایز/لیست محصولات.pdf,,sku_column,6973018c3eeaad81327c31084ff9185ac522573976edc678d4be2bd371d056bf,source_id=insize.product_list;normalized_sku=6210-80
INSIZE,6210-81,1,oem_product_list,/home/shebahati/KaZar/Product and Data Complete/اندازه گیری/اینسایز/لیست محصولات.pdf,,sku_column,6973018c3eeaad81327c31084ff9185ac522573976edc678d4be2bd371d056bf,source_id=insize.product_list;normalized_sku=6210-81
INSIZE,6211-10,1,oem_product_list,/home/shebahati/KaZar/Product and Data Complete/اندازه گیری/اینسایز/لیست محصولات.pdf,,sku_column,6973018c3eeaad81327c31084ff9185ac522573976edc678d4be2bd371d056bf,source_id=insize.product_list;normalized_sku=6211-10
INSIZE,6215-60,1,oem_product_list,/home/shebahati/KaZar/Product and Data Complete/اندازه گیری/اینسایز/لیست محصولات.pdf,,sku_column,6973018c3eeaad81327c31084ff9185ac522573976edc678d4be2bd371d056bf,source_id=insize.product_list;normalized_sku=6215-60
INSIZE,6224-40,1,oem_product_list,/home/shebahati/KaZar/Product and Data Complete/اندازه گیری/اینسایز/لیست محصولات.pdf,,sku_column,6973018c3eeaad81327c31084ff9185ac522573976edc678d4be2bd371d056bf,source_id=insize.product_list;normalized_sku=6224-40
INSIZE,6226-80,1,oem_product_list,/home/shebahati/KaZar/Product and Data Complete/اندازه گیری/اینسایز/لیست محصولات.pdf,,sku_column,6973018c3eeaad81327c31084ff9185ac522573976edc678d4be2bd371d056bf,source_id=insize.product_list;normalized_sku=6226-80
INSIZE,6228-40,1,oem_product_list,/home/shebahati/KaZar/Product and Data Complete/اندازه گیری/اینسایز/لیست محصولات.pdf,,sku_column,6973018c3eeaad81327c31084ff9185ac522573976edc678d4be2bd371d056bf,source_id=insize.product_list;normalized_sku=6228-40
INSIZE,6229-60,1,oem_product_list,/home/shebahati/KaZar/Product and Data Complete/اندازه گیری/اینسایز/لیست محصولات.pdf,,sku_column,6973018c3eeaad81327c31084ff9185ac522573976edc678d4be2bd371d056bf,source_id=insize.product_list;normalized_sku=6229-60
INSIZE,6229-80,1,oem_product_list,/home/shebahati/KaZar/Product and Data Complete/اندازه گیری/اینسایز/لیست محصولات.pdf,,sku_column,6973018c3eeaad81327c31084ff9185ac522573976edc678d4be2bd371d056bf,source_id=insize.product_list;normalized_sku=6229-80
INSIZE,6282-1102,1,oem_product_list,/home/shebahati/KaZar/Product and Data Complete/اندازه گیری/اینسایز/لیست محصولات.pdf,,sku_column,6973018c3eeaad81327c31084ff9185ac522573976edc678d4be2bd371d056bf,source_id=insize.product_list;normalized_sku=6282-1102
INSIZE,6282-1201,1,oem_product_list,/home/shebahati/KaZar/Product and Data Complete/اندازه گیری/اینسایز/لیست محصولات.pdf,,sku_column,6973018c3eeaad81327c31084ff9185ac522573976edc678d4be2bd371d056bf,source_id=insize.product_list;normalized_sku=6282-1201
INSIZE,6282-1203,1,oem_product_list,/home/shebahati/KaZar/Product and Data Complete/اندازه گیری/اینسایز/لیست محصولات.pdf,,sku_column,6973018c3eeaad81327c31084ff9185ac522573976edc678d4be2bd371d056bf,source_id=insize.product_list;normalized_sku=6282-1203
INSIZE,6282-1601,1,oem_product_list,/home/shebahati/KaZar/Product and Data Complete/اندازه گیری/اینسایز/لیست محصولات.pdf,,sku_column,6973018c3eeaad81327c31084ff9185ac522573976edc678d4be2bd371d056bf,source_id=insize.product_list;normalized_sku=6282-1601
INSIZE,6282-2001,1,oem_product_list,/home/shebahati/KaZar/Product and Data Complete/اندازه گیری/اینسایز/لیست محصولات.pdf,,sku_column,6973018c3eeaad81327c31084ff9185ac522573976edc678d4be2bd371d056bf,source_id=insize.product_list;normalized_sku=6282-2001
INSIZE,6282-2002,1,oem_product_list,/home/shebahati/KaZar/Product and Data Complete/اندازه گیری/اینسایز/لیست محصولات.pdf,,sku_column,6973018c3eeaad81327c31084ff9185ac522573976edc678d4be2bd371d056bf,source_id=insize.product_list;normalized_sku=6282-2002
INSIZE,6282-2003,1,oem_product_list,/home/shebahati/KaZar/Product and Data Complete/اندازه گیری/اینسایز/لیست محصولات.pdf,,sku_column,6973018c3eeaad81327c31084ff9185ac522573976edc678d4be2bd371d056bf,source_id=insize.product_list;normalized_sku=6282-2003
INSIZE,6282-2004,1,oem_product_list,/home/shebahati/KaZar/Product and Data Complete/اندازه گیری/اینسایز/لیست محصولات.pdf,,sku_column,6973018c3eeaad81327c31084ff9185ac522573976edc678d4be2bd371d056bf,source_id=insize.product_list;normalized_sku=6282-2004
INSIZE,6282-2005,1,oem_product_list,/home/shebahati/KaZar/Product and Data Complete/اندازه گیری/اینسایز/لیست محصولات.pdf,,sku_column,6973018c3eeaad81327c31084ff9185ac522573976edc678d4be2bd371d056bf,source_id=insize.product_list;normalized_sku=6282-2005
INSIZE,6282-2007,1,oem_product_list,/home/shebahati/KaZar/Product and Data Complete/اندازه گیری/اینسایز/لیست محصولات.pdf,,sku_column,6973018c3eeaad81327c31084ff9185ac522573976edc678d4be2bd371d056bf,source_id=insize.product_list;normalized_sku=6282-2007
INSIZE,6282-2009,1,oem_product_list,/home/shebahati/KaZar/Product and Data Complete/اندازه گیری/اینسایز/لیست محصولات.pdf,,sku_column,6973018c3eeaad81327c31084ff9185ac522573976edc678d4be2bd371d056bf,source_id=insize.product_list;normalized_sku=6282-2009
INSIZE,6282-2013,1,oem_product_list,/home/shebahati/KaZar/Product and Data Complete/اندازه گیری/اینسایز/لیست محصولات.pdf,,sku_column,6973018c3eeaad81327c31084ff9185ac522573976edc678d4be2bd371d056bf,source_id=insize.product_list;normalized_sku=6282-2013
INSIZE,6282-2017,1,oem_product_list,/home/shebahati/KaZar/Product and Data Complete/اندازه گیری/اینسایز/لیست محصولات.pdf,,sku_column,6973018c3eeaad81327c31084ff9185ac522573976edc678d4be2bd371d056bf,source_id=insize.product_list;normalized_sku=6282-2017
INSIZE,6284-3,1,oem_product_list,/home/shebahati/KaZar/Product and Data Complete/اندازه گیری/اینسایز/لیست محصولات.pdf,,sku_column,6973018c3eeaad81327c31084ff9185ac522573976edc678d4be2bd371d056bf,source_id=insize.product_list;normalized_sku=6284-3
INSIZE,6284-82,1,oem_product_list,/home/shebahati/KaZar/Product and Data Complete/اندازه گیری/اینسایز/لیست محصولات.pdf,,sku_column,6973018c3eeaad81327c31084ff9185ac522573976edc678d4be2bd371d056bf,source_id=insize.product_list;normalized_sku=6284-82
INSIZE,6291-1,1,oem_product_list,/home/shebahati/KaZar/Product and Data Complete/اندازه گیری/اینسایز/لیست محصولات.pdf,,sku_column,6973018c3eeaad81327c31084ff9185ac522573976edc678d4be2bd371d056bf,source_id=insize.product_list;normalized_sku=6291-1
INSIZE,6293-1,1,oem_product_list,/home/shebahati/KaZar/Product and Data Complete/اندازه گیری/اینسایز/لیست محصولات.pdf,,sku_column,6973018c3eeaad81327c31084ff9185ac522573976edc678d4be2bd371d056bf,source_id=insize.product_list;normalized_sku=6293-1
INSIZE,6293-2,1,oem_product_list,/home/shebahati/KaZar/Product and Data Complete/اندازه گیری/اینسایز/لیست محصولات.pdf,,sku_column,6973018c3eeaad81327c31084ff9185ac522573976edc678d4be2bd371d056bf,source_id=insize.product_list;normalized_sku=6293-2
INSIZE,6294-1A,1,oem_product_list,/home/shebahati/KaZar/Product and Data Complete/اندازه گیری/اینسایز/لیست محصولات.pdf,,sku_column,6973018c3eeaad81327c31084ff9185ac522573976edc678d4be2bd371d056bf,source_id=insize.product_list;normalized_sku=6294-1A
INSIZE,6295-1A,1,oem_product_list,/home/shebahati/KaZar/Product and Data Complete/اندازه گیری/اینسایز/لیست محصولات.pdf,,sku_column,6973018c3eeaad81327c31084ff9185ac522573976edc678d4be2bd371d056bf,source_id=insize.product_list;normalized_sku=6295-1A
INSIZE,6297-1,1,oem_product_list,/home/shebahati/KaZar/Product and Data Complete/اندازه گیری/اینسایز/لیست محصولات.pdf,,sku_column,6973018c3eeaad81327c31084ff9185ac522573976edc678d4be2bd371d056bf,source_id=insize.product_list;normalized_sku=6297-1
INSIZE,6298-2,1,oem_product_list,/home/shebahati/KaZar/Product and Data Complete/اندازه گیری/اینسایز/لیست محصولات.pdf,,sku_column,6973018c3eeaad81327c31084ff9185ac522573976edc678d4be2bd371d056bf,source_id=insize.product_list;normalized_sku=6298-2
INSIZE,6300,1,oem_product_list,/home/shebahati/KaZar/Product and Data Complete/اندازه گیری/اینسایز/لیست محصولات.pdf,,sku_column,6973018c3eeaad81327c31084ff9185ac522573976edc678d4be2bd371d056bf,source_id=insize.product_list;normalized_sku=6300
INSIZE,6301,1,oem_product_list,/home/shebahati/KaZar/Product and Data Complete/اندازه گیری/اینسایز/لیست محصولات.pdf,,sku_column,6973018c3eeaad81327c31084ff9185ac522573976edc678d4be2bd371d056bf,source_id=insize.product_list;normalized_sku=6301
INSIZE,6354-25W,1,oem_product_list,/home/shebahati/KaZar/Product and Data Complete/اندازه گیری/اینسایز/لیست محصولات.pdf,,sku_column,6973018c3eeaad81327c31084ff9185ac522573976edc678d4be2bd371d056bf,source_id=insize.product_list;normalized_sku=6354-25W
INSIZE,6372-25,1,oem_product_list,/home/shebahati/KaZar/Product and Data Complete/اندازه گیری/اینسایز/لیست محصولات.pdf,,sku_column,6973018c3eeaad81327c31084ff9185ac522573976edc678d4be2bd371d056bf,source_id=insize.product_list;normalized_sku=6372-25
INSIZE,6377-25W,1,oem_product_list,/home/shebahati/KaZar/Product and Data Complete/اندازه گیری/اینسایز/لیست محصولات.pdf,,sku_column,6973018c3eeaad81327c31084ff9185ac522573976edc678d4be2bd371d056bf,source_id=insize.product_list;normalized_sku=6377-25W
INSIZE,6511-24,1,oem_product_list,/home/shebahati/KaZar/Product and Data Complete/اندازه گیری/اینسایز/لیست محصولات.pdf,,sku_column,6973018c3eeaad81327c31084ff9185ac522573976edc678d4be2bd371d056bf,source_id=insize.product_list;normalized_sku=6511-24
INSIZE,6511-241,1,oem_product_list,/home/shebahati/KaZar/Product and Data Complete/اندازه گیری/اینسایز/لیست محصولات.pdf,,sku_column,6973018c3eeaad81327c31084ff9185ac522573976edc678d4be2bd371d056bf,source_id=insize.product_list;normalized_sku=6511-241
INSIZE,6520-102,1,oem_product_list,/home/shebahati/KaZar/Product and Data Complete/اندازه گیری/اینسایز/لیست محصولات.pdf,,sku_column,6973018c3eeaad81327c31084ff9185ac522573976edc678d4be2bd371d056bf,source_id=insize.product_list;normalized_sku=6520-102
INSIZE,6520-67,1,oem_product_list,/home/shebahati/KaZar/Product and Data Complete/اندازه گیری/اینسایز/لیست محصولات.pdf,,sku_column,6973018c3eeaad81327c31084ff9185ac522573976edc678d4be2bd371d056bf,source_id=insize.product_list;normalized_sku=6520-67
INSIZE,6520-87,1,oem_product_list,/home/shebahati/KaZar/Product and Data Complete/اندازه گیری/اینسایز/لیست محصولات.pdf,,sku_column,6973018c3eeaad81327c31084ff9185ac522573976edc678d4be2bd371d056bf,source_id=insize.product_list;normalized_sku=6520-87
INSIZE,6557-50,1,oem_product_list,/home/shebahati/KaZar/Product and Data Complete/اندازه گیری/اینسایز/لیست محصولات.pdf,,sku_column,6973018c3eeaad81327c31084ff9185ac522573976edc678d4be2bd371d056bf,source_id=insize.product_list;normalized_sku=6557-50
INSIZE,6566-2,1,oem_product_list,/home/shebahati/KaZar/Product and Data Complete/اندازه گیری/اینسایز/لیست محصولات.pdf,,sku_column,6973018c3eeaad81327c31084ff9185ac522573976edc678d4be2bd371d056bf,source_id=insize.product_list;normalized_sku=6566-2
INSIZE,6566-3,1,oem_product_list,/home/shebahati/KaZar/Product and Data Complete/اندازه گیری/اینسایز/لیست محصولات.pdf,,sku_column,6973018c3eeaad81327c31084ff9185ac522573976edc678d4be2bd371d056bf,source_id=insize.product_list;normalized_sku=6566-3
INSIZE,6801-1201,1,oem_product_list,/home/shebahati/KaZar/Product and Data Complete/اندازه گیری/اینسایز/لیست محصولات.pdf,,sku_column,6973018c3eeaad81327c31084ff9185ac522573976edc678d4be2bd371d056bf,source_id=insize.product_list;normalized_sku=6801-1201
INSIZE,6801-1202,1,oem_product_list,/home/shebahati/KaZar/Product and Data Complete/اندازه گیری/اینسایز/لیست محصولات.pdf,,sku_column,6973018c3eeaad81327c31084ff9185ac522573976edc678d4be2bd371d056bf,source_id=insize.product_list;normalized_sku=6801-1202
INSIZE,6832-1,1,oem_product_list,/home/shebahati/KaZar/Product and Data Complete/اندازه گیری/اینسایز/لیست محصولات.pdf,,sku_column,6973018c3eeaad81327c31084ff9185ac522573976edc678d4be2bd371d056bf,source_id=insize.product_list;normalized_sku=6832-1
INSIZE,6862-1002,1,oem_product_list,/home/shebahati/KaZar/Product and Data Complete/اندازه گیری/اینسایز/لیست محصولات.pdf,,sku_column,6973018c3eeaad81327c31084ff9185ac522573976edc678d4be2bd371d056bf,source_id=insize.product_list;normalized_sku=6862-1002
INSIZE,6866-150,1,oem_product_list,/home/shebahati/KaZar/Product and Data Complete/اندازه گیری/اینسایز/لیست محصولات.pdf,,sku_column,6973018c3eeaad81327c31084ff9185ac522573976edc678d4be2bd371d056bf,source_id=insize.product_list;normalized_sku=6866-150
INSIZE,6890-702,1,oem_product_list,/home/shebahati/KaZar/Product and Data Complete/اندازه گیری/اینسایز/لیست محصولات.pdf,,sku_column,6973018c3eeaad81327c31084ff9185ac522573976edc678d4be2bd371d056bf,source_id=insize.product_list;normalized_sku=6890-702
INSIZE,6896-11,1,oem_product_list,/home/shebahati/KaZar/Product and Data Complete/اندازه گیری/اینسایز/لیست محصولات.pdf,,sku_column,6973018c3eeaad81327c31084ff9185ac522573976edc678d4be2bd371d056bf,source_id=insize.product_list;normalized_sku=6896-11
INSIZE,6896-13,1,oem_product_list,/home/shebahati/KaZar/Product and Data Complete/اندازه گیری/اینسایز/لیست محصولات.pdf,,sku_column,6973018c3eeaad81327c31084ff9185ac522573976edc678d4be2bd371d056bf,source_id=insize.product_list;normalized_sku=6896-13
INSIZE,6900-1106,1,oem_product_list,/home/shebahati/KaZar/Product and Data Complete/اندازه گیری/اینسایز/لیست محصولات.pdf,,sku_column,6973018c3eeaad81327c31084ff9185ac522573976edc678d4be2bd371d056bf,source_id=insize.product_list;normalized_sku=6900-1106
INSIZE,6900-132,1,oem_product_list,/home/shebahati/KaZar/Product and Data Complete/اندازه گیری/اینسایز/لیست محصولات.pdf,,sku_column,6973018c3eeaad81327c31084ff9185ac522573976edc678d4be2bd371d056bf,source_id=insize.product_list;normalized_sku=6900-132
INSIZE,6900-142,1,oem_product_list,/home/shebahati/KaZar/Product and Data Complete/اندازه گیری/اینسایز/لیست محصولات.pdf,,sku_column,6973018c3eeaad81327c31084ff9185ac522573976edc678d4be2bd371d056bf,source_id=insize.product_list;normalized_sku=6900-142
INSIZE,6900-153,1,oem_product_list,/home/shebahati/KaZar/Product and Data Complete/اندازه گیری/اینسایز/لیست محصولات.pdf,,sku_column,6973018c3eeaad81327c31084ff9185ac522573976edc678d4be2bd371d056bf,source_id=insize.product_list;normalized_sku=6900-153
INSIZE,6900-164,1,oem_product_list,/home/shebahati/KaZar/Product and Data Complete/اندازه گیری/اینسایز/لیست محصولات.pdf,,sku_column,6973018c3eeaad81327c31084ff9185ac522573976edc678d4be2bd371d056bf,source_id=insize.product_list;normalized_sku=6900-164
INSIZE,6900-185,1,oem_product_list,/home/shebahati/KaZar/Product and Data Complete/اندازه گیری/اینسایز/لیست محصولات.pdf,,sku_column,6973018c3eeaad81327c31084ff9185ac522573976edc678d4be2bd371d056bf,source_id=insize.product_list;normalized_sku=6900-185
INSIZE,6902-106,1,oem_product_list,/home/shebahati/KaZar/Product and Data Complete/اندازه گیری/اینسایز/لیست محصولات.pdf,,sku_column,6973018c3eeaad81327c31084ff9185ac522573976edc678d4be2bd371d056bf,source_id=insize.product_list;normalized_sku=6902-106
INSIZE,6902-85,1,oem_product_list,/home/shebahati/KaZar/Product and Data Complete/اندازه گیری/اینسایز/لیست محصولات.pdf,,sku_column,6973018c3eeaad81327c31084ff9185ac522573976edc678d4be2bd371d056bf,source_id=insize.product_list;normalized_sku=6902-85
INSIZE,7110-1000,1,oem_product_list,/home/shebahati/KaZar/Product and Data Complete/اندازه گیری/اینسایز/لیست محصولات.pdf,,sku_column,6973018c3eeaad81327c31084ff9185ac522573976edc678d4be2bd371d056bf,source_id=insize.product_list;normalized_sku=7110-1000
INSIZE,7110-1200,1,oem_product_list,/home/shebahati/KaZar/Product and Data Complete/اندازه گیری/اینسایز/لیست محصولات.pdf,,sku_column,6973018c3eeaad81327c31084ff9185ac522573976edc678d4be2bd371d056bf,source_id=insize.product_list;normalized_sku=7110-1200
INSIZE,7110-150,1,oem_product_list,/home/shebahati/KaZar/Product and Data Complete/اندازه گیری/اینسایز/لیست محصولات.pdf,,sku_column,6973018c3eeaad81327c31084ff9185ac522573976edc678d4be2bd371d056bf,source_id=insize.product_list;normalized_sku=7110-150
INSIZE,7110-1500,1,oem_product_list,/home/shebahati/KaZar/Product and Data Complete/اندازه گیری/اینسایز/لیست محصولات.pdf,,sku_column,6973018c3eeaad81327c31084ff9185ac522573976edc678d4be2bd371d056bf,source_id=insize.product_list;normalized_sku=7110-1500
INSIZE,7110-200,1,oem_product_list,/home/shebahati/KaZar/Product and Data Complete/اندازه گیری/اینسایز/لیست محصولات.pdf,,sku_column,6973018c3eeaad81327c31084ff9185ac522573976edc678d4be2bd371d056bf,source_id=insize.product_list;normalized_sku=7110-200
INSIZE,7110-2000,1,oem_product_list,/home/shebahati/KaZar/Product and Data Complete/اندازه گیری/اینسایز/لیست محصولات.pdf,,sku_column,6973018c3eeaad81327c31084ff9185ac522573976edc678d4be2bd371d056bf,source_id=insize.product_list;normalized_sku=7110-2000
INSIZE,7110-300,1,oem_product_list,/home/shebahati/KaZar/Product and Data Complete/اندازه گیری/اینسایز/لیست محصولات.pdf,,sku_column,6973018c3eeaad81327c31084ff9185ac522573976edc678d4be2bd371d056bf,source_id=insize.product_list;normalized_sku=7110-300
INSIZE,7110-500,1,oem_product_list,/home/shebahati/KaZar/Product and Data Complete/اندازه گیری/اینسایز/لیست محصولات.pdf,,sku_column,6973018c3eeaad81327c31084ff9185ac522573976edc678d4be2bd371d056bf,source_id=insize.product_list;normalized_sku=7110-500
INSIZE,7110-600,1,oem_product_list,/home/shebahati/KaZar/Product and Data Complete/اندازه گیری/اینسایز/لیست محصولات.pdf,,sku_column,6973018c3eeaad81327c31084ff9185ac522573976edc678d4be2bd371d056bf,source_id=insize.product_list;normalized_sku=7110-600
INSIZE,7111-1000,1,oem_product_list,/home/shebahati/KaZar/Product and Data Complete/اندازه گیری/اینسایز/لیست محصولات.pdf,,sku_column,6973018c3eeaad81327c31084ff9185ac522573976edc678d4be2bd371d056bf,source_id=insize.product_list;normalized_sku=7111-1000
INSIZE,7111-300,1,oem_product_list,/home/shebahati/KaZar/Product and Data Complete/اندازه گیری/اینسایز/لیست محصولات.pdf,,sku_column,6973018c3eeaad81327c31084ff9185ac522573976edc678d4be2bd371d056bf,source_id=insize.product_list;normalized_sku=7111-300
INSIZE,7111-500,1,oem_product_list,/home/shebahati/KaZar/Product and Data Complete/اندازه گیری/اینسایز/لیست محصولات.pdf,,sku_column,6973018c3eeaad81327c31084ff9185ac522573976edc678d4be2bd371d056bf,source_id=insize.product_list;normalized_sku=7111-500
INSIZE,7114-2200,1,oem_product_list,/home/shebahati/KaZar/Product and Data Complete/اندازه گیری/اینسایز/لیست محصولات.pdf,,sku_column,6973018c3eeaad81327c31084ff9185ac522573976edc678d4be2bd371d056bf,source_id=insize.product_list;normalized_sku=7114-2200
INSIZE,7114-3460,1,oem_product_list,/home/shebahati/KaZar/Product and Data Complete/اندازه گیری/اینسایز/لیست محصولات.pdf,,sku_column,6973018c3eeaad81327c31084ff9185ac522573976edc678d4be2bd371d056bf,source_id=insize.product_list;normalized_sku=7114-3460
INSIZE,7114-950,1,oem_product_list,/home/shebahati/KaZar/Product and Data Complete/اندازه گیری/اینسایز/لیست محصولات.pdf,,sku_column,6973018c3eeaad81327c31084ff9185ac522573976edc678d4be2bd371d056bf,source_id=insize.product_list;normalized_sku=7114-950
INSIZE,7120-200,1,oem_product_list,/home/shebahati/KaZar/Product and Data Complete/اندازه گیری/اینسایز/لیست محصولات.pdf,,sku_column,6973018c3eeaad81327c31084ff9185ac522573976edc678d4be2bd371d056bf,source_id=insize.product_list;normalized_sku=7120-200
INSIZE,7139-100,1,oem_product_list,/home/shebahati/KaZar/Product and Data Complete/اندازه گیری/اینسایز/لیست محصولات.pdf,,sku_column,6973018c3eeaad81327c31084ff9185ac522573976edc678d4be2bd371d056bf,source_id=insize.product_list;normalized_sku=7139-100
INSIZE,7140-3,1,oem_product_list,/home/shebahati/KaZar/Product and Data Complete/اندازه گیری/اینسایز/لیست محصولات.pdf,,sku_column,6973018c3eeaad81327c31084ff9185ac522573976edc678d4be2bd371d056bf,source_id=insize.product_list;normalized_sku=7140-3
INSIZE,7140-5,1,oem_product_list,/home/shebahati/KaZar/Product and Data Complete/اندازه گیری/اینسایز/لیست محصولات.pdf,,sku_column,6973018c3eeaad81327c31084ff9185ac522573976edc678d4be2bd371d056bf,source_id=insize.product_list;normalized_sku=7140-5
INSIZE,7142-5,1,oem_product_list,/home/shebahati/KaZar/Product and Data Complete/اندازه گیری/اینسایز/لیست محصولات.pdf,,sku_column,6973018c3eeaad81327c31084ff9185ac522573976edc678d4be2bd371d056bf,source_id=insize.product_list;normalized_sku=7142-5
INSIZE,7144-1,1,oem_product_list,/home/shebahati/KaZar/Product and Data Complete/اندازه گیری/اینسایز/لیست محصولات.pdf,,sku_column,6973018c3eeaad81327c31084ff9185ac522573976edc678d4be2bd371d056bf,source_id=insize.product_list;normalized_sku=7144-1
INSIZE,7145-1,1,oem_product_list,/home/shebahati/KaZar/Product and Data Complete/اندازه گیری/اینسایز/لیست محصولات.pdf,,sku_column,6973018c3eeaad81327c31084ff9185ac522573976edc678d4be2bd371d056bf,source_id=insize.product_list;normalized_sku=7145-1
INSIZE,7160-1,1,oem_product_list,/home/shebahati/KaZar/Product and Data Complete/اندازه گیری/اینسایز/لیست محصولات.pdf,,sku_column,6973018c3eeaad81327c31084ff9185ac522573976edc678d4be2bd371d056bf,source_id=insize.product_list;normalized_sku=7160-1
INSIZE,7160-2,1,oem_product_list,/home/shebahati/KaZar/Product and Data Complete/اندازه گیری/اینسایز/لیست محصولات.pdf,,sku_column,6973018c3eeaad81327c31084ff9185ac522573976edc678d4be2bd371d056bf,source_id=insize.product_list;normalized_sku=7160-2
INSIZE,7161-1,1,oem_product_list,/home/shebahati/KaZar/Product and Data Complete/اندازه گیری/اینسایز/لیست محصولات.pdf,,sku_column,6973018c3eeaad81327c31084ff9185ac522573976edc678d4be2bd371d056bf,source_id=insize.product_list;normalized_sku=7161-1
INSIZE,7162-1,1,oem_product_list,/home/shebahati/KaZar/Product and Data Complete/اندازه گیری/اینسایز/لیست محصولات.pdf,,sku_column,6973018c3eeaad81327c31084ff9185ac522573976edc678d4be2bd371d056bf,source_id=insize.product_list;normalized_sku=7162-1
INSIZE,7163-1,1,oem_product_list,/home/shebahati/KaZar/Product and Data Complete/اندازه گیری/اینسایز/لیست محصولات.pdf,,sku_column,6973018c3eeaad81327c31084ff9185ac522573976edc678d4be2bd371d056bf,source_id=insize.product_list;normalized_sku=7163-1
INSIZE,7164-1,1,oem_product_list,/home/shebahati/KaZar/Product and Data Complete/اندازه گیری/اینسایز/لیست محصولات.pdf,,sku_column,6973018c3eeaad81327c31084ff9185ac522573976edc678d4be2bd371d056bf,source_id=insize.product_list;normalized_sku=7164-1
INSIZE,7202-200,1,oem_product_list,/home/shebahati/KaZar/Product and Data Complete/اندازه گیری/اینسایز/لیست محصولات.pdf,,sku_column,6973018c3eeaad81327c31084ff9185ac522573976edc678d4be2bd371d056bf,source_id=insize.product_list;normalized_sku=7202-200
INSIZE,7205-200,1,oem_product_list,/home/shebahati/KaZar/Product and Data Complete/اندازه گیری/اینسایز/لیست محصولات.pdf,,sku_column,6973018c3eeaad81327c31084ff9185ac522573976edc678d4be2bd371d056bf,source_id=insize.product_list;normalized_sku=7205-200
INSIZE,7214-50M,1,oem_product_list,/home/shebahati/KaZar/Product and Data Complete/اندازه گیری/اینسایز/لیست محصولات.pdf,,sku_column,6973018c3eeaad81327c31084ff9185ac522573976edc678d4be2bd371d056bf,source_id=insize.product_list;normalized_sku=7214-50M
INSIZE,7230,1,oem_product_list,/home/shebahati/KaZar/Product and Data Complete/اندازه گیری/اینسایز/لیست محصولات.pdf,,sku_column,6973018c3eeaad81327c31084ff9185ac522573976edc678d4be2bd371d056bf,source_id=insize.product_list;normalized_sku=7230
INSIZE,7247-150,1,oem_product_list,/home/shebahati/KaZar/Product and Data Complete/اندازه گیری/اینسایز/لیست محصولات.pdf,,sku_column,6973018c3eeaad81327c31084ff9185ac522573976edc678d4be2bd371d056bf,source_id=insize.product_list;normalized_sku=7247-150
INSIZE,7247-200,1,oem_product_list,/home/shebahati/KaZar/Product and Data Complete/اندازه گیری/اینسایز/لیست محصولات.pdf,,sku_column,6973018c3eeaad81327c31084ff9185ac522573976edc678d4be2bd371d056bf,source_id=insize.product_list;normalized_sku=7247-200
INSIZE,7247-300,1,oem_product_list,/home/shebahati/KaZar/Product and Data Complete/اندازه گیری/اینسایز/لیست محصولات.pdf,,sku_column,6973018c3eeaad81327c31084ff9185ac522573976edc678d4be2bd371d056bf,source_id=insize.product_list;normalized_sku=7247-300
INSIZE,7261-150,1,oem_product_list,/home/shebahati/KaZar/Product and Data Complete/اندازه گیری/اینسایز/لیست محصولات.pdf,,sku_column,6973018c3eeaad81327c31084ff9185ac522573976edc678d4be2bd371d056bf,source_id=insize.product_list;normalized_sku=7261-150
INSIZE,7261-200,1,oem_product_list,/home/shebahati/KaZar/Product and Data Complete/اندازه گیری/اینسایز/لیست محصولات.pdf,,sku_column,6973018c3eeaad81327c31084ff9185ac522573976edc678d4be2bd371d056bf,source_id=insize.product_list;normalized_sku=7261-200
INSIZE,7261-300,1,oem_product_list,/home/shebahati/KaZar/Product and Data Complete/اندازه گیری/اینسایز/لیست محصولات.pdf,,sku_column,6973018c3eeaad81327c31084ff9185ac522573976edc678d4be2bd371d056bf,source_id=insize.product_list;normalized_sku=7261-300
INSIZE,7262-150,1,oem_product_list,/home/shebahati/KaZar/Product and Data Complete/اندازه گیری/اینسایز/لیست محصولات.pdf,,sku_column,6973018c3eeaad81327c31084ff9185ac522573976edc678d4be2bd371d056bf,source_id=insize.product_list;normalized_sku=7262-150
INSIZE,7262-200,1,oem_product_list,/home/shebahati/KaZar/Product and Data Complete/اندازه گیری/اینسایز/لیست محصولات.pdf,,sku_column,6973018c3eeaad81327c31084ff9185ac522573976edc678d4be2bd371d056bf,source_id=insize.product_list;normalized_sku=7262-200
INSIZE,7262-300,1,oem_product_list,/home/shebahati/KaZar/Product and Data Complete/اندازه گیری/اینسایز/لیست محصولات.pdf,,sku_column,6973018c3eeaad81327c31084ff9185ac522573976edc678d4be2bd371d056bf,source_id=insize.product_list;normalized_sku=7262-300
INSIZE,7302-21,1,oem_product_list,/home/shebahati/KaZar/Product and Data Complete/اندازه گیری/اینسایز/لیست محصولات.pdf,,sku_column,6973018c3eeaad81327c31084ff9185ac522573976edc678d4be2bd371d056bf,source_id=insize.product_list;normalized_sku=7302-21
INSIZE,7315-21,1,oem_product_list,/home/shebahati/KaZar/Product and Data Complete/اندازه گیری/اینسایز/لیست محصولات.pdf,,sku_column,6973018c3eeaad81327c31084ff9185ac522573976edc678d4be2bd371d056bf,source_id=insize.product_list;normalized_sku=7315-21
INSIZE,7323,1,oem_product_list,/home/shebahati/KaZar/Product and Data Complete/اندازه گیری/اینسایز/لیست محصولات.pdf,,sku_column,6973018c3eeaad81327c31084ff9185ac522573976edc678d4be2bd371d056bf,source_id=insize.product_list;normalized_sku=7323
INSIZE,7350-160,1,oem_product_list,/home/shebahati/KaZar/Product and Data Complete/اندازه گیری/اینسایز/لیست محصولات.pdf,,sku_column,6973018c3eeaad81327c31084ff9185ac522573976edc678d4be2bd371d056bf,source_id=insize.product_list;normalized_sku=7350-160
INSIZE,7350-35,1,oem_product_list,/home/shebahati/KaZar/Product and Data Complete/اندازه گیری/اینسایز/لیست محصولات.pdf,,sku_column,6973018c3eeaad81327c31084ff9185ac522573976edc678d4be2bd371d056bf,source_id=insize.product_list;normalized_sku=7350-35
INSIZE,7350-60,1,oem_product_list,/home/shebahati/KaZar/Product and Data Complete/اندازه گیری/اینسایز/لیست محصولات.pdf,,sku_column,6973018c3eeaad81327c31084ff9185ac522573976edc678d4be2bd371d056bf,source_id=insize.product_list;normalized_sku=7350-60
INSIZE,7351-EX12,1,oem_product_list,/home/shebahati/KaZar/Product and Data Complete/اندازه گیری/اینسایز/لیست محصولات.pdf,,sku_column,6973018c3eeaad81327c31084ff9185ac522573976edc678d4be2bd371d056bf,source_id=insize.product_list;normalized_sku=7351-EX12
INSIZE,7513-2,1,oem_product_list,/home/shebahati/KaZar/Product and Data Complete/اندازه گیری/اینسایز/لیست محصولات.pdf,,sku_column,6973018c3eeaad81327c31084ff9185ac522573976edc678d4be2bd371d056bf,source_id=insize.product_list;normalized_sku=7513-2
INSIZE,7513-4,1,oem_product_list,/home/shebahati/KaZar/Product and Data Complete/اندازه گیری/اینسایز/لیست محصولات.pdf,,sku_column,6973018c3eeaad81327c31084ff9185ac522573976edc678d4be2bd371d056bf,source_id=insize.product_list;normalized_sku=7513-4
INSIZE,7515-10,1,oem_product_list,/home/shebahati/KaZar/Product and Data Complete/اندازه گیری/اینسایز/لیست محصولات.pdf,,sku_column,6973018c3eeaad81327c31084ff9185ac522573976edc678d4be2bd371d056bf,source_id=insize.product_list;normalized_sku=7515-10
INSIZE,7516-5D,1,oem_product_list,/home/shebahati/KaZar/Product and Data Complete/اندازه گیری/اینسایز/لیست محصولات.pdf,,sku_column,6973018c3eeaad81327c31084ff9185ac522573976edc678d4be2bd371d056bf,source_id=insize.product_list;normalized_sku=7516-5D
INSIZE,7517-3D,1,oem_product_list,/home/shebahati/KaZar/Product and Data Complete/اندازه گیری/اینسایز/لیست محصولات.pdf,,sku_column,6973018c3eeaad81327c31084ff9185ac522573976edc678d4be2bd371d056bf,source_id=insize.product_list;normalized_sku=7517-3D
INSIZE,7522-610,1,oem_product_list,/home/shebahati/KaZar/Product and Data Complete/اندازه گیری/اینسایز/لیست محصولات.pdf,,sku_column,6973018c3eeaad81327c31084ff9185ac522573976edc678d4be2bd371d056bf,source_id=insize.product_list;normalized_sku=7522-610
INSIZE,7523-3D5,1,oem_product_list,/home/shebahati/KaZar/Product and Data Complete/اندازه گیری/اینسایز/لیست محصولات.pdf,,sku_column,6973018c3eeaad81327c31084ff9185ac522573976edc678d4be2bd371d056bf,source_id=insize.product_list;normalized_sku=7523-3D5
INSIZE,7524-10,1,oem_product_list,/home/shebahati/KaZar/Product and Data Complete/اندازه گیری/اینسایز/لیست محصولات.pdf,,sku_column,6973018c3eeaad81327c31084ff9185ac522573976edc678d4be2bd371d056bf,source_id=insize.product_list;normalized_sku=7524-10
INSIZE,7527-D1,1,oem_product_list,/home/shebahati/KaZar/Product and Data Complete/اندازه گیری/اینسایز/لیست محصولات.pdf,,sku_column,6973018c3eeaad81327c31084ff9185ac522573976edc678d4be2bd371d056bf,source_id=insize.product_list;normalized_sku=7527-D1
INSIZE,7527-D2,1,oem_product_list,/home/shebahati/KaZar/Product and Data Complete/اندازه گیری/اینسایز/لیست محصولات.pdf,,sku_column,6973018c3eeaad81327c31084ff9185ac522573976edc678d4be2bd371d056bf,source_id=insize.product_list;normalized_sku=7527-D2
INSIZE,7600-6,1,oem_product_list,/home/shebahati/KaZar/Product and Data Complete/اندازه گیری/اینسایز/لیست محصولات.pdf,,sku_column,6973018c3eeaad81327c31084ff9185ac522573976edc678d4be2bd371d056bf,source_id=insize.product_list;normalized_sku=7600-6
INSIZE,8003-10,1,oem_product_list,/home/shebahati/KaZar/Product and Data Complete/اندازه گیری/اینسایز/لیست محصولات.pdf,,sku_column,6973018c3eeaad81327c31084ff9185ac522573976edc678d4be2bd371d056bf,source_id=insize.product_list;normalized_sku=8003-10
INSIZE,8003-3,1,oem_product_list,/home/shebahati/KaZar/Product and Data Complete/اندازه گیری/اینسایز/لیست محصولات.pdf,,sku_column,6973018c3eeaad81327c31084ff9185ac522573976edc678d4be2bd371d056bf,source_id=insize.product_list;normalized_sku=8003-3
INSIZE,8003-6,1,oem_product_list,/home/shebahati/KaZar/Product and Data Complete/اندازه گیری/اینسایز/لیست محصولات.pdf,,sku_column,6973018c3eeaad81327c31084ff9185ac522573976edc678d4be2bd371d056bf,source_id=insize.product_list;normalized_sku=8003-6
INSIZE,8101-30,1,oem_product_list,/home/shebahati/KaZar/Product and Data Complete/اندازه گیری/اینسایز/لیست محصولات.pdf,,sku_column,6973018c3eeaad81327c31084ff9185ac522573976edc678d4be2bd371d056bf,source_id=insize.product_list;normalized_sku=8101-30
INSIZE,8203-CW03T,1,oem_product_list,/home/shebahati/KaZar/Product and Data Complete/اندازه گیری/اینسایز/لیست محصولات.pdf,,sku_column,6973018c3eeaad81327c31084ff9185ac522573976edc678d4be2bd371d056bf,source_id=insize.product_list;normalized_sku=8203-CW03T
INSIZE,8203-CW05T,1,oem_product_list,/home/shebahati/KaZar/Product and Data Complete/اندازه گیری/اینسایز/لیست محصولات.pdf,,sku_column,6973018c3eeaad81327c31084ff9185ac522573976edc678d4be2bd371d056bf,source_id=insize.product_list;normalized_sku=8203-CW05T
INSIZE,8203-CW1T,1,oem_product_list,/home/shebahati/KaZar/Product and Data Complete/اندازه گیری/اینسایز/لیست محصولات.pdf,,sku_column,6973018c3eeaad81327c31084ff9185ac522573976edc678d4be2bd371d056bf,source_id=insize.product_list;normalized_sku=8203-CW1T
INSIZE,8301-1200,1,oem_product_list,/home/shebahati/KaZar/Product and Data Complete/اندازه گیری/اینسایز/لیست محصولات.pdf,,sku_column,6973018c3eeaad81327c31084ff9185ac522573976edc678d4be2bd371d056bf,source_id=insize.product_list;normalized_sku=8301-1200
INSIZE,8601-100,1,oem_product_list,/home/shebahati/KaZar/Product and Data Complete/اندازه گیری/اینسایز/لیست محصولات.pdf,,sku_column,6973018c3eeaad81327c31084ff9185ac522573976edc678d4be2bd371d056bf,source_id=insize.product_list;normalized_sku=8601-100
INSIZE,8602-200,1,oem_product_list,/home/shebahati/KaZar/Product and Data Complete/اندازه گیری/اینسایز/لیست محصولات.pdf,,sku_column,6973018c3eeaad81327c31084ff9185ac522573976edc678d4be2bd371d056bf,source_id=insize.product_list;normalized_sku=8602-200
INSIZE,8604-40,1,oem_product_list,/home/shebahati/KaZar/Product and Data Complete/اندازه گیری/اینسایز/لیست محصولات.pdf,,sku_column,6973018c3eeaad81327c31084ff9185ac522573976edc678d4be2bd371d056bf,source_id=insize.product_list;normalized_sku=8604-40
INSIZE,9225-405,1,oem_product_list,/home/shebahati/KaZar/Product and Data Complete/اندازه گیری/اینسایز/لیست محصولات.pdf,,sku_column,6973018c3eeaad81327c31084ff9185ac522573976edc678d4be2bd371d056bf,source_id=insize.product_list;normalized_sku=9225-405
INSIZE,9241-ML200,1,oem_product_list,/home/shebahati/KaZar/Product and Data Complete/اندازه گیری/اینسایز/لیست محصولات.pdf,,sku_column,6973018c3eeaad81327c31084ff9185ac522573976edc678d4be2bd371d056bf,source_id=insize.product_list;normalized_sku=9241-ML200
INSIZE,9247-190,1,oem_product_list,/home/shebahati/KaZar/Product and Data Complete/اندازه گیری/اینسایز/لیست محصولات.pdf,,sku_column,6973018c3eeaad81327c31084ff9185ac522573976edc678d4be2bd371d056bf,source_id=insize.product_list;normalized_sku=9247-190
INSIZE,9315-CF210,1,oem_product_list,/home/shebahati/KaZar/Product and Data Complete/اندازه گیری/اینسایز/لیست محصولات.pdf,,sku_column,6973018c3eeaad81327c31084ff9185ac522573976edc678d4be2bd371d056bf,source_id=insize.product_list;normalized_sku=9315-CF210
INSIZE,9341-50,1,oem_product_list,/home/shebahati/KaZar/Product and Data Complete/اندازه گیری/اینسایز/لیست محصولات.pdf,,sku_column,6973018c3eeaad81327c31084ff9185ac522573976edc678d4be2bd371d056bf,source_id=insize.product_list;normalized_sku=9341-50
INSIZE,9351-130,1,oem_product_list,/home/shebahati/KaZar/Product and Data Complete/اندازه گیری/اینسایز/لیست محصولات.pdf,,sku_column,6973018c3eeaad81327c31084ff9185ac522573976edc678d4be2bd371d056bf,source_id=insize.product_list;normalized_sku=9351-130
INSIZE,9501-1200,1,oem_product_list,/home/shebahati/KaZar/Product and Data Complete/اندازه گیری/اینسایز/لیست محصولات.pdf,,sku_column,6973018c3eeaad81327c31084ff9185ac522573976edc678d4be2bd371d056bf,source_id=insize.product_list;normalized_sku=9501-1200
INSIZE,9561-50B,1,oem_product_list,/home/shebahati/KaZar/Product and Data Complete/اندازه گیری/اینسایز/لیست محصولات.pdf,,sku_column,6973018c3eeaad81327c31084ff9185ac522573976edc678d4be2bd371d056bf,source_id=insize.product_list;normalized_sku=9561-50B
INSIZE,9561-70B,1,oem_product_list,/home/shebahati/KaZar/Product and Data Complete/اندازه گیری/اینسایز/لیست محصولات.pdf,,sku_column,6973018c3eeaad81327c31084ff9185ac522573976edc678d4be2bd371d056bf,source_id=insize.product_list;normalized_sku=9561-70B
INSIZE,9563-C40,1,oem_product_list,/home/shebahati/KaZar/Product and Data Complete/اندازه گیری/اینسایز/لیست محصولات.pdf,,sku_column,6973018c3eeaad81327c31084ff9185ac522573976edc678d4be2bd371d056bf,source_id=insize.product_list;normalized_sku=9563-C40
INSIZE,9721-250,1,oem_product_list,/home/shebahati/KaZar/Product and Data Complete/اندازه گیری/اینسایز/لیست محصولات.pdf,,sku_column,6973018c3eeaad81327c31084ff9185ac522573976edc678d4be2bd371d056bf,source_id=insize.product_list;normalized_sku=9721-250
INSIZE,9722-250,1,oem_product_list,/home/shebahati/KaZar/Product and Data Complete/اندازه گیری/اینسایز/لیست محصولات.pdf,,sku_column,6973018c3eeaad81327c31084ff9185ac522573976edc678d4be2bd371d056bf,source_id=insize.product_list;normalized_sku=9722-250
INSIZE,9723-400,1,oem_product_list,/home/shebahati/KaZar/Product and Data Complete/اندازه گیری/اینسایز/لیست محصولات.pdf,,sku_column,6973018c3eeaad81327c31084ff9185ac522573976edc678d4be2bd371d056bf,source_id=insize.product_list;normalized_sku=9723-400
INSIZE,DSW-A010,1,oem_product_list,/home/shebahati/KaZar/Product and Data Complete/اندازه گیری/اینسایز/لیست محصولات.pdf,,sku_column,6973018c3eeaad81327c31084ff9185ac522573976edc678d4be2bd371d056bf,source_id=insize.product_list;normalized_sku=DSW-A010
INSIZE,HDT-L411,1,oem_product_list,/home/shebahati/KaZar/Product and Data Complete/اندازه گیری/اینسایز/لیست محصولات.pdf,,sku_column,6973018c3eeaad81327c31084ff9185ac522573976edc678d4be2bd371d056bf,source_id=insize.product_list;normalized_sku=HDT-L411
INSIZE,HDT-LP200,1,oem_product_list,/home/shebahati/KaZar/Product and Data Complete/اندازه گیری/اینسایز/لیست محصولات.pdf,,sku_column,6973018c3eeaad81327c31084ff9185ac522573976edc678d4be2bd371d056bf,source_id=insize.product_list;normalized_sku=HDT-LP200
INSIZE,HDT-LP200B,1,oem_product_list,/home/shebahati/KaZar/Product and Data Complete/اندازه گیری/اینسایز/لیست محصولات.pdf,,sku_column,6973018c3eeaad81327c31084ff9185ac522573976edc678d4be2bd371d056bf,source_id=insize.product_list;normalized_sku=HDT-LP200B
INSIZE,ISF-1DF1000,1,oem_product_list,/home/shebahati/KaZar/Product and Data Complete/اندازه گیری/اینسایز/لیست محصولات.pdf,,sku_column,6973018c3eeaad81327c31084ff9185ac522573976edc678d4be2bd371d056bf,source_id=insize.product_list;normalized_sku=ISF-1DF1000
INSIZE,ISF-F200,1,oem_product_list,/home/shebahati/KaZar/Product and Data Complete/اندازه گیری/اینسایز/لیست محصولات.pdf,,sku_column,6973018c3eeaad81327c31084ff9185ac522573976edc678d4be2bd371d056bf,source_id=insize.product_list;normalized_sku=ISF-F200
INSIZE,ISF-F300,1,oem_product_list,/home/shebahati/KaZar/Product and Data Complete/اندازه گیری/اینسایز/لیست محصولات.pdf,,sku_column,6973018c3eeaad81327c31084ff9185ac522573976edc678d4be2bd371d056bf,source_id=insize.product_list;normalized_sku=ISF-F300
INSIZE,ISF-F500,1,oem_product_list,/home/shebahati/KaZar/Product and Data Complete/اندازه گیری/اینسایز/لیست محصولات.pdf,,sku_column,6973018c3eeaad81327c31084ff9185ac522573976edc678d4be2bd371d056bf,source_id=insize.product_list;normalized_sku=ISF-F500
INSIZE,ISF-MT1K,1,oem_product_list,/home/shebahati/KaZar/Product and Data Complete/اندازه گیری/اینسایز/لیست محصولات.pdf,,sku_column,6973018c3eeaad81327c31084ff9185ac522573976edc678d4be2bd371d056bf,source_id=insize.product_list;normalized_sku=ISF-MT1K
INSIZE,ISF-MT500,1,oem_product_list,/home/shebahati/KaZar/Product and Data Complete/اندازه گیری/اینسایز/لیست محصولات.pdf,,sku_column,6973018c3eeaad81327c31084ff9185ac522573976edc678d4be2bd371d056bf,source_id=insize.product_list;normalized_sku=ISF-MT500
INSIZE,ISF-V10A,1,oem_product_list,/home/shebahati/KaZar/Product and Data Complete/اندازه گیری/اینسایز/لیست محصولات.pdf,,sku_column,6973018c3eeaad81327c31084ff9185ac522573976edc678d4be2bd371d056bf,source_id=insize.product_list;normalized_sku=ISF-V10A
INSIZE,ISGF-0501,1,oem_product_list,/home/shebahati/KaZar/Product and Data Complete/اندازه گیری/اینسایز/لیست محصولات.pdf,,sku_column,6973018c3eeaad81327c31084ff9185ac522573976edc678d4be2bd371d056bf,source_id=insize.product_list;normalized_sku=ISGF-0501
INSIZE,ISGF-0901,1,oem_product_list,/home/shebahati/KaZar/Product and Data Complete/اندازه گیری/اینسایز/لیست محصولات.pdf,,sku_column,6973018c3eeaad81327c31084ff9185ac522573976edc678d4be2bd371d056bf,source_id=insize.product_list;normalized_sku=ISGF-0901
INSIZE,ISH-DR150,1,oem_product_list,/home/shebahati/KaZar/Product and Data Complete/اندازه گیری/اینسایز/لیست محصولات.pdf,,sku_column,6973018c3eeaad81327c31084ff9185ac522573976edc678d4be2bd371d056bf,source_id=insize.product_list;normalized_sku=ISH-DR150
INSIZE,ISH-DSA,1,oem_product_list,/home/shebahati/KaZar/Product and Data Complete/اندازه گیری/اینسایز/لیست محصولات.pdf,,sku_column,6973018c3eeaad81327c31084ff9185ac522573976edc678d4be2bd371d056bf,source_id=insize.product_list;normalized_sku=ISH-DSA
INSIZE,ISH-PHB,1,oem_product_list,/home/shebahati/KaZar/Product and Data Complete/اندازه گیری/اینسایز/لیست محصولات.pdf,,sku_column,6973018c3eeaad81327c31084ff9185ac522573976edc678d4be2bd371d056bf,source_id=insize.product_list;normalized_sku=ISH-PHB
INSIZE,ISH-R150,1,oem_product_list,/home/shebahati/KaZar/Product and Data Complete/اندازه گیری/اینسایز/لیست محصولات.pdf,,sku_column,6973018c3eeaad81327c31084ff9185ac522573976edc678d4be2bd371d056bf,source_id=insize.product_list;normalized_sku=ISH-R150
INSIZE,ISH-SAM,1,oem_product_list,/home/shebahati/KaZar/Product and Data Complete/اندازه گیری/اینسایز/لیست محصولات.pdf,,sku_column,6973018c3eeaad81327c31084ff9185ac522573976edc678d4be2bd371d056bf,source_id=insize.product_list;normalized_sku=ISH-SAM
INSIZE,ISH-SDM,1,oem_product_list,/home/shebahati/KaZar/Product and Data Complete/اندازه گیری/اینسایز/لیست محصولات.pdf,,sku_column,6973018c3eeaad81327c31084ff9185ac522573976edc678d4be2bd371d056bf,source_id=insize.product_list;normalized_sku=ISH-SDM
INSIZE,ISH-STAC,1,oem_product_list,/home/shebahati/KaZar/Product and Data Complete/اندازه گیری/اینسایز/لیست محصولات.pdf,,sku_column,6973018c3eeaad81327c31084ff9185ac522573976edc678d4be2bd371d056bf,source_id=insize.product_list;normalized_sku=ISH-STAC
INSIZE,ISH-STD,1,oem_product_list,/home/shebahati/KaZar/Product and Data Complete/اندازه گیری/اینسایز/لیست محصولات.pdf,,sku_column,6973018c3eeaad81327c31084ff9185ac522573976edc678d4be2bd371d056bf,source_id=insize.product_list;normalized_sku=ISH-STD
INSIZE,ISH-TDV-1000,1,oem_product_list,/home/shebahati/KaZar/Product and Data Complete/اندازه گیری/اینسایز/لیست محصولات.pdf,,sku_column,6973018c3eeaad81327c31084ff9185ac522573976edc678d4be2bd371d056bf,source_id=insize.product_list;normalized_sku=ISH-TDV-1000
INSIZE,ISL-A1-1000,1,oem_product_list,/home/shebahati/KaZar/Product and Data Complete/اندازه گیری/اینسایز/لیست محصولات.pdf,,sku_column,6973018c3eeaad81327c31084ff9185ac522573976edc678d4be2bd371d056bf,source_id=insize.product_list;normalized_sku=ISL-A1-1000
INSIZE,ISL-A1-600,1,oem_product_list,/home/shebahati/KaZar/Product and Data Complete/اندازه گیری/اینسایز/لیست محصولات.pdf,,sku_column,6973018c3eeaad81327c31084ff9185ac522573976edc678d4be2bd371d056bf,source_id=insize.product_list;normalized_sku=ISL-A1-600
INSIZE,ISL-A1-800,1,oem_product_list,/home/shebahati/KaZar/Product and Data Complete/اندازه گیری/اینسایز/لیست محصولات.pdf,,sku_column,6973018c3eeaad81327c31084ff9185ac522573976edc678d4be2bd371d056bf,source_id=insize.product_list;normalized_sku=ISL-A1-800
INSIZE,ISL-B5-1000,1,oem_product_list,/home/shebahati/KaZar/Product and Data Complete/اندازه گیری/اینسایز/لیست محصولات.pdf,,sku_column,6973018c3eeaad81327c31084ff9185ac522573976edc678d4be2bd371d056bf,source_id=insize.product_list;normalized_sku=ISL-B5-1000
INSIZE,ISL-DR2,1,oem_product_list,/home/shebahati/KaZar/Product and Data Complete/اندازه گیری/اینسایز/لیست محصولات.pdf,,sku_column,6973018c3eeaad81327c31084ff9185ac522573976edc678d4be2bd371d056bf,source_id=insize.product_list;normalized_sku=ISL-DR2
INSIZE,ISL-DR3,1,oem_product_list,/home/shebahati/KaZar/Product and Data Complete/اندازه گیری/اینسایز/لیست محصولات.pdf,,sku_column,6973018c3eeaad81327c31084ff9185ac522573976edc678d4be2bd371d056bf,source_id=insize.product_list;normalized_sku=ISL-DR3
INSIZE,ISM-PM100,1,oem_product_list,/home/shebahati/KaZar/Product and Data Complete/اندازه گیری/اینسایز/لیست محصولات.pdf,,sku_column,6973018c3eeaad81327c31084ff9185ac522573976edc678d4be2bd371d056bf,source_id=insize.product_list;normalized_sku=ISM-PM100
INSIZE,ISM-PM200SB,1,oem_product_list,/home/shebahati/KaZar/Product and Data Complete/اندازه گیری/اینسایز/لیست محصولات.pdf,,sku_column,6973018c3eeaad81327c31084ff9185ac522573976edc678d4be2bd371d056bf,source_id=insize.product_list;normalized_sku=ISM-PM200SB
INSIZE,ISO-1000FN,1,oem_product_list,/home/shebahati/KaZar/Product and Data Complete/اندازه گیری/اینسایز/لیست محصولات.pdf,,sku_column,6973018c3eeaad81327c31084ff9185ac522573976edc678d4be2bd371d056bf,source_id=insize.product_list;normalized_sku=ISO-1000FN
INSIZE,ISO-1200FN,1,oem_product_list,/home/shebahati/KaZar/Product and Data Complete/اندازه گیری/اینسایز/لیست محصولات.pdf,,sku_column,6973018c3eeaad81327c31084ff9185ac522573976edc678d4be2bd371d056bf,source_id=insize.product_list;normalized_sku=ISO-1200FN
INSIZE,ISQ-PB2,1,oem_product_list,/home/shebahati/KaZar/Product and Data Complete/اندازه گیری/اینسایز/لیست محصولات.pdf,,sku_column,6973018c3eeaad81327c31084ff9185ac522573976edc678d4be2bd371d056bf,source_id=insize.product_list;normalized_sku=ISQ-PB2
INSIZE,ISQ-RM30,1,oem_product_list,/home/shebahati/KaZar/Product and Data Complete/اندازه گیری/اینسایز/لیست محصولات.pdf,,sku_column,6973018c3eeaad81327c31084ff9185ac522573976edc678d4be2bd371d056bf,source_id=insize.product_list;normalized_sku=ISQ-RM30
INSIZE,ISR-C300,1,oem_product_list,/home/shebahati/KaZar/Product and Data Complete/اندازه گیری/اینسایز/لیست محصولات.pdf,,sku_column,6973018c3eeaad81327c31084ff9185ac522573976edc678d4be2bd371d056bf,source_id=insize.product_list;normalized_sku=ISR-C300
INSIZE,ISR-CS130-W,1,oem_product_list,/home/shebahati/KaZar/Product and Data Complete/اندازه گیری/اینسایز/لیست محصولات.pdf,,sku_column,6973018c3eeaad81327c31084ff9185ac522573976edc678d4be2bd371d056bf,source_id=insize.product_list;normalized_sku=ISR-CS130-W
INSIZE,ISU-100D,1,oem_product_list,/home/shebahati/KaZar/Product and Data Complete/اندازه گیری/اینسایز/لیست محصولات.pdf,,sku_column,6973018c3eeaad81327c31084ff9185ac522573976edc678d4be2bd371d056bf,source_id=insize.product_list;normalized_sku=ISU-100D
INSIZE,ISU-200D,1,oem_product_list,/home/shebahati/KaZar/Product and Data Complete/اندازه گیری/اینسایز/لیست محصولات.pdf,,sku_column,6973018c3eeaad81327c31084ff9185ac522573976edc678d4be2bd371d056bf,source_id=insize.product_list;normalized_sku=ISU-200D
INSIZE,ISU-250C,1,oem_product_list,/home/shebahati/KaZar/Product and Data Complete/اندازه گیری/اینسایز/لیست محصولات.pdf,,sku_column,6973018c3eeaad81327c31084ff9185ac522573976edc678d4be2bd371d056bf,source_id=insize.product_list;normalized_sku=ISU-250C
INSIZE,ISV-E40,1,oem_product_list,/home/shebahati/KaZar/Product and Data Complete/اندازه گیری/اینسایز/لیست محصولات.pdf,,sku_column,6973018c3eeaad81327c31084ff9185ac522573976edc678d4be2bd371d056bf,source_id=insize.product_list;normalized_sku=ISV-E40
INSIZE,SP-BORE,1,oem_product_list,/home/shebahati/KaZar/Product and Data Complete/اندازه گیری/اینسایز/لیست محصولات.pdf,,sku_column,6973018c3eeaad81327c31084ff9185ac522573976edc678d4be2bd371d056bf,source_id=insize.product_list;normalized_sku=SP-BORE
INSIZE,sp-point-1,1,oem_product_list,/home/shebahati/KaZar/Product and Data Complete/اندازه گیری/اینسایز/لیست محصولات.pdf,,sku_column,6973018c3eeaad81327c31084ff9185ac522573976edc678d4be2bd371d056bf,source_id=insize.product_list;normalized_sku=SP-POINT-1
TERMA,BGA910M,2,authorized_supplier_price_list,/home/shebahati/KaZar/Product and Data Complete/اندازه گیری/ترما/لیست قیمت ترما +25درصد.pdf,,sku_column,16eef2bb037f47484ee99dc0fcaab7d873b12bcbd21f4f18b12ae5e0825ae4ed,source_id=terma.price_list;normalized_sku=BGA910M
TERMA,BGA910N,2,authorized_supplier_price_list,/home/shebahati/KaZar/Product and Data Complete/اندازه گیری/ترما/لیست قیمت ترما +25درصد.pdf,,sku_column,16eef2bb037f47484ee99dc0fcaab7d873b12bcbd21f4f18b12ae5e0825ae4ed,source_id=terma.price_list;normalized_sku=BGA910N
TERMA,CA210-150,2,authorized_supplier_price_list,/home/shebahati/KaZar/Product and Data Complete/اندازه گیری/ترما/لیست قیمت ترما +25درصد.pdf,,sku_column,16eef2bb037f47484ee99dc0fcaab7d873b12bcbd21f4f18b12ae5e0825ae4ed,source_id=terma.price_list;normalized_sku=CA210-150
TERMA,CA210-200,2,authorized_supplier_price_list,/home/shebahati/KaZar/Product and Data Complete/اندازه گیری/ترما/لیست قیمت ترما +25درصد.pdf,,sku_column,16eef2bb037f47484ee99dc0fcaab7d873b12bcbd21f4f18b12ae5e0825ae4ed,source_id=terma.price_list;normalized_sku=CA210-200
TERMA,CA210-300,2,authorized_supplier_price_list,/home/shebahati/KaZar/Product and Data Complete/اندازه گیری/ترما/لیست قیمت ترما +25درصد.pdf,,sku_column,16eef2bb037f47484ee99dc0fcaab7d873b12bcbd21f4f18b12ae5e0825ae4ed,source_id=terma.price_list;normalized_sku=CA210-300
TERMA,CA920-500,2,authorized_supplier_price_list,/home/shebahati/KaZar/Product and Data Complete/اندازه گیری/ترما/لیست قیمت ترما +25درصد.pdf,,sku_column,16eef2bb037f47484ee99dc0fcaab7d873b12bcbd21f4f18b12ae5e0825ae4ed,source_id=terma.price_list;normalized_sku=CA920-500
TERMA,CA920-600,2,authorized_supplier_price_list,/home/shebahati/KaZar/Product and Data Complete/اندازه گیری/ترما/لیست قیمت ترما +25درصد.pdf,,sku_column,16eef2bb037f47484ee99dc0fcaab7d873b12bcbd21f4f18b12ae5e0825ae4ed,source_id=terma.price_list;normalized_sku=CA920-600
TERMA,CB210-150,2,authorized_supplier_price_list,/home/shebahati/KaZar/Product and Data Complete/اندازه گیری/ترما/لیست قیمت ترما +25درصد.pdf,,sku_column,16eef2bb037f47484ee99dc0fcaab7d873b12bcbd21f4f18b12ae5e0825ae4ed,source_id=terma.price_list;normalized_sku=CB210-150
TERMA,CB210-200,2,authorized_supplier_price_list,/home/shebahati/KaZar/Product and Data Complete/اندازه گیری/ترما/لیست قیمت ترما +25درصد.pdf,,sku_column,16eef2bb037f47484ee99dc0fcaab7d873b12bcbd21f4f18b12ae5e0825ae4ed,source_id=terma.price_list;normalized_sku=CB210-200
TERMA,CB210-300,2,authorized_supplier_price_list,/home/shebahati/KaZar/Product and Data Complete/اندازه گیری/ترما/لیست قیمت ترما +25درصد.pdf,,sku_column,16eef2bb037f47484ee99dc0fcaab7d873b12bcbd21f4f18b12ae5e0825ae4ed,source_id=terma.price_list;normalized_sku=CB210-300
TERMA,CD185-150,2,authorized_supplier_price_list,/home/shebahati/KaZar/Product and Data Complete/اندازه گیری/ترما/لیست قیمت ترما +25درصد.pdf,,sku_column,16eef2bb037f47484ee99dc0fcaab7d873b12bcbd21f4f18b12ae5e0825ae4ed,source_id=terma.price_list;normalized_sku=CD185-150
TERMA,CD185-200,2,authorized_supplier_price_list,/home/shebahati/KaZar/Product and Data Complete/اندازه گیری/ترما/لیست قیمت ترما +25درصد.pdf,,sku_column,16eef2bb037f47484ee99dc0fcaab7d873b12bcbd21f4f18b12ae5e0825ae4ed,source_id=terma.price_list;normalized_sku=CD185-200
TERMA,CD185-300,2,authorized_supplier_price_list,/home/shebahati/KaZar/Product and Data Complete/اندازه گیری/ترما/لیست قیمت ترما +25درصد.pdf,,sku_column,16eef2bb037f47484ee99dc0fcaab7d873b12bcbd21f4f18b12ae5e0825ae4ed,source_id=terma.price_list;normalized_sku=CD185-300
TERMA,CD520D,2,authorized_supplier_price_list,/home/shebahati/KaZar/Product and Data Complete/اندازه گیری/ترما/لیست قیمت ترما +25درصد.pdf,,sku_column,16eef2bb037f47484ee99dc0fcaab7d873b12bcbd21f4f18b12ae5e0825ae4ed,source_id=terma.price_list;normalized_sku=CD520D
TERMA,CD580D,2,authorized_supplier_price_list,/home/shebahati/KaZar/Product and Data Complete/اندازه گیری/ترما/لیست قیمت ترما +25درصد.pdf,,sku_column,16eef2bb037f47484ee99dc0fcaab7d873b12bcbd21f4f18b12ae5e0825ae4ed,source_id=terma.price_list;normalized_sku=CD580D
TERMA,CD950-300,2,authorized_supplier_price_list,/home/shebahati/KaZar/Product and Data Complete/اندازه گیری/ترما/لیست قیمت ترما +25درصد.pdf,,sku_column,16eef2bb037f47484ee99dc0fcaab7d873b12bcbd21f4f18b12ae5e0825ae4ed,source_id=terma.price_list;normalized_sku=CD950-300
TERMA,CD950A-300,2,authorized_supplier_price_list,/home/shebahati/KaZar/Product and Data Complete/اندازه گیری/ترما/لیست قیمت ترما +25درصد.pdf,,sku_column,16eef2bb037f47484ee99dc0fcaab7d873b12bcbd21f4f18b12ae5e0825ae4ed,source_id=terma.price_list;normalized_sku=CD950A-300
TERMA,CD960-500,2,authorized_supplier_price_list,/home/shebahati/KaZar/Product and Data Complete/اندازه گیری/ترما/لیست قیمت ترما +25درصد.pdf,,sku_column,16eef2bb037f47484ee99dc0fcaab7d873b12bcbd21f4f18b12ae5e0825ae4ed,source_id=terma.price_list;normalized_sku=CD960-500
TERMA,CD960-600,2,authorized_supplier_price_list,/home/shebahati/KaZar/Product and Data Complete/اندازه گیری/ترما/لیست قیمت ترما +25درصد.pdf,,sku_column,16eef2bb037f47484ee99dc0fcaab7d873b12bcbd21f4f18b12ae5e0825ae4ed,source_id=terma.price_list;normalized_sku=CD960-600
TERMA,CD960A-500,2,authorized_supplier_price_list,/home/shebahati/KaZar/Product and Data Complete/اندازه گیری/ترما/لیست قیمت ترما +25درصد.pdf,,sku_column,16eef2bb037f47484ee99dc0fcaab7d873b12bcbd21f4f18b12ae5e0825ae4ed,source_id=terma.price_list;normalized_sku=CD960A-500
TERMA,CDA100-150,2,authorized_supplier_price_list,/home/shebahati/KaZar/Product and Data Complete/اندازه گیری/ترما/لیست قیمت ترما +25درصد.pdf,,sku_column,16eef2bb037f47484ee99dc0fcaab7d873b12bcbd21f4f18b12ae5e0825ae4ed,source_id=terma.price_list;normalized_sku=CDA100-150
TERMA,CDA100-200,2,authorized_supplier_price_list,/home/shebahati/KaZar/Product and Data Complete/اندازه گیری/ترما/لیست قیمت ترما +25درصد.pdf,,sku_column,16eef2bb037f47484ee99dc0fcaab7d873b12bcbd21f4f18b12ae5e0825ae4ed,source_id=terma.price_list;normalized_sku=CDA100-200
TERMA,CDA100-300,2,authorized_supplier_price_list,/home/shebahati/KaZar/Product and Data Complete/اندازه گیری/ترما/لیست قیمت ترما +25درصد.pdf,,sku_column,16eef2bb037f47484ee99dc0fcaab7d873b12bcbd21f4f18b12ae5e0825ae4ed,source_id=terma.price_list;normalized_sku=CDA100-300
TERMA,CDE210-150,2,authorized_supplier_price_list,/home/shebahati/KaZar/Product and Data Complete/اندازه گیری/ترما/لیست قیمت ترما +25درصد.pdf,,sku_column,16eef2bb037f47484ee99dc0fcaab7d873b12bcbd21f4f18b12ae5e0825ae4ed,source_id=terma.price_list;normalized_sku=CDE210-150
TERMA,CDE210-200,2,authorized_supplier_price_list,/home/shebahati/KaZar/Product and Data Complete/اندازه گیری/ترما/لیست قیمت ترما +25درصد.pdf,,sku_column,16eef2bb037f47484ee99dc0fcaab7d873b12bcbd21f4f18b12ae5e0825ae4ed,source_id=terma.price_list;normalized_sku=CDE210-200
TERMA,CDE210-300,2,authorized_supplier_price_list,/home/shebahati/KaZar/Product and Data Complete/اندازه گیری/ترما/لیست قیمت ترما +25درصد.pdf,,sku_column,16eef2bb037f47484ee99dc0fcaab7d873b12bcbd21f4f18b12ae5e0825ae4ed,source_id=terma.price_list;normalized_sku=CDE210-300
TERMA,CDE930-1000,2,authorized_supplier_price_list,/home/shebahati/KaZar/Product and Data Complete/اندازه گیری/ترما/لیست قیمت ترما +25درصد.pdf,,sku_column,16eef2bb037f47484ee99dc0fcaab7d873b12bcbd21f4f18b12ae5e0825ae4ed,source_id=terma.price_list;normalized_sku=CDE930-1000
TERMA,CDE932-1000,2,authorized_supplier_price_list,/home/shebahati/KaZar/Product and Data Complete/اندازه گیری/ترما/لیست قیمت ترما +25درصد.pdf,,sku_column,16eef2bb037f47484ee99dc0fcaab7d873b12bcbd21f4f18b12ae5e0825ae4ed,source_id=terma.price_list;normalized_sku=CDE932-1000
TERMA,DG950,2,authorized_supplier_price_list,/home/shebahati/KaZar/Product and Data Complete/اندازه گیری/ترما/لیست قیمت ترما +25درصد.pdf,,sku_column,16eef2bb037f47484ee99dc0fcaab7d873b12bcbd21f4f18b12ae5e0825ae4ed,source_id=terma.price_list;normalized_sku=DG950
TERMA,DG950B,2,authorized_supplier_price_list,/home/shebahati/KaZar/Product and Data Complete/اندازه گیری/ترما/لیست قیمت ترما +25درصد.pdf,,sku_column,16eef2bb037f47484ee99dc0fcaab7d873b12bcbd21f4f18b12ae5e0825ae4ed,source_id=terma.price_list;normalized_sku=DG950B
TERMA,DS220A,2,authorized_supplier_price_list,/home/shebahati/KaZar/Product and Data Complete/اندازه گیری/ترما/لیست قیمت ترما +25درصد.pdf,,sku_column,16eef2bb037f47484ee99dc0fcaab7d873b12bcbd21f4f18b12ae5e0825ae4ed,source_id=terma.price_list;normalized_sku=DS220A
TERMA,DS220D,2,authorized_supplier_price_list,/home/shebahati/KaZar/Product and Data Complete/اندازه گیری/ترما/لیست قیمت ترما +25درصد.pdf,,sku_column,16eef2bb037f47484ee99dc0fcaab7d873b12bcbd21f4f18b12ae5e0825ae4ed,source_id=terma.price_list;normalized_sku=DS220D
TERMA,FDT250,2,authorized_supplier_price_list,/home/shebahati/KaZar/Product and Data Complete/اندازه گیری/ترما/لیست قیمت ترما +25درصد.pdf,,sku_column,16eef2bb037f47484ee99dc0fcaab7d873b12bcbd21f4f18b12ae5e0825ae4ed,source_id=terma.price_list;normalized_sku=FDT250
TERMA,HD220-300,2,authorized_supplier_price_list,/home/shebahati/KaZar/Product and Data Complete/اندازه گیری/ترما/لیست قیمت ترما +25درصد.pdf,,sku_column,16eef2bb037f47484ee99dc0fcaab7d873b12bcbd21f4f18b12ae5e0825ae4ed,source_id=terma.price_list;normalized_sku=HD220-300
TERMA,HD220-600,2,authorized_supplier_price_list,/home/shebahati/KaZar/Product and Data Complete/اندازه گیری/ترما/لیست قیمت ترما +25درصد.pdf,,sku_column,16eef2bb037f47484ee99dc0fcaab7d873b12bcbd21f4f18b12ae5e0825ae4ed,source_id=terma.price_list;normalized_sku=HD220-600
TERMA,HDA620-300,2,authorized_supplier_price_list,/home/shebahati/KaZar/Product and Data Complete/اندازه گیری/ترما/لیست قیمت ترما +25درصد.pdf,,sku_column,16eef2bb037f47484ee99dc0fcaab7d873b12bcbd21f4f18b12ae5e0825ae4ed,source_id=terma.price_list;normalized_sku=HDA620-300
TERMA,HDE650-300,2,authorized_supplier_price_list,/home/shebahati/KaZar/Product and Data Complete/اندازه گیری/ترما/لیست قیمت ترما +25درصد.pdf,,sku_column,16eef2bb037f47484ee99dc0fcaab7d873b12bcbd21f4f18b12ae5e0825ae4ed,source_id=terma.price_list;normalized_sku=HDE650-300
TERMA,HDE650-600,2,authorized_supplier_price_list,/home/shebahati/KaZar/Product and Data Complete/اندازه گیری/ترما/لیست قیمت ترما +25درصد.pdf,,sku_column,16eef2bb037f47484ee99dc0fcaab7d873b12bcbd21f4f18b12ae5e0825ae4ed,source_id=terma.price_list;normalized_sku=HDE650-600
TERMA,IB210M,2,authorized_supplier_price_list,/home/shebahati/KaZar/Product and Data Complete/اندازه گیری/ترما/لیست قیمت ترما +25درصد.pdf,,sku_column,16eef2bb037f47484ee99dc0fcaab7d873b12bcbd21f4f18b12ae5e0825ae4ed,source_id=terma.price_list;normalized_sku=IB210M
TERMA,IB210N,2,authorized_supplier_price_list,/home/shebahati/KaZar/Product and Data Complete/اندازه گیری/ترما/لیست قیمت ترما +25درصد.pdf,,sku_column,16eef2bb037f47484ee99dc0fcaab7d873b12bcbd21f4f18b12ae5e0825ae4ed,source_id=terma.price_list;normalized_sku=IB210N
TERMA,IB210N-100,2,authorized_supplier_price_list,/home/shebahati/KaZar/Product and Data Complete/اندازه گیری/ترما/لیست قیمت ترما +25درصد.pdf,,sku_column,16eef2bb037f47484ee99dc0fcaab7d873b12bcbd21f4f18b12ae5e0825ae4ed,source_id=terma.price_list;normalized_sku=IB210N-100
TERMA,IB210N-20,2,authorized_supplier_price_list,/home/shebahati/KaZar/Product and Data Complete/اندازه گیری/ترما/لیست قیمت ترما +25درصد.pdf,,sku_column,16eef2bb037f47484ee99dc0fcaab7d873b12bcbd21f4f18b12ae5e0825ae4ed,source_id=terma.price_list;normalized_sku=IB210N-20
TERMA,IB210N-25,2,authorized_supplier_price_list,/home/shebahati/KaZar/Product and Data Complete/اندازه گیری/ترما/لیست قیمت ترما +25درصد.pdf,,sku_column,16eef2bb037f47484ee99dc0fcaab7d873b12bcbd21f4f18b12ae5e0825ae4ed,source_id=terma.price_list;normalized_sku=IB210N-25
TERMA,IB210N-30,2,authorized_supplier_price_list,/home/shebahati/KaZar/Product and Data Complete/اندازه گیری/ترما/لیست قیمت ترما +25درصد.pdf,,sku_column,16eef2bb037f47484ee99dc0fcaab7d873b12bcbd21f4f18b12ae5e0825ae4ed,source_id=terma.price_list;normalized_sku=IB210N-30
TERMA,IB210N-50,2,authorized_supplier_price_list,/home/shebahati/KaZar/Product and Data Complete/اندازه گیری/ترما/لیست قیمت ترما +25درصد.pdf,,sku_column,16eef2bb037f47484ee99dc0fcaab7d873b12bcbd21f4f18b12ae5e0825ae4ed,source_id=terma.price_list;normalized_sku=IB210N-50
TERMA,IB220N,2,authorized_supplier_price_list,/home/shebahati/KaZar/Product and Data Complete/اندازه گیری/ترما/لیست قیمت ترما +25درصد.pdf,,sku_column,16eef2bb037f47484ee99dc0fcaab7d873b12bcbd21f4f18b12ae5e0825ae4ed,source_id=terma.price_list;normalized_sku=IB220N
TERMA,IDA910-10,2,authorized_supplier_price_list,/home/shebahati/KaZar/Product and Data Complete/اندازه گیری/ترما/لیست قیمت ترما +25درصد.pdf,,sku_column,16eef2bb037f47484ee99dc0fcaab7d873b12bcbd21f4f18b12ae5e0825ae4ed,source_id=terma.price_list;normalized_sku=IDA910-10
TERMA,IDA910N-10,2,authorized_supplier_price_list,/home/shebahati/KaZar/Product and Data Complete/اندازه گیری/ترما/لیست قیمت ترما +25درصد.pdf,,sku_column,16eef2bb037f47484ee99dc0fcaab7d873b12bcbd21f4f18b12ae5e0825ae4ed,source_id=terma.price_list;normalized_sku=IDA910N-10
TERMA,IDA910N-25,2,authorized_supplier_price_list,/home/shebahati/KaZar/Product and Data Complete/اندازه گیری/ترما/لیست قیمت ترما +25درصد.pdf,,sku_column,16eef2bb037f47484ee99dc0fcaab7d873b12bcbd21f4f18b12ae5e0825ae4ed,source_id=terma.price_list;normalized_sku=IDA910N-25
TERMA,IDA910N-50,2,authorized_supplier_price_list,/home/shebahati/KaZar/Product and Data Complete/اندازه گیری/ترما/لیست قیمت ترما +25درصد.pdf,,sku_column,16eef2bb037f47484ee99dc0fcaab7d873b12bcbd21f4f18b12ae5e0825ae4ed,source_id=terma.price_list;normalized_sku=IDA910N-50
TERMA,IDA920N,2,authorized_supplier_price_list,/home/shebahati/KaZar/Product and Data Complete/اندازه گیری/ترما/لیست قیمت ترما +25درصد.pdf,,sku_column,16eef2bb037f47484ee99dc0fcaab7d873b12bcbd21f4f18b12ae5e0825ae4ed,source_id=terma.price_list;normalized_sku=IDA920N
TERMA,IDE110M-12,2,authorized_supplier_price_list,/home/shebahati/KaZar/Product and Data Complete/اندازه گیری/ترما/لیست قیمت ترما +25درصد.pdf,,sku_column,16eef2bb037f47484ee99dc0fcaab7d873b12bcbd21f4f18b12ae5e0825ae4ed,source_id=terma.price_list;normalized_sku=IDE110M-12
TERMA,IDE110N-12,2,authorized_supplier_price_list,/home/shebahati/KaZar/Product and Data Complete/اندازه گیری/ترما/لیست قیمت ترما +25درصد.pdf,,sku_column,16eef2bb037f47484ee99dc0fcaab7d873b12bcbd21f4f18b12ae5e0825ae4ed,source_id=terma.price_list;normalized_sku=IDE110N-12
TERMA,IDE111M-100,2,authorized_supplier_price_list,/home/shebahati/KaZar/Product and Data Complete/اندازه گیری/ترما/لیست قیمت ترما +25درصد.pdf,,sku_column,16eef2bb037f47484ee99dc0fcaab7d873b12bcbd21f4f18b12ae5e0825ae4ed,source_id=terma.price_list;normalized_sku=IDE111M-100
TERMA,IDE111M-12,2,authorized_supplier_price_list,/home/shebahati/KaZar/Product and Data Complete/اندازه گیری/ترما/لیست قیمت ترما +25درصد.pdf,,sku_column,16eef2bb037f47484ee99dc0fcaab7d873b12bcbd21f4f18b12ae5e0825ae4ed,source_id=terma.price_list;normalized_sku=IDE111M-12
TERMA,IDE111M-25,2,authorized_supplier_price_list,/home/shebahati/KaZar/Product and Data Complete/اندازه گیری/ترما/لیست قیمت ترما +25درصد.pdf,,sku_column,16eef2bb037f47484ee99dc0fcaab7d873b12bcbd21f4f18b12ae5e0825ae4ed,source_id=terma.price_list;normalized_sku=IDE111M-25
TERMA,IDE111M-50,2,authorized_supplier_price_list,/home/shebahati/KaZar/Product and Data Complete/اندازه گیری/ترما/لیست قیمت ترما +25درصد.pdf,,sku_column,16eef2bb037f47484ee99dc0fcaab7d873b12bcbd21f4f18b12ae5e0825ae4ed,source_id=terma.price_list;normalized_sku=IDE111M-50
TERMA,IDE111N-100,2,authorized_supplier_price_list,/home/shebahati/KaZar/Product and Data Complete/اندازه گیری/ترما/لیست قیمت ترما +25درصد.pdf,,sku_column,16eef2bb037f47484ee99dc0fcaab7d873b12bcbd21f4f18b12ae5e0825ae4ed,source_id=terma.price_list;normalized_sku=IDE111N-100
TERMA,IDE111N-12,2,authorized_supplier_price_list,/home/shebahati/KaZar/Product and Data Complete/اندازه گیری/ترما/لیست قیمت ترما +25درصد.pdf,,sku_column,16eef2bb037f47484ee99dc0fcaab7d873b12bcbd21f4f18b12ae5e0825ae4ed,source_id=terma.price_list;normalized_sku=IDE111N-12
TERMA,IDE111N-25,2,authorized_supplier_price_list,/home/shebahati/KaZar/Product and Data Complete/اندازه گیری/ترما/لیست قیمت ترما +25درصد.pdf,,sku_column,16eef2bb037f47484ee99dc0fcaab7d873b12bcbd21f4f18b12ae5e0825ae4ed,source_id=terma.price_list;normalized_sku=IDE111N-25
TERMA,IDE111N-50,2,authorized_supplier_price_list,/home/shebahati/KaZar/Product and Data Complete/اندازه گیری/ترما/لیست قیمت ترما +25درصد.pdf,,sku_column,16eef2bb037f47484ee99dc0fcaab7d873b12bcbd21f4f18b12ae5e0825ae4ed,source_id=terma.price_list;normalized_sku=IDE111N-50
TERMA,IDE120,2,authorized_supplier_price_list,/home/shebahati/KaZar/Product and Data Complete/اندازه گیری/ترما/لیست قیمت ترما +25درصد.pdf,,sku_column,16eef2bb037f47484ee99dc0fcaab7d873b12bcbd21f4f18b12ae5e0825ae4ed,source_id=terma.price_list;normalized_sku=IDE120
TERMA,LD250,2,authorized_supplier_price_list,/home/shebahati/KaZar/Product and Data Complete/اندازه گیری/ترما/لیست قیمت ترما +25درصد.pdf,,sku_column,16eef2bb037f47484ee99dc0fcaab7d873b12bcbd21f4f18b12ae5e0825ae4ed,source_id=terma.price_list;normalized_sku=LD250
TERMA,LD260-24,2,authorized_supplier_price_list,/home/shebahati/KaZar/Product and Data Complete/اندازه گیری/ترما/لیست قیمت ترما +25درصد.pdf,,sku_column,16eef2bb037f47484ee99dc0fcaab7d873b12bcbd21f4f18b12ae5e0825ae4ed,source_id=terma.price_list;normalized_sku=LD260-24
TERMA,LD260-6,2,authorized_supplier_price_list,/home/shebahati/KaZar/Product and Data Complete/اندازه گیری/ترما/لیست قیمت ترما +25درصد.pdf,,sku_column,16eef2bb037f47484ee99dc0fcaab7d873b12bcbd21f4f18b12ae5e0825ae4ed,source_id=terma.price_list;normalized_sku=LD260-6
TERMA,LD260-9,2,authorized_supplier_price_list,/home/shebahati/KaZar/Product and Data Complete/اندازه گیری/ترما/لیست قیمت ترما +25درصد.pdf,,sku_column,16eef2bb037f47484ee99dc0fcaab7d873b12bcbd21f4f18b12ae5e0825ae4ed,source_id=terma.price_list;normalized_sku=LD260-9
TERMA,LD280,2,authorized_supplier_price_list,/home/shebahati/KaZar/Product and Data Complete/اندازه گیری/ترما/لیست قیمت ترما +25درصد.pdf,,sku_column,16eef2bb037f47484ee99dc0fcaab7d873b12bcbd21f4f18b12ae5e0825ae4ed,source_id=terma.price_list;normalized_sku=LD280
TERMA,LD290,2,authorized_supplier_price_list,/home/shebahati/KaZar/Product and Data Complete/اندازه گیری/ترما/لیست قیمت ترما +25درصد.pdf,,sku_column,16eef2bb037f47484ee99dc0fcaab7d873b12bcbd21f4f18b12ae5e0825ae4ed,source_id=terma.price_list;normalized_sku=LD290
TERMA,MA210-100,2,authorized_supplier_price_list,/home/shebahati/KaZar/Product and Data Complete/اندازه گیری/ترما/لیست قیمت ترما +25درصد.pdf,,sku_column,16eef2bb037f47484ee99dc0fcaab7d873b12bcbd21f4f18b12ae5e0825ae4ed,source_id=terma.price_list;normalized_sku=MA210-100
TERMA,MA210-125,2,authorized_supplier_price_list,/home/shebahati/KaZar/Product and Data Complete/اندازه گیری/ترما/لیست قیمت ترما +25درصد.pdf,,sku_column,16eef2bb037f47484ee99dc0fcaab7d873b12bcbd21f4f18b12ae5e0825ae4ed,source_id=terma.price_list;normalized_sku=MA210-125
TERMA,MA210-150,2,authorized_supplier_price_list,/home/shebahati/KaZar/Product and Data Complete/اندازه گیری/ترما/لیست قیمت ترما +25درصد.pdf,,sku_column,16eef2bb037f47484ee99dc0fcaab7d873b12bcbd21f4f18b12ae5e0825ae4ed,source_id=terma.price_list;normalized_sku=MA210-150
TERMA,MA210-25,2,authorized_supplier_price_list,/home/shebahati/KaZar/Product and Data Complete/اندازه گیری/ترما/لیست قیمت ترما +25درصد.pdf,,sku_column,16eef2bb037f47484ee99dc0fcaab7d873b12bcbd21f4f18b12ae5e0825ae4ed,source_id=terma.price_list;normalized_sku=MA210-25
TERMA,MA210-50,2,authorized_supplier_price_list,/home/shebahati/KaZar/Product and Data Complete/اندازه گیری/ترما/لیست قیمت ترما +25درصد.pdf,,sku_column,16eef2bb037f47484ee99dc0fcaab7d873b12bcbd21f4f18b12ae5e0825ae4ed,source_id=terma.price_list;normalized_sku=MA210-50
TERMA,MA210-75,2,authorized_supplier_price_list,/home/shebahati/KaZar/Product and Data Complete/اندازه گیری/ترما/لیست قیمت ترما +25درصد.pdf,,sku_column,16eef2bb037f47484ee99dc0fcaab7d873b12bcbd21f4f18b12ae5e0825ae4ed,source_id=terma.price_list;normalized_sku=MA210-75
TERMA,MA210B-25,2,authorized_supplier_price_list,/home/shebahati/KaZar/Product and Data Complete/اندازه گیری/ترما/لیست قیمت ترما +25درصد.pdf,,sku_column,16eef2bb037f47484ee99dc0fcaab7d873b12bcbd21f4f18b12ae5e0825ae4ed,source_id=terma.price_list;normalized_sku=MA210B-25
TERMA,MA210C-25,2,authorized_supplier_price_list,/home/shebahati/KaZar/Product and Data Complete/اندازه گیری/ترما/لیست قیمت ترما +25درصد.pdf,,sku_column,16eef2bb037f47484ee99dc0fcaab7d873b12bcbd21f4f18b12ae5e0825ae4ed,source_id=terma.price_list;normalized_sku=MA210C-25
TERMA,MA210D-25,2,authorized_supplier_price_list,/home/shebahati/KaZar/Product and Data Complete/اندازه گیری/ترما/لیست قیمت ترما +25درصد.pdf,,sku_column,16eef2bb037f47484ee99dc0fcaab7d873b12bcbd21f4f18b12ae5e0825ae4ed,source_id=terma.price_list;normalized_sku=MA210D-25
TERMA,MA210E-25,2,authorized_supplier_price_list,/home/shebahati/KaZar/Product and Data Complete/اندازه گیری/ترما/لیست قیمت ترما +25درصد.pdf,,sku_column,16eef2bb037f47484ee99dc0fcaab7d873b12bcbd21f4f18b12ae5e0825ae4ed,source_id=terma.price_list;normalized_sku=MA210E-25
TERMA,MA210F-25,2,authorized_supplier_price_list,/home/shebahati/KaZar/Product and Data Complete/اندازه گیری/ترما/لیست قیمت ترما +25درصد.pdf,,sku_column,16eef2bb037f47484ee99dc0fcaab7d873b12bcbd21f4f18b12ae5e0825ae4ed,source_id=terma.price_list;normalized_sku=MA210F-25
TERMA,MA220-100,2,authorized_supplier_price_list,/home/shebahati/KaZar/Product and Data Complete/اندازه گیری/ترما/لیست قیمت ترما +25درصد.pdf,,sku_column,16eef2bb037f47484ee99dc0fcaab7d873b12bcbd21f4f18b12ae5e0825ae4ed,source_id=terma.price_list;normalized_sku=MA220-100
TERMA,MA220-125,2,authorized_supplier_price_list,/home/shebahati/KaZar/Product and Data Complete/اندازه گیری/ترما/لیست قیمت ترما +25درصد.pdf,,sku_column,16eef2bb037f47484ee99dc0fcaab7d873b12bcbd21f4f18b12ae5e0825ae4ed,source_id=terma.price_list;normalized_sku=MA220-125
TERMA,MA220-150,2,authorized_supplier_price_list,/home/shebahati/KaZar/Product and Data Complete/اندازه گیری/ترما/لیست قیمت ترما +25درصد.pdf,,sku_column,16eef2bb037f47484ee99dc0fcaab7d873b12bcbd21f4f18b12ae5e0825ae4ed,source_id=terma.price_list;normalized_sku=MA220-150
TERMA,MA220-175,2,authorized_supplier_price_list,/home/shebahati/KaZar/Product and Data Complete/اندازه گیری/ترما/لیست قیمت ترما +25درصد.pdf,,sku_column,16eef2bb037f47484ee99dc0fcaab7d873b12bcbd21f4f18b12ae5e0825ae4ed,source_id=terma.price_list;normalized_sku=MA220-175
TERMA,MA220-200,2,authorized_supplier_price_list,/home/shebahati/KaZar/Product and Data Complete/اندازه گیری/ترما/لیست قیمت ترما +25درصد.pdf,,sku_column,16eef2bb037f47484ee99dc0fcaab7d873b12bcbd21f4f18b12ae5e0825ae4ed,source_id=terma.price_list;normalized_sku=MA220-200
TERMA,MA220-225,2,authorized_supplier_price_list,/home/shebahati/KaZar/Product and Data Complete/اندازه گیری/ترما/لیست قیمت ترما +25درصد.pdf,,sku_column,16eef2bb037f47484ee99dc0fcaab7d873b12bcbd21f4f18b12ae5e0825ae4ed,source_id=terma.price_list;normalized_sku=MA220-225
TERMA,MA220-25,2,authorized_supplier_price_list,/home/shebahati/KaZar/Product and Data Complete/اندازه گیری/ترما/لیست قیمت ترما +25درصد.pdf,,sku_column,16eef2bb037f47484ee99dc0fcaab7d873b12bcbd21f4f18b12ae5e0825ae4ed,source_id=terma.price_list;normalized_sku=MA220-25
TERMA,MA220-250,2,authorized_supplier_price_list,/home/shebahati/KaZar/Product and Data Complete/اندازه گیری/ترما/لیست قیمت ترما +25درصد.pdf,,sku_column,16eef2bb037f47484ee99dc0fcaab7d873b12bcbd21f4f18b12ae5e0825ae4ed,source_id=terma.price_list;normalized_sku=MA220-250
TERMA,MA220-275,2,authorized_supplier_price_list,/home/shebahati/KaZar/Product and Data Complete/اندازه گیری/ترما/لیست قیمت ترما +25درصد.pdf,,sku_column,16eef2bb037f47484ee99dc0fcaab7d873b12bcbd21f4f18b12ae5e0825ae4ed,source_id=terma.price_list;normalized_sku=MA220-275
TERMA,MA220-300,2,authorized_supplier_price_list,/home/shebahati/KaZar/Product and Data Complete/اندازه گیری/ترما/لیست قیمت ترما +25درصد.pdf,,sku_column,16eef2bb037f47484ee99dc0fcaab7d873b12bcbd21f4f18b12ae5e0825ae4ed,source_id=terma.price_list;normalized_sku=MA220-300
TERMA,MA220-50,2,authorized_supplier_price_list,/home/shebahati/KaZar/Product and Data Complete/اندازه گیری/ترما/لیست قیمت ترما +25درصد.pdf,,sku_column,16eef2bb037f47484ee99dc0fcaab7d873b12bcbd21f4f18b12ae5e0825ae4ed,source_id=terma.price_list;normalized_sku=MA220-50
TERMA,MA220-75,2,authorized_supplier_price_list,/home/shebahati/KaZar/Product and Data Complete/اندازه گیری/ترما/لیست قیمت ترما +25درصد.pdf,,sku_column,16eef2bb037f47484ee99dc0fcaab7d873b12bcbd21f4f18b12ae5e0825ae4ed,source_id=terma.price_list;normalized_sku=MA220-75
TERMA,MA230,2,authorized_supplier_price_list,/home/shebahati/KaZar/Product and Data Complete/اندازه گیری/ترما/لیست قیمت ترما +25درصد.pdf,,sku_column,16eef2bb037f47484ee99dc0fcaab7d873b12bcbd21f4f18b12ae5e0825ae4ed,source_id=terma.price_list;normalized_sku=MA230
TERMA,MA250H-10,2,authorized_supplier_price_list,/home/shebahati/KaZar/Product and Data Complete/اندازه گیری/ترما/لیست قیمت ترما +25درصد.pdf,,sku_column,16eef2bb037f47484ee99dc0fcaab7d873b12bcbd21f4f18b12ae5e0825ae4ed,source_id=terma.price_list;normalized_sku=MA250H-10
TERMA,MA250H-100,2,authorized_supplier_price_list,/home/shebahati/KaZar/Product and Data Complete/اندازه گیری/ترما/لیست قیمت ترما +25درصد.pdf,,sku_column,16eef2bb037f47484ee99dc0fcaab7d873b12bcbd21f4f18b12ae5e0825ae4ed,source_id=terma.price_list;normalized_sku=MA250H-100
TERMA,MA250H-12,2,authorized_supplier_price_list,/home/shebahati/KaZar/Product and Data Complete/اندازه گیری/ترما/لیست قیمت ترما +25درصد.pdf,,sku_column,16eef2bb037f47484ee99dc0fcaab7d873b12bcbd21f4f18b12ae5e0825ae4ed,source_id=terma.price_list;normalized_sku=MA250H-12
TERMA,MA250H-125,2,authorized_supplier_price_list,/home/shebahati/KaZar/Product and Data Complete/اندازه گیری/ترما/لیست قیمت ترما +25درصد.pdf,,sku_column,16eef2bb037f47484ee99dc0fcaab7d873b12bcbd21f4f18b12ae5e0825ae4ed,source_id=terma.price_list;normalized_sku=MA250H-125
TERMA,MA250H-150,2,authorized_supplier_price_list,/home/shebahati/KaZar/Product and Data Complete/اندازه گیری/ترما/لیست قیمت ترما +25درصد.pdf,,sku_column,16eef2bb037f47484ee99dc0fcaab7d873b12bcbd21f4f18b12ae5e0825ae4ed,source_id=terma.price_list;normalized_sku=MA250H-150
TERMA,MA250H-16,2,authorized_supplier_price_list,/home/shebahati/KaZar/Product and Data Complete/اندازه گیری/ترما/لیست قیمت ترما +25درصد.pdf,,sku_column,16eef2bb037f47484ee99dc0fcaab7d873b12bcbd21f4f18b12ae5e0825ae4ed,source_id=terma.price_list;normalized_sku=MA250H-16
TERMA,MA250H-175,2,authorized_supplier_price_list,/home/shebahati/KaZar/Product and Data Complete/اندازه گیری/ترما/لیست قیمت ترما +25درصد.pdf,,sku_column,16eef2bb037f47484ee99dc0fcaab7d873b12bcbd21f4f18b12ae5e0825ae4ed,source_id=terma.price_list;normalized_sku=MA250H-175
TERMA,MA250H-20,2,authorized_supplier_price_list,/home/shebahati/KaZar/Product and Data Complete/اندازه گیری/ترما/لیست قیمت ترما +25درصد.pdf,,sku_column,16eef2bb037f47484ee99dc0fcaab7d873b12bcbd21f4f18b12ae5e0825ae4ed,source_id=terma.price_list;normalized_sku=MA250H-20
TERMA,MA250H-200,2,authorized_supplier_price_list,/home/shebahati/KaZar/Product and Data Complete/اندازه گیری/ترما/لیست قیمت ترما +25درصد.pdf,,sku_column,16eef2bb037f47484ee99dc0fcaab7d873b12bcbd21f4f18b12ae5e0825ae4ed,source_id=terma.price_list;normalized_sku=MA250H-200
TERMA,MA250H-225,2,authorized_supplier_price_list,/home/shebahati/KaZar/Product and Data Complete/اندازه گیری/ترما/لیست قیمت ترما +25درصد.pdf,,sku_column,16eef2bb037f47484ee99dc0fcaab7d873b12bcbd21f4f18b12ae5e0825ae4ed,source_id=terma.price_list;normalized_sku=MA250H-225
TERMA,MA250H-25,2,authorized_supplier_price_list,/home/shebahati/KaZar/Product and Data Complete/اندازه گیری/ترما/لیست قیمت ترما +25درصد.pdf,,sku_column,16eef2bb037f47484ee99dc0fcaab7d873b12bcbd21f4f18b12ae5e0825ae4ed,source_id=terma.price_list;normalized_sku=MA250H-25
TERMA,MA250H-250,2,authorized_supplier_price_list,/home/shebahati/KaZar/Product and Data Complete/اندازه گیری/ترما/لیست قیمت ترما +25درصد.pdf,,sku_column,16eef2bb037f47484ee99dc0fcaab7d873b12bcbd21f4f18b12ae5e0825ae4ed,source_id=terma.price_list;normalized_sku=MA250H-250
TERMA,MA250H-275,2,authorized_supplier_price_list,/home/shebahati/KaZar/Product and Data Complete/اندازه گیری/ترما/لیست قیمت ترما +25درصد.pdf,,sku_column,16eef2bb037f47484ee99dc0fcaab7d873b12bcbd21f4f18b12ae5e0825ae4ed,source_id=terma.price_list;normalized_sku=MA250H-275
TERMA,MA250H-30,2,authorized_supplier_price_list,/home/shebahati/KaZar/Product and Data Complete/اندازه گیری/ترما/لیست قیمت ترما +25درصد.pdf,,sku_column,16eef2bb037f47484ee99dc0fcaab7d873b12bcbd21f4f18b12ae5e0825ae4ed,source_id=terma.price_list;normalized_sku=MA250H-30
TERMA,MA250H-300,2,authorized_supplier_price_list,/home/shebahati/KaZar/Product and Data Complete/اندازه گیری/ترما/لیست قیمت ترما +25درصد.pdf,,sku_column,16eef2bb037f47484ee99dc0fcaab7d873b12bcbd21f4f18b12ae5e0825ae4ed,source_id=terma.price_list;normalized_sku=MA250H-300
TERMA,MA250H-325,2,authorized_supplier_price_list,/home/shebahati/KaZar/Product and Data Complete/اندازه گیری/ترما/لیست قیمت ترما +25درصد.pdf,,sku_column,16eef2bb037f47484ee99dc0fcaab7d873b12bcbd21f4f18b12ae5e0825ae4ed,source_id=terma.price_list;normalized_sku=MA250H-325
TERMA,MA250H-40,2,authorized_supplier_price_list,/home/shebahati/KaZar/Product and Data Complete/اندازه گیری/ترما/لیست قیمت ترما +25درصد.pdf,,sku_column,16eef2bb037f47484ee99dc0fcaab7d873b12bcbd21f4f18b12ae5e0825ae4ed,source_id=terma.price_list;normalized_sku=MA250H-40
TERMA,MA250H-50,2,authorized_supplier_price_list,/home/shebahati/KaZar/Product and Data Complete/اندازه گیری/ترما/لیست قیمت ترما +25درصد.pdf,,sku_column,16eef2bb037f47484ee99dc0fcaab7d873b12bcbd21f4f18b12ae5e0825ae4ed,source_id=terma.price_list;normalized_sku=MA250H-50
TERMA,MA250H-6,2,authorized_supplier_price_list,/home/shebahati/KaZar/Product and Data Complete/اندازه گیری/ترما/لیست قیمت ترما +25درصد.pdf,,sku_column,16eef2bb037f47484ee99dc0fcaab7d873b12bcbd21f4f18b12ae5e0825ae4ed,source_id=terma.price_list;normalized_sku=MA250H-6
TERMA,MA250H-62,2,authorized_supplier_price_list,/home/shebahati/KaZar/Product and Data Complete/اندازه گیری/ترما/لیست قیمت ترما +25درصد.pdf,,sku_column,16eef2bb037f47484ee99dc0fcaab7d873b12bcbd21f4f18b12ae5e0825ae4ed,source_id=terma.price_list;normalized_sku=MA250H-62
TERMA,MA250H-75,2,authorized_supplier_price_list,/home/shebahati/KaZar/Product and Data Complete/اندازه گیری/ترما/لیست قیمت ترما +25درصد.pdf,,sku_column,16eef2bb037f47484ee99dc0fcaab7d873b12bcbd21f4f18b12ae5e0825ae4ed,source_id=terma.price_list;normalized_sku=MA250H-75
TERMA,MA250H-8,2,authorized_supplier_price_list,/home/shebahati/KaZar/Product and Data Complete/اندازه گیری/ترما/لیست قیمت ترما +25درصد.pdf,,sku_column,16eef2bb037f47484ee99dc0fcaab7d873b12bcbd21f4f18b12ae5e0825ae4ed,source_id=terma.price_list;normalized_sku=MA250H-8
TERMA,MA250H-87,2,authorized_supplier_price_list,/home/shebahati/KaZar/Product and Data Complete/اندازه گیری/ترما/لیست قیمت ترما +25درصد.pdf,,sku_column,16eef2bb037f47484ee99dc0fcaab7d873b12bcbd21f4f18b12ae5e0825ae4ed,source_id=terma.price_list;normalized_sku=MA250H-87
TERMA,MA310,2,authorized_supplier_price_list,/home/shebahati/KaZar/Product and Data Complete/اندازه گیری/ترما/لیست قیمت ترما +25درصد.pdf,,sku_column,16eef2bb037f47484ee99dc0fcaab7d873b12bcbd21f4f18b12ae5e0825ae4ed,source_id=terma.price_list;normalized_sku=MA310
TERMA,MD310-100,2,authorized_supplier_price_list,/home/shebahati/KaZar/Product and Data Complete/اندازه گیری/ترما/لیست قیمت ترما +25درصد.pdf,,sku_column,16eef2bb037f47484ee99dc0fcaab7d873b12bcbd21f4f18b12ae5e0825ae4ed,source_id=terma.price_list;normalized_sku=MD310-100
TERMA,MD310-25,2,authorized_supplier_price_list,/home/shebahati/KaZar/Product and Data Complete/اندازه گیری/ترما/لیست قیمت ترما +25درصد.pdf,,sku_column,16eef2bb037f47484ee99dc0fcaab7d873b12bcbd21f4f18b12ae5e0825ae4ed,source_id=terma.price_list;normalized_sku=MD310-25
TERMA,MD310-50,2,authorized_supplier_price_list,/home/shebahati/KaZar/Product and Data Complete/اندازه گیری/ترما/لیست قیمت ترما +25درصد.pdf,,sku_column,16eef2bb037f47484ee99dc0fcaab7d873b12bcbd21f4f18b12ae5e0825ae4ed,source_id=terma.price_list;normalized_sku=MD310-50
TERMA,MD310-75,2,authorized_supplier_price_list,/home/shebahati/KaZar/Product and Data Complete/اندازه گیری/ترما/لیست قیمت ترما +25درصد.pdf,,sku_column,16eef2bb037f47484ee99dc0fcaab7d873b12bcbd21f4f18b12ae5e0825ae4ed,source_id=terma.price_list;normalized_sku=MD310-75
TERMA,MD320H-25,2,authorized_supplier_price_list,/home/shebahati/KaZar/Product and Data Complete/اندازه گیری/ترما/لیست قیمت ترما +25درصد.pdf,,sku_column,16eef2bb037f47484ee99dc0fcaab7d873b12bcbd21f4f18b12ae5e0825ae4ed,source_id=terma.price_list;normalized_sku=MD320H-25
TERMA,MD320H-50,2,authorized_supplier_price_list,/home/shebahati/KaZar/Product and Data Complete/اندازه گیری/ترما/لیست قیمت ترما +25درصد.pdf,,sku_column,16eef2bb037f47484ee99dc0fcaab7d873b12bcbd21f4f18b12ae5e0825ae4ed,source_id=terma.price_list;normalized_sku=MD320H-50
TERMA,MD710-100,2,authorized_supplier_price_list,/home/shebahati/KaZar/Product and Data Complete/اندازه گیری/ترما/لیست قیمت ترما +25درصد.pdf,,sku_column,16eef2bb037f47484ee99dc0fcaab7d873b12bcbd21f4f18b12ae5e0825ae4ed,source_id=terma.price_list;normalized_sku=MD710-100
TERMA,MD710-25,2,authorized_supplier_price_list,/home/shebahati/KaZar/Product and Data Complete/اندازه گیری/ترما/لیست قیمت ترما +25درصد.pdf,,sku_column,16eef2bb037f47484ee99dc0fcaab7d873b12bcbd21f4f18b12ae5e0825ae4ed,source_id=terma.price_list;normalized_sku=MD710-25
TERMA,MD710-50,2,authorized_supplier_price_list,/home/shebahati/KaZar/Product and Data Complete/اندازه گیری/ترما/لیست قیمت ترما +25درصد.pdf,,sku_column,16eef2bb037f47484ee99dc0fcaab7d873b12bcbd21f4f18b12ae5e0825ae4ed,source_id=terma.price_list;normalized_sku=MD710-50
TERMA,MD710-75,2,authorized_supplier_price_list,/home/shebahati/KaZar/Product and Data Complete/اندازه گیری/ترما/لیست قیمت ترما +25درصد.pdf,,sku_column,16eef2bb037f47484ee99dc0fcaab7d873b12bcbd21f4f18b12ae5e0825ae4ed,source_id=terma.price_list;normalized_sku=MD710-75
TERMA,MD710DD-150,2,authorized_supplier_price_list,/home/shebahati/KaZar/Product and Data Complete/اندازه گیری/ترما/لیست قیمت ترما +25درصد.pdf,,sku_column,16eef2bb037f47484ee99dc0fcaab7d873b12bcbd21f4f18b12ae5e0825ae4ed,source_id=terma.price_list;normalized_sku=MD710DD-150
TERMA,MD710H,2,authorized_supplier_price_list,/home/shebahati/KaZar/Product and Data Complete/اندازه گیری/ترما/لیست قیمت ترما +25درصد.pdf,,sku_column,16eef2bb037f47484ee99dc0fcaab7d873b12bcbd21f4f18b12ae5e0825ae4ed,source_id=terma.price_list;normalized_sku=MD710H
TERMA,MD730-100,2,authorized_supplier_price_list,/home/shebahati/KaZar/Product and Data Complete/اندازه گیری/ترما/لیست قیمت ترما +25درصد.pdf,,sku_column,16eef2bb037f47484ee99dc0fcaab7d873b12bcbd21f4f18b12ae5e0825ae4ed,source_id=terma.price_list;normalized_sku=MD730-100
TERMA,MD730-125,2,authorized_supplier_price_list,/home/shebahati/KaZar/Product and Data Complete/اندازه گیری/ترما/لیست قیمت ترما +25درصد.pdf,,sku_column,16eef2bb037f47484ee99dc0fcaab7d873b12bcbd21f4f18b12ae5e0825ae4ed,source_id=terma.price_list;normalized_sku=MD730-125
TERMA,MD730-25,2,authorized_supplier_price_list,/home/shebahati/KaZar/Product and Data Complete/اندازه گیری/ترما/لیست قیمت ترما +25درصد.pdf,,sku_column,16eef2bb037f47484ee99dc0fcaab7d873b12bcbd21f4f18b12ae5e0825ae4ed,source_id=terma.price_list;normalized_sku=MD730-25
TERMA,MD730-50,2,authorized_supplier_price_list,/home/shebahati/KaZar/Product and Data Complete/اندازه گیری/ترما/لیست قیمت ترما +25درصد.pdf,,sku_column,16eef2bb037f47484ee99dc0fcaab7d873b12bcbd21f4f18b12ae5e0825ae4ed,source_id=terma.price_list;normalized_sku=MD730-50
TERMA,MD730-75,2,authorized_supplier_price_list,/home/shebahati/KaZar/Product and Data Complete/اندازه گیری/ترما/لیست قیمت ترما +25درصد.pdf,,sku_column,16eef2bb037f47484ee99dc0fcaab7d873b12bcbd21f4f18b12ae5e0825ae4ed,source_id=terma.price_list;normalized_sku=MD730-75
TERMA,MD730All-25,2,authorized_supplier_price_list,/home/shebahati/KaZar/Product and Data Complete/اندازه گیری/ترما/لیست قیمت ترما +25درصد.pdf,,sku_column,16eef2bb037f47484ee99dc0fcaab7d873b12bcbd21f4f18b12ae5e0825ae4ed,source_id=terma.price_list;normalized_sku=MD730ALL-25
TERMA,MD730B-25,2,authorized_supplier_price_list,/home/shebahati/KaZar/Product and Data Complete/اندازه گیری/ترما/لیست قیمت ترما +25درصد.pdf,,sku_column,16eef2bb037f47484ee99dc0fcaab7d873b12bcbd21f4f18b12ae5e0825ae4ed,source_id=terma.price_list;normalized_sku=MD730B-25
TERMA,MD730C-25,2,authorized_supplier_price_list,/home/shebahati/KaZar/Product and Data Complete/اندازه گیری/ترما/لیست قیمت ترما +25درصد.pdf,,sku_column,16eef2bb037f47484ee99dc0fcaab7d873b12bcbd21f4f18b12ae5e0825ae4ed,source_id=terma.price_list;normalized_sku=MD730C-25
TERMA,MD730D-25,2,authorized_supplier_price_list,/home/shebahati/KaZar/Product and Data Complete/اندازه گیری/ترما/لیست قیمت ترما +25درصد.pdf,,sku_column,16eef2bb037f47484ee99dc0fcaab7d873b12bcbd21f4f18b12ae5e0825ae4ed,source_id=terma.price_list;normalized_sku=MD730D-25
TERMA,MD730F-25,2,authorized_supplier_price_list,/home/shebahati/KaZar/Product and Data Complete/اندازه گیری/ترما/لیست قیمت ترما +25درصد.pdf,,sku_column,16eef2bb037f47484ee99dc0fcaab7d873b12bcbd21f4f18b12ae5e0825ae4ed,source_id=terma.price_list;normalized_sku=MD730F-25
TERMA,MD730G-25,2,authorized_supplier_price_list,/home/shebahati/KaZar/Product and Data Complete/اندازه گیری/ترما/لیست قیمت ترما +25درصد.pdf,,sku_column,16eef2bb037f47484ee99dc0fcaab7d873b12bcbd21f4f18b12ae5e0825ae4ed,source_id=terma.price_list;normalized_sku=MD730G-25
TERMA,MDA910-100,2,authorized_supplier_price_list,/home/shebahati/KaZar/Product and Data Complete/اندازه گیری/ترما/لیست قیمت ترما +25درصد.pdf,,sku_column,16eef2bb037f47484ee99dc0fcaab7d873b12bcbd21f4f18b12ae5e0825ae4ed,source_id=terma.price_list;normalized_sku=MDA910-100
TERMA,MDA910-25,2,authorized_supplier_price_list,/home/shebahati/KaZar/Product and Data Complete/اندازه گیری/ترما/لیست قیمت ترما +25درصد.pdf,,sku_column,16eef2bb037f47484ee99dc0fcaab7d873b12bcbd21f4f18b12ae5e0825ae4ed,source_id=terma.price_list;normalized_sku=MDA910-25
TERMA,MDD730-150,2,authorized_supplier_price_list,/home/shebahati/KaZar/Product and Data Complete/اندازه گیری/ترما/لیست قیمت ترما +25درصد.pdf,,sku_column,16eef2bb037f47484ee99dc0fcaab7d873b12bcbd21f4f18b12ae5e0825ae4ed,source_id=terma.price_list;normalized_sku=MDD730-150
TERMA,PD211,2,authorized_supplier_price_list,/home/shebahati/KaZar/Product and Data Complete/اندازه گیری/ترما/لیست قیمت ترما +25درصد.pdf,,sku_column,16eef2bb037f47484ee99dc0fcaab7d873b12bcbd21f4f18b12ae5e0825ae4ed,source_id=terma.price_list;normalized_sku=PD211
TERMA,PD270D-150,2,authorized_supplier_price_list,/home/shebahati/KaZar/Product and Data Complete/اندازه گیری/ترما/لیست قیمت ترما +25درصد.pdf,,sku_column,16eef2bb037f47484ee99dc0fcaab7d873b12bcbd21f4f18b12ae5e0825ae4ed,source_id=terma.price_list;normalized_sku=PD270D-150
TERMA,PD270D-200,2,authorized_supplier_price_list,/home/shebahati/KaZar/Product and Data Complete/اندازه گیری/ترما/لیست قیمت ترما +25درصد.pdf,,sku_column,16eef2bb037f47484ee99dc0fcaab7d873b12bcbd21f4f18b12ae5e0825ae4ed,source_id=terma.price_list;normalized_sku=PD270D-200
TERMA,PD270D-300,2,authorized_supplier_price_list,/home/shebahati/KaZar/Product and Data Complete/اندازه گیری/ترما/لیست قیمت ترما +25درصد.pdf,,sku_column,16eef2bb037f47484ee99dc0fcaab7d873b12bcbd21f4f18b12ae5e0825ae4ed,source_id=terma.price_list;normalized_sku=PD270D-300
TERMA,PD270D-600,2,authorized_supplier_price_list,/home/shebahati/KaZar/Product and Data Complete/اندازه گیری/ترما/لیست قیمت ترما +25درصد.pdf,,sku_column,16eef2bb037f47484ee99dc0fcaab7d873b12bcbd21f4f18b12ae5e0825ae4ed,source_id=terma.price_list;normalized_sku=PD270D-600
TERMA,PD290-100,2,authorized_supplier_price_list,/home/shebahati/KaZar/Product and Data Complete/اندازه گیری/ترما/لیست قیمت ترما +25درصد.pdf,,sku_column,16eef2bb037f47484ee99dc0fcaab7d873b12bcbd21f4f18b12ae5e0825ae4ed,source_id=terma.price_list;normalized_sku=PD290-100
TERMA,PD290-200,2,authorized_supplier_price_list,/home/shebahati/KaZar/Product and Data Complete/اندازه گیری/ترما/لیست قیمت ترما +25درصد.pdf,,sku_column,16eef2bb037f47484ee99dc0fcaab7d873b12bcbd21f4f18b12ae5e0825ae4ed,source_id=terma.price_list;normalized_sku=PD290-200
TERMA,PD290-300,2,authorized_supplier_price_list,/home/shebahati/KaZar/Product and Data Complete/اندازه گیری/ترما/لیست قیمت ترما +25درصد.pdf,,sku_column,16eef2bb037f47484ee99dc0fcaab7d873b12bcbd21f4f18b12ae5e0825ae4ed,source_id=terma.price_list;normalized_sku=PD290-300
TERMA,RDE111-3000,2,authorized_supplier_price_list,/home/shebahati/KaZar/Product and Data Complete/اندازه گیری/ترما/لیست قیمت ترما +25درصد.pdf,,sku_column,16eef2bb037f47484ee99dc0fcaab7d873b12bcbd21f4f18b12ae5e0825ae4ed,source_id=terma.price_list;normalized_sku=RDE111-3000
TERMA,SD710,2,authorized_supplier_price_list,/home/shebahati/KaZar/Product and Data Complete/اندازه گیری/ترما/لیست قیمت ترما +25درصد.pdf,,sku_column,16eef2bb037f47484ee99dc0fcaab7d873b12bcbd21f4f18b12ae5e0825ae4ed,source_id=terma.price_list;normalized_sku=SD710
TERMA,SDA100-150,2,authorized_supplier_price_list,/home/shebahati/KaZar/Product and Data Complete/اندازه گیری/ترما/لیست قیمت ترما +25درصد.pdf,,sku_column,16eef2bb037f47484ee99dc0fcaab7d873b12bcbd21f4f18b12ae5e0825ae4ed,source_id=terma.price_list;normalized_sku=SDA100-150
TERMA,SDA100-200,2,authorized_supplier_price_list,/home/shebahati/KaZar/Product and Data Complete/اندازه گیری/ترما/لیست قیمت ترما +25درصد.pdf,,sku_column,16eef2bb037f47484ee99dc0fcaab7d873b12bcbd21f4f18b12ae5e0825ae4ed,source_id=terma.price_list;normalized_sku=SDA100-200
TERMA,SDA100C-150,2,authorized_supplier_price_list,/home/shebahati/KaZar/Product and Data Complete/اندازه گیری/ترما/لیست قیمت ترما +25درصد.pdf,,sku_column,16eef2bb037f47484ee99dc0fcaab7d873b12bcbd21f4f18b12ae5e0825ae4ed,source_id=terma.price_list;normalized_sku=SDA100C-150
TERMA,SDA100C-200,2,authorized_supplier_price_list,/home/shebahati/KaZar/Product and Data Complete/اندازه گیری/ترما/لیست قیمت ترما +25درصد.pdf,,sku_column,16eef2bb037f47484ee99dc0fcaab7d873b12bcbd21f4f18b12ae5e0825ae4ed,source_id=terma.price_list;normalized_sku=SDA100C-200
TERMA,SDA100C-300,2,authorized_supplier_price_list,/home/shebahati/KaZar/Product and Data Complete/اندازه گیری/ترما/لیست قیمت ترما +25درصد.pdf,,sku_column,16eef2bb037f47484ee99dc0fcaab7d873b12bcbd21f4f18b12ae5e0825ae4ed,source_id=terma.price_list;normalized_sku=SDA100C-300
TERMA,SN730-25,2,authorized_supplier_price_list,/home/shebahati/KaZar/Product and Data Complete/اندازه گیری/ترما/لیست قیمت ترما +25درصد.pdf,,sku_column,16eef2bb037f47484ee99dc0fcaab7d873b12bcbd21f4f18b12ae5e0825ae4ed,source_id=terma.price_list;normalized_sku=SN730-25
TERMA,TB210,2,authorized_supplier_price_list,/home/shebahati/KaZar/Product and Data Complete/اندازه گیری/ترما/لیست قیمت ترما +25درصد.pdf,,sku_column,16eef2bb037f47484ee99dc0fcaab7d873b12bcbd21f4f18b12ae5e0825ae4ed,source_id=terma.price_list;normalized_sku=TB210
TERMA,TD230A,2,authorized_supplier_price_list,/home/shebahati/KaZar/Product and Data Complete/اندازه گیری/ترما/لیست قیمت ترما +25درصد.pdf,,sku_column,16eef2bb037f47484ee99dc0fcaab7d873b12bcbd21f4f18b12ae5e0825ae4ed,source_id=terma.price_list;normalized_sku=TD230A
TERMA,TD230B,2,authorized_supplier_price_list,/home/shebahati/KaZar/Product and Data Complete/اندازه گیری/ترما/لیست قیمت ترما +25درصد.pdf,,sku_column,16eef2bb037f47484ee99dc0fcaab7d873b12bcbd21f4f18b12ae5e0825ae4ed,source_id=terma.price_list;normalized_sku=TD230B
TERMA,TD230C,2,authorized_supplier_price_list,/home/shebahati/KaZar/Product and Data Complete/اندازه گیری/ترما/لیست قیمت ترما +25درصد.pdf,,sku_column,16eef2bb037f47484ee99dc0fcaab7d873b12bcbd21f4f18b12ae5e0825ae4ed,source_id=terma.price_list;normalized_sku=TD230C
TERMA,TD230D,2,authorized_supplier_price_list,/home/shebahati/KaZar/Product and Data Complete/اندازه گیری/ترما/لیست قیمت ترما +25درصد.pdf,,sku_column,16eef2bb037f47484ee99dc0fcaab7d873b12bcbd21f4f18b12ae5e0825ae4ed,source_id=terma.price_list;normalized_sku=TD230D
TERMA,TD270-25,2,authorized_supplier_price_list,/home/shebahati/KaZar/Product and Data Complete/اندازه گیری/ترما/لیست قیمت ترما +25درصد.pdf,,sku_column,16eef2bb037f47484ee99dc0fcaab7d873b12bcbd21f4f18b12ae5e0825ae4ed,source_id=terma.price_list;normalized_sku=TD270-25
TERMA,TDE111A-100,2,authorized_supplier_price_list,/home/shebahati/KaZar/Product and Data Complete/اندازه گیری/ترما/لیست قیمت ترما +25درصد.pdf,,sku_column,16eef2bb037f47484ee99dc0fcaab7d873b12bcbd21f4f18b12ae5e0825ae4ed,source_id=terma.price_list;normalized_sku=TDE111A-100
TERMA,TDE111A-40,2,authorized_supplier_price_list,/home/shebahati/KaZar/Product and Data Complete/اندازه گیری/ترما/لیست قیمت ترما +25درصد.pdf,,sku_column,16eef2bb037f47484ee99dc0fcaab7d873b12bcbd21f4f18b12ae5e0825ae4ed,source_id=terma.price_list;normalized_sku=TDE111A-40
TERMA,TDE111A-60,2,authorized_supplier_price_list,/home/shebahati/KaZar/Product and Data Complete/اندازه گیری/ترما/لیست قیمت ترما +25درصد.pdf,,sku_column,16eef2bb037f47484ee99dc0fcaab7d873b12bcbd21f4f18b12ae5e0825ae4ed,source_id=terma.price_list;normalized_sku=TDE111A-60
TERMA,TDE111A-80,2,authorized_supplier_price_list,/home/shebahati/KaZar/Product and Data Complete/اندازه گیری/ترما/لیست قیمت ترما +25درصد.pdf,,sku_column,16eef2bb037f47484ee99dc0fcaab7d873b12bcbd21f4f18b12ae5e0825ae4ed,source_id=terma.price_list;normalized_sku=TDE111A-80
TERMA,TDE111B-115,2,authorized_supplier_price_list,/home/shebahati/KaZar/Product and Data Complete/اندازه گیری/ترما/لیست قیمت ترما +25درصد.pdf,,sku_column,16eef2bb037f47484ee99dc0fcaab7d873b12bcbd21f4f18b12ae5e0825ae4ed,source_id=terma.price_list;normalized_sku=TDE111B-115
TERMA,TDE111B-135,2,authorized_supplier_price_list,/home/shebahati/KaZar/Product and Data Complete/اندازه گیری/ترما/لیست قیمت ترما +25درصد.pdf,,sku_column,16eef2bb037f47484ee99dc0fcaab7d873b12bcbd21f4f18b12ae5e0825ae4ed,source_id=terma.price_list;normalized_sku=TDE111B-135
TERMA,TDE111B-35,2,authorized_supplier_price_list,/home/shebahati/KaZar/Product and Data Complete/اندازه گیری/ترما/لیست قیمت ترما +25درصد.pdf,,sku_column,16eef2bb037f47484ee99dc0fcaab7d873b12bcbd21f4f18b12ae5e0825ae4ed,source_id=terma.price_list;normalized_sku=TDE111B-35
TERMA,TDE111B-75,2,authorized_supplier_price_list,/home/shebahati/KaZar/Product and Data Complete/اندازه گیری/ترما/لیست قیمت ترما +25درصد.pdf,,sku_column,16eef2bb037f47484ee99dc0fcaab7d873b12bcbd21f4f18b12ae5e0825ae4ed,source_id=terma.price_list;normalized_sku=TDE111B-75
TERMA,TDE111B-95,2,authorized_supplier_price_list,/home/shebahati/KaZar/Product and Data Complete/اندازه گیری/ترما/لیست قیمت ترما +25درصد.pdf,,sku_column,16eef2bb037f47484ee99dc0fcaab7d873b12bcbd21f4f18b12ae5e0825ae4ed,source_id=terma.price_list;normalized_sku=TDE111B-95
TERMA,TDE130A-100,2,authorized_supplier_price_list,/home/shebahati/KaZar/Product and Data Complete/اندازه گیری/ترما/لیست قیمت ترما +25درصد.pdf,,sku_column,16eef2bb037f47484ee99dc0fcaab7d873b12bcbd21f4f18b12ae5e0825ae4ed,source_id=terma.price_list;normalized_sku=TDE130A-100
TERMA,TDE130A-30,2,authorized_supplier_price_list,/home/shebahati/KaZar/Product and Data Complete/اندازه گیری/ترما/لیست قیمت ترما +25درصد.pdf,,sku_column,16eef2bb037f47484ee99dc0fcaab7d873b12bcbd21f4f18b12ae5e0825ae4ed,source_id=terma.price_list;normalized_sku=TDE130A-30
TERMA,TDE130A-50,2,authorized_supplier_price_list,/home/shebahati/KaZar/Product and Data Complete/اندازه گیری/ترما/لیست قیمت ترما +25درصد.pdf,,sku_column,16eef2bb037f47484ee99dc0fcaab7d873b12bcbd21f4f18b12ae5e0825ae4ed,source_id=terma.price_list;normalized_sku=TDE130A-50
TERMA,TDE130B-100,2,authorized_supplier_price_list,/home/shebahati/KaZar/Product and Data Complete/اندازه گیری/ترما/لیست قیمت ترما +25درصد.pdf,,sku_column,16eef2bb037f47484ee99dc0fcaab7d873b12bcbd21f4f18b12ae5e0825ae4ed,source_id=terma.price_list;normalized_sku=TDE130B-100
TERMA,TDE130B-15,2,authorized_supplier_price_list,/home/shebahati/KaZar/Product and Data Complete/اندازه گیری/ترما/لیست قیمت ترما +25درصد.pdf,,sku_column,16eef2bb037f47484ee99dc0fcaab7d873b12bcbd21f4f18b12ae5e0825ae4ed,source_id=terma.price_list;normalized_sku=TDE130B-15
TERMA,TDE130B-150,2,authorized_supplier_price_list,/home/shebahati/KaZar/Product and Data Complete/اندازه گیری/ترما/لیست قیمت ترما +25درصد.pdf,,sku_column,16eef2bb037f47484ee99dc0fcaab7d873b12bcbd21f4f18b12ae5e0825ae4ed,source_id=terma.price_list;normalized_sku=TDE130B-150
TERMA,TDE130B-200,2,authorized_supplier_price_list,/home/shebahati/KaZar/Product and Data Complete/اندازه گیری/ترما/لیست قیمت ترما +25درصد.pdf,,sku_column,16eef2bb037f47484ee99dc0fcaab7d873b12bcbd21f4f18b12ae5e0825ae4ed,source_id=terma.price_list;normalized_sku=TDE130B-200
TERMA,TDE130B-30,2,authorized_supplier_price_list,/home/shebahati/KaZar/Product and Data Complete/اندازه گیری/ترما/لیست قیمت ترما +25درصد.pdf,,sku_column,16eef2bb037f47484ee99dc0fcaab7d873b12bcbd21f4f18b12ae5e0825ae4ed,source_id=terma.price_list;normalized_sku=TDE130B-30
TERMA,TDE130B-50,2,authorized_supplier_price_list,/home/shebahati/KaZar/Product and Data Complete/اندازه گیری/ترما/لیست قیمت ترما +25درصد.pdf,,sku_column,16eef2bb037f47484ee99dc0fcaab7d873b12bcbd21f4f18b12ae5e0825ae4ed,source_id=terma.price_list;normalized_sku=TDE130B-50
TERMA,TDE230E-6,2,authorized_supplier_price_list,/home/shebahati/KaZar/Product and Data Complete/اندازه گیری/ترما/لیست قیمت ترما +25درصد.pdf,,sku_column,16eef2bb037f47484ee99dc0fcaab7d873b12bcbd21f4f18b12ae5e0825ae4ed,source_id=terma.price_list;normalized_sku=TDE230E-6
TERMA,TDE230E-8,2,authorized_supplier_price_list,/home/shebahati/KaZar/Product and Data Complete/اندازه گیری/ترما/لیست قیمت ترما +25درصد.pdf,,sku_column,16eef2bb037f47484ee99dc0fcaab7d873b12bcbd21f4f18b12ae5e0825ae4ed,source_id=terma.price_list;normalized_sku=TDE230E-8
TERMA,TDE230F-6,2,authorized_supplier_price_list,/home/shebahati/KaZar/Product and Data Complete/اندازه گیری/ترما/لیست قیمت ترما +25درصد.pdf,,sku_column,16eef2bb037f47484ee99dc0fcaab7d873b12bcbd21f4f18b12ae5e0825ae4ed,source_id=terma.price_list;normalized_sku=TDE230F-6
TERMA,TDE230F-8,2,authorized_supplier_price_list,/home/shebahati/KaZar/Product and Data Complete/اندازه گیری/ترما/لیست قیمت ترما +25درصد.pdf,,sku_column,16eef2bb037f47484ee99dc0fcaab7d873b12bcbd21f4f18b12ae5e0825ae4ed,source_id=terma.price_list;normalized_sku=TDE230F-8
TERMA,TG710M-25,2,authorized_supplier_price_list,/home/shebahati/KaZar/Product and Data Complete/اندازه گیری/ترما/لیست قیمت ترما +25درصد.pdf,,sku_column,16eef2bb037f47484ee99dc0fcaab7d873b12bcbd21f4f18b12ae5e0825ae4ed,source_id=terma.price_list;normalized_sku=TG710M-25
TERMA,TGE280,2,authorized_supplier_price_list,/home/shebahati/KaZar/Product and Data Complete/اندازه گیری/ترما/لیست قیمت ترما +25درصد.pdf,,sku_column,16eef2bb037f47484ee99dc0fcaab7d873b12bcbd21f4f18b12ae5e0825ae4ed,source_id=terma.price_list;normalized_sku=TGE280
TERMA,WBF100,2,authorized_supplier_price_list,/home/shebahati/KaZar/Product and Data Complete/اندازه گیری/ترما/لیست قیمت ترما +25درصد.pdf,,sku_column,16eef2bb037f47484ee99dc0fcaab7d873b12bcbd21f4f18b12ae5e0825ae4ed,source_id=terma.price_list;normalized_sku=WBF100
TERMA,WBF110,2,authorized_supplier_price_list,/home/shebahati/KaZar/Product and Data Complete/اندازه گیری/ترما/لیست قیمت ترما +25درصد.pdf,,sku_column,16eef2bb037f47484ee99dc0fcaab7d873b12bcbd21f4f18b12ae5e0825ae4ed,source_id=terma.price_list;normalized_sku=WBF110
TERMA,WCG100-150,2,authorized_supplier_price_list,/home/shebahati/KaZar/Product and Data Complete/اندازه گیری/ترما/لیست قیمت ترما +25درصد.pdf,,sku_column,16eef2bb037f47484ee99dc0fcaab7d873b12bcbd21f4f18b12ae5e0825ae4ed,source_id=terma.price_list;normalized_sku=WCG100-150
TERMA,WCG100-200,2,authorized_supplier_price_list,/home/shebahati/KaZar/Product and Data Complete/اندازه گیری/ترما/لیست قیمت ترما +25درصد.pdf,,sku_column,16eef2bb037f47484ee99dc0fcaab7d873b12bcbd21f4f18b12ae5e0825ae4ed,source_id=terma.price_list;normalized_sku=WCG100-200
TERMA,WCG100-300,2,authorized_supplier_price_list,/home/shebahati/KaZar/Product and Data Complete/اندازه گیری/ترما/لیست قیمت ترما +25درصد.pdf,,sku_column,16eef2bb037f47484ee99dc0fcaab7d873b12bcbd21f4f18b12ae5e0825ae4ed,source_id=terma.price_list;normalized_sku=WCG100-300
TERMA,WDS110,2,authorized_supplier_price_list,/home/shebahati/KaZar/Product and Data Complete/اندازه گیری/ترما/لیست قیمت ترما +25درصد.pdf,,sku_column,16eef2bb037f47484ee99dc0fcaab7d873b12bcbd21f4f18b12ae5e0825ae4ed,source_id=terma.price_list;normalized_sku=WDS110
TERMA,WGB100-103,2,authorized_supplier_price_list,/home/shebahati/KaZar/Product and Data Complete/اندازه گیری/ترما/لیست قیمت ترما +25درصد.pdf,,sku_column,16eef2bb037f47484ee99dc0fcaab7d873b12bcbd21f4f18b12ae5e0825ae4ed,source_id=terma.price_list;normalized_sku=WGB100-103
TERMA,WGB100-112,2,authorized_supplier_price_list,/home/shebahati/KaZar/Product and Data Complete/اندازه گیری/ترما/لیست قیمت ترما +25درصد.pdf,,sku_column,16eef2bb037f47484ee99dc0fcaab7d873b12bcbd21f4f18b12ae5e0825ae4ed,source_id=terma.price_list;normalized_sku=WGB100-112
TERMA,WGB100-122,2,authorized_supplier_price_list,/home/shebahati/KaZar/Product and Data Complete/اندازه گیری/ترما/لیست قیمت ترما +25درصد.pdf,,sku_column,16eef2bb037f47484ee99dc0fcaab7d873b12bcbd21f4f18b12ae5e0825ae4ed,source_id=terma.price_list;normalized_sku=WGB100-122
TERMA,WGB100-18,2,authorized_supplier_price_list,/home/shebahati/KaZar/Product and Data Complete/اندازه گیری/ترما/لیست قیمت ترما +25درصد.pdf,,sku_column,16eef2bb037f47484ee99dc0fcaab7d873b12bcbd21f4f18b12ae5e0825ae4ed,source_id=terma.price_list;normalized_sku=WGB100-18
TERMA,WGB100-47,2,authorized_supplier_price_list,/home/shebahati/KaZar/Product and Data Complete/اندازه گیری/ترما/لیست قیمت ترما +25درصد.pdf,,sku_column,16eef2bb037f47484ee99dc0fcaab7d873b12bcbd21f4f18b12ae5e0825ae4ed,source_id=terma.price_list;normalized_sku=WGB100-47
TERMA,WGB100-67,2,authorized_supplier_price_list,/home/shebahati/KaZar/Product and Data Complete/اندازه گیری/ترما/لیست قیمت ترما +25درصد.pdf,,sku_column,16eef2bb037f47484ee99dc0fcaab7d873b12bcbd21f4f18b12ae5e0825ae4ed,source_id=terma.price_list;normalized_sku=WGB100-67
TERMA,WGB100-81,2,authorized_supplier_price_list,/home/shebahati/KaZar/Product and Data Complete/اندازه گیری/ترما/لیست قیمت ترما +25درصد.pdf,,sku_column,16eef2bb037f47484ee99dc0fcaab7d873b12bcbd21f4f18b12ae5e0825ae4ed,source_id=terma.price_list;normalized_sku=WGB100-81
TERMA,WGB100-87,2,authorized_supplier_price_list,/home/shebahati/KaZar/Product and Data Complete/اندازه گیری/ترما/لیست قیمت ترما +25درصد.pdf,,sku_column,16eef2bb037f47484ee99dc0fcaab7d873b12bcbd21f4f18b12ae5e0825ae4ed,source_id=terma.price_list;normalized_sku=WGB100-87
TERMA,WLD100-150,2,authorized_supplier_price_list,/home/shebahati/KaZar/Product and Data Complete/اندازه گیری/ترما/لیست قیمت ترما +25درصد.pdf,,sku_column,16eef2bb037f47484ee99dc0fcaab7d873b12bcbd21f4f18b12ae5e0825ae4ed,source_id=terma.price_list;normalized_sku=WLD100-150
TERMA,WLD100-200,2,authorized_supplier_price_list,/home/shebahati/KaZar/Product and Data Complete/اندازه گیری/ترما/لیست قیمت ترما +25درصد.pdf,,sku_column,16eef2bb037f47484ee99dc0fcaab7d873b12bcbd21f4f18b12ae5e0825ae4ed,source_id=terma.price_list;normalized_sku=WLD100-200
TERMA,WLD100-300,2,authorized_supplier_price_list,/home/shebahati/KaZar/Product and Data Complete/اندازه گیری/ترما/لیست قیمت ترما +25درصد.pdf,,sku_column,16eef2bb037f47484ee99dc0fcaab7d873b12bcbd21f4f18b12ae5e0825ae4ed,source_id=terma.price_list;normalized_sku=WLD100-300
TERMA,WLD110-150,2,authorized_supplier_price_list,/home/shebahati/KaZar/Product and Data Complete/اندازه گیری/ترما/لیست قیمت ترما +25درصد.pdf,,sku_column,16eef2bb037f47484ee99dc0fcaab7d873b12bcbd21f4f18b12ae5e0825ae4ed,source_id=terma.price_list;normalized_sku=WLD110-150
TERMA,WLD110-200,2,authorized_supplier_price_list,/home/shebahati/KaZar/Product and Data Complete/اندازه گیری/ترما/لیست قیمت ترما +25درصد.pdf,,sku_column,16eef2bb037f47484ee99dc0fcaab7d873b12bcbd21f4f18b12ae5e0825ae4ed,source_id=terma.price_list;normalized_sku=WLD110-200
TERMA,WLD110-300,2,authorized_supplier_price_list,/home/shebahati/KaZar/Product and Data Complete/اندازه گیری/ترما/لیست قیمت ترما +25درصد.pdf,,sku_column,16eef2bb037f47484ee99dc0fcaab7d873b12bcbd21f4f18b12ae5e0825ae4ed,source_id=terma.price_list;normalized_sku=WLD110-300
TERMA,WMS100,2,authorized_supplier_price_list,/home/shebahati/KaZar/Product and Data Complete/اندازه گیری/ترما/لیست قیمت ترما +25درصد.pdf,,sku_column,16eef2bb037f47484ee99dc0fcaab7d873b12bcbd21f4f18b12ae5e0825ae4ed,source_id=terma.price_list;normalized_sku=WMS100
TERMA,WMT100,2,authorized_supplier_price_list,/home/shebahati/KaZar/Product and Data Complete/اندازه گیری/ترما/لیست قیمت ترما +25درصد.pdf,,sku_column,16eef2bb037f47484ee99dc0fcaab7d873b12bcbd21f4f18b12ae5e0825ae4ed,source_id=terma.price_list;normalized_sku=WMT100
TERMA,WPD100,2,authorized_supplier_price_list,/home/shebahati/KaZar/Product and Data Complete/اندازه گیری/ترما/لیست قیمت ترما +25درصد.pdf,,sku_column,16eef2bb037f47484ee99dc0fcaab7d873b12bcbd21f4f18b12ae5e0825ae4ed,source_id=terma.price_list;normalized_sku=WPD100
TERMA,WPD110,2,authorized_supplier_price_list,/home/shebahati/KaZar/Product and Data Complete/اندازه گیری/ترما/لیست قیمت ترما +25درصد.pdf,,sku_column,16eef2bb037f47484ee99dc0fcaab7d873b12bcbd21f4f18b12ae5e0825ae4ed,source_id=terma.price_list;normalized_sku=WPD110
TERMA,WPD120,2,authorized_supplier_price_list,/home/shebahati/KaZar/Product and Data Complete/اندازه گیری/ترما/لیست قیمت ترما +25درصد.pdf,,sku_column,16eef2bb037f47484ee99dc0fcaab7d873b12bcbd21f4f18b12ae5e0825ae4ed,source_id=terma.price_list;normalized_sku=WPD120
TERMA,WSI100,2,authorized_supplier_price_list,/home/shebahati/KaZar/Product and Data Complete/اندازه گیری/ترما/لیست قیمت ترما +25درصد.pdf,,sku_column,16eef2bb037f47484ee99dc0fcaab7d873b12bcbd21f4f18b12ae5e0825ae4ed,source_id=terma.price_list;normalized_sku=WSI100
TERMA,WST-1100,2,authorized_supplier_price_list,/home/shebahati/KaZar/Product and Data Complete/اندازه گیری/ترما/لیست قیمت ترما +25درصد.pdf,,sku_column,16eef2bb037f47484ee99dc0fcaab7d873b12bcbd21f4f18b12ae5e0825ae4ed,source_id=terma.price_list;normalized_sku=WST-1100
TERMA,WST-1500,2,authorized_supplier_price_list,/home/shebahati/KaZar/Product and Data Complete/اندازه گیری/ترما/لیست قیمت ترما +25درصد.pdf,,sku_column,16eef2bb037f47484ee99dc0fcaab7d873b12bcbd21f4f18b12ae5e0825ae4ed,source_id=terma.price_list;normalized_sku=WST-1500
TERMA,WST-1900,2,authorized_supplier_price_list,/home/shebahati/KaZar/Product and Data Complete/اندازه گیری/ترما/لیست قیمت ترما +25درصد.pdf,,sku_column,16eef2bb037f47484ee99dc0fcaab7d873b12bcbd21f4f18b12ae5e0825ae4ed,source_id=terma.price_list;normalized_sku=WST-1900
TERMA,WST-2300,2,authorized_supplier_price_list,/home/shebahati/KaZar/Product and Data Complete/اندازه گیری/ترما/لیست قیمت ترما +25درصد.pdf,,sku_column,16eef2bb037f47484ee99dc0fcaab7d873b12bcbd21f4f18b12ae5e0825ae4ed,source_id=terma.price_list;normalized_sku=WST-2300
TERMA,WST-2700,2,authorized_supplier_price_list,/home/shebahati/KaZar/Product and Data Complete/اندازه گیری/ترما/لیست قیمت ترما +25درصد.pdf,,sku_column,16eef2bb037f47484ee99dc0fcaab7d873b12bcbd21f4f18b12ae5e0825ae4ed,source_id=terma.price_list;normalized_sku=WST-2700
TERMA,WST-3100,2,authorized_supplier_price_list,/home/shebahati/KaZar/Product and Data Complete/اندازه گیری/ترما/لیست قیمت ترما +25درصد.pdf,,sku_column,16eef2bb037f47484ee99dc0fcaab7d873b12bcbd21f4f18b12ae5e0825ae4ed,source_id=terma.price_list;normalized_sku=WST-3100
TERMA,WST-3500,2,authorized_supplier_price_list,/home/shebahati/KaZar/Product and Data Complete/اندازه گیری/ترما/لیست قیمت ترما +25درصد.pdf,,sku_column,16eef2bb037f47484ee99dc0fcaab7d873b12bcbd21f4f18b12ae5e0825ae4ed,source_id=terma.price_list;normalized_sku=WST-3500
TERMA,WST-700,2,authorized_supplier_price_list,/home/shebahati/KaZar/Product and Data Complete/اندازه گیری/ترما/لیست قیمت ترما +25درصد.pdf,,sku_column,16eef2bb037f47484ee99dc0fcaab7d873b12bcbd21f4f18b12ae5e0825ae4ed,source_id=terma.price_list;normalized_sku=WST-700
TERMA,WT100,2,authorized_supplier_price_list,/home/shebahati/KaZar/Product and Data Complete/اندازه گیری/ترما/لیست قیمت ترما +25درصد.pdf,,sku_column,16eef2bb037f47484ee99dc0fcaab7d873b12bcbd21f4f18b12ae5e0825ae4ed,source_id=terma.price_list;normalized_sku=WT100
TERMA,WTD100A-150,2,authorized_supplier_price_list,/home/shebahati/KaZar/Product and Data Complete/اندازه گیری/ترما/لیست قیمت ترما +25درصد.pdf,,sku_column,16eef2bb037f47484ee99dc0fcaab7d873b12bcbd21f4f18b12ae5e0825ae4ed,source_id=terma.price_list;normalized_sku=WTD100A-150
TERMA,WTD100A-200,2,authorized_supplier_price_list,/home/shebahati/KaZar/Product and Data Complete/اندازه گیری/ترما/لیست قیمت ترما +25درصد.pdf,,sku_column,16eef2bb037f47484ee99dc0fcaab7d873b12bcbd21f4f18b12ae5e0825ae4ed,source_id=terma.price_list;normalized_sku=WTD100A-200
TERMA,WTD100A-300,2,authorized_supplier_price_list,/home/shebahati/KaZar/Product and Data Complete/اندازه گیری/ترما/لیست قیمت ترما +25درصد.pdf,,sku_column,16eef2bb037f47484ee99dc0fcaab7d873b12bcbd21f4f18b12ae5e0825ae4ed,source_id=terma.price_list;normalized_sku=WTD100A-300
TERMA,WTD100A-600,2,authorized_supplier_price_list,/home/shebahati/KaZar/Product and Data Complete/اندازه گیری/ترما/لیست قیمت ترما +25درصد.pdf,,sku_column,16eef2bb037f47484ee99dc0fcaab7d873b12bcbd21f4f18b12ae5e0825ae4ed,source_id=terma.price_list;normalized_sku=WTD100A-600
TERMA,WTD100B-200,2,authorized_supplier_price_list,/home/shebahati/KaZar/Product and Data Complete/اندازه گیری/ترما/لیست قیمت ترما +25درصد.pdf,,sku_column,16eef2bb037f47484ee99dc0fcaab7d873b12bcbd21f4f18b12ae5e0825ae4ed,source_id=terma.price_list;normalized_sku=WTD100B-200
TERMA,WTD100B-300,2,authorized_supplier_price_list,/home/shebahati/KaZar/Product and Data Complete/اندازه گیری/ترما/لیست قیمت ترما +25درصد.pdf,,sku_column,16eef2bb037f47484ee99dc0fcaab7d873b12bcbd21f4f18b12ae5e0825ae4ed,source_id=terma.price_list;normalized_sku=WTD100B-300
TERMA,WTD100C-150,2,authorized_supplier_price_list,/home/shebahati/KaZar/Product and Data Complete/اندازه گیری/ترما/لیست قیمت ترما +25درصد.pdf,,sku_column,16eef2bb037f47484ee99dc0fcaab7d873b12bcbd21f4f18b12ae5e0825ae4ed,source_id=terma.price_list;normalized_sku=WTD100C-150
TERMA,WTD100C-200,2,authorized_supplier_price_list,/home/shebahati/KaZar/Product and Data Complete/اندازه گیری/ترما/لیست قیمت ترما +25درصد.pdf,,sku_column,16eef2bb037f47484ee99dc0fcaab7d873b12bcbd21f4f18b12ae5e0825ae4ed,source_id=terma.price_list;normalized_sku=WTD100C-200
TERMA,WTD100C-300,2,authorized_supplier_price_list,/home/shebahati/KaZar/Product and Data Complete/اندازه گیری/ترما/لیست قیمت ترما +25درصد.pdf,,sku_column,16eef2bb037f47484ee99dc0fcaab7d873b12bcbd21f4f18b12ae5e0825ae4ed,source_id=terma.price_list;normalized_sku=WTD100C-300
TERMA,WTD100C-600,2,authorized_supplier_price_list,/home/shebahati/KaZar/Product and Data Complete/اندازه گیری/ترما/لیست قیمت ترما +25درصد.pdf,,sku_column,16eef2bb037f47484ee99dc0fcaab7d873b12bcbd21f4f18b12ae5e0825ae4ed,source_id=terma.price_list;normalized_sku=WTD100C-600
TERMA,WTP100,2,authorized_supplier_price_list,/home/shebahati/KaZar/Product and Data Complete/اندازه گیری/ترما/لیست قیمت ترما +25درصد.pdf,,sku_column,16eef2bb037f47484ee99dc0fcaab7d873b12bcbd21f4f18b12ae5e0825ae4ed,source_id=terma.price_list;normalized_sku=WTP100
TERMA,WWG100,2,authorized_supplier_price_list,/home/shebahati/KaZar/Product and Data Complete/اندازه گیری/ترما/لیست قیمت ترما +25درصد.pdf,,sku_column,16eef2bb037f47484ee99dc0fcaab7d873b12bcbd21f4f18b12ae5e0825ae4ed,source_id=terma.price_list;normalized_sku=WWG100
TERMA,WWG110,2,authorized_supplier_price_list,/home/shebahati/KaZar/Product and Data Complete/اندازه گیری/ترما/لیست قیمت ترما +25درصد.pdf,,sku_column,16eef2bb037f47484ee99dc0fcaab7d873b12bcbd21f4f18b12ae5e0825ae4ed,source_id=terma.price_list;normalized_sku=WWG110
TERMA,YDA100-300,2,authorized_supplier_price_list,/home/shebahati/KaZar/Product and Data Complete/اندازه گیری/ترما/لیست قیمت ترما +25درصد.pdf,,sku_column,16eef2bb037f47484ee99dc0fcaab7d873b12bcbd21f4f18b12ae5e0825ae4ed,source_id=terma.price_list;normalized_sku=YDA100-300
TERMA,YDA100A-150,2,authorized_supplier_price_list,/home/shebahati/KaZar/Product and Data Complete/اندازه گیری/ترما/لیست قیمت ترما +25درصد.pdf,,sku_column,16eef2bb037f47484ee99dc0fcaab7d873b12bcbd21f4f18b12ae5e0825ae4ed,source_id=terma.price_list;normalized_sku=YDA100A-150
TERMA,YDA100A-200,2,authorized_supplier_price_list,/home/shebahati/KaZar/Product and Data Complete/اندازه گیری/ترما/لیست قیمت ترما +25درصد.pdf,,sku_column,16eef2bb037f47484ee99dc0fcaab7d873b12bcbd21f4f18b12ae5e0825ae4ed,source_id=terma.price_list;normalized_sku=YDA100A-200
TERMA,YDA100A-300,2,authorized_supplier_price_list,/home/shebahati/KaZar/Product and Data Complete/اندازه گیری/ترما/لیست قیمت ترما +25درصد.pdf,,sku_column,16eef2bb037f47484ee99dc0fcaab7d873b12bcbd21f4f18b12ae5e0825ae4ed,source_id=terma.price_list;normalized_sku=YDA100A-300
TERMA,YDA100C-150,2,authorized_supplier_price_list,/home/shebahati/KaZar/Product and Data Complete/اندازه گیری/ترما/لیست قیمت ترما +25درصد.pdf,,sku_column,16eef2bb037f47484ee99dc0fcaab7d873b12bcbd21f4f18b12ae5e0825ae4ed,source_id=terma.price_list;normalized_sku=YDA100C-150
TERMA,YDA100C-200,2,authorized_supplier_price_list,/home/shebahati/KaZar/Product and Data Complete/اندازه گیری/ترما/لیست قیمت ترما +25درصد.pdf,,sku_column,16eef2bb037f47484ee99dc0fcaab7d873b12bcbd21f4f18b12ae5e0825ae4ed,source_id=terma.price_list;normalized_sku=YDA100C-200
TERMA,YDA100C-300,2,authorized_supplier_price_list,/home/shebahati/KaZar/Product and Data Complete/اندازه گیری/ترما/لیست قیمت ترما +25درصد.pdf,,sku_column,16eef2bb037f47484ee99dc0fcaab7d873b12bcbd21f4f18b12ae5e0825ae4ed,source_id=terma.price_list;normalized_sku=YDA100C-300
TERMA,YDA100E-150,2,authorized_supplier_price_list,/home/shebahati/KaZar/Product and Data Complete/اندازه گیری/ترما/لیست قیمت ترما +25درصد.pdf,,sku_column,16eef2bb037f47484ee99dc0fcaab7d873b12bcbd21f4f18b12ae5e0825ae4ed,source_id=terma.price_list;normalized_sku=YDA100E-150
TERMA,YDA100E-200,2,authorized_supplier_price_list,/home/shebahati/KaZar/Product and Data Complete/اندازه گیری/ترما/لیست قیمت ترما +25درصد.pdf,,sku_column,16eef2bb037f47484ee99dc0fcaab7d873b12bcbd21f4f18b12ae5e0825ae4ed,source_id=terma.price_list;normalized_sku=YDA100E-200
TERMA,YDA100E-300,2,authorized_supplier_price_list,/home/shebahati/KaZar/Product and Data Complete/اندازه گیری/ترما/لیست قیمت ترما +25درصد.pdf,,sku_column,16eef2bb037f47484ee99dc0fcaab7d873b12bcbd21f4f18b12ae5e0825ae4ed,source_id=terma.price_list;normalized_sku=YDA100E-300
TERMA,YDA100F-150,2,authorized_supplier_price_list,/home/shebahati/KaZar/Product and Data Complete/اندازه گیری/ترما/لیست قیمت ترما +25درصد.pdf,,sku_column,16eef2bb037f47484ee99dc0fcaab7d873b12bcbd21f4f18b12ae5e0825ae4ed,source_id=terma.price_list;normalized_sku=YDA100F-150
TERMA,YDA100F-200,2,authorized_supplier_price_list,/home/shebahati/KaZar/Product and Data Complete/اندازه گیری/ترما/لیست قیمت ترما +25درصد.pdf,,sku_column,16eef2bb037f47484ee99dc0fcaab7d873b12bcbd21f4f18b12ae5e0825ae4ed,source_id=terma.price_list;normalized_sku=YDA100F-200
TERMA,ZDA210-1000,2,authorized_supplier_price_list,/home/shebahati/KaZar/Product and Data Complete/اندازه گیری/ترما/لیست قیمت ترما +25درصد.pdf,,sku_column,16eef2bb037f47484ee99dc0fcaab7d873b12bcbd21f4f18b12ae5e0825ae4ed,source_id=terma.price_list;normalized_sku=ZDA210-1000
TERMA,ZDA210-300,2,authorized_supplier_price_list,/home/shebahati/KaZar/Product and Data Complete/اندازه گیری/ترما/لیست قیمت ترما +25درصد.pdf,,sku_column,16eef2bb037f47484ee99dc0fcaab7d873b12bcbd21f4f18b12ae5e0825ae4ed,source_id=terma.price_list;normalized_sku=ZDA210-300
TERMA,ZDA210-500,2,authorized_supplier_price_list,/home/shebahati/KaZar/Product and Data Complete/اندازه گیری/ترما/لیست قیمت ترما +25درصد.pdf,,sku_column,16eef2bb037f47484ee99dc0fcaab7d873b12bcbd21f4f18b12ae5e0825ae4ed,source_id=terma.price_list;normalized_sku=ZDA210-500
