product_id,brand,sku,current_base_price,proposed_base_price,price_delta,price_source_id,price_source_url,price_source_date,price_source_value,price_rule,unit,identity_match,matched_via,snapshot_sha256
1045,DASQUA,1012-0030,20565000.00,24890000,4325000.00,shopmill:42206,https://shopmilltools.com/product/sm-42206/dasqua-4-pcs-digital-combination-square-set-model-1012-0030/,2026-09-09T12:24:29Z,24890000,KARZAR_PRICE=CURRENT_SHOPMILL_CUSTOMER_PRICE,IRT_toman_major_unit0,EXACT_MATCH,EXACT_SKU,7dbeafd9ab421871425d0c1fd66ebbf13ef6188b5edfb9bab8d73ed2a8a64d0f
1047,DASQUA,1012-3010,9060000.00,10970000,1910000.00,shopmill:42212,https://shopmilltools.com/product/sm-42212/dasqua-centering-square-gauge-model-1012-3010/,2026-09-09T12:24:29Z,10970000,KARZAR_PRICE=CURRENT_SHOPMILL_CUSTOMER_PRICE,IRT_toman_major_unit0,EXACT_MATCH,EXACT_SKU,7dbeafd9ab421871425d0c1fd66ebbf13ef6188b5edfb9bab8d73ed2a8a64d0f
1048,DASQUA,1012-3015,11330000.00,13715000,2385000.00,shopmill:42220,https://shopmilltools.com/product/sm-42220/dasqua-centering-square-gauge-model-1012-3015/,2026-09-09T12:24:29Z,13715000,KARZAR_PRICE=CURRENT_SHOPMILL_CUSTOMER_PRICE,IRT_toman_major_unit0,EXACT_MATCH,EXACT_SKU,7dbeafd9ab421871425d0c1fd66ebbf13ef6188b5edfb9bab8d73ed2a8a64d0f
1049,DASQUA,1012-3020,16670000.00,20175000,3505000.00,shopmill:42227,https://shopmilltools.com/product/sm-42227/dasqua-centering-square-gauge-model-1012-3020/,2026-09-09T12:24:29Z,20175000,KARZAR_PRICE=CURRENT_SHOPMILL_CUSTOMER_PRICE,IRT_toman_major_unit0,EXACT_MATCH,EXACT_SKU,7dbeafd9ab421871425d0c1fd66ebbf13ef6188b5edfb9bab8d73ed2a8a64d0f
1051,DASQUA,1022-1010,8875000.00,10740000,1865000.00,shopmill:35202,https://shopmilltools.com/product/sm-35202/dasqua-industrial-digital-protractor-model-1022-1010/,2026-09-09T12:24:29Z,10740000,KARZAR_PRICE=CURRENT_SHOPMILL_CUSTOMER_PRICE,IRT_toman_major_unit0,EXACT_MATCH,EXACT_SKU,7dbeafd9ab421871425d0c1fd66ebbf13ef6188b5edfb9bab8d73ed2a8a64d0f
1052,DASQUA,1022-1015,10090000.00,12210000,2120000.00,shopmill:42233,https://shopmilltools.com/product/sm-42233/dasqua-industrial-digital-protractor-model-1022-1015/,2026-09-09T12:24:29Z,12210000,KARZAR_PRICE=CURRENT_SHOPMILL_CUSTOMER_PRICE,IRT_toman_major_unit0,EXACT_MATCH,EXACT_SKU,7dbeafd9ab421871425d0c1fd66ebbf13ef6188b5edfb9bab8d73ed2a8a64d0f
1053,DASQUA,1022-4200,3625000.00,4390000,765000.00,shopmill:43262,https://shopmilltools.com/product/sm-43262/dasqua-stainless-digital-protractor-model-1022-4200/,2026-09-09T12:24:29Z,4390000,KARZAR_PRICE=CURRENT_SHOPMILL_CUSTOMER_PRICE,IRT_toman_major_unit0,EXACT_MATCH,EXACT_SKU,7dbeafd9ab421871425d0c1fd66ebbf13ef6188b5edfb9bab8d73ed2a8a64d0f
1055,DASQUA,1030-2010,3510000.00,4255000,745000.00,shopmill:46277,https://shopmilltools.com/product/sm-46277/dasqua-digital-pocket-scale-model-1030-2010/,2026-09-09T12:24:29Z,4255000,KARZAR_PRICE=CURRENT_SHOPMILL_CUSTOMER_PRICE,IRT_toman_major_unit0,EXACT_MATCH,EXACT_SKU,7dbeafd9ab421871425d0c1fd66ebbf13ef6188b5edfb9bab8d73ed2a8a64d0f
1057,DASQUA,1030-2056,9245000.00,11190000,1945000.00,shopmill:46696,https://shopmilltools.com/product/sm-46696/dasqua-contact-digital-tachometer-model-1030-2056/,2026-09-09T12:24:29Z,11190000,KARZAR_PRICE=CURRENT_SHOPMILL_CUSTOMER_PRICE,IRT_toman_major_unit0,EXACT_MATCH,EXACT_SKU,7dbeafd9ab421871425d0c1fd66ebbf13ef6188b5edfb9bab8d73ed2a8a64d0f
1058,DASQUA,1030-2061,15230000.00,18429000,3199000.00,shopmill:35348,https://shopmilltools.com/product/sm-35348/dasqua-digital-sound-level-meter-model-1030-2061/,2026-09-09T12:24:29Z,18429000,KARZAR_PRICE=CURRENT_SHOPMILL_CUSTOMER_PRICE,IRT_toman_major_unit0,EXACT_MATCH,EXACT_SKU,7dbeafd9ab421871425d0c1fd66ebbf13ef6188b5edfb9bab8d73ed2a8a64d0f
1060,DASQUA,1031-2005,12560000.00,15198000,2638000.00,shopmill:34181,https://shopmilltools.com/product/sm-34181/dasqua-universal-protractor-model-1031-2005/,2026-09-09T12:24:29Z,15198000,KARZAR_PRICE=CURRENT_SHOPMILL_CUSTOMER_PRICE,IRT_toman_major_unit0,EXACT_MATCH,EXACT_SKU,7dbeafd9ab421871425d0c1fd66ebbf13ef6188b5edfb9bab8d73ed2a8a64d0f
1061,DASQUA,1031-2010,19750000.00,23898000,4148000.00,shopmill:34183,https://shopmilltools.com/product/sm-34183/dasqua-universal-dial-protractor-model-1031-2010/,2026-09-09T12:24:29Z,23898000,KARZAR_PRICE=CURRENT_SHOPMILL_CUSTOMER_PRICE,IRT_toman_major_unit0,EXACT_MATCH,EXACT_SKU,7dbeafd9ab421871425d0c1fd66ebbf13ef6188b5edfb9bab8d73ed2a8a64d0f
1062,DASQUA,1041-0005,2020000.00,2445000,425000.00,shopmill:34282,https://shopmilltools.com/product/sm-34282/dasqua-acme-screw-thread-gauge-model-1041-0005/,2026-09-09T12:24:29Z,2445000,KARZAR_PRICE=CURRENT_SHOPMILL_CUSTOMER_PRICE,IRT_toman_major_unit0,EXACT_MATCH,EXACT_SKU,7dbeafd9ab421871425d0c1fd66ebbf13ef6188b5edfb9bab8d73ed2a8a64d0f
1065,DASQUA,1041-2215,660000.00,805000,145000.00,shopmill:45285,https://shopmilltools.com/product/sm-45285/dasqua-angle-thread-cutting-gauge-model-1041-2215/,2026-09-09T12:24:29Z,805000,KARZAR_PRICE=CURRENT_SHOPMILL_CUSTOMER_PRICE,IRT_toman_major_unit0,EXACT_MATCH,EXACT_SKU,7dbeafd9ab421871425d0c1fd66ebbf13ef6188b5edfb9bab8d73ed2a8a64d0f
1066,DASQUA,1051-0005,7625000.00,9230000,1605000.00,shopmill:45192,https://shopmilltools.com/product/sm-45192/dasqua-taper-bore-gauge-model-1051-0005/,2026-09-09T12:24:29Z,9230000,KARZAR_PRICE=CURRENT_SHOPMILL_CUSTOMER_PRICE,IRT_toman_major_unit0,EXACT_MATCH,EXACT_SKU,7dbeafd9ab421871425d0c1fd66ebbf13ef6188b5edfb9bab8d73ed2a8a64d0f
1067,DASQUA,1051-0008,7420000.00,8985000,1565000.00,shopmill:45199,https://shopmilltools.com/product/sm-45199/dasqua-taper-bore-gauge-model-1051-0008/,2026-09-09T12:24:29Z,8985000,KARZAR_PRICE=CURRENT_SHOPMILL_CUSTOMER_PRICE,IRT_toman_major_unit0,EXACT_MATCH,EXACT_SKU,7dbeafd9ab421871425d0c1fd66ebbf13ef6188b5edfb9bab8d73ed2a8a64d0f
1070,DASQUA,1051-2010,10495000.00,12700000,2205000.00,shopmill:45183,https://shopmilltools.com/product/sm-45183/dasqua-taper-bore-gauge-model-1051-2010/,2026-09-09T12:24:29Z,12700000,KARZAR_PRICE=CURRENT_SHOPMILL_CUSTOMER_PRICE,IRT_toman_major_unit0,EXACT_MATCH,EXACT_SKU,7dbeafd9ab421871425d0c1fd66ebbf13ef6188b5edfb9bab8d73ed2a8a64d0f
1071,DASQUA,1120-3113,3875000.00,4690000,815000.00,shopmill:32179,https://shopmilltools.com/product/sm-32179/dasqua-mini-vernier-caliper-model-1120-3113/,2026-09-09T12:24:29Z,4690000,KARZAR_PRICE=CURRENT_SHOPMILL_CUSTOMER_PRICE,IRT_toman_major_unit0,EXACT_MATCH,EXACT_SKU,7dbeafd9ab421871425d0c1fd66ebbf13ef6188b5edfb9bab8d73ed2a8a64d0f
1073,DASQUA,1305-0002,40120000.00,48546000,8426000.00,shopmill:37173,https://shopmilltools.com/product/sm-37173/dasqua-monoblock-vernier-caliper-model-1305-0002/,2026-09-09T12:24:29Z,48546000,KARZAR_PRICE=CURRENT_SHOPMILL_CUSTOMER_PRICE,IRT_toman_major_unit0,EXACT_MATCH,EXACT_SKU,7dbeafd9ab421871425d0c1fd66ebbf13ef6188b5edfb9bab8d73ed2a8a64d0f
1075,DASQUA,1305-0010,53465000.00,64694000,11229000.00,shopmill:37121,https://shopmilltools.com/product/sm-37121/dasqua-monoblock-vernier-caliper-model-1305-0010/,2026-09-09T12:24:29Z,64694000,KARZAR_PRICE=CURRENT_SHOPMILL_CUSTOMER_PRICE,IRT_toman_major_unit0,EXACT_MATCH,EXACT_SKU,7dbeafd9ab421871425d0c1fd66ebbf13ef6188b5edfb9bab8d73ed2a8a64d0f
1076,DASQUA,1305-0025,19960000.00,24152000,4192000.00,shopmill:37088,https://shopmilltools.com/product/sm-37088/dasqua-monoblock-vernier-caliper-model-1305-0025/,2026-09-09T12:24:29Z,24152000,KARZAR_PRICE=CURRENT_SHOPMILL_CUSTOMER_PRICE,IRT_toman_major_unit0,EXACT_MATCH,EXACT_SKU,7dbeafd9ab421871425d0c1fd66ebbf13ef6188b5edfb9bab8d73ed2a8a64d0f
1077,DASQUA,1310-0004,10710000.00,12960000,2250000.00,shopmill:36845,https://shopmilltools.com/product/sm-36845/dasqua-monoblock-vernier-caliper-model-1310-0004/,2026-09-09T12:24:29Z,12960000,KARZAR_PRICE=CURRENT_SHOPMILL_CUSTOMER_PRICE,IRT_toman_major_unit0,EXACT_MATCH,EXACT_SKU,7dbeafd9ab421871425d0c1fd66ebbf13ef6188b5edfb9bab8d73ed2a8a64d0f
1078,DASQUA,1310-0005,18510000.00,22398000,3888000.00,shopmill:33041,https://shopmilltools.com/product/sm-33041/dasqua-monoblock-vernier-caliper-model-1310-0005-2/,2026-09-09T12:24:29Z,22398000,KARZAR_PRICE=CURRENT_SHOPMILL_CUSTOMER_PRICE,IRT_toman_major_unit0,EXACT_MATCH,EXACT_SKU,7dbeafd9ab421871425d0c1fd66ebbf13ef6188b5edfb9bab8d73ed2a8a64d0f
1080,DASQUA,1310-0007,39485000.00,47778000,8293000.00,shopmill:36865,https://shopmilltools.com/product/sm-36865/dasqua-monoblock-vernier-caliper-model-1310-0007/,2026-09-09T12:24:29Z,47778000,KARZAR_PRICE=CURRENT_SHOPMILL_CUSTOMER_PRICE,IRT_toman_major_unit0,EXACT_MATCH,EXACT_SKU,7dbeafd9ab421871425d0c1fd66ebbf13ef6188b5edfb9bab8d73ed2a8a64d0f
1081,DASQUA,1310-0008,84295000.00,101998000,17703000.00,shopmill:36869,https://shopmilltools.com/product/sm-36869/dasqua-monoblock-vernier-caliper-model-1310-0008/,2026-09-09T12:24:29Z,101998000,KARZAR_PRICE=CURRENT_SHOPMILL_CUSTOMER_PRICE,IRT_toman_major_unit0,EXACT_MATCH,EXACT_SKU,7dbeafd9ab421871425d0c1fd66ebbf13ef6188b5edfb9bab8d73ed2a8a64d0f
1082,DASQUA,1310-0009,98685000.00,119410000,20725000.00,shopmill:36874,https://shopmilltools.com/product/sm-36874/dasqua-monoblock-vernier-caliper-model-1310-0009/,2026-09-09T12:24:29Z,119410000,KARZAR_PRICE=CURRENT_SHOPMILL_CUSTOMER_PRICE,IRT_toman_major_unit0,EXACT_MATCH,EXACT_SKU,7dbeafd9ab421871425d0c1fd66ebbf13ef6188b5edfb9bab8d73ed2a8a64d0f
1083,DASQUA,1310-0010,20565000.00,24885000,4320000.00,shopmill:36879,https://shopmilltools.com/product/sm-36879/dasqua-monoblock-vernier-caliper-model-1310-0010/,2026-09-09T12:24:29Z,24885000,KARZAR_PRICE=CURRENT_SHOPMILL_CUSTOMER_PRICE,IRT_toman_major_unit0,EXACT_MATCH,EXACT_SKU,7dbeafd9ab421871425d0c1fd66ebbf13ef6188b5edfb9bab8d73ed2a8a64d0f
1084,DASQUA,1310-0011,38450000.00,46525000,8075000.00,shopmill:36898,https://shopmilltools.com/product/sm-36898/dasqua-monoblock-vernier-caliper-model-1310-0011/,2026-09-09T12:24:29Z,46525000,KARZAR_PRICE=CURRENT_SHOPMILL_CUSTOMER_PRICE,IRT_toman_major_unit0,EXACT_MATCH,EXACT_SKU,7dbeafd9ab421871425d0c1fd66ebbf13ef6188b5edfb9bab8d73ed2a8a64d0f
1086,DASQUA,1310-0015,55525000.00,67186000,11661000.00,shopmill:37016,https://shopmilltools.com/product/sm-37016/dasqua-monoblock-vernier-caliper-model-1310-0015/,2026-09-09T12:24:29Z,67186000,KARZAR_PRICE=CURRENT_SHOPMILL_CUSTOMER_PRICE,IRT_toman_major_unit0,EXACT_MATCH,EXACT_SKU,7dbeafd9ab421871425d0c1fd66ebbf13ef6188b5edfb9bab8d73ed2a8a64d0f
1087,DASQUA,1310-0016,96620000.00,116911000,20291000.00,shopmill:37051,https://shopmilltools.com/product/sm-37051/dasqua-monoblock-vernier-caliper-model-1310-0016/,2026-09-09T12:24:29Z,116911000,KARZAR_PRICE=CURRENT_SHOPMILL_CUSTOMER_PRICE,IRT_toman_major_unit0,EXACT_MATCH,EXACT_SKU,7dbeafd9ab421871425d0c1fd66ebbf13ef6188b5edfb9bab8d73ed2a8a64d0f
1088,DASQUA,1310-0017,139800000.00,169158000,29358000.00,shopmill:37063,https://shopmilltools.com/product/sm-37063/dasqua-monoblock-vernier-caliper-model-1310-0017/,2026-09-09T12:24:29Z,169158000,KARZAR_PRICE=CURRENT_SHOPMILL_CUSTOMER_PRICE,IRT_toman_major_unit0,EXACT_MATCH,EXACT_SKU,7dbeafd9ab421871425d0c1fd66ebbf13ef6188b5edfb9bab8d73ed2a8a64d0f
1090,DASQUA,1310-0025,203500000.00,246235000,42735000.00,shopmill:37074,https://shopmilltools.com/product/sm-37074/dasqua-monoblock-vernier-caliper-model-1310-0025/,2026-09-09T12:24:29Z,246235000,KARZAR_PRICE=CURRENT_SHOPMILL_CUSTOMER_PRICE,IRT_toman_major_unit0,EXACT_MATCH,EXACT_SKU,7dbeafd9ab421871425d0c1fd66ebbf13ef6188b5edfb9bab8d73ed2a8a64d0f
1092,DASQUA,1310-0031,27155000.00,32859000,5704000.00,shopmill:36855,https://shopmilltools.com/product/sm-36855/dasqua-monoblock-vernier-caliper-model-1310-0031/,2026-09-09T12:24:29Z,32859000,KARZAR_PRICE=CURRENT_SHOPMILL_CUSTOMER_PRICE,IRT_toman_major_unit0,EXACT_MATCH,EXACT_SKU,7dbeafd9ab421871425d0c1fd66ebbf13ef6188b5edfb9bab8d73ed2a8a64d0f
1093,DASQUA,1310-0041,88410000.00,106977000,18567000.00,shopmill:36924,https://shopmilltools.com/product/sm-36924/dasqua-monoblock-vernier-caliper-model-1310-0041/,2026-09-09T12:24:29Z,106977000,KARZAR_PRICE=CURRENT_SHOPMILL_CUSTOMER_PRICE,IRT_toman_major_unit0,EXACT_MATCH,EXACT_SKU,7dbeafd9ab421871425d0c1fd66ebbf13ef6188b5edfb9bab8d73ed2a8a64d0f
1094,DASQUA,1310-0042,106905000.00,129356000,22451000.00,shopmill:36928,https://shopmilltools.com/product/sm-36928/dasqua-monoblock-vernier-caliper-model-1310-0042/,2026-09-09T12:24:29Z,129356000,KARZAR_PRICE=CURRENT_SHOPMILL_CUSTOMER_PRICE,IRT_toman_major_unit0,EXACT_MATCH,EXACT_SKU,7dbeafd9ab421871425d0c1fd66ebbf13ef6188b5edfb9bab8d73ed2a8a64d0f
1095,DASQUA,1310-0043,88410000.00,106977000,18567000.00,shopmill:36945,https://shopmilltools.com/product/sm-36945/dasqua-monoblock-vernier-caliper-model-1310-0043/,2026-09-09T12:24:29Z,106977000,KARZAR_PRICE=CURRENT_SHOPMILL_CUSTOMER_PRICE,IRT_toman_major_unit0,EXACT_MATCH,EXACT_SKU,7dbeafd9ab421871425d0c1fd66ebbf13ef6188b5edfb9bab8d73ed2a8a64d0f
1098,DASQUA,1310-0060,65800000.00,79618000,13818000.00,shopmill:37024,https://shopmilltools.com/product/sm-37024/dasqua-monoblock-vernier-caliper-model-1310-0060/,2026-09-09T12:24:29Z,79618000,KARZAR_PRICE=CURRENT_SHOPMILL_CUSTOMER_PRICE,IRT_toman_major_unit0,EXACT_MATCH,EXACT_SKU,7dbeafd9ab421871425d0c1fd66ebbf13ef6188b5edfb9bab8d73ed2a8a64d0f
1099,DASQUA,1310-0090,78125000.00,94532000,16407000.00,shopmill:36934,https://shopmilltools.com/product/sm-36934/dasqua-monoblock-vernier-caliper-model-1310-0090/,2026-09-09T12:24:29Z,94532000,KARZAR_PRICE=CURRENT_SHOPMILL_CUSTOMER_PRICE,IRT_toman_major_unit0,EXACT_MATCH,EXACT_SKU,7dbeafd9ab421871425d0c1fd66ebbf13ef6188b5edfb9bab8d73ed2a8a64d0f
1100,DASQUA,1310-0095,102180000.00,123638000,21458000.00,shopmill:36952,https://shopmilltools.com/product/sm-36952/dasqua-monoblock-vernier-caliper-model-1310-0095/,2026-09-09T12:24:29Z,123638000,KARZAR_PRICE=CURRENT_SHOPMILL_CUSTOMER_PRICE,IRT_toman_major_unit0,EXACT_MATCH,EXACT_SKU,7dbeafd9ab421871425d0c1fd66ebbf13ef6188b5edfb9bab8d73ed2a8a64d0f
1102,DASQUA,1331-2115,6475000.00,7836000,1361000.00,shopmill:32221,https://shopmilltools.com/product/sm-32221/dasqua-dial-caliper-model-1331-2115/,2026-09-09T12:24:29Z,7836000,KARZAR_PRICE=CURRENT_SHOPMILL_CUSTOMER_PRICE,IRT_toman_major_unit0,EXACT_MATCH,EXACT_SKU,7dbeafd9ab421871425d0c1fd66ebbf13ef6188b5edfb9bab8d73ed2a8a64d0f
1103,DASQUA,1331-2120,8450000.00,10225000,1775000.00,shopmill:32284,https://shopmilltools.com/product/sm-32284/dasqua-dial-caliper-model-1331-2120/,2026-09-09T12:24:29Z,10225000,KARZAR_PRICE=CURRENT_SHOPMILL_CUSTOMER_PRICE,IRT_toman_major_unit0,EXACT_MATCH,EXACT_SKU,7dbeafd9ab421871425d0c1fd66ebbf13ef6188b5edfb9bab8d73ed2a8a64d0f
1104,DASQUA,1331-2130,12350000.00,14944000,2594000.00,shopmill:32298,https://shopmilltools.com/product/sm-32298/dasqua-dial-caliper-model-1331-2130/,2026-09-09T12:24:29Z,14944000,KARZAR_PRICE=CURRENT_SHOPMILL_CUSTOMER_PRICE,IRT_toman_major_unit0,EXACT_MATCH,EXACT_SKU,7dbeafd9ab421871425d0c1fd66ebbf13ef6188b5edfb9bab8d73ed2a8a64d0f
1105,DASQUA,1350-5005,7010000.00,8483000,1473000.00,shopmill:32318,https://shopmilltools.com/product/sm-32318/dasqua-dial-caliper-model-1350-5005/,2026-09-09T12:24:29Z,8483000,KARZAR_PRICE=CURRENT_SHOPMILL_CUSTOMER_PRICE,IRT_toman_major_unit0,EXACT_MATCH,EXACT_SKU,7dbeafd9ab421871425d0c1fd66ebbf13ef6188b5edfb9bab8d73ed2a8a64d0f
1108,DASQUA,1351-0005,1565000.00,1895000,330000.00,shopmill:34293,https://shopmilltools.com/product/sm-34293/dasqua-radius-gauge-model-1351-0005/,2026-09-09T12:24:29Z,1895000,KARZAR_PRICE=CURRENT_SHOPMILL_CUSTOMER_PRICE,IRT_toman_major_unit0,EXACT_MATCH,EXACT_SKU,7dbeafd9ab421871425d0c1fd66ebbf13ef6188b5edfb9bab8d73ed2a8a64d0f
1109,DASQUA,1351-0010,1565000.00,1900000,335000.00,shopmill:45226,https://shopmilltools.com/product/sm-45226/dasqua-radius-gauge-model-1351-0010/,2026-09-09T12:24:29Z,1900000,KARZAR_PRICE=CURRENT_SHOPMILL_CUSTOMER_PRICE,IRT_toman_major_unit0,EXACT_MATCH,EXACT_SKU,7dbeafd9ab421871425d0c1fd66ebbf13ef6188b5edfb9bab8d73ed2a8a64d0f
1110,DASQUA,1351-0015,1565000.00,1900000,335000.00,shopmill:45235,https://shopmilltools.com/product/sm-45235/dasqua-radius-gauge-model-1351-0015/,2026-09-09T12:24:29Z,1900000,KARZAR_PRICE=CURRENT_SHOPMILL_CUSTOMER_PRICE,IRT_toman_major_unit0,EXACT_MATCH,EXACT_SKU,7dbeafd9ab421871425d0c1fd66ebbf13ef6188b5edfb9bab8d73ed2a8a64d0f
1112,DASQUA,1380-3004,3660000.00,4429000,769000.00,shopmill:32252,https://shopmilltools.com/product/sm-32252/dasqua-mini-vernier-caliper-model-1380-3004/,2026-09-09T12:24:29Z,4429000,KARZAR_PRICE=CURRENT_SHOPMILL_CUSTOMER_PRICE,IRT_toman_major_unit0,EXACT_MATCH,EXACT_SKU,7dbeafd9ab421871425d0c1fd66ebbf13ef6188b5edfb9bab8d73ed2a8a64d0f
1113,DASQUA,1380-3005,3900000.00,4719000,819000.00,shopmill:32262,https://shopmilltools.com/product/sm-32262/dasqua-mono-block-vernier-caliper-model-1380-3005/,2026-09-09T12:24:29Z,4719000,KARZAR_PRICE=CURRENT_SHOPMILL_CUSTOMER_PRICE,IRT_toman_major_unit0,EXACT_MATCH,EXACT_SKU,7dbeafd9ab421871425d0c1fd66ebbf13ef6188b5edfb9bab8d73ed2a8a64d0f
1114,DASQUA,1380-3010,6160000.00,7454000,1294000.00,shopmill:32274,https://shopmilltools.com/product/sm-32274/dasqua-mono-block-vernier-caliper-model-1380-3010/,2026-09-09T12:24:29Z,7454000,KARZAR_PRICE=CURRENT_SHOPMILL_CUSTOMER_PRICE,IRT_toman_major_unit0,EXACT_MATCH,EXACT_SKU,7dbeafd9ab421871425d0c1fd66ebbf13ef6188b5edfb9bab8d73ed2a8a64d0f
1115,DASQUA,1380-3015,10485000.00,12688000,2203000.00,shopmill:32281,https://shopmilltools.com/product/sm-32281/dasqua-mono-block-vernier-caliper-model-1380-3015/,2026-09-09T12:24:29Z,12688000,KARZAR_PRICE=CURRENT_SHOPMILL_CUSTOMER_PRICE,IRT_toman_major_unit0,EXACT_MATCH,EXACT_SKU,7dbeafd9ab421871425d0c1fd66ebbf13ef6188b5edfb9bab8d73ed2a8a64d0f
1116,DASQUA,1500-1052,1750000.00,2120000,370000.00,shopmill:45220,https://shopmilltools.com/product/sm-45220/dasqua-gauge-set-model-1500-1052/,2026-09-09T12:24:29Z,2120000,KARZAR_PRICE=CURRENT_SHOPMILL_CUSTOMER_PRICE,IRT_toman_major_unit0,EXACT_MATCH,EXACT_SKU,7dbeafd9ab421871425d0c1fd66ebbf13ef6188b5edfb9bab8d73ed2a8a64d0f
1117,DASQUA,1704-0005,17285000.00,20920000,3635000.00,shopmill:46053,https://shopmilltools.com/product/sm-46053/dasqua-circumference-gauge-model-1704-0005-a/,2026-09-09T12:24:29Z,20920000,KARZAR_PRICE=CURRENT_SHOPMILL_CUSTOMER_PRICE,IRT_toman_major_unit0,EXACT_MATCH,EXACT_NORMALIZED_SKU:dasqua_trailing_A,7dbeafd9ab421871425d0c1fd66ebbf13ef6188b5edfb9bab8d73ed2a8a64d0f
1118,DASQUA,1732-0035,1035000.00,1255000,220000.00,shopmill:45164,https://shopmilltools.com/product/sm-45164/dasqua-feeler-gauge-model-1732-0035/,2026-09-09T12:24:29Z,1255000,KARZAR_PRICE=CURRENT_SHOPMILL_CUSTOMER_PRICE,IRT_toman_major_unit0,EXACT_MATCH,EXACT_SKU,7dbeafd9ab421871425d0c1fd66ebbf13ef6188b5edfb9bab8d73ed2a8a64d0f
1120,DASQUA,1801-2005,4070000.00,4930000,860000.00,shopmill:42241,https://shopmilltools.com/product/sm-42241/dasqua-digital-sliding-t-bevel-gauge-digital-protractor-in-one-model-1801-2005/,2026-09-09T12:24:29Z,4930000,KARZAR_PRICE=CURRENT_SHOPMILL_CUSTOMER_PRICE,IRT_toman_major_unit0,EXACT_MATCH,EXACT_SKU,7dbeafd9ab421871425d0c1fd66ebbf13ef6188b5edfb9bab8d73ed2a8a64d0f
1121,DASQUA,1803-2110,4955000.00,5995000,1040000.00,shopmill:43481,https://shopmilltools.com/product/sm-43481/dasqua-feeler-gauge-shim-roll-model-1803-2110/,2026-09-09T12:24:29Z,5995000,KARZAR_PRICE=CURRENT_SHOPMILL_CUSTOMER_PRICE,IRT_toman_major_unit0,EXACT_MATCH,EXACT_SKU,7dbeafd9ab421871425d0c1fd66ebbf13ef6188b5edfb9bab8d73ed2a8a64d0f
1122,DASQUA,1803-4111,2245000.00,2720000,475000.00,shopmill:43486,https://shopmilltools.com/product/sm-43486/dasqua-feeler-gauge-shim-roll-model-1803-4111/,2026-09-09T12:24:29Z,2720000,KARZAR_PRICE=CURRENT_SHOPMILL_CUSTOMER_PRICE,IRT_toman_major_unit0,EXACT_MATCH,EXACT_SKU,7dbeafd9ab421871425d0c1fd66ebbf13ef6188b5edfb9bab8d73ed2a8a64d0f
1123,DASQUA,1803-4112,1775000.00,2150000,375000.00,shopmill:43491,https://shopmilltools.com/product/sm-43491/dasqua-feeler-gauge-shim-roll-model-1803-4112/,2026-09-09T12:24:29Z,2150000,KARZAR_PRICE=CURRENT_SHOPMILL_CUSTOMER_PRICE,IRT_toman_major_unit0,EXACT_MATCH,EXACT_SKU,7dbeafd9ab421871425d0c1fd66ebbf13ef6188b5edfb9bab8d73ed2a8a64d0f
1124,DASQUA,1803-4113,1775000.00,2150000,375000.00,shopmill:43498,https://shopmilltools.com/product/sm-43498/dasqua-feeler-gauge-shim-roll-model-1803-4113/,2026-09-09T12:24:29Z,2150000,KARZAR_PRICE=CURRENT_SHOPMILL_CUSTOMER_PRICE,IRT_toman_major_unit0,EXACT_MATCH,EXACT_SKU,7dbeafd9ab421871425d0c1fd66ebbf13ef6188b5edfb9bab8d73ed2a8a64d0f
1125,DASQUA,1803-4114,1290000.00,1565000,275000.00,shopmill:43503,https://shopmilltools.com/product/sm-43503/dasqua-feeler-gauge-shim-roll-model-1803-4114/,2026-09-09T12:24:29Z,1565000,KARZAR_PRICE=CURRENT_SHOPMILL_CUSTOMER_PRICE,IRT_toman_major_unit0,EXACT_MATCH,EXACT_SKU,7dbeafd9ab421871425d0c1fd66ebbf13ef6188b5edfb9bab8d73ed2a8a64d0f
1126,DASQUA,1803-4115,1290000.00,1565000,275000.00,shopmill:43513,https://shopmilltools.com/product/sm-43513/dasqua-feeler-gauge-shim-roll-model-1803-4115/,2026-09-09T12:24:29Z,1565000,KARZAR_PRICE=CURRENT_SHOPMILL_CUSTOMER_PRICE,IRT_toman_major_unit0,EXACT_MATCH,EXACT_SKU,7dbeafd9ab421871425d0c1fd66ebbf13ef6188b5edfb9bab8d73ed2a8a64d0f
1127,DASQUA,1803-4116,1290000.00,1565000,275000.00,shopmill:43518,https://shopmilltools.com/product/sm-43518/dasqua-feeler-gauge-shim-roll-model-1803-4116/,2026-09-09T12:24:29Z,1565000,KARZAR_PRICE=CURRENT_SHOPMILL_CUSTOMER_PRICE,IRT_toman_major_unit0,EXACT_MATCH,EXACT_SKU,7dbeafd9ab421871425d0c1fd66ebbf13ef6188b5edfb9bab8d73ed2a8a64d0f
1128,DASQUA,1803-4117,1290000.00,1565000,275000.00,shopmill:43524,https://shopmilltools.com/product/sm-43524/dasqua-feeler-gauge-shim-roll-model-1803-4117/,2026-09-09T12:24:29Z,1565000,KARZAR_PRICE=CURRENT_SHOPMILL_CUSTOMER_PRICE,IRT_toman_major_unit0,EXACT_MATCH,EXACT_SKU,7dbeafd9ab421871425d0c1fd66ebbf13ef6188b5edfb9bab8d73ed2a8a64d0f
1129,DASQUA,1803-4118,1290000.00,1565000,275000.00,shopmill:43530,https://shopmilltools.com/product/sm-43530/dasqua-feeler-gauge-shim-roll-model-1803-4118/,2026-09-09T12:24:29Z,1565000,KARZAR_PRICE=CURRENT_SHOPMILL_CUSTOMER_PRICE,IRT_toman_major_unit0,EXACT_MATCH,EXACT_SKU,7dbeafd9ab421871425d0c1fd66ebbf13ef6188b5edfb9bab8d73ed2a8a64d0f
1130,DASQUA,1803-4119,1290000.00,1565000,275000.00,shopmill:43535,https://shopmilltools.com/product/sm-43535/dasqua-feeler-gauge-shim-roll-model-1803-4119/,2026-09-09T12:24:29Z,1565000,KARZAR_PRICE=CURRENT_SHOPMILL_CUSTOMER_PRICE,IRT_toman_major_unit0,EXACT_MATCH,EXACT_SKU,7dbeafd9ab421871425d0c1fd66ebbf13ef6188b5edfb9bab8d73ed2a8a64d0f
1131,DASQUA,1803-4120,1290000.00,1565000,275000.00,shopmill:43540,https://shopmilltools.com/product/sm-43540/dasqua-feeler-gauge-shim-roll-model-1803-4120/,2026-09-09T12:24:29Z,1565000,KARZAR_PRICE=CURRENT_SHOPMILL_CUSTOMER_PRICE,IRT_toman_major_unit0,EXACT_MATCH,EXACT_SKU,7dbeafd9ab421871425d0c1fd66ebbf13ef6188b5edfb9bab8d73ed2a8a64d0f
1132,DASQUA,1803-4121,1290000.00,1565000,275000.00,shopmill:43545,https://shopmilltools.com/product/sm-43545/dasqua-feeler-gauge-shim-roll-model-1803-4121/,2026-09-09T12:24:29Z,1565000,KARZAR_PRICE=CURRENT_SHOPMILL_CUSTOMER_PRICE,IRT_toman_major_unit0,EXACT_MATCH,EXACT_SKU,7dbeafd9ab421871425d0c1fd66ebbf13ef6188b5edfb9bab8d73ed2a8a64d0f
1133,DASQUA,1803-4122,1290000.00,1565000,275000.00,shopmill:43550,https://shopmilltools.com/product/sm-43550/dasqua-feeler-gauge-shim-roll-model-1803-4122/,2026-09-09T12:24:29Z,1565000,KARZAR_PRICE=CURRENT_SHOPMILL_CUSTOMER_PRICE,IRT_toman_major_unit0,EXACT_MATCH,EXACT_SKU,7dbeafd9ab421871425d0c1fd66ebbf13ef6188b5edfb9bab8d73ed2a8a64d0f
1134,DASQUA,1803-4123,1970000.00,2390000,420000.00,shopmill:43556,https://shopmilltools.com/product/sm-43556/dasqua-feeler-gauge-shim-roll-model-1803-4123/,2026-09-09T12:24:29Z,2390000,KARZAR_PRICE=CURRENT_SHOPMILL_CUSTOMER_PRICE,IRT_toman_major_unit0,EXACT_MATCH,EXACT_SKU,7dbeafd9ab421871425d0c1fd66ebbf13ef6188b5edfb9bab8d73ed2a8a64d0f
1135,DASQUA,1803-4124,2075000.00,2515000,440000.00,shopmill:43562,https://shopmilltools.com/product/sm-43562/dasqua-feeler-gauge-shim-roll-model-1803-4124/,2026-09-09T12:24:29Z,2515000,KARZAR_PRICE=CURRENT_SHOPMILL_CUSTOMER_PRICE,IRT_toman_major_unit0,EXACT_MATCH,EXACT_SKU,7dbeafd9ab421871425d0c1fd66ebbf13ef6188b5edfb9bab8d73ed2a8a64d0f
1136,DASQUA,1803-4125,2180000.00,2640000,460000.00,shopmill:43568,https://shopmilltools.com/product/sm-43568/dasqua-feeler-gauge-shim-roll-model-1803-4125/,2026-09-09T12:24:29Z,2640000,KARZAR_PRICE=CURRENT_SHOPMILL_CUSTOMER_PRICE,IRT_toman_major_unit0,EXACT_MATCH,EXACT_SKU,7dbeafd9ab421871425d0c1fd66ebbf13ef6188b5edfb9bab8d73ed2a8a64d0f
1137,DASQUA,1803-4126,2180000.00,2640000,460000.00,shopmill:43574,https://shopmilltools.com/product/sm-43574/dasqua-feeler-gauge-shim-roll-model-1803-4126/,2026-09-09T12:24:29Z,2640000,KARZAR_PRICE=CURRENT_SHOPMILL_CUSTOMER_PRICE,IRT_toman_major_unit0,EXACT_MATCH,EXACT_SKU,7dbeafd9ab421871425d0c1fd66ebbf13ef6188b5edfb9bab8d73ed2a8a64d0f
1138,DASQUA,1803-4127,2180000.00,2640000,460000.00,shopmill:43581,https://shopmilltools.com/product/sm-43581/dasqua-feeler-gauge-shim-roll-model-1803-4127/,2026-09-09T12:24:29Z,2640000,KARZAR_PRICE=CURRENT_SHOPMILL_CUSTOMER_PRICE,IRT_toman_major_unit0,EXACT_MATCH,EXACT_SKU,7dbeafd9ab421871425d0c1fd66ebbf13ef6188b5edfb9bab8d73ed2a8a64d0f
1139,DASQUA,1803-4128,2440000.00,2955000,515000.00,shopmill:43586,https://shopmilltools.com/product/sm-43586/dasqua-feeler-gauge-shim-roll-model-1803-4128/,2026-09-09T12:24:29Z,2955000,KARZAR_PRICE=CURRENT_SHOPMILL_CUSTOMER_PRICE,IRT_toman_major_unit0,EXACT_MATCH,EXACT_SKU,7dbeafd9ab421871425d0c1fd66ebbf13ef6188b5edfb9bab8d73ed2a8a64d0f
1140,DASQUA,1803-4129,2440000.00,2955000,515000.00,shopmill:43591,https://shopmilltools.com/product/sm-43591/dasqua-feeler-gauge-shim-roll-model-1803-4129/,2026-09-09T12:24:29Z,2955000,KARZAR_PRICE=CURRENT_SHOPMILL_CUSTOMER_PRICE,IRT_toman_major_unit0,EXACT_MATCH,EXACT_SKU,7dbeafd9ab421871425d0c1fd66ebbf13ef6188b5edfb9bab8d73ed2a8a64d0f
1141,DASQUA,1803-4130,2490000.00,3015000,525000.00,shopmill:43596,https://shopmilltools.com/product/sm-43596/dasqua-feeler-gauge-shim-roll-model-1803-4130/,2026-09-09T12:24:29Z,3015000,KARZAR_PRICE=CURRENT_SHOPMILL_CUSTOMER_PRICE,IRT_toman_major_unit0,EXACT_MATCH,EXACT_SKU,7dbeafd9ab421871425d0c1fd66ebbf13ef6188b5edfb9bab8d73ed2a8a64d0f
1142,DASQUA,1803-4131,2490000.00,3015000,525000.00,shopmill:43600,https://shopmilltools.com/product/sm-43600/dasqua-feeler-gauge-shim-roll-model-1803-4131/,2026-09-09T12:24:29Z,3015000,KARZAR_PRICE=CURRENT_SHOPMILL_CUSTOMER_PRICE,IRT_toman_major_unit0,EXACT_MATCH,EXACT_SKU,7dbeafd9ab421871425d0c1fd66ebbf13ef6188b5edfb9bab8d73ed2a8a64d0f
1143,DASQUA,1803-4132,2490000.00,3015000,525000.00,shopmill:43607,https://shopmilltools.com/product/sm-43607/dasqua-feeler-gauge-shim-roll-model-1803-4132/,2026-09-09T12:24:29Z,3015000,KARZAR_PRICE=CURRENT_SHOPMILL_CUSTOMER_PRICE,IRT_toman_major_unit0,EXACT_MATCH,EXACT_SKU,7dbeafd9ab421871425d0c1fd66ebbf13ef6188b5edfb9bab8d73ed2a8a64d0f
1147,DASQUA,1804-1007,84295000.00,102000000,17705000.00,shopmill:45409,https://shopmilltools.com/product/sm-45409/dasqua-digital-shore-durometer-model-1804-1007/,2026-09-09T12:24:29Z,102000000,KARZAR_PRICE=CURRENT_SHOPMILL_CUSTOMER_PRICE,IRT_toman_major_unit0,EXACT_MATCH,EXACT_SKU,7dbeafd9ab421871425d0c1fd66ebbf13ef6188b5edfb9bab8d73ed2a8a64d0f
1149,DASQUA,1804-1015,9890000.00,11970000,2080000.00,shopmill:42175,https://shopmilltools.com/product/sm-42175/dasqua-internal-digital-caliper-gauge-model-1804-1015/,2026-09-09T12:24:29Z,11970000,KARZAR_PRICE=CURRENT_SHOPMILL_CUSTOMER_PRICE,IRT_toman_major_unit0,EXACT_MATCH,EXACT_SKU,7dbeafd9ab421871425d0c1fd66ebbf13ef6188b5edfb9bab8d73ed2a8a64d0f
1151,DASQUA,1804-1025,10205000.00,12350000,2145000.00,shopmill:42183,https://shopmilltools.com/product/sm-42183/dasqua-external-digital-caliper-gauge-model-1804-1025/,2026-09-09T12:24:29Z,12350000,KARZAR_PRICE=CURRENT_SHOPMILL_CUSTOMER_PRICE,IRT_toman_major_unit0,EXACT_MATCH,EXACT_SKU,7dbeafd9ab421871425d0c1fd66ebbf13ef6188b5edfb9bab8d73ed2a8a64d0f
1154,DASQUA,1804-1065,4120000.00,4986000,866000.00,shopmill:32227,https://shopmilltools.com/product/sm-32227/dasqua-digital-caliper-model-1804-1065/,2026-09-09T12:24:29Z,4986000,KARZAR_PRICE=CURRENT_SHOPMILL_CUSTOMER_PRICE,IRT_toman_major_unit0,EXACT_MATCH,EXACT_SKU,7dbeafd9ab421871425d0c1fd66ebbf13ef6188b5edfb9bab8d73ed2a8a64d0f
1155,DASQUA,1804-1070,6285000.00,7606000,1321000.00,shopmill:32375,https://shopmilltools.com/product/sm-32375/dasqua-digital-caliper-model-1804-1070/,2026-09-09T12:24:29Z,7606000,KARZAR_PRICE=CURRENT_SHOPMILL_CUSTOMER_PRICE,IRT_toman_major_unit0,EXACT_MATCH,EXACT_SKU,7dbeafd9ab421871425d0c1fd66ebbf13ef6188b5edfb9bab8d73ed2a8a64d0f
1156,DASQUA,1804-1075,11535000.00,13958000,2423000.00,shopmill:32391,https://shopmilltools.com/product/sm-32391/dasqua-digital-caliper-model-1804-1075/,2026-09-09T12:24:29Z,13958000,KARZAR_PRICE=CURRENT_SHOPMILL_CUSTOMER_PRICE,IRT_toman_major_unit0,EXACT_MATCH,EXACT_SKU,7dbeafd9ab421871425d0c1fd66ebbf13ef6188b5edfb9bab8d73ed2a8a64d0f
1157,DASQUA,1804-1090,13490000.00,16323000,2833000.00,shopmill:34335,https://shopmilltools.com/product/sm-34335/dasqua-shore-durometer-model-1804-1090/,2026-09-09T12:24:29Z,16323000,KARZAR_PRICE=CURRENT_SHOPMILL_CUSTOMER_PRICE,IRT_toman_major_unit0,EXACT_MATCH,EXACT_SKU,7dbeafd9ab421871425d0c1fd66ebbf13ef6188b5edfb9bab8d73ed2a8a64d0f
1158,DASQUA,1804-1095,18940000.00,22918000,3978000.00,shopmill:34368,https://shopmilltools.com/product/sm-34368/dasqua-shore-durometer-model-1804-1095/,2026-09-09T12:24:29Z,22918000,KARZAR_PRICE=CURRENT_SHOPMILL_CUSTOMER_PRICE,IRT_toman_major_unit0,EXACT_MATCH,EXACT_SKU,7dbeafd9ab421871425d0c1fd66ebbf13ef6188b5edfb9bab8d73ed2a8a64d0f
1159,DASQUA,1804-1100,21600000.00,26136000,4536000.00,shopmill:34440,https://shopmilltools.com/product/sm-34440/dasqua-shore-durometer-model-1804-1100/,2026-09-09T12:24:29Z,26136000,KARZAR_PRICE=CURRENT_SHOPMILL_CUSTOMER_PRICE,IRT_toman_major_unit0,EXACT_MATCH,EXACT_SKU,7dbeafd9ab421871425d0c1fd66ebbf13ef6188b5edfb9bab8d73ed2a8a64d0f
1165,DASQUA,1804-1115,82245000.00,99520000,17275000.00,shopmill:46012,https://shopmilltools.com/product/sm-46012/dasqua-digital-force-gauge-model-1804-1115/,2026-09-09T12:24:29Z,99520000,KARZAR_PRICE=CURRENT_SHOPMILL_CUSTOMER_PRICE,IRT_toman_major_unit0,EXACT_MATCH,EXACT_SKU,7dbeafd9ab421871425d0c1fd66ebbf13ef6188b5edfb9bab8d73ed2a8a64d0f
1166,DASQUA,1804-1120,57575000.00,69666300,12091300.00,shopmill:34492,https://shopmilltools.com/product/sm-34492/dasqua-digital-force-gauge-model-1804-1120/,2026-09-09T12:24:29Z,69666300,KARZAR_PRICE=CURRENT_SHOPMILL_CUSTOMER_PRICE,IRT_toman_major_unit0,EXACT_MATCH,EXACT_SKU,7dbeafd9ab421871425d0c1fd66ebbf13ef6188b5edfb9bab8d73ed2a8a64d0f
1167,DASQUA,1804-1125,63740000.00,77130000,13390000.00,shopmill:45915,https://shopmilltools.com/product/sm-45915/dasqua-digital-force-gauge-model-1804-1125/,2026-09-09T12:24:29Z,77130000,KARZAR_PRICE=CURRENT_SHOPMILL_CUSTOMER_PRICE,IRT_toman_major_unit0,EXACT_MATCH,EXACT_SKU,7dbeafd9ab421871425d0c1fd66ebbf13ef6188b5edfb9bab8d73ed2a8a64d0f
1168,DASQUA,1804-1130,15430000.00,18671000,3241000.00,shopmill:34489,https://shopmilltools.com/product/sm-34489/dasqua-force-gauge-model-1804-1130/,2026-09-09T12:24:29Z,18671000,KARZAR_PRICE=CURRENT_SHOPMILL_CUSTOMER_PRICE,IRT_toman_major_unit0,EXACT_MATCH,EXACT_SKU,7dbeafd9ab421871425d0c1fd66ebbf13ef6188b5edfb9bab8d73ed2a8a64d0f
1169,DASQUA,1804-1131,15430000.00,18675000,3245000.00,shopmill:45824,https://shopmilltools.com/product/sm-45824/dasqua-force-gauge-model-1804-1131/,2026-09-09T12:24:29Z,18675000,KARZAR_PRICE=CURRENT_SHOPMILL_CUSTOMER_PRICE,IRT_toman_major_unit0,EXACT_MATCH,EXACT_SKU,7dbeafd9ab421871425d0c1fd66ebbf13ef6188b5edfb9bab8d73ed2a8a64d0f
1170,DASQUA,1804-1132,15430000.00,18675000,3245000.00,shopmill:45885,https://shopmilltools.com/product/sm-45885/dasqua-force-gauge-model-1804-1132/,2026-09-09T12:24:29Z,18675000,KARZAR_PRICE=CURRENT_SHOPMILL_CUSTOMER_PRICE,IRT_toman_major_unit0,EXACT_MATCH,EXACT_SKU,7dbeafd9ab421871425d0c1fd66ebbf13ef6188b5edfb9bab8d73ed2a8a64d0f
1171,DASQUA,1804-1133,15430000.00,18675000,3245000.00,shopmill:45836,https://shopmilltools.com/product/sm-45836/dasqua-force-gauge-model-1804-1133/,2026-09-09T12:24:29Z,18675000,KARZAR_PRICE=CURRENT_SHOPMILL_CUSTOMER_PRICE,IRT_toman_major_unit0,EXACT_MATCH,EXACT_SKU,7dbeafd9ab421871425d0c1fd66ebbf13ef6188b5edfb9bab8d73ed2a8a64d0f
1172,DASQUA,1804-1165,57575000.00,69670000,12095000.00,shopmill:45893,https://shopmilltools.com/product/sm-45893/dasqua-digital-force-gauge-model-1804-1165/,2026-09-09T12:24:29Z,69670000,KARZAR_PRICE=CURRENT_SHOPMILL_CUSTOMER_PRICE,IRT_toman_major_unit0,EXACT_MATCH,EXACT_SKU,7dbeafd9ab421871425d0c1fd66ebbf13ef6188b5edfb9bab8d73ed2a8a64d0f
1173,DASQUA,1804-1170,57575000.00,69670000,12095000.00,shopmill:45900,https://shopmilltools.com/product/sm-45900/dasqua-digital-force-gauge-model-1804-1170/,2026-09-09T12:24:29Z,69670000,KARZAR_PRICE=CURRENT_SHOPMILL_CUSTOMER_PRICE,IRT_toman_major_unit0,EXACT_MATCH,EXACT_SKU,7dbeafd9ab421871425d0c1fd66ebbf13ef6188b5edfb9bab8d73ed2a8a64d0f
1174,DASQUA,1804-1175,57575000.00,69670000,12095000.00,shopmill:45902,https://shopmilltools.com/product/sm-45902/dasqua-digital-force-gauge-model-1804-1175/,2026-09-09T12:24:29Z,69670000,KARZAR_PRICE=CURRENT_SHOPMILL_CUSTOMER_PRICE,IRT_toman_major_unit0,EXACT_MATCH,EXACT_SKU,7dbeafd9ab421871425d0c1fd66ebbf13ef6188b5edfb9bab8d73ed2a8a64d0f
1176,DASQUA,1804-1405,8145000.00,9860000,1715000.00,shopmill:46566,https://shopmilltools.com/product/sm-46566/dasqua-5-piece-measuring-set-model-1804-1405/,2026-09-09T12:24:29Z,9860000,KARZAR_PRICE=CURRENT_SHOPMILL_CUSTOMER_PRICE,IRT_toman_major_unit0,EXACT_MATCH,EXACT_SKU,7dbeafd9ab421871425d0c1fd66ebbf13ef6188b5edfb9bab8d73ed2a8a64d0f
1179,DASQUA,1804-2010,53940000.00,65270000,11330000.00,shopmill:46672,https://shopmilltools.com/product/sm-46672/dasqua-coating-thickness-gauge-model-1804-2010/,2026-09-09T12:24:29Z,65270000,KARZAR_PRICE=CURRENT_SHOPMILL_CUSTOMER_PRICE,IRT_toman_major_unit0,EXACT_MATCH,EXACT_SKU,7dbeafd9ab421871425d0c1fd66ebbf13ef6188b5edfb9bab8d73ed2a8a64d0f
1181,DASQUA,1804-2405,20985000.00,25395000,4410000.00,shopmill:45395,https://shopmilltools.com/product/sm-45395/dasqua-shore-durometer-model-1804-2405/,2026-09-09T12:24:29Z,25395000,KARZAR_PRICE=CURRENT_SHOPMILL_CUSTOMER_PRICE,IRT_toman_major_unit0,EXACT_MATCH,EXACT_SKU,7dbeafd9ab421871425d0c1fd66ebbf13ef6188b5edfb9bab8d73ed2a8a64d0f
1182,DASQUA,1804-4613,154190000.00,186575000,32385000.00,shopmill:45416,https://shopmilltools.com/product/sm-45416/dasqua-portable-leeb-hardness-tester-model-1804-4613/,2026-09-09T12:24:29Z,186575000,KARZAR_PRICE=CURRENT_SHOPMILL_CUSTOMER_PRICE,IRT_toman_major_unit0,EXACT_MATCH,EXACT_SKU,7dbeafd9ab421871425d0c1fd66ebbf13ef6188b5edfb9bab8d73ed2a8a64d0f
1199,DASQUA,1804-6302,236410000.00,286060000,49650000.00,shopmill:45686,https://shopmilltools.com/product/sm-45686/dasqua-digital-surface-roughness-gauge-model-1804-6302/,2026-09-09T12:24:29Z,286060000,KARZAR_PRICE=CURRENT_SHOPMILL_CUSTOMER_PRICE,IRT_toman_major_unit0,EXACT_MATCH,EXACT_SKU,7dbeafd9ab421871425d0c1fd66ebbf13ef6188b5edfb9bab8d73ed2a8a64d0f
1211,DASQUA,2000-2005,4955000.00,5997000,1042000.00,shopmill:32231,https://shopmilltools.com/product/sm-32231/dasqua-digital-caliper-model-2000-2005/,2026-09-09T12:24:29Z,5997000,KARZAR_PRICE=CURRENT_SHOPMILL_CUSTOMER_PRICE,IRT_toman_major_unit0,EXACT_MATCH,EXACT_SKU,7dbeafd9ab421871425d0c1fd66ebbf13ef6188b5edfb9bab8d73ed2a8a64d0f
1212,DASQUA,2000-2010,8640000.00,10455000,1815000.00,shopmill:32401,https://shopmilltools.com/product/sm-32401/dasqua-digital-caliper-model-2000-2010/,2026-09-09T12:24:29Z,10455000,KARZAR_PRICE=CURRENT_SHOPMILL_CUSTOMER_PRICE,IRT_toman_major_unit0,EXACT_MATCH,EXACT_SKU,7dbeafd9ab421871425d0c1fd66ebbf13ef6188b5edfb9bab8d73ed2a8a64d0f
1213,DASQUA,2000-2015,13795000.00,16693000,2898000.00,shopmill:32417,https://shopmilltools.com/product/sm-32417/dasqua-digital-caliper-model-2000-2015/,2026-09-09T12:24:29Z,16693000,KARZAR_PRICE=CURRENT_SHOPMILL_CUSTOMER_PRICE,IRT_toman_major_unit0,EXACT_MATCH,EXACT_SKU,7dbeafd9ab421871425d0c1fd66ebbf13ef6188b5edfb9bab8d73ed2a8a64d0f
1214,DASQUA,2001-2005,6915000.00,8368000,1453000.00,shopmill:32235,https://shopmilltools.com/product/sm-32235/dasqua-digital-depth-caliper-model-2001-2005/,2026-09-09T12:24:29Z,8368000,KARZAR_PRICE=CURRENT_SHOPMILL_CUSTOMER_PRICE,IRT_toman_major_unit0,EXACT_MATCH,EXACT_SKU,7dbeafd9ab421871425d0c1fd66ebbf13ef6188b5edfb9bab8d73ed2a8a64d0f
1216,DASQUA,2001-2015,14120000.00,17086000,2966000.00,shopmill:36365,https://shopmilltools.com/product/sm-36365/dasqua-digital-depth-caliper-model-2001-2015/,2026-09-09T12:24:29Z,17086000,KARZAR_PRICE=CURRENT_SHOPMILL_CUSTOMER_PRICE,IRT_toman_major_unit0,EXACT_MATCH,EXACT_SKU,7dbeafd9ab421871425d0c1fd66ebbf13ef6188b5edfb9bab8d73ed2a8a64d0f
1217,DASQUA,2015-1005,14820000.00,17933000,3113000.00,shopmill:32239,https://shopmilltools.com/product/sm-32239/dasqua-oil-water-proof-digital-model-2015-1005-a/,2026-09-09T12:24:29Z,17933000,KARZAR_PRICE=CURRENT_SHOPMILL_CUSTOMER_PRICE,IRT_toman_major_unit0,EXACT_MATCH,EXACT_NORMALIZED_SKU:dasqua_trailing_A,7dbeafd9ab421871425d0c1fd66ebbf13ef6188b5edfb9bab8d73ed2a8a64d0f
1218,DASQUA,2015-2405,10290000.00,12451000,2161000.00,shopmill:32241,https://shopmilltools.com/product/sm-32241/dasqua-ip67-water-proof-digital-caliper-model-2015-2405/,2026-09-09T12:24:29Z,12451000,KARZAR_PRICE=CURRENT_SHOPMILL_CUSTOMER_PRICE,IRT_toman_major_unit0,EXACT_MATCH,EXACT_SKU,7dbeafd9ab421871425d0c1fd66ebbf13ef6188b5edfb9bab8d73ed2a8a64d0f
1219,DASQUA,2015-2410,16050000.00,19421000,3371000.00,shopmill:32456,https://shopmilltools.com/product/sm-32456/dasqua-ip67-water-proof-digital-caliper-model-2015-2410/,2026-09-09T12:24:29Z,19421000,KARZAR_PRICE=CURRENT_SHOPMILL_CUSTOMER_PRICE,IRT_toman_major_unit0,EXACT_MATCH,EXACT_SKU,7dbeafd9ab421871425d0c1fd66ebbf13ef6188b5edfb9bab8d73ed2a8a64d0f
1220,DASQUA,2015-2415,23045000.00,27885000,4840000.00,shopmill:32494,https://shopmilltools.com/product/sm-32494/dasqua-ip67-water-proof-digital-caliper-model-2015-2415/,2026-09-09T12:24:29Z,27885000,KARZAR_PRICE=CURRENT_SHOPMILL_CUSTOMER_PRICE,IRT_toman_major_unit0,EXACT_MATCH,EXACT_SKU,7dbeafd9ab421871425d0c1fd66ebbf13ef6188b5edfb9bab8d73ed2a8a64d0f
1222,DASQUA,2035-0006,2790000.00,3376000,586000.00,shopmill:32577,https://shopmilltools.com/product/sm-32577/dasqua-plastic-digital-caliper-model-2035-0006/,2026-09-09T12:24:29Z,3376000,KARZAR_PRICE=CURRENT_SHOPMILL_CUSTOMER_PRICE,IRT_toman_major_unit0,EXACT_MATCH,EXACT_SKU,7dbeafd9ab421871425d0c1fd66ebbf13ef6188b5edfb9bab8d73ed2a8a64d0f
1224,DASQUA,2065-1110,20385000.00,24667000,4282000.00,shopmill:37413,https://shopmilltools.com/product/sm-37413/dasqua-digital-outside-neck-caliper-model-2065-1110/,2026-09-09T12:24:29Z,24667000,KARZAR_PRICE=CURRENT_SHOPMILL_CUSTOMER_PRICE,IRT_toman_major_unit0,EXACT_MATCH,EXACT_SKU,7dbeafd9ab421871425d0c1fd66ebbf13ef6188b5edfb9bab8d73ed2a8a64d0f
1225,DASQUA,2065-1115,28185000.00,34105000,5920000.00,shopmill:37419,https://shopmilltools.com/product/sm-37419/dasqua-digital-outside-neck-caliper-model-2065-1115/,2026-09-09T12:24:29Z,34105000,KARZAR_PRICE=CURRENT_SHOPMILL_CUSTOMER_PRICE,IRT_toman_major_unit0,EXACT_MATCH,EXACT_SKU,7dbeafd9ab421871425d0c1fd66ebbf13ef6188b5edfb9bab8d73ed2a8a64d0f
1227,DASQUA,2070-1110,17935000.00,21702000,3767000.00,shopmill:36390,https://shopmilltools.com/product/sm-36390/dasqua-digital-inside-groove-caliper-model-2070-1110/,2026-09-09T12:24:29Z,21702000,KARZAR_PRICE=CURRENT_SHOPMILL_CUSTOMER_PRICE,IRT_toman_major_unit0,EXACT_MATCH,EXACT_SKU,7dbeafd9ab421871425d0c1fd66ebbf13ef6188b5edfb9bab8d73ed2a8a64d0f
1229,DASQUA,2100-1015,33910000.00,41035000,7125000.00,shopmill:46642,https://shopmilltools.com/product/sm-46642/dasqua-digital-offset-caliper-model-2100-1015/,2026-09-09T12:24:29Z,41035000,KARZAR_PRICE=CURRENT_SHOPMILL_CUSTOMER_PRICE,IRT_toman_major_unit0,EXACT_MATCH,EXACT_SKU,7dbeafd9ab421871425d0c1fd66ebbf13ef6188b5edfb9bab8d73ed2a8a64d0f
1232,DASQUA,2100-1130,28795000.00,34843000,6048000.00,shopmill:36531,https://shopmilltools.com/product/sm-36531/dasqua-digital-inside-point-caliper-model-2100-1130/,2026-09-09T12:24:29Z,34843000,KARZAR_PRICE=CURRENT_SHOPMILL_CUSTOMER_PRICE,IRT_toman_major_unit0,EXACT_MATCH,EXACT_SKU,7dbeafd9ab421871425d0c1fd66ebbf13ef6188b5edfb9bab8d73ed2a8a64d0f
1245,DASQUA,2220-8110,59625000.00,72147000,12522000.00,shopmill:32537,https://shopmilltools.com/product/sm-32537/dasqua-ip54-water-pr00f-heavy-duty-digital-caliper-model-2220-8110/,2026-09-09T12:24:29Z,72147000,KARZAR_PRICE=CURRENT_SHOPMILL_CUSTOMER_PRICE,IRT_toman_major_unit0,EXACT_MATCH,EXACT_SKU,7dbeafd9ab421871425d0c1fd66ebbf13ef6188b5edfb9bab8d73ed2a8a64d0f
1246,DASQUA,2220-8115,74025000.00,89571000,15546000.00,shopmill:32549,https://shopmilltools.com/product/sm-32549/dasqua-ip54-water-pr00f-heavy-duty-digital-caliper-model-2220-8115/,2026-09-09T12:24:29Z,89571000,KARZAR_PRICE=CURRENT_SHOPMILL_CUSTOMER_PRICE,IRT_toman_major_unit0,EXACT_MATCH,EXACT_SKU,7dbeafd9ab421871425d0c1fd66ebbf13ef6188b5edfb9bab8d73ed2a8a64d0f
1248,DASQUA,2220-8130,162405000.00,196511000,34106000.00,shopmill:37398,https://shopmilltools.com/product/sm-37398/dasqua-long-jaw-heavy-duty-digital-caliper-model-2220-8130/,2026-09-09T12:24:29Z,196511000,KARZAR_PRICE=CURRENT_SHOPMILL_CUSTOMER_PRICE,IRT_toman_major_unit0,EXACT_MATCH,EXACT_SKU,7dbeafd9ab421871425d0c1fd66ebbf13ef6188b5edfb9bab8d73ed2a8a64d0f
1249,DASQUA,2220-8135,189125000.00,228842000,39717000.00,shopmill:37402,https://shopmilltools.com/product/sm-37402/dasqua-long-jaw-heavy-duty-digital-caliper-model-2220-8135/,2026-09-09T12:24:29Z,228842000,KARZAR_PRICE=CURRENT_SHOPMILL_CUSTOMER_PRICE,IRT_toman_major_unit0,EXACT_MATCH,EXACT_SKU,7dbeafd9ab421871425d0c1fd66ebbf13ef6188b5edfb9bab8d73ed2a8a64d0f
1250,DASQUA,2220-8150,80185000.00,97025000,16840000.00,shopmill:37234,https://shopmilltools.com/product/sm-37234/dasqua-long-jaw-heavy-duty-digital-caliper-model-2220-8150/,2026-09-09T12:24:29Z,97025000,KARZAR_PRICE=CURRENT_SHOPMILL_CUSTOMER_PRICE,IRT_toman_major_unit0,EXACT_MATCH,EXACT_SKU,7dbeafd9ab421871425d0c1fd66ebbf13ef6188b5edfb9bab8d73ed2a8a64d0f
1252,DASQUA,2220-8170,40515000.00,49024000,8509000.00,shopmill:37184,https://shopmilltools.com/product/sm-37184/dasqua-long-jaw-heavy-duty-digital-caliper-model-2220-8170/,2026-09-09T12:24:29Z,49024000,KARZAR_PRICE=CURRENT_SHOPMILL_CUSTOMER_PRICE,IRT_toman_major_unit0,EXACT_MATCH,EXACT_SKU,7dbeafd9ab421871425d0c1fd66ebbf13ef6188b5edfb9bab8d73ed2a8a64d0f
1254,DASQUA,2220-8180,86350000.00,104484000,18134000.00,shopmill:37204,https://shopmilltools.com/product/sm-37204/dasqua-long-jaw-heavy-duty-digital-caliper-model-2220-8180/,2026-09-09T12:24:29Z,104484000,KARZAR_PRICE=CURRENT_SHOPMILL_CUSTOMER_PRICE,IRT_toman_major_unit0,EXACT_MATCH,EXACT_SKU,7dbeafd9ab421871425d0c1fd66ebbf13ef6188b5edfb9bab8d73ed2a8a64d0f
1255,DASQUA,2220-8185,100735000.00,121890000,21155000.00,shopmill:37210,https://shopmilltools.com/product/sm-37210/dasqua-long-jaw-heavy-duty-digital-caliper-model-2220-8185/,2026-09-09T12:24:29Z,121890000,KARZAR_PRICE=CURRENT_SHOPMILL_CUSTOMER_PRICE,IRT_toman_major_unit0,EXACT_MATCH,EXACT_SKU,7dbeafd9ab421871425d0c1fd66ebbf13ef6188b5edfb9bab8d73ed2a8a64d0f
1258,DASQUA,2220-8205,96620000.00,116911000,20291000.00,shopmill:37240,https://shopmilltools.com/product/sm-37240/dasqua-long-jaw-heavy-duty-digital-caliper-model-2220-8205/,2026-09-09T12:24:29Z,116911000,KARZAR_PRICE=CURRENT_SHOPMILL_CUSTOMER_PRICE,IRT_toman_major_unit0,EXACT_MATCH,EXACT_SKU,7dbeafd9ab421871425d0c1fd66ebbf13ef6188b5edfb9bab8d73ed2a8a64d0f
1259,DASQUA,2220-8210,111015000.00,134329000,23314000.00,shopmill:37244,https://shopmilltools.com/product/sm-37244/dasqua-long-jaw-heavy-duty-digital-caliper-model-2220-8210/,2026-09-09T12:24:29Z,134329000,KARZAR_PRICE=CURRENT_SHOPMILL_CUSTOMER_PRICE,IRT_toman_major_unit0,EXACT_MATCH,EXACT_SKU,7dbeafd9ab421871425d0c1fd66ebbf13ef6188b5edfb9bab8d73ed2a8a64d0f
1262,DASQUA,2220-8225,78125000.00,94532000,16407000.00,shopmill:37270,https://shopmilltools.com/product/sm-37270/dasqua-long-jaw-heavy-duty-digital-caliper-model-2220-8225/,2026-09-09T12:24:29Z,94532000,KARZAR_PRICE=CURRENT_SHOPMILL_CUSTOMER_PRICE,IRT_toman_major_unit0,EXACT_MATCH,EXACT_SKU,7dbeafd9ab421871425d0c1fd66ebbf13ef6188b5edfb9bab8d73ed2a8a64d0f
1263,DASQUA,2220-8230,117185000.00,141795000,24610000.00,shopmill:37276,https://shopmilltools.com/product/sm-37276/dasqua-long-jaw-heavy-duty-digital-caliper-model-2220-8230/,2026-09-09T12:24:29Z,141795000,KARZAR_PRICE=CURRENT_SHOPMILL_CUSTOMER_PRICE,IRT_toman_major_unit0,EXACT_MATCH,EXACT_SKU,7dbeafd9ab421871425d0c1fd66ebbf13ef6188b5edfb9bab8d73ed2a8a64d0f
1267,DASQUA,2250-2105,11735000.00,14200000,2465000.00,shopmill:32731,https://shopmilltools.com/product/sm-32731/dasqua-digital-depth-caliper-model-2250-2105/,2026-09-09T12:24:29Z,14200000,KARZAR_PRICE=CURRENT_SHOPMILL_CUSTOMER_PRICE,IRT_toman_major_unit0,EXACT_MATCH,EXACT_SKU,7dbeafd9ab421871425d0c1fd66ebbf13ef6188b5edfb9bab8d73ed2a8a64d0f
1270,DASQUA,2406-1005,19570000.00,23685000,4115000.00,shopmill:46628,https://shopmilltools.com/product/sm-46628/dasqua-combined-dial-digital-caliper-model-3004-1005-2/,2026-09-09T12:24:29Z,23685000,KARZAR_PRICE=CURRENT_SHOPMILL_CUSTOMER_PRICE,IRT_toman_major_unit0,EXACT_MATCH,EXACT_SKU,7dbeafd9ab421871425d0c1fd66ebbf13ef6188b5edfb9bab8d73ed2a8a64d0f
1271,DASQUA,2406-1010,27275000.00,33000000,5725000.00,shopmill:46633,https://shopmilltools.com/product/sm-46633/dasqua-digital-caliper-model-2406-1010/,2026-09-09T12:24:29Z,33000000,KARZAR_PRICE=CURRENT_SHOPMILL_CUSTOMER_PRICE,IRT_toman_major_unit0,EXACT_MATCH,EXACT_SKU,7dbeafd9ab421871425d0c1fd66ebbf13ef6188b5edfb9bab8d73ed2a8a64d0f
1279,DASQUA,2805-0005,7420000.00,8979000,1559000.00,shopmill:33194,https://shopmilltools.com/product/sm-33194/dasqua-scribing-caliper-model-2805-0005/,2026-09-09T12:24:29Z,8979000,KARZAR_PRICE=CURRENT_SHOPMILL_CUSTOMER_PRICE,IRT_toman_major_unit0,EXACT_MATCH,EXACT_SKU,7dbeafd9ab421871425d0c1fd66ebbf13ef6188b5edfb9bab8d73ed2a8a64d0f
1280,DASQUA,3001-0105,19960000.00,24152000,4192000.00,shopmill:35159,https://shopmilltools.com/product/sm-35159/dasqua-vernier-height-gauge-model-3001-0105/,2026-09-09T12:24:29Z,24152000,KARZAR_PRICE=CURRENT_SHOPMILL_CUSTOMER_PRICE,IRT_toman_major_unit0,EXACT_MATCH,EXACT_SKU,7dbeafd9ab421871425d0c1fd66ebbf13ef6188b5edfb9bab8d73ed2a8a64d0f
1289,DASQUA,3004-1005,24665000.00,29850000,5185000.00,shopmill:46608,https://shopmilltools.com/product/sm-46608/dasqua-combined-dial-digital-caliper-model-3004-1005/,2026-09-09T12:24:29Z,29850000,KARZAR_PRICE=CURRENT_SHOPMILL_CUSTOMER_PRICE,IRT_toman_major_unit0,EXACT_MATCH,EXACT_SKU,7dbeafd9ab421871425d0c1fd66ebbf13ef6188b5edfb9bab8d73ed2a8a64d0f
1291,DASQUA,3110-6105,33940000.00,41068000,7128000.00,shopmill:33334,https://shopmilltools.com/product/sm-33334/dasqua-height-gauge-with-adjustable-beam-model-3110-6105-a/,2026-09-09T12:24:29Z,41068000,KARZAR_PRICE=CURRENT_SHOPMILL_CUSTOMER_PRICE,IRT_toman_major_unit0,EXACT_MATCH,EXACT_NORMALIZED_SKU:dasqua_trailing_A,7dbeafd9ab421871425d0c1fd66ebbf13ef6188b5edfb9bab8d73ed2a8a64d0f
1296,DASQUA,3130-8125,64815000.00,78427000,13612000.00,shopmill:37494,https://shopmilltools.com/product/sm-37494/dasqua-digital-height-gauge-model-3130-8125/,2026-09-09T12:24:29Z,78427000,KARZAR_PRICE=CURRENT_SHOPMILL_CUSTOMER_PRICE,IRT_toman_major_unit0,EXACT_MATCH,EXACT_SKU,7dbeafd9ab421871425d0c1fd66ebbf13ef6188b5edfb9bab8d73ed2a8a64d0f
1298,DASQUA,3221-1105,40315000.00,48781700,8466700.00,shopmill:35152,https://shopmilltools.com/product/sm-35152/dasqua-dial-height-gauge-model-1105-3221/,2026-09-09T12:24:29Z,48781700,KARZAR_PRICE=CURRENT_SHOPMILL_CUSTOMER_PRICE,IRT_toman_major_unit0,EXACT_MATCH,EXACT_SKU,7dbeafd9ab421871425d0c1fd66ebbf13ef6188b5edfb9bab8d73ed2a8a64d0f
1299,DASQUA,3230-8105,67855000.00,82106000,14251000.00,shopmill:33432,https://shopmilltools.com/product/sm-33432/dasqua-double-beam-digital-height-gauge-model-3230-8105-a/,2026-09-09T12:24:29Z,82106000,KARZAR_PRICE=CURRENT_SHOPMILL_CUSTOMER_PRICE,IRT_toman_major_unit0,EXACT_MATCH,EXACT_NORMALIZED_SKU:dasqua_trailing_A,7dbeafd9ab421871425d0c1fd66ebbf13ef6188b5edfb9bab8d73ed2a8a64d0f
1301,DASQUA,3230-8115,106905000.00,129356000,22451000.00,shopmill:37719,https://shopmilltools.com/product/sm-37719/dasqua-double-beam-digital-height-gauge-model-3230-8115-a/,2026-09-09T12:24:29Z,129356000,KARZAR_PRICE=CURRENT_SHOPMILL_CUSTOMER_PRICE,IRT_toman_major_unit0,EXACT_MATCH,EXACT_NORMALIZED_SKU:dasqua_trailing_A,7dbeafd9ab421871425d0c1fd66ebbf13ef6188b5edfb9bab8d73ed2a8a64d0f
1305,DASQUA,3530-0005,69905000.00,84586000,14681000.00,shopmill:33399,https://shopmilltools.com/product/sm-33399/dasqua-ip54-heavy-duty-digital-height-gauge-model-3530-0005/,2026-09-09T12:24:29Z,84586000,KARZAR_PRICE=CURRENT_SHOPMILL_CUSTOMER_PRICE,IRT_toman_major_unit0,EXACT_MATCH,EXACT_SKU,7dbeafd9ab421871425d0c1fd66ebbf13ef6188b5edfb9bab8d73ed2a8a64d0f
1307,DASQUA,4005-0090,53465000.00,64700000,11235000.00,shopmill:39554,https://shopmilltools.com/product/sm-39554/dasqua-digital-inside-micrometer-model-4005-0090/,2026-09-09T12:24:29Z,64700000,KARZAR_PRICE=CURRENT_SHOPMILL_CUSTOMER_PRICE,IRT_toman_major_unit0,EXACT_MATCH,EXACT_SKU,7dbeafd9ab421871425d0c1fd66ebbf13ef6188b5edfb9bab8d73ed2a8a64d0f
1308,DASQUA,4005-0095,59625000.00,72150000,12525000.00,shopmill:39562,https://shopmilltools.com/product/sm-39562/dasqua-digital-inside-micrometer-model-4005-0095/,2026-09-09T12:24:29Z,72150000,KARZAR_PRICE=CURRENT_SHOPMILL_CUSTOMER_PRICE,IRT_toman_major_unit0,EXACT_MATCH,EXACT_SKU,7dbeafd9ab421871425d0c1fd66ebbf13ef6188b5edfb9bab8d73ed2a8a64d0f
1309,DASQUA,4005-0100,61690000.00,74650000,12960000.00,shopmill:39571,https://shopmilltools.com/product/sm-39571/dasqua-digital-inside-micrometer-model-4005-0100/,2026-09-09T12:24:29Z,74650000,KARZAR_PRICE=CURRENT_SHOPMILL_CUSTOMER_PRICE,IRT_toman_major_unit0,EXACT_MATCH,EXACT_SKU,7dbeafd9ab421871425d0c1fd66ebbf13ef6188b5edfb9bab8d73ed2a8a64d0f
1310,DASQUA,4107-1005,18940000.00,22920000,3980000.00,shopmill:40266,https://shopmilltools.com/product/sm-40266/dasqua-screw-micrometer-model-4107-1005/,2026-09-09T12:24:29Z,22920000,KARZAR_PRICE=CURRENT_SHOPMILL_CUSTOMER_PRICE,IRT_toman_major_unit0,EXACT_MATCH,EXACT_SKU,7dbeafd9ab421871425d0c1fd66ebbf13ef6188b5edfb9bab8d73ed2a8a64d0f
1313,DASQUA,4111-8104,11525000.00,13950000,2425000.00,shopmill:40012,https://shopmilltools.com/product/sm-40012/dasqua-disc-micrometer-model-4111-8104/,2026-09-09T12:24:29Z,13950000,KARZAR_PRICE=CURRENT_SHOPMILL_CUSTOMER_PRICE,IRT_toman_major_unit0,EXACT_MATCH,EXACT_SKU,7dbeafd9ab421871425d0c1fd66ebbf13ef6188b5edfb9bab8d73ed2a8a64d0f
1314,DASQUA,4111-8105,3105000.00,3758000,653000.00,shopmill:33516,https://shopmilltools.com/product/sm-33516/dasqua-outside-micrometer-model-4111-8105/,2026-09-09T12:24:29Z,3758000,KARZAR_PRICE=CURRENT_SHOPMILL_CUSTOMER_PRICE,IRT_toman_major_unit0,EXACT_MATCH,EXACT_SKU,7dbeafd9ab421871425d0c1fd66ebbf13ef6188b5edfb9bab8d73ed2a8a64d0f
1315,DASQUA,4111-8106,13600000.00,16460000,2860000.00,shopmill:40037,https://shopmilltools.com/product/sm-40037/dasqua-disc-micrometer-model-4111-8106/,2026-09-09T12:24:29Z,16460000,KARZAR_PRICE=CURRENT_SHOPMILL_CUSTOMER_PRICE,IRT_toman_major_unit0,EXACT_MATCH,EXACT_SKU,7dbeafd9ab421871425d0c1fd66ebbf13ef6188b5edfb9bab8d73ed2a8a64d0f
1316,DASQUA,4111-8108,15840000.00,19170000,3330000.00,shopmill:40057,https://shopmilltools.com/product/sm-40057/dasqua-disc-micrometer-model-4111-8108/,2026-09-09T12:24:29Z,19170000,KARZAR_PRICE=CURRENT_SHOPMILL_CUSTOMER_PRICE,IRT_toman_major_unit0,EXACT_MATCH,EXACT_SKU,7dbeafd9ab421871425d0c1fd66ebbf13ef6188b5edfb9bab8d73ed2a8a64d0f
1317,DASQUA,4111-8110,3510000.00,4248000,738000.00,shopmill:38471,https://shopmilltools.com/product/sm-38471/dasqua-outside-micrometer-model-4111-8110/,2026-09-09T12:24:29Z,4248000,KARZAR_PRICE=CURRENT_SHOPMILL_CUSTOMER_PRICE,IRT_toman_major_unit0,EXACT_MATCH,EXACT_SKU,7dbeafd9ab421871425d0c1fd66ebbf13ef6188b5edfb9bab8d73ed2a8a64d0f
1319,DASQUA,4111-8120,4500000.00,5445000,945000.00,shopmill:38494,https://shopmilltools.com/product/sm-38494/dasqua-outside-micrometer-model-4111-8120/,2026-09-09T12:24:29Z,5445000,KARZAR_PRICE=CURRENT_SHOPMILL_CUSTOMER_PRICE,IRT_toman_major_unit0,EXACT_MATCH,EXACT_SKU,7dbeafd9ab421871425d0c1fd66ebbf13ef6188b5edfb9bab8d73ed2a8a64d0f
1322,DASQUA,4111-8620,25720000.00,31125000,5405000.00,shopmill:40063,https://shopmilltools.com/product/sm-40063/dasqua-disc-micrometer-model-4111-8620/,2026-09-09T12:24:29Z,31125000,KARZAR_PRICE=CURRENT_SHOPMILL_CUSTOMER_PRICE,IRT_toman_major_unit0,EXACT_MATCH,EXACT_SKU,7dbeafd9ab421871425d0c1fd66ebbf13ef6188b5edfb9bab8d73ed2a8a64d0f
1323,DASQUA,4111-8625,27760000.00,33600000,5840000.00,shopmill:40070,https://shopmilltools.com/product/sm-40070/dasqua-disc-micrometer-model-4111-8625/,2026-09-09T12:24:29Z,33600000,KARZAR_PRICE=CURRENT_SHOPMILL_CUSTOMER_PRICE,IRT_toman_major_unit0,EXACT_MATCH,EXACT_SKU,7dbeafd9ab421871425d0c1fd66ebbf13ef6188b5edfb9bab8d73ed2a8a64d0f
1324,DASQUA,4111-8630,33940000.00,41070000,7130000.00,shopmill:40075,https://shopmilltools.com/product/sm-40075/dasqua-disc-micrometer-model-4111-8630/,2026-09-09T12:24:29Z,41070000,KARZAR_PRICE=CURRENT_SHOPMILL_CUSTOMER_PRICE,IRT_toman_major_unit0,EXACT_MATCH,EXACT_SKU,7dbeafd9ab421871425d0c1fd66ebbf13ef6188b5edfb9bab8d73ed2a8a64d0f
1325,DASQUA,4111-8635,35995000.00,43555000,7560000.00,shopmill:40080,https://shopmilltools.com/product/sm-40080/dasqua-disc-micrometer-model-4111-8635/,2026-09-09T12:24:29Z,43555000,KARZAR_PRICE=CURRENT_SHOPMILL_CUSTOMER_PRICE,IRT_toman_major_unit0,EXACT_MATCH,EXACT_SKU,7dbeafd9ab421871425d0c1fd66ebbf13ef6188b5edfb9bab8d73ed2a8a64d0f
1326,DASQUA,4111-8640,55525000.00,67190000,11665000.00,shopmill:40103,https://shopmilltools.com/product/sm-40103/dasqua-disc-micrometer-model-4111-8640/,2026-09-09T12:24:29Z,67190000,KARZAR_PRICE=CURRENT_SHOPMILL_CUSTOMER_PRICE,IRT_toman_major_unit0,EXACT_MATCH,EXACT_SKU,7dbeafd9ab421871425d0c1fd66ebbf13ef6188b5edfb9bab8d73ed2a8a64d0f
1327,DASQUA,4111-8645,63735000.00,77125000,13390000.00,shopmill:40109,https://shopmilltools.com/product/sm-40109/dasqua-disc-micrometer-model-4111-8645/,2026-09-09T12:24:29Z,77125000,KARZAR_PRICE=CURRENT_SHOPMILL_CUSTOMER_PRICE,IRT_toman_major_unit0,EXACT_MATCH,EXACT_SKU,7dbeafd9ab421871425d0c1fd66ebbf13ef6188b5edfb9bab8d73ed2a8a64d0f
1328,DASQUA,4111-8650,67855000.00,82105000,14250000.00,shopmill:40117,https://shopmilltools.com/product/sm-40117/dasqua-disc-micrometer-model-4111-8650/,2026-09-09T12:24:29Z,82105000,KARZAR_PRICE=CURRENT_SHOPMILL_CUSTOMER_PRICE,IRT_toman_major_unit0,EXACT_MATCH,EXACT_SKU,7dbeafd9ab421871425d0c1fd66ebbf13ef6188b5edfb9bab8d73ed2a8a64d0f
1329,DASQUA,4111-8655,76080000.00,92060000,15980000.00,shopmill:40126,https://shopmilltools.com/product/sm-40126/dasqua-disc-micrometer-model-4111-8655/,2026-09-09T12:24:29Z,92060000,KARZAR_PRICE=CURRENT_SHOPMILL_CUSTOMER_PRICE,IRT_toman_major_unit0,EXACT_MATCH,EXACT_SKU,7dbeafd9ab421871425d0c1fd66ebbf13ef6188b5edfb9bab8d73ed2a8a64d0f
1330,DASQUA,4111-9105,4450000.00,5385000,935000.00,shopmill:33536,https://shopmilltools.com/product/sm-33536/dasqua-outside-micrometer-model-4111-9105/,2026-09-09T12:24:29Z,5385000,KARZAR_PRICE=CURRENT_SHOPMILL_CUSTOMER_PRICE,IRT_toman_major_unit0,EXACT_MATCH,EXACT_SKU,7dbeafd9ab421871425d0c1fd66ebbf13ef6188b5edfb9bab8d73ed2a8a64d0f
1331,DASQUA,4111-9110,5365000.00,6493000,1128000.00,shopmill:38573,https://shopmilltools.com/product/sm-38573/dasqua-outside-micrometer-model-4111-9110/,2026-09-09T12:24:29Z,6493000,KARZAR_PRICE=CURRENT_SHOPMILL_CUSTOMER_PRICE,IRT_toman_major_unit0,EXACT_MATCH,EXACT_SKU,7dbeafd9ab421871425d0c1fd66ebbf13ef6188b5edfb9bab8d73ed2a8a64d0f
1333,DASQUA,4111-9130,9275000.00,11224000,1949000.00,shopmill:38605,https://shopmilltools.com/product/sm-38605/dasqua-outside-micrometer-model-4111-9130/,2026-09-09T12:24:29Z,11224000,KARZAR_PRICE=CURRENT_SHOPMILL_CUSTOMER_PRICE,IRT_toman_major_unit0,EXACT_MATCH,EXACT_SKU,7dbeafd9ab421871425d0c1fd66ebbf13ef6188b5edfb9bab8d73ed2a8a64d0f
1334,DASQUA,4112-7435,9060000.00,10963000,1903000.00,shopmill:38342,https://shopmilltools.com/product/sm-38342/dasqua-outside-micrometer-type-b-frame-with-holes-model-4112-7435/,2026-09-09T12:24:29Z,10963000,KARZAR_PRICE=CURRENT_SHOPMILL_CUSTOMER_PRICE,IRT_toman_major_unit0,EXACT_MATCH,EXACT_SKU,7dbeafd9ab421871425d0c1fd66ebbf13ef6188b5edfb9bab8d73ed2a8a64d0f
1335,DASQUA,4112-7440,9680000.00,11713000,2033000.00,shopmill:38357,https://shopmilltools.com/product/sm-38357/dasqua-outside-micrometer-type-b-frame-with-holes-model-4112-7440/,2026-09-09T12:24:29Z,11713000,KARZAR_PRICE=CURRENT_SHOPMILL_CUSTOMER_PRICE,IRT_toman_major_unit0,EXACT_MATCH,EXACT_SKU,7dbeafd9ab421871425d0c1fd66ebbf13ef6188b5edfb9bab8d73ed2a8a64d0f
1336,DASQUA,4112-7445,10290000.00,12451000,2161000.00,shopmill:38367,https://shopmilltools.com/product/sm-38367/dasqua-outside-micrometer-type-b-frame-with-holes-model-4112-7445/,2026-09-09T12:24:29Z,12451000,KARZAR_PRICE=CURRENT_SHOPMILL_CUSTOMER_PRICE,IRT_toman_major_unit0,EXACT_MATCH,EXACT_SKU,7dbeafd9ab421871425d0c1fd66ebbf13ef6188b5edfb9bab8d73ed2a8a64d0f
1338,DASQUA,4112-8145,9365000.00,11333000,1968000.00,shopmill:38373,https://shopmilltools.com/product/sm-38373/dasqua-outside-micrometer-type-a-model-4112-8145/,2026-09-09T12:24:29Z,11333000,KARZAR_PRICE=CURRENT_SHOPMILL_CUSTOMER_PRICE,IRT_toman_major_unit0,EXACT_MATCH,EXACT_SKU,7dbeafd9ab421871425d0c1fd66ebbf13ef6188b5edfb9bab8d73ed2a8a64d0f
1340,DASQUA,4112-8155,12885000.00,15592000,2707000.00,shopmill:38404,https://shopmilltools.com/product/sm-38404/dasqua-outside-micrometer-type-a-model-4112-8155/,2026-09-09T12:24:29Z,15592000,KARZAR_PRICE=CURRENT_SHOPMILL_CUSTOMER_PRICE,IRT_toman_major_unit0,EXACT_MATCH,EXACT_SKU,7dbeafd9ab421871425d0c1fd66ebbf13ef6188b5edfb9bab8d73ed2a8a64d0f
1344,DASQUA,4146-1005,41115000.00,49750000,8635000.00,shopmill:33921,https://shopmilltools.com/product/sm-33921/dasqua-dial-snap-micrometer-model-4146-1005/,2026-09-09T12:24:29Z,49750000,KARZAR_PRICE=CURRENT_SHOPMILL_CUSTOMER_PRICE,IRT_toman_major_unit0,EXACT_MATCH,EXACT_SKU,7dbeafd9ab421871425d0c1fd66ebbf13ef6188b5edfb9bab8d73ed2a8a64d0f
1345,DASQUA,4146-1010,48325000.00,58480000,10155000.00,shopmill:40290,https://shopmilltools.com/product/sm-40290/dasqua-dial-snap-micrometer-model-4146-1010/,2026-09-09T12:24:29Z,58480000,KARZAR_PRICE=CURRENT_SHOPMILL_CUSTOMER_PRICE,IRT_toman_major_unit0,EXACT_MATCH,EXACT_SKU,7dbeafd9ab421871425d0c1fd66ebbf13ef6188b5edfb9bab8d73ed2a8a64d0f
1346,DASQUA,4146-1015,61690000.00,74650000,12960000.00,shopmill:40295,https://shopmilltools.com/product/sm-40295/dasqua-dial-snap-micrometer-model-4146-1015/,2026-09-09T12:24:29Z,74650000,KARZAR_PRICE=CURRENT_SHOPMILL_CUSTOMER_PRICE,IRT_toman_major_unit0,EXACT_MATCH,EXACT_SKU,7dbeafd9ab421871425d0c1fd66ebbf13ef6188b5edfb9bab8d73ed2a8a64d0f
1347,DASQUA,4146-1020,69290000.00,83845000,14555000.00,shopmill:40299,https://shopmilltools.com/product/sm-40299/dasqua-dial-snap-micrometer-model-4146-1020/,2026-09-09T12:24:29Z,83845000,KARZAR_PRICE=CURRENT_SHOPMILL_CUSTOMER_PRICE,IRT_toman_major_unit0,EXACT_MATCH,EXACT_SKU,7dbeafd9ab421871425d0c1fd66ebbf13ef6188b5edfb9bab8d73ed2a8a64d0f
1348,DASQUA,4146-5105,70115000.00,84845000,14730000.00,shopmill:46658,https://shopmilltools.com/product/sm-46658/dasqua-dial-snap-gauge-model-4146-5105/,2026-09-09T12:24:29Z,84845000,KARZAR_PRICE=CURRENT_SHOPMILL_CUSTOMER_PRICE,IRT_toman_major_unit0,EXACT_MATCH,EXACT_SKU,7dbeafd9ab421871425d0c1fd66ebbf13ef6188b5edfb9bab8d73ed2a8a64d0f
1351,DASQUA,4210-2106,53465000.00,64700000,11235000.00,shopmill:39980,https://shopmilltools.com/product/sm-39980/dasqua-universal-digital-micrometer-model-4210-2106/,2026-09-09T12:24:29Z,64700000,KARZAR_PRICE=CURRENT_SHOPMILL_CUSTOMER_PRICE,IRT_toman_major_unit0,EXACT_MATCH,EXACT_SKU,7dbeafd9ab421871425d0c1fd66ebbf13ef6188b5edfb9bab8d73ed2a8a64d0f
1354,DASQUA,4210-2135,19350000.00,23415000,4065000.00,shopmill:38864,https://shopmilltools.com/product/sm-38864/dasqua-digital-outside-micrometer-model-4210-2135-a/,2026-09-09T12:24:29Z,23415000,KARZAR_PRICE=CURRENT_SHOPMILL_CUSTOMER_PRICE,IRT_toman_major_unit0,EXACT_MATCH,EXACT_NORMALIZED_SKU:dasqua_trailing_A,7dbeafd9ab421871425d0c1fd66ebbf13ef6188b5edfb9bab8d73ed2a8a64d0f
1355,DASQUA,4210-2140,21395000.00,25890000,4495000.00,shopmill:38884,https://shopmilltools.com/product/sm-38884/dasqua-digital-outside-micrometer-model-4210-2140-a/,2026-09-09T12:24:29Z,25890000,KARZAR_PRICE=CURRENT_SHOPMILL_CUSTOMER_PRICE,IRT_toman_major_unit0,EXACT_MATCH,EXACT_NORMALIZED_SKU:dasqua_trailing_A,7dbeafd9ab421871425d0c1fd66ebbf13ef6188b5edfb9bab8d73ed2a8a64d0f
1356,DASQUA,4210-2145,32285000.00,39070000,6785000.00,shopmill:38893,https://shopmilltools.com/product/sm-38893/dasqua-digital-outside-micrometer-model-4210-2145-a/,2026-09-09T12:24:29Z,39070000,KARZAR_PRICE=CURRENT_SHOPMILL_CUSTOMER_PRICE,IRT_toman_major_unit0,EXACT_MATCH,EXACT_NORMALIZED_SKU:dasqua_trailing_A,7dbeafd9ab421871425d0c1fd66ebbf13ef6188b5edfb9bab8d73ed2a8a64d0f
1357,DASQUA,4210-2150,34965000.00,42315000,7350000.00,shopmill:38906,https://shopmilltools.com/product/sm-38906/dasqua-digital-outside-micrometer-model-4210-2150-a/,2026-09-09T12:24:29Z,42315000,KARZAR_PRICE=CURRENT_SHOPMILL_CUSTOMER_PRICE,IRT_toman_major_unit0,EXACT_MATCH,EXACT_NORMALIZED_SKU:dasqua_trailing_A,7dbeafd9ab421871425d0c1fd66ebbf13ef6188b5edfb9bab8d73ed2a8a64d0f
1358,DASQUA,4210-2155,36605000.00,44295000,7690000.00,shopmill:39013,https://shopmilltools.com/product/sm-39013/dasqua-digital-outside-micrometer-model-4210-2155-a/,2026-09-09T12:24:29Z,44295000,KARZAR_PRICE=CURRENT_SHOPMILL_CUSTOMER_PRICE,IRT_toman_major_unit0,EXACT_MATCH,EXACT_NORMALIZED_SKU:dasqua_trailing_A,7dbeafd9ab421871425d0c1fd66ebbf13ef6188b5edfb9bab8d73ed2a8a64d0f
1359,DASQUA,4210-2160,38875000.00,47045000,8170000.00,shopmill:39022,https://shopmilltools.com/product/sm-39022/dasqua-digital-outside-micrometer-model-4210-2160-a/,2026-09-09T12:24:29Z,47045000,KARZAR_PRICE=CURRENT_SHOPMILL_CUSTOMER_PRICE,IRT_toman_major_unit0,EXACT_MATCH,EXACT_NORMALIZED_SKU:dasqua_trailing_A,7dbeafd9ab421871425d0c1fd66ebbf13ef6188b5edfb9bab8d73ed2a8a64d0f
1361,DASQUA,4220-2108,49360000.00,59730000,10370000.00,shopmill:40151,https://shopmilltools.com/product/sm-40151/dasqua-digital-quick-move-disc-micrometer-model-4220-2108/,2026-09-09T12:24:29Z,59730000,KARZAR_PRICE=CURRENT_SHOPMILL_CUSTOMER_PRICE,IRT_toman_major_unit0,EXACT_MATCH,EXACT_SKU,7dbeafd9ab421871425d0c1fd66ebbf13ef6188b5edfb9bab8d73ed2a8a64d0f
1362,DASQUA,4220-2109,53465000.00,64700000,11235000.00,shopmill:40159,https://shopmilltools.com/product/sm-40159/dasqua-digital-quick-move-blade-micrometer-model-4220-2109/,2026-09-09T12:24:29Z,64700000,KARZAR_PRICE=CURRENT_SHOPMILL_CUSTOMER_PRICE,IRT_toman_major_unit0,EXACT_MATCH,EXACT_SKU,7dbeafd9ab421871425d0c1fd66ebbf13ef6188b5edfb9bab8d73ed2a8a64d0f
1363,DASQUA,4230-2005,8360000.00,10116000,1756000.00,shopmill:33611,https://shopmilltools.com/product/sm-33611/dasqua-digital-outside-micrometer-model-4230-2005/,2026-09-09T12:24:29Z,10116000,KARZAR_PRICE=CURRENT_SHOPMILL_CUSTOMER_PRICE,IRT_toman_major_unit0,EXACT_MATCH,EXACT_SKU,7dbeafd9ab421871425d0c1fd66ebbf13ef6188b5edfb9bab8d73ed2a8a64d0f
1364,DASQUA,4230-2010,10415000.00,12610000,2195000.00,shopmill:38745,https://shopmilltools.com/product/sm-38745/dasqua-digital-outside-micrometer-model-4230-2010/,2026-09-09T12:24:29Z,12610000,KARZAR_PRICE=CURRENT_SHOPMILL_CUSTOMER_PRICE,IRT_toman_major_unit0,EXACT_MATCH,EXACT_SKU,7dbeafd9ab421871425d0c1fd66ebbf13ef6188b5edfb9bab8d73ed2a8a64d0f
1365,DASQUA,4230-2015,12765000.00,15450000,2685000.00,shopmill:38759,https://shopmilltools.com/product/sm-38759/dasqua-digital-outside-micrometer-model-4230-2015/,2026-09-09T12:24:29Z,15450000,KARZAR_PRICE=CURRENT_SHOPMILL_CUSTOMER_PRICE,IRT_toman_major_unit0,EXACT_MATCH,EXACT_SKU,7dbeafd9ab421871425d0c1fd66ebbf13ef6188b5edfb9bab8d73ed2a8a64d0f
1366,DASQUA,4230-2020,14505000.00,17550000,3045000.00,shopmill:38765,https://shopmilltools.com/product/sm-38765/dasqua-digital-outside-micrometer-model-4230-2020/,2026-09-09T12:24:29Z,17550000,KARZAR_PRICE=CURRENT_SHOPMILL_CUSTOMER_PRICE,IRT_toman_major_unit0,EXACT_MATCH,EXACT_SKU,7dbeafd9ab421871425d0c1fd66ebbf13ef6188b5edfb9bab8d73ed2a8a64d0f
1367,DASQUA,4230-2025,17510000.00,21195000,3685000.00,shopmill:38770,https://shopmilltools.com/product/sm-38770/dasqua-digital-outside-micrometer-model-4230-2025/,2026-09-09T12:24:29Z,21195000,KARZAR_PRICE=CURRENT_SHOPMILL_CUSTOMER_PRICE,IRT_toman_major_unit0,EXACT_MATCH,EXACT_SKU,7dbeafd9ab421871425d0c1fd66ebbf13ef6188b5edfb9bab8d73ed2a8a64d0f
1368,DASQUA,4230-2030,20385000.00,24670000,4285000.00,shopmill:38777,https://shopmilltools.com/product/sm-38777/dasqua-digital-outside-micrometer-model-4230-2030/,2026-09-09T12:24:29Z,24670000,KARZAR_PRICE=CURRENT_SHOPMILL_CUSTOMER_PRICE,IRT_toman_major_unit0,EXACT_MATCH,EXACT_SKU,7dbeafd9ab421871425d0c1fd66ebbf13ef6188b5edfb9bab8d73ed2a8a64d0f
1369,DASQUA,4311-8103,13600000.00,16460000,2860000.00,shopmill:46654,https://shopmilltools.com/product/sm-46654/dasqua-tubular-inside-micrometer-model-4311-8103/,2026-09-09T12:24:29Z,16460000,KARZAR_PRICE=CURRENT_SHOPMILL_CUSTOMER_PRICE,IRT_toman_major_unit0,EXACT_MATCH,EXACT_SKU,7dbeafd9ab421871425d0c1fd66ebbf13ef6188b5edfb9bab8d73ed2a8a64d0f
1370,DASQUA,4311-8106,15645000.00,18935000,3290000.00,shopmill:39345,https://shopmilltools.com/product/sm-39345/dasqua-tubular-inside-micrometer-model-4311-8106/,2026-09-09T12:24:29Z,18935000,KARZAR_PRICE=CURRENT_SHOPMILL_CUSTOMER_PRICE,IRT_toman_major_unit0,EXACT_MATCH,EXACT_SKU,7dbeafd9ab421871425d0c1fd66ebbf13ef6188b5edfb9bab8d73ed2a8a64d0f
1371,DASQUA,4311-8107,15645000.00,18935000,3290000.00,shopmill:39394,https://shopmilltools.com/product/sm-39394/dasqua-tubular-inside-micrometer-model-4311-8107/,2026-09-09T12:24:29Z,18935000,KARZAR_PRICE=CURRENT_SHOPMILL_CUSTOMER_PRICE,IRT_toman_major_unit0,EXACT_MATCH,EXACT_SKU,7dbeafd9ab421871425d0c1fd66ebbf13ef6188b5edfb9bab8d73ed2a8a64d0f
1372,DASQUA,4311-8109,19955000.00,24145000,4190000.00,shopmill:39400,https://shopmilltools.com/product/sm-39400/dasqua-tubular-inside-micrometer-model-4311-8109/,2026-09-09T12:24:29Z,24145000,KARZAR_PRICE=CURRENT_SHOPMILL_CUSTOMER_PRICE,IRT_toman_major_unit0,EXACT_MATCH,EXACT_SKU,7dbeafd9ab421871425d0c1fd66ebbf13ef6188b5edfb9bab8d73ed2a8a64d0f
1373,DASQUA,4311-8111,24890000.00,30120000,5230000.00,shopmill:39418,https://shopmilltools.com/product/sm-39418/dasqua-tubular-inside-micrometer-model-4311-8111/,2026-09-09T12:24:29Z,30120000,KARZAR_PRICE=CURRENT_SHOPMILL_CUSTOMER_PRICE,IRT_toman_major_unit0,EXACT_MATCH,EXACT_SKU,7dbeafd9ab421871425d0c1fd66ebbf13ef6188b5edfb9bab8d73ed2a8a64d0f
1374,DASQUA,4311-8113,25095000.00,30365000,5270000.00,shopmill:39420,https://shopmilltools.com/product/sm-39420/dasqua-tubular-inside-micrometer-model-4311-8113/,2026-09-09T12:24:29Z,30365000,KARZAR_PRICE=CURRENT_SHOPMILL_CUSTOMER_PRICE,IRT_toman_major_unit0,EXACT_MATCH,EXACT_SKU,7dbeafd9ab421871425d0c1fd66ebbf13ef6188b5edfb9bab8d73ed2a8a64d0f
1375,DASQUA,4311-8118,57575000.00,69670000,12095000.00,shopmill:39423,https://shopmilltools.com/product/sm-39423/dasqua-tubular-inside-micrometer-model-4311-8118/,2026-09-09T12:24:29Z,69670000,KARZAR_PRICE=CURRENT_SHOPMILL_CUSTOMER_PRICE,IRT_toman_major_unit0,EXACT_MATCH,EXACT_SKU,7dbeafd9ab421871425d0c1fd66ebbf13ef6188b5edfb9bab8d73ed2a8a64d0f
1376,DASQUA,4311-8119,74640000.00,90315000,15675000.00,shopmill:39428,https://shopmilltools.com/product/sm-39428/dasqua-tubular-inside-micrometer-model-4311-8119/,2026-09-09T12:24:29Z,90315000,KARZAR_PRICE=CURRENT_SHOPMILL_CUSTOMER_PRICE,IRT_toman_major_unit0,EXACT_MATCH,EXACT_SKU,7dbeafd9ab421871425d0c1fd66ebbf13ef6188b5edfb9bab8d73ed2a8a64d0f
1379,DASQUA,4400-0010,33545000.00,40590000,7045000.00,shopmill:39440,https://shopmilltools.com/product/sm-39440/dasqua-digital-tube-micrometer-model-4400-0010/,2026-09-09T12:24:29Z,40590000,KARZAR_PRICE=CURRENT_SHOPMILL_CUSTOMER_PRICE,IRT_toman_major_unit0,EXACT_MATCH,EXACT_SKU,7dbeafd9ab421871425d0c1fd66ebbf13ef6188b5edfb9bab8d73ed2a8a64d0f
1380,DASQUA,4410-1105,12970000.00,15694000,2724000.00,shopmill:33680,https://shopmilltools.com/product/sm-33680/dasqua-ip65-oil-water-proof-digital-micrometer-model-4410-1105-a/,2026-09-09T12:24:29Z,15694000,KARZAR_PRICE=CURRENT_SHOPMILL_CUSTOMER_PRICE,IRT_toman_major_unit0,EXACT_MATCH,EXACT_NORMALIZED_SKU:dasqua_trailing_A,7dbeafd9ab421871425d0c1fd66ebbf13ef6188b5edfb9bab8d73ed2a8a64d0f
1381,DASQUA,4410-1110,16670000.00,20175000,3505000.00,shopmill:39032,https://shopmilltools.com/product/sm-39032/dasqua-ip65-oil-water-proof-digital-micrometer-model-4410-1110-a/,2026-09-09T12:24:29Z,20175000,KARZAR_PRICE=CURRENT_SHOPMILL_CUSTOMER_PRICE,IRT_toman_major_unit0,EXACT_MATCH,EXACT_NORMALIZED_SKU:dasqua_trailing_A,7dbeafd9ab421871425d0c1fd66ebbf13ef6188b5edfb9bab8d73ed2a8a64d0f
1382,DASQUA,4410-1115,18510000.00,22405000,3895000.00,shopmill:39051,https://shopmilltools.com/product/sm-39051/dasqua-ip65-oil-water-proof-digital-micrometer-model-4410-1115-a/,2026-09-09T12:24:29Z,22405000,KARZAR_PRICE=CURRENT_SHOPMILL_CUSTOMER_PRICE,IRT_toman_major_unit0,EXACT_MATCH,EXACT_NORMALIZED_SKU:dasqua_trailing_A,7dbeafd9ab421871425d0c1fd66ebbf13ef6188b5edfb9bab8d73ed2a8a64d0f
1383,DASQUA,4410-1120,22430000.00,27145000,4715000.00,shopmill:39070,https://shopmilltools.com/product/sm-39070/dasqua-ip65-oil-water-proof-digital-micrometer-model-4410-1120-a/,2026-09-09T12:24:29Z,27145000,KARZAR_PRICE=CURRENT_SHOPMILL_CUSTOMER_PRICE,IRT_toman_major_unit0,EXACT_MATCH,EXACT_NORMALIZED_SKU:dasqua_trailing_A,7dbeafd9ab421871425d0c1fd66ebbf13ef6188b5edfb9bab8d73ed2a8a64d0f
1384,DASQUA,4410-1125,27500000.00,33275000,5775000.00,shopmill:46648,https://shopmilltools.com/product/sm-46648/dasqua-ip65-water-proof-digital-outside-micrometer-model-4410-1125/,2026-09-09T12:24:29Z,33275000,KARZAR_PRICE=CURRENT_SHOPMILL_CUSTOMER_PRICE,IRT_toman_major_unit0,EXACT_MATCH,EXACT_SKU,7dbeafd9ab421871425d0c1fd66ebbf13ef6188b5edfb9bab8d73ed2a8a64d0f
1386,DASQUA,4411-3215,135070000.00,163440000,28370000.00,shopmill:39932,https://shopmilltools.com/product/sm-39932/dasqua-3-points-inside-micrometer-set-model-4411-3215/,2026-09-09T12:24:29Z,163440000,KARZAR_PRICE=CURRENT_SHOPMILL_CUSTOMER_PRICE,IRT_toman_major_unit0,EXACT_MATCH,EXACT_SKU,7dbeafd9ab421871425d0c1fd66ebbf13ef6188b5edfb9bab8d73ed2a8a64d0f
1387,DASQUA,4411-3220,185005000.00,223855000,38850000.00,shopmill:39936,https://shopmilltools.com/product/sm-39936/dasqua-3-points-inside-micrometer-set-model-4411-3220/,2026-09-09T12:24:29Z,223855000,KARZAR_PRICE=CURRENT_SHOPMILL_CUSTOMER_PRICE,IRT_toman_major_unit0,EXACT_MATCH,EXACT_SKU,7dbeafd9ab421871425d0c1fd66ebbf13ef6188b5edfb9bab8d73ed2a8a64d0f
1401,DASQUA,4411-5114,59625000.00,72150000,12525000.00,shopmill:39708,https://shopmilltools.com/product/sm-39708/dasqua-3-points-inside-micrometer-model-4411-5114-a/,2026-09-09T12:24:29Z,72150000,KARZAR_PRICE=CURRENT_SHOPMILL_CUSTOMER_PRICE,IRT_toman_major_unit0,EXACT_MATCH,EXACT_NORMALIZED_SKU:dasqua_trailing_A,7dbeafd9ab421871425d0c1fd66ebbf13ef6188b5edfb9bab8d73ed2a8a64d0f
1402,DASQUA,4411-5115,70940000.00,85840000,14900000.00,shopmill:39715,https://shopmilltools.com/product/sm-39715/dasqua-3-points-inside-micrometer-model-4411-5115-a/,2026-09-09T12:24:29Z,85840000,KARZAR_PRICE=CURRENT_SHOPMILL_CUSTOMER_PRICE,IRT_toman_major_unit0,EXACT_MATCH,EXACT_NORMALIZED_SKU:dasqua_trailing_A,7dbeafd9ab421871425d0c1fd66ebbf13ef6188b5edfb9bab8d73ed2a8a64d0f
1403,DASQUA,4411-5116,81220000.00,9880000,-71340000.00,shopmill:39721,https://shopmilltools.com/product/sm-39721/dasqua-3-points-inside-micrometer-model-4411-5116-a/,2026-09-09T12:24:29Z,9880000,KARZAR_PRICE=CURRENT_SHOPMILL_CUSTOMER_PRICE,IRT_toman_major_unit0,EXACT_MATCH,EXACT_NORMALIZED_SKU:dasqua_trailing_A,7dbeafd9ab421871425d0c1fd66ebbf13ef6188b5edfb9bab8d73ed2a8a64d0f
1404,DASQUA,4411-5117,101765000.00,123140000,21375000.00,shopmill:39727,https://shopmilltools.com/product/sm-39727/dasqua-3-points-inside-micrometer-model-4411-5117-a/,2026-09-09T12:24:29Z,123140000,KARZAR_PRICE=CURRENT_SHOPMILL_CUSTOMER_PRICE,IRT_toman_major_unit0,EXACT_MATCH,EXACT_NORMALIZED_SKU:dasqua_trailing_A,7dbeafd9ab421871425d0c1fd66ebbf13ef6188b5edfb9bab8d73ed2a8a64d0f
1405,DASQUA,4411-5118,121290000.00,146765000,25475000.00,shopmill:39733,https://shopmilltools.com/product/sm-39733/dasqua-3-points-inside-micrometer-model-4411-5118-a/,2026-09-09T12:24:29Z,146765000,KARZAR_PRICE=CURRENT_SHOPMILL_CUSTOMER_PRICE,IRT_toman_major_unit0,EXACT_MATCH,EXACT_NORMALIZED_SKU:dasqua_trailing_A,7dbeafd9ab421871425d0c1fd66ebbf13ef6188b5edfb9bab8d73ed2a8a64d0f
1406,DASQUA,4411-5119,129510000.00,156715000,27205000.00,shopmill:39737,https://shopmilltools.com/product/sm-39737/dasqua-3-points-inside-micrometer-model-4411-5119-a/,2026-09-09T12:24:29Z,156715000,KARZAR_PRICE=CURRENT_SHOPMILL_CUSTOMER_PRICE,IRT_toman_major_unit0,EXACT_MATCH,EXACT_NORMALIZED_SKU:dasqua_trailing_A,7dbeafd9ab421871425d0c1fd66ebbf13ef6188b5edfb9bab8d73ed2a8a64d0f
1407,DASQUA,4411-5120,143910000.00,174135000,30225000.00,shopmill:39753,https://shopmilltools.com/product/sm-39753/dasqua-3-points-inside-micrometer-model-4411-5120-a/,2026-09-09T12:24:29Z,174135000,KARZAR_PRICE=CURRENT_SHOPMILL_CUSTOMER_PRICE,IRT_toman_major_unit0,EXACT_MATCH,EXACT_NORMALIZED_SKU:dasqua_trailing_A,7dbeafd9ab421871425d0c1fd66ebbf13ef6188b5edfb9bab8d73ed2a8a64d0f
1408,DASQUA,4411-5121,178845000.00,216405000,37560000.00,shopmill:39761,https://shopmilltools.com/product/sm-39761/dasqua-3-points-inside-micrometer-model-4411-5121-a/,2026-09-09T12:24:29Z,216405000,KARZAR_PRICE=CURRENT_SHOPMILL_CUSTOMER_PRICE,IRT_toman_major_unit0,EXACT_MATCH,EXACT_NORMALIZED_SKU:dasqua_trailing_A,7dbeafd9ab421871425d0c1fd66ebbf13ef6188b5edfb9bab8d73ed2a8a64d0f
1411,DASQUA,4440-1010,10090000.00,12210000,2120000.00,shopmill:39431,https://shopmilltools.com/product/sm-39431/dasqua-tube-micrometer-model-4440-1010/,2026-09-09T12:24:29Z,12210000,KARZAR_PRICE=CURRENT_SHOPMILL_CUSTOMER_PRICE,IRT_toman_major_unit0,EXACT_MATCH,EXACT_SKU,7dbeafd9ab421871425d0c1fd66ebbf13ef6188b5edfb9bab8d73ed2a8a64d0f
1414,DASQUA,4511-5102,53465000.00,64700000,11235000.00,shopmill:39792,https://shopmilltools.com/product/sm-39792/dasqua-ip54-water-proof-digital-3-points-inside-micrometer-model-4511-5102/,2026-09-09T12:24:29Z,64700000,KARZAR_PRICE=CURRENT_SHOPMILL_CUSTOMER_PRICE,IRT_toman_major_unit0,EXACT_MATCH,EXACT_SKU,7dbeafd9ab421871425d0c1fd66ebbf13ef6188b5edfb9bab8d73ed2a8a64d0f
1415,DASQUA,4511-5103,53465000.00,64700000,11235000.00,shopmill:39802,https://shopmilltools.com/product/sm-39802/dasqua-ip54-water-proof-digital-3-points-inside-micrometer-model-4511-5103/,2026-09-09T12:24:29Z,64700000,KARZAR_PRICE=CURRENT_SHOPMILL_CUSTOMER_PRICE,IRT_toman_major_unit0,EXACT_MATCH,EXACT_SKU,7dbeafd9ab421871425d0c1fd66ebbf13ef6188b5edfb9bab8d73ed2a8a64d0f
1416,DASQUA,4511-5104,55525000.00,67190000,11665000.00,shopmill:39810,https://shopmilltools.com/product/sm-39810/dasqua-ip54-water-proof-digital-3-points-inside-micrometer-model-4511-5104/,2026-09-09T12:24:29Z,67190000,KARZAR_PRICE=CURRENT_SHOPMILL_CUSTOMER_PRICE,IRT_toman_major_unit0,EXACT_MATCH,EXACT_SKU,7dbeafd9ab421871425d0c1fd66ebbf13ef6188b5edfb9bab8d73ed2a8a64d0f
1417,DASQUA,4511-5105,55525000.00,67190000,11665000.00,shopmill:39818,https://shopmilltools.com/product/sm-39818/dasqua-ip54-water-proof-digital-3-points-inside-micrometer-model-4511-5105/,2026-09-09T12:24:29Z,67190000,KARZAR_PRICE=CURRENT_SHOPMILL_CUSTOMER_PRICE,IRT_toman_major_unit0,EXACT_MATCH,EXACT_SKU,7dbeafd9ab421871425d0c1fd66ebbf13ef6188b5edfb9bab8d73ed2a8a64d0f
1418,DASQUA,4511-5106,55525000.00,67190000,11665000.00,shopmill:39825,https://shopmilltools.com/product/sm-39825/dasqua-ip54-water-proof-digital-3-points-inside-micrometer-model-4511-5106/,2026-09-09T12:24:29Z,67190000,KARZAR_PRICE=CURRENT_SHOPMILL_CUSTOMER_PRICE,IRT_toman_major_unit0,EXACT_MATCH,EXACT_SKU,7dbeafd9ab421871425d0c1fd66ebbf13ef6188b5edfb9bab8d73ed2a8a64d0f
1419,DASQUA,4511-5107,55525000.00,31185000,-24340000.00,shopmill:39836,https://shopmilltools.com/product/sm-39836/dasqua-ip54-water-proof-digital-3-points-inside-micrometer-model-4511-5107/,2026-09-09T12:24:29Z,31185000,KARZAR_PRICE=CURRENT_SHOPMILL_CUSTOMER_PRICE,IRT_toman_major_unit0,EXACT_MATCH,EXACT_SKU,7dbeafd9ab421871425d0c1fd66ebbf13ef6188b5edfb9bab8d73ed2a8a64d0f
1420,DASQUA,4511-5108,61070000.00,73900000,12830000.00,shopmill:39844,https://shopmilltools.com/product/sm-39844/dasqua-ip54-water-proof-digital-3-points-inside-micrometer-model-4511-5108/,2026-09-09T12:24:29Z,73900000,KARZAR_PRICE=CURRENT_SHOPMILL_CUSTOMER_PRICE,IRT_toman_major_unit0,EXACT_MATCH,EXACT_SKU,7dbeafd9ab421871425d0c1fd66ebbf13ef6188b5edfb9bab8d73ed2a8a64d0f
1421,DASQUA,4511-5109,61070000.00,73900000,12830000.00,shopmill:39850,https://shopmilltools.com/product/sm-39850/dasqua-ip54-water-proof-digital-3-points-inside-micrometer-model-4511-5109/,2026-09-09T12:24:29Z,73900000,KARZAR_PRICE=CURRENT_SHOPMILL_CUSTOMER_PRICE,IRT_toman_major_unit0,EXACT_MATCH,EXACT_SKU,7dbeafd9ab421871425d0c1fd66ebbf13ef6188b5edfb9bab8d73ed2a8a64d0f
1422,DASQUA,4511-5110,66825000.00,80865000,14040000.00,shopmill:39855,https://shopmilltools.com/product/sm-39855/dasqua-ip54-water-proof-digital-3-points-inside-micrometer-model-4511-5110/,2026-09-09T12:24:29Z,80865000,KARZAR_PRICE=CURRENT_SHOPMILL_CUSTOMER_PRICE,IRT_toman_major_unit0,EXACT_MATCH,EXACT_SKU,7dbeafd9ab421871425d0c1fd66ebbf13ef6188b5edfb9bab8d73ed2a8a64d0f
1423,DASQUA,4511-5111,69905000.00,84585000,14680000.00,shopmill:39862,https://shopmilltools.com/product/sm-39862/dasqua-ip54-water-proof-digital-3-points-inside-micrometer-model-4511-5111/,2026-09-09T12:24:29Z,84585000,KARZAR_PRICE=CURRENT_SHOPMILL_CUSTOMER_PRICE,IRT_toman_major_unit0,EXACT_MATCH,EXACT_SKU,7dbeafd9ab421871425d0c1fd66ebbf13ef6188b5edfb9bab8d73ed2a8a64d0f
1424,DASQUA,4511-5112,77510000.00,93795000,16285000.00,shopmill:39867,https://shopmilltools.com/product/sm-39867/dasqua-ip54-water-proof-digital-3-points-inside-micrometer-model-4511-5112/,2026-09-09T12:24:29Z,93795000,KARZAR_PRICE=CURRENT_SHOPMILL_CUSTOMER_PRICE,IRT_toman_major_unit0,EXACT_MATCH,EXACT_SKU,7dbeafd9ab421871425d0c1fd66ebbf13ef6188b5edfb9bab8d73ed2a8a64d0f
1425,DASQUA,4511-5113,74025000.00,89575000,15550000.00,shopmill:39874,https://shopmilltools.com/product/sm-39874/dasqua-ip54-water-proof-digital-3-points-inside-micrometer-model-4511-5113/,2026-09-09T12:24:29Z,89575000,KARZAR_PRICE=CURRENT_SHOPMILL_CUSTOMER_PRICE,IRT_toman_major_unit0,EXACT_MATCH,EXACT_SKU,7dbeafd9ab421871425d0c1fd66ebbf13ef6188b5edfb9bab8d73ed2a8a64d0f
1426,DASQUA,4511-5114,85520000.00,103485000,17965000.00,shopmill:39879,https://shopmilltools.com/product/sm-39879/dasqua-ip54-water-proof-digital-3-points-inside-micrometer-model-4511-5114/,2026-09-09T12:24:29Z,103485000,KARZAR_PRICE=CURRENT_SHOPMILL_CUSTOMER_PRICE,IRT_toman_major_unit0,EXACT_MATCH,EXACT_SKU,7dbeafd9ab421871425d0c1fd66ebbf13ef6188b5edfb9bab8d73ed2a8a64d0f
1427,DASQUA,4511-5115,94570000.00,114435000,19865000.00,shopmill:39885,https://shopmilltools.com/product/sm-39885/dasqua-ip54-water-proof-digital-3-points-inside-micrometer-model-4511-5115-a/,2026-09-09T12:24:29Z,114435000,KARZAR_PRICE=CURRENT_SHOPMILL_CUSTOMER_PRICE,IRT_toman_major_unit0,EXACT_MATCH,EXACT_NORMALIZED_SKU:dasqua_trailing_A,7dbeafd9ab421871425d0c1fd66ebbf13ef6188b5edfb9bab8d73ed2a8a64d0f
1428,DASQUA,4511-5116,106905000.00,129355000,22450000.00,shopmill:39888,https://shopmilltools.com/product/sm-39888/dasqua-ip54-water-proof-digital-3-points-inside-micrometer-model-4511-5116/,2026-09-09T12:24:29Z,129355000,KARZAR_PRICE=CURRENT_SHOPMILL_CUSTOMER_PRICE,IRT_toman_major_unit0,EXACT_MATCH,EXACT_SKU,7dbeafd9ab421871425d0c1fd66ebbf13ef6188b5edfb9bab8d73ed2a8a64d0f
1429,DASQUA,4511-5117,121290000.00,146765000,25475000.00,shopmill:39897,https://shopmilltools.com/product/sm-39897/dasqua-ip54-water-proof-digital-3-points-inside-micrometer-model-4511-5117-a/,2026-09-09T12:24:29Z,146765000,KARZAR_PRICE=CURRENT_SHOPMILL_CUSTOMER_PRICE,IRT_toman_major_unit0,EXACT_MATCH,EXACT_NORMALIZED_SKU:dasqua_trailing_A,7dbeafd9ab421871425d0c1fd66ebbf13ef6188b5edfb9bab8d73ed2a8a64d0f
1430,DASQUA,4511-5118,142880000.00,172890000,30010000.00,shopmill:39902,https://shopmilltools.com/product/sm-39902/dasqua-ip54-water-proof-digital-3-points-inside-micrometer-model-4511-5118-a/,2026-09-09T12:24:29Z,172890000,KARZAR_PRICE=CURRENT_SHOPMILL_CUSTOMER_PRICE,IRT_toman_major_unit0,EXACT_MATCH,EXACT_NORMALIZED_SKU:dasqua_trailing_A,7dbeafd9ab421871425d0c1fd66ebbf13ef6188b5edfb9bab8d73ed2a8a64d0f
1431,DASQUA,4511-5119,162405000.00,196510000,34105000.00,shopmill:39906,https://shopmilltools.com/product/sm-39906/dasqua-ip54-water-proof-digital-3-points-inside-micrometer-model-4511-5119-a/,2026-09-09T12:24:29Z,196510000,KARZAR_PRICE=CURRENT_SHOPMILL_CUSTOMER_PRICE,IRT_toman_major_unit0,EXACT_MATCH,EXACT_NORMALIZED_SKU:dasqua_trailing_A,7dbeafd9ab421871425d0c1fd66ebbf13ef6188b5edfb9bab8d73ed2a8a64d0f
1432,DASQUA,4511-5120,195295000.00,237410000,42115000.00,shopmill:39916,https://shopmilltools.com/product/sm-39916/dasqua-ip54-water-proof-digital-3-points-inside-micrometer-model-4511-5120-a/,2026-09-09T12:24:29Z,237410000,KARZAR_PRICE=CURRENT_SHOPMILL_CUSTOMER_PRICE,IRT_toman_major_unit0,EXACT_MATCH,EXACT_NORMALIZED_SKU:dasqua_trailing_A,7dbeafd9ab421871425d0c1fd66ebbf13ef6188b5edfb9bab8d73ed2a8a64d0f
1433,DASQUA,4511-5121,203500000.00,246235000,42735000.00,shopmill:39922,https://shopmilltools.com/product/sm-39922/dasqua-ip54-water-proof-digital-3-points-inside-micrometer-model-4511-5121-a/,2026-09-09T12:24:29Z,246235000,KARZAR_PRICE=CURRENT_SHOPMILL_CUSTOMER_PRICE,IRT_toman_major_unit0,EXACT_MATCH,EXACT_NORMALIZED_SKU:dasqua_trailing_A,7dbeafd9ab421871425d0c1fd66ebbf13ef6188b5edfb9bab8d73ed2a8a64d0f
1435,DASQUA,4511-9210,101765000.00,123140000,21375000.00,shopmill:39941,https://shopmilltools.com/product/sm-39941/dasqua-ip54-water-proof-digital-3-points-inside-micrometer-set-model-4511-9210/,2026-09-09T12:24:29Z,123140000,KARZAR_PRICE=CURRENT_SHOPMILL_CUSTOMER_PRICE,IRT_toman_major_unit0,EXACT_MATCH,EXACT_SKU,7dbeafd9ab421871425d0c1fd66ebbf13ef6188b5edfb9bab8d73ed2a8a64d0f
1436,DASQUA,4511-9215,219950000.00,266140000,46190000.00,shopmill:39942,https://shopmilltools.com/product/sm-39942/dasqua-ip54-water-proof-digital-3-points-inside-micrometer-set-model-4511-9215/,2026-09-09T12:24:29Z,266140000,KARZAR_PRICE=CURRENT_SHOPMILL_CUSTOMER_PRICE,IRT_toman_major_unit0,EXACT_MATCH,EXACT_SKU,7dbeafd9ab421871425d0c1fd66ebbf13ef6188b5edfb9bab8d73ed2a8a64d0f
1438,DASQUA,4570-0005,34965000.00,42309000,7344000.00,shopmill:33911,https://shopmilltools.com/product/sm-33911/dasqua-digital-gear-micrometer-model-4570-0005/,2026-09-09T12:24:29Z,42309000,KARZAR_PRICE=CURRENT_SHOPMILL_CUSTOMER_PRICE,IRT_toman_major_unit0,EXACT_MATCH,EXACT_SKU,7dbeafd9ab421871425d0c1fd66ebbf13ef6188b5edfb9bab8d73ed2a8a64d0f
1439,DASQUA,4610-1005,10205000.00,12349000,2144000.00,shopmill:33841,https://shopmilltools.com/product/sm-33841/dasqua-point-micrometer-model-4610-1005/,2026-09-09T12:24:29Z,12349000,KARZAR_PRICE=CURRENT_SHOPMILL_CUSTOMER_PRICE,IRT_toman_major_unit0,EXACT_MATCH,EXACT_SKU,7dbeafd9ab421871425d0c1fd66ebbf13ef6188b5edfb9bab8d73ed2a8a64d0f
1440,DASQUA,4610-1010,12765000.00,15450000,2685000.00,shopmill:39598,https://shopmilltools.com/product/sm-39598/dasqua-point-micrometer-model-4610-1010/,2026-09-09T12:24:29Z,15450000,KARZAR_PRICE=CURRENT_SHOPMILL_CUSTOMER_PRICE,IRT_toman_major_unit0,EXACT_MATCH,EXACT_SKU,7dbeafd9ab421871425d0c1fd66ebbf13ef6188b5edfb9bab8d73ed2a8a64d0f
1441,DASQUA,4610-1015,15840000.00,19170000,3330000.00,shopmill:39603,https://shopmilltools.com/product/sm-39603/dasqua-point-micrometer-model-4610-1015/,2026-09-09T12:24:29Z,19170000,KARZAR_PRICE=CURRENT_SHOPMILL_CUSTOMER_PRICE,IRT_toman_major_unit0,EXACT_MATCH,EXACT_SKU,7dbeafd9ab421871425d0c1fd66ebbf13ef6188b5edfb9bab8d73ed2a8a64d0f
1442,DASQUA,4610-1020,18425000.00,22300000,3875000.00,shopmill:39609,https://shopmilltools.com/product/sm-39609/dasqua-point-micrometer-model-4610-1020/,2026-09-09T12:24:29Z,22300000,KARZAR_PRICE=CURRENT_SHOPMILL_CUSTOMER_PRICE,IRT_toman_major_unit0,EXACT_MATCH,EXACT_SKU,7dbeafd9ab421871425d0c1fd66ebbf13ef6188b5edfb9bab8d73ed2a8a64d0f
1443,DASQUA,4610-1405,10205000.00,12349000,2144000.00,shopmill:33864,https://shopmilltools.com/product/sm-33864/dasqua-point-micrometer-model-4610-1405/,2026-09-09T12:24:29Z,12349000,KARZAR_PRICE=CURRENT_SHOPMILL_CUSTOMER_PRICE,IRT_toman_major_unit0,EXACT_MATCH,EXACT_SKU,7dbeafd9ab421871425d0c1fd66ebbf13ef6188b5edfb9bab8d73ed2a8a64d0f
1445,DASQUA,4611-8110,8900000.00,10770000,1870000.00,shopmill:39241,https://shopmilltools.com/product/sm-39241/dasqua-depth-micrometer-model-4611-8110/,2026-09-09T12:24:29Z,10770000,KARZAR_PRICE=CURRENT_SHOPMILL_CUSTOMER_PRICE,IRT_toman_major_unit0,EXACT_MATCH,EXACT_SKU,7dbeafd9ab421871425d0c1fd66ebbf13ef6188b5edfb9bab8d73ed2a8a64d0f
1446,DASQUA,4611-8120,12140000.00,14690000,2550000.00,shopmill:39247,https://shopmilltools.com/product/sm-39247/dasqua-depth-micrometer-model-4611-8120/,2026-09-09T12:24:29Z,14690000,KARZAR_PRICE=CURRENT_SHOPMILL_CUSTOMER_PRICE,IRT_toman_major_unit0,EXACT_MATCH,EXACT_SKU,7dbeafd9ab421871425d0c1fd66ebbf13ef6188b5edfb9bab8d73ed2a8a64d0f
1447,DASQUA,4611-8125,13695000.00,16575000,2880000.00,shopmill:39254,https://shopmilltools.com/product/sm-39254/dasqua-depth-micrometer-model-4611-8125/,2026-09-09T12:24:29Z,16575000,KARZAR_PRICE=CURRENT_SHOPMILL_CUSTOMER_PRICE,IRT_toman_major_unit0,EXACT_MATCH,EXACT_SKU,7dbeafd9ab421871425d0c1fd66ebbf13ef6188b5edfb9bab8d73ed2a8a64d0f
1452,DASQUA,4706-0002,39900000.00,48780000,8880000.00,shopmill:39085,https://shopmilltools.com/product/sm-39085/dasqua-ip65-water-proof-outside-micrometer-model-4706-0002/,2026-09-09T12:24:29Z,48780000,KARZAR_PRICE=CURRENT_SHOPMILL_CUSTOMER_PRICE,IRT_toman_major_unit0,EXACT_MATCH,EXACT_SKU,7dbeafd9ab421871425d0c1fd66ebbf13ef6188b5edfb9bab8d73ed2a8a64d0f
1453,DASQUA,4706-0003,43190000.00,52265000,9075000.00,shopmill:39109,https://shopmilltools.com/product/sm-39109/dasqua-ip65-water-proof-outside-micrometer-model-4706-0003/,2026-09-09T12:24:29Z,52265000,KARZAR_PRICE=CURRENT_SHOPMILL_CUSTOMER_PRICE,IRT_toman_major_unit0,EXACT_MATCH,EXACT_SKU,7dbeafd9ab421871425d0c1fd66ebbf13ef6188b5edfb9bab8d73ed2a8a64d0f
1454,DASQUA,4706-0011,39395000.00,47670000,8275000.00,shopmill:39079,https://shopmilltools.com/product/sm-39079/dasqua-ip65-water-proof-outside-micrometer-model-4706-0011/,2026-09-09T12:24:29Z,47670000,KARZAR_PRICE=CURRENT_SHOPMILL_CUSTOMER_PRICE,IRT_toman_major_unit0,EXACT_MATCH,EXACT_SKU,7dbeafd9ab421871425d0c1fd66ebbf13ef6188b5edfb9bab8d73ed2a8a64d0f
1455,DASQUA,4706-0012,40510000.00,49025000,8515000.00,shopmill:39093,https://shopmilltools.com/product/sm-39093/dasqua-ip65-water-proof-outside-micrometer-model-4706-0012/,2026-09-09T12:24:29Z,49025000,KARZAR_PRICE=CURRENT_SHOPMILL_CUSTOMER_PRICE,IRT_toman_major_unit0,EXACT_MATCH,EXACT_SKU,7dbeafd9ab421871425d0c1fd66ebbf13ef6188b5edfb9bab8d73ed2a8a64d0f
1457,DASQUA,4710-2205,28790000.00,34836000,6046000.00,shopmill:33746,https://shopmilltools.com/product/sm-33746/dasqua-digital-depth-micrometer-model-4710-2205/,2026-09-09T12:24:29Z,34836000,KARZAR_PRICE=CURRENT_SHOPMILL_CUSTOMER_PRICE,IRT_toman_major_unit0,EXACT_MATCH,EXACT_SKU,7dbeafd9ab421871425d0c1fd66ebbf13ef6188b5edfb9bab8d73ed2a8a64d0f
1458,DASQUA,4800-0005,37005000.00,44777000,7772000.00,shopmill:33580,https://shopmilltools.com/product/sm-33580/dasqua-outside-micrometer-adjustable-anvil-model-4800-0005/,2026-09-09T12:24:29Z,44777000,KARZAR_PRICE=CURRENT_SHOPMILL_CUSTOMER_PRICE,IRT_toman_major_unit0,EXACT_MATCH,EXACT_SKU,7dbeafd9ab421871425d0c1fd66ebbf13ef6188b5edfb9bab8d73ed2a8a64d0f
1459,DASQUA,4800-0010,41115000.00,49750000,8635000.00,shopmill:38623,https://shopmilltools.com/product/sm-38623/dasqua-outside-micrometer-with-adjustable-anvils-model-4800-0010/,2026-09-09T12:24:29Z,49750000,KARZAR_PRICE=CURRENT_SHOPMILL_CUSTOMER_PRICE,IRT_toman_major_unit0,EXACT_MATCH,EXACT_SKU,7dbeafd9ab421871425d0c1fd66ebbf13ef6188b5edfb9bab8d73ed2a8a64d0f
1460,DASQUA,4800-0015,51410000.00,62207000,10797000.00,shopmill:38630,https://shopmilltools.com/product/sm-38630/dasqua-outside-micrometer-with-adjustable-anvils-model-4800-0015/,2026-09-09T12:24:29Z,62207000,KARZAR_PRICE=CURRENT_SHOPMILL_CUSTOMER_PRICE,IRT_toman_major_unit0,EXACT_MATCH,EXACT_SKU,7dbeafd9ab421871425d0c1fd66ebbf13ef6188b5edfb9bab8d73ed2a8a64d0f
1461,DASQUA,4800-0020,90985000.00,110093000,19108000.00,shopmill:38641,https://shopmilltools.com/product/sm-38641/dasqua-outside-micrometer-with-adjustable-anvils-model-4800-0020/,2026-09-09T12:24:29Z,110093000,KARZAR_PRICE=CURRENT_SHOPMILL_CUSTOMER_PRICE,IRT_toman_major_unit0,EXACT_MATCH,EXACT_SKU,7dbeafd9ab421871425d0c1fd66ebbf13ef6188b5edfb9bab8d73ed2a8a64d0f
1462,DASQUA,4800-0025,107130000.00,129628000,22498000.00,shopmill:38674,https://shopmilltools.com/product/sm-38674/dasqua-outside-micrometer-with-adjustable-anvils-model-4800-0025/,2026-09-09T12:24:29Z,129628000,KARZAR_PRICE=CURRENT_SHOPMILL_CUSTOMER_PRICE,IRT_toman_major_unit0,EXACT_MATCH,EXACT_SKU,7dbeafd9ab421871425d0c1fd66ebbf13ef6188b5edfb9bab8d73ed2a8a64d0f
1463,DASQUA,4800-0030,117400000.00,142054000,24654000.00,shopmill:38731,https://shopmilltools.com/product/sm-38731/dasqua-outside-micrometer-with-adjustable-anvils-model-4800-0030/,2026-09-09T12:24:29Z,142054000,KARZAR_PRICE=CURRENT_SHOPMILL_CUSTOMER_PRICE,IRT_toman_major_unit0,EXACT_MATCH,EXACT_SKU,7dbeafd9ab421871425d0c1fd66ebbf13ef6188b5edfb9bab8d73ed2a8a64d0f
1465,DASQUA,4801-0003,23045000.00,27885000,4840000.00,shopmill:38434,https://shopmilltools.com/product/sm-38434/dasqua-outside-micrometer-model-4801-0003/,2026-09-09T12:24:29Z,27885000,KARZAR_PRICE=CURRENT_SHOPMILL_CUSTOMER_PRICE,IRT_toman_major_unit0,EXACT_MATCH,EXACT_SKU,7dbeafd9ab421871425d0c1fd66ebbf13ef6188b5edfb9bab8d73ed2a8a64d0f
1469,DASQUA,4811-8115,6090000.00,7370000,1280000.00,shopmill:40310,https://shopmilltools.com/product/sm-40310/dasqua-micrometer-head-model-4811-8115/,2026-09-09T12:24:29Z,7370000,KARZAR_PRICE=CURRENT_SHOPMILL_CUSTOMER_PRICE,IRT_toman_major_unit0,EXACT_MATCH,EXACT_SKU,7dbeafd9ab421871425d0c1fd66ebbf13ef6188b5edfb9bab8d73ed2a8a64d0f
1470,DASQUA,4811-8120,13600000.00,16460000,2860000.00,shopmill:40315,https://shopmilltools.com/product/sm-40315/dasqua-micrometer-head-model-4811-8120/,2026-09-09T12:24:29Z,16460000,KARZAR_PRICE=CURRENT_SHOPMILL_CUSTOMER_PRICE,IRT_toman_major_unit0,EXACT_MATCH,EXACT_SKU,7dbeafd9ab421871425d0c1fd66ebbf13ef6188b5edfb9bab8d73ed2a8a64d0f
1471,DASQUA,4905-0005,50380000.00,60960000,10580000.00,shopmill:33732,https://shopmilltools.com/product/sm-33732/dasqua-ip65-water-proof-digital-outside-micrometer-model-4905-0005/,2026-09-09T12:24:29Z,60960000,KARZAR_PRICE=CURRENT_SHOPMILL_CUSTOMER_PRICE,IRT_toman_major_unit0,EXACT_MATCH,EXACT_SKU,7dbeafd9ab421871425d0c1fd66ebbf13ef6188b5edfb9bab8d73ed2a8a64d0f
1472,DASQUA,4905-0006,71965000.00,87085000,15120000.00,shopmill:39103,https://shopmilltools.com/product/sm-39103/dasqua-ip65-water-proof-digital-outside-micrometer-model-4905-0006/,2026-09-09T12:24:29Z,87085000,KARZAR_PRICE=CURRENT_SHOPMILL_CUSTOMER_PRICE,IRT_toman_major_unit0,EXACT_MATCH,EXACT_SKU,7dbeafd9ab421871425d0c1fd66ebbf13ef6188b5edfb9bab8d73ed2a8a64d0f
1473,DASQUA,4905-0007,88410000.00,106980000,18570000.00,shopmill:39206,https://shopmilltools.com/product/sm-39206/dasqua-ip65-water-proof-digital-outside-micrometer-model-4905-0007/,2026-09-09T12:24:29Z,106980000,KARZAR_PRICE=CURRENT_SHOPMILL_CUSTOMER_PRICE,IRT_toman_major_unit0,EXACT_MATCH,EXACT_SKU,7dbeafd9ab421871425d0c1fd66ebbf13ef6188b5edfb9bab8d73ed2a8a64d0f
1474,DASQUA,4905-0008,100735000.00,121895000,21160000.00,shopmill:39218,https://shopmilltools.com/product/sm-39218/dasqua-ip65-water-proof-digital-outside-micrometer-model-4905-0008/,2026-09-09T12:24:29Z,121895000,KARZAR_PRICE=CURRENT_SHOPMILL_CUSTOMER_PRICE,IRT_toman_major_unit0,EXACT_MATCH,EXACT_SKU,7dbeafd9ab421871425d0c1fd66ebbf13ef6188b5edfb9bab8d73ed2a8a64d0f
1475,DASQUA,4905-0009,117185000.00,141795000,24610000.00,shopmill:39222,https://shopmilltools.com/product/sm-39222/dasqua-ip65-water-proof-digital-outside-micrometer-model-4905-0009/,2026-09-09T12:24:29Z,141795000,KARZAR_PRICE=CURRENT_SHOPMILL_CUSTOMER_PRICE,IRT_toman_major_unit0,EXACT_MATCH,EXACT_SKU,7dbeafd9ab421871425d0c1fd66ebbf13ef6188b5edfb9bab8d73ed2a8a64d0f
1476,DASQUA,4905-0010,133620000.00,161685000,28065000.00,shopmill:39230,https://shopmilltools.com/product/sm-39230/dasqua-ip65-water-proof-digital-outside-micrometer-model-4905-0010/,2026-09-09T12:24:29Z,161685000,KARZAR_PRICE=CURRENT_SHOPMILL_CUSTOMER_PRICE,IRT_toman_major_unit0,EXACT_MATCH,EXACT_SKU,7dbeafd9ab421871425d0c1fd66ebbf13ef6188b5edfb9bab8d73ed2a8a64d0f
1477,DASQUA,4905-0011,156235000.00,189050000,32815000.00,shopmill:39236,https://shopmilltools.com/product/sm-39236/dasqua-ip65-water-proof-digital-outside-micrometer-model-4905-0011/,2026-09-09T12:24:29Z,189050000,KARZAR_PRICE=CURRENT_SHOPMILL_CUSTOMER_PRICE,IRT_toman_major_unit0,EXACT_MATCH,EXACT_SKU,7dbeafd9ab421871425d0c1fd66ebbf13ef6188b5edfb9bab8d73ed2a8a64d0f
1478,DASQUA,4910-2110,16975000.00,20541000,3566000.00,shopmill:34677,https://shopmilltools.com/product/sm-34677/dasqua-digital-micrometer-head-model-4910-2110/,2026-09-09T12:24:29Z,20541000,KARZAR_PRICE=CURRENT_SHOPMILL_CUSTOMER_PRICE,IRT_toman_major_unit0,EXACT_MATCH,EXACT_SKU,7dbeafd9ab421871425d0c1fd66ebbf13ef6188b5edfb9bab8d73ed2a8a64d0f
1480,DASQUA,4910-2130,23655000.00,28625000,4970000.00,shopmill:40334,https://shopmilltools.com/product/sm-40334/dasqua-ip65-digital-micrometer-head-model-4910-2130/,2026-09-09T12:24:29Z,28625000,KARZAR_PRICE=CURRENT_SHOPMILL_CUSTOMER_PRICE,IRT_toman_major_unit0,EXACT_MATCH,EXACT_SKU,7dbeafd9ab421871425d0c1fd66ebbf13ef6188b5edfb9bab8d73ed2a8a64d0f
1481,DASQUA,4910-2135,25720000.00,31125000,5405000.00,shopmill:41253,https://shopmilltools.com/product/sm-41253/dasqua-ip65-digital-micrometer-head-model-4910-2135/,2026-09-09T12:24:29Z,31125000,KARZAR_PRICE=CURRENT_SHOPMILL_CUSTOMER_PRICE,IRT_toman_major_unit0,EXACT_MATCH,EXACT_SKU,7dbeafd9ab421871425d0c1fd66ebbf13ef6188b5edfb9bab8d73ed2a8a64d0f
1483,DASQUA,4910-4110,28380000.00,34345000,5965000.00,shopmill:39519,https://shopmilltools.com/product/sm-39519/dasqua-digital-inside-micrometer-model-4910-4110/,2026-09-09T12:24:29Z,34345000,KARZAR_PRICE=CURRENT_SHOPMILL_CUSTOMER_PRICE,IRT_toman_major_unit0,EXACT_MATCH,EXACT_SKU,7dbeafd9ab421871425d0c1fd66ebbf13ef6188b5edfb9bab8d73ed2a8a64d0f
1484,DASQUA,4910-4115,41115000.00,49755000,8640000.00,shopmill:39533,https://shopmilltools.com/product/sm-39533/dasqua-digital-inside-micrometer-model-4910-4115/,2026-09-09T12:24:29Z,49755000,KARZAR_PRICE=CURRENT_SHOPMILL_CUSTOMER_PRICE,IRT_toman_major_unit0,EXACT_MATCH,EXACT_SKU,7dbeafd9ab421871425d0c1fd66ebbf13ef6188b5edfb9bab8d73ed2a8a64d0f
1485,DASQUA,4910-4120,41220000.00,49880000,8660000.00,shopmill:39546,https://shopmilltools.com/product/sm-39546/dasqua-digital-inside-micrometer-model-4910-4120/,2026-09-09T12:24:29Z,49880000,KARZAR_PRICE=CURRENT_SHOPMILL_CUSTOMER_PRICE,IRT_toman_major_unit0,EXACT_MATCH,EXACT_SKU,7dbeafd9ab421871425d0c1fd66ebbf13ef6188b5edfb9bab8d73ed2a8a64d0f
1486,DASQUA,4911-8105,9480000.00,11475000,1995000.00,shopmill:39449,https://shopmilltools.com/product/sm-39449/dasqua-inside-micrometer-model-4911-8105-a/,2026-09-09T12:24:29Z,11475000,KARZAR_PRICE=CURRENT_SHOPMILL_CUSTOMER_PRICE,IRT_toman_major_unit0,EXACT_MATCH,EXACT_NORMALIZED_SKU:dasqua_trailing_A,7dbeafd9ab421871425d0c1fd66ebbf13ef6188b5edfb9bab8d73ed2a8a64d0f
1487,DASQUA,4911-8115,12560000.00,15205000,2645000.00,shopmill:39463,https://shopmilltools.com/product/sm-39463/dasqua-inside-micrometer-model-4911-8115-a/,2026-09-09T12:24:29Z,15205000,KARZAR_PRICE=CURRENT_SHOPMILL_CUSTOMER_PRICE,IRT_toman_major_unit0,EXACT_MATCH,EXACT_NORMALIZED_SKU:dasqua_trailing_A,7dbeafd9ab421871425d0c1fd66ebbf13ef6188b5edfb9bab8d73ed2a8a64d0f
1488,DASQUA,4911-8130,23655000.00,28625000,4970000.00,shopmill:39475,https://shopmilltools.com/product/sm-39475/dasqua-inside-micrometer-model-4911-8130/,2026-09-09T12:24:29Z,28625000,KARZAR_PRICE=CURRENT_SHOPMILL_CUSTOMER_PRICE,IRT_toman_major_unit0,EXACT_MATCH,EXACT_SKU,7dbeafd9ab421871425d0c1fd66ebbf13ef6188b5edfb9bab8d73ed2a8a64d0f
1489,DASQUA,4911-8135,26735000.00,32355000,5620000.00,shopmill:39479,https://shopmilltools.com/product/sm-39479/dasqua-inside-micrometer-model-4911-8135/,2026-09-09T12:24:29Z,32355000,KARZAR_PRICE=CURRENT_SHOPMILL_CUSTOMER_PRICE,IRT_toman_major_unit0,EXACT_MATCH,EXACT_SKU,7dbeafd9ab421871425d0c1fd66ebbf13ef6188b5edfb9bab8d73ed2a8a64d0f
1490,DASQUA,4911-8140,30845000.00,37325000,6480000.00,shopmill:39510,https://shopmilltools.com/product/sm-39510/dasqua-inside-micrometer-model-4911-8140/,2026-09-09T12:24:29Z,37325000,KARZAR_PRICE=CURRENT_SHOPMILL_CUSTOMER_PRICE,IRT_toman_major_unit0,EXACT_MATCH,EXACT_SKU,7dbeafd9ab421871425d0c1fd66ebbf13ef6188b5edfb9bab8d73ed2a8a64d0f
1491,DASQUA,5111-1005,3235000.00,3915000,680000.00,shopmill:33956,https://shopmilltools.com/product/sm-33956/dasqua-dial-indicator-model-5111-1005/,2026-09-09T12:24:29Z,3915000,KARZAR_PRICE=CURRENT_SHOPMILL_CUSTOMER_PRICE,IRT_toman_major_unit0,EXACT_MATCH,EXACT_SKU,7dbeafd9ab421871425d0c1fd66ebbf13ef6188b5edfb9bab8d73ed2a8a64d0f
1494,DASQUA,5121-1107,7330000.00,8875000,1545000.00,shopmill:46666,https://shopmilltools.com/product/sm-46666/dasqua-water-proof-indicator-model-5121-1107/,2026-09-09T12:24:29Z,8875000,KARZAR_PRICE=CURRENT_SHOPMILL_CUSTOMER_PRICE,IRT_toman_major_unit0,EXACT_MATCH,EXACT_SKU,7dbeafd9ab421871425d0c1fd66ebbf13ef6188b5edfb9bab8d73ed2a8a64d0f
1496,DASQUA,5121-1202,6175000.00,7475000,1300000.00,shopmill:41273,https://shopmilltools.com/product/sm-41273/small-dial-indicator-5mm-dasqua-model-1202-5121/,2026-09-09T12:24:29Z,7475000,KARZAR_PRICE=CURRENT_SHOPMILL_CUSTOMER_PRICE,IRT_toman_major_unit0,EXACT_MATCH,EXACT_SKU,7dbeafd9ab421871425d0c1fd66ebbf13ef6188b5edfb9bab8d73ed2a8a64d0f
1497,DASQUA,5121-1204,5450000.00,6595000,1145000.00,shopmill:41261,https://shopmilltools.com/product/sm-41261/dasqua-mini-dial-indicator-model-5121-1204/,2026-09-09T12:24:29Z,6595000,KARZAR_PRICE=CURRENT_SHOPMILL_CUSTOMER_PRICE,IRT_toman_major_unit0,EXACT_MATCH,EXACT_SKU,7dbeafd9ab421871425d0c1fd66ebbf13ef6188b5edfb9bab8d73ed2a8a64d0f
1498,DASQUA,5121-1215,15840000.00,19170000,3330000.00,shopmill:41337,https://shopmilltools.com/product/sm-41337/dasqua-dial-indicator-model-5121-1215/,2026-09-09T12:24:29Z,19170000,KARZAR_PRICE=CURRENT_SHOPMILL_CUSTOMER_PRICE,IRT_toman_major_unit0,EXACT_MATCH,EXACT_SKU,7dbeafd9ab421871425d0c1fd66ebbf13ef6188b5edfb9bab8d73ed2a8a64d0f
1499,DASQUA,5121-1220,40425000.00,48920000,8495000.00,shopmill:41344,https://shopmilltools.com/product/sm-41344/dasqua-dial-indicator-model-5121-1220/,2026-09-09T12:24:29Z,48920000,KARZAR_PRICE=CURRENT_SHOPMILL_CUSTOMER_PRICE,IRT_toman_major_unit0,EXACT_MATCH,EXACT_SKU,7dbeafd9ab421871425d0c1fd66ebbf13ef6188b5edfb9bab8d73ed2a8a64d0f
1501,DASQUA,5121-2201,14615000.00,17690000,3075000.00,shopmill:41302,https://shopmilltools.com/product/sm-41302/back-plunger-dial-indicator-1mm-dasqua-2201-5121/,2026-09-09T12:24:29Z,17690000,KARZAR_PRICE=CURRENT_SHOPMILL_CUSTOMER_PRICE,IRT_toman_major_unit0,EXACT_MATCH,EXACT_SKU,7dbeafd9ab421871425d0c1fd66ebbf13ef6188b5edfb9bab8d73ed2a8a64d0f
1505,DASQUA,5140-1110,1850000.00,22405000,20555000.00,shopmill:41345,https://shopmilltools.com/product/sm-41345/dasqua-absolute-digital-indicator-model-5140-1110/,2026-09-09T12:24:29Z,22405000,KARZAR_PRICE=CURRENT_SHOPMILL_CUSTOMER_PRICE,IRT_toman_major_unit0,EXACT_MATCH,EXACT_SKU,7dbeafd9ab421871425d0c1fd66ebbf13ef6188b5edfb9bab8d73ed2a8a64d0f
1506,DASQUA,5140-1120,43190000.00,52265000,9075000.00,shopmill:41357,https://shopmilltools.com/product/sm-41357/dasqua-absolute-digital-indicator-model-5140-1120/,2026-09-09T12:24:29Z,52265000,KARZAR_PRICE=CURRENT_SHOPMILL_CUSTOMER_PRICE,IRT_toman_major_unit0,EXACT_MATCH,EXACT_SKU,7dbeafd9ab421871425d0c1fd66ebbf13ef6188b5edfb9bab8d73ed2a8a64d0f
1507,DASQUA,5141-2105,9060000.00,10970000,1910000.00,shopmill:41323,https://shopmilltools.com/product/sm-41323/dasqua-dial-indicator-model-5141-2105/,2026-09-09T12:24:29Z,10970000,KARZAR_PRICE=CURRENT_SHOPMILL_CUSTOMER_PRICE,IRT_toman_major_unit0,EXACT_MATCH,EXACT_SKU,7dbeafd9ab421871425d0c1fd66ebbf13ef6188b5edfb9bab8d73ed2a8a64d0f
1508,DASQUA,5221-0000,5780000.00,7000000,1220000.00,shopmill:41745,https://shopmilltools.com/product/sm-41745/dasqua-dial-test-indicator-model-5221-0000/,2026-09-09T12:24:29Z,7000000,KARZAR_PRICE=CURRENT_SHOPMILL_CUSTOMER_PRICE,IRT_toman_major_unit0,EXACT_MATCH,EXACT_SKU,7dbeafd9ab421871425d0c1fd66ebbf13ef6188b5edfb9bab8d73ed2a8a64d0f
1509,DASQUA,5221-0005,5680000.00,6873000,1193000.00,shopmill:34113,https://shopmilltools.com/product/sm-34113/dasqua-dial-test-indicator-model-5221-0005/,2026-09-09T12:24:29Z,6873000,KARZAR_PRICE=CURRENT_SHOPMILL_CUSTOMER_PRICE,IRT_toman_major_unit0,EXACT_MATCH,EXACT_SKU,7dbeafd9ab421871425d0c1fd66ebbf13ef6188b5edfb9bab8d73ed2a8a64d0f
1510,DASQUA,5221-1000,11735000.00,14200000,2465000.00,shopmill:34116,https://shopmilltools.com/product/sm-34116/dasqua-bi-directional-test-indicator-and-mag-base-set-model-5221-1000/,2026-09-09T12:24:29Z,14200000,KARZAR_PRICE=CURRENT_SHOPMILL_CUSTOMER_PRICE,IRT_toman_major_unit0,EXACT_MATCH,EXACT_SKU,7dbeafd9ab421871425d0c1fd66ebbf13ef6188b5edfb9bab8d73ed2a8a64d0f
1511,DASQUA,5221-1001,10710000.00,12960000,2250000.00,shopmill:34123,https://shopmilltools.com/product/sm-34123/dasqua-set-indicator-model-5221-1001/,2026-09-09T12:24:29Z,12960000,KARZAR_PRICE=CURRENT_SHOPMILL_CUSTOMER_PRICE,IRT_toman_major_unit0,EXACT_MATCH,EXACT_SKU,7dbeafd9ab421871425d0c1fd66ebbf13ef6188b5edfb9bab8d73ed2a8a64d0f
1514,DASQUA,5221-1140,10090000.00,12210000,2120000.00,shopmill:41846,https://shopmilltools.com/product/sm-41846/dasqua-dial-test-indicator-model-5221-1140/,2026-09-09T12:24:29Z,12210000,KARZAR_PRICE=CURRENT_SHOPMILL_CUSTOMER_PRICE,IRT_toman_major_unit0,EXACT_MATCH,EXACT_SKU,7dbeafd9ab421871425d0c1fd66ebbf13ef6188b5edfb9bab8d73ed2a8a64d0f
1516,DASQUA,5221-1210,15840000.00,19170000,3330000.00,shopmill:41838,https://shopmilltools.com/product/sm-41838/dasqua-large-dial-test-indicator-long-probe-42mm-shock-proof-1210-5221/,2026-09-09T12:24:29Z,19170000,KARZAR_PRICE=CURRENT_SHOPMILL_CUSTOMER_PRICE,IRT_toman_major_unit0,EXACT_MATCH,EXACT_SKU,7dbeafd9ab421871425d0c1fd66ebbf13ef6188b5edfb9bab8d73ed2a8a64d0f
1517,DASQUA,5221-1220,14000000.00,16940000,2940000.00,shopmill:41815,https://shopmilltools.com/product/sm-41815/dasqua-dial-test-indicator-model-5221-1220/,2026-09-09T12:24:29Z,16940000,KARZAR_PRICE=CURRENT_SHOPMILL_CUSTOMER_PRICE,IRT_toman_major_unit0,EXACT_MATCH,EXACT_SKU,7dbeafd9ab421871425d0c1fd66ebbf13ef6188b5edfb9bab8d73ed2a8a64d0f
1518,DASQUA,5223-3105,9680000.00,11715000,2035000.00,shopmill:41773,https://shopmilltools.com/product/sm-41773/dasqua-dial-test-indicator-model-5223-3105-a/,2026-09-09T12:24:29Z,11715000,KARZAR_PRICE=CURRENT_SHOPMILL_CUSTOMER_PRICE,IRT_toman_major_unit0,EXACT_MATCH,EXACT_NORMALIZED_SKU:dasqua_trailing_A,7dbeafd9ab421871425d0c1fd66ebbf13ef6188b5edfb9bab8d73ed2a8a64d0f
1519,DASQUA,5260-1105,7835000.00,9481000,1646000.00,shopmill:34091,https://shopmilltools.com/product/sm-34091/dasqua-digital-indicator-model-5260-1105/,2026-09-09T12:24:29Z,9481000,KARZAR_PRICE=CURRENT_SHOPMILL_CUSTOMER_PRICE,IRT_toman_major_unit0,EXACT_MATCH,EXACT_SKU,7dbeafd9ab421871425d0c1fd66ebbf13ef6188b5edfb9bab8d73ed2a8a64d0f
1520,DASQUA,5260-1110,11735000.00,14205000,2470000.00,shopmill:41388,https://shopmilltools.com/product/sm-41388/dasqua-digital-indicator-model-5260-1110/,2026-09-09T12:24:29Z,14205000,KARZAR_PRICE=CURRENT_SHOPMILL_CUSTOMER_PRICE,IRT_toman_major_unit0,EXACT_MATCH,EXACT_SKU,7dbeafd9ab421871425d0c1fd66ebbf13ef6188b5edfb9bab8d73ed2a8a64d0f
1521,DASQUA,5260-1115,32905000.00,39815000,6910000.00,shopmill:41402,https://shopmilltools.com/product/sm-41402/dasqua-digital-indicator-model-5260-1115/,2026-09-09T12:24:29Z,39815000,KARZAR_PRICE=CURRENT_SHOPMILL_CUSTOMER_PRICE,IRT_toman_major_unit0,EXACT_MATCH,EXACT_SKU,7dbeafd9ab421871425d0c1fd66ebbf13ef6188b5edfb9bab8d73ed2a8a64d0f
1522,DASQUA,5260-3705,9890000.00,11967000,2077000.00,shopmill:34100,https://shopmilltools.com/product/sm-34100/dasqua-multifunctional-digital-indicator-model-5260-3705/,2026-09-09T12:24:29Z,11967000,KARZAR_PRICE=CURRENT_SHOPMILL_CUSTOMER_PRICE,IRT_toman_major_unit0,EXACT_MATCH,EXACT_SKU,7dbeafd9ab421871425d0c1fd66ebbf13ef6188b5edfb9bab8d73ed2a8a64d0f
1523,DASQUA,5260-3710,13795000.00,16695000,2900000.00,shopmill:41421,https://shopmilltools.com/product/sm-41421/dasqua-multifunctional-digital-indicator-model-5260-3710/,2026-09-09T12:24:29Z,16695000,KARZAR_PRICE=CURRENT_SHOPMILL_CUSTOMER_PRICE,IRT_toman_major_unit0,EXACT_MATCH,EXACT_SKU,7dbeafd9ab421871425d0c1fd66ebbf13ef6188b5edfb9bab8d73ed2a8a64d0f
1524,DASQUA,5260-3715,34965000.00,42315000,7350000.00,shopmill:41426,https://shopmilltools.com/product/sm-41426/dasqua-multifunctional-digital-indicator-model-5260-3715/,2026-09-09T12:24:29Z,42315000,KARZAR_PRICE=CURRENT_SHOPMILL_CUSTOMER_PRICE,IRT_toman_major_unit0,EXACT_MATCH,EXACT_SKU,7dbeafd9ab421871425d0c1fd66ebbf13ef6188b5edfb9bab8d73ed2a8a64d0f
1525,DASQUA,5260-3720,61690000.00,74650000,12960000.00,shopmill:41434,https://shopmilltools.com/product/sm-41434/dasqua-multifunctional-digital-indicator-model-5260-3720/,2026-09-09T12:24:29Z,74650000,KARZAR_PRICE=CURRENT_SHOPMILL_CUSTOMER_PRICE,IRT_toman_major_unit0,EXACT_MATCH,EXACT_SKU,7dbeafd9ab421871425d0c1fd66ebbf13ef6188b5edfb9bab8d73ed2a8a64d0f
1526,DASQUA,5260-4205,18940000.00,22918000,3978000.00,shopmill:34105,https://shopmilltools.com/product/sm-34105/dasqua-digital-indicator-model-5260-4205/,2026-09-09T12:24:29Z,22918000,KARZAR_PRICE=CURRENT_SHOPMILL_CUSTOMER_PRICE,IRT_toman_major_unit0,EXACT_MATCH,EXACT_SKU,7dbeafd9ab421871425d0c1fd66ebbf13ef6188b5edfb9bab8d73ed2a8a64d0f
1527,DASQUA,5260-4210,24060000.00,29120000,5060000.00,shopmill:41441,https://shopmilltools.com/product/sm-41441/dasqua-digital-indicator-model-5260-4210/,2026-09-09T12:24:29Z,29120000,KARZAR_PRICE=CURRENT_SHOPMILL_CUSTOMER_PRICE,IRT_toman_major_unit0,EXACT_MATCH,EXACT_SKU,7dbeafd9ab421871425d0c1fd66ebbf13ef6188b5edfb9bab8d73ed2a8a64d0f
1528,DASQUA,5260-4215,40510000.00,49025000,8515000.00,shopmill:41449,https://shopmilltools.com/product/sm-41449/dasqua-digital-indicator-model-5260-4215/,2026-09-09T12:24:29Z,49025000,KARZAR_PRICE=CURRENT_SHOPMILL_CUSTOMER_PRICE,IRT_toman_major_unit0,EXACT_MATCH,EXACT_SKU,7dbeafd9ab421871425d0c1fd66ebbf13ef6188b5edfb9bab8d73ed2a8a64d0f
1529,DASQUA,5261-1205,57575000.00,69670000,12095000.00,shopmill:41382,https://shopmilltools.com/product/sm-41382/dasqua-high-precision-digital-indicator-model-5261-1205/,2026-09-09T12:24:29Z,69670000,KARZAR_PRICE=CURRENT_SHOPMILL_CUSTOMER_PRICE,IRT_toman_major_unit0,EXACT_MATCH,EXACT_SKU,7dbeafd9ab421871425d0c1fd66ebbf13ef6188b5edfb9bab8d73ed2a8a64d0f
1530,DASQUA,5333-6101,1075000.00,1305000,230000.00,shopmill:41502,https://shopmilltools.com/product/sm-41502/dasqua-ball-point-model-5333-6101/,2026-09-09T12:24:29Z,1305000,KARZAR_PRICE=CURRENT_SHOPMILL_CUSTOMER_PRICE,IRT_toman_major_unit0,EXACT_MATCH,EXACT_SKU,7dbeafd9ab421871425d0c1fd66ebbf13ef6188b5edfb9bab8d73ed2a8a64d0f
1531,DASQUA,5333-6303,8450000.00,10225000,1775000.00,shopmill:41537,https://shopmilltools.com/product/sm-41537/dasqua-ball-point-model-5333-6303/,2026-09-09T12:24:29Z,10225000,KARZAR_PRICE=CURRENT_SHOPMILL_CUSTOMER_PRICE,IRT_toman_major_unit0,EXACT_MATCH,EXACT_SKU,7dbeafd9ab421871425d0c1fd66ebbf13ef6188b5edfb9bab8d73ed2a8a64d0f
1532,DASQUA,5333-7001,1970000.00,2390000,420000.00,shopmill:41544,https://shopmilltools.com/product/sm-41544/dasqua-knife-edge-point-model-5333-7001/,2026-09-09T12:24:29Z,2390000,KARZAR_PRICE=CURRENT_SHOPMILL_CUSTOMER_PRICE,IRT_toman_major_unit0,EXACT_MATCH,EXACT_SKU,7dbeafd9ab421871425d0c1fd66ebbf13ef6188b5edfb9bab8d73ed2a8a64d0f
1533,DASQUA,5333-7201,10500000.00,12705000,2205000.00,shopmill:41551,https://shopmilltools.com/product/sm-41551/dasqua-flat-point-model-5333-7201/,2026-09-09T12:24:29Z,12705000,KARZAR_PRICE=CURRENT_SHOPMILL_CUSTOMER_PRICE,IRT_toman_major_unit0,EXACT_MATCH,EXACT_SKU,7dbeafd9ab421871425d0c1fd66ebbf13ef6188b5edfb9bab8d73ed2a8a64d0f
1534,DASQUA,5333-7203,1320000.00,1600000,280000.00,shopmill:41558,https://shopmilltools.com/product/sm-41558/dasqua-flat-point-model-5333-7203/,2026-09-09T12:24:29Z,1600000,KARZAR_PRICE=CURRENT_SHOPMILL_CUSTOMER_PRICE,IRT_toman_major_unit0,EXACT_MATCH,EXACT_SKU,7dbeafd9ab421871425d0c1fd66ebbf13ef6188b5edfb9bab8d73ed2a8a64d0f
1535,DASQUA,5333-7204,1320000.00,1600000,280000.00,shopmill:41564,https://shopmilltools.com/product/sm-41564/dasqua-flat-point-model-5333-7204/,2026-09-09T12:24:29Z,1600000,KARZAR_PRICE=CURRENT_SHOPMILL_CUSTOMER_PRICE,IRT_toman_major_unit0,EXACT_MATCH,EXACT_SKU,7dbeafd9ab421871425d0c1fd66ebbf13ef6188b5edfb9bab8d73ed2a8a64d0f
1536,DASQUA,5333-7205,1590000.00,1925000,335000.00,shopmill:41575,https://shopmilltools.com/product/sm-41575/dasqua-flat-point-model-5333-7205/,2026-09-09T12:24:29Z,1925000,KARZAR_PRICE=CURRENT_SHOPMILL_CUSTOMER_PRICE,IRT_toman_major_unit0,EXACT_MATCH,EXACT_SKU,7dbeafd9ab421871425d0c1fd66ebbf13ef6188b5edfb9bab8d73ed2a8a64d0f
1537,DASQUA,5333-7602,675000.00,820000,145000.00,shopmill:41582,https://shopmilltools.com/product/sm-41582/dasqua-needle-point-model-5333-7602/,2026-09-09T12:24:29Z,820000,KARZAR_PRICE=CURRENT_SHOPMILL_CUSTOMER_PRICE,IRT_toman_major_unit0,EXACT_MATCH,EXACT_SKU,7dbeafd9ab421871425d0c1fd66ebbf13ef6188b5edfb9bab8d73ed2a8a64d0f
1538,DASQUA,5333-7603,675000.00,820000,145000.00,shopmill:41589,https://shopmilltools.com/product/sm-41589/dasqua-needle-point-model-5333-7603/,2026-09-09T12:24:29Z,820000,KARZAR_PRICE=CURRENT_SHOPMILL_CUSTOMER_PRICE,IRT_toman_major_unit0,EXACT_MATCH,EXACT_SKU,7dbeafd9ab421871425d0c1fd66ebbf13ef6188b5edfb9bab8d73ed2a8a64d0f
1539,DASQUA,5333-7604,675000.00,820000,145000.00,shopmill:41596,https://shopmilltools.com/product/sm-41596/dasqua-needle-point-model-5333-7604/,2026-09-09T12:24:29Z,820000,KARZAR_PRICE=CURRENT_SHOPMILL_CUSTOMER_PRICE,IRT_toman_major_unit0,EXACT_MATCH,EXACT_SKU,7dbeafd9ab421871425d0c1fd66ebbf13ef6188b5edfb9bab8d73ed2a8a64d0f
1540,DASQUA,5333-7707,1320000.00,1600000,280000.00,shopmill:41603,https://shopmilltools.com/product/sm-41603/dasqua-needle-point-model-5333-7707/,2026-09-09T12:24:29Z,1600000,KARZAR_PRICE=CURRENT_SHOPMILL_CUSTOMER_PRICE,IRT_toman_major_unit0,EXACT_MATCH,EXACT_SKU,7dbeafd9ab421871425d0c1fd66ebbf13ef6188b5edfb9bab8d73ed2a8a64d0f
1541,DASQUA,5333-7708,1320000.00,1600000,280000.00,shopmill:41610,https://shopmilltools.com/product/sm-41610/dasqua-needle-point-model-5333-7708/,2026-09-09T12:24:29Z,1600000,KARZAR_PRICE=CURRENT_SHOPMILL_CUSTOMER_PRICE,IRT_toman_major_unit0,EXACT_MATCH,EXACT_SKU,7dbeafd9ab421871425d0c1fd66ebbf13ef6188b5edfb9bab8d73ed2a8a64d0f
1542,DASQUA,5333-7712,1320000.00,1600000,280000.00,shopmill:41616,https://shopmilltools.com/product/sm-41616/dasqua-needle-point-model-5333-7712/,2026-09-09T12:24:29Z,1600000,KARZAR_PRICE=CURRENT_SHOPMILL_CUSTOMER_PRICE,IRT_toman_major_unit0,EXACT_MATCH,EXACT_SKU,7dbeafd9ab421871425d0c1fd66ebbf13ef6188b5edfb9bab8d73ed2a8a64d0f
1543,DASQUA,5333-7713,1320000.00,1600000,280000.00,shopmill:41624,https://shopmilltools.com/product/sm-41624/dasqua-needle-point-model-5333-7713/,2026-09-09T12:24:29Z,1600000,KARZAR_PRICE=CURRENT_SHOPMILL_CUSTOMER_PRICE,IRT_toman_major_unit0,EXACT_MATCH,EXACT_SKU,7dbeafd9ab421871425d0c1fd66ebbf13ef6188b5edfb9bab8d73ed2a8a64d0f
1544,DASQUA,5333-7801,4750000.00,5750000,1000000.00,shopmill:41631,https://shopmilltools.com/product/sm-41631/dasqua-blade-point-model-5333-7801/,2026-09-09T12:24:29Z,5750000,KARZAR_PRICE=CURRENT_SHOPMILL_CUSTOMER_PRICE,IRT_toman_major_unit0,EXACT_MATCH,EXACT_SKU,7dbeafd9ab421871425d0c1fd66ebbf13ef6188b5edfb9bab8d73ed2a8a64d0f
1545,DASQUA,5333-7901,7420000.00,8985000,1565000.00,shopmill:41494,https://shopmilltools.com/product/sm-41494/dasqua-roller-point-model-5333-7901/,2026-09-09T12:24:29Z,8985000,KARZAR_PRICE=CURRENT_SHOPMILL_CUSTOMER_PRICE,IRT_toman_major_unit0,EXACT_MATCH,EXACT_SKU,7dbeafd9ab421871425d0c1fd66ebbf13ef6188b5edfb9bab8d73ed2a8a64d0f
1546,DASQUA,5333-8001,675000.00,820000,145000.00,shopmill:41632,https://shopmilltools.com/product/sm-41632/dasqua-extension-rod-model-5333-8001/,2026-09-09T12:24:29Z,820000,KARZAR_PRICE=CURRENT_SHOPMILL_CUSTOMER_PRICE,IRT_toman_major_unit0,EXACT_MATCH,EXACT_SKU,7dbeafd9ab421871425d0c1fd66ebbf13ef6188b5edfb9bab8d73ed2a8a64d0f
1547,DASQUA,5333-8002,675000.00,820000,145000.00,shopmill:41643,https://shopmilltools.com/product/sm-41643/dasqua-extension-rod-model-5333-8002/,2026-09-09T12:24:29Z,820000,KARZAR_PRICE=CURRENT_SHOPMILL_CUSTOMER_PRICE,IRT_toman_major_unit0,EXACT_MATCH,EXACT_SKU,7dbeafd9ab421871425d0c1fd66ebbf13ef6188b5edfb9bab8d73ed2a8a64d0f
1548,DASQUA,5333-8003,675000.00,820000,145000.00,shopmill:41655,https://shopmilltools.com/product/sm-41655/dasqua-extension-rod-model-5333-8003/,2026-09-09T12:24:29Z,820000,KARZAR_PRICE=CURRENT_SHOPMILL_CUSTOMER_PRICE,IRT_toman_major_unit0,EXACT_MATCH,EXACT_SKU,7dbeafd9ab421871425d0c1fd66ebbf13ef6188b5edfb9bab8d73ed2a8a64d0f
1549,DASQUA,5333-8004,675000.00,820000,145000.00,shopmill:41661,https://shopmilltools.com/product/sm-41661/dasqua-extension-rod-model-5333-8004/,2026-09-09T12:24:29Z,820000,KARZAR_PRICE=CURRENT_SHOPMILL_CUSTOMER_PRICE,IRT_toman_major_unit0,EXACT_MATCH,EXACT_SKU,7dbeafd9ab421871425d0c1fd66ebbf13ef6188b5edfb9bab8d73ed2a8a64d0f
1550,DASQUA,5333-8005,695000.00,845000,150000.00,shopmill:41668,https://shopmilltools.com/product/sm-41668/dasqua-extension-rod-model-5333-8005/,2026-09-09T12:24:29Z,845000,KARZAR_PRICE=CURRENT_SHOPMILL_CUSTOMER_PRICE,IRT_toman_major_unit0,EXACT_MATCH,EXACT_SKU,7dbeafd9ab421871425d0c1fd66ebbf13ef6188b5edfb9bab8d73ed2a8a64d0f
1551,DASQUA,5333-8006,805000.00,975000,170000.00,shopmill:41674,https://shopmilltools.com/product/sm-41674/dasqua-extension-rod-model-5333-8006/,2026-09-09T12:24:29Z,975000,KARZAR_PRICE=CURRENT_SHOPMILL_CUSTOMER_PRICE,IRT_toman_major_unit0,EXACT_MATCH,EXACT_SKU,7dbeafd9ab421871425d0c1fd66ebbf13ef6188b5edfb9bab8d73ed2a8a64d0f
1552,DASQUA,5333-8007,815000.00,990000,175000.00,shopmill:41681,https://shopmilltools.com/product/sm-41681/dasqua-extension-rod-model-5333-8007/,2026-09-09T12:24:29Z,990000,KARZAR_PRICE=CURRENT_SHOPMILL_CUSTOMER_PRICE,IRT_toman_major_unit0,EXACT_MATCH,EXACT_SKU,7dbeafd9ab421871425d0c1fd66ebbf13ef6188b5edfb9bab8d73ed2a8a64d0f
1553,DASQUA,5333-8008,825000.00,1005000,180000.00,shopmill:41689,https://shopmilltools.com/product/sm-41689/dasqua-extension-rod-model-5333-8008/,2026-09-09T12:24:29Z,1005000,KARZAR_PRICE=CURRENT_SHOPMILL_CUSTOMER_PRICE,IRT_toman_major_unit0,EXACT_MATCH,EXACT_SKU,7dbeafd9ab421871425d0c1fd66ebbf13ef6188b5edfb9bab8d73ed2a8a64d0f
1554,DASQUA,5333-8009,955000.00,1155000,200000.00,shopmill:41696,https://shopmilltools.com/product/sm-41696/dasqua-extension-rod-model-5333-8009/,2026-09-09T12:24:29Z,1155000,KARZAR_PRICE=CURRENT_SHOPMILL_CUSTOMER_PRICE,IRT_toman_major_unit0,EXACT_MATCH,EXACT_SKU,7dbeafd9ab421871425d0c1fd66ebbf13ef6188b5edfb9bab8d73ed2a8a64d0f
1557,DASQUA,5351-2110,10205000.00,12350000,2145000.00,shopmill:41374,https://shopmilltools.com/product/sm-41374/dasqua-one-revolution-dial-indicator-model-5351-2110/,2026-09-09T12:24:29Z,12350000,KARZAR_PRICE=CURRENT_SHOPMILL_CUSTOMER_PRICE,IRT_toman_major_unit0,EXACT_MATCH,EXACT_SKU,7dbeafd9ab421871425d0c1fd66ebbf13ef6188b5edfb9bab8d73ed2a8a64d0f
1558,DASQUA,5361-0005,47295000.00,57228000,9933000.00,shopmill:34036,https://shopmilltools.com/product/sm-34036/dasqua-comparator-gauge-model-5361-0005/,2026-09-09T12:24:29Z,57228000,KARZAR_PRICE=CURRENT_SHOPMILL_CUSTOMER_PRICE,IRT_toman_major_unit0,EXACT_MATCH,EXACT_SKU,7dbeafd9ab421871425d0c1fd66ebbf13ef6188b5edfb9bab8d73ed2a8a64d0f
1565,DASQUA,5511-1120,11735000.00,14205000,2470000.00,shopmill:41886,https://shopmilltools.com/product/sm-41886/dasqua-dial-bore-gauge-model-5511-1120/,2026-09-09T12:24:29Z,14205000,KARZAR_PRICE=CURRENT_SHOPMILL_CUSTOMER_PRICE,IRT_toman_major_unit0,EXACT_MATCH,EXACT_SKU,7dbeafd9ab421871425d0c1fd66ebbf13ef6188b5edfb9bab8d73ed2a8a64d0f
1575,DASQUA,5581-0005,33940000.00,41070000,7130000.00,shopmill:46591,https://shopmilltools.com/product/sm-46591/dasqua-dial-bore-gauge-model-5581-0005/,2026-09-09T12:24:29Z,41070000,KARZAR_PRICE=CURRENT_SHOPMILL_CUSTOMER_PRICE,IRT_toman_major_unit0,EXACT_MATCH,EXACT_SKU,7dbeafd9ab421871425d0c1fd66ebbf13ef6188b5edfb9bab8d73ed2a8a64d0f
1576,DASQUA,5610-8105,37210000.00,45024100,7814100.00,shopmill:35078,https://shopmilltools.com/product/sm-35078/dasqua-digital-bore-gauge-model-5610-8105/,2026-09-09T12:24:29Z,45024100,KARZAR_PRICE=CURRENT_SHOPMILL_CUSTOMER_PRICE,IRT_toman_major_unit0,EXACT_MATCH,EXACT_SKU,7dbeafd9ab421871425d0c1fd66ebbf13ef6188b5edfb9bab8d73ed2a8a64d0f
1577,DASQUA,5610-8110,37005000.00,44775000,7770000.00,shopmill:42020,https://shopmilltools.com/product/sm-42020/dasqua-digital-bore-gauge-model-5610-8110/,2026-09-09T12:24:29Z,44775000,KARZAR_PRICE=CURRENT_SHOPMILL_CUSTOMER_PRICE,IRT_toman_major_unit0,EXACT_MATCH,EXACT_SKU,7dbeafd9ab421871425d0c1fd66ebbf13ef6188b5edfb9bab8d73ed2a8a64d0f
1578,DASQUA,5610-8115,36605000.00,44295000,7690000.00,shopmill:42041,https://shopmilltools.com/product/sm-42041/dasqua-digital-bore-gauge-model-5610-8115/,2026-09-09T12:24:29Z,44295000,KARZAR_PRICE=CURRENT_SHOPMILL_CUSTOMER_PRICE,IRT_toman_major_unit0,EXACT_MATCH,EXACT_SKU,7dbeafd9ab421871425d0c1fd66ebbf13ef6188b5edfb9bab8d73ed2a8a64d0f
1579,DASQUA,5610-8120,36605000.00,44295000,7690000.00,shopmill:42034,https://shopmilltools.com/product/sm-42034/dasqua-digital-bore-gauge-model-5610-8120/,2026-09-09T12:24:29Z,44295000,KARZAR_PRICE=CURRENT_SHOPMILL_CUSTOMER_PRICE,IRT_toman_major_unit0,EXACT_MATCH,EXACT_SKU,7dbeafd9ab421871425d0c1fd66ebbf13ef6188b5edfb9bab8d73ed2a8a64d0f
1580,DASQUA,5610-8125,36825000.00,44565000,7740000.00,shopmill:42055,https://shopmilltools.com/product/sm-42055/dasqua-digital-bore-gauge-model-5610-8125/,2026-09-09T12:24:29Z,44565000,KARZAR_PRICE=CURRENT_SHOPMILL_CUSTOMER_PRICE,IRT_toman_major_unit0,EXACT_MATCH,EXACT_SKU,7dbeafd9ab421871425d0c1fd66ebbf13ef6188b5edfb9bab8d73ed2a8a64d0f
1581,DASQUA,5610-8130,43190000.00,52265000,9075000.00,shopmill:42081,https://shopmilltools.com/product/sm-42081/dasqua-digital-bore-gauge-model-5610-8130/,2026-09-09T12:24:29Z,52265000,KARZAR_PRICE=CURRENT_SHOPMILL_CUSTOMER_PRICE,IRT_toman_major_unit0,EXACT_MATCH,EXACT_SKU,7dbeafd9ab421871425d0c1fd66ebbf13ef6188b5edfb9bab8d73ed2a8a64d0f
1582,DASQUA,5610-8135,45240000.00,54745000,9505000.00,shopmill:42091,https://shopmilltools.com/product/sm-42091/dasqua-digital-bore-gauge-model-5610-8135/,2026-09-09T12:24:29Z,54745000,KARZAR_PRICE=CURRENT_SHOPMILL_CUSTOMER_PRICE,IRT_toman_major_unit0,EXACT_MATCH,EXACT_SKU,7dbeafd9ab421871425d0c1fd66ebbf13ef6188b5edfb9bab8d73ed2a8a64d0f
1584,DASQUA,5712-1100,17895000.00,21654000,3759000.00,shopmill:34264,https://shopmilltools.com/product/sm-34264/dasqua-centering-indicator-gauge-model-5712-1100-a/,2026-09-09T12:24:29Z,21654000,KARZAR_PRICE=CURRENT_SHOPMILL_CUSTOMER_PRICE,IRT_toman_major_unit0,EXACT_MATCH,EXACT_NORMALIZED_SKU:dasqua_trailing_A,7dbeafd9ab421871425d0c1fd66ebbf13ef6188b5edfb9bab8d73ed2a8a64d0f
1585,DASQUA,5751-0010,43190000.00,52265000,9075000.00,shopmill:42103,https://shopmilltools.com/product/sm-42103/dasqua-crankshaft-tester-model-5751-0010/,2026-09-09T12:24:29Z,52265000,KARZAR_PRICE=CURRENT_SHOPMILL_CUSTOMER_PRICE,IRT_toman_major_unit0,EXACT_MATCH,EXACT_SKU,7dbeafd9ab421871425d0c1fd66ebbf13ef6188b5edfb9bab8d73ed2a8a64d0f
1586,DASQUA,5760-1005,5755000.00,6965000,1210000.00,shopmill:34266,https://shopmilltools.com/product/sm-34266/dasqua-electric-edge-finder-model-5760-1005/,2026-09-09T12:24:29Z,6965000,KARZAR_PRICE=CURRENT_SHOPMILL_CUSTOMER_PRICE,IRT_toman_major_unit0,EXACT_MATCH,EXACT_SKU,7dbeafd9ab421871425d0c1fd66ebbf13ef6188b5edfb9bab8d73ed2a8a64d0f
1587,DASQUA,5800-1015,28600000.00,34606000,6006000.00,shopmill:34156,https://shopmilltools.com/product/sm-34156/dasqua-interchangeable-points-bore-gauge-model-5800-1015/,2026-09-09T12:24:29Z,34606000,KARZAR_PRICE=CURRENT_SHOPMILL_CUSTOMER_PRICE,IRT_toman_major_unit0,EXACT_MATCH,EXACT_SKU,7dbeafd9ab421871425d0c1fd66ebbf13ef6188b5edfb9bab8d73ed2a8a64d0f
1588,DASQUA,5810-2005,19955000.00,24147000,4192000.00,shopmill:34162,https://shopmilltools.com/product/sm-34162/dasqua-internal-dial-caliper-gauge-model-5810-2005/,2026-09-09T12:24:29Z,24147000,KARZAR_PRICE=CURRENT_SHOPMILL_CUSTOMER_PRICE,IRT_toman_major_unit0,EXACT_MATCH,EXACT_SKU,7dbeafd9ab421871425d0c1fd66ebbf13ef6188b5edfb9bab8d73ed2a8a64d0f
1589,DASQUA,5810-2010,19955000.00,24145000,4190000.00,shopmill:42132,https://shopmilltools.com/product/sm-42132/dasqua-internal-dial-caliper-gauge-model-5810-2010/,2026-09-09T12:24:29Z,24145000,KARZAR_PRICE=CURRENT_SHOPMILL_CUSTOMER_PRICE,IRT_toman_major_unit0,EXACT_MATCH,EXACT_SKU,7dbeafd9ab421871425d0c1fd66ebbf13ef6188b5edfb9bab8d73ed2a8a64d0f
1590,DASQUA,5810-2015,19955000.00,24145000,4190000.00,shopmill:42140,https://shopmilltools.com/product/sm-42140/dasqua-internal-dial-caliper-gauge-model-5810-2015/,2026-09-09T12:24:29Z,24145000,KARZAR_PRICE=CURRENT_SHOPMILL_CUSTOMER_PRICE,IRT_toman_major_unit0,EXACT_MATCH,EXACT_SKU,7dbeafd9ab421871425d0c1fd66ebbf13ef6188b5edfb9bab8d73ed2a8a64d0f
1591,DASQUA,5810-2020,19955000.00,24145000,4190000.00,shopmill:42146,https://shopmilltools.com/product/sm-42146/dasqua-internal-dial-caliper-gauge-model-5810-2020/,2026-09-09T12:24:29Z,24145000,KARZAR_PRICE=CURRENT_SHOPMILL_CUSTOMER_PRICE,IRT_toman_major_unit0,EXACT_MATCH,EXACT_SKU,7dbeafd9ab421871425d0c1fd66ebbf13ef6188b5edfb9bab8d73ed2a8a64d0f
1597,DASQUA,5811-0005,30845000.00,37323000,6478000.00,shopmill:34165,https://shopmilltools.com/product/sm-34165/dasqua-internal-digital-caliper-gauge-model-5811-0005/,2026-09-09T12:24:29Z,37323000,KARZAR_PRICE=CURRENT_SHOPMILL_CUSTOMER_PRICE,IRT_toman_major_unit0,EXACT_MATCH,EXACT_SKU,7dbeafd9ab421871425d0c1fd66ebbf13ef6188b5edfb9bab8d73ed2a8a64d0f
1598,DASQUA,5811-0010,30845000.00,37325000,6480000.00,shopmill:42154,https://shopmilltools.com/product/sm-42154/dasqua-internal-digital-caliper-gauge-model-5811-0010/,2026-09-09T12:24:29Z,37325000,KARZAR_PRICE=CURRENT_SHOPMILL_CUSTOMER_PRICE,IRT_toman_major_unit0,EXACT_MATCH,EXACT_SKU,7dbeafd9ab421871425d0c1fd66ebbf13ef6188b5edfb9bab8d73ed2a8a64d0f
1599,DASQUA,5811-0015,30845000.00,17325000,-13520000.00,shopmill:42161,https://shopmilltools.com/product/sm-42161/dasqua-internal-digital-caliper-gauge-model-5811-0015/,2026-09-09T12:24:29Z,17325000,KARZAR_PRICE=CURRENT_SHOPMILL_CUSTOMER_PRICE,IRT_toman_major_unit0,EXACT_MATCH,EXACT_SKU,7dbeafd9ab421871425d0c1fd66ebbf13ef6188b5edfb9bab8d73ed2a8a64d0f
1600,DASQUA,5811-0020,32905000.00,39815000,6910000.00,shopmill:42168,https://shopmilltools.com/product/sm-42168/dasqua-internal-digital-caliper-gauge-model-5811-0020/,2026-09-09T12:24:29Z,39815000,KARZAR_PRICE=CURRENT_SHOPMILL_CUSTOMER_PRICE,IRT_toman_major_unit0,EXACT_MATCH,EXACT_SKU,7dbeafd9ab421871425d0c1fd66ebbf13ef6188b5edfb9bab8d73ed2a8a64d0f
1601,DASQUA,5820-0005,15840000.00,19167000,3327000.00,shopmill:34108,https://shopmilltools.com/product/sm-34108/dasqua-digital-indicator-model-5820-0005/,2026-09-09T12:24:29Z,19167000,KARZAR_PRICE=CURRENT_SHOPMILL_CUSTOMER_PRICE,IRT_toman_major_unit0,EXACT_MATCH,EXACT_SKU,7dbeafd9ab421871425d0c1fd66ebbf13ef6188b5edfb9bab8d73ed2a8a64d0f
1602,DASQUA,5820-0010,19955000.00,24145000,4190000.00,shopmill:41455,https://shopmilltools.com/product/sm-41455/dasqua-ip65-digital-indicator-model-5820-0010/,2026-09-09T12:24:29Z,24145000,KARZAR_PRICE=CURRENT_SHOPMILL_CUSTOMER_PRICE,IRT_toman_major_unit0,EXACT_MATCH,EXACT_SKU,7dbeafd9ab421871425d0c1fd66ebbf13ef6188b5edfb9bab8d73ed2a8a64d0f
1603,DASQUA,5820-0015,22620000.00,27375000,4755000.00,shopmill:41464,https://shopmilltools.com/product/sm-41464/dasqua-ip65-digital-indicator-model-5820-0015/,2026-09-09T12:24:29Z,27375000,KARZAR_PRICE=CURRENT_SHOPMILL_CUSTOMER_PRICE,IRT_toman_major_unit0,EXACT_MATCH,EXACT_SKU,7dbeafd9ab421871425d0c1fd66ebbf13ef6188b5edfb9bab8d73ed2a8a64d0f
1604,DASQUA,5820-0020,44630000.00,54000000,9370000.00,shopmill:41471,https://shopmilltools.com/product/sm-41471/dasqua-ip65-digital-indicator-model-5820-0020/,2026-09-09T12:24:29Z,54000000,KARZAR_PRICE=CURRENT_SHOPMILL_CUSTOMER_PRICE,IRT_toman_major_unit0,EXACT_MATCH,EXACT_SKU,7dbeafd9ab421871425d0c1fd66ebbf13ef6188b5edfb9bab8d73ed2a8a64d0f
1605,DASQUA,5831-0005,41115000.00,49749700,8634700.00,shopmill:34826,https://shopmilltools.com/product/sm-34826/dasqua-digital-radius-gauge-model-5831-0005/,2026-09-09T12:24:29Z,49749700,KARZAR_PRICE=CURRENT_SHOPMILL_CUSTOMER_PRICE,IRT_toman_major_unit0,EXACT_MATCH,EXACT_SKU,7dbeafd9ab421871425d0c1fd66ebbf13ef6188b5edfb9bab8d73ed2a8a64d0f
1606,DASQUA,5840-6200,13795000.00,16693000,2898000.00,shopmill:34145,https://shopmilltools.com/product/sm-34145/dasqua-digital-thickness-gauge-model-5840-6200/,2026-09-09T12:24:29Z,16693000,KARZAR_PRICE=CURRENT_SHOPMILL_CUSTOMER_PRICE,IRT_toman_major_unit0,EXACT_MATCH,EXACT_SKU,7dbeafd9ab421871425d0c1fd66ebbf13ef6188b5edfb9bab8d73ed2a8a64d0f
1611,DASQUA,5841-8106,19545000.00,23650000,4105000.00,shopmill:42011,https://shopmilltools.com/product/sm-42011/dasqua-thickness-gauge-model-5841-8106/,2026-09-09T12:24:29Z,23650000,KARZAR_PRICE=CURRENT_SHOPMILL_CUSTOMER_PRICE,IRT_toman_major_unit0,EXACT_MATCH,EXACT_SKU,7dbeafd9ab421871425d0c1fd66ebbf13ef6188b5edfb9bab8d73ed2a8a64d0f
1613,DASQUA,5911-0001,8765000.00,10607000,1842000.00,shopmill:34509,https://shopmilltools.com/product/sm-34509/dasqua-telescoping-gauge-set-model-5911-0001/,2026-09-09T12:24:29Z,10607000,KARZAR_PRICE=CURRENT_SHOPMILL_CUSTOMER_PRICE,IRT_toman_major_unit0,EXACT_MATCH,EXACT_SKU,7dbeafd9ab421871425d0c1fd66ebbf13ef6188b5edfb9bab8d73ed2a8a64d0f
1616,DASQUA,6110-1112,163850000.00,198260000,34410000.00,shopmill:46334,https://shopmilltools.com/product/sm-46334/dasqua-calibration-gauge-block-set-model-6110-1112/,2026-09-09T12:24:29Z,198260000,KARZAR_PRICE=CURRENT_SHOPMILL_CUSTOMER_PRICE,IRT_toman_major_unit0,EXACT_MATCH,EXACT_SKU,7dbeafd9ab421871425d0c1fd66ebbf13ef6188b5edfb9bab8d73ed2a8a64d0f
1617,DASQUA,6110-1232,48325000.00,58480000,10155000.00,shopmill:46282,https://shopmilltools.com/product/sm-46282/dasqua-calibration-gauge-block-set-model-6110-1232/,2026-09-09T12:24:29Z,58480000,KARZAR_PRICE=CURRENT_SHOPMILL_CUSTOMER_PRICE,IRT_toman_major_unit0,EXACT_MATCH,EXACT_SKU,7dbeafd9ab421871425d0c1fd66ebbf13ef6188b5edfb9bab8d73ed2a8a64d0f
1618,DASQUA,6110-1247,65800000.00,79620000,13820000.00,shopmill:46300,https://shopmilltools.com/product/sm-46300/dasqua-calibration-gauge-block-set-model-6110-1247/,2026-09-09T12:24:29Z,79620000,KARZAR_PRICE=CURRENT_SHOPMILL_CUSTOMER_PRICE,IRT_toman_major_unit0,EXACT_MATCH,EXACT_SKU,7dbeafd9ab421871425d0c1fd66ebbf13ef6188b5edfb9bab8d73ed2a8a64d0f
1619,DASQUA,6110-1287,102665000.00,124230000,21565000.00,shopmill:46315,https://shopmilltools.com/product/sm-46315/dasqua-calibration-gauge-block-set-model-6110-1287/,2026-09-09T12:24:29Z,124230000,KARZAR_PRICE=CURRENT_SHOPMILL_CUSTOMER_PRICE,IRT_toman_major_unit0,EXACT_MATCH,EXACT_SKU,7dbeafd9ab421871425d0c1fd66ebbf13ef6188b5edfb9bab8d73ed2a8a64d0f
1620,DASQUA,6111-1112,92510000.00,111945000,19435000.00,shopmill:46341,https://shopmilltools.com/product/sm-46341/dasqua-calibration-gauge-block-set-model-6111-1112/,2026-09-09T12:24:29Z,111945000,KARZAR_PRICE=CURRENT_SHOPMILL_CUSTOMER_PRICE,IRT_toman_major_unit0,EXACT_MATCH,EXACT_SKU,7dbeafd9ab421871425d0c1fd66ebbf13ef6188b5edfb9bab8d73ed2a8a64d0f
1621,DASQUA,6111-1232,29205000.00,35340000,6135000.00,shopmill:46289,https://shopmilltools.com/product/sm-46289/dasqua-calibration-gauge-block-set-model-6111-1232/,2026-09-09T12:24:29Z,35340000,KARZAR_PRICE=CURRENT_SHOPMILL_CUSTOMER_PRICE,IRT_toman_major_unit0,EXACT_MATCH,EXACT_SKU,7dbeafd9ab421871425d0c1fd66ebbf13ef6188b5edfb9bab8d73ed2a8a64d0f
1622,DASQUA,6111-1247,40510000.00,49025000,8515000.00,shopmill:46304,https://shopmilltools.com/product/sm-46304/dasqua-calibration-gauge-block-set-model-6111-1247/,2026-09-09T12:24:29Z,49025000,KARZAR_PRICE=CURRENT_SHOPMILL_CUSTOMER_PRICE,IRT_toman_major_unit0,EXACT_MATCH,EXACT_SKU,7dbeafd9ab421871425d0c1fd66ebbf13ef6188b5edfb9bab8d73ed2a8a64d0f
1623,DASQUA,6111-1287,61070000.00,73900000,12830000.00,shopmill:46321,https://shopmilltools.com/product/sm-46321/dasqua-calibration-gauge-block-set-model-6111-1287/,2026-09-09T12:24:29Z,73900000,KARZAR_PRICE=CURRENT_SHOPMILL_CUSTOMER_PRICE,IRT_toman_major_unit0,EXACT_MATCH,EXACT_SKU,7dbeafd9ab421871425d0c1fd66ebbf13ef6188b5edfb9bab8d73ed2a8a64d0f
1624,DASQUA,6112-1112,49360000.00,59730000,10370000.00,shopmill:46347,https://shopmilltools.com/product/sm-46347/dasqua-calibration-gauge-block-set-model-6112-1112/,2026-09-09T12:24:29Z,59730000,KARZAR_PRICE=CURRENT_SHOPMILL_CUSTOMER_PRICE,IRT_toman_major_unit0,EXACT_MATCH,EXACT_SKU,7dbeafd9ab421871425d0c1fd66ebbf13ef6188b5edfb9bab8d73ed2a8a64d0f
1625,DASQUA,6112-1232,16670000.00,20175000,3505000.00,shopmill:46294,https://shopmilltools.com/product/sm-46294/dasqua-calibration-gauge-block-set-model-6112-1232/,2026-09-09T12:24:29Z,20175000,KARZAR_PRICE=CURRENT_SHOPMILL_CUSTOMER_PRICE,IRT_toman_major_unit0,EXACT_MATCH,EXACT_SKU,7dbeafd9ab421871425d0c1fd66ebbf13ef6188b5edfb9bab8d73ed2a8a64d0f
1626,DASQUA,6112-1247,25095000.00,30365000,5270000.00,shopmill:46311,https://shopmilltools.com/product/sm-46311/dasqua-calibration-gauge-block-set-model-6112-1247/,2026-09-09T12:24:29Z,30365000,KARZAR_PRICE=CURRENT_SHOPMILL_CUSTOMER_PRICE,IRT_toman_major_unit0,EXACT_MATCH,EXACT_SKU,7dbeafd9ab421871425d0c1fd66ebbf13ef6188b5edfb9bab8d73ed2a8a64d0f
1627,DASQUA,6112-1287,32285000.00,39070000,6785000.00,shopmill:46327,https://shopmilltools.com/product/sm-46327/dasqua-calibration-gauge-block-set-model-6112-1287/,2026-09-09T12:24:29Z,39070000,KARZAR_PRICE=CURRENT_SHOPMILL_CUSTOMER_PRICE,IRT_toman_major_unit0,EXACT_MATCH,EXACT_SKU,7dbeafd9ab421871425d0c1fd66ebbf13ef6188b5edfb9bab8d73ed2a8a64d0f
1628,DASQUA,6211-4205,48325000.00,58473800,10148800.00,shopmill:34601,https://shopmilltools.com/product/sm-34601/dasqua-pin-gauge-set-model-6211-4205/,2026-09-09T12:24:29Z,58473800,KARZAR_PRICE=CURRENT_SHOPMILL_CUSTOMER_PRICE,IRT_toman_major_unit0,EXACT_MATCH,EXACT_SKU,7dbeafd9ab421871425d0c1fd66ebbf13ef6188b5edfb9bab8d73ed2a8a64d0f
1629,DASQUA,6211-4210,161385000.00,195280000,33895000.00,shopmill:46550,https://shopmilltools.com/product/sm-46550/dasqua-pin-gauge-set-model-6211-4210/,2026-09-09T12:24:29Z,195280000,KARZAR_PRICE=CURRENT_SHOPMILL_CUSTOMER_PRICE,IRT_toman_major_unit0,EXACT_MATCH,EXACT_SKU,7dbeafd9ab421871425d0c1fd66ebbf13ef6188b5edfb9bab8d73ed2a8a64d0f
1630,DASQUA,6211-4300,22015000.00,26645000,4630000.00,shopmill:46432,https://shopmilltools.com/product/sm-46432/dasqua-pin-gauge-set-model-6211-4300/,2026-09-09T12:24:29Z,26645000,KARZAR_PRICE=CURRENT_SHOPMILL_CUSTOMER_PRICE,IRT_toman_major_unit0,EXACT_MATCH,EXACT_SKU,7dbeafd9ab421871425d0c1fd66ebbf13ef6188b5edfb9bab8d73ed2a8a64d0f
1631,DASQUA,6211-4301,34965000.00,42315000,7350000.00,shopmill:46440,https://shopmilltools.com/product/sm-46440/dasqua-pin-gauge-set-model-6211-4301/,2026-09-09T12:24:29Z,42315000,KARZAR_PRICE=CURRENT_SHOPMILL_CUSTOMER_PRICE,IRT_toman_major_unit0,EXACT_MATCH,EXACT_SKU,7dbeafd9ab421871425d0c1fd66ebbf13ef6188b5edfb9bab8d73ed2a8a64d0f
1632,DASQUA,6211-4302,34965000.00,42315000,7350000.00,shopmill:46444,https://shopmilltools.com/product/sm-46444/dasqua-pin-gauge-set-model-6211-4302/,2026-09-09T12:24:29Z,42315000,KARZAR_PRICE=CURRENT_SHOPMILL_CUSTOMER_PRICE,IRT_toman_major_unit0,EXACT_MATCH,EXACT_SKU,7dbeafd9ab421871425d0c1fd66ebbf13ef6188b5edfb9bab8d73ed2a8a64d0f
1633,DASQUA,6211-4303,34965000.00,42315000,7350000.00,shopmill:46458,https://shopmilltools.com/product/sm-46458/dasqua-pin-gauge-set-model-6211-4303/,2026-09-09T12:24:29Z,42315000,KARZAR_PRICE=CURRENT_SHOPMILL_CUSTOMER_PRICE,IRT_toman_major_unit0,EXACT_MATCH,EXACT_SKU,7dbeafd9ab421871425d0c1fd66ebbf13ef6188b5edfb9bab8d73ed2a8a64d0f
1634,DASQUA,6211-4304,34965000.00,42315000,7350000.00,shopmill:46463,https://shopmilltools.com/product/sm-46463/dasqua-pin-gauge-set-model-6211-4304/,2026-09-09T12:24:29Z,42315000,KARZAR_PRICE=CURRENT_SHOPMILL_CUSTOMER_PRICE,IRT_toman_major_unit0,EXACT_MATCH,EXACT_SKU,7dbeafd9ab421871425d0c1fd66ebbf13ef6188b5edfb9bab8d73ed2a8a64d0f
1635,DASQUA,6211-4305,34965000.00,42315000,7350000.00,shopmill:46469,https://shopmilltools.com/product/sm-46469/dasqua-pin-gauge-set-model-6211-4305/,2026-09-09T12:24:29Z,42315000,KARZAR_PRICE=CURRENT_SHOPMILL_CUSTOMER_PRICE,IRT_toman_major_unit0,EXACT_MATCH,EXACT_SKU,7dbeafd9ab421871425d0c1fd66ebbf13ef6188b5edfb9bab8d73ed2a8a64d0f
1636,DASQUA,6211-4306,34965000.00,42315000,7350000.00,shopmill:46475,https://shopmilltools.com/product/sm-46475/dasqua-pin-gauge-set-model-6211-4306/,2026-09-09T12:24:29Z,42315000,KARZAR_PRICE=CURRENT_SHOPMILL_CUSTOMER_PRICE,IRT_toman_major_unit0,EXACT_MATCH,EXACT_SKU,7dbeafd9ab421871425d0c1fd66ebbf13ef6188b5edfb9bab8d73ed2a8a64d0f
1637,DASQUA,6211-4307,34965000.00,42315000,7350000.00,shopmill:46483,https://shopmilltools.com/product/sm-46483/dasqua-pin-gauge-set-model-6211-4307/,2026-09-09T12:24:29Z,42315000,KARZAR_PRICE=CURRENT_SHOPMILL_CUSTOMER_PRICE,IRT_toman_major_unit0,EXACT_MATCH,EXACT_SKU,7dbeafd9ab421871425d0c1fd66ebbf13ef6188b5edfb9bab8d73ed2a8a64d0f
1638,DASQUA,6211-4308,34965000.00,42315000,7350000.00,shopmill:46488,https://shopmilltools.com/product/sm-46488/dasqua-pin-gauge-set-model-6211-4308/,2026-09-09T12:24:29Z,42315000,KARZAR_PRICE=CURRENT_SHOPMILL_CUSTOMER_PRICE,IRT_toman_major_unit0,EXACT_MATCH,EXACT_SKU,7dbeafd9ab421871425d0c1fd66ebbf13ef6188b5edfb9bab8d73ed2a8a64d0f
1639,DASQUA,6211-4309,34965000.00,42315000,7350000.00,shopmill:46494,https://shopmilltools.com/product/sm-46494/dasqua-pin-gauge-set-model-6211-4309/,2026-09-09T12:24:29Z,42315000,KARZAR_PRICE=CURRENT_SHOPMILL_CUSTOMER_PRICE,IRT_toman_major_unit0,EXACT_MATCH,EXACT_SKU,7dbeafd9ab421871425d0c1fd66ebbf13ef6188b5edfb9bab8d73ed2a8a64d0f
1640,DASQUA,6211-4310,34965000.00,42315000,7350000.00,shopmill:46498,https://shopmilltools.com/product/sm-46498/dasqua-pin-gauge-set-model-6211-4310/,2026-09-09T12:24:29Z,42315000,KARZAR_PRICE=CURRENT_SHOPMILL_CUSTOMER_PRICE,IRT_toman_major_unit0,EXACT_MATCH,EXACT_SKU,7dbeafd9ab421871425d0c1fd66ebbf13ef6188b5edfb9bab8d73ed2a8a64d0f
1641,DASQUA,6211-4311,34965000.00,42315000,7350000.00,shopmill:46502,https://shopmilltools.com/product/sm-46502/dasqua-pin-gauge-set-model-6211-4311/,2026-09-09T12:24:29Z,42315000,KARZAR_PRICE=CURRENT_SHOPMILL_CUSTOMER_PRICE,IRT_toman_major_unit0,EXACT_MATCH,EXACT_SKU,7dbeafd9ab421871425d0c1fd66ebbf13ef6188b5edfb9bab8d73ed2a8a64d0f
1642,DASQUA,6211-4312,34965000.00,42315000,7350000.00,shopmill:46508,https://shopmilltools.com/product/sm-46508/dasqua-pin-gauge-set-model-6211-4312/,2026-09-09T12:24:29Z,42315000,KARZAR_PRICE=CURRENT_SHOPMILL_CUSTOMER_PRICE,IRT_toman_major_unit0,EXACT_MATCH,EXACT_SKU,7dbeafd9ab421871425d0c1fd66ebbf13ef6188b5edfb9bab8d73ed2a8a64d0f
1643,DASQUA,6211-4313,34965000.00,42315000,7350000.00,shopmill:46513,https://shopmilltools.com/product/sm-46513/dasqua-pin-gauge-set-model-6211-4313/,2026-09-09T12:24:29Z,42315000,KARZAR_PRICE=CURRENT_SHOPMILL_CUSTOMER_PRICE,IRT_toman_major_unit0,EXACT_MATCH,EXACT_SKU,7dbeafd9ab421871425d0c1fd66ebbf13ef6188b5edfb9bab8d73ed2a8a64d0f
1644,DASQUA,6211-4314,34965000.00,42315000,7350000.00,shopmill:46517,https://shopmilltools.com/product/sm-46517/dasqua-pin-gauge-set-model-6211-4314/,2026-09-09T12:24:29Z,42315000,KARZAR_PRICE=CURRENT_SHOPMILL_CUSTOMER_PRICE,IRT_toman_major_unit0,EXACT_MATCH,EXACT_SKU,7dbeafd9ab421871425d0c1fd66ebbf13ef6188b5edfb9bab8d73ed2a8a64d0f
1645,DASQUA,6211-4315,34965000.00,42315000,7350000.00,shopmill:46523,https://shopmilltools.com/product/sm-46523/dasqua-pin-gauge-set-model-6211-4315/,2026-09-09T12:24:29Z,42315000,KARZAR_PRICE=CURRENT_SHOPMILL_CUSTOMER_PRICE,IRT_toman_major_unit0,EXACT_MATCH,EXACT_SKU,7dbeafd9ab421871425d0c1fd66ebbf13ef6188b5edfb9bab8d73ed2a8a64d0f
1646,DASQUA,6211-4316,34965000.00,42315000,7350000.00,shopmill:46530,https://shopmilltools.com/product/sm-46530/dasqua-pin-gauge-set-model-6211-4316/,2026-09-09T12:24:29Z,42315000,KARZAR_PRICE=CURRENT_SHOPMILL_CUSTOMER_PRICE,IRT_toman_major_unit0,EXACT_MATCH,EXACT_SKU,7dbeafd9ab421871425d0c1fd66ebbf13ef6188b5edfb9bab8d73ed2a8a64d0f
1647,DASQUA,6211-4317,34965000.00,42315000,7350000.00,shopmill:46535,https://shopmilltools.com/product/sm-46535/dasqua-pin-gauge-set-model-6211-4317/,2026-09-09T12:24:29Z,42315000,KARZAR_PRICE=CURRENT_SHOPMILL_CUSTOMER_PRICE,IRT_toman_major_unit0,EXACT_MATCH,EXACT_SKU,7dbeafd9ab421871425d0c1fd66ebbf13ef6188b5edfb9bab8d73ed2a8a64d0f
1648,DASQUA,6211-4318,37005000.00,44775000,7770000.00,shopmill:46539,https://shopmilltools.com/product/sm-46539/dasqua-pin-gauge-set-model-6211-4318/,2026-09-09T12:24:29Z,44775000,KARZAR_PRICE=CURRENT_SHOPMILL_CUSTOMER_PRICE,IRT_toman_major_unit0,EXACT_MATCH,EXACT_SKU,7dbeafd9ab421871425d0c1fd66ebbf13ef6188b5edfb9bab8d73ed2a8a64d0f
1649,DASQUA,6211-4319,39075000.00,47285000,8210000.00,shopmill:46545,https://shopmilltools.com/product/sm-46545/dasqua-pin-gauge-set-model-6211-4319/,2026-09-09T12:24:29Z,47285000,KARZAR_PRICE=CURRENT_SHOPMILL_CUSTOMER_PRICE,IRT_toman_major_unit0,EXACT_MATCH,EXACT_SKU,7dbeafd9ab421871425d0c1fd66ebbf13ef6188b5edfb9bab8d73ed2a8a64d0f
1675,DASQUA,6350-0005,28185000.00,34105000,5920000.00,shopmill:35219,https://shopmilltools.com/product/sm-35219/dasqua-gauge-ball-set-model-6350-0005/,2026-09-09T12:24:29Z,34105000,KARZAR_PRICE=CURRENT_SHOPMILL_CUSTOMER_PRICE,IRT_toman_major_unit0,EXACT_MATCH,EXACT_SKU,7dbeafd9ab421871425d0c1fd66ebbf13ef6188b5edfb9bab8d73ed2a8a64d0f
1677,DASQUA,6710-0005,215585000.00,260860000,45275000.00,shopmill:45691,https://shopmilltools.com/product/sm-45691/dasqua-portable-surface-roughness-tester-model-6710-0005/,2026-09-09T12:24:29Z,260860000,KARZAR_PRICE=CURRENT_SHOPMILL_CUSTOMER_PRICE,IRT_toman_major_unit0,EXACT_MATCH,EXACT_SKU,7dbeafd9ab421871425d0c1fd66ebbf13ef6188b5edfb9bab8d73ed2a8a64d0f
1678,DASQUA,7000-0010,2900000.00,3510000,610000.00,shopmill:46262,https://shopmilltools.com/product/sm-46262/dasqua-magnetic-base-model-7000-0010/,2026-09-09T12:24:29Z,3510000,KARZAR_PRICE=CURRENT_SHOPMILL_CUSTOMER_PRICE,IRT_toman_major_unit0,EXACT_MATCH,EXACT_SKU,7dbeafd9ab421871425d0c1fd66ebbf13ef6188b5edfb9bab8d73ed2a8a64d0f
1679,DASQUA,7111-1105,2285000.00,2766000,481000.00,shopmill:34697,https://shopmilltools.com/product/sm-34697/dasqua-micrometer-stand-model-7111-1105/,2026-09-09T12:24:29Z,2766000,KARZAR_PRICE=CURRENT_SHOPMILL_CUSTOMER_PRICE,IRT_toman_major_unit0,EXACT_MATCH,EXACT_SKU,7dbeafd9ab421871425d0c1fd66ebbf13ef6188b5edfb9bab8d73ed2a8a64d0f
1680,DASQUA,7121-0025,13180000.00,15948000,2768000.00,shopmill:34753,https://shopmilltools.com/product/sm-34753/dasqua-articulating-magnetic-base-model-7121-0025/,2026-09-09T12:24:29Z,15948000,KARZAR_PRICE=CURRENT_SHOPMILL_CUSTOMER_PRICE,IRT_toman_major_unit0,EXACT_MATCH,EXACT_SKU,7dbeafd9ab421871425d0c1fd66ebbf13ef6188b5edfb9bab8d73ed2a8a64d0f
1681,DASQUA,7121-0030,15840000.00,19170000,3330000.00,shopmill:46227,https://shopmilltools.com/product/sm-46227/dasqua-articulating-magnetic-base-model-7121-0030/,2026-09-09T12:24:29Z,19170000,KARZAR_PRICE=CURRENT_SHOPMILL_CUSTOMER_PRICE,IRT_toman_major_unit0,EXACT_MATCH,EXACT_SKU,7dbeafd9ab421871425d0c1fd66ebbf13ef6188b5edfb9bab8d73ed2a8a64d0f
1682,DASQUA,7121-0035,17700000.00,21420000,3720000.00,shopmill:46235,https://shopmilltools.com/product/sm-46235/dasqua-articulating-magnetic-base-model-7121-0035/,2026-09-09T12:24:29Z,21420000,KARZAR_PRICE=CURRENT_SHOPMILL_CUSTOMER_PRICE,IRT_toman_major_unit0,EXACT_MATCH,EXACT_SKU,7dbeafd9ab421871425d0c1fd66ebbf13ef6188b5edfb9bab8d73ed2a8a64d0f
1683,DASQUA,7121-0045,19955000.00,24145000,4190000.00,shopmill:46246,https://shopmilltools.com/product/sm-46246/dasqua-articulating-magnetic-base-model-7121-0045/,2026-09-09T12:24:29Z,24145000,KARZAR_PRICE=CURRENT_SHOPMILL_CUSTOMER_PRICE,IRT_toman_major_unit0,EXACT_MATCH,EXACT_SKU,7dbeafd9ab421871425d0c1fd66ebbf13ef6188b5edfb9bab8d73ed2a8a64d0f
1685,DASQUA,7122-0010,4755000.00,5755000,1000000.00,shopmill:46212,https://shopmilltools.com/product/sm-46212/dasqua-magnetic-base-with-fine-adjustment-model-7122-0010/,2026-09-09T12:24:29Z,5755000,KARZAR_PRICE=CURRENT_SHOPMILL_CUSTOMER_PRICE,IRT_toman_major_unit0,EXACT_MATCH,EXACT_SKU,7dbeafd9ab421871425d0c1fd66ebbf13ef6188b5edfb9bab8d73ed2a8a64d0f
1686,DASQUA,7122-0015,8875000.00,10745000,1870000.00,shopmill:46221,https://shopmilltools.com/product/sm-46221/dasqua-magnetic-base-with-fine-adjustment-model-7122-0015/,2026-09-09T12:24:29Z,10745000,KARZAR_PRICE=CURRENT_SHOPMILL_CUSTOMER_PRICE,IRT_toman_major_unit0,EXACT_MATCH,EXACT_SKU,7dbeafd9ab421871425d0c1fd66ebbf13ef6188b5edfb9bab8d73ed2a8a64d0f
1687,DASQUA,7123-0005,13370000.00,16178000,2808000.00,shopmill:34781,https://shopmilltools.com/product/sm-34781/dasqua-surface-gauge-with-switchable-magnetic-base-model-7123-0005/,2026-09-09T12:24:29Z,16178000,KARZAR_PRICE=CURRENT_SHOPMILL_CUSTOMER_PRICE,IRT_toman_major_unit0,EXACT_MATCH,EXACT_SKU,7dbeafd9ab421871425d0c1fd66ebbf13ef6188b5edfb9bab8d73ed2a8a64d0f
1688,DASQUA,7212-1015,9620000.00,11645000,2025000.00,shopmill:45291,https://shopmilltools.com/product/sm-45291/dasqua-digital-torque-gauge-model-7212-1015/,2026-09-09T12:24:29Z,11645000,KARZAR_PRICE=CURRENT_SHOPMILL_CUSTOMER_PRICE,IRT_toman_major_unit0,EXACT_MATCH,EXACT_SKU,7dbeafd9ab421871425d0c1fd66ebbf13ef6188b5edfb9bab8d73ed2a8a64d0f
1689,DASQUA,7212-4020,17270000.00,20900000,3630000.00,shopmill:46684,https://shopmilltools.com/product/sm-46684/dasqua-digital-torque-gauge-with-short-hand-model-7212-4020/,2026-09-09T12:24:29Z,20900000,KARZAR_PRICE=CURRENT_SHOPMILL_CUSTOMER_PRICE,IRT_toman_major_unit0,EXACT_MATCH,EXACT_SKU,7dbeafd9ab421871425d0c1fd66ebbf13ef6188b5edfb9bab8d73ed2a8a64d0f
1690,DASQUA,7312-0010,8650000.00,10467000,1817000.00,shopmill:34743,https://shopmilltools.com/product/sm-34743/dasqua-magnetic-stand-base-model-7312-0010/,2026-09-09T12:24:29Z,10467000,KARZAR_PRICE=CURRENT_SHOPMILL_CUSTOMER_PRICE,IRT_toman_major_unit0,EXACT_MATCH,EXACT_SKU,7dbeafd9ab421871425d0c1fd66ebbf13ef6188b5edfb9bab8d73ed2a8a64d0f
1691,DASQUA,7312-0015,11250000.00,13615000,2365000.00,shopmill:46251,https://shopmilltools.com/product/sm-46251/dasqua-magnetic-stand-base-model-7312-0015/,2026-09-09T12:24:29Z,13615000,KARZAR_PRICE=CURRENT_SHOPMILL_CUSTOMER_PRICE,IRT_toman_major_unit0,EXACT_MATCH,EXACT_SKU,7dbeafd9ab421871425d0c1fd66ebbf13ef6188b5edfb9bab8d73ed2a8a64d0f
1693,DASQUA,7611-0020,4800000.00,5808000,1008000.00,shopmill:34787,https://shopmilltools.com/product/sm-34787/dasqua-mini-led-light-with-magnetic-base-model-7611-0020/,2026-09-09T12:24:29Z,5808000,KARZAR_PRICE=CURRENT_SHOPMILL_CUSTOMER_PRICE,IRT_toman_major_unit0,EXACT_MATCH,EXACT_SKU,7dbeafd9ab421871425d0c1fd66ebbf13ef6188b5edfb9bab8d73ed2a8a64d0f
1695,DASQUA,7851-0008,239780000.00,290140000,50360000.00,shopmill:45387,https://shopmilltools.com/product/sm-45387/dasqua-heavy-duty-precision-bench-center-model-7851-0008/,2026-09-09T12:24:29Z,290140000,KARZAR_PRICE=CURRENT_SHOPMILL_CUSTOMER_PRICE,IRT_toman_major_unit0,EXACT_MATCH,EXACT_SKU,7dbeafd9ab421871425d0c1fd66ebbf13ef6188b5edfb9bab8d73ed2a8a64d0f
1696,DASQUA,7851-0011,269280000.00,325835000,56555000.00,shopmill:46683,https://shopmilltools.com/product/sm-46683/dasqua-heavy-duty-precision-bench-center-model-7851-0011/,2026-09-09T12:24:29Z,325835000,KARZAR_PRICE=CURRENT_SHOPMILL_CUSTOMER_PRICE,IRT_toman_major_unit0,EXACT_MATCH,EXACT_SKU,7dbeafd9ab421871425d0c1fd66ebbf13ef6188b5edfb9bab8d73ed2a8a64d0f
1697,DASQUA,7851-0013,349055000.00,422360000,73305000.00,shopmill:45391,https://shopmilltools.com/product/sm-45391/dasqua-heavy-duty-precision-bench-center-model-7851-0013/,2026-09-09T12:24:29Z,422360000,KARZAR_PRICE=CURRENT_SHOPMILL_CUSTOMER_PRICE,IRT_toman_major_unit0,EXACT_MATCH,EXACT_SKU,7dbeafd9ab421871425d0c1fd66ebbf13ef6188b5edfb9bab8d73ed2a8a64d0f
1698,DASQUA,7912-0004,37295000.00,45130000,7835000.00,shopmill:46271,https://shopmilltools.com/product/sm-46271/dasqua-precision-granite-comparator-stand-model-7912-0004/,2026-09-09T12:24:29Z,45130000,KARZAR_PRICE=CURRENT_SHOPMILL_CUSTOMER_PRICE,IRT_toman_major_unit0,EXACT_MATCH,EXACT_SKU,7dbeafd9ab421871425d0c1fd66ebbf13ef6188b5edfb9bab8d73ed2a8a64d0f
1699,DASQUA,8101-0005,11735000.00,14200000,2465000.00,shopmill:35238,https://shopmilltools.com/product/sm-35238/dasqua-v-block-with-clamp-set-model-8101-0005/,2026-09-09T12:24:29Z,14200000,KARZAR_PRICE=CURRENT_SHOPMILL_CUSTOMER_PRICE,IRT_toman_major_unit0,EXACT_MATCH,EXACT_SKU,7dbeafd9ab421871425d0c1fd66ebbf13ef6188b5edfb9bab8d73ed2a8a64d0f
1700,DASQUA,8101-0010,13795000.00,16695000,2900000.00,shopmill:45568,https://shopmilltools.com/product/sm-45568/dasqua-v-block-with-clamp-set-model-8101-0010/,2026-09-09T12:24:29Z,16695000,KARZAR_PRICE=CURRENT_SHOPMILL_CUSTOMER_PRICE,IRT_toman_major_unit0,EXACT_MATCH,EXACT_SKU,7dbeafd9ab421871425d0c1fd66ebbf13ef6188b5edfb9bab8d73ed2a8a64d0f
1701,DASQUA,8203-0010,34965000.00,41215000,6250000.00,shopmill:45683,https://shopmilltools.com/product/sm-45683/dasqua-premium-parallel-set-model-8203-0010-a/,2026-09-09T12:24:29Z,41215000,KARZAR_PRICE=CURRENT_SHOPMILL_CUSTOMER_PRICE,IRT_toman_major_unit0,EXACT_MATCH,EXACT_NORMALIZED_SKU:dasqua_trailing_A,7dbeafd9ab421871425d0c1fd66ebbf13ef6188b5edfb9bab8d73ed2a8a64d0f
1707,DASQUA,8301-0003,17895000.00,21654000,3759000.00,shopmill:34222,https://shopmilltools.com/product/sm-34222/dasqua-precision-frame-level-model-8301-0003-a/,2026-09-09T12:24:29Z,21654000,KARZAR_PRICE=CURRENT_SHOPMILL_CUSTOMER_PRICE,IRT_toman_major_unit0,EXACT_MATCH,EXACT_NORMALIZED_SKU:dasqua_trailing_A,7dbeafd9ab421871425d0c1fd66ebbf13ef6188b5edfb9bab8d73ed2a8a64d0f
1709,DASQUA,8301-0006,19585000.00,23700000,4115000.00,shopmill:43431,https://shopmilltools.com/product/sm-43431/dasqua-precision-frame-level-model-8301-0006-a/,2026-09-09T12:24:29Z,23700000,KARZAR_PRICE=CURRENT_SHOPMILL_CUSTOMER_PRICE,IRT_toman_major_unit0,EXACT_MATCH,EXACT_NORMALIZED_SKU:dasqua_trailing_A,7dbeafd9ab421871425d0c1fd66ebbf13ef6188b5edfb9bab8d73ed2a8a64d0f
1710,DASQUA,8301-0009,29835000.00,36105000,6270000.00,shopmill:43438,https://shopmilltools.com/product/sm-43438/dasqua-precision-frame-level-model-8301-0009-a/,2026-09-09T12:24:29Z,36105000,KARZAR_PRICE=CURRENT_SHOPMILL_CUSTOMER_PRICE,IRT_toman_major_unit0,EXACT_MATCH,EXACT_NORMALIZED_SKU:dasqua_trailing_A,7dbeafd9ab421871425d0c1fd66ebbf13ef6188b5edfb9bab8d73ed2a8a64d0f
1711,DASQUA,8301-0010,16460000.00,19925000,3465000.00,shopmill:43367,https://shopmilltools.com/product/sm-43367/dasqua-precision-level-model-8301-0010-a/,2026-09-09T12:24:29Z,19925000,KARZAR_PRICE=CURRENT_SHOPMILL_CUSTOMER_PRICE,IRT_toman_major_unit0,EXACT_MATCH,EXACT_NORMALIZED_SKU:dasqua_trailing_A,7dbeafd9ab421871425d0c1fd66ebbf13ef6188b5edfb9bab8d73ed2a8a64d0f
1712,DASQUA,8301-0013,30650000.00,37090000,6440000.00,shopmill:43445,https://shopmilltools.com/product/sm-43445/dasqua-precision-frame-level-model-8301-0013-a/,2026-09-09T12:24:29Z,37090000,KARZAR_PRICE=CURRENT_SHOPMILL_CUSTOMER_PRICE,IRT_toman_major_unit0,EXACT_MATCH,EXACT_NORMALIZED_SKU:dasqua_trailing_A,7dbeafd9ab421871425d0c1fd66ebbf13ef6188b5edfb9bab8d73ed2a8a64d0f
1713,DASQUA,8301-0015,19955000.00,24145000,4190000.00,shopmill:43376,https://shopmilltools.com/product/sm-43376/dasqua-precision-level-model-8301-0015-a/,2026-09-09T12:24:29Z,24145000,KARZAR_PRICE=CURRENT_SHOPMILL_CUSTOMER_PRICE,IRT_toman_major_unit0,EXACT_MATCH,EXACT_NORMALIZED_SKU:dasqua_trailing_A,7dbeafd9ab421871425d0c1fd66ebbf13ef6188b5edfb9bab8d73ed2a8a64d0f
1714,DASQUA,8301-1005,15570000.00,18845000,3275000.00,shopmill:43346,https://shopmilltools.com/product/sm-43346/dasqua-precision-level-model-8301-1005-a/,2026-09-09T12:24:29Z,18845000,KARZAR_PRICE=CURRENT_SHOPMILL_CUSTOMER_PRICE,IRT_toman_major_unit0,EXACT_MATCH,EXACT_NORMALIZED_SKU:dasqua_trailing_A,7dbeafd9ab421871425d0c1fd66ebbf13ef6188b5edfb9bab8d73ed2a8a64d0f
1715,DASQUA,8301-1009,30235000.00,36590000,6355000.00,shopmill:43405,https://shopmilltools.com/product/sm-43405/dasqua-precision-frame-level-model-8301-1009-a/,2026-09-09T12:24:29Z,36590000,KARZAR_PRICE=CURRENT_SHOPMILL_CUSTOMER_PRICE,IRT_toman_major_unit0,EXACT_MATCH,EXACT_NORMALIZED_SKU:dasqua_trailing_A,7dbeafd9ab421871425d0c1fd66ebbf13ef6188b5edfb9bab8d73ed2a8a64d0f
1716,DASQUA,8301-1010,17090000.00,20680000,3590000.00,shopmill:43356,https://shopmilltools.com/product/sm-43356/dasqua-precision-level-model-8301-1010-a/,2026-09-09T12:24:29Z,20680000,KARZAR_PRICE=CURRENT_SHOPMILL_CUSTOMER_PRICE,IRT_toman_major_unit0,EXACT_MATCH,EXACT_NORMALIZED_SKU:dasqua_trailing_A,7dbeafd9ab421871425d0c1fd66ebbf13ef6188b5edfb9bab8d73ed2a8a64d0f
1717,DASQUA,8301-1013,31340000.00,37925000,6585000.00,shopmill:43413,https://shopmilltools.com/product/sm-43413/dasqua-precision-frame-level-model-8301-1013-a/,2026-09-09T12:24:29Z,37925000,KARZAR_PRICE=CURRENT_SHOPMILL_CUSTOMER_PRICE,IRT_toman_major_unit0,EXACT_MATCH,EXACT_NORMALIZED_SKU:dasqua_trailing_A,7dbeafd9ab421871425d0c1fd66ebbf13ef6188b5edfb9bab8d73ed2a8a64d0f
1718,DASQUA,8301-1020,22000000.00,26620000,4620000.00,shopmill:43363,https://shopmilltools.com/product/sm-43363/dasqua-precision-level-model-8301-1020-a/,2026-09-09T12:24:29Z,26620000,KARZAR_PRICE=CURRENT_SHOPMILL_CUSTOMER_PRICE,IRT_toman_major_unit0,EXACT_MATCH,EXACT_NORMALIZED_SKU:dasqua_trailing_A,7dbeafd9ab421871425d0c1fd66ebbf13ef6188b5edfb9bab8d73ed2a8a64d0f
1721,DASQUA,8400-0000,9060000.00,10970000,1910000.00,shopmill:43453,https://shopmilltools.com/product/sm-43453/dasqua-digital-angle-gauge-model-8400-0000/,2026-09-09T12:24:29Z,10970000,KARZAR_PRICE=CURRENT_SHOPMILL_CUSTOMER_PRICE,IRT_toman_major_unit0,EXACT_MATCH,EXACT_SKU,7dbeafd9ab421871425d0c1fd66ebbf13ef6188b5edfb9bab8d73ed2a8a64d0f
1722,DASQUA,8400-0005,9480000.00,11471000,1991000.00,shopmill:34233,https://shopmilltools.com/product/sm-34233/dasqua-digital-protractor-model-8400-0005/,2026-09-09T12:24:29Z,11471000,KARZAR_PRICE=CURRENT_SHOPMILL_CUSTOMER_PRICE,IRT_toman_major_unit0,EXACT_MATCH,EXACT_SKU,7dbeafd9ab421871425d0c1fd66ebbf13ef6188b5edfb9bab8d73ed2a8a64d0f
1723,DASQUA,8500-1063,195295000.00,236310000,41015000.00,shopmill:46183,https://shopmilltools.com/product/sm-46183/dasqua-granite-surface-plate-model-8500-1063/,2026-09-09T12:24:29Z,236310000,KARZAR_PRICE=CURRENT_SHOPMILL_CUSTOMER_PRICE,IRT_toman_major_unit0,EXACT_MATCH,EXACT_SKU,7dbeafd9ab421871425d0c1fd66ebbf13ef6188b5edfb9bab8d73ed2a8a64d0f
1727,DASQUA,8500-4025,20565000.00,24890000,4325000.00,shopmill:46148,https://shopmilltools.com/product/sm-46148/dasqua-granite-surface-plate-model-8500-4025/,2026-09-09T12:24:29Z,24890000,KARZAR_PRICE=CURRENT_SHOPMILL_CUSTOMER_PRICE,IRT_toman_major_unit0,EXACT_MATCH,EXACT_SKU,7dbeafd9ab421871425d0c1fd66ebbf13ef6188b5edfb9bab8d73ed2a8a64d0f
1728,DASQUA,8500-4040,28790000.00,34840000,6050000.00,shopmill:46153,https://shopmilltools.com/product/sm-46153/dasqua-granite-surface-plate-model-8500-4040/,2026-09-09T12:24:29Z,34840000,KARZAR_PRICE=CURRENT_SHOPMILL_CUSTOMER_PRICE,IRT_toman_major_unit0,EXACT_MATCH,EXACT_SKU,7dbeafd9ab421871425d0c1fd66ebbf13ef6188b5edfb9bab8d73ed2a8a64d0f
1730,DASQUA,8500-5032,34965000.00,42315000,7350000.00,shopmill:46158,https://shopmilltools.com/product/sm-46158/dasqua-granite-surface-plate-model-8500-5032/,2026-09-09T12:24:29Z,42315000,KARZAR_PRICE=CURRENT_SHOPMILL_CUSTOMER_PRICE,IRT_toman_major_unit0,EXACT_MATCH,EXACT_SKU,7dbeafd9ab421871425d0c1fd66ebbf13ef6188b5edfb9bab8d73ed2a8a64d0f
1731,DASQUA,8500-6340,59620000.00,72145000,12525000.00,shopmill:46164,https://shopmilltools.com/product/sm-46164/dasqua-granite-surface-plate-model-8500-6340/,2026-09-09T12:24:29Z,72145000,KARZAR_PRICE=CURRENT_SHOPMILL_CUSTOMER_PRICE,IRT_toman_major_unit0,EXACT_MATCH,EXACT_SKU,7dbeafd9ab421871425d0c1fd66ebbf13ef6188b5edfb9bab8d73ed2a8a64d0f
1732,DASQUA,8500-6363,100735000.00,121895000,21160000.00,shopmill:46166,https://shopmilltools.com/product/sm-46166/dasqua-granite-surface-plate-model-8500-6363/,2026-09-09T12:24:29Z,121895000,KARZAR_PRICE=CURRENT_SHOPMILL_CUSTOMER_PRICE,IRT_toman_major_unit0,EXACT_MATCH,EXACT_SKU,7dbeafd9ab421871425d0c1fd66ebbf13ef6188b5edfb9bab8d73ed2a8a64d0f
1733,DASQUA,8500-8050,101765000.00,123140000,21375000.00,shopmill:46179,https://shopmilltools.com/product/sm-46179/dasqua-granite-surface-plate-model-8500-8050/,2026-09-09T12:24:29Z,123140000,KARZAR_PRICE=CURRENT_SHOPMILL_CUSTOMER_PRICE,IRT_toman_major_unit0,EXACT_MATCH,EXACT_SKU,7dbeafd9ab421871425d0c1fd66ebbf13ef6188b5edfb9bab8d73ed2a8a64d0f
1734,DASQUA,8511-0005,1575000.00,1907000,332000.00,shopmill:34314,https://shopmilltools.com/product/sm-34314/dasqua-universal-cutter-point-angle-gauge-model-8511-0005/,2026-09-09T12:24:29Z,1907000,KARZAR_PRICE=CURRENT_SHOPMILL_CUSTOMER_PRICE,IRT_toman_major_unit0,EXACT_MATCH,EXACT_SKU,7dbeafd9ab421871425d0c1fd66ebbf13ef6188b5edfb9bab8d73ed2a8a64d0f
1735,DASQUA,8511-0010,970000.00,1174000,204000.00,shopmill:34325,https://shopmilltools.com/product/sm-34325/dasqua-drill-grinding-gauge-model-8511-0010/,2026-09-09T12:24:29Z,1174000,KARZAR_PRICE=CURRENT_SHOPMILL_CUSTOMER_PRICE,IRT_toman_major_unit0,EXACT_MATCH,EXACT_SKU,7dbeafd9ab421871425d0c1fd66ebbf13ef6188b5edfb9bab8d73ed2a8a64d0f
1736,DASQUA,8511-0020,2490000.00,3013000,523000.00,shopmill:34571,https://shopmilltools.com/product/sm-34571/dasqua-welding-gauge-model-8511-0020/,2026-09-09T12:24:29Z,3013000,KARZAR_PRICE=CURRENT_SHOPMILL_CUSTOMER_PRICE,IRT_toman_major_unit0,EXACT_MATCH,EXACT_SKU,7dbeafd9ab421871425d0c1fd66ebbf13ef6188b5edfb9bab8d73ed2a8a64d0f
1740,DASQUA,8521-0005,645000.00,785000,140000.00,shopmill:45253,https://shopmilltools.com/product/sm-45253/dasqua-taper-gauge-model-8521-0005/,2026-09-09T12:24:29Z,785000,KARZAR_PRICE=CURRENT_SHOPMILL_CUSTOMER_PRICE,IRT_toman_major_unit0,EXACT_MATCH,EXACT_SKU,7dbeafd9ab421871425d0c1fd66ebbf13ef6188b5edfb9bab8d73ed2a8a64d0f
1741,DASQUA,8521-0010,1455000.00,1760000,305000.00,shopmill:45259,https://shopmilltools.com/product/sm-45259/dasqua-taper-gauge-model-8521-0010/,2026-09-09T12:24:29Z,1760000,KARZAR_PRICE=CURRENT_SHOPMILL_CUSTOMER_PRICE,IRT_toman_major_unit0,EXACT_MATCH,EXACT_SKU,7dbeafd9ab421871425d0c1fd66ebbf13ef6188b5edfb9bab8d73ed2a8a64d0f
1742,DASQUA,8521-0015,1970000.00,2390000,420000.00,shopmill:45273,https://shopmilltools.com/product/sm-45273/dasqua-taper-gauge-model-8521-0015/,2026-09-09T12:24:29Z,2390000,KARZAR_PRICE=CURRENT_SHOPMILL_CUSTOMER_PRICE,IRT_toman_major_unit0,EXACT_MATCH,EXACT_SKU,7dbeafd9ab421871425d0c1fd66ebbf13ef6188b5edfb9bab8d73ed2a8a64d0f
1743,DASQUA,8521-0020,2285000.00,2770000,485000.00,shopmill:45280,https://shopmilltools.com/product/sm-45280/dasqua-taper-gauge-model-8521-0020/,2026-09-09T12:24:29Z,2770000,KARZAR_PRICE=CURRENT_SHOPMILL_CUSTOMER_PRICE,IRT_toman_major_unit0,EXACT_MATCH,EXACT_SKU,7dbeafd9ab421871425d0c1fd66ebbf13ef6188b5edfb9bab8d73ed2a8a64d0f
1744,DASQUA,8530-1005,6950000.00,8410000,1460000.00,shopmill:46735,https://shopmilltools.com/product/sm-46735/dasqua-digital-welding-gauge-model-8530-1005/,2026-09-09T12:24:29Z,8410000,KARZAR_PRICE=CURRENT_SHOPMILL_CUSTOMER_PRICE,IRT_toman_major_unit0,EXACT_MATCH,EXACT_SKU,7dbeafd9ab421871425d0c1fd66ebbf13ef6188b5edfb9bab8d73ed2a8a64d0f
1745,DASQUA,8531-0005,3205000.00,3879000,674000.00,shopmill:34556,https://shopmilltools.com/product/sm-34556/dasqua-welding-gauge-model-8531-0005/,2026-09-09T12:24:29Z,3879000,KARZAR_PRICE=CURRENT_SHOPMILL_CUSTOMER_PRICE,IRT_toman_major_unit0,EXACT_MATCH,EXACT_SKU,7dbeafd9ab421871425d0c1fd66ebbf13ef6188b5edfb9bab8d73ed2a8a64d0f
1747,DASQUA,8561-2010,18700000.00,22630000,3930000.00,shopmill:45606,https://shopmilltools.com/product/sm-45606/dasqua-magnetic-v-block-model-8561-2010/,2026-09-09T12:24:29Z,22630000,KARZAR_PRICE=CURRENT_SHOPMILL_CUSTOMER_PRICE,IRT_toman_major_unit0,EXACT_MATCH,EXACT_SKU,7dbeafd9ab421871425d0c1fd66ebbf13ef6188b5edfb9bab8d73ed2a8a64d0f
1748,DASQUA,8561-2015,9275000.00,11225000,1950000.00,shopmill:45597,https://shopmilltools.com/product/sm-45597/dasqua-magnetic-v-block-model-8561-2015/,2026-09-09T12:24:29Z,11225000,KARZAR_PRICE=CURRENT_SHOPMILL_CUSTOMER_PRICE,IRT_toman_major_unit0,EXACT_MATCH,EXACT_SKU,7dbeafd9ab421871425d0c1fd66ebbf13ef6188b5edfb9bab8d73ed2a8a64d0f
1750,DASQUA,8561-2025,9890000.00,11970000,2080000.00,shopmill:45619,https://shopmilltools.com/product/sm-45619/dasqua-magnetic-induction-v-block-model-8561-2025/,2026-09-09T12:24:29Z,11970000,KARZAR_PRICE=CURRENT_SHOPMILL_CUSTOMER_PRICE,IRT_toman_major_unit0,EXACT_MATCH,EXACT_SKU,7dbeafd9ab421871425d0c1fd66ebbf13ef6188b5edfb9bab8d73ed2a8a64d0f
1752,DASQUA,8561-2035,49360000.00,59730000,10370000.00,shopmill:45674,https://shopmilltools.com/product/sm-45674/dasqua-magnetic-v-block-model-8561-2035/,2026-09-09T12:24:29Z,59730000,KARZAR_PRICE=CURRENT_SHOPMILL_CUSTOMER_PRICE,IRT_toman_major_unit0,EXACT_MATCH,EXACT_SKU,7dbeafd9ab421871425d0c1fd66ebbf13ef6188b5edfb9bab8d73ed2a8a64d0f
1754,DASQUA,8802-5110,15040000.00,18200000,3160000.00,shopmill:45422,https://shopmilltools.com/product/sm-45422/dasqua-precision-toolmakers-vice-screw-guide-type-model-8802-5110/,2026-09-09T12:24:29Z,18200000,KARZAR_PRICE=CURRENT_SHOPMILL_CUSTOMER_PRICE,IRT_toman_major_unit0,EXACT_MATCH,EXACT_SKU,7dbeafd9ab421871425d0c1fd66ebbf13ef6188b5edfb9bab8d73ed2a8a64d0f
1755,DASQUA,8802-5115,20370000.00,24655000,4285000.00,shopmill:45433,https://shopmilltools.com/product/sm-45433/dasqua-precision-toolmakers-vice-screw-guide-type-model-8802-5115/,2026-09-09T12:24:29Z,24655000,KARZAR_PRICE=CURRENT_SHOPMILL_CUSTOMER_PRICE,IRT_toman_major_unit0,EXACT_MATCH,EXACT_SKU,7dbeafd9ab421871425d0c1fd66ebbf13ef6188b5edfb9bab8d73ed2a8a64d0f
1756,DASQUA,8802-5120,38450000.00,46525000,8075000.00,shopmill:45479,https://shopmilltools.com/product/sm-45479/dasqua-precision-toolmakers-vice-screw-guide-type-model-8802-5120/,2026-09-09T12:24:29Z,46525000,KARZAR_PRICE=CURRENT_SHOPMILL_CUSTOMER_PRICE,IRT_toman_major_unit0,EXACT_MATCH,EXACT_SKU,7dbeafd9ab421871425d0c1fd66ebbf13ef6188b5edfb9bab8d73ed2a8a64d0f
1757,DASQUA,8802-5125,74025000.00,89575000,15550000.00,shopmill:45549,https://shopmilltools.com/product/sm-45549/dasqua-precision-toolmakers-vice-screw-guide-type-model-8802-5125/,2026-09-09T12:24:29Z,89575000,KARZAR_PRICE=CURRENT_SHOPMILL_CUSTOMER_PRICE,IRT_toman_major_unit0,EXACT_MATCH,EXACT_SKU,7dbeafd9ab421871425d0c1fd66ebbf13ef6188b5edfb9bab8d73ed2a8a64d0f
1766,DASQUA,9211-3005,37005000.00,44776600,7771600.00,shopmill:35341,https://shopmilltools.com/product/sm-35341/dasqua-granite-square-90-model-9211-3005/,2026-09-09T12:24:29Z,44776600,KARZAR_PRICE=CURRENT_SHOPMILL_CUSTOMER_PRICE,IRT_toman_major_unit0,EXACT_MATCH,EXACT_SKU,7dbeafd9ab421871425d0c1fd66ebbf13ef6188b5edfb9bab8d73ed2a8a64d0f
1767,DASQUA,9211-3010,55525000.00,67190000,11665000.00,shopmill:46134,https://shopmilltools.com/product/sm-46134/dasqua-granite-square-90-model-9211-3010/,2026-09-09T12:24:29Z,67190000,KARZAR_PRICE=CURRENT_SHOPMILL_CUSTOMER_PRICE,IRT_toman_major_unit0,EXACT_MATCH,EXACT_SKU,7dbeafd9ab421871425d0c1fd66ebbf13ef6188b5edfb9bab8d73ed2a8a64d0f
1768,DASQUA,9211-3015,98685000.00,119410000,20725000.00,shopmill:46140,https://shopmilltools.com/product/sm-46140/dasqua-granite-square-90-model-9211-3015/,2026-09-09T12:24:29Z,119410000,KARZAR_PRICE=CURRENT_SHOPMILL_CUSTOMER_PRICE,IRT_toman_major_unit0,EXACT_MATCH,EXACT_SKU,7dbeafd9ab421871425d0c1fd66ebbf13ef6188b5edfb9bab8d73ed2a8a64d0f
1769,DASQUA,9222-3110,4755000.00,5755000,1000000.00,shopmill:43336,https://shopmilltools.com/product/sm-43336/dasqua-45square-model-9222-3110/,2026-09-09T12:24:29Z,5755000,KARZAR_PRICE=CURRENT_SHOPMILL_CUSTOMER_PRICE,IRT_toman_major_unit0,EXACT_MATCH,EXACT_SKU,7dbeafd9ab421871425d0c1fd66ebbf13ef6188b5edfb9bab8d73ed2a8a64d0f
