product_id,finding,severity
1274,AVAILABLE_INACTIVE,HIGH
1274,AVAILABLE_NO_IMAGE,MEDIUM
1275,AVAILABLE_INACTIVE,HIGH
1275,AVAILABLE_NO_IMAGE,MEDIUM
1276,AVAILABLE_INACTIVE,HIGH
1276,AVAILABLE_NO_IMAGE,MEDIUM
1277,AVAILABLE_INACTIVE,HIGH
1277,AVAILABLE_NO_IMAGE,MEDIUM
1278,AVAILABLE_INACTIVE,HIGH
1278,AVAILABLE_NO_IMAGE,MEDIUM
1279,AVAILABLE_INACTIVE,HIGH
1279,AVAILABLE_NO_IMAGE,MEDIUM
1280,AVAILABLE_INACTIVE,HIGH
1280,AVAILABLE_NO_IMAGE,MEDIUM
1281,AVAILABLE_INACTIVE,HIGH
1281,AVAILABLE_NO_IMAGE,MEDIUM
1282,AVAILABLE_INACTIVE,HIGH
1282,AVAILABLE_NO_IMAGE,MEDIUM
1283,AVAILABLE_INACTIVE,HIGH
1283,AVAILABLE_NO_IMAGE,MEDIUM
1284,AVAILABLE_INACTIVE,HIGH
1284,AVAILABLE_NO_IMAGE,MEDIUM
1285,AVAILABLE_INACTIVE,HIGH
1285,AVAILABLE_NO_IMAGE,MEDIUM
1286,AVAILABLE_INACTIVE,HIGH
1286,AVAILABLE_NO_IMAGE,MEDIUM
1287,AVAILABLE_INACTIVE,HIGH
1287,AVAILABLE_NO_IMAGE,MEDIUM
1288,AVAILABLE_INACTIVE,HIGH
1288,AVAILABLE_NO_IMAGE,MEDIUM
1289,AVAILABLE_INACTIVE,HIGH
1289,AVAILABLE_NO_IMAGE,MEDIUM
1290,AVAILABLE_INACTIVE,HIGH
1290,AVAILABLE_NO_IMAGE,MEDIUM
1292,AVAILABLE_INACTIVE,HIGH
1292,AVAILABLE_NO_IMAGE,MEDIUM
1293,AVAILABLE_INACTIVE,HIGH
1293,AVAILABLE_NO_IMAGE,MEDIUM
1294,AVAILABLE_INACTIVE,HIGH
1294,AVAILABLE_NO_IMAGE,MEDIUM
1295,AVAILABLE_INACTIVE,HIGH
1295,AVAILABLE_NO_IMAGE,MEDIUM
1296,AVAILABLE_INACTIVE,HIGH
1296,AVAILABLE_NO_IMAGE,MEDIUM
1297,AVAILABLE_INACTIVE,HIGH
1297,AVAILABLE_NO_IMAGE,MEDIUM
1298,AVAILABLE_INACTIVE,HIGH
1298,AVAILABLE_NO_IMAGE,MEDIUM
1300,AVAILABLE_INACTIVE,HIGH
1300,AVAILABLE_NO_IMAGE,MEDIUM
1301,AVAILABLE_INACTIVE,HIGH
1301,AVAILABLE_NO_IMAGE,MEDIUM
1302,AVAILABLE_INACTIVE,HIGH
1302,AVAILABLE_NO_IMAGE,MEDIUM
1303,AVAILABLE_INACTIVE,HIGH
1303,AVAILABLE_NO_IMAGE,MEDIUM
1304,AVAILABLE_INACTIVE,HIGH
1304,AVAILABLE_NO_IMAGE,MEDIUM
1305,AVAILABLE_INACTIVE,HIGH
1305,AVAILABLE_NO_IMAGE,MEDIUM
1306,AVAILABLE_INACTIVE,HIGH
1306,AVAILABLE_NO_IMAGE,MEDIUM
1307,AVAILABLE_INACTIVE,HIGH
1307,AVAILABLE_NO_IMAGE,MEDIUM
1308,AVAILABLE_INACTIVE,HIGH
1308,AVAILABLE_NO_IMAGE,MEDIUM
1309,AVAILABLE_INACTIVE,HIGH
1309,AVAILABLE_NO_IMAGE,MEDIUM
1310,AVAILABLE_INACTIVE,HIGH
1310,AVAILABLE_NO_IMAGE,MEDIUM
1311,AVAILABLE_INACTIVE,HIGH
1311,AVAILABLE_NO_IMAGE,MEDIUM
1312,AVAILABLE_INACTIVE,HIGH
1312,AVAILABLE_NO_IMAGE,MEDIUM
1313,AVAILABLE_INACTIVE,HIGH
1313,AVAILABLE_NO_IMAGE,MEDIUM
1315,AVAILABLE_INACTIVE,HIGH
1315,AVAILABLE_NO_IMAGE,MEDIUM
1316,AVAILABLE_INACTIVE,HIGH
1316,AVAILABLE_NO_IMAGE,MEDIUM
1317,AVAILABLE_INACTIVE,HIGH
1317,AVAILABLE_NO_IMAGE,MEDIUM
1318,AVAILABLE_INACTIVE,HIGH
1318,AVAILABLE_NO_IMAGE,MEDIUM
1319,AVAILABLE_INACTIVE,HIGH
1319,AVAILABLE_NO_IMAGE,MEDIUM
1320,AVAILABLE_INACTIVE,HIGH
1320,AVAILABLE_NO_IMAGE,MEDIUM
1321,AVAILABLE_INACTIVE,HIGH
1321,AVAILABLE_NO_IMAGE,MEDIUM
1322,AVAILABLE_INACTIVE,HIGH
1322,AVAILABLE_NO_IMAGE,MEDIUM
1323,AVAILABLE_INACTIVE,HIGH
1323,AVAILABLE_NO_IMAGE,MEDIUM
1324,AVAILABLE_INACTIVE,HIGH
1324,AVAILABLE_NO_IMAGE,MEDIUM
1325,AVAILABLE_INACTIVE,HIGH
1325,AVAILABLE_NO_IMAGE,MEDIUM
1326,AVAILABLE_INACTIVE,HIGH
1326,AVAILABLE_NO_IMAGE,MEDIUM
1327,AVAILABLE_INACTIVE,HIGH
1327,AVAILABLE_NO_IMAGE,MEDIUM
1328,AVAILABLE_INACTIVE,HIGH
1328,AVAILABLE_NO_IMAGE,MEDIUM
1329,AVAILABLE_INACTIVE,HIGH
1329,AVAILABLE_NO_IMAGE,MEDIUM
1330,AVAILABLE_INACTIVE,HIGH
1330,AVAILABLE_NO_IMAGE,MEDIUM
1331,AVAILABLE_INACTIVE,HIGH
1331,AVAILABLE_NO_IMAGE,MEDIUM
1332,AVAILABLE_INACTIVE,HIGH
1332,AVAILABLE_NO_IMAGE,MEDIUM
1333,AVAILABLE_INACTIVE,HIGH
1333,AVAILABLE_NO_IMAGE,MEDIUM
1334,AVAILABLE_INACTIVE,HIGH
1334,AVAILABLE_NO_IMAGE,MEDIUM
1335,AVAILABLE_INACTIVE,HIGH
1335,AVAILABLE_NO_IMAGE,MEDIUM
1336,AVAILABLE_INACTIVE,HIGH
1336,AVAILABLE_NO_IMAGE,MEDIUM
1337,AVAILABLE_INACTIVE,HIGH
1337,AVAILABLE_NO_IMAGE,MEDIUM
1338,AVAILABLE_INACTIVE,HIGH
1338,AVAILABLE_NO_IMAGE,MEDIUM
1339,AVAILABLE_INACTIVE,HIGH
1339,AVAILABLE_NO_IMAGE,MEDIUM
1340,AVAILABLE_INACTIVE,HIGH
1340,AVAILABLE_NO_IMAGE,MEDIUM
1341,AVAILABLE_INACTIVE,HIGH
1341,AVAILABLE_NO_IMAGE,MEDIUM
1342,AVAILABLE_INACTIVE,HIGH
1342,AVAILABLE_NO_IMAGE,MEDIUM
1343,AVAILABLE_INACTIVE,HIGH
1343,AVAILABLE_NO_IMAGE,MEDIUM
1344,AVAILABLE_INACTIVE,HIGH
1344,AVAILABLE_NO_IMAGE,MEDIUM
1345,AVAILABLE_INACTIVE,HIGH
1345,AVAILABLE_NO_IMAGE,MEDIUM
1346,AVAILABLE_INACTIVE,HIGH
1346,AVAILABLE_NO_IMAGE,MEDIUM
1347,AVAILABLE_INACTIVE,HIGH
1347,AVAILABLE_NO_IMAGE,MEDIUM
1348,AVAILABLE_INACTIVE,HIGH
1348,AVAILABLE_NO_IMAGE,MEDIUM
1349,AVAILABLE_INACTIVE,HIGH
1349,AVAILABLE_NO_IMAGE,MEDIUM
1350,AVAILABLE_INACTIVE,HIGH
1350,AVAILABLE_NO_IMAGE,MEDIUM
1351,AVAILABLE_INACTIVE,HIGH
1351,AVAILABLE_NO_IMAGE,MEDIUM
1352,AVAILABLE_INACTIVE,HIGH
1352,AVAILABLE_NO_IMAGE,MEDIUM
1353,AVAILABLE_INACTIVE,HIGH
1353,AVAILABLE_NO_IMAGE,MEDIUM
1360,AVAILABLE_INACTIVE,HIGH
1360,AVAILABLE_NO_IMAGE,MEDIUM
1361,AVAILABLE_INACTIVE,HIGH
1361,AVAILABLE_NO_IMAGE,MEDIUM
1362,AVAILABLE_INACTIVE,HIGH
1362,AVAILABLE_NO_IMAGE,MEDIUM
1364,AVAILABLE_INACTIVE,HIGH
1364,AVAILABLE_NO_IMAGE,MEDIUM
1365,AVAILABLE_INACTIVE,HIGH
1365,AVAILABLE_NO_IMAGE,MEDIUM
1366,AVAILABLE_INACTIVE,HIGH
1366,AVAILABLE_NO_IMAGE,MEDIUM
1367,AVAILABLE_INACTIVE,HIGH
1367,AVAILABLE_NO_IMAGE,MEDIUM
1368,AVAILABLE_INACTIVE,HIGH
1368,AVAILABLE_NO_IMAGE,MEDIUM
1369,AVAILABLE_INACTIVE,HIGH
1369,AVAILABLE_NO_IMAGE,MEDIUM
1370,AVAILABLE_INACTIVE,HIGH
1370,AVAILABLE_NO_IMAGE,MEDIUM
1371,AVAILABLE_INACTIVE,HIGH
1371,AVAILABLE_NO_IMAGE,MEDIUM
1372,AVAILABLE_INACTIVE,HIGH
1372,AVAILABLE_NO_IMAGE,MEDIUM
1373,AVAILABLE_INACTIVE,HIGH
1373,AVAILABLE_NO_IMAGE,MEDIUM
1374,AVAILABLE_INACTIVE,HIGH
1374,AVAILABLE_NO_IMAGE,MEDIUM
1375,AVAILABLE_INACTIVE,HIGH
1375,AVAILABLE_NO_IMAGE,MEDIUM
1376,AVAILABLE_INACTIVE,HIGH
1376,AVAILABLE_NO_IMAGE,MEDIUM
1377,AVAILABLE_INACTIVE,HIGH
1377,AVAILABLE_NO_IMAGE,MEDIUM
1378,AVAILABLE_INACTIVE,HIGH
1378,AVAILABLE_NO_IMAGE,MEDIUM
1379,AVAILABLE_INACTIVE,HIGH
1379,AVAILABLE_NO_IMAGE,MEDIUM
1384,AVAILABLE_INACTIVE,HIGH
1384,AVAILABLE_NO_IMAGE,MEDIUM
1385,AVAILABLE_INACTIVE,HIGH
1385,AVAILABLE_NO_IMAGE,MEDIUM
1386,AVAILABLE_INACTIVE,HIGH
1386,AVAILABLE_NO_IMAGE,MEDIUM
1387,AVAILABLE_INACTIVE,HIGH
1387,AVAILABLE_NO_IMAGE,MEDIUM
1388,AVAILABLE_INACTIVE,HIGH
1388,AVAILABLE_NO_IMAGE,MEDIUM
1389,AVAILABLE_INACTIVE,HIGH
1389,AVAILABLE_NO_IMAGE,MEDIUM
1390,AVAILABLE_INACTIVE,HIGH
1390,AVAILABLE_NO_IMAGE,MEDIUM
1391,AVAILABLE_INACTIVE,HIGH
1391,AVAILABLE_NO_IMAGE,MEDIUM
1392,AVAILABLE_INACTIVE,HIGH
1392,AVAILABLE_NO_IMAGE,MEDIUM
1393,AVAILABLE_INACTIVE,HIGH
1393,AVAILABLE_NO_IMAGE,MEDIUM
1394,AVAILABLE_INACTIVE,HIGH
1394,AVAILABLE_NO_IMAGE,MEDIUM
1395,AVAILABLE_INACTIVE,HIGH
1395,AVAILABLE_NO_IMAGE,MEDIUM
1396,AVAILABLE_INACTIVE,HIGH
1396,AVAILABLE_NO_IMAGE,MEDIUM
1397,AVAILABLE_INACTIVE,HIGH
1397,AVAILABLE_NO_IMAGE,MEDIUM
1398,AVAILABLE_INACTIVE,HIGH
1398,AVAILABLE_NO_IMAGE,MEDIUM
1399,AVAILABLE_INACTIVE,HIGH
1399,AVAILABLE_NO_IMAGE,MEDIUM
1400,AVAILABLE_INACTIVE,HIGH
1400,AVAILABLE_NO_IMAGE,MEDIUM
1401,AVAILABLE_INACTIVE,HIGH
1401,AVAILABLE_NO_IMAGE,MEDIUM
1402,AVAILABLE_INACTIVE,HIGH
1402,AVAILABLE_NO_IMAGE,MEDIUM
1403,AVAILABLE_INACTIVE,HIGH
1403,AVAILABLE_NO_IMAGE,MEDIUM
1404,AVAILABLE_INACTIVE,HIGH
1404,AVAILABLE_NO_IMAGE,MEDIUM
1405,AVAILABLE_INACTIVE,HIGH
1405,AVAILABLE_NO_IMAGE,MEDIUM
1406,AVAILABLE_INACTIVE,HIGH
1406,AVAILABLE_NO_IMAGE,MEDIUM
1407,AVAILABLE_INACTIVE,HIGH
1407,AVAILABLE_NO_IMAGE,MEDIUM
1408,AVAILABLE_INACTIVE,HIGH
1408,AVAILABLE_NO_IMAGE,MEDIUM
1409,AVAILABLE_INACTIVE,HIGH
1409,AVAILABLE_NO_IMAGE,MEDIUM
1410,AVAILABLE_INACTIVE,HIGH
1410,AVAILABLE_NO_IMAGE,MEDIUM
1411,AVAILABLE_INACTIVE,HIGH
1411,AVAILABLE_NO_IMAGE,MEDIUM
1412,AVAILABLE_INACTIVE,HIGH
1412,AVAILABLE_NO_IMAGE,MEDIUM
1413,AVAILABLE_INACTIVE,HIGH
1413,AVAILABLE_NO_IMAGE,MEDIUM
1414,AVAILABLE_INACTIVE,HIGH
1414,AVAILABLE_NO_IMAGE,MEDIUM
1415,AVAILABLE_INACTIVE,HIGH
1415,AVAILABLE_NO_IMAGE,MEDIUM
1416,AVAILABLE_INACTIVE,HIGH
1416,AVAILABLE_NO_IMAGE,MEDIUM
1417,AVAILABLE_INACTIVE,HIGH
1417,AVAILABLE_NO_IMAGE,MEDIUM
1418,AVAILABLE_INACTIVE,HIGH
1418,AVAILABLE_NO_IMAGE,MEDIUM
1419,AVAILABLE_INACTIVE,HIGH
1419,AVAILABLE_NO_IMAGE,MEDIUM
1420,AVAILABLE_INACTIVE,HIGH
1420,AVAILABLE_NO_IMAGE,MEDIUM
1421,AVAILABLE_INACTIVE,HIGH
1421,AVAILABLE_NO_IMAGE,MEDIUM
1422,AVAILABLE_INACTIVE,HIGH
1422,AVAILABLE_NO_IMAGE,MEDIUM
1423,AVAILABLE_INACTIVE,HIGH
1423,AVAILABLE_NO_IMAGE,MEDIUM
1424,AVAILABLE_INACTIVE,HIGH
1424,AVAILABLE_NO_IMAGE,MEDIUM
1425,AVAILABLE_INACTIVE,HIGH
1425,AVAILABLE_NO_IMAGE,MEDIUM
1426,AVAILABLE_INACTIVE,HIGH
1426,AVAILABLE_NO_IMAGE,MEDIUM
1427,AVAILABLE_INACTIVE,HIGH
1427,AVAILABLE_NO_IMAGE,MEDIUM
1428,AVAILABLE_INACTIVE,HIGH
1428,AVAILABLE_NO_IMAGE,MEDIUM
1429,AVAILABLE_INACTIVE,HIGH
1429,AVAILABLE_NO_IMAGE,MEDIUM
1430,AVAILABLE_INACTIVE,HIGH
1430,AVAILABLE_NO_IMAGE,MEDIUM
1431,AVAILABLE_INACTIVE,HIGH
1431,AVAILABLE_NO_IMAGE,MEDIUM
1432,AVAILABLE_INACTIVE,HIGH
1432,AVAILABLE_NO_IMAGE,MEDIUM
1433,AVAILABLE_INACTIVE,HIGH
1433,AVAILABLE_NO_IMAGE,MEDIUM
1434,AVAILABLE_INACTIVE,HIGH
1434,AVAILABLE_NO_IMAGE,MEDIUM
1435,AVAILABLE_INACTIVE,HIGH
1435,AVAILABLE_NO_IMAGE,MEDIUM
1436,AVAILABLE_INACTIVE,HIGH
1436,AVAILABLE_NO_IMAGE,MEDIUM
1437,AVAILABLE_INACTIVE,HIGH
1437,AVAILABLE_NO_IMAGE,MEDIUM
1438,AVAILABLE_INACTIVE,HIGH
1438,AVAILABLE_NO_IMAGE,MEDIUM
1439,AVAILABLE_INACTIVE,HIGH
1439,AVAILABLE_NO_IMAGE,MEDIUM
1440,AVAILABLE_INACTIVE,HIGH
1440,AVAILABLE_NO_IMAGE,MEDIUM
1441,AVAILABLE_INACTIVE,HIGH
1441,AVAILABLE_NO_IMAGE,MEDIUM
1442,AVAILABLE_INACTIVE,HIGH
1442,AVAILABLE_NO_IMAGE,MEDIUM
1443,AVAILABLE_INACTIVE,HIGH
1443,AVAILABLE_NO_IMAGE,MEDIUM
1444,AVAILABLE_INACTIVE,HIGH
1444,AVAILABLE_NO_IMAGE,MEDIUM
1445,AVAILABLE_INACTIVE,HIGH
1445,AVAILABLE_NO_IMAGE,MEDIUM
1446,AVAILABLE_INACTIVE,HIGH
1446,AVAILABLE_NO_IMAGE,MEDIUM
1447,AVAILABLE_INACTIVE,HIGH
1447,AVAILABLE_NO_IMAGE,MEDIUM
1448,AVAILABLE_INACTIVE,HIGH
1448,AVAILABLE_NO_IMAGE,MEDIUM
1449,AVAILABLE_INACTIVE,HIGH
1449,AVAILABLE_NO_IMAGE,MEDIUM
1450,AVAILABLE_INACTIVE,HIGH
1450,AVAILABLE_NO_IMAGE,MEDIUM
1451,AVAILABLE_INACTIVE,HIGH
1451,AVAILABLE_NO_IMAGE,MEDIUM
1452,AVAILABLE_INACTIVE,HIGH
1452,AVAILABLE_NO_IMAGE,MEDIUM
1453,AVAILABLE_INACTIVE,HIGH
1453,AVAILABLE_NO_IMAGE,MEDIUM
1454,AVAILABLE_INACTIVE,HIGH
1454,AVAILABLE_NO_IMAGE,MEDIUM
1455,AVAILABLE_INACTIVE,HIGH
1455,AVAILABLE_NO_IMAGE,MEDIUM
1456,AVAILABLE_INACTIVE,HIGH
1456,AVAILABLE_NO_IMAGE,MEDIUM
1457,AVAILABLE_INACTIVE,HIGH
1457,AVAILABLE_NO_IMAGE,MEDIUM
1458,AVAILABLE_INACTIVE,HIGH
1458,AVAILABLE_NO_IMAGE,MEDIUM
1459,AVAILABLE_INACTIVE,HIGH
1459,AVAILABLE_NO_IMAGE,MEDIUM
1460,AVAILABLE_INACTIVE,HIGH
1460,AVAILABLE_NO_IMAGE,MEDIUM
1461,AVAILABLE_INACTIVE,HIGH
1461,AVAILABLE_NO_IMAGE,MEDIUM
1462,AVAILABLE_INACTIVE,HIGH
1462,AVAILABLE_NO_IMAGE,MEDIUM
1463,AVAILABLE_INACTIVE,HIGH
1463,AVAILABLE_NO_IMAGE,MEDIUM
1464,AVAILABLE_INACTIVE,HIGH
1464,AVAILABLE_NO_IMAGE,MEDIUM
1465,AVAILABLE_INACTIVE,HIGH
1465,AVAILABLE_NO_IMAGE,MEDIUM
1466,AVAILABLE_INACTIVE,HIGH
1466,AVAILABLE_NO_IMAGE,MEDIUM
1467,AVAILABLE_INACTIVE,HIGH
1467,AVAILABLE_NO_IMAGE,MEDIUM
1468,AVAILABLE_INACTIVE,HIGH
1468,AVAILABLE_NO_IMAGE,MEDIUM
1469,AVAILABLE_INACTIVE,HIGH
1469,AVAILABLE_NO_IMAGE,MEDIUM
1470,AVAILABLE_INACTIVE,HIGH
1470,AVAILABLE_NO_IMAGE,MEDIUM
1471,AVAILABLE_INACTIVE,HIGH
1471,AVAILABLE_NO_IMAGE,MEDIUM
1472,AVAILABLE_INACTIVE,HIGH
1472,AVAILABLE_NO_IMAGE,MEDIUM
1473,AVAILABLE_INACTIVE,HIGH
1473,AVAILABLE_NO_IMAGE,MEDIUM
1474,AVAILABLE_INACTIVE,HIGH
1474,AVAILABLE_NO_IMAGE,MEDIUM
1475,AVAILABLE_INACTIVE,HIGH
1475,AVAILABLE_NO_IMAGE,MEDIUM
1476,AVAILABLE_INACTIVE,HIGH
1476,AVAILABLE_NO_IMAGE,MEDIUM
1477,AVAILABLE_INACTIVE,HIGH
1477,AVAILABLE_NO_IMAGE,MEDIUM
1478,AVAILABLE_INACTIVE,HIGH
1478,AVAILABLE_NO_IMAGE,MEDIUM
1479,AVAILABLE_INACTIVE,HIGH
1479,AVAILABLE_NO_IMAGE,MEDIUM
1480,AVAILABLE_INACTIVE,HIGH
1480,AVAILABLE_NO_IMAGE,MEDIUM
1481,AVAILABLE_INACTIVE,HIGH
1481,AVAILABLE_NO_IMAGE,MEDIUM
1483,AVAILABLE_INACTIVE,HIGH
1483,AVAILABLE_NO_IMAGE,MEDIUM
1484,AVAILABLE_INACTIVE,HIGH
1484,AVAILABLE_NO_IMAGE,MEDIUM
1485,AVAILABLE_INACTIVE,HIGH
1485,AVAILABLE_NO_IMAGE,MEDIUM
1488,AVAILABLE_INACTIVE,HIGH
1488,AVAILABLE_NO_IMAGE,MEDIUM
1489,AVAILABLE_INACTIVE,HIGH
1489,AVAILABLE_NO_IMAGE,MEDIUM
1490,AVAILABLE_INACTIVE,HIGH
1490,AVAILABLE_NO_IMAGE,MEDIUM
1491,AVAILABLE_INACTIVE,HIGH
1491,AVAILABLE_NO_IMAGE,MEDIUM
1492,AVAILABLE_INACTIVE,HIGH
1492,AVAILABLE_NO_IMAGE,MEDIUM
1493,AVAILABLE_INACTIVE,HIGH
1493,AVAILABLE_NO_IMAGE,MEDIUM
1494,AVAILABLE_INACTIVE,HIGH
1494,AVAILABLE_NO_IMAGE,MEDIUM
1495,AVAILABLE_INACTIVE,HIGH
1495,AVAILABLE_NO_IMAGE,MEDIUM
1496,AVAILABLE_INACTIVE,HIGH
1496,AVAILABLE_NO_IMAGE,MEDIUM
1497,AVAILABLE_INACTIVE,HIGH
1497,AVAILABLE_NO_IMAGE,MEDIUM
1498,AVAILABLE_INACTIVE,HIGH
1498,AVAILABLE_NO_IMAGE,MEDIUM
1499,AVAILABLE_INACTIVE,HIGH
1499,AVAILABLE_NO_IMAGE,MEDIUM
1500,AVAILABLE_INACTIVE,HIGH
1500,AVAILABLE_NO_IMAGE,MEDIUM
1501,AVAILABLE_INACTIVE,HIGH
1501,AVAILABLE_NO_IMAGE,MEDIUM
1502,AVAILABLE_INACTIVE,HIGH
1502,AVAILABLE_NO_IMAGE,MEDIUM
1503,AVAILABLE_INACTIVE,HIGH
1503,AVAILABLE_NO_IMAGE,MEDIUM
1504,AVAILABLE_INACTIVE,HIGH
1504,AVAILABLE_NO_IMAGE,MEDIUM
1505,AVAILABLE_INACTIVE,HIGH
1505,AVAILABLE_NO_IMAGE,MEDIUM
1506,AVAILABLE_INACTIVE,HIGH
1506,AVAILABLE_NO_IMAGE,MEDIUM
1507,AVAILABLE_INACTIVE,HIGH
1507,AVAILABLE_NO_IMAGE,MEDIUM
1508,AVAILABLE_INACTIVE,HIGH
1508,AVAILABLE_NO_IMAGE,MEDIUM
1510,AVAILABLE_INACTIVE,HIGH
1510,AVAILABLE_NO_IMAGE,MEDIUM
1511,AVAILABLE_INACTIVE,HIGH
1511,AVAILABLE_NO_IMAGE,MEDIUM
1512,AVAILABLE_INACTIVE,HIGH
1512,AVAILABLE_NO_IMAGE,MEDIUM
1514,AVAILABLE_INACTIVE,HIGH
1514,AVAILABLE_NO_IMAGE,MEDIUM
1515,AVAILABLE_INACTIVE,HIGH
1515,AVAILABLE_NO_IMAGE,MEDIUM
1516,AVAILABLE_INACTIVE,HIGH
1516,AVAILABLE_NO_IMAGE,MEDIUM
1517,AVAILABLE_INACTIVE,HIGH
1517,AVAILABLE_NO_IMAGE,MEDIUM
1520,AVAILABLE_INACTIVE,HIGH
1520,AVAILABLE_NO_IMAGE,MEDIUM
1521,AVAILABLE_INACTIVE,HIGH
1521,AVAILABLE_NO_IMAGE,MEDIUM
1523,AVAILABLE_INACTIVE,HIGH
1523,AVAILABLE_NO_IMAGE,MEDIUM
1524,AVAILABLE_INACTIVE,HIGH
1524,AVAILABLE_NO_IMAGE,MEDIUM
1525,AVAILABLE_INACTIVE,HIGH
1525,AVAILABLE_NO_IMAGE,MEDIUM
1526,AVAILABLE_INACTIVE,HIGH
1526,AVAILABLE_NO_IMAGE,MEDIUM
1527,AVAILABLE_INACTIVE,HIGH
1527,AVAILABLE_NO_IMAGE,MEDIUM
1528,AVAILABLE_INACTIVE,HIGH
1528,AVAILABLE_NO_IMAGE,MEDIUM
1529,AVAILABLE_INACTIVE,HIGH
1529,AVAILABLE_NO_IMAGE,MEDIUM
1530,AVAILABLE_INACTIVE,HIGH
1530,AVAILABLE_NO_IMAGE,MEDIUM
1531,AVAILABLE_INACTIVE,HIGH
1531,AVAILABLE_NO_IMAGE,MEDIUM
1532,AVAILABLE_INACTIVE,HIGH
1532,AVAILABLE_NO_IMAGE,MEDIUM
1533,AVAILABLE_INACTIVE,HIGH
1533,AVAILABLE_NO_IMAGE,MEDIUM
1534,AVAILABLE_INACTIVE,HIGH
1534,AVAILABLE_NO_IMAGE,MEDIUM
1535,AVAILABLE_INACTIVE,HIGH
1535,AVAILABLE_NO_IMAGE,MEDIUM
1536,AVAILABLE_INACTIVE,HIGH
1536,AVAILABLE_NO_IMAGE,MEDIUM
1537,AVAILABLE_INACTIVE,HIGH
1537,AVAILABLE_NO_IMAGE,MEDIUM
1538,AVAILABLE_INACTIVE,HIGH
1538,AVAILABLE_NO_IMAGE,MEDIUM
1539,AVAILABLE_INACTIVE,HIGH
1539,AVAILABLE_NO_IMAGE,MEDIUM
1540,AVAILABLE_INACTIVE,HIGH
1540,AVAILABLE_NO_IMAGE,MEDIUM
1541,AVAILABLE_INACTIVE,HIGH
1541,AVAILABLE_NO_IMAGE,MEDIUM
1542,AVAILABLE_INACTIVE,HIGH
1542,AVAILABLE_NO_IMAGE,MEDIUM
1543,AVAILABLE_INACTIVE,HIGH
1543,AVAILABLE_NO_IMAGE,MEDIUM
1544,AVAILABLE_INACTIVE,HIGH
1544,AVAILABLE_NO_IMAGE,MEDIUM
1545,AVAILABLE_INACTIVE,HIGH
1545,AVAILABLE_NO_IMAGE,MEDIUM
1546,AVAILABLE_INACTIVE,HIGH
1546,AVAILABLE_NO_IMAGE,MEDIUM
1547,AVAILABLE_INACTIVE,HIGH
1547,AVAILABLE_NO_IMAGE,MEDIUM
1548,AVAILABLE_INACTIVE,HIGH
1548,AVAILABLE_NO_IMAGE,MEDIUM
1549,AVAILABLE_INACTIVE,HIGH
1549,AVAILABLE_NO_IMAGE,MEDIUM
1550,AVAILABLE_INACTIVE,HIGH
1550,AVAILABLE_NO_IMAGE,MEDIUM
1551,AVAILABLE_INACTIVE,HIGH
1551,AVAILABLE_NO_IMAGE,MEDIUM
1552,AVAILABLE_INACTIVE,HIGH
1552,AVAILABLE_NO_IMAGE,MEDIUM
1553,AVAILABLE_INACTIVE,HIGH
1553,AVAILABLE_NO_IMAGE,MEDIUM
1554,AVAILABLE_INACTIVE,HIGH
1554,AVAILABLE_NO_IMAGE,MEDIUM
1555,AVAILABLE_INACTIVE,HIGH
1555,AVAILABLE_NO_IMAGE,MEDIUM
1556,AVAILABLE_INACTIVE,HIGH
1556,AVAILABLE_NO_IMAGE,MEDIUM
1557,AVAILABLE_INACTIVE,HIGH
1557,AVAILABLE_NO_IMAGE,MEDIUM
1558,AVAILABLE_INACTIVE,HIGH
1558,AVAILABLE_NO_IMAGE,MEDIUM
1559,AVAILABLE_INACTIVE,HIGH
1559,AVAILABLE_NO_IMAGE,MEDIUM
1565,AVAILABLE_INACTIVE,HIGH
1565,AVAILABLE_NO_IMAGE,MEDIUM
1575,AVAILABLE_INACTIVE,HIGH
1575,AVAILABLE_NO_IMAGE,MEDIUM
1576,AVAILABLE_INACTIVE,HIGH
1576,AVAILABLE_NO_IMAGE,MEDIUM
1577,AVAILABLE_INACTIVE,HIGH
1577,AVAILABLE_NO_IMAGE,MEDIUM
1578,AVAILABLE_INACTIVE,HIGH
1578,AVAILABLE_NO_IMAGE,MEDIUM
1579,AVAILABLE_INACTIVE,HIGH
1579,AVAILABLE_NO_IMAGE,MEDIUM
1580,AVAILABLE_INACTIVE,HIGH
1580,AVAILABLE_NO_IMAGE,MEDIUM
1581,AVAILABLE_INACTIVE,HIGH
1581,AVAILABLE_NO_IMAGE,MEDIUM
1582,AVAILABLE_INACTIVE,HIGH
1582,AVAILABLE_NO_IMAGE,MEDIUM
1583,AVAILABLE_INACTIVE,HIGH
1583,AVAILABLE_NO_IMAGE,MEDIUM
1584,AVAILABLE_INACTIVE,HIGH
1584,AVAILABLE_NO_IMAGE,MEDIUM
1585,AVAILABLE_INACTIVE,HIGH
1585,AVAILABLE_NO_IMAGE,MEDIUM
1586,AVAILABLE_INACTIVE,HIGH
1586,AVAILABLE_NO_IMAGE,MEDIUM
1587,AVAILABLE_INACTIVE,HIGH
1587,AVAILABLE_NO_IMAGE,MEDIUM
1588,AVAILABLE_INACTIVE,HIGH
1588,AVAILABLE_NO_IMAGE,MEDIUM
1589,AVAILABLE_INACTIVE,HIGH
1589,AVAILABLE_NO_IMAGE,MEDIUM
1590,AVAILABLE_INACTIVE,HIGH
1590,AVAILABLE_NO_IMAGE,MEDIUM
1591,AVAILABLE_INACTIVE,HIGH
1591,AVAILABLE_NO_IMAGE,MEDIUM
1592,AVAILABLE_INACTIVE,HIGH
1592,AVAILABLE_NO_IMAGE,MEDIUM
1593,AVAILABLE_INACTIVE,HIGH
1593,AVAILABLE_NO_IMAGE,MEDIUM
1594,AVAILABLE_INACTIVE,HIGH
1594,AVAILABLE_NO_IMAGE,MEDIUM
1595,AVAILABLE_INACTIVE,HIGH
1595,AVAILABLE_NO_IMAGE,MEDIUM
1596,AVAILABLE_INACTIVE,HIGH
1596,AVAILABLE_NO_IMAGE,MEDIUM
1597,AVAILABLE_INACTIVE,HIGH
1597,AVAILABLE_NO_IMAGE,MEDIUM
1598,AVAILABLE_INACTIVE,HIGH
1598,AVAILABLE_NO_IMAGE,MEDIUM
1599,AVAILABLE_INACTIVE,HIGH
1599,AVAILABLE_NO_IMAGE,MEDIUM
1600,AVAILABLE_INACTIVE,HIGH
1600,AVAILABLE_NO_IMAGE,MEDIUM
1601,AVAILABLE_INACTIVE,HIGH
1601,AVAILABLE_NO_IMAGE,MEDIUM
1602,AVAILABLE_INACTIVE,HIGH
1602,AVAILABLE_NO_IMAGE,MEDIUM
1603,AVAILABLE_INACTIVE,HIGH
1603,AVAILABLE_NO_IMAGE,MEDIUM
1604,AVAILABLE_INACTIVE,HIGH
1604,AVAILABLE_NO_IMAGE,MEDIUM
1605,AVAILABLE_INACTIVE,HIGH
1605,AVAILABLE_NO_IMAGE,MEDIUM
1606,AVAILABLE_INACTIVE,HIGH
1606,AVAILABLE_NO_IMAGE,MEDIUM
1607,AVAILABLE_INACTIVE,HIGH
1607,AVAILABLE_NO_IMAGE,MEDIUM
1608,AVAILABLE_INACTIVE,HIGH
1608,AVAILABLE_NO_IMAGE,MEDIUM
1609,AVAILABLE_INACTIVE,HIGH
1609,AVAILABLE_NO_IMAGE,MEDIUM
1610,AVAILABLE_INACTIVE,HIGH
1610,AVAILABLE_NO_IMAGE,MEDIUM
1611,AVAILABLE_INACTIVE,HIGH
1611,AVAILABLE_NO_IMAGE,MEDIUM
1612,AVAILABLE_INACTIVE,HIGH
1612,AVAILABLE_NO_IMAGE,MEDIUM
1613,AVAILABLE_INACTIVE,HIGH
1613,AVAILABLE_NO_IMAGE,MEDIUM
1615,AVAILABLE_INACTIVE,HIGH
1615,AVAILABLE_NO_IMAGE,MEDIUM
1616,AVAILABLE_INACTIVE,HIGH
1616,AVAILABLE_NO_IMAGE,MEDIUM
1617,AVAILABLE_INACTIVE,HIGH
1617,AVAILABLE_NO_IMAGE,MEDIUM
1618,AVAILABLE_INACTIVE,HIGH
1618,AVAILABLE_NO_IMAGE,MEDIUM
1619,AVAILABLE_INACTIVE,HIGH
1619,AVAILABLE_NO_IMAGE,MEDIUM
1620,AVAILABLE_INACTIVE,HIGH
1620,AVAILABLE_NO_IMAGE,MEDIUM
1621,AVAILABLE_INACTIVE,HIGH
1621,AVAILABLE_NO_IMAGE,MEDIUM
1623,AVAILABLE_INACTIVE,HIGH
1623,AVAILABLE_NO_IMAGE,MEDIUM
1624,AVAILABLE_INACTIVE,HIGH
1624,AVAILABLE_NO_IMAGE,MEDIUM
1625,AVAILABLE_INACTIVE,HIGH
1625,AVAILABLE_NO_IMAGE,MEDIUM
1626,AVAILABLE_INACTIVE,HIGH
1626,AVAILABLE_NO_IMAGE,MEDIUM
1627,AVAILABLE_INACTIVE,HIGH
1627,AVAILABLE_NO_IMAGE,MEDIUM
1628,AVAILABLE_INACTIVE,HIGH
1628,AVAILABLE_NO_IMAGE,MEDIUM
1629,AVAILABLE_INACTIVE,HIGH
1629,AVAILABLE_NO_IMAGE,MEDIUM
1630,AVAILABLE_INACTIVE,HIGH
1630,AVAILABLE_NO_IMAGE,MEDIUM
1631,AVAILABLE_INACTIVE,HIGH
1631,AVAILABLE_NO_IMAGE,MEDIUM
1632,AVAILABLE_INACTIVE,HIGH
1632,AVAILABLE_NO_IMAGE,MEDIUM
1633,AVAILABLE_INACTIVE,HIGH
1633,AVAILABLE_NO_IMAGE,MEDIUM
1634,AVAILABLE_INACTIVE,HIGH
1634,AVAILABLE_NO_IMAGE,MEDIUM
1635,AVAILABLE_INACTIVE,HIGH
1635,AVAILABLE_NO_IMAGE,MEDIUM
1636,AVAILABLE_INACTIVE,HIGH
1636,AVAILABLE_NO_IMAGE,MEDIUM
1637,AVAILABLE_INACTIVE,HIGH
1637,AVAILABLE_NO_IMAGE,MEDIUM
1638,AVAILABLE_INACTIVE,HIGH
1638,AVAILABLE_NO_IMAGE,MEDIUM
1639,AVAILABLE_INACTIVE,HIGH
1639,AVAILABLE_NO_IMAGE,MEDIUM
1640,AVAILABLE_INACTIVE,HIGH
1640,AVAILABLE_NO_IMAGE,MEDIUM
1641,AVAILABLE_INACTIVE,HIGH
1641,AVAILABLE_NO_IMAGE,MEDIUM
1642,AVAILABLE_INACTIVE,HIGH
1642,AVAILABLE_NO_IMAGE,MEDIUM
1643,AVAILABLE_INACTIVE,HIGH
1643,AVAILABLE_NO_IMAGE,MEDIUM
1644,AVAILABLE_INACTIVE,HIGH
1644,AVAILABLE_NO_IMAGE,MEDIUM
1645,AVAILABLE_INACTIVE,HIGH
1645,AVAILABLE_NO_IMAGE,MEDIUM
1646,AVAILABLE_INACTIVE,HIGH
1646,AVAILABLE_NO_IMAGE,MEDIUM
1647,AVAILABLE_INACTIVE,HIGH
1647,AVAILABLE_NO_IMAGE,MEDIUM
1648,AVAILABLE_INACTIVE,HIGH
1648,AVAILABLE_NO_IMAGE,MEDIUM
1649,AVAILABLE_INACTIVE,HIGH
1649,AVAILABLE_NO_IMAGE,MEDIUM
1650,AVAILABLE_INACTIVE,HIGH
1650,AVAILABLE_NO_IMAGE,MEDIUM
1651,AVAILABLE_INACTIVE,HIGH
1651,AVAILABLE_NO_IMAGE,MEDIUM
1652,AVAILABLE_INACTIVE,HIGH
1652,AVAILABLE_NO_IMAGE,MEDIUM
1653,AVAILABLE_INACTIVE,HIGH
1653,AVAILABLE_NO_IMAGE,MEDIUM
1654,AVAILABLE_INACTIVE,HIGH
1654,AVAILABLE_NO_IMAGE,MEDIUM
1655,AVAILABLE_INACTIVE,HIGH
1655,AVAILABLE_NO_IMAGE,MEDIUM
1656,AVAILABLE_INACTIVE,HIGH
1656,AVAILABLE_NO_IMAGE,MEDIUM
1657,AVAILABLE_INACTIVE,HIGH
1657,AVAILABLE_NO_IMAGE,MEDIUM
1658,AVAILABLE_INACTIVE,HIGH
1658,AVAILABLE_NO_IMAGE,MEDIUM
1659,AVAILABLE_INACTIVE,HIGH
1659,AVAILABLE_NO_IMAGE,MEDIUM
1660,AVAILABLE_INACTIVE,HIGH
1660,AVAILABLE_NO_IMAGE,MEDIUM
1661,AVAILABLE_INACTIVE,HIGH
1661,AVAILABLE_NO_IMAGE,MEDIUM
1662,AVAILABLE_INACTIVE,HIGH
1662,AVAILABLE_NO_IMAGE,MEDIUM
1663,AVAILABLE_INACTIVE,HIGH
1663,AVAILABLE_NO_IMAGE,MEDIUM
1664,AVAILABLE_INACTIVE,HIGH
1664,AVAILABLE_NO_IMAGE,MEDIUM
1665,AVAILABLE_INACTIVE,HIGH
1665,AVAILABLE_NO_IMAGE,MEDIUM
1666,AVAILABLE_INACTIVE,HIGH
1666,AVAILABLE_NO_IMAGE,MEDIUM
1667,AVAILABLE_INACTIVE,HIGH
1667,AVAILABLE_NO_IMAGE,MEDIUM
1668,AVAILABLE_INACTIVE,HIGH
1668,AVAILABLE_NO_IMAGE,MEDIUM
1669,AVAILABLE_INACTIVE,HIGH
1669,AVAILABLE_NO_IMAGE,MEDIUM
1670,AVAILABLE_INACTIVE,HIGH
1670,AVAILABLE_NO_IMAGE,MEDIUM
1671,AVAILABLE_INACTIVE,HIGH
1671,AVAILABLE_NO_IMAGE,MEDIUM
1672,AVAILABLE_INACTIVE,HIGH
1672,AVAILABLE_NO_IMAGE,MEDIUM
1673,AVAILABLE_INACTIVE,HIGH
1673,AVAILABLE_NO_IMAGE,MEDIUM
1674,AVAILABLE_INACTIVE,HIGH
1674,AVAILABLE_NO_IMAGE,MEDIUM
1675,AVAILABLE_INACTIVE,HIGH
1675,AVAILABLE_NO_IMAGE,MEDIUM
1676,AVAILABLE_INACTIVE,HIGH
1676,AVAILABLE_NO_IMAGE,MEDIUM
1677,AVAILABLE_INACTIVE,HIGH
1677,AVAILABLE_NO_IMAGE,MEDIUM
1678,AVAILABLE_INACTIVE,HIGH
1678,AVAILABLE_NO_IMAGE,MEDIUM
1679,AVAILABLE_INACTIVE,HIGH
1679,AVAILABLE_NO_IMAGE,MEDIUM
1681,AVAILABLE_INACTIVE,HIGH
1681,AVAILABLE_NO_IMAGE,MEDIUM
1682,AVAILABLE_INACTIVE,HIGH
1682,AVAILABLE_NO_IMAGE,MEDIUM
1683,AVAILABLE_INACTIVE,HIGH
1683,AVAILABLE_NO_IMAGE,MEDIUM
1684,AVAILABLE_INACTIVE,HIGH
1684,AVAILABLE_NO_IMAGE,MEDIUM
1685,AVAILABLE_INACTIVE,HIGH
1685,AVAILABLE_NO_IMAGE,MEDIUM
1686,AVAILABLE_INACTIVE,HIGH
1686,AVAILABLE_NO_IMAGE,MEDIUM
1687,AVAILABLE_INACTIVE,HIGH
1687,AVAILABLE_NO_IMAGE,MEDIUM
1688,AVAILABLE_INACTIVE,HIGH
1688,AVAILABLE_NO_IMAGE,MEDIUM
1689,AVAILABLE_INACTIVE,HIGH
1689,AVAILABLE_NO_IMAGE,MEDIUM
1690,AVAILABLE_INACTIVE,HIGH
1690,AVAILABLE_NO_IMAGE,MEDIUM
1691,AVAILABLE_INACTIVE,HIGH
1691,AVAILABLE_NO_IMAGE,MEDIUM
1692,AVAILABLE_INACTIVE,HIGH
1692,AVAILABLE_NO_IMAGE,MEDIUM
1693,AVAILABLE_INACTIVE,HIGH
1693,AVAILABLE_NO_IMAGE,MEDIUM
1694,AVAILABLE_INACTIVE,HIGH
1694,AVAILABLE_NO_IMAGE,MEDIUM
1695,AVAILABLE_INACTIVE,HIGH
1695,AVAILABLE_NO_IMAGE,MEDIUM
1696,AVAILABLE_INACTIVE,HIGH
1696,AVAILABLE_NO_IMAGE,MEDIUM
1697,AVAILABLE_INACTIVE,HIGH
1697,AVAILABLE_NO_IMAGE,MEDIUM
1698,AVAILABLE_INACTIVE,HIGH
1698,AVAILABLE_NO_IMAGE,MEDIUM
1699,AVAILABLE_INACTIVE,HIGH
1699,AVAILABLE_NO_IMAGE,MEDIUM
1700,AVAILABLE_INACTIVE,HIGH
1700,AVAILABLE_NO_IMAGE,MEDIUM
1702,AVAILABLE_INACTIVE,HIGH
1702,AVAILABLE_NO_IMAGE,MEDIUM
1703,AVAILABLE_INACTIVE,HIGH
1703,AVAILABLE_NO_IMAGE,MEDIUM
1704,AVAILABLE_INACTIVE,HIGH
1704,AVAILABLE_NO_IMAGE,MEDIUM
1705,AVAILABLE_INACTIVE,HIGH
1705,AVAILABLE_NO_IMAGE,MEDIUM
1706,AVAILABLE_INACTIVE,HIGH
1706,AVAILABLE_NO_IMAGE,MEDIUM
1707,AVAILABLE_INACTIVE,HIGH
1707,AVAILABLE_NO_IMAGE,MEDIUM
1708,AVAILABLE_INACTIVE,HIGH
1708,AVAILABLE_NO_IMAGE,MEDIUM
1709,AVAILABLE_INACTIVE,HIGH
1709,AVAILABLE_NO_IMAGE,MEDIUM
1710,AVAILABLE_INACTIVE,HIGH
1710,AVAILABLE_NO_IMAGE,MEDIUM
1711,AVAILABLE_INACTIVE,HIGH
1711,AVAILABLE_NO_IMAGE,MEDIUM
1712,AVAILABLE_INACTIVE,HIGH
1712,AVAILABLE_NO_IMAGE,MEDIUM
1713,AVAILABLE_INACTIVE,HIGH
1713,AVAILABLE_NO_IMAGE,MEDIUM
1714,AVAILABLE_INACTIVE,HIGH
1714,AVAILABLE_NO_IMAGE,MEDIUM
1715,AVAILABLE_INACTIVE,HIGH
1715,AVAILABLE_NO_IMAGE,MEDIUM
1716,AVAILABLE_INACTIVE,HIGH
1716,AVAILABLE_NO_IMAGE,MEDIUM
1717,AVAILABLE_INACTIVE,HIGH
1717,AVAILABLE_NO_IMAGE,MEDIUM
1718,AVAILABLE_INACTIVE,HIGH
1718,AVAILABLE_NO_IMAGE,MEDIUM
1719,AVAILABLE_INACTIVE,HIGH
1719,AVAILABLE_NO_IMAGE,MEDIUM
1720,AVAILABLE_INACTIVE,HIGH
1720,AVAILABLE_NO_IMAGE,MEDIUM
1721,AVAILABLE_INACTIVE,HIGH
1721,AVAILABLE_NO_IMAGE,MEDIUM
1722,AVAILABLE_INACTIVE,HIGH
1722,AVAILABLE_NO_IMAGE,MEDIUM
1723,AVAILABLE_INACTIVE,HIGH
1723,AVAILABLE_NO_IMAGE,MEDIUM
1724,AVAILABLE_INACTIVE,HIGH
1724,AVAILABLE_NO_IMAGE,MEDIUM
1725,AVAILABLE_INACTIVE,HIGH
1725,AVAILABLE_NO_IMAGE,MEDIUM
1726,AVAILABLE_INACTIVE,HIGH
1726,AVAILABLE_NO_IMAGE,MEDIUM
1727,AVAILABLE_INACTIVE,HIGH
1727,AVAILABLE_NO_IMAGE,MEDIUM
1728,AVAILABLE_INACTIVE,HIGH
1728,AVAILABLE_NO_IMAGE,MEDIUM
1729,AVAILABLE_INACTIVE,HIGH
1729,AVAILABLE_NO_IMAGE,MEDIUM
1730,AVAILABLE_INACTIVE,HIGH
1730,AVAILABLE_NO_IMAGE,MEDIUM
1731,AVAILABLE_INACTIVE,HIGH
1731,AVAILABLE_NO_IMAGE,MEDIUM
1732,AVAILABLE_INACTIVE,HIGH
1732,AVAILABLE_NO_IMAGE,MEDIUM
1733,AVAILABLE_INACTIVE,HIGH
1733,AVAILABLE_NO_IMAGE,MEDIUM
1734,AVAILABLE_INACTIVE,HIGH
1734,AVAILABLE_NO_IMAGE,MEDIUM
1735,AVAILABLE_INACTIVE,HIGH
1735,AVAILABLE_NO_IMAGE,MEDIUM
1736,AVAILABLE_INACTIVE,HIGH
1736,AVAILABLE_NO_IMAGE,MEDIUM
1737,AVAILABLE_INACTIVE,HIGH
1737,AVAILABLE_NO_IMAGE,MEDIUM
1738,AVAILABLE_INACTIVE,HIGH
1738,AVAILABLE_NO_IMAGE,MEDIUM
1739,AVAILABLE_INACTIVE,HIGH
1739,AVAILABLE_NO_IMAGE,MEDIUM
1740,AVAILABLE_INACTIVE,HIGH
1740,AVAILABLE_NO_IMAGE,MEDIUM
1741,AVAILABLE_INACTIVE,HIGH
1741,AVAILABLE_NO_IMAGE,MEDIUM
1742,AVAILABLE_INACTIVE,HIGH
1742,AVAILABLE_NO_IMAGE,MEDIUM
1743,AVAILABLE_INACTIVE,HIGH
1743,AVAILABLE_NO_IMAGE,MEDIUM
1744,AVAILABLE_INACTIVE,HIGH
1744,AVAILABLE_NO_IMAGE,MEDIUM
1745,AVAILABLE_INACTIVE,HIGH
1745,AVAILABLE_NO_IMAGE,MEDIUM
1746,AVAILABLE_INACTIVE,HIGH
1746,AVAILABLE_NO_IMAGE,MEDIUM
1747,AVAILABLE_INACTIVE,HIGH
1747,AVAILABLE_NO_IMAGE,MEDIUM
1748,AVAILABLE_INACTIVE,HIGH
1748,AVAILABLE_NO_IMAGE,MEDIUM
1749,AVAILABLE_INACTIVE,HIGH
1749,AVAILABLE_NO_IMAGE,MEDIUM
1750,AVAILABLE_INACTIVE,HIGH
1750,AVAILABLE_NO_IMAGE,MEDIUM
1751,AVAILABLE_INACTIVE,HIGH
1751,AVAILABLE_NO_IMAGE,MEDIUM
1752,AVAILABLE_INACTIVE,HIGH
1752,AVAILABLE_NO_IMAGE,MEDIUM
1753,AVAILABLE_INACTIVE,HIGH
1753,AVAILABLE_NO_IMAGE,MEDIUM
1754,AVAILABLE_INACTIVE,HIGH
1754,AVAILABLE_NO_IMAGE,MEDIUM
1755,AVAILABLE_INACTIVE,HIGH
1755,AVAILABLE_NO_IMAGE,MEDIUM
1756,AVAILABLE_INACTIVE,HIGH
1756,AVAILABLE_NO_IMAGE,MEDIUM
1757,AVAILABLE_INACTIVE,HIGH
1757,AVAILABLE_NO_IMAGE,MEDIUM
1758,AVAILABLE_INACTIVE,HIGH
1758,AVAILABLE_NO_IMAGE,MEDIUM
1759,AVAILABLE_INACTIVE,HIGH
1759,AVAILABLE_NO_IMAGE,MEDIUM
1760,AVAILABLE_INACTIVE,HIGH
1760,AVAILABLE_NO_IMAGE,MEDIUM
1761,AVAILABLE_INACTIVE,HIGH
1761,AVAILABLE_NO_IMAGE,MEDIUM
1762,AVAILABLE_INACTIVE,HIGH
1762,AVAILABLE_NO_IMAGE,MEDIUM
1763,AVAILABLE_INACTIVE,HIGH
1763,AVAILABLE_NO_IMAGE,MEDIUM
1764,AVAILABLE_INACTIVE,HIGH
1764,AVAILABLE_NO_IMAGE,MEDIUM
1765,AVAILABLE_INACTIVE,HIGH
1765,AVAILABLE_NO_IMAGE,MEDIUM
1766,AVAILABLE_INACTIVE,HIGH
1766,AVAILABLE_NO_IMAGE,MEDIUM
1767,AVAILABLE_INACTIVE,HIGH
1767,AVAILABLE_NO_IMAGE,MEDIUM
1768,AVAILABLE_INACTIVE,HIGH
1768,AVAILABLE_NO_IMAGE,MEDIUM
1769,AVAILABLE_INACTIVE,HIGH
1769,AVAILABLE_NO_IMAGE,MEDIUM
1770,AVAILABLE_INACTIVE,HIGH
1770,AVAILABLE_NO_IMAGE,MEDIUM
2112,AVAILABLE_INACTIVE,HIGH
2112,AVAILABLE_NO_IMAGE,MEDIUM
2113,AVAILABLE_INACTIVE,HIGH
2113,AVAILABLE_NO_IMAGE,MEDIUM
2114,AVAILABLE_INACTIVE,HIGH
2114,AVAILABLE_NO_IMAGE,MEDIUM
2116,AVAILABLE_INACTIVE,HIGH
2116,AVAILABLE_NO_IMAGE,MEDIUM
2118,AVAILABLE_INACTIVE,HIGH
2118,AVAILABLE_NO_IMAGE,MEDIUM
2121,AVAILABLE_INACTIVE,HIGH
2121,AVAILABLE_NO_IMAGE,MEDIUM
2123,AVAILABLE_INACTIVE,HIGH
2123,AVAILABLE_NO_IMAGE,MEDIUM
2125,AVAILABLE_INACTIVE,HIGH
2125,AVAILABLE_NO_IMAGE,MEDIUM
2136,AVAILABLE_INACTIVE,HIGH
2136,AVAILABLE_NO_IMAGE,MEDIUM
2140,AVAILABLE_INACTIVE,HIGH
2140,AVAILABLE_NO_IMAGE,MEDIUM
2141,AVAILABLE_INACTIVE,HIGH
2141,AVAILABLE_NO_IMAGE,MEDIUM
2142,AVAILABLE_INACTIVE,HIGH
2142,AVAILABLE_NO_IMAGE,MEDIUM
2143,AVAILABLE_INACTIVE,HIGH
2143,AVAILABLE_NO_IMAGE,MEDIUM
2149,AVAILABLE_INACTIVE,HIGH
2149,AVAILABLE_NO_IMAGE,MEDIUM
2150,AVAILABLE_INACTIVE,HIGH
2150,AVAILABLE_NO_IMAGE,MEDIUM
2152,AVAILABLE_INACTIVE,HIGH
2152,AVAILABLE_NO_IMAGE,MEDIUM
2153,AVAILABLE_INACTIVE,HIGH
2153,AVAILABLE_NO_IMAGE,MEDIUM
2154,AVAILABLE_INACTIVE,HIGH
2154,AVAILABLE_NO_IMAGE,MEDIUM
2155,AVAILABLE_INACTIVE,HIGH
2155,AVAILABLE_NO_IMAGE,MEDIUM
2156,AVAILABLE_INACTIVE,HIGH
2156,AVAILABLE_NO_IMAGE,MEDIUM
2163,AVAILABLE_INACTIVE,HIGH
2163,AVAILABLE_NO_IMAGE,MEDIUM
2164,AVAILABLE_INACTIVE,HIGH
2164,AVAILABLE_NO_IMAGE,MEDIUM
2165,AVAILABLE_INACTIVE,HIGH
2165,AVAILABLE_NO_IMAGE,MEDIUM
2166,AVAILABLE_INACTIVE,HIGH
2166,AVAILABLE_NO_IMAGE,MEDIUM
2167,AVAILABLE_INACTIVE,HIGH
2167,AVAILABLE_NO_IMAGE,MEDIUM
2170,AVAILABLE_INACTIVE,HIGH
2170,AVAILABLE_NO_IMAGE,MEDIUM
2171,AVAILABLE_INACTIVE,HIGH
2171,AVAILABLE_NO_IMAGE,MEDIUM
2172,AVAILABLE_INACTIVE,HIGH
2172,AVAILABLE_NO_IMAGE,MEDIUM
2173,AVAILABLE_INACTIVE,HIGH
2173,AVAILABLE_NO_IMAGE,MEDIUM
2182,AVAILABLE_INACTIVE,HIGH
2182,AVAILABLE_NO_IMAGE,MEDIUM
2183,AVAILABLE_INACTIVE,HIGH
2183,AVAILABLE_NO_IMAGE,MEDIUM
2204,AVAILABLE_INACTIVE,HIGH
2204,AVAILABLE_NO_IMAGE,MEDIUM
2206,AVAILABLE_INACTIVE,HIGH
2206,AVAILABLE_NO_IMAGE,MEDIUM
2208,AVAILABLE_INACTIVE,HIGH
2208,AVAILABLE_NO_IMAGE,MEDIUM
2225,AVAILABLE_INACTIVE,HIGH
2225,AVAILABLE_NO_IMAGE,MEDIUM
2226,AVAILABLE_INACTIVE,HIGH
2226,AVAILABLE_NO_IMAGE,MEDIUM
2228,AVAILABLE_INACTIVE,HIGH
2228,AVAILABLE_NO_IMAGE,MEDIUM
2235,AVAILABLE_INACTIVE,HIGH
2235,AVAILABLE_NO_IMAGE,MEDIUM
2237,AVAILABLE_INACTIVE,HIGH
2237,AVAILABLE_NO_IMAGE,MEDIUM
2238,AVAILABLE_INACTIVE,HIGH
2238,AVAILABLE_NO_IMAGE,MEDIUM
2239,AVAILABLE_INACTIVE,HIGH
2239,AVAILABLE_NO_IMAGE,MEDIUM
2240,AVAILABLE_INACTIVE,HIGH
2240,AVAILABLE_NO_IMAGE,MEDIUM
2244,AVAILABLE_INACTIVE,HIGH
2244,AVAILABLE_NO_IMAGE,MEDIUM
2255,AVAILABLE_INACTIVE,HIGH
2255,AVAILABLE_NO_IMAGE,MEDIUM
2257,AVAILABLE_INACTIVE,HIGH
2257,AVAILABLE_NO_IMAGE,MEDIUM
2260,AVAILABLE_INACTIVE,HIGH
2260,AVAILABLE_NO_IMAGE,MEDIUM
2268,AVAILABLE_INACTIVE,HIGH
2268,AVAILABLE_NO_IMAGE,MEDIUM
2286,AVAILABLE_INACTIVE,HIGH
2286,AVAILABLE_NO_IMAGE,MEDIUM
2287,AVAILABLE_INACTIVE,HIGH
2287,AVAILABLE_NO_IMAGE,MEDIUM
2292,AVAILABLE_INACTIVE,HIGH
2292,AVAILABLE_NO_IMAGE,MEDIUM
2293,AVAILABLE_INACTIVE,HIGH
2293,AVAILABLE_NO_IMAGE,MEDIUM
2294,AVAILABLE_INACTIVE,HIGH
2294,AVAILABLE_NO_IMAGE,MEDIUM
2295,AVAILABLE_INACTIVE,HIGH
2295,AVAILABLE_NO_IMAGE,MEDIUM
2297,AVAILABLE_INACTIVE,HIGH
2297,AVAILABLE_NO_IMAGE,MEDIUM
2299,AVAILABLE_INACTIVE,HIGH
2299,AVAILABLE_NO_IMAGE,MEDIUM
2300,AVAILABLE_INACTIVE,HIGH
2300,AVAILABLE_NO_IMAGE,MEDIUM
2301,AVAILABLE_INACTIVE,HIGH
2301,AVAILABLE_NO_IMAGE,MEDIUM
2302,AVAILABLE_INACTIVE,HIGH
2302,AVAILABLE_NO_IMAGE,MEDIUM
2312,AVAILABLE_INACTIVE,HIGH
2312,AVAILABLE_NO_IMAGE,MEDIUM
2316,AVAILABLE_INACTIVE,HIGH
2316,AVAILABLE_NO_IMAGE,MEDIUM
2318,AVAILABLE_INACTIVE,HIGH
2318,AVAILABLE_NO_IMAGE,MEDIUM
2319,AVAILABLE_INACTIVE,HIGH
2319,AVAILABLE_NO_IMAGE,MEDIUM
2320,AVAILABLE_INACTIVE,HIGH
2320,AVAILABLE_NO_IMAGE,MEDIUM
2321,AVAILABLE_INACTIVE,HIGH
2321,AVAILABLE_NO_IMAGE,MEDIUM
2322,AVAILABLE_INACTIVE,HIGH
2322,AVAILABLE_NO_IMAGE,MEDIUM
2324,AVAILABLE_INACTIVE,HIGH
2324,AVAILABLE_NO_IMAGE,MEDIUM
2329,AVAILABLE_INACTIVE,HIGH
2329,AVAILABLE_NO_IMAGE,MEDIUM
2330,AVAILABLE_INACTIVE,HIGH
2330,AVAILABLE_NO_IMAGE,MEDIUM
2331,AVAILABLE_INACTIVE,HIGH
2331,AVAILABLE_NO_IMAGE,MEDIUM
2332,AVAILABLE_INACTIVE,HIGH
2332,AVAILABLE_NO_IMAGE,MEDIUM
2335,AVAILABLE_INACTIVE,HIGH
2335,AVAILABLE_NO_IMAGE,MEDIUM
2345,AVAILABLE_INACTIVE,HIGH
2345,AVAILABLE_NO_IMAGE,MEDIUM
2350,AVAILABLE_INACTIVE,HIGH
2350,AVAILABLE_NO_IMAGE,MEDIUM
2361,AVAILABLE_INACTIVE,HIGH
2361,AVAILABLE_NO_IMAGE,MEDIUM
2363,AVAILABLE_INACTIVE,HIGH
2363,AVAILABLE_NO_IMAGE,MEDIUM
2364,AVAILABLE_INACTIVE,HIGH
2364,AVAILABLE_NO_IMAGE,MEDIUM
2365,AVAILABLE_INACTIVE,HIGH
2365,AVAILABLE_NO_IMAGE,MEDIUM
2366,AVAILABLE_INACTIVE,HIGH
2366,AVAILABLE_NO_IMAGE,MEDIUM
2367,AVAILABLE_INACTIVE,HIGH
2367,AVAILABLE_NO_IMAGE,MEDIUM
2369,AVAILABLE_INACTIVE,HIGH
2369,AVAILABLE_NO_IMAGE,MEDIUM
2370,AVAILABLE_INACTIVE,HIGH
2370,AVAILABLE_NO_IMAGE,MEDIUM
2371,AVAILABLE_INACTIVE,HIGH
2371,AVAILABLE_NO_IMAGE,MEDIUM
2372,AVAILABLE_INACTIVE,HIGH
2372,AVAILABLE_NO_IMAGE,MEDIUM
2373,AVAILABLE_INACTIVE,HIGH
2373,AVAILABLE_NO_IMAGE,MEDIUM
2374,AVAILABLE_INACTIVE,HIGH
2374,AVAILABLE_NO_IMAGE,MEDIUM
2375,AVAILABLE_INACTIVE,HIGH
2375,AVAILABLE_NO_IMAGE,MEDIUM
2377,AVAILABLE_INACTIVE,HIGH
2377,AVAILABLE_NO_IMAGE,MEDIUM
2379,AVAILABLE_INACTIVE,HIGH
2379,AVAILABLE_NO_IMAGE,MEDIUM
2380,AVAILABLE_INACTIVE,HIGH
2380,AVAILABLE_NO_IMAGE,MEDIUM
2382,AVAILABLE_INACTIVE,HIGH
2382,AVAILABLE_NO_IMAGE,MEDIUM
2383,AVAILABLE_INACTIVE,HIGH
2383,AVAILABLE_NO_IMAGE,MEDIUM
2384,AVAILABLE_INACTIVE,HIGH
2384,AVAILABLE_NO_IMAGE,MEDIUM
2385,AVAILABLE_INACTIVE,HIGH
2385,AVAILABLE_NO_IMAGE,MEDIUM
2387,AVAILABLE_INACTIVE,HIGH
2387,AVAILABLE_NO_IMAGE,MEDIUM
2389,AVAILABLE_INACTIVE,HIGH
2389,AVAILABLE_NO_IMAGE,MEDIUM
2394,AVAILABLE_INACTIVE,HIGH
2394,AVAILABLE_NO_IMAGE,MEDIUM
2396,AVAILABLE_INACTIVE,HIGH
2396,AVAILABLE_NO_IMAGE,MEDIUM
2397,AVAILABLE_INACTIVE,HIGH
2397,AVAILABLE_NO_IMAGE,MEDIUM
2400,AVAILABLE_INACTIVE,HIGH
2400,AVAILABLE_NO_IMAGE,MEDIUM
2405,AVAILABLE_INACTIVE,HIGH
2405,AVAILABLE_NO_IMAGE,MEDIUM
2406,AVAILABLE_INACTIVE,HIGH
2406,AVAILABLE_NO_IMAGE,MEDIUM
2407,AVAILABLE_INACTIVE,HIGH
2407,AVAILABLE_NO_IMAGE,MEDIUM
2408,AVAILABLE_INACTIVE,HIGH
2408,AVAILABLE_NO_IMAGE,MEDIUM
2409,AVAILABLE_INACTIVE,HIGH
2409,AVAILABLE_NO_IMAGE,MEDIUM
2410,AVAILABLE_INACTIVE,HIGH
2410,AVAILABLE_NO_IMAGE,MEDIUM
2754,AVAILABLE_INACTIVE,HIGH
2754,AVAILABLE_NO_IMAGE,MEDIUM
3134,AVAILABLE_INACTIVE,HIGH
3134,AVAILABLE_NO_IMAGE,MEDIUM
3135,AVAILABLE_INACTIVE,HIGH
3135,AVAILABLE_NO_IMAGE,MEDIUM
3136,AVAILABLE_INACTIVE,HIGH
3136,AVAILABLE_NO_IMAGE,MEDIUM
3137,AVAILABLE_INACTIVE,HIGH
3137,AVAILABLE_NO_IMAGE,MEDIUM
3139,AVAILABLE_INACTIVE,HIGH
3139,AVAILABLE_NO_IMAGE,MEDIUM
3242,AVAILABLE_INACTIVE,HIGH
3242,AVAILABLE_NO_IMAGE,MEDIUM
3243,AVAILABLE_INACTIVE,HIGH
3243,AVAILABLE_NO_IMAGE,MEDIUM
3254,AVAILABLE_INACTIVE,HIGH
3254,AVAILABLE_NO_IMAGE,MEDIUM
3264,AVAILABLE_INACTIVE,HIGH
3264,AVAILABLE_NO_IMAGE,MEDIUM
3320,AVAILABLE_INACTIVE,HIGH
3320,AVAILABLE_NO_IMAGE,MEDIUM
3321,AVAILABLE_INACTIVE,HIGH
3321,AVAILABLE_NO_IMAGE,MEDIUM
3322,AVAILABLE_INACTIVE,HIGH
3322,AVAILABLE_NO_IMAGE,MEDIUM
3323,AVAILABLE_INACTIVE,HIGH
3323,AVAILABLE_NO_IMAGE,MEDIUM
3375,AVAILABLE_INACTIVE,HIGH
3375,AVAILABLE_NO_IMAGE,MEDIUM
3376,AVAILABLE_INACTIVE,HIGH
3376,AVAILABLE_NO_IMAGE,MEDIUM
3401,AVAILABLE_INACTIVE,HIGH
3401,AVAILABLE_NO_IMAGE,MEDIUM
3402,AVAILABLE_INACTIVE,HIGH
3402,AVAILABLE_NO_IMAGE,MEDIUM
3403,AVAILABLE_INACTIVE,HIGH
3403,AVAILABLE_NO_IMAGE,MEDIUM
3404,AVAILABLE_INACTIVE,HIGH
3404,AVAILABLE_NO_IMAGE,MEDIUM
3405,AVAILABLE_INACTIVE,HIGH
3405,AVAILABLE_NO_IMAGE,MEDIUM
3406,AVAILABLE_INACTIVE,HIGH
3406,AVAILABLE_NO_IMAGE,MEDIUM
3407,AVAILABLE_INACTIVE,HIGH
3407,AVAILABLE_NO_IMAGE,MEDIUM
3408,AVAILABLE_INACTIVE,HIGH
3408,AVAILABLE_NO_IMAGE,MEDIUM
3410,AVAILABLE_INACTIVE,HIGH
3410,AVAILABLE_NO_IMAGE,MEDIUM
3413,AVAILABLE_INACTIVE,HIGH
3413,AVAILABLE_NO_IMAGE,MEDIUM
3415,AVAILABLE_INACTIVE,HIGH
3415,AVAILABLE_NO_IMAGE,MEDIUM
3417,AVAILABLE_INACTIVE,HIGH
3417,AVAILABLE_NO_IMAGE,MEDIUM
3420,AVAILABLE_INACTIVE,HIGH
3420,AVAILABLE_NO_IMAGE,MEDIUM
3421,AVAILABLE_INACTIVE,HIGH
3421,AVAILABLE_NO_IMAGE,MEDIUM
3422,AVAILABLE_INACTIVE,HIGH
3422,AVAILABLE_NO_IMAGE,MEDIUM
3425,AVAILABLE_INACTIVE,HIGH
3425,AVAILABLE_NO_IMAGE,MEDIUM
3432,AVAILABLE_INACTIVE,HIGH
3432,AVAILABLE_NO_IMAGE,MEDIUM
3433,AVAILABLE_INACTIVE,HIGH
3433,AVAILABLE_NO_IMAGE,MEDIUM
3434,AVAILABLE_INACTIVE,HIGH
3434,AVAILABLE_NO_IMAGE,MEDIUM
3435,AVAILABLE_INACTIVE,HIGH
3435,AVAILABLE_NO_IMAGE,MEDIUM
3437,AVAILABLE_INACTIVE,HIGH
3437,AVAILABLE_NO_IMAGE,MEDIUM
3445,AVAILABLE_INACTIVE,HIGH
3445,AVAILABLE_NO_IMAGE,MEDIUM
3450,AVAILABLE_INACTIVE,HIGH
3450,AVAILABLE_NO_IMAGE,MEDIUM
4158,AVAILABLE_INACTIVE,HIGH
4158,AVAILABLE_NO_IMAGE,MEDIUM
4159,AVAILABLE_INACTIVE,HIGH
4159,AVAILABLE_NO_IMAGE,MEDIUM
4160,AVAILABLE_INACTIVE,HIGH
4160,AVAILABLE_NO_IMAGE,MEDIUM
4161,AVAILABLE_INACTIVE,HIGH
4161,AVAILABLE_NO_IMAGE,MEDIUM
4162,AVAILABLE_INACTIVE,HIGH
4162,AVAILABLE_NO_IMAGE,MEDIUM
4163,AVAILABLE_INACTIVE,HIGH
4163,AVAILABLE_NO_IMAGE,MEDIUM
4164,AVAILABLE_INACTIVE,HIGH
4164,AVAILABLE_NO_IMAGE,MEDIUM
4165,AVAILABLE_INACTIVE,HIGH
4165,AVAILABLE_NO_IMAGE,MEDIUM
4166,AVAILABLE_INACTIVE,HIGH
4166,AVAILABLE_NO_IMAGE,MEDIUM
4167,AVAILABLE_INACTIVE,HIGH
4167,AVAILABLE_NO_IMAGE,MEDIUM
4168,AVAILABLE_INACTIVE,HIGH
4168,AVAILABLE_NO_IMAGE,MEDIUM
4169,AVAILABLE_INACTIVE,HIGH
4169,AVAILABLE_NO_IMAGE,MEDIUM
4171,AVAILABLE_INACTIVE,HIGH
4171,AVAILABLE_NO_IMAGE,MEDIUM
4172,AVAILABLE_UNPRICED,HIGH
4172,AVAILABLE_INACTIVE,HIGH
4172,AVAILABLE_NO_IMAGE,MEDIUM
4174,AVAILABLE_INACTIVE,HIGH
4174,AVAILABLE_NO_IMAGE,MEDIUM
4175,AVAILABLE_INACTIVE,HIGH
4175,AVAILABLE_NO_IMAGE,MEDIUM
4176,AVAILABLE_INACTIVE,HIGH
4176,AVAILABLE_NO_IMAGE,MEDIUM
4177,AVAILABLE_INACTIVE,HIGH
4177,AVAILABLE_NO_IMAGE,MEDIUM
4178,AVAILABLE_INACTIVE,HIGH
4178,AVAILABLE_NO_IMAGE,MEDIUM
4179,AVAILABLE_INACTIVE,HIGH
4179,AVAILABLE_NO_IMAGE,MEDIUM
4180,AVAILABLE_INACTIVE,HIGH
4180,AVAILABLE_NO_IMAGE,MEDIUM
4181,AVAILABLE_INACTIVE,HIGH
4181,AVAILABLE_NO_IMAGE,MEDIUM
4213,AVAILABLE_INACTIVE,HIGH
4213,AVAILABLE_NO_IMAGE,MEDIUM
4214,AVAILABLE_INACTIVE,HIGH
4214,AVAILABLE_NO_IMAGE,MEDIUM
4215,AVAILABLE_INACTIVE,HIGH
4215,AVAILABLE_NO_IMAGE,MEDIUM
4216,AVAILABLE_INACTIVE,HIGH
4216,AVAILABLE_NO_IMAGE,MEDIUM
4222,AVAILABLE_INACTIVE,HIGH
4222,AVAILABLE_NO_IMAGE,MEDIUM
4223,AVAILABLE_INACTIVE,HIGH
4223,AVAILABLE_NO_IMAGE,MEDIUM
4224,AVAILABLE_INACTIVE,HIGH
4224,AVAILABLE_NO_IMAGE,MEDIUM
4225,AVAILABLE_INACTIVE,HIGH
4225,AVAILABLE_NO_IMAGE,MEDIUM
4226,AVAILABLE_INACTIVE,HIGH
4226,AVAILABLE_NO_IMAGE,MEDIUM
4227,AVAILABLE_INACTIVE,HIGH
4227,AVAILABLE_NO_IMAGE,MEDIUM
4228,AVAILABLE_INACTIVE,HIGH
4228,AVAILABLE_NO_IMAGE,MEDIUM
4229,AVAILABLE_INACTIVE,HIGH
4229,AVAILABLE_NO_IMAGE,MEDIUM
4231,AVAILABLE_INACTIVE,HIGH
4231,AVAILABLE_NO_IMAGE,MEDIUM
4232,AVAILABLE_INACTIVE,HIGH
4232,AVAILABLE_NO_IMAGE,MEDIUM
4233,AVAILABLE_INACTIVE,HIGH
4233,AVAILABLE_NO_IMAGE,MEDIUM
4234,AVAILABLE_INACTIVE,HIGH
4234,AVAILABLE_NO_IMAGE,MEDIUM
4235,AVAILABLE_INACTIVE,HIGH
4235,AVAILABLE_NO_IMAGE,MEDIUM
4236,AVAILABLE_INACTIVE,HIGH
4236,AVAILABLE_NO_IMAGE,MEDIUM
4237,AVAILABLE_INACTIVE,HIGH
4237,AVAILABLE_NO_IMAGE,MEDIUM
4238,AVAILABLE_INACTIVE,HIGH
4238,AVAILABLE_NO_IMAGE,MEDIUM
4239,AVAILABLE_INACTIVE,HIGH
4239,AVAILABLE_NO_IMAGE,MEDIUM
4240,AVAILABLE_INACTIVE,HIGH
4240,AVAILABLE_NO_IMAGE,MEDIUM
4241,AVAILABLE_INACTIVE,HIGH
4241,AVAILABLE_NO_IMAGE,MEDIUM
4242,AVAILABLE_INACTIVE,HIGH
4242,AVAILABLE_NO_IMAGE,MEDIUM
4243,AVAILABLE_INACTIVE,HIGH
4243,AVAILABLE_NO_IMAGE,MEDIUM
4244,AVAILABLE_INACTIVE,HIGH
4244,AVAILABLE_NO_IMAGE,MEDIUM
4245,AVAILABLE_INACTIVE,HIGH
4245,AVAILABLE_NO_IMAGE,MEDIUM
4264,AVAILABLE_INACTIVE,HIGH
4264,AVAILABLE_NO_IMAGE,MEDIUM
4266,AVAILABLE_INACTIVE,HIGH
4266,AVAILABLE_NO_IMAGE,MEDIUM
4286,AVAILABLE_INACTIVE,HIGH
4286,AVAILABLE_NO_IMAGE,MEDIUM
4289,AVAILABLE_INACTIVE,HIGH
4289,AVAILABLE_NO_IMAGE,MEDIUM
4295,AVAILABLE_INACTIVE,HIGH
4295,AVAILABLE_NO_IMAGE,MEDIUM
4296,AVAILABLE_INACTIVE,HIGH
4296,AVAILABLE_NO_IMAGE,MEDIUM
4298,AVAILABLE_INACTIVE,HIGH
4298,AVAILABLE_NO_IMAGE,MEDIUM
4307,AVAILABLE_INACTIVE,HIGH
4307,AVAILABLE_NO_IMAGE,MEDIUM
4308,AVAILABLE_INACTIVE,HIGH
4308,AVAILABLE_NO_IMAGE,MEDIUM
4365,AVAILABLE_INACTIVE,HIGH
4365,AVAILABLE_NO_IMAGE,MEDIUM
4372,AVAILABLE_INACTIVE,HIGH
4372,AVAILABLE_NO_IMAGE,MEDIUM
4373,AVAILABLE_INACTIVE,HIGH
4373,AVAILABLE_NO_IMAGE,MEDIUM
4374,AVAILABLE_INACTIVE,HIGH
4374,AVAILABLE_NO_IMAGE,MEDIUM
4375,AVAILABLE_INACTIVE,HIGH
4375,AVAILABLE_NO_IMAGE,MEDIUM
4376,AVAILABLE_INACTIVE,HIGH
4376,AVAILABLE_NO_IMAGE,MEDIUM
4377,AVAILABLE_INACTIVE,HIGH
4377,AVAILABLE_NO_IMAGE,MEDIUM
4378,AVAILABLE_INACTIVE,HIGH
4378,AVAILABLE_NO_IMAGE,MEDIUM
4379,AVAILABLE_INACTIVE,HIGH
4379,AVAILABLE_NO_IMAGE,MEDIUM
4380,AVAILABLE_INACTIVE,HIGH
4380,AVAILABLE_NO_IMAGE,MEDIUM
4381,AVAILABLE_INACTIVE,HIGH
4381,AVAILABLE_NO_IMAGE,MEDIUM
4382,AVAILABLE_INACTIVE,HIGH
4382,AVAILABLE_NO_IMAGE,MEDIUM
4383,AVAILABLE_INACTIVE,HIGH
4383,AVAILABLE_NO_IMAGE,MEDIUM
4384,AVAILABLE_INACTIVE,HIGH
4384,AVAILABLE_NO_IMAGE,MEDIUM
4396,AVAILABLE_INACTIVE,HIGH
4396,AVAILABLE_NO_IMAGE,MEDIUM
4397,AVAILABLE_INACTIVE,HIGH
4397,AVAILABLE_NO_IMAGE,MEDIUM
4398,AVAILABLE_INACTIVE,HIGH
4398,AVAILABLE_NO_IMAGE,MEDIUM
4399,AVAILABLE_INACTIVE,HIGH
4399,AVAILABLE_NO_IMAGE,MEDIUM
4401,AVAILABLE_INACTIVE,HIGH
4401,AVAILABLE_NO_IMAGE,MEDIUM
4402,AVAILABLE_INACTIVE,HIGH
4402,AVAILABLE_NO_IMAGE,MEDIUM
4430,AVAILABLE_INACTIVE,HIGH
4430,AVAILABLE_NO_IMAGE,MEDIUM
4437,AVAILABLE_INACTIVE,HIGH
4437,AVAILABLE_NO_IMAGE,MEDIUM
4438,AVAILABLE_INACTIVE,HIGH
4438,AVAILABLE_NO_IMAGE,MEDIUM
4439,AVAILABLE_INACTIVE,HIGH
4439,AVAILABLE_NO_IMAGE,MEDIUM
4440,AVAILABLE_INACTIVE,HIGH
4440,AVAILABLE_NO_IMAGE,MEDIUM
4441,AVAILABLE_INACTIVE,HIGH
4441,AVAILABLE_NO_IMAGE,MEDIUM
4442,AVAILABLE_INACTIVE,HIGH
4442,AVAILABLE_NO_IMAGE,MEDIUM
4481,AVAILABLE_INACTIVE,HIGH
4481,AVAILABLE_NO_IMAGE,MEDIUM
4482,AVAILABLE_INACTIVE,HIGH
4482,AVAILABLE_NO_IMAGE,MEDIUM
4489,AVAILABLE_INACTIVE,HIGH
4489,AVAILABLE_NO_IMAGE,MEDIUM
4490,AVAILABLE_INACTIVE,HIGH
4490,AVAILABLE_NO_IMAGE,MEDIUM
4491,AVAILABLE_INACTIVE,HIGH
4491,AVAILABLE_NO_IMAGE,MEDIUM
4498,AVAILABLE_INACTIVE,HIGH
4498,AVAILABLE_NO_IMAGE,MEDIUM
4500,AVAILABLE_INACTIVE,HIGH
4500,AVAILABLE_NO_IMAGE,MEDIUM
4501,AVAILABLE_INACTIVE,HIGH
4501,AVAILABLE_NO_IMAGE,MEDIUM
4502,AVAILABLE_INACTIVE,HIGH
4502,AVAILABLE_NO_IMAGE,MEDIUM
4503,AVAILABLE_INACTIVE,HIGH
4503,AVAILABLE_NO_IMAGE,MEDIUM
4505,AVAILABLE_INACTIVE,HIGH
4505,AVAILABLE_NO_IMAGE,MEDIUM
4519,AVAILABLE_INACTIVE,HIGH
4519,AVAILABLE_NO_IMAGE,MEDIUM
4520,AVAILABLE_INACTIVE,HIGH
4520,AVAILABLE_NO_IMAGE,MEDIUM
4528,AVAILABLE_INACTIVE,HIGH
4528,AVAILABLE_NO_IMAGE,MEDIUM
4529,AVAILABLE_INACTIVE,HIGH
4529,AVAILABLE_NO_IMAGE,MEDIUM
4530,AVAILABLE_INACTIVE,HIGH
4530,AVAILABLE_NO_IMAGE,MEDIUM
4532,AVAILABLE_INACTIVE,HIGH
4532,AVAILABLE_NO_IMAGE,MEDIUM
4533,AVAILABLE_INACTIVE,HIGH
4533,AVAILABLE_NO_IMAGE,MEDIUM
4534,AVAILABLE_INACTIVE,HIGH
4534,AVAILABLE_NO_IMAGE,MEDIUM
4535,AVAILABLE_INACTIVE,HIGH
4535,AVAILABLE_NO_IMAGE,MEDIUM
4536,AVAILABLE_INACTIVE,HIGH
4536,AVAILABLE_NO_IMAGE,MEDIUM
4537,AVAILABLE_INACTIVE,HIGH
4537,AVAILABLE_NO_IMAGE,MEDIUM
4538,AVAILABLE_INACTIVE,HIGH
4538,AVAILABLE_NO_IMAGE,MEDIUM
4539,AVAILABLE_INACTIVE,HIGH
4539,AVAILABLE_NO_IMAGE,MEDIUM
4540,AVAILABLE_INACTIVE,HIGH
4540,AVAILABLE_NO_IMAGE,MEDIUM
4541,AVAILABLE_INACTIVE,HIGH
4541,AVAILABLE_NO_IMAGE,MEDIUM
4542,AVAILABLE_INACTIVE,HIGH
4542,AVAILABLE_NO_IMAGE,MEDIUM
4543,AVAILABLE_INACTIVE,HIGH
4543,AVAILABLE_NO_IMAGE,MEDIUM
4544,AVAILABLE_INACTIVE,HIGH
4544,AVAILABLE_NO_IMAGE,MEDIUM
4545,AVAILABLE_INACTIVE,HIGH
4545,AVAILABLE_NO_IMAGE,MEDIUM
4546,AVAILABLE_INACTIVE,HIGH
4546,AVAILABLE_NO_IMAGE,MEDIUM
4547,AVAILABLE_INACTIVE,HIGH
4547,AVAILABLE_NO_IMAGE,MEDIUM
4548,AVAILABLE_INACTIVE,HIGH
4548,AVAILABLE_NO_IMAGE,MEDIUM
4549,AVAILABLE_INACTIVE,HIGH
4549,AVAILABLE_NO_IMAGE,MEDIUM
4550,AVAILABLE_INACTIVE,HIGH
4550,AVAILABLE_NO_IMAGE,MEDIUM
4551,AVAILABLE_INACTIVE,HIGH
4551,AVAILABLE_NO_IMAGE,MEDIUM
4570,AVAILABLE_INACTIVE,HIGH
4570,AVAILABLE_NO_IMAGE,MEDIUM
4571,AVAILABLE_INACTIVE,HIGH
4571,AVAILABLE_NO_IMAGE,MEDIUM
4574,AVAILABLE_INACTIVE,HIGH
4574,AVAILABLE_NO_IMAGE,MEDIUM
4634,AVAILABLE_INACTIVE,HIGH
4634,AVAILABLE_NO_IMAGE,MEDIUM
4635,AVAILABLE_INACTIVE,HIGH
4635,AVAILABLE_NO_IMAGE,MEDIUM
4636,AVAILABLE_INACTIVE,HIGH
4636,AVAILABLE_NO_IMAGE,MEDIUM
4660,AVAILABLE_INACTIVE,HIGH
4660,AVAILABLE_NO_IMAGE,MEDIUM
4661,AVAILABLE_INACTIVE,HIGH
4661,AVAILABLE_NO_IMAGE,MEDIUM
4662,AVAILABLE_INACTIVE,HIGH
4662,AVAILABLE_NO_IMAGE,MEDIUM
4663,AVAILABLE_INACTIVE,HIGH
4663,AVAILABLE_NO_IMAGE,MEDIUM
4693,AVAILABLE_INACTIVE,HIGH
4693,AVAILABLE_NO_IMAGE,MEDIUM
4694,AVAILABLE_INACTIVE,HIGH
4694,AVAILABLE_NO_IMAGE,MEDIUM
4695,AVAILABLE_INACTIVE,HIGH
4695,AVAILABLE_NO_IMAGE,MEDIUM
4696,AVAILABLE_INACTIVE,HIGH
4696,AVAILABLE_NO_IMAGE,MEDIUM
4697,AVAILABLE_INACTIVE,HIGH
4697,AVAILABLE_NO_IMAGE,MEDIUM
4698,AVAILABLE_INACTIVE,HIGH
4698,AVAILABLE_NO_IMAGE,MEDIUM
4699,AVAILABLE_INACTIVE,HIGH
4699,AVAILABLE_NO_IMAGE,MEDIUM
4700,AVAILABLE_INACTIVE,HIGH
4700,AVAILABLE_NO_IMAGE,MEDIUM
4701,AVAILABLE_INACTIVE,HIGH
4701,AVAILABLE_NO_IMAGE,MEDIUM
4702,AVAILABLE_INACTIVE,HIGH
4702,AVAILABLE_NO_IMAGE,MEDIUM
4703,AVAILABLE_INACTIVE,HIGH
4703,AVAILABLE_NO_IMAGE,MEDIUM
4704,AVAILABLE_INACTIVE,HIGH
4704,AVAILABLE_NO_IMAGE,MEDIUM
4705,AVAILABLE_INACTIVE,HIGH
4705,AVAILABLE_NO_IMAGE,MEDIUM
4706,AVAILABLE_INACTIVE,HIGH
4706,AVAILABLE_NO_IMAGE,MEDIUM
4707,AVAILABLE_INACTIVE,HIGH
4707,AVAILABLE_NO_IMAGE,MEDIUM
4708,AVAILABLE_INACTIVE,HIGH
4708,AVAILABLE_NO_IMAGE,MEDIUM
4709,AVAILABLE_INACTIVE,HIGH
4709,AVAILABLE_NO_IMAGE,MEDIUM
4710,AVAILABLE_INACTIVE,HIGH
4710,AVAILABLE_NO_IMAGE,MEDIUM
4711,AVAILABLE_INACTIVE,HIGH
4711,AVAILABLE_NO_IMAGE,MEDIUM
4712,AVAILABLE_INACTIVE,HIGH
4712,AVAILABLE_NO_IMAGE,MEDIUM
4713,AVAILABLE_INACTIVE,HIGH
4713,AVAILABLE_NO_IMAGE,MEDIUM
4714,AVAILABLE_INACTIVE,HIGH
4714,AVAILABLE_NO_IMAGE,MEDIUM
4715,AVAILABLE_INACTIVE,HIGH
4715,AVAILABLE_NO_IMAGE,MEDIUM
4716,AVAILABLE_INACTIVE,HIGH
4716,AVAILABLE_NO_IMAGE,MEDIUM
4717,AVAILABLE_INACTIVE,HIGH
4717,AVAILABLE_NO_IMAGE,MEDIUM
4718,AVAILABLE_INACTIVE,HIGH
4718,AVAILABLE_NO_IMAGE,MEDIUM
4719,AVAILABLE_INACTIVE,HIGH
4719,AVAILABLE_NO_IMAGE,MEDIUM
4720,AVAILABLE_INACTIVE,HIGH
4720,AVAILABLE_NO_IMAGE,MEDIUM
4721,AVAILABLE_INACTIVE,HIGH
4721,AVAILABLE_NO_IMAGE,MEDIUM
4722,AVAILABLE_INACTIVE,HIGH
4722,AVAILABLE_NO_IMAGE,MEDIUM
4723,AVAILABLE_INACTIVE,HIGH
4723,AVAILABLE_NO_IMAGE,MEDIUM
4724,AVAILABLE_INACTIVE,HIGH
4724,AVAILABLE_NO_IMAGE,MEDIUM
4725,AVAILABLE_INACTIVE,HIGH
4725,AVAILABLE_NO_IMAGE,MEDIUM
4726,AVAILABLE_INACTIVE,HIGH
4726,AVAILABLE_NO_IMAGE,MEDIUM
4727,AVAILABLE_INACTIVE,HIGH
4727,AVAILABLE_NO_IMAGE,MEDIUM
4728,AVAILABLE_INACTIVE,HIGH
4728,AVAILABLE_NO_IMAGE,MEDIUM
4729,AVAILABLE_INACTIVE,HIGH
4729,AVAILABLE_NO_IMAGE,MEDIUM
4730,AVAILABLE_INACTIVE,HIGH
4730,AVAILABLE_NO_IMAGE,MEDIUM
4731,AVAILABLE_INACTIVE,HIGH
4731,AVAILABLE_NO_IMAGE,MEDIUM
4732,AVAILABLE_INACTIVE,HIGH
4732,AVAILABLE_NO_IMAGE,MEDIUM
4733,AVAILABLE_INACTIVE,HIGH
4733,AVAILABLE_NO_IMAGE,MEDIUM
4734,AVAILABLE_INACTIVE,HIGH
4734,AVAILABLE_NO_IMAGE,MEDIUM
4735,AVAILABLE_INACTIVE,HIGH
4735,AVAILABLE_NO_IMAGE,MEDIUM
4736,AVAILABLE_INACTIVE,HIGH
4736,AVAILABLE_NO_IMAGE,MEDIUM
4737,AVAILABLE_INACTIVE,HIGH
4737,AVAILABLE_NO_IMAGE,MEDIUM
4738,AVAILABLE_INACTIVE,HIGH
4738,AVAILABLE_NO_IMAGE,MEDIUM
4739,AVAILABLE_INACTIVE,HIGH
4739,AVAILABLE_NO_IMAGE,MEDIUM
4740,AVAILABLE_INACTIVE,HIGH
4740,AVAILABLE_NO_IMAGE,MEDIUM
4741,AVAILABLE_INACTIVE,HIGH
4741,AVAILABLE_NO_IMAGE,MEDIUM
4742,AVAILABLE_INACTIVE,HIGH
4742,AVAILABLE_NO_IMAGE,MEDIUM
4743,AVAILABLE_INACTIVE,HIGH
4743,AVAILABLE_NO_IMAGE,MEDIUM
4744,AVAILABLE_INACTIVE,HIGH
4744,AVAILABLE_NO_IMAGE,MEDIUM
4745,AVAILABLE_INACTIVE,HIGH
4745,AVAILABLE_NO_IMAGE,MEDIUM
4746,AVAILABLE_INACTIVE,HIGH
4746,AVAILABLE_NO_IMAGE,MEDIUM
4747,AVAILABLE_INACTIVE,HIGH
4747,AVAILABLE_NO_IMAGE,MEDIUM
4748,AVAILABLE_INACTIVE,HIGH
4748,AVAILABLE_NO_IMAGE,MEDIUM
4749,AVAILABLE_INACTIVE,HIGH
4749,AVAILABLE_NO_IMAGE,MEDIUM
4750,AVAILABLE_INACTIVE,HIGH
4750,AVAILABLE_NO_IMAGE,MEDIUM
4751,AVAILABLE_INACTIVE,HIGH
4751,AVAILABLE_NO_IMAGE,MEDIUM
4752,AVAILABLE_INACTIVE,HIGH
4752,AVAILABLE_NO_IMAGE,MEDIUM
4753,AVAILABLE_INACTIVE,HIGH
4753,AVAILABLE_NO_IMAGE,MEDIUM
4754,AVAILABLE_INACTIVE,HIGH
4754,AVAILABLE_NO_IMAGE,MEDIUM
4755,AVAILABLE_INACTIVE,HIGH
4755,AVAILABLE_NO_IMAGE,MEDIUM
4756,AVAILABLE_INACTIVE,HIGH
4756,AVAILABLE_NO_IMAGE,MEDIUM
4757,AVAILABLE_INACTIVE,HIGH
4757,AVAILABLE_NO_IMAGE,MEDIUM
4758,AVAILABLE_INACTIVE,HIGH
4758,AVAILABLE_NO_IMAGE,MEDIUM
4759,AVAILABLE_INACTIVE,HIGH
4759,AVAILABLE_NO_IMAGE,MEDIUM
4760,AVAILABLE_INACTIVE,HIGH
4760,AVAILABLE_NO_IMAGE,MEDIUM
4761,AVAILABLE_INACTIVE,HIGH
4761,AVAILABLE_NO_IMAGE,MEDIUM
4762,AVAILABLE_INACTIVE,HIGH
4762,AVAILABLE_NO_IMAGE,MEDIUM
4763,AVAILABLE_INACTIVE,HIGH
4763,AVAILABLE_NO_IMAGE,MEDIUM
4764,AVAILABLE_INACTIVE,HIGH
4764,AVAILABLE_NO_IMAGE,MEDIUM
4765,AVAILABLE_INACTIVE,HIGH
4765,AVAILABLE_NO_IMAGE,MEDIUM
4766,AVAILABLE_INACTIVE,HIGH
4766,AVAILABLE_NO_IMAGE,MEDIUM
4767,AVAILABLE_INACTIVE,HIGH
4767,AVAILABLE_NO_IMAGE,MEDIUM
4768,AVAILABLE_INACTIVE,HIGH
4768,AVAILABLE_NO_IMAGE,MEDIUM
4769,AVAILABLE_INACTIVE,HIGH
4769,AVAILABLE_NO_IMAGE,MEDIUM
4770,AVAILABLE_INACTIVE,HIGH
4770,AVAILABLE_NO_IMAGE,MEDIUM
4771,AVAILABLE_INACTIVE,HIGH
4771,AVAILABLE_NO_IMAGE,MEDIUM
4772,AVAILABLE_INACTIVE,HIGH
4772,AVAILABLE_NO_IMAGE,MEDIUM
4773,AVAILABLE_INACTIVE,HIGH
4773,AVAILABLE_NO_IMAGE,MEDIUM
4774,AVAILABLE_INACTIVE,HIGH
4774,AVAILABLE_NO_IMAGE,MEDIUM
4775,AVAILABLE_INACTIVE,HIGH
4775,AVAILABLE_NO_IMAGE,MEDIUM
4776,AVAILABLE_INACTIVE,HIGH
4776,AVAILABLE_NO_IMAGE,MEDIUM
4777,AVAILABLE_INACTIVE,HIGH
4777,AVAILABLE_NO_IMAGE,MEDIUM
4778,AVAILABLE_INACTIVE,HIGH
4778,AVAILABLE_NO_IMAGE,MEDIUM
4779,AVAILABLE_INACTIVE,HIGH
4779,AVAILABLE_NO_IMAGE,MEDIUM
4780,AVAILABLE_INACTIVE,HIGH
4780,AVAILABLE_NO_IMAGE,MEDIUM
4781,AVAILABLE_INACTIVE,HIGH
4781,AVAILABLE_NO_IMAGE,MEDIUM
4782,AVAILABLE_INACTIVE,HIGH
4782,AVAILABLE_NO_IMAGE,MEDIUM
4783,AVAILABLE_INACTIVE,HIGH
4783,AVAILABLE_NO_IMAGE,MEDIUM
4784,AVAILABLE_INACTIVE,HIGH
4784,AVAILABLE_NO_IMAGE,MEDIUM
4785,AVAILABLE_INACTIVE,HIGH
4785,AVAILABLE_NO_IMAGE,MEDIUM
4786,AVAILABLE_INACTIVE,HIGH
4786,AVAILABLE_NO_IMAGE,MEDIUM
4787,AVAILABLE_INACTIVE,HIGH
4787,AVAILABLE_NO_IMAGE,MEDIUM
4788,AVAILABLE_INACTIVE,HIGH
4788,AVAILABLE_NO_IMAGE,MEDIUM
4789,AVAILABLE_INACTIVE,HIGH
4789,AVAILABLE_NO_IMAGE,MEDIUM
4790,AVAILABLE_INACTIVE,HIGH
4790,AVAILABLE_NO_IMAGE,MEDIUM
4791,AVAILABLE_INACTIVE,HIGH
4791,AVAILABLE_NO_IMAGE,MEDIUM
4792,AVAILABLE_INACTIVE,HIGH
4792,AVAILABLE_NO_IMAGE,MEDIUM
4793,AVAILABLE_INACTIVE,HIGH
4793,AVAILABLE_NO_IMAGE,MEDIUM
4794,AVAILABLE_INACTIVE,HIGH
4794,AVAILABLE_NO_IMAGE,MEDIUM
4795,AVAILABLE_INACTIVE,HIGH
4795,AVAILABLE_NO_IMAGE,MEDIUM
4796,AVAILABLE_INACTIVE,HIGH
4796,AVAILABLE_NO_IMAGE,MEDIUM
4797,AVAILABLE_INACTIVE,HIGH
4797,AVAILABLE_NO_IMAGE,MEDIUM
4798,AVAILABLE_INACTIVE,HIGH
4798,AVAILABLE_NO_IMAGE,MEDIUM
4799,AVAILABLE_INACTIVE,HIGH
4799,AVAILABLE_NO_IMAGE,MEDIUM
4800,AVAILABLE_INACTIVE,HIGH
4800,AVAILABLE_NO_IMAGE,MEDIUM
4801,AVAILABLE_INACTIVE,HIGH
4801,AVAILABLE_NO_IMAGE,MEDIUM
4802,AVAILABLE_INACTIVE,HIGH
4802,AVAILABLE_NO_IMAGE,MEDIUM
4803,AVAILABLE_INACTIVE,HIGH
4803,AVAILABLE_NO_IMAGE,MEDIUM
4804,AVAILABLE_INACTIVE,HIGH
4804,AVAILABLE_NO_IMAGE,MEDIUM
4805,AVAILABLE_INACTIVE,HIGH
4805,AVAILABLE_NO_IMAGE,MEDIUM
4806,AVAILABLE_INACTIVE,HIGH
4806,AVAILABLE_NO_IMAGE,MEDIUM
4807,AVAILABLE_INACTIVE,HIGH
4807,AVAILABLE_NO_IMAGE,MEDIUM
4808,AVAILABLE_INACTIVE,HIGH
4808,AVAILABLE_NO_IMAGE,MEDIUM
4809,AVAILABLE_INACTIVE,HIGH
4809,AVAILABLE_NO_IMAGE,MEDIUM
4810,AVAILABLE_INACTIVE,HIGH
4810,AVAILABLE_NO_IMAGE,MEDIUM
4811,AVAILABLE_INACTIVE,HIGH
4811,AVAILABLE_NO_IMAGE,MEDIUM
4812,AVAILABLE_INACTIVE,HIGH
4812,AVAILABLE_NO_IMAGE,MEDIUM
4813,AVAILABLE_INACTIVE,HIGH
4813,AVAILABLE_NO_IMAGE,MEDIUM
4814,AVAILABLE_INACTIVE,HIGH
4814,AVAILABLE_NO_IMAGE,MEDIUM
4815,AVAILABLE_INACTIVE,HIGH
4815,AVAILABLE_NO_IMAGE,MEDIUM
4816,AVAILABLE_INACTIVE,HIGH
4816,AVAILABLE_NO_IMAGE,MEDIUM
4817,AVAILABLE_INACTIVE,HIGH
4817,AVAILABLE_NO_IMAGE,MEDIUM
4818,AVAILABLE_INACTIVE,HIGH
4818,AVAILABLE_NO_IMAGE,MEDIUM
4819,AVAILABLE_INACTIVE,HIGH
4819,AVAILABLE_NO_IMAGE,MEDIUM
4820,AVAILABLE_INACTIVE,HIGH
4820,AVAILABLE_NO_IMAGE,MEDIUM
4821,AVAILABLE_INACTIVE,HIGH
4821,AVAILABLE_NO_IMAGE,MEDIUM
4822,AVAILABLE_INACTIVE,HIGH
4822,AVAILABLE_NO_IMAGE,MEDIUM
4823,AVAILABLE_INACTIVE,HIGH
4823,AVAILABLE_NO_IMAGE,MEDIUM
4824,AVAILABLE_INACTIVE,HIGH
4824,AVAILABLE_NO_IMAGE,MEDIUM
4825,AVAILABLE_INACTIVE,HIGH
4825,AVAILABLE_NO_IMAGE,MEDIUM
4826,AVAILABLE_INACTIVE,HIGH
4826,AVAILABLE_NO_IMAGE,MEDIUM
4827,AVAILABLE_INACTIVE,HIGH
4827,AVAILABLE_NO_IMAGE,MEDIUM
4828,AVAILABLE_INACTIVE,HIGH
4828,AVAILABLE_NO_IMAGE,MEDIUM
4829,AVAILABLE_INACTIVE,HIGH
4829,AVAILABLE_NO_IMAGE,MEDIUM
4830,AVAILABLE_INACTIVE,HIGH
4830,AVAILABLE_NO_IMAGE,MEDIUM
4831,AVAILABLE_INACTIVE,HIGH
4831,AVAILABLE_NO_IMAGE,MEDIUM
4832,AVAILABLE_INACTIVE,HIGH
4832,AVAILABLE_NO_IMAGE,MEDIUM
4833,AVAILABLE_INACTIVE,HIGH
4833,AVAILABLE_NO_IMAGE,MEDIUM
4834,AVAILABLE_INACTIVE,HIGH
4834,AVAILABLE_NO_IMAGE,MEDIUM
4835,AVAILABLE_INACTIVE,HIGH
4835,AVAILABLE_NO_IMAGE,MEDIUM
4836,AVAILABLE_INACTIVE,HIGH
4836,AVAILABLE_NO_IMAGE,MEDIUM
4837,AVAILABLE_INACTIVE,HIGH
4837,AVAILABLE_NO_IMAGE,MEDIUM
4838,AVAILABLE_INACTIVE,HIGH
4838,AVAILABLE_NO_IMAGE,MEDIUM
4839,AVAILABLE_INACTIVE,HIGH
4839,AVAILABLE_NO_IMAGE,MEDIUM
4840,AVAILABLE_INACTIVE,HIGH
4840,AVAILABLE_NO_IMAGE,MEDIUM
4841,AVAILABLE_INACTIVE,HIGH
4841,AVAILABLE_NO_IMAGE,MEDIUM
4842,AVAILABLE_INACTIVE,HIGH
4842,AVAILABLE_NO_IMAGE,MEDIUM
4843,AVAILABLE_INACTIVE,HIGH
4843,AVAILABLE_NO_IMAGE,MEDIUM
4844,AVAILABLE_INACTIVE,HIGH
4844,AVAILABLE_NO_IMAGE,MEDIUM
4845,AVAILABLE_INACTIVE,HIGH
4845,AVAILABLE_NO_IMAGE,MEDIUM
4846,AVAILABLE_INACTIVE,HIGH
4846,AVAILABLE_NO_IMAGE,MEDIUM
4847,AVAILABLE_INACTIVE,HIGH
4847,AVAILABLE_NO_IMAGE,MEDIUM
4848,AVAILABLE_INACTIVE,HIGH
4848,AVAILABLE_NO_IMAGE,MEDIUM
4849,AVAILABLE_INACTIVE,HIGH
4849,AVAILABLE_NO_IMAGE,MEDIUM
4850,AVAILABLE_INACTIVE,HIGH
4850,AVAILABLE_NO_IMAGE,MEDIUM
4851,AVAILABLE_INACTIVE,HIGH
4851,AVAILABLE_NO_IMAGE,MEDIUM
4852,AVAILABLE_INACTIVE,HIGH
4852,AVAILABLE_NO_IMAGE,MEDIUM
4853,AVAILABLE_INACTIVE,HIGH
4853,AVAILABLE_NO_IMAGE,MEDIUM
4854,AVAILABLE_INACTIVE,HIGH
4854,AVAILABLE_NO_IMAGE,MEDIUM
4855,AVAILABLE_INACTIVE,HIGH
4855,AVAILABLE_NO_IMAGE,MEDIUM
4856,AVAILABLE_INACTIVE,HIGH
4856,AVAILABLE_NO_IMAGE,MEDIUM
4857,AVAILABLE_INACTIVE,HIGH
4857,AVAILABLE_NO_IMAGE,MEDIUM
4858,AVAILABLE_INACTIVE,HIGH
4858,AVAILABLE_NO_IMAGE,MEDIUM
4859,AVAILABLE_INACTIVE,HIGH
4859,AVAILABLE_NO_IMAGE,MEDIUM
4860,AVAILABLE_INACTIVE,HIGH
4860,AVAILABLE_NO_IMAGE,MEDIUM
4861,AVAILABLE_INACTIVE,HIGH
4861,AVAILABLE_NO_IMAGE,MEDIUM
4862,AVAILABLE_INACTIVE,HIGH
4862,AVAILABLE_NO_IMAGE,MEDIUM
4863,AVAILABLE_INACTIVE,HIGH
4863,AVAILABLE_NO_IMAGE,MEDIUM
4864,AVAILABLE_INACTIVE,HIGH
4864,AVAILABLE_NO_IMAGE,MEDIUM
4865,AVAILABLE_INACTIVE,HIGH
4865,AVAILABLE_NO_IMAGE,MEDIUM
4866,AVAILABLE_INACTIVE,HIGH
4866,AVAILABLE_NO_IMAGE,MEDIUM
4867,AVAILABLE_INACTIVE,HIGH
4867,AVAILABLE_NO_IMAGE,MEDIUM
4868,AVAILABLE_INACTIVE,HIGH
4868,AVAILABLE_NO_IMAGE,MEDIUM
4869,AVAILABLE_INACTIVE,HIGH
4869,AVAILABLE_NO_IMAGE,MEDIUM
4870,AVAILABLE_INACTIVE,HIGH
4870,AVAILABLE_NO_IMAGE,MEDIUM
4871,AVAILABLE_INACTIVE,HIGH
4871,AVAILABLE_NO_IMAGE,MEDIUM
4872,AVAILABLE_INACTIVE,HIGH
4872,AVAILABLE_NO_IMAGE,MEDIUM
4873,AVAILABLE_INACTIVE,HIGH
4873,AVAILABLE_NO_IMAGE,MEDIUM
4874,AVAILABLE_INACTIVE,HIGH
4874,AVAILABLE_NO_IMAGE,MEDIUM
4875,AVAILABLE_INACTIVE,HIGH
4875,AVAILABLE_NO_IMAGE,MEDIUM
4876,AVAILABLE_INACTIVE,HIGH
4876,AVAILABLE_NO_IMAGE,MEDIUM
4877,AVAILABLE_INACTIVE,HIGH
4877,AVAILABLE_NO_IMAGE,MEDIUM
4878,AVAILABLE_INACTIVE,HIGH
4878,AVAILABLE_NO_IMAGE,MEDIUM
4879,AVAILABLE_INACTIVE,HIGH
4879,AVAILABLE_NO_IMAGE,MEDIUM
4880,AVAILABLE_INACTIVE,HIGH
4880,AVAILABLE_NO_IMAGE,MEDIUM
4881,AVAILABLE_INACTIVE,HIGH
4881,AVAILABLE_NO_IMAGE,MEDIUM
4882,AVAILABLE_INACTIVE,HIGH
4882,AVAILABLE_NO_IMAGE,MEDIUM
4883,AVAILABLE_INACTIVE,HIGH
4883,AVAILABLE_NO_IMAGE,MEDIUM
4884,AVAILABLE_INACTIVE,HIGH
4884,AVAILABLE_NO_IMAGE,MEDIUM
4885,AVAILABLE_INACTIVE,HIGH
4885,AVAILABLE_NO_IMAGE,MEDIUM
4886,AVAILABLE_INACTIVE,HIGH
4886,AVAILABLE_NO_IMAGE,MEDIUM
4887,AVAILABLE_INACTIVE,HIGH
4887,AVAILABLE_NO_IMAGE,MEDIUM
4888,AVAILABLE_INACTIVE,HIGH
4888,AVAILABLE_NO_IMAGE,MEDIUM
4889,AVAILABLE_INACTIVE,HIGH
4889,AVAILABLE_NO_IMAGE,MEDIUM
4890,AVAILABLE_INACTIVE,HIGH
4890,AVAILABLE_NO_IMAGE,MEDIUM
4891,AVAILABLE_INACTIVE,HIGH
4891,AVAILABLE_NO_IMAGE,MEDIUM
4892,AVAILABLE_INACTIVE,HIGH
4892,AVAILABLE_NO_IMAGE,MEDIUM
4893,AVAILABLE_INACTIVE,HIGH
4893,AVAILABLE_NO_IMAGE,MEDIUM
4894,AVAILABLE_INACTIVE,HIGH
4894,AVAILABLE_NO_IMAGE,MEDIUM
4895,AVAILABLE_INACTIVE,HIGH
4895,AVAILABLE_NO_IMAGE,MEDIUM
4896,AVAILABLE_INACTIVE,HIGH
4896,AVAILABLE_NO_IMAGE,MEDIUM
4897,AVAILABLE_INACTIVE,HIGH
4897,AVAILABLE_NO_IMAGE,MEDIUM
4898,AVAILABLE_INACTIVE,HIGH
4898,AVAILABLE_NO_IMAGE,MEDIUM
4899,AVAILABLE_INACTIVE,HIGH
4899,AVAILABLE_NO_IMAGE,MEDIUM
4900,AVAILABLE_INACTIVE,HIGH
4900,AVAILABLE_NO_IMAGE,MEDIUM
4901,AVAILABLE_INACTIVE,HIGH
4901,AVAILABLE_NO_IMAGE,MEDIUM
4902,AVAILABLE_INACTIVE,HIGH
4902,AVAILABLE_NO_IMAGE,MEDIUM
4903,AVAILABLE_INACTIVE,HIGH
4903,AVAILABLE_NO_IMAGE,MEDIUM
4904,AVAILABLE_INACTIVE,HIGH
4904,AVAILABLE_NO_IMAGE,MEDIUM
4905,AVAILABLE_INACTIVE,HIGH
4905,AVAILABLE_NO_IMAGE,MEDIUM
4906,AVAILABLE_INACTIVE,HIGH
4906,AVAILABLE_NO_IMAGE,MEDIUM
4907,AVAILABLE_INACTIVE,HIGH
4907,AVAILABLE_NO_IMAGE,MEDIUM
4908,AVAILABLE_INACTIVE,HIGH
4908,AVAILABLE_NO_IMAGE,MEDIUM
4909,AVAILABLE_INACTIVE,HIGH
4909,AVAILABLE_NO_IMAGE,MEDIUM
4910,AVAILABLE_INACTIVE,HIGH
4910,AVAILABLE_NO_IMAGE,MEDIUM
4911,AVAILABLE_INACTIVE,HIGH
4911,AVAILABLE_NO_IMAGE,MEDIUM
4912,AVAILABLE_INACTIVE,HIGH
4912,AVAILABLE_NO_IMAGE,MEDIUM
4913,AVAILABLE_INACTIVE,HIGH
4913,AVAILABLE_NO_IMAGE,MEDIUM
4914,AVAILABLE_INACTIVE,HIGH
4914,AVAILABLE_NO_IMAGE,MEDIUM
4915,AVAILABLE_INACTIVE,HIGH
4915,AVAILABLE_NO_IMAGE,MEDIUM
4916,AVAILABLE_INACTIVE,HIGH
4916,AVAILABLE_NO_IMAGE,MEDIUM
4917,AVAILABLE_INACTIVE,HIGH
4917,AVAILABLE_NO_IMAGE,MEDIUM
4918,AVAILABLE_INACTIVE,HIGH
4918,AVAILABLE_NO_IMAGE,MEDIUM
4919,AVAILABLE_INACTIVE,HIGH
4919,AVAILABLE_NO_IMAGE,MEDIUM
4920,AVAILABLE_INACTIVE,HIGH
4920,AVAILABLE_NO_IMAGE,MEDIUM
4921,AVAILABLE_INACTIVE,HIGH
4921,AVAILABLE_NO_IMAGE,MEDIUM
4922,AVAILABLE_INACTIVE,HIGH
4922,AVAILABLE_NO_IMAGE,MEDIUM
4923,AVAILABLE_INACTIVE,HIGH
4923,AVAILABLE_NO_IMAGE,MEDIUM
4924,AVAILABLE_INACTIVE,HIGH
4924,AVAILABLE_NO_IMAGE,MEDIUM
4925,AVAILABLE_INACTIVE,HIGH
4925,AVAILABLE_NO_IMAGE,MEDIUM
4926,AVAILABLE_INACTIVE,HIGH
4926,AVAILABLE_NO_IMAGE,MEDIUM
4927,AVAILABLE_INACTIVE,HIGH
4927,AVAILABLE_NO_IMAGE,MEDIUM
4928,AVAILABLE_INACTIVE,HIGH
4928,AVAILABLE_NO_IMAGE,MEDIUM
4929,AVAILABLE_INACTIVE,HIGH
4929,AVAILABLE_NO_IMAGE,MEDIUM
4930,AVAILABLE_INACTIVE,HIGH
4930,AVAILABLE_NO_IMAGE,MEDIUM
4931,AVAILABLE_INACTIVE,HIGH
4931,AVAILABLE_NO_IMAGE,MEDIUM
4932,AVAILABLE_INACTIVE,HIGH
4932,AVAILABLE_NO_IMAGE,MEDIUM
4933,AVAILABLE_INACTIVE,HIGH
4933,AVAILABLE_NO_IMAGE,MEDIUM
4934,AVAILABLE_INACTIVE,HIGH
4934,AVAILABLE_NO_IMAGE,MEDIUM
4935,AVAILABLE_INACTIVE,HIGH
4935,AVAILABLE_NO_IMAGE,MEDIUM
4936,AVAILABLE_INACTIVE,HIGH
4936,AVAILABLE_NO_IMAGE,MEDIUM
4937,AVAILABLE_INACTIVE,HIGH
4937,AVAILABLE_NO_IMAGE,MEDIUM
4938,AVAILABLE_INACTIVE,HIGH
4938,AVAILABLE_NO_IMAGE,MEDIUM
4939,AVAILABLE_INACTIVE,HIGH
4939,AVAILABLE_NO_IMAGE,MEDIUM
4940,AVAILABLE_INACTIVE,HIGH
4940,AVAILABLE_NO_IMAGE,MEDIUM
4941,AVAILABLE_INACTIVE,HIGH
4941,AVAILABLE_NO_IMAGE,MEDIUM
4942,AVAILABLE_INACTIVE,HIGH
4942,AVAILABLE_NO_IMAGE,MEDIUM
4943,AVAILABLE_INACTIVE,HIGH
4943,AVAILABLE_NO_IMAGE,MEDIUM
4944,AVAILABLE_INACTIVE,HIGH
4944,AVAILABLE_NO_IMAGE,MEDIUM
4945,AVAILABLE_INACTIVE,HIGH
4945,AVAILABLE_NO_IMAGE,MEDIUM
4946,AVAILABLE_INACTIVE,HIGH
4946,AVAILABLE_NO_IMAGE,MEDIUM
4947,AVAILABLE_INACTIVE,HIGH
4947,AVAILABLE_NO_IMAGE,MEDIUM
4948,AVAILABLE_INACTIVE,HIGH
4948,AVAILABLE_NO_IMAGE,MEDIUM
4949,AVAILABLE_INACTIVE,HIGH
4949,AVAILABLE_NO_IMAGE,MEDIUM
4950,AVAILABLE_INACTIVE,HIGH
4950,AVAILABLE_NO_IMAGE,MEDIUM
4951,AVAILABLE_INACTIVE,HIGH
4951,AVAILABLE_NO_IMAGE,MEDIUM
4952,AVAILABLE_INACTIVE,HIGH
4952,AVAILABLE_NO_IMAGE,MEDIUM
4953,AVAILABLE_INACTIVE,HIGH
4953,AVAILABLE_NO_IMAGE,MEDIUM
4954,AVAILABLE_INACTIVE,HIGH
4954,AVAILABLE_NO_IMAGE,MEDIUM
4955,AVAILABLE_INACTIVE,HIGH
4955,AVAILABLE_NO_IMAGE,MEDIUM
4956,AVAILABLE_INACTIVE,HIGH
4956,AVAILABLE_NO_IMAGE,MEDIUM
4957,AVAILABLE_INACTIVE,HIGH
4957,AVAILABLE_NO_IMAGE,MEDIUM
4958,AVAILABLE_INACTIVE,HIGH
4958,AVAILABLE_NO_IMAGE,MEDIUM
4959,AVAILABLE_INACTIVE,HIGH
4959,AVAILABLE_NO_IMAGE,MEDIUM
4960,AVAILABLE_INACTIVE,HIGH
4960,AVAILABLE_NO_IMAGE,MEDIUM
4961,AVAILABLE_INACTIVE,HIGH
4961,AVAILABLE_NO_IMAGE,MEDIUM
4962,AVAILABLE_INACTIVE,HIGH
4962,AVAILABLE_NO_IMAGE,MEDIUM
4963,AVAILABLE_INACTIVE,HIGH
4963,AVAILABLE_NO_IMAGE,MEDIUM
4964,AVAILABLE_INACTIVE,HIGH
4964,AVAILABLE_NO_IMAGE,MEDIUM
4965,AVAILABLE_INACTIVE,HIGH
4965,AVAILABLE_NO_IMAGE,MEDIUM
4966,AVAILABLE_INACTIVE,HIGH
4966,AVAILABLE_NO_IMAGE,MEDIUM
4967,AVAILABLE_INACTIVE,HIGH
4967,AVAILABLE_NO_IMAGE,MEDIUM
4968,AVAILABLE_INACTIVE,HIGH
4968,AVAILABLE_NO_IMAGE,MEDIUM
4969,AVAILABLE_INACTIVE,HIGH
4969,AVAILABLE_NO_IMAGE,MEDIUM
4970,AVAILABLE_INACTIVE,HIGH
4970,AVAILABLE_NO_IMAGE,MEDIUM
4971,AVAILABLE_INACTIVE,HIGH
4971,AVAILABLE_NO_IMAGE,MEDIUM
4972,AVAILABLE_INACTIVE,HIGH
4972,AVAILABLE_NO_IMAGE,MEDIUM
4973,AVAILABLE_INACTIVE,HIGH
4973,AVAILABLE_NO_IMAGE,MEDIUM
4974,AVAILABLE_INACTIVE,HIGH
4974,AVAILABLE_NO_IMAGE,MEDIUM
4975,AVAILABLE_INACTIVE,HIGH
4975,AVAILABLE_NO_IMAGE,MEDIUM
4976,AVAILABLE_INACTIVE,HIGH
4976,AVAILABLE_NO_IMAGE,MEDIUM
4977,AVAILABLE_INACTIVE,HIGH
4977,AVAILABLE_NO_IMAGE,MEDIUM
4978,AVAILABLE_INACTIVE,HIGH
4978,AVAILABLE_NO_IMAGE,MEDIUM
4979,AVAILABLE_INACTIVE,HIGH
4979,AVAILABLE_NO_IMAGE,MEDIUM
4980,AVAILABLE_INACTIVE,HIGH
4980,AVAILABLE_NO_IMAGE,MEDIUM
4981,AVAILABLE_INACTIVE,HIGH
4981,AVAILABLE_NO_IMAGE,MEDIUM
4982,AVAILABLE_INACTIVE,HIGH
4982,AVAILABLE_NO_IMAGE,MEDIUM
4983,AVAILABLE_INACTIVE,HIGH
4983,AVAILABLE_NO_IMAGE,MEDIUM
4984,AVAILABLE_INACTIVE,HIGH
4984,AVAILABLE_NO_IMAGE,MEDIUM
4985,AVAILABLE_INACTIVE,HIGH
4985,AVAILABLE_NO_IMAGE,MEDIUM
4986,AVAILABLE_INACTIVE,HIGH
4986,AVAILABLE_NO_IMAGE,MEDIUM
4987,AVAILABLE_INACTIVE,HIGH
4987,AVAILABLE_NO_IMAGE,MEDIUM
4988,AVAILABLE_INACTIVE,HIGH
4988,AVAILABLE_NO_IMAGE,MEDIUM
4989,AVAILABLE_INACTIVE,HIGH
4989,AVAILABLE_NO_IMAGE,MEDIUM
4990,AVAILABLE_INACTIVE,HIGH
4990,AVAILABLE_NO_IMAGE,MEDIUM
4991,AVAILABLE_INACTIVE,HIGH
4991,AVAILABLE_NO_IMAGE,MEDIUM
4992,AVAILABLE_INACTIVE,HIGH
4992,AVAILABLE_NO_IMAGE,MEDIUM
4993,AVAILABLE_INACTIVE,HIGH
4993,AVAILABLE_NO_IMAGE,MEDIUM
4994,AVAILABLE_INACTIVE,HIGH
4994,AVAILABLE_NO_IMAGE,MEDIUM
4995,AVAILABLE_INACTIVE,HIGH
4995,AVAILABLE_NO_IMAGE,MEDIUM
4996,AVAILABLE_INACTIVE,HIGH
4996,AVAILABLE_NO_IMAGE,MEDIUM
4997,AVAILABLE_INACTIVE,HIGH
4997,AVAILABLE_NO_IMAGE,MEDIUM
4998,AVAILABLE_INACTIVE,HIGH
4998,AVAILABLE_NO_IMAGE,MEDIUM
4999,AVAILABLE_INACTIVE,HIGH
4999,AVAILABLE_NO_IMAGE,MEDIUM
5000,AVAILABLE_INACTIVE,HIGH
5000,AVAILABLE_NO_IMAGE,MEDIUM
5001,AVAILABLE_INACTIVE,HIGH
5001,AVAILABLE_NO_IMAGE,MEDIUM
5002,AVAILABLE_INACTIVE,HIGH
5002,AVAILABLE_NO_IMAGE,MEDIUM
5003,AVAILABLE_INACTIVE,HIGH
5003,AVAILABLE_NO_IMAGE,MEDIUM
5004,AVAILABLE_INACTIVE,HIGH
5004,AVAILABLE_NO_IMAGE,MEDIUM
5005,AVAILABLE_INACTIVE,HIGH
5005,AVAILABLE_NO_IMAGE,MEDIUM
5006,AVAILABLE_INACTIVE,HIGH
5006,AVAILABLE_NO_IMAGE,MEDIUM
5007,AVAILABLE_INACTIVE,HIGH
5007,AVAILABLE_NO_IMAGE,MEDIUM
5008,AVAILABLE_INACTIVE,HIGH
5008,AVAILABLE_NO_IMAGE,MEDIUM
5009,AVAILABLE_INACTIVE,HIGH
5009,AVAILABLE_NO_IMAGE,MEDIUM
5010,AVAILABLE_INACTIVE,HIGH
5010,AVAILABLE_NO_IMAGE,MEDIUM
5011,AVAILABLE_INACTIVE,HIGH
5011,AVAILABLE_NO_IMAGE,MEDIUM
5012,AVAILABLE_INACTIVE,HIGH
5012,AVAILABLE_NO_IMAGE,MEDIUM
5013,AVAILABLE_INACTIVE,HIGH
5013,AVAILABLE_NO_IMAGE,MEDIUM
5014,AVAILABLE_INACTIVE,HIGH
5014,AVAILABLE_NO_IMAGE,MEDIUM
5015,AVAILABLE_INACTIVE,HIGH
5015,AVAILABLE_NO_IMAGE,MEDIUM
5016,AVAILABLE_INACTIVE,HIGH
5016,AVAILABLE_NO_IMAGE,MEDIUM
5017,AVAILABLE_INACTIVE,HIGH
5017,AVAILABLE_NO_IMAGE,MEDIUM
5018,AVAILABLE_INACTIVE,HIGH
5018,AVAILABLE_NO_IMAGE,MEDIUM
5019,AVAILABLE_INACTIVE,HIGH
5019,AVAILABLE_NO_IMAGE,MEDIUM
5020,AVAILABLE_INACTIVE,HIGH
5020,AVAILABLE_NO_IMAGE,MEDIUM
5021,AVAILABLE_INACTIVE,HIGH
5021,AVAILABLE_NO_IMAGE,MEDIUM
5022,AVAILABLE_INACTIVE,HIGH
5022,AVAILABLE_NO_IMAGE,MEDIUM
5023,AVAILABLE_INACTIVE,HIGH
5023,AVAILABLE_NO_IMAGE,MEDIUM
5024,AVAILABLE_INACTIVE,HIGH
5024,AVAILABLE_NO_IMAGE,MEDIUM
5025,AVAILABLE_INACTIVE,HIGH
5025,AVAILABLE_NO_IMAGE,MEDIUM
5026,AVAILABLE_INACTIVE,HIGH
5026,AVAILABLE_NO_IMAGE,MEDIUM
5027,AVAILABLE_INACTIVE,HIGH
5027,AVAILABLE_NO_IMAGE,MEDIUM
5028,AVAILABLE_INACTIVE,HIGH
5028,AVAILABLE_NO_IMAGE,MEDIUM
5029,AVAILABLE_INACTIVE,HIGH
5029,AVAILABLE_NO_IMAGE,MEDIUM
5030,AVAILABLE_INACTIVE,HIGH
5030,AVAILABLE_NO_IMAGE,MEDIUM
5031,AVAILABLE_INACTIVE,HIGH
5031,AVAILABLE_NO_IMAGE,MEDIUM
5032,AVAILABLE_INACTIVE,HIGH
5032,AVAILABLE_NO_IMAGE,MEDIUM
5033,AVAILABLE_INACTIVE,HIGH
5033,AVAILABLE_NO_IMAGE,MEDIUM
5034,AVAILABLE_INACTIVE,HIGH
5034,AVAILABLE_NO_IMAGE,MEDIUM
5035,AVAILABLE_INACTIVE,HIGH
5035,AVAILABLE_NO_IMAGE,MEDIUM
5036,AVAILABLE_INACTIVE,HIGH
5036,AVAILABLE_NO_IMAGE,MEDIUM
5037,AVAILABLE_INACTIVE,HIGH
5037,AVAILABLE_NO_IMAGE,MEDIUM
5038,AVAILABLE_INACTIVE,HIGH
5038,AVAILABLE_NO_IMAGE,MEDIUM
5039,AVAILABLE_INACTIVE,HIGH
5039,AVAILABLE_NO_IMAGE,MEDIUM
5040,AVAILABLE_INACTIVE,HIGH
5040,AVAILABLE_NO_IMAGE,MEDIUM
5041,AVAILABLE_INACTIVE,HIGH
5041,AVAILABLE_NO_IMAGE,MEDIUM
5042,AVAILABLE_INACTIVE,HIGH
5042,AVAILABLE_NO_IMAGE,MEDIUM
5043,AVAILABLE_INACTIVE,HIGH
5043,AVAILABLE_NO_IMAGE,MEDIUM
5044,AVAILABLE_INACTIVE,HIGH
5044,AVAILABLE_NO_IMAGE,MEDIUM
5045,AVAILABLE_INACTIVE,HIGH
5045,AVAILABLE_NO_IMAGE,MEDIUM
5046,AVAILABLE_INACTIVE,HIGH
5046,AVAILABLE_NO_IMAGE,MEDIUM
5047,AVAILABLE_INACTIVE,HIGH
5047,AVAILABLE_NO_IMAGE,MEDIUM
5048,AVAILABLE_INACTIVE,HIGH
5048,AVAILABLE_NO_IMAGE,MEDIUM
5049,AVAILABLE_INACTIVE,HIGH
5049,AVAILABLE_NO_IMAGE,MEDIUM
5050,AVAILABLE_INACTIVE,HIGH
5050,AVAILABLE_NO_IMAGE,MEDIUM
5051,AVAILABLE_INACTIVE,HIGH
5051,AVAILABLE_NO_IMAGE,MEDIUM
5052,AVAILABLE_INACTIVE,HIGH
5052,AVAILABLE_NO_IMAGE,MEDIUM
5053,AVAILABLE_INACTIVE,HIGH
5053,AVAILABLE_NO_IMAGE,MEDIUM
5054,AVAILABLE_INACTIVE,HIGH
5054,AVAILABLE_NO_IMAGE,MEDIUM
5055,AVAILABLE_INACTIVE,HIGH
5055,AVAILABLE_NO_IMAGE,MEDIUM
5056,AVAILABLE_INACTIVE,HIGH
5056,AVAILABLE_NO_IMAGE,MEDIUM
5057,AVAILABLE_INACTIVE,HIGH
5057,AVAILABLE_NO_IMAGE,MEDIUM
5058,AVAILABLE_INACTIVE,HIGH
5058,AVAILABLE_NO_IMAGE,MEDIUM
5059,AVAILABLE_INACTIVE,HIGH
5059,AVAILABLE_NO_IMAGE,MEDIUM
5060,AVAILABLE_INACTIVE,HIGH
5060,AVAILABLE_NO_IMAGE,MEDIUM
5061,AVAILABLE_INACTIVE,HIGH
5061,AVAILABLE_NO_IMAGE,MEDIUM
5062,AVAILABLE_INACTIVE,HIGH
5062,AVAILABLE_NO_IMAGE,MEDIUM
5063,AVAILABLE_INACTIVE,HIGH
5063,AVAILABLE_NO_IMAGE,MEDIUM
5064,AVAILABLE_INACTIVE,HIGH
5064,AVAILABLE_NO_IMAGE,MEDIUM
5065,AVAILABLE_INACTIVE,HIGH
5065,AVAILABLE_NO_IMAGE,MEDIUM
5066,AVAILABLE_INACTIVE,HIGH
5066,AVAILABLE_NO_IMAGE,MEDIUM
5067,AVAILABLE_INACTIVE,HIGH
5067,AVAILABLE_NO_IMAGE,MEDIUM
5068,AVAILABLE_INACTIVE,HIGH
5068,AVAILABLE_NO_IMAGE,MEDIUM
5069,AVAILABLE_INACTIVE,HIGH
5069,AVAILABLE_NO_IMAGE,MEDIUM
5070,AVAILABLE_INACTIVE,HIGH
5070,AVAILABLE_NO_IMAGE,MEDIUM
5071,AVAILABLE_INACTIVE,HIGH
5071,AVAILABLE_NO_IMAGE,MEDIUM
5072,AVAILABLE_INACTIVE,HIGH
5072,AVAILABLE_NO_IMAGE,MEDIUM
5073,AVAILABLE_INACTIVE,HIGH
5073,AVAILABLE_NO_IMAGE,MEDIUM
5074,AVAILABLE_INACTIVE,HIGH
5074,AVAILABLE_NO_IMAGE,MEDIUM
5075,AVAILABLE_INACTIVE,HIGH
5075,AVAILABLE_NO_IMAGE,MEDIUM
5076,AVAILABLE_INACTIVE,HIGH
5076,AVAILABLE_NO_IMAGE,MEDIUM
5077,AVAILABLE_INACTIVE,HIGH
5077,AVAILABLE_NO_IMAGE,MEDIUM
5078,AVAILABLE_INACTIVE,HIGH
5078,AVAILABLE_NO_IMAGE,MEDIUM
5079,AVAILABLE_INACTIVE,HIGH
5079,AVAILABLE_NO_IMAGE,MEDIUM
5080,AVAILABLE_INACTIVE,HIGH
5080,AVAILABLE_NO_IMAGE,MEDIUM
5081,AVAILABLE_INACTIVE,HIGH
5081,AVAILABLE_NO_IMAGE,MEDIUM
5082,AVAILABLE_INACTIVE,HIGH
5082,AVAILABLE_NO_IMAGE,MEDIUM
5083,AVAILABLE_INACTIVE,HIGH
5083,AVAILABLE_NO_IMAGE,MEDIUM
5084,AVAILABLE_INACTIVE,HIGH
5084,AVAILABLE_NO_IMAGE,MEDIUM
5085,AVAILABLE_INACTIVE,HIGH
5085,AVAILABLE_NO_IMAGE,MEDIUM
5086,AVAILABLE_INACTIVE,HIGH
5086,AVAILABLE_NO_IMAGE,MEDIUM
5087,AVAILABLE_INACTIVE,HIGH
5087,AVAILABLE_NO_IMAGE,MEDIUM
5088,AVAILABLE_INACTIVE,HIGH
5088,AVAILABLE_NO_IMAGE,MEDIUM
5089,AVAILABLE_INACTIVE,HIGH
5089,AVAILABLE_NO_IMAGE,MEDIUM
5090,AVAILABLE_INACTIVE,HIGH
5090,AVAILABLE_NO_IMAGE,MEDIUM
5091,AVAILABLE_INACTIVE,HIGH
5091,AVAILABLE_NO_IMAGE,MEDIUM
5092,AVAILABLE_INACTIVE,HIGH
5092,AVAILABLE_NO_IMAGE,MEDIUM
5093,AVAILABLE_INACTIVE,HIGH
5093,AVAILABLE_NO_IMAGE,MEDIUM
5094,AVAILABLE_INACTIVE,HIGH
5094,AVAILABLE_NO_IMAGE,MEDIUM
5095,AVAILABLE_INACTIVE,HIGH
5095,AVAILABLE_NO_IMAGE,MEDIUM
5096,AVAILABLE_INACTIVE,HIGH
5096,AVAILABLE_NO_IMAGE,MEDIUM
5097,AVAILABLE_INACTIVE,HIGH
5097,AVAILABLE_NO_IMAGE,MEDIUM
5098,AVAILABLE_INACTIVE,HIGH
5098,AVAILABLE_NO_IMAGE,MEDIUM
5099,AVAILABLE_INACTIVE,HIGH
5099,AVAILABLE_NO_IMAGE,MEDIUM
5100,AVAILABLE_INACTIVE,HIGH
5100,AVAILABLE_NO_IMAGE,MEDIUM
5101,AVAILABLE_INACTIVE,HIGH
5101,AVAILABLE_NO_IMAGE,MEDIUM
5102,AVAILABLE_INACTIVE,HIGH
5102,AVAILABLE_NO_IMAGE,MEDIUM
5103,AVAILABLE_INACTIVE,HIGH
5103,AVAILABLE_NO_IMAGE,MEDIUM
5104,AVAILABLE_INACTIVE,HIGH
5104,AVAILABLE_NO_IMAGE,MEDIUM
5105,AVAILABLE_INACTIVE,HIGH
5105,AVAILABLE_NO_IMAGE,MEDIUM
5106,AVAILABLE_INACTIVE,HIGH
5106,AVAILABLE_NO_IMAGE,MEDIUM
5107,AVAILABLE_INACTIVE,HIGH
5107,AVAILABLE_NO_IMAGE,MEDIUM
5111,AVAILABLE_INACTIVE,HIGH
5111,AVAILABLE_NO_IMAGE,MEDIUM
5112,AVAILABLE_INACTIVE,HIGH
5112,AVAILABLE_NO_IMAGE,MEDIUM
5113,AVAILABLE_INACTIVE,HIGH
5113,AVAILABLE_NO_IMAGE,MEDIUM
5114,AVAILABLE_INACTIVE,HIGH
5114,AVAILABLE_NO_IMAGE,MEDIUM
5115,AVAILABLE_INACTIVE,HIGH
5115,AVAILABLE_NO_IMAGE,MEDIUM
5116,AVAILABLE_INACTIVE,HIGH
5116,AVAILABLE_NO_IMAGE,MEDIUM
5117,AVAILABLE_INACTIVE,HIGH
5117,AVAILABLE_NO_IMAGE,MEDIUM
5118,AVAILABLE_INACTIVE,HIGH
5118,AVAILABLE_NO_IMAGE,MEDIUM
5119,AVAILABLE_INACTIVE,HIGH
5119,AVAILABLE_NO_IMAGE,MEDIUM
5120,AVAILABLE_INACTIVE,HIGH
5120,AVAILABLE_NO_IMAGE,MEDIUM
5121,AVAILABLE_INACTIVE,HIGH
5121,AVAILABLE_NO_IMAGE,MEDIUM
5122,AVAILABLE_INACTIVE,HIGH
5122,AVAILABLE_NO_IMAGE,MEDIUM
5123,AVAILABLE_INACTIVE,HIGH
5123,AVAILABLE_NO_IMAGE,MEDIUM
5124,AVAILABLE_INACTIVE,HIGH
5124,AVAILABLE_NO_IMAGE,MEDIUM
5125,AVAILABLE_INACTIVE,HIGH
5125,AVAILABLE_NO_IMAGE,MEDIUM
5126,AVAILABLE_INACTIVE,HIGH
5126,AVAILABLE_NO_IMAGE,MEDIUM
5127,AVAILABLE_INACTIVE,HIGH
5127,AVAILABLE_NO_IMAGE,MEDIUM
5128,AVAILABLE_INACTIVE,HIGH
5128,AVAILABLE_NO_IMAGE,MEDIUM
5129,AVAILABLE_INACTIVE,HIGH
5129,AVAILABLE_NO_IMAGE,MEDIUM
5130,AVAILABLE_INACTIVE,HIGH
5130,AVAILABLE_NO_IMAGE,MEDIUM
5131,AVAILABLE_INACTIVE,HIGH
5131,AVAILABLE_NO_IMAGE,MEDIUM
5132,AVAILABLE_INACTIVE,HIGH
5132,AVAILABLE_NO_IMAGE,MEDIUM
5133,AVAILABLE_INACTIVE,HIGH
5133,AVAILABLE_NO_IMAGE,MEDIUM
5134,AVAILABLE_INACTIVE,HIGH
5134,AVAILABLE_NO_IMAGE,MEDIUM
5135,AVAILABLE_INACTIVE,HIGH
5135,AVAILABLE_NO_IMAGE,MEDIUM
5136,AVAILABLE_INACTIVE,HIGH
5136,AVAILABLE_NO_IMAGE,MEDIUM
5137,AVAILABLE_INACTIVE,HIGH
5137,AVAILABLE_NO_IMAGE,MEDIUM
5138,AVAILABLE_INACTIVE,HIGH
5138,AVAILABLE_NO_IMAGE,MEDIUM
5139,AVAILABLE_INACTIVE,HIGH
5139,AVAILABLE_NO_IMAGE,MEDIUM
5140,AVAILABLE_INACTIVE,HIGH
5140,AVAILABLE_NO_IMAGE,MEDIUM
5141,AVAILABLE_INACTIVE,HIGH
5141,AVAILABLE_NO_IMAGE,MEDIUM
5142,AVAILABLE_INACTIVE,HIGH
5142,AVAILABLE_NO_IMAGE,MEDIUM
5143,AVAILABLE_INACTIVE,HIGH
5143,AVAILABLE_NO_IMAGE,MEDIUM
5144,AVAILABLE_INACTIVE,HIGH
5144,AVAILABLE_NO_IMAGE,MEDIUM
5145,AVAILABLE_INACTIVE,HIGH
5145,AVAILABLE_NO_IMAGE,MEDIUM
5146,AVAILABLE_INACTIVE,HIGH
5146,AVAILABLE_NO_IMAGE,MEDIUM
5147,AVAILABLE_INACTIVE,HIGH
5147,AVAILABLE_NO_IMAGE,MEDIUM
5148,AVAILABLE_INACTIVE,HIGH
5148,AVAILABLE_NO_IMAGE,MEDIUM
5149,AVAILABLE_INACTIVE,HIGH
5149,AVAILABLE_NO_IMAGE,MEDIUM
5150,AVAILABLE_INACTIVE,HIGH
5150,AVAILABLE_NO_IMAGE,MEDIUM
5151,AVAILABLE_INACTIVE,HIGH
5151,AVAILABLE_NO_IMAGE,MEDIUM
5152,AVAILABLE_INACTIVE,HIGH
5152,AVAILABLE_NO_IMAGE,MEDIUM
5153,AVAILABLE_INACTIVE,HIGH
5153,AVAILABLE_NO_IMAGE,MEDIUM
5154,AVAILABLE_INACTIVE,HIGH
5154,AVAILABLE_NO_IMAGE,MEDIUM
5155,AVAILABLE_INACTIVE,HIGH
5155,AVAILABLE_NO_IMAGE,MEDIUM
5156,AVAILABLE_INACTIVE,HIGH
5156,AVAILABLE_NO_IMAGE,MEDIUM
5157,AVAILABLE_INACTIVE,HIGH
5157,AVAILABLE_NO_IMAGE,MEDIUM
5158,AVAILABLE_INACTIVE,HIGH
5158,AVAILABLE_NO_IMAGE,MEDIUM
5159,AVAILABLE_INACTIVE,HIGH
5159,AVAILABLE_NO_IMAGE,MEDIUM
5160,AVAILABLE_INACTIVE,HIGH
5160,AVAILABLE_NO_IMAGE,MEDIUM
5161,AVAILABLE_INACTIVE,HIGH
5161,AVAILABLE_NO_IMAGE,MEDIUM
5162,AVAILABLE_INACTIVE,HIGH
5162,AVAILABLE_NO_IMAGE,MEDIUM
5163,AVAILABLE_INACTIVE,HIGH
5163,AVAILABLE_NO_IMAGE,MEDIUM
5164,AVAILABLE_INACTIVE,HIGH
5164,AVAILABLE_NO_IMAGE,MEDIUM
5165,AVAILABLE_INACTIVE,HIGH
5165,AVAILABLE_NO_IMAGE,MEDIUM
5166,AVAILABLE_INACTIVE,HIGH
5166,AVAILABLE_NO_IMAGE,MEDIUM
5167,AVAILABLE_INACTIVE,HIGH
5167,AVAILABLE_NO_IMAGE,MEDIUM
5168,AVAILABLE_INACTIVE,HIGH
5168,AVAILABLE_NO_IMAGE,MEDIUM
5169,AVAILABLE_INACTIVE,HIGH
5169,AVAILABLE_NO_IMAGE,MEDIUM
5170,AVAILABLE_INACTIVE,HIGH
5170,AVAILABLE_NO_IMAGE,MEDIUM
5171,AVAILABLE_INACTIVE,HIGH
5171,AVAILABLE_NO_IMAGE,MEDIUM
5172,AVAILABLE_INACTIVE,HIGH
5172,AVAILABLE_NO_IMAGE,MEDIUM
5173,AVAILABLE_INACTIVE,HIGH
5173,AVAILABLE_NO_IMAGE,MEDIUM
5174,AVAILABLE_INACTIVE,HIGH
5174,AVAILABLE_NO_IMAGE,MEDIUM
5175,AVAILABLE_INACTIVE,HIGH
5175,AVAILABLE_NO_IMAGE,MEDIUM
5176,AVAILABLE_INACTIVE,HIGH
5176,AVAILABLE_NO_IMAGE,MEDIUM
5177,AVAILABLE_INACTIVE,HIGH
5177,AVAILABLE_NO_IMAGE,MEDIUM
5178,AVAILABLE_INACTIVE,HIGH
5178,AVAILABLE_NO_IMAGE,MEDIUM
5179,AVAILABLE_INACTIVE,HIGH
5179,AVAILABLE_NO_IMAGE,MEDIUM
5180,AVAILABLE_INACTIVE,HIGH
5180,AVAILABLE_NO_IMAGE,MEDIUM
5181,AVAILABLE_INACTIVE,HIGH
5181,AVAILABLE_NO_IMAGE,MEDIUM
5182,AVAILABLE_INACTIVE,HIGH
5182,AVAILABLE_NO_IMAGE,MEDIUM
5183,AVAILABLE_INACTIVE,HIGH
5183,AVAILABLE_NO_IMAGE,MEDIUM
5184,AVAILABLE_INACTIVE,HIGH
5184,AVAILABLE_NO_IMAGE,MEDIUM
5185,AVAILABLE_INACTIVE,HIGH
5185,AVAILABLE_NO_IMAGE,MEDIUM
5186,AVAILABLE_INACTIVE,HIGH
5186,AVAILABLE_NO_IMAGE,MEDIUM
5187,AVAILABLE_INACTIVE,HIGH
5187,AVAILABLE_NO_IMAGE,MEDIUM
5188,AVAILABLE_INACTIVE,HIGH
5188,AVAILABLE_NO_IMAGE,MEDIUM
5189,AVAILABLE_INACTIVE,HIGH
5189,AVAILABLE_NO_IMAGE,MEDIUM
5190,AVAILABLE_INACTIVE,HIGH
5190,AVAILABLE_NO_IMAGE,MEDIUM
5191,AVAILABLE_INACTIVE,HIGH
5191,AVAILABLE_NO_IMAGE,MEDIUM
5192,AVAILABLE_INACTIVE,HIGH
5192,AVAILABLE_NO_IMAGE,MEDIUM
5193,AVAILABLE_INACTIVE,HIGH
5193,AVAILABLE_NO_IMAGE,MEDIUM
5194,AVAILABLE_INACTIVE,HIGH
5194,AVAILABLE_NO_IMAGE,MEDIUM
5195,AVAILABLE_INACTIVE,HIGH
5195,AVAILABLE_NO_IMAGE,MEDIUM
5196,AVAILABLE_INACTIVE,HIGH
5196,AVAILABLE_NO_IMAGE,MEDIUM
5197,AVAILABLE_INACTIVE,HIGH
5197,AVAILABLE_NO_IMAGE,MEDIUM
5198,AVAILABLE_INACTIVE,HIGH
5198,AVAILABLE_NO_IMAGE,MEDIUM
5199,AVAILABLE_INACTIVE,HIGH
5199,AVAILABLE_NO_IMAGE,MEDIUM
5200,AVAILABLE_INACTIVE,HIGH
5200,AVAILABLE_NO_IMAGE,MEDIUM
5201,AVAILABLE_INACTIVE,HIGH
5201,AVAILABLE_NO_IMAGE,MEDIUM
5202,AVAILABLE_INACTIVE,HIGH
5202,AVAILABLE_NO_IMAGE,MEDIUM
5203,AVAILABLE_INACTIVE,HIGH
5203,AVAILABLE_NO_IMAGE,MEDIUM
5204,AVAILABLE_INACTIVE,HIGH
5204,AVAILABLE_NO_IMAGE,MEDIUM
5205,AVAILABLE_INACTIVE,HIGH
5205,AVAILABLE_NO_IMAGE,MEDIUM
5206,AVAILABLE_INACTIVE,HIGH
5206,AVAILABLE_NO_IMAGE,MEDIUM
5207,AVAILABLE_INACTIVE,HIGH
5207,AVAILABLE_NO_IMAGE,MEDIUM
5208,AVAILABLE_INACTIVE,HIGH
5208,AVAILABLE_NO_IMAGE,MEDIUM
5209,AVAILABLE_INACTIVE,HIGH
5209,AVAILABLE_NO_IMAGE,MEDIUM
5210,AVAILABLE_INACTIVE,HIGH
5210,AVAILABLE_NO_IMAGE,MEDIUM
5211,AVAILABLE_INACTIVE,HIGH
5211,AVAILABLE_NO_IMAGE,MEDIUM
5212,AVAILABLE_INACTIVE,HIGH
5212,AVAILABLE_NO_IMAGE,MEDIUM
5213,AVAILABLE_INACTIVE,HIGH
5213,AVAILABLE_NO_IMAGE,MEDIUM
5214,AVAILABLE_INACTIVE,HIGH
5214,AVAILABLE_NO_IMAGE,MEDIUM
5215,AVAILABLE_INACTIVE,HIGH
5215,AVAILABLE_NO_IMAGE,MEDIUM
5216,AVAILABLE_INACTIVE,HIGH
5216,AVAILABLE_NO_IMAGE,MEDIUM
5217,AVAILABLE_INACTIVE,HIGH
5217,AVAILABLE_NO_IMAGE,MEDIUM
5218,AVAILABLE_INACTIVE,HIGH
5218,AVAILABLE_NO_IMAGE,MEDIUM
5219,AVAILABLE_INACTIVE,HIGH
5219,AVAILABLE_NO_IMAGE,MEDIUM
5220,AVAILABLE_INACTIVE,HIGH
5220,AVAILABLE_NO_IMAGE,MEDIUM
5221,AVAILABLE_INACTIVE,HIGH
5221,AVAILABLE_NO_IMAGE,MEDIUM
5222,AVAILABLE_INACTIVE,HIGH
5222,AVAILABLE_NO_IMAGE,MEDIUM
5223,AVAILABLE_INACTIVE,HIGH
5223,AVAILABLE_NO_IMAGE,MEDIUM
5224,AVAILABLE_INACTIVE,HIGH
5224,AVAILABLE_NO_IMAGE,MEDIUM
5225,AVAILABLE_INACTIVE,HIGH
5225,AVAILABLE_NO_IMAGE,MEDIUM
5226,AVAILABLE_INACTIVE,HIGH
5226,AVAILABLE_NO_IMAGE,MEDIUM
5227,AVAILABLE_INACTIVE,HIGH
5227,AVAILABLE_NO_IMAGE,MEDIUM
5228,AVAILABLE_INACTIVE,HIGH
5228,AVAILABLE_NO_IMAGE,MEDIUM
5229,AVAILABLE_INACTIVE,HIGH
5229,AVAILABLE_NO_IMAGE,MEDIUM
5230,AVAILABLE_INACTIVE,HIGH
5230,AVAILABLE_NO_IMAGE,MEDIUM
5231,AVAILABLE_INACTIVE,HIGH
5231,AVAILABLE_NO_IMAGE,MEDIUM
5232,AVAILABLE_INACTIVE,HIGH
5232,AVAILABLE_NO_IMAGE,MEDIUM
5233,AVAILABLE_INACTIVE,HIGH
5233,AVAILABLE_NO_IMAGE,MEDIUM
5234,AVAILABLE_INACTIVE,HIGH
5234,AVAILABLE_NO_IMAGE,MEDIUM
5235,AVAILABLE_INACTIVE,HIGH
5235,AVAILABLE_NO_IMAGE,MEDIUM
5236,AVAILABLE_INACTIVE,HIGH
5236,AVAILABLE_NO_IMAGE,MEDIUM
5237,AVAILABLE_INACTIVE,HIGH
5237,AVAILABLE_NO_IMAGE,MEDIUM
5238,AVAILABLE_INACTIVE,HIGH
5238,AVAILABLE_NO_IMAGE,MEDIUM
5239,AVAILABLE_INACTIVE,HIGH
5239,AVAILABLE_NO_IMAGE,MEDIUM
5240,AVAILABLE_INACTIVE,HIGH
5240,AVAILABLE_NO_IMAGE,MEDIUM
5241,AVAILABLE_INACTIVE,HIGH
5241,AVAILABLE_NO_IMAGE,MEDIUM
5242,AVAILABLE_INACTIVE,HIGH
5242,AVAILABLE_NO_IMAGE,MEDIUM
5243,AVAILABLE_INACTIVE,HIGH
5243,AVAILABLE_NO_IMAGE,MEDIUM
5244,AVAILABLE_INACTIVE,HIGH
5244,AVAILABLE_NO_IMAGE,MEDIUM
5245,AVAILABLE_INACTIVE,HIGH
5245,AVAILABLE_NO_IMAGE,MEDIUM
5246,AVAILABLE_INACTIVE,HIGH
5246,AVAILABLE_NO_IMAGE,MEDIUM
5247,AVAILABLE_INACTIVE,HIGH
5247,AVAILABLE_NO_IMAGE,MEDIUM
5248,AVAILABLE_INACTIVE,HIGH
5248,AVAILABLE_NO_IMAGE,MEDIUM
5249,AVAILABLE_INACTIVE,HIGH
5249,AVAILABLE_NO_IMAGE,MEDIUM
5250,AVAILABLE_INACTIVE,HIGH
5250,AVAILABLE_NO_IMAGE,MEDIUM
5251,AVAILABLE_INACTIVE,HIGH
5251,AVAILABLE_NO_IMAGE,MEDIUM
5252,AVAILABLE_INACTIVE,HIGH
5252,AVAILABLE_NO_IMAGE,MEDIUM
5253,AVAILABLE_INACTIVE,HIGH
5253,AVAILABLE_NO_IMAGE,MEDIUM
5254,AVAILABLE_INACTIVE,HIGH
5254,AVAILABLE_NO_IMAGE,MEDIUM
5255,AVAILABLE_INACTIVE,HIGH
5255,AVAILABLE_NO_IMAGE,MEDIUM
5256,AVAILABLE_INACTIVE,HIGH
5256,AVAILABLE_NO_IMAGE,MEDIUM
5257,AVAILABLE_INACTIVE,HIGH
5257,AVAILABLE_NO_IMAGE,MEDIUM
5258,AVAILABLE_INACTIVE,HIGH
5258,AVAILABLE_NO_IMAGE,MEDIUM
5259,AVAILABLE_INACTIVE,HIGH
5259,AVAILABLE_NO_IMAGE,MEDIUM
5260,AVAILABLE_INACTIVE,HIGH
5260,AVAILABLE_NO_IMAGE,MEDIUM
5261,AVAILABLE_INACTIVE,HIGH
5261,AVAILABLE_NO_IMAGE,MEDIUM
5262,AVAILABLE_INACTIVE,HIGH
5262,AVAILABLE_NO_IMAGE,MEDIUM
5263,AVAILABLE_INACTIVE,HIGH
5263,AVAILABLE_NO_IMAGE,MEDIUM
5264,AVAILABLE_INACTIVE,HIGH
5264,AVAILABLE_NO_IMAGE,MEDIUM
5265,AVAILABLE_INACTIVE,HIGH
5265,AVAILABLE_NO_IMAGE,MEDIUM
5266,AVAILABLE_INACTIVE,HIGH
5266,AVAILABLE_NO_IMAGE,MEDIUM
5267,AVAILABLE_INACTIVE,HIGH
5267,AVAILABLE_NO_IMAGE,MEDIUM
5268,AVAILABLE_INACTIVE,HIGH
5268,AVAILABLE_NO_IMAGE,MEDIUM
5269,AVAILABLE_INACTIVE,HIGH
5269,AVAILABLE_NO_IMAGE,MEDIUM
5270,AVAILABLE_INACTIVE,HIGH
5270,AVAILABLE_NO_IMAGE,MEDIUM
5271,AVAILABLE_INACTIVE,HIGH
5271,AVAILABLE_NO_IMAGE,MEDIUM
5272,AVAILABLE_INACTIVE,HIGH
5272,AVAILABLE_NO_IMAGE,MEDIUM
5273,AVAILABLE_INACTIVE,HIGH
5273,AVAILABLE_NO_IMAGE,MEDIUM
5274,AVAILABLE_INACTIVE,HIGH
5274,AVAILABLE_NO_IMAGE,MEDIUM
5275,AVAILABLE_INACTIVE,HIGH
5275,AVAILABLE_NO_IMAGE,MEDIUM
5276,AVAILABLE_INACTIVE,HIGH
5276,AVAILABLE_NO_IMAGE,MEDIUM
5277,AVAILABLE_INACTIVE,HIGH
5277,AVAILABLE_NO_IMAGE,MEDIUM
5278,AVAILABLE_INACTIVE,HIGH
5278,AVAILABLE_NO_IMAGE,MEDIUM
5279,AVAILABLE_INACTIVE,HIGH
5279,AVAILABLE_NO_IMAGE,MEDIUM
5280,AVAILABLE_INACTIVE,HIGH
5280,AVAILABLE_NO_IMAGE,MEDIUM
5281,AVAILABLE_INACTIVE,HIGH
5281,AVAILABLE_NO_IMAGE,MEDIUM
5282,AVAILABLE_INACTIVE,HIGH
5282,AVAILABLE_NO_IMAGE,MEDIUM
5283,AVAILABLE_INACTIVE,HIGH
5283,AVAILABLE_NO_IMAGE,MEDIUM
5284,AVAILABLE_INACTIVE,HIGH
5284,AVAILABLE_NO_IMAGE,MEDIUM
5285,AVAILABLE_INACTIVE,HIGH
5285,AVAILABLE_NO_IMAGE,MEDIUM
5286,AVAILABLE_INACTIVE,HIGH
5286,AVAILABLE_NO_IMAGE,MEDIUM
5287,AVAILABLE_INACTIVE,HIGH
5287,AVAILABLE_NO_IMAGE,MEDIUM
5288,AVAILABLE_INACTIVE,HIGH
5288,AVAILABLE_NO_IMAGE,MEDIUM
5289,AVAILABLE_INACTIVE,HIGH
5289,AVAILABLE_NO_IMAGE,MEDIUM
5290,AVAILABLE_INACTIVE,HIGH
5290,AVAILABLE_NO_IMAGE,MEDIUM
5291,AVAILABLE_INACTIVE,HIGH
5291,AVAILABLE_NO_IMAGE,MEDIUM
5292,AVAILABLE_INACTIVE,HIGH
5292,AVAILABLE_NO_IMAGE,MEDIUM
5293,AVAILABLE_INACTIVE,HIGH
5293,AVAILABLE_NO_IMAGE,MEDIUM
5294,AVAILABLE_INACTIVE,HIGH
5294,AVAILABLE_NO_IMAGE,MEDIUM
5295,AVAILABLE_INACTIVE,HIGH
5295,AVAILABLE_NO_IMAGE,MEDIUM
5296,AVAILABLE_INACTIVE,HIGH
5296,AVAILABLE_NO_IMAGE,MEDIUM
5297,AVAILABLE_INACTIVE,HIGH
5297,AVAILABLE_NO_IMAGE,MEDIUM
5298,AVAILABLE_INACTIVE,HIGH
5298,AVAILABLE_NO_IMAGE,MEDIUM
5299,AVAILABLE_INACTIVE,HIGH
5299,AVAILABLE_NO_IMAGE,MEDIUM
5300,AVAILABLE_INACTIVE,HIGH
5300,AVAILABLE_NO_IMAGE,MEDIUM
5301,AVAILABLE_INACTIVE,HIGH
5301,AVAILABLE_NO_IMAGE,MEDIUM
5302,AVAILABLE_INACTIVE,HIGH
5302,AVAILABLE_NO_IMAGE,MEDIUM
5303,AVAILABLE_INACTIVE,HIGH
5303,AVAILABLE_NO_IMAGE,MEDIUM
5304,AVAILABLE_INACTIVE,HIGH
5304,AVAILABLE_NO_IMAGE,MEDIUM
5305,AVAILABLE_INACTIVE,HIGH
5305,AVAILABLE_NO_IMAGE,MEDIUM
5306,AVAILABLE_INACTIVE,HIGH
5306,AVAILABLE_NO_IMAGE,MEDIUM
5307,AVAILABLE_INACTIVE,HIGH
5307,AVAILABLE_NO_IMAGE,MEDIUM
5308,AVAILABLE_INACTIVE,HIGH
5308,AVAILABLE_NO_IMAGE,MEDIUM
5309,AVAILABLE_INACTIVE,HIGH
5309,AVAILABLE_NO_IMAGE,MEDIUM
5310,AVAILABLE_INACTIVE,HIGH
5310,AVAILABLE_NO_IMAGE,MEDIUM
5311,AVAILABLE_INACTIVE,HIGH
5311,AVAILABLE_NO_IMAGE,MEDIUM
5312,AVAILABLE_INACTIVE,HIGH
5312,AVAILABLE_NO_IMAGE,MEDIUM
5313,AVAILABLE_INACTIVE,HIGH
5313,AVAILABLE_NO_IMAGE,MEDIUM
5314,AVAILABLE_INACTIVE,HIGH
5314,AVAILABLE_NO_IMAGE,MEDIUM
5315,AVAILABLE_INACTIVE,HIGH
5315,AVAILABLE_NO_IMAGE,MEDIUM
5316,AVAILABLE_INACTIVE,HIGH
5316,AVAILABLE_NO_IMAGE,MEDIUM
5317,AVAILABLE_INACTIVE,HIGH
5317,AVAILABLE_NO_IMAGE,MEDIUM
5318,AVAILABLE_INACTIVE,HIGH
5318,AVAILABLE_NO_IMAGE,MEDIUM
5319,AVAILABLE_INACTIVE,HIGH
5319,AVAILABLE_NO_IMAGE,MEDIUM
5320,AVAILABLE_INACTIVE,HIGH
5320,AVAILABLE_NO_IMAGE,MEDIUM
5321,AVAILABLE_INACTIVE,HIGH
5321,AVAILABLE_NO_IMAGE,MEDIUM
5322,AVAILABLE_INACTIVE,HIGH
5322,AVAILABLE_NO_IMAGE,MEDIUM
5323,AVAILABLE_INACTIVE,HIGH
5323,AVAILABLE_NO_IMAGE,MEDIUM
5324,AVAILABLE_INACTIVE,HIGH
5324,AVAILABLE_NO_IMAGE,MEDIUM
5325,AVAILABLE_INACTIVE,HIGH
5325,AVAILABLE_NO_IMAGE,MEDIUM
5326,AVAILABLE_INACTIVE,HIGH
5326,AVAILABLE_NO_IMAGE,MEDIUM
5327,AVAILABLE_INACTIVE,HIGH
5327,AVAILABLE_NO_IMAGE,MEDIUM
5328,AVAILABLE_INACTIVE,HIGH
5328,AVAILABLE_NO_IMAGE,MEDIUM
5329,AVAILABLE_INACTIVE,HIGH
5329,AVAILABLE_NO_IMAGE,MEDIUM
5330,AVAILABLE_INACTIVE,HIGH
5330,AVAILABLE_NO_IMAGE,MEDIUM
5331,AVAILABLE_INACTIVE,HIGH
5331,AVAILABLE_NO_IMAGE,MEDIUM
5332,AVAILABLE_INACTIVE,HIGH
5332,AVAILABLE_NO_IMAGE,MEDIUM
5333,AVAILABLE_INACTIVE,HIGH
5333,AVAILABLE_NO_IMAGE,MEDIUM
5334,AVAILABLE_INACTIVE,HIGH
5334,AVAILABLE_NO_IMAGE,MEDIUM
5335,AVAILABLE_INACTIVE,HIGH
5335,AVAILABLE_NO_IMAGE,MEDIUM
5336,AVAILABLE_INACTIVE,HIGH
5336,AVAILABLE_NO_IMAGE,MEDIUM
5337,AVAILABLE_INACTIVE,HIGH
5337,AVAILABLE_NO_IMAGE,MEDIUM
5338,AVAILABLE_INACTIVE,HIGH
5338,AVAILABLE_NO_IMAGE,MEDIUM
5339,AVAILABLE_INACTIVE,HIGH
5339,AVAILABLE_NO_IMAGE,MEDIUM
5340,AVAILABLE_INACTIVE,HIGH
5340,AVAILABLE_NO_IMAGE,MEDIUM
5341,AVAILABLE_INACTIVE,HIGH
5341,AVAILABLE_NO_IMAGE,MEDIUM
5342,AVAILABLE_INACTIVE,HIGH
5342,AVAILABLE_NO_IMAGE,MEDIUM
5343,AVAILABLE_INACTIVE,HIGH
5343,AVAILABLE_NO_IMAGE,MEDIUM
5344,AVAILABLE_INACTIVE,HIGH
5344,AVAILABLE_NO_IMAGE,MEDIUM
5345,AVAILABLE_INACTIVE,HIGH
5345,AVAILABLE_NO_IMAGE,MEDIUM
5346,AVAILABLE_INACTIVE,HIGH
5346,AVAILABLE_NO_IMAGE,MEDIUM
5347,AVAILABLE_INACTIVE,HIGH
5347,AVAILABLE_NO_IMAGE,MEDIUM
5348,AVAILABLE_INACTIVE,HIGH
5348,AVAILABLE_NO_IMAGE,MEDIUM
5349,AVAILABLE_INACTIVE,HIGH
5349,AVAILABLE_NO_IMAGE,MEDIUM
5350,AVAILABLE_INACTIVE,HIGH
5350,AVAILABLE_NO_IMAGE,MEDIUM
5351,AVAILABLE_INACTIVE,HIGH
5351,AVAILABLE_NO_IMAGE,MEDIUM
5352,AVAILABLE_INACTIVE,HIGH
5352,AVAILABLE_NO_IMAGE,MEDIUM
5353,AVAILABLE_INACTIVE,HIGH
5353,AVAILABLE_NO_IMAGE,MEDIUM
5354,AVAILABLE_INACTIVE,HIGH
5354,AVAILABLE_NO_IMAGE,MEDIUM
5355,AVAILABLE_INACTIVE,HIGH
5355,AVAILABLE_NO_IMAGE,MEDIUM
5356,AVAILABLE_INACTIVE,HIGH
5356,AVAILABLE_NO_IMAGE,MEDIUM
5357,AVAILABLE_INACTIVE,HIGH
5357,AVAILABLE_NO_IMAGE,MEDIUM
5358,AVAILABLE_INACTIVE,HIGH
5358,AVAILABLE_NO_IMAGE,MEDIUM
5359,AVAILABLE_INACTIVE,HIGH
5359,AVAILABLE_NO_IMAGE,MEDIUM
5360,AVAILABLE_INACTIVE,HIGH
5360,AVAILABLE_NO_IMAGE,MEDIUM
5361,AVAILABLE_INACTIVE,HIGH
5361,AVAILABLE_NO_IMAGE,MEDIUM
5362,AVAILABLE_INACTIVE,HIGH
5362,AVAILABLE_NO_IMAGE,MEDIUM
5363,AVAILABLE_INACTIVE,HIGH
5363,AVAILABLE_NO_IMAGE,MEDIUM
5364,AVAILABLE_INACTIVE,HIGH
5364,AVAILABLE_NO_IMAGE,MEDIUM
5365,AVAILABLE_INACTIVE,HIGH
5365,AVAILABLE_NO_IMAGE,MEDIUM
5366,AVAILABLE_INACTIVE,HIGH
5366,AVAILABLE_NO_IMAGE,MEDIUM
5367,AVAILABLE_INACTIVE,HIGH
5367,AVAILABLE_NO_IMAGE,MEDIUM
5368,AVAILABLE_INACTIVE,HIGH
5368,AVAILABLE_NO_IMAGE,MEDIUM
5369,AVAILABLE_INACTIVE,HIGH
5369,AVAILABLE_NO_IMAGE,MEDIUM
5370,AVAILABLE_INACTIVE,HIGH
5370,AVAILABLE_NO_IMAGE,MEDIUM
5371,AVAILABLE_INACTIVE,HIGH
5371,AVAILABLE_NO_IMAGE,MEDIUM
5372,AVAILABLE_INACTIVE,HIGH
5372,AVAILABLE_NO_IMAGE,MEDIUM
5373,AVAILABLE_INACTIVE,HIGH
5373,AVAILABLE_NO_IMAGE,MEDIUM
5374,AVAILABLE_INACTIVE,HIGH
5374,AVAILABLE_NO_IMAGE,MEDIUM
5375,AVAILABLE_INACTIVE,HIGH
5375,AVAILABLE_NO_IMAGE,MEDIUM
5376,AVAILABLE_INACTIVE,HIGH
5376,AVAILABLE_NO_IMAGE,MEDIUM
5377,AVAILABLE_INACTIVE,HIGH
5377,AVAILABLE_NO_IMAGE,MEDIUM
5378,AVAILABLE_INACTIVE,HIGH
5378,AVAILABLE_NO_IMAGE,MEDIUM
5379,AVAILABLE_INACTIVE,HIGH
5379,AVAILABLE_NO_IMAGE,MEDIUM
5380,AVAILABLE_INACTIVE,HIGH
5380,AVAILABLE_NO_IMAGE,MEDIUM
5381,AVAILABLE_INACTIVE,HIGH
5381,AVAILABLE_NO_IMAGE,MEDIUM
5382,AVAILABLE_INACTIVE,HIGH
5382,AVAILABLE_NO_IMAGE,MEDIUM
5383,AVAILABLE_INACTIVE,HIGH
5383,AVAILABLE_NO_IMAGE,MEDIUM
5384,AVAILABLE_INACTIVE,HIGH
5384,AVAILABLE_NO_IMAGE,MEDIUM
5385,AVAILABLE_INACTIVE,HIGH
5385,AVAILABLE_NO_IMAGE,MEDIUM
5386,AVAILABLE_INACTIVE,HIGH
5386,AVAILABLE_NO_IMAGE,MEDIUM
5387,AVAILABLE_INACTIVE,HIGH
5387,AVAILABLE_NO_IMAGE,MEDIUM
5388,AVAILABLE_INACTIVE,HIGH
5388,AVAILABLE_NO_IMAGE,MEDIUM
5389,AVAILABLE_INACTIVE,HIGH
5389,AVAILABLE_NO_IMAGE,MEDIUM
5390,AVAILABLE_INACTIVE,HIGH
5390,AVAILABLE_NO_IMAGE,MEDIUM
5391,AVAILABLE_INACTIVE,HIGH
5391,AVAILABLE_NO_IMAGE,MEDIUM
5392,AVAILABLE_INACTIVE,HIGH
5392,AVAILABLE_NO_IMAGE,MEDIUM
5393,AVAILABLE_INACTIVE,HIGH
5393,AVAILABLE_NO_IMAGE,MEDIUM
5394,AVAILABLE_INACTIVE,HIGH
5394,AVAILABLE_NO_IMAGE,MEDIUM
5395,AVAILABLE_INACTIVE,HIGH
5395,AVAILABLE_NO_IMAGE,MEDIUM
5396,AVAILABLE_INACTIVE,HIGH
5396,AVAILABLE_NO_IMAGE,MEDIUM
5397,AVAILABLE_INACTIVE,HIGH
5397,AVAILABLE_NO_IMAGE,MEDIUM
5398,AVAILABLE_INACTIVE,HIGH
5398,AVAILABLE_NO_IMAGE,MEDIUM
5399,AVAILABLE_INACTIVE,HIGH
5399,AVAILABLE_NO_IMAGE,MEDIUM
5400,AVAILABLE_INACTIVE,HIGH
5400,AVAILABLE_NO_IMAGE,MEDIUM
5401,AVAILABLE_INACTIVE,HIGH
5401,AVAILABLE_NO_IMAGE,MEDIUM
5402,AVAILABLE_INACTIVE,HIGH
5402,AVAILABLE_NO_IMAGE,MEDIUM
5403,AVAILABLE_INACTIVE,HIGH
5403,AVAILABLE_NO_IMAGE,MEDIUM
5404,AVAILABLE_INACTIVE,HIGH
5404,AVAILABLE_NO_IMAGE,MEDIUM
5405,AVAILABLE_INACTIVE,HIGH
5405,AVAILABLE_NO_IMAGE,MEDIUM
5406,AVAILABLE_INACTIVE,HIGH
5406,AVAILABLE_NO_IMAGE,MEDIUM
5407,AVAILABLE_INACTIVE,HIGH
5407,AVAILABLE_NO_IMAGE,MEDIUM
5408,AVAILABLE_INACTIVE,HIGH
5408,AVAILABLE_NO_IMAGE,MEDIUM
5409,AVAILABLE_INACTIVE,HIGH
5409,AVAILABLE_NO_IMAGE,MEDIUM
5410,AVAILABLE_INACTIVE,HIGH
5410,AVAILABLE_NO_IMAGE,MEDIUM
5411,AVAILABLE_INACTIVE,HIGH
5411,AVAILABLE_NO_IMAGE,MEDIUM
5412,AVAILABLE_INACTIVE,HIGH
5412,AVAILABLE_NO_IMAGE,MEDIUM
5413,AVAILABLE_INACTIVE,HIGH
5413,AVAILABLE_NO_IMAGE,MEDIUM
5414,AVAILABLE_INACTIVE,HIGH
5414,AVAILABLE_NO_IMAGE,MEDIUM
5415,AVAILABLE_INACTIVE,HIGH
5415,AVAILABLE_NO_IMAGE,MEDIUM
5416,AVAILABLE_INACTIVE,HIGH
5416,AVAILABLE_NO_IMAGE,MEDIUM
5417,AVAILABLE_INACTIVE,HIGH
5417,AVAILABLE_NO_IMAGE,MEDIUM
5418,AVAILABLE_INACTIVE,HIGH
5418,AVAILABLE_NO_IMAGE,MEDIUM
5419,AVAILABLE_INACTIVE,HIGH
5419,AVAILABLE_NO_IMAGE,MEDIUM
5420,AVAILABLE_INACTIVE,HIGH
5420,AVAILABLE_NO_IMAGE,MEDIUM
5421,AVAILABLE_INACTIVE,HIGH
5421,AVAILABLE_NO_IMAGE,MEDIUM
5422,AVAILABLE_INACTIVE,HIGH
5422,AVAILABLE_NO_IMAGE,MEDIUM
5423,AVAILABLE_INACTIVE,HIGH
5423,AVAILABLE_NO_IMAGE,MEDIUM
5424,AVAILABLE_INACTIVE,HIGH
5424,AVAILABLE_NO_IMAGE,MEDIUM
5425,AVAILABLE_INACTIVE,HIGH
5425,AVAILABLE_NO_IMAGE,MEDIUM
5426,AVAILABLE_INACTIVE,HIGH
5426,AVAILABLE_NO_IMAGE,MEDIUM
5427,AVAILABLE_INACTIVE,HIGH
5427,AVAILABLE_NO_IMAGE,MEDIUM
5428,AVAILABLE_INACTIVE,HIGH
5428,AVAILABLE_NO_IMAGE,MEDIUM
5429,AVAILABLE_INACTIVE,HIGH
5429,AVAILABLE_NO_IMAGE,MEDIUM
5430,AVAILABLE_INACTIVE,HIGH
5430,AVAILABLE_NO_IMAGE,MEDIUM
5431,AVAILABLE_INACTIVE,HIGH
5431,AVAILABLE_NO_IMAGE,MEDIUM
5432,AVAILABLE_INACTIVE,HIGH
5432,AVAILABLE_NO_IMAGE,MEDIUM
5433,AVAILABLE_INACTIVE,HIGH
5433,AVAILABLE_NO_IMAGE,MEDIUM
5434,AVAILABLE_INACTIVE,HIGH
5434,AVAILABLE_NO_IMAGE,MEDIUM
5435,AVAILABLE_INACTIVE,HIGH
5435,AVAILABLE_NO_IMAGE,MEDIUM
5436,AVAILABLE_INACTIVE,HIGH
5436,AVAILABLE_NO_IMAGE,MEDIUM
5437,AVAILABLE_INACTIVE,HIGH
5437,AVAILABLE_NO_IMAGE,MEDIUM
5438,AVAILABLE_INACTIVE,HIGH
5438,AVAILABLE_NO_IMAGE,MEDIUM
5439,AVAILABLE_INACTIVE,HIGH
5439,AVAILABLE_NO_IMAGE,MEDIUM
5440,AVAILABLE_INACTIVE,HIGH
5440,AVAILABLE_NO_IMAGE,MEDIUM
5441,AVAILABLE_INACTIVE,HIGH
5441,AVAILABLE_NO_IMAGE,MEDIUM
5442,AVAILABLE_INACTIVE,HIGH
5442,AVAILABLE_NO_IMAGE,MEDIUM
5443,AVAILABLE_INACTIVE,HIGH
5443,AVAILABLE_NO_IMAGE,MEDIUM
5444,AVAILABLE_INACTIVE,HIGH
5444,AVAILABLE_NO_IMAGE,MEDIUM
5445,AVAILABLE_INACTIVE,HIGH
5445,AVAILABLE_NO_IMAGE,MEDIUM
5446,AVAILABLE_INACTIVE,HIGH
5446,AVAILABLE_NO_IMAGE,MEDIUM
5447,AVAILABLE_INACTIVE,HIGH
5447,AVAILABLE_NO_IMAGE,MEDIUM
5448,AVAILABLE_INACTIVE,HIGH
5448,AVAILABLE_NO_IMAGE,MEDIUM
5449,AVAILABLE_INACTIVE,HIGH
5449,AVAILABLE_NO_IMAGE,MEDIUM
5450,AVAILABLE_INACTIVE,HIGH
5450,AVAILABLE_NO_IMAGE,MEDIUM
5451,AVAILABLE_INACTIVE,HIGH
5451,AVAILABLE_NO_IMAGE,MEDIUM
5452,AVAILABLE_INACTIVE,HIGH
5452,AVAILABLE_NO_IMAGE,MEDIUM
5453,AVAILABLE_INACTIVE,HIGH
5453,AVAILABLE_NO_IMAGE,MEDIUM
5454,AVAILABLE_INACTIVE,HIGH
5454,AVAILABLE_NO_IMAGE,MEDIUM
5455,AVAILABLE_INACTIVE,HIGH
5455,AVAILABLE_NO_IMAGE,MEDIUM
5456,AVAILABLE_INACTIVE,HIGH
5456,AVAILABLE_NO_IMAGE,MEDIUM
5457,AVAILABLE_INACTIVE,HIGH
5457,AVAILABLE_NO_IMAGE,MEDIUM
5458,AVAILABLE_INACTIVE,HIGH
5458,AVAILABLE_NO_IMAGE,MEDIUM
5459,AVAILABLE_INACTIVE,HIGH
5459,AVAILABLE_NO_IMAGE,MEDIUM
5460,AVAILABLE_INACTIVE,HIGH
5460,AVAILABLE_NO_IMAGE,MEDIUM
5461,AVAILABLE_INACTIVE,HIGH
5461,AVAILABLE_NO_IMAGE,MEDIUM
5462,AVAILABLE_INACTIVE,HIGH
5462,AVAILABLE_NO_IMAGE,MEDIUM
5463,AVAILABLE_INACTIVE,HIGH
5463,AVAILABLE_NO_IMAGE,MEDIUM
5464,AVAILABLE_INACTIVE,HIGH
5464,AVAILABLE_NO_IMAGE,MEDIUM
5465,AVAILABLE_INACTIVE,HIGH
5465,AVAILABLE_NO_IMAGE,MEDIUM
5466,AVAILABLE_INACTIVE,HIGH
5466,AVAILABLE_NO_IMAGE,MEDIUM
5467,AVAILABLE_INACTIVE,HIGH
5467,AVAILABLE_NO_IMAGE,MEDIUM
5468,AVAILABLE_INACTIVE,HIGH
5468,AVAILABLE_NO_IMAGE,MEDIUM
5469,AVAILABLE_INACTIVE,HIGH
5469,AVAILABLE_NO_IMAGE,MEDIUM
5470,AVAILABLE_INACTIVE,HIGH
5470,AVAILABLE_NO_IMAGE,MEDIUM
5471,AVAILABLE_INACTIVE,HIGH
5471,AVAILABLE_NO_IMAGE,MEDIUM
5472,AVAILABLE_INACTIVE,HIGH
5472,AVAILABLE_NO_IMAGE,MEDIUM
5473,AVAILABLE_INACTIVE,HIGH
5473,AVAILABLE_NO_IMAGE,MEDIUM
5474,AVAILABLE_INACTIVE,HIGH
5474,AVAILABLE_NO_IMAGE,MEDIUM
5475,AVAILABLE_INACTIVE,HIGH
5475,AVAILABLE_NO_IMAGE,MEDIUM
5476,AVAILABLE_INACTIVE,HIGH
5476,AVAILABLE_NO_IMAGE,MEDIUM
5477,AVAILABLE_INACTIVE,HIGH
5477,AVAILABLE_NO_IMAGE,MEDIUM
5478,AVAILABLE_INACTIVE,HIGH
5478,AVAILABLE_NO_IMAGE,MEDIUM
5479,AVAILABLE_INACTIVE,HIGH
5479,AVAILABLE_NO_IMAGE,MEDIUM
5480,AVAILABLE_INACTIVE,HIGH
5480,AVAILABLE_NO_IMAGE,MEDIUM
5481,AVAILABLE_INACTIVE,HIGH
5481,AVAILABLE_NO_IMAGE,MEDIUM
5482,AVAILABLE_INACTIVE,HIGH
5482,AVAILABLE_NO_IMAGE,MEDIUM
5483,AVAILABLE_INACTIVE,HIGH
5483,AVAILABLE_NO_IMAGE,MEDIUM
5484,AVAILABLE_INACTIVE,HIGH
5484,AVAILABLE_NO_IMAGE,MEDIUM
5485,AVAILABLE_INACTIVE,HIGH
5485,AVAILABLE_NO_IMAGE,MEDIUM
5486,AVAILABLE_INACTIVE,HIGH
5486,AVAILABLE_NO_IMAGE,MEDIUM
5487,AVAILABLE_INACTIVE,HIGH
5487,AVAILABLE_NO_IMAGE,MEDIUM
5488,AVAILABLE_INACTIVE,HIGH
5488,AVAILABLE_NO_IMAGE,MEDIUM
5489,AVAILABLE_INACTIVE,HIGH
5489,AVAILABLE_NO_IMAGE,MEDIUM
5490,AVAILABLE_INACTIVE,HIGH
5490,AVAILABLE_NO_IMAGE,MEDIUM
5491,AVAILABLE_INACTIVE,HIGH
5491,AVAILABLE_NO_IMAGE,MEDIUM
5492,AVAILABLE_INACTIVE,HIGH
5492,AVAILABLE_NO_IMAGE,MEDIUM
5493,AVAILABLE_INACTIVE,HIGH
5493,AVAILABLE_NO_IMAGE,MEDIUM
5494,AVAILABLE_INACTIVE,HIGH
5494,AVAILABLE_NO_IMAGE,MEDIUM
5495,AVAILABLE_INACTIVE,HIGH
5495,AVAILABLE_NO_IMAGE,MEDIUM
5496,AVAILABLE_INACTIVE,HIGH
5496,AVAILABLE_NO_IMAGE,MEDIUM
5497,AVAILABLE_INACTIVE,HIGH
5497,AVAILABLE_NO_IMAGE,MEDIUM
5498,AVAILABLE_INACTIVE,HIGH
5498,AVAILABLE_NO_IMAGE,MEDIUM
5499,AVAILABLE_INACTIVE,HIGH
5499,AVAILABLE_NO_IMAGE,MEDIUM
5500,AVAILABLE_INACTIVE,HIGH
5500,AVAILABLE_NO_IMAGE,MEDIUM
5501,AVAILABLE_INACTIVE,HIGH
5501,AVAILABLE_NO_IMAGE,MEDIUM
5502,AVAILABLE_INACTIVE,HIGH
5502,AVAILABLE_NO_IMAGE,MEDIUM
5503,AVAILABLE_INACTIVE,HIGH
5503,AVAILABLE_NO_IMAGE,MEDIUM
5504,AVAILABLE_INACTIVE,HIGH
5504,AVAILABLE_NO_IMAGE,MEDIUM
5505,AVAILABLE_INACTIVE,HIGH
5505,AVAILABLE_NO_IMAGE,MEDIUM
5506,AVAILABLE_INACTIVE,HIGH
5506,AVAILABLE_NO_IMAGE,MEDIUM
5507,AVAILABLE_INACTIVE,HIGH
5507,AVAILABLE_NO_IMAGE,MEDIUM
5508,AVAILABLE_INACTIVE,HIGH
5508,AVAILABLE_NO_IMAGE,MEDIUM
5509,AVAILABLE_INACTIVE,HIGH
5509,AVAILABLE_NO_IMAGE,MEDIUM
5510,AVAILABLE_INACTIVE,HIGH
5510,AVAILABLE_NO_IMAGE,MEDIUM
5511,AVAILABLE_INACTIVE,HIGH
5511,AVAILABLE_NO_IMAGE,MEDIUM
5512,AVAILABLE_INACTIVE,HIGH
5512,AVAILABLE_NO_IMAGE,MEDIUM
5513,AVAILABLE_INACTIVE,HIGH
5513,AVAILABLE_NO_IMAGE,MEDIUM
5514,AVAILABLE_INACTIVE,HIGH
5514,AVAILABLE_NO_IMAGE,MEDIUM
5515,AVAILABLE_INACTIVE,HIGH
5515,AVAILABLE_NO_IMAGE,MEDIUM
5516,AVAILABLE_INACTIVE,HIGH
5516,AVAILABLE_NO_IMAGE,MEDIUM
5517,AVAILABLE_INACTIVE,HIGH
5517,AVAILABLE_NO_IMAGE,MEDIUM
5518,AVAILABLE_INACTIVE,HIGH
5518,AVAILABLE_NO_IMAGE,MEDIUM
5519,AVAILABLE_INACTIVE,HIGH
5519,AVAILABLE_NO_IMAGE,MEDIUM
5520,AVAILABLE_INACTIVE,HIGH
5520,AVAILABLE_NO_IMAGE,MEDIUM
5521,AVAILABLE_INACTIVE,HIGH
5521,AVAILABLE_NO_IMAGE,MEDIUM
5522,AVAILABLE_INACTIVE,HIGH
5522,AVAILABLE_NO_IMAGE,MEDIUM
5523,AVAILABLE_INACTIVE,HIGH
5523,AVAILABLE_NO_IMAGE,MEDIUM
5524,AVAILABLE_INACTIVE,HIGH
5524,AVAILABLE_NO_IMAGE,MEDIUM
5525,AVAILABLE_INACTIVE,HIGH
5525,AVAILABLE_NO_IMAGE,MEDIUM
5526,AVAILABLE_INACTIVE,HIGH
5526,AVAILABLE_NO_IMAGE,MEDIUM
5527,AVAILABLE_INACTIVE,HIGH
5527,AVAILABLE_NO_IMAGE,MEDIUM
5528,AVAILABLE_INACTIVE,HIGH
5528,AVAILABLE_NO_IMAGE,MEDIUM
5529,AVAILABLE_INACTIVE,HIGH
5529,AVAILABLE_NO_IMAGE,MEDIUM
5530,AVAILABLE_INACTIVE,HIGH
5530,AVAILABLE_NO_IMAGE,MEDIUM
5531,AVAILABLE_INACTIVE,HIGH
5531,AVAILABLE_NO_IMAGE,MEDIUM
5532,AVAILABLE_INACTIVE,HIGH
5532,AVAILABLE_NO_IMAGE,MEDIUM
5533,AVAILABLE_INACTIVE,HIGH
5533,AVAILABLE_NO_IMAGE,MEDIUM
5534,AVAILABLE_INACTIVE,HIGH
5534,AVAILABLE_NO_IMAGE,MEDIUM
5535,AVAILABLE_INACTIVE,HIGH
5535,AVAILABLE_NO_IMAGE,MEDIUM
5536,AVAILABLE_INACTIVE,HIGH
5536,AVAILABLE_NO_IMAGE,MEDIUM
5537,AVAILABLE_INACTIVE,HIGH
5537,AVAILABLE_NO_IMAGE,MEDIUM
5538,AVAILABLE_INACTIVE,HIGH
5538,AVAILABLE_NO_IMAGE,MEDIUM
5539,AVAILABLE_INACTIVE,HIGH
5539,AVAILABLE_NO_IMAGE,MEDIUM
5540,AVAILABLE_INACTIVE,HIGH
5540,AVAILABLE_NO_IMAGE,MEDIUM
5541,AVAILABLE_INACTIVE,HIGH
5541,AVAILABLE_NO_IMAGE,MEDIUM
5542,AVAILABLE_INACTIVE,HIGH
5542,AVAILABLE_NO_IMAGE,MEDIUM
5543,AVAILABLE_INACTIVE,HIGH
5543,AVAILABLE_NO_IMAGE,MEDIUM
5544,AVAILABLE_INACTIVE,HIGH
5544,AVAILABLE_NO_IMAGE,MEDIUM
5545,AVAILABLE_INACTIVE,HIGH
5545,AVAILABLE_NO_IMAGE,MEDIUM
5546,AVAILABLE_INACTIVE,HIGH
5546,AVAILABLE_NO_IMAGE,MEDIUM
5547,AVAILABLE_INACTIVE,HIGH
5547,AVAILABLE_NO_IMAGE,MEDIUM
5548,AVAILABLE_INACTIVE,HIGH
5548,AVAILABLE_NO_IMAGE,MEDIUM
5549,AVAILABLE_INACTIVE,HIGH
5549,AVAILABLE_NO_IMAGE,MEDIUM
5550,AVAILABLE_INACTIVE,HIGH
5550,AVAILABLE_NO_IMAGE,MEDIUM
5551,AVAILABLE_INACTIVE,HIGH
5551,AVAILABLE_NO_IMAGE,MEDIUM
5552,AVAILABLE_INACTIVE,HIGH
5552,AVAILABLE_NO_IMAGE,MEDIUM
5553,AVAILABLE_INACTIVE,HIGH
5553,AVAILABLE_NO_IMAGE,MEDIUM
5554,AVAILABLE_INACTIVE,HIGH
5554,AVAILABLE_NO_IMAGE,MEDIUM
5555,AVAILABLE_INACTIVE,HIGH
5555,AVAILABLE_NO_IMAGE,MEDIUM
5556,AVAILABLE_INACTIVE,HIGH
5556,AVAILABLE_NO_IMAGE,MEDIUM
5557,AVAILABLE_INACTIVE,HIGH
5557,AVAILABLE_NO_IMAGE,MEDIUM
5558,AVAILABLE_INACTIVE,HIGH
5558,AVAILABLE_NO_IMAGE,MEDIUM
5559,AVAILABLE_INACTIVE,HIGH
5559,AVAILABLE_NO_IMAGE,MEDIUM
5560,AVAILABLE_INACTIVE,HIGH
5560,AVAILABLE_NO_IMAGE,MEDIUM
5561,AVAILABLE_INACTIVE,HIGH
5561,AVAILABLE_NO_IMAGE,MEDIUM
5562,AVAILABLE_INACTIVE,HIGH
5562,AVAILABLE_NO_IMAGE,MEDIUM
5563,AVAILABLE_INACTIVE,HIGH
5563,AVAILABLE_NO_IMAGE,MEDIUM
5564,AVAILABLE_INACTIVE,HIGH
5564,AVAILABLE_NO_IMAGE,MEDIUM
5565,AVAILABLE_INACTIVE,HIGH
5565,AVAILABLE_NO_IMAGE,MEDIUM
5566,AVAILABLE_INACTIVE,HIGH
5566,AVAILABLE_NO_IMAGE,MEDIUM
5567,AVAILABLE_INACTIVE,HIGH
5567,AVAILABLE_NO_IMAGE,MEDIUM
5568,AVAILABLE_INACTIVE,HIGH
5568,AVAILABLE_NO_IMAGE,MEDIUM
5569,AVAILABLE_INACTIVE,HIGH
5569,AVAILABLE_NO_IMAGE,MEDIUM
5570,AVAILABLE_INACTIVE,HIGH
5570,AVAILABLE_NO_IMAGE,MEDIUM
5571,AVAILABLE_INACTIVE,HIGH
5571,AVAILABLE_NO_IMAGE,MEDIUM
5572,AVAILABLE_INACTIVE,HIGH
5572,AVAILABLE_NO_IMAGE,MEDIUM
5573,AVAILABLE_INACTIVE,HIGH
5573,AVAILABLE_NO_IMAGE,MEDIUM
5574,AVAILABLE_INACTIVE,HIGH
5574,AVAILABLE_NO_IMAGE,MEDIUM
5575,AVAILABLE_INACTIVE,HIGH
5575,AVAILABLE_NO_IMAGE,MEDIUM
5576,AVAILABLE_INACTIVE,HIGH
5576,AVAILABLE_NO_IMAGE,MEDIUM
5577,AVAILABLE_INACTIVE,HIGH
5577,AVAILABLE_NO_IMAGE,MEDIUM
5578,AVAILABLE_INACTIVE,HIGH
5578,AVAILABLE_NO_IMAGE,MEDIUM
5579,AVAILABLE_INACTIVE,HIGH
5579,AVAILABLE_NO_IMAGE,MEDIUM
5580,AVAILABLE_INACTIVE,HIGH
5580,AVAILABLE_NO_IMAGE,MEDIUM
5581,AVAILABLE_INACTIVE,HIGH
5581,AVAILABLE_NO_IMAGE,MEDIUM
5582,AVAILABLE_INACTIVE,HIGH
5582,AVAILABLE_NO_IMAGE,MEDIUM
5583,AVAILABLE_INACTIVE,HIGH
5583,AVAILABLE_NO_IMAGE,MEDIUM
5584,AVAILABLE_INACTIVE,HIGH
5584,AVAILABLE_NO_IMAGE,MEDIUM
5585,AVAILABLE_INACTIVE,HIGH
5585,AVAILABLE_NO_IMAGE,MEDIUM
5586,AVAILABLE_INACTIVE,HIGH
5586,AVAILABLE_NO_IMAGE,MEDIUM
5587,AVAILABLE_INACTIVE,HIGH
5587,AVAILABLE_NO_IMAGE,MEDIUM
5588,AVAILABLE_INACTIVE,HIGH
5588,AVAILABLE_NO_IMAGE,MEDIUM
5589,AVAILABLE_INACTIVE,HIGH
5589,AVAILABLE_NO_IMAGE,MEDIUM
5590,AVAILABLE_INACTIVE,HIGH
5590,AVAILABLE_NO_IMAGE,MEDIUM
5591,AVAILABLE_INACTIVE,HIGH
5591,AVAILABLE_NO_IMAGE,MEDIUM
5592,AVAILABLE_INACTIVE,HIGH
5592,AVAILABLE_NO_IMAGE,MEDIUM
5593,AVAILABLE_INACTIVE,HIGH
5593,AVAILABLE_NO_IMAGE,MEDIUM
5594,AVAILABLE_INACTIVE,HIGH
5594,AVAILABLE_NO_IMAGE,MEDIUM
5595,AVAILABLE_INACTIVE,HIGH
5595,AVAILABLE_NO_IMAGE,MEDIUM
5596,AVAILABLE_INACTIVE,HIGH
5596,AVAILABLE_NO_IMAGE,MEDIUM
5597,AVAILABLE_INACTIVE,HIGH
5597,AVAILABLE_NO_IMAGE,MEDIUM
5598,AVAILABLE_INACTIVE,HIGH
5598,AVAILABLE_NO_IMAGE,MEDIUM
5599,AVAILABLE_INACTIVE,HIGH
5599,AVAILABLE_NO_IMAGE,MEDIUM
5600,AVAILABLE_INACTIVE,HIGH
5600,AVAILABLE_NO_IMAGE,MEDIUM
5601,AVAILABLE_INACTIVE,HIGH
5601,AVAILABLE_NO_IMAGE,MEDIUM
5602,AVAILABLE_INACTIVE,HIGH
5602,AVAILABLE_NO_IMAGE,MEDIUM
5603,AVAILABLE_INACTIVE,HIGH
5603,AVAILABLE_NO_IMAGE,MEDIUM
5604,AVAILABLE_INACTIVE,HIGH
5604,AVAILABLE_NO_IMAGE,MEDIUM
5605,AVAILABLE_INACTIVE,HIGH
5605,AVAILABLE_NO_IMAGE,MEDIUM
5606,AVAILABLE_INACTIVE,HIGH
5606,AVAILABLE_NO_IMAGE,MEDIUM
5607,AVAILABLE_INACTIVE,HIGH
5607,AVAILABLE_NO_IMAGE,MEDIUM
5608,AVAILABLE_INACTIVE,HIGH
5608,AVAILABLE_NO_IMAGE,MEDIUM
5609,AVAILABLE_INACTIVE,HIGH
5609,AVAILABLE_NO_IMAGE,MEDIUM
5610,AVAILABLE_INACTIVE,HIGH
5610,AVAILABLE_NO_IMAGE,MEDIUM
5611,AVAILABLE_INACTIVE,HIGH
5611,AVAILABLE_NO_IMAGE,MEDIUM
5612,AVAILABLE_INACTIVE,HIGH
5612,AVAILABLE_NO_IMAGE,MEDIUM
5613,AVAILABLE_INACTIVE,HIGH
5613,AVAILABLE_NO_IMAGE,MEDIUM
5614,AVAILABLE_INACTIVE,HIGH
5614,AVAILABLE_NO_IMAGE,MEDIUM
5615,AVAILABLE_INACTIVE,HIGH
5615,AVAILABLE_NO_IMAGE,MEDIUM
5616,AVAILABLE_INACTIVE,HIGH
5616,AVAILABLE_NO_IMAGE,MEDIUM
5617,AVAILABLE_INACTIVE,HIGH
5617,AVAILABLE_NO_IMAGE,MEDIUM
5618,AVAILABLE_INACTIVE,HIGH
5618,AVAILABLE_NO_IMAGE,MEDIUM
5619,AVAILABLE_INACTIVE,HIGH
5619,AVAILABLE_NO_IMAGE,MEDIUM
5620,AVAILABLE_INACTIVE,HIGH
5620,AVAILABLE_NO_IMAGE,MEDIUM
5621,AVAILABLE_INACTIVE,HIGH
5621,AVAILABLE_NO_IMAGE,MEDIUM
5622,AVAILABLE_INACTIVE,HIGH
5622,AVAILABLE_NO_IMAGE,MEDIUM
5623,AVAILABLE_INACTIVE,HIGH
5623,AVAILABLE_NO_IMAGE,MEDIUM
5624,AVAILABLE_INACTIVE,HIGH
5624,AVAILABLE_NO_IMAGE,MEDIUM
5625,AVAILABLE_INACTIVE,HIGH
5625,AVAILABLE_NO_IMAGE,MEDIUM
5626,AVAILABLE_INACTIVE,HIGH
5626,AVAILABLE_NO_IMAGE,MEDIUM
5627,AVAILABLE_INACTIVE,HIGH
5627,AVAILABLE_NO_IMAGE,MEDIUM
5628,AVAILABLE_INACTIVE,HIGH
5628,AVAILABLE_NO_IMAGE,MEDIUM
5629,AVAILABLE_INACTIVE,HIGH
5629,AVAILABLE_NO_IMAGE,MEDIUM
5630,AVAILABLE_INACTIVE,HIGH
5630,AVAILABLE_NO_IMAGE,MEDIUM
5631,AVAILABLE_INACTIVE,HIGH
5631,AVAILABLE_NO_IMAGE,MEDIUM
5632,AVAILABLE_INACTIVE,HIGH
5632,AVAILABLE_NO_IMAGE,MEDIUM
5633,AVAILABLE_INACTIVE,HIGH
5633,AVAILABLE_NO_IMAGE,MEDIUM
5634,AVAILABLE_INACTIVE,HIGH
5634,AVAILABLE_NO_IMAGE,MEDIUM
5635,AVAILABLE_INACTIVE,HIGH
5635,AVAILABLE_NO_IMAGE,MEDIUM
5636,AVAILABLE_INACTIVE,HIGH
5636,AVAILABLE_NO_IMAGE,MEDIUM
5637,AVAILABLE_INACTIVE,HIGH
5637,AVAILABLE_NO_IMAGE,MEDIUM
5638,AVAILABLE_INACTIVE,HIGH
5638,AVAILABLE_NO_IMAGE,MEDIUM
5639,AVAILABLE_INACTIVE,HIGH
5639,AVAILABLE_NO_IMAGE,MEDIUM
5640,AVAILABLE_INACTIVE,HIGH
5640,AVAILABLE_NO_IMAGE,MEDIUM
5641,AVAILABLE_INACTIVE,HIGH
5641,AVAILABLE_NO_IMAGE,MEDIUM
5642,AVAILABLE_INACTIVE,HIGH
5642,AVAILABLE_NO_IMAGE,MEDIUM
5643,AVAILABLE_INACTIVE,HIGH
5643,AVAILABLE_NO_IMAGE,MEDIUM
5644,AVAILABLE_INACTIVE,HIGH
5644,AVAILABLE_NO_IMAGE,MEDIUM
5645,AVAILABLE_INACTIVE,HIGH
5645,AVAILABLE_NO_IMAGE,MEDIUM
5646,AVAILABLE_INACTIVE,HIGH
5646,AVAILABLE_NO_IMAGE,MEDIUM
5647,AVAILABLE_INACTIVE,HIGH
5647,AVAILABLE_NO_IMAGE,MEDIUM
5648,AVAILABLE_INACTIVE,HIGH
5648,AVAILABLE_NO_IMAGE,MEDIUM
5649,AVAILABLE_INACTIVE,HIGH
5649,AVAILABLE_NO_IMAGE,MEDIUM
5650,AVAILABLE_INACTIVE,HIGH
5650,AVAILABLE_NO_IMAGE,MEDIUM
5651,AVAILABLE_INACTIVE,HIGH
5651,AVAILABLE_NO_IMAGE,MEDIUM
5652,AVAILABLE_INACTIVE,HIGH
5652,AVAILABLE_NO_IMAGE,MEDIUM
5653,AVAILABLE_INACTIVE,HIGH
5653,AVAILABLE_NO_IMAGE,MEDIUM
5654,AVAILABLE_INACTIVE,HIGH
5654,AVAILABLE_NO_IMAGE,MEDIUM
5655,AVAILABLE_INACTIVE,HIGH
5655,AVAILABLE_NO_IMAGE,MEDIUM
5656,AVAILABLE_INACTIVE,HIGH
5656,AVAILABLE_NO_IMAGE,MEDIUM
5657,AVAILABLE_INACTIVE,HIGH
5657,AVAILABLE_NO_IMAGE,MEDIUM
5658,AVAILABLE_INACTIVE,HIGH
5658,AVAILABLE_NO_IMAGE,MEDIUM
5659,AVAILABLE_INACTIVE,HIGH
5659,AVAILABLE_NO_IMAGE,MEDIUM
5660,AVAILABLE_INACTIVE,HIGH
5660,AVAILABLE_NO_IMAGE,MEDIUM
5661,AVAILABLE_INACTIVE,HIGH
5661,AVAILABLE_NO_IMAGE,MEDIUM
5662,AVAILABLE_INACTIVE,HIGH
5662,AVAILABLE_NO_IMAGE,MEDIUM
5663,AVAILABLE_INACTIVE,HIGH
5663,AVAILABLE_NO_IMAGE,MEDIUM
5664,AVAILABLE_INACTIVE,HIGH
5664,AVAILABLE_NO_IMAGE,MEDIUM
5665,AVAILABLE_INACTIVE,HIGH
5665,AVAILABLE_NO_IMAGE,MEDIUM
5666,AVAILABLE_INACTIVE,HIGH
5666,AVAILABLE_NO_IMAGE,MEDIUM
5667,AVAILABLE_INACTIVE,HIGH
5667,AVAILABLE_NO_IMAGE,MEDIUM
5668,AVAILABLE_INACTIVE,HIGH
5668,AVAILABLE_NO_IMAGE,MEDIUM
5669,AVAILABLE_INACTIVE,HIGH
5669,AVAILABLE_NO_IMAGE,MEDIUM
5670,AVAILABLE_INACTIVE,HIGH
5670,AVAILABLE_NO_IMAGE,MEDIUM
5671,AVAILABLE_INACTIVE,HIGH
5671,AVAILABLE_NO_IMAGE,MEDIUM
5672,AVAILABLE_INACTIVE,HIGH
5672,AVAILABLE_NO_IMAGE,MEDIUM
5673,AVAILABLE_INACTIVE,HIGH
5673,AVAILABLE_NO_IMAGE,MEDIUM
5674,AVAILABLE_INACTIVE,HIGH
5674,AVAILABLE_NO_IMAGE,MEDIUM
5675,AVAILABLE_INACTIVE,HIGH
5675,AVAILABLE_NO_IMAGE,MEDIUM
5676,AVAILABLE_INACTIVE,HIGH
5676,AVAILABLE_NO_IMAGE,MEDIUM
5677,AVAILABLE_INACTIVE,HIGH
5677,AVAILABLE_NO_IMAGE,MEDIUM
5678,AVAILABLE_INACTIVE,HIGH
5678,AVAILABLE_NO_IMAGE,MEDIUM
5679,AVAILABLE_INACTIVE,HIGH
5679,AVAILABLE_NO_IMAGE,MEDIUM
5680,AVAILABLE_INACTIVE,HIGH
5680,AVAILABLE_NO_IMAGE,MEDIUM
5681,AVAILABLE_INACTIVE,HIGH
5681,AVAILABLE_NO_IMAGE,MEDIUM
5682,AVAILABLE_INACTIVE,HIGH
5682,AVAILABLE_NO_IMAGE,MEDIUM
5683,AVAILABLE_INACTIVE,HIGH
5683,AVAILABLE_NO_IMAGE,MEDIUM
5684,AVAILABLE_INACTIVE,HIGH
5684,AVAILABLE_NO_IMAGE,MEDIUM
5685,AVAILABLE_INACTIVE,HIGH
5685,AVAILABLE_NO_IMAGE,MEDIUM
5686,AVAILABLE_INACTIVE,HIGH
5686,AVAILABLE_NO_IMAGE,MEDIUM
5687,AVAILABLE_INACTIVE,HIGH
5687,AVAILABLE_NO_IMAGE,MEDIUM
5688,AVAILABLE_INACTIVE,HIGH
5688,AVAILABLE_NO_IMAGE,MEDIUM
5689,AVAILABLE_INACTIVE,HIGH
5689,AVAILABLE_NO_IMAGE,MEDIUM
5690,AVAILABLE_INACTIVE,HIGH
5690,AVAILABLE_NO_IMAGE,MEDIUM
5691,AVAILABLE_INACTIVE,HIGH
5691,AVAILABLE_NO_IMAGE,MEDIUM
5692,AVAILABLE_INACTIVE,HIGH
5692,AVAILABLE_NO_IMAGE,MEDIUM
5693,AVAILABLE_INACTIVE,HIGH
5693,AVAILABLE_NO_IMAGE,MEDIUM
5694,AVAILABLE_INACTIVE,HIGH
5694,AVAILABLE_NO_IMAGE,MEDIUM
5695,AVAILABLE_INACTIVE,HIGH
5695,AVAILABLE_NO_IMAGE,MEDIUM
5696,AVAILABLE_INACTIVE,HIGH
5696,AVAILABLE_NO_IMAGE,MEDIUM
5697,AVAILABLE_INACTIVE,HIGH
5697,AVAILABLE_NO_IMAGE,MEDIUM
5698,AVAILABLE_INACTIVE,HIGH
5698,AVAILABLE_NO_IMAGE,MEDIUM
5699,AVAILABLE_INACTIVE,HIGH
5699,AVAILABLE_NO_IMAGE,MEDIUM
5700,AVAILABLE_INACTIVE,HIGH
5700,AVAILABLE_NO_IMAGE,MEDIUM
5701,AVAILABLE_INACTIVE,HIGH
5701,AVAILABLE_NO_IMAGE,MEDIUM
5702,AVAILABLE_INACTIVE,HIGH
5702,AVAILABLE_NO_IMAGE,MEDIUM
5703,AVAILABLE_INACTIVE,HIGH
5703,AVAILABLE_NO_IMAGE,MEDIUM
5704,AVAILABLE_INACTIVE,HIGH
5704,AVAILABLE_NO_IMAGE,MEDIUM
5705,AVAILABLE_INACTIVE,HIGH
5705,AVAILABLE_NO_IMAGE,MEDIUM
5706,AVAILABLE_INACTIVE,HIGH
5706,AVAILABLE_NO_IMAGE,MEDIUM
5707,AVAILABLE_INACTIVE,HIGH
5707,AVAILABLE_NO_IMAGE,MEDIUM
5708,AVAILABLE_INACTIVE,HIGH
5708,AVAILABLE_NO_IMAGE,MEDIUM
5709,AVAILABLE_INACTIVE,HIGH
5709,AVAILABLE_NO_IMAGE,MEDIUM
5710,AVAILABLE_INACTIVE,HIGH
5710,AVAILABLE_NO_IMAGE,MEDIUM
5711,AVAILABLE_INACTIVE,HIGH
5711,AVAILABLE_NO_IMAGE,MEDIUM
5712,AVAILABLE_INACTIVE,HIGH
5712,AVAILABLE_NO_IMAGE,MEDIUM
5713,AVAILABLE_INACTIVE,HIGH
5713,AVAILABLE_NO_IMAGE,MEDIUM
5714,AVAILABLE_INACTIVE,HIGH
5714,AVAILABLE_NO_IMAGE,MEDIUM
5715,AVAILABLE_INACTIVE,HIGH
5715,AVAILABLE_NO_IMAGE,MEDIUM
5716,AVAILABLE_INACTIVE,HIGH
5716,AVAILABLE_NO_IMAGE,MEDIUM
5717,AVAILABLE_INACTIVE,HIGH
5717,AVAILABLE_NO_IMAGE,MEDIUM
5718,AVAILABLE_INACTIVE,HIGH
5718,AVAILABLE_NO_IMAGE,MEDIUM
5719,AVAILABLE_INACTIVE,HIGH
5719,AVAILABLE_NO_IMAGE,MEDIUM
5720,AVAILABLE_INACTIVE,HIGH
5720,AVAILABLE_NO_IMAGE,MEDIUM
5721,AVAILABLE_INACTIVE,HIGH
5721,AVAILABLE_NO_IMAGE,MEDIUM
5722,AVAILABLE_INACTIVE,HIGH
5722,AVAILABLE_NO_IMAGE,MEDIUM
5723,AVAILABLE_INACTIVE,HIGH
5723,AVAILABLE_NO_IMAGE,MEDIUM
5724,AVAILABLE_INACTIVE,HIGH
5724,AVAILABLE_NO_IMAGE,MEDIUM
5725,AVAILABLE_INACTIVE,HIGH
5725,AVAILABLE_NO_IMAGE,MEDIUM
5726,AVAILABLE_INACTIVE,HIGH
5726,AVAILABLE_NO_IMAGE,MEDIUM
5727,AVAILABLE_INACTIVE,HIGH
5727,AVAILABLE_NO_IMAGE,MEDIUM
5728,AVAILABLE_INACTIVE,HIGH
5728,AVAILABLE_NO_IMAGE,MEDIUM
5729,AVAILABLE_INACTIVE,HIGH
5729,AVAILABLE_NO_IMAGE,MEDIUM
5730,AVAILABLE_INACTIVE,HIGH
5730,AVAILABLE_NO_IMAGE,MEDIUM
5731,AVAILABLE_INACTIVE,HIGH
5731,AVAILABLE_NO_IMAGE,MEDIUM
5732,AVAILABLE_INACTIVE,HIGH
5732,AVAILABLE_NO_IMAGE,MEDIUM
5733,AVAILABLE_INACTIVE,HIGH
5733,AVAILABLE_NO_IMAGE,MEDIUM
5734,AVAILABLE_INACTIVE,HIGH
5734,AVAILABLE_NO_IMAGE,MEDIUM
5735,AVAILABLE_INACTIVE,HIGH
5735,AVAILABLE_NO_IMAGE,MEDIUM
5736,AVAILABLE_INACTIVE,HIGH
5736,AVAILABLE_NO_IMAGE,MEDIUM
5737,AVAILABLE_INACTIVE,HIGH
5737,AVAILABLE_NO_IMAGE,MEDIUM
5738,AVAILABLE_INACTIVE,HIGH
5738,AVAILABLE_NO_IMAGE,MEDIUM
5739,AVAILABLE_INACTIVE,HIGH
5739,AVAILABLE_NO_IMAGE,MEDIUM
5740,AVAILABLE_INACTIVE,HIGH
5740,AVAILABLE_NO_IMAGE,MEDIUM
5741,AVAILABLE_INACTIVE,HIGH
5741,AVAILABLE_NO_IMAGE,MEDIUM
5742,AVAILABLE_INACTIVE,HIGH
5742,AVAILABLE_NO_IMAGE,MEDIUM
5743,AVAILABLE_INACTIVE,HIGH
5743,AVAILABLE_NO_IMAGE,MEDIUM
5744,AVAILABLE_INACTIVE,HIGH
5744,AVAILABLE_NO_IMAGE,MEDIUM
5745,AVAILABLE_INACTIVE,HIGH
5745,AVAILABLE_NO_IMAGE,MEDIUM
5746,AVAILABLE_INACTIVE,HIGH
5746,AVAILABLE_NO_IMAGE,MEDIUM
5747,AVAILABLE_INACTIVE,HIGH
5747,AVAILABLE_NO_IMAGE,MEDIUM
5748,AVAILABLE_INACTIVE,HIGH
5748,AVAILABLE_NO_IMAGE,MEDIUM
5749,AVAILABLE_INACTIVE,HIGH
5749,AVAILABLE_NO_IMAGE,MEDIUM
5750,AVAILABLE_INACTIVE,HIGH
5750,AVAILABLE_NO_IMAGE,MEDIUM
5751,AVAILABLE_INACTIVE,HIGH
5751,AVAILABLE_NO_IMAGE,MEDIUM
5752,AVAILABLE_INACTIVE,HIGH
5752,AVAILABLE_NO_IMAGE,MEDIUM
5753,AVAILABLE_INACTIVE,HIGH
5753,AVAILABLE_NO_IMAGE,MEDIUM
5754,AVAILABLE_INACTIVE,HIGH
5754,AVAILABLE_NO_IMAGE,MEDIUM
5755,AVAILABLE_INACTIVE,HIGH
5755,AVAILABLE_NO_IMAGE,MEDIUM
5756,AVAILABLE_INACTIVE,HIGH
5756,AVAILABLE_NO_IMAGE,MEDIUM
5757,AVAILABLE_INACTIVE,HIGH
5757,AVAILABLE_NO_IMAGE,MEDIUM
5758,AVAILABLE_INACTIVE,HIGH
5758,AVAILABLE_NO_IMAGE,MEDIUM
5759,AVAILABLE_INACTIVE,HIGH
5759,AVAILABLE_NO_IMAGE,MEDIUM
5760,AVAILABLE_INACTIVE,HIGH
5760,AVAILABLE_NO_IMAGE,MEDIUM
5761,AVAILABLE_INACTIVE,HIGH
5761,AVAILABLE_NO_IMAGE,MEDIUM
5762,AVAILABLE_INACTIVE,HIGH
5762,AVAILABLE_NO_IMAGE,MEDIUM
5763,AVAILABLE_INACTIVE,HIGH
5763,AVAILABLE_NO_IMAGE,MEDIUM
5764,AVAILABLE_INACTIVE,HIGH
5764,AVAILABLE_NO_IMAGE,MEDIUM
5765,AVAILABLE_INACTIVE,HIGH
5765,AVAILABLE_NO_IMAGE,MEDIUM
5766,AVAILABLE_INACTIVE,HIGH
5766,AVAILABLE_NO_IMAGE,MEDIUM
5767,AVAILABLE_INACTIVE,HIGH
5767,AVAILABLE_NO_IMAGE,MEDIUM
5768,AVAILABLE_INACTIVE,HIGH
5768,AVAILABLE_NO_IMAGE,MEDIUM
5769,AVAILABLE_INACTIVE,HIGH
5769,AVAILABLE_NO_IMAGE,MEDIUM
5770,AVAILABLE_INACTIVE,HIGH
5770,AVAILABLE_NO_IMAGE,MEDIUM
5771,AVAILABLE_INACTIVE,HIGH
5771,AVAILABLE_NO_IMAGE,MEDIUM
5772,AVAILABLE_INACTIVE,HIGH
5772,AVAILABLE_NO_IMAGE,MEDIUM
5773,AVAILABLE_INACTIVE,HIGH
5773,AVAILABLE_NO_IMAGE,MEDIUM
5774,AVAILABLE_INACTIVE,HIGH
5774,AVAILABLE_NO_IMAGE,MEDIUM
5775,AVAILABLE_INACTIVE,HIGH
5775,AVAILABLE_NO_IMAGE,MEDIUM
5776,AVAILABLE_INACTIVE,HIGH
5776,AVAILABLE_NO_IMAGE,MEDIUM
5777,AVAILABLE_INACTIVE,HIGH
5777,AVAILABLE_NO_IMAGE,MEDIUM
5778,AVAILABLE_INACTIVE,HIGH
5778,AVAILABLE_NO_IMAGE,MEDIUM
5779,AVAILABLE_INACTIVE,HIGH
5779,AVAILABLE_NO_IMAGE,MEDIUM
5780,AVAILABLE_INACTIVE,HIGH
5780,AVAILABLE_NO_IMAGE,MEDIUM
5781,AVAILABLE_INACTIVE,HIGH
5781,AVAILABLE_NO_IMAGE,MEDIUM
5782,AVAILABLE_INACTIVE,HIGH
5782,AVAILABLE_NO_IMAGE,MEDIUM
5783,AVAILABLE_INACTIVE,HIGH
5783,AVAILABLE_NO_IMAGE,MEDIUM
5784,AVAILABLE_INACTIVE,HIGH
5784,AVAILABLE_NO_IMAGE,MEDIUM
5785,AVAILABLE_INACTIVE,HIGH
5785,AVAILABLE_NO_IMAGE,MEDIUM
5786,AVAILABLE_INACTIVE,HIGH
5786,AVAILABLE_NO_IMAGE,MEDIUM
5787,AVAILABLE_INACTIVE,HIGH
5787,AVAILABLE_NO_IMAGE,MEDIUM
5788,AVAILABLE_INACTIVE,HIGH
5788,AVAILABLE_NO_IMAGE,MEDIUM
5789,AVAILABLE_INACTIVE,HIGH
5789,AVAILABLE_NO_IMAGE,MEDIUM
5790,AVAILABLE_INACTIVE,HIGH
5790,AVAILABLE_NO_IMAGE,MEDIUM
5791,AVAILABLE_INACTIVE,HIGH
5791,AVAILABLE_NO_IMAGE,MEDIUM
5792,AVAILABLE_INACTIVE,HIGH
5792,AVAILABLE_NO_IMAGE,MEDIUM
5793,AVAILABLE_INACTIVE,HIGH
5793,AVAILABLE_NO_IMAGE,MEDIUM
5794,AVAILABLE_INACTIVE,HIGH
5794,AVAILABLE_NO_IMAGE,MEDIUM
5795,AVAILABLE_INACTIVE,HIGH
5795,AVAILABLE_NO_IMAGE,MEDIUM
5796,AVAILABLE_INACTIVE,HIGH
5796,AVAILABLE_NO_IMAGE,MEDIUM
5797,AVAILABLE_INACTIVE,HIGH
5797,AVAILABLE_NO_IMAGE,MEDIUM
5798,AVAILABLE_INACTIVE,HIGH
5798,AVAILABLE_NO_IMAGE,MEDIUM
5799,AVAILABLE_INACTIVE,HIGH
5799,AVAILABLE_NO_IMAGE,MEDIUM
5800,AVAILABLE_INACTIVE,HIGH
5800,AVAILABLE_NO_IMAGE,MEDIUM
5801,AVAILABLE_INACTIVE,HIGH
5801,AVAILABLE_NO_IMAGE,MEDIUM
5802,AVAILABLE_INACTIVE,HIGH
5802,AVAILABLE_NO_IMAGE,MEDIUM
5803,AVAILABLE_INACTIVE,HIGH
5803,AVAILABLE_NO_IMAGE,MEDIUM
5804,AVAILABLE_INACTIVE,HIGH
5804,AVAILABLE_NO_IMAGE,MEDIUM
5805,AVAILABLE_INACTIVE,HIGH
5805,AVAILABLE_NO_IMAGE,MEDIUM
5806,AVAILABLE_INACTIVE,HIGH
5806,AVAILABLE_NO_IMAGE,MEDIUM
5807,AVAILABLE_INACTIVE,HIGH
5807,AVAILABLE_NO_IMAGE,MEDIUM
5808,AVAILABLE_INACTIVE,HIGH
5808,AVAILABLE_NO_IMAGE,MEDIUM
5809,AVAILABLE_INACTIVE,HIGH
5809,AVAILABLE_NO_IMAGE,MEDIUM
5810,AVAILABLE_INACTIVE,HIGH
5810,AVAILABLE_NO_IMAGE,MEDIUM
5811,AVAILABLE_INACTIVE,HIGH
5811,AVAILABLE_NO_IMAGE,MEDIUM
5812,AVAILABLE_INACTIVE,HIGH
5812,AVAILABLE_NO_IMAGE,MEDIUM
5813,AVAILABLE_INACTIVE,HIGH
5813,AVAILABLE_NO_IMAGE,MEDIUM
5814,AVAILABLE_INACTIVE,HIGH
5814,AVAILABLE_NO_IMAGE,MEDIUM
5815,AVAILABLE_INACTIVE,HIGH
5815,AVAILABLE_NO_IMAGE,MEDIUM
5816,AVAILABLE_INACTIVE,HIGH
5816,AVAILABLE_NO_IMAGE,MEDIUM
5817,AVAILABLE_INACTIVE,HIGH
5817,AVAILABLE_NO_IMAGE,MEDIUM
5818,AVAILABLE_INACTIVE,HIGH
5818,AVAILABLE_NO_IMAGE,MEDIUM
5819,AVAILABLE_INACTIVE,HIGH
5819,AVAILABLE_NO_IMAGE,MEDIUM
5820,AVAILABLE_INACTIVE,HIGH
5820,AVAILABLE_NO_IMAGE,MEDIUM
5821,AVAILABLE_INACTIVE,HIGH
5821,AVAILABLE_NO_IMAGE,MEDIUM
5822,AVAILABLE_INACTIVE,HIGH
5822,AVAILABLE_NO_IMAGE,MEDIUM
5823,AVAILABLE_INACTIVE,HIGH
5823,AVAILABLE_NO_IMAGE,MEDIUM
5824,AVAILABLE_INACTIVE,HIGH
5824,AVAILABLE_NO_IMAGE,MEDIUM
5825,AVAILABLE_INACTIVE,HIGH
5825,AVAILABLE_NO_IMAGE,MEDIUM
5826,AVAILABLE_INACTIVE,HIGH
5826,AVAILABLE_NO_IMAGE,MEDIUM
5827,AVAILABLE_INACTIVE,HIGH
5827,AVAILABLE_NO_IMAGE,MEDIUM
5828,AVAILABLE_INACTIVE,HIGH
5828,AVAILABLE_NO_IMAGE,MEDIUM
5829,AVAILABLE_INACTIVE,HIGH
5829,AVAILABLE_NO_IMAGE,MEDIUM
5830,AVAILABLE_INACTIVE,HIGH
5830,AVAILABLE_NO_IMAGE,MEDIUM
5831,AVAILABLE_INACTIVE,HIGH
5831,AVAILABLE_NO_IMAGE,MEDIUM
5832,AVAILABLE_INACTIVE,HIGH
5832,AVAILABLE_NO_IMAGE,MEDIUM
5833,AVAILABLE_INACTIVE,HIGH
5833,AVAILABLE_NO_IMAGE,MEDIUM
5834,AVAILABLE_INACTIVE,HIGH
5834,AVAILABLE_NO_IMAGE,MEDIUM
5835,AVAILABLE_INACTIVE,HIGH
5835,AVAILABLE_NO_IMAGE,MEDIUM
5836,AVAILABLE_INACTIVE,HIGH
5836,AVAILABLE_NO_IMAGE,MEDIUM
5837,AVAILABLE_INACTIVE,HIGH
5837,AVAILABLE_NO_IMAGE,MEDIUM
5838,AVAILABLE_INACTIVE,HIGH
5838,AVAILABLE_NO_IMAGE,MEDIUM
5839,AVAILABLE_INACTIVE,HIGH
5839,AVAILABLE_NO_IMAGE,MEDIUM
5840,AVAILABLE_INACTIVE,HIGH
5840,AVAILABLE_NO_IMAGE,MEDIUM
5857,AVAILABLE_INACTIVE,HIGH
5857,AVAILABLE_NO_IMAGE,MEDIUM
5858,AVAILABLE_INACTIVE,HIGH
5858,AVAILABLE_NO_IMAGE,MEDIUM
5859,AVAILABLE_INACTIVE,HIGH
5859,AVAILABLE_NO_IMAGE,MEDIUM
5860,AVAILABLE_INACTIVE,HIGH
5860,AVAILABLE_NO_IMAGE,MEDIUM
5861,AVAILABLE_INACTIVE,HIGH
5861,AVAILABLE_NO_IMAGE,MEDIUM
5862,AVAILABLE_INACTIVE,HIGH
5862,AVAILABLE_NO_IMAGE,MEDIUM
5863,AVAILABLE_INACTIVE,HIGH
5863,AVAILABLE_NO_IMAGE,MEDIUM
5864,AVAILABLE_INACTIVE,HIGH
5864,AVAILABLE_NO_IMAGE,MEDIUM
5865,AVAILABLE_INACTIVE,HIGH
5865,AVAILABLE_NO_IMAGE,MEDIUM
5866,AVAILABLE_INACTIVE,HIGH
5866,AVAILABLE_NO_IMAGE,MEDIUM
5867,AVAILABLE_INACTIVE,HIGH
5867,AVAILABLE_NO_IMAGE,MEDIUM
5868,AVAILABLE_INACTIVE,HIGH
5868,AVAILABLE_NO_IMAGE,MEDIUM
5869,AVAILABLE_INACTIVE,HIGH
5869,AVAILABLE_NO_IMAGE,MEDIUM
5870,AVAILABLE_INACTIVE,HIGH
5870,AVAILABLE_NO_IMAGE,MEDIUM
5871,AVAILABLE_INACTIVE,HIGH
5871,AVAILABLE_NO_IMAGE,MEDIUM
5872,AVAILABLE_INACTIVE,HIGH
5872,AVAILABLE_NO_IMAGE,MEDIUM
5873,AVAILABLE_INACTIVE,HIGH
5873,AVAILABLE_NO_IMAGE,MEDIUM
5874,AVAILABLE_INACTIVE,HIGH
5874,AVAILABLE_NO_IMAGE,MEDIUM
5875,AVAILABLE_INACTIVE,HIGH
5875,AVAILABLE_NO_IMAGE,MEDIUM
5876,AVAILABLE_INACTIVE,HIGH
5876,AVAILABLE_NO_IMAGE,MEDIUM
5877,AVAILABLE_INACTIVE,HIGH
5877,AVAILABLE_NO_IMAGE,MEDIUM
5878,AVAILABLE_INACTIVE,HIGH
5878,AVAILABLE_NO_IMAGE,MEDIUM
5879,AVAILABLE_INACTIVE,HIGH
5879,AVAILABLE_NO_IMAGE,MEDIUM
5901,AVAILABLE_INACTIVE,HIGH
5901,AVAILABLE_NO_IMAGE,MEDIUM
5902,AVAILABLE_INACTIVE,HIGH
5902,AVAILABLE_NO_IMAGE,MEDIUM
5903,AVAILABLE_INACTIVE,HIGH
5903,AVAILABLE_NO_IMAGE,MEDIUM
5904,AVAILABLE_INACTIVE,HIGH
5904,AVAILABLE_NO_IMAGE,MEDIUM
5905,AVAILABLE_INACTIVE,HIGH
5905,AVAILABLE_NO_IMAGE,MEDIUM
5906,AVAILABLE_INACTIVE,HIGH
5906,AVAILABLE_NO_IMAGE,MEDIUM
5907,AVAILABLE_INACTIVE,HIGH
5907,AVAILABLE_NO_IMAGE,MEDIUM
5908,AVAILABLE_INACTIVE,HIGH
5908,AVAILABLE_NO_IMAGE,MEDIUM
5909,AVAILABLE_INACTIVE,HIGH
5909,AVAILABLE_NO_IMAGE,MEDIUM
5910,AVAILABLE_INACTIVE,HIGH
5910,AVAILABLE_NO_IMAGE,MEDIUM
5911,AVAILABLE_INACTIVE,HIGH
5911,AVAILABLE_NO_IMAGE,MEDIUM
5912,AVAILABLE_INACTIVE,HIGH
5912,AVAILABLE_NO_IMAGE,MEDIUM
5913,AVAILABLE_INACTIVE,HIGH
5913,AVAILABLE_NO_IMAGE,MEDIUM
5914,AVAILABLE_INACTIVE,HIGH
5914,AVAILABLE_NO_IMAGE,MEDIUM
5915,AVAILABLE_INACTIVE,HIGH
5915,AVAILABLE_NO_IMAGE,MEDIUM
5916,AVAILABLE_INACTIVE,HIGH
5916,AVAILABLE_NO_IMAGE,MEDIUM
5917,AVAILABLE_INACTIVE,HIGH
5917,AVAILABLE_NO_IMAGE,MEDIUM
5918,AVAILABLE_INACTIVE,HIGH
5918,AVAILABLE_NO_IMAGE,MEDIUM
5919,AVAILABLE_INACTIVE,HIGH
5919,AVAILABLE_NO_IMAGE,MEDIUM
5920,AVAILABLE_INACTIVE,HIGH
5920,AVAILABLE_NO_IMAGE,MEDIUM
5921,AVAILABLE_INACTIVE,HIGH
5921,AVAILABLE_NO_IMAGE,MEDIUM
5922,AVAILABLE_INACTIVE,HIGH
5922,AVAILABLE_NO_IMAGE,MEDIUM
5923,AVAILABLE_INACTIVE,HIGH
5923,AVAILABLE_NO_IMAGE,MEDIUM
5924,AVAILABLE_INACTIVE,HIGH
5924,AVAILABLE_NO_IMAGE,MEDIUM
5925,AVAILABLE_INACTIVE,HIGH
5925,AVAILABLE_NO_IMAGE,MEDIUM
5926,AVAILABLE_INACTIVE,HIGH
5926,AVAILABLE_NO_IMAGE,MEDIUM
5927,AVAILABLE_INACTIVE,HIGH
5927,AVAILABLE_NO_IMAGE,MEDIUM
5928,AVAILABLE_INACTIVE,HIGH
5928,AVAILABLE_NO_IMAGE,MEDIUM
5929,AVAILABLE_INACTIVE,HIGH
5929,AVAILABLE_NO_IMAGE,MEDIUM
5930,AVAILABLE_INACTIVE,HIGH
5930,AVAILABLE_NO_IMAGE,MEDIUM
5931,AVAILABLE_INACTIVE,HIGH
5931,AVAILABLE_NO_IMAGE,MEDIUM
5932,AVAILABLE_INACTIVE,HIGH
5932,AVAILABLE_NO_IMAGE,MEDIUM
5933,AVAILABLE_INACTIVE,HIGH
5933,AVAILABLE_NO_IMAGE,MEDIUM
5934,AVAILABLE_INACTIVE,HIGH
5934,AVAILABLE_NO_IMAGE,MEDIUM
5935,AVAILABLE_INACTIVE,HIGH
5935,AVAILABLE_NO_IMAGE,MEDIUM
5936,AVAILABLE_INACTIVE,HIGH
5936,AVAILABLE_NO_IMAGE,MEDIUM
5937,AVAILABLE_INACTIVE,HIGH
5937,AVAILABLE_NO_IMAGE,MEDIUM
5938,AVAILABLE_INACTIVE,HIGH
5938,AVAILABLE_NO_IMAGE,MEDIUM
5939,AVAILABLE_INACTIVE,HIGH
5939,AVAILABLE_NO_IMAGE,MEDIUM
5940,AVAILABLE_INACTIVE,HIGH
5940,AVAILABLE_NO_IMAGE,MEDIUM
5941,AVAILABLE_INACTIVE,HIGH
5941,AVAILABLE_NO_IMAGE,MEDIUM
5942,AVAILABLE_INACTIVE,HIGH
5942,AVAILABLE_NO_IMAGE,MEDIUM
5943,AVAILABLE_INACTIVE,HIGH
5943,AVAILABLE_NO_IMAGE,MEDIUM
5944,AVAILABLE_INACTIVE,HIGH
5944,AVAILABLE_NO_IMAGE,MEDIUM
5945,AVAILABLE_INACTIVE,HIGH
5945,AVAILABLE_NO_IMAGE,MEDIUM
5946,AVAILABLE_INACTIVE,HIGH
5946,AVAILABLE_NO_IMAGE,MEDIUM
5947,AVAILABLE_INACTIVE,HIGH
5947,AVAILABLE_NO_IMAGE,MEDIUM
5948,AVAILABLE_INACTIVE,HIGH
5948,AVAILABLE_NO_IMAGE,MEDIUM
5949,AVAILABLE_INACTIVE,HIGH
5949,AVAILABLE_NO_IMAGE,MEDIUM
5950,AVAILABLE_INACTIVE,HIGH
5950,AVAILABLE_NO_IMAGE,MEDIUM
5951,AVAILABLE_INACTIVE,HIGH
5951,AVAILABLE_NO_IMAGE,MEDIUM
5952,AVAILABLE_INACTIVE,HIGH
5952,AVAILABLE_NO_IMAGE,MEDIUM
5953,AVAILABLE_INACTIVE,HIGH
5953,AVAILABLE_NO_IMAGE,MEDIUM
5954,AVAILABLE_INACTIVE,HIGH
5954,AVAILABLE_NO_IMAGE,MEDIUM
5955,AVAILABLE_INACTIVE,HIGH
5955,AVAILABLE_NO_IMAGE,MEDIUM
5956,AVAILABLE_INACTIVE,HIGH
5956,AVAILABLE_NO_IMAGE,MEDIUM
5957,AVAILABLE_INACTIVE,HIGH
5957,AVAILABLE_NO_IMAGE,MEDIUM
5958,AVAILABLE_INACTIVE,HIGH
5958,AVAILABLE_NO_IMAGE,MEDIUM
5959,AVAILABLE_INACTIVE,HIGH
5959,AVAILABLE_NO_IMAGE,MEDIUM
5960,AVAILABLE_INACTIVE,HIGH
5960,AVAILABLE_NO_IMAGE,MEDIUM
5961,AVAILABLE_INACTIVE,HIGH
5961,AVAILABLE_NO_IMAGE,MEDIUM
5962,AVAILABLE_INACTIVE,HIGH
5962,AVAILABLE_NO_IMAGE,MEDIUM
5963,AVAILABLE_INACTIVE,HIGH
5963,AVAILABLE_NO_IMAGE,MEDIUM
5964,AVAILABLE_INACTIVE,HIGH
5964,AVAILABLE_NO_IMAGE,MEDIUM
5965,AVAILABLE_INACTIVE,HIGH
5965,AVAILABLE_NO_IMAGE,MEDIUM
5966,AVAILABLE_INACTIVE,HIGH
5966,AVAILABLE_NO_IMAGE,MEDIUM
5967,AVAILABLE_INACTIVE,HIGH
5967,AVAILABLE_NO_IMAGE,MEDIUM
5968,AVAILABLE_INACTIVE,HIGH
5968,AVAILABLE_NO_IMAGE,MEDIUM
5969,AVAILABLE_INACTIVE,HIGH
5969,AVAILABLE_NO_IMAGE,MEDIUM
5970,AVAILABLE_INACTIVE,HIGH
5970,AVAILABLE_NO_IMAGE,MEDIUM
5971,AVAILABLE_INACTIVE,HIGH
5971,AVAILABLE_NO_IMAGE,MEDIUM
5972,AVAILABLE_INACTIVE,HIGH
5972,AVAILABLE_NO_IMAGE,MEDIUM
5973,AVAILABLE_INACTIVE,HIGH
5973,AVAILABLE_NO_IMAGE,MEDIUM
5974,AVAILABLE_INACTIVE,HIGH
5974,AVAILABLE_NO_IMAGE,MEDIUM
5975,AVAILABLE_INACTIVE,HIGH
5975,AVAILABLE_NO_IMAGE,MEDIUM
5976,AVAILABLE_INACTIVE,HIGH
5976,AVAILABLE_NO_IMAGE,MEDIUM
5977,AVAILABLE_INACTIVE,HIGH
5977,AVAILABLE_NO_IMAGE,MEDIUM
5978,AVAILABLE_INACTIVE,HIGH
5978,AVAILABLE_NO_IMAGE,MEDIUM
5979,AVAILABLE_INACTIVE,HIGH
5979,AVAILABLE_NO_IMAGE,MEDIUM
5980,AVAILABLE_INACTIVE,HIGH
5980,AVAILABLE_NO_IMAGE,MEDIUM
5981,AVAILABLE_INACTIVE,HIGH
5981,AVAILABLE_NO_IMAGE,MEDIUM
5982,AVAILABLE_INACTIVE,HIGH
5982,AVAILABLE_NO_IMAGE,MEDIUM
5983,AVAILABLE_INACTIVE,HIGH
5983,AVAILABLE_NO_IMAGE,MEDIUM
5984,AVAILABLE_INACTIVE,HIGH
5984,AVAILABLE_NO_IMAGE,MEDIUM
5985,AVAILABLE_INACTIVE,HIGH
5985,AVAILABLE_NO_IMAGE,MEDIUM
5986,AVAILABLE_INACTIVE,HIGH
5986,AVAILABLE_NO_IMAGE,MEDIUM
5987,AVAILABLE_INACTIVE,HIGH
5987,AVAILABLE_NO_IMAGE,MEDIUM
5988,AVAILABLE_INACTIVE,HIGH
5988,AVAILABLE_NO_IMAGE,MEDIUM
5989,AVAILABLE_INACTIVE,HIGH
5989,AVAILABLE_NO_IMAGE,MEDIUM
5990,AVAILABLE_INACTIVE,HIGH
5990,AVAILABLE_NO_IMAGE,MEDIUM
5991,AVAILABLE_INACTIVE,HIGH
5991,AVAILABLE_NO_IMAGE,MEDIUM
5992,AVAILABLE_INACTIVE,HIGH
5992,AVAILABLE_NO_IMAGE,MEDIUM
5993,AVAILABLE_INACTIVE,HIGH
5993,AVAILABLE_NO_IMAGE,MEDIUM
5994,AVAILABLE_INACTIVE,HIGH
5994,AVAILABLE_NO_IMAGE,MEDIUM
5995,AVAILABLE_INACTIVE,HIGH
5995,AVAILABLE_NO_IMAGE,MEDIUM
5996,AVAILABLE_INACTIVE,HIGH
5996,AVAILABLE_NO_IMAGE,MEDIUM
5997,AVAILABLE_INACTIVE,HIGH
5997,AVAILABLE_NO_IMAGE,MEDIUM
5998,AVAILABLE_INACTIVE,HIGH
5998,AVAILABLE_NO_IMAGE,MEDIUM
5999,AVAILABLE_INACTIVE,HIGH
5999,AVAILABLE_NO_IMAGE,MEDIUM
6000,AVAILABLE_INACTIVE,HIGH
6000,AVAILABLE_NO_IMAGE,MEDIUM
6001,AVAILABLE_INACTIVE,HIGH
6001,AVAILABLE_NO_IMAGE,MEDIUM
6002,AVAILABLE_INACTIVE,HIGH
6002,AVAILABLE_NO_IMAGE,MEDIUM
6003,AVAILABLE_INACTIVE,HIGH
6003,AVAILABLE_NO_IMAGE,MEDIUM
6004,AVAILABLE_INACTIVE,HIGH
6004,AVAILABLE_NO_IMAGE,MEDIUM
6005,AVAILABLE_INACTIVE,HIGH
6005,AVAILABLE_NO_IMAGE,MEDIUM
6006,AVAILABLE_INACTIVE,HIGH
6006,AVAILABLE_NO_IMAGE,MEDIUM
6007,AVAILABLE_INACTIVE,HIGH
6007,AVAILABLE_NO_IMAGE,MEDIUM
6008,AVAILABLE_INACTIVE,HIGH
6008,AVAILABLE_NO_IMAGE,MEDIUM
6009,AVAILABLE_INACTIVE,HIGH
6009,AVAILABLE_NO_IMAGE,MEDIUM
6010,AVAILABLE_INACTIVE,HIGH
6010,AVAILABLE_NO_IMAGE,MEDIUM
6011,AVAILABLE_INACTIVE,HIGH
6011,AVAILABLE_NO_IMAGE,MEDIUM
6012,AVAILABLE_INACTIVE,HIGH
6012,AVAILABLE_NO_IMAGE,MEDIUM
6013,AVAILABLE_INACTIVE,HIGH
6013,AVAILABLE_NO_IMAGE,MEDIUM
6014,AVAILABLE_INACTIVE,HIGH
6014,AVAILABLE_NO_IMAGE,MEDIUM
6015,AVAILABLE_INACTIVE,HIGH
6015,AVAILABLE_NO_IMAGE,MEDIUM
6016,AVAILABLE_INACTIVE,HIGH
6016,AVAILABLE_NO_IMAGE,MEDIUM
6017,AVAILABLE_INACTIVE,HIGH
6017,AVAILABLE_NO_IMAGE,MEDIUM
6018,AVAILABLE_INACTIVE,HIGH
6018,AVAILABLE_NO_IMAGE,MEDIUM
6019,AVAILABLE_INACTIVE,HIGH
6019,AVAILABLE_NO_IMAGE,MEDIUM
6020,AVAILABLE_INACTIVE,HIGH
6020,AVAILABLE_NO_IMAGE,MEDIUM
6021,AVAILABLE_INACTIVE,HIGH
6021,AVAILABLE_NO_IMAGE,MEDIUM
6022,AVAILABLE_INACTIVE,HIGH
6022,AVAILABLE_NO_IMAGE,MEDIUM
6023,AVAILABLE_INACTIVE,HIGH
6023,AVAILABLE_NO_IMAGE,MEDIUM
6024,AVAILABLE_INACTIVE,HIGH
6024,AVAILABLE_NO_IMAGE,MEDIUM
6025,AVAILABLE_INACTIVE,HIGH
6025,AVAILABLE_NO_IMAGE,MEDIUM
6026,AVAILABLE_INACTIVE,HIGH
6026,AVAILABLE_NO_IMAGE,MEDIUM
6027,AVAILABLE_INACTIVE,HIGH
6027,AVAILABLE_NO_IMAGE,MEDIUM
6028,AVAILABLE_INACTIVE,HIGH
6028,AVAILABLE_NO_IMAGE,MEDIUM
6029,AVAILABLE_INACTIVE,HIGH
6029,AVAILABLE_NO_IMAGE,MEDIUM
6030,AVAILABLE_INACTIVE,HIGH
6030,AVAILABLE_NO_IMAGE,MEDIUM
6031,AVAILABLE_INACTIVE,HIGH
6031,AVAILABLE_NO_IMAGE,MEDIUM
6032,AVAILABLE_INACTIVE,HIGH
6032,AVAILABLE_NO_IMAGE,MEDIUM
6033,AVAILABLE_INACTIVE,HIGH
6033,AVAILABLE_NO_IMAGE,MEDIUM
6034,AVAILABLE_INACTIVE,HIGH
6034,AVAILABLE_NO_IMAGE,MEDIUM
6035,AVAILABLE_INACTIVE,HIGH
6035,AVAILABLE_NO_IMAGE,MEDIUM
6036,AVAILABLE_INACTIVE,HIGH
6036,AVAILABLE_NO_IMAGE,MEDIUM
6037,AVAILABLE_INACTIVE,HIGH
6037,AVAILABLE_NO_IMAGE,MEDIUM
6038,AVAILABLE_INACTIVE,HIGH
6038,AVAILABLE_NO_IMAGE,MEDIUM
6039,AVAILABLE_INACTIVE,HIGH
6039,AVAILABLE_NO_IMAGE,MEDIUM
6040,AVAILABLE_INACTIVE,HIGH
6040,AVAILABLE_NO_IMAGE,MEDIUM
6041,AVAILABLE_INACTIVE,HIGH
6041,AVAILABLE_NO_IMAGE,MEDIUM
6042,AVAILABLE_INACTIVE,HIGH
6042,AVAILABLE_NO_IMAGE,MEDIUM
6043,AVAILABLE_INACTIVE,HIGH
6043,AVAILABLE_NO_IMAGE,MEDIUM
6044,AVAILABLE_INACTIVE,HIGH
6044,AVAILABLE_NO_IMAGE,MEDIUM
6045,AVAILABLE_INACTIVE,HIGH
6045,AVAILABLE_NO_IMAGE,MEDIUM
6046,AVAILABLE_INACTIVE,HIGH
6046,AVAILABLE_NO_IMAGE,MEDIUM
6047,AVAILABLE_INACTIVE,HIGH
6047,AVAILABLE_NO_IMAGE,MEDIUM
6048,AVAILABLE_INACTIVE,HIGH
6048,AVAILABLE_NO_IMAGE,MEDIUM
6049,AVAILABLE_INACTIVE,HIGH
6049,AVAILABLE_NO_IMAGE,MEDIUM
6050,AVAILABLE_INACTIVE,HIGH
6050,AVAILABLE_NO_IMAGE,MEDIUM
6051,AVAILABLE_INACTIVE,HIGH
6051,AVAILABLE_NO_IMAGE,MEDIUM
6052,AVAILABLE_INACTIVE,HIGH
6052,AVAILABLE_NO_IMAGE,MEDIUM
6053,AVAILABLE_INACTIVE,HIGH
6053,AVAILABLE_NO_IMAGE,MEDIUM
6054,AVAILABLE_INACTIVE,HIGH
6054,AVAILABLE_NO_IMAGE,MEDIUM
6055,AVAILABLE_INACTIVE,HIGH
6055,AVAILABLE_NO_IMAGE,MEDIUM
6056,AVAILABLE_INACTIVE,HIGH
6056,AVAILABLE_NO_IMAGE,MEDIUM
6057,AVAILABLE_INACTIVE,HIGH
6057,AVAILABLE_NO_IMAGE,MEDIUM
6058,AVAILABLE_INACTIVE,HIGH
6058,AVAILABLE_NO_IMAGE,MEDIUM
6059,AVAILABLE_INACTIVE,HIGH
6059,AVAILABLE_NO_IMAGE,MEDIUM
6060,AVAILABLE_INACTIVE,HIGH
6060,AVAILABLE_NO_IMAGE,MEDIUM
6061,AVAILABLE_INACTIVE,HIGH
6061,AVAILABLE_NO_IMAGE,MEDIUM
6062,AVAILABLE_INACTIVE,HIGH
6062,AVAILABLE_NO_IMAGE,MEDIUM
6063,AVAILABLE_INACTIVE,HIGH
6063,AVAILABLE_NO_IMAGE,MEDIUM
6064,AVAILABLE_INACTIVE,HIGH
6064,AVAILABLE_NO_IMAGE,MEDIUM
6065,AVAILABLE_INACTIVE,HIGH
6065,AVAILABLE_NO_IMAGE,MEDIUM
6066,AVAILABLE_INACTIVE,HIGH
6066,AVAILABLE_NO_IMAGE,MEDIUM
6067,AVAILABLE_INACTIVE,HIGH
6067,AVAILABLE_NO_IMAGE,MEDIUM
6068,AVAILABLE_INACTIVE,HIGH
6068,AVAILABLE_NO_IMAGE,MEDIUM
6069,AVAILABLE_INACTIVE,HIGH
6069,AVAILABLE_NO_IMAGE,MEDIUM
6070,AVAILABLE_INACTIVE,HIGH
6070,AVAILABLE_NO_IMAGE,MEDIUM
6071,AVAILABLE_INACTIVE,HIGH
6071,AVAILABLE_NO_IMAGE,MEDIUM
6072,AVAILABLE_INACTIVE,HIGH
6072,AVAILABLE_NO_IMAGE,MEDIUM
6073,AVAILABLE_INACTIVE,HIGH
6073,AVAILABLE_NO_IMAGE,MEDIUM
6074,AVAILABLE_INACTIVE,HIGH
6074,AVAILABLE_NO_IMAGE,MEDIUM
6075,AVAILABLE_INACTIVE,HIGH
6075,AVAILABLE_NO_IMAGE,MEDIUM
6076,AVAILABLE_INACTIVE,HIGH
6076,AVAILABLE_NO_IMAGE,MEDIUM
6077,AVAILABLE_INACTIVE,HIGH
6077,AVAILABLE_NO_IMAGE,MEDIUM
6078,AVAILABLE_INACTIVE,HIGH
6078,AVAILABLE_NO_IMAGE,MEDIUM
6079,AVAILABLE_INACTIVE,HIGH
6079,AVAILABLE_NO_IMAGE,MEDIUM
6080,AVAILABLE_INACTIVE,HIGH
6080,AVAILABLE_NO_IMAGE,MEDIUM
6081,AVAILABLE_INACTIVE,HIGH
6081,AVAILABLE_NO_IMAGE,MEDIUM
6082,AVAILABLE_INACTIVE,HIGH
6082,AVAILABLE_NO_IMAGE,MEDIUM
6083,AVAILABLE_INACTIVE,HIGH
6083,AVAILABLE_NO_IMAGE,MEDIUM
6084,AVAILABLE_INACTIVE,HIGH
6084,AVAILABLE_NO_IMAGE,MEDIUM
6085,AVAILABLE_INACTIVE,HIGH
6085,AVAILABLE_NO_IMAGE,MEDIUM
6086,AVAILABLE_INACTIVE,HIGH
6086,AVAILABLE_NO_IMAGE,MEDIUM
6087,AVAILABLE_INACTIVE,HIGH
6087,AVAILABLE_NO_IMAGE,MEDIUM
6088,AVAILABLE_INACTIVE,HIGH
6088,AVAILABLE_NO_IMAGE,MEDIUM
6089,AVAILABLE_INACTIVE,HIGH
6089,AVAILABLE_NO_IMAGE,MEDIUM
6090,AVAILABLE_INACTIVE,HIGH
6090,AVAILABLE_NO_IMAGE,MEDIUM
6091,AVAILABLE_INACTIVE,HIGH
6091,AVAILABLE_NO_IMAGE,MEDIUM
6092,AVAILABLE_INACTIVE,HIGH
6092,AVAILABLE_NO_IMAGE,MEDIUM
6093,AVAILABLE_INACTIVE,HIGH
6093,AVAILABLE_NO_IMAGE,MEDIUM
6094,AVAILABLE_INACTIVE,HIGH
6094,AVAILABLE_NO_IMAGE,MEDIUM
6095,AVAILABLE_INACTIVE,HIGH
6095,AVAILABLE_NO_IMAGE,MEDIUM
6096,AVAILABLE_INACTIVE,HIGH
6096,AVAILABLE_NO_IMAGE,MEDIUM
6097,AVAILABLE_INACTIVE,HIGH
6097,AVAILABLE_NO_IMAGE,MEDIUM
6098,AVAILABLE_INACTIVE,HIGH
6098,AVAILABLE_NO_IMAGE,MEDIUM
6099,AVAILABLE_INACTIVE,HIGH
6099,AVAILABLE_NO_IMAGE,MEDIUM
6100,AVAILABLE_INACTIVE,HIGH
6100,AVAILABLE_NO_IMAGE,MEDIUM
6101,AVAILABLE_INACTIVE,HIGH
6101,AVAILABLE_NO_IMAGE,MEDIUM
6102,AVAILABLE_INACTIVE,HIGH
6102,AVAILABLE_NO_IMAGE,MEDIUM
6103,AVAILABLE_INACTIVE,HIGH
6103,AVAILABLE_NO_IMAGE,MEDIUM
6104,AVAILABLE_INACTIVE,HIGH
6104,AVAILABLE_NO_IMAGE,MEDIUM
6105,AVAILABLE_INACTIVE,HIGH
6105,AVAILABLE_NO_IMAGE,MEDIUM
6106,AVAILABLE_INACTIVE,HIGH
6106,AVAILABLE_NO_IMAGE,MEDIUM
6107,AVAILABLE_INACTIVE,HIGH
6107,AVAILABLE_NO_IMAGE,MEDIUM
6108,AVAILABLE_INACTIVE,HIGH
6108,AVAILABLE_NO_IMAGE,MEDIUM
6109,AVAILABLE_INACTIVE,HIGH
6109,AVAILABLE_NO_IMAGE,MEDIUM
6110,AVAILABLE_INACTIVE,HIGH
6110,AVAILABLE_NO_IMAGE,MEDIUM
6111,AVAILABLE_INACTIVE,HIGH
6111,AVAILABLE_NO_IMAGE,MEDIUM
6112,AVAILABLE_INACTIVE,HIGH
6112,AVAILABLE_NO_IMAGE,MEDIUM
6113,AVAILABLE_INACTIVE,HIGH
6113,AVAILABLE_NO_IMAGE,MEDIUM
6114,AVAILABLE_INACTIVE,HIGH
6114,AVAILABLE_NO_IMAGE,MEDIUM
6115,AVAILABLE_INACTIVE,HIGH
6115,AVAILABLE_NO_IMAGE,MEDIUM
6116,AVAILABLE_INACTIVE,HIGH
6116,AVAILABLE_NO_IMAGE,MEDIUM
6117,AVAILABLE_INACTIVE,HIGH
6117,AVAILABLE_NO_IMAGE,MEDIUM
6118,AVAILABLE_INACTIVE,HIGH
6118,AVAILABLE_NO_IMAGE,MEDIUM
6119,AVAILABLE_INACTIVE,HIGH
6119,AVAILABLE_NO_IMAGE,MEDIUM
6120,AVAILABLE_INACTIVE,HIGH
6120,AVAILABLE_NO_IMAGE,MEDIUM
6121,AVAILABLE_INACTIVE,HIGH
6121,AVAILABLE_NO_IMAGE,MEDIUM
6122,AVAILABLE_INACTIVE,HIGH
6122,AVAILABLE_NO_IMAGE,MEDIUM
6123,AVAILABLE_INACTIVE,HIGH
6123,AVAILABLE_NO_IMAGE,MEDIUM
6124,AVAILABLE_INACTIVE,HIGH
6124,AVAILABLE_NO_IMAGE,MEDIUM
6125,AVAILABLE_INACTIVE,HIGH
6125,AVAILABLE_NO_IMAGE,MEDIUM
6126,AVAILABLE_INACTIVE,HIGH
6126,AVAILABLE_NO_IMAGE,MEDIUM
6127,AVAILABLE_INACTIVE,HIGH
6127,AVAILABLE_NO_IMAGE,MEDIUM
6128,AVAILABLE_INACTIVE,HIGH
6128,AVAILABLE_NO_IMAGE,MEDIUM
6129,AVAILABLE_INACTIVE,HIGH
6129,AVAILABLE_NO_IMAGE,MEDIUM
6130,AVAILABLE_INACTIVE,HIGH
6130,AVAILABLE_NO_IMAGE,MEDIUM
6131,AVAILABLE_INACTIVE,HIGH
6131,AVAILABLE_NO_IMAGE,MEDIUM
6132,AVAILABLE_INACTIVE,HIGH
6132,AVAILABLE_NO_IMAGE,MEDIUM
6146,AVAILABLE_INACTIVE,HIGH
6146,AVAILABLE_NO_IMAGE,MEDIUM
6150,AVAILABLE_INACTIVE,HIGH
6150,AVAILABLE_NO_IMAGE,MEDIUM
6159,AVAILABLE_INACTIVE,HIGH
6159,AVAILABLE_NO_IMAGE,MEDIUM
6160,AVAILABLE_INACTIVE,HIGH
6160,AVAILABLE_NO_IMAGE,MEDIUM
6164,AVAILABLE_INACTIVE,HIGH
6164,AVAILABLE_NO_IMAGE,MEDIUM
6166,AVAILABLE_INACTIVE,HIGH
6166,AVAILABLE_NO_IMAGE,MEDIUM
6172,AVAILABLE_INACTIVE,HIGH
6172,AVAILABLE_NO_IMAGE,MEDIUM
6173,AVAILABLE_INACTIVE,HIGH
6173,AVAILABLE_NO_IMAGE,MEDIUM
6174,AVAILABLE_INACTIVE,HIGH
6174,AVAILABLE_NO_IMAGE,MEDIUM
6175,AVAILABLE_INACTIVE,HIGH
6175,AVAILABLE_NO_IMAGE,MEDIUM
6176,AVAILABLE_INACTIVE,HIGH
6176,AVAILABLE_NO_IMAGE,MEDIUM
6177,AVAILABLE_INACTIVE,HIGH
6177,AVAILABLE_NO_IMAGE,MEDIUM
6178,AVAILABLE_INACTIVE,HIGH
6178,AVAILABLE_NO_IMAGE,MEDIUM
6179,AVAILABLE_INACTIVE,HIGH
6179,AVAILABLE_NO_IMAGE,MEDIUM
6180,AVAILABLE_INACTIVE,HIGH
6180,AVAILABLE_NO_IMAGE,MEDIUM
6184,AVAILABLE_INACTIVE,HIGH
6184,AVAILABLE_NO_IMAGE,MEDIUM
6185,AVAILABLE_INACTIVE,HIGH
6185,AVAILABLE_NO_IMAGE,MEDIUM
6186,AVAILABLE_INACTIVE,HIGH
6186,AVAILABLE_NO_IMAGE,MEDIUM
6187,AVAILABLE_INACTIVE,HIGH
6187,AVAILABLE_NO_IMAGE,MEDIUM
6188,AVAILABLE_INACTIVE,HIGH
6188,AVAILABLE_NO_IMAGE,MEDIUM
6189,AVAILABLE_INACTIVE,HIGH
6189,AVAILABLE_NO_IMAGE,MEDIUM
6190,AVAILABLE_INACTIVE,HIGH
6190,AVAILABLE_NO_IMAGE,MEDIUM
6191,AVAILABLE_INACTIVE,HIGH
6191,AVAILABLE_NO_IMAGE,MEDIUM
6192,AVAILABLE_INACTIVE,HIGH
6192,AVAILABLE_NO_IMAGE,MEDIUM
6193,AVAILABLE_INACTIVE,HIGH
6193,AVAILABLE_NO_IMAGE,MEDIUM
6201,AVAILABLE_INACTIVE,HIGH
6201,AVAILABLE_NO_IMAGE,MEDIUM
6214,AVAILABLE_INACTIVE,HIGH
6214,AVAILABLE_NO_IMAGE,MEDIUM
6215,AVAILABLE_INACTIVE,HIGH
6215,AVAILABLE_NO_IMAGE,MEDIUM
6216,AVAILABLE_INACTIVE,HIGH
6216,AVAILABLE_NO_IMAGE,MEDIUM
6217,AVAILABLE_INACTIVE,HIGH
6217,AVAILABLE_NO_IMAGE,MEDIUM
6218,AVAILABLE_INACTIVE,HIGH
6218,AVAILABLE_NO_IMAGE,MEDIUM
6219,AVAILABLE_INACTIVE,HIGH
6219,AVAILABLE_NO_IMAGE,MEDIUM
6220,AVAILABLE_INACTIVE,HIGH
6220,AVAILABLE_NO_IMAGE,MEDIUM
6221,AVAILABLE_INACTIVE,HIGH
6221,AVAILABLE_NO_IMAGE,MEDIUM
6222,AVAILABLE_INACTIVE,HIGH
6222,AVAILABLE_NO_IMAGE,MEDIUM
6223,AVAILABLE_INACTIVE,HIGH
6223,AVAILABLE_NO_IMAGE,MEDIUM
6224,AVAILABLE_INACTIVE,HIGH
6224,AVAILABLE_NO_IMAGE,MEDIUM
6225,AVAILABLE_INACTIVE,HIGH
6225,AVAILABLE_NO_IMAGE,MEDIUM
6226,AVAILABLE_INACTIVE,HIGH
6226,AVAILABLE_NO_IMAGE,MEDIUM
6227,AVAILABLE_INACTIVE,HIGH
6227,AVAILABLE_NO_IMAGE,MEDIUM
6228,AVAILABLE_INACTIVE,HIGH
6228,AVAILABLE_NO_IMAGE,MEDIUM
6229,AVAILABLE_INACTIVE,HIGH
6229,AVAILABLE_NO_IMAGE,MEDIUM
6230,AVAILABLE_INACTIVE,HIGH
6230,AVAILABLE_NO_IMAGE,MEDIUM
6231,AVAILABLE_INACTIVE,HIGH
6231,AVAILABLE_NO_IMAGE,MEDIUM
6232,AVAILABLE_INACTIVE,HIGH
6232,AVAILABLE_NO_IMAGE,MEDIUM
6233,AVAILABLE_INACTIVE,HIGH
6233,AVAILABLE_NO_IMAGE,MEDIUM
6234,AVAILABLE_INACTIVE,HIGH
6234,AVAILABLE_NO_IMAGE,MEDIUM
6236,AVAILABLE_INACTIVE,HIGH
6236,AVAILABLE_NO_IMAGE,MEDIUM
6237,AVAILABLE_INACTIVE,HIGH
6237,AVAILABLE_NO_IMAGE,MEDIUM
6238,AVAILABLE_INACTIVE,HIGH
6238,AVAILABLE_NO_IMAGE,MEDIUM
6239,AVAILABLE_INACTIVE,HIGH
6239,AVAILABLE_NO_IMAGE,MEDIUM
6240,AVAILABLE_INACTIVE,HIGH
6240,AVAILABLE_NO_IMAGE,MEDIUM
6241,AVAILABLE_INACTIVE,HIGH
6241,AVAILABLE_NO_IMAGE,MEDIUM
6242,AVAILABLE_INACTIVE,HIGH
6242,AVAILABLE_NO_IMAGE,MEDIUM
6243,AVAILABLE_INACTIVE,HIGH
6243,AVAILABLE_NO_IMAGE,MEDIUM
6244,AVAILABLE_INACTIVE,HIGH
6244,AVAILABLE_NO_IMAGE,MEDIUM
6245,AVAILABLE_INACTIVE,HIGH
6245,AVAILABLE_NO_IMAGE,MEDIUM
6246,AVAILABLE_INACTIVE,HIGH
6246,AVAILABLE_NO_IMAGE,MEDIUM
6247,AVAILABLE_INACTIVE,HIGH
6247,AVAILABLE_NO_IMAGE,MEDIUM
6248,AVAILABLE_INACTIVE,HIGH
6248,AVAILABLE_NO_IMAGE,MEDIUM
6249,AVAILABLE_INACTIVE,HIGH
6249,AVAILABLE_NO_IMAGE,MEDIUM
6250,AVAILABLE_INACTIVE,HIGH
6250,AVAILABLE_NO_IMAGE,MEDIUM
6251,AVAILABLE_INACTIVE,HIGH
6251,AVAILABLE_NO_IMAGE,MEDIUM
6252,AVAILABLE_INACTIVE,HIGH
6252,AVAILABLE_NO_IMAGE,MEDIUM
6253,AVAILABLE_INACTIVE,HIGH
6253,AVAILABLE_NO_IMAGE,MEDIUM
6254,AVAILABLE_INACTIVE,HIGH
6254,AVAILABLE_NO_IMAGE,MEDIUM
6255,AVAILABLE_INACTIVE,HIGH
6255,AVAILABLE_NO_IMAGE,MEDIUM
6256,AVAILABLE_INACTIVE,HIGH
6256,AVAILABLE_NO_IMAGE,MEDIUM
6257,AVAILABLE_INACTIVE,HIGH
6257,AVAILABLE_NO_IMAGE,MEDIUM
6258,AVAILABLE_INACTIVE,HIGH
6258,AVAILABLE_NO_IMAGE,MEDIUM
6259,AVAILABLE_INACTIVE,HIGH
6259,AVAILABLE_NO_IMAGE,MEDIUM
6260,AVAILABLE_INACTIVE,HIGH
6260,AVAILABLE_NO_IMAGE,MEDIUM
6261,AVAILABLE_INACTIVE,HIGH
6261,AVAILABLE_NO_IMAGE,MEDIUM
6262,AVAILABLE_INACTIVE,HIGH
6262,AVAILABLE_NO_IMAGE,MEDIUM
6263,AVAILABLE_INACTIVE,HIGH
6263,AVAILABLE_NO_IMAGE,MEDIUM
6264,AVAILABLE_INACTIVE,HIGH
6264,AVAILABLE_NO_IMAGE,MEDIUM
6265,AVAILABLE_INACTIVE,HIGH
6265,AVAILABLE_NO_IMAGE,MEDIUM
6266,AVAILABLE_INACTIVE,HIGH
6266,AVAILABLE_NO_IMAGE,MEDIUM
6267,AVAILABLE_INACTIVE,HIGH
6267,AVAILABLE_NO_IMAGE,MEDIUM
6268,AVAILABLE_INACTIVE,HIGH
6268,AVAILABLE_NO_IMAGE,MEDIUM
6269,AVAILABLE_INACTIVE,HIGH
6269,AVAILABLE_NO_IMAGE,MEDIUM
6270,AVAILABLE_INACTIVE,HIGH
6270,AVAILABLE_NO_IMAGE,MEDIUM
6271,AVAILABLE_INACTIVE,HIGH
6271,AVAILABLE_NO_IMAGE,MEDIUM
6272,AVAILABLE_INACTIVE,HIGH
6272,AVAILABLE_NO_IMAGE,MEDIUM
6273,AVAILABLE_INACTIVE,HIGH
6273,AVAILABLE_NO_IMAGE,MEDIUM
6274,AVAILABLE_INACTIVE,HIGH
6274,AVAILABLE_NO_IMAGE,MEDIUM
6275,AVAILABLE_INACTIVE,HIGH
6275,AVAILABLE_NO_IMAGE,MEDIUM
6276,AVAILABLE_INACTIVE,HIGH
6276,AVAILABLE_NO_IMAGE,MEDIUM
6277,AVAILABLE_INACTIVE,HIGH
6277,AVAILABLE_NO_IMAGE,MEDIUM
6278,AVAILABLE_INACTIVE,HIGH
6278,AVAILABLE_NO_IMAGE,MEDIUM
6279,AVAILABLE_INACTIVE,HIGH
6279,AVAILABLE_NO_IMAGE,MEDIUM
6280,AVAILABLE_INACTIVE,HIGH
6280,AVAILABLE_NO_IMAGE,MEDIUM
6281,AVAILABLE_INACTIVE,HIGH
6281,AVAILABLE_NO_IMAGE,MEDIUM
6282,AVAILABLE_INACTIVE,HIGH
6282,AVAILABLE_NO_IMAGE,MEDIUM
6283,AVAILABLE_INACTIVE,HIGH
6283,AVAILABLE_NO_IMAGE,MEDIUM
6284,AVAILABLE_INACTIVE,HIGH
6284,AVAILABLE_NO_IMAGE,MEDIUM
6285,AVAILABLE_INACTIVE,HIGH
6285,AVAILABLE_NO_IMAGE,MEDIUM
6286,AVAILABLE_INACTIVE,HIGH
6286,AVAILABLE_NO_IMAGE,MEDIUM
6287,AVAILABLE_INACTIVE,HIGH
6287,AVAILABLE_NO_IMAGE,MEDIUM
6288,AVAILABLE_INACTIVE,HIGH
6288,AVAILABLE_NO_IMAGE,MEDIUM
6289,AVAILABLE_INACTIVE,HIGH
6289,AVAILABLE_NO_IMAGE,MEDIUM
6290,AVAILABLE_INACTIVE,HIGH
6290,AVAILABLE_NO_IMAGE,MEDIUM
6291,AVAILABLE_INACTIVE,HIGH
6291,AVAILABLE_NO_IMAGE,MEDIUM
6292,AVAILABLE_INACTIVE,HIGH
6292,AVAILABLE_NO_IMAGE,MEDIUM
6293,AVAILABLE_INACTIVE,HIGH
6293,AVAILABLE_NO_IMAGE,MEDIUM
6294,AVAILABLE_INACTIVE,HIGH
6294,AVAILABLE_NO_IMAGE,MEDIUM
6295,AVAILABLE_INACTIVE,HIGH
6295,AVAILABLE_NO_IMAGE,MEDIUM
6296,AVAILABLE_INACTIVE,HIGH
6296,AVAILABLE_NO_IMAGE,MEDIUM
6297,AVAILABLE_INACTIVE,HIGH
6297,AVAILABLE_NO_IMAGE,MEDIUM
6298,AVAILABLE_INACTIVE,HIGH
6298,AVAILABLE_NO_IMAGE,MEDIUM
6299,AVAILABLE_INACTIVE,HIGH
6299,AVAILABLE_NO_IMAGE,MEDIUM
6300,AVAILABLE_INACTIVE,HIGH
6300,AVAILABLE_NO_IMAGE,MEDIUM
6301,AVAILABLE_INACTIVE,HIGH
6301,AVAILABLE_NO_IMAGE,MEDIUM
6302,AVAILABLE_INACTIVE,HIGH
6302,AVAILABLE_NO_IMAGE,MEDIUM
6303,AVAILABLE_INACTIVE,HIGH
6303,AVAILABLE_NO_IMAGE,MEDIUM
6304,AVAILABLE_INACTIVE,HIGH
6304,AVAILABLE_NO_IMAGE,MEDIUM
6305,AVAILABLE_INACTIVE,HIGH
6305,AVAILABLE_NO_IMAGE,MEDIUM
6306,AVAILABLE_INACTIVE,HIGH
6306,AVAILABLE_NO_IMAGE,MEDIUM
6307,AVAILABLE_INACTIVE,HIGH
6307,AVAILABLE_NO_IMAGE,MEDIUM
6308,AVAILABLE_INACTIVE,HIGH
6308,AVAILABLE_NO_IMAGE,MEDIUM
6309,AVAILABLE_INACTIVE,HIGH
6309,AVAILABLE_NO_IMAGE,MEDIUM
6310,AVAILABLE_INACTIVE,HIGH
6310,AVAILABLE_NO_IMAGE,MEDIUM
6311,AVAILABLE_INACTIVE,HIGH
6311,AVAILABLE_NO_IMAGE,MEDIUM
6312,AVAILABLE_INACTIVE,HIGH
6312,AVAILABLE_NO_IMAGE,MEDIUM
6313,AVAILABLE_INACTIVE,HIGH
6313,AVAILABLE_NO_IMAGE,MEDIUM
6314,AVAILABLE_INACTIVE,HIGH
6314,AVAILABLE_NO_IMAGE,MEDIUM
6315,AVAILABLE_INACTIVE,HIGH
6315,AVAILABLE_NO_IMAGE,MEDIUM
6316,AVAILABLE_INACTIVE,HIGH
6316,AVAILABLE_NO_IMAGE,MEDIUM
6317,AVAILABLE_INACTIVE,HIGH
6317,AVAILABLE_NO_IMAGE,MEDIUM
6318,AVAILABLE_INACTIVE,HIGH
6318,AVAILABLE_NO_IMAGE,MEDIUM
6319,AVAILABLE_INACTIVE,HIGH
6319,AVAILABLE_NO_IMAGE,MEDIUM
6320,AVAILABLE_INACTIVE,HIGH
6320,AVAILABLE_NO_IMAGE,MEDIUM
6321,AVAILABLE_INACTIVE,HIGH
6321,AVAILABLE_NO_IMAGE,MEDIUM
6322,AVAILABLE_INACTIVE,HIGH
6322,AVAILABLE_NO_IMAGE,MEDIUM
6323,AVAILABLE_INACTIVE,HIGH
6323,AVAILABLE_NO_IMAGE,MEDIUM
6324,AVAILABLE_INACTIVE,HIGH
6324,AVAILABLE_NO_IMAGE,MEDIUM
6325,AVAILABLE_INACTIVE,HIGH
6325,AVAILABLE_NO_IMAGE,MEDIUM
6326,AVAILABLE_INACTIVE,HIGH
6326,AVAILABLE_NO_IMAGE,MEDIUM
6327,AVAILABLE_INACTIVE,HIGH
6327,AVAILABLE_NO_IMAGE,MEDIUM
6328,AVAILABLE_INACTIVE,HIGH
6328,AVAILABLE_NO_IMAGE,MEDIUM
6329,AVAILABLE_INACTIVE,HIGH
6329,AVAILABLE_NO_IMAGE,MEDIUM
6330,AVAILABLE_INACTIVE,HIGH
6330,AVAILABLE_NO_IMAGE,MEDIUM
6331,AVAILABLE_INACTIVE,HIGH
6331,AVAILABLE_NO_IMAGE,MEDIUM
6332,AVAILABLE_INACTIVE,HIGH
6332,AVAILABLE_NO_IMAGE,MEDIUM
6333,AVAILABLE_INACTIVE,HIGH
6333,AVAILABLE_NO_IMAGE,MEDIUM
6334,AVAILABLE_INACTIVE,HIGH
6334,AVAILABLE_NO_IMAGE,MEDIUM
6335,AVAILABLE_INACTIVE,HIGH
6335,AVAILABLE_NO_IMAGE,MEDIUM
6336,AVAILABLE_INACTIVE,HIGH
6336,AVAILABLE_NO_IMAGE,MEDIUM
6337,AVAILABLE_INACTIVE,HIGH
6337,AVAILABLE_NO_IMAGE,MEDIUM
6338,AVAILABLE_INACTIVE,HIGH
6338,AVAILABLE_NO_IMAGE,MEDIUM
6339,AVAILABLE_INACTIVE,HIGH
6339,AVAILABLE_NO_IMAGE,MEDIUM
6340,AVAILABLE_INACTIVE,HIGH
6340,AVAILABLE_NO_IMAGE,MEDIUM
6341,AVAILABLE_INACTIVE,HIGH
6341,AVAILABLE_NO_IMAGE,MEDIUM
6342,AVAILABLE_INACTIVE,HIGH
6342,AVAILABLE_NO_IMAGE,MEDIUM
6343,AVAILABLE_INACTIVE,HIGH
6343,AVAILABLE_NO_IMAGE,MEDIUM
6344,AVAILABLE_INACTIVE,HIGH
6344,AVAILABLE_NO_IMAGE,MEDIUM
6345,AVAILABLE_INACTIVE,HIGH
6345,AVAILABLE_NO_IMAGE,MEDIUM
6346,AVAILABLE_INACTIVE,HIGH
6346,AVAILABLE_NO_IMAGE,MEDIUM
6347,AVAILABLE_INACTIVE,HIGH
6347,AVAILABLE_NO_IMAGE,MEDIUM
6348,AVAILABLE_INACTIVE,HIGH
6348,AVAILABLE_NO_IMAGE,MEDIUM
6349,AVAILABLE_INACTIVE,HIGH
6349,AVAILABLE_NO_IMAGE,MEDIUM
6350,AVAILABLE_INACTIVE,HIGH
6350,AVAILABLE_NO_IMAGE,MEDIUM
6351,AVAILABLE_INACTIVE,HIGH
6351,AVAILABLE_NO_IMAGE,MEDIUM
6352,AVAILABLE_INACTIVE,HIGH
6352,AVAILABLE_NO_IMAGE,MEDIUM
6353,AVAILABLE_INACTIVE,HIGH
6353,AVAILABLE_NO_IMAGE,MEDIUM
6354,AVAILABLE_INACTIVE,HIGH
6354,AVAILABLE_NO_IMAGE,MEDIUM
6355,AVAILABLE_INACTIVE,HIGH
6355,AVAILABLE_NO_IMAGE,MEDIUM
6356,AVAILABLE_INACTIVE,HIGH
6356,AVAILABLE_NO_IMAGE,MEDIUM
6357,AVAILABLE_INACTIVE,HIGH
6357,AVAILABLE_NO_IMAGE,MEDIUM
6358,AVAILABLE_INACTIVE,HIGH
6358,AVAILABLE_NO_IMAGE,MEDIUM
6359,AVAILABLE_INACTIVE,HIGH
6359,AVAILABLE_NO_IMAGE,MEDIUM
6360,AVAILABLE_INACTIVE,HIGH
6360,AVAILABLE_NO_IMAGE,MEDIUM
6361,AVAILABLE_INACTIVE,HIGH
6361,AVAILABLE_NO_IMAGE,MEDIUM
6362,AVAILABLE_INACTIVE,HIGH
6362,AVAILABLE_NO_IMAGE,MEDIUM
6363,AVAILABLE_INACTIVE,HIGH
6363,AVAILABLE_NO_IMAGE,MEDIUM
6364,AVAILABLE_INACTIVE,HIGH
6364,AVAILABLE_NO_IMAGE,MEDIUM
6365,AVAILABLE_INACTIVE,HIGH
6365,AVAILABLE_NO_IMAGE,MEDIUM
6366,AVAILABLE_INACTIVE,HIGH
6366,AVAILABLE_NO_IMAGE,MEDIUM
6367,AVAILABLE_INACTIVE,HIGH
6367,AVAILABLE_NO_IMAGE,MEDIUM
6368,AVAILABLE_INACTIVE,HIGH
6368,AVAILABLE_NO_IMAGE,MEDIUM
6369,AVAILABLE_INACTIVE,HIGH
6369,AVAILABLE_NO_IMAGE,MEDIUM
6370,AVAILABLE_INACTIVE,HIGH
6370,AVAILABLE_NO_IMAGE,MEDIUM
6371,AVAILABLE_INACTIVE,HIGH
6371,AVAILABLE_NO_IMAGE,MEDIUM
6372,AVAILABLE_INACTIVE,HIGH
6372,AVAILABLE_NO_IMAGE,MEDIUM
6373,AVAILABLE_INACTIVE,HIGH
6373,AVAILABLE_NO_IMAGE,MEDIUM
6374,AVAILABLE_INACTIVE,HIGH
6374,AVAILABLE_NO_IMAGE,MEDIUM
6375,AVAILABLE_INACTIVE,HIGH
6375,AVAILABLE_NO_IMAGE,MEDIUM
6376,AVAILABLE_INACTIVE,HIGH
6376,AVAILABLE_NO_IMAGE,MEDIUM
6377,AVAILABLE_INACTIVE,HIGH
6377,AVAILABLE_NO_IMAGE,MEDIUM
6378,AVAILABLE_INACTIVE,HIGH
6378,AVAILABLE_NO_IMAGE,MEDIUM
6379,AVAILABLE_INACTIVE,HIGH
6379,AVAILABLE_NO_IMAGE,MEDIUM
6380,AVAILABLE_INACTIVE,HIGH
6380,AVAILABLE_NO_IMAGE,MEDIUM
6381,AVAILABLE_INACTIVE,HIGH
6381,AVAILABLE_NO_IMAGE,MEDIUM
6382,AVAILABLE_INACTIVE,HIGH
6382,AVAILABLE_NO_IMAGE,MEDIUM
6383,AVAILABLE_INACTIVE,HIGH
6383,AVAILABLE_NO_IMAGE,MEDIUM
6384,AVAILABLE_INACTIVE,HIGH
6384,AVAILABLE_NO_IMAGE,MEDIUM
6385,AVAILABLE_INACTIVE,HIGH
6385,AVAILABLE_NO_IMAGE,MEDIUM
6386,AVAILABLE_INACTIVE,HIGH
6386,AVAILABLE_NO_IMAGE,MEDIUM
6387,AVAILABLE_INACTIVE,HIGH
6387,AVAILABLE_NO_IMAGE,MEDIUM
6388,AVAILABLE_INACTIVE,HIGH
6388,AVAILABLE_NO_IMAGE,MEDIUM
6389,AVAILABLE_INACTIVE,HIGH
6389,AVAILABLE_NO_IMAGE,MEDIUM
6390,AVAILABLE_INACTIVE,HIGH
6390,AVAILABLE_NO_IMAGE,MEDIUM
6391,AVAILABLE_INACTIVE,HIGH
6391,AVAILABLE_NO_IMAGE,MEDIUM
6392,AVAILABLE_INACTIVE,HIGH
6392,AVAILABLE_NO_IMAGE,MEDIUM
6393,AVAILABLE_INACTIVE,HIGH
6393,AVAILABLE_NO_IMAGE,MEDIUM
6394,AVAILABLE_INACTIVE,HIGH
6394,AVAILABLE_NO_IMAGE,MEDIUM
6395,AVAILABLE_INACTIVE,HIGH
6395,AVAILABLE_NO_IMAGE,MEDIUM
6396,AVAILABLE_INACTIVE,HIGH
6396,AVAILABLE_NO_IMAGE,MEDIUM
6397,AVAILABLE_INACTIVE,HIGH
6397,AVAILABLE_NO_IMAGE,MEDIUM
6398,AVAILABLE_INACTIVE,HIGH
6398,AVAILABLE_NO_IMAGE,MEDIUM
6399,AVAILABLE_INACTIVE,HIGH
6399,AVAILABLE_NO_IMAGE,MEDIUM
6400,AVAILABLE_INACTIVE,HIGH
6400,AVAILABLE_NO_IMAGE,MEDIUM
6401,AVAILABLE_INACTIVE,HIGH
6401,AVAILABLE_NO_IMAGE,MEDIUM
6402,AVAILABLE_INACTIVE,HIGH
6402,AVAILABLE_NO_IMAGE,MEDIUM
6403,AVAILABLE_INACTIVE,HIGH
6403,AVAILABLE_NO_IMAGE,MEDIUM
6404,AVAILABLE_INACTIVE,HIGH
6404,AVAILABLE_NO_IMAGE,MEDIUM
6406,AVAILABLE_INACTIVE,HIGH
6406,AVAILABLE_NO_IMAGE,MEDIUM
6408,AVAILABLE_INACTIVE,HIGH
6408,AVAILABLE_NO_IMAGE,MEDIUM
6409,AVAILABLE_INACTIVE,HIGH
6409,AVAILABLE_NO_IMAGE,MEDIUM
6410,AVAILABLE_INACTIVE,HIGH
6410,AVAILABLE_NO_IMAGE,MEDIUM
6411,AVAILABLE_INACTIVE,HIGH
6411,AVAILABLE_NO_IMAGE,MEDIUM
6412,AVAILABLE_INACTIVE,HIGH
6412,AVAILABLE_NO_IMAGE,MEDIUM
6413,AVAILABLE_INACTIVE,HIGH
6413,AVAILABLE_NO_IMAGE,MEDIUM
6414,AVAILABLE_INACTIVE,HIGH
6414,AVAILABLE_NO_IMAGE,MEDIUM
6415,AVAILABLE_INACTIVE,HIGH
6415,AVAILABLE_NO_IMAGE,MEDIUM
6416,AVAILABLE_INACTIVE,HIGH
6416,AVAILABLE_NO_IMAGE,MEDIUM
6417,AVAILABLE_INACTIVE,HIGH
6417,AVAILABLE_NO_IMAGE,MEDIUM
6418,AVAILABLE_INACTIVE,HIGH
6418,AVAILABLE_NO_IMAGE,MEDIUM
6419,AVAILABLE_INACTIVE,HIGH
6419,AVAILABLE_NO_IMAGE,MEDIUM
6420,AVAILABLE_INACTIVE,HIGH
6420,AVAILABLE_NO_IMAGE,MEDIUM
6421,AVAILABLE_INACTIVE,HIGH
6421,AVAILABLE_NO_IMAGE,MEDIUM
6422,AVAILABLE_INACTIVE,HIGH
6422,AVAILABLE_NO_IMAGE,MEDIUM
6423,AVAILABLE_INACTIVE,HIGH
6423,AVAILABLE_NO_IMAGE,MEDIUM
6424,AVAILABLE_INACTIVE,HIGH
6424,AVAILABLE_NO_IMAGE,MEDIUM
6425,AVAILABLE_INACTIVE,HIGH
6425,AVAILABLE_NO_IMAGE,MEDIUM
6426,AVAILABLE_INACTIVE,HIGH
6426,AVAILABLE_NO_IMAGE,MEDIUM
6427,AVAILABLE_INACTIVE,HIGH
6427,AVAILABLE_NO_IMAGE,MEDIUM
6428,AVAILABLE_INACTIVE,HIGH
6428,AVAILABLE_NO_IMAGE,MEDIUM
6429,AVAILABLE_INACTIVE,HIGH
6429,AVAILABLE_NO_IMAGE,MEDIUM
6430,AVAILABLE_INACTIVE,HIGH
6430,AVAILABLE_NO_IMAGE,MEDIUM
6431,AVAILABLE_INACTIVE,HIGH
6431,AVAILABLE_NO_IMAGE,MEDIUM
6432,AVAILABLE_INACTIVE,HIGH
6432,AVAILABLE_NO_IMAGE,MEDIUM
6433,AVAILABLE_INACTIVE,HIGH
6433,AVAILABLE_NO_IMAGE,MEDIUM
6434,AVAILABLE_INACTIVE,HIGH
6434,AVAILABLE_NO_IMAGE,MEDIUM
6435,AVAILABLE_INACTIVE,HIGH
6435,AVAILABLE_NO_IMAGE,MEDIUM
6436,AVAILABLE_INACTIVE,HIGH
6436,AVAILABLE_NO_IMAGE,MEDIUM
6437,AVAILABLE_INACTIVE,HIGH
6437,AVAILABLE_NO_IMAGE,MEDIUM
6438,AVAILABLE_INACTIVE,HIGH
6438,AVAILABLE_NO_IMAGE,MEDIUM
6439,AVAILABLE_INACTIVE,HIGH
6439,AVAILABLE_NO_IMAGE,MEDIUM
6440,AVAILABLE_INACTIVE,HIGH
6440,AVAILABLE_NO_IMAGE,MEDIUM
6441,AVAILABLE_INACTIVE,HIGH
6441,AVAILABLE_NO_IMAGE,MEDIUM
6442,AVAILABLE_INACTIVE,HIGH
6442,AVAILABLE_NO_IMAGE,MEDIUM
6443,AVAILABLE_INACTIVE,HIGH
6443,AVAILABLE_NO_IMAGE,MEDIUM
6444,AVAILABLE_INACTIVE,HIGH
6444,AVAILABLE_NO_IMAGE,MEDIUM
6445,AVAILABLE_INACTIVE,HIGH
6445,AVAILABLE_NO_IMAGE,MEDIUM
6446,AVAILABLE_INACTIVE,HIGH
6446,AVAILABLE_NO_IMAGE,MEDIUM
6447,AVAILABLE_INACTIVE,HIGH
6447,AVAILABLE_NO_IMAGE,MEDIUM
6448,AVAILABLE_INACTIVE,HIGH
6448,AVAILABLE_NO_IMAGE,MEDIUM
6449,AVAILABLE_INACTIVE,HIGH
6449,AVAILABLE_NO_IMAGE,MEDIUM
6450,AVAILABLE_INACTIVE,HIGH
6450,AVAILABLE_NO_IMAGE,MEDIUM
6451,AVAILABLE_INACTIVE,HIGH
6451,AVAILABLE_NO_IMAGE,MEDIUM
6452,AVAILABLE_INACTIVE,HIGH
6452,AVAILABLE_NO_IMAGE,MEDIUM
6453,AVAILABLE_INACTIVE,HIGH
6453,AVAILABLE_NO_IMAGE,MEDIUM
6454,AVAILABLE_INACTIVE,HIGH
6454,AVAILABLE_NO_IMAGE,MEDIUM
6455,AVAILABLE_INACTIVE,HIGH
6455,AVAILABLE_NO_IMAGE,MEDIUM
6456,AVAILABLE_INACTIVE,HIGH
6456,AVAILABLE_NO_IMAGE,MEDIUM
6457,AVAILABLE_INACTIVE,HIGH
6457,AVAILABLE_NO_IMAGE,MEDIUM
6458,AVAILABLE_INACTIVE,HIGH
6458,AVAILABLE_NO_IMAGE,MEDIUM
6459,AVAILABLE_INACTIVE,HIGH
6459,AVAILABLE_NO_IMAGE,MEDIUM
6460,AVAILABLE_INACTIVE,HIGH
6460,AVAILABLE_NO_IMAGE,MEDIUM
6461,AVAILABLE_INACTIVE,HIGH
6461,AVAILABLE_NO_IMAGE,MEDIUM
6462,AVAILABLE_INACTIVE,HIGH
6462,AVAILABLE_NO_IMAGE,MEDIUM
6463,AVAILABLE_INACTIVE,HIGH
6463,AVAILABLE_NO_IMAGE,MEDIUM
6464,AVAILABLE_INACTIVE,HIGH
6464,AVAILABLE_NO_IMAGE,MEDIUM
6465,AVAILABLE_INACTIVE,HIGH
6465,AVAILABLE_NO_IMAGE,MEDIUM
6466,AVAILABLE_INACTIVE,HIGH
6466,AVAILABLE_NO_IMAGE,MEDIUM
6468,AVAILABLE_INACTIVE,HIGH
6468,AVAILABLE_NO_IMAGE,MEDIUM
6469,AVAILABLE_INACTIVE,HIGH
6469,AVAILABLE_NO_IMAGE,MEDIUM
6470,AVAILABLE_INACTIVE,HIGH
6470,AVAILABLE_NO_IMAGE,MEDIUM
6471,AVAILABLE_INACTIVE,HIGH
6471,AVAILABLE_NO_IMAGE,MEDIUM
6472,AVAILABLE_INACTIVE,HIGH
6472,AVAILABLE_NO_IMAGE,MEDIUM
6473,AVAILABLE_INACTIVE,HIGH
6473,AVAILABLE_NO_IMAGE,MEDIUM
6474,AVAILABLE_INACTIVE,HIGH
6474,AVAILABLE_NO_IMAGE,MEDIUM
6475,AVAILABLE_INACTIVE,HIGH
6475,AVAILABLE_NO_IMAGE,MEDIUM
6476,AVAILABLE_INACTIVE,HIGH
6476,AVAILABLE_NO_IMAGE,MEDIUM
6477,AVAILABLE_INACTIVE,HIGH
6477,AVAILABLE_NO_IMAGE,MEDIUM
6478,AVAILABLE_INACTIVE,HIGH
6478,AVAILABLE_NO_IMAGE,MEDIUM
6479,AVAILABLE_INACTIVE,HIGH
6479,AVAILABLE_NO_IMAGE,MEDIUM
6480,AVAILABLE_INACTIVE,HIGH
6480,AVAILABLE_NO_IMAGE,MEDIUM
6481,AVAILABLE_INACTIVE,HIGH
6481,AVAILABLE_NO_IMAGE,MEDIUM
6482,AVAILABLE_INACTIVE,HIGH
6482,AVAILABLE_NO_IMAGE,MEDIUM
6483,AVAILABLE_INACTIVE,HIGH
6483,AVAILABLE_NO_IMAGE,MEDIUM
6484,AVAILABLE_INACTIVE,HIGH
6484,AVAILABLE_NO_IMAGE,MEDIUM
6485,AVAILABLE_INACTIVE,HIGH
6485,AVAILABLE_NO_IMAGE,MEDIUM
6486,AVAILABLE_INACTIVE,HIGH
6486,AVAILABLE_NO_IMAGE,MEDIUM
6487,AVAILABLE_INACTIVE,HIGH
6487,AVAILABLE_NO_IMAGE,MEDIUM
6488,AVAILABLE_INACTIVE,HIGH
6488,AVAILABLE_NO_IMAGE,MEDIUM
6489,AVAILABLE_INACTIVE,HIGH
6489,AVAILABLE_NO_IMAGE,MEDIUM
6490,AVAILABLE_INACTIVE,HIGH
6490,AVAILABLE_NO_IMAGE,MEDIUM
6491,AVAILABLE_INACTIVE,HIGH
6491,AVAILABLE_NO_IMAGE,MEDIUM
6492,AVAILABLE_INACTIVE,HIGH
6492,AVAILABLE_NO_IMAGE,MEDIUM
6493,AVAILABLE_INACTIVE,HIGH
6493,AVAILABLE_NO_IMAGE,MEDIUM
6494,AVAILABLE_INACTIVE,HIGH
6494,AVAILABLE_NO_IMAGE,MEDIUM
6495,AVAILABLE_INACTIVE,HIGH
6495,AVAILABLE_NO_IMAGE,MEDIUM
6496,AVAILABLE_INACTIVE,HIGH
6496,AVAILABLE_NO_IMAGE,MEDIUM
6497,AVAILABLE_INACTIVE,HIGH
6497,AVAILABLE_NO_IMAGE,MEDIUM
6498,AVAILABLE_INACTIVE,HIGH
6498,AVAILABLE_NO_IMAGE,MEDIUM
6499,AVAILABLE_INACTIVE,HIGH
6499,AVAILABLE_NO_IMAGE,MEDIUM
6500,AVAILABLE_INACTIVE,HIGH
6500,AVAILABLE_NO_IMAGE,MEDIUM
6501,AVAILABLE_INACTIVE,HIGH
6501,AVAILABLE_NO_IMAGE,MEDIUM
6502,AVAILABLE_INACTIVE,HIGH
6502,AVAILABLE_NO_IMAGE,MEDIUM
6503,AVAILABLE_INACTIVE,HIGH
6503,AVAILABLE_NO_IMAGE,MEDIUM
6504,AVAILABLE_INACTIVE,HIGH
6504,AVAILABLE_NO_IMAGE,MEDIUM
6505,AVAILABLE_INACTIVE,HIGH
6505,AVAILABLE_NO_IMAGE,MEDIUM
6506,AVAILABLE_INACTIVE,HIGH
6506,AVAILABLE_NO_IMAGE,MEDIUM
6507,AVAILABLE_INACTIVE,HIGH
6507,AVAILABLE_NO_IMAGE,MEDIUM
6508,AVAILABLE_INACTIVE,HIGH
6508,AVAILABLE_NO_IMAGE,MEDIUM
6509,AVAILABLE_INACTIVE,HIGH
6509,AVAILABLE_NO_IMAGE,MEDIUM
6510,AVAILABLE_INACTIVE,HIGH
6510,AVAILABLE_NO_IMAGE,MEDIUM
6511,AVAILABLE_INACTIVE,HIGH
6511,AVAILABLE_NO_IMAGE,MEDIUM
6512,AVAILABLE_INACTIVE,HIGH
6512,AVAILABLE_NO_IMAGE,MEDIUM
6513,AVAILABLE_INACTIVE,HIGH
6513,AVAILABLE_NO_IMAGE,MEDIUM
6514,AVAILABLE_INACTIVE,HIGH
6514,AVAILABLE_NO_IMAGE,MEDIUM
6515,AVAILABLE_INACTIVE,HIGH
6515,AVAILABLE_NO_IMAGE,MEDIUM
6516,AVAILABLE_INACTIVE,HIGH
6516,AVAILABLE_NO_IMAGE,MEDIUM
6517,AVAILABLE_INACTIVE,HIGH
6517,AVAILABLE_NO_IMAGE,MEDIUM
6518,AVAILABLE_INACTIVE,HIGH
6518,AVAILABLE_NO_IMAGE,MEDIUM
6519,AVAILABLE_INACTIVE,HIGH
6519,AVAILABLE_NO_IMAGE,MEDIUM
6520,AVAILABLE_INACTIVE,HIGH
6520,AVAILABLE_NO_IMAGE,MEDIUM
6521,AVAILABLE_INACTIVE,HIGH
6521,AVAILABLE_NO_IMAGE,MEDIUM
6522,AVAILABLE_INACTIVE,HIGH
6522,AVAILABLE_NO_IMAGE,MEDIUM
6523,AVAILABLE_INACTIVE,HIGH
6523,AVAILABLE_NO_IMAGE,MEDIUM
6524,AVAILABLE_INACTIVE,HIGH
6524,AVAILABLE_NO_IMAGE,MEDIUM
6525,AVAILABLE_INACTIVE,HIGH
6525,AVAILABLE_NO_IMAGE,MEDIUM
6526,AVAILABLE_INACTIVE,HIGH
6526,AVAILABLE_NO_IMAGE,MEDIUM
6527,AVAILABLE_INACTIVE,HIGH
6527,AVAILABLE_NO_IMAGE,MEDIUM
6528,AVAILABLE_INACTIVE,HIGH
6528,AVAILABLE_NO_IMAGE,MEDIUM
6529,AVAILABLE_INACTIVE,HIGH
6529,AVAILABLE_NO_IMAGE,MEDIUM
6531,AVAILABLE_INACTIVE,HIGH
6531,AVAILABLE_NO_IMAGE,MEDIUM
6536,AVAILABLE_INACTIVE,HIGH
6536,AVAILABLE_NO_IMAGE,MEDIUM
6537,AVAILABLE_INACTIVE,HIGH
6537,AVAILABLE_NO_IMAGE,MEDIUM
6539,AVAILABLE_INACTIVE,HIGH
6539,AVAILABLE_NO_IMAGE,MEDIUM
6540,AVAILABLE_INACTIVE,HIGH
6540,AVAILABLE_NO_IMAGE,MEDIUM
6541,AVAILABLE_INACTIVE,HIGH
6541,AVAILABLE_NO_IMAGE,MEDIUM
6542,AVAILABLE_INACTIVE,HIGH
6542,AVAILABLE_NO_IMAGE,MEDIUM
6543,AVAILABLE_INACTIVE,HIGH
6543,AVAILABLE_NO_IMAGE,MEDIUM
6544,AVAILABLE_INACTIVE,HIGH
6544,AVAILABLE_NO_IMAGE,MEDIUM
6545,AVAILABLE_INACTIVE,HIGH
6545,AVAILABLE_NO_IMAGE,MEDIUM
6546,AVAILABLE_INACTIVE,HIGH
6546,AVAILABLE_NO_IMAGE,MEDIUM
6547,AVAILABLE_INACTIVE,HIGH
6547,AVAILABLE_NO_IMAGE,MEDIUM
6548,AVAILABLE_INACTIVE,HIGH
6548,AVAILABLE_NO_IMAGE,MEDIUM
6549,AVAILABLE_INACTIVE,HIGH
6549,AVAILABLE_NO_IMAGE,MEDIUM
6550,AVAILABLE_INACTIVE,HIGH
6550,AVAILABLE_NO_IMAGE,MEDIUM
6551,AVAILABLE_INACTIVE,HIGH
6551,AVAILABLE_NO_IMAGE,MEDIUM
6552,AVAILABLE_INACTIVE,HIGH
6552,AVAILABLE_NO_IMAGE,MEDIUM
6553,AVAILABLE_INACTIVE,HIGH
6553,AVAILABLE_NO_IMAGE,MEDIUM
6554,AVAILABLE_INACTIVE,HIGH
6554,AVAILABLE_NO_IMAGE,MEDIUM
6555,AVAILABLE_INACTIVE,HIGH
6555,AVAILABLE_NO_IMAGE,MEDIUM
6556,AVAILABLE_INACTIVE,HIGH
6556,AVAILABLE_NO_IMAGE,MEDIUM
6557,AVAILABLE_INACTIVE,HIGH
6557,AVAILABLE_NO_IMAGE,MEDIUM
6558,AVAILABLE_INACTIVE,HIGH
6558,AVAILABLE_NO_IMAGE,MEDIUM
6559,AVAILABLE_INACTIVE,HIGH
6559,AVAILABLE_NO_IMAGE,MEDIUM
6560,AVAILABLE_INACTIVE,HIGH
6560,AVAILABLE_NO_IMAGE,MEDIUM
6561,AVAILABLE_INACTIVE,HIGH
6561,AVAILABLE_NO_IMAGE,MEDIUM
6562,AVAILABLE_INACTIVE,HIGH
6562,AVAILABLE_NO_IMAGE,MEDIUM
6564,AVAILABLE_INACTIVE,HIGH
6564,AVAILABLE_NO_IMAGE,MEDIUM
6565,AVAILABLE_INACTIVE,HIGH
6565,AVAILABLE_NO_IMAGE,MEDIUM
6566,AVAILABLE_INACTIVE,HIGH
6566,AVAILABLE_NO_IMAGE,MEDIUM
6567,AVAILABLE_INACTIVE,HIGH
6567,AVAILABLE_NO_IMAGE,MEDIUM
6568,AVAILABLE_INACTIVE,HIGH
6568,AVAILABLE_NO_IMAGE,MEDIUM
6569,AVAILABLE_INACTIVE,HIGH
6569,AVAILABLE_NO_IMAGE,MEDIUM
6570,AVAILABLE_INACTIVE,HIGH
6570,AVAILABLE_NO_IMAGE,MEDIUM
6571,AVAILABLE_INACTIVE,HIGH
6571,AVAILABLE_NO_IMAGE,MEDIUM
6572,AVAILABLE_INACTIVE,HIGH
6572,AVAILABLE_NO_IMAGE,MEDIUM
6573,AVAILABLE_INACTIVE,HIGH
6573,AVAILABLE_NO_IMAGE,MEDIUM
6574,AVAILABLE_INACTIVE,HIGH
6574,AVAILABLE_NO_IMAGE,MEDIUM
6575,AVAILABLE_INACTIVE,HIGH
6575,AVAILABLE_NO_IMAGE,MEDIUM
6576,AVAILABLE_INACTIVE,HIGH
6576,AVAILABLE_NO_IMAGE,MEDIUM
6577,AVAILABLE_INACTIVE,HIGH
6577,AVAILABLE_NO_IMAGE,MEDIUM
6579,AVAILABLE_INACTIVE,HIGH
6579,AVAILABLE_NO_IMAGE,MEDIUM
6580,AVAILABLE_INACTIVE,HIGH
6580,AVAILABLE_NO_IMAGE,MEDIUM
6582,AVAILABLE_INACTIVE,HIGH
6582,AVAILABLE_NO_IMAGE,MEDIUM
6583,AVAILABLE_INACTIVE,HIGH
6583,AVAILABLE_NO_IMAGE,MEDIUM
6584,AVAILABLE_INACTIVE,HIGH
6584,AVAILABLE_NO_IMAGE,MEDIUM
6585,AVAILABLE_INACTIVE,HIGH
6585,AVAILABLE_NO_IMAGE,MEDIUM
6588,AVAILABLE_INACTIVE,HIGH
6588,AVAILABLE_NO_IMAGE,MEDIUM
6589,AVAILABLE_INACTIVE,HIGH
6589,AVAILABLE_NO_IMAGE,MEDIUM
6590,AVAILABLE_INACTIVE,HIGH
6590,AVAILABLE_NO_IMAGE,MEDIUM
6591,AVAILABLE_INACTIVE,HIGH
6591,AVAILABLE_NO_IMAGE,MEDIUM
6592,AVAILABLE_INACTIVE,HIGH
6592,AVAILABLE_NO_IMAGE,MEDIUM
6593,AVAILABLE_INACTIVE,HIGH
6593,AVAILABLE_NO_IMAGE,MEDIUM
6594,AVAILABLE_INACTIVE,HIGH
6594,AVAILABLE_NO_IMAGE,MEDIUM
6595,AVAILABLE_INACTIVE,HIGH
6595,AVAILABLE_NO_IMAGE,MEDIUM
6596,AVAILABLE_INACTIVE,HIGH
6596,AVAILABLE_NO_IMAGE,MEDIUM
6597,AVAILABLE_INACTIVE,HIGH
6597,AVAILABLE_NO_IMAGE,MEDIUM
6598,AVAILABLE_INACTIVE,HIGH
6598,AVAILABLE_NO_IMAGE,MEDIUM
6599,AVAILABLE_INACTIVE,HIGH
6599,AVAILABLE_NO_IMAGE,MEDIUM
6600,AVAILABLE_INACTIVE,HIGH
6600,AVAILABLE_NO_IMAGE,MEDIUM
6601,AVAILABLE_INACTIVE,HIGH
6601,AVAILABLE_NO_IMAGE,MEDIUM
6602,AVAILABLE_INACTIVE,HIGH
6602,AVAILABLE_NO_IMAGE,MEDIUM
6603,AVAILABLE_INACTIVE,HIGH
6603,AVAILABLE_NO_IMAGE,MEDIUM
6604,AVAILABLE_INACTIVE,HIGH
6604,AVAILABLE_NO_IMAGE,MEDIUM
6605,AVAILABLE_INACTIVE,HIGH
6605,AVAILABLE_NO_IMAGE,MEDIUM
6606,AVAILABLE_INACTIVE,HIGH
6606,AVAILABLE_NO_IMAGE,MEDIUM
6607,AVAILABLE_INACTIVE,HIGH
6607,AVAILABLE_NO_IMAGE,MEDIUM
6608,AVAILABLE_INACTIVE,HIGH
6608,AVAILABLE_NO_IMAGE,MEDIUM
6609,AVAILABLE_INACTIVE,HIGH
6609,AVAILABLE_NO_IMAGE,MEDIUM
6610,AVAILABLE_INACTIVE,HIGH
6610,AVAILABLE_NO_IMAGE,MEDIUM
6611,AVAILABLE_INACTIVE,HIGH
6611,AVAILABLE_NO_IMAGE,MEDIUM
6612,AVAILABLE_INACTIVE,HIGH
6612,AVAILABLE_NO_IMAGE,MEDIUM
6613,AVAILABLE_INACTIVE,HIGH
6613,AVAILABLE_NO_IMAGE,MEDIUM
6614,AVAILABLE_INACTIVE,HIGH
6614,AVAILABLE_NO_IMAGE,MEDIUM
6615,AVAILABLE_INACTIVE,HIGH
6615,AVAILABLE_NO_IMAGE,MEDIUM
6616,AVAILABLE_INACTIVE,HIGH
6616,AVAILABLE_NO_IMAGE,MEDIUM
6617,AVAILABLE_INACTIVE,HIGH
6617,AVAILABLE_NO_IMAGE,MEDIUM
6618,AVAILABLE_INACTIVE,HIGH
6618,AVAILABLE_NO_IMAGE,MEDIUM
6619,AVAILABLE_INACTIVE,HIGH
6619,AVAILABLE_NO_IMAGE,MEDIUM
6620,AVAILABLE_INACTIVE,HIGH
6620,AVAILABLE_NO_IMAGE,MEDIUM
6621,AVAILABLE_INACTIVE,HIGH
6621,AVAILABLE_NO_IMAGE,MEDIUM
6622,AVAILABLE_INACTIVE,HIGH
6622,AVAILABLE_NO_IMAGE,MEDIUM
6623,AVAILABLE_INACTIVE,HIGH
6623,AVAILABLE_NO_IMAGE,MEDIUM
6624,AVAILABLE_INACTIVE,HIGH
6624,AVAILABLE_NO_IMAGE,MEDIUM
6625,AVAILABLE_INACTIVE,HIGH
6625,AVAILABLE_NO_IMAGE,MEDIUM
6626,AVAILABLE_INACTIVE,HIGH
6626,AVAILABLE_NO_IMAGE,MEDIUM
6627,AVAILABLE_INACTIVE,HIGH
6627,AVAILABLE_NO_IMAGE,MEDIUM
6628,AVAILABLE_INACTIVE,HIGH
6628,AVAILABLE_NO_IMAGE,MEDIUM
6629,AVAILABLE_INACTIVE,HIGH
6629,AVAILABLE_NO_IMAGE,MEDIUM
6630,AVAILABLE_INACTIVE,HIGH
6630,AVAILABLE_NO_IMAGE,MEDIUM
6631,AVAILABLE_INACTIVE,HIGH
6631,AVAILABLE_NO_IMAGE,MEDIUM
6632,AVAILABLE_INACTIVE,HIGH
6632,AVAILABLE_NO_IMAGE,MEDIUM
6633,AVAILABLE_INACTIVE,HIGH
6633,AVAILABLE_NO_IMAGE,MEDIUM
6634,AVAILABLE_INACTIVE,HIGH
6634,AVAILABLE_NO_IMAGE,MEDIUM
6636,AVAILABLE_INACTIVE,HIGH
6636,AVAILABLE_NO_IMAGE,MEDIUM
6637,AVAILABLE_INACTIVE,HIGH
6637,AVAILABLE_NO_IMAGE,MEDIUM
6638,AVAILABLE_INACTIVE,HIGH
6638,AVAILABLE_NO_IMAGE,MEDIUM
6639,AVAILABLE_INACTIVE,HIGH
6639,AVAILABLE_NO_IMAGE,MEDIUM
6640,AVAILABLE_INACTIVE,HIGH
6640,AVAILABLE_NO_IMAGE,MEDIUM
6641,AVAILABLE_INACTIVE,HIGH
6641,AVAILABLE_NO_IMAGE,MEDIUM
6642,AVAILABLE_INACTIVE,HIGH
6642,AVAILABLE_NO_IMAGE,MEDIUM
6643,AVAILABLE_INACTIVE,HIGH
6643,AVAILABLE_NO_IMAGE,MEDIUM
6645,AVAILABLE_INACTIVE,HIGH
6645,AVAILABLE_NO_IMAGE,MEDIUM
6646,AVAILABLE_INACTIVE,HIGH
6646,AVAILABLE_NO_IMAGE,MEDIUM
6647,AVAILABLE_INACTIVE,HIGH
6647,AVAILABLE_NO_IMAGE,MEDIUM
6648,AVAILABLE_INACTIVE,HIGH
6648,AVAILABLE_NO_IMAGE,MEDIUM
6649,AVAILABLE_INACTIVE,HIGH
6649,AVAILABLE_NO_IMAGE,MEDIUM
6650,AVAILABLE_INACTIVE,HIGH
6650,AVAILABLE_NO_IMAGE,MEDIUM
6651,AVAILABLE_INACTIVE,HIGH
6651,AVAILABLE_NO_IMAGE,MEDIUM
6652,AVAILABLE_INACTIVE,HIGH
6652,AVAILABLE_NO_IMAGE,MEDIUM
6653,AVAILABLE_INACTIVE,HIGH
6653,AVAILABLE_NO_IMAGE,MEDIUM
6654,AVAILABLE_INACTIVE,HIGH
6654,AVAILABLE_NO_IMAGE,MEDIUM
6655,AVAILABLE_INACTIVE,HIGH
6655,AVAILABLE_NO_IMAGE,MEDIUM
6656,AVAILABLE_INACTIVE,HIGH
6656,AVAILABLE_NO_IMAGE,MEDIUM
6657,AVAILABLE_INACTIVE,HIGH
6657,AVAILABLE_NO_IMAGE,MEDIUM
6658,AVAILABLE_INACTIVE,HIGH
6658,AVAILABLE_NO_IMAGE,MEDIUM
6659,AVAILABLE_INACTIVE,HIGH
6659,AVAILABLE_NO_IMAGE,MEDIUM
6660,AVAILABLE_INACTIVE,HIGH
6660,AVAILABLE_NO_IMAGE,MEDIUM
6661,AVAILABLE_INACTIVE,HIGH
6661,AVAILABLE_NO_IMAGE,MEDIUM
6662,AVAILABLE_INACTIVE,HIGH
6662,AVAILABLE_NO_IMAGE,MEDIUM
6663,AVAILABLE_INACTIVE,HIGH
6663,AVAILABLE_NO_IMAGE,MEDIUM
6664,AVAILABLE_INACTIVE,HIGH
6664,AVAILABLE_NO_IMAGE,MEDIUM
6665,AVAILABLE_INACTIVE,HIGH
6665,AVAILABLE_NO_IMAGE,MEDIUM
6666,AVAILABLE_INACTIVE,HIGH
6666,AVAILABLE_NO_IMAGE,MEDIUM
6667,AVAILABLE_INACTIVE,HIGH
6667,AVAILABLE_NO_IMAGE,MEDIUM
6668,AVAILABLE_INACTIVE,HIGH
6668,AVAILABLE_NO_IMAGE,MEDIUM
6669,AVAILABLE_INACTIVE,HIGH
6669,AVAILABLE_NO_IMAGE,MEDIUM
6671,AVAILABLE_INACTIVE,HIGH
6671,AVAILABLE_NO_IMAGE,MEDIUM
6672,AVAILABLE_INACTIVE,HIGH
6672,AVAILABLE_NO_IMAGE,MEDIUM
6673,AVAILABLE_INACTIVE,HIGH
6673,AVAILABLE_NO_IMAGE,MEDIUM
6674,AVAILABLE_INACTIVE,HIGH
6674,AVAILABLE_NO_IMAGE,MEDIUM
6675,AVAILABLE_INACTIVE,HIGH
6675,AVAILABLE_NO_IMAGE,MEDIUM
6676,AVAILABLE_INACTIVE,HIGH
6676,AVAILABLE_NO_IMAGE,MEDIUM
6677,AVAILABLE_INACTIVE,HIGH
6677,AVAILABLE_NO_IMAGE,MEDIUM
6678,AVAILABLE_INACTIVE,HIGH
6678,AVAILABLE_NO_IMAGE,MEDIUM
6679,AVAILABLE_INACTIVE,HIGH
6679,AVAILABLE_NO_IMAGE,MEDIUM
6680,AVAILABLE_INACTIVE,HIGH
6680,AVAILABLE_NO_IMAGE,MEDIUM
6681,AVAILABLE_INACTIVE,HIGH
6681,AVAILABLE_NO_IMAGE,MEDIUM
6682,AVAILABLE_INACTIVE,HIGH
6682,AVAILABLE_NO_IMAGE,MEDIUM
6683,AVAILABLE_INACTIVE,HIGH
6683,AVAILABLE_NO_IMAGE,MEDIUM
6684,AVAILABLE_INACTIVE,HIGH
6684,AVAILABLE_NO_IMAGE,MEDIUM
6685,AVAILABLE_INACTIVE,HIGH
6685,AVAILABLE_NO_IMAGE,MEDIUM
6686,AVAILABLE_INACTIVE,HIGH
6686,AVAILABLE_NO_IMAGE,MEDIUM
6687,AVAILABLE_INACTIVE,HIGH
6687,AVAILABLE_NO_IMAGE,MEDIUM
6688,AVAILABLE_INACTIVE,HIGH
6688,AVAILABLE_NO_IMAGE,MEDIUM
6689,AVAILABLE_INACTIVE,HIGH
6689,AVAILABLE_NO_IMAGE,MEDIUM
6690,AVAILABLE_INACTIVE,HIGH
6690,AVAILABLE_NO_IMAGE,MEDIUM
6691,AVAILABLE_INACTIVE,HIGH
6691,AVAILABLE_NO_IMAGE,MEDIUM
6692,AVAILABLE_INACTIVE,HIGH
6692,AVAILABLE_NO_IMAGE,MEDIUM
6693,AVAILABLE_INACTIVE,HIGH
6693,AVAILABLE_NO_IMAGE,MEDIUM
6694,AVAILABLE_INACTIVE,HIGH
6694,AVAILABLE_NO_IMAGE,MEDIUM
6695,AVAILABLE_INACTIVE,HIGH
6695,AVAILABLE_NO_IMAGE,MEDIUM
6696,AVAILABLE_INACTIVE,HIGH
6696,AVAILABLE_NO_IMAGE,MEDIUM
6697,AVAILABLE_INACTIVE,HIGH
6697,AVAILABLE_NO_IMAGE,MEDIUM
6698,AVAILABLE_INACTIVE,HIGH
6698,AVAILABLE_NO_IMAGE,MEDIUM
6699,AVAILABLE_INACTIVE,HIGH
6699,AVAILABLE_NO_IMAGE,MEDIUM
6700,AVAILABLE_INACTIVE,HIGH
6700,AVAILABLE_NO_IMAGE,MEDIUM
6701,AVAILABLE_INACTIVE,HIGH
6701,AVAILABLE_NO_IMAGE,MEDIUM
6702,AVAILABLE_INACTIVE,HIGH
6702,AVAILABLE_NO_IMAGE,MEDIUM
6703,AVAILABLE_INACTIVE,HIGH
6703,AVAILABLE_NO_IMAGE,MEDIUM
6704,AVAILABLE_INACTIVE,HIGH
6704,AVAILABLE_NO_IMAGE,MEDIUM
6705,AVAILABLE_INACTIVE,HIGH
6705,AVAILABLE_NO_IMAGE,MEDIUM
6706,AVAILABLE_INACTIVE,HIGH
6706,AVAILABLE_NO_IMAGE,MEDIUM
6707,AVAILABLE_INACTIVE,HIGH
6707,AVAILABLE_NO_IMAGE,MEDIUM
6708,AVAILABLE_INACTIVE,HIGH
6708,AVAILABLE_NO_IMAGE,MEDIUM
6709,AVAILABLE_INACTIVE,HIGH
6709,AVAILABLE_NO_IMAGE,MEDIUM
6710,AVAILABLE_INACTIVE,HIGH
6710,AVAILABLE_NO_IMAGE,MEDIUM
6711,AVAILABLE_INACTIVE,HIGH
6711,AVAILABLE_NO_IMAGE,MEDIUM
6712,AVAILABLE_INACTIVE,HIGH
6712,AVAILABLE_NO_IMAGE,MEDIUM
6713,AVAILABLE_INACTIVE,HIGH
6713,AVAILABLE_NO_IMAGE,MEDIUM
6714,AVAILABLE_INACTIVE,HIGH
6714,AVAILABLE_NO_IMAGE,MEDIUM
6715,AVAILABLE_INACTIVE,HIGH
6715,AVAILABLE_NO_IMAGE,MEDIUM
6716,AVAILABLE_INACTIVE,HIGH
6716,AVAILABLE_NO_IMAGE,MEDIUM
6717,AVAILABLE_INACTIVE,HIGH
6717,AVAILABLE_NO_IMAGE,MEDIUM
6718,AVAILABLE_INACTIVE,HIGH
6718,AVAILABLE_NO_IMAGE,MEDIUM
6719,AVAILABLE_INACTIVE,HIGH
6719,AVAILABLE_NO_IMAGE,MEDIUM
6720,AVAILABLE_INACTIVE,HIGH
6720,AVAILABLE_NO_IMAGE,MEDIUM
6721,AVAILABLE_INACTIVE,HIGH
6721,AVAILABLE_NO_IMAGE,MEDIUM
6722,AVAILABLE_INACTIVE,HIGH
6722,AVAILABLE_NO_IMAGE,MEDIUM
6723,AVAILABLE_INACTIVE,HIGH
6723,AVAILABLE_NO_IMAGE,MEDIUM
6724,AVAILABLE_INACTIVE,HIGH
6724,AVAILABLE_NO_IMAGE,MEDIUM
6725,AVAILABLE_INACTIVE,HIGH
6725,AVAILABLE_NO_IMAGE,MEDIUM
6726,AVAILABLE_INACTIVE,HIGH
6726,AVAILABLE_NO_IMAGE,MEDIUM
6727,AVAILABLE_INACTIVE,HIGH
6727,AVAILABLE_NO_IMAGE,MEDIUM
6728,AVAILABLE_INACTIVE,HIGH
6728,AVAILABLE_NO_IMAGE,MEDIUM
6729,AVAILABLE_INACTIVE,HIGH
6729,AVAILABLE_NO_IMAGE,MEDIUM
6730,AVAILABLE_INACTIVE,HIGH
6730,AVAILABLE_NO_IMAGE,MEDIUM
6731,AVAILABLE_INACTIVE,HIGH
6731,AVAILABLE_NO_IMAGE,MEDIUM
6732,AVAILABLE_INACTIVE,HIGH
6732,AVAILABLE_NO_IMAGE,MEDIUM
6733,AVAILABLE_INACTIVE,HIGH
6733,AVAILABLE_NO_IMAGE,MEDIUM
6734,AVAILABLE_INACTIVE,HIGH
6734,AVAILABLE_NO_IMAGE,MEDIUM
6735,AVAILABLE_INACTIVE,HIGH
6735,AVAILABLE_NO_IMAGE,MEDIUM
6736,AVAILABLE_INACTIVE,HIGH
6736,AVAILABLE_NO_IMAGE,MEDIUM
6737,AVAILABLE_INACTIVE,HIGH
6737,AVAILABLE_NO_IMAGE,MEDIUM
6738,AVAILABLE_INACTIVE,HIGH
6738,AVAILABLE_NO_IMAGE,MEDIUM
6739,AVAILABLE_INACTIVE,HIGH
6739,AVAILABLE_NO_IMAGE,MEDIUM
6740,AVAILABLE_INACTIVE,HIGH
6740,AVAILABLE_NO_IMAGE,MEDIUM
6741,AVAILABLE_INACTIVE,HIGH
6741,AVAILABLE_NO_IMAGE,MEDIUM
6742,AVAILABLE_INACTIVE,HIGH
6742,AVAILABLE_NO_IMAGE,MEDIUM
6743,AVAILABLE_INACTIVE,HIGH
6743,AVAILABLE_NO_IMAGE,MEDIUM
6744,AVAILABLE_INACTIVE,HIGH
6744,AVAILABLE_NO_IMAGE,MEDIUM
6745,AVAILABLE_INACTIVE,HIGH
6745,AVAILABLE_NO_IMAGE,MEDIUM
6746,AVAILABLE_INACTIVE,HIGH
6746,AVAILABLE_NO_IMAGE,MEDIUM
6747,AVAILABLE_INACTIVE,HIGH
6747,AVAILABLE_NO_IMAGE,MEDIUM
6748,AVAILABLE_INACTIVE,HIGH
6748,AVAILABLE_NO_IMAGE,MEDIUM
6749,AVAILABLE_INACTIVE,HIGH
6749,AVAILABLE_NO_IMAGE,MEDIUM
6750,AVAILABLE_INACTIVE,HIGH
6750,AVAILABLE_NO_IMAGE,MEDIUM
6751,AVAILABLE_INACTIVE,HIGH
6751,AVAILABLE_NO_IMAGE,MEDIUM
6752,AVAILABLE_INACTIVE,HIGH
6752,AVAILABLE_NO_IMAGE,MEDIUM
6753,AVAILABLE_INACTIVE,HIGH
6753,AVAILABLE_NO_IMAGE,MEDIUM
6754,AVAILABLE_INACTIVE,HIGH
6754,AVAILABLE_NO_IMAGE,MEDIUM
6755,AVAILABLE_INACTIVE,HIGH
6755,AVAILABLE_NO_IMAGE,MEDIUM
6756,AVAILABLE_INACTIVE,HIGH
6756,AVAILABLE_NO_IMAGE,MEDIUM
6757,AVAILABLE_INACTIVE,HIGH
6757,AVAILABLE_NO_IMAGE,MEDIUM
6758,AVAILABLE_INACTIVE,HIGH
6758,AVAILABLE_NO_IMAGE,MEDIUM
6759,AVAILABLE_INACTIVE,HIGH
6759,AVAILABLE_NO_IMAGE,MEDIUM
6760,AVAILABLE_INACTIVE,HIGH
6760,AVAILABLE_NO_IMAGE,MEDIUM
6763,AVAILABLE_INACTIVE,HIGH
6763,AVAILABLE_NO_IMAGE,MEDIUM
6764,AVAILABLE_INACTIVE,HIGH
6764,AVAILABLE_NO_IMAGE,MEDIUM
6765,AVAILABLE_INACTIVE,HIGH
6765,AVAILABLE_NO_IMAGE,MEDIUM
6766,AVAILABLE_INACTIVE,HIGH
6766,AVAILABLE_NO_IMAGE,MEDIUM
6767,AVAILABLE_INACTIVE,HIGH
6767,AVAILABLE_NO_IMAGE,MEDIUM
6768,AVAILABLE_INACTIVE,HIGH
6768,AVAILABLE_NO_IMAGE,MEDIUM
6769,AVAILABLE_INACTIVE,HIGH
6769,AVAILABLE_NO_IMAGE,MEDIUM
6770,AVAILABLE_INACTIVE,HIGH
6770,AVAILABLE_NO_IMAGE,MEDIUM
6771,AVAILABLE_INACTIVE,HIGH
6771,AVAILABLE_NO_IMAGE,MEDIUM
6772,AVAILABLE_INACTIVE,HIGH
6772,AVAILABLE_NO_IMAGE,MEDIUM
6773,AVAILABLE_INACTIVE,HIGH
6773,AVAILABLE_NO_IMAGE,MEDIUM
6774,AVAILABLE_INACTIVE,HIGH
6774,AVAILABLE_NO_IMAGE,MEDIUM
6775,AVAILABLE_INACTIVE,HIGH
6775,AVAILABLE_NO_IMAGE,MEDIUM
6776,AVAILABLE_INACTIVE,HIGH
6776,AVAILABLE_NO_IMAGE,MEDIUM
6777,AVAILABLE_INACTIVE,HIGH
6777,AVAILABLE_NO_IMAGE,MEDIUM
6778,AVAILABLE_INACTIVE,HIGH
6778,AVAILABLE_NO_IMAGE,MEDIUM
6779,AVAILABLE_INACTIVE,HIGH
6779,AVAILABLE_NO_IMAGE,MEDIUM
6780,AVAILABLE_INACTIVE,HIGH
6780,AVAILABLE_NO_IMAGE,MEDIUM
6781,AVAILABLE_INACTIVE,HIGH
6781,AVAILABLE_NO_IMAGE,MEDIUM
6782,AVAILABLE_INACTIVE,HIGH
6782,AVAILABLE_NO_IMAGE,MEDIUM
6783,AVAILABLE_INACTIVE,HIGH
6783,AVAILABLE_NO_IMAGE,MEDIUM
6784,AVAILABLE_INACTIVE,HIGH
6784,AVAILABLE_NO_IMAGE,MEDIUM
6785,AVAILABLE_INACTIVE,HIGH
6785,AVAILABLE_NO_IMAGE,MEDIUM
6786,AVAILABLE_INACTIVE,HIGH
6786,AVAILABLE_NO_IMAGE,MEDIUM
6787,AVAILABLE_INACTIVE,HIGH
6787,AVAILABLE_NO_IMAGE,MEDIUM
6788,AVAILABLE_INACTIVE,HIGH
6788,AVAILABLE_NO_IMAGE,MEDIUM
6789,AVAILABLE_INACTIVE,HIGH
6789,AVAILABLE_NO_IMAGE,MEDIUM
6790,AVAILABLE_INACTIVE,HIGH
6790,AVAILABLE_NO_IMAGE,MEDIUM
6791,AVAILABLE_INACTIVE,HIGH
6791,AVAILABLE_NO_IMAGE,MEDIUM
6792,AVAILABLE_INACTIVE,HIGH
6792,AVAILABLE_NO_IMAGE,MEDIUM
6793,AVAILABLE_INACTIVE,HIGH
6793,AVAILABLE_NO_IMAGE,MEDIUM
6794,AVAILABLE_INACTIVE,HIGH
6794,AVAILABLE_NO_IMAGE,MEDIUM
6795,AVAILABLE_INACTIVE,HIGH
6795,AVAILABLE_NO_IMAGE,MEDIUM
6796,AVAILABLE_INACTIVE,HIGH
6796,AVAILABLE_NO_IMAGE,MEDIUM
6797,AVAILABLE_INACTIVE,HIGH
6797,AVAILABLE_NO_IMAGE,MEDIUM
6798,AVAILABLE_INACTIVE,HIGH
6798,AVAILABLE_NO_IMAGE,MEDIUM
6799,AVAILABLE_INACTIVE,HIGH
6799,AVAILABLE_NO_IMAGE,MEDIUM
6800,AVAILABLE_INACTIVE,HIGH
6800,AVAILABLE_NO_IMAGE,MEDIUM
6801,AVAILABLE_INACTIVE,HIGH
6801,AVAILABLE_NO_IMAGE,MEDIUM
6802,AVAILABLE_INACTIVE,HIGH
6802,AVAILABLE_NO_IMAGE,MEDIUM
6803,AVAILABLE_INACTIVE,HIGH
6803,AVAILABLE_NO_IMAGE,MEDIUM
6804,AVAILABLE_INACTIVE,HIGH
6804,AVAILABLE_NO_IMAGE,MEDIUM
6805,AVAILABLE_INACTIVE,HIGH
6805,AVAILABLE_NO_IMAGE,MEDIUM
6806,AVAILABLE_INACTIVE,HIGH
6806,AVAILABLE_NO_IMAGE,MEDIUM
6807,AVAILABLE_INACTIVE,HIGH
6807,AVAILABLE_NO_IMAGE,MEDIUM
6808,AVAILABLE_INACTIVE,HIGH
6808,AVAILABLE_NO_IMAGE,MEDIUM
6809,AVAILABLE_INACTIVE,HIGH
6809,AVAILABLE_NO_IMAGE,MEDIUM
6810,AVAILABLE_INACTIVE,HIGH
6810,AVAILABLE_NO_IMAGE,MEDIUM
6811,AVAILABLE_INACTIVE,HIGH
6811,AVAILABLE_NO_IMAGE,MEDIUM
6812,AVAILABLE_INACTIVE,HIGH
6812,AVAILABLE_NO_IMAGE,MEDIUM
6813,AVAILABLE_INACTIVE,HIGH
6813,AVAILABLE_NO_IMAGE,MEDIUM
6814,AVAILABLE_INACTIVE,HIGH
6814,AVAILABLE_NO_IMAGE,MEDIUM
6815,AVAILABLE_INACTIVE,HIGH
6815,AVAILABLE_NO_IMAGE,MEDIUM
6816,AVAILABLE_INACTIVE,HIGH
6816,AVAILABLE_NO_IMAGE,MEDIUM
6817,AVAILABLE_INACTIVE,HIGH
6817,AVAILABLE_NO_IMAGE,MEDIUM
6818,AVAILABLE_INACTIVE,HIGH
6818,AVAILABLE_NO_IMAGE,MEDIUM
6819,AVAILABLE_INACTIVE,HIGH
6819,AVAILABLE_NO_IMAGE,MEDIUM
6820,AVAILABLE_INACTIVE,HIGH
6820,AVAILABLE_NO_IMAGE,MEDIUM
6821,AVAILABLE_INACTIVE,HIGH
6821,AVAILABLE_NO_IMAGE,MEDIUM
6823,AVAILABLE_INACTIVE,HIGH
6823,AVAILABLE_NO_IMAGE,MEDIUM
6824,AVAILABLE_INACTIVE,HIGH
6824,AVAILABLE_NO_IMAGE,MEDIUM
6825,AVAILABLE_INACTIVE,HIGH
6825,AVAILABLE_NO_IMAGE,MEDIUM
6826,AVAILABLE_INACTIVE,HIGH
6826,AVAILABLE_NO_IMAGE,MEDIUM
6827,AVAILABLE_INACTIVE,HIGH
6827,AVAILABLE_NO_IMAGE,MEDIUM
6828,AVAILABLE_INACTIVE,HIGH
6828,AVAILABLE_NO_IMAGE,MEDIUM
6829,AVAILABLE_INACTIVE,HIGH
6829,AVAILABLE_NO_IMAGE,MEDIUM
6830,AVAILABLE_INACTIVE,HIGH
6830,AVAILABLE_NO_IMAGE,MEDIUM
6831,AVAILABLE_INACTIVE,HIGH
6831,AVAILABLE_NO_IMAGE,MEDIUM
6832,AVAILABLE_INACTIVE,HIGH
6832,AVAILABLE_NO_IMAGE,MEDIUM
6833,AVAILABLE_INACTIVE,HIGH
6833,AVAILABLE_NO_IMAGE,MEDIUM
6834,AVAILABLE_INACTIVE,HIGH
6834,AVAILABLE_NO_IMAGE,MEDIUM
6835,AVAILABLE_INACTIVE,HIGH
6835,AVAILABLE_NO_IMAGE,MEDIUM
6836,AVAILABLE_INACTIVE,HIGH
6836,AVAILABLE_NO_IMAGE,MEDIUM
6837,AVAILABLE_INACTIVE,HIGH
6837,AVAILABLE_NO_IMAGE,MEDIUM
6838,AVAILABLE_INACTIVE,HIGH
6838,AVAILABLE_NO_IMAGE,MEDIUM
6839,AVAILABLE_INACTIVE,HIGH
6839,AVAILABLE_NO_IMAGE,MEDIUM
6840,AVAILABLE_INACTIVE,HIGH
6840,AVAILABLE_NO_IMAGE,MEDIUM
6841,AVAILABLE_INACTIVE,HIGH
6841,AVAILABLE_NO_IMAGE,MEDIUM
6842,AVAILABLE_INACTIVE,HIGH
6842,AVAILABLE_NO_IMAGE,MEDIUM
6843,AVAILABLE_INACTIVE,HIGH
6843,AVAILABLE_NO_IMAGE,MEDIUM
6844,AVAILABLE_INACTIVE,HIGH
6844,AVAILABLE_NO_IMAGE,MEDIUM
6845,AVAILABLE_INACTIVE,HIGH
6845,AVAILABLE_NO_IMAGE,MEDIUM
6846,AVAILABLE_INACTIVE,HIGH
6846,AVAILABLE_NO_IMAGE,MEDIUM
6847,AVAILABLE_INACTIVE,HIGH
6847,AVAILABLE_NO_IMAGE,MEDIUM
6848,AVAILABLE_INACTIVE,HIGH
6848,AVAILABLE_NO_IMAGE,MEDIUM
6849,AVAILABLE_INACTIVE,HIGH
6849,AVAILABLE_NO_IMAGE,MEDIUM
6850,AVAILABLE_INACTIVE,HIGH
6850,AVAILABLE_NO_IMAGE,MEDIUM
6851,AVAILABLE_INACTIVE,HIGH
6851,AVAILABLE_NO_IMAGE,MEDIUM
6852,AVAILABLE_INACTIVE,HIGH
6852,AVAILABLE_NO_IMAGE,MEDIUM
6853,AVAILABLE_INACTIVE,HIGH
6853,AVAILABLE_NO_IMAGE,MEDIUM
6854,AVAILABLE_INACTIVE,HIGH
6854,AVAILABLE_NO_IMAGE,MEDIUM
6855,AVAILABLE_INACTIVE,HIGH
6855,AVAILABLE_NO_IMAGE,MEDIUM
6856,AVAILABLE_INACTIVE,HIGH
6856,AVAILABLE_NO_IMAGE,MEDIUM
6857,AVAILABLE_INACTIVE,HIGH
6857,AVAILABLE_NO_IMAGE,MEDIUM
6858,AVAILABLE_INACTIVE,HIGH
6858,AVAILABLE_NO_IMAGE,MEDIUM
6859,AVAILABLE_INACTIVE,HIGH
6859,AVAILABLE_NO_IMAGE,MEDIUM
6860,AVAILABLE_INACTIVE,HIGH
6860,AVAILABLE_NO_IMAGE,MEDIUM
6861,AVAILABLE_INACTIVE,HIGH
6861,AVAILABLE_NO_IMAGE,MEDIUM
6862,AVAILABLE_INACTIVE,HIGH
6862,AVAILABLE_NO_IMAGE,MEDIUM
6863,AVAILABLE_INACTIVE,HIGH
6863,AVAILABLE_NO_IMAGE,MEDIUM
6864,AVAILABLE_INACTIVE,HIGH
6864,AVAILABLE_NO_IMAGE,MEDIUM
6865,AVAILABLE_INACTIVE,HIGH
6865,AVAILABLE_NO_IMAGE,MEDIUM
6866,AVAILABLE_INACTIVE,HIGH
6866,AVAILABLE_NO_IMAGE,MEDIUM
6867,AVAILABLE_INACTIVE,HIGH
6867,AVAILABLE_NO_IMAGE,MEDIUM
6868,AVAILABLE_INACTIVE,HIGH
6868,AVAILABLE_NO_IMAGE,MEDIUM
6869,AVAILABLE_INACTIVE,HIGH
6869,AVAILABLE_NO_IMAGE,MEDIUM
6870,AVAILABLE_INACTIVE,HIGH
6870,AVAILABLE_NO_IMAGE,MEDIUM
6871,AVAILABLE_INACTIVE,HIGH
6871,AVAILABLE_NO_IMAGE,MEDIUM
6872,AVAILABLE_INACTIVE,HIGH
6872,AVAILABLE_NO_IMAGE,MEDIUM
6873,AVAILABLE_INACTIVE,HIGH
6873,AVAILABLE_NO_IMAGE,MEDIUM
6874,AVAILABLE_INACTIVE,HIGH
6874,AVAILABLE_NO_IMAGE,MEDIUM
6875,AVAILABLE_INACTIVE,HIGH
6875,AVAILABLE_NO_IMAGE,MEDIUM
6876,AVAILABLE_INACTIVE,HIGH
6876,AVAILABLE_NO_IMAGE,MEDIUM
6877,AVAILABLE_INACTIVE,HIGH
6877,AVAILABLE_NO_IMAGE,MEDIUM
6878,AVAILABLE_INACTIVE,HIGH
6878,AVAILABLE_NO_IMAGE,MEDIUM
6879,AVAILABLE_INACTIVE,HIGH
6879,AVAILABLE_NO_IMAGE,MEDIUM
6880,AVAILABLE_INACTIVE,HIGH
6880,AVAILABLE_NO_IMAGE,MEDIUM
6881,AVAILABLE_INACTIVE,HIGH
6881,AVAILABLE_NO_IMAGE,MEDIUM
6882,AVAILABLE_INACTIVE,HIGH
6882,AVAILABLE_NO_IMAGE,MEDIUM
6883,AVAILABLE_INACTIVE,HIGH
6883,AVAILABLE_NO_IMAGE,MEDIUM
6884,AVAILABLE_INACTIVE,HIGH
6884,AVAILABLE_NO_IMAGE,MEDIUM
6885,AVAILABLE_INACTIVE,HIGH
6885,AVAILABLE_NO_IMAGE,MEDIUM
6886,AVAILABLE_INACTIVE,HIGH
6886,AVAILABLE_NO_IMAGE,MEDIUM
6887,AVAILABLE_INACTIVE,HIGH
6887,AVAILABLE_NO_IMAGE,MEDIUM
6888,AVAILABLE_INACTIVE,HIGH
6888,AVAILABLE_NO_IMAGE,MEDIUM
6889,AVAILABLE_INACTIVE,HIGH
6889,AVAILABLE_NO_IMAGE,MEDIUM
6890,AVAILABLE_INACTIVE,HIGH
6890,AVAILABLE_NO_IMAGE,MEDIUM
6891,AVAILABLE_INACTIVE,HIGH
6891,AVAILABLE_NO_IMAGE,MEDIUM
6892,AVAILABLE_INACTIVE,HIGH
6892,AVAILABLE_NO_IMAGE,MEDIUM
6893,AVAILABLE_INACTIVE,HIGH
6893,AVAILABLE_NO_IMAGE,MEDIUM
6894,AVAILABLE_INACTIVE,HIGH
6894,AVAILABLE_NO_IMAGE,MEDIUM
6895,AVAILABLE_INACTIVE,HIGH
6895,AVAILABLE_NO_IMAGE,MEDIUM
6896,AVAILABLE_INACTIVE,HIGH
6896,AVAILABLE_NO_IMAGE,MEDIUM
6897,AVAILABLE_INACTIVE,HIGH
6897,AVAILABLE_NO_IMAGE,MEDIUM
6898,AVAILABLE_INACTIVE,HIGH
6898,AVAILABLE_NO_IMAGE,MEDIUM
6899,AVAILABLE_INACTIVE,HIGH
6899,AVAILABLE_NO_IMAGE,MEDIUM
6900,AVAILABLE_INACTIVE,HIGH
6900,AVAILABLE_NO_IMAGE,MEDIUM
6901,AVAILABLE_INACTIVE,HIGH
6901,AVAILABLE_NO_IMAGE,MEDIUM
6902,AVAILABLE_INACTIVE,HIGH
6902,AVAILABLE_NO_IMAGE,MEDIUM
6903,AVAILABLE_INACTIVE,HIGH
6903,AVAILABLE_NO_IMAGE,MEDIUM
6904,AVAILABLE_INACTIVE,HIGH
6904,AVAILABLE_NO_IMAGE,MEDIUM
6905,AVAILABLE_INACTIVE,HIGH
6905,AVAILABLE_NO_IMAGE,MEDIUM
6906,AVAILABLE_INACTIVE,HIGH
6906,AVAILABLE_NO_IMAGE,MEDIUM
6907,AVAILABLE_INACTIVE,HIGH
6907,AVAILABLE_NO_IMAGE,MEDIUM
6908,AVAILABLE_INACTIVE,HIGH
6908,AVAILABLE_NO_IMAGE,MEDIUM
6909,AVAILABLE_INACTIVE,HIGH
6909,AVAILABLE_NO_IMAGE,MEDIUM
6910,AVAILABLE_INACTIVE,HIGH
6910,AVAILABLE_NO_IMAGE,MEDIUM
6911,AVAILABLE_INACTIVE,HIGH
6911,AVAILABLE_NO_IMAGE,MEDIUM
6912,AVAILABLE_INACTIVE,HIGH
6912,AVAILABLE_NO_IMAGE,MEDIUM
6913,AVAILABLE_INACTIVE,HIGH
6913,AVAILABLE_NO_IMAGE,MEDIUM
6914,AVAILABLE_INACTIVE,HIGH
6914,AVAILABLE_NO_IMAGE,MEDIUM
6915,AVAILABLE_INACTIVE,HIGH
6915,AVAILABLE_NO_IMAGE,MEDIUM
6916,AVAILABLE_INACTIVE,HIGH
6916,AVAILABLE_NO_IMAGE,MEDIUM
6917,AVAILABLE_INACTIVE,HIGH
6917,AVAILABLE_NO_IMAGE,MEDIUM
6918,AVAILABLE_INACTIVE,HIGH
6918,AVAILABLE_NO_IMAGE,MEDIUM
6919,AVAILABLE_INACTIVE,HIGH
6919,AVAILABLE_NO_IMAGE,MEDIUM
6920,AVAILABLE_INACTIVE,HIGH
6920,AVAILABLE_NO_IMAGE,MEDIUM
6921,AVAILABLE_INACTIVE,HIGH
6921,AVAILABLE_NO_IMAGE,MEDIUM
6922,AVAILABLE_INACTIVE,HIGH
6922,AVAILABLE_NO_IMAGE,MEDIUM
6923,AVAILABLE_INACTIVE,HIGH
6923,AVAILABLE_NO_IMAGE,MEDIUM
6924,AVAILABLE_INACTIVE,HIGH
6924,AVAILABLE_NO_IMAGE,MEDIUM
6925,AVAILABLE_INACTIVE,HIGH
6925,AVAILABLE_NO_IMAGE,MEDIUM
6926,AVAILABLE_INACTIVE,HIGH
6926,AVAILABLE_NO_IMAGE,MEDIUM
6927,AVAILABLE_INACTIVE,HIGH
6927,AVAILABLE_NO_IMAGE,MEDIUM
6928,AVAILABLE_INACTIVE,HIGH
6928,AVAILABLE_NO_IMAGE,MEDIUM
6929,AVAILABLE_INACTIVE,HIGH
6929,AVAILABLE_NO_IMAGE,MEDIUM
6930,AVAILABLE_INACTIVE,HIGH
6930,AVAILABLE_NO_IMAGE,MEDIUM
6931,AVAILABLE_INACTIVE,HIGH
6931,AVAILABLE_NO_IMAGE,MEDIUM
6932,AVAILABLE_INACTIVE,HIGH
6932,AVAILABLE_NO_IMAGE,MEDIUM
6933,AVAILABLE_INACTIVE,HIGH
6933,AVAILABLE_NO_IMAGE,MEDIUM
6934,AVAILABLE_INACTIVE,HIGH
6934,AVAILABLE_NO_IMAGE,MEDIUM
6935,AVAILABLE_INACTIVE,HIGH
6935,AVAILABLE_NO_IMAGE,MEDIUM
6936,AVAILABLE_INACTIVE,HIGH
6936,AVAILABLE_NO_IMAGE,MEDIUM
6937,AVAILABLE_INACTIVE,HIGH
6937,AVAILABLE_NO_IMAGE,MEDIUM
6938,AVAILABLE_INACTIVE,HIGH
6938,AVAILABLE_NO_IMAGE,MEDIUM
6939,AVAILABLE_INACTIVE,HIGH
6939,AVAILABLE_NO_IMAGE,MEDIUM
6940,AVAILABLE_INACTIVE,HIGH
6940,AVAILABLE_NO_IMAGE,MEDIUM
6941,AVAILABLE_INACTIVE,HIGH
6941,AVAILABLE_NO_IMAGE,MEDIUM
6942,AVAILABLE_INACTIVE,HIGH
6942,AVAILABLE_NO_IMAGE,MEDIUM
6943,AVAILABLE_INACTIVE,HIGH
6943,AVAILABLE_NO_IMAGE,MEDIUM
6944,AVAILABLE_INACTIVE,HIGH
6944,AVAILABLE_NO_IMAGE,MEDIUM
6945,AVAILABLE_INACTIVE,HIGH
6945,AVAILABLE_NO_IMAGE,MEDIUM
6946,AVAILABLE_INACTIVE,HIGH
6946,AVAILABLE_NO_IMAGE,MEDIUM
6947,AVAILABLE_INACTIVE,HIGH
6947,AVAILABLE_NO_IMAGE,MEDIUM
6948,AVAILABLE_INACTIVE,HIGH
6948,AVAILABLE_NO_IMAGE,MEDIUM
6949,AVAILABLE_INACTIVE,HIGH
6949,AVAILABLE_NO_IMAGE,MEDIUM
6950,AVAILABLE_INACTIVE,HIGH
6950,AVAILABLE_NO_IMAGE,MEDIUM
6951,AVAILABLE_INACTIVE,HIGH
6951,AVAILABLE_NO_IMAGE,MEDIUM
6952,AVAILABLE_INACTIVE,HIGH
6952,AVAILABLE_NO_IMAGE,MEDIUM
6953,AVAILABLE_INACTIVE,HIGH
6953,AVAILABLE_NO_IMAGE,MEDIUM
6954,AVAILABLE_INACTIVE,HIGH
6954,AVAILABLE_NO_IMAGE,MEDIUM
6955,AVAILABLE_INACTIVE,HIGH
6955,AVAILABLE_NO_IMAGE,MEDIUM
6956,AVAILABLE_INACTIVE,HIGH
6956,AVAILABLE_NO_IMAGE,MEDIUM
6957,AVAILABLE_INACTIVE,HIGH
6957,AVAILABLE_NO_IMAGE,MEDIUM
6958,AVAILABLE_INACTIVE,HIGH
6958,AVAILABLE_NO_IMAGE,MEDIUM
6959,AVAILABLE_INACTIVE,HIGH
6959,AVAILABLE_NO_IMAGE,MEDIUM
6960,AVAILABLE_INACTIVE,HIGH
6960,AVAILABLE_NO_IMAGE,MEDIUM
6961,AVAILABLE_INACTIVE,HIGH
6961,AVAILABLE_NO_IMAGE,MEDIUM
6962,AVAILABLE_INACTIVE,HIGH
6962,AVAILABLE_NO_IMAGE,MEDIUM
6963,AVAILABLE_INACTIVE,HIGH
6963,AVAILABLE_NO_IMAGE,MEDIUM
6964,AVAILABLE_INACTIVE,HIGH
6964,AVAILABLE_NO_IMAGE,MEDIUM
6965,AVAILABLE_INACTIVE,HIGH
6965,AVAILABLE_NO_IMAGE,MEDIUM
6966,AVAILABLE_INACTIVE,HIGH
6966,AVAILABLE_NO_IMAGE,MEDIUM
6967,AVAILABLE_INACTIVE,HIGH
6967,AVAILABLE_NO_IMAGE,MEDIUM
6968,AVAILABLE_INACTIVE,HIGH
6968,AVAILABLE_NO_IMAGE,MEDIUM
6969,AVAILABLE_INACTIVE,HIGH
6969,AVAILABLE_NO_IMAGE,MEDIUM
6970,AVAILABLE_INACTIVE,HIGH
6970,AVAILABLE_NO_IMAGE,MEDIUM
6971,AVAILABLE_INACTIVE,HIGH
6971,AVAILABLE_NO_IMAGE,MEDIUM
6972,AVAILABLE_INACTIVE,HIGH
6972,AVAILABLE_NO_IMAGE,MEDIUM
6973,AVAILABLE_INACTIVE,HIGH
6973,AVAILABLE_NO_IMAGE,MEDIUM
6974,AVAILABLE_INACTIVE,HIGH
6974,AVAILABLE_NO_IMAGE,MEDIUM
6975,AVAILABLE_INACTIVE,HIGH
6975,AVAILABLE_NO_IMAGE,MEDIUM
6976,AVAILABLE_INACTIVE,HIGH
6976,AVAILABLE_NO_IMAGE,MEDIUM
6977,AVAILABLE_INACTIVE,HIGH
6977,AVAILABLE_NO_IMAGE,MEDIUM
6978,AVAILABLE_INACTIVE,HIGH
6978,AVAILABLE_NO_IMAGE,MEDIUM
6979,AVAILABLE_INACTIVE,HIGH
6979,AVAILABLE_NO_IMAGE,MEDIUM
6980,AVAILABLE_INACTIVE,HIGH
6980,AVAILABLE_NO_IMAGE,MEDIUM
6981,AVAILABLE_INACTIVE,HIGH
6981,AVAILABLE_NO_IMAGE,MEDIUM
6982,AVAILABLE_INACTIVE,HIGH
6982,AVAILABLE_NO_IMAGE,MEDIUM
6983,AVAILABLE_INACTIVE,HIGH
6983,AVAILABLE_NO_IMAGE,MEDIUM
6984,AVAILABLE_INACTIVE,HIGH
6984,AVAILABLE_NO_IMAGE,MEDIUM
6985,AVAILABLE_INACTIVE,HIGH
6985,AVAILABLE_NO_IMAGE,MEDIUM
6986,AVAILABLE_INACTIVE,HIGH
6986,AVAILABLE_NO_IMAGE,MEDIUM
6987,AVAILABLE_INACTIVE,HIGH
6987,AVAILABLE_NO_IMAGE,MEDIUM
6988,AVAILABLE_INACTIVE,HIGH
6988,AVAILABLE_NO_IMAGE,MEDIUM
6989,AVAILABLE_INACTIVE,HIGH
6989,AVAILABLE_NO_IMAGE,MEDIUM
6990,AVAILABLE_INACTIVE,HIGH
6990,AVAILABLE_NO_IMAGE,MEDIUM
6991,AVAILABLE_INACTIVE,HIGH
6991,AVAILABLE_NO_IMAGE,MEDIUM
6992,AVAILABLE_INACTIVE,HIGH
6992,AVAILABLE_NO_IMAGE,MEDIUM
6993,AVAILABLE_INACTIVE,HIGH
6993,AVAILABLE_NO_IMAGE,MEDIUM
6994,AVAILABLE_INACTIVE,HIGH
6994,AVAILABLE_NO_IMAGE,MEDIUM
6995,AVAILABLE_INACTIVE,HIGH
6995,AVAILABLE_NO_IMAGE,MEDIUM
6996,AVAILABLE_INACTIVE,HIGH
6996,AVAILABLE_NO_IMAGE,MEDIUM
6997,AVAILABLE_INACTIVE,HIGH
6997,AVAILABLE_NO_IMAGE,MEDIUM
6998,AVAILABLE_INACTIVE,HIGH
6998,AVAILABLE_NO_IMAGE,MEDIUM
6999,AVAILABLE_INACTIVE,HIGH
6999,AVAILABLE_NO_IMAGE,MEDIUM
7000,AVAILABLE_INACTIVE,HIGH
7000,AVAILABLE_NO_IMAGE,MEDIUM
7001,AVAILABLE_INACTIVE,HIGH
7001,AVAILABLE_NO_IMAGE,MEDIUM
7002,AVAILABLE_INACTIVE,HIGH
7002,AVAILABLE_NO_IMAGE,MEDIUM
7003,AVAILABLE_INACTIVE,HIGH
7003,AVAILABLE_NO_IMAGE,MEDIUM
7004,AVAILABLE_INACTIVE,HIGH
7004,AVAILABLE_NO_IMAGE,MEDIUM
7005,AVAILABLE_INACTIVE,HIGH
7005,AVAILABLE_NO_IMAGE,MEDIUM
7006,AVAILABLE_INACTIVE,HIGH
7006,AVAILABLE_NO_IMAGE,MEDIUM
7007,AVAILABLE_INACTIVE,HIGH
7007,AVAILABLE_NO_IMAGE,MEDIUM
7008,AVAILABLE_INACTIVE,HIGH
7008,AVAILABLE_NO_IMAGE,MEDIUM
7009,AVAILABLE_INACTIVE,HIGH
7009,AVAILABLE_NO_IMAGE,MEDIUM
7010,AVAILABLE_INACTIVE,HIGH
7010,AVAILABLE_NO_IMAGE,MEDIUM
7011,AVAILABLE_INACTIVE,HIGH
7011,AVAILABLE_NO_IMAGE,MEDIUM
7012,AVAILABLE_INACTIVE,HIGH
7012,AVAILABLE_NO_IMAGE,MEDIUM
7013,AVAILABLE_INACTIVE,HIGH
7013,AVAILABLE_NO_IMAGE,MEDIUM
7014,AVAILABLE_INACTIVE,HIGH
7014,AVAILABLE_NO_IMAGE,MEDIUM
7015,AVAILABLE_INACTIVE,HIGH
7015,AVAILABLE_NO_IMAGE,MEDIUM
7016,AVAILABLE_INACTIVE,HIGH
7016,AVAILABLE_NO_IMAGE,MEDIUM
7017,AVAILABLE_INACTIVE,HIGH
7017,AVAILABLE_NO_IMAGE,MEDIUM
7018,AVAILABLE_INACTIVE,HIGH
7018,AVAILABLE_NO_IMAGE,MEDIUM
7019,AVAILABLE_INACTIVE,HIGH
7019,AVAILABLE_NO_IMAGE,MEDIUM
7020,AVAILABLE_INACTIVE,HIGH
7020,AVAILABLE_NO_IMAGE,MEDIUM
7021,AVAILABLE_INACTIVE,HIGH
7021,AVAILABLE_NO_IMAGE,MEDIUM
7022,AVAILABLE_INACTIVE,HIGH
7022,AVAILABLE_NO_IMAGE,MEDIUM
7023,AVAILABLE_INACTIVE,HIGH
7023,AVAILABLE_NO_IMAGE,MEDIUM
7024,AVAILABLE_INACTIVE,HIGH
7024,AVAILABLE_NO_IMAGE,MEDIUM
7025,AVAILABLE_INACTIVE,HIGH
7025,AVAILABLE_NO_IMAGE,MEDIUM
7026,AVAILABLE_INACTIVE,HIGH
7026,AVAILABLE_NO_IMAGE,MEDIUM
7027,AVAILABLE_INACTIVE,HIGH
7027,AVAILABLE_NO_IMAGE,MEDIUM
7028,AVAILABLE_INACTIVE,HIGH
7028,AVAILABLE_NO_IMAGE,MEDIUM
7029,AVAILABLE_INACTIVE,HIGH
7029,AVAILABLE_NO_IMAGE,MEDIUM
7030,AVAILABLE_INACTIVE,HIGH
7030,AVAILABLE_NO_IMAGE,MEDIUM
7031,AVAILABLE_INACTIVE,HIGH
7031,AVAILABLE_NO_IMAGE,MEDIUM
7032,AVAILABLE_INACTIVE,HIGH
7032,AVAILABLE_NO_IMAGE,MEDIUM
7033,AVAILABLE_INACTIVE,HIGH
7033,AVAILABLE_NO_IMAGE,MEDIUM
7034,AVAILABLE_INACTIVE,HIGH
7034,AVAILABLE_NO_IMAGE,MEDIUM
7035,AVAILABLE_INACTIVE,HIGH
7035,AVAILABLE_NO_IMAGE,MEDIUM
7036,AVAILABLE_INACTIVE,HIGH
7036,AVAILABLE_NO_IMAGE,MEDIUM
7037,AVAILABLE_INACTIVE,HIGH
7037,AVAILABLE_NO_IMAGE,MEDIUM
7038,AVAILABLE_INACTIVE,HIGH
7038,AVAILABLE_NO_IMAGE,MEDIUM
7039,AVAILABLE_INACTIVE,HIGH
7039,AVAILABLE_NO_IMAGE,MEDIUM
7040,AVAILABLE_INACTIVE,HIGH
7040,AVAILABLE_NO_IMAGE,MEDIUM
7041,AVAILABLE_INACTIVE,HIGH
7041,AVAILABLE_NO_IMAGE,MEDIUM
7042,AVAILABLE_INACTIVE,HIGH
7042,AVAILABLE_NO_IMAGE,MEDIUM
7043,AVAILABLE_INACTIVE,HIGH
7043,AVAILABLE_NO_IMAGE,MEDIUM
7044,AVAILABLE_INACTIVE,HIGH
7044,AVAILABLE_NO_IMAGE,MEDIUM
7045,AVAILABLE_INACTIVE,HIGH
7045,AVAILABLE_NO_IMAGE,MEDIUM
7046,AVAILABLE_INACTIVE,HIGH
7046,AVAILABLE_NO_IMAGE,MEDIUM
7047,AVAILABLE_INACTIVE,HIGH
7047,AVAILABLE_NO_IMAGE,MEDIUM
7048,AVAILABLE_INACTIVE,HIGH
7048,AVAILABLE_NO_IMAGE,MEDIUM
7049,AVAILABLE_INACTIVE,HIGH
7049,AVAILABLE_NO_IMAGE,MEDIUM
7050,AVAILABLE_INACTIVE,HIGH
7050,AVAILABLE_NO_IMAGE,MEDIUM
7051,AVAILABLE_INACTIVE,HIGH
7051,AVAILABLE_NO_IMAGE,MEDIUM
7052,AVAILABLE_INACTIVE,HIGH
7052,AVAILABLE_NO_IMAGE,MEDIUM
7053,AVAILABLE_INACTIVE,HIGH
7053,AVAILABLE_NO_IMAGE,MEDIUM
7054,AVAILABLE_INACTIVE,HIGH
7054,AVAILABLE_NO_IMAGE,MEDIUM
7055,AVAILABLE_INACTIVE,HIGH
7055,AVAILABLE_NO_IMAGE,MEDIUM
7056,AVAILABLE_INACTIVE,HIGH
7056,AVAILABLE_NO_IMAGE,MEDIUM
7057,AVAILABLE_INACTIVE,HIGH
7057,AVAILABLE_NO_IMAGE,MEDIUM
7058,AVAILABLE_INACTIVE,HIGH
7058,AVAILABLE_NO_IMAGE,MEDIUM
7059,AVAILABLE_INACTIVE,HIGH
7059,AVAILABLE_NO_IMAGE,MEDIUM
7060,AVAILABLE_INACTIVE,HIGH
7060,AVAILABLE_NO_IMAGE,MEDIUM
7061,AVAILABLE_INACTIVE,HIGH
7061,AVAILABLE_NO_IMAGE,MEDIUM
7062,AVAILABLE_INACTIVE,HIGH
7062,AVAILABLE_NO_IMAGE,MEDIUM
7063,AVAILABLE_INACTIVE,HIGH
7063,AVAILABLE_NO_IMAGE,MEDIUM
7064,AVAILABLE_INACTIVE,HIGH
7064,AVAILABLE_NO_IMAGE,MEDIUM
7065,AVAILABLE_INACTIVE,HIGH
7065,AVAILABLE_NO_IMAGE,MEDIUM
7066,AVAILABLE_INACTIVE,HIGH
7066,AVAILABLE_NO_IMAGE,MEDIUM
7067,AVAILABLE_INACTIVE,HIGH
7067,AVAILABLE_NO_IMAGE,MEDIUM
7068,AVAILABLE_INACTIVE,HIGH
7068,AVAILABLE_NO_IMAGE,MEDIUM
7069,AVAILABLE_INACTIVE,HIGH
7069,AVAILABLE_NO_IMAGE,MEDIUM
7070,AVAILABLE_INACTIVE,HIGH
7070,AVAILABLE_NO_IMAGE,MEDIUM
7071,AVAILABLE_INACTIVE,HIGH
7071,AVAILABLE_NO_IMAGE,MEDIUM
7072,AVAILABLE_INACTIVE,HIGH
7072,AVAILABLE_NO_IMAGE,MEDIUM
7073,AVAILABLE_INACTIVE,HIGH
7073,AVAILABLE_NO_IMAGE,MEDIUM
7074,AVAILABLE_INACTIVE,HIGH
7074,AVAILABLE_NO_IMAGE,MEDIUM
7075,AVAILABLE_INACTIVE,HIGH
7075,AVAILABLE_NO_IMAGE,MEDIUM
7076,AVAILABLE_INACTIVE,HIGH
7076,AVAILABLE_NO_IMAGE,MEDIUM
7077,AVAILABLE_INACTIVE,HIGH
7077,AVAILABLE_NO_IMAGE,MEDIUM
7078,AVAILABLE_INACTIVE,HIGH
7078,AVAILABLE_NO_IMAGE,MEDIUM
7079,AVAILABLE_INACTIVE,HIGH
7079,AVAILABLE_NO_IMAGE,MEDIUM
7080,AVAILABLE_INACTIVE,HIGH
7080,AVAILABLE_NO_IMAGE,MEDIUM
7081,AVAILABLE_INACTIVE,HIGH
7081,AVAILABLE_NO_IMAGE,MEDIUM
7082,AVAILABLE_INACTIVE,HIGH
7082,AVAILABLE_NO_IMAGE,MEDIUM
7083,AVAILABLE_INACTIVE,HIGH
7083,AVAILABLE_NO_IMAGE,MEDIUM
7084,AVAILABLE_INACTIVE,HIGH
7084,AVAILABLE_NO_IMAGE,MEDIUM
7085,AVAILABLE_INACTIVE,HIGH
7085,AVAILABLE_NO_IMAGE,MEDIUM
7086,AVAILABLE_INACTIVE,HIGH
7086,AVAILABLE_NO_IMAGE,MEDIUM
7087,AVAILABLE_INACTIVE,HIGH
7087,AVAILABLE_NO_IMAGE,MEDIUM
7088,AVAILABLE_INACTIVE,HIGH
7088,AVAILABLE_NO_IMAGE,MEDIUM
7089,AVAILABLE_INACTIVE,HIGH
7089,AVAILABLE_NO_IMAGE,MEDIUM
7090,AVAILABLE_INACTIVE,HIGH
7090,AVAILABLE_NO_IMAGE,MEDIUM
7091,AVAILABLE_INACTIVE,HIGH
7091,AVAILABLE_NO_IMAGE,MEDIUM
7092,AVAILABLE_INACTIVE,HIGH
7092,AVAILABLE_NO_IMAGE,MEDIUM
7093,AVAILABLE_INACTIVE,HIGH
7093,AVAILABLE_NO_IMAGE,MEDIUM
7094,AVAILABLE_INACTIVE,HIGH
7094,AVAILABLE_NO_IMAGE,MEDIUM
7095,AVAILABLE_INACTIVE,HIGH
7095,AVAILABLE_NO_IMAGE,MEDIUM
7096,AVAILABLE_INACTIVE,HIGH
7096,AVAILABLE_NO_IMAGE,MEDIUM
7097,AVAILABLE_INACTIVE,HIGH
7097,AVAILABLE_NO_IMAGE,MEDIUM
7098,AVAILABLE_INACTIVE,HIGH
7098,AVAILABLE_NO_IMAGE,MEDIUM
7099,AVAILABLE_INACTIVE,HIGH
7099,AVAILABLE_NO_IMAGE,MEDIUM
7100,AVAILABLE_INACTIVE,HIGH
7100,AVAILABLE_NO_IMAGE,MEDIUM
7101,AVAILABLE_INACTIVE,HIGH
7101,AVAILABLE_NO_IMAGE,MEDIUM
7102,AVAILABLE_INACTIVE,HIGH
7102,AVAILABLE_NO_IMAGE,MEDIUM
7103,AVAILABLE_INACTIVE,HIGH
7103,AVAILABLE_NO_IMAGE,MEDIUM
7104,AVAILABLE_INACTIVE,HIGH
7104,AVAILABLE_NO_IMAGE,MEDIUM
7105,AVAILABLE_INACTIVE,HIGH
7105,AVAILABLE_NO_IMAGE,MEDIUM
7106,AVAILABLE_INACTIVE,HIGH
7106,AVAILABLE_NO_IMAGE,MEDIUM
7107,AVAILABLE_INACTIVE,HIGH
7107,AVAILABLE_NO_IMAGE,MEDIUM
7108,AVAILABLE_INACTIVE,HIGH
7108,AVAILABLE_NO_IMAGE,MEDIUM
7109,AVAILABLE_INACTIVE,HIGH
7109,AVAILABLE_NO_IMAGE,MEDIUM
7110,AVAILABLE_INACTIVE,HIGH
7110,AVAILABLE_NO_IMAGE,MEDIUM
7111,AVAILABLE_INACTIVE,HIGH
7111,AVAILABLE_NO_IMAGE,MEDIUM
7112,AVAILABLE_INACTIVE,HIGH
7112,AVAILABLE_NO_IMAGE,MEDIUM
7113,AVAILABLE_INACTIVE,HIGH
7113,AVAILABLE_NO_IMAGE,MEDIUM
7114,AVAILABLE_INACTIVE,HIGH
7114,AVAILABLE_NO_IMAGE,MEDIUM
7115,AVAILABLE_INACTIVE,HIGH
7115,AVAILABLE_NO_IMAGE,MEDIUM
