product_id,sku,brand,remediation_type,blocker,automation_class,exact_next_action,priority_tier
1044,1012-0010,Dasqua | داسکوا,AVAILABILITY_ENABLE,UNAVAILABLE,AUTO_AFTER_SOURCE_AUTHORITY,Obtain/refresh supplier stock authority for brand=Dasqua | داسکوا; exact SKU 1012-0010 already known; do not infer from price,P1
1221,2020-1005,Dasqua | داسکوا,AVAILABILITY_ENABLE,UNAVAILABLE,AUTO_AFTER_SOURCE_AUTHORITY,Obtain/refresh supplier stock authority for brand=Dasqua | داسکوا; exact SKU 2020-1005 already known; do not infer from price,P1
1234,2115-2305,Dasqua | داسکوا,AVAILABILITY_ENABLE,UNAVAILABLE,AUTO_AFTER_SOURCE_AUTHORITY,Obtain/refresh supplier stock authority for brand=Dasqua | داسکوا; exact SKU 2115-2305 already known; do not infer from price,P1
1244,2220-8105,Dasqua | داسکوا,AVAILABILITY_ENABLE,UNAVAILABLE,AUTO_AFTER_SOURCE_AUTHORITY,Obtain/refresh supplier stock authority for brand=Dasqua | داسکوا; exact SKU 2220-8105 already known; do not infer from price,P1
1482,4910-4105,Dasqua | داسکوا,AVAILABILITY_ENABLE,UNAVAILABLE,AUTO_AFTER_SOURCE_AUTHORITY,Obtain/refresh supplier stock authority for brand=Dasqua | داسکوا; exact SKU 4910-4105 already known; do not infer from price,P1
1513,5221-1129,Dasqua | داسکوا,AVAILABILITY_ENABLE,UNAVAILABLE,AUTO_AFTER_SOURCE_AUTHORITY,Obtain/refresh supplier stock authority for brand=Dasqua | داسکوا; exact SKU 5221-1129 already known; do not infer from price,P1
1518,5223-3105,Dasqua | داسکوا,AVAILABILITY_ENABLE,UNAVAILABLE,AUTO_AFTER_SOURCE_AUTHORITY,Obtain/refresh supplier stock authority for brand=Dasqua | داسکوا; exact SKU 5223-3105 already known; do not infer from price,P1
1560,5510-0005,Dasqua | داسکوا,AVAILABILITY_ENABLE,UNAVAILABLE,AUTO_AFTER_SOURCE_AUTHORITY,Obtain/refresh supplier stock authority for brand=Dasqua | داسکوا; exact SKU 5510-0005 already known; do not infer from price,P1
1561,5511-1100,Dasqua | داسکوا,AVAILABILITY_ENABLE,UNAVAILABLE,AUTO_AFTER_SOURCE_AUTHORITY,Obtain/refresh supplier stock authority for brand=Dasqua | داسکوا; exact SKU 5511-1100 already known; do not infer from price,P1
1562,5511-1105,Dasqua | داسکوا,AVAILABILITY_ENABLE,UNAVAILABLE,AUTO_AFTER_SOURCE_AUTHORITY,Obtain/refresh supplier stock authority for brand=Dasqua | داسکوا; exact SKU 5511-1105 already known; do not infer from price,P1
1563,5511-1110,Dasqua | داسکوا,AVAILABILITY_ENABLE,UNAVAILABLE,AUTO_AFTER_SOURCE_AUTHORITY,Obtain/refresh supplier stock authority for brand=Dasqua | داسکوا; exact SKU 5511-1110 already known; do not infer from price,P1
1564,5511-1115,Dasqua | داسکوا,AVAILABILITY_ENABLE,UNAVAILABLE,AUTO_AFTER_SOURCE_AUTHORITY,Obtain/refresh supplier stock authority for brand=Dasqua | داسکوا; exact SKU 5511-1115 already known; do not infer from price,P1
1566,5511-1121,Dasqua | داسکوا,AVAILABILITY_ENABLE,UNAVAILABLE,AUTO_AFTER_SOURCE_AUTHORITY,Obtain/refresh supplier stock authority for brand=Dasqua | داسکوا; exact SKU 5511-1121 already known; do not infer from price,P1
1567,5511-1130,Dasqua | داسکوا,AVAILABILITY_ENABLE,UNAVAILABLE,AUTO_AFTER_SOURCE_AUTHORITY,Obtain/refresh supplier stock authority for brand=Dasqua | داسکوا; exact SKU 5511-1130 already known; do not infer from price,P1
1568,5511-1135,Dasqua | داسکوا,AVAILABILITY_ENABLE,UNAVAILABLE,AUTO_AFTER_SOURCE_AUTHORITY,Obtain/refresh supplier stock authority for brand=Dasqua | داسکوا; exact SKU 5511-1135 already known; do not infer from price,P1
1569,5511-1140,Dasqua | داسکوا,AVAILABILITY_ENABLE,UNAVAILABLE,AUTO_AFTER_SOURCE_AUTHORITY,Obtain/refresh supplier stock authority for brand=Dasqua | داسکوا; exact SKU 5511-1140 already known; do not infer from price,P1
1570,5511-2105,Dasqua | داسکوا,AVAILABILITY_ENABLE,UNAVAILABLE,AUTO_AFTER_SOURCE_AUTHORITY,Obtain/refresh supplier stock authority for brand=Dasqua | داسکوا; exact SKU 5511-2105 already known; do not infer from price,P1
1571,5511-2110,Dasqua | داسکوا,AVAILABILITY_ENABLE,UNAVAILABLE,AUTO_AFTER_SOURCE_AUTHORITY,Obtain/refresh supplier stock authority for brand=Dasqua | داسکوا; exact SKU 5511-2110 already known; do not infer from price,P1
1572,5511-2115,Dasqua | داسکوا,AVAILABILITY_ENABLE,UNAVAILABLE,AUTO_AFTER_SOURCE_AUTHORITY,Obtain/refresh supplier stock authority for brand=Dasqua | داسکوا; exact SKU 5511-2115 already known; do not infer from price,P1
1573,5511-2120,Dasqua | داسکوا,AVAILABILITY_ENABLE,UNAVAILABLE,AUTO_AFTER_SOURCE_AUTHORITY,Obtain/refresh supplier stock authority for brand=Dasqua | داسکوا; exact SKU 5511-2120 already known; do not infer from price,P1
1574,5511-2130,Dasqua | داسکوا,AVAILABILITY_ENABLE,UNAVAILABLE,AUTO_AFTER_SOURCE_AUTHORITY,Obtain/refresh supplier stock authority for brand=Dasqua | داسکوا; exact SKU 5511-2130 already known; do not infer from price,P1
1614,5911-0002,Dasqua | داسکوا,AVAILABILITY_ENABLE,UNAVAILABLE,AUTO_AFTER_SOURCE_AUTHORITY,Obtain/refresh supplier stock authority for brand=Dasqua | داسکوا; exact SKU 5911-0002 already known; do not infer from price,P1
1775,1106-301,INSIZE | اینسایز,AVAILABILITY_ENABLE,UNAVAILABLE,AUTO_AFTER_SOURCE_AUTHORITY,Obtain/refresh supplier stock authority for brand=INSIZE | اینسایز; exact SKU 1106-301 already known; do not infer from price,P1
1776,1106-302,INSIZE | اینسایز,AVAILABILITY_ENABLE,UNAVAILABLE,AUTO_AFTER_SOURCE_AUTHORITY,Obtain/refresh supplier stock authority for brand=INSIZE | اینسایز; exact SKU 1106-302 already known; do not infer from price,P1
1778,1106-502,INSIZE | اینسایز,AVAILABILITY_ENABLE,UNAVAILABLE,AUTO_AFTER_SOURCE_AUTHORITY,Obtain/refresh supplier stock authority for brand=INSIZE | اینسایز; exact SKU 1106-502 already known; do not infer from price,P1
1779,1106-503,INSIZE | اینسایز,AVAILABILITY_ENABLE,UNAVAILABLE,AUTO_AFTER_SOURCE_AUTHORITY,Obtain/refresh supplier stock authority for brand=INSIZE | اینسایز; exact SKU 1106-503 already known; do not infer from price,P1
1780,1106-505,INSIZE | اینسایز,AVAILABILITY_ENABLE,UNAVAILABLE,AUTO_AFTER_SOURCE_AUTHORITY,Obtain/refresh supplier stock authority for brand=INSIZE | اینسایز; exact SKU 1106-505 already known; do not infer from price,P1
1781,1106-601,INSIZE | اینسایز,AVAILABILITY_ENABLE,UNAVAILABLE,AUTO_AFTER_SOURCE_AUTHORITY,Obtain/refresh supplier stock authority for brand=INSIZE | اینسایز; exact SKU 1106-601 already known; do not infer from price,P1
1782,1106-602,INSIZE | اینسایز,AVAILABILITY_ENABLE,UNAVAILABLE,AUTO_AFTER_SOURCE_AUTHORITY,Obtain/refresh supplier stock authority for brand=INSIZE | اینسایز; exact SKU 1106-602 already known; do not infer from price,P1
1783,1106-603,INSIZE | اینسایز,AVAILABILITY_ENABLE,UNAVAILABLE,AUTO_AFTER_SOURCE_AUTHORITY,Obtain/refresh supplier stock authority for brand=INSIZE | اینسایز; exact SKU 1106-603 already known; do not infer from price,P1
1784,1106-802,INSIZE | اینسایز,AVAILABILITY_ENABLE,UNAVAILABLE,AUTO_AFTER_SOURCE_AUTHORITY,Obtain/refresh supplier stock authority for brand=INSIZE | اینسایز; exact SKU 1106-802 already known; do not infer from price,P1
1788,1111-100,INSIZE | اینسایز,AVAILABILITY_ENABLE,UNAVAILABLE,AUTO_AFTER_SOURCE_AUTHORITY,Obtain/refresh supplier stock authority for brand=INSIZE | اینسایز; exact SKU 1111-100 already known; do not infer from price,P1
1795,1120-150,INSIZE | اینسایز,AVAILABILITY_ENABLE,UNAVAILABLE,AUTO_AFTER_SOURCE_AUTHORITY,Obtain/refresh supplier stock authority for brand=INSIZE | اینسایز; exact SKU 1120-150 already known; do not infer from price,P1
1798,1120-500,INSIZE | اینسایز,AVAILABILITY_ENABLE,UNAVAILABLE,AUTO_AFTER_SOURCE_AUTHORITY,Obtain/refresh supplier stock authority for brand=INSIZE | اینسایز; exact SKU 1120-500 already known; do not infer from price,P1
1799,1121-150,INSIZE | اینسایز,AVAILABILITY_ENABLE,UNAVAILABLE,AUTO_AFTER_SOURCE_AUTHORITY,Obtain/refresh supplier stock authority for brand=INSIZE | اینسایز; exact SKU 1121-150 already known; do not infer from price,P1
1800,1122-300,INSIZE | اینسایز,AVAILABILITY_ENABLE,UNAVAILABLE,AUTO_AFTER_SOURCE_AUTHORITY,Obtain/refresh supplier stock authority for brand=INSIZE | اینسایز; exact SKU 1122-300 already known; do not infer from price,P1
1801,1123-150,INSIZE | اینسایز,AVAILABILITY_ENABLE,UNAVAILABLE,AUTO_AFTER_SOURCE_AUTHORITY,Obtain/refresh supplier stock authority for brand=INSIZE | اینسایز; exact SKU 1123-150 already known; do not infer from price,P1
1803,1135-601,INSIZE | اینسایز,AVAILABILITY_ENABLE,UNAVAILABLE,AUTO_AFTER_SOURCE_AUTHORITY,Obtain/refresh supplier stock authority for brand=INSIZE | اینسایز; exact SKU 1135-601 already known; do not infer from price,P1
1804,1136-501,INSIZE | اینسایز,AVAILABILITY_ENABLE,UNAVAILABLE,AUTO_AFTER_SOURCE_AUTHORITY,Obtain/refresh supplier stock authority for brand=INSIZE | اینسایز; exact SKU 1136-501 already known; do not infer from price,P1
1805,1136-502,INSIZE | اینسایز,AVAILABILITY_ENABLE,UNAVAILABLE,AUTO_AFTER_SOURCE_AUTHORITY,Obtain/refresh supplier stock authority for brand=INSIZE | اینسایز; exact SKU 1136-502 already known; do not infer from price,P1
1806,1136-503,INSIZE | اینسایز,AVAILABILITY_ENABLE,UNAVAILABLE,AUTO_AFTER_SOURCE_AUTHORITY,Obtain/refresh supplier stock authority for brand=INSIZE | اینسایز; exact SKU 1136-503 already known; do not infer from price,P1
1807,1136-601,INSIZE | اینسایز,AVAILABILITY_ENABLE,UNAVAILABLE,AUTO_AFTER_SOURCE_AUTHORITY,Obtain/refresh supplier stock authority for brand=INSIZE | اینسایز; exact SKU 1136-601 already known; do not infer from price,P1
1808,1140-100,INSIZE | اینسایز,AVAILABILITY_ENABLE,UNAVAILABLE,AUTO_AFTER_SOURCE_AUTHORITY,Obtain/refresh supplier stock authority for brand=INSIZE | اینسایز; exact SKU 1140-100 already known; do not infer from price,P1
1809,1140-150,INSIZE | اینسایز,AVAILABILITY_ENABLE,UNAVAILABLE,AUTO_AFTER_SOURCE_AUTHORITY,Obtain/refresh supplier stock authority for brand=INSIZE | اینسایز; exact SKU 1140-150 already known; do not infer from price,P1
1814,1142-150,INSIZE | اینسایز,AVAILABILITY_ENABLE,UNAVAILABLE,AUTO_AFTER_SOURCE_AUTHORITY,Obtain/refresh supplier stock authority for brand=INSIZE | اینسایز; exact SKU 1142-150 already known; do not infer from price,P1
1817,1144-150,INSIZE | اینسایز,AVAILABILITY_ENABLE,UNAVAILABLE,AUTO_AFTER_SOURCE_AUTHORITY,Obtain/refresh supplier stock authority for brand=INSIZE | اینسایز; exact SKU 1144-150 already known; do not infer from price,P1
1822,1150-600,INSIZE | اینسایز,AVAILABILITY_ENABLE,UNAVAILABLE,AUTO_AFTER_SOURCE_AUTHORITY,Obtain/refresh supplier stock authority for brand=INSIZE | اینسایز; exact SKU 1150-600 already known; do not infer from price,P1
1823,1151-300,INSIZE | اینسایز,AVAILABILITY_ENABLE,UNAVAILABLE,AUTO_AFTER_SOURCE_AUTHORITY,Obtain/refresh supplier stock authority for brand=INSIZE | اینسایز; exact SKU 1151-300 already known; do not infer from price,P1
1825,1156-300,INSIZE | اینسایز,AVAILABILITY_ENABLE,UNAVAILABLE,AUTO_AFTER_SOURCE_AUTHORITY,Obtain/refresh supplier stock authority for brand=INSIZE | اینسایز; exact SKU 1156-300 already known; do not infer from price,P1
1826,1156-600,INSIZE | اینسایز,AVAILABILITY_ENABLE,UNAVAILABLE,AUTO_AFTER_SOURCE_AUTHORITY,Obtain/refresh supplier stock authority for brand=INSIZE | اینسایز; exact SKU 1156-600 already known; do not infer from price,P1
1827,1161-150,INSIZE | اینسایز,AVAILABILITY_ENABLE,UNAVAILABLE,AUTO_AFTER_SOURCE_AUTHORITY,Obtain/refresh supplier stock authority for brand=INSIZE | اینسایز; exact SKU 1161-150 already known; do not infer from price,P1
1828,1169-150,INSIZE | اینسایز,AVAILABILITY_ENABLE,UNAVAILABLE,AUTO_AFTER_SOURCE_AUTHORITY,Obtain/refresh supplier stock authority for brand=INSIZE | اینسایز; exact SKU 1169-150 already known; do not infer from price,P1
1829,1170-300,INSIZE | اینسایز,AVAILABILITY_ENABLE,UNAVAILABLE,AUTO_AFTER_SOURCE_AUTHORITY,Obtain/refresh supplier stock authority for brand=INSIZE | اینسایز; exact SKU 1170-300 already known; do not infer from price,P1
1830,1172-200,INSIZE | اینسایز,AVAILABILITY_ENABLE,UNAVAILABLE,AUTO_AFTER_SOURCE_AUTHORITY,Obtain/refresh supplier stock authority for brand=INSIZE | اینسایز; exact SKU 1172-200 already known; do not infer from price,P1
1832,1176-200,INSIZE | اینسایز,AVAILABILITY_ENABLE,UNAVAILABLE,AUTO_AFTER_SOURCE_AUTHORITY,Obtain/refresh supplier stock authority for brand=INSIZE | اینسایز; exact SKU 1176-200 already known; do not infer from price,P1
1833,1178-300,INSIZE | اینسایز,AVAILABILITY_ENABLE,UNAVAILABLE,AUTO_AFTER_SOURCE_AUTHORITY,Obtain/refresh supplier stock authority for brand=INSIZE | اینسایز; exact SKU 1178-300 already known; do not infer from price,P1
1834,1183-150,INSIZE | اینسایز,AVAILABILITY_ENABLE,UNAVAILABLE,AUTO_AFTER_SOURCE_AUTHORITY,Obtain/refresh supplier stock authority for brand=INSIZE | اینسایز; exact SKU 1183-150 already known; do not infer from price,P1
1835,1185-150,INSIZE | اینسایز,AVAILABILITY_ENABLE,UNAVAILABLE,AUTO_AFTER_SOURCE_AUTHORITY,Obtain/refresh supplier stock authority for brand=INSIZE | اینسایز; exact SKU 1185-150 already known; do not infer from price,P1
1836,1186-150,INSIZE | اینسایز,AVAILABILITY_ENABLE,UNAVAILABLE,AUTO_AFTER_SOURCE_AUTHORITY,Obtain/refresh supplier stock authority for brand=INSIZE | اینسایز; exact SKU 1186-150 already known; do not infer from price,P1
1839,1187-150,INSIZE | اینسایز,AVAILABILITY_ENABLE,UNAVAILABLE,AUTO_AFTER_SOURCE_AUTHORITY,Obtain/refresh supplier stock authority for brand=INSIZE | اینسایز; exact SKU 1187-150 already known; do not infer from price,P1
1840,1188-150,INSIZE | اینسایز,AVAILABILITY_ENABLE,UNAVAILABLE,AUTO_AFTER_SOURCE_AUTHORITY,Obtain/refresh supplier stock authority for brand=INSIZE | اینسایز; exact SKU 1188-150 already known; do not infer from price,P1
1842,1208-511,INSIZE | اینسایز,AVAILABILITY_ENABLE,UNAVAILABLE,AUTO_AFTER_SOURCE_AUTHORITY,Obtain/refresh supplier stock authority for brand=INSIZE | اینسایز; exact SKU 1208-511 already known; do not infer from price,P1
1843,1208-524,INSIZE | اینسایز,AVAILABILITY_ENABLE,UNAVAILABLE,AUTO_AFTER_SOURCE_AUTHORITY,Obtain/refresh supplier stock authority for brand=INSIZE | اینسایز; exact SKU 1208-524 already known; do not infer from price,P1
1844,1208-824,INSIZE | اینسایز,AVAILABILITY_ENABLE,UNAVAILABLE,AUTO_AFTER_SOURCE_AUTHORITY,Obtain/refresh supplier stock authority for brand=INSIZE | اینسایز; exact SKU 1208-824 already known; do not infer from price,P1
1847,1215-1032,INSIZE | اینسایز,AVAILABILITY_ENABLE,UNAVAILABLE,AUTO_AFTER_SOURCE_AUTHORITY,Obtain/refresh supplier stock authority for brand=INSIZE | اینسایز; exact SKU 1215-1032 already known; do not infer from price,P1
1848,1215-1052,INSIZE | اینسایز,AVAILABILITY_ENABLE,UNAVAILABLE,AUTO_AFTER_SOURCE_AUTHORITY,Obtain/refresh supplier stock authority for brand=INSIZE | اینسایز; exact SKU 1215-1052 already known; do not infer from price,P1
1849,1215-322,INSIZE | اینسایز,AVAILABILITY_ENABLE,UNAVAILABLE,AUTO_AFTER_SOURCE_AUTHORITY,Obtain/refresh supplier stock authority for brand=INSIZE | اینسایز; exact SKU 1215-322 already known; do not infer from price,P1
1850,1215-392,INSIZE | اینسایز,AVAILABILITY_ENABLE,UNAVAILABLE,AUTO_AFTER_SOURCE_AUTHORITY,Obtain/refresh supplier stock authority for brand=INSIZE | اینسایز; exact SKU 1215-392 already known; do not infer from price,P1
1851,1215-522,INSIZE | اینسایز,AVAILABILITY_ENABLE,UNAVAILABLE,AUTO_AFTER_SOURCE_AUTHORITY,Obtain/refresh supplier stock authority for brand=INSIZE | اینسایز; exact SKU 1215-522 already known; do not infer from price,P1
1852,1215-532,INSIZE | اینسایز,AVAILABILITY_ENABLE,UNAVAILABLE,AUTO_AFTER_SOURCE_AUTHORITY,Obtain/refresh supplier stock authority for brand=INSIZE | اینسایز; exact SKU 1215-532 already known; do not infer from price,P1
1853,1215-622,INSIZE | اینسایز,AVAILABILITY_ENABLE,UNAVAILABLE,AUTO_AFTER_SOURCE_AUTHORITY,Obtain/refresh supplier stock authority for brand=INSIZE | اینسایز; exact SKU 1215-622 already known; do not infer from price,P1
1854,1215-822,INSIZE | اینسایز,AVAILABILITY_ENABLE,UNAVAILABLE,AUTO_AFTER_SOURCE_AUTHORITY,Obtain/refresh supplier stock authority for brand=INSIZE | اینسایز; exact SKU 1215-822 already known; do not infer from price,P1
1855,1217-3001,INSIZE | اینسایز,AVAILABILITY_ENABLE,UNAVAILABLE,AUTO_AFTER_SOURCE_AUTHORITY,Obtain/refresh supplier stock authority for brand=INSIZE | اینسایز; exact SKU 1217-3001 already known; do not infer from price,P1
1856,1236-394,INSIZE | اینسایز,AVAILABILITY_ENABLE,UNAVAILABLE,AUTO_AFTER_SOURCE_AUTHORITY,Obtain/refresh supplier stock authority for brand=INSIZE | اینسایز; exact SKU 1236-394 already known; do not infer from price,P1
1857,1236-524,INSIZE | اینسایز,AVAILABILITY_ENABLE,UNAVAILABLE,AUTO_AFTER_SOURCE_AUTHORITY,Obtain/refresh supplier stock authority for brand=INSIZE | اینسایز; exact SKU 1236-524 already known; do not infer from price,P1
1858,1250-300,INSIZE | اینسایز,AVAILABILITY_ENABLE,UNAVAILABLE,AUTO_AFTER_SOURCE_AUTHORITY,Obtain/refresh supplier stock authority for brand=INSIZE | اینسایز; exact SKU 1250-300 already known; do not infer from price,P1
1859,1250-600,INSIZE | اینسایز,AVAILABILITY_ENABLE,UNAVAILABLE,AUTO_AFTER_SOURCE_AUTHORITY,Obtain/refresh supplier stock authority for brand=INSIZE | اینسایز; exact SKU 1250-600 already known; do not infer from price,P1
1860,1311-150,INSIZE | اینسایز,AVAILABILITY_ENABLE,UNAVAILABLE,AUTO_AFTER_SOURCE_AUTHORITY,Obtain/refresh supplier stock authority for brand=INSIZE | اینسایز; exact SKU 1311-150 already known; do not infer from price,P1
1863,1312-150,INSIZE | اینسایز,AVAILABILITY_ENABLE,UNAVAILABLE,AUTO_AFTER_SOURCE_AUTHORITY,Obtain/refresh supplier stock authority for brand=INSIZE | اینسایز; exact SKU 1312-150 already known; do not infer from price,P1
1866,1316-500,INSIZE | اینسایز,AVAILABILITY_ENABLE,UNAVAILABLE,AUTO_AFTER_SOURCE_AUTHORITY,Obtain/refresh supplier stock authority for brand=INSIZE | اینسایز; exact SKU 1316-500 already known; do not infer from price,P1
1867,1340-150,INSIZE | اینسایز,AVAILABILITY_ENABLE,UNAVAILABLE,AUTO_AFTER_SOURCE_AUTHORITY,Obtain/refresh supplier stock authority for brand=INSIZE | اینسایز; exact SKU 1340-150 already known; do not infer from price,P1
1868,1340-200,INSIZE | اینسایز,AVAILABILITY_ENABLE,UNAVAILABLE,AUTO_AFTER_SOURCE_AUTHORITY,Obtain/refresh supplier stock authority for brand=INSIZE | اینسایز; exact SKU 1340-200 already known; do not infer from price,P1
1869,1340-300,INSIZE | اینسایز,AVAILABILITY_ENABLE,UNAVAILABLE,AUTO_AFTER_SOURCE_AUTHORITY,Obtain/refresh supplier stock authority for brand=INSIZE | اینسایز; exact SKU 1340-300 already known; do not infer from price,P1
1870,1520-150,INSIZE | اینسایز,AVAILABILITY_ENABLE,UNAVAILABLE,AUTO_AFTER_SOURCE_AUTHORITY,Obtain/refresh supplier stock authority for brand=INSIZE | اینسایز; exact SKU 1520-150 already known; do not infer from price,P1
1871,1530-300,INSIZE | اینسایز,AVAILABILITY_ENABLE,UNAVAILABLE,AUTO_AFTER_SOURCE_AUTHORITY,Obtain/refresh supplier stock authority for brand=INSIZE | اینسایز; exact SKU 1530-300 already known; do not infer from price,P1
1873,2112-101,INSIZE | اینسایز,AVAILABILITY_ENABLE,UNAVAILABLE,AUTO_AFTER_SOURCE_AUTHORITY,Obtain/refresh supplier stock authority for brand=INSIZE | اینسایز; exact SKU 2112-101 already known; do not infer from price,P1
1874,2112-251,INSIZE | اینسایز,AVAILABILITY_ENABLE,UNAVAILABLE,AUTO_AFTER_SOURCE_AUTHORITY,Obtain/refresh supplier stock authority for brand=INSIZE | اینسایز; exact SKU 2112-251 already known; do not infer from price,P1
1875,2112-501,INSIZE | اینسایز,AVAILABILITY_ENABLE,UNAVAILABLE,AUTO_AFTER_SOURCE_AUTHORITY,Obtain/refresh supplier stock authority for brand=INSIZE | اینسایز; exact SKU 2112-501 already known; do not infer from price,P1
1876,2122-160,INSIZE | اینسایز,AVAILABILITY_ENABLE,UNAVAILABLE,AUTO_AFTER_SOURCE_AUTHORITY,Obtain/refresh supplier stock authority for brand=INSIZE | اینسایز; exact SKU 2122-160 already known; do not infer from price,P1
1877,2141-202,INSIZE | اینسایز,AVAILABILITY_ENABLE,UNAVAILABLE,AUTO_AFTER_SOURCE_AUTHORITY,Obtain/refresh supplier stock authority for brand=INSIZE | اینسایز; exact SKU 2141-202 already known; do not infer from price,P1
1878,2142-101,INSIZE | اینسایز,AVAILABILITY_ENABLE,UNAVAILABLE,AUTO_AFTER_SOURCE_AUTHORITY,Obtain/refresh supplier stock authority for brand=INSIZE | اینسایز; exact SKU 2142-101 already known; do not infer from price,P1
1879,2142-102,INSIZE | اینسایز,AVAILABILITY_ENABLE,UNAVAILABLE,AUTO_AFTER_SOURCE_AUTHORITY,Obtain/refresh supplier stock authority for brand=INSIZE | اینسایز; exact SKU 2142-102 already known; do not infer from price,P1
1881,2172-360,INSIZE | اینسایز,AVAILABILITY_ENABLE,UNAVAILABLE,AUTO_AFTER_SOURCE_AUTHORITY,Obtain/refresh supplier stock authority for brand=INSIZE | اینسایز; exact SKU 2172-360 already known; do not infer from price,P1
1883,2174-225,INSIZE | اینسایز,AVAILABILITY_ENABLE,UNAVAILABLE,AUTO_AFTER_SOURCE_AUTHORITY,Obtain/refresh supplier stock authority for brand=INSIZE | اینسایز; exact SKU 2174-225 already known; do not infer from price,P1
1884,2175-360,INSIZE | اینسایز,AVAILABILITY_ENABLE,UNAVAILABLE,AUTO_AFTER_SOURCE_AUTHORITY,Obtain/refresh supplier stock authority for brand=INSIZE | اینسایز; exact SKU 2175-360 already known; do not infer from price,P1
1885,2176-200,INSIZE | اینسایز,AVAILABILITY_ENABLE,UNAVAILABLE,AUTO_AFTER_SOURCE_AUTHORITY,Obtain/refresh supplier stock authority for brand=INSIZE | اینسایز; exact SKU 2176-200 already known; do not infer from price,P1
1888,2222-301,INSIZE | اینسایز,AVAILABILITY_ENABLE,UNAVAILABLE,AUTO_AFTER_SOURCE_AUTHORITY,Obtain/refresh supplier stock authority for brand=INSIZE | اینسایز; exact SKU 2222-301 already known; do not infer from price,P1
1889,2223-153,INSIZE | اینسایز,AVAILABILITY_ENABLE,UNAVAILABLE,AUTO_AFTER_SOURCE_AUTHORITY,Obtain/refresh supplier stock authority for brand=INSIZE | اینسایز; exact SKU 2223-153 already known; do not infer from price,P1
1892,2281-360,INSIZE | اینسایز,AVAILABILITY_ENABLE,UNAVAILABLE,AUTO_AFTER_SOURCE_AUTHORITY,Obtain/refresh supplier stock authority for brand=INSIZE | اینسایز; exact SKU 2281-360 already known; do not infer from price,P1
1893,2307-105,INSIZE | اینسایز,AVAILABILITY_ENABLE,UNAVAILABLE,AUTO_AFTER_SOURCE_AUTHORITY,Obtain/refresh supplier stock authority for brand=INSIZE | اینسایز; exact SKU 2307-105 already known; do not infer from price,P1
1897,2333-201,INSIZE | اینسایز,AVAILABILITY_ENABLE,UNAVAILABLE,AUTO_AFTER_SOURCE_AUTHORITY,Obtain/refresh supplier stock authority for brand=INSIZE | اینسایز; exact SKU 2333-201 already known; do not infer from price,P1
1898,2341-101,INSIZE | اینسایز,AVAILABILITY_ENABLE,UNAVAILABLE,AUTO_AFTER_SOURCE_AUTHORITY,Obtain/refresh supplier stock authority for brand=INSIZE | اینسایز; exact SKU 2341-101 already known; do not infer from price,P1
1899,2342-202,INSIZE | اینسایز,AVAILABILITY_ENABLE,UNAVAILABLE,AUTO_AFTER_SOURCE_AUTHORITY,Obtain/refresh supplier stock authority for brand=INSIZE | اینسایز; exact SKU 2342-202 already known; do not infer from price,P1
1900,2343-102,INSIZE | اینسایز,AVAILABILITY_ENABLE,UNAVAILABLE,AUTO_AFTER_SOURCE_AUTHORITY,Obtain/refresh supplier stock authority for brand=INSIZE | اینسایز; exact SKU 2343-102 already known; do not infer from price,P1
1902,2373-360,INSIZE | اینسایز,AVAILABILITY_ENABLE,UNAVAILABLE,AUTO_AFTER_SOURCE_AUTHORITY,Obtain/refresh supplier stock authority for brand=INSIZE | اینسایز; exact SKU 2373-360 already known; do not infer from price,P1
1903,2374-320,INSIZE | اینسایز,AVAILABILITY_ENABLE,UNAVAILABLE,AUTO_AFTER_SOURCE_AUTHORITY,Obtain/refresh supplier stock authority for brand=INSIZE | اینسایز; exact SKU 2374-320 already known; do not infer from price,P1
1905,2711-165,INSIZE | اینسایز,AVAILABILITY_ENABLE,UNAVAILABLE,AUTO_AFTER_SOURCE_AUTHORITY,Obtain/refresh supplier stock authority for brand=INSIZE | اینسایز; exact SKU 2711-165 already known; do not infer from price,P1
1906,2711-216,INSIZE | اینسایز,AVAILABILITY_ENABLE,UNAVAILABLE,AUTO_AFTER_SOURCE_AUTHORITY,Obtain/refresh supplier stock authority for brand=INSIZE | اینسایز; exact SKU 2711-216 already known; do not infer from price,P1
1907,2771-360,INSIZE | اینسایز,AVAILABILITY_ENABLE,UNAVAILABLE,AUTO_AFTER_SOURCE_AUTHORITY,Obtain/refresh supplier stock authority for brand=INSIZE | اینسایز; exact SKU 2771-360 already known; do not infer from price,P1
1908,2825-160,INSIZE | اینسایز,AVAILABILITY_ENABLE,UNAVAILABLE,AUTO_AFTER_SOURCE_AUTHORITY,Obtain/refresh supplier stock authority for brand=INSIZE | اینسایز; exact SKU 2825-160 already known; do not infer from price,P1
1911,2841-300,INSIZE | اینسایز,AVAILABILITY_ENABLE,UNAVAILABLE,AUTO_AFTER_SOURCE_AUTHORITY,Obtain/refresh supplier stock authority for brand=INSIZE | اینسایز; exact SKU 2841-300 already known; do not infer from price,P1
1912,2841-500,INSIZE | اینسایز,AVAILABILITY_ENABLE,UNAVAILABLE,AUTO_AFTER_SOURCE_AUTHORITY,Obtain/refresh supplier stock authority for brand=INSIZE | اینسایز; exact SKU 2841-500 already known; do not infer from price,P1
1913,2862-102,INSIZE | اینسایز,AVAILABILITY_ENABLE,UNAVAILABLE,AUTO_AFTER_SOURCE_AUTHORITY,Obtain/refresh supplier stock authority for brand=INSIZE | اینسایز; exact SKU 2862-102 already known; do not infer from price,P1
1915,3101-225,INSIZE | اینسایز,AVAILABILITY_ENABLE,UNAVAILABLE,AUTO_AFTER_SOURCE_AUTHORITY,Obtain/refresh supplier stock authority for brand=INSIZE | اینسایز; exact SKU 3101-225 already known; do not infer from price,P1
1917,3101-275,INSIZE | اینسایز,AVAILABILITY_ENABLE,UNAVAILABLE,AUTO_AFTER_SOURCE_AUTHORITY,Obtain/refresh supplier stock authority for brand=INSIZE | اینسایز; exact SKU 3101-275 already known; do not infer from price,P1
1918,3101-300,INSIZE | اینسایز,AVAILABILITY_ENABLE,UNAVAILABLE,AUTO_AFTER_SOURCE_AUTHORITY,Obtain/refresh supplier stock authority for brand=INSIZE | اینسایز; exact SKU 3101-300 already known; do not infer from price,P1
1919,3108-100,INSIZE | اینسایز,AVAILABILITY_ENABLE,UNAVAILABLE,AUTO_AFTER_SOURCE_AUTHORITY,Obtain/refresh supplier stock authority for brand=INSIZE | اینسایز; exact SKU 3108-100 already known; do not infer from price,P1
1920,3109-100,INSIZE | اینسایز,AVAILABILITY_ENABLE,UNAVAILABLE,AUTO_AFTER_SOURCE_AUTHORITY,Obtain/refresh supplier stock authority for brand=INSIZE | اینسایز; exact SKU 3109-100 already known; do not infer from price,P1
1927,3109-275,INSIZE | اینسایز,AVAILABILITY_ENABLE,UNAVAILABLE,AUTO_AFTER_SOURCE_AUTHORITY,Obtain/refresh supplier stock authority for brand=INSIZE | اینسایز; exact SKU 3109-275 already known; do not infer from price,P1
1929,3127-100,INSIZE | اینسایز,AVAILABILITY_ENABLE,UNAVAILABLE,AUTO_AFTER_SOURCE_AUTHORITY,Obtain/refresh supplier stock authority for brand=INSIZE | اینسایز; exact SKU 3127-100 already known; do not infer from price,P1
1930,3127-123,INSIZE | اینسایز,AVAILABILITY_ENABLE,UNAVAILABLE,AUTO_AFTER_SOURCE_AUTHORITY,Obtain/refresh supplier stock authority for brand=INSIZE | اینسایز; exact SKU 3127-123 already known; do not infer from price,P1
1931,3127-125,INSIZE | اینسایز,AVAILABILITY_ENABLE,UNAVAILABLE,AUTO_AFTER_SOURCE_AUTHORITY,Obtain/refresh supplier stock authority for brand=INSIZE | اینسایز; exact SKU 3127-125 already known; do not infer from price,P1
1932,3127-150,INSIZE | اینسایز,AVAILABILITY_ENABLE,UNAVAILABLE,AUTO_AFTER_SOURCE_AUTHORITY,Obtain/refresh supplier stock authority for brand=INSIZE | اینسایز; exact SKU 3127-150 already known; do not infer from price,P1
1933,3127-175,INSIZE | اینسایز,AVAILABILITY_ENABLE,UNAVAILABLE,AUTO_AFTER_SOURCE_AUTHORITY,Obtain/refresh supplier stock authority for brand=INSIZE | اینسایز; exact SKU 3127-175 already known; do not infer from price,P1
1934,3127-200,INSIZE | اینسایز,AVAILABILITY_ENABLE,UNAVAILABLE,AUTO_AFTER_SOURCE_AUTHORITY,Obtain/refresh supplier stock authority for brand=INSIZE | اینسایز; exact SKU 3127-200 already known; do not infer from price,P1
1935,3127-202,INSIZE | اینسایز,AVAILABILITY_ENABLE,UNAVAILABLE,AUTO_AFTER_SOURCE_AUTHORITY,Obtain/refresh supplier stock authority for brand=INSIZE | اینسایز; exact SKU 3127-202 already known; do not infer from price,P1
1936,3127-225,INSIZE | اینسایز,AVAILABILITY_ENABLE,UNAVAILABLE,AUTO_AFTER_SOURCE_AUTHORITY,Obtain/refresh supplier stock authority for brand=INSIZE | اینسایز; exact SKU 3127-225 already known; do not infer from price,P1
1937,3127-250,INSIZE | اینسایز,AVAILABILITY_ENABLE,UNAVAILABLE,AUTO_AFTER_SOURCE_AUTHORITY,Obtain/refresh supplier stock authority for brand=INSIZE | اینسایز; exact SKU 3127-250 already known; do not infer from price,P1
1938,3127-275,INSIZE | اینسایز,AVAILABILITY_ENABLE,UNAVAILABLE,AUTO_AFTER_SOURCE_AUTHORITY,Obtain/refresh supplier stock authority for brand=INSIZE | اینسایز; exact SKU 3127-275 already known; do not infer from price,P1
1939,3127-300,INSIZE | اینسایز,AVAILABILITY_ENABLE,UNAVAILABLE,AUTO_AFTER_SOURCE_AUTHORITY,Obtain/refresh supplier stock authority for brand=INSIZE | اینسایز; exact SKU 3127-300 already known; do not infer from price,P1
1940,3127-504,INSIZE | اینسایز,AVAILABILITY_ENABLE,UNAVAILABLE,AUTO_AFTER_SOURCE_AUTHORITY,Obtain/refresh supplier stock authority for brand=INSIZE | اینسایز; exact SKU 3127-504 already known; do not infer from price,P1
1953,3205-1000,INSIZE | اینسایز,AVAILABILITY_ENABLE,UNAVAILABLE,AUTO_AFTER_SOURCE_AUTHORITY,Obtain/refresh supplier stock authority for brand=INSIZE | اینسایز; exact SKU 3205-1000 already known; do not infer from price,P1
1954,3205-1200,INSIZE | اینسایز,AVAILABILITY_ENABLE,UNAVAILABLE,AUTO_AFTER_SOURCE_AUTHORITY,Obtain/refresh supplier stock authority for brand=INSIZE | اینسایز; exact SKU 3205-1200 already known; do not infer from price,P1
1955,3205-1400,INSIZE | اینسایز,AVAILABILITY_ENABLE,UNAVAILABLE,AUTO_AFTER_SOURCE_AUTHORITY,Obtain/refresh supplier stock authority for brand=INSIZE | اینسایز; exact SKU 3205-1400 already known; do not infer from price,P1
1956,3205-1600,INSIZE | اینسایز,AVAILABILITY_ENABLE,UNAVAILABLE,AUTO_AFTER_SOURCE_AUTHORITY,Obtain/refresh supplier stock authority for brand=INSIZE | اینسایز; exact SKU 3205-1600 already known; do not infer from price,P1
1957,3205-1800,INSIZE | اینسایز,AVAILABILITY_ENABLE,UNAVAILABLE,AUTO_AFTER_SOURCE_AUTHORITY,Obtain/refresh supplier stock authority for brand=INSIZE | اینسایز; exact SKU 3205-1800 already known; do not infer from price,P1
1959,3205-500,INSIZE | اینسایز,AVAILABILITY_ENABLE,UNAVAILABLE,AUTO_AFTER_SOURCE_AUTHORITY,Obtain/refresh supplier stock authority for brand=INSIZE | اینسایز; exact SKU 3205-500 already known; do not infer from price,P1
1960,3205-600,INSIZE | اینسایز,AVAILABILITY_ENABLE,UNAVAILABLE,AUTO_AFTER_SOURCE_AUTHORITY,Obtain/refresh supplier stock authority for brand=INSIZE | اینسایز; exact SKU 3205-600 already known; do not infer from price,P1
1961,3205-700,INSIZE | اینسایز,AVAILABILITY_ENABLE,UNAVAILABLE,AUTO_AFTER_SOURCE_AUTHORITY,Obtain/refresh supplier stock authority for brand=INSIZE | اینسایز; exact SKU 3205-700 already known; do not infer from price,P1
1962,3205-800,INSIZE | اینسایز,AVAILABILITY_ENABLE,UNAVAILABLE,AUTO_AFTER_SOURCE_AUTHORITY,Obtain/refresh supplier stock authority for brand=INSIZE | اینسایز; exact SKU 3205-800 already known; do not infer from price,P1
1963,3205-900,INSIZE | اینسایز,AVAILABILITY_ENABLE,UNAVAILABLE,AUTO_AFTER_SOURCE_AUTHORITY,Obtain/refresh supplier stock authority for brand=INSIZE | اینسایز; exact SKU 3205-900 already known; do not infer from price,P1
1964,3206-150,INSIZE | اینسایز,AVAILABILITY_ENABLE,UNAVAILABLE,AUTO_AFTER_SOURCE_AUTHORITY,Obtain/refresh supplier stock authority for brand=INSIZE | اینسایز; exact SKU 3206-150 already known; do not infer from price,P1
1968,3210-100,INSIZE | اینسایز,AVAILABILITY_ENABLE,UNAVAILABLE,AUTO_AFTER_SOURCE_AUTHORITY,Obtain/refresh supplier stock authority for brand=INSIZE | اینسایز; exact SKU 3210-100 already known; do not infer from price,P1
1969,3220-100,INSIZE | اینسایز,AVAILABILITY_ENABLE,UNAVAILABLE,AUTO_AFTER_SOURCE_AUTHORITY,Obtain/refresh supplier stock authority for brand=INSIZE | اینسایز; exact SKU 3220-100 already known; do not infer from price,P1
1970,3222-300,INSIZE | اینسایز,AVAILABILITY_ENABLE,UNAVAILABLE,AUTO_AFTER_SOURCE_AUTHORITY,Obtain/refresh supplier stock authority for brand=INSIZE | اینسایز; exact SKU 3222-300 already known; do not infer from price,P1
1972,3222-600,INSIZE | اینسایز,AVAILABILITY_ENABLE,UNAVAILABLE,AUTO_AFTER_SOURCE_AUTHORITY,Obtain/refresh supplier stock authority for brand=INSIZE | اینسایز; exact SKU 3222-600 already known; do not infer from price,P1
1973,3225-2100,INSIZE | اینسایز,AVAILABILITY_ENABLE,UNAVAILABLE,AUTO_AFTER_SOURCE_AUTHORITY,Obtain/refresh supplier stock authority for brand=INSIZE | اینسایز; exact SKU 3225-2100 already known; do not infer from price,P1
1974,3227-100,INSIZE | اینسایز,AVAILABILITY_ENABLE,UNAVAILABLE,AUTO_AFTER_SOURCE_AUTHORITY,Obtain/refresh supplier stock authority for brand=INSIZE | اینسایز; exact SKU 3227-100 already known; do not infer from price,P1
1975,3227-123,INSIZE | اینسایز,AVAILABILITY_ENABLE,UNAVAILABLE,AUTO_AFTER_SOURCE_AUTHORITY,Obtain/refresh supplier stock authority for brand=INSIZE | اینسایز; exact SKU 3227-123 already known; do not infer from price,P1
1976,3227-125,INSIZE | اینسایز,AVAILABILITY_ENABLE,UNAVAILABLE,AUTO_AFTER_SOURCE_AUTHORITY,Obtain/refresh supplier stock authority for brand=INSIZE | اینسایز; exact SKU 3227-125 already known; do not infer from price,P1
1977,3227-150,INSIZE | اینسایز,AVAILABILITY_ENABLE,UNAVAILABLE,AUTO_AFTER_SOURCE_AUTHORITY,Obtain/refresh supplier stock authority for brand=INSIZE | اینسایز; exact SKU 3227-150 already known; do not infer from price,P1
1978,3227-175,INSIZE | اینسایز,AVAILABILITY_ENABLE,UNAVAILABLE,AUTO_AFTER_SOURCE_AUTHORITY,Obtain/refresh supplier stock authority for brand=INSIZE | اینسایز; exact SKU 3227-175 already known; do not infer from price,P1
1979,3227-200,INSIZE | اینسایز,AVAILABILITY_ENABLE,UNAVAILABLE,AUTO_AFTER_SOURCE_AUTHORITY,Obtain/refresh supplier stock authority for brand=INSIZE | اینسایز; exact SKU 3227-200 already known; do not infer from price,P1
1980,3227-202,INSIZE | اینسایز,AVAILABILITY_ENABLE,UNAVAILABLE,AUTO_AFTER_SOURCE_AUTHORITY,Obtain/refresh supplier stock authority for brand=INSIZE | اینسایز; exact SKU 3227-202 already known; do not infer from price,P1
1981,3227-504,INSIZE | اینسایز,AVAILABILITY_ENABLE,UNAVAILABLE,AUTO_AFTER_SOURCE_AUTHORITY,Obtain/refresh supplier stock authority for brand=INSIZE | اینسایز; exact SKU 3227-504 already known; do not infer from price,P1
1982,3232-100,INSIZE | اینسایز,AVAILABILITY_ENABLE,UNAVAILABLE,AUTO_AFTER_SOURCE_AUTHORITY,Obtain/refresh supplier stock authority for brand=INSIZE | اینسایز; exact SKU 3232-100 already known; do not infer from price,P1
1983,3240-100,INSIZE | اینسایز,AVAILABILITY_ENABLE,UNAVAILABLE,AUTO_AFTER_SOURCE_AUTHORITY,Obtain/refresh supplier stock authority for brand=INSIZE | اینسایز; exact SKU 3240-100 already known; do not infer from price,P1
1984,3240-150,INSIZE | اینسایز,AVAILABILITY_ENABLE,UNAVAILABLE,AUTO_AFTER_SOURCE_AUTHORITY,Obtain/refresh supplier stock authority for brand=INSIZE | اینسایز; exact SKU 3240-150 already known; do not infer from price,P1
1985,3240-300,INSIZE | اینسایز,AVAILABILITY_ENABLE,UNAVAILABLE,AUTO_AFTER_SOURCE_AUTHORITY,Obtain/refresh supplier stock authority for brand=INSIZE | اینسایز; exact SKU 3240-300 already known; do not infer from price,P1
1986,3282-100,INSIZE | اینسایز,AVAILABILITY_ENABLE,UNAVAILABLE,AUTO_AFTER_SOURCE_AUTHORITY,Obtain/refresh supplier stock authority for brand=INSIZE | اینسایز; exact SKU 3282-100 already known; do not infer from price,P1
1987,3290-153,INSIZE | اینسایز,AVAILABILITY_ENABLE,UNAVAILABLE,AUTO_AFTER_SOURCE_AUTHORITY,Obtain/refresh supplier stock authority for brand=INSIZE | اینسایز; exact SKU 3290-153 already known; do not infer from price,P1
1990,3293-131,INSIZE | اینسایز,AVAILABILITY_ENABLE,UNAVAILABLE,AUTO_AFTER_SOURCE_AUTHORITY,Obtain/refresh supplier stock authority for brand=INSIZE | اینسایز; exact SKU 3293-131 already known; do not infer from price,P1
1991,3506-150,INSIZE | اینسایز,AVAILABILITY_ENABLE,UNAVAILABLE,AUTO_AFTER_SOURCE_AUTHORITY,Obtain/refresh supplier stock authority for brand=INSIZE | اینسایز; exact SKU 3506-150 already known; do not infer from price,P1
1996,3520-100,INSIZE | اینسایز,AVAILABILITY_ENABLE,UNAVAILABLE,AUTO_AFTER_SOURCE_AUTHORITY,Obtain/refresh supplier stock authority for brand=INSIZE | اینسایز; exact SKU 3520-100 already known; do not infer from price,P1
1997,3521-2000,INSIZE | اینسایز,AVAILABILITY_ENABLE,UNAVAILABLE,AUTO_AFTER_SOURCE_AUTHORITY,Obtain/refresh supplier stock authority for brand=INSIZE | اینسایز; exact SKU 3521-2000 already known; do not infer from price,P1
1998,3540-150,INSIZE | اینسایز,AVAILABILITY_ENABLE,UNAVAILABLE,AUTO_AFTER_SOURCE_AUTHORITY,Obtain/refresh supplier stock authority for brand=INSIZE | اینسایز; exact SKU 3540-150 already known; do not infer from price,P1
1999,3540-300,INSIZE | اینسایز,AVAILABILITY_ENABLE,UNAVAILABLE,AUTO_AFTER_SOURCE_AUTHORITY,Obtain/refresh supplier stock authority for brand=INSIZE | اینسایز; exact SKU 3540-300 already known; do not infer from price,P1
2001,4100-187,INSIZE | اینسایز,AVAILABILITY_ENABLE,UNAVAILABLE,AUTO_AFTER_SOURCE_AUTHORITY,Obtain/refresh supplier stock authority for brand=INSIZE | اینسایز; exact SKU 4100-187 already known; do not infer from price,P1
2002,4100-232,INSIZE | اینسایز,AVAILABILITY_ENABLE,UNAVAILABLE,AUTO_AFTER_SOURCE_AUTHORITY,Obtain/refresh supplier stock authority for brand=INSIZE | اینسایز; exact SKU 4100-232 already known; do not infer from price,P1
2003,4100-247,INSIZE | اینسایز,AVAILABILITY_ENABLE,UNAVAILABLE,AUTO_AFTER_SOURCE_AUTHORITY,Obtain/refresh supplier stock authority for brand=INSIZE | اینسایز; exact SKU 4100-247 already known; do not infer from price,P1
2004,4100-287,INSIZE | اینسایز,AVAILABILITY_ENABLE,UNAVAILABLE,AUTO_AFTER_SOURCE_AUTHORITY,Obtain/refresh supplier stock authority for brand=INSIZE | اینسایز; exact SKU 4100-287 already known; do not infer from price,P1
2005,4141-400,INSIZE | اینسایز,AVAILABILITY_ENABLE,UNAVAILABLE,AUTO_AFTER_SOURCE_AUTHORITY,Obtain/refresh supplier stock authority for brand=INSIZE | اینسایز; exact SKU 4141-400 already known; do not infer from price,P1
2010,4166-411,INSIZE | اینسایز,AVAILABILITY_ENABLE,UNAVAILABLE,AUTO_AFTER_SOURCE_AUTHORITY,Obtain/refresh supplier stock authority for brand=INSIZE | اینسایز; exact SKU 4166-411 already known; do not infer from price,P1
2011,4166-511,INSIZE | اینسایز,AVAILABILITY_ENABLE,UNAVAILABLE,AUTO_AFTER_SOURCE_AUTHORITY,Obtain/refresh supplier stock authority for brand=INSIZE | اینسایز; exact SKU 4166-511 already known; do not infer from price,P1
2012,4166-512,INSIZE | اینسایز,AVAILABILITY_ENABLE,UNAVAILABLE,AUTO_AFTER_SOURCE_AUTHORITY,Obtain/refresh supplier stock authority for brand=INSIZE | اینسایز; exact SKU 4166-512 already known; do not infer from price,P1
2013,4166-513,INSIZE | اینسایز,AVAILABILITY_ENABLE,UNAVAILABLE,AUTO_AFTER_SOURCE_AUTHORITY,Obtain/refresh supplier stock authority for brand=INSIZE | اینسایز; exact SKU 4166-513 already known; do not infer from price,P1
2015,4605-202,INSIZE | اینسایز,AVAILABILITY_ENABLE,UNAVAILABLE,AUTO_AFTER_SOURCE_AUTHORITY,Obtain/refresh supplier stock authority for brand=INSIZE | اینسایز; exact SKU 4605-202 already known; do not infer from price,P1
2017,4700-200,INSIZE | اینسایز,AVAILABILITY_ENABLE,UNAVAILABLE,AUTO_AFTER_SOURCE_AUTHORITY,Obtain/refresh supplier stock authority for brand=INSIZE | اینسایز; exact SKU 4700-200 already known; do not infer from price,P1
2018,4707-300,INSIZE | اینسایز,AVAILABILITY_ENABLE,UNAVAILABLE,AUTO_AFTER_SOURCE_AUTHORITY,Obtain/refresh supplier stock authority for brand=INSIZE | اینسایز; exact SKU 4707-300 already known; do not infer from price,P1
2019,4707-500,INSIZE | اینسایز,AVAILABILITY_ENABLE,UNAVAILABLE,AUTO_AFTER_SOURCE_AUTHORITY,Obtain/refresh supplier stock authority for brand=INSIZE | اینسایز; exact SKU 4707-500 already known; do not infer from price,P1
2020,4745-1150,INSIZE | اینسایز,AVAILABILITY_ENABLE,UNAVAILABLE,AUTO_AFTER_SOURCE_AUTHORITY,Obtain/refresh supplier stock authority for brand=INSIZE | اینسایز; exact SKU 4745-1150 already known; do not infer from price,P1
2021,4745-1200,INSIZE | اینسایز,AVAILABILITY_ENABLE,UNAVAILABLE,AUTO_AFTER_SOURCE_AUTHORITY,Obtain/refresh supplier stock authority for brand=INSIZE | اینسایز; exact SKU 4745-1200 already known; do not infer from price,P1
2022,4796-100,INSIZE | اینسایز,AVAILABILITY_ENABLE,UNAVAILABLE,AUTO_AFTER_SOURCE_AUTHORITY,Obtain/refresh supplier stock authority for brand=INSIZE | اینسایز; exact SKU 4796-100 already known; do not infer from price,P1
2023,4796-150,INSIZE | اینسایز,AVAILABILITY_ENABLE,UNAVAILABLE,AUTO_AFTER_SOURCE_AUTHORITY,Obtain/refresh supplier stock authority for brand=INSIZE | اینسایز; exact SKU 4796-150 already known; do not infer from price,P1
2024,4796-300,INSIZE | اینسایز,AVAILABILITY_ENABLE,UNAVAILABLE,AUTO_AFTER_SOURCE_AUTHORITY,Obtain/refresh supplier stock authority for brand=INSIZE | اینسایز; exact SKU 4796-300 already known; do not infer from price,P1
2025,4799-1120,INSIZE | اینسایز,AVAILABILITY_ENABLE,UNAVAILABLE,AUTO_AFTER_SOURCE_AUTHORITY,Obtain/refresh supplier stock authority for brand=INSIZE | اینسایز; exact SKU 4799-1120 already known; do not infer from price,P1
2030,4810-601,INSIZE | اینسایز,AVAILABILITY_ENABLE,UNAVAILABLE,AUTO_AFTER_SOURCE_AUTHORITY,Obtain/refresh supplier stock authority for brand=INSIZE | اینسایز; exact SKU 4810-601 already known; do not infer from price,P1
2031,4810-602,INSIZE | اینسایز,AVAILABILITY_ENABLE,UNAVAILABLE,AUTO_AFTER_SOURCE_AUTHORITY,Obtain/refresh supplier stock authority for brand=INSIZE | اینسایز; exact SKU 4810-602 already known; do not infer from price,P1
2032,4820-230,INSIZE | اینسایز,AVAILABILITY_ENABLE,UNAVAILABLE,AUTO_AFTER_SOURCE_AUTHORITY,Obtain/refresh supplier stock authority for brand=INSIZE | اینسایز; exact SKU 4820-230 already known; do not infer from price,P1
2033,4820-452,INSIZE | اینسایز,AVAILABILITY_ENABLE,UNAVAILABLE,AUTO_AFTER_SOURCE_AUTHORITY,Obtain/refresh supplier stock authority for brand=INSIZE | اینسایز; exact SKU 4820-452 already known; do not infer from price,P1
2035,4860-212,INSIZE | اینسایز,AVAILABILITY_ENABLE,UNAVAILABLE,AUTO_AFTER_SOURCE_AUTHORITY,Obtain/refresh supplier stock authority for brand=INSIZE | اینسایز; exact SKU 4860-212 already known; do not infer from price,P1
2036,4860-245,INSIZE | اینسایز,AVAILABILITY_ENABLE,UNAVAILABLE,AUTO_AFTER_SOURCE_AUTHORITY,Obtain/refresh supplier stock authority for brand=INSIZE | اینسایز; exact SKU 4860-245 already known; do not infer from price,P1
2037,4902-150,INSIZE | اینسایز,AVAILABILITY_ENABLE,UNAVAILABLE,AUTO_AFTER_SOURCE_AUTHORITY,Obtain/refresh supplier stock authority for brand=INSIZE | اینسایز; exact SKU 4902-150 already known; do not infer from price,P1
2038,4902-200,INSIZE | اینسایز,AVAILABILITY_ENABLE,UNAVAILABLE,AUTO_AFTER_SOURCE_AUTHORITY,Obtain/refresh supplier stock authority for brand=INSIZE | اینسایز; exact SKU 4902-200 already known; do not infer from price,P1
2039,4902-300,INSIZE | اینسایز,AVAILABILITY_ENABLE,UNAVAILABLE,AUTO_AFTER_SOURCE_AUTHORITY,Obtain/refresh supplier stock authority for brand=INSIZE | اینسایز; exact SKU 4902-300 already known; do not infer from price,P1
2043,4910-400,INSIZE | اینسایز,AVAILABILITY_ENABLE,UNAVAILABLE,AUTO_AFTER_SOURCE_AUTHORITY,Obtain/refresh supplier stock authority for brand=INSIZE | اینسایز; exact SKU 4910-400 already known; do not infer from price,P1
2044,4910-600,INSIZE | اینسایز,AVAILABILITY_ENABLE,UNAVAILABLE,AUTO_AFTER_SOURCE_AUTHORITY,Obtain/refresh supplier stock authority for brand=INSIZE | اینسایز; exact SKU 4910-600 already known; do not infer from price,P1
2045,4911-600,INSIZE | اینسایز,AVAILABILITY_ENABLE,UNAVAILABLE,AUTO_AFTER_SOURCE_AUTHORITY,Obtain/refresh supplier stock authority for brand=INSIZE | اینسایز; exact SKU 4911-600 already known; do not infer from price,P1
2048,4918-300,INSIZE | اینسایز,AVAILABILITY_ENABLE,UNAVAILABLE,AUTO_AFTER_SOURCE_AUTHORITY,Obtain/refresh supplier stock authority for brand=INSIZE | اینسایز; exact SKU 4918-300 already known; do not infer from price,P1
2049,4918-600,INSIZE | اینسایز,AVAILABILITY_ENABLE,UNAVAILABLE,AUTO_AFTER_SOURCE_AUTHORITY,Obtain/refresh supplier stock authority for brand=INSIZE | اینسایز; exact SKU 4918-600 already known; do not infer from price,P1
2064,6511-241,INSIZE | اینسایز,AVAILABILITY_ENABLE,UNAVAILABLE,AUTO_AFTER_SOURCE_AUTHORITY,Obtain/refresh supplier stock authority for brand=INSIZE | اینسایز; exact SKU 6511-241 already known; do not infer from price,P1
2066,6801-1201,INSIZE | اینسایز,AVAILABILITY_ENABLE,UNAVAILABLE,AUTO_AFTER_SOURCE_AUTHORITY,Obtain/refresh supplier stock authority for brand=INSIZE | اینسایز; exact SKU 6801-1201 already known; do not infer from price,P1
2067,6801-1202,INSIZE | اینسایز,AVAILABILITY_ENABLE,UNAVAILABLE,AUTO_AFTER_SOURCE_AUTHORITY,Obtain/refresh supplier stock authority for brand=INSIZE | اینسایز; exact SKU 6801-1202 already known; do not infer from price,P1
2068,6862-1002,INSIZE | اینسایز,AVAILABILITY_ENABLE,UNAVAILABLE,AUTO_AFTER_SOURCE_AUTHORITY,Obtain/refresh supplier stock authority for brand=INSIZE | اینسایز; exact SKU 6862-1002 already known; do not infer from price,P1
2069,6866-150,INSIZE | اینسایز,AVAILABILITY_ENABLE,UNAVAILABLE,AUTO_AFTER_SOURCE_AUTHORITY,Obtain/refresh supplier stock authority for brand=INSIZE | اینسایز; exact SKU 6866-150 already known; do not infer from price,P1
2071,6900-132,INSIZE | اینسایز,AVAILABILITY_ENABLE,UNAVAILABLE,AUTO_AFTER_SOURCE_AUTHORITY,Obtain/refresh supplier stock authority for brand=INSIZE | اینسایز; exact SKU 6900-132 already known; do not infer from price,P1
2072,6900-142,INSIZE | اینسایز,AVAILABILITY_ENABLE,UNAVAILABLE,AUTO_AFTER_SOURCE_AUTHORITY,Obtain/refresh supplier stock authority for brand=INSIZE | اینسایز; exact SKU 6900-142 already known; do not infer from price,P1
2073,6900-153,INSIZE | اینسایز,AVAILABILITY_ENABLE,UNAVAILABLE,AUTO_AFTER_SOURCE_AUTHORITY,Obtain/refresh supplier stock authority for brand=INSIZE | اینسایز; exact SKU 6900-153 already known; do not infer from price,P1
2074,6900-164,INSIZE | اینسایز,AVAILABILITY_ENABLE,UNAVAILABLE,AUTO_AFTER_SOURCE_AUTHORITY,Obtain/refresh supplier stock authority for brand=INSIZE | اینسایز; exact SKU 6900-164 already known; do not infer from price,P1
2075,6900-185,INSIZE | اینسایز,AVAILABILITY_ENABLE,UNAVAILABLE,AUTO_AFTER_SOURCE_AUTHORITY,Obtain/refresh supplier stock authority for brand=INSIZE | اینسایز; exact SKU 6900-185 already known; do not infer from price,P1
2077,7110-150,INSIZE | اینسایز,AVAILABILITY_ENABLE,UNAVAILABLE,AUTO_AFTER_SOURCE_AUTHORITY,Obtain/refresh supplier stock authority for brand=INSIZE | اینسایز; exact SKU 7110-150 already known; do not infer from price,P1
2078,7110-200,INSIZE | اینسایز,AVAILABILITY_ENABLE,UNAVAILABLE,AUTO_AFTER_SOURCE_AUTHORITY,Obtain/refresh supplier stock authority for brand=INSIZE | اینسایز; exact SKU 7110-200 already known; do not infer from price,P1
2079,7110-300,INSIZE | اینسایز,AVAILABILITY_ENABLE,UNAVAILABLE,AUTO_AFTER_SOURCE_AUTHORITY,Obtain/refresh supplier stock authority for brand=INSIZE | اینسایز; exact SKU 7110-300 already known; do not infer from price,P1
2084,7114-950,INSIZE | اینسایز,AVAILABILITY_ENABLE,UNAVAILABLE,AUTO_AFTER_SOURCE_AUTHORITY,Obtain/refresh supplier stock authority for brand=INSIZE | اینسایز; exact SKU 7114-950 already known; do not infer from price,P1
2088,7205-200,INSIZE | اینسایز,AVAILABILITY_ENABLE,UNAVAILABLE,AUTO_AFTER_SOURCE_AUTHORITY,Obtain/refresh supplier stock authority for brand=INSIZE | اینسایز; exact SKU 7205-200 already known; do not infer from price,P1
2098,7350-160,INSIZE | اینسایز,AVAILABILITY_ENABLE,UNAVAILABLE,AUTO_AFTER_SOURCE_AUTHORITY,Obtain/refresh supplier stock authority for brand=INSIZE | اینسایز; exact SKU 7350-160 already known; do not infer from price,P1
2100,8601-100,INSIZE | اینسایز,AVAILABILITY_ENABLE,UNAVAILABLE,AUTO_AFTER_SOURCE_AUTHORITY,Obtain/refresh supplier stock authority for brand=INSIZE | اینسایز; exact SKU 8601-100 already known; do not infer from price,P1
2104,9351-130,INSIZE | اینسایز,AVAILABILITY_ENABLE,UNAVAILABLE,AUTO_AFTER_SOURCE_AUTHORITY,Obtain/refresh supplier stock authority for brand=INSIZE | اینسایز; exact SKU 9351-130 already known; do not infer from price,P1
2105,9721-250,INSIZE | اینسایز,AVAILABILITY_ENABLE,UNAVAILABLE,AUTO_AFTER_SOURCE_AUTHORITY,Obtain/refresh supplier stock authority for brand=INSIZE | اینسایز; exact SKU 9721-250 already known; do not infer from price,P1
2353,103-147,Mitutoyo | میتوتویو,AVAILABILITY_ENABLE,UNAVAILABLE,AUTO_AFTER_SOURCE_AUTHORITY,Obtain/refresh supplier stock authority for brand=Mitutoyo | میتوتویو; exact SKU 103-147 already known; do not infer from price,P1
3292,AST-PRO/T65,ASTPOWER | ای اس تی پاور,AVAILABILITY_ENABLE,UNAVAILABLE,AUTO_AFTER_SOURCE_AUTHORITY,Obtain/refresh supplier stock authority for brand=ASTPOWER | ای اس تی پاور; exact SKU AST-PRO/T65 already known; do not infer from price,P1
3293,AST-PRO/T150,ASTPOWER | ای اس تی پاور,AVAILABILITY_ENABLE,UNAVAILABLE,AUTO_AFTER_SOURCE_AUTHORITY,Obtain/refresh supplier stock authority for brand=ASTPOWER | ای اس تی پاور; exact SKU AST-PRO/T150 already known; do not infer from price,P1
3303,AST-BS2-8,ASTPOWER | ای اس تی پاور,AVAILABILITY_ENABLE,UNAVAILABLE,AUTO_AFTER_SOURCE_AUTHORITY,Obtain/refresh supplier stock authority for brand=ASTPOWER | ای اس تی پاور; exact SKU AST-BS2-8 already known; do not infer from price,P1
3331,AST-SPARK3000,ASTPOWER | ای اس تی پاور,AVAILABILITY_ENABLE,UNAVAILABLE,AUTO_AFTER_SOURCE_AUTHORITY,Obtain/refresh supplier stock authority for brand=ASTPOWER | ای اس تی پاور; exact SKU AST-SPARK3000 already known; do not infer from price,P1
3332,AST-SPARK600,ASTPOWER | ای اس تی پاور,AVAILABILITY_ENABLE,UNAVAILABLE,AUTO_AFTER_SOURCE_AUTHORITY,Obtain/refresh supplier stock authority for brand=ASTPOWER | ای اس تی پاور; exact SKU AST-SPARK600 already known; do not infer from price,P1
3349,AST-PRO/T100,ASTPOWER | ای اس تی پاور,AVAILABILITY_ENABLE,UNAVAILABLE,AUTO_AFTER_SOURCE_AUTHORITY,Obtain/refresh supplier stock authority for brand=ASTPOWER | ای اس تی پاور; exact SKU AST-PRO/T100 already known; do not infer from price,P1
3350,AST-COR80,ASTPOWER | ای اس تی پاور,AVAILABILITY_ENABLE,UNAVAILABLE,AUTO_AFTER_SOURCE_AUTHORITY,Obtain/refresh supplier stock authority for brand=ASTPOWER | ای اس تی پاور; exact SKU AST-COR80 already known; do not infer from price,P1
3351,AST-COR355P,ASTPOWER | ای اس تی پاور,AVAILABILITY_ENABLE,UNAVAILABLE,AUTO_AFTER_SOURCE_AUTHORITY,Obtain/refresh supplier stock authority for brand=ASTPOWER | ای اس تی پاور; exact SKU AST-COR355P already known; do not infer from price,P1
3352,AST-COR255P,ASTPOWER | ای اس تی پاور,AVAILABILITY_ENABLE,UNAVAILABLE,AUTO_AFTER_SOURCE_AUTHORITY,Obtain/refresh supplier stock authority for brand=ASTPOWER | ای اس تی پاور; exact SKU AST-COR255P already known; do not infer from price,P1
3353,TU-TCOR205,ASTPOWER | ای اس تی پاور,AVAILABILITY_ENABLE,UNAVAILABLE,AUTO_AFTER_SOURCE_AUTHORITY,Obtain/refresh supplier stock authority for brand=ASTPOWER | ای اس تی پاور; exact SKU TU-TCOR205 already known; do not infer from price,P1
3354,TU-TCOR305,ASTPOWER | ای اس تی پاور,AVAILABILITY_ENABLE,UNAVAILABLE,AUTO_AFTER_SOURCE_AUTHORITY,Obtain/refresh supplier stock authority for brand=ASTPOWER | ای اس تی پاور; exact SKU TU-TCOR305 already known; do not infer from price,P1
3355,TU-TCOR255,ASTPOWER | ای اس تی پاور,AVAILABILITY_ENABLE,UNAVAILABLE,AUTO_AFTER_SOURCE_AUTHORITY,Obtain/refresh supplier stock authority for brand=ASTPOWER | ای اس تی پاور; exact SKU TU-TCOR255 already known; do not infer from price,P1
3356,TU-TCOR355,ASTPOWER | ای اس تی پاور,AVAILABILITY_ENABLE,UNAVAILABLE,AUTO_AFTER_SOURCE_AUTHORITY,Obtain/refresh supplier stock authority for brand=ASTPOWER | ای اس تی پاور; exact SKU TU-TCOR355 already known; do not infer from price,P1
3361,TU-D13E12,ASTPOWER | ای اس تی پاور,AVAILABILITY_ENABLE,UNAVAILABLE,AUTO_AFTER_SOURCE_AUTHORITY,Obtain/refresh supplier stock authority for brand=ASTPOWER | ای اس تی پاور; exact SKU TU-D13E12 already known; do not infer from price,P1
3374,AST-COR100,ASTPOWER | ای اس تی پاور,AVAILABILITY_ENABLE,UNAVAILABLE,AUTO_AFTER_SOURCE_AUTHORITY,Obtain/refresh supplier stock authority for brand=ASTPOWER | ای اس تی پاور; exact SKU AST-COR100 already known; do not infer from price,P1
3429,FB620,ASTPOWER | ای اس تی پاور,AVAILABILITY_ENABLE,UNAVAILABLE,AUTO_AFTER_SOURCE_AUTHORITY,Obtain/refresh supplier stock authority for brand=ASTPOWER | ای اس تی پاور; exact SKU FB620 already known; do not infer from price,P1
3431,FTV313,ASTPOWER | ای اس تی پاور,AVAILABILITY_ENABLE,UNAVAILABLE,AUTO_AFTER_SOURCE_AUTHORITY,Obtain/refresh supplier stock authority for brand=ASTPOWER | ای اس تی پاور; exact SKU FTV313 already known; do not infer from price,P1
3438,TS20,ASTPOWER | ای اس تی پاور,AVAILABILITY_ENABLE,UNAVAILABLE,AUTO_AFTER_SOURCE_AUTHORITY,Obtain/refresh supplier stock authority for brand=ASTPOWER | ای اس تی پاور; exact SKU TS20 already known; do not infer from price,P1
3439,TS42,ASTPOWER | ای اس تی پاور,AVAILABILITY_ENABLE,UNAVAILABLE,AUTO_AFTER_SOURCE_AUTHORITY,Obtain/refresh supplier stock authority for brand=ASTPOWER | ای اس تی پاور; exact SKU TS42 already known; do not infer from price,P1
3468,1201-1003,INSIZE | اینسایز,AVAILABILITY_ENABLE,UNAVAILABLE,AUTO_AFTER_SOURCE_AUTHORITY,Obtain/refresh supplier stock authority for brand=INSIZE | اینسایز; exact SKU 1201-1003 already known; do not infer from price,P1
3469,1204-70,INSIZE | اینسایز,AVAILABILITY_ENABLE,UNAVAILABLE,AUTO_AFTER_SOURCE_AUTHORITY,Obtain/refresh supplier stock authority for brand=INSIZE | اینسایز; exact SKU 1204-70 already known; do not infer from price,P1
3470,1205-1502,INSIZE | اینسایز,AVAILABILITY_ENABLE,UNAVAILABLE,AUTO_AFTER_SOURCE_AUTHORITY,Obtain/refresh supplier stock authority for brand=INSIZE | اینسایز; exact SKU 1205-1502 already known; do not infer from price,P1
3474,1106-1002,INSIZE | اینسایز,AVAILABILITY_ENABLE,UNAVAILABLE,AUTO_AFTER_SOURCE_AUTHORITY,Obtain/refresh supplier stock authority for brand=INSIZE | اینسایز; exact SKU 1106-1002 already known; do not infer from price,P1
3475,1214-1000,INSIZE | اینسایز,AVAILABILITY_ENABLE,UNAVAILABLE,AUTO_AFTER_SOURCE_AUTHORITY,Obtain/refresh supplier stock authority for brand=INSIZE | اینسایز; exact SKU 1214-1000 already known; do not infer from price,P1
3476,1214-1500,INSIZE | اینسایز,AVAILABILITY_ENABLE,UNAVAILABLE,AUTO_AFTER_SOURCE_AUTHORITY,Obtain/refresh supplier stock authority for brand=INSIZE | اینسایز; exact SKU 1214-1500 already known; do not infer from price,P1
3477,1181-M25,INSIZE | اینسایز,AVAILABILITY_ENABLE,UNAVAILABLE,AUTO_AFTER_SOURCE_AUTHORITY,Obtain/refresh supplier stock authority for brand=INSIZE | اینسایز; exact SKU 1181-M25 already known; do not infer from price,P1
3478,1106-2003,INSIZE | اینسایز,AVAILABILITY_ENABLE,UNAVAILABLE,AUTO_AFTER_SOURCE_AUTHORITY,Obtain/refresh supplier stock authority for brand=INSIZE | اینسایز; exact SKU 1106-2003 already known; do not infer from price,P1
3479,1106-1502,INSIZE | اینسایز,AVAILABILITY_ENABLE,UNAVAILABLE,AUTO_AFTER_SOURCE_AUTHORITY,Obtain/refresh supplier stock authority for brand=INSIZE | اینسایز; exact SKU 1106-1502 already known; do not infer from price,P1
3481,2307-1,INSIZE | اینسایز,AVAILABILITY_ENABLE,UNAVAILABLE,AUTO_AFTER_SOURCE_AUTHORITY,Obtain/refresh supplier stock authority for brand=INSIZE | اینسایز; exact SKU 2307-1 already known; do not infer from price,P1
3482,2307-025,INSIZE | اینسایز,AVAILABILITY_ENABLE,UNAVAILABLE,AUTO_AFTER_SOURCE_AUTHORITY,Obtain/refresh supplier stock authority for brand=INSIZE | اینسایز; exact SKU 2307-025 already known; do not infer from price,P1
3483,2308-10,INSIZE | اینسایز,AVAILABILITY_ENABLE,UNAVAILABLE,AUTO_AFTER_SOURCE_AUTHORITY,Obtain/refresh supplier stock authority for brand=INSIZE | اینسایز; exact SKU 2308-10 already known; do not infer from price,P1
3486,4100-2122,INSIZE | اینسایز,AVAILABILITY_ENABLE,UNAVAILABLE,AUTO_AFTER_SOURCE_AUTHORITY,Obtain/refresh supplier stock authority for brand=INSIZE | اینسایز; exact SKU 4100-2122 already known; do not infer from price,P1
3487,2121-25,INSIZE | اینسایز,AVAILABILITY_ENABLE,UNAVAILABLE,AUTO_AFTER_SOURCE_AUTHORITY,Obtain/refresh supplier stock authority for brand=INSIZE | اینسایز; exact SKU 2121-25 already known; do not infer from price,P1
3488,2332-20,INSIZE | اینسایز,AVAILABILITY_ENABLE,UNAVAILABLE,AUTO_AFTER_SOURCE_AUTHORITY,Obtain/refresh supplier stock authority for brand=INSIZE | اینسایز; exact SKU 2332-20 already known; do not infer from price,P1
3489,ISE-2DT,INSIZE | اینسایز,AVAILABILITY_ENABLE,UNAVAILABLE,AUTO_AFTER_SOURCE_AUTHORITY,Obtain/refresh supplier stock authority for brand=INSIZE | اینسایز; exact SKU ISE-2DT already known; do not infer from price,P1
3490,2151-35,INSIZE | اینسایز,AVAILABILITY_ENABLE,UNAVAILABLE,AUTO_AFTER_SOURCE_AUTHORITY,Obtain/refresh supplier stock authority for brand=INSIZE | اینسایز; exact SKU 2151-35 already known; do not infer from price,P1
3491,3203-1,INSIZE | اینسایز,AVAILABILITY_ENABLE,UNAVAILABLE,AUTO_AFTER_SOURCE_AUTHORITY,Obtain/refresh supplier stock authority for brand=INSIZE | اینسایز; exact SKU 3203-1 already known; do not infer from price,P1
3492,2151-55,INSIZE | اینسایز,AVAILABILITY_ENABLE,UNAVAILABLE,AUTO_AFTER_SOURCE_AUTHORITY,Obtain/refresh supplier stock authority for brand=INSIZE | اینسایز; exact SKU 2151-55 already known; do not infer from price,P1
3493,2361-10,INSIZE | اینسایز,AVAILABILITY_ENABLE,UNAVAILABLE,AUTO_AFTER_SOURCE_AUTHORITY,Obtain/refresh supplier stock authority for brand=INSIZE | اینسایز; exact SKU 2361-10 already known; do not infer from price,P1
3495,3203-2,INSIZE | اینسایز,AVAILABILITY_ENABLE,UNAVAILABLE,AUTO_AFTER_SOURCE_AUTHORITY,Obtain/refresh supplier stock authority for brand=INSIZE | اینسایز; exact SKU 3203-2 already known; do not infer from price,P1
3499,3127-8,INSIZE | اینسایز,AVAILABILITY_ENABLE,UNAVAILABLE,AUTO_AFTER_SOURCE_AUTHORITY,Obtain/refresh supplier stock authority for brand=INSIZE | اینسایز; exact SKU 3127-8 already known; do not infer from price,P1
3500,3127-10,INSIZE | اینسایز,AVAILABILITY_ENABLE,UNAVAILABLE,AUTO_AFTER_SOURCE_AUTHORITY,Obtain/refresh supplier stock authority for brand=INSIZE | اینسایز; exact SKU 3127-10 already known; do not infer from price,P1
3501,3127-12,INSIZE | اینسایز,AVAILABILITY_ENABLE,UNAVAILABLE,AUTO_AFTER_SOURCE_AUTHORITY,Obtain/refresh supplier stock authority for brand=INSIZE | اینسایز; exact SKU 3127-12 already known; do not infer from price,P1
3503,3127-20,INSIZE | اینسایز,AVAILABILITY_ENABLE,UNAVAILABLE,AUTO_AFTER_SOURCE_AUTHORITY,Obtain/refresh supplier stock authority for brand=INSIZE | اینسایز; exact SKU 3127-20 already known; do not infer from price,P1
3504,3282-25,INSIZE | اینسایز,AVAILABILITY_ENABLE,UNAVAILABLE,AUTO_AFTER_SOURCE_AUTHORITY,Obtain/refresh supplier stock authority for brand=INSIZE | اینسایز; exact SKU 3282-25 already known; do not infer from price,P1
3505,3127-25,INSIZE | اینسایز,AVAILABILITY_ENABLE,UNAVAILABLE,AUTO_AFTER_SOURCE_AUTHORITY,Obtain/refresh supplier stock authority for brand=INSIZE | اینسایز; exact SKU 3127-25 already known; do not infer from price,P1
3506,3127-30,INSIZE | اینسایز,AVAILABILITY_ENABLE,UNAVAILABLE,AUTO_AFTER_SOURCE_AUTHORITY,Obtain/refresh supplier stock authority for brand=INSIZE | اینسایز; exact SKU 3127-30 already known; do not infer from price,P1
3507,3282-50,INSIZE | اینسایز,AVAILABILITY_ENABLE,UNAVAILABLE,AUTO_AFTER_SOURCE_AUTHORITY,Obtain/refresh supplier stock authority for brand=INSIZE | اینسایز; exact SKU 3282-50 already known; do not infer from price,P1
3508,3127-40,INSIZE | اینسایز,AVAILABILITY_ENABLE,UNAVAILABLE,AUTO_AFTER_SOURCE_AUTHORITY,Obtain/refresh supplier stock authority for brand=INSIZE | اینسایز; exact SKU 3127-40 already known; do not infer from price,P1
3509,3282-75,INSIZE | اینسایز,AVAILABILITY_ENABLE,UNAVAILABLE,AUTO_AFTER_SOURCE_AUTHORITY,Obtain/refresh supplier stock authority for brand=INSIZE | اینسایز; exact SKU 3282-75 already known; do not infer from price,P1
3510,3127-50,INSIZE | اینسایز,AVAILABILITY_ENABLE,UNAVAILABLE,AUTO_AFTER_SOURCE_AUTHORITY,Obtain/refresh supplier stock authority for brand=INSIZE | اینسایز; exact SKU 3127-50 already known; do not infer from price,P1
3512,2364-1,INSIZE | اینسایز,AVAILABILITY_ENABLE,UNAVAILABLE,AUTO_AFTER_SOURCE_AUTHORITY,Obtain/refresh supplier stock authority for brand=INSIZE | اینسایز; exact SKU 2364-1 already known; do not infer from price,P1
3513,3127-63,INSIZE | اینسایز,AVAILABILITY_ENABLE,UNAVAILABLE,AUTO_AFTER_SOURCE_AUTHORITY,Obtain/refresh supplier stock authority for brand=INSIZE | اینسایز; exact SKU 3127-63 already known; do not infer from price,P1
3514,3127-75,INSIZE | اینسایز,AVAILABILITY_ENABLE,UNAVAILABLE,AUTO_AFTER_SOURCE_AUTHORITY,Obtain/refresh supplier stock authority for brand=INSIZE | اینسایز; exact SKU 3127-75 already known; do not infer from price,P1
3516,3127-88,INSIZE | اینسایز,AVAILABILITY_ENABLE,UNAVAILABLE,AUTO_AFTER_SOURCE_AUTHORITY,Obtain/refresh supplier stock authority for brand=INSIZE | اینسایز; exact SKU 3127-88 already known; do not infer from price,P1
3517,2863-10,INSIZE | اینسایز,AVAILABILITY_ENABLE,UNAVAILABLE,AUTO_AFTER_SOURCE_AUTHORITY,Obtain/refresh supplier stock authority for brand=INSIZE | اینسایز; exact SKU 2863-10 already known; do not infer from price,P1
3518,2866-10,INSIZE | اینسایز,AVAILABILITY_ENABLE,UNAVAILABLE,AUTO_AFTER_SOURCE_AUTHORITY,Obtain/refresh supplier stock authority for brand=INSIZE | اینسایز; exact SKU 2866-10 already known; do not infer from price,P1
3519,3227-8,INSIZE | اینسایز,AVAILABILITY_ENABLE,UNAVAILABLE,AUTO_AFTER_SOURCE_AUTHORITY,Obtain/refresh supplier stock authority for brand=INSIZE | اینسایز; exact SKU 3227-8 already known; do not infer from price,P1
3520,2367-10,INSIZE | اینسایز,AVAILABILITY_ENABLE,UNAVAILABLE,AUTO_AFTER_SOURCE_AUTHORITY,Obtain/refresh supplier stock authority for brand=INSIZE | اینسایز; exact SKU 2367-10 already known; do not infer from price,P1
3521,3227-10,INSIZE | اینسایز,AVAILABILITY_ENABLE,UNAVAILABLE,AUTO_AFTER_SOURCE_AUTHORITY,Obtain/refresh supplier stock authority for brand=INSIZE | اینسایز; exact SKU 3227-10 already known; do not infer from price,P1
3523,3227-12,INSIZE | اینسایز,AVAILABILITY_ENABLE,UNAVAILABLE,AUTO_AFTER_SOURCE_AUTHORITY,Obtain/refresh supplier stock authority for brand=INSIZE | اینسایز; exact SKU 3227-12 already known; do not infer from price,P1
3525,3227-16,INSIZE | اینسایز,AVAILABILITY_ENABLE,UNAVAILABLE,AUTO_AFTER_SOURCE_AUTHORITY,Obtain/refresh supplier stock authority for brand=INSIZE | اینسایز; exact SKU 3227-16 already known; do not infer from price,P1
3526,3227-20,INSIZE | اینسایز,AVAILABILITY_ENABLE,UNAVAILABLE,AUTO_AFTER_SOURCE_AUTHORITY,Obtain/refresh supplier stock authority for brand=INSIZE | اینسایز; exact SKU 3227-20 already known; do not infer from price,P1
3527,3520-50,INSIZE | اینسایز,AVAILABILITY_ENABLE,UNAVAILABLE,AUTO_AFTER_SOURCE_AUTHORITY,Obtain/refresh supplier stock authority for brand=INSIZE | اینسایز; exact SKU 3520-50 already known; do not infer from price,P1
3528,3227-25,INSIZE | اینسایز,AVAILABILITY_ENABLE,UNAVAILABLE,AUTO_AFTER_SOURCE_AUTHORITY,Obtain/refresh supplier stock authority for brand=INSIZE | اینسایز; exact SKU 3227-25 already known; do not infer from price,P1
3529,3227-30,INSIZE | اینسایز,AVAILABILITY_ENABLE,UNAVAILABLE,AUTO_AFTER_SOURCE_AUTHORITY,Obtain/refresh supplier stock authority for brand=INSIZE | اینسایز; exact SKU 3227-30 already known; do not infer from price,P1
3530,3227-40,INSIZE | اینسایز,AVAILABILITY_ENABLE,UNAVAILABLE,AUTO_AFTER_SOURCE_AUTHORITY,Obtain/refresh supplier stock authority for brand=INSIZE | اینسایز; exact SKU 3227-40 already known; do not infer from price,P1
3531,3227-50,INSIZE | اینسایز,AVAILABILITY_ENABLE,UNAVAILABLE,AUTO_AFTER_SOURCE_AUTHORITY,Obtain/refresh supplier stock authority for brand=INSIZE | اینسایز; exact SKU 3227-50 already known; do not infer from price,P1
3532,3227-63,INSIZE | اینسایز,AVAILABILITY_ENABLE,UNAVAILABLE,AUTO_AFTER_SOURCE_AUTHORITY,Obtain/refresh supplier stock authority for brand=INSIZE | اینسایز; exact SKU 3227-63 already known; do not infer from price,P1
3533,3227-75,INSIZE | اینسایز,AVAILABILITY_ENABLE,UNAVAILABLE,AUTO_AFTER_SOURCE_AUTHORITY,Obtain/refresh supplier stock authority for brand=INSIZE | اینسایز; exact SKU 3227-75 already known; do not infer from price,P1
3534,3520-75,INSIZE | اینسایز,AVAILABILITY_ENABLE,UNAVAILABLE,AUTO_AFTER_SOURCE_AUTHORITY,Obtain/refresh supplier stock authority for brand=INSIZE | اینسایز; exact SKU 3520-75 already known; do not infer from price,P1
3535,3227-88,INSIZE | اینسایز,AVAILABILITY_ENABLE,UNAVAILABLE,AUTO_AFTER_SOURCE_AUTHORITY,Obtain/refresh supplier stock authority for brand=INSIZE | اینسایز; exact SKU 3227-88 already known; do not infer from price,P1
3536,3227-1004,INSIZE | اینسایز,AVAILABILITY_ENABLE,UNAVAILABLE,AUTO_AFTER_SOURCE_AUTHORITY,Obtain/refresh supplier stock authority for brand=INSIZE | اینسایز; exact SKU 3227-1004 already known; do not infer from price,P1
3542,6210-81,INSIZE | اینسایز,AVAILABILITY_ENABLE,UNAVAILABLE,AUTO_AFTER_SOURCE_AUTHORITY,Obtain/refresh supplier stock authority for brand=INSIZE | اینسایز; exact SKU 6210-81 already known; do not infer from price,P1
3550,3109-25,INSIZE | اینسایز,AVAILABILITY_ENABLE,UNAVAILABLE,AUTO_AFTER_SOURCE_AUTHORITY,Obtain/refresh supplier stock authority for brand=INSIZE | اینسایز; exact SKU 3109-25 already known; do not infer from price,P1
3556,3203-25,INSIZE | اینسایز,AVAILABILITY_ENABLE,UNAVAILABLE,AUTO_AFTER_SOURCE_AUTHORITY,Obtain/refresh supplier stock authority for brand=INSIZE | اینسایز; exact SKU 3203-25 already known; do not infer from price,P1
3570,4621-80,INSIZE | اینسایز,AVAILABILITY_ENABLE,UNAVAILABLE,AUTO_AFTER_SOURCE_AUTHORITY,Obtain/refresh supplier stock authority for brand=INSIZE | اینسایز; exact SKU 4621-80 already known; do not infer from price,P1
3572,4166-0D,INSIZE | اینسایز,AVAILABILITY_ENABLE,UNAVAILABLE,AUTO_AFTER_SOURCE_AUTHORITY,Obtain/refresh supplier stock authority for brand=INSIZE | اینسایز; exact SKU 4166-0D already known; do not infer from price,P1
3576,7110-1500,INSIZE | اینسایز,AVAILABILITY_ENABLE,UNAVAILABLE,AUTO_AFTER_SOURCE_AUTHORITY,Obtain/refresh supplier stock authority for brand=INSIZE | اینسایز; exact SKU 7110-1500 already known; do not infer from price,P1
3579,4166-1,INSIZE | اینسایز,AVAILABILITY_ENABLE,UNAVAILABLE,AUTO_AFTER_SOURCE_AUTHORITY,Obtain/refresh supplier stock authority for brand=INSIZE | اینسایز; exact SKU 4166-1 already known; do not infer from price,P1
3582,4166-1D,INSIZE | اینسایز,AVAILABILITY_ENABLE,UNAVAILABLE,AUTO_AFTER_SOURCE_AUTHORITY,Obtain/refresh supplier stock authority for brand=INSIZE | اینسایز; exact SKU 4166-1D already known; do not infer from price,P1
3583,1240-5001,INSIZE | اینسایز,AVAILABILITY_ENABLE,UNAVAILABLE,AUTO_AFTER_SOURCE_AUTHORITY,Obtain/refresh supplier stock authority for brand=INSIZE | اینسایز; exact SKU 1240-5001 already known; do not infer from price,P1
3584,4166-2,INSIZE | اینسایز,AVAILABILITY_ENABLE,UNAVAILABLE,AUTO_AFTER_SOURCE_AUTHORITY,Obtain/refresh supplier stock authority for brand=INSIZE | اینسایز; exact SKU 4166-2 already known; do not infer from price,P1
3585,4166-2D,INSIZE | اینسایز,AVAILABILITY_ENABLE,UNAVAILABLE,AUTO_AFTER_SOURCE_AUTHORITY,Obtain/refresh supplier stock authority for brand=INSIZE | اینسایز; exact SKU 4166-2D already known; do not infer from price,P1
3586,4166-3,INSIZE | اینسایز,AVAILABILITY_ENABLE,UNAVAILABLE,AUTO_AFTER_SOURCE_AUTHORITY,Obtain/refresh supplier stock authority for brand=INSIZE | اینسایز; exact SKU 4166-3 already known; do not infer from price,P1
3587,4166-4,INSIZE | اینسایز,AVAILABILITY_ENABLE,UNAVAILABLE,AUTO_AFTER_SOURCE_AUTHORITY,Obtain/refresh supplier stock authority for brand=INSIZE | اینسایز; exact SKU 4166-4 already known; do not infer from price,P1
3588,4166-4D,INSIZE | اینسایز,AVAILABILITY_ENABLE,UNAVAILABLE,AUTO_AFTER_SOURCE_AUTHORITY,Obtain/refresh supplier stock authority for brand=INSIZE | اینسایز; exact SKU 4166-4D already known; do not infer from price,P1
3589,4166-5,INSIZE | اینسایز,AVAILABILITY_ENABLE,UNAVAILABLE,AUTO_AFTER_SOURCE_AUTHORITY,Obtain/refresh supplier stock authority for brand=INSIZE | اینسایز; exact SKU 4166-5 already known; do not infer from price,P1
3590,4166-5D,INSIZE | اینسایز,AVAILABILITY_ENABLE,UNAVAILABLE,AUTO_AFTER_SOURCE_AUTHORITY,Obtain/refresh supplier stock authority for brand=INSIZE | اینسایز; exact SKU 4166-5D already known; do not infer from price,P1
3591,4166-6,INSIZE | اینسایز,AVAILABILITY_ENABLE,UNAVAILABLE,AUTO_AFTER_SOURCE_AUTHORITY,Obtain/refresh supplier stock authority for brand=INSIZE | اینسایز; exact SKU 4166-6 already known; do not infer from price,P1
3592,1145-25,INSIZE | اینسایز,AVAILABILITY_ENABLE,UNAVAILABLE,AUTO_AFTER_SOURCE_AUTHORITY,Obtain/refresh supplier stock authority for brand=INSIZE | اینسایز; exact SKU 1145-25 already known; do not infer from price,P1
3593,4166-6D,INSIZE | اینسایز,AVAILABILITY_ENABLE,UNAVAILABLE,AUTO_AFTER_SOURCE_AUTHORITY,Obtain/refresh supplier stock authority for brand=INSIZE | اینسایز; exact SKU 4166-6D already known; do not infer from price,P1
3594,4166-7,INSIZE | اینسایز,AVAILABILITY_ENABLE,UNAVAILABLE,AUTO_AFTER_SOURCE_AUTHORITY,Obtain/refresh supplier stock authority for brand=INSIZE | اینسایز; exact SKU 4166-7 already known; do not infer from price,P1
3595,1140-50,INSIZE | اینسایز,AVAILABILITY_ENABLE,UNAVAILABLE,AUTO_AFTER_SOURCE_AUTHORITY,Obtain/refresh supplier stock authority for brand=INSIZE | اینسایز; exact SKU 1140-50 already known; do not infer from price,P1
3596,4166-7D,INSIZE | اینسایز,AVAILABILITY_ENABLE,UNAVAILABLE,AUTO_AFTER_SOURCE_AUTHORITY,Obtain/refresh supplier stock authority for brand=INSIZE | اینسایز; exact SKU 4166-7D already known; do not infer from price,P1
3597,4166-9,INSIZE | اینسایز,AVAILABILITY_ENABLE,UNAVAILABLE,AUTO_AFTER_SOURCE_AUTHORITY,Obtain/refresh supplier stock authority for brand=INSIZE | اینسایز; exact SKU 4166-9 already known; do not infer from price,P1
3598,4166-8,INSIZE | اینسایز,AVAILABILITY_ENABLE,UNAVAILABLE,AUTO_AFTER_SOURCE_AUTHORITY,Obtain/refresh supplier stock authority for brand=INSIZE | اینسایز; exact SKU 4166-8 already known; do not infer from price,P1
3599,3240-25,INSIZE | اینسایز,AVAILABILITY_ENABLE,UNAVAILABLE,AUTO_AFTER_SOURCE_AUTHORITY,Obtain/refresh supplier stock authority for brand=INSIZE | اینسایز; exact SKU 3240-25 already known; do not infer from price,P1
3600,4166-8D,INSIZE | اینسایز,AVAILABILITY_ENABLE,UNAVAILABLE,AUTO_AFTER_SOURCE_AUTHORITY,Obtain/refresh supplier stock authority for brand=INSIZE | اینسایز; exact SKU 4166-8D already known; do not infer from price,P1
3601,4166-9D,INSIZE | اینسایز,AVAILABILITY_ENABLE,UNAVAILABLE,AUTO_AFTER_SOURCE_AUTHORITY,Obtain/refresh supplier stock authority for brand=INSIZE | اینسایز; exact SKU 4166-9D already known; do not infer from price,P1
3603,4790-0150,INSIZE | اینسایز,AVAILABILITY_ENABLE,UNAVAILABLE,AUTO_AFTER_SOURCE_AUTHORITY,Obtain/refresh supplier stock authority for brand=INSIZE | اینسایز; exact SKU 4790-0150 already known; do not infer from price,P1
3605,4745-1120,INSIZE | اینسایز,AVAILABILITY_ENABLE,UNAVAILABLE,AUTO_AFTER_SOURCE_AUTHORITY,Obtain/refresh supplier stock authority for brand=INSIZE | اینسایز; exact SKU 4745-1120 already known; do not infer from price,P1
3606,7114-2200,INSIZE | اینسایز,AVAILABILITY_ENABLE,UNAVAILABLE,AUTO_AFTER_SOURCE_AUTHORITY,Obtain/refresh supplier stock authority for brand=INSIZE | اینسایز; exact SKU 7114-2200 already known; do not infer from price,P1
3608,7143-50,INSIZE | اینسایز,AVAILABILITY_ENABLE,UNAVAILABLE,AUTO_AFTER_SOURCE_AUTHORITY,Obtain/refresh supplier stock authority for brand=INSIZE | اینسایز; exact SKU 7143-50 already known; do not infer from price,P1
3613,2112-50,INSIZE | اینسایز,AVAILABILITY_ENABLE,UNAVAILABLE,AUTO_AFTER_SOURCE_AUTHORITY,Obtain/refresh supplier stock authority for brand=INSIZE | اینسایز; exact SKU 2112-50 already known; do not infer from price,P1
3618,2310-30,INSIZE | اینسایز,AVAILABILITY_ENABLE,UNAVAILABLE,AUTO_AFTER_SOURCE_AUTHORITY,Obtain/refresh supplier stock authority for brand=INSIZE | اینسایز; exact SKU 2310-30 already known; do not infer from price,P1
3620,2313-1,INSIZE | اینسایز,AVAILABILITY_ENABLE,UNAVAILABLE,AUTO_AFTER_SOURCE_AUTHORITY,Obtain/refresh supplier stock authority for brand=INSIZE | اینسایز; exact SKU 2313-1 already known; do not infer from price,P1
3623,2318-10,INSIZE | اینسایز,AVAILABILITY_ENABLE,UNAVAILABLE,AUTO_AFTER_SOURCE_AUTHORITY,Obtain/refresh supplier stock authority for brand=INSIZE | اینسایز; exact SKU 2318-10 already known; do not infer from price,P1
3624,2318-30,INSIZE | اینسایز,AVAILABILITY_ENABLE,UNAVAILABLE,AUTO_AFTER_SOURCE_AUTHORITY,Obtain/refresh supplier stock authority for brand=INSIZE | اینسایز; exact SKU 2318-30 already known; do not infer from price,P1
3625,2114-5F,INSIZE | اینسایز,AVAILABILITY_ENABLE,UNAVAILABLE,AUTO_AFTER_SOURCE_AUTHORITY,Obtain/refresh supplier stock authority for brand=INSIZE | اینسایز; exact SKU 2114-5F already known; do not infer from price,P1
3626,2103-10,INSIZE | اینسایز,AVAILABILITY_ENABLE,UNAVAILABLE,AUTO_AFTER_SOURCE_AUTHORITY,Obtain/refresh supplier stock authority for brand=INSIZE | اینسایز; exact SKU 2103-10 already known; do not infer from price,P1
3627,2118-10,INSIZE | اینسایز,AVAILABILITY_ENABLE,UNAVAILABLE,AUTO_AFTER_SOURCE_AUTHORITY,Obtain/refresh supplier stock authority for brand=INSIZE | اینسایز; exact SKU 2118-10 already known; do not infer from price,P1
3628,2852-10,INSIZE | اینسایز,AVAILABILITY_ENABLE,UNAVAILABLE,AUTO_AFTER_SOURCE_AUTHORITY,Obtain/refresh supplier stock authority for brand=INSIZE | اینسایز; exact SKU 2852-10 already known; do not infer from price,P1
3634,1214-2000,INSIZE | اینسایز,AVAILABILITY_ENABLE,UNAVAILABLE,AUTO_AFTER_SOURCE_AUTHORITY,Obtain/refresh supplier stock authority for brand=INSIZE | اینسایز; exact SKU 1214-2000 already known; do not infer from price,P1
3635,1150-1000,INSIZE | اینسایز,AVAILABILITY_ENABLE,UNAVAILABLE,AUTO_AFTER_SOURCE_AUTHORITY,Obtain/refresh supplier stock authority for brand=INSIZE | اینسایز; exact SKU 1150-1000 already known; do not infer from price,P1
3636,1140-25,INSIZE | اینسایز,AVAILABILITY_ENABLE,UNAVAILABLE,AUTO_AFTER_SOURCE_AUTHORITY,Obtain/refresh supplier stock authority for brand=INSIZE | اینسایز; exact SKU 1140-25 already known; do not infer from price,P1
3642,3291-25,INSIZE | اینسایز,AVAILABILITY_ENABLE,UNAVAILABLE,AUTO_AFTER_SOURCE_AUTHORITY,Obtain/refresh supplier stock authority for brand=INSIZE | اینسایز; exact SKU 3291-25 already known; do not infer from price,P1
3645,3520-30,INSIZE | اینسایز,AVAILABILITY_ENABLE,UNAVAILABLE,AUTO_AFTER_SOURCE_AUTHORITY,Obtain/refresh supplier stock authority for brand=INSIZE | اینسایز; exact SKU 3520-30 already known; do not infer from price,P1
3646,3222-1000,INSIZE | اینسایز,AVAILABILITY_ENABLE,UNAVAILABLE,AUTO_AFTER_SOURCE_AUTHORITY,Obtain/refresh supplier stock authority for brand=INSIZE | اینسایز; exact SKU 3222-1000 already known; do not infer from price,P1
3647,3222-1500,INSIZE | اینسایز,AVAILABILITY_ENABLE,UNAVAILABLE,AUTO_AFTER_SOURCE_AUTHORITY,Obtain/refresh supplier stock authority for brand=INSIZE | اینسایز; exact SKU 3222-1500 already known; do not infer from price,P1
3649,3127-16,INSIZE | اینسایز,AVAILABILITY_ENABLE,UNAVAILABLE,AUTO_AFTER_SOURCE_AUTHORITY,Obtain/refresh supplier stock authority for brand=INSIZE | اینسایز; exact SKU 3127-16 already known; do not infer from price,P1
3650,7350-35,INSIZE | اینسایز,AVAILABILITY_ENABLE,UNAVAILABLE,AUTO_AFTER_SOURCE_AUTHORITY,Obtain/refresh supplier stock authority for brand=INSIZE | اینسایز; exact SKU 7350-35 already known; do not infer from price,P1
3651,7350-60,INSIZE | اینسایز,AVAILABILITY_ENABLE,UNAVAILABLE,AUTO_AFTER_SOURCE_AUTHORITY,Obtain/refresh supplier stock authority for brand=INSIZE | اینسایز; exact SKU 7350-60 already known; do not infer from price,P1
3652,3127-1004,INSIZE | اینسایز,AVAILABILITY_ENABLE,UNAVAILABLE,AUTO_AFTER_SOURCE_AUTHORITY,Obtain/refresh supplier stock authority for brand=INSIZE | اینسایز; exact SKU 3127-1004 already known; do not infer from price,P1
3653,4100-18,INSIZE | اینسایز,AVAILABILITY_ENABLE,UNAVAILABLE,AUTO_AFTER_SOURCE_AUTHORITY,Obtain/refresh supplier stock authority for brand=INSIZE | اینسایز; exact SKU 4100-18 already known; do not infer from price,P1
3654,4100-1112,INSIZE | اینسایز,AVAILABILITY_ENABLE,UNAVAILABLE,AUTO_AFTER_SOURCE_AUTHORITY,Obtain/refresh supplier stock authority for brand=INSIZE | اینسایز; exact SKU 4100-1112 already known; do not infer from price,P1
3655,4790-0200,INSIZE | اینسایز,AVAILABILITY_ENABLE,UNAVAILABLE,AUTO_AFTER_SOURCE_AUTHORITY,Obtain/refresh supplier stock authority for brand=INSIZE | اینسایز; exact SKU 4790-0200 already known; do not infer from price,P1
3656,4760-1200,INSIZE | اینسایز,AVAILABILITY_ENABLE,UNAVAILABLE,AUTO_AFTER_SOURCE_AUTHORITY,Obtain/refresh supplier stock authority for brand=INSIZE | اینسایز; exact SKU 4760-1200 already known; do not infer from price,P1
3657,4605-20,INSIZE | اینسایز,AVAILABILITY_ENABLE,UNAVAILABLE,AUTO_AFTER_SOURCE_AUTHORITY,Obtain/refresh supplier stock authority for brand=INSIZE | اینسایز; exact SKU 4605-20 already known; do not infer from price,P1
3664,2183,INSIZE | اینسایز,AVAILABILITY_ENABLE,UNAVAILABLE,AUTO_AFTER_SOURCE_AUTHORITY,Obtain/refresh supplier stock authority for brand=INSIZE | اینسایز; exact SKU 2183 already known; do not infer from price,P1
3667,4801-16,INSIZE | اینسایز,AVAILABILITY_ENABLE,UNAVAILABLE,AUTO_AFTER_SOURCE_AUTHORITY,Obtain/refresh supplier stock authority for brand=INSIZE | اینسایز; exact SKU 4801-16 already known; do not infer from price,P1
3670,4807,INSIZE | اینسایز,AVAILABILITY_ENABLE,UNAVAILABLE,AUTO_AFTER_SOURCE_AUTHORITY,Obtain/refresh supplier stock authority for brand=INSIZE | اینسایز; exact SKU 4807 already known; do not infer from price,P1
3680,4836-1,INSIZE | اینسایز,AVAILABILITY_ENABLE,UNAVAILABLE,AUTO_AFTER_SOURCE_AUTHORITY,Obtain/refresh supplier stock authority for brand=INSIZE | اینسایز; exact SKU 4836-1 already known; do not infer from price,P1
3684,4843-1,INSIZE | اینسایز,AVAILABILITY_ENABLE,UNAVAILABLE,AUTO_AFTER_SOURCE_AUTHORITY,Obtain/refresh supplier stock authority for brand=INSIZE | اینسایز; exact SKU 4843-1 already known; do not infer from price,P1
3686,6211-10,INSIZE | اینسایز,AVAILABILITY_ENABLE,UNAVAILABLE,AUTO_AFTER_SOURCE_AUTHORITY,Obtain/refresh supplier stock authority for brand=INSIZE | اینسایز; exact SKU 6211-10 already known; do not infer from price,P1
3687,6900-0106,INSIZE | اینسایز,AVAILABILITY_ENABLE,UNAVAILABLE,AUTO_AFTER_SOURCE_AUTHORITY,Obtain/refresh supplier stock authority for brand=INSIZE | اینسایز; exact SKU 6900-0106 already known; do not infer from price,P1
3688,6900-1106,INSIZE | اینسایز,AVAILABILITY_ENABLE,UNAVAILABLE,AUTO_AFTER_SOURCE_AUTHORITY,Obtain/refresh supplier stock authority for brand=INSIZE | اینسایز; exact SKU 6900-1106 already known; do not infer from price,P1
3694,7240-200,INSIZE | اینسایز,AVAILABILITY_ENABLE,UNAVAILABLE,AUTO_AFTER_SOURCE_AUTHORITY,Obtain/refresh supplier stock authority for brand=INSIZE | اینسایز; exact SKU 7240-200 already known; do not infer from price,P1
3695,ISH-SAM,INSIZE | اینسایز,AVAILABILITY_ENABLE,UNAVAILABLE,AUTO_AFTER_SOURCE_AUTHORITY,Obtain/refresh supplier stock authority for brand=INSIZE | اینسایز; exact SKU ISH-SAM already known; do not infer from price,P1
3697,ISH-SDM,INSIZE | اینسایز,AVAILABILITY_ENABLE,UNAVAILABLE,AUTO_AFTER_SOURCE_AUTHORITY,Obtain/refresh supplier stock authority for brand=INSIZE | اینسایز; exact SKU ISH-SDM already known; do not infer from price,P1
3698,ISF-F300,INSIZE | اینسایز,AVAILABILITY_ENABLE,UNAVAILABLE,AUTO_AFTER_SOURCE_AUTHORITY,Obtain/refresh supplier stock authority for brand=INSIZE | اینسایز; exact SKU ISF-F300 already known; do not infer from price,P1
3702,HDT-LP200B,INSIZE | اینسایز,AVAILABILITY_ENABLE,UNAVAILABLE,AUTO_AFTER_SOURCE_AUTHORITY,Obtain/refresh supplier stock authority for brand=INSIZE | اینسایز; exact SKU HDT-LP200B already known; do not infer from price,P1
3704,ISF-F200,INSIZE | اینسایز,AVAILABILITY_ENABLE,UNAVAILABLE,AUTO_AFTER_SOURCE_AUTHORITY,Obtain/refresh supplier stock authority for brand=INSIZE | اینسایز; exact SKU ISF-F200 already known; do not infer from price,P1
3705,ISM-PM200SA,INSIZE | اینسایز,AVAILABILITY_ENABLE,UNAVAILABLE,AUTO_AFTER_SOURCE_AUTHORITY,Obtain/refresh supplier stock authority for brand=INSIZE | اینسایز; exact SKU ISM-PM200SA already known; do not infer from price,P1
3706,ISM-PM200SB,INSIZE | اینسایز,AVAILABILITY_ENABLE,UNAVAILABLE,AUTO_AFTER_SOURCE_AUTHORITY,Obtain/refresh supplier stock authority for brand=INSIZE | اینسایز; exact SKU ISM-PM200SB already known; do not infer from price,P1
3708,ISL-A1-1000,INSIZE | اینسایز,AVAILABILITY_ENABLE,UNAVAILABLE,AUTO_AFTER_SOURCE_AUTHORITY,Obtain/refresh supplier stock authority for brand=INSIZE | اینسایز; exact SKU ISL-A1-1000 already known; do not infer from price,P1
3709,ISL-A1-800,INSIZE | اینسایز,AVAILABILITY_ENABLE,UNAVAILABLE,AUTO_AFTER_SOURCE_AUTHORITY,Obtain/refresh supplier stock authority for brand=INSIZE | اینسایز; exact SKU ISL-A1-800 already known; do not infer from price,P1
3711,ISL-A1-600,INSIZE | اینسایز,AVAILABILITY_ENABLE,UNAVAILABLE,AUTO_AFTER_SOURCE_AUTHORITY,Obtain/refresh supplier stock authority for brand=INSIZE | اینسایز; exact SKU ISL-A1-600 already known; do not infer from price,P1
3712,ISL-B5-1000,INSIZE | اینسایز,AVAILABILITY_ENABLE,UNAVAILABLE,AUTO_AFTER_SOURCE_AUTHORITY,Obtain/refresh supplier stock authority for brand=INSIZE | اینسایز; exact SKU ISL-B5-1000 already known; do not infer from price,P1
3713,ISL-DR3,INSIZE | اینسایز,AVAILABILITY_ENABLE,UNAVAILABLE,AUTO_AFTER_SOURCE_AUTHORITY,Obtain/refresh supplier stock authority for brand=INSIZE | اینسایز; exact SKU ISL-DR3 already known; do not infer from price,P1
3715,ISL-DR2,INSIZE | اینسایز,AVAILABILITY_ENABLE,UNAVAILABLE,AUTO_AFTER_SOURCE_AUTHORITY,Obtain/refresh supplier stock authority for brand=INSIZE | اینسایز; exact SKU ISL-DR2 already known; do not infer from price,P1
3717,6354-25W,INSIZE | اینسایز,AVAILABILITY_ENABLE,UNAVAILABLE,AUTO_AFTER_SOURCE_AUTHORITY,Obtain/refresh supplier stock authority for brand=INSIZE | اینسایز; exact SKU 6354-25W already known; do not infer from price,P1
3718,6566-3,INSIZE | اینسایز,AVAILABILITY_ENABLE,UNAVAILABLE,AUTO_AFTER_SOURCE_AUTHORITY,Obtain/refresh supplier stock authority for brand=INSIZE | اینسایز; exact SKU 6566-3 already known; do not infer from price,P1
3720,9341-50,INSIZE | اینسایز,AVAILABILITY_ENABLE,UNAVAILABLE,AUTO_AFTER_SOURCE_AUTHORITY,Obtain/refresh supplier stock authority for brand=INSIZE | اینسایز; exact SKU 9341-50 already known; do not infer from price,P1
3724,ISR-C300,INSIZE | اینسایز,AVAILABILITY_ENABLE,UNAVAILABLE,AUTO_AFTER_SOURCE_AUTHORITY,Obtain/refresh supplier stock authority for brand=INSIZE | اینسایز; exact SKU ISR-C300 already known; do not infer from price,P1
3728,6140,INSIZE | اینسایز,AVAILABILITY_ENABLE,UNAVAILABLE,AUTO_AFTER_SOURCE_AUTHORITY,Obtain/refresh supplier stock authority for brand=INSIZE | اینسایز; exact SKU 6140 already known; do not infer from price,P1
3743,1181-M50A,INSIZE | اینسایز,AVAILABILITY_ENABLE,UNAVAILABLE,AUTO_AFTER_SOURCE_AUTHORITY,Obtain/refresh supplier stock authority for brand=INSIZE | اینسایز; exact SKU 1181-M50A already known; do not infer from price,P1
3744,1244-30,INSIZE | اینسایز,AVAILABILITY_ENABLE,UNAVAILABLE,AUTO_AFTER_SOURCE_AUTHORITY,Obtain/refresh supplier stock authority for brand=INSIZE | اینسایز; exact SKU 1244-30 already known; do not infer from price,P1
3745,2132-20,INSIZE | اینسایز,AVAILABILITY_ENABLE,UNAVAILABLE,AUTO_AFTER_SOURCE_AUTHORITY,Obtain/refresh supplier stock authority for brand=INSIZE | اینسایز; exact SKU 2132-20 already known; do not infer from price,P1
3747,2151-75,INSIZE | اینسایز,AVAILABILITY_ENABLE,UNAVAILABLE,AUTO_AFTER_SOURCE_AUTHORITY,Obtain/refresh supplier stock authority for brand=INSIZE | اینسایز; exact SKU 2151-75 already known; do not infer from price,P1
3748,2151-95,INSIZE | اینسایز,AVAILABILITY_ENABLE,UNAVAILABLE,AUTO_AFTER_SOURCE_AUTHORITY,Obtain/refresh supplier stock authority for brand=INSIZE | اینسایز; exact SKU 2151-95 already known; do not infer from price,P1
3750,2151-AL35,INSIZE | اینسایز,AVAILABILITY_ENABLE,UNAVAILABLE,AUTO_AFTER_SOURCE_AUTHORITY,Obtain/refresh supplier stock authority for brand=INSIZE | اینسایز; exact SKU 2151-AL35 already known; do not infer from price,P1
3751,2151-AL55,INSIZE | اینسایز,AVAILABILITY_ENABLE,UNAVAILABLE,AUTO_AFTER_SOURCE_AUTHORITY,Obtain/refresh supplier stock authority for brand=INSIZE | اینسایز; exact SKU 2151-AL55 already known; do not infer from price,P1
3753,2151-AL75,INSIZE | اینسایز,AVAILABILITY_ENABLE,UNAVAILABLE,AUTO_AFTER_SOURCE_AUTHORITY,Obtain/refresh supplier stock authority for brand=INSIZE | اینسایز; exact SKU 2151-AL75 already known; do not infer from price,P1
3754,2222-25,INSIZE | اینسایز,AVAILABILITY_ENABLE,UNAVAILABLE,AUTO_AFTER_SOURCE_AUTHORITY,Obtain/refresh supplier stock authority for brand=INSIZE | اینسایز; exact SKU 2222-25 already known; do not infer from price,P1
3756,2309-100D,INSIZE | اینسایز,AVAILABILITY_ENABLE,UNAVAILABLE,AUTO_AFTER_SOURCE_AUTHORITY,Obtain/refresh supplier stock authority for brand=INSIZE | اینسایز; exact SKU 2309-100D already known; do not infer from price,P1
3757,2321-35,INSIZE | اینسایز,AVAILABILITY_ENABLE,UNAVAILABLE,AUTO_AFTER_SOURCE_AUTHORITY,Obtain/refresh supplier stock authority for brand=INSIZE | اینسایز; exact SKU 2321-35 already known; do not infer from price,P1
3758,2321-55,INSIZE | اینسایز,AVAILABILITY_ENABLE,UNAVAILABLE,AUTO_AFTER_SOURCE_AUTHORITY,Obtain/refresh supplier stock authority for brand=INSIZE | اینسایز; exact SKU 2321-55 already known; do not infer from price,P1
3760,2321-75,INSIZE | اینسایز,AVAILABILITY_ENABLE,UNAVAILABLE,AUTO_AFTER_SOURCE_AUTHORITY,Obtain/refresh supplier stock authority for brand=INSIZE | اینسایز; exact SKU 2321-75 already known; do not infer from price,P1
3762,2366-30,INSIZE | اینسایز,AVAILABILITY_ENABLE,UNAVAILABLE,AUTO_AFTER_SOURCE_AUTHORITY,Obtain/refresh supplier stock authority for brand=INSIZE | اینسایز; exact SKU 2366-30 already known; do not infer from price,P1
3763,2383-08,INSIZE | اینسایز,AVAILABILITY_ENABLE,UNAVAILABLE,AUTO_AFTER_SOURCE_AUTHORITY,Obtain/refresh supplier stock authority for brand=INSIZE | اینسایز; exact SKU 2383-08 already known; do not infer from price,P1
3764,2385-3,INSIZE | اینسایز,AVAILABILITY_ENABLE,UNAVAILABLE,AUTO_AFTER_SOURCE_AUTHORITY,Obtain/refresh supplier stock authority for brand=INSIZE | اینسایز; exact SKU 2385-3 already known; do not infer from price,P1
3765,2710-25,INSIZE | اینسایز,AVAILABILITY_ENABLE,UNAVAILABLE,AUTO_AFTER_SOURCE_AUTHORITY,Obtain/refresh supplier stock authority for brand=INSIZE | اینسایز; exact SKU 2710-25 already known; do not infer from price,P1
3769,2876-10,INSIZE | اینسایز,AVAILABILITY_ENABLE,UNAVAILABLE,AUTO_AFTER_SOURCE_AUTHORITY,Obtain/refresh supplier stock authority for brand=INSIZE | اینسایز; exact SKU 2876-10 already known; do not infer from price,P1
3770,3230-25BA,INSIZE | اینسایز,AVAILABILITY_ENABLE,UNAVAILABLE,AUTO_AFTER_SOURCE_AUTHORITY,Obtain/refresh supplier stock authority for brand=INSIZE | اینسایز; exact SKU 3230-25BA already known; do not infer from price,P1
3772,3260-25,INSIZE | اینسایز,AVAILABILITY_ENABLE,UNAVAILABLE,AUTO_AFTER_SOURCE_AUTHORITY,Obtain/refresh supplier stock authority for brand=INSIZE | اینسایز; exact SKU 3260-25 already known; do not infer from price,P1
3774,3203-12A,INSIZE | اینسایز,AVAILABILITY_ENABLE,UNAVAILABLE,AUTO_AFTER_SOURCE_AUTHORITY,Obtain/refresh supplier stock authority for brand=INSIZE | اینسایز; exact SKU 3203-12A already known; do not infer from price,P1
3776,3530-25BA,INSIZE | اینسایز,AVAILABILITY_ENABLE,UNAVAILABLE,AUTO_AFTER_SOURCE_AUTHORITY,Obtain/refresh supplier stock authority for brand=INSIZE | اینسایز; exact SKU 3530-25BA already known; do not infer from price,P1
3777,4100-2112,INSIZE | اینسایز,AVAILABILITY_ENABLE,UNAVAILABLE,AUTO_AFTER_SOURCE_AUTHORITY,Obtain/refresh supplier stock authority for brand=INSIZE | اینسایز; exact SKU 4100-2112 already known; do not infer from price,P1
3782,4790-0300,INSIZE | اینسایز,AVAILABILITY_ENABLE,UNAVAILABLE,AUTO_AFTER_SOURCE_AUTHORITY,Obtain/refresh supplier stock authority for brand=INSIZE | اینسایز; exact SKU 4790-0300 already known; do not infer from price,P1
3786,4803-1,INSIZE | اینسایز,AVAILABILITY_ENABLE,UNAVAILABLE,AUTO_AFTER_SOURCE_AUTHORITY,Obtain/refresh supplier stock authority for brand=INSIZE | اینسایز; exact SKU 4803-1 already known; do not infer from price,P1
3787,4804-26,INSIZE | اینسایز,AVAILABILITY_ENABLE,UNAVAILABLE,AUTO_AFTER_SOURCE_AUTHORITY,Obtain/refresh supplier stock authority for brand=INSIZE | اینسایز; exact SKU 4804-26 already known; do not infer from price,P1
3789,4166-10D,INSIZE | اینسایز,AVAILABILITY_ENABLE,UNAVAILABLE,AUTO_AFTER_SOURCE_AUTHORITY,Obtain/refresh supplier stock authority for brand=INSIZE | اینسایز; exact SKU 4166-10D already known; do not infer from price,P1
3796,6215-60,INSIZE | اینسایز,AVAILABILITY_ENABLE,UNAVAILABLE,AUTO_AFTER_SOURCE_AUTHORITY,Obtain/refresh supplier stock authority for brand=INSIZE | اینسایز; exact SKU 6215-60 already known; do not infer from price,P1
3798,6229-60,INSIZE | اینسایز,AVAILABILITY_ENABLE,UNAVAILABLE,AUTO_AFTER_SOURCE_AUTHORITY,Obtain/refresh supplier stock authority for brand=INSIZE | اینسایز; exact SKU 6229-60 already known; do not infer from price,P1
3800,6282-1102,INSIZE | اینسایز,AVAILABILITY_ENABLE,UNAVAILABLE,AUTO_AFTER_SOURCE_AUTHORITY,Obtain/refresh supplier stock authority for brand=INSIZE | اینسایز; exact SKU 6282-1102 already known; do not infer from price,P1
3802,6282-1203,INSIZE | اینسایز,AVAILABILITY_ENABLE,UNAVAILABLE,AUTO_AFTER_SOURCE_AUTHORITY,Obtain/refresh supplier stock authority for brand=INSIZE | اینسایز; exact SKU 6282-1203 already known; do not infer from price,P1
3805,6291-1,INSIZE | اینسایز,AVAILABILITY_ENABLE,UNAVAILABLE,AUTO_AFTER_SOURCE_AUTHORITY,Obtain/refresh supplier stock authority for brand=INSIZE | اینسایز; exact SKU 6291-1 already known; do not infer from price,P1
3807,6293-1,INSIZE | اینسایز,AVAILABILITY_ENABLE,UNAVAILABLE,AUTO_AFTER_SOURCE_AUTHORITY,Obtain/refresh supplier stock authority for brand=INSIZE | اینسایز; exact SKU 6293-1 already known; do not infer from price,P1
3808,6293-2,INSIZE | اینسایز,AVAILABILITY_ENABLE,UNAVAILABLE,AUTO_AFTER_SOURCE_AUTHORITY,Obtain/refresh supplier stock authority for brand=INSIZE | اینسایز; exact SKU 6293-2 already known; do not infer from price,P1
3811,6295-1A,INSIZE | اینسایز,AVAILABILITY_ENABLE,UNAVAILABLE,AUTO_AFTER_SOURCE_AUTHORITY,Obtain/refresh supplier stock authority for brand=INSIZE | اینسایز; exact SKU 6295-1A already known; do not infer from price,P1
3813,6377-25W,INSIZE | اینسایز,AVAILABILITY_ENABLE,UNAVAILABLE,AUTO_AFTER_SOURCE_AUTHORITY,Obtain/refresh supplier stock authority for brand=INSIZE | اینسایز; exact SKU 6377-25W already known; do not infer from price,P1
3816,7160-1,INSIZE | اینسایز,AVAILABILITY_ENABLE,UNAVAILABLE,AUTO_AFTER_SOURCE_AUTHORITY,Obtain/refresh supplier stock authority for brand=INSIZE | اینسایز; exact SKU 7160-1 already known; do not infer from price,P1
3818,7160-2,INSIZE | اینسایز,AVAILABILITY_ENABLE,UNAVAILABLE,AUTO_AFTER_SOURCE_AUTHORITY,Obtain/refresh supplier stock authority for brand=INSIZE | اینسایز; exact SKU 7160-2 already known; do not infer from price,P1
3820,7230,INSIZE | اینسایز,AVAILABILITY_ENABLE,UNAVAILABLE,AUTO_AFTER_SOURCE_AUTHORITY,Obtain/refresh supplier stock authority for brand=INSIZE | اینسایز; exact SKU 7230 already known; do not infer from price,P1
3821,7351-EX12,INSIZE | اینسایز,AVAILABILITY_ENABLE,UNAVAILABLE,AUTO_AFTER_SOURCE_AUTHORITY,Obtain/refresh supplier stock authority for brand=INSIZE | اینسایز; exact SKU 7351-EX12 already known; do not infer from price,P1
3823,7524-10,INSIZE | اینسایز,AVAILABILITY_ENABLE,UNAVAILABLE,AUTO_AFTER_SOURCE_AUTHORITY,Obtain/refresh supplier stock authority for brand=INSIZE | اینسایز; exact SKU 7524-10 already known; do not infer from price,P1
3825,9501-1200,INSIZE | اینسایز,AVAILABILITY_ENABLE,UNAVAILABLE,AUTO_AFTER_SOURCE_AUTHORITY,Obtain/refresh supplier stock authority for brand=INSIZE | اینسایز; exact SKU 9501-1200 already known; do not infer from price,P1
3828,HDT-LP200,INSIZE | اینسایز,AVAILABILITY_ENABLE,UNAVAILABLE,AUTO_AFTER_SOURCE_AUTHORITY,Obtain/refresh supplier stock authority for brand=INSIZE | اینسایز; exact SKU HDT-LP200 already known; do not infer from price,P1
3830,ISF-MT500,INSIZE | اینسایز,AVAILABILITY_ENABLE,UNAVAILABLE,AUTO_AFTER_SOURCE_AUTHORITY,Obtain/refresh supplier stock authority for brand=INSIZE | اینسایز; exact SKU ISF-MT500 already known; do not infer from price,P1
3833,ISH-STAC,INSIZE | اینسایز,AVAILABILITY_ENABLE,UNAVAILABLE,AUTO_AFTER_SOURCE_AUTHORITY,Obtain/refresh supplier stock authority for brand=INSIZE | اینسایز; exact SKU ISH-STAC already known; do not infer from price,P1
3834,ISH-STD,INSIZE | اینسایز,AVAILABILITY_ENABLE,UNAVAILABLE,AUTO_AFTER_SOURCE_AUTHORITY,Obtain/refresh supplier stock authority for brand=INSIZE | اینسایز; exact SKU ISH-STD already known; do not infer from price,P1
3839,ISU-100D,INSIZE | اینسایز,AVAILABILITY_ENABLE,UNAVAILABLE,AUTO_AFTER_SOURCE_AUTHORITY,Obtain/refresh supplier stock authority for brand=INSIZE | اینسایز; exact SKU ISU-100D already known; do not infer from price,P1
3840,4208-1,INSIZE | اینسایز,AVAILABILITY_ENABLE,UNAVAILABLE,AUTO_AFTER_SOURCE_AUTHORITY,Obtain/refresh supplier stock authority for brand=INSIZE | اینسایز; exact SKU 4208-1 already known; do not infer from price,P1
3891,4166-10,INSIZE | اینسایز,AVAILABILITY_ENABLE,UNAVAILABLE,AUTO_AFTER_SOURCE_AUTHORITY,Obtain/refresh supplier stock authority for brand=INSIZE | اینسایز; exact SKU 4166-10 already known; do not infer from price,P1
3892,4166-3D,INSIZE | اینسایز,AVAILABILITY_ENABLE,UNAVAILABLE,AUTO_AFTER_SOURCE_AUTHORITY,Obtain/refresh supplier stock authority for brand=INSIZE | اینسایز; exact SKU 4166-3D already known; do not infer from price,P1
3896,1106-1005,INSIZE | اینسایز,AVAILABILITY_ENABLE,UNAVAILABLE,AUTO_AFTER_SOURCE_AUTHORITY,Obtain/refresh supplier stock authority for brand=INSIZE | اینسایز; exact SKU 1106-1005 already known; do not infer from price,P1
3897,1106-1503,INSIZE | اینسایز,AVAILABILITY_ENABLE,UNAVAILABLE,AUTO_AFTER_SOURCE_AUTHORITY,Obtain/refresh supplier stock authority for brand=INSIZE | اینسایز; exact SKU 1106-1503 already known; do not infer from price,P1
3898,1106-2002,INSIZE | اینسایز,AVAILABILITY_ENABLE,UNAVAILABLE,AUTO_AFTER_SOURCE_AUTHORITY,Obtain/refresh supplier stock authority for brand=INSIZE | اینسایز; exact SKU 1106-2002 already known; do not infer from price,P1
3901,1141-1000,INSIZE | اینسایز,AVAILABILITY_ENABLE,UNAVAILABLE,AUTO_AFTER_SOURCE_AUTHORITY,Obtain/refresh supplier stock authority for brand=INSIZE | اینسایز; exact SKU 1141-1000 already known; do not infer from price,P1
3902,1180-6,INSIZE | اینسایز,AVAILABILITY_ENABLE,UNAVAILABLE,AUTO_AFTER_SOURCE_AUTHORITY,Obtain/refresh supplier stock authority for brand=INSIZE | اینسایز; exact SKU 1180-6 already known; do not infer from price,P1
3904,1205-150S,INSIZE | اینسایز,AVAILABILITY_ENABLE,UNAVAILABLE,AUTO_AFTER_SOURCE_AUTHORITY,Obtain/refresh supplier stock authority for brand=INSIZE | اینسایز; exact SKU 1205-150S already known; do not infer from price,P1
3907,1205-300S,INSIZE | اینسایز,AVAILABILITY_ENABLE,UNAVAILABLE,AUTO_AFTER_SOURCE_AUTHORITY,Obtain/refresh supplier stock authority for brand=INSIZE | اینسایز; exact SKU 1205-300S already known; do not infer from price,P1
3909,2115-10,INSIZE | اینسایز,AVAILABILITY_ENABLE,UNAVAILABLE,AUTO_AFTER_SOURCE_AUTHORITY,Obtain/refresh supplier stock authority for brand=INSIZE | اینسایز; exact SKU 2115-10 already known; do not infer from price,P1
3911,2115-25,INSIZE | اینسایز,AVAILABILITY_ENABLE,UNAVAILABLE,AUTO_AFTER_SOURCE_AUTHORITY,Obtain/refresh supplier stock authority for brand=INSIZE | اینسایز; exact SKU 2115-25 already known; do not infer from price,P1
3915,2153-10,INSIZE | اینسایز,AVAILABILITY_ENABLE,UNAVAILABLE,AUTO_AFTER_SOURCE_AUTHORITY,Obtain/refresh supplier stock authority for brand=INSIZE | اینسایز; exact SKU 2153-10 already known; do not infer from price,P1
3917,2163-25,INSIZE | اینسایز,AVAILABILITY_ENABLE,UNAVAILABLE,AUTO_AFTER_SOURCE_AUTHORITY,Obtain/refresh supplier stock authority for brand=INSIZE | اینسایز; exact SKU 2163-25 already known; do not infer from price,P1
3919,2198-2,INSIZE | اینسایز,AVAILABILITY_ENABLE,UNAVAILABLE,AUTO_AFTER_SOURCE_AUTHORITY,Obtain/refresh supplier stock authority for brand=INSIZE | اینسایز; exact SKU 2198-2 already known; do not infer from price,P1
3922,2365-10,INSIZE | اینسایز,AVAILABILITY_ENABLE,UNAVAILABLE,AUTO_AFTER_SOURCE_AUTHORITY,Obtain/refresh supplier stock authority for brand=INSIZE | اینسایز; exact SKU 2365-10 already known; do not infer from price,P1
3923,2825-60,INSIZE | اینسایز,AVAILABILITY_ENABLE,UNAVAILABLE,AUTO_AFTER_SOURCE_AUTHORITY,Obtain/refresh supplier stock authority for brand=INSIZE | اینسایز; exact SKU 2825-60 already known; do not infer from price,P1
3924,2825-35,INSIZE | اینسایز,AVAILABILITY_ENABLE,UNAVAILABLE,AUTO_AFTER_SOURCE_AUTHORITY,Obtain/refresh supplier stock authority for brand=INSIZE | اینسایز; exact SKU 2825-35 already known; do not infer from price,P1
3928,2878-71B,INSIZE | اینسایز,AVAILABILITY_ENABLE,UNAVAILABLE,AUTO_AFTER_SOURCE_AUTHORITY,Obtain/refresh supplier stock authority for brand=INSIZE | اینسایز; exact SKU 2878-71B already known; do not infer from price,P1
3929,2878-6A,INSIZE | اینسایز,AVAILABILITY_ENABLE,UNAVAILABLE,AUTO_AFTER_SOURCE_AUTHORITY,Obtain/refresh supplier stock authority for brand=INSIZE | اینسایز; exact SKU 2878-6A already known; do not infer from price,P1
3933,3260-25SA,INSIZE | اینسایز,AVAILABILITY_ENABLE,UNAVAILABLE,AUTO_AFTER_SOURCE_AUTHORITY,Obtain/refresh supplier stock authority for brand=INSIZE | اینسایز; exact SKU 3260-25SA already known; do not infer from price,P1
3935,3287-25B,INSIZE | اینسایز,AVAILABILITY_ENABLE,UNAVAILABLE,AUTO_AFTER_SOURCE_AUTHORITY,Obtain/refresh supplier stock authority for brand=INSIZE | اینسایز; exact SKU 3287-25B already known; do not infer from price,P1
3936,3332-25,INSIZE | اینسایز,AVAILABILITY_ENABLE,UNAVAILABLE,AUTO_AFTER_SOURCE_AUTHORITY,Obtain/refresh supplier stock authority for brand=INSIZE | اینسایز; exact SKU 3332-25 already known; do not infer from price,P1
3937,3358-25,INSIZE | اینسایز,AVAILABILITY_ENABLE,UNAVAILABLE,AUTO_AFTER_SOURCE_AUTHORITY,Obtain/refresh supplier stock authority for brand=INSIZE | اینسایز; exact SKU 3358-25 already known; do not infer from price,P1
3938,3540-50,INSIZE | اینسایز,AVAILABILITY_ENABLE,UNAVAILABLE,AUTO_AFTER_SOURCE_AUTHORITY,Obtain/refresh supplier stock authority for brand=INSIZE | اینسایز; exact SKU 3540-50 already known; do not infer from price,P1
3944,3127-5,INSIZE | اینسایز,AVAILABILITY_ENABLE,UNAVAILABLE,AUTO_AFTER_SOURCE_AUTHORITY,Obtain/refresh supplier stock authority for brand=INSIZE | اینسایز; exact SKU 3127-5 already known; do not infer from price,P1
3946,3127-6,INSIZE | اینسایز,AVAILABILITY_ENABLE,UNAVAILABLE,AUTO_AFTER_SOURCE_AUTHORITY,Obtain/refresh supplier stock authority for brand=INSIZE | اینسایز; exact SKU 3127-6 already known; do not infer from price,P1
3947,3203-10A,INSIZE | اینسایز,AVAILABILITY_ENABLE,UNAVAILABLE,AUTO_AFTER_SOURCE_AUTHORITY,Obtain/refresh supplier stock authority for brand=INSIZE | اینسایز; exact SKU 3203-10A already known; do not infer from price,P1
3949,3203-7A,INSIZE | اینسایز,AVAILABILITY_ENABLE,UNAVAILABLE,AUTO_AFTER_SOURCE_AUTHORITY,Obtain/refresh supplier stock authority for brand=INSIZE | اینسایز; exact SKU 3203-7A already known; do not infer from price,P1
3950,3203-8A,INSIZE | اینسایز,AVAILABILITY_ENABLE,UNAVAILABLE,AUTO_AFTER_SOURCE_AUTHORITY,Obtain/refresh supplier stock authority for brand=INSIZE | اینسایز; exact SKU 3203-8A already known; do not infer from price,P1
3952,3203-9A,INSIZE | اینسایز,AVAILABILITY_ENABLE,UNAVAILABLE,AUTO_AFTER_SOURCE_AUTHORITY,Obtain/refresh supplier stock authority for brand=INSIZE | اینسایز; exact SKU 3203-9A already known; do not infer from price,P1
3954,3227-6,INSIZE | اینسایز,AVAILABILITY_ENABLE,UNAVAILABLE,AUTO_AFTER_SOURCE_AUTHORITY,Obtain/refresh supplier stock authority for brand=INSIZE | اینسایز; exact SKU 3227-6 already known; do not infer from price,P1
4024,4168-S25,INSIZE | اینسایز,AVAILABILITY_ENABLE,UNAVAILABLE,AUTO_AFTER_SOURCE_AUTHORITY,Obtain/refresh supplier stock authority for brand=INSIZE | اینسایز; exact SKU 4168-S25 already known; do not infer from price,P1
4028,4790-050,INSIZE | اینسایز,AVAILABILITY_ENABLE,UNAVAILABLE,AUTO_AFTER_SOURCE_AUTHORITY,Obtain/refresh supplier stock authority for brand=INSIZE | اینسایز; exact SKU 4790-050 already known; do not infer from price,P1
4030,4790-075,INSIZE | اینسایز,AVAILABILITY_ENABLE,UNAVAILABLE,AUTO_AFTER_SOURCE_AUTHORITY,Obtain/refresh supplier stock authority for brand=INSIZE | اینسایز; exact SKU 4790-075 already known; do not infer from price,P1
4031,4796-50,INSIZE | اینسایز,AVAILABILITY_ENABLE,UNAVAILABLE,AUTO_AFTER_SOURCE_AUTHORITY,Obtain/refresh supplier stock authority for brand=INSIZE | اینسایز; exact SKU 4796-50 already known; do not infer from price,P1
4032,4796-75,INSIZE | اینسایز,AVAILABILITY_ENABLE,UNAVAILABLE,AUTO_AFTER_SOURCE_AUTHORITY,Obtain/refresh supplier stock authority for brand=INSIZE | اینسایز; exact SKU 4796-75 already known; do not infer from price,P1
4036,4832-1,INSIZE | اینسایز,AVAILABILITY_ENABLE,UNAVAILABLE,AUTO_AFTER_SOURCE_AUTHORITY,Obtain/refresh supplier stock authority for brand=INSIZE | اینسایز; exact SKU 4832-1 already known; do not infer from price,P1
4037,4833-2,INSIZE | اینسایز,AVAILABILITY_ENABLE,UNAVAILABLE,AUTO_AFTER_SOURCE_AUTHORITY,Obtain/refresh supplier stock authority for brand=INSIZE | اینسایز; exact SKU 4833-2 already known; do not infer from price,P1
4039,4833-3,INSIZE | اینسایز,AVAILABILITY_ENABLE,UNAVAILABLE,AUTO_AFTER_SOURCE_AUTHORITY,Obtain/refresh supplier stock authority for brand=INSIZE | اینسایز; exact SKU 4833-3 already known; do not infer from price,P1
4040,4833-4,INSIZE | اینسایز,AVAILABILITY_ENABLE,UNAVAILABLE,AUTO_AFTER_SOURCE_AUTHORITY,Obtain/refresh supplier stock authority for brand=INSIZE | اینسایز; exact SKU 4833-4 already known; do not infer from price,P1
4042,4834-1,INSIZE | اینسایز,AVAILABILITY_ENABLE,UNAVAILABLE,AUTO_AFTER_SOURCE_AUTHORITY,Obtain/refresh supplier stock authority for brand=INSIZE | اینسایز; exact SKU 4834-1 already known; do not infer from price,P1
4044,4836-2,INSIZE | اینسایز,AVAILABILITY_ENABLE,UNAVAILABLE,AUTO_AFTER_SOURCE_AUTHORITY,Obtain/refresh supplier stock authority for brand=INSIZE | اینسایز; exact SKU 4836-2 already known; do not infer from price,P1
4045,4837-1,INSIZE | اینسایز,AVAILABILITY_ENABLE,UNAVAILABLE,AUTO_AFTER_SOURCE_AUTHORITY,Obtain/refresh supplier stock authority for brand=INSIZE | اینسایز; exact SKU 4837-1 already known; do not infer from price,P1
4046,4841-1,INSIZE | اینسایز,AVAILABILITY_ENABLE,UNAVAILABLE,AUTO_AFTER_SOURCE_AUTHORITY,Obtain/refresh supplier stock authority for brand=INSIZE | اینسایز; exact SKU 4841-1 already known; do not infer from price,P1
4047,4844-1,INSIZE | اینسایز,AVAILABILITY_ENABLE,UNAVAILABLE,AUTO_AFTER_SOURCE_AUTHORITY,Obtain/refresh supplier stock authority for brand=INSIZE | اینسایز; exact SKU 4844-1 already known; do not infer from price,P1
4049,4851-1,INSIZE | اینسایز,AVAILABILITY_ENABLE,UNAVAILABLE,AUTO_AFTER_SOURCE_AUTHORITY,Obtain/refresh supplier stock authority for brand=INSIZE | اینسایز; exact SKU 4851-1 already known; do not infer from price,P1
4051,4852-15,INSIZE | اینسایز,AVAILABILITY_ENABLE,UNAVAILABLE,AUTO_AFTER_SOURCE_AUTHORITY,Obtain/refresh supplier stock authority for brand=INSIZE | اینسایز; exact SKU 4852-15 already known; do not infer from price,P1
4053,4852-30,INSIZE | اینسایز,AVAILABILITY_ENABLE,UNAVAILABLE,AUTO_AFTER_SOURCE_AUTHORITY,Obtain/refresh supplier stock authority for brand=INSIZE | اینسایز; exact SKU 4852-30 already known; do not infer from price,P1
4054,4852-3,INSIZE | اینسایز,AVAILABILITY_ENABLE,UNAVAILABLE,AUTO_AFTER_SOURCE_AUTHORITY,Obtain/refresh supplier stock authority for brand=INSIZE | اینسایز; exact SKU 4852-3 already known; do not infer from price,P1
4062,6224-40,INSIZE | اینسایز,AVAILABILITY_ENABLE,UNAVAILABLE,AUTO_AFTER_SOURCE_AUTHORITY,Obtain/refresh supplier stock authority for brand=INSIZE | اینسایز; exact SKU 6224-40 already known; do not infer from price,P1
4064,6226-80,INSIZE | اینسایز,AVAILABILITY_ENABLE,UNAVAILABLE,AUTO_AFTER_SOURCE_AUTHORITY,Obtain/refresh supplier stock authority for brand=INSIZE | اینسایز; exact SKU 6226-80 already known; do not infer from price,P1
4068,6300,INSIZE | اینسایز,AVAILABILITY_ENABLE,UNAVAILABLE,AUTO_AFTER_SOURCE_AUTHORITY,Obtain/refresh supplier stock authority for brand=INSIZE | اینسایز; exact SKU 6300 already known; do not infer from price,P1
4069,6511-24,INSIZE | اینسایز,AVAILABILITY_ENABLE,UNAVAILABLE,AUTO_AFTER_SOURCE_AUTHORITY,Obtain/refresh supplier stock authority for brand=INSIZE | اینسایز; exact SKU 6511-24 already known; do not infer from price,P1
4076,6832-1,INSIZE | اینسایز,AVAILABILITY_ENABLE,UNAVAILABLE,AUTO_AFTER_SOURCE_AUTHORITY,Obtain/refresh supplier stock authority for brand=INSIZE | اینسایز; exact SKU 6832-1 already known; do not infer from price,P1
4077,6896-11,INSIZE | اینسایز,AVAILABILITY_ENABLE,UNAVAILABLE,AUTO_AFTER_SOURCE_AUTHORITY,Obtain/refresh supplier stock authority for brand=INSIZE | اینسایز; exact SKU 6896-11 already known; do not infer from price,P1
4079,6896-13,INSIZE | اینسایز,AVAILABILITY_ENABLE,UNAVAILABLE,AUTO_AFTER_SOURCE_AUTHORITY,Obtain/refresh supplier stock authority for brand=INSIZE | اینسایز; exact SKU 6896-13 already known; do not infer from price,P1
4081,7110-1200,INSIZE | اینسایز,AVAILABILITY_ENABLE,UNAVAILABLE,AUTO_AFTER_SOURCE_AUTHORITY,Obtain/refresh supplier stock authority for brand=INSIZE | اینسایز; exact SKU 7110-1200 already known; do not infer from price,P1
4082,7144-1,INSIZE | اینسایز,AVAILABILITY_ENABLE,UNAVAILABLE,AUTO_AFTER_SOURCE_AUTHORITY,Obtain/refresh supplier stock authority for brand=INSIZE | اینسایز; exact SKU 7144-1 already known; do not infer from price,P1
4084,7145-1,INSIZE | اینسایز,AVAILABILITY_ENABLE,UNAVAILABLE,AUTO_AFTER_SOURCE_AUTHORITY,Obtain/refresh supplier stock authority for brand=INSIZE | اینسایز; exact SKU 7145-1 already known; do not infer from price,P1
4085,7161-1,INSIZE | اینسایز,AVAILABILITY_ENABLE,UNAVAILABLE,AUTO_AFTER_SOURCE_AUTHORITY,Obtain/refresh supplier stock authority for brand=INSIZE | اینسایز; exact SKU 7161-1 already known; do not infer from price,P1
4086,7163-1,INSIZE | اینسایز,AVAILABILITY_ENABLE,UNAVAILABLE,AUTO_AFTER_SOURCE_AUTHORITY,Obtain/refresh supplier stock authority for brand=INSIZE | اینسایز; exact SKU 7163-1 already known; do not infer from price,P1
4088,7302-21,INSIZE | اینسایز,AVAILABILITY_ENABLE,UNAVAILABLE,AUTO_AFTER_SOURCE_AUTHORITY,Obtain/refresh supplier stock authority for brand=INSIZE | اینسایز; exact SKU 7302-21 already known; do not infer from price,P1
4091,7513-2,INSIZE | اینسایز,AVAILABILITY_ENABLE,UNAVAILABLE,AUTO_AFTER_SOURCE_AUTHORITY,Obtain/refresh supplier stock authority for brand=INSIZE | اینسایز; exact SKU 7513-2 already known; do not infer from price,P1
4092,7513-4,INSIZE | اینسایز,AVAILABILITY_ENABLE,UNAVAILABLE,AUTO_AFTER_SOURCE_AUTHORITY,Obtain/refresh supplier stock authority for brand=INSIZE | اینسایز; exact SKU 7513-4 already known; do not infer from price,P1
4094,7515-10,INSIZE | اینسایز,AVAILABILITY_ENABLE,UNAVAILABLE,AUTO_AFTER_SOURCE_AUTHORITY,Obtain/refresh supplier stock authority for brand=INSIZE | اینسایز; exact SKU 7515-10 already known; do not infer from price,P1
4095,7516-5D,INSIZE | اینسایز,AVAILABILITY_ENABLE,UNAVAILABLE,AUTO_AFTER_SOURCE_AUTHORITY,Obtain/refresh supplier stock authority for brand=INSIZE | اینسایز; exact SKU 7516-5D already known; do not infer from price,P1
4097,7517-3D,INSIZE | اینسایز,AVAILABILITY_ENABLE,UNAVAILABLE,AUTO_AFTER_SOURCE_AUTHORITY,Obtain/refresh supplier stock authority for brand=INSIZE | اینسایز; exact SKU 7517-3D already known; do not infer from price,P1
4101,8003-10,INSIZE | اینسایز,AVAILABILITY_ENABLE,UNAVAILABLE,AUTO_AFTER_SOURCE_AUTHORITY,Obtain/refresh supplier stock authority for brand=INSIZE | اینسایز; exact SKU 8003-10 already known; do not infer from price,P1
4102,8003-6,INSIZE | اینسایز,AVAILABILITY_ENABLE,UNAVAILABLE,AUTO_AFTER_SOURCE_AUTHORITY,Obtain/refresh supplier stock authority for brand=INSIZE | اینسایز; exact SKU 8003-6 already known; do not infer from price,P1
4104,8101-30,INSIZE | اینسایز,AVAILABILITY_ENABLE,UNAVAILABLE,AUTO_AFTER_SOURCE_AUTHORITY,Obtain/refresh supplier stock authority for brand=INSIZE | اینسایز; exact SKU 8101-30 already known; do not infer from price,P1
4106,8203-CW03T,INSIZE | اینسایز,AVAILABILITY_ENABLE,UNAVAILABLE,AUTO_AFTER_SOURCE_AUTHORITY,Obtain/refresh supplier stock authority for brand=INSIZE | اینسایز; exact SKU 8203-CW03T already known; do not infer from price,P1
4107,8203-CW05T,INSIZE | اینسایز,AVAILABILITY_ENABLE,UNAVAILABLE,AUTO_AFTER_SOURCE_AUTHORITY,Obtain/refresh supplier stock authority for brand=INSIZE | اینسایز; exact SKU 8203-CW05T already known; do not infer from price,P1
4108,8203-CW1T,INSIZE | اینسایز,AVAILABILITY_ENABLE,UNAVAILABLE,AUTO_AFTER_SOURCE_AUTHORITY,Obtain/refresh supplier stock authority for brand=INSIZE | اینسایز; exact SKU 8203-CW1T already known; do not infer from price,P1
4110,8301-1200,INSIZE | اینسایز,AVAILABILITY_ENABLE,UNAVAILABLE,AUTO_AFTER_SOURCE_AUTHORITY,Obtain/refresh supplier stock authority for brand=INSIZE | اینسایز; exact SKU 8301-1200 already known; do not infer from price,P1
4115,9315-CF210,INSIZE | اینسایز,AVAILABILITY_ENABLE,UNAVAILABLE,AUTO_AFTER_SOURCE_AUTHORITY,Obtain/refresh supplier stock authority for brand=INSIZE | اینسایز; exact SKU 9315-CF210 already known; do not infer from price,P1
4118,HDT-L411,INSIZE | اینسایز,AVAILABILITY_ENABLE,UNAVAILABLE,AUTO_AFTER_SOURCE_AUTHORITY,Obtain/refresh supplier stock authority for brand=INSIZE | اینسایز; exact SKU HDT-L411 already known; do not infer from price,P1
4121,ISR-CS130-W,INSIZE | اینسایز,AVAILABILITY_ENABLE,UNAVAILABLE,AUTO_AFTER_SOURCE_AUTHORITY,Obtain/refresh supplier stock authority for brand=INSIZE | اینسایز; exact SKU ISR-CS130-W already known; do not infer from price,P1
4122,ISU-250C,INSIZE | اینسایز,AVAILABILITY_ENABLE,UNAVAILABLE,AUTO_AFTER_SOURCE_AUTHORITY,Obtain/refresh supplier stock authority for brand=INSIZE | اینسایز; exact SKU ISU-250C already known; do not infer from price,P1
4124,ISV-E40,INSIZE | اینسایز,AVAILABILITY_ENABLE,UNAVAILABLE,AUTO_AFTER_SOURCE_AUTHORITY,Obtain/refresh supplier stock authority for brand=INSIZE | اینسایز; exact SKU ISV-E40 already known; do not infer from price,P1
4125,1156-1000,INSIZE | اینسایز,AVAILABILITY_ENABLE,UNAVAILABLE,AUTO_AFTER_SOURCE_AUTHORITY,Obtain/refresh supplier stock authority for brand=INSIZE | اینسایز; exact SKU 1156-1000 already known; do not infer from price,P1
4132,5071,INSIZE | اینسایز,AVAILABILITY_ENABLE,UNAVAILABLE,AUTO_AFTER_SOURCE_AUTHORITY,Obtain/refresh supplier stock authority for brand=INSIZE | اینسایز; exact SKU 5071 already known; do not infer from price,P1
4134,5072,INSIZE | اینسایز,AVAILABILITY_ENABLE,UNAVAILABLE,AUTO_AFTER_SOURCE_AUTHORITY,Obtain/refresh supplier stock authority for brand=INSIZE | اینسایز; exact SKU 5072 already known; do not infer from price,P1
4137,5031,INSIZE | اینسایز,AVAILABILITY_ENABLE,UNAVAILABLE,AUTO_AFTER_SOURCE_AUTHORITY,Obtain/refresh supplier stock authority for brand=INSIZE | اینسایز; exact SKU 5031 already known; do not infer from price,P1
4138,5041,INSIZE | اینسایز,AVAILABILITY_ENABLE,UNAVAILABLE,AUTO_AFTER_SOURCE_AUTHORITY,Obtain/refresh supplier stock authority for brand=INSIZE | اینسایز; exact SKU 5041 already known; do not infer from price,P1
4140,5042,INSIZE | اینسایز,AVAILABILITY_ENABLE,UNAVAILABLE,AUTO_AFTER_SOURCE_AUTHORITY,Obtain/refresh supplier stock authority for brand=INSIZE | اینسایز; exact SKU 5042 already known; do not infer from price,P1
4142,5051,INSIZE | اینسایز,AVAILABILITY_ENABLE,UNAVAILABLE,AUTO_AFTER_SOURCE_AUTHORITY,Obtain/refresh supplier stock authority for brand=INSIZE | اینسایز; exact SKU 5051 already known; do not infer from price,P1
4143,5052,INSIZE | اینسایز,AVAILABILITY_ENABLE,UNAVAILABLE,AUTO_AFTER_SOURCE_AUTHORITY,Obtain/refresh supplier stock authority for brand=INSIZE | اینسایز; exact SKU 5052 already known; do not infer from price,P1
4144,5061,INSIZE | اینسایز,AVAILABILITY_ENABLE,UNAVAILABLE,AUTO_AFTER_SOURCE_AUTHORITY,Obtain/refresh supplier stock authority for brand=INSIZE | اینسایز; exact SKU 5061 already known; do not infer from price,P1
4145,5062,INSIZE | اینسایز,AVAILABILITY_ENABLE,UNAVAILABLE,AUTO_AFTER_SOURCE_AUTHORITY,Obtain/refresh supplier stock authority for brand=INSIZE | اینسایز; exact SKU 5062 already known; do not infer from price,P1
4146,5063,INSIZE | اینسایز,AVAILABILITY_ENABLE,UNAVAILABLE,AUTO_AFTER_SOURCE_AUTHORITY,Obtain/refresh supplier stock authority for brand=INSIZE | اینسایز; exact SKU 5063 already known; do not infer from price,P1
4148,5064,INSIZE | اینسایز,AVAILABILITY_ENABLE,UNAVAILABLE,AUTO_AFTER_SOURCE_AUTHORITY,Obtain/refresh supplier stock authority for brand=INSIZE | اینسایز; exact SKU 5064 already known; do not infer from price,P1
4150,5021,INSIZE | اینسایز,AVAILABILITY_ENABLE,UNAVAILABLE,AUTO_AFTER_SOURCE_AUTHORITY,Obtain/refresh supplier stock authority for brand=INSIZE | اینسایز; exact SKU 5021 already known; do not infer from price,P1
4152,5022,INSIZE | اینسایز,AVAILABILITY_ENABLE,UNAVAILABLE,AUTO_AFTER_SOURCE_AUTHORITY,Obtain/refresh supplier stock authority for brand=INSIZE | اینسایز; exact SKU 5022 already known; do not infer from price,P1
4154,5023,INSIZE | اینسایز,AVAILABILITY_ENABLE,UNAVAILABLE,AUTO_AFTER_SOURCE_AUTHORITY,Obtain/refresh supplier stock authority for brand=INSIZE | اینسایز; exact SKU 5023 already known; do not infer from price,P1
4185,SO-13637,SAN OU | سانو,AVAILABILITY_ENABLE,UNAVAILABLE,AUTO_AFTER_SOURCE_AUTHORITY,Obtain/refresh supplier stock authority for brand=SAN OU | سانو; exact SKU SO-13637 already known; do not infer from price,P1
4186,SO-13638,SAN OU | سانو,AVAILABILITY_ENABLE,UNAVAILABLE,AUTO_AFTER_SOURCE_AUTHORITY,Obtain/refresh supplier stock authority for brand=SAN OU | سانو; exact SKU SO-13638 already known; do not infer from price,P1
4187,SO-13639,SAN OU | سانو,AVAILABILITY_ENABLE,UNAVAILABLE,AUTO_AFTER_SOURCE_AUTHORITY,Obtain/refresh supplier stock authority for brand=SAN OU | سانو; exact SKU SO-13639 already known; do not infer from price,P1
4251,SO-13605,SAN OU | سانو,AVAILABILITY_ENABLE,UNAVAILABLE,AUTO_AFTER_SOURCE_AUTHORITY,Obtain/refresh supplier stock authority for brand=SAN OU | سانو; exact SKU SO-13605 already known; do not infer from price,P1
4252,SO-13606,SAN OU | سانو,AVAILABILITY_ENABLE,UNAVAILABLE,AUTO_AFTER_SOURCE_AUTHORITY,Obtain/refresh supplier stock authority for brand=SAN OU | سانو; exact SKU SO-13606 already known; do not infer from price,P1
4253,SO-13607,SAN OU | سانو,AVAILABILITY_ENABLE,UNAVAILABLE,AUTO_AFTER_SOURCE_AUTHORITY,Obtain/refresh supplier stock authority for brand=SAN OU | سانو; exact SKU SO-13607 already known; do not infer from price,P1
4254,SO-13608,SAN OU | سانو,AVAILABILITY_ENABLE,UNAVAILABLE,AUTO_AFTER_SOURCE_AUTHORITY,Obtain/refresh supplier stock authority for brand=SAN OU | سانو; exact SKU SO-13608 already known; do not infer from price,P1
4255,SO-13609,SAN OU | سانو,AVAILABILITY_ENABLE,UNAVAILABLE,AUTO_AFTER_SOURCE_AUTHORITY,Obtain/refresh supplier stock authority for brand=SAN OU | سانو; exact SKU SO-13609 already known; do not infer from price,P1
4256,SO-13610,SAN OU | سانو,AVAILABILITY_ENABLE,UNAVAILABLE,AUTO_AFTER_SOURCE_AUTHORITY,Obtain/refresh supplier stock authority for brand=SAN OU | سانو; exact SKU SO-13610 already known; do not infer from price,P1
4258,SO-13613,SAN OU | سانو,AVAILABILITY_ENABLE,UNAVAILABLE,AUTO_AFTER_SOURCE_AUTHORITY,Obtain/refresh supplier stock authority for brand=SAN OU | سانو; exact SKU SO-13613 already known; do not infer from price,P1
4259,SO-13612,SAN OU | سانو,AVAILABILITY_ENABLE,UNAVAILABLE,AUTO_AFTER_SOURCE_AUTHORITY,Obtain/refresh supplier stock authority for brand=SAN OU | سانو; exact SKU SO-13612 already known; do not infer from price,P1
4261,SO-13615,SAN OU | سانو,AVAILABILITY_ENABLE,UNAVAILABLE,AUTO_AFTER_SOURCE_AUTHORITY,Obtain/refresh supplier stock authority for brand=SAN OU | سانو; exact SKU SO-13615 already known; do not infer from price,P1
4263,SO-13617,SAN OU | سانو,AVAILABILITY_ENABLE,UNAVAILABLE,AUTO_AFTER_SOURCE_AUTHORITY,Obtain/refresh supplier stock authority for brand=SAN OU | سانو; exact SKU SO-13617 already known; do not infer from price,P1
4303,SO-13569,SAN OU | سانو,AVAILABILITY_ENABLE,UNAVAILABLE,AUTO_AFTER_SOURCE_AUTHORITY,Obtain/refresh supplier stock authority for brand=SAN OU | سانو; exact SKU SO-13569 already known; do not infer from price,P1
4304,SO-13570,SAN OU | سانو,AVAILABILITY_ENABLE,UNAVAILABLE,AUTO_AFTER_SOURCE_AUTHORITY,Obtain/refresh supplier stock authority for brand=SAN OU | سانو; exact SKU SO-13570 already known; do not infer from price,P1
4422,SO-13619,SAN OU | سانو,AVAILABILITY_ENABLE,UNAVAILABLE,AUTO_AFTER_SOURCE_AUTHORITY,Obtain/refresh supplier stock authority for brand=SAN OU | سانو; exact SKU SO-13619 already known; do not infer from price,P1
4427,SO-13624,SAN OU | سانو,AVAILABILITY_ENABLE,UNAVAILABLE,AUTO_AFTER_SOURCE_AUTHORITY,Obtain/refresh supplier stock authority for brand=SAN OU | سانو; exact SKU SO-13624 already known; do not infer from price,P1
4428,SO-13625,SAN OU | سانو,AVAILABILITY_ENABLE,UNAVAILABLE,AUTO_AFTER_SOURCE_AUTHORITY,Obtain/refresh supplier stock authority for brand=SAN OU | سانو; exact SKU SO-13625 already known; do not infer from price,P1
4429,SO-13626,SAN OU | سانو,AVAILABILITY_ENABLE,UNAVAILABLE,AUTO_AFTER_SOURCE_AUTHORITY,Obtain/refresh supplier stock authority for brand=SAN OU | سانو; exact SKU SO-13626 already known; do not infer from price,P1
4432,SO-13630,SAN OU | سانو,AVAILABILITY_ENABLE,UNAVAILABLE,AUTO_AFTER_SOURCE_AUTHORITY,Obtain/refresh supplier stock authority for brand=SAN OU | سانو; exact SKU SO-13630 already known; do not infer from price,P1
4433,SO-13631,SAN OU | سانو,AVAILABILITY_ENABLE,UNAVAILABLE,AUTO_AFTER_SOURCE_AUTHORITY,Obtain/refresh supplier stock authority for brand=SAN OU | سانو; exact SKU SO-13631 already known; do not infer from price,P1
4457,SO-13633,SAN OU | سانو,AVAILABILITY_ENABLE,UNAVAILABLE,AUTO_AFTER_SOURCE_AUTHORITY,Obtain/refresh supplier stock authority for brand=SAN OU | سانو; exact SKU SO-13633 already known; do not infer from price,P1
4458,SO-13634,SAN OU | سانو,AVAILABILITY_ENABLE,UNAVAILABLE,AUTO_AFTER_SOURCE_AUTHORITY,Obtain/refresh supplier stock authority for brand=SAN OU | سانو; exact SKU SO-13634 already known; do not infer from price,P1
4459,SO-13635,SAN OU | سانو,AVAILABILITY_ENABLE,UNAVAILABLE,AUTO_AFTER_SOURCE_AUTHORITY,Obtain/refresh supplier stock authority for brand=SAN OU | سانو; exact SKU SO-13635 already known; do not infer from price,P1
4474,CDA100-300,TERMA | ترما,AVAILABILITY_ENABLE,UNAVAILABLE,AUTO_AFTER_SOURCE_AUTHORITY,Obtain/refresh supplier stock authority for brand=TERMA | ترما; exact SKU CDA100-300 already known; do not infer from price,P1
4480,YDA100F-300,TERMA | ترما,AVAILABILITY_ENABLE,UNAVAILABLE,AUTO_AFTER_SOURCE_AUTHORITY,Obtain/refresh supplier stock authority for brand=TERMA | ترما; exact SKU YDA100F-300 already known; do not infer from price,P1
4619,MA250H-200,TERMA | ترما,AVAILABILITY_ENABLE,UNAVAILABLE,AUTO_AFTER_SOURCE_AUTHORITY,Obtain/refresh supplier stock authority for brand=TERMA | ترما; exact SKU MA250H-200 already known; do not infer from price,P1
4625,MD710-25,TERMA | ترما,AVAILABILITY_ENABLE,UNAVAILABLE,AUTO_AFTER_SOURCE_AUTHORITY,Obtain/refresh supplier stock authority for brand=TERMA | ترما; exact SKU MD710-25 already known; do not infer from price,P1
5880,2A-S5,ASTPOWER | ای اس تی پاور,AVAILABILITY_ENABLE,UNAVAILABLE,AUTO_AFTER_SOURCE_AUTHORITY,Obtain/refresh supplier stock authority for brand=ASTPOWER | ای اس تی پاور; exact SKU 2A-S5 already known; do not infer from price,P1
5881,2A-S7,ASTPOWER | ای اس تی پاور,AVAILABILITY_ENABLE,UNAVAILABLE,AUTO_AFTER_SOURCE_AUTHORITY,Obtain/refresh supplier stock authority for brand=ASTPOWER | ای اس تی پاور; exact SKU 2A-S7 already known; do not infer from price,P1
5882,2A-S8,ASTPOWER | ای اس تی پاور,AVAILABILITY_ENABLE,UNAVAILABLE,AUTO_AFTER_SOURCE_AUTHORITY,Obtain/refresh supplier stock authority for brand=ASTPOWER | ای اس تی پاور; exact SKU 2A-S8 already known; do not infer from price,P1
5883,2A-S10,ASTPOWER | ای اس تی پاور,AVAILABILITY_ENABLE,UNAVAILABLE,AUTO_AFTER_SOURCE_AUTHORITY,Obtain/refresh supplier stock authority for brand=ASTPOWER | ای اس تی پاور; exact SKU 2A-S10 already known; do not infer from price,P1
5884,2A-S12,ASTPOWER | ای اس تی پاور,AVAILABILITY_ENABLE,UNAVAILABLE,AUTO_AFTER_SOURCE_AUTHORITY,Obtain/refresh supplier stock authority for brand=ASTPOWER | ای اس تی پاور; exact SKU 2A-S12 already known; do not infer from price,P1
5885,2A-S16,ASTPOWER | ای اس تی پاور,AVAILABILITY_ENABLE,UNAVAILABLE,AUTO_AFTER_SOURCE_AUTHORITY,Obtain/refresh supplier stock authority for brand=ASTPOWER | ای اس تی پاور; exact SKU 2A-S16 already known; do not infer from price,P1
5886,3A-S5,ASTPOWER | ای اس تی پاور,AVAILABILITY_ENABLE,UNAVAILABLE,AUTO_AFTER_SOURCE_AUTHORITY,Obtain/refresh supplier stock authority for brand=ASTPOWER | ای اس تی پاور; exact SKU 3A-S5 already known; do not infer from price,P1
5887,3A-S7,ASTPOWER | ای اس تی پاور,AVAILABILITY_ENABLE,UNAVAILABLE,AUTO_AFTER_SOURCE_AUTHORITY,Obtain/refresh supplier stock authority for brand=ASTPOWER | ای اس تی پاور; exact SKU 3A-S7 already known; do not infer from price,P1
5888,3A-S10,ASTPOWER | ای اس تی پاور,AVAILABILITY_ENABLE,UNAVAILABLE,AUTO_AFTER_SOURCE_AUTHORITY,Obtain/refresh supplier stock authority for brand=ASTPOWER | ای اس تی پاور; exact SKU 3A-S10 already known; do not infer from price,P1
5889,3A-S12,ASTPOWER | ای اس تی پاور,AVAILABILITY_ENABLE,UNAVAILABLE,AUTO_AFTER_SOURCE_AUTHORITY,Obtain/refresh supplier stock authority for brand=ASTPOWER | ای اس تی پاور; exact SKU 3A-S12 already known; do not infer from price,P1
5890,3A-S16,ASTPOWER | ای اس تی پاور,AVAILABILITY_ENABLE,UNAVAILABLE,AUTO_AFTER_SOURCE_AUTHORITY,Obtain/refresh supplier stock authority for brand=ASTPOWER | ای اس تی پاور; exact SKU 3A-S16 already known; do not infer from price,P1
5891,33A-S5,ASTPOWER | ای اس تی پاور,AVAILABILITY_ENABLE,UNAVAILABLE,AUTO_AFTER_SOURCE_AUTHORITY,Obtain/refresh supplier stock authority for brand=ASTPOWER | ای اس تی پاور; exact SKU 33A-S5 already known; do not infer from price,P1
5892,33A-S7,ASTPOWER | ای اس تی پاور,AVAILABILITY_ENABLE,UNAVAILABLE,AUTO_AFTER_SOURCE_AUTHORITY,Obtain/refresh supplier stock authority for brand=ASTPOWER | ای اس تی پاور; exact SKU 33A-S7 already known; do not infer from price,P1
5893,33A-S10,ASTPOWER | ای اس تی پاور,AVAILABILITY_ENABLE,UNAVAILABLE,AUTO_AFTER_SOURCE_AUTHORITY,Obtain/refresh supplier stock authority for brand=ASTPOWER | ای اس تی پاور; exact SKU 33A-S10 already known; do not infer from price,P1
5894,33A-S12,ASTPOWER | ای اس تی پاور,AVAILABILITY_ENABLE,UNAVAILABLE,AUTO_AFTER_SOURCE_AUTHORITY,Obtain/refresh supplier stock authority for brand=ASTPOWER | ای اس تی پاور; exact SKU 33A-S12 already known; do not infer from price,P1
5895,33A-S16,ASTPOWER | ای اس تی پاور,AVAILABILITY_ENABLE,UNAVAILABLE,AUTO_AFTER_SOURCE_AUTHORITY,Obtain/refresh supplier stock authority for brand=ASTPOWER | ای اس تی پاور; exact SKU 33A-S16 already known; do not infer from price,P1
5896,4A-S5,ASTPOWER | ای اس تی پاور,AVAILABILITY_ENABLE,UNAVAILABLE,AUTO_AFTER_SOURCE_AUTHORITY,Obtain/refresh supplier stock authority for brand=ASTPOWER | ای اس تی پاور; exact SKU 4A-S5 already known; do not infer from price,P1
5897,4A-S7,ASTPOWER | ای اس تی پاور,AVAILABILITY_ENABLE,UNAVAILABLE,AUTO_AFTER_SOURCE_AUTHORITY,Obtain/refresh supplier stock authority for brand=ASTPOWER | ای اس تی پاور; exact SKU 4A-S7 already known; do not infer from price,P1
5898,4A-S10,ASTPOWER | ای اس تی پاور,AVAILABILITY_ENABLE,UNAVAILABLE,AUTO_AFTER_SOURCE_AUTHORITY,Obtain/refresh supplier stock authority for brand=ASTPOWER | ای اس تی پاور; exact SKU 4A-S10 already known; do not infer from price,P1
5899,4A-S12,ASTPOWER | ای اس تی پاور,AVAILABILITY_ENABLE,UNAVAILABLE,AUTO_AFTER_SOURCE_AUTHORITY,Obtain/refresh supplier stock authority for brand=ASTPOWER | ای اس تی پاور; exact SKU 4A-S12 already known; do not infer from price,P1
5900,4A-S16,ASTPOWER | ای اس تی پاور,AVAILABILITY_ENABLE,UNAVAILABLE,AUTO_AFTER_SOURCE_AUTHORITY,Obtain/refresh supplier stock authority for brand=ASTPOWER | ای اس تی پاور; exact SKU 4A-S16 already known; do not infer from price,P1
6134,AST-BS1-8,ASTPOWER | ای اس تی پاور,AVAILABILITY_ENABLE,UNAVAILABLE,AUTO_AFTER_SOURCE_AUTHORITY,Obtain/refresh supplier stock authority for brand=ASTPOWER | ای اس تی پاور; exact SKU AST-BS1-8 already known; do not infer from price,P1
6137,AST-HV-6,ASTPOWER | ای اس تی پاور,AVAILABILITY_ENABLE,UNAVAILABLE,AUTO_AFTER_SOURCE_AUTHORITY,Obtain/refresh supplier stock authority for brand=ASTPOWER | ای اس تی پاور; exact SKU AST-HV-6 already known; do not infer from price,P1
6139,AST-HV-10,ASTPOWER | ای اس تی پاور,AVAILABILITY_ENABLE,UNAVAILABLE,AUTO_AFTER_SOURCE_AUTHORITY,Obtain/refresh supplier stock authority for brand=ASTPOWER | ای اس تی پاور; exact SKU AST-HV-10 already known; do not infer from price,P1
6141,AST-HV-14,ASTPOWER | ای اس تی پاور,AVAILABILITY_ENABLE,UNAVAILABLE,AUTO_AFTER_SOURCE_AUTHORITY,Obtain/refresh supplier stock authority for brand=ASTPOWER | ای اس تی پاور; exact SKU AST-HV-14 already known; do not infer from price,P1
6143,AST-HV-20,ASTPOWER | ای اس تی پاور,AVAILABILITY_ENABLE,UNAVAILABLE,AUTO_AFTER_SOURCE_AUTHORITY,Obtain/refresh supplier stock authority for brand=ASTPOWER | ای اس تی پاور; exact SKU AST-HV-20 already known; do not infer from price,P1
6144,AST-CS-6,ASTPOWER | ای اس تی پاور,AVAILABILITY_ENABLE,UNAVAILABLE,AUTO_AFTER_SOURCE_AUTHORITY,Obtain/refresh supplier stock authority for brand=ASTPOWER | ای اس تی پاور; exact SKU AST-CS-6 already known; do not infer from price,P1
6151,AST-RAP6,ASTPOWER | ای اس تی پاور,AVAILABILITY_ENABLE,UNAVAILABLE,AUTO_AFTER_SOURCE_AUTHORITY,Obtain/refresh supplier stock authority for brand=ASTPOWER | ای اس تی پاور; exact SKU AST-RAP6 already known; do not infer from price,P1
6153,AST-RAP10,ASTPOWER | ای اس تی پاور,AVAILABILITY_ENABLE,UNAVAILABLE,AUTO_AFTER_SOURCE_AUTHORITY,Obtain/refresh supplier stock authority for brand=ASTPOWER | ای اس تی پاور; exact SKU AST-RAP10 already known; do not infer from price,P1
6155,AST-RAP14,ASTPOWER | ای اس تی پاور,AVAILABILITY_ENABLE,UNAVAILABLE,AUTO_AFTER_SOURCE_AUTHORITY,Obtain/refresh supplier stock authority for brand=ASTPOWER | ای اس تی پاور; exact SKU AST-RAP14 already known; do not infer from price,P1
6532,SDC-DR230,ASTPOWER | ای اس تی پاور,AVAILABILITY_ENABLE,UNAVAILABLE,AUTO_AFTER_SOURCE_AUTHORITY,Obtain/refresh supplier stock authority for brand=ASTPOWER | ای اس تی پاور; exact SKU SDC-DR230 already known; do not infer from price,P1
6533,CBN-DR230,ASTPOWER | ای اس تی پاور,AVAILABILITY_ENABLE,UNAVAILABLE,AUTO_AFTER_SOURCE_AUTHORITY,Obtain/refresh supplier stock authority for brand=ASTPOWER | ای اس تی پاور; exact SKU CBN-DR230 already known; do not infer from price,P1
6534,CBN-DR313,ASTPOWER | ای اس تی پاور,AVAILABILITY_ENABLE,UNAVAILABLE,AUTO_AFTER_SOURCE_AUTHORITY,Obtain/refresh supplier stock authority for brand=ASTPOWER | ای اس تی پاور; exact SKU CBN-DR313 already known; do not infer from price,P1
6535,SDC-DR313,ASTPOWER | ای اس تی پاور,AVAILABILITY_ENABLE,UNAVAILABLE,AUTO_AFTER_SOURCE_AUTHORITY,Obtain/refresh supplier stock authority for brand=ASTPOWER | ای اس تی پاور; exact SKU SDC-DR313 already known; do not infer from price,P1
