site_product_id,sku,site_is_active,site_is_available,site_price_present,hesabfa_mapping_present,hesabfa_item_present,hesabfa_code,hesabfa_product_code,hesabfa_active_current,desired_hesabfa_active,action,reason,price_risk
1044,1012-0010,true,false,true,false,false,,,,true,UNMAPPED,,false
1045,1012-0030,true,false,true,false,false,,,,true,UNMAPPED,,false
1046,1012-2005,true,false,true,false,false,,,,true,UNMAPPED,,false
1047,1012-3010,true,false,true,false,false,,,,true,UNMAPPED,,false
1048,1012-3015,true,false,true,false,false,,,,true,UNMAPPED,,false
1049,1012-3020,true,false,true,false,false,,,,true,UNMAPPED,,false
1050,1021-2005,true,false,true,false,false,,,,true,UNMAPPED,,false
1051,1022-1010,true,false,true,false,false,,,,true,UNMAPPED,,false
1052,1022-1015,true,false,true,false,false,,,,true,UNMAPPED,,false
1053,1022-4200,true,false,true,false,false,,,,true,UNMAPPED,,false
1054,1022-4300,true,false,true,false,false,,,,true,UNMAPPED,,false
1055,1030-2010,true,false,true,false,false,,,,true,UNMAPPED,,false
1056,1030-2051,true,false,true,false,false,,,,true,UNMAPPED,,false
1057,1030-2056,true,false,true,false,false,,,,true,UNMAPPED,,false
1058,1030-2061,true,false,true,false,false,,,,true,UNMAPPED,,false
1059,1030-2100,true,false,true,false,false,,,,true,UNMAPPED,,false
1060,1031-2005,true,false,true,false,false,,,,true,UNMAPPED,,false
1061,1031-2010,true,false,true,false,false,,,,true,UNMAPPED,,false
1062,1041-0005,true,false,true,false,false,,,,true,UNMAPPED,,false
1063,1041-0007,true,false,true,true,true,000191,1041-0007,true,true,MAPPED_ACTIVE,,false
1064,1041-2205,true,false,true,false,false,,,,true,UNMAPPED,,false
1065,1041-2215,true,false,true,false,false,,,,true,UNMAPPED,,false
1066,1051-0005,true,false,true,true,true,000192,1051-0005,true,true,MAPPED_ACTIVE,,false
1067,1051-0008,true,true,true,false,false,,,,true,UNMAPPED,,false
1068,1051-0302,true,false,true,false,false,,,,true,UNMAPPED,,false
1069,1051-0304,true,false,true,false,false,,,,true,UNMAPPED,,false
1070,1051-2010,true,false,true,true,true,000193,1051-2010,true,true,MAPPED_ACTIVE,,false
1071,1120-3113,true,false,true,false,false,,,,true,UNMAPPED,,false
1072,1122-9001,true,false,true,false,false,,,,true,UNMAPPED,,false
1073,1305-0002,true,false,true,true,true,000195,1305-0002,true,true,MAPPED_ACTIVE,,false
1074,1305-0003,true,false,true,true,true,000197,1305-0003,true,true,MAPPED_ACTIVE,,false
1075,1305-0010,true,false,true,true,true,000199,1305-0010,true,true,MAPPED_ACTIVE,,false
1076,1305-0025,true,false,true,true,true,000201,1305-0025,true,true,MAPPED_ACTIVE,,false
1077,1310-0004,true,false,true,true,true,000231,1310-0004,true,true,MAPPED_ACTIVE,,false
1078,1310-0005,true,true,true,true,true,000232,1310-0005,true,true,MAPPED_ACTIVE,,false
1079,1310-0006,true,false,true,true,true,000233,1310-0006,true,true,MAPPED_ACTIVE,,false
1080,1310-0007,true,false,true,true,true,000234,1310-0007,true,true,MAPPED_ACTIVE,,false
1081,1310-0008,true,false,true,true,true,000235,1310-0008,true,true,MAPPED_ACTIVE,,false
1082,1310-0009,true,false,true,true,true,000236,1310-0009,true,true,MAPPED_ACTIVE,,false
1083,1310-0010,true,false,true,true,true,000237,1310-0010,true,true,MAPPED_ACTIVE,,false
1084,1310-0011,true,false,true,true,true,000238,1310-0011,true,true,MAPPED_ACTIVE,,false
1085,1310-0012,true,false,true,true,true,000239,1310-0012,true,true,MAPPED_ACTIVE,,false
1086,1310-0015,true,false,true,true,true,000240,1310-0015,true,true,MAPPED_ACTIVE,,false
1087,1310-0016,true,false,true,true,true,000241,1310-0016,true,true,MAPPED_ACTIVE,,false
1088,1310-0017,true,false,true,true,true,000242,1310-0017,true,true,MAPPED_ACTIVE,,false
1089,1310-0021,true,false,true,true,true,000243,1310-0021,true,true,MAPPED_ACTIVE,,false
1090,1310-0025,true,false,true,true,true,000244,1310-0025,true,true,MAPPED_ACTIVE,,false
1091,1310-0030,true,false,true,true,true,000245,1310-0030,true,true,MAPPED_ACTIVE,,false
1092,1310-0031,true,false,true,true,true,000246,1310-0031,true,true,MAPPED_ACTIVE,,false
1093,1310-0041,true,false,true,true,true,000247,1310-0041,true,true,MAPPED_ACTIVE,,false
1094,1310-0042,true,false,true,true,true,000248,1310-0042,true,true,MAPPED_ACTIVE,,false
1095,1310-0043,true,false,true,true,true,000249,1310-0043,true,true,MAPPED_ACTIVE,,false
1096,1310-0044,true,false,true,true,true,000250,1310-0044,true,true,MAPPED_ACTIVE,,false
1097,1310-0055,true,false,true,true,true,000251,1310-0055,true,true,MAPPED_ACTIVE,,false
1098,1310-0060,true,false,true,true,true,000252,1310-0060,true,true,MAPPED_ACTIVE,,false
1099,1310-0090,true,false,true,true,true,000253,1310-0090,true,true,MAPPED_ACTIVE,,false
1100,1310-0095,true,false,true,true,true,000254,1310-0095,true,true,MAPPED_ACTIVE,,false
1101,1310-0100,true,false,true,true,true,000255,1310-0100,true,true,MAPPED_ACTIVE,,false
1102,1331-2115,true,true,true,true,true,000256,1331-2115,true,true,MAPPED_ACTIVE,,false
1103,1331-2120,true,false,true,true,true,000257,1331-2120,true,true,MAPPED_ACTIVE,,false
1104,1331-2130,true,false,true,true,true,000258,1331-2130,true,true,MAPPED_ACTIVE,,false
1105,1350-5005,true,false,true,true,true,000259,1350-5005,true,true,MAPPED_ACTIVE,,false
1106,1350-5010,true,false,true,true,true,000260,1350-5010,true,true,MAPPED_ACTIVE,,false
1107,1350-5015,true,false,true,true,true,000368,1350-5015,true,true,MAPPED_ACTIVE,,false
1108,1351-0005,true,false,true,true,true,000369,1351-0005,true,true,MAPPED_ACTIVE,,false
1109,1351-0010,true,false,true,true,true,000370,1351-0010,true,true,MAPPED_ACTIVE,,false
1110,1351-0015,true,false,true,true,true,000371,1351-0015,true,true,MAPPED_ACTIVE,,false
1111,1352-2010,true,false,true,false,false,,,,true,UNMAPPED,,false
1112,1380-3004,true,false,true,false,false,,,,true,UNMAPPED,,false
1113,1380-3005,true,false,true,true,true,000372,1380-3005,true,true,MAPPED_ACTIVE,,false
1114,1380-3010,true,false,true,true,true,000373,1380-3010,true,true,MAPPED_ACTIVE,,false
1115,1380-3015,true,false,true,true,true,000374,1380-3015,true,true,MAPPED_ACTIVE,,false
1116,1500-1052,true,false,true,false,false,,,,true,UNMAPPED,,false
1117,1704-0005,true,false,true,true,true,000375,1704-0005,true,true,MAPPED_ACTIVE,,false
1118,1732-0035,true,false,true,true,true,000376,1732-0035,true,true,MAPPED_ACTIVE,,false
1119,1801-1005,true,false,true,false,false,,,,true,UNMAPPED,,false
1120,1801-2005,true,false,true,false,false,,,,true,UNMAPPED,,false
1121,1803-2110,true,false,true,false,false,,,,true,UNMAPPED,,false
1122,1803-4111,true,false,true,false,false,,,,true,UNMAPPED,,false
1123,1803-4112,true,false,true,false,false,,,,true,UNMAPPED,,false
1124,1803-4113,true,false,true,false,false,,,,true,UNMAPPED,,false
1125,1803-4114,true,false,true,false,false,,,,true,UNMAPPED,,false
1126,1803-4115,true,false,true,false,false,,,,true,UNMAPPED,,false
1127,1803-4116,true,false,true,false,false,,,,true,UNMAPPED,,false
1128,1803-4117,true,false,true,false,false,,,,true,UNMAPPED,,false
1129,1803-4118,true,false,true,false,false,,,,true,UNMAPPED,,false
1130,1803-4119,true,false,true,false,false,,,,true,UNMAPPED,,false
1131,1803-4120,true,false,true,false,false,,,,true,UNMAPPED,,false
1132,1803-4121,true,false,true,false,false,,,,true,UNMAPPED,,false
1133,1803-4122,true,false,true,false,false,,,,true,UNMAPPED,,false
1134,1803-4123,true,false,true,false,false,,,,true,UNMAPPED,,false
1135,1803-4124,true,false,true,false,false,,,,true,UNMAPPED,,false
1136,1803-4125,true,false,true,false,false,,,,true,UNMAPPED,,false
1137,1803-4126,true,false,true,false,false,,,,true,UNMAPPED,,false
1138,1803-4127,true,false,true,false,false,,,,true,UNMAPPED,,false
1139,1803-4128,true,false,true,false,false,,,,true,UNMAPPED,,false
1140,1803-4129,true,false,true,false,false,,,,true,UNMAPPED,,false
1141,1803-4130,true,false,true,false,false,,,,true,UNMAPPED,,false
1142,1803-4131,true,false,true,false,false,,,,true,UNMAPPED,,false
1143,1803-4132,true,false,true,false,false,,,,true,UNMAPPED,,false
1144,1804-0005,true,false,true,false,false,,,,true,UNMAPPED,,false
1145,1804-1005,true,false,true,false,false,,,,true,UNMAPPED,,false
1146,1804-1006,true,false,true,false,false,,,,true,UNMAPPED,,false
1147,1804-1007,true,false,true,false,false,,,,true,UNMAPPED,,false
1148,1804-1010,true,false,true,true,true,000377,1804-1010,true,true,MAPPED_ACTIVE,,false
1149,1804-1015,true,false,true,true,true,000378,1804-1015,true,true,MAPPED_ACTIVE,,false
1150,1804-1020,true,false,true,true,true,000379,1804-1020,true,true,MAPPED_ACTIVE,,false
1151,1804-1025,true,false,true,true,true,000380,1804-1025,true,true,MAPPED_ACTIVE,,false
1152,1804-1035,true,false,true,false,false,,,,true,UNMAPPED,,false
1153,1804-1045,true,false,true,false,false,,,,true,UNMAPPED,,false
1154,1804-1065,true,true,true,false,false,,,,true,UNMAPPED,,false
1155,1804-1070,true,false,true,true,true,000381,1804-1070,true,true,MAPPED_ACTIVE,,false
1156,1804-1075,true,false,true,true,true,000382,1804-1075,true,true,MAPPED_ACTIVE,,false
1157,1804-1090,true,true,true,false,false,,,,true,UNMAPPED,,false
1158,1804-1095,true,false,true,false,false,,,,true,UNMAPPED,,false
1159,1804-1100,true,false,true,false,false,,,,true,UNMAPPED,,false
1160,1804-1102,true,false,true,false,false,,,,true,UNMAPPED,,false
1161,1804-1103,true,false,true,false,false,,,,true,UNMAPPED,,false
1162,1804-1104,true,false,true,false,false,,,,true,UNMAPPED,,false
1163,1804-1106,true,false,true,false,false,,,,true,UNMAPPED,,false
1164,1804-1107,true,false,true,false,false,,,,true,UNMAPPED,,false
1165,1804-1115,true,false,true,false,false,,,,true,UNMAPPED,,false
1166,1804-1120,true,false,true,false,false,,,,true,UNMAPPED,,false
1167,1804-1125,true,false,true,false,false,,,,true,UNMAPPED,,false
1168,1804-1130,true,true,true,false,false,,,,true,UNMAPPED,,false
1169,1804-1131,true,false,true,false,false,,,,true,UNMAPPED,,false
1170,1804-1132,true,false,true,false,false,,,,true,UNMAPPED,,false
1171,1804-1133,true,false,true,false,false,,,,true,UNMAPPED,,false
1172,1804-1165,true,false,true,false,false,,,,true,UNMAPPED,,false
1173,1804-1170,true,false,true,false,false,,,,true,UNMAPPED,,false
1174,1804-1175,true,false,true,false,false,,,,true,UNMAPPED,,false
1175,1804-1215,true,false,true,false,false,,,,true,UNMAPPED,,false
1176,1804-1405,true,true,true,false,false,,,,true,UNMAPPED,,false
1177,1804-1710,true,false,true,false,false,,,,true,UNMAPPED,,false
1178,1804-2005,true,false,true,false,false,,,,true,UNMAPPED,,false
1179,1804-2010,true,false,true,false,false,,,,true,UNMAPPED,,false
1180,1804-2015,true,false,true,false,false,,,,true,UNMAPPED,,false
1181,1804-2405,true,false,true,false,false,,,,true,UNMAPPED,,false
1182,1804-4613,true,false,true,false,false,,,,true,UNMAPPED,,false
1183,1804-5111,true,false,true,false,false,,,,true,UNMAPPED,,false
1184,1804-5116,true,false,true,false,false,,,,true,UNMAPPED,,false
1185,1804-5221,true,false,true,false,false,,,,true,UNMAPPED,,false
1186,1804-5223,true,false,true,false,false,,,,true,UNMAPPED,,false
1187,1804-5331,true,false,true,false,false,,,,true,UNMAPPED,,false
1188,1804-5336,true,false,true,false,false,,,,true,UNMAPPED,,false
1189,1804-5341,true,false,true,false,false,,,,true,UNMAPPED,,false
1190,1804-5441,true,false,true,false,false,,,,true,UNMAPPED,,false
1191,1804-5771,true,false,true,false,false,,,,true,UNMAPPED,,false
1192,1804-5773,true,false,true,false,false,,,,true,UNMAPPED,,false
1193,1804-5774,true,false,true,false,false,,,,true,UNMAPPED,,false
1194,1804-5779,true,false,true,false,false,,,,true,UNMAPPED,,false
1195,1804-5881,true,false,true,false,false,,,,true,UNMAPPED,,false
1196,1804-5991,true,false,true,false,false,,,,true,UNMAPPED,,false
1197,1804-6111,true,false,true,false,false,,,,true,UNMAPPED,,false
1198,1804-6221,true,false,true,false,false,,,,true,UNMAPPED,,false
1199,1804-6302,true,false,true,false,false,,,,true,UNMAPPED,,false
1200,1804-6310,true,false,true,true,true,000383,1804-6310,true,true,MAPPED_ACTIVE,,false
1201,1804-6331,true,false,true,false,false,,,,true,UNMAPPED,,false
1202,1804-6663,true,false,true,false,false,,,,true,UNMAPPED,,false
1203,1804-6771,true,false,true,false,false,,,,true,UNMAPPED,,false
1204,1804-6881,true,false,true,false,false,,,,true,UNMAPPED,,false
1205,1804-6882,true,false,true,false,false,,,,true,UNMAPPED,,false
1206,1804-6991,true,false,true,false,false,,,,true,UNMAPPED,,false
1207,1804-6993,true,false,true,false,false,,,,true,UNMAPPED,,false
1208,1804-6996,true,false,true,false,false,,,,true,UNMAPPED,,false
1209,1804-7013,true,false,true,false,false,,,,true,UNMAPPED,,false
1210,1804-7111,true,false,true,false,false,,,,true,UNMAPPED,,false
1211,2000-2005,true,true,true,true,true,000384,2000-2005,true,true,MAPPED_ACTIVE,,false
1212,2000-2010,true,false,true,true,true,000385,2000-2010,true,true,MAPPED_ACTIVE,,false
1213,2000-2015,true,false,true,true,true,000386,2000-2015,true,true,MAPPED_ACTIVE,,false
1214,2001-2005,true,false,true,true,true,000387,2001-2005,true,true,MAPPED_ACTIVE,,false
1215,2001-2010,true,false,true,true,true,000388,2001-2010,true,true,MAPPED_ACTIVE,,false
1216,2001-2015,true,false,true,true,true,000389,2001-2015,true,true,MAPPED_ACTIVE,,false
1217,2015-1005,true,true,true,true,true,000390,2015-1005,true,true,MAPPED_ACTIVE,,false
1218,2015-2405,true,false,true,false,false,,,,true,UNMAPPED,,false
1219,2015-2410,true,false,true,true,true,000391,2015-2410,true,true,MAPPED_ACTIVE,,false
1220,2015-2415,true,false,true,true,true,000392,2015-2415,true,true,MAPPED_ACTIVE,,false
1221,2020-1005,true,false,true,true,true,000393,2020-1005,true,true,MAPPED_ACTIVE,,false
1222,2035-0006,true,false,true,true,true,000394,2035-0006,true,true,MAPPED_ACTIVE,,false
1223,2065-1105,true,false,true,true,true,000395,2065-1105,true,true,MAPPED_ACTIVE,,false
1224,2065-1110,true,false,true,true,true,000396,2065-1110,true,true,MAPPED_ACTIVE,,false
1225,2065-1115,true,false,true,true,true,000397,2065-1115,true,true,MAPPED_ACTIVE,,false
1226,2070-1105,true,false,true,true,true,000398,2070-1105,true,true,MAPPED_ACTIVE,,false
1227,2070-1110,true,false,true,true,true,000399,2070-1110,true,true,MAPPED_ACTIVE,,false
1228,2070-1115,true,false,true,true,true,000400,2070-1115,true,true,MAPPED_ACTIVE,,false
1229,2100-1015,true,false,true,true,true,000401,2100-1015,true,true,MAPPED_ACTIVE,,false
1230,2100-1115,true,false,true,true,true,000402,2100-1115,true,true,MAPPED_ACTIVE,,false
1231,2100-1120,true,false,true,true,true,000403,2100-1120,true,true,MAPPED_ACTIVE,,false
1232,2100-1130,true,false,true,true,true,000404,2100-1130,true,true,MAPPED_ACTIVE,,false
1233,2110-8105,true,false,true,false,false,,,,true,UNMAPPED,,false
1234,2115-2305,true,false,true,true,true,000405,2115-2305,true,true,MAPPED_ACTIVE,,false
1235,2117-9105,true,false,true,false,false,,,,true,UNMAPPED,,false
1236,2117-9110,true,false,true,false,false,,,,true,UNMAPPED,,false
1237,2117-9115,true,false,true,false,false,,,,true,UNMAPPED,,false
1238,2140-8101,true,false,true,true,true,000406,2140-8101,true,true,MAPPED_ACTIVE,,false
1239,2140-8105,true,false,true,true,true,000407,2140-8105,true,true,MAPPED_ACTIVE,,false
1240,2210-8106,true,false,true,false,false,,,,true,UNMAPPED,,false
1241,2220-3570,true,false,true,false,false,,,,true,UNMAPPED,,false
1242,2220-8103,true,false,true,false,false,,,,true,UNMAPPED,,false
1243,2220-8104,true,false,true,false,false,,,,true,UNMAPPED,,false
1244,2220-8105,true,false,true,true,true,000408,2220-8105,true,true,MAPPED_ACTIVE,,false
1245,2220-8110,true,false,true,false,false,,,,true,UNMAPPED,,false
1246,2220-8115,true,false,true,false,false,,,,true,UNMAPPED,,false
1247,2220-8117,true,false,true,true,true,000409,2220-8117,true,true,MAPPED_ACTIVE,,false
1248,2220-8130,true,false,true,true,true,000410,2220-8130,true,true,MAPPED_ACTIVE,,false
1249,2220-8135,true,false,true,true,true,000411,2220-8135,true,true,MAPPED_ACTIVE,,false
1250,2220-8150,true,false,true,true,true,000412,2220-8150,true,true,MAPPED_ACTIVE,,false
1251,2220-8155,true,false,true,true,true,000413,2220-8155,true,true,MAPPED_ACTIVE,,false
1252,2220-8170,true,false,true,true,true,000414,2220-8170,true,true,MAPPED_ACTIVE,,false
1253,2220-8175,true,false,true,true,true,000415,2220-8175,true,true,MAPPED_ACTIVE,,false
1254,2220-8180,true,false,true,true,true,000416,2220-8180,true,true,MAPPED_ACTIVE,,false
1255,2220-8185,true,false,true,true,true,000417,2220-8185,true,true,MAPPED_ACTIVE,,false
1256,2220-8190,true,false,true,true,true,000418,2220-8190,true,true,MAPPED_ACTIVE,,false
1257,2220-8200,true,false,true,true,true,000419,2220-8200,true,true,MAPPED_ACTIVE,,false
1258,2220-8205,true,false,true,true,true,000420,2220-8205,true,true,MAPPED_ACTIVE,,false
1259,2220-8210,true,false,true,true,true,000421,2220-8210,true,true,MAPPED_ACTIVE,,false
1260,2220-8215,true,false,true,true,true,000422,2220-8215,true,true,MAPPED_ACTIVE,,false
1261,2220-8220,true,false,true,true,true,000423,2220-8220,true,true,MAPPED_ACTIVE,,false
1262,2220-8225,true,false,true,true,true,000424,2220-8225,true,true,MAPPED_ACTIVE,,false
1263,2220-8230,true,false,true,true,true,000425,2220-8230,true,true,MAPPED_ACTIVE,,false
1264,2240-0025,true,false,true,true,true,000426,2240-0025,true,true,MAPPED_ACTIVE,,false
1265,2240-0026,true,false,true,true,true,000427,2240-0026,true,true,MAPPED_ACTIVE,,false
1266,2240-0027,true,false,true,true,true,000428,2240-0027,true,true,MAPPED_ACTIVE,,false
1267,2250-2105,true,false,true,true,true,000429,2250-2105,true,true,MAPPED_ACTIVE,,false
1268,2345-4005,true,false,true,false,false,,,,true,UNMAPPED,,false
1269,2346-1015,true,false,true,false,false,,,,true,UNMAPPED,,false
1270,2406-1005,true,false,true,true,true,000430,2406-1005,true,true,MAPPED_ACTIVE,,false
1271,2406-1010,true,false,true,true,true,000431,2406-1010,true,true,MAPPED_ACTIVE,,false
1272,2410-8105,true,false,true,false,false,,,,true,UNMAPPED,,false
1273,2410-8110,true,false,true,false,false,,,,true,UNMAPPED,,false
1274,2570-5105,false,true,true,true,true,000432,2570-5105,false,true,RECONCILIATION_REQUIRED,mapped_inactive,false
1275,2570-5110,false,true,true,true,true,000433,2570-5110,false,true,RECONCILIATION_REQUIRED,mapped_inactive,false
1276,2570-5115,false,true,true,true,true,000434,2570-5115,false,true,RECONCILIATION_REQUIRED,mapped_inactive,false
1277,2610-8105,false,true,true,true,true,003446,2610-8105,false,true,RECONCILIATION_REQUIRED,mapped_inactive,false
1278,2710-1105,false,true,true,true,true,003445,2710-1105,false,true,RECONCILIATION_REQUIRED,mapped_inactive,false
1279,2805-0005,false,true,true,true,true,000435,2805-0005,false,true,RECONCILIATION_REQUIRED,mapped_inactive,false
1280,3001-0105,false,true,true,true,true,000436,3001-0105,false,true,RECONCILIATION_REQUIRED,mapped_inactive,false
1281,3001-0120,false,true,true,true,true,000437,3001-0120,false,true,RECONCILIATION_REQUIRED,mapped_inactive,false
1282,3001-0125,false,true,true,true,true,000438,3001-0125,false,true,RECONCILIATION_REQUIRED,mapped_inactive,false
1283,3001-1001,false,true,true,true,true,003444,3001-1001,false,true,RECONCILIATION_REQUIRED,mapped_inactive,false
1284,3001-1901,false,true,true,true,true,000439,3001-1901,false,true,RECONCILIATION_REQUIRED,mapped_inactive,false
1285,3001-1903,false,true,true,true,true,000440,3001-1903,false,true,RECONCILIATION_REQUIRED,mapped_inactive,false
1286,3001-1905,false,true,true,true,true,000441,3001-1905,false,true,RECONCILIATION_REQUIRED,mapped_inactive,false
1287,3004-0003,false,true,true,true,true,003443,3004-0003,false,true,RECONCILIATION_REQUIRED,mapped_inactive,false
1288,3004-0005,false,true,true,true,true,000442,3004-0005,false,true,RECONCILIATION_REQUIRED,mapped_inactive,false
1289,3004-1005,false,true,true,true,true,000443,3004-1005,false,true,RECONCILIATION_REQUIRED,mapped_inactive,false
1290,3004-2005,false,true,true,true,true,000444,3004-2005,false,true,RECONCILIATION_REQUIRED,mapped_inactive,false
1291,3110-6105,true,true,true,true,true,000445,3110-6105,true,true,MAPPED_ACTIVE,,false
1292,3110-6120,false,true,true,true,true,000446,3110-6120,false,true,RECONCILIATION_REQUIRED,mapped_inactive,false
1293,3130-8115,false,true,true,true,true,000447,3130-8115,false,true,RECONCILIATION_REQUIRED,mapped_inactive,false
1294,3130-8119,false,true,true,true,true,000448,3130-8119,false,true,RECONCILIATION_REQUIRED,mapped_inactive,false
1295,3130-8120,false,true,true,true,true,000449,3130-8120,false,true,RECONCILIATION_REQUIRED,mapped_inactive,false
1296,3130-8125,false,true,true,true,true,000450,3130-8125,false,true,RECONCILIATION_REQUIRED,mapped_inactive,false
1297,3130-8130,false,true,true,true,true,000451,3130-8130,false,true,RECONCILIATION_REQUIRED,mapped_inactive,false
1298,3221-1105,false,true,true,true,true,000452,3221-1105,false,true,RECONCILIATION_REQUIRED,mapped_inactive,false
1299,3230-8105,true,true,true,false,false,,,,true,UNMAPPED,,false
1300,3230-8110,false,true,true,true,true,000453,3230-8110,false,true,RECONCILIATION_REQUIRED,mapped_inactive,false
1301,3230-8115,false,true,true,true,true,003442,3230-8115,false,true,RECONCILIATION_REQUIRED,mapped_inactive,false
1302,3430-4110,false,true,true,true,true,003441,3430-4110,false,true,RECONCILIATION_REQUIRED,mapped_inactive,false
1303,3430-4115,false,true,true,true,true,003440,3430-4115,false,true,RECONCILIATION_REQUIRED,mapped_inactive,false
1304,3430-4120,false,true,true,true,true,003439,3430-4120,false,true,RECONCILIATION_REQUIRED,mapped_inactive,false
1305,3530-0005,false,true,true,true,true,003438,3530-0005,false,true,RECONCILIATION_REQUIRED,mapped_inactive,false
1306,3530-0010,false,true,true,true,true,003437,3530-0010,false,true,RECONCILIATION_REQUIRED,mapped_inactive,false
1307,4005-0090,false,true,true,true,true,003436,4005-0090,false,true,RECONCILIATION_REQUIRED,mapped_inactive,false
1308,4005-0095,false,true,true,true,true,003435,4005-0095,false,true,RECONCILIATION_REQUIRED,mapped_inactive,false
1309,4005-0100,false,true,true,true,true,003434,4005-0100,false,true,RECONCILIATION_REQUIRED,mapped_inactive,false
1310,4107-1005,false,true,true,true,true,003433,4107-1005,false,true,RECONCILIATION_REQUIRED,mapped_inactive,false
1311,4111-5205,false,true,true,true,true,003432,4111-5205,false,true,RECONCILIATION_REQUIRED,mapped_inactive,false
1312,4111-8102,false,true,true,true,true,003431,4111-8102,false,true,RECONCILIATION_REQUIRED,mapped_inactive,false
1313,4111-8104,false,true,true,true,true,003430,4111-8104,false,true,RECONCILIATION_REQUIRED,mapped_inactive,false
1314,4111-8105,true,true,true,false,false,,,,true,UNMAPPED,,false
1315,4111-8106,false,true,true,true,true,003429,4111-8106,false,true,RECONCILIATION_REQUIRED,mapped_inactive,false
1316,4111-8108,false,true,true,true,true,003428,4111-8108,false,true,RECONCILIATION_REQUIRED,mapped_inactive,false
1317,4111-8110,false,true,true,true,true,003427,4111-8110,false,true,RECONCILIATION_REQUIRED,mapped_inactive,false
1318,4111-8115,false,true,true,true,true,003426,4111-8115,false,true,RECONCILIATION_REQUIRED,mapped_inactive,false
1319,4111-8120,false,true,true,true,true,003425,4111-8120,false,true,RECONCILIATION_REQUIRED,mapped_inactive,false
1320,4111-8125,false,true,true,true,true,003424,4111-8125,false,true,RECONCILIATION_REQUIRED,mapped_inactive,false
1321,4111-8130,false,true,true,true,true,003423,4111-8130,false,true,RECONCILIATION_REQUIRED,mapped_inactive,false
1322,4111-8620,false,true,true,true,true,003422,4111-8620,false,true,RECONCILIATION_REQUIRED,mapped_inactive,false
1323,4111-8625,false,true,true,true,true,003421,4111-8625,false,true,RECONCILIATION_REQUIRED,mapped_inactive,false
1324,4111-8630,false,true,true,true,true,003420,4111-8630,false,true,RECONCILIATION_REQUIRED,mapped_inactive,false
1325,4111-8635,false,true,true,true,true,003419,4111-8635,false,true,RECONCILIATION_REQUIRED,mapped_inactive,false
1326,4111-8640,false,true,true,true,true,003418,4111-8640,false,true,RECONCILIATION_REQUIRED,mapped_inactive,false
1327,4111-8645,false,true,true,true,true,003417,4111-8645,false,true,RECONCILIATION_REQUIRED,mapped_inactive,false
1328,4111-8650,false,true,true,true,true,003416,4111-8650,false,true,RECONCILIATION_REQUIRED,mapped_inactive,false
1329,4111-8655,false,true,true,true,true,003415,4111-8655,false,true,RECONCILIATION_REQUIRED,mapped_inactive,false
1330,4111-9105,false,true,true,true,true,003414,4111-9105,false,true,RECONCILIATION_REQUIRED,mapped_inactive,false
1331,4111-9110,false,true,true,true,true,003413,4111-9110,false,true,RECONCILIATION_REQUIRED,mapped_inactive,false
1332,4111-9120,false,true,true,true,true,003412,4111-9120,false,true,RECONCILIATION_REQUIRED,mapped_inactive,false
1333,4111-9130,false,true,true,true,true,003411,4111-9130,false,true,RECONCILIATION_REQUIRED,mapped_inactive,false
1334,4112-7435,false,true,true,true,true,000454,4112-7435,false,true,RECONCILIATION_REQUIRED,mapped_inactive,false
1335,4112-7440,false,true,true,true,true,003410,4112-7440,false,true,RECONCILIATION_REQUIRED,mapped_inactive,false
1336,4112-7445,false,true,true,true,true,000455,4112-7445,false,true,RECONCILIATION_REQUIRED,mapped_inactive,false
1337,4112-7450,false,true,true,true,true,003409,4112-7450,false,true,RECONCILIATION_REQUIRED,mapped_inactive,false
1338,4112-8145,false,true,true,true,true,003408,4112-8145,false,true,RECONCILIATION_REQUIRED,mapped_inactive,false
1339,4112-8150,false,true,true,true,true,003407,4112-8150,false,true,RECONCILIATION_REQUIRED,mapped_inactive,false
1340,4112-8155,false,true,true,true,true,003406,4112-8155,false,true,RECONCILIATION_REQUIRED,mapped_inactive,false
1341,4112-8160,false,true,true,true,true,003405,4112-8160,false,true,RECONCILIATION_REQUIRED,mapped_inactive,false
1342,4127-0005,false,true,true,true,true,003404,4127-0005,false,true,RECONCILIATION_REQUIRED,mapped_inactive,false
1343,4137-4005,false,true,true,true,true,003403,4137-4005,false,true,RECONCILIATION_REQUIRED,mapped_inactive,false
1344,4146-1005,false,true,true,true,true,000456,4146-1005,false,true,RECONCILIATION_REQUIRED,mapped_inactive,false
1345,4146-1010,false,true,true,true,true,003402,4146-1010,false,true,RECONCILIATION_REQUIRED,mapped_inactive,false
1346,4146-1015,false,true,true,true,true,003401,4146-1015,false,true,RECONCILIATION_REQUIRED,mapped_inactive,false
1347,4146-1020,false,true,true,true,true,003400,4146-1020,false,true,RECONCILIATION_REQUIRED,mapped_inactive,false
1348,4146-5105,false,true,true,true,true,003399,4146-5105,false,true,RECONCILIATION_REQUIRED,mapped_inactive,false
1349,4210-2103,false,true,true,true,true,000457,4210-2103,false,true,RECONCILIATION_REQUIRED,mapped_inactive,false
1350,4210-2105,false,true,true,true,true,003398,4210-2105,false,true,RECONCILIATION_REQUIRED,mapped_inactive,false
1351,4210-2106,false,true,true,true,true,003397,4210-2106,false,true,RECONCILIATION_REQUIRED,mapped_inactive,false
1352,4210-2110,false,true,true,true,true,003396,4210-2110,false,true,RECONCILIATION_REQUIRED,mapped_inactive,false
1353,4210-2125,false,true,true,true,true,003395,4210-2125,false,true,RECONCILIATION_REQUIRED,mapped_inactive,false
1354,4210-2135,true,true,true,true,true,000458,4210-2135,true,true,MAPPED_ACTIVE,,false
1355,4210-2140,true,true,true,true,true,000459,4210-2140,true,true,MAPPED_ACTIVE,,false
1356,4210-2145,true,true,true,true,true,000460,4210-2145,true,true,MAPPED_ACTIVE,,false
1357,4210-2150,true,true,true,true,true,000461,4210-2150,true,true,MAPPED_ACTIVE,,false
1358,4210-2155,true,true,true,true,true,000462,4210-2155,true,true,MAPPED_ACTIVE,,false
1359,4210-2160,true,true,true,true,true,000463,4210-2160,true,true,MAPPED_ACTIVE,,false
1360,4220-2104,false,true,true,true,true,000464,4220-2104,false,true,RECONCILIATION_REQUIRED,mapped_inactive,false
1361,4220-2108,false,true,true,true,true,000465,4220-2108,false,true,RECONCILIATION_REQUIRED,mapped_inactive,false
1362,4220-2109,false,true,true,true,true,000466,4220-2109,false,true,RECONCILIATION_REQUIRED,mapped_inactive,false
1363,4230-2005,true,true,true,false,false,,,,true,UNMAPPED,,false
1364,4230-2010,false,true,true,true,true,000467,4230-2010,false,true,RECONCILIATION_REQUIRED,mapped_inactive,false
1365,4230-2015,false,true,true,true,true,000468,4230-2015,false,true,RECONCILIATION_REQUIRED,mapped_inactive,false
1366,4230-2020,false,true,true,true,true,000469,4230-2020,false,true,RECONCILIATION_REQUIRED,mapped_inactive,false
1367,4230-2025,false,true,true,true,true,000470,4230-2025,false,true,RECONCILIATION_REQUIRED,mapped_inactive,false
1368,4230-2030,false,true,true,true,true,000471,4230-2030,false,true,RECONCILIATION_REQUIRED,mapped_inactive,false
1369,4311-8103,false,true,true,true,true,000472,4311-8103,false,true,RECONCILIATION_REQUIRED,mapped_inactive,false
1370,4311-8106,false,true,true,true,true,000473,4311-8106,false,true,RECONCILIATION_REQUIRED,mapped_inactive,false
1371,4311-8107,false,true,true,true,true,000474,4311-8107,false,true,RECONCILIATION_REQUIRED,mapped_inactive,false
1372,4311-8109,false,true,true,true,true,000475,4311-8109,false,true,RECONCILIATION_REQUIRED,mapped_inactive,false
1373,4311-8111,false,true,true,true,true,000476,4311-8111,false,true,RECONCILIATION_REQUIRED,mapped_inactive,false
1374,4311-8113,false,true,true,true,true,000477,4311-8113,false,true,RECONCILIATION_REQUIRED,mapped_inactive,false
1375,4311-8118,false,true,true,true,true,000478,4311-8118,false,true,RECONCILIATION_REQUIRED,mapped_inactive,false
1376,4311-8119,false,true,true,true,true,000479,4311-8119,false,true,RECONCILIATION_REQUIRED,mapped_inactive,false
1377,4311-8120,false,true,true,true,true,003394,4311-8120,false,true,RECONCILIATION_REQUIRED,mapped_inactive,false
1378,4400-0005,false,true,true,true,true,000480,4400-0005,false,true,RECONCILIATION_REQUIRED,mapped_inactive,false
1379,4400-0010,false,true,true,true,true,000481,4400-0010,false,true,RECONCILIATION_REQUIRED,mapped_inactive,false
1380,4410-1105,true,true,true,false,false,,,,true,UNMAPPED,,false
1381,4410-1110,true,true,true,true,true,000482,4410-1110,true,true,MAPPED_ACTIVE,,false
1382,4410-1115,true,true,true,true,true,000483,4410-1115,true,true,MAPPED_ACTIVE,,false
1383,4410-1120,true,true,true,true,true,000484,4410-1120,true,true,MAPPED_ACTIVE,,false
1384,4410-1125,false,true,true,true,true,000485,4410-1125,false,true,RECONCILIATION_REQUIRED,mapped_inactive,false
1385,4411-3210,false,true,true,true,true,000486,4411-3210,false,true,RECONCILIATION_REQUIRED,mapped_inactive,false
1386,4411-3215,false,true,true,true,true,000487,4411-3215,false,true,RECONCILIATION_REQUIRED,mapped_inactive,false
1387,4411-3220,false,true,true,true,true,000488,4411-3220,false,true,RECONCILIATION_REQUIRED,mapped_inactive,false
1388,4411-5101,false,true,true,true,true,000489,4411-5101,false,true,RECONCILIATION_REQUIRED,mapped_inactive,false
1389,4411-5102,false,true,true,true,true,000490,4411-5102,false,true,RECONCILIATION_REQUIRED,mapped_inactive,false
1390,4411-5103,false,true,true,true,true,000491,4411-5103,false,true,RECONCILIATION_REQUIRED,mapped_inactive,false
1391,4411-5104,false,true,true,true,true,000492,4411-5104,false,true,RECONCILIATION_REQUIRED,mapped_inactive,false
1392,4411-5105,false,true,true,true,true,000493,4411-5105,false,true,RECONCILIATION_REQUIRED,mapped_inactive,false
1393,4411-5106,false,true,true,true,true,000494,4411-5106,false,true,RECONCILIATION_REQUIRED,mapped_inactive,false
1394,4411-5107,false,true,true,true,true,000495,4411-5107,false,true,RECONCILIATION_REQUIRED,mapped_inactive,false
1395,4411-5108,false,true,true,true,true,000496,4411-5108,false,true,RECONCILIATION_REQUIRED,mapped_inactive,false
1396,4411-5109,false,true,true,true,true,000497,4411-5109,false,true,RECONCILIATION_REQUIRED,mapped_inactive,false
1397,4411-5110,false,true,true,true,true,000498,4411-5110,false,true,RECONCILIATION_REQUIRED,mapped_inactive,false
1398,4411-5111,false,true,true,true,true,000499,4411-5111,false,true,RECONCILIATION_REQUIRED,mapped_inactive,false
1399,4411-5112,false,true,true,true,true,000500,4411-5112,false,true,RECONCILIATION_REQUIRED,mapped_inactive,false
1400,4411-5113,false,true,true,true,true,000501,4411-5113,false,true,RECONCILIATION_REQUIRED,mapped_inactive,false
1401,4411-5114,false,true,true,true,true,000502,4411-5114,false,true,RECONCILIATION_REQUIRED,mapped_inactive,false
1402,4411-5115,false,true,true,true,true,000503,4411-5115,false,true,RECONCILIATION_REQUIRED,mapped_inactive,false
1403,4411-5116,false,true,true,true,true,000504,4411-5116,false,true,RECONCILIATION_REQUIRED,mapped_inactive,false
1404,4411-5117,false,true,true,true,true,000505,4411-5117,false,true,RECONCILIATION_REQUIRED,mapped_inactive,false
1405,4411-5118,false,true,true,true,true,000506,4411-5118,false,true,RECONCILIATION_REQUIRED,mapped_inactive,false
1406,4411-5119,false,true,true,true,true,000507,4411-5119,false,true,RECONCILIATION_REQUIRED,mapped_inactive,false
1407,4411-5120,false,true,true,true,true,000508,4411-5120,false,true,RECONCILIATION_REQUIRED,mapped_inactive,false
1408,4411-5121,false,true,true,true,true,000509,4411-5121,false,true,RECONCILIATION_REQUIRED,mapped_inactive,false
1409,4411-9205,false,true,true,true,true,000510,4411-9205,false,true,RECONCILIATION_REQUIRED,mapped_inactive,false
1410,4440-1005,false,true,true,true,true,000511,4440-1005,false,true,RECONCILIATION_REQUIRED,mapped_inactive,false
1411,4440-1010,false,true,true,true,true,000512,4440-1010,false,true,RECONCILIATION_REQUIRED,mapped_inactive,false
1412,4510-1005,false,true,true,true,true,000513,4510-1005,false,true,RECONCILIATION_REQUIRED,mapped_inactive,false
1413,4511-5101,false,true,true,true,true,000514,4511-5101,false,true,RECONCILIATION_REQUIRED,mapped_inactive,false
1414,4511-5102,false,true,true,true,true,000515,4511-5102,false,true,RECONCILIATION_REQUIRED,mapped_inactive,false
1415,4511-5103,false,true,true,true,true,000516,4511-5103,false,true,RECONCILIATION_REQUIRED,mapped_inactive,false
1416,4511-5104,false,true,true,true,true,000517,4511-5104,false,true,RECONCILIATION_REQUIRED,mapped_inactive,false
1417,4511-5105,false,true,true,true,true,000518,4511-5105,false,true,RECONCILIATION_REQUIRED,mapped_inactive,false
1418,4511-5106,false,true,true,true,true,000519,4511-5106,false,true,RECONCILIATION_REQUIRED,mapped_inactive,false
1419,4511-5107,false,true,true,true,true,000520,4511-5107,false,true,RECONCILIATION_REQUIRED,mapped_inactive,false
1420,4511-5108,false,true,true,true,true,000521,4511-5108,false,true,RECONCILIATION_REQUIRED,mapped_inactive,false
1421,4511-5109,false,true,true,true,true,000522,4511-5109,false,true,RECONCILIATION_REQUIRED,mapped_inactive,false
1422,4511-5110,false,true,true,true,true,000523,4511-5110,false,true,RECONCILIATION_REQUIRED,mapped_inactive,false
1423,4511-5111,false,true,true,true,true,000524,4511-5111,false,true,RECONCILIATION_REQUIRED,mapped_inactive,false
1424,4511-5112,false,true,true,true,true,000525,4511-5112,false,true,RECONCILIATION_REQUIRED,mapped_inactive,false
1425,4511-5113,false,true,true,true,true,000526,4511-5113,false,true,RECONCILIATION_REQUIRED,mapped_inactive,false
1426,4511-5114,false,true,true,true,true,000527,4511-5114,false,true,RECONCILIATION_REQUIRED,mapped_inactive,false
1427,4511-5115,false,true,true,true,true,003393,4511-5115,false,true,RECONCILIATION_REQUIRED,mapped_inactive,false
1428,4511-5116,false,true,true,true,true,003392,4511-5116,false,true,RECONCILIATION_REQUIRED,mapped_inactive,false
1429,4511-5117,false,true,true,true,true,003391,4511-5117,false,true,RECONCILIATION_REQUIRED,mapped_inactive,false
1430,4511-5118,false,true,true,true,true,003390,4511-5118,false,true,RECONCILIATION_REQUIRED,mapped_inactive,false
1431,4511-5119,false,true,true,true,true,003389,4511-5119,false,true,RECONCILIATION_REQUIRED,mapped_inactive,false
1432,4511-5120,false,true,true,true,true,003388,4511-5120,false,true,RECONCILIATION_REQUIRED,mapped_inactive,false
1433,4511-5121,false,true,true,true,true,003387,4511-5121,false,true,RECONCILIATION_REQUIRED,mapped_inactive,false
1434,4511-9205,false,true,true,true,true,000528,4511-9205,false,true,RECONCILIATION_REQUIRED,mapped_inactive,false
1435,4511-9210,false,true,true,true,true,000529,4511-9210,false,true,RECONCILIATION_REQUIRED,mapped_inactive,false
1436,4511-9215,false,true,true,true,true,000530,4511-9215,false,true,RECONCILIATION_REQUIRED,mapped_inactive,false
1437,4550-1005,false,true,true,true,true,000531,4550-1005,false,true,RECONCILIATION_REQUIRED,mapped_inactive,false
1438,4570-0005,false,true,true,true,true,000532,4570-0005,false,true,RECONCILIATION_REQUIRED,mapped_inactive,false
1439,4610-1005,false,true,true,true,true,000533,4610-1005,false,true,RECONCILIATION_REQUIRED,mapped_inactive,false
1440,4610-1010,false,true,true,true,true,000534,4610-1010,false,true,RECONCILIATION_REQUIRED,mapped_inactive,false
1441,4610-1015,false,true,true,true,true,000535,4610-1015,false,true,RECONCILIATION_REQUIRED,mapped_inactive,false
1442,4610-1020,false,true,true,true,true,000536,4610-1020,false,true,RECONCILIATION_REQUIRED,mapped_inactive,false
1443,4610-1405,false,true,true,true,true,000537,4610-1405,false,true,RECONCILIATION_REQUIRED,mapped_inactive,false
1444,4611-8106,false,true,true,true,true,000538,4611-8106,false,true,RECONCILIATION_REQUIRED,mapped_inactive,false
1445,4611-8110,false,true,true,true,true,000539,4611-8110,false,true,RECONCILIATION_REQUIRED,mapped_inactive,false
1446,4611-8120,false,true,true,true,true,000540,4611-8120,false,true,RECONCILIATION_REQUIRED,mapped_inactive,false
1447,4611-8125,false,true,true,true,true,000541,4611-8125,false,true,RECONCILIATION_REQUIRED,mapped_inactive,false
1448,4620-2020,false,true,true,true,true,003386,4620-2020,false,true,RECONCILIATION_REQUIRED,mapped_inactive,false
1449,4620-5005,false,true,true,true,true,003385,4620-5005,false,true,RECONCILIATION_REQUIRED,mapped_inactive,false
1450,4620-5010,false,true,true,true,true,003384,4620-5010,false,true,RECONCILIATION_REQUIRED,mapped_inactive,false
1451,4620-5015,false,true,true,true,true,003383,4620-5015,false,true,RECONCILIATION_REQUIRED,mapped_inactive,false
1452,4706-0002,false,true,true,true,true,003382,4706-0002,false,true,RECONCILIATION_REQUIRED,mapped_inactive,false
1453,4706-0003,false,true,true,true,true,003381,4706-0003,false,true,RECONCILIATION_REQUIRED,mapped_inactive,false
1454,4706-0011,false,true,true,true,true,000542,4706-0011,false,true,RECONCILIATION_REQUIRED,mapped_inactive,false
1455,4706-0012,false,true,true,true,true,003380,4706-0012,false,true,RECONCILIATION_REQUIRED,mapped_inactive,false
1456,4710-1205,false,true,true,true,true,000543,4710-1205,false,true,RECONCILIATION_REQUIRED,mapped_inactive,false
1457,4710-2205,false,true,true,true,true,000544,4710-2205,false,true,RECONCILIATION_REQUIRED,mapped_inactive,false
1458,4800-0005,false,true,true,true,true,003379,4800-0005,false,true,RECONCILIATION_REQUIRED,mapped_inactive,false
1459,4800-0010,false,true,true,true,true,003378,4800-0010,false,true,RECONCILIATION_REQUIRED,mapped_inactive,false
1460,4800-0015,false,true,true,true,true,003377,4800-0015,false,true,RECONCILIATION_REQUIRED,mapped_inactive,false
1461,4800-0020,false,true,true,true,true,003376,4800-0020,false,true,RECONCILIATION_REQUIRED,mapped_inactive,false
1462,4800-0025,false,true,true,true,true,003375,4800-0025,false,true,RECONCILIATION_REQUIRED,mapped_inactive,false
1463,4800-0030,false,true,true,true,true,003374,4800-0030,false,true,RECONCILIATION_REQUIRED,mapped_inactive,false
1464,4800-0035,false,true,true,true,true,003373,4800-0035,false,true,RECONCILIATION_REQUIRED,mapped_inactive,false
1465,4801-0003,false,true,true,true,true,000545,4801-0003,false,true,RECONCILIATION_REQUIRED,mapped_inactive,false
1466,4801-0004,false,true,true,true,true,003372,4801-0004,false,true,RECONCILIATION_REQUIRED,mapped_inactive,false
1467,4801-0005,false,true,true,true,true,003371,4801-0005,false,true,RECONCILIATION_REQUIRED,mapped_inactive,false
1468,4801-0006,false,true,true,true,true,003370,4801-0006,false,true,RECONCILIATION_REQUIRED,mapped_inactive,false
1469,4811-8115,false,true,true,true,true,000546,4811-8115,false,true,RECONCILIATION_REQUIRED,mapped_inactive,false
1470,4811-8120,false,true,true,true,true,000547,4811-8120,false,true,RECONCILIATION_REQUIRED,mapped_inactive,false
1471,4905-0005,false,true,true,true,true,003369,4905-0005,false,true,RECONCILIATION_REQUIRED,mapped_inactive,false
1472,4905-0006,false,true,true,true,true,003368,4905-0006,false,true,RECONCILIATION_REQUIRED,mapped_inactive,false
1473,4905-0007,false,true,true,true,true,000548,4905-0007,false,true,RECONCILIATION_REQUIRED,mapped_inactive,false
1474,4905-0008,false,true,true,true,true,003367,4905-0008,false,true,RECONCILIATION_REQUIRED,mapped_inactive,false
1475,4905-0009,false,true,true,true,true,003366,4905-0009,false,true,RECONCILIATION_REQUIRED,mapped_inactive,false
1476,4905-0010,false,true,true,true,true,003365,4905-0010,false,true,RECONCILIATION_REQUIRED,mapped_inactive,false
1477,4905-0011,false,true,true,true,true,000549,4905-0011,false,true,RECONCILIATION_REQUIRED,mapped_inactive,false
1478,4910-2110,false,true,true,true,true,000550,4910-2110,false,true,RECONCILIATION_REQUIRED,mapped_inactive,false
1479,4910-2115,false,true,true,true,true,000551,4910-2115,false,true,RECONCILIATION_REQUIRED,mapped_inactive,false
1480,4910-2130,false,true,true,true,true,000552,4910-2130,false,true,RECONCILIATION_REQUIRED,mapped_inactive,false
1481,4910-2135,false,true,true,true,true,000553,4910-2135,false,true,RECONCILIATION_REQUIRED,mapped_inactive,false
1482,4910-4105,true,false,true,true,true,000554,4910-4105,true,true,MAPPED_ACTIVE,,false
1483,4910-4110,false,true,true,true,true,000555,4910-4110,false,true,RECONCILIATION_REQUIRED,mapped_inactive,false
1484,4910-4115,false,true,true,true,true,000556,4910-4115,false,true,RECONCILIATION_REQUIRED,mapped_inactive,false
1485,4910-4120,false,true,true,true,true,000557,4910-4120,false,true,RECONCILIATION_REQUIRED,mapped_inactive,false
1486,4911-8105,true,true,true,true,true,000558,4911-8105,true,true,MAPPED_ACTIVE,,false
1487,4911-8115,true,true,true,true,true,000559,4911-8115,true,true,MAPPED_ACTIVE,,false
1488,4911-8130,false,true,true,true,true,000560,4911-8130,false,true,RECONCILIATION_REQUIRED,mapped_inactive,false
1489,4911-8135,false,true,true,true,true,000561,4911-8135,false,true,RECONCILIATION_REQUIRED,mapped_inactive,false
1490,4911-8140,false,true,true,true,true,000562,4911-8140,false,true,RECONCILIATION_REQUIRED,mapped_inactive,false
1491,5111-1005,false,true,true,true,true,000563,5111-1005,false,true,RECONCILIATION_REQUIRED,mapped_inactive,false
1492,5111-1110,false,true,true,true,true,003364,5111-1110,false,true,RECONCILIATION_REQUIRED,mapped_inactive,false
1493,5111-1205,false,true,true,true,true,000564,5111-1205,false,true,RECONCILIATION_REQUIRED,mapped_inactive,false
1494,5121-1107,false,true,true,true,true,000565,5121-1107,false,true,RECONCILIATION_REQUIRED,mapped_inactive,false
1495,5121-1201,false,true,true,true,true,000566,5121-1201,false,true,RECONCILIATION_REQUIRED,mapped_inactive,false
1496,5121-1202,false,true,true,true,true,000567,5121-1202,false,true,RECONCILIATION_REQUIRED,mapped_inactive,false
1497,5121-1204,false,true,true,true,true,000568,5121-1204,false,true,RECONCILIATION_REQUIRED,mapped_inactive,false
1498,5121-1215,false,true,true,true,true,000569,5121-1215,false,true,RECONCILIATION_REQUIRED,mapped_inactive,false
1499,5121-1220,false,true,true,true,true,000570,5121-1220,false,true,RECONCILIATION_REQUIRED,mapped_inactive,false
1500,5121-2101,false,true,true,true,true,000571,5121-2101,false,true,RECONCILIATION_REQUIRED,mapped_inactive,false
1501,5121-2201,false,true,true,true,true,000572,5121-2201,false,true,RECONCILIATION_REQUIRED,mapped_inactive,false
1502,5121-3005,false,true,true,true,true,003363,5121-3005,false,true,RECONCILIATION_REQUIRED,mapped_inactive,false
1503,5121-4200,false,true,true,true,true,003362,5121-4200,false,true,RECONCILIATION_REQUIRED,mapped_inactive,false
1504,5130-1110,false,true,true,true,true,003361,5130-1110,false,true,RECONCILIATION_REQUIRED,mapped_inactive,false
1505,5140-1110,false,true,true,true,true,003360,5140-1110,false,true,RECONCILIATION_REQUIRED,mapped_inactive,false
1506,5140-1120,false,true,true,true,true,003359,5140-1120,false,true,RECONCILIATION_REQUIRED,mapped_inactive,false
1507,5141-2105,false,true,true,true,true,000573,5141-2105,false,true,RECONCILIATION_REQUIRED,mapped_inactive,false
1508,5221-0000,false,true,true,true,true,003358,5221-0000,false,true,RECONCILIATION_REQUIRED,mapped_inactive,false
1509,5221-0005,true,true,true,true,true,000574,5221-0005,true,true,MAPPED_ACTIVE,,false
1510,5221-1000,false,true,true,true,true,000575,5221-1000,false,true,RECONCILIATION_REQUIRED,mapped_inactive,false
1511,5221-1001,false,true,true,true,true,000576,5221-1001,false,true,RECONCILIATION_REQUIRED,mapped_inactive,false
1512,5221-1106,false,true,true,true,true,003357,5221-1106,false,true,RECONCILIATION_REQUIRED,mapped_inactive,false
1513,5221-1129,true,false,true,false,false,,,,true,UNMAPPED,,false
1514,5221-1140,false,true,true,true,true,003356,5221-1140,false,true,RECONCILIATION_REQUIRED,mapped_inactive,false
1515,5221-1145,false,true,true,true,true,003355,5221-1145,false,true,RECONCILIATION_REQUIRED,mapped_inactive,false
1516,5221-1210,false,true,true,true,true,000577,5221-1210,false,true,RECONCILIATION_REQUIRED,mapped_inactive,false
1517,5221-1220,false,true,true,true,true,003354,5221-1220,false,true,RECONCILIATION_REQUIRED,mapped_inactive,false
1518,5223-3105,true,false,true,false,false,,,,true,UNMAPPED,,false
1519,5260-1105,true,true,true,true,true,000578,5260-1105,true,true,MAPPED_ACTIVE,,false
1520,5260-1110,false,true,true,true,true,000579,5260-1110,false,true,RECONCILIATION_REQUIRED,mapped_inactive,false
1521,5260-1115,false,true,true,true,true,000580,5260-1115,false,true,RECONCILIATION_REQUIRED,mapped_inactive,false
1522,5260-3705,true,true,true,true,true,000581,5260-3705,true,true,MAPPED_ACTIVE,,false
1523,5260-3710,false,true,true,true,true,000582,5260-3710,false,true,RECONCILIATION_REQUIRED,mapped_inactive,false
1524,5260-3715,false,true,true,true,true,000583,5260-3715,false,true,RECONCILIATION_REQUIRED,mapped_inactive,false
1525,5260-3720,false,true,true,true,true,000584,5260-3720,false,true,RECONCILIATION_REQUIRED,mapped_inactive,false
1526,5260-4205,false,true,true,true,true,000585,5260-4205,false,true,RECONCILIATION_REQUIRED,mapped_inactive,false
1527,5260-4210,false,true,true,true,true,003353,5260-4210,false,true,RECONCILIATION_REQUIRED,mapped_inactive,false
1528,5260-4215,false,true,true,true,true,003352,5260-4215,false,true,RECONCILIATION_REQUIRED,mapped_inactive,false
1529,5261-1205,false,true,true,true,true,003351,5261-1205,false,true,RECONCILIATION_REQUIRED,mapped_inactive,false
1530,5333-6101,false,true,true,true,true,003350,5333-6101,false,true,RECONCILIATION_REQUIRED,mapped_inactive,false
1531,5333-6303,false,true,true,true,true,003349,5333-6303,false,true,RECONCILIATION_REQUIRED,mapped_inactive,false
1532,5333-7001,false,true,true,true,true,003348,5333-7001,false,true,RECONCILIATION_REQUIRED,mapped_inactive,false
1533,5333-7201,false,true,true,true,true,003347,5333-7201,false,true,RECONCILIATION_REQUIRED,mapped_inactive,false
1534,5333-7203,false,true,true,true,true,003346,5333-7203,false,true,RECONCILIATION_REQUIRED,mapped_inactive,false
1535,5333-7204,false,true,true,true,true,003345,5333-7204,false,true,RECONCILIATION_REQUIRED,mapped_inactive,false
1536,5333-7205,false,true,true,true,true,003344,5333-7205,false,true,RECONCILIATION_REQUIRED,mapped_inactive,false
1537,5333-7602,false,true,true,true,true,003343,5333-7602,false,true,RECONCILIATION_REQUIRED,mapped_inactive,false
1538,5333-7603,false,true,true,true,true,003342,5333-7603,false,true,RECONCILIATION_REQUIRED,mapped_inactive,false
1539,5333-7604,false,true,true,true,true,003341,5333-7604,false,true,RECONCILIATION_REQUIRED,mapped_inactive,false
1540,5333-7707,false,true,true,true,true,003340,5333-7707,false,true,RECONCILIATION_REQUIRED,mapped_inactive,false
1541,5333-7708,false,true,true,true,true,003339,5333-7708,false,true,RECONCILIATION_REQUIRED,mapped_inactive,false
1542,5333-7712,false,true,true,true,true,003338,5333-7712,false,true,RECONCILIATION_REQUIRED,mapped_inactive,false
1543,5333-7713,false,true,true,true,true,003337,5333-7713,false,true,RECONCILIATION_REQUIRED,mapped_inactive,false
1544,5333-7801,false,true,true,true,true,003336,5333-7801,false,true,RECONCILIATION_REQUIRED,mapped_inactive,false
1545,5333-7901,false,true,true,true,true,003335,5333-7901,false,true,RECONCILIATION_REQUIRED,mapped_inactive,false
1546,5333-8001,false,true,true,true,true,003334,5333-8001,false,true,RECONCILIATION_REQUIRED,mapped_inactive,false
1547,5333-8002,false,true,true,true,true,003333,5333-8002,false,true,RECONCILIATION_REQUIRED,mapped_inactive,false
1548,5333-8003,false,true,true,true,true,003332,5333-8003,false,true,RECONCILIATION_REQUIRED,mapped_inactive,false
1549,5333-8004,false,true,true,true,true,003331,5333-8004,false,true,RECONCILIATION_REQUIRED,mapped_inactive,false
1550,5333-8005,false,true,true,true,true,003330,5333-8005,false,true,RECONCILIATION_REQUIRED,mapped_inactive,false
1551,5333-8006,false,true,true,true,true,003329,5333-8006,false,true,RECONCILIATION_REQUIRED,mapped_inactive,false
1552,5333-8007,false,true,true,true,true,003328,5333-8007,false,true,RECONCILIATION_REQUIRED,mapped_inactive,false
1553,5333-8008,false,true,true,true,true,003327,5333-8008,false,true,RECONCILIATION_REQUIRED,mapped_inactive,false
1554,5333-8009,false,true,true,true,true,003326,5333-8009,false,true,RECONCILIATION_REQUIRED,mapped_inactive,false
1555,5340-8110,false,true,true,true,true,003325,5340-8110,false,true,RECONCILIATION_REQUIRED,mapped_inactive,false
1556,5340-8115,false,true,true,true,true,003324,5340-8115,false,true,RECONCILIATION_REQUIRED,mapped_inactive,false
1557,5351-2110,false,true,true,true,true,003323,5351-2110,false,true,RECONCILIATION_REQUIRED,mapped_inactive,false
1558,5361-0005,false,true,true,true,true,003322,5361-0005,false,true,RECONCILIATION_REQUIRED,mapped_inactive,false
1559,5410-8205,false,true,true,true,true,003321,5410-8205,false,true,RECONCILIATION_REQUIRED,mapped_inactive,false
1560,5510-0005,true,false,true,false,false,,,,true,UNMAPPED,,false
1561,5511-1100,true,false,true,false,false,,,,true,UNMAPPED,,false
1562,5511-1105,true,false,true,false,false,,,,true,UNMAPPED,,false
1563,5511-1110,true,false,true,false,false,,,,true,UNMAPPED,,false
1564,5511-1115,true,false,true,false,false,,,,true,UNMAPPED,,false
1565,5511-1120,false,true,true,true,true,000586,5511-1120,false,true,RECONCILIATION_REQUIRED,mapped_inactive,false
1566,5511-1121,true,false,true,false,false,,,,true,UNMAPPED,,false
1567,5511-1130,true,false,true,false,false,,,,true,UNMAPPED,,false
1568,5511-1135,true,false,true,false,false,,,,true,UNMAPPED,,false
1569,5511-1140,true,false,true,false,false,,,,true,UNMAPPED,,false
1570,5511-2105,true,false,true,false,false,,,,true,UNMAPPED,,false
1571,5511-2110,true,false,true,false,false,,,,true,UNMAPPED,,false
1572,5511-2115,true,false,true,false,false,,,,true,UNMAPPED,,false
1573,5511-2120,true,false,true,false,false,,,,true,UNMAPPED,,false
1574,5511-2130,true,false,true,false,false,,,,true,UNMAPPED,,false
1575,5581-0005,false,true,true,true,true,003320,5581-0005,false,true,RECONCILIATION_REQUIRED,mapped_inactive,false
1576,5610-8105,false,true,true,true,true,003319,5610-8105,false,true,RECONCILIATION_REQUIRED,mapped_inactive,false
1577,5610-8110,false,true,true,true,true,003318,5610-8110,false,true,RECONCILIATION_REQUIRED,mapped_inactive,false
1578,5610-8115,false,true,true,true,true,000587,5610-8115,false,true,RECONCILIATION_REQUIRED,mapped_inactive,false
1579,5610-8120,false,true,true,true,true,003317,5610-8120,false,true,RECONCILIATION_REQUIRED,mapped_inactive,false
1580,5610-8125,false,true,true,true,true,003316,5610-8125,false,true,RECONCILIATION_REQUIRED,mapped_inactive,false
1581,5610-8130,false,true,true,true,true,000588,5610-8130,false,true,RECONCILIATION_REQUIRED,mapped_inactive,false
1582,5610-8135,false,true,true,true,true,000589,5610-8135,false,true,RECONCILIATION_REQUIRED,mapped_inactive,false
1583,5711-0005,false,true,true,true,true,003315,5711-0005,false,true,RECONCILIATION_REQUIRED,mapped_inactive,false
1584,5712-1100,false,true,true,true,true,000590,5712-1100,false,true,RECONCILIATION_REQUIRED,mapped_inactive,false
1585,5751-0010,false,true,true,true,true,000591,5751-0010,false,true,RECONCILIATION_REQUIRED,mapped_inactive,false
1586,5760-1005,false,true,true,true,true,003314,5760-1005,false,true,RECONCILIATION_REQUIRED,mapped_inactive,false
1587,5800-1015,false,true,true,true,true,000592,5800-1015,false,true,RECONCILIATION_REQUIRED,mapped_inactive,false
1588,5810-2005,false,true,true,true,true,000593,5810-2005,false,true,RECONCILIATION_REQUIRED,mapped_inactive,false
1589,5810-2010,false,true,true,true,true,000594,5810-2010,false,true,RECONCILIATION_REQUIRED,mapped_inactive,false
1590,5810-2015,false,true,true,true,true,000595,5810-2015,false,true,RECONCILIATION_REQUIRED,mapped_inactive,false
1591,5810-2020,false,true,true,true,true,000596,5810-2020,false,true,RECONCILIATION_REQUIRED,mapped_inactive,false
1592,5810-3105,false,true,true,true,true,003313,5810-3105,false,true,RECONCILIATION_REQUIRED,mapped_inactive,false
1593,5810-3110,false,true,true,true,true,000597,5810-3110,false,true,RECONCILIATION_REQUIRED,mapped_inactive,false
1594,5810-3115,false,true,true,true,true,000598,5810-3115,false,true,RECONCILIATION_REQUIRED,mapped_inactive,false
1595,5810-3120,false,true,true,true,true,000599,5810-3120,false,true,RECONCILIATION_REQUIRED,mapped_inactive,false
1596,5810-3125,false,true,true,true,true,003312,5810-3125,false,true,RECONCILIATION_REQUIRED,mapped_inactive,false
1597,5811-0005,false,true,true,true,true,000600,5811-0005,false,true,RECONCILIATION_REQUIRED,mapped_inactive,false
1598,5811-0010,false,true,true,true,true,000601,5811-0010,false,true,RECONCILIATION_REQUIRED,mapped_inactive,false
1599,5811-0015,false,true,true,true,true,000602,5811-0015,false,true,RECONCILIATION_REQUIRED,mapped_inactive,false
1600,5811-0020,false,true,true,true,true,000603,5811-0020,false,true,RECONCILIATION_REQUIRED,mapped_inactive,false
1601,5820-0005,false,true,true,true,true,000604,5820-0005,false,true,RECONCILIATION_REQUIRED,mapped_inactive,false
1602,5820-0010,false,true,true,true,true,000605,5820-0010,false,true,RECONCILIATION_REQUIRED,mapped_inactive,false
1603,5820-0015,false,true,true,true,true,000606,5820-0015,false,true,RECONCILIATION_REQUIRED,mapped_inactive,false
1604,5820-0020,false,true,true,true,true,000607,5820-0020,false,true,RECONCILIATION_REQUIRED,mapped_inactive,false
1605,5831-0005,false,true,true,true,true,000608,5831-0005,false,true,RECONCILIATION_REQUIRED,mapped_inactive,false
1606,5840-6200,false,true,true,true,true,000609,5840-6200,false,true,RECONCILIATION_REQUIRED,mapped_inactive,false
1607,5840-6205,false,true,true,true,true,000610,5840-6205,false,true,RECONCILIATION_REQUIRED,mapped_inactive,false
1608,5840-6240,false,true,true,true,true,003311,5840-6240,false,true,RECONCILIATION_REQUIRED,mapped_inactive,false
1609,5841-1105,false,true,true,true,true,003310,5841-1105,false,true,RECONCILIATION_REQUIRED,mapped_inactive,false
1610,5841-1110,false,true,true,true,true,003309,5841-1110,false,true,RECONCILIATION_REQUIRED,mapped_inactive,false
1611,5841-8106,false,true,true,true,true,000611,5841-8106,false,true,RECONCILIATION_REQUIRED,mapped_inactive,false
1612,5841-9105,false,true,true,true,true,003308,5841-9105,false,true,RECONCILIATION_REQUIRED,mapped_inactive,false
1613,5911-0001,false,true,true,true,true,003307,5911-0001,false,true,RECONCILIATION_REQUIRED,mapped_inactive,false
1614,5911-0002,true,false,true,false,false,,,,true,UNMAPPED,,false
1615,5921-0005,false,true,true,true,true,003306,5921-0005,false,true,RECONCILIATION_REQUIRED,mapped_inactive,false
1616,6110-1112,false,true,true,true,true,000612,6110-1112,false,true,RECONCILIATION_REQUIRED,mapped_inactive,false
1617,6110-1232,false,true,true,true,true,000613,6110-1232,false,true,RECONCILIATION_REQUIRED,mapped_inactive,false
1618,6110-1247,false,true,true,true,true,003305,6110-1247,false,true,RECONCILIATION_REQUIRED,mapped_inactive,false
1619,6110-1287,false,true,true,true,true,000614,6110-1287,false,true,RECONCILIATION_REQUIRED,mapped_inactive,false
1620,6111-1112,false,true,true,true,true,000615,6111-1112,false,true,RECONCILIATION_REQUIRED,mapped_inactive,false
1621,6111-1232,false,true,true,true,true,000616,6111-1232,false,true,RECONCILIATION_REQUIRED,mapped_inactive,false
1622,6111-1247,true,true,true,true,true,000617,6111-1247,true,true,MAPPED_ACTIVE,,false
1623,6111-1287,false,true,true,true,true,003304,6111-1287,false,true,RECONCILIATION_REQUIRED,mapped_inactive,false
1624,6112-1112,false,true,true,true,true,000618,6112-1112,false,true,RECONCILIATION_REQUIRED,mapped_inactive,false
1625,6112-1232,false,true,true,true,true,003303,6112-1232,false,true,RECONCILIATION_REQUIRED,mapped_inactive,false
1626,6112-1247,false,true,true,true,true,003302,6112-1247,false,true,RECONCILIATION_REQUIRED,mapped_inactive,false
1627,6112-1287,false,true,true,true,true,,,,true,AMBIGUOUS,duplicate_remote_product_code,false
1628,6211-4205,false,true,true,true,true,000620,6211-4205,false,true,RECONCILIATION_REQUIRED,mapped_inactive,false
1629,6211-4210,false,true,true,true,true,003301,6211-4210,false,true,RECONCILIATION_REQUIRED,mapped_inactive,false
1630,6211-4300,false,true,true,true,true,003300,6211-4300,false,true,RECONCILIATION_REQUIRED,mapped_inactive,false
1631,6211-4301,false,true,true,true,true,003299,6211-4301,false,true,RECONCILIATION_REQUIRED,mapped_inactive,false
1632,6211-4302,false,true,true,true,true,003298,6211-4302,false,true,RECONCILIATION_REQUIRED,mapped_inactive,false
1633,6211-4303,false,true,true,true,true,003297,6211-4303,false,true,RECONCILIATION_REQUIRED,mapped_inactive,false
1634,6211-4304,false,true,true,true,true,003296,6211-4304,false,true,RECONCILIATION_REQUIRED,mapped_inactive,false
1635,6211-4305,false,true,true,true,true,003295,6211-4305,false,true,RECONCILIATION_REQUIRED,mapped_inactive,false
1636,6211-4306,false,true,true,true,true,003294,6211-4306,false,true,RECONCILIATION_REQUIRED,mapped_inactive,false
1637,6211-4307,false,true,true,true,true,003293,6211-4307,false,true,RECONCILIATION_REQUIRED,mapped_inactive,false
1638,6211-4308,false,true,true,true,true,003292,6211-4308,false,true,RECONCILIATION_REQUIRED,mapped_inactive,false
1639,6211-4309,false,true,true,true,true,003291,6211-4309,false,true,RECONCILIATION_REQUIRED,mapped_inactive,false
1640,6211-4310,false,true,true,true,true,003290,6211-4310,false,true,RECONCILIATION_REQUIRED,mapped_inactive,false
1641,6211-4311,false,true,true,true,true,003289,6211-4311,false,true,RECONCILIATION_REQUIRED,mapped_inactive,false
1642,6211-4312,false,true,true,true,true,003288,6211-4312,false,true,RECONCILIATION_REQUIRED,mapped_inactive,false
1643,6211-4313,false,true,true,true,true,003287,6211-4313,false,true,RECONCILIATION_REQUIRED,mapped_inactive,false
1644,6211-4314,false,true,true,true,true,003286,6211-4314,false,true,RECONCILIATION_REQUIRED,mapped_inactive,false
1645,6211-4315,false,true,true,true,true,003285,6211-4315,false,true,RECONCILIATION_REQUIRED,mapped_inactive,false
1646,6211-4316,false,true,true,true,true,003284,6211-4316,false,true,RECONCILIATION_REQUIRED,mapped_inactive,false
1647,6211-4317,false,true,true,false,false,,,,true,UNMAPPED,,false
1648,6211-4318,false,true,true,false,false,,,,true,UNMAPPED,,false
1649,6211-4319,false,true,true,true,true,003283,6211-4319,false,true,RECONCILIATION_REQUIRED,mapped_inactive,false
1650,6310-0001,false,true,true,true,true,003282,6310-0001,false,true,RECONCILIATION_REQUIRED,mapped_inactive,false
1651,6310-0002,false,true,true,true,true,003281,6310-0002,false,true,RECONCILIATION_REQUIRED,mapped_inactive,false
1652,6310-0003,false,true,true,true,true,003280,6310-0003,false,true,RECONCILIATION_REQUIRED,mapped_inactive,false
1653,6310-0004,false,true,true,false,false,,,,true,UNMAPPED,,false
1654,6310-0005,false,true,true,true,true,003279,6310-0005,false,true,RECONCILIATION_REQUIRED,mapped_inactive,false
1655,6310-0006,false,true,true,false,false,,,,true,UNMAPPED,,false
1656,6310-0007,false,true,true,false,false,,,,true,UNMAPPED,,false
1657,6310-0008,false,true,true,false,false,,,,true,UNMAPPED,,false
1658,6310-0009,false,true,true,false,false,,,,true,UNMAPPED,,false
1659,6310-0010,false,true,true,false,false,,,,true,UNMAPPED,,false
1660,6310-0011,false,true,true,false,false,,,,true,UNMAPPED,,false
1661,6310-0012,false,true,true,true,true,003278,6310-0012,false,true,RECONCILIATION_REQUIRED,mapped_inactive,false
1662,6310-0013,false,true,true,false,false,,,,true,UNMAPPED,,false
1663,6310-0014,false,true,true,true,true,003277,6310-0014,false,true,RECONCILIATION_REQUIRED,mapped_inactive,false
1664,6310-0015,false,true,true,true,true,003276,6310-0015,false,true,RECONCILIATION_REQUIRED,mapped_inactive,false
1665,6310-0016,false,true,true,false,false,,,,true,UNMAPPED,,false
1666,6310-0017,false,true,true,true,true,003275,6310-0017,false,true,RECONCILIATION_REQUIRED,mapped_inactive,false
1667,6310-0018,false,true,true,false,false,,,,true,UNMAPPED,,false
1668,6310-0019,false,true,true,false,false,,,,true,UNMAPPED,,false
1669,6310-0020,false,true,true,false,false,,,,true,UNMAPPED,,false
1670,6310-0021,false,true,true,false,false,,,,true,UNMAPPED,,false
1671,6310-0022,false,true,true,false,false,,,,true,UNMAPPED,,false
1672,6310-0023,false,true,true,false,false,,,,true,UNMAPPED,,false
1673,6310-0024,false,true,true,false,false,,,,true,UNMAPPED,,false
1674,6310-0025,false,true,true,false,false,,,,true,UNMAPPED,,false
1675,6350-0005,false,true,true,true,true,003274,6350-0005,false,true,RECONCILIATION_REQUIRED,mapped_inactive,false
1676,6703-1005,false,true,true,false,false,,,,true,UNMAPPED,,false
1677,6710-0005,false,true,true,false,false,,,,true,UNMAPPED,,false
1678,7000-0010,false,true,true,false,false,,,,true,UNMAPPED,,false
1679,7111-1105,false,true,true,true,true,003273,7111-1105,false,true,RECONCILIATION_REQUIRED,mapped_inactive,false
1680,7121-0025,true,true,true,false,false,,,,true,UNMAPPED,,false
1681,7121-0030,false,true,true,false,false,,,,true,UNMAPPED,,false
1682,7121-0035,false,true,true,false,false,,,,true,UNMAPPED,,false
1683,7121-0045,false,true,true,false,false,,,,true,UNMAPPED,,false
1684,7122-0005,false,true,true,false,false,,,,true,UNMAPPED,,false
1685,7122-0010,false,true,true,false,false,,,,true,UNMAPPED,,false
1686,7122-0015,false,true,true,false,false,,,,true,UNMAPPED,,false
1687,7123-0005,false,true,true,false,false,,,,true,UNMAPPED,,false
1688,7212-1015,false,true,true,false,false,,,,true,UNMAPPED,,false
1689,7212-4020,false,true,true,false,false,,,,true,UNMAPPED,,false
1690,7312-0010,false,true,true,false,false,,,,true,UNMAPPED,,false
1691,7312-0015,false,true,true,false,false,,,,true,UNMAPPED,,false
1692,7412-0005,false,true,true,false,false,,,,true,UNMAPPED,,false
1693,7611-0020,false,true,true,true,true,003272,7611-0020,false,true,RECONCILIATION_REQUIRED,mapped_inactive,false
1694,7851-0005,false,true,true,true,true,003271,7851-0005,false,true,RECONCILIATION_REQUIRED,mapped_inactive,false
1695,7851-0008,false,true,true,true,true,003270,7851-0008,false,true,RECONCILIATION_REQUIRED,mapped_inactive,false
1696,7851-0011,false,true,true,true,true,003269,7851-0011,false,true,RECONCILIATION_REQUIRED,mapped_inactive,false
1697,7851-0013,false,true,true,true,true,003268,7851-0013,false,true,RECONCILIATION_REQUIRED,mapped_inactive,false
1698,7912-0004,false,true,true,true,true,003267,7912-0004,false,true,RECONCILIATION_REQUIRED,mapped_inactive,false
1699,8101-0005,false,true,true,true,true,000621,8101-0005,false,true,RECONCILIATION_REQUIRED,mapped_inactive,false
1700,8101-0010,false,true,true,true,true,000622,8101-0010,false,true,RECONCILIATION_REQUIRED,mapped_inactive,false
1701,8203-0010,true,true,true,false,false,,,,true,UNMAPPED,,false
1702,8300-0015,false,true,true,true,true,003266,8300-0015,false,true,RECONCILIATION_REQUIRED,mapped_inactive,false
1703,8300-0020,false,true,true,true,true,003265,8300-0020,false,true,RECONCILIATION_REQUIRED,mapped_inactive,false
1704,8300-0025,false,true,true,true,true,003264,8300-0025,false,true,RECONCILIATION_REQUIRED,mapped_inactive,false
1705,8300-0095,false,true,true,true,true,003263,8300-0095,false,true,RECONCILIATION_REQUIRED,mapped_inactive,false
1706,8300-1000,false,true,true,true,true,003262,8300-1000,false,true,RECONCILIATION_REQUIRED,mapped_inactive,false
1707,8301-0003,false,true,true,true,true,003261,8301-0003,false,true,RECONCILIATION_REQUIRED,mapped_inactive,false
1708,8301-0005,false,true,true,true,true,003260,8301-0005,false,true,RECONCILIATION_REQUIRED,mapped_inactive,false
1709,8301-0006,false,true,true,true,true,003259,8301-0006,false,true,RECONCILIATION_REQUIRED,mapped_inactive,false
1710,8301-0009,false,true,true,true,true,003258,8301-0009,false,true,RECONCILIATION_REQUIRED,mapped_inactive,false
1711,8301-0010,false,true,true,true,true,003257,8301-0010,false,true,RECONCILIATION_REQUIRED,mapped_inactive,false
1712,8301-0013,false,true,true,true,true,003256,8301-0013,false,true,RECONCILIATION_REQUIRED,mapped_inactive,false
1713,8301-0015,false,true,true,true,true,003255,8301-0015,false,true,RECONCILIATION_REQUIRED,mapped_inactive,false
1714,8301-1005,false,true,true,true,true,003254,8301-1005,false,true,RECONCILIATION_REQUIRED,mapped_inactive,false
1715,8301-1009,false,true,true,true,true,003253,8301-1009,false,true,RECONCILIATION_REQUIRED,mapped_inactive,false
1716,8301-1010,false,true,true,true,true,003252,8301-1010,false,true,RECONCILIATION_REQUIRED,mapped_inactive,false
1717,8301-1013,false,true,true,true,true,003251,8301-1013,false,true,RECONCILIATION_REQUIRED,mapped_inactive,false
1718,8301-1020,false,true,true,true,true,003250,8301-1020,false,true,RECONCILIATION_REQUIRED,mapped_inactive,false
1719,8301-2645,false,true,true,true,true,003249,8301-2645,false,true,RECONCILIATION_REQUIRED,mapped_inactive,false
1720,8301-2655,false,true,true,true,true,003248,8301-2655,false,true,RECONCILIATION_REQUIRED,mapped_inactive,false
1721,8400-0000,false,true,true,false,false,,,,true,UNMAPPED,,false
1722,8400-0005,false,true,true,true,true,003247,8400-0005,false,true,RECONCILIATION_REQUIRED,mapped_inactive,false
1723,8500-1063,false,true,true,false,false,,,,true,UNMAPPED,,false
1724,8500-1075,false,true,true,false,false,,,,true,UNMAPPED,,false
1725,8500-3020,false,true,true,false,false,,,,true,UNMAPPED,,false
1726,8500-3030,false,true,true,false,false,,,,true,UNMAPPED,,false
1727,8500-4025,false,true,true,false,false,,,,true,UNMAPPED,,false
1728,8500-4040,false,true,true,false,false,,,,true,UNMAPPED,,false
1729,8500-4545,false,true,true,false,false,,,,true,UNMAPPED,,false
1730,8500-5032,false,true,true,false,false,,,,true,UNMAPPED,,false
1731,8500-6340,false,true,true,false,false,,,,true,UNMAPPED,,false
1732,8500-6363,false,true,true,false,false,,,,true,UNMAPPED,,false
1733,8500-8050,false,true,true,true,true,003246,8500-8050,false,true,RECONCILIATION_REQUIRED,mapped_inactive,false
1734,8511-0005,false,true,true,false,false,,,,true,UNMAPPED,,false
1735,8511-0010,false,true,true,false,false,,,,true,UNMAPPED,,false
1736,8511-0020,false,true,true,false,false,,,,true,UNMAPPED,,false
1737,8511-0030,false,true,true,false,false,,,,true,UNMAPPED,,false
1738,8511-2005,false,true,true,false,false,,,,true,UNMAPPED,,false
1739,8511-2010,false,true,true,false,false,,,,true,UNMAPPED,,false
1740,8521-0005,false,true,true,false,false,,,,true,UNMAPPED,,false
1741,8521-0010,false,true,true,false,false,,,,true,UNMAPPED,,false
1742,8521-0015,false,true,true,false,false,,,,true,UNMAPPED,,false
1743,8521-0020,false,true,true,false,false,,,,true,UNMAPPED,,false
1744,8530-1005,false,true,true,true,true,000623,8530-1005,false,true,RECONCILIATION_REQUIRED,mapped_inactive,false
1745,8531-0005,false,true,true,true,true,000624,8531-0005,true,true,MAPPED_ACTIVE,,false
1746,8561-2005,false,true,true,true,true,003245,8561-2005,false,true,RECONCILIATION_REQUIRED,mapped_inactive,false
1747,8561-2010,false,true,true,false,false,,,,true,UNMAPPED,,false
1748,8561-2015,false,true,true,false,false,,,,true,UNMAPPED,,false
1749,8561-2020,false,true,true,false,false,,,,true,UNMAPPED,,false
1750,8561-2025,false,true,true,true,true,000625,8561-2025,true,true,MAPPED_ACTIVE,,false
1751,8561-2030,false,true,true,false,false,,,,true,UNMAPPED,,false
1752,8561-2035,false,true,true,false,false,,,,true,UNMAPPED,,false
1753,8802-5105,false,true,true,false,false,,,,true,UNMAPPED,,false
1754,8802-5110,false,true,true,true,true,000626,8802-5110,false,true,RECONCILIATION_REQUIRED,mapped_inactive,false
1755,8802-5115,false,true,true,true,true,000627,8802-5115,true,true,MAPPED_ACTIVE,,false
1756,8802-5120,false,true,true,true,true,000628,8802-5120,true,true,MAPPED_ACTIVE,,false
1757,8802-5125,false,true,true,true,true,000629,8802-5125,true,true,MAPPED_ACTIVE,,false
1758,9110-0005,false,true,true,true,true,003244,9110-0005,false,true,RECONCILIATION_REQUIRED,mapped_inactive,false
1759,9110-0010,false,true,true,false,false,,,,true,UNMAPPED,,false
1760,9110-0015,false,true,true,false,false,,,,true,UNMAPPED,,false
1761,9110-0020,false,true,true,true,true,000134,9110-0020,false,true,RECONCILIATION_REQUIRED,mapped_inactive,false
1762,9110-0025,false,true,true,true,true,000133,9110-0025,false,true,RECONCILIATION_REQUIRED,mapped_inactive,false
1763,9110-0030,false,true,true,true,true,000132,9110-0030,false,true,RECONCILIATION_REQUIRED,mapped_inactive,false
1764,9110-0035,false,true,true,true,true,000131,9110-0035,true,true,MAPPED_ACTIVE,,false
1765,9111-1110,false,true,true,true,true,000130,9111-1110,true,true,MAPPED_ACTIVE,,false
1766,9211-3005,false,true,true,false,false,,,,true,UNMAPPED,,false
1767,9211-3010,false,true,true,false,false,,,,true,UNMAPPED,,false
1768,9211-3015,false,true,true,false,false,,,,true,UNMAPPED,,false
1769,9222-3110,false,true,true,false,false,,,,true,UNMAPPED,,false
1770,9411-1205,false,true,true,true,true,000129,9411-1205,false,true,RECONCILIATION_REQUIRED,mapped_inactive,false
1771,0110-1125,true,true,true,true,true,001275,0110-1125,true,true,MAPPED_ACTIVE,,false
1772,1103-150,true,true,true,true,true,000367,1103-150,true,true,MAPPED_ACTIVE,,false
1773,1103-200,true,true,true,true,true,000366,1103-200,true,true,MAPPED_ACTIVE,,false
1774,1103-300,true,true,true,true,true,000365,1103-300,true,true,MAPPED_ACTIVE,,false
1775,1106-301,true,false,true,true,true,000364,1106-301,true,true,MAPPED_ACTIVE,,false
1776,1106-302,true,false,true,true,true,000363,1106-302,true,true,MAPPED_ACTIVE,,false
1777,1106-501,true,true,true,true,true,000362,1106-501,true,true,MAPPED_ACTIVE,,false
1778,1106-502,true,false,true,true,true,000361,1106-502,true,true,MAPPED_ACTIVE,,false
1779,1106-503,true,false,true,true,true,000360,1106-503,true,true,MAPPED_ACTIVE,,false
1780,1106-505,true,false,true,true,true,000359,1106-505,true,true,MAPPED_ACTIVE,,false
1781,1106-601,true,false,true,true,true,000358,1106-601,true,true,MAPPED_ACTIVE,,false
1782,1106-602,true,false,true,true,true,000357,1106-602,true,true,MAPPED_ACTIVE,,false
1783,1106-603,true,false,true,true,true,000356,1106-603,true,true,MAPPED_ACTIVE,,false
1784,1106-802,true,false,true,true,true,000355,1106-802,true,true,MAPPED_ACTIVE,,false
1785,1108-150,true,true,true,true,true,000037,1108-150,true,true,MAPPED_ACTIVE,,false
1786,1108-200,true,true,true,true,true,000038,1108-200,true,true,MAPPED_ACTIVE,,false
1787,1108-300,true,true,true,true,true,000039,1108-300,true,true,MAPPED_ACTIVE,,false
1788,1111-100,true,false,true,true,true,000354,1111-100,true,true,MAPPED_ACTIVE,,false
1789,1114-150,true,false,true,true,true,000040,1114-150,true,true,MAPPED_ACTIVE,,false
1790,1114-200,false,false,true,true,true,000041,1114-200,true,true,MAPPED_ACTIVE,,false
1791,1114-300,false,false,true,true,true,000042,1114-300,true,true,MAPPED_ACTIVE,,false
1792,1115-150,false,false,true,true,true,001274,1115-150,true,true,MAPPED_ACTIVE,,false
1793,1115-200,false,false,false,true,true,001273,1115-200,true,true,MAPPED_ACTIVE,,false
1794,1115-300,false,false,true,true,true,001272,1115-300,false,true,RECONCILIATION_REQUIRED,mapped_inactive,false
1795,1120-150,true,false,true,true,true,001271,1120-150,true,true,MAPPED_ACTIVE,,false
1796,1120-200,false,false,true,true,true,001270,1120-200,true,true,MAPPED_ACTIVE,,false
1797,1120-300,false,false,true,true,true,001269,1120-300,false,true,RECONCILIATION_REQUIRED,mapped_inactive,false
1798,1120-500,true,false,true,true,true,001268,1120-500,true,true,MAPPED_ACTIVE,,false
1799,1121-150,true,false,true,true,true,001267,1121-150,true,true,MAPPED_ACTIVE,,false
1800,1122-300,true,false,true,true,true,000353,1122-300,true,true,MAPPED_ACTIVE,,false
1801,1123-150,true,false,true,true,true,001266,1123-150,true,true,MAPPED_ACTIVE,,false
1802,1123-300,false,false,true,true,true,000054,1123-300,true,true,MAPPED_ACTIVE,,false
1803,1135-601,true,false,true,true,true,000352,1135-601,true,true,MAPPED_ACTIVE,,false
1804,1136-501,true,false,true,true,true,000351,1136-501,true,true,MAPPED_ACTIVE,,false
1805,1136-502,true,false,true,true,true,000350,1136-502,true,true,MAPPED_ACTIVE,,false
1806,1136-503,true,false,true,true,true,000349,1136-503,true,true,MAPPED_ACTIVE,,false
1807,1136-601,true,false,true,true,true,000348,1136-601,true,true,MAPPED_ACTIVE,,false
1808,1140-100,true,false,true,true,true,000347,1140-100,true,true,MAPPED_ACTIVE,,false
1809,1140-150,true,false,true,true,true,000346,1140-150,true,true,MAPPED_ACTIVE,,false
1810,1141-150,false,false,true,true,true,001265,1141-150,true,true,MAPPED_ACTIVE,,false
1811,1141-200,false,false,true,true,true,001264,1141-200,true,true,MAPPED_ACTIVE,,false
1812,1141-300,false,false,true,true,true,001263,1141-300,false,true,RECONCILIATION_REQUIRED,mapped_inactive,false
1813,1141-500,false,false,true,true,true,001262,1141-500,true,true,MAPPED_ACTIVE,,false
1814,1142-150,true,false,true,true,true,001261,1142-150,true,true,MAPPED_ACTIVE,,false
1815,1142-200,false,false,true,true,true,001260,1142-200,true,true,MAPPED_ACTIVE,,false
1816,1142-300,false,false,true,true,true,001259,1142-300,true,true,MAPPED_ACTIVE,,false
1817,1144-150,true,false,true,true,true,001258,1144-150,true,true,MAPPED_ACTIVE,,false
1818,1144-200,false,false,true,true,true,001257,1144-200,true,true,MAPPED_ACTIVE,,false
1819,1144-300,false,false,true,true,true,001256,1144-300,true,true,MAPPED_ACTIVE,,false
1820,1150-300,true,true,true,true,true,001255,1150-300,true,true,MAPPED_ACTIVE,,false
1821,1150-500,true,true,true,true,true,001254,1150-500,true,true,MAPPED_ACTIVE,,false
1822,1150-600,true,false,true,true,true,001253,1150-600,true,true,MAPPED_ACTIVE,,false
1823,1151-300,true,false,true,true,true,000345,1151-300,true,true,MAPPED_ACTIVE,,false
1824,1151-600,false,false,true,true,true,000344,1151-600,true,true,MAPPED_ACTIVE,,false
1825,1156-300,true,false,true,true,true,000343,1156-300,true,true,MAPPED_ACTIVE,,false
1826,1156-600,true,false,true,true,true,000342,1156-600,true,true,MAPPED_ACTIVE,,false
1827,1161-150,true,false,true,true,true,001252,1161-150,true,true,MAPPED_ACTIVE,,false
1828,1169-150,true,false,true,true,true,000341,1169-150,true,true,MAPPED_ACTIVE,,false
1829,1170-300,true,false,true,true,true,000340,1170-300,true,true,MAPPED_ACTIVE,,false
1830,1172-200,true,false,true,true,true,000339,1172-200,true,true,MAPPED_ACTIVE,,false
1831,1176-150,true,true,true,true,true,001251,1176-150,true,true,MAPPED_ACTIVE,,false
1832,1176-200,true,false,true,true,true,001250,1176-200,true,true,MAPPED_ACTIVE,,false
1833,1178-300,true,false,true,true,true,001249,1178-300,true,true,MAPPED_ACTIVE,,false
1834,1183-150,true,false,true,true,true,001248,1183-150,true,true,MAPPED_ACTIVE,,false
1835,1185-150,true,false,true,true,true,001247,1185-150,true,true,MAPPED_ACTIVE,,false
1836,1186-150,true,false,true,true,true,001246,1186-150,true,true,MAPPED_ACTIVE,,false
1837,1186-200,false,false,true,true,true,001245,1186-200,true,true,MAPPED_ACTIVE,,false
1838,1186-300,false,false,true,true,true,001244,1186-300,true,true,MAPPED_ACTIVE,,false
1839,1187-150,true,false,true,true,true,001243,1187-150,true,true,MAPPED_ACTIVE,,false
1840,1188-150,true,false,true,true,true,001242,1188-150,true,true,MAPPED_ACTIVE,,false
1841,1196-300,true,true,true,true,true,000338,1196-300,true,true,MAPPED_ACTIVE,,false
1842,1208-511,true,false,true,true,true,000337,1208-511,true,true,MAPPED_ACTIVE,,false
1843,1208-524,true,false,true,true,true,000336,1208-524,true,true,MAPPED_ACTIVE,,false
1844,1208-824,true,false,true,true,true,000335,1208-824,true,true,MAPPED_ACTIVE,,false
1845,1214-500,true,true,true,true,true,000334,1214-500,true,true,MAPPED_ACTIVE,,false
1846,1214-600,true,true,true,true,true,000333,1214-600,true,true,MAPPED_ACTIVE,,false
1847,1215-1032,true,false,true,true,true,000332,1215-1032,true,true,MAPPED_ACTIVE,,false
1848,1215-1052,true,false,true,true,true,000331,1215-1052,true,true,MAPPED_ACTIVE,,false
1849,1215-322,true,false,true,true,true,000330,1215-322,true,true,MAPPED_ACTIVE,,false
1850,1215-392,true,false,true,true,true,000329,1215-392,true,true,MAPPED_ACTIVE,,false
1851,1215-522,true,false,true,true,true,000328,1215-522,true,true,MAPPED_ACTIVE,,false
1852,1215-532,true,false,true,true,true,000327,1215-532,true,true,MAPPED_ACTIVE,,false
1853,1215-622,true,false,true,true,true,000326,1215-622,true,true,MAPPED_ACTIVE,,false
1854,1215-822,true,false,true,true,true,000325,1215-822,true,true,MAPPED_ACTIVE,,false
1855,1217-3001,true,false,true,true,true,001241,1217-3001,true,true,MAPPED_ACTIVE,,false
1856,1236-394,true,false,true,true,true,000324,1236-394,true,true,MAPPED_ACTIVE,,false
1857,1236-524,true,false,true,true,true,000323,1236-524,true,true,MAPPED_ACTIVE,,false
1858,1250-300,true,false,true,true,true,000322,1250-300,true,true,MAPPED_ACTIVE,,false
1859,1250-600,true,false,true,true,true,000321,1250-600,true,true,MAPPED_ACTIVE,,false
1860,1311-150,true,false,true,true,true,000320,1311-150,true,true,MAPPED_ACTIVE,,false
1861,1311-200,false,false,true,true,true,000319,1311-200,true,true,MAPPED_ACTIVE,,false
1862,1311-300,false,false,true,true,true,000318,1311-300,true,true,MAPPED_ACTIVE,,false
1863,1312-150,true,false,true,true,true,000046,1312-150,true,true,MAPPED_ACTIVE,,false
1864,1312-200,false,false,true,true,true,000047,1312-200,true,true,MAPPED_ACTIVE,,false
1865,1312-300,false,false,true,true,true,000048,1312-300,true,true,MAPPED_ACTIVE,,false
1866,1316-500,true,false,true,true,true,000317,1316-500,true,true,MAPPED_ACTIVE,,false
1867,1340-150,true,false,true,true,true,001240,1340-150,true,true,MAPPED_ACTIVE,,false
1868,1340-200,true,false,true,true,true,001239,1340-200,true,true,MAPPED_ACTIVE,,false
1869,1340-300,true,false,true,true,true,001238,1340-300,true,true,MAPPED_ACTIVE,,false
1870,1520-150,true,false,true,true,true,001237,1520-150,true,true,MAPPED_ACTIVE,,false
1871,1530-300,true,false,true,true,true,000316,1530-300,true,true,MAPPED_ACTIVE,,false
1872,1530-500,false,false,true,true,true,000315,1530-500,true,true,MAPPED_ACTIVE,,false
1873,2112-101,true,false,true,true,true,001236,2112-101,true,true,MAPPED_ACTIVE,,false
1874,2112-251,true,false,true,true,true,001235,2112-251,true,true,MAPPED_ACTIVE,,false
1875,2112-501,true,false,true,true,true,001234,2112-501,true,true,MAPPED_ACTIVE,,false
1876,2122-160,true,false,true,true,true,001233,2122-160,true,true,MAPPED_ACTIVE,,false
1877,2141-202,true,false,true,true,true,001232,2141-202,true,true,MAPPED_ACTIVE,,false
1878,2142-101,true,false,true,true,true,001231,2142-101,true,true,MAPPED_ACTIVE,,false
1879,2142-102,true,false,true,true,true,001230,2142-102,true,true,MAPPED_ACTIVE,,false
1880,2171-250,true,true,true,true,true,001229,2171-250,true,true,MAPPED_ACTIVE,,false
1881,2172-360,true,false,true,true,true,001228,2172-360,true,true,MAPPED_ACTIVE,,false
1882,2173-360,false,false,true,true,true,001227,2173-360,true,true,MAPPED_ACTIVE,,false
1883,2174-225,true,false,true,true,true,001226,2174-225,true,true,MAPPED_ACTIVE,,false
1884,2175-360,true,false,true,true,true,001225,2175-360,true,true,MAPPED_ACTIVE,,false
1885,2176-200,true,false,true,true,true,001224,2176-200,true,true,MAPPED_ACTIVE,,false
1886,2176-300,true,true,true,true,true,001223,2176-300,true,true,MAPPED_ACTIVE,,false
1887,2179-360,true,true,true,true,true,001222,2179-360,true,true,MAPPED_ACTIVE,,false
1888,2222-301,true,false,true,true,true,001221,2222-301,true,true,MAPPED_ACTIVE,,false
1889,2223-153,true,false,true,true,true,001220,2223-153,true,true,MAPPED_ACTIVE,,false
1890,2275-300,false,false,true,true,true,001219,2275-300,true,true,MAPPED_ACTIVE,,false
1891,2278-180,true,true,true,true,true,001218,2278-180,true,true,MAPPED_ACTIVE,,false
1892,2281-360,true,false,true,true,true,001217,2281-360,true,true,MAPPED_ACTIVE,,false
1893,2307-105,true,false,true,true,true,001216,2307-105,true,true,MAPPED_ACTIVE,,false
1894,2322-160,false,false,true,true,true,000027,2322-160,true,true,MAPPED_ACTIVE,,false
1895,2322-250,false,false,true,true,true,000314,2322-250,true,true,MAPPED_ACTIVE,,false
1896,2322-450,false,false,true,true,true,000313,2322-450,true,true,MAPPED_ACTIVE,,false
1897,2333-201,true,false,true,true,true,001215,2333-201,true,true,MAPPED_ACTIVE,,false
1898,2341-101,true,false,true,true,true,001214,2341-101,true,true,MAPPED_ACTIVE,,false
1899,2342-202,true,false,true,true,true,001213,2342-202,true,true,MAPPED_ACTIVE,,false
1900,2343-102,true,false,true,true,true,001212,2343-102,true,true,MAPPED_ACTIVE,,false
1901,2372-360,true,true,true,true,true,001211,2372-360,true,true,MAPPED_ACTIVE,,false
1902,2373-360,true,false,true,true,true,001210,2373-360,true,true,MAPPED_ACTIVE,,false
1903,2374-320,true,false,true,true,true,001209,2374-320,true,true,MAPPED_ACTIVE,,false
1904,2381-021,true,true,true,true,true,001208,2381-021,true,true,MAPPED_ACTIVE,,false
1905,2711-165,true,false,true,true,true,001207,2711-165,true,true,MAPPED_ACTIVE,,false
1906,2711-216,true,false,true,true,true,001206,2711-216,true,true,MAPPED_ACTIVE,,false
1907,2771-360,true,false,true,true,true,001205,2771-360,true,true,MAPPED_ACTIVE,,false
1908,2825-160,true,false,true,true,true,001204,2825-160,true,true,MAPPED_ACTIVE,,false
1909,2827-160,false,false,true,true,true,000312,2827-160,true,true,MAPPED_ACTIVE,,false
1910,2828-800,false,false,true,true,true,001203,2828-800,true,true,MAPPED_ACTIVE,,false
1911,2841-300,true,false,true,true,true,001202,2841-300,true,true,MAPPED_ACTIVE,,false
1912,2841-500,true,false,true,true,true,001201,2841-500,true,true,MAPPED_ACTIVE,,false
1913,2862-102,true,false,true,true,true,001200,2862-102,true,true,MAPPED_ACTIVE,,false
1914,2871-101,true,true,true,true,true,001199,2871-101,true,true,MAPPED_ACTIVE,,false
1915,3101-225,true,false,true,true,true,001198,3101-225,true,true,MAPPED_ACTIVE,,false
1916,3101-250,false,false,true,true,true,001197,3101-250,true,true,MAPPED_ACTIVE,,false
1917,3101-275,true,false,true,true,true,001196,3101-275,true,true,MAPPED_ACTIVE,,false
1918,3101-300,true,false,true,true,true,001195,3101-300,true,true,MAPPED_ACTIVE,,false
1919,3108-100,true,false,true,true,true,000311,3108-100,true,true,MAPPED_ACTIVE,,false
1920,3109-100,true,false,true,true,true,000055,3109-100,true,true,MAPPED_ACTIVE,,false
1921,3109-125,false,false,true,true,true,000310,3109-125,true,true,MAPPED_ACTIVE,,false
1922,3109-150,false,false,true,true,true,000309,3109-150,true,true,MAPPED_ACTIVE,,false
1923,3109-175,false,false,true,true,true,000308,3109-175,true,true,MAPPED_ACTIVE,,false
1924,3109-200,false,false,true,true,true,000307,3109-200,true,true,MAPPED_ACTIVE,,false
1925,3109-225,false,false,true,true,true,000306,3109-225,true,true,MAPPED_ACTIVE,,false
1926,3109-250,false,false,true,true,true,000305,3109-250,true,true,MAPPED_ACTIVE,,false
1927,3109-275,true,false,true,true,true,000304,3109-275,true,true,MAPPED_ACTIVE,,false
1928,3109-300,false,false,true,true,true,000303,3109-300,true,true,MAPPED_ACTIVE,,false
1929,3127-100,true,false,true,true,true,001194,3127-100,true,true,MAPPED_ACTIVE,,false
1930,3127-123,true,false,true,true,true,001193,3127-123,true,true,MAPPED_ACTIVE,,false
1931,3127-125,true,false,true,true,true,001192,3127-125,true,true,MAPPED_ACTIVE,,false
1932,3127-150,true,false,true,true,true,001191,3127-150,true,true,MAPPED_ACTIVE,,false
1933,3127-175,true,false,true,true,true,001190,3127-175,true,true,MAPPED_ACTIVE,,false
1934,3127-200,true,false,true,true,true,001189,3127-200,true,true,MAPPED_ACTIVE,,false
1935,3127-202,true,false,true,true,true,001188,3127-202,true,true,MAPPED_ACTIVE,,false
1936,3127-225,true,false,true,true,true,001187,3127-225,true,true,MAPPED_ACTIVE,,false
1937,3127-250,true,false,true,true,true,001186,3127-250,true,true,MAPPED_ACTIVE,,false
1938,3127-275,true,false,true,true,true,001185,3127-275,true,true,MAPPED_ACTIVE,,false
1939,3127-300,true,false,true,true,true,001184,3127-300,true,true,MAPPED_ACTIVE,,false
1940,3127-504,true,false,true,true,true,001183,3127-504,true,true,MAPPED_ACTIVE,,false
1941,3203-100,false,false,true,true,true,000032,3203-100,true,true,MAPPED_ACTIVE,,false
1942,3203-125,false,false,true,true,true,000033,3203-125,true,true,MAPPED_ACTIVE,,false
1943,3203-150,false,false,true,true,true,000034,3203-150,true,true,MAPPED_ACTIVE,,false
1944,3203-1506,false,false,true,true,true,001182,3203-1506,true,true,MAPPED_ACTIVE,,false
1945,3203-175,false,false,true,true,true,000035,3203-175,true,true,MAPPED_ACTIVE,,false
1946,3203-200,false,false,true,true,true,000036,3203-200,true,true,MAPPED_ACTIVE,,false
1947,3203-225,false,false,true,true,true,000302,3203-225,true,true,MAPPED_ACTIVE,,false
1948,3203-250,false,false,true,true,true,000301,3203-250,true,true,MAPPED_ACTIVE,,false
1949,3203-275,false,false,true,true,true,000300,3203-275,true,true,MAPPED_ACTIVE,,false
1950,3203-300,false,false,true,true,true,000299,3203-300,true,true,MAPPED_ACTIVE,,false
1951,3203-3006,false,false,true,true,true,001181,3203-3006,true,true,MAPPED_ACTIVE,,false
1952,3203-3012,false,false,true,true,true,001180,3203-3012,true,true,MAPPED_ACTIVE,,false
1953,3205-1000,true,false,true,true,true,001179,3205-1000,true,true,MAPPED_ACTIVE,,false
1954,3205-1200,true,false,true,true,true,001178,3205-1200,true,true,MAPPED_ACTIVE,,false
1955,3205-1400,true,false,true,true,true,001177,3205-1400,true,true,MAPPED_ACTIVE,,false
1956,3205-1600,true,false,true,true,true,001176,3205-1600,true,true,MAPPED_ACTIVE,,false
1957,3205-1800,true,false,true,true,true,001175,3205-1800,true,true,MAPPED_ACTIVE,,false
1958,3205-400,true,true,true,true,true,001174,3205-400,true,true,MAPPED_ACTIVE,,false
1959,3205-500,true,false,true,true,true,001173,3205-500,true,true,MAPPED_ACTIVE,,false
1960,3205-600,true,false,true,true,true,001172,3205-600,true,true,MAPPED_ACTIVE,,false
1961,3205-700,true,false,true,true,true,001171,3205-700,true,true,MAPPED_ACTIVE,,false
1962,3205-800,true,false,true,true,true,001170,3205-800,true,true,MAPPED_ACTIVE,,false
1963,3205-900,true,false,true,true,true,001169,3205-900,true,true,MAPPED_ACTIVE,,false
1964,3206-150,true,false,true,true,true,001168,3206-150,true,true,MAPPED_ACTIVE,,false
1965,3206-200,false,false,true,true,true,001167,3206-200,true,true,MAPPED_ACTIVE,,false
1966,3206-300,false,false,true,true,true,001166,3206-300,true,true,MAPPED_ACTIVE,,false
1967,3206-301,false,false,true,true,true,001165,3206-301,true,true,MAPPED_ACTIVE,,false
1968,3210-100,true,false,true,true,true,001164,3210-100,true,true,MAPPED_ACTIVE,,false
1969,3220-100,true,false,true,true,true,001163,3220-100,true,true,MAPPED_ACTIVE,,false
1970,3222-300,true,false,true,true,true,001162,3222-300,true,true,MAPPED_ACTIVE,,false
1971,3222-500,true,true,true,true,true,001161,3222-500,true,true,MAPPED_ACTIVE,,false
1972,3222-600,true,false,true,true,true,001160,3222-600,true,true,MAPPED_ACTIVE,,false
1973,3225-2100,true,false,true,true,true,001159,3225-2100,true,true,MAPPED_ACTIVE,,false
1974,3227-100,true,false,true,true,true,001158,3227-100,true,true,MAPPED_ACTIVE,,false
1975,3227-123,true,false,true,true,true,001157,3227-123,true,true,MAPPED_ACTIVE,,false
1976,3227-125,true,false,true,true,true,001156,3227-125,true,true,MAPPED_ACTIVE,,false
1977,3227-150,true,false,true,true,true,001155,3227-150,true,true,MAPPED_ACTIVE,,false
1978,3227-175,true,false,true,true,true,001154,3227-175,true,true,MAPPED_ACTIVE,,false
1979,3227-200,true,false,true,true,true,001153,3227-200,true,true,MAPPED_ACTIVE,,false
1980,3227-202,true,false,true,true,true,001152,3227-202,true,true,MAPPED_ACTIVE,,false
1981,3227-504,true,false,true,true,true,001151,3227-504,true,true,MAPPED_ACTIVE,,false
1982,3232-100,true,false,true,true,true,001150,3232-100,true,true,MAPPED_ACTIVE,,false
1983,3240-100,true,false,true,true,true,001149,3240-100,true,true,MAPPED_ACTIVE,,false
1984,3240-150,true,false,true,true,true,001148,3240-150,true,true,MAPPED_ACTIVE,,false
1985,3240-300,true,false,true,true,true,001147,3240-300,true,true,MAPPED_ACTIVE,,false
1986,3282-100,true,false,true,true,true,001146,3282-100,true,true,MAPPED_ACTIVE,,false
1987,3290-153,true,false,true,true,true,001145,3290-153,true,true,MAPPED_ACTIVE,,false
1988,3290-203,false,false,true,true,true,001144,3290-203,true,true,MAPPED_ACTIVE,,false
1989,3290-455,false,false,true,true,true,001143,3290-455,true,true,MAPPED_ACTIVE,,false
1990,3293-131,true,false,true,true,true,001142,3293-131,true,true,MAPPED_ACTIVE,,false
1991,3506-150,true,false,true,true,true,001141,3506-150,true,true,MAPPED_ACTIVE,,false
1992,3506-300,false,false,true,true,true,001140,3506-300,true,true,MAPPED_ACTIVE,,false
1993,3506-400,false,false,true,true,true,001139,3506-400,true,true,MAPPED_ACTIVE,,false
1994,3506-500,false,false,true,true,true,001138,3506-500,true,true,MAPPED_ACTIVE,,false
1995,3506-600,false,false,true,true,true,001137,3506-600,true,true,MAPPED_ACTIVE,,false
1996,3520-100,true,false,true,true,true,001136,3520-100,true,true,MAPPED_ACTIVE,,false
1997,3521-2000,true,false,true,true,true,001135,3521-2000,true,true,MAPPED_ACTIVE,,false
1998,3540-150,true,false,true,true,true,001134,3540-150,true,true,MAPPED_ACTIVE,,false
1999,3540-300,true,false,true,true,true,001133,3540-300,true,true,MAPPED_ACTIVE,,false
2000,3590-153,false,false,true,true,true,001132,3590-153,true,true,MAPPED_ACTIVE,,false
2001,4100-187,true,false,true,true,true,001131,4100-187,true,true,MAPPED_ACTIVE,,false
2002,4100-232,true,false,true,true,true,001130,4100-232,true,true,MAPPED_ACTIVE,,false
2003,4100-247,true,false,true,true,true,000065,4100-247,true,true,MAPPED_ACTIVE,,false
2004,4100-287,true,false,true,true,true,001129,4100-287,true,true,MAPPED_ACTIVE,,false
2005,4141-400,true,false,true,true,true,001128,4141-400,true,true,MAPPED_ACTIVE,,false
2006,4150-130,false,false,true,false,false,,,,true,UNMAPPED,,false
2007,4150-1301,false,false,true,false,false,,,,true,UNMAPPED,,false
2008,4150-250,false,false,true,false,false,,,,true,UNMAPPED,,false
2009,4150-2501,false,false,true,false,false,,,,true,UNMAPPED,,false
2010,4166-411,true,false,true,true,true,001127,4166-411,true,true,MAPPED_ACTIVE,,false
2011,4166-511,true,false,true,true,true,001126,4166-511,true,true,MAPPED_ACTIVE,,false
2012,4166-512,true,false,true,true,true,001125,4166-512,true,true,MAPPED_ACTIVE,,false
2013,4166-513,true,false,true,true,true,001124,4166-513,true,true,MAPPED_ACTIVE,,false
2014,4605-201,true,true,true,true,true,001123,4605-201,true,true,MAPPED_ACTIVE,,false
2015,4605-202,true,false,true,true,true,001122,4605-202,true,true,MAPPED_ACTIVE,,false
2016,4621-100,true,true,true,true,true,000298,4621-100,true,true,MAPPED_ACTIVE,,false
2017,4700-200,true,false,true,true,true,001121,4700-200,true,true,MAPPED_ACTIVE,,false
2018,4707-300,true,false,true,true,true,001120,4707-300,true,true,MAPPED_ACTIVE,,false
2019,4707-500,true,false,true,true,true,001119,4707-500,true,true,MAPPED_ACTIVE,,false
2020,4745-1150,true,false,true,true,true,001118,4745-1150,true,true,MAPPED_ACTIVE,,false
2021,4745-1200,true,false,true,true,true,001117,4745-1200,true,true,MAPPED_ACTIVE,,false
2022,4796-100,true,false,true,true,true,001116,4796-100,true,true,MAPPED_ACTIVE,,false
2023,4796-150,true,false,true,true,true,001115,4796-150,true,true,MAPPED_ACTIVE,,false
2024,4796-300,true,false,true,true,true,001114,4796-300,true,true,MAPPED_ACTIVE,,false
2025,4799-1120,true,false,true,true,true,001113,4799-1120,true,true,MAPPED_ACTIVE,,false
2026,4799-1150,true,true,true,true,true,001112,4799-1150,true,true,MAPPED_ACTIVE,,false
2027,4799-1200,true,true,true,true,true,001111,4799-1200,true,true,MAPPED_ACTIVE,,false
2028,4799-1300,true,true,true,true,true,001110,4799-1300,true,true,MAPPED_ACTIVE,,false
2029,4799-180,true,true,true,true,true,001109,4799-180,true,true,MAPPED_ACTIVE,,false
2030,4810-601,true,false,true,true,true,001108,4810-601,true,true,MAPPED_ACTIVE,,false
2031,4810-602,true,false,true,true,true,001107,4810-602,true,true,MAPPED_ACTIVE,,false
2032,4820-230,true,false,true,true,true,001106,4820-230,true,true,MAPPED_ACTIVE,,false
2033,4820-452,true,false,true,true,true,000049,4820-452,true,true,MAPPED_ACTIVE,,false
2034,4820-552,true,true,true,true,true,001105,4820-552,true,true,MAPPED_ACTIVE,,false
2035,4860-212,true,false,true,true,true,001104,4860-212,true,true,MAPPED_ACTIVE,,false
2036,4860-245,true,false,true,true,true,001103,4860-245,true,true,MAPPED_ACTIVE,,false
2037,4902-150,true,false,true,true,true,001102,4902-150,true,true,MAPPED_ACTIVE,,false
2038,4902-200,true,false,true,true,true,001101,4902-200,true,true,MAPPED_ACTIVE,,false
2039,4902-300,true,false,true,true,true,001100,4902-300,true,true,MAPPED_ACTIVE,,false
2040,4903-150,false,false,true,true,true,001099,4903-150,true,true,MAPPED_ACTIVE,,false
2041,4903-200,false,false,true,true,true,001098,4903-200,false,true,RECONCILIATION_REQUIRED,mapped_inactive,false
2042,4903-300,false,false,true,true,true,001097,4903-300,false,true,RECONCILIATION_REQUIRED,mapped_inactive,false
2043,4910-400,true,false,true,true,true,001096,4910-400,true,true,MAPPED_ACTIVE,,false
2044,4910-600,true,false,true,true,true,001095,4910-600,true,true,MAPPED_ACTIVE,,false
2045,4911-600,true,false,true,true,true,001094,4911-600,true,true,MAPPED_ACTIVE,,false
2046,4912-100,true,true,true,true,true,001093,4912-100,true,true,MAPPED_ACTIVE,,false
2047,4913-250,true,true,true,true,true,001092,4913-250,true,true,MAPPED_ACTIVE,,false
2048,4918-300,true,false,true,true,true,001091,4918-300,true,true,MAPPED_ACTIVE,,false
2049,4918-600,true,false,true,false,false,,,,true,UNMAPPED,,false
2050,4921-230,true,true,true,true,true,001090,4921-230,true,true,MAPPED_ACTIVE,,false
2051,4922-100,true,true,true,true,true,001089,4922-100,true,true,MAPPED_ACTIVE,,false
2052,4922-150,true,true,true,true,true,001088,4922-150,true,true,MAPPED_ACTIVE,,false
2053,6202-100,true,true,true,true,true,001087,6202-100,true,true,MAPPED_ACTIVE,,false
2054,6210-100,true,true,true,true,true,001086,6210-100,true,true,MAPPED_ACTIVE,,false
2055,6282-2001,true,true,true,true,true,001085,6282-2001,true,true,MAPPED_ACTIVE,,false
2056,6282-2002,true,true,true,true,true,001084,6282-2002,true,true,MAPPED_ACTIVE,,false
2057,6282-2003,true,true,true,true,true,001083,6282-2003,true,true,MAPPED_ACTIVE,,false
2058,6282-2004,true,true,true,true,true,001082,6282-2004,true,true,MAPPED_ACTIVE,,false
2059,6282-2005,true,true,true,true,true,001081,6282-2005,true,true,MAPPED_ACTIVE,,false
2060,6282-2007,true,true,true,true,true,001080,6282-2007,true,true,MAPPED_ACTIVE,,false
2061,6282-2009,true,true,true,true,true,001079,6282-2009,true,true,MAPPED_ACTIVE,,false
2062,6282-2013,true,true,true,true,true,001078,6282-2013,true,true,MAPPED_ACTIVE,,false
2063,6282-2017,true,true,true,true,true,001077,6282-2017,true,true,MAPPED_ACTIVE,,false
2064,6511-241,true,false,true,true,true,001076,6511-241,true,true,MAPPED_ACTIVE,,false
2065,6520-102,false,false,true,true,true,001075,6520-102,false,true,RECONCILIATION_REQUIRED,mapped_inactive,false
2066,6801-1201,true,false,true,true,true,001074,6801-1201,true,true,MAPPED_ACTIVE,,false
2067,6801-1202,true,false,true,true,true,001073,6801-1202,true,true,MAPPED_ACTIVE,,false
2068,6862-1002,true,false,true,true,true,001072,6862-1002,true,true,MAPPED_ACTIVE,,false
2069,6866-150,true,false,true,true,true,001071,6866-150,true,true,MAPPED_ACTIVE,,false
2070,6890-702,true,true,true,true,true,001070,6890-702,true,true,MAPPED_ACTIVE,,false
2071,6900-132,true,false,true,true,true,001069,6900-132,true,true,MAPPED_ACTIVE,,false
2072,6900-142,true,false,true,true,true,001068,6900-142,true,true,MAPPED_ACTIVE,,false
2073,6900-153,true,false,true,true,true,001067,6900-153,true,true,MAPPED_ACTIVE,,false
2074,6900-164,true,false,true,true,true,001066,6900-164,true,true,MAPPED_ACTIVE,,false
2075,6900-185,true,false,true,true,true,001065,6900-185,true,true,MAPPED_ACTIVE,,false
2076,6902-106,false,false,true,true,true,001064,6902-106,true,true,MAPPED_ACTIVE,,false
2077,7110-150,true,false,true,true,true,000297,7110-150,true,true,MAPPED_ACTIVE,,false
2078,7110-200,true,false,true,true,true,000296,7110-200,true,true,MAPPED_ACTIVE,,false
2079,7110-300,true,false,true,true,true,000295,7110-300,true,true,MAPPED_ACTIVE,,false
2080,7110-500,true,true,true,true,true,000294,7110-500,true,true,MAPPED_ACTIVE,,false
2081,7110-600,true,true,true,true,true,000293,7110-600,true,true,MAPPED_ACTIVE,,false
2082,7111-300,false,false,true,true,true,001063,7111-300,true,true,MAPPED_ACTIVE,,false
2083,7111-500,false,false,true,true,true,001062,7111-500,false,true,RECONCILIATION_REQUIRED,mapped_inactive,false
2084,7114-950,true,false,true,true,true,000292,7114-950,true,true,MAPPED_ACTIVE,,false
2085,7120-200,false,false,true,true,true,001061,7120-200,true,true,MAPPED_ACTIVE,,false
2086,7139-100,true,true,true,true,true,001060,7139-100,true,true,MAPPED_ACTIVE,,false
2087,7202-200,false,false,true,true,true,001059,7202-200,false,true,RECONCILIATION_REQUIRED,mapped_inactive,false
2088,7205-200,true,false,true,true,true,001058,7205-200,true,true,MAPPED_ACTIVE,,false
2089,7247-150,true,true,true,true,true,001057,7247-150,true,true,MAPPED_ACTIVE,,false
2090,7247-200,true,true,true,true,true,001056,7247-200,true,true,MAPPED_ACTIVE,,false
2091,7247-300,true,true,true,true,true,001055,7247-300,true,true,MAPPED_ACTIVE,,false
2092,7261-150,true,true,true,true,true,001054,7261-150,true,true,MAPPED_ACTIVE,,false
2093,7261-200,true,true,true,true,true,001053,7261-200,true,true,MAPPED_ACTIVE,,false
2094,7261-300,true,true,true,true,true,001052,7261-300,true,true,MAPPED_ACTIVE,,false
2095,7262-150,true,true,true,true,true,001051,7262-150,true,true,MAPPED_ACTIVE,,false
2096,7262-200,true,true,true,true,true,001050,7262-200,true,true,MAPPED_ACTIVE,,false
2097,7262-300,true,true,true,true,true,001049,7262-300,true,true,MAPPED_ACTIVE,,false
2098,7350-160,true,false,true,true,true,001048,7350-160,true,true,MAPPED_ACTIVE,,false
2099,7522-610,true,true,true,true,true,001047,7522-610,true,true,MAPPED_ACTIVE,,false
2100,8601-100,true,false,true,true,true,001046,8601-100,true,true,MAPPED_ACTIVE,,false
2101,8602-200,true,true,true,true,true,001045,8602-200,true,true,MAPPED_ACTIVE,,false
2102,9225-405,true,true,true,true,true,001044,9225-405,true,true,MAPPED_ACTIVE,,false
2103,9247-190,true,true,true,true,true,001043,9247-190,true,true,MAPPED_ACTIVE,,false
2104,9351-130,true,false,true,true,true,001042,9351-130,true,true,MAPPED_ACTIVE,,false
2105,9721-250,true,false,true,true,true,001041,9721-250,true,true,MAPPED_ACTIVE,,false
2106,9722-250,true,true,true,true,true,001040,9722-250,true,true,MAPPED_ACTIVE,,false
2107,9723-400,true,true,true,true,true,001039,9723-400,true,true,MAPPED_ACTIVE,,false
2108,523-121,true,false,false,false,false,,,,true,UNMAPPED,,false
2109,700-119,false,false,false,false,false,,,,true,UNMAPPED,,false
2110,350-251,false,false,false,true,true,000151,350-251,false,true,RECONCILIATION_REQUIRED,mapped_inactive,false
2111,145-185,true,true,true,false,false,,,,true,UNMAPPED,,false
2112,104-136A,false,true,true,false,false,,,,true,UNMAPPED,,false
2113,340-252,false,true,true,true,true,000149,340-252,true,true,MAPPED_ACTIVE,,false
2114,340-251,false,true,true,true,true,000148,340-251,false,true,RECONCILIATION_REQUIRED,mapped_inactive,false
2115,345-250,false,false,false,true,true,000150,345-250,false,true,RECONCILIATION_REQUIRED,mapped_inactive,false
2116,500-196,false,true,true,true,true,003243,500-196,false,true,RECONCILIATION_REQUIRED,mapped_inactive,false
2117,500-181,false,false,false,false,false,,,,true,UNMAPPED,,false
2118,500-197,false,true,true,false,false,,,,true,UNMAPPED,,false
2119,192-613,false,false,false,true,true,003242,192-613,false,true,RECONCILIATION_REQUIRED,mapped_inactive,false
2120,570-227,false,false,false,true,true,000163,570-227,true,true,MAPPED_ACTIVE,,false
2121,129-153,false,true,true,false,false,,,,true,UNMAPPED,,false
2122,329-250,false,false,false,true,true,000147,329-250,false,true,RECONCILIATION_REQUIRED,mapped_inactive,false
2123,527-121,false,true,true,false,false,,,,true,UNMAPPED,,false
2124,2050A,true,true,true,false,false,,,,true,UNMAPPED,,false
2125,2052A,false,true,true,false,false,,,,true,UNMAPPED,,false
2126,516-938,true,false,false,false,false,,,,true,UNMAPPED,,false
2127,516-341,false,false,false,false,false,,,,true,UNMAPPED,,false
2128,516-971,false,false,false,true,true,003241,516-971,false,true,RECONCILIATION_REQUIRED,mapped_inactive,false
2129,516-945,false,false,false,false,false,,,,true,UNMAPPED,,false
2130,516-946,false,false,false,false,false,,,,true,UNMAPPED,,false
2131,516-947,false,false,false,false,false,,,,true,UNMAPPED,,false
2132,516-948,false,false,false,true,true,003240,516-948,false,true,RECONCILIATION_REQUIRED,mapped_inactive,false
2133,516-952,false,false,false,false,false,,,,true,UNMAPPED,,false
2134,516-955,false,false,false,false,false,,,,true,UNMAPPED,,false
2135,516-130,false,false,false,false,false,,,,true,UNMAPPED,,false
2136,156-101,false,true,true,false,false,,,,true,UNMAPPED,,false
2137,513-404E,true,false,false,false,false,,,,true,UNMAPPED,,false
2138,513-401E,true,true,true,false,false,,,,true,UNMAPPED,,false
2139,513-404T,true,false,false,false,false,,,,true,UNMAPPED,,false
2140,901312,false,true,true,true,true,003239,901312,false,true,RECONCILIATION_REQUIRED,mapped_inactive,false
2141,293-831,false,true,true,false,false,,,,true,UNMAPPED,,false
2142,395-271,false,true,true,true,true,000155,395-271,true,true,MAPPED_ACTIVE,,false
2143,500-754,false,true,true,false,false,,,,true,UNMAPPED,,false
2144,186-105,true,true,true,false,true,003773,186-105,true,true,LINK_EXISTING,,false
2145,7301A,true,true,true,false,false,,,,true,UNMAPPED,,false
2146,186-106,true,true,true,false,true,003774,186-106,true,true,LINK_EXISTING,,false
2147,186-107,true,true,true,false,false,,,,true,UNMAPPED,,false
2148,511-711,true,true,true,false,false,,,,true,UNMAPPED,,false
2149,511-712,false,true,true,true,true,003238,511-712,false,true,RECONCILIATION_REQUIRED,mapped_inactive,false
2150,511-713,false,true,true,false,false,,,,true,UNMAPPED,,false
2151,511-714,false,false,false,true,true,003237,511-714,false,true,RECONCILIATION_REQUIRED,mapped_inactive,false
2152,511-715,false,true,true,false,false,,,,true,UNMAPPED,,false
2153,511-716,false,true,true,true,true,003236,511-716,false,true,RECONCILIATION_REQUIRED,mapped_inactive,false
2154,511-721,false,true,true,true,true,003235,511-721,false,true,RECONCILIATION_REQUIRED,mapped_inactive,false
2155,511-722,false,true,true,false,false,,,,true,UNMAPPED,,false
2156,511-723,false,true,true,false,false,,,,true,UNMAPPED,,false
2157,511-725,false,false,false,false,false,,,,true,UNMAPPED,,false
2158,511-726,false,false,false,false,false,,,,true,UNMAPPED,,false
2159,511-211,true,true,true,false,false,,,,true,UNMAPPED,,false
2160,526-173,false,false,false,false,false,,,,true,UNMAPPED,,false
2161,526-123,false,false,false,false,false,,,,true,UNMAPPED,,false
2162,526-153,false,false,false,false,false,,,,true,UNMAPPED,,false
2163,293-821,false,true,true,false,false,,,,true,UNMAPPED,,false
2164,293-240,false,true,true,false,false,,,,true,UNMAPPED,,false
2165,293-241,false,true,true,false,false,,,,true,UNMAPPED,,false
2166,293-242,false,true,true,false,false,,,,true,UNMAPPED,,false
2167,293-243,false,true,true,true,true,003234,293-243,false,true,RECONCILIATION_REQUIRED,mapped_inactive,false
2168,103-137,true,true,true,true,true,000135,103-137,true,true,MAPPED_ACTIVE,,false
2169,103-138,true,true,true,false,false,,,,true,UNMAPPED,,false
2170,103-139,false,true,true,false,false,,,,true,UNMAPPED,,false
2171,103-140,false,true,true,false,false,,,,true,UNMAPPED,,false
2172,103-141,false,true,true,false,false,,,,true,UNMAPPED,,false
2173,103-142,false,true,true,true,true,003233,103-142,false,true,RECONCILIATION_REQUIRED,mapped_inactive,false
2174,137-202,true,true,true,false,false,,,,true,UNMAPPED,,false
2175,137-203,true,true,true,false,false,,,,true,UNMAPPED,,false
2176,137-204,true,true,true,false,false,,,,true,UNMAPPED,,false
2177,137-205,true,true,true,false,false,,,,true,UNMAPPED,,false
2178,123-101,true,true,true,false,false,,,,true,UNMAPPED,,false
2179,115-215,true,true,true,false,false,,,,true,UNMAPPED,,false
2180,112-153,true,true,true,false,false,,,,true,UNMAPPED,,false
2181,422-230,false,false,false,true,true,000156,422-230,false,true,RECONCILIATION_REQUIRED,mapped_inactive,false
2182,147-103,false,true,true,false,false,,,,true,UNMAPPED,,false
2183,500-173,false,true,true,true,true,000160,500-173,false,true,RECONCILIATION_REQUIRED,mapped_inactive,false
2184,500-500-10,true,false,false,false,false,,,,true,UNMAPPED,,false
2185,500-501,false,false,false,false,false,,,,true,UNMAPPED,,false
2186,500-502,false,false,false,false,false,,,,true,UNMAPPED,,false
2187,551-204,false,false,false,false,false,,,,true,UNMAPPED,,false
2188,551-206-10,true,false,false,false,false,,,,true,UNMAPPED,,false
2189,551-207,false,false,false,false,false,,,,true,UNMAPPED,,false
2190,573-601,true,true,true,true,true,000166,573-601,true,true,MAPPED_ACTIVE,,false
2191,573-605,true,false,false,true,true,000167,573-605,true,true,MAPPED_ACTIVE,,false
2192,573-642,true,false,false,false,false,,,,true,UNMAPPED,,false
2193,573-645,false,false,false,true,true,000168,573-645,false,true,RECONCILIATION_REQUIRED,mapped_inactive,false
2194,573-646,false,false,false,true,true,000169,573-646,false,true,RECONCILIATION_REQUIRED,mapped_inactive,false
2195,573-661,true,false,false,true,true,000170,573-661,true,true,MAPPED_ACTIVE,,false
2196,573-191,false,false,false,false,false,,,,true,UNMAPPED,,false
2197,530-312,true,true,true,false,false,,,,true,UNMAPPED,,false
2198,530-118,true,true,true,false,false,,,,true,UNMAPPED,,false
2199,530-119,true,true,true,false,false,,,,true,UNMAPPED,,false
2200,160-110,false,false,false,true,true,003232,160-110,false,true,RECONCILIATION_REQUIRED,mapped_inactive,false
2201,160-113,false,false,false,true,true,003231,160-113,false,true,RECONCILIATION_REQUIRED,mapped_inactive,false
2202,534-105,false,false,false,true,true,003230,534-105,false,true,RECONCILIATION_REQUIRED,mapped_inactive,false
2203,534-106,true,false,false,false,false,,,,true,UNMAPPED,,false
2204,505-730,false,true,true,true,true,003229,505-730,false,true,RECONCILIATION_REQUIRED,mapped_inactive,false
2205,505-732,true,true,true,false,false,,,,true,UNMAPPED,,false
2206,505-731,false,true,true,true,true,003228,505-731,false,true,RECONCILIATION_REQUIRED,mapped_inactive,false
2207,505-733,true,true,true,false,false,,,,true,UNMAPPED,,false
2208,505-745,false,true,true,true,true,003227,505-745,false,true,RECONCILIATION_REQUIRED,mapped_inactive,false
2209,570-312,false,false,false,true,true,003226,570-312,false,true,RECONCILIATION_REQUIRED,mapped_inactive,false
2210,570-313,true,false,false,false,false,,,,true,UNMAPPED,,false
2211,570-314,true,false,false,false,false,,,,true,UNMAPPED,,false
2212,192-614,false,false,false,true,true,003225,192-614,false,true,RECONCILIATION_REQUIRED,mapped_inactive,false
2213,192-615,false,false,false,false,false,,,,true,UNMAPPED,,false
2214,570-230,false,false,false,true,true,003224,570-230,false,true,RECONCILIATION_REQUIRED,mapped_inactive,false
2215,514-102,true,false,false,true,true,000161,514-102,true,true,MAPPED_ACTIVE,,false
2216,514-104,true,false,false,false,false,,,,true,UNMAPPED,,false
2217,514-106,false,false,false,false,false,,,,true,UNMAPPED,,false
2218,192-130,false,false,false,false,false,,,,true,UNMAPPED,,false
2219,518-351,false,false,false,false,false,,,,true,UNMAPPED,,false
2220,518-230,true,false,false,false,false,,,,true,UNMAPPED,,false
2221,129-109,true,false,false,false,false,,,,true,UNMAPPED,,false
2222,571-201,false,false,false,false,false,,,,true,UNMAPPED,,false
2223,571-202,false,false,false,true,true,003223,571-202,false,true,RECONCILIATION_REQUIRED,mapped_inactive,false
2224,571-203,false,false,false,false,false,,,,true,UNMAPPED,,false
2225,527-122,false,true,true,false,false,,,,true,UNMAPPED,,false
2226,527-123,false,true,true,true,true,003222,527-123,false,true,RECONCILIATION_REQUIRED,mapped_inactive,false
2227,571-254,false,false,false,true,true,003221,571-254,false,true,RECONCILIATION_REQUIRED,mapped_inactive,false
2228,7211A,false,true,true,false,false,,,,true,UNMAPPED,,false
2229,7222,false,false,false,false,false,,,,true,UNMAPPED,,false
2230,1044A,true,true,true,false,false,,,,true,UNMAPPED,,false
2231,1109A-10,false,false,true,false,false,,,,true,UNMAPPED,,false
2232,1929S,false,false,false,false,false,,,,true,UNMAPPED,,false
2233,3050S,true,false,false,false,false,,,,true,UNMAPPED,,false
2234,3052S-19,false,false,false,false,false,,,,true,UNMAPPED,,false
2235,3058A-19,false,true,true,false,false,,,,true,UNMAPPED,,false
2236,3060S,false,false,false,false,false,,,,true,UNMAPPED,,false
2237,3062A-19,false,true,true,true,true,003220,3062A-19,false,true,RECONCILIATION_REQUIRED,mapped_inactive,false
2238,1960A,false,true,true,true,true,003219,1960A,false,true,RECONCILIATION_REQUIRED,mapped_inactive,false
2239,1160A,false,true,true,false,false,,,,true,UNMAPPED,,false
2240,543-790B,false,true,true,false,false,,,,true,UNMAPPED,,false
2241,543-781,true,true,true,false,false,,,,true,UNMAPPED,,false
2242,543-791,true,true,true,false,false,,,,true,UNMAPPED,,false
2243,543-782,true,false,false,false,false,,,,true,UNMAPPED,,false
2244,543-725B,false,true,true,false,false,,,,true,UNMAPPED,,false
2245,543-474,false,false,false,false,false,,,,true,UNMAPPED,,false
2246,543-490,false,false,false,true,true,003218,543-490,false,true,RECONCILIATION_REQUIRED,mapped_inactive,false
2247,468-971,false,false,false,true,true,000157,468-971,true,true,MAPPED_ACTIVE,,false
2248,468-972,false,false,false,true,true,000158,468-972,false,true,RECONCILIATION_REQUIRED,mapped_inactive,false
2249,468-973,true,false,false,true,true,000159,468-973,true,true,MAPPED_ACTIVE,,false
2250,468-974,false,false,false,true,true,003217,468-974,false,true,RECONCILIATION_REQUIRED,mapped_inactive,false
2251,468-975,false,false,false,false,false,,,,true,UNMAPPED,,false
2252,368-911,true,false,false,true,true,000152,368-911,true,true,MAPPED_ACTIVE,,false
2253,368-913,false,false,true,true,true,000154,368-913,false,true,RECONCILIATION_REQUIRED,mapped_inactive,false
2254,368-914,true,false,false,false,false,,,,true,UNMAPPED,,false
2255,368-167,false,true,true,false,false,,,,true,UNMAPPED,,false
2256,368-172,false,false,true,false,false,,,,true,UNMAPPED,,false
2257,368-173,false,true,true,true,true,003216,368-173,false,true,RECONCILIATION_REQUIRED,mapped_inactive,false
2258,516-959,false,false,false,false,false,,,,true,UNMAPPED,,false
2259,516-995,false,false,false,true,true,003215,516-995,false,true,RECONCILIATION_REQUIRED,mapped_inactive,false
2260,516-967,false,true,true,true,true,003214,516-967,false,true,RECONCILIATION_REQUIRED,mapped_inactive,false
2261,516-978,false,false,false,false,false,,,,true,UNMAPPED,,false
2262,611671-016,false,false,false,true,true,003213,611671-016,false,true,RECONCILIATION_REQUIRED,mapped_inactive,false
2263,516-650,true,false,false,false,false,,,,true,UNMAPPED,,false
2264,601644,true,false,false,false,false,,,,true,UNMAPPED,,false
2265,515-322,true,false,false,false,false,,,,true,UNMAPPED,,false
2266,7010S-10,true,true,true,false,false,,,,true,UNMAPPED,,false
2267,7011S-10,true,true,true,false,false,,,,true,UNMAPPED,,false
2268,7012,false,true,true,true,true,003212,7012,false,true,RECONCILIATION_REQUIRED,mapped_inactive,false
2269,7014,true,true,true,false,false,,,,true,UNMAPPED,,false
2270,7033,true,true,true,false,false,,,,true,UNMAPPED,,false
2271,7032,true,false,false,false,false,,,,true,UNMAPPED,,false
2272,7031,true,false,false,false,false,,,,true,UNMAPPED,,false
2273,7002-10,true,false,false,false,false,,,,true,UNMAPPED,,false
2274,181-902,false,false,false,true,true,003211,181-902,false,true,RECONCILIATION_REQUIRED,mapped_inactive,false
2275,156-105,false,false,false,true,true,003210,156-105,false,true,RECONCILIATION_REQUIRED,mapped_inactive,false
2276,513-414E,true,true,true,false,false,,,,true,UNMAPPED,,false
2277,513-425E,false,false,false,true,true,003209,513-425E,false,true,RECONCILIATION_REQUIRED,mapped_inactive,false
2278,513-444E,true,false,false,false,false,,,,true,UNMAPPED,,false
2279,513-514E,true,false,false,false,false,,,,true,UNMAPPED,,false
2280,190547,true,false,false,false,false,,,,true,UNMAPPED,,false
2281,137-747,false,false,false,false,false,,,,true,UNMAPPED,,false
2282,170-102-12,false,false,false,false,false,,,,true,UNMAPPED,,false
2283,511-204,true,true,true,false,false,,,,true,UNMAPPED,,false
2284,551-204-2,false,false,false,false,false,,,,true,UNMAPPED,,false
2285,551-206-10-2,false,false,false,false,false,,,,true,UNMAPPED,,false
2286,2046A,false,true,true,true,true,000140,2046A,true,true,MAPPED_ACTIVE,,false
2287,2109A,false,true,true,false,false,,,,true,UNMAPPED,,false
2288,2044S,true,false,false,false,false,,,,true,UNMAPPED,,false
2289,2118S-10,true,false,false,false,false,,,,true,UNMAPPED,,false
2290,2046S-60,true,false,false,false,false,,,,true,UNMAPPED,,false
2291,2046AB,false,false,false,true,true,000141,2046AB,true,true,MAPPED_ACTIVE,,false
2292,293-340,false,true,true,false,false,,,,true,UNMAPPED,,false
2293,2044A,false,true,true,true,true,003208,2044A,false,true,RECONCILIATION_REQUIRED,mapped_inactive,false
2294,2119A,false,true,true,false,false,,,,true,UNMAPPED,,false
2295,513-405A,false,true,true,false,false,,,,true,UNMAPPED,,false
2296,293-233,false,false,false,true,true,000142,293-233,false,true,RECONCILIATION_REQUIRED,mapped_inactive,false
2297,103-143,false,true,true,true,true,,,,true,AMBIGUOUS,duplicate_remote_product_code,false
2298,103-144,true,true,true,false,false,,,,true,UNMAPPED,,false
2299,103-129,false,true,true,false,true,003458,103-129,true,true,LINK_EXISTING,,false
2300,103-130,false,true,true,false,false,,,,true,UNMAPPED,,false
2301,145-186,false,true,true,false,true,003456,145-186,true,true,LINK_EXISTING,,false
2302,104-135A,false,true,true,false,false,,,,true,UNMAPPED,,false
2303,104-142A,true,true,true,false,false,,,,true,UNMAPPED,,false
2304,104-143A,true,true,true,false,false,,,,true,UNMAPPED,,false
2305,104-144A,true,true,true,false,false,,,,true,UNMAPPED,,false
2306,104-145A,true,true,true,false,false,,,,true,UNMAPPED,,false
2307,104-141A,true,true,true,false,false,,,,true,UNMAPPED,,false
2308,104-146A,true,true,true,false,false,,,,true,UNMAPPED,,false
2309,104-147A,true,true,true,false,false,,,,true,UNMAPPED,,false
2310,104-148A,true,true,true,false,false,,,,true,UNMAPPED,,false
2311,534-113,true,true,true,false,false,,,,true,UNMAPPED,,false
2312,534-114,false,true,true,false,false,,,,true,UNMAPPED,,false
2313,534-115,false,false,true,false,false,,,,true,UNMAPPED,,false
2314,534-116,false,false,true,false,false,,,,true,UNMAPPED,,false
2315,534-108,false,false,false,false,false,,,,true,UNMAPPED,,false
2316,551-341,false,true,true,false,false,,,,true,UNMAPPED,,false
2317,551-224,false,false,false,false,false,,,,true,UNMAPPED,,false
2318,160-153,false,true,true,false,false,,,,true,UNMAPPED,,false
2319,160-155,false,true,true,false,false,,,,true,UNMAPPED,,false
2320,500-505,false,true,true,false,false,,,,true,UNMAPPED,,false
2321,500-506,false,true,true,false,false,,,,true,UNMAPPED,,false
2322,500-507,false,true,true,false,false,,,,true,UNMAPPED,,false
2323,368-912,true,false,false,true,true,000153,368-912,true,true,MAPPED_ACTIVE,,false
2324,368-165,false,true,true,false,false,,,,true,UNMAPPED,,false
2325,368-166,false,false,true,false,false,,,,true,UNMAPPED,,false
2326,368-168,true,true,true,false,false,,,,true,UNMAPPED,,false
2327,368-169,true,true,true,false,false,,,,true,UNMAPPED,,false
2328,368-170,true,false,false,false,false,,,,true,UNMAPPED,,false
2329,368-171,false,true,true,false,false,,,,true,UNMAPPED,,false
2330,571-211,false,true,true,false,false,,,,true,UNMAPPED,,false
2331,571-212,false,true,true,false,false,,,,true,UNMAPPED,,false
2332,571-213,false,true,true,false,false,,,,true,UNMAPPED,,false
2333,7305A,true,true,true,false,false,,,,true,UNMAPPED,,false
2334,7360A,false,false,true,false,false,,,,true,UNMAPPED,,false
2335,7327A,false,true,true,true,true,003206,7327A,false,true,RECONCILIATION_REQUIRED,mapped_inactive,false
2336,7323A,true,true,true,false,false,,,,true,UNMAPPED,,false
2337,547-301,true,false,false,false,false,,,,true,UNMAPPED,,false
2338,500-764,false,false,false,false,false,,,,true,UNMAPPED,,false
2339,145-187,true,true,true,false,true,003455,145-187,true,true,LINK_EXISTING,,false
2340,145-188,true,true,true,false,true,003454,145-188,true,true,LINK_EXISTING,,false
2341,184-313S,true,true,true,false,false,,,,true,UNMAPPED,,false
2342,184-303S,true,true,true,false,false,,,,true,UNMAPPED,,false
2343,188-151,true,true,true,false,false,,,,true,UNMAPPED,,false
2344,192-630,false,false,true,false,false,,,,true,UNMAPPED,,false
2345,192-632,false,true,true,false,false,,,,true,UNMAPPED,,false
2346,187-901,true,true,true,false,false,,,,true,UNMAPPED,,false
2347,187-502,true,false,false,false,false,,,,true,UNMAPPED,,false
2348,500-753,false,false,true,false,false,,,,true,UNMAPPED,,false
2349,500-752,false,false,true,false,false,,,,true,UNMAPPED,,false
2350,293-250,false,true,true,true,true,000143,293-250,false,true,RECONCILIATION_REQUIRED,mapped_inactive,false
2351,103-145,true,true,true,false,false,,,,true,UNMAPPED,,false
2352,103-146,true,true,true,false,false,,,,true,UNMAPPED,,false
2353,103-147,true,false,true,false,false,,,,true,UNMAPPED,,false
2354,103-148,true,true,true,false,false,,,,true,UNMAPPED,,false
2355,104-139A,true,true,true,false,false,,,,true,UNMAPPED,,false
2356,104-140A,true,true,true,false,false,,,,true,UNMAPPED,,false
2357,340-520,true,false,false,false,false,,,,true,UNMAPPED,,false
2358,137-011,false,false,false,false,false,,,,true,UNMAPPED,,false
2359,523-122,true,true,true,false,false,,,,true,UNMAPPED,,false
2360,2972AB,false,false,true,false,false,,,,true,UNMAPPED,,false
2361,543-720B,false,true,true,true,true,000162,543-720B,false,true,RECONCILIATION_REQUIRED,mapped_inactive,false
2362,543-735B,false,false,true,true,true,003205,543-735B,false,true,RECONCILIATION_REQUIRED,mapped_inactive,false
2363,511-817,false,true,true,false,false,,,,true,UNMAPPED,,false
2364,511-818,false,true,true,false,false,,,,true,UNMAPPED,,false
2365,953550,false,true,true,false,false,,,,true,UNMAPPED,,false
2366,953553,false,true,true,false,false,,,,true,UNMAPPED,,false
2367,514-103,false,true,true,false,false,,,,true,UNMAPPED,,false
2368,570-412,false,false,true,true,true,000164,570-412,true,true,MAPPED_ACTIVE,,false
2369,570-414,false,true,true,true,true,000165,570-414,true,true,MAPPED_ACTIVE,,false
2370,192-631,false,true,true,false,false,,,,true,UNMAPPED,,false
2371,103006,false,true,true,true,true,003204,103006,false,true,RECONCILIATION_REQUIRED,mapped_inactive,false
2372,136013,false,true,true,false,false,,,,true,UNMAPPED,,false
2373,21AZB149,false,true,true,false,false,,,,true,UNMAPPED,,false
2374,21AZB161,false,true,true,false,false,,,,true,UNMAPPED,,false
2375,293-251,false,true,true,true,true,000144,293-251,true,true,MAPPED_ACTIVE,,false
2376,193-111,true,false,false,false,false,,,,true,UNMAPPED,,false
2377,178-561-12,false,true,true,true,true,000139,178-561-12,false,true,RECONCILIATION_REQUIRED,mapped_inactive,false
2378,112-167,true,true,true,false,false,,,,true,UNMAPPED,,false
2379,103-177,false,true,true,false,false,,,,true,UNMAPPED,,false
2380,103-178,false,true,true,false,false,,,,true,UNMAPPED,,false
2381,149-132,false,false,false,true,true,000136,149-132,false,true,RECONCILIATION_REQUIRED,mapped_inactive,false
2382,150-212,false,true,true,true,true,000138,150-212,true,true,MAPPED_ACTIVE,,false
2383,123-102,false,true,true,false,false,,,,true,UNMAPPED,,false
2384,123-103,false,true,true,false,false,,,,true,UNMAPPED,,false
2385,123-104,false,true,true,false,false,,,,true,UNMAPPED,,false
2386,129-116,true,false,false,false,false,,,,true,UNMAPPED,,false
2387,513-404A,false,true,true,false,false,,,,true,UNMAPPED,,false
2388,513-455E,true,false,false,false,false,,,,true,UNMAPPED,,false
2389,500-155,false,true,true,true,true,003203,500-155,false,true,RECONCILIATION_REQUIRED,mapped_inactive,false
2390,505-742J,true,true,true,false,false,,,,true,UNMAPPED,,false
2391,505-743J,true,true,true,false,false,,,,true,UNMAPPED,,false
2392,505-746,true,true,true,false,false,,,,true,UNMAPPED,,false
2393,293-252,false,false,true,true,true,000145,293-252,true,true,MAPPED_ACTIVE,,false
2394,293-253,false,true,true,true,true,000146,293-253,true,true,MAPPED_ACTIVE,,false
2395,118-102,true,true,true,false,false,,,,true,UNMAPPED,,false
2396,150-192,false,true,true,true,true,000137,150-192,false,true,RECONCILIATION_REQUIRED,mapped_inactive,false
2397,123-105,false,true,true,false,false,,,,true,UNMAPPED,,false
2398,123-106,false,false,false,false,false,,,,true,UNMAPPED,,false
2399,2414A,false,false,true,false,false,,,,true,UNMAPPED,,false
2400,571-215,false,true,true,false,false,,,,true,UNMAPPED,,false
2401,188-130,true,true,true,false,true,003775,188-130,true,true,LINK_EXISTING,,false
2402,601645,true,true,true,false,false,,,,true,UNMAPPED,,false
2403,950-233,true,true,true,false,false,,,,true,UNMAPPED,,false
2404,950-223,true,true,true,false,false,,,,true,UNMAPPED,,false
2405,101039,false,true,true,true,true,003202,101039,false,true,RECONCILIATION_REQUIRED,mapped_inactive,false
2406,101211,false,true,true,true,true,003201,101211,false,true,RECONCILIATION_REQUIRED,mapped_inactive,false
2407,06AFM380,false,true,true,false,false,,,,true,UNMAPPED,,false
2408,900321,false,true,true,false,false,,,,true,UNMAPPED,,false
2409,02AZC360,false,true,true,true,true,003200,02AZC360,false,true,RECONCILIATION_REQUIRED,mapped_inactive,false
2410,04GZA239,false,true,true,false,false,,,,true,UNMAPPED,,false
2411,938882,true,true,true,true,true,000171,938882,true,true,MAPPED_ACTIVE,,false
2412,341-04-4,false,false,false,false,false,,,,true,UNMAPPED,,false
2413,351-06-4,false,false,false,false,false,,,,true,UNMAPPED,,false
2414,361-05-6,false,false,false,true,true,003199,361-05-6,false,true,RECONCILIATION_REQUIRED,mapped_inactive,false
2415,285,false,false,false,false,false,,,,true,UNMAPPED,,false
2416,322-61-0,false,false,false,true,true,003198,322-61-0,false,true,RECONCILIATION_REQUIRED,mapped_inactive,false
2417,307-04-4,false,false,false,true,true,003197,307-04-4,false,true,RECONCILIATION_REQUIRED,mapped_inactive,false
2418,306-06-5,false,false,false,true,true,003196,306-06-5,false,true,RECONCILIATION_REQUIRED,mapped_inactive,false
2419,307-56-3,false,false,false,false,false,,,,true,UNMAPPED,,false
2420,306-56-0,false,false,false,false,false,,,,true,UNMAPPED,,false
2421,307-06-3,false,false,false,false,false,,,,true,UNMAPPED,,false
2422,293,false,false,false,false,false,,,,true,UNMAPPED,,false
2423,303-06-2,false,false,false,false,false,,,,true,UNMAPPED,,false
2424,308-06-2,false,false,false,false,false,,,,true,UNMAPPED,,false
2425,321-06-2,false,false,false,true,true,003195,321-06-2,false,true,RECONCILIATION_REQUIRED,mapped_inactive,false
2426,327-06-7,false,false,false,false,false,,,,true,UNMAPPED,,false
2427,324-06-2,false,false,false,false,false,,,,true,UNMAPPED,,false
2428,322-06-5,false,false,false,false,false,,,,true,UNMAPPED,,false
2429,323-06-5,false,false,false,true,true,003194,323-06-5,false,true,RECONCILIATION_REQUIRED,mapped_inactive,false
2430,322-71-0,false,false,false,false,false,,,,true,UNMAPPED,,false
2431,325-05-0,false,false,false,true,true,003193,325-05-0,false,true,RECONCILIATION_REQUIRED,mapped_inactive,false
2432,309-06-4,false,false,false,false,false,,,,true,UNMAPPED,,false
2433,317-06-3,false,false,false,false,false,,,,true,UNMAPPED,,false
2434,313-12-0,false,false,false,false,false,,,,true,UNMAPPED,,false
2435,311-12-0,false,false,false,false,false,,,,true,UNMAPPED,,false
2436,302-12-8,false,false,false,false,false,,,,true,UNMAPPED,,false
2437,310,false,false,false,false,false,,,,true,UNMAPPED,,false
2438,315-12-8,false,false,false,false,false,,,,true,UNMAPPED,,false
2439,316-06-2,false,false,false,false,false,,,,true,UNMAPPED,,false
2440,305-40-0,false,false,false,false,false,,,,true,UNMAPPED,,false
2441,325-36-0,false,false,false,true,true,003192,325-36-0,false,true,RECONCILIATION_REQUIRED,mapped_inactive,false
2442,627-12-0,false,false,false,false,false,,,,true,UNMAPPED,,false
2443,626-12-0,false,false,false,false,false,,,,true,UNMAPPED,,false
2444,304-06-2,false,false,false,false,false,,,,true,UNMAPPED,,false
2445,623-12-0,false,false,false,false,false,,,,true,UNMAPPED,,false
2446,621-12-2,false,false,false,true,true,003191,621-12-2,false,true,RECONCILIATION_REQUIRED,mapped_inactive,false
2447,305-06-2,false,false,false,true,true,003190,305-06-2,false,true,RECONCILIATION_REQUIRED,mapped_inactive,false
2448,301-06-2,false,false,false,true,true,003189,301-06-2,false,true,RECONCILIATION_REQUIRED,mapped_inactive,false
2449,312-20-0,false,false,false,true,true,003188,312-20-0,false,true,RECONCILIATION_REQUIRED,mapped_inactive,false
2450,312-12-0,false,false,false,true,true,003187,312-12-0,false,true,RECONCILIATION_REQUIRED,mapped_inactive,false
2451,324,false,false,false,true,true,003186,324,false,true,RECONCILIATION_REQUIRED,mapped_inactive,false
2452,330-51-0,false,false,false,true,true,003185,330-51-0,false,true,RECONCILIATION_REQUIRED,mapped_inactive,false
2453,321-01-0,false,false,false,true,true,003184,321-01-0,false,true,RECONCILIATION_REQUIRED,mapped_inactive,false
2454,327,false,false,false,true,true,003183,327,false,true,RECONCILIATION_REQUIRED,mapped_inactive,false
2455,328,false,false,false,false,false,,,,true,UNMAPPED,,false
2456,322-06-2,false,false,false,false,false,,,,true,UNMAPPED,,false
2457,330-51-0-2,false,false,false,false,false,,,,true,UNMAPPED,,false
2458,302-12-0,false,false,false,true,true,003182,302-12-0,false,true,RECONCILIATION_REQUIRED,mapped_inactive,false
2459,322-51-0,false,false,false,false,false,,,,true,UNMAPPED,,false
2460,360,false,false,false,false,false,,,,true,UNMAPPED,,false
2461,362,false,false,false,true,true,003181,362,false,true,RECONCILIATION_REQUIRED,mapped_inactive,false
2462,363,false,false,false,false,false,,,,true,UNMAPPED,,false
2463,364,false,false,false,false,false,,,,true,UNMAPPED,,false
2464,366,false,false,false,false,false,,,,true,UNMAPPED,,false
2465,367,false,false,false,false,false,,,,true,UNMAPPED,,false
2466,368,false,false,false,false,false,,,,true,UNMAPPED,,false
2467,369,false,false,false,false,false,,,,true,UNMAPPED,,false
2468,437,false,false,false,false,false,,,,true,UNMAPPED,,false
2469,438,false,false,false,true,true,003180,438,false,true,RECONCILIATION_REQUIRED,mapped_inactive,false
2470,441,false,false,false,false,false,,,,true,UNMAPPED,,false
2471,443,false,false,false,false,false,,,,true,UNMAPPED,,false
2472,444,false,false,false,false,false,,,,true,UNMAPPED,,false
2473,456,false,false,false,false,false,,,,true,UNMAPPED,,false
2474,459,false,false,false,false,false,,,,true,UNMAPPED,,false
2475,461,false,false,false,false,false,,,,true,UNMAPPED,,false
2476,464,false,false,false,false,false,,,,true,UNMAPPED,,false
2477,483,false,false,false,false,false,,,,true,UNMAPPED,,false
2478,484,false,false,false,true,true,003179,484,false,true,RECONCILIATION_REQUIRED,mapped_inactive,false
2479,485,false,false,false,false,false,,,,true,UNMAPPED,,false
2480,486,false,false,false,false,false,,,,true,UNMAPPED,,false
2481,487,false,false,false,true,true,003178,487,false,true,RECONCILIATION_REQUIRED,mapped_inactive,false
2482,51609-16-18LH,false,false,false,true,true,003177,51609-16-18LH,false,true,RECONCILIATION_REQUIRED,mapped_inactive,false
2483,489,false,false,false,true,true,003176,489,false,true,RECONCILIATION_REQUIRED,mapped_inactive,false
2484,490,false,false,false,false,false,,,,true,UNMAPPED,,false
2485,491,false,false,false,true,true,003175,491,false,true,RECONCILIATION_REQUIRED,mapped_inactive,false
2486,492,false,false,false,true,true,003174,492,false,true,RECONCILIATION_REQUIRED,mapped_inactive,false
2487,498,false,false,false,false,false,,,,true,UNMAPPED,,false
2488,499,false,false,false,false,false,,,,true,UNMAPPED,,false
2489,500,false,false,false,true,true,003173,500,false,true,RECONCILIATION_REQUIRED,mapped_inactive,false
2490,501,false,false,false,false,false,,,,true,UNMAPPED,,false
2491,502,false,false,false,true,true,003172,502,false,true,RECONCILIATION_REQUIRED,mapped_inactive,false
2492,503,false,false,false,false,false,,,,true,UNMAPPED,,false
2493,504,false,false,false,true,true,003171,504,false,true,RECONCILIATION_REQUIRED,mapped_inactive,false
2494,505,false,false,false,false,false,,,,true,UNMAPPED,,false
2495,506,false,false,false,true,true,003170,506,false,true,RECONCILIATION_REQUIRED,mapped_inactive,false
2496,507,false,false,false,true,true,003169,507,false,true,RECONCILIATION_REQUIRED,mapped_inactive,false
2497,508,false,false,false,true,true,003168,508,false,true,RECONCILIATION_REQUIRED,mapped_inactive,false
2498,509,false,false,false,false,false,,,,true,UNMAPPED,,false
2499,511,false,false,false,false,false,,,,true,UNMAPPED,,false
2500,512,false,false,false,true,true,003167,512,false,true,RECONCILIATION_REQUIRED,mapped_inactive,false
2501,IP65-2,false,false,false,false,false,,,,true,UNMAPPED,,false
2502,514,false,false,false,false,false,,,,true,UNMAPPED,,false
2503,515,false,false,false,false,false,,,,true,UNMAPPED,,false
2504,516,false,false,false,false,false,,,,true,UNMAPPED,,false
2505,517,false,false,false,true,true,003166,517,false,true,RECONCILIATION_REQUIRED,mapped_inactive,false
2506,518,false,false,false,true,true,003165,518,false,true,RECONCILIATION_REQUIRED,mapped_inactive,false
2507,521,false,false,false,false,false,,,,true,UNMAPPED,,false
2508,522,false,false,false,false,false,,,,true,UNMAPPED,,false
2509,523,false,false,false,false,false,,,,true,UNMAPPED,,false
2510,524,false,false,false,false,false,,,,true,UNMAPPED,,false
2511,525,false,false,false,false,false,,,,true,UNMAPPED,,false
2512,526,false,false,false,false,false,,,,true,UNMAPPED,,false
2513,527,false,false,false,false,false,,,,true,UNMAPPED,,false
2514,528,false,false,false,false,false,,,,true,UNMAPPED,,false
2515,529,false,false,false,false,false,,,,true,UNMAPPED,,false
2516,530,false,false,false,false,false,,,,true,UNMAPPED,,false
2517,531,false,false,false,false,false,,,,true,UNMAPPED,,false
2518,532,false,false,false,false,false,,,,true,UNMAPPED,,false
2519,533,false,false,false,false,false,,,,true,UNMAPPED,,false
2520,534,false,false,false,false,false,,,,true,UNMAPPED,,false
2521,535,false,false,false,false,false,,,,true,UNMAPPED,,false
2522,536,false,false,false,false,false,,,,true,UNMAPPED,,false
2523,537,false,false,false,false,false,,,,true,UNMAPPED,,false
2524,539,false,false,false,false,false,,,,true,UNMAPPED,,false
2525,541,false,false,false,false,false,,,,true,UNMAPPED,,false
2526,543,false,false,false,false,false,,,,true,UNMAPPED,,false
2527,545,false,false,false,false,false,,,,true,UNMAPPED,,false
2528,IP65,false,false,false,false,false,,,,true,UNMAPPED,,false
2529,549,false,false,false,false,false,,,,true,UNMAPPED,,false
2530,551,false,false,false,false,false,,,,true,UNMAPPED,,false
2531,553,false,false,false,false,false,,,,true,UNMAPPED,,false
2532,555,false,false,false,false,false,,,,true,UNMAPPED,,false
2533,557,false,false,false,false,false,,,,true,UNMAPPED,,false
2534,559,false,false,false,false,false,,,,true,UNMAPPED,,false
2535,561,false,false,false,false,false,,,,true,UNMAPPED,,false
2536,563,false,false,false,false,false,,,,true,UNMAPPED,,false
2537,IP54-2,false,false,false,false,false,,,,true,UNMAPPED,,false
2538,567,false,false,false,false,false,,,,true,UNMAPPED,,false
2539,569,false,false,false,false,false,,,,true,UNMAPPED,,false
2540,571,false,false,false,false,false,,,,true,UNMAPPED,,false
2541,576,false,false,false,false,false,,,,true,UNMAPPED,,false
2542,578,false,false,false,false,false,,,,true,UNMAPPED,,false
2543,581,false,false,false,false,false,,,,true,UNMAPPED,,false
2544,583,false,false,false,false,false,,,,true,UNMAPPED,,false
2545,585,false,false,false,false,false,,,,true,UNMAPPED,,false
2546,588,false,false,false,false,false,,,,true,UNMAPPED,,false
2547,590,false,false,false,false,false,,,,true,UNMAPPED,,false
2548,592,false,false,false,false,false,,,,true,UNMAPPED,,false
2549,594,false,false,false,false,false,,,,true,UNMAPPED,,false
2550,596,false,false,false,false,false,,,,true,UNMAPPED,,false
2551,598,false,false,false,false,false,,,,true,UNMAPPED,,false
2552,600,false,false,false,false,false,,,,true,UNMAPPED,,false
2553,602,false,false,false,false,false,,,,true,UNMAPPED,,false
2554,604,false,false,false,false,false,,,,true,UNMAPPED,,false
2555,606,false,false,false,false,false,,,,true,UNMAPPED,,false
2556,608,false,false,false,false,false,,,,true,UNMAPPED,,false
2557,610,false,false,false,false,false,,,,true,UNMAPPED,,false
2558,612,false,false,false,false,false,,,,true,UNMAPPED,,false
2559,614,false,false,false,false,false,,,,true,UNMAPPED,,false
2560,616,false,false,false,false,false,,,,true,UNMAPPED,,false
2561,618,false,false,false,false,false,,,,true,UNMAPPED,,false
2562,620,false,false,false,false,false,,,,true,UNMAPPED,,false
2563,622,false,false,false,false,false,,,,true,UNMAPPED,,false
2564,624,false,false,false,false,false,,,,true,UNMAPPED,,false
2565,628,false,false,false,false,false,,,,true,UNMAPPED,,false
2566,630,false,false,false,false,false,,,,true,UNMAPPED,,false
2567,632,false,false,false,false,false,,,,true,UNMAPPED,,false
2568,634,false,false,false,false,false,,,,true,UNMAPPED,,false
2569,636,false,false,false,true,true,003164,636,false,true,RECONCILIATION_REQUIRED,mapped_inactive,false
2570,638,false,false,false,false,false,,,,true,UNMAPPED,,false
2571,640,false,false,false,true,true,003163,640,false,true,RECONCILIATION_REQUIRED,mapped_inactive,false
2572,642,false,false,false,false,false,,,,true,UNMAPPED,,false
2573,644,false,false,false,false,false,,,,true,UNMAPPED,,false
2574,646,false,false,false,true,true,003162,646,false,true,RECONCILIATION_REQUIRED,mapped_inactive,false
2575,648,false,false,false,false,false,,,,true,UNMAPPED,,false
2576,650,false,false,false,false,false,,,,true,UNMAPPED,,false
2577,652,false,false,false,true,true,003161,652,false,true,RECONCILIATION_REQUIRED,mapped_inactive,false
2578,654,false,false,false,false,false,,,,true,UNMAPPED,,false
2579,656,false,false,false,false,false,,,,true,UNMAPPED,,false
2580,658,false,false,false,false,false,,,,true,UNMAPPED,,false
2581,660,false,false,false,false,false,,,,true,UNMAPPED,,false
2582,662,false,false,false,false,false,,,,true,UNMAPPED,,false
2583,664,false,false,false,false,false,,,,true,UNMAPPED,,false
2584,666,false,false,false,true,true,003160,666,false,true,RECONCILIATION_REQUIRED,mapped_inactive,false
2585,671,false,false,false,true,true,003159,671,false,true,RECONCILIATION_REQUIRED,mapped_inactive,false
2586,673,false,false,false,false,false,,,,true,UNMAPPED,,false
2587,675,false,false,false,true,true,003158,675,false,true,RECONCILIATION_REQUIRED,mapped_inactive,false
2588,679,false,false,false,false,false,,,,true,UNMAPPED,,false
2589,681,false,false,false,false,false,,,,true,UNMAPPED,,false
2590,693,false,false,false,false,false,,,,true,UNMAPPED,,false
2591,695,false,false,false,false,false,,,,true,UNMAPPED,,false
2592,699,false,false,false,true,true,003157,699,false,true,RECONCILIATION_REQUIRED,mapped_inactive,false
2593,703,false,false,false,false,false,,,,true,UNMAPPED,,false
2594,710,false,false,false,false,false,,,,true,UNMAPPED,,false
2595,712,false,false,false,false,false,,,,true,UNMAPPED,,false
2596,714,false,false,false,false,false,,,,true,UNMAPPED,,false
2597,716,false,false,false,false,false,,,,true,UNMAPPED,,false
2598,718,false,false,false,false,false,,,,true,UNMAPPED,,false
2599,720,false,false,false,false,false,,,,true,UNMAPPED,,false
2600,722,false,false,false,false,false,,,,true,UNMAPPED,,false
2601,724,false,false,false,false,false,,,,true,UNMAPPED,,false
2602,726,false,false,false,false,false,,,,true,UNMAPPED,,false
2603,728,false,false,false,false,false,,,,true,UNMAPPED,,false
2604,730,false,false,false,false,false,,,,true,UNMAPPED,,false
2605,732,false,false,false,true,true,003156,732,false,true,RECONCILIATION_REQUIRED,mapped_inactive,false
2606,734,false,false,false,false,false,,,,true,UNMAPPED,,false
2607,736,false,false,false,true,true,003155,736,false,true,RECONCILIATION_REQUIRED,mapped_inactive,false
2608,738,false,false,false,true,true,003154,738,false,true,RECONCILIATION_REQUIRED,mapped_inactive,false
2609,744,false,false,false,true,true,003153,744,false,true,RECONCILIATION_REQUIRED,mapped_inactive,false
2610,746,false,false,false,true,true,003152,746,false,true,RECONCILIATION_REQUIRED,mapped_inactive,false
2611,750,false,false,false,true,true,003151,750,false,true,RECONCILIATION_REQUIRED,mapped_inactive,false
2612,752,false,false,false,true,true,003150,752,false,true,RECONCILIATION_REQUIRED,mapped_inactive,false
2613,754,false,false,false,true,true,003149,754,false,true,RECONCILIATION_REQUIRED,mapped_inactive,false
2614,756,false,false,false,true,true,003148,756,false,true,RECONCILIATION_REQUIRED,mapped_inactive,false
2615,758,false,false,false,true,true,003147,758,false,true,RECONCILIATION_REQUIRED,mapped_inactive,false
2616,760,false,false,false,true,true,003146,760,false,true,RECONCILIATION_REQUIRED,mapped_inactive,false
2617,762,false,false,false,true,true,003145,762,false,true,RECONCILIATION_REQUIRED,mapped_inactive,false
2618,764,false,false,false,true,true,003144,764,false,true,RECONCILIATION_REQUIRED,mapped_inactive,false
2619,770,false,false,false,true,true,003143,770,false,true,RECONCILIATION_REQUIRED,mapped_inactive,false
2620,772,false,false,false,true,true,003142,772,false,true,RECONCILIATION_REQUIRED,mapped_inactive,false
2621,775,false,false,false,true,true,003141,775,false,true,RECONCILIATION_REQUIRED,mapped_inactive,false
2622,777,false,false,false,true,true,003140,777,false,true,RECONCILIATION_REQUIRED,mapped_inactive,false
2623,779,false,false,false,true,true,003139,779,false,true,RECONCILIATION_REQUIRED,mapped_inactive,false
2624,781,false,false,false,true,true,003138,781,false,true,RECONCILIATION_REQUIRED,mapped_inactive,false
2625,783,false,false,false,true,true,003137,783,false,true,RECONCILIATION_REQUIRED,mapped_inactive,false
2626,835,false,false,false,true,true,003136,835,false,true,RECONCILIATION_REQUIRED,mapped_inactive,false
2627,837,false,false,false,true,true,003135,837,false,true,RECONCILIATION_REQUIRED,mapped_inactive,false
2628,839,false,false,false,true,true,003134,839,false,true,RECONCILIATION_REQUIRED,mapped_inactive,false
2629,841,false,false,false,true,true,003133,841,false,true,RECONCILIATION_REQUIRED,mapped_inactive,false
2630,843,false,false,false,true,true,003132,843,false,true,RECONCILIATION_REQUIRED,mapped_inactive,false
2631,VN10010,false,false,false,true,true,003131,VN10010,false,true,RECONCILIATION_REQUIRED,mapped_inactive,false
2632,VN10085-3,false,false,false,false,false,,,,true,UNMAPPED,,false
2633,VN10085-2,false,false,false,false,false,,,,true,UNMAPPED,,false
2634,VN10085,false,false,false,false,false,,,,true,UNMAPPED,,false
2635,904,false,false,false,false,false,,,,true,UNMAPPED,,false
2636,906,false,false,false,false,false,,,,true,UNMAPPED,,false
2637,908,false,false,false,false,false,,,,true,UNMAPPED,,false
2638,910,false,false,false,false,false,,,,true,UNMAPPED,,false
2639,912,false,false,false,false,false,,,,true,UNMAPPED,,false
2640,914,false,false,false,false,false,,,,true,UNMAPPED,,false
2641,916,false,false,false,false,false,,,,true,UNMAPPED,,false
2642,918,false,false,false,true,true,003130,918,false,true,RECONCILIATION_REQUIRED,mapped_inactive,false
2643,920,false,false,false,false,false,,,,true,UNMAPPED,,false
2644,922,false,false,false,false,false,,,,true,UNMAPPED,,false
2645,924,false,false,false,true,true,003129,924,false,true,RECONCILIATION_REQUIRED,mapped_inactive,false
2646,926,false,false,false,false,false,,,,true,UNMAPPED,,false
2647,928,false,false,false,false,false,,,,true,UNMAPPED,,false
2648,931,false,false,false,true,true,003128,931,false,true,RECONCILIATION_REQUIRED,mapped_inactive,false
2649,933,false,false,false,false,false,,,,true,UNMAPPED,,false
2650,935,false,false,false,false,false,,,,true,UNMAPPED,,false
2651,937,false,false,false,false,false,,,,true,UNMAPPED,,false
2652,939,false,false,false,false,false,,,,true,UNMAPPED,,false
2653,941,false,false,false,false,false,,,,true,UNMAPPED,,false
2654,943,false,false,false,true,true,003127,943,false,true,RECONCILIATION_REQUIRED,mapped_inactive,false
2655,945,false,false,false,false,false,,,,true,UNMAPPED,,false
2656,947,false,false,false,false,false,,,,true,UNMAPPED,,false
2657,949,false,false,false,false,false,,,,true,UNMAPPED,,false
2658,951,false,false,false,true,true,003126,951,false,true,RECONCILIATION_REQUIRED,mapped_inactive,false
2659,953,false,false,false,false,false,,,,true,UNMAPPED,,false
2660,955,false,false,false,false,false,,,,true,UNMAPPED,,false
2661,957,false,false,false,false,false,,,,true,UNMAPPED,,false
2662,960,false,false,false,false,false,,,,true,UNMAPPED,,false
2663,962,false,false,false,false,false,,,,true,UNMAPPED,,false
2664,968,false,false,false,false,false,,,,true,UNMAPPED,,false
2665,970,false,false,false,false,false,,,,true,UNMAPPED,,false
2666,971,false,false,false,true,true,003125,971,false,true,RECONCILIATION_REQUIRED,mapped_inactive,false
2667,973,false,false,false,true,true,003124,973,false,true,RECONCILIATION_REQUIRED,mapped_inactive,false
2668,975,false,false,false,false,false,,,,true,UNMAPPED,,false
2669,976,false,false,false,false,false,,,,true,UNMAPPED,,false
2670,977,false,false,false,true,true,003123,977,false,true,RECONCILIATION_REQUIRED,mapped_inactive,false
2671,978,false,false,false,false,false,,,,true,UNMAPPED,,false
2672,979,false,false,false,true,true,003122,979,false,true,RECONCILIATION_REQUIRED,mapped_inactive,false
2673,980,false,false,false,false,false,,,,true,UNMAPPED,,false
2674,981,false,false,false,false,false,,,,true,UNMAPPED,,false
2675,982,false,false,false,false,false,,,,true,UNMAPPED,,false
2676,983,false,false,false,false,false,,,,true,UNMAPPED,,false
2677,984,false,false,false,false,false,,,,true,UNMAPPED,,false
2678,985,false,false,false,false,false,,,,true,UNMAPPED,,false
2679,986,false,false,false,false,false,,,,true,UNMAPPED,,false
2680,987,false,false,false,false,false,,,,true,UNMAPPED,,false
2681,988,false,false,false,false,false,,,,true,UNMAPPED,,false
2682,989,false,false,false,true,true,003121,989,false,true,RECONCILIATION_REQUIRED,mapped_inactive,false
2683,990,false,false,false,false,false,,,,true,UNMAPPED,,false
2684,991,false,false,false,false,false,,,,true,UNMAPPED,,false
2685,992,false,false,false,false,false,,,,true,UNMAPPED,,false
2686,993,false,false,false,true,true,003120,993,false,true,RECONCILIATION_REQUIRED,mapped_inactive,false
2687,994,false,false,false,false,false,,,,true,UNMAPPED,,false
2688,1041,false,false,false,false,false,,,,true,UNMAPPED,,false
2689,1043,false,false,false,false,false,,,,true,UNMAPPED,,false
2690,1045,false,false,false,false,false,,,,true,UNMAPPED,,false
2691,1047,false,false,false,false,false,,,,true,UNMAPPED,,false
2692,1049,false,false,false,false,false,,,,true,UNMAPPED,,false
2693,1051,false,false,false,false,false,,,,true,UNMAPPED,,false
2694,1053,false,false,false,false,false,,,,true,UNMAPPED,,false
2695,1055,false,false,false,false,false,,,,true,UNMAPPED,,false
2696,1057,false,false,false,false,false,,,,true,UNMAPPED,,false
2697,1059,false,false,false,false,false,,,,true,UNMAPPED,,false
2698,1061,false,false,false,false,false,,,,true,UNMAPPED,,false
2699,1063,false,false,false,false,false,,,,true,UNMAPPED,,false
2700,1065,false,false,false,false,false,,,,true,UNMAPPED,,false
2701,1067,false,false,false,false,false,,,,true,UNMAPPED,,false
2702,1069,false,false,false,false,false,,,,true,UNMAPPED,,false
2703,1071,false,false,false,false,false,,,,true,UNMAPPED,,false
2704,1073,false,false,false,false,false,,,,true,UNMAPPED,,false
2705,1075,false,false,false,false,false,,,,true,UNMAPPED,,false
2706,1077,false,false,false,false,false,,,,true,UNMAPPED,,false
2707,1079,false,false,false,false,false,,,,true,UNMAPPED,,false
2708,1081,false,false,false,false,false,,,,true,UNMAPPED,,false
2709,1083,false,false,false,false,false,,,,true,UNMAPPED,,false
2710,1085,false,false,false,false,false,,,,true,UNMAPPED,,false
2711,1087,false,false,false,false,false,,,,true,UNMAPPED,,false
2712,1089,false,false,false,false,false,,,,true,UNMAPPED,,false
2713,1091,false,false,false,false,false,,,,true,UNMAPPED,,false
2714,1093,false,false,false,false,false,,,,true,UNMAPPED,,false
2715,1095,false,false,false,false,false,,,,true,UNMAPPED,,false
2716,1097,false,false,false,false,false,,,,true,UNMAPPED,,false
2717,1099,false,false,false,false,false,,,,true,UNMAPPED,,false
2718,1101,false,false,false,false,false,,,,true,UNMAPPED,,false
2719,1103,false,false,false,false,false,,,,true,UNMAPPED,,false
2720,1105,false,false,false,false,false,,,,true,UNMAPPED,,false
2721,1107,false,false,false,false,false,,,,true,UNMAPPED,,false
2722,1109,false,false,false,false,false,,,,true,UNMAPPED,,false
2723,1111,false,false,false,false,false,,,,true,UNMAPPED,,false
2724,1113,false,false,false,false,false,,,,true,UNMAPPED,,false
2725,1115,false,false,false,false,false,,,,true,UNMAPPED,,false
2726,1117,false,false,false,false,false,,,,true,UNMAPPED,,false
2727,1119,false,false,false,false,false,,,,true,UNMAPPED,,false
2728,1121,false,false,false,false,false,,,,true,UNMAPPED,,false
2729,1123,false,false,false,false,false,,,,true,UNMAPPED,,false
2730,1125,false,false,false,false,false,,,,true,UNMAPPED,,false
2731,RF151-4,false,false,false,false,false,,,,true,UNMAPPED,,false
2732,LF151-5,false,false,false,false,false,,,,true,UNMAPPED,,false
2733,RF151-3,false,false,false,false,false,,,,true,UNMAPPED,,false
2734,LF151-4,false,false,false,false,false,,,,true,UNMAPPED,,false
2735,RF151-2,false,false,false,false,false,,,,true,UNMAPPED,,false
2736,LF151-3,false,false,false,false,false,,,,true,UNMAPPED,,false
2737,RF151,false,false,false,false,false,,,,true,UNMAPPED,,false
2738,LF151-2,false,false,false,false,false,,,,true,UNMAPPED,,false
2739,LF151,false,false,false,false,false,,,,true,UNMAPPED,,false
2740,1145,false,false,false,false,false,,,,true,UNMAPPED,,false
2741,1147,false,false,false,false,false,,,,true,UNMAPPED,,false
2742,1149,false,false,false,false,false,,,,true,UNMAPPED,,false
2743,1151,false,false,false,false,false,,,,true,UNMAPPED,,false
2744,1159,false,false,false,true,true,003119,1159,false,true,RECONCILIATION_REQUIRED,mapped_inactive,false
2745,1228,false,false,false,false,false,,,,true,UNMAPPED,,false
2746,1230,false,false,false,false,false,,,,true,UNMAPPED,,false
2747,1232,false,false,false,false,false,,,,true,UNMAPPED,,false
2748,1234,false,false,false,false,false,,,,true,UNMAPPED,,false
2749,1236,false,false,false,false,false,,,,true,UNMAPPED,,false
2750,1238,false,false,false,true,true,003118,1238,false,true,RECONCILIATION_REQUIRED,mapped_inactive,false
2751,TC312,false,false,false,true,true,003117,TC312,false,true,RECONCILIATION_REQUIRED,mapped_inactive,false
2752,TC820,false,false,false,true,true,003116,TC820,false,true,RECONCILIATION_REQUIRED,mapped_inactive,false
2753,TC1433,false,false,false,false,false,,,,true,UNMAPPED,,false
2754,36276,false,true,true,false,false,,,,true,UNMAPPED,,false
2755,1249,false,false,false,false,false,,,,true,UNMAPPED,,false
2756,1251,false,false,false,true,true,003115,1251,false,true,RECONCILIATION_REQUIRED,mapped_inactive,false
2757,1253,false,false,false,false,false,,,,true,UNMAPPED,,false
2758,1255,false,false,false,false,false,,,,true,UNMAPPED,,false
2759,1257,false,false,false,true,true,003114,1257,false,true,RECONCILIATION_REQUIRED,mapped_inactive,false
2760,1259,false,false,false,false,false,,,,true,UNMAPPED,,false
2761,1261,false,false,false,false,false,,,,true,UNMAPPED,,false
2762,1263,false,false,false,false,false,,,,true,UNMAPPED,,false
2763,1265,false,false,false,false,false,,,,true,UNMAPPED,,false
2764,1267,false,false,false,false,false,,,,true,UNMAPPED,,false
2765,1269,false,false,false,false,false,,,,true,UNMAPPED,,false
2766,1322,false,false,false,false,false,,,,true,UNMAPPED,,false
2767,1326,false,false,false,true,true,003113,1326,false,true,RECONCILIATION_REQUIRED,mapped_inactive,false
2768,1328,false,false,false,true,true,003112,1328,false,true,RECONCILIATION_REQUIRED,mapped_inactive,false
2769,1330,false,false,false,false,false,,,,true,UNMAPPED,,false
2770,1332,false,false,false,false,false,,,,true,UNMAPPED,,false
2771,1334,false,false,false,true,true,003111,1334,false,true,RECONCILIATION_REQUIRED,mapped_inactive,false
2772,1336,false,false,false,true,true,003110,1336,false,true,RECONCILIATION_REQUIRED,mapped_inactive,false
2773,1338,false,false,false,true,true,003109,1338,false,true,RECONCILIATION_REQUIRED,mapped_inactive,false
2774,1340,false,false,false,false,false,,,,true,UNMAPPED,,false
2775,1342,false,false,false,false,false,,,,true,UNMAPPED,,false
2776,1344,false,false,false,false,false,,,,true,UNMAPPED,,false
2777,1346,false,false,false,false,false,,,,true,UNMAPPED,,false
2778,1365,false,false,false,true,true,003108,1365,false,true,RECONCILIATION_REQUIRED,mapped_inactive,false
2779,1367,false,false,false,false,false,,,,true,UNMAPPED,,false
2780,1369,false,false,false,false,false,,,,true,UNMAPPED,,false
2781,1371,false,false,false,true,true,003107,1371,false,true,RECONCILIATION_REQUIRED,mapped_inactive,false
2782,1373,false,false,false,false,false,,,,true,UNMAPPED,,false
2783,1390,false,false,false,true,true,003106,1390,false,true,RECONCILIATION_REQUIRED,mapped_inactive,false
2784,1401,false,false,false,false,false,,,,true,UNMAPPED,,false
2785,1403,false,false,false,false,false,,,,true,UNMAPPED,,false
2786,1405,false,false,false,true,true,003105,1405,false,true,RECONCILIATION_REQUIRED,mapped_inactive,false
2787,1417,false,false,false,true,true,003104,1417,false,true,RECONCILIATION_REQUIRED,mapped_inactive,false
2788,1419,false,false,false,true,true,003103,1419,false,true,RECONCILIATION_REQUIRED,mapped_inactive,false
2789,1421,false,false,false,true,true,003102,1421,false,true,RECONCILIATION_REQUIRED,mapped_inactive,false
2790,1423,false,false,false,true,true,003101,1423,false,true,RECONCILIATION_REQUIRED,mapped_inactive,false
2791,1425,false,false,false,true,true,003100,1425,false,true,RECONCILIATION_REQUIRED,mapped_inactive,false
2792,1427,false,false,false,true,true,003099,1427,false,true,RECONCILIATION_REQUIRED,mapped_inactive,false
2793,1429,false,false,false,true,true,003098,1429,false,true,RECONCILIATION_REQUIRED,mapped_inactive,false
2794,1431,false,false,false,true,true,003097,1431,false,true,RECONCILIATION_REQUIRED,mapped_inactive,false
2795,1433,false,false,false,true,true,003096,1433,false,true,RECONCILIATION_REQUIRED,mapped_inactive,false
2796,1435,false,false,false,true,true,003095,1435,false,true,RECONCILIATION_REQUIRED,mapped_inactive,false
2797,1447,false,false,false,true,true,003094,1447,false,true,RECONCILIATION_REQUIRED,mapped_inactive,false
2798,1449,false,false,false,true,true,003093,1449,false,true,RECONCILIATION_REQUIRED,mapped_inactive,false
2799,1451,false,false,false,true,true,003092,1451,false,true,RECONCILIATION_REQUIRED,mapped_inactive,false
2800,1533,false,false,false,true,true,003091,1533,false,true,RECONCILIATION_REQUIRED,mapped_inactive,false
2801,1549,false,false,false,true,true,003090,1549,false,true,RECONCILIATION_REQUIRED,mapped_inactive,false
2802,1551,false,false,false,false,false,,,,true,UNMAPPED,,false
2803,1553,false,false,false,false,false,,,,true,UNMAPPED,,false
2804,1555,false,false,false,true,true,003089,1555,false,true,RECONCILIATION_REQUIRED,mapped_inactive,false
2805,1557,false,false,false,false,false,,,,true,UNMAPPED,,false
2806,1559,false,false,false,false,false,,,,true,UNMAPPED,,false
2807,1572,false,false,false,true,true,003088,1572,false,true,RECONCILIATION_REQUIRED,mapped_inactive,false
2808,1574,false,false,false,false,false,,,,true,UNMAPPED,,false
2809,1576,false,false,false,false,false,,,,true,UNMAPPED,,false
2810,1580,false,false,false,false,false,,,,true,UNMAPPED,,false
2811,G250-160,false,false,false,false,false,,,,true,UNMAPPED,,false
2812,1593,false,false,false,false,false,,,,true,UNMAPPED,,false
2813,1595,false,false,false,true,true,003087,1595,false,true,RECONCILIATION_REQUIRED,mapped_inactive,false
2814,1597,false,false,false,false,false,,,,true,UNMAPPED,,false
2815,1599,false,false,false,false,false,,,,true,UNMAPPED,,false
2816,1601,false,false,false,false,false,,,,true,UNMAPPED,,false
2817,1635,false,false,false,false,false,,,,true,UNMAPPED,,false
2818,1637,false,false,false,true,true,003086,1637,false,true,RECONCILIATION_REQUIRED,mapped_inactive,false
2819,1639,false,false,false,true,true,003085,1639,false,true,RECONCILIATION_REQUIRED,mapped_inactive,false
2820,1641,false,false,false,true,true,003084,1641,false,true,RECONCILIATION_REQUIRED,mapped_inactive,false
2821,1643,false,false,false,true,true,003083,1643,false,true,RECONCILIATION_REQUIRED,mapped_inactive,false
2822,1645,false,false,false,true,true,003082,1645,false,true,RECONCILIATION_REQUIRED,mapped_inactive,false
2823,1646,false,false,false,true,true,003081,1646,false,true,RECONCILIATION_REQUIRED,mapped_inactive,false
2824,1647,false,false,false,true,true,003080,1647,false,true,RECONCILIATION_REQUIRED,mapped_inactive,false
2825,1648,false,false,false,true,true,003079,1648,false,true,RECONCILIATION_REQUIRED,mapped_inactive,false
2826,1652,false,false,false,true,true,003078,1652,false,true,RECONCILIATION_REQUIRED,mapped_inactive,false
2827,1674,false,false,false,true,true,003077,1674,false,true,RECONCILIATION_REQUIRED,mapped_inactive,false
2828,1676,false,false,false,true,true,003076,1676,false,true,RECONCILIATION_REQUIRED,mapped_inactive,false
2829,1678,false,false,false,true,true,003075,1678,false,true,RECONCILIATION_REQUIRED,mapped_inactive,false
2830,1681,false,false,false,true,true,003074,1681,false,true,RECONCILIATION_REQUIRED,mapped_inactive,false
2831,1683,false,false,false,true,true,003073,1683,false,true,RECONCILIATION_REQUIRED,mapped_inactive,false
2832,NT30-TO-NT40,false,false,false,true,true,003072,NT30-TO-NT40,false,true,RECONCILIATION_REQUIRED,mapped_inactive,false
2833,1691,false,false,false,true,true,003071,1691,false,true,RECONCILIATION_REQUIRED,mapped_inactive,false
2834,1693,false,false,false,true,true,003070,1693,false,true,RECONCILIATION_REQUIRED,mapped_inactive,false
2835,1698,false,false,false,true,true,003069,1698,false,true,RECONCILIATION_REQUIRED,mapped_inactive,false
2836,1700,false,false,false,true,true,003068,1700,false,true,RECONCILIATION_REQUIRED,mapped_inactive,false
2837,1702,false,false,false,true,true,003067,1702,false,true,RECONCILIATION_REQUIRED,mapped_inactive,false
2838,1842,false,false,false,true,true,003066,1842,false,true,RECONCILIATION_REQUIRED,mapped_inactive,false
2839,1844,false,false,false,true,true,003065,1844,false,true,RECONCILIATION_REQUIRED,mapped_inactive,false
2840,1846,false,false,false,true,true,003064,1846,false,true,RECONCILIATION_REQUIRED,mapped_inactive,false
2841,1850,false,false,false,true,true,003063,1850,false,true,RECONCILIATION_REQUIRED,mapped_inactive,false
2842,1852,false,false,false,true,true,003062,1852,false,true,RECONCILIATION_REQUIRED,mapped_inactive,false
2843,1882,false,false,false,true,true,003061,1882,false,true,RECONCILIATION_REQUIRED,mapped_inactive,false
2844,1884,false,false,false,true,true,003060,1884,false,true,RECONCILIATION_REQUIRED,mapped_inactive,false
2845,1886,false,false,false,true,true,003059,1886,false,true,RECONCILIATION_REQUIRED,mapped_inactive,false
2846,1888,false,false,false,true,true,003058,1888,false,true,RECONCILIATION_REQUIRED,mapped_inactive,false
2847,1892,false,false,false,true,true,003057,1892,false,true,RECONCILIATION_REQUIRED,mapped_inactive,false
2848,1894,false,false,false,true,true,003056,1894,false,true,RECONCILIATION_REQUIRED,mapped_inactive,false
2849,1896,false,false,false,true,true,003055,1896,false,true,RECONCILIATION_REQUIRED,mapped_inactive,false
2850,1898,false,false,false,true,true,003054,1898,false,true,RECONCILIATION_REQUIRED,mapped_inactive,false
2851,1900,false,false,false,true,true,003053,1900,false,true,RECONCILIATION_REQUIRED,mapped_inactive,false
2852,1902,false,false,false,true,true,003052,1902,false,true,RECONCILIATION_REQUIRED,mapped_inactive,false
2853,1904,false,false,false,true,true,003051,1904,false,true,RECONCILIATION_REQUIRED,mapped_inactive,false
2854,1906,false,false,false,true,true,003050,1906,false,true,RECONCILIATION_REQUIRED,mapped_inactive,false
2855,1908,false,false,false,true,true,003049,1908,false,true,RECONCILIATION_REQUIRED,mapped_inactive,false
2856,1910,false,false,false,true,true,003048,1910,false,true,RECONCILIATION_REQUIRED,mapped_inactive,false
2857,1912,false,false,false,true,true,003047,1912,false,true,RECONCILIATION_REQUIRED,mapped_inactive,false
2858,1914,false,false,false,true,true,003046,1914,false,true,RECONCILIATION_REQUIRED,mapped_inactive,false
2859,1918,false,false,false,true,true,003045,1918,false,true,RECONCILIATION_REQUIRED,mapped_inactive,false
2860,1920,false,false,false,true,true,003044,1920,false,true,RECONCILIATION_REQUIRED,mapped_inactive,false
2861,1922,false,false,false,true,true,003043,1922,false,true,RECONCILIATION_REQUIRED,mapped_inactive,false
2862,1924,false,false,false,true,true,003042,1924,false,true,RECONCILIATION_REQUIRED,mapped_inactive,false
2863,121311,false,false,false,true,true,003041,121311,false,true,RECONCILIATION_REQUIRED,mapped_inactive,false
2864,1928,false,false,false,true,true,003040,1928,false,true,RECONCILIATION_REQUIRED,mapped_inactive,false
2865,1930,false,false,false,true,true,003039,1930,false,true,RECONCILIATION_REQUIRED,mapped_inactive,false
2866,ISO2080,false,false,false,true,true,003038,ISO2080,false,true,RECONCILIATION_REQUIRED,mapped_inactive,false
2867,1934,false,false,false,true,true,003037,1934,false,true,RECONCILIATION_REQUIRED,mapped_inactive,false
2868,1936,false,false,false,true,true,003036,1936,false,true,RECONCILIATION_REQUIRED,mapped_inactive,false
2869,1939,false,false,false,true,true,003035,1939,false,true,RECONCILIATION_REQUIRED,mapped_inactive,false
2870,1941,false,false,false,true,true,003034,1941,false,true,RECONCILIATION_REQUIRED,mapped_inactive,false
2871,1943,false,false,false,true,true,003033,1943,false,true,RECONCILIATION_REQUIRED,mapped_inactive,false
2872,1945,false,false,false,true,true,003032,1945,false,true,RECONCILIATION_REQUIRED,mapped_inactive,false
2873,1947,false,false,false,false,false,,,,true,UNMAPPED,,false
2874,1949,false,false,false,false,false,,,,true,UNMAPPED,,false
2875,1951,false,false,false,false,false,,,,true,UNMAPPED,,false
2876,1963,false,false,false,false,false,,,,true,UNMAPPED,,false
2877,1982,false,false,false,false,false,,,,true,UNMAPPED,,false
2878,1984,false,false,false,false,false,,,,true,UNMAPPED,,false
2879,1986,false,false,false,false,false,,,,true,UNMAPPED,,false
2880,1988,false,false,false,false,false,,,,true,UNMAPPED,,false
2881,1990,false,false,false,false,false,,,,true,UNMAPPED,,false
2882,1992,false,false,false,false,false,,,,true,UNMAPPED,,false
2883,1994,false,false,false,false,false,,,,true,UNMAPPED,,false
2884,1996,false,false,false,false,false,,,,true,UNMAPPED,,false
2885,1998,false,false,false,false,false,,,,true,UNMAPPED,,false
2886,2004,false,false,false,false,false,,,,true,UNMAPPED,,false
2887,2006,false,false,false,false,false,,,,true,UNMAPPED,,false
2888,2008,false,false,false,false,false,,,,true,UNMAPPED,,false
2889,2010,false,false,false,true,true,003031,2010,false,true,RECONCILIATION_REQUIRED,mapped_inactive,false
2890,2012,false,false,false,false,false,,,,true,UNMAPPED,,false
2891,2014,false,false,false,false,false,,,,true,UNMAPPED,,false
2892,2016,false,false,false,true,true,003030,2016,false,true,RECONCILIATION_REQUIRED,mapped_inactive,false
2893,2020,false,false,false,true,true,003029,2020,false,true,RECONCILIATION_REQUIRED,mapped_inactive,false
2894,2022,false,false,false,false,false,,,,true,UNMAPPED,,false
2895,2024,false,false,false,false,false,,,,true,UNMAPPED,,false
2896,2026,false,false,false,false,false,,,,true,UNMAPPED,,false
2897,2028,false,false,false,true,true,003028,2028,false,true,RECONCILIATION_REQUIRED,mapped_inactive,false
2898,2030,false,false,false,false,false,,,,true,UNMAPPED,,false
2899,2032,false,false,false,false,false,,,,true,UNMAPPED,,false
2900,2034,false,false,false,false,false,,,,true,UNMAPPED,,false
2901,2036,false,false,false,true,true,003027,2036,false,true,RECONCILIATION_REQUIRED,mapped_inactive,false
2902,2038,false,false,false,false,false,,,,true,UNMAPPED,,false
2903,2040,false,false,false,false,false,,,,true,UNMAPPED,,false
2904,2042,false,false,false,false,false,,,,true,UNMAPPED,,false
2905,2044,false,false,false,false,false,,,,true,UNMAPPED,,false
2906,2046,false,false,false,true,true,003026,2046,false,true,RECONCILIATION_REQUIRED,mapped_inactive,false
2907,A40,false,false,false,true,true,003025,A40,false,true,RECONCILIATION_REQUIRED,mapped_inactive,false
2908,A32-2,false,false,false,false,false,,,,true,UNMAPPED,,false
2909,T40,false,false,false,true,true,003024,T40,false,true,RECONCILIATION_REQUIRED,mapped_inactive,false
2910,T25,false,false,false,false,false,,,,true,UNMAPPED,,false
2911,ISO30,false,false,false,false,false,,,,true,UNMAPPED,,false
2912,A32,false,false,false,false,false,,,,true,UNMAPPED,,false
2913,BT40-E226,false,false,false,false,false,,,,true,UNMAPPED,,false
2914,M20,false,false,false,false,false,,,,true,UNMAPPED,,false
2915,2064,false,false,false,true,true,003023,2064,false,true,RECONCILIATION_REQUIRED,mapped_inactive,false
2916,2066,false,false,false,false,false,,,,true,UNMAPPED,,false
2917,2068,false,false,false,true,true,003022,2068,false,true,RECONCILIATION_REQUIRED,mapped_inactive,false
2918,2070,false,false,false,true,true,003021,2070,false,true,RECONCILIATION_REQUIRED,mapped_inactive,false
2919,2074,false,false,false,true,true,003020,2074,false,true,RECONCILIATION_REQUIRED,mapped_inactive,false
2920,2076,false,false,false,true,true,003019,2076,false,true,RECONCILIATION_REQUIRED,mapped_inactive,false
2921,2078,false,false,false,true,true,003018,2078,false,true,RECONCILIATION_REQUIRED,mapped_inactive,false
2922,2080,false,false,false,true,true,003017,2080,false,true,RECONCILIATION_REQUIRED,mapped_inactive,false
2923,2082,false,false,false,true,true,003016,2082,false,true,RECONCILIATION_REQUIRED,mapped_inactive,false
2924,2129,false,false,false,true,true,003015,2129,false,true,RECONCILIATION_REQUIRED,mapped_inactive,false
2925,2131,false,false,false,true,true,003014,2131,false,true,RECONCILIATION_REQUIRED,mapped_inactive,false
2926,2200,false,false,false,true,true,003013,2200,false,true,RECONCILIATION_REQUIRED,mapped_inactive,false
2927,2239,false,false,false,true,true,003012,2239,false,true,RECONCILIATION_REQUIRED,mapped_inactive,false
2928,2291,false,false,false,true,true,003011,2291,false,true,RECONCILIATION_REQUIRED,mapped_inactive,false
2929,2295,false,false,false,true,true,003010,2295,false,true,RECONCILIATION_REQUIRED,mapped_inactive,false
2930,2296,false,false,false,true,true,003009,2296,false,true,RECONCILIATION_REQUIRED,mapped_inactive,false
2931,2298,false,false,false,true,true,003008,2298,false,true,RECONCILIATION_REQUIRED,mapped_inactive,false
2932,2380,false,false,false,true,true,003007,2380,false,true,RECONCILIATION_REQUIRED,mapped_inactive,false
2933,2382,false,false,false,true,true,003006,2382,false,true,RECONCILIATION_REQUIRED,mapped_inactive,false
2934,2384,false,false,false,true,true,003005,2384,false,true,RECONCILIATION_REQUIRED,mapped_inactive,false
2935,2386,false,false,false,true,true,003004,2386,false,true,RECONCILIATION_REQUIRED,mapped_inactive,false
2936,2388,false,false,false,true,true,003003,2388,false,true,RECONCILIATION_REQUIRED,mapped_inactive,false
2937,2390,false,false,false,true,true,003002,2390,false,true,RECONCILIATION_REQUIRED,mapped_inactive,false
2938,2392,false,false,false,true,true,003001,2392,false,true,RECONCILIATION_REQUIRED,mapped_inactive,false
2939,2394,false,false,false,true,true,003000,2394,false,true,RECONCILIATION_REQUIRED,mapped_inactive,false
2940,2396,false,false,false,true,true,002999,2396,false,true,RECONCILIATION_REQUIRED,mapped_inactive,false
2941,2398,false,false,false,true,true,002998,2398,false,true,RECONCILIATION_REQUIRED,mapped_inactive,false
2942,2400,false,false,false,true,true,002997,2400,false,true,RECONCILIATION_REQUIRED,mapped_inactive,false
2943,2402,false,false,false,true,true,002996,2402,false,true,RECONCILIATION_REQUIRED,mapped_inactive,false
2944,2403,false,false,false,true,true,002995,2403,false,true,RECONCILIATION_REQUIRED,mapped_inactive,false
2945,2404,false,false,false,true,true,002994,2404,false,true,RECONCILIATION_REQUIRED,mapped_inactive,false
2946,2405,false,false,false,true,true,002993,2405,false,true,RECONCILIATION_REQUIRED,mapped_inactive,false
2947,2406,false,false,false,true,true,002992,2406,false,true,RECONCILIATION_REQUIRED,mapped_inactive,false
2948,2407,false,false,false,true,true,002991,2407,false,true,RECONCILIATION_REQUIRED,mapped_inactive,false
2949,2408,false,false,false,true,true,002990,2408,false,true,RECONCILIATION_REQUIRED,mapped_inactive,false
2950,2410,false,false,false,true,true,002989,2410,false,true,RECONCILIATION_REQUIRED,mapped_inactive,false
2951,2412,false,false,false,true,true,002988,2412,false,true,RECONCILIATION_REQUIRED,mapped_inactive,false
2952,2414,false,false,false,true,true,002987,2414,false,true,RECONCILIATION_REQUIRED,mapped_inactive,false
2953,2416,false,false,false,true,true,002986,2416,false,true,RECONCILIATION_REQUIRED,mapped_inactive,false
2954,2419,false,false,false,true,true,002985,2419,false,true,RECONCILIATION_REQUIRED,mapped_inactive,false
2955,2421,false,false,false,true,true,002984,2421,false,true,RECONCILIATION_REQUIRED,mapped_inactive,false
2956,2423,false,false,false,true,true,002983,2423,false,true,RECONCILIATION_REQUIRED,mapped_inactive,false
2957,2425,false,false,false,true,true,002982,2425,false,true,RECONCILIATION_REQUIRED,mapped_inactive,false
2958,2427,false,false,false,true,true,002981,2427,false,true,RECONCILIATION_REQUIRED,mapped_inactive,false
2959,2430,false,false,false,true,true,002980,2430,false,true,RECONCILIATION_REQUIRED,mapped_inactive,false
2960,2432,false,false,false,true,true,002979,2432,false,true,RECONCILIATION_REQUIRED,mapped_inactive,false
2961,2434,false,false,false,true,true,002978,2434,false,true,RECONCILIATION_REQUIRED,mapped_inactive,false
2962,2436,false,false,false,true,true,002977,2436,false,true,RECONCILIATION_REQUIRED,mapped_inactive,false
2963,2439,false,false,false,true,true,002976,2439,false,true,RECONCILIATION_REQUIRED,mapped_inactive,false
2964,2441,false,false,false,true,true,002975,2441,false,true,RECONCILIATION_REQUIRED,mapped_inactive,false
2965,2443,false,false,false,true,true,002974,2443,false,true,RECONCILIATION_REQUIRED,mapped_inactive,false
2966,2445,false,false,false,true,true,002973,2445,false,true,RECONCILIATION_REQUIRED,mapped_inactive,false
2967,2447,false,false,false,true,true,002972,2447,false,true,RECONCILIATION_REQUIRED,mapped_inactive,false
2968,2449,false,false,false,true,true,002971,2449,false,true,RECONCILIATION_REQUIRED,mapped_inactive,false
2969,2451,false,false,false,true,true,002970,2451,false,true,RECONCILIATION_REQUIRED,mapped_inactive,false
2970,2453,false,false,false,true,true,002969,2453,false,true,RECONCILIATION_REQUIRED,mapped_inactive,false
2971,2455,false,false,false,true,true,002968,2455,false,true,RECONCILIATION_REQUIRED,mapped_inactive,false
2972,2458,false,false,false,true,true,002967,2458,false,true,RECONCILIATION_REQUIRED,mapped_inactive,false
2973,2460,false,false,false,true,true,002966,2460,false,true,RECONCILIATION_REQUIRED,mapped_inactive,false
2974,2462,false,false,false,true,true,002965,2462,false,true,RECONCILIATION_REQUIRED,mapped_inactive,false
2975,2862,false,false,false,true,true,002964,2862,false,true,RECONCILIATION_REQUIRED,mapped_inactive,false
2976,2864,false,false,false,true,true,002963,2864,false,true,RECONCILIATION_REQUIRED,mapped_inactive,false
2977,2866,false,false,false,true,true,002962,2866,false,true,RECONCILIATION_REQUIRED,mapped_inactive,false
2978,2868,false,false,false,true,true,002961,2868,false,true,RECONCILIATION_REQUIRED,mapped_inactive,false
2979,2870,false,false,false,true,true,002960,2870,false,true,RECONCILIATION_REQUIRED,mapped_inactive,false
2980,2872,false,false,false,true,true,002959,2872,false,true,RECONCILIATION_REQUIRED,mapped_inactive,false
2981,2874,false,false,false,true,true,002958,2874,false,true,RECONCILIATION_REQUIRED,mapped_inactive,false
2982,2876,false,false,false,true,true,002957,2876,false,true,RECONCILIATION_REQUIRED,mapped_inactive,false
2983,2878,false,false,false,true,true,002956,2878,false,true,RECONCILIATION_REQUIRED,mapped_inactive,false
2984,2880,false,false,false,true,true,002955,2880,false,true,RECONCILIATION_REQUIRED,mapped_inactive,false
2985,2882,false,false,false,true,true,002954,2882,false,true,RECONCILIATION_REQUIRED,mapped_inactive,false
2986,2884,false,false,false,true,true,002953,2884,false,true,RECONCILIATION_REQUIRED,mapped_inactive,false
2987,2886,false,false,false,true,true,002952,2886,false,true,RECONCILIATION_REQUIRED,mapped_inactive,false
2988,2888,false,false,false,true,true,002951,2888,false,true,RECONCILIATION_REQUIRED,mapped_inactive,false
2989,2966,false,false,false,true,true,002950,2966,false,true,RECONCILIATION_REQUIRED,mapped_inactive,false
2990,2969,false,false,false,true,true,002949,2969,false,true,RECONCILIATION_REQUIRED,mapped_inactive,false
2991,2971,false,false,false,true,true,002948,2971,false,true,RECONCILIATION_REQUIRED,mapped_inactive,false
2992,2973,false,false,false,true,true,002947,2973,false,true,RECONCILIATION_REQUIRED,mapped_inactive,false
2993,2975,false,false,false,true,true,002946,2975,false,true,RECONCILIATION_REQUIRED,mapped_inactive,false
2994,2977,false,false,false,false,false,,,,true,UNMAPPED,,false
2995,2979,false,false,false,false,false,,,,true,UNMAPPED,,false
2996,2981,false,false,false,false,false,,,,true,UNMAPPED,,false
2997,2983,false,false,false,false,false,,,,true,UNMAPPED,,false
2998,2985,false,false,false,false,false,,,,true,UNMAPPED,,false
2999,2987,false,false,false,false,false,,,,true,UNMAPPED,,false
3000,2989,false,false,false,false,false,,,,true,UNMAPPED,,false
3001,2991,false,false,false,false,false,,,,true,UNMAPPED,,false
3002,3068,false,false,false,false,false,,,,true,UNMAPPED,,false
3003,GH-413,false,false,false,false,false,,,,true,UNMAPPED,,false
3004,GH-1225,false,false,false,false,false,,,,true,UNMAPPED,,false
3005,213,false,false,false,false,false,,,,true,UNMAPPED,,false
3006,1225,false,false,false,false,false,,,,true,UNMAPPED,,false
3007,3102,false,false,false,false,false,,,,true,UNMAPPED,,false
3008,3104,false,false,false,false,false,,,,true,UNMAPPED,,false
3009,3106,false,false,false,false,false,,,,true,UNMAPPED,,false
3010,3109,false,false,false,false,false,,,,true,UNMAPPED,,false
3011,3111,false,false,false,false,false,,,,true,UNMAPPED,,false
3012,3113,false,false,false,false,false,,,,true,UNMAPPED,,false
3013,3115,false,false,false,false,false,,,,true,UNMAPPED,,false
3014,3117,false,false,false,false,false,,,,true,UNMAPPED,,false
3015,3119,false,false,false,false,false,,,,true,UNMAPPED,,false
3016,3121,false,false,false,false,false,,,,true,UNMAPPED,,false
3017,3123,false,false,false,false,false,,,,true,UNMAPPED,,false
3018,3125,false,false,false,false,false,,,,true,UNMAPPED,,false
3019,3127,false,false,false,false,false,,,,true,UNMAPPED,,false
3020,3129,false,false,false,false,false,,,,true,UNMAPPED,,false
3021,3131,false,false,false,false,false,,,,true,UNMAPPED,,false
3022,3133,false,false,false,false,false,,,,true,UNMAPPED,,false
3023,3135,false,false,false,true,true,002945,3135,false,true,RECONCILIATION_REQUIRED,mapped_inactive,false
3024,3137,false,false,false,false,false,,,,true,UNMAPPED,,false
3025,3139,false,false,false,false,false,,,,true,UNMAPPED,,false
3026,3141,false,false,false,false,false,,,,true,UNMAPPED,,false
3027,3143,false,false,false,false,false,,,,true,UNMAPPED,,false
3028,3145,false,false,false,true,true,002944,3145,false,true,RECONCILIATION_REQUIRED,mapped_inactive,false
3029,3147,false,false,false,false,false,,,,true,UNMAPPED,,false
3030,3149,false,false,false,true,true,002943,3149,false,true,RECONCILIATION_REQUIRED,mapped_inactive,false
3031,3151,false,false,false,false,false,,,,true,UNMAPPED,,false
3032,3153,false,false,false,true,true,002942,3153,false,true,RECONCILIATION_REQUIRED,mapped_inactive,false
3033,3155,false,false,false,true,true,002941,3155,false,true,RECONCILIATION_REQUIRED,mapped_inactive,false
3034,3157,false,false,false,true,true,002940,3157,false,true,RECONCILIATION_REQUIRED,mapped_inactive,false
3035,3159,false,false,false,false,false,,,,true,UNMAPPED,,false
3036,3161,false,false,false,false,false,,,,true,UNMAPPED,,false
3037,3163,false,false,false,false,false,,,,true,UNMAPPED,,false
3038,3165,false,false,false,false,false,,,,true,UNMAPPED,,false
3039,3167,false,false,false,false,false,,,,true,UNMAPPED,,false
3040,3169,false,false,false,false,false,,,,true,UNMAPPED,,false
3041,3171,false,false,false,false,false,,,,true,UNMAPPED,,false
3042,3173,false,false,false,true,true,002939,3173,false,true,RECONCILIATION_REQUIRED,mapped_inactive,false
3043,3175,false,false,false,false,false,,,,true,UNMAPPED,,false
3044,3177,false,false,false,false,false,,,,true,UNMAPPED,,false
3045,3179,false,false,false,false,false,,,,true,UNMAPPED,,false
3046,3181,false,false,false,false,false,,,,true,UNMAPPED,,false
3047,3183,false,false,false,true,true,002938,3183,false,true,RECONCILIATION_REQUIRED,mapped_inactive,false
3048,3185,false,false,false,false,false,,,,true,UNMAPPED,,false
3049,3187,false,false,false,false,false,,,,true,UNMAPPED,,false
3050,3189,false,false,false,false,false,,,,true,UNMAPPED,,false
3051,3191,false,false,false,true,true,002937,3191,false,true,RECONCILIATION_REQUIRED,mapped_inactive,false
3052,3193,false,false,false,false,false,,,,true,UNMAPPED,,false
3053,3195,false,false,false,false,false,,,,true,UNMAPPED,,false
3054,3200,false,false,false,false,false,,,,true,UNMAPPED,,false
3055,3202,false,false,false,false,false,,,,true,UNMAPPED,,false
3056,3204,false,false,false,true,true,002936,3204,false,true,RECONCILIATION_REQUIRED,mapped_inactive,false
3057,3206,false,false,false,true,true,002935,3206,false,true,RECONCILIATION_REQUIRED,mapped_inactive,false
3058,3208,false,false,false,false,false,,,,true,UNMAPPED,,false
3059,3210,false,false,false,true,true,002934,3210,false,true,RECONCILIATION_REQUIRED,mapped_inactive,false
3060,3212,false,false,false,true,true,002933,3212,false,true,RECONCILIATION_REQUIRED,mapped_inactive,false
3061,3214,false,false,false,true,true,002932,3214,false,true,RECONCILIATION_REQUIRED,mapped_inactive,false
3062,3217,false,false,false,true,true,002931,3217,false,true,RECONCILIATION_REQUIRED,mapped_inactive,false
3063,3219,false,false,false,true,true,002930,3219,false,true,RECONCILIATION_REQUIRED,mapped_inactive,false
3064,3221,false,false,false,true,true,002929,3221,false,true,RECONCILIATION_REQUIRED,mapped_inactive,false
3065,3223,false,false,false,true,true,002928,3223,false,true,RECONCILIATION_REQUIRED,mapped_inactive,false
3066,3227,false,false,false,true,true,002927,3227,false,true,RECONCILIATION_REQUIRED,mapped_inactive,false
3067,3229,false,false,false,true,true,002926,3229,false,true,RECONCILIATION_REQUIRED,mapped_inactive,false
3068,3231,false,false,false,true,true,002925,3231,false,true,RECONCILIATION_REQUIRED,mapped_inactive,false
3069,3233,false,false,false,true,true,002924,3233,false,true,RECONCILIATION_REQUIRED,mapped_inactive,false
3070,3235,false,false,false,true,true,002923,3235,false,true,RECONCILIATION_REQUIRED,mapped_inactive,false
3071,3237,false,false,false,true,true,002922,3237,false,true,RECONCILIATION_REQUIRED,mapped_inactive,false
3072,3239,false,false,false,true,true,002921,3239,false,true,RECONCILIATION_REQUIRED,mapped_inactive,false
3073,3241,false,false,false,true,true,002920,3241,false,true,RECONCILIATION_REQUIRED,mapped_inactive,false
3074,3245,false,false,false,true,true,002919,3245,false,true,RECONCILIATION_REQUIRED,mapped_inactive,false
3075,3247,false,false,false,true,true,002918,3247,false,true,RECONCILIATION_REQUIRED,mapped_inactive,false
3076,3249,false,false,false,true,true,002917,3249,false,true,RECONCILIATION_REQUIRED,mapped_inactive,false
3077,3253,false,false,false,true,true,002916,3253,false,true,RECONCILIATION_REQUIRED,mapped_inactive,false
3078,3254,false,false,false,true,true,002915,3254,false,true,RECONCILIATION_REQUIRED,mapped_inactive,false
3079,3257,false,false,false,true,true,002914,3257,false,true,RECONCILIATION_REQUIRED,mapped_inactive,false
3080,3260,false,false,false,true,true,002913,3260,false,true,RECONCILIATION_REQUIRED,mapped_inactive,false
3081,3262,false,false,false,true,true,002912,3262,false,true,RECONCILIATION_REQUIRED,mapped_inactive,false
3082,3265,false,false,false,true,true,002911,3265,false,true,RECONCILIATION_REQUIRED,mapped_inactive,false
3083,3267,false,false,false,true,true,002910,3267,false,true,RECONCILIATION_REQUIRED,mapped_inactive,false
3084,3270,false,false,false,true,true,002909,3270,false,true,RECONCILIATION_REQUIRED,mapped_inactive,false
3085,3272,false,false,false,true,true,002908,3272,false,true,RECONCILIATION_REQUIRED,mapped_inactive,false
3086,3276,false,false,false,true,true,002907,3276,false,true,RECONCILIATION_REQUIRED,mapped_inactive,false
3087,AST-DM50,false,false,false,true,true,002906,AST-DM50,false,true,RECONCILIATION_REQUIRED,mapped_inactive,false
3088,AST-DM120,false,false,false,true,true,002905,AST-DM120,false,true,RECONCILIATION_REQUIRED,mapped_inactive,false
3089,AST-DM35,false,false,false,true,true,002904,AST-DM35,false,true,RECONCILIATION_REQUIRED,mapped_inactive,false
3090,3865,false,false,false,true,true,002903,3865,false,true,RECONCILIATION_REQUIRED,mapped_inactive,false
3091,3866,false,false,false,true,true,002902,3866,false,true,RECONCILIATION_REQUIRED,mapped_inactive,false
3092,3867,false,false,false,true,true,002901,3867,false,true,RECONCILIATION_REQUIRED,mapped_inactive,false
3093,3868,false,false,false,true,true,002900,3868,false,true,RECONCILIATION_REQUIRED,mapped_inactive,false
3094,3869,false,false,false,true,true,002899,3869,false,true,RECONCILIATION_REQUIRED,mapped_inactive,false
3095,3870,false,false,false,true,true,002898,3870,false,true,RECONCILIATION_REQUIRED,mapped_inactive,false
3096,3871,false,false,false,true,true,002897,3871,false,true,RECONCILIATION_REQUIRED,mapped_inactive,false
3097,3872,false,false,false,true,true,002896,3872,false,true,RECONCILIATION_REQUIRED,mapped_inactive,false
3098,3873,false,false,false,true,true,002895,3873,false,true,RECONCILIATION_REQUIRED,mapped_inactive,false
3099,3874,false,false,false,true,true,002894,3874,false,true,RECONCILIATION_REQUIRED,mapped_inactive,false
3100,3875,false,false,false,true,true,002893,3875,false,true,RECONCILIATION_REQUIRED,mapped_inactive,false
3101,3876,false,false,false,true,true,002892,3876,false,true,RECONCILIATION_REQUIRED,mapped_inactive,false
3102,3877,false,false,false,true,true,002891,3877,false,true,RECONCILIATION_REQUIRED,mapped_inactive,false
3103,3878,false,false,false,true,true,002890,3878,false,true,RECONCILIATION_REQUIRED,mapped_inactive,false
3104,3879,false,false,false,true,true,002889,3879,false,true,RECONCILIATION_REQUIRED,mapped_inactive,false
3105,3880,false,false,false,true,true,002888,3880,false,true,RECONCILIATION_REQUIRED,mapped_inactive,false
3106,3881,false,false,false,true,true,002887,3881,false,true,RECONCILIATION_REQUIRED,mapped_inactive,false
3107,3882,false,false,false,true,true,002886,3882,false,true,RECONCILIATION_REQUIRED,mapped_inactive,false
3108,3883,false,false,false,true,true,002885,3883,false,true,RECONCILIATION_REQUIRED,mapped_inactive,false
3109,3884,false,false,false,true,true,002884,3884,false,true,RECONCILIATION_REQUIRED,mapped_inactive,false
3110,3885,false,false,false,true,true,002883,3885,false,true,RECONCILIATION_REQUIRED,mapped_inactive,false
3111,3886,false,false,false,true,true,002882,3886,false,true,RECONCILIATION_REQUIRED,mapped_inactive,false
3112,3887,false,false,false,true,true,002881,3887,false,true,RECONCILIATION_REQUIRED,mapped_inactive,false
3113,3888,false,false,false,true,true,002880,3888,false,true,RECONCILIATION_REQUIRED,mapped_inactive,false
3114,3889,false,false,false,true,true,002879,3889,false,true,RECONCILIATION_REQUIRED,mapped_inactive,false
3115,3890,false,false,false,true,true,002878,3890,false,true,RECONCILIATION_REQUIRED,mapped_inactive,false
3116,3891,false,false,false,true,true,002877,3891,false,true,RECONCILIATION_REQUIRED,mapped_inactive,false
3117,3892,false,false,false,true,true,002876,3892,false,true,RECONCILIATION_REQUIRED,mapped_inactive,false
3118,3893,false,false,false,true,true,002875,3893,false,true,RECONCILIATION_REQUIRED,mapped_inactive,false
3119,3894,false,false,false,true,true,002874,3894,false,true,RECONCILIATION_REQUIRED,mapped_inactive,false
3120,3895,false,false,false,true,true,002873,3895,false,true,RECONCILIATION_REQUIRED,mapped_inactive,false
3121,3896,false,false,false,true,true,002872,3896,false,true,RECONCILIATION_REQUIRED,mapped_inactive,false
3122,3897,false,false,false,true,true,002871,3897,false,true,RECONCILIATION_REQUIRED,mapped_inactive,false
3123,3898,false,false,false,true,true,002870,3898,false,true,RECONCILIATION_REQUIRED,mapped_inactive,false
3124,3899,false,false,false,true,true,002869,3899,false,true,RECONCILIATION_REQUIRED,mapped_inactive,false
3125,3900,false,false,false,true,true,002868,3900,false,true,RECONCILIATION_REQUIRED,mapped_inactive,false
3126,3901,false,false,false,true,true,002867,3901,false,true,RECONCILIATION_REQUIRED,mapped_inactive,false
3127,3978,false,false,false,true,true,002866,3978,false,true,RECONCILIATION_REQUIRED,mapped_inactive,false
3128,3979,false,false,false,true,true,002865,3979,false,true,RECONCILIATION_REQUIRED,mapped_inactive,false
3129,3980,false,false,false,true,true,002864,3980,false,true,RECONCILIATION_REQUIRED,mapped_inactive,false
3130,BT30,false,false,false,true,true,002863,BT30,false,true,RECONCILIATION_REQUIRED,mapped_inactive,false
3131,BT40,false,false,false,true,true,002862,BT40,false,true,RECONCILIATION_REQUIRED,mapped_inactive,false
3132,SK40,false,false,false,true,true,002861,SK40,false,true,RECONCILIATION_REQUIRED,mapped_inactive,false
3133,AST-P12-DEPTH,false,false,false,true,true,002860,AST-P12-DEPTH,false,true,RECONCILIATION_REQUIRED,mapped_inactive,false
3134,AST-P12,false,true,true,true,true,002859,AST-P12,false,true,RECONCILIATION_REQUIRED,mapped_inactive,false
3135,AST-P16,false,true,true,true,true,002858,AST-P16,false,true,RECONCILIATION_REQUIRED,mapped_inactive,false
3136,AST-P20,false,true,true,false,false,,,,true,UNMAPPED,,false
3137,AST-P24,false,true,true,false,false,,,,true,UNMAPPED,,false
3138,AST-B12901,false,false,false,false,false,,,,true,UNMAPPED,,false
3139,AST-B12901S,false,true,true,false,false,,,,true,UNMAPPED,,false
3140,AST-B24904,false,false,false,false,false,,,,true,UNMAPPED,,false
3141,AST-B24904S,false,false,false,false,false,,,,true,UNMAPPED,,false
3142,UFR-L02,false,false,false,false,false,,,,true,UNMAPPED,,false
3143,AST-PCHU10,false,false,false,false,false,,,,true,UNMAPPED,,false
3144,AST-PCHU13,false,false,false,false,false,,,,true,UNMAPPED,,false
3145,4095,false,false,false,false,false,,,,true,UNMAPPED,,false
3146,4097,false,false,false,false,false,,,,true,UNMAPPED,,false
3147,AST-TW12,false,false,false,false,false,,,,true,UNMAPPED,,false
3148,AST-IRTW12,false,false,false,false,false,,,,true,UNMAPPED,,false
3149,AST-CHIR12,false,false,false,false,false,,,,true,UNMAPPED,,false
3150,AST-TW16,false,false,false,false,false,,,,true,UNMAPPED,,false
3151,AST-IRTW16,false,false,false,false,false,,,,true,UNMAPPED,,false
3152,AST-CHIR16,false,false,false,false,false,,,,true,UNMAPPED,,false
3153,AST-TW20,false,false,false,false,false,,,,true,UNMAPPED,,false
3154,AST-IRTW20,false,false,false,false,false,,,,true,UNMAPPED,,false
3155,AST-CHIR20,false,false,false,false,false,,,,true,UNMAPPED,,false
3156,AST-TW24,false,false,false,false,false,,,,true,UNMAPPED,,false
3157,AST-IRTW24,false,false,false,false,false,,,,true,UNMAPPED,,false
3158,AST-CHIR24,false,false,false,false,false,,,,true,UNMAPPED,,false
3159,4150,false,false,false,false,false,,,,true,UNMAPPED,,false
3160,4246,false,false,false,false,false,,,,true,UNMAPPED,,false
3161,AS308L,false,false,false,false,false,,,,true,UNMAPPED,,false
3162,AS325L,false,false,false,false,false,,,,true,UNMAPPED,,false
3163,AS320L,false,false,false,false,false,,,,true,UNMAPPED,,false
3164,ASB316L,false,false,false,false,false,,,,true,UNMAPPED,,false
3165,AS316L,false,false,false,false,false,,,,true,UNMAPPED,,false
3166,AS311L,false,false,false,false,false,,,,true,UNMAPPED,,false
3167,AS236,false,false,false,false,false,,,,true,UNMAPPED,,false
3168,AS225,false,false,false,true,true,002857,AS225,false,true,RECONCILIATION_REQUIRED,mapped_inactive,false
3169,AS220,false,false,false,false,false,,,,true,UNMAPPED,,false
3170,ABS216,false,false,false,true,true,002856,ABS216,false,true,RECONCILIATION_REQUIRED,mapped_inactive,false
3171,AS216,false,false,false,false,false,,,,true,UNMAPPED,,false
3172,AS211,false,false,false,false,false,,,,true,UNMAPPED,,false
3173,AS436,false,false,false,false,false,,,,true,UNMAPPED,,false
3174,AS425,false,false,false,false,false,,,,true,UNMAPPED,,false
3175,AS420,false,false,false,false,false,,,,true,UNMAPPED,,false
3176,ASB416,false,false,false,true,true,002855,ASB416,false,true,RECONCILIATION_REQUIRED,mapped_inactive,false
3177,AS416,false,false,false,false,false,,,,true,UNMAPPED,,false
3178,AS411,false,false,false,false,false,,,,true,UNMAPPED,,false
3179,AS408,false,false,false,true,true,002854,AS408,false,true,RECONCILIATION_REQUIRED,mapped_inactive,false
3180,AS325,false,false,false,false,false,,,,true,UNMAPPED,,false
3181,AS320,false,false,false,false,false,,,,true,UNMAPPED,,false
3182,AS316,false,false,false,true,true,002853,AS316,false,true,RECONCILIATION_REQUIRED,mapped_inactive,false
3183,AS311,false,false,false,false,false,,,,true,UNMAPPED,,false
3184,4318,false,false,false,true,true,002852,4318,false,true,RECONCILIATION_REQUIRED,mapped_inactive,false
3185,4321,false,false,false,true,true,002851,4321,false,true,RECONCILIATION_REQUIRED,mapped_inactive,false
3186,4324,false,false,false,true,true,002850,4324,false,true,RECONCILIATION_REQUIRED,mapped_inactive,false
3187,4327,false,false,false,true,true,002849,4327,false,true,RECONCILIATION_REQUIRED,mapped_inactive,false
3188,4331,false,false,false,true,true,002848,4331,false,true,RECONCILIATION_REQUIRED,mapped_inactive,false
3189,4335,false,false,false,true,true,002847,4335,false,true,RECONCILIATION_REQUIRED,mapped_inactive,false
3190,JN303,false,false,false,true,true,002846,JN303,false,true,RECONCILIATION_REQUIRED,mapped_inactive,false
3191,4339,false,false,false,true,true,002845,4339,false,true,RECONCILIATION_REQUIRED,mapped_inactive,false
3192,JN-228,false,false,false,true,true,002844,JN-228,false,true,RECONCILIATION_REQUIRED,mapped_inactive,false
3193,4345,false,false,false,true,true,002843,4345,false,true,RECONCILIATION_REQUIRED,mapped_inactive,false
3194,4347,false,false,false,true,true,002842,4347,false,true,RECONCILIATION_REQUIRED,mapped_inactive,false
3195,JN304,false,false,false,true,true,002841,JN304,false,true,RECONCILIATION_REQUIRED,mapped_inactive,false
3196,4353,false,false,false,true,true,002840,4353,false,true,RECONCILIATION_REQUIRED,mapped_inactive,false
3197,JN305,false,false,false,true,true,002839,JN305,false,true,RECONCILIATION_REQUIRED,mapped_inactive,false
3198,JN314,false,false,false,true,true,002838,JN314,false,true,RECONCILIATION_REQUIRED,mapped_inactive,false
3199,4363,false,false,false,true,true,002837,4363,false,true,RECONCILIATION_REQUIRED,mapped_inactive,false
3200,JN315,false,false,false,true,true,002836,JN315,false,true,RECONCILIATION_REQUIRED,mapped_inactive,false
3201,JN-224,false,false,false,true,true,002835,JN-224,false,true,RECONCILIATION_REQUIRED,mapped_inactive,false
3202,JN301,false,false,false,true,true,002834,JN301,false,true,RECONCILIATION_REQUIRED,mapped_inactive,false
3203,4372,false,false,false,true,true,002833,4372,false,true,RECONCILIATION_REQUIRED,mapped_inactive,false
3204,JN302,false,false,false,true,true,002832,JN302,false,true,RECONCILIATION_REQUIRED,mapped_inactive,false
3205,4376,false,false,false,true,true,002831,4376,false,true,RECONCILIATION_REQUIRED,mapped_inactive,false
3206,JN316,false,false,false,true,true,002830,JN316,false,true,RECONCILIATION_REQUIRED,mapped_inactive,false
3207,JN317,false,false,false,true,true,002829,JN317,false,true,RECONCILIATION_REQUIRED,mapped_inactive,false
3208,4384,false,false,false,true,true,002828,4384,false,true,RECONCILIATION_REQUIRED,mapped_inactive,false
3209,JN307,false,false,false,true,true,002827,JN307,false,true,RECONCILIATION_REQUIRED,mapped_inactive,false
3210,JN308,false,false,false,true,true,002826,JN308,false,true,RECONCILIATION_REQUIRED,mapped_inactive,false
3211,JN309,false,false,false,true,true,002825,JN309,false,true,RECONCILIATION_REQUIRED,mapped_inactive,false
3212,JN310,false,false,false,true,true,002824,JN310,false,true,RECONCILIATION_REQUIRED,mapped_inactive,false
3213,JN311,false,false,false,true,true,002823,JN311,false,true,RECONCILIATION_REQUIRED,mapped_inactive,false
3214,JN312,false,false,false,true,true,002822,JN312,false,true,RECONCILIATION_REQUIRED,mapped_inactive,false
3215,4398,false,false,false,true,true,002821,4398,false,true,RECONCILIATION_REQUIRED,mapped_inactive,false
3216,4401,false,false,false,true,true,002820,4401,false,true,RECONCILIATION_REQUIRED,mapped_inactive,false
3217,4404,false,false,false,true,true,002819,4404,false,true,RECONCILIATION_REQUIRED,mapped_inactive,false
3218,4406,false,false,false,true,true,002818,4406,false,true,RECONCILIATION_REQUIRED,mapped_inactive,false
3219,4408,false,false,false,true,true,002817,4408,false,true,RECONCILIATION_REQUIRED,mapped_inactive,false
3220,4410,false,false,false,true,true,002816,4410,false,true,RECONCILIATION_REQUIRED,mapped_inactive,false
3221,4414,false,false,false,true,true,002815,4414,false,true,RECONCILIATION_REQUIRED,mapped_inactive,false
3222,4417,false,false,false,true,true,002814,4417,false,true,RECONCILIATION_REQUIRED,mapped_inactive,false
3223,4419,false,false,false,true,true,002813,4419,false,true,RECONCILIATION_REQUIRED,mapped_inactive,false
3224,4421,false,false,false,true,true,002812,4421,false,true,RECONCILIATION_REQUIRED,mapped_inactive,false
3225,4423,false,false,false,true,true,002811,4423,false,true,RECONCILIATION_REQUIRED,mapped_inactive,false
3226,4428,false,false,false,true,true,002810,4428,false,true,RECONCILIATION_REQUIRED,mapped_inactive,false
3227,4430,false,false,false,true,true,002809,4430,false,true,RECONCILIATION_REQUIRED,mapped_inactive,false
3228,4433,false,false,false,true,true,002808,4433,false,true,RECONCILIATION_REQUIRED,mapped_inactive,false
3229,4435,false,false,false,true,true,002807,4435,false,true,RECONCILIATION_REQUIRED,mapped_inactive,false
3230,4437,false,false,false,true,true,002806,4437,false,true,RECONCILIATION_REQUIRED,mapped_inactive,false
3231,4439,false,false,false,true,true,002805,4439,false,true,RECONCILIATION_REQUIRED,mapped_inactive,false
3232,4443,false,false,false,true,true,002804,4443,false,true,RECONCILIATION_REQUIRED,mapped_inactive,false
3233,4445,false,false,false,true,true,002803,4445,false,true,RECONCILIATION_REQUIRED,mapped_inactive,false
3234,4447,false,false,false,true,true,002802,4447,false,true,RECONCILIATION_REQUIRED,mapped_inactive,false
3235,4449,false,false,false,true,true,002801,4449,false,true,RECONCILIATION_REQUIRED,mapped_inactive,false
3236,4452,false,false,false,true,true,002800,4452,false,true,RECONCILIATION_REQUIRED,mapped_inactive,false
3237,4454,false,false,false,true,true,002799,4454,false,true,RECONCILIATION_REQUIRED,mapped_inactive,false
3238,4457,false,false,false,true,true,002798,4457,false,true,RECONCILIATION_REQUIRED,mapped_inactive,false
3239,JN-211,false,false,false,true,true,002797,JN-211,false,true,RECONCILIATION_REQUIRED,mapped_inactive,false
3240,BG500,false,false,false,true,true,002796,BG500,false,true,RECONCILIATION_REQUIRED,mapped_inactive,false
3241,81242,false,false,false,true,true,002795,81242,false,true,RECONCILIATION_REQUIRED,mapped_inactive,false
3242,80071-01,false,true,true,true,true,002794,80071-01,false,true,RECONCILIATION_REQUIRED,mapped_inactive,false
3243,84635,false,true,true,true,true,002793,84635,false,true,RECONCILIATION_REQUIRED,mapped_inactive,false
3244,606-01-0,false,false,false,false,false,,,,true,UNMAPPED,,false
3245,4766,false,false,false,false,false,,,,true,UNMAPPED,,false
3246,4769,false,false,false,false,false,,,,true,UNMAPPED,,false
3247,639-01-2,false,false,false,true,true,002792,639-01-2,false,true,RECONCILIATION_REQUIRED,mapped_inactive,false
3248,640-01-0,false,false,false,false,false,,,,true,UNMAPPED,,false
3249,4881,false,false,false,true,true,002791,4881,false,true,RECONCILIATION_REQUIRED,mapped_inactive,false
3250,4887,false,false,false,true,true,002790,4887,false,true,RECONCILIATION_REQUIRED,mapped_inactive,false
3251,169-01-0,false,false,false,false,false,,,,true,UNMAPPED,,false
3252,001-29-0,false,false,false,false,false,,,,true,UNMAPPED,,false
3253,4936,false,false,false,false,false,,,,true,UNMAPPED,,false
3254,AST-GHFC900,false,true,true,false,false,,,,true,UNMAPPED,,false
3255,5005,false,false,false,true,true,002789,5005,false,true,RECONCILIATION_REQUIRED,mapped_inactive,false
3256,AST-13MA-2,true,false,false,false,false,,,,true,UNMAPPED,,false
3257,AST-20MG,true,true,true,false,false,,,,true,UNMAPPED,,false
3258,AST-F14,true,true,true,false,true,003448,AST-F14,true,true,LINK_EXISTING,,false
3259,AST-F20,true,true,true,false,true,003449,AST-F20,true,true,LINK_EXISTING,,false
3260,AST-F30,true,true,true,false,true,003450,AST-F30,true,true,LINK_EXISTING,,false
3261,AST-T20,true,true,true,false,false,,,,true,UNMAPPED,,false
3262,AST-TS20,true,true,true,false,false,,,,true,UNMAPPED,,false
3263,AST-TS42,true,true,true,false,false,,,,true,UNMAPPED,,false
3264,AST-G70,false,true,true,false,false,,,,true,UNMAPPED,,false
3265,5441,false,false,false,true,true,002788,5441,false,true,RECONCILIATION_REQUIRED,mapped_inactive,false
3266,5443,false,false,false,false,false,,,,true,UNMAPPED,,false
3267,5446,false,false,false,false,false,,,,true,UNMAPPED,,false
3268,5449,false,false,false,false,false,,,,true,UNMAPPED,,false
3269,5452,false,false,false,false,false,,,,true,UNMAPPED,,false
3270,5453,false,false,false,false,false,,,,true,UNMAPPED,,false
3271,5454,false,false,false,false,false,,,,true,UNMAPPED,,false
3272,5455,false,false,false,false,false,,,,true,UNMAPPED,,false
3273,5456,false,false,false,false,false,,,,true,UNMAPPED,,false
3274,5457,false,false,false,false,false,,,,true,UNMAPPED,,false
3275,5458,false,false,false,false,false,,,,true,UNMAPPED,,false
3276,5459,false,false,false,false,false,,,,true,UNMAPPED,,false
3277,5460,false,false,false,false,false,,,,true,UNMAPPED,,false
3278,5462,false,false,false,false,false,,,,true,UNMAPPED,,false
3279,5463,false,false,false,false,false,,,,true,UNMAPPED,,false
3280,5465,false,false,false,false,false,,,,true,UNMAPPED,,false
3281,5466,false,false,false,false,false,,,,true,UNMAPPED,,false
3282,5467,false,false,false,false,false,,,,true,UNMAPPED,,false
3283,5474,false,false,false,false,false,,,,true,UNMAPPED,,false
3284,5494,false,false,false,false,false,,,,true,UNMAPPED,,false
3285,5498,false,false,false,false,false,,,,true,UNMAPPED,,false
3286,5501,false,false,false,true,true,002787,5501,false,true,RECONCILIATION_REQUIRED,mapped_inactive,false
3287,5504,false,false,false,true,true,002786,5504,false,true,RECONCILIATION_REQUIRED,mapped_inactive,false
3288,5508,false,false,false,true,true,002785,5508,false,true,RECONCILIATION_REQUIRED,mapped_inactive,false
3289,5686,false,false,false,true,true,002784,5686,false,true,RECONCILIATION_REQUIRED,mapped_inactive,false
3290,GT100,false,false,false,true,true,002783,GT100,false,true,RECONCILIATION_REQUIRED,mapped_inactive,false
3291,AST-PRO-T35,false,false,false,true,true,002782,AST-PRO-T35,false,true,RECONCILIATION_REQUIRED,mapped_inactive,false
3292,AST-PRO/T65,true,false,true,false,false,,,,true,UNMAPPED,,false
3293,AST-PRO/T150,true,false,true,false,false,,,,true,UNMAPPED,,false
3294,AST-EH614,true,true,true,false,false,,,,true,UNMAPPED,,false
3295,5761,false,false,true,true,true,002781,5761,false,true,RECONCILIATION_REQUIRED,mapped_inactive,false
3296,AST-TMS20,true,true,true,false,false,,,,true,UNMAPPED,,false
3297,AST-STW,true,true,true,false,false,,,,true,UNMAPPED,,false
3298,3001-1903-C,true,true,true,false,false,,,,true,UNMAPPED,,false
3299,AST-BSB,true,true,true,false,false,,,,true,UNMAPPED,,false
3300,5802,false,false,false,true,true,002780,5802,false,true,RECONCILIATION_REQUIRED,mapped_inactive,false
3301,AST-BS0-5,true,true,true,false,false,,,,true,UNMAPPED,,false
3302,5811,false,false,false,true,true,002779,5811,false,true,RECONCILIATION_REQUIRED,mapped_inactive,false
3303,AST-BS2-8,true,false,true,false,false,,,,true,UNMAPPED,,false
3304,5826,false,false,false,true,true,002778,5826,false,true,RECONCILIATION_REQUIRED,mapped_inactive,false
3305,5848,false,false,false,true,true,002777,5848,false,true,RECONCILIATION_REQUIRED,mapped_inactive,false
3306,5852,false,false,false,true,true,002776,5852,false,true,RECONCILIATION_REQUIRED,mapped_inactive,false
3307,5856,false,false,false,true,true,002775,5856,false,true,RECONCILIATION_REQUIRED,mapped_inactive,false
3308,5858,false,false,false,true,true,002774,5858,false,true,RECONCILIATION_REQUIRED,mapped_inactive,false
3309,5860,false,false,false,true,true,002773,5860,false,true,RECONCILIATION_REQUIRED,mapped_inactive,false
3310,IP54,false,false,false,true,true,002772,IP54,false,true,RECONCILIATION_REQUIRED,mapped_inactive,false
3311,5890,false,false,false,true,true,002771,5890,false,true,RECONCILIATION_REQUIRED,mapped_inactive,false
3312,5896,false,false,false,true,true,002770,5896,false,true,RECONCILIATION_REQUIRED,mapped_inactive,false
3313,5901,false,false,false,true,true,002769,5901,false,true,RECONCILIATION_REQUIRED,mapped_inactive,false
3314,3110-6120-A,false,false,false,true,true,002768,3110-6120-A,false,true,RECONCILIATION_REQUIRED,mapped_inactive,false
3315,5909,false,false,false,true,true,002767,5909,false,true,RECONCILIATION_REQUIRED,mapped_inactive,false
3316,5922,false,false,false,true,true,002766,5922,false,true,RECONCILIATION_REQUIRED,mapped_inactive,false
3317,5968,false,false,false,true,true,002765,5968,false,true,RECONCILIATION_REQUIRED,mapped_inactive,false
3318,5977,false,false,false,true,true,002764,5977,false,true,RECONCILIATION_REQUIRED,mapped_inactive,false
3319,6014,false,false,false,true,true,002763,6014,false,true,RECONCILIATION_REQUIRED,mapped_inactive,false
3320,AST-TU/MT4,false,true,true,true,true,002762,AST-TU/MT4,false,true,RECONCILIATION_REQUIRED,mapped_inactive,false
3321,AST-TU/MT5,false,true,true,true,true,002761,AST-TU/MT5,false,true,RECONCILIATION_REQUIRED,mapped_inactive,false
3322,AST-PRO/K38,false,true,true,true,true,002760,AST-PRO/K38,false,true,RECONCILIATION_REQUIRED,mapped_inactive,false
3323,AST-PRO/AT80,false,true,true,true,true,002759,AST-PRO/AT80,false,true,RECONCILIATION_REQUIRED,mapped_inactive,false
3324,AST-15MA,true,true,true,false,false,,,,true,UNMAPPED,,false
3325,AST-26MA-2,true,false,false,false,false,,,,true,UNMAPPED,,false
3326,AST-32MG,true,true,true,false,false,,,,true,UNMAPPED,,false
3327,AST-FTV313,true,true,true,false,false,,,,true,UNMAPPED,,false
3328,AST-MF14,true,true,true,false,false,,,,true,UNMAPPED,,false
3329,AST-830MA,true,true,true,false,false,,,,true,UNMAPPED,,false
3330,AST-230MA,true,true,true,false,false,,,,true,UNMAPPED,,false
3331,AST-SPARK3000,true,false,true,false,false,,,,true,UNMAPPED,,false
3332,AST-SPARK600,true,false,true,false,false,,,,true,UNMAPPED,,false
3333,9370,false,false,false,true,true,002758,9370,false,true,RECONCILIATION_REQUIRED,mapped_inactive,false
3334,9372,false,false,false,true,true,002757,9372,false,true,RECONCILIATION_REQUIRED,mapped_inactive,false
3335,9393,false,false,false,true,true,002756,9393,false,true,RECONCILIATION_REQUIRED,mapped_inactive,false
3336,9401,false,false,false,true,true,002755,9401,false,true,RECONCILIATION_REQUIRED,mapped_inactive,false
3337,9410,false,false,false,true,true,002754,9410,false,true,RECONCILIATION_REQUIRED,mapped_inactive,false
3338,9649,false,false,false,true,true,002753,9649,false,true,RECONCILIATION_REQUIRED,mapped_inactive,false
3339,10126,false,false,false,true,true,002752,10126,false,true,RECONCILIATION_REQUIRED,mapped_inactive,false
3340,10131,false,false,false,true,true,002751,10131,false,true,RECONCILIATION_REQUIRED,mapped_inactive,false
3341,10133,false,false,false,true,true,002750,10133,false,true,RECONCILIATION_REQUIRED,mapped_inactive,false
3342,10139,false,false,false,true,true,002749,10139,false,true,RECONCILIATION_REQUIRED,mapped_inactive,false
3343,10173,false,false,false,true,true,002748,10173,false,true,RECONCILIATION_REQUIRED,mapped_inactive,false
3344,10208,false,false,false,true,true,002747,10208,false,true,RECONCILIATION_REQUIRED,mapped_inactive,false
3345,10216,false,false,false,true,true,002746,10216,false,true,RECONCILIATION_REQUIRED,mapped_inactive,false
3346,10217,false,false,false,true,true,002745,10217,false,true,RECONCILIATION_REQUIRED,mapped_inactive,false
3347,10223,false,false,false,true,true,002744,10223,false,true,RECONCILIATION_REQUIRED,mapped_inactive,false
3348,10230,false,false,false,true,true,002743,10230,false,true,RECONCILIATION_REQUIRED,mapped_inactive,false
3349,AST-PRO/T100,true,false,true,false,false,,,,true,UNMAPPED,,false
3350,AST-COR80,true,false,true,false,false,,,,true,UNMAPPED,,false
3351,AST-COR355P,true,false,true,false,false,,,,true,UNMAPPED,,false
3352,AST-COR255P,true,false,true,false,false,,,,true,UNMAPPED,,false
3353,TU-TCOR205,true,false,true,false,false,,,,true,UNMAPPED,,false
3354,TU-TCOR305,true,false,true,false,false,,,,true,UNMAPPED,,false
3355,TU-TCOR255,true,false,true,false,false,,,,true,UNMAPPED,,false
3356,TU-TCOR355,true,false,true,false,false,,,,true,UNMAPPED,,false
3357,AST-E312,true,true,true,false,false,,,,true,UNMAPPED,,false
3358,10297,false,false,false,true,true,002742,10297,false,true,RECONCILIATION_REQUIRED,mapped_inactive,false
3359,AST-E425,true,true,true,false,false,,,,true,UNMAPPED,,false
3360,10310,false,false,false,true,true,002741,10310,false,true,RECONCILIATION_REQUIRED,mapped_inactive,false
3361,TU-D13E12,true,false,true,false,false,,,,true,UNMAPPED,,false
3362,11659,false,false,false,true,true,002740,11659,false,true,RECONCILIATION_REQUIRED,mapped_inactive,false
3363,DR313-3,true,false,false,false,false,,,,true,UNMAPPED,,false
3364,DR230,true,false,false,false,false,,,,true,UNMAPPED,,false
3365,12016,false,false,false,true,true,002739,12016,false,true,RECONCILIATION_REQUIRED,mapped_inactive,false
3366,12042,false,false,false,true,true,002738,12042,false,true,RECONCILIATION_REQUIRED,mapped_inactive,false
3367,12060,false,false,false,true,true,002737,12060,false,true,RECONCILIATION_REQUIRED,mapped_inactive,false
3368,12064,false,false,false,true,true,002736,12064,false,true,RECONCILIATION_REQUIRED,mapped_inactive,false
3369,12070,false,false,false,true,true,002735,12070,false,true,RECONCILIATION_REQUIRED,mapped_inactive,false
3370,12097,false,false,false,true,true,002734,12097,false,true,RECONCILIATION_REQUIRED,mapped_inactive,false
3371,12137,false,false,false,true,true,002733,12137,false,true,RECONCILIATION_REQUIRED,mapped_inactive,false
3372,AST-COR205,false,false,false,true,true,002732,AST-COR205,false,true,RECONCILIATION_REQUIRED,mapped_inactive,false
3373,AST-COR305,false,false,false,true,true,002731,AST-COR305,false,true,RECONCILIATION_REQUIRED,mapped_inactive,false
3374,AST-COR100,true,false,true,false,false,,,,true,UNMAPPED,,false
3375,AST-80MA,false,true,true,true,true,002730,AST-80MA,false,true,RECONCILIATION_REQUIRED,mapped_inactive,false
3376,AST-GT670P,false,true,true,true,true,002729,AST-GT670P,false,true,RECONCILIATION_REQUIRED,mapped_inactive,false
3377,12373,false,false,false,true,true,002728,12373,false,true,RECONCILIATION_REQUIRED,mapped_inactive,false
3378,12378,false,false,false,true,true,002727,12378,false,true,RECONCILIATION_REQUIRED,mapped_inactive,false
3379,12414,false,false,false,true,true,002726,12414,false,true,RECONCILIATION_REQUIRED,mapped_inactive,false
3380,12424,false,false,false,true,true,002725,12424,false,true,RECONCILIATION_REQUIRED,mapped_inactive,false
3381,12432,false,false,false,true,true,002724,12432,false,true,RECONCILIATION_REQUIRED,mapped_inactive,false
3382,12464,false,false,false,true,true,002723,12464,false,true,RECONCILIATION_REQUIRED,mapped_inactive,false
3383,12722,false,false,false,true,true,002722,12722,false,true,RECONCILIATION_REQUIRED,mapped_inactive,false
3384,12998,false,false,false,true,true,002721,12998,false,true,RECONCILIATION_REQUIRED,mapped_inactive,false
3385,13025,false,false,false,true,true,002720,13025,false,true,RECONCILIATION_REQUIRED,mapped_inactive,false
3386,13029,false,false,false,true,true,002719,13029,false,true,RECONCILIATION_REQUIRED,mapped_inactive,false
3387,13032,false,false,false,true,true,002718,13032,false,true,RECONCILIATION_REQUIRED,mapped_inactive,false
3388,13036,false,false,false,true,true,002717,13036,false,true,RECONCILIATION_REQUIRED,mapped_inactive,false
3389,13039,false,false,false,true,true,002716,13039,false,true,RECONCILIATION_REQUIRED,mapped_inactive,false
3390,13213,false,false,false,true,true,002715,13213,false,true,RECONCILIATION_REQUIRED,mapped_inactive,false
3391,14138,false,false,false,true,true,002714,14138,false,true,RECONCILIATION_REQUIRED,mapped_inactive,false
3392,14144,false,false,false,true,true,002713,14144,false,true,RECONCILIATION_REQUIRED,mapped_inactive,false
3393,14155,false,false,false,true,true,002712,14155,false,true,RECONCILIATION_REQUIRED,mapped_inactive,false
3394,14159,false,false,false,true,true,002711,14159,false,true,RECONCILIATION_REQUIRED,mapped_inactive,false
3395,14161,false,false,false,true,true,002710,14161,false,true,RECONCILIATION_REQUIRED,mapped_inactive,false
3396,14276,false,false,false,true,true,002709,14276,false,true,RECONCILIATION_REQUIRED,mapped_inactive,false
3397,14482,false,false,false,true,true,002708,14482,false,true,RECONCILIATION_REQUIRED,mapped_inactive,false
3398,14511,false,false,false,true,true,002707,14511,false,true,RECONCILIATION_REQUIRED,mapped_inactive,false
3399,14526,false,false,false,true,true,002706,14526,false,true,RECONCILIATION_REQUIRED,mapped_inactive,false
3400,14547,false,false,false,true,true,002705,14547,false,true,RECONCILIATION_REQUIRED,mapped_inactive,false
3401,GH13MA-CBN,false,true,true,true,true,002704,GH13MA-CBN,false,true,RECONCILIATION_REQUIRED,mapped_inactive,false
3402,GH20MG-CBN,false,true,true,true,true,002703,GH20MG-CBN,false,true,RECONCILIATION_REQUIRED,mapped_inactive,false
3403,GH26MA-CBN,false,true,true,true,true,002702,GH26MA-CBN,false,true,RECONCILIATION_REQUIRED,mapped_inactive,false
3404,GH26MA-SDC,false,true,true,false,false,,,,true,UNMAPPED,,false
3405,GH13MA-SDC,false,true,true,false,false,,,,true,UNMAPPED,,false
3406,GH20MG-SDC,false,true,true,false,false,,,,true,UNMAPPED,,false
3407,GH230MA-CBN,false,true,true,false,false,,,,true,UNMAPPED,,false
3408,SDC-GH230MA,false,true,true,false,false,,,,true,UNMAPPED,,false
3409,TU-DR230-2,true,false,false,false,false,,,,true,UNMAPPED,,false
3410,CBN-D13E12,false,true,true,false,false,,,,true,UNMAPPED,,false
3411,TU-DR230,true,true,true,false,false,,,,true,UNMAPPED,,false
3412,DR313-2,true,false,false,false,false,,,,true,UNMAPPED,,false
3413,GH-CBNM128,false,true,true,false,false,,,,true,UNMAPPED,,false
3414,DR313,true,false,false,false,false,,,,true,UNMAPPED,,false
3415,PP26,false,true,true,false,false,,,,true,UNMAPPED,,false
3416,13-CBN,false,false,true,false,false,,,,true,UNMAPPED,,false
3417,CBN-13E,false,true,true,false,false,,,,true,UNMAPPED,,false
3418,EH14-4,false,false,false,true,true,002701,EH14-4,false,true,RECONCILIATION_REQUIRED,mapped_inactive,false
3419,EH14-3,false,false,false,false,false,,,,true,UNMAPPED,,false
3420,GHF20-CBN150,false,true,true,false,false,,,,true,UNMAPPED,,false
3421,GHF30-CBN,false,true,true,false,false,,,,true,UNMAPPED,,false
3422,GHF20-SDC150,false,true,true,false,false,,,,true,UNMAPPED,,false
3423,EH14-2,false,false,false,false,false,,,,true,UNMAPPED,,false
3424,AST-EH14,true,true,true,false,false,,,,true,UNMAPPED,,false
3425,GHF30-SDC,false,true,true,false,false,,,,true,UNMAPPED,,false
3426,FB620-4,false,false,false,true,true,002700,FB620-4,false,true,RECONCILIATION_REQUIRED,mapped_inactive,false
3427,FB620-3,false,false,false,false,false,,,,true,UNMAPPED,,false
3428,FB620-2,false,false,false,false,false,,,,true,UNMAPPED,,false
3429,FB620,true,false,true,false,false,,,,true,UNMAPPED,,false
3430,FTV313-2,false,false,false,false,false,,,,true,UNMAPPED,,false
3431,FTV313,true,false,true,false,false,,,,true,UNMAPPED,,false
3432,SDC-E312,false,true,true,false,false,,,,true,UNMAPPED,,false
3433,SDC-E316,false,true,true,false,false,,,,true,UNMAPPED,,false
3434,SDC-E425,false,true,true,false,false,,,,true,UNMAPPED,,false
3435,GHT20-CBN,false,true,true,false,false,,,,true,UNMAPPED,,false
3436,TS42-2,false,false,false,false,false,,,,true,UNMAPPED,,false
3437,GHT20-SDC,false,true,true,false,false,,,,true,UNMAPPED,,false
3438,TS20,true,false,true,false,false,,,,true,UNMAPPED,,false
3439,TS42,true,false,true,false,false,,,,true,UNMAPPED,,false
3440,GHU2&#038;3--CORUNDUM,false,false,false,true,true,002699,GHU2&#038;3--CORUNDUM,false,true,RECONCILIATION_REQUIRED,mapped_inactive,false
3441,GHU2&#038;3-DIAMOND,false,false,true,true,true,002698,GHU2&#038;3-DIAMOND,false,true,RECONCILIATION_REQUIRED,mapped_inactive,false
3442,GHU2&#038;3-RESIN,false,false,true,false,false,,,,true,UNMAPPED,,false
3443,CHU2*3CBN,false,false,true,false,false,,,,true,UNMAPPED,,false
3444,MOTOR-13MA,false,false,true,false,false,,,,true,UNMAPPED,,false
3445,MOTOR-F14,false,true,true,true,true,002697,MOTOR-F14,false,true,RECONCILIATION_REQUIRED,mapped_inactive,false
3446,MOTOR-26MA,false,false,true,false,false,,,,true,UNMAPPED,,false
3447,MOTOR-32MG,false,false,true,false,false,,,,true,UNMAPPED,,false
3448,MOTOR-F20,false,false,true,false,false,,,,true,UNMAPPED,,false
3449,MOTOR-F30,false,false,true,false,false,,,,true,UNMAPPED,,false
3450,AST-MOTE,false,true,true,false,false,,,,true,UNMAPPED,,false
3451,MOTOR-230MA,false,false,true,true,true,002696,MOTOR-230MA,false,true,RECONCILIATION_REQUIRED,mapped_inactive,false
3452,AST-13MA,true,true,true,false,false,,,,true,UNMAPPED,,false
3453,AST-26MA,true,true,true,false,false,,,,true,UNMAPPED,,false
3454,14733,false,false,false,true,true,002695,14733,false,true,RECONCILIATION_REQUIRED,mapped_inactive,false
3455,14750,false,false,false,false,false,,,,true,UNMAPPED,,false
3456,14756,false,false,false,false,false,,,,true,UNMAPPED,,false
3457,14762,false,false,false,true,true,002694,14762,false,true,RECONCILIATION_REQUIRED,mapped_inactive,false
3458,14773,false,false,false,false,false,,,,true,UNMAPPED,,false
3459,14778,false,false,false,false,false,,,,true,UNMAPPED,,false
3460,14783,false,false,false,false,false,,,,true,UNMAPPED,,false
3461,14789,false,false,false,false,false,,,,true,UNMAPPED,,false
3462,14794,false,false,false,true,true,002693,14794,false,true,RECONCILIATION_REQUIRED,mapped_inactive,false
3463,14892,false,false,false,true,true,002692,14892,false,true,RECONCILIATION_REQUIRED,mapped_inactive,false
3464,14913,false,false,false,true,true,002691,14913,false,true,RECONCILIATION_REQUIRED,mapped_inactive,false
3465,14919,false,false,false,true,true,002690,14919,false,true,RECONCILIATION_REQUIRED,mapped_inactive,false
3466,14924,false,false,false,true,true,002689,14924,false,true,RECONCILIATION_REQUIRED,mapped_inactive,false
3467,14926,false,false,false,true,true,002688,14926,false,true,RECONCILIATION_REQUIRED,mapped_inactive,false
3468,1201-1003,true,false,true,true,true,001038,1201-1003,true,true,MAPPED_ACTIVE,,false
3469,1204-70,true,false,false,true,true,001037,1204-70,true,true,MAPPED_ACTIVE,,false
3470,1205-1502,true,false,true,true,true,000043,1205-1502,true,true,MAPPED_ACTIVE,,false
3471,1111-75,false,false,true,true,true,000291,1111-75,true,true,MAPPED_ACTIVE,,false
3472,1205-2002,false,false,true,true,true,000044,1205-2002,false,true,RECONCILIATION_REQUIRED,mapped_inactive,false
3473,1205-3002,false,false,true,true,true,000045,1205-3002,true,true,MAPPED_ACTIVE,,false
3474,1106-1002,true,false,false,true,true,000290,1106-1002,true,true,MAPPED_ACTIVE,,false
3475,1214-1000,true,false,false,true,true,000289,1214-1000,true,true,MAPPED_ACTIVE,,false
3476,1214-1500,true,false,false,true,true,000288,1214-1500,true,true,MAPPED_ACTIVE,,false
3477,1181-M25,true,false,false,true,true,001036,1181-M25,true,true,MAPPED_ACTIVE,,false
3478,1106-2003,true,false,false,true,true,000287,1106-2003,true,true,MAPPED_ACTIVE,,false
3479,1106-1502,true,false,false,true,true,000286,1106-1502,true,true,MAPPED_ACTIVE,,false
3480,M26-1281,false,false,false,true,true,001035,M26-1281,false,true,RECONCILIATION_REQUIRED,mapped_inactive,false
3481,2307-1,true,false,false,true,true,001034,2307-1,true,true,MAPPED_ACTIVE,,false
3482,2307-025,true,false,false,true,true,001033,2307-025,true,true,MAPPED_ACTIVE,,false
3483,2308-10,true,false,true,true,true,000057,2308-10,true,true,MAPPED_ACTIVE,,false
3484,2315-05,false,false,false,true,true,001032,2315-05,false,true,RECONCILIATION_REQUIRED,mapped_inactive,false
3485,2170-1,true,true,true,true,true,001031,2170-1,true,true,MAPPED_ACTIVE,,false
3486,4100-2122,true,false,false,true,true,001030,4100-2122,true,true,MAPPED_ACTIVE,,false
3487,2121-25,true,false,false,true,true,000285,2121-25,true,true,MAPPED_ACTIVE,,false
3488,2332-20,true,false,false,true,true,001029,2332-20,true,true,MAPPED_ACTIVE,,false
3489,ISE-2DT,true,false,false,true,true,001028,ISE-2DT,true,true,MAPPED_ACTIVE,,false
3490,2151-35,true,false,false,true,true,001027,2151-35,true,true,MAPPED_ACTIVE,,false
3491,3203-1,true,false,false,true,true,001026,3203-1,true,true,MAPPED_ACTIVE,,false
3492,2151-55,true,false,false,true,true,001025,2151-55,true,true,MAPPED_ACTIVE,,false
3493,2361-10,true,false,false,true,true,001024,2361-10,true,true,MAPPED_ACTIVE,,false
3494,2364-10,true,true,true,true,true,001023,2364-10,true,true,MAPPED_ACTIVE,,false
3495,3203-2,true,false,false,true,true,001022,3203-2,true,true,MAPPED_ACTIVE,,false
3496,3203-3,false,false,false,true,true,001021,3203-3,false,true,RECONCILIATION_REQUIRED,mapped_inactive,false
3497,3203-4,false,false,false,true,true,001020,3203-4,false,true,RECONCILIATION_REQUIRED,mapped_inactive,false
3498,3203-5,false,false,false,true,true,001019,3203-5,false,true,RECONCILIATION_REQUIRED,mapped_inactive,false
3499,3127-8,true,false,false,true,true,001018,3127-8,true,true,MAPPED_ACTIVE,,false
3500,3127-10,true,false,false,true,true,001017,3127-10,true,true,MAPPED_ACTIVE,,false
3501,3127-12,true,false,false,true,true,001016,3127-12,true,true,MAPPED_ACTIVE,,false
3502,3203-6,false,false,false,true,true,001015,3203-6,false,true,RECONCILIATION_REQUIRED,mapped_inactive,false
3503,3127-20,true,false,false,true,true,001014,3127-20,true,true,MAPPED_ACTIVE,,false
3504,3282-25,true,false,false,true,true,001013,3282-25,true,true,MAPPED_ACTIVE,,false
3505,3127-25,true,false,false,true,true,001012,3127-25,true,true,MAPPED_ACTIVE,,false
3506,3127-30,true,false,false,true,true,001011,3127-30,true,true,MAPPED_ACTIVE,,false
3507,3282-50,true,false,false,true,true,001010,3282-50,true,true,MAPPED_ACTIVE,,false
3508,3127-40,true,false,false,true,true,001009,3127-40,true,true,MAPPED_ACTIVE,,false
3509,3282-75,true,false,false,true,true,001008,3282-75,true,true,MAPPED_ACTIVE,,false
3510,3127-50,true,false,false,true,true,001007,3127-50,true,true,MAPPED_ACTIVE,,false
3511,3594-25,false,false,false,true,true,000284,3594-25,false,true,RECONCILIATION_REQUIRED,mapped_inactive,false
3512,2364-1,true,false,true,true,true,001006,2364-1,true,true,MAPPED_ACTIVE,,false
3513,3127-63,true,false,false,true,true,001005,3127-63,true,true,MAPPED_ACTIVE,,false
3514,3127-75,true,false,false,true,true,001004,3127-75,true,true,MAPPED_ACTIVE,,false
3515,3220-30,true,true,true,true,true,001003,3220-30,true,true,MAPPED_ACTIVE,,false
3516,3127-88,true,false,false,true,true,001002,3127-88,true,true,MAPPED_ACTIVE,,false
3517,2863-10,true,false,false,true,true,001001,2863-10,true,true,MAPPED_ACTIVE,,false
3518,2866-10,true,false,false,true,true,001000,2866-10,true,true,MAPPED_ACTIVE,,false
3519,3227-8,true,false,false,true,true,000999,3227-8,true,true,MAPPED_ACTIVE,,false
3520,2367-10,true,false,false,true,true,000998,2367-10,true,true,MAPPED_ACTIVE,,false
3521,3227-10,true,false,false,true,true,000997,3227-10,true,true,MAPPED_ACTIVE,,false
3522,3220-50,true,true,true,true,true,000996,3220-50,true,true,MAPPED_ACTIVE,,false
3523,3227-12,true,false,false,true,true,000995,3227-12,true,true,MAPPED_ACTIVE,,false
3524,3220-75,true,true,true,true,true,000994,3220-75,true,true,MAPPED_ACTIVE,,false
3525,3227-16,true,false,false,true,true,000993,3227-16,true,true,MAPPED_ACTIVE,,false
3526,3227-20,true,false,false,true,true,000992,3227-20,true,true,MAPPED_ACTIVE,,false
3527,3520-50,true,false,false,true,true,000991,3520-50,true,true,MAPPED_ACTIVE,,false
3528,3227-25,true,false,false,true,true,000990,3227-25,true,true,MAPPED_ACTIVE,,false
3529,3227-30,true,false,false,true,true,000989,3227-30,true,true,MAPPED_ACTIVE,,false
3530,3227-40,true,false,false,true,true,000988,3227-40,true,true,MAPPED_ACTIVE,,false
3531,3227-50,true,false,false,true,true,000987,3227-50,true,true,MAPPED_ACTIVE,,false
3532,3227-63,true,false,false,true,true,000986,3227-63,true,true,MAPPED_ACTIVE,,false
3533,3227-75,true,false,false,true,true,000985,3227-75,true,true,MAPPED_ACTIVE,,false
3534,3520-75,true,false,false,true,true,000984,3520-75,true,true,MAPPED_ACTIVE,,false
3535,3227-88,true,false,false,true,true,000983,3227-88,true,true,MAPPED_ACTIVE,,false
3536,3227-1004,true,false,false,true,true,000982,3227-1004,true,true,MAPPED_ACTIVE,,false
3537,6200-60,true,true,true,true,true,000080,6200-60,true,true,MAPPED_ACTIVE,,false
3538,6201-60,true,true,true,true,true,000981,6201-60,true,true,MAPPED_ACTIVE,,false
3539,6202-80,true,true,true,true,true,000980,6202-80,true,true,MAPPED_ACTIVE,,false
3540,6207-80,false,false,true,true,true,000979,6207-80,false,true,RECONCILIATION_REQUIRED,mapped_inactive,false
3541,6208-80,false,false,true,true,true,000978,6208-80,false,true,RECONCILIATION_REQUIRED,mapped_inactive,false
3542,6210-81,true,false,false,true,true,000977,6210-81,true,true,MAPPED_ACTIVE,,false
3543,6301,true,true,true,true,true,000976,6301,true,true,MAPPED_ACTIVE,,false
3544,4602-17,true,true,true,true,true,000975,4602-17,true,true,MAPPED_ACTIVE,,false
3545,4602-32,true,true,true,true,true,000059,4602-32,true,true,MAPPED_ACTIVE,,false
3546,4621-02,true,true,true,true,true,000283,4621-02,true,true,MAPPED_ACTIVE,,false
3547,4206-1,true,true,true,true,true,000974,4206-1,true,true,MAPPED_ACTIVE,,false
3548,3108-25,false,false,true,true,true,000973,3108-25,false,true,RECONCILIATION_REQUIRED,mapped_inactive,false
3549,3108-50,false,false,true,true,true,000282,3108-50,false,true,RECONCILIATION_REQUIRED,mapped_inactive,false
3550,3109-25,true,false,true,true,true,000281,3109-25,true,true,MAPPED_ACTIVE,,false
3551,3109-50,false,false,true,true,true,000280,3109-50,false,true,RECONCILIATION_REQUIRED,mapped_inactive,false
3552,4621-03,true,true,true,true,true,000279,4621-03,true,true,MAPPED_ACTIVE,,false
3553,4621-04,true,true,true,true,true,000278,4621-04,true,true,MAPPED_ACTIVE,,false
3554,4621-05,true,true,true,true,true,000277,4621-05,true,true,MAPPED_ACTIVE,,false
3555,4621-06,true,true,true,true,true,000276,4621-06,true,true,MAPPED_ACTIVE,,false
3556,3203-25,true,false,true,true,true,000029,3203-25,true,true,MAPPED_ACTIVE,,false
3557,4621-07,true,true,true,true,true,000275,4621-07,true,true,MAPPED_ACTIVE,,false
3558,4621-08,true,true,true,true,true,000274,4621-08,true,true,MAPPED_ACTIVE,,false
3559,3203-50,false,false,true,true,true,000030,3203-50,true,true,MAPPED_ACTIVE,,false
3560,3203-75,false,false,true,true,true,000031,3203-75,true,true,MAPPED_ACTIVE,,false
3561,4621-09,true,true,true,true,true,000273,4621-09,true,true,MAPPED_ACTIVE,,false
3562,4621-10,true,true,true,true,true,000272,4621-10,true,true,MAPPED_ACTIVE,,false
3563,4621-15,true,true,true,true,true,000271,4621-15,true,true,MAPPED_ACTIVE,,false
3564,4621-20,true,true,true,true,true,000270,4621-20,true,true,MAPPED_ACTIVE,,false
3565,4621-25,true,true,true,true,true,000269,4621-25,true,true,MAPPED_ACTIVE,,false
3566,4621-30,true,true,true,true,true,000268,4621-30,true,true,MAPPED_ACTIVE,,false
3567,4621-40,true,true,true,true,true,000267,4621-40,true,true,MAPPED_ACTIVE,,false
3568,4621-50,true,true,true,true,true,000266,4621-50,true,true,MAPPED_ACTIVE,,false
3569,4621-70,true,true,true,true,true,000265,4621-70,true,true,MAPPED_ACTIVE,,false
3570,4621-80,true,false,true,true,true,000264,4621-80,true,true,MAPPED_ACTIVE,,false
3571,4621-90,true,true,true,true,true,000263,4621-90,true,true,MAPPED_ACTIVE,,false
3572,4166-0D,true,false,false,true,true,000972,4166-0D,true,true,MAPPED_ACTIVE,,false
3573,3210-25,false,false,true,true,true,000971,3210-25,false,true,RECONCILIATION_REQUIRED,mapped_inactive,false
3574,3210-50,false,false,true,true,true,000970,3210-50,false,true,RECONCILIATION_REQUIRED,mapped_inactive,false
3575,3400-25,true,true,true,true,true,000969,3400-25,true,true,MAPPED_ACTIVE,,false
3576,7110-1500,true,false,false,true,true,000262,7110-1500,true,true,MAPPED_ACTIVE,,false
3577,7110-2000,true,true,true,true,true,000261,7110-2000,true,true,MAPPED_ACTIVE,,false
3578,1240-1501,true,true,true,true,true,000230,1240-1501,true,true,MAPPED_ACTIVE,,false
3579,4166-1,true,false,false,true,true,000968,4166-1,true,true,MAPPED_ACTIVE,,false
3580,1240-2001,true,true,true,true,true,000229,1240-2001,true,true,MAPPED_ACTIVE,,false
3581,1240-3001,true,true,true,true,true,000228,1240-3001,true,true,MAPPED_ACTIVE,,false
3582,4166-1D,true,false,false,true,true,000967,4166-1D,true,true,MAPPED_ACTIVE,,false
3583,1240-5001,true,false,false,true,true,000227,1240-5001,true,true,MAPPED_ACTIVE,,false
3584,4166-2,true,false,false,true,true,000966,4166-2,true,true,MAPPED_ACTIVE,,false
3585,4166-2D,true,false,false,true,true,000965,4166-2D,true,true,MAPPED_ACTIVE,,false
3586,4166-3,true,false,false,true,true,000964,4166-3,true,true,MAPPED_ACTIVE,,false
3587,4166-4,true,false,false,true,true,000963,4166-4,true,true,MAPPED_ACTIVE,,false
3588,4166-4D,true,false,false,true,true,000962,4166-4D,true,true,MAPPED_ACTIVE,,false
3589,4166-5,true,false,false,true,true,000961,4166-5,true,true,MAPPED_ACTIVE,,false
3590,4166-5D,true,false,false,true,true,000960,4166-5D,true,true,MAPPED_ACTIVE,,false
3591,4166-6,true,false,false,true,true,000959,4166-6,true,true,MAPPED_ACTIVE,,false
3592,1145-25,true,false,false,true,true,000958,1145-25,true,true,MAPPED_ACTIVE,,false
3593,4166-6D,true,false,false,true,true,000957,4166-6D,true,true,MAPPED_ACTIVE,,false
3594,4166-7,true,false,false,true,true,000956,4166-7,true,true,MAPPED_ACTIVE,,false
3595,1140-50,true,false,false,true,true,000226,1140-50,true,true,MAPPED_ACTIVE,,false
3596,4166-7D,true,false,false,true,true,000955,4166-7D,true,true,MAPPED_ACTIVE,,false
3597,4166-9,true,false,false,true,true,000954,4166-9,true,true,MAPPED_ACTIVE,,false
3598,4166-8,true,false,false,true,true,000953,4166-8,true,true,MAPPED_ACTIVE,,false
3599,3240-25,true,false,false,true,true,000952,3240-25,true,true,MAPPED_ACTIVE,,false
3600,4166-8D,true,false,false,true,true,000951,4166-8D,true,true,MAPPED_ACTIVE,,false
3601,4166-9D,true,false,false,true,true,000950,4166-9D,true,true,MAPPED_ACTIVE,,false
3602,6284-3,true,true,true,true,true,000949,6284-3,true,true,MAPPED_ACTIVE,,false
3603,4790-0150,true,false,false,true,true,000948,4790-0150,true,true,MAPPED_ACTIVE,,false
3604,4790-0100,true,true,true,true,true,000947,4790-0100,true,true,MAPPED_ACTIVE,,false
3605,4745-1120,true,false,false,true,true,000946,4745-1120,true,true,MAPPED_ACTIVE,,false
3606,7114-2200,true,false,true,true,true,000225,7114-2200,true,true,MAPPED_ACTIVE,,false
3607,7114-3460,true,true,true,true,true,000224,7114-3460,true,true,MAPPED_ACTIVE,,false
3608,7143-50,true,false,false,true,true,000945,7143-50,true,true,MAPPED_ACTIVE,,false
3609,7140-3,true,true,true,true,true,000944,7140-3,true,true,MAPPED_ACTIVE,,false
3610,7140-5,true,true,true,true,true,000943,7140-5,true,true,MAPPED_ACTIVE,,false
3611,2112-10,true,true,true,true,true,000942,2112-10,true,true,MAPPED_ACTIVE,,false
3612,2112-25,true,true,true,true,true,000941,2112-25,true,true,MAPPED_ACTIVE,,false
3613,2112-50,true,false,false,true,true,000940,2112-50,true,true,MAPPED_ACTIVE,,false
3614,2380-08,true,true,true,true,true,000078,2380-08,true,true,MAPPED_ACTIVE,,false
3615,2381-08,true,true,true,true,true,000939,2381-08,true,true,MAPPED_ACTIVE,,false
3616,2381-02,true,true,true,true,true,000938,2381-02,true,true,MAPPED_ACTIVE,,false
3617,2302-25,true,true,true,true,true,000937,2302-25,true,true,MAPPED_ACTIVE,,false
3618,2310-30,true,false,true,true,true,000936,2310-30,true,true,MAPPED_ACTIVE,,false
3619,2309-50,true,true,true,true,true,000935,2309-50,true,true,MAPPED_ACTIVE,,false
3620,2313-1,true,false,true,true,true,000934,2313-1,true,true,MAPPED_ACTIVE,,false
3621,2311-5,true,true,true,true,true,000933,2311-5,true,true,MAPPED_ACTIVE,,false
3622,2301-10,true,true,true,true,true,000082,2301-10,true,true,MAPPED_ACTIVE,,false
3623,2318-10,true,false,false,true,true,000932,2318-10,true,true,MAPPED_ACTIVE,,false
3624,2318-30,true,false,false,true,true,000931,2318-30,true,true,MAPPED_ACTIVE,,false
3625,2114-5F,true,false,false,true,true,000930,2114-5F,true,true,MAPPED_ACTIVE,,false
3626,2103-10,true,false,false,true,true,000929,2103-10,true,true,MAPPED_ACTIVE,,false
3627,2118-10,true,false,false,true,true,000928,2118-10,true,true,MAPPED_ACTIVE,,false
3628,2852-10,true,false,false,true,true,000927,2852-10,true,true,MAPPED_ACTIVE,,false
3629,2322-35,false,false,true,true,true,000025,2322-35,false,true,RECONCILIATION_REQUIRED,mapped_inactive,false
3630,2322-60,false,false,true,true,true,000026,2322-60,false,true,RECONCILIATION_REQUIRED,mapped_inactive,false
3631,2852-18,true,true,true,true,true,000024,2852-18,true,true,MAPPED_ACTIVE,,false
3632,4602-20,true,true,true,true,true,000926,4602-20,true,true,MAPPED_ACTIVE,,false
3633,1203-1003,true,true,true,true,true,000925,1203-1003,true,true,MAPPED_ACTIVE,,false
3634,1214-2000,true,false,false,true,true,000223,1214-2000,true,true,MAPPED_ACTIVE,,false
3635,1150-1000,true,false,false,true,true,000924,1150-1000,true,true,MAPPED_ACTIVE,,false
3636,1140-25,true,false,false,true,true,000222,1140-25,true,true,MAPPED_ACTIVE,,false
3637,2871-10,true,true,true,true,true,000067,2871-10,true,true,MAPPED_ACTIVE,,false
3638,2872-10,false,false,false,true,true,000923,2872-10,false,true,RECONCILIATION_REQUIRED,mapped_inactive,false
3639,S3-2824,false,false,false,true,true,000922,S3-2824,false,true,RECONCILIATION_REQUIRED,mapped_inactive,false
3640,3210-75,false,false,false,true,true,000921,3210-75,false,true,RECONCILIATION_REQUIRED,mapped_inactive,false
3641,3109-75,false,false,true,true,true,000056,3109-75,false,true,RECONCILIATION_REQUIRED,mapped_inactive,false
3642,3291-25,true,false,false,true,true,000920,3291-25,true,true,MAPPED_ACTIVE,,false
3643,3232-75,false,false,false,true,true,000919,3232-75,false,true,RECONCILIATION_REQUIRED,mapped_inactive,false
3644,3108-75,false,false,false,true,true,000221,3108-75,false,true,RECONCILIATION_REQUIRED,mapped_inactive,false
3645,3520-30,true,false,false,true,true,000918,3520-30,true,true,MAPPED_ACTIVE,,false
3646,3222-1000,true,false,false,true,true,000917,3222-1000,true,true,MAPPED_ACTIVE,,false
3647,3222-1500,true,false,false,true,true,000916,3222-1500,true,true,MAPPED_ACTIVE,,false
3648,3594-50,false,false,false,true,true,000220,3594-50,false,true,RECONCILIATION_REQUIRED,mapped_inactive,false
3649,3127-16,true,false,false,true,true,000915,3127-16,true,true,MAPPED_ACTIVE,,false
3650,7350-35,true,false,false,true,true,000914,7350-35,true,true,MAPPED_ACTIVE,,false
3651,7350-60,true,false,false,true,true,000913,7350-60,true,true,MAPPED_ACTIVE,,false
3652,3127-1004,true,false,false,true,true,000912,3127-1004,true,true,MAPPED_ACTIVE,,false
3653,4100-18,true,false,false,true,true,000911,4100-18,true,true,MAPPED_ACTIVE,,false
3654,4100-1112,true,false,false,true,true,000910,4100-1112,true,true,MAPPED_ACTIVE,,false
3655,4790-0200,true,false,false,true,true,000909,4790-0200,true,true,MAPPED_ACTIVE,,false
3656,4760-1200,true,false,false,true,true,000908,4760-1200,true,true,MAPPED_ACTIVE,,false
3657,4605-20,true,false,true,true,true,000907,4605-20,true,true,MAPPED_ACTIVE,,false
3658,4621-12,true,true,true,true,true,000219,4621-12,true,true,MAPPED_ACTIVE,,false
3660,4621-60,true,true,true,true,true,000218,4621-60,true,true,MAPPED_ACTIVE,,false
3662,4780-85,false,false,true,true,true,000906,4780-85,false,true,RECONCILIATION_REQUIRED,mapped_inactive,false
3664,2183,true,false,false,true,true,000905,2183,true,true,MAPPED_ACTIVE,,false
3666,4801-17,true,true,true,true,true,000904,4801-17,true,true,MAPPED_ACTIVE,,false
3667,4801-16,true,false,true,true,true,000903,4801-16,true,true,MAPPED_ACTIVE,,false
3669,4801-15,true,true,true,true,true,000902,4801-15,true,true,MAPPED_ACTIVE,,false
3670,4807,true,false,false,true,true,000901,4807,true,true,MAPPED_ACTIVE,,false
3672,4835-1,true,true,true,true,true,000900,4835-1,true,true,MAPPED_ACTIVE,,false
3674,4839-1,true,true,true,true,true,000899,4839-1,true,true,MAPPED_ACTIVE,,false
3676,4833-1,true,true,true,true,true,000898,4833-1,true,true,MAPPED_ACTIVE,,false
3678,4838-1,true,true,true,true,true,000897,4838-1,true,true,MAPPED_ACTIVE,,false
3680,4836-1,true,false,false,true,true,000896,4836-1,true,true,MAPPED_ACTIVE,,false
3682,4842-1,true,true,true,true,true,000895,4842-1,true,true,MAPPED_ACTIVE,,false
3684,4843-1,true,false,false,true,true,000894,4843-1,true,true,MAPPED_ACTIVE,,false
3685,4824-16,true,true,true,true,true,000893,4824-16,true,true,AMBIGUOUS,mapping_code_mismatch,false
3686,6211-10,true,false,false,true,true,000892,6211-10,true,true,MAPPED_ACTIVE,,false
3687,6900-0106,true,false,false,true,true,000891,6900-0106,true,true,MAPPED_ACTIVE,,false
3688,6900-1106,true,false,false,true,true,000890,6900-1106,true,true,MAPPED_ACTIVE,,false
3689,6902-85,false,false,true,true,true,000889,6902-85,false,true,RECONCILIATION_REQUIRED,mapped_inactive,false
3691,7110-1000,true,true,true,true,true,000217,7110-1000,true,true,MAPPED_ACTIVE,,false
3692,7111-1000,false,false,true,true,true,000888,7111-1000,false,true,RECONCILIATION_REQUIRED,mapped_inactive,false
3694,7240-200,true,false,false,true,true,000887,7240-200,true,true,MAPPED_ACTIVE,,false
3695,ISH-SAM,true,false,true,true,true,000886,ISH-SAM,true,true,MAPPED_ACTIVE,,false
3697,ISH-SDM,true,false,true,true,true,000885,ISH-SDM,true,true,MAPPED_ACTIVE,,false
3698,ISF-F300,true,false,false,true,true,000884,ISF-F300,true,true,MAPPED_ACTIVE,,false
3700,ISF-F500,true,true,true,true,true,000883,ISF-F500,true,true,MAPPED_ACTIVE,,false
3702,HDT-LP200B,true,false,true,true,true,000882,HDT-LP200B,true,true,MAPPED_ACTIVE,,false
3704,ISF-F200,true,false,false,true,true,000881,ISF-F200,true,true,MAPPED_ACTIVE,,false
3705,ISM-PM200SA,true,false,true,true,true,000880,ISM-PM200SA,true,true,MAPPED_ACTIVE,,false
3706,ISM-PM200SB,true,false,true,true,true,000879,ISM-PM200SB,true,true,MAPPED_ACTIVE,,false
3707,7523-3D5,true,true,true,true,true,000081,7523-3D5,true,true,MAPPED_ACTIVE,,false
3708,ISL-A1-1000,true,false,false,true,true,000878,ISL-A1-1000,true,true,MAPPED_ACTIVE,,false
3709,ISL-A1-800,true,false,false,true,true,000877,ISL-A1-800,true,true,MAPPED_ACTIVE,,false
3711,ISL-A1-600,true,false,false,true,true,000876,ISL-A1-600,true,true,MAPPED_ACTIVE,,false
3712,ISL-B5-1000,true,false,false,true,true,000875,ISL-B5-1000,true,true,MAPPED_ACTIVE,,false
3713,ISL-DR3,true,false,false,true,true,000874,ISL-DR3,true,true,MAPPED_ACTIVE,,false
3715,ISL-DR2,true,false,false,true,true,000873,ISL-DR2,true,true,MAPPED_ACTIVE,,false
3717,6354-25W,true,false,false,true,true,000872,6354-25W,true,true,MAPPED_ACTIVE,,false
3718,6566-3,true,false,true,true,true,000871,6566-3,true,true,MAPPED_ACTIVE,,false
3720,9341-50,true,false,false,true,true,000870,9341-50,true,true,MAPPED_ACTIVE,,false
3721,8003-3,true,true,true,true,true,000869,8003-3,true,true,MAPPED_ACTIVE,,false
3723,1KGM1-8910,false,false,false,true,true,000868,1KGM1-8910,false,true,RECONCILIATION_REQUIRED,mapped_inactive,false
3724,ISR-C300,true,false,false,true,true,000867,ISR-C300,true,true,MAPPED_ACTIVE,,false
3725,ISGF-0901,true,false,false,true,true,000866,ISGF-0901,true,true,MAPPED_ACTIVE,,false
3727,ISGF-0501,true,false,false,true,true,000865,ISGF-0501,true,true,MAPPED_ACTIVE,,false
3728,6140,true,false,false,true,true,000864,6140,true,true,MAPPED_ACTIVE,,false
3729,ISH-DR150,false,false,false,true,true,000863,ISH-DR150,false,true,RECONCILIATION_REQUIRED,mapped_inactive,false
3731,ISH-TDV-1000,false,false,false,true,true,000862,ISH-TDV-1000,false,true,RECONCILIATION_REQUIRED,mapped_inactive,false
3732,6284-82,true,true,true,true,true,000861,6284-82,true,true,MAPPED_ACTIVE,,false
3733,4120-4,false,false,false,true,true,000860,4120-4,false,true,RECONCILIATION_REQUIRED,mapped_inactive,false
3735,4120-4N,false,false,false,true,true,000859,4120-4N,false,true,RECONCILIATION_REQUIRED,mapped_inactive,false
3737,4120-5,false,false,false,true,true,000858,4120-5,false,true,RECONCILIATION_REQUIRED,mapped_inactive,false
3739,4120-5N,false,false,false,true,true,000857,4120-5N,false,true,RECONCILIATION_REQUIRED,mapped_inactive,false
3740,4120-6,false,false,false,true,true,000856,4120-6,false,true,RECONCILIATION_REQUIRED,mapped_inactive,false
3741,0213-500A,false,false,false,true,true,000855,0213-500A,false,true,RECONCILIATION_REQUIRED,mapped_inactive,false
3743,1181-M50A,true,false,false,true,true,000854,1181-M50A,true,true,MAPPED_ACTIVE,,false
3744,1244-30,true,false,false,true,true,000216,1244-30,true,true,MAPPED_ACTIVE,,false
3745,2132-20,true,false,false,true,true,000853,2132-20,true,true,MAPPED_ACTIVE,,false
3747,2151-75,true,false,false,true,true,000852,2151-75,true,true,MAPPED_ACTIVE,,false
3748,2151-95,true,false,false,true,true,000851,2151-95,true,true,MAPPED_ACTIVE,,false
3750,2151-AL35,true,false,false,true,true,000850,2151-AL35,true,true,MAPPED_ACTIVE,,false
3751,2151-AL55,true,false,false,true,true,000849,2151-AL55,true,true,MAPPED_ACTIVE,,false
3753,2151-AL75,true,false,false,true,true,000848,2151-AL75,true,true,MAPPED_ACTIVE,,false
3754,2222-25,true,false,false,true,true,000847,2222-25,true,true,MAPPED_ACTIVE,,false
3756,2309-100D,true,false,false,true,true,000846,2309-100D,true,true,MAPPED_ACTIVE,,false
3757,2321-35,true,false,false,true,true,000845,2321-35,true,true,MAPPED_ACTIVE,,false
3758,2321-55,true,false,false,true,true,000844,2321-55,true,true,MAPPED_ACTIVE,,false
3760,2321-75,true,false,false,true,true,000843,2321-75,true,true,MAPPED_ACTIVE,,false
3762,2366-30,true,false,false,true,true,000842,2366-30,true,true,MAPPED_ACTIVE,,false
3763,2383-08,true,false,false,true,true,000841,2383-08,true,true,MAPPED_ACTIVE,,false
3764,2385-3,true,false,false,true,true,000840,2385-3,true,true,MAPPED_ACTIVE,,false
3765,2710-25,true,false,false,true,true,000839,2710-25,true,true,MAPPED_ACTIVE,,false
3767,2874-02,false,false,false,true,true,000838,2874-02,false,true,RECONCILIATION_REQUIRED,mapped_inactive,false
3769,2876-10,true,false,false,true,true,000837,2876-10,true,true,MAPPED_ACTIVE,,false
3770,3230-25BA,true,false,false,true,true,000836,3230-25BA,true,true,MAPPED_ACTIVE,,false
3772,3260-25,true,false,false,true,true,000835,3260-25,true,true,MAPPED_ACTIVE,,false
3774,3203-12A,true,false,false,true,true,000215,3203-12A,true,true,MAPPED_ACTIVE,,false
3775,3222-12,false,false,false,true,true,000834,3222-12,false,true,RECONCILIATION_REQUIRED,mapped_inactive,false
3776,3530-25BA,true,false,false,true,true,000833,3530-25BA,true,true,MAPPED_ACTIVE,,false
3777,4100-2112,true,false,false,true,true,000832,4100-2112,true,true,MAPPED_ACTIVE,,false
3778,4101-C1000,false,false,false,true,true,000831,4101-C1000,false,true,RECONCILIATION_REQUIRED,mapped_inactive,false
3779,4120-6N,false,false,false,true,true,000830,4120-6N,false,true,RECONCILIATION_REQUIRED,mapped_inactive,false
3780,4120-8,false,false,false,true,true,000829,4120-8,false,true,RECONCILIATION_REQUIRED,mapped_inactive,false
3782,4790-0300,true,false,false,true,true,000828,4790-0300,true,true,MAPPED_ACTIVE,,false
3784,4802-31,true,false,false,true,true,000214,4802-31,true,true,MAPPED_ACTIVE,,false
3786,4803-1,true,false,false,true,true,000827,4803-1,true,true,MAPPED_ACTIVE,,false
3787,4804-26,true,false,false,true,true,000826,4804-26,true,true,MAPPED_ACTIVE,,false
3789,4166-10D,true,false,false,true,true,000825,4166-10D,true,true,MAPPED_ACTIVE,,false
3790,4806-20,true,true,true,true,true,000824,4806-20,true,true,MAPPED_ACTIVE,,false
3791,4824-12,true,true,true,true,true,000823,4824-12,true,true,MAPPED_ACTIVE,,false
3793,A20-4831,false,false,false,true,true,000822,A20-4831,false,true,RECONCILIATION_REQUIRED,mapped_inactive,false
3794,5024,true,true,true,true,true,000821,5024,true,true,MAPPED_ACTIVE,,false
3795,6210-80,true,true,true,true,true,000058,6210-80,true,true,MAPPED_ACTIVE,,false
3796,6215-60,true,false,false,true,true,000820,6215-60,true,true,MAPPED_ACTIVE,,false
3798,6229-60,true,false,false,true,true,000819,6229-60,true,true,MAPPED_ACTIVE,,false
3799,6229-80,true,true,true,true,true,000818,6229-80,true,true,MAPPED_ACTIVE,,false
3800,6282-1102,true,false,false,true,true,000817,6282-1102,true,true,MAPPED_ACTIVE,,false
3801,6282-1201,true,true,true,true,true,000816,6282-1201,true,true,MAPPED_ACTIVE,,false
3802,6282-1203,true,false,true,true,true,000815,6282-1203,true,true,MAPPED_ACTIVE,,false
3804,6282-1601,true,true,true,true,true,000814,6282-1601,true,true,MAPPED_ACTIVE,,false
3805,6291-1,true,false,false,true,true,000813,6291-1,true,true,MAPPED_ACTIVE,,false
3807,6293-1,true,false,false,true,true,000812,6293-1,true,true,MAPPED_ACTIVE,,false
3808,6293-2,true,false,false,true,true,000811,6293-2,true,true,MAPPED_ACTIVE,,false
3810,A1-6294,false,false,false,true,true,000810,A1-6294,false,true,RECONCILIATION_REQUIRED,mapped_inactive,false
3811,6295-1A,true,false,false,true,true,000809,6295-1A,true,true,MAPPED_ACTIVE,,false
3812,6297-1A,false,false,false,true,true,000808,6297-1A,false,true,RECONCILIATION_REQUIRED,mapped_inactive,false
3813,6377-25W,true,false,false,true,true,000807,6377-25W,true,true,MAPPED_ACTIVE,,false
3814,6557-50,true,false,false,true,true,000806,6557-50,true,true,MAPPED_ACTIVE,,false
3815,7142-5,true,true,true,false,false,,,,true,UNMAPPED,,false
3816,7160-1,true,false,false,true,true,000805,7160-1,true,true,MAPPED_ACTIVE,,false
3818,7160-2,true,false,false,true,true,000804,7160-2,true,true,MAPPED_ACTIVE,,false
3820,7230,true,false,true,true,true,000803,7230,true,true,MAPPED_ACTIVE,,false
3821,7351-EX12,true,false,false,true,true,000802,7351-EX12,true,true,MAPPED_ACTIVE,,false
3823,7524-10,true,false,false,true,true,000801,7524-10,true,true,MAPPED_ACTIVE,,false
3824,7600-6,true,true,true,true,true,000800,7600-6,true,true,MAPPED_ACTIVE,,false
3825,9501-1200,true,false,false,true,true,000799,9501-1200,true,true,MAPPED_ACTIVE,,false
3826,9561-50B,true,true,true,true,true,000798,9561-50B,true,true,MAPPED_ACTIVE,,false
3827,9561-70B,true,true,true,true,true,000797,9561-70B,true,true,MAPPED_ACTIVE,,false
3828,HDT-LP200,true,false,true,true,true,000796,HDT-LP200,true,true,MAPPED_ACTIVE,,false
3830,ISF-MT500,true,false,false,true,true,000795,ISF-MT500,true,true,MAPPED_ACTIVE,,false
3832,ISH-PHB,false,false,true,true,true,000792,ISH-PHB,false,true,RECONCILIATION_REQUIRED,mapped_inactive,false
3833,ISH-STAC,true,false,true,true,true,000791,ISH-STAC,true,true,MAPPED_ACTIVE,,false
3834,ISH-STD,true,false,true,true,true,000790,ISH-STD,true,true,MAPPED_ACTIVE,,false
3835,ISO-1000FN,true,true,true,true,true,000789,ISO-1000FN,true,true,MAPPED_ACTIVE,,false
3837,ISQ-RM30,false,false,true,true,true,000788,ISQ-RM30,false,true,RECONCILIATION_REQUIRED,mapped_inactive,false
3839,ISU-100D,true,false,true,true,true,000787,ISU-100D,true,true,MAPPED_ACTIVE,,false
3840,4208-1,true,false,false,true,true,000786,4208-1,true,true,MAPPED_ACTIVE,,false
3841,4608-31,true,true,true,true,true,000785,4608-31,true,true,MAPPED_ACTIVE,,false
3843,ISU-200D,false,false,false,true,true,000784,ISU-200D,false,true,RECONCILIATION_REQUIRED,mapped_inactive,false
3844,N8-4120,false,false,false,true,true,000783,N8-4120,false,true,RECONCILIATION_REQUIRED,mapped_inactive,false
3845,4120-10,false,false,true,true,true,000782,4120-10,false,true,RECONCILIATION_REQUIRED,mapped_inactive,false
3846,N10-4120,false,false,false,true,true,000781,N10-4120,false,true,RECONCILIATION_REQUIRED,mapped_inactive,false
3848,4120-12,false,false,true,true,true,000780,4120-12,false,true,RECONCILIATION_REQUIRED,mapped_inactive,false
3849,N12-4120,false,false,false,true,true,000779,N12-4120,false,true,RECONCILIATION_REQUIRED,mapped_inactive,false
3850,4120-14,false,false,true,true,true,000778,4120-14,false,true,RECONCILIATION_REQUIRED,mapped_inactive,false
3852,N14-4120,false,false,false,true,true,000777,N14-4120,false,true,RECONCILIATION_REQUIRED,mapped_inactive,false
3853,4120-16,false,false,false,true,true,000776,4120-16,false,true,RECONCILIATION_REQUIRED,mapped_inactive,false
3854,N16-4120,false,false,false,true,true,000775,N16-4120,false,true,RECONCILIATION_REQUIRED,mapped_inactive,false
3855,4120-18,false,false,false,true,true,000774,4120-18,false,true,RECONCILIATION_REQUIRED,mapped_inactive,false
3856,N18-4120,false,false,false,true,true,000773,N18-4120,false,true,RECONCILIATION_REQUIRED,mapped_inactive,false
3857,4120-20,false,false,false,true,true,000772,4120-20,false,true,RECONCILIATION_REQUIRED,mapped_inactive,false
3858,N20-4120,false,false,false,true,true,000771,N20-4120,false,true,RECONCILIATION_REQUIRED,mapped_inactive,false
3859,4120-22,false,false,false,true,true,000770,4120-22,false,true,RECONCILIATION_REQUIRED,mapped_inactive,false
3861,N22-4120,false,false,false,true,true,000769,N22-4120,false,true,RECONCILIATION_REQUIRED,mapped_inactive,false
3862,4120-24,false,false,true,true,true,000768,4120-24,false,true,RECONCILIATION_REQUIRED,mapped_inactive,false
3863,N24-4120,false,false,false,true,true,000767,N24-4120,false,true,RECONCILIATION_REQUIRED,mapped_inactive,false
3865,4120-27,false,false,false,true,true,000766,4120-27,false,true,RECONCILIATION_REQUIRED,mapped_inactive,false
3867,N27-4120,false,false,false,true,true,000765,N27-4120,false,true,RECONCILIATION_REQUIRED,mapped_inactive,false
3869,4120-30,false,false,false,true,true,000764,4120-30,false,true,RECONCILIATION_REQUIRED,mapped_inactive,false
3871,N30-4120,false,false,false,true,true,000763,N30-4120,false,true,RECONCILIATION_REQUIRED,mapped_inactive,false
3872,4130-4,false,false,true,true,true,000762,4130-4,false,true,RECONCILIATION_REQUIRED,mapped_inactive,false
3873,4130-5,false,false,true,true,true,000761,4130-5,false,true,RECONCILIATION_REQUIRED,mapped_inactive,false
3874,4130-6,false,false,false,true,true,000760,4130-6,false,true,RECONCILIATION_REQUIRED,mapped_inactive,false
3876,4130-8,false,false,false,true,true,000759,4130-8,false,true,RECONCILIATION_REQUIRED,mapped_inactive,false
3878,4130-10,false,false,true,true,true,000758,4130-10,false,true,RECONCILIATION_REQUIRED,mapped_inactive,false
3880,4130-12,false,false,false,true,true,000757,4130-12,false,true,RECONCILIATION_REQUIRED,mapped_inactive,false
3881,4130-14,false,false,false,true,true,000756,4130-14,false,true,RECONCILIATION_REQUIRED,mapped_inactive,false
3882,4130-16,false,false,false,true,true,000755,4130-16,false,true,RECONCILIATION_REQUIRED,mapped_inactive,false
3883,4130-18,false,false,false,true,true,000754,4130-18,false,true,RECONCILIATION_REQUIRED,mapped_inactive,false
3884,4130-20,false,false,false,true,true,000753,4130-20,false,true,RECONCILIATION_REQUIRED,mapped_inactive,false
3885,4130-22,false,false,false,true,true,000752,4130-22,false,true,RECONCILIATION_REQUIRED,mapped_inactive,false
3886,4130-24,false,false,false,true,true,000751,4130-24,false,true,RECONCILIATION_REQUIRED,mapped_inactive,false
3887,4130-27,false,false,false,true,true,000750,4130-27,false,true,RECONCILIATION_REQUIRED,mapped_inactive,false
3889,4130-30,false,false,false,true,true,000749,4130-30,false,true,RECONCILIATION_REQUIRED,mapped_inactive,false
3891,4166-10,true,false,false,true,true,000748,4166-10,true,true,MAPPED_ACTIVE,,false
3892,4166-3D,true,false,false,true,true,000747,4166-3D,true,true,MAPPED_ACTIVE,,false
3893,A900-0215,false,false,false,true,true,000746,A900-0215,false,true,RECONCILIATION_REQUIRED,mapped_inactive,false
3894,C520-0222,false,false,false,true,true,000745,C520-0222,false,true,RECONCILIATION_REQUIRED,mapped_inactive,false
3895,0312-TH50,false,false,true,true,true,000744,0312-TH50,false,true,RECONCILIATION_REQUIRED,mapped_inactive,false
3896,1106-1005,true,false,false,true,true,000213,1106-1005,true,true,MAPPED_ACTIVE,,false
3897,1106-1503,true,false,false,true,true,000212,1106-1503,true,true,MAPPED_ACTIVE,,false
3898,1106-2002,true,false,false,true,true,000211,1106-2002,true,true,MAPPED_ACTIVE,,false
3899,1110-150A,true,true,true,true,true,000210,1110-150A,true,true,MAPPED_ACTIVE,,false
3900,1110-300A,true,true,true,true,true,000209,1110-300A,true,true,MAPPED_ACTIVE,,false
3901,1141-1000,true,false,false,true,true,000743,1141-1000,true,true,MAPPED_ACTIVE,,false
3902,1180-6,true,false,false,true,true,000208,1180-6,true,true,MAPPED_ACTIVE,,false
3904,1205-150S,true,false,false,true,true,000207,1205-150S,true,true,MAPPED_ACTIVE,,false
3905,1205-200S,true,true,true,true,true,000206,1205-200S,true,true,MAPPED_ACTIVE,,false
3907,1205-300S,true,false,true,true,true,000742,1205-300S,true,true,MAPPED_ACTIVE,,false
3909,2115-10,true,false,false,true,true,000741,2115-10,true,true,MAPPED_ACTIVE,,false
3911,2115-25,true,false,false,true,true,000740,2115-25,true,true,MAPPED_ACTIVE,,false
3913,2122-60,false,false,false,true,true,000739,2122-60,false,true,RECONCILIATION_REQUIRED,mapped_inactive,false
3914,2122-35,false,false,false,true,true,000738,2122-35,false,true,RECONCILIATION_REQUIRED,mapped_inactive,false
3915,2153-10,true,false,false,true,true,000737,2153-10,true,true,MAPPED_ACTIVE,,false
3917,2163-25,true,false,false,true,true,000736,2163-25,true,true,MAPPED_ACTIVE,,false
3918,A25-2164,false,false,false,true,true,000735,A25-2164,false,true,RECONCILIATION_REQUIRED,mapped_inactive,false
3919,2198-2,true,false,false,true,true,000734,2198-2,true,true,MAPPED_ACTIVE,,false
3920,2199-1,false,false,false,true,true,000733,2199-1,false,true,RECONCILIATION_REQUIRED,mapped_inactive,false
3922,2365-10,true,false,false,true,true,000732,2365-10,true,true,MAPPED_ACTIVE,,false
3923,2825-60,true,false,false,true,true,000205,2825-60,true,true,MAPPED_ACTIVE,,false
3924,2825-35,true,false,false,true,true,000204,2825-35,true,true,MAPPED_ACTIVE,,false
3925,2827-60,false,false,false,true,true,000203,2827-60,false,true,RECONCILIATION_REQUIRED,mapped_inactive,false
3927,2875-30,false,false,false,true,true,000731,2875-30,false,true,RECONCILIATION_REQUIRED,mapped_inactive,false
3928,2878-71B,true,false,false,true,true,000730,2878-71B,true,true,MAPPED_ACTIVE,,false
3929,2878-6A,true,false,false,false,false,,,,true,UNMAPPED,,false
3931,3101-25,false,false,false,true,true,000729,3101-25,false,true,RECONCILIATION_REQUIRED,mapped_inactive,false
3933,3260-25SA,true,false,false,true,true,000728,3260-25SA,true,true,MAPPED_ACTIVE,,false
3935,3287-25B,true,false,false,true,true,000727,3287-25B,true,true,MAPPED_ACTIVE,,false
3936,3332-25,true,false,false,true,true,000726,3332-25,true,true,MAPPED_ACTIVE,,false
3937,3358-25,true,false,false,true,true,000725,3358-25,true,true,MAPPED_ACTIVE,,false
3938,3540-50,true,false,false,true,true,000724,3540-50,true,true,MAPPED_ACTIVE,,false
3940,A25-3560,false,false,false,true,true,000723,A25-3560,false,true,RECONCILIATION_REQUIRED,mapped_inactive,false
3942,4100-8,true,false,false,true,true,000722,4100-8,true,true,MAPPED_ACTIVE,,false
3944,3127-5,true,false,false,true,true,000721,3127-5,true,true,MAPPED_ACTIVE,,false
3946,3127-6,true,false,false,true,true,000720,3127-6,true,true,MAPPED_ACTIVE,,false
3947,3203-10A,true,false,false,true,true,000202,3203-10A,true,true,MAPPED_ACTIVE,,false
3949,3203-7A,true,false,false,true,true,000200,3203-7A,true,true,MAPPED_ACTIVE,,false
3950,3203-8A,true,false,false,true,true,000198,3203-8A,true,true,MAPPED_ACTIVE,,false
3952,3203-9A,true,false,false,true,true,000196,3203-9A,true,true,MAPPED_ACTIVE,,false
3954,3227-6,true,false,false,true,true,000719,3227-6,true,true,MAPPED_ACTIVE,,false
3956,4129-10Q,false,false,false,true,true,000718,4129-10Q,false,true,RECONCILIATION_REQUIRED,mapped_inactive,false
3957,4129-10QN,false,false,false,true,true,000717,4129-10QN,false,true,RECONCILIATION_REQUIRED,mapped_inactive,false
3959,4129-12R,false,false,false,true,true,000716,4129-12R,false,true,RECONCILIATION_REQUIRED,mapped_inactive,false
3960,4129-12RN,false,false,false,true,true,000715,4129-12RN,false,true,RECONCILIATION_REQUIRED,mapped_inactive,false
3962,4129-14R,false,false,false,true,true,000714,4129-14R,false,true,RECONCILIATION_REQUIRED,mapped_inactive,false
3963,4129-14RN,false,false,false,true,true,000713,4129-14RN,false,true,RECONCILIATION_REQUIRED,mapped_inactive,false
3964,4129-16R,false,false,false,true,true,002687,4129-16R,false,true,RECONCILIATION_REQUIRED,mapped_inactive,false
3965,4129-16RN,false,false,false,true,true,000712,4129-16RN,false,true,RECONCILIATION_REQUIRED,mapped_inactive,false
3967,4129-18T,false,false,false,true,true,000711,4129-18T,false,true,RECONCILIATION_REQUIRED,mapped_inactive,false
3968,4129-18TN,false,false,false,true,true,000710,4129-18TN,false,true,RECONCILIATION_REQUIRED,mapped_inactive,false
3969,4129-20T,false,false,false,true,true,000709,4129-20T,false,true,RECONCILIATION_REQUIRED,mapped_inactive,false
3970,4129-20TN,false,false,false,true,true,000708,4129-20TN,false,true,RECONCILIATION_REQUIRED,mapped_inactive,false
3972,4129-22T,false,false,false,true,true,000707,4129-22T,false,true,RECONCILIATION_REQUIRED,mapped_inactive,false
3973,4129-22TN,false,false,false,true,true,000706,4129-22TN,false,true,RECONCILIATION_REQUIRED,mapped_inactive,false
3975,4129-24T,false,false,false,true,true,000705,4129-24T,false,true,RECONCILIATION_REQUIRED,mapped_inactive,false
3976,4129-24TN,false,false,false,true,true,000704,4129-24TN,false,true,RECONCILIATION_REQUIRED,mapped_inactive,false
3978,4129-25T,false,false,false,true,true,000703,4129-25T,false,true,RECONCILIATION_REQUIRED,mapped_inactive,false
3980,4129-25TN,false,false,false,true,true,000702,4129-25TN,false,true,RECONCILIATION_REQUIRED,mapped_inactive,false
3981,4129-26T,false,false,false,true,true,000701,4129-26T,false,true,RECONCILIATION_REQUIRED,mapped_inactive,false
3982,4129-26TN,false,false,false,true,true,000700,4129-26TN,false,true,RECONCILIATION_REQUIRED,mapped_inactive,false
3984,4129-27T,false,false,false,true,true,000699,4129-27T,false,true,RECONCILIATION_REQUIRED,mapped_inactive,false
3985,4129-27TN,false,false,false,true,true,000698,4129-27TN,false,true,RECONCILIATION_REQUIRED,mapped_inactive,false
3987,4129-28T,false,false,false,true,true,000697,4129-28T,false,true,RECONCILIATION_REQUIRED,mapped_inactive,false
3989,4129-28TN,false,false,false,true,true,000696,4129-28TN,false,true,RECONCILIATION_REQUIRED,mapped_inactive,false
3990,4129-30T,false,false,false,true,true,000695,4129-30T,false,true,RECONCILIATION_REQUIRED,mapped_inactive,false
3992,4129-30TN,false,false,false,true,true,000694,4129-30TN,false,true,RECONCILIATION_REQUIRED,mapped_inactive,false
3994,4129-8P,false,false,false,true,true,000693,4129-8P,false,true,RECONCILIATION_REQUIRED,mapped_inactive,false
3995,4129-8PN,false,false,false,true,true,000692,4129-8PN,false,true,RECONCILIATION_REQUIRED,mapped_inactive,false
3997,4130-1,false,false,false,true,true,000691,4130-1,false,true,RECONCILIATION_REQUIRED,mapped_inactive,false
3999,4139-10Q,false,false,true,true,true,000690,4139-10Q,false,true,RECONCILIATION_REQUIRED,mapped_inactive,false
4001,4139-12R,false,false,false,true,true,000689,4139-12R,false,true,RECONCILIATION_REQUIRED,mapped_inactive,false
4003,4139-14R,false,false,false,true,true,000688,4139-14R,false,true,RECONCILIATION_REQUIRED,mapped_inactive,false
4005,4139-16R,false,false,false,true,true,000687,4139-16R,false,true,RECONCILIATION_REQUIRED,mapped_inactive,false
4007,4139-18T,false,false,false,true,true,000686,4139-18T,false,true,RECONCILIATION_REQUIRED,mapped_inactive,false
4008,4139-20T,false,false,false,true,true,000685,4139-20T,false,true,RECONCILIATION_REQUIRED,mapped_inactive,false
4010,4139-22T,false,false,false,true,true,000684,4139-22T,false,true,RECONCILIATION_REQUIRED,mapped_inactive,false
4011,4139-24T,false,false,false,true,true,002686,4139-24T,false,true,RECONCILIATION_REQUIRED,mapped_inactive,false
4012,4139-25T,false,false,false,true,true,000683,4139-25T,false,true,RECONCILIATION_REQUIRED,mapped_inactive,false
4014,4139-26T,false,false,false,true,true,000682,4139-26T,false,true,RECONCILIATION_REQUIRED,mapped_inactive,false
4016,4139-27T,false,false,false,true,true,000681,4139-27T,false,true,RECONCILIATION_REQUIRED,mapped_inactive,false
4017,4139-28T,false,false,false,true,true,000680,4139-28T,false,true,RECONCILIATION_REQUIRED,mapped_inactive,false
4018,4139-30T,false,false,false,true,true,000679,4139-30T,false,true,RECONCILIATION_REQUIRED,mapped_inactive,false
4019,4139-4G,false,false,false,true,true,000678,4139-4G,false,true,RECONCILIATION_REQUIRED,mapped_inactive,false
4020,4139-5G,false,false,false,true,true,000128,4139-5G,false,true,RECONCILIATION_REQUIRED,mapped_inactive,false
4022,4139-6G,false,false,false,true,true,000127,4139-6G,false,true,RECONCILIATION_REQUIRED,mapped_inactive,false
4023,4139-8P,false,false,false,true,true,000126,4139-8P,false,true,RECONCILIATION_REQUIRED,mapped_inactive,false
4024,4168-S25,true,false,false,true,true,000677,4168-S25,true,true,MAPPED_ACTIVE,,false
4026,4621-35,true,true,true,true,true,000194,4621-35,true,true,MAPPED_ACTIVE,,false
4028,4790-050,true,false,false,true,true,000125,4790-050,true,true,MAPPED_ACTIVE,,false
4030,4790-075,true,false,false,true,true,000124,4790-075,true,true,MAPPED_ACTIVE,,false
4031,4796-50,true,false,false,true,true,000123,4796-50,true,true,MAPPED_ACTIVE,,false
4032,4796-75,true,false,false,true,true,000122,4796-75,true,true,MAPPED_ACTIVE,,false
4033,4829-1,true,true,true,true,true,000121,4829-1,true,true,MAPPED_ACTIVE,,false
4034,4830,true,true,true,true,true,000120,4830,true,true,MAPPED_ACTIVE,,false
4036,4832-1,true,false,false,true,true,000676,4832-1,true,true,MAPPED_ACTIVE,,false
4037,4833-2,true,false,false,true,true,000119,4833-2,true,true,MAPPED_ACTIVE,,false
4039,4833-3,true,false,false,true,true,000118,4833-3,true,true,MAPPED_ACTIVE,,false
4040,4833-4,true,false,false,true,true,000117,4833-4,true,true,MAPPED_ACTIVE,,false
4042,4834-1,true,false,false,true,true,000116,4834-1,true,true,MAPPED_ACTIVE,,false
4044,4836-2,true,false,false,true,true,000115,4836-2,true,true,MAPPED_ACTIVE,,false
4045,4837-1,true,false,false,true,true,000114,4837-1,true,true,MAPPED_ACTIVE,,false
4046,4841-1,true,false,false,true,true,000113,4841-1,true,true,MAPPED_ACTIVE,,false
4047,4844-1,true,false,false,true,true,000112,4844-1,true,true,MAPPED_ACTIVE,,false
4048,4845-2,true,true,true,true,true,000111,4845-2,true,true,MAPPED_ACTIVE,,false
4049,4851-1,true,false,false,true,true,000110,4851-1,true,true,MAPPED_ACTIVE,,false
4051,4852-15,true,false,false,true,true,000109,4852-15,true,true,MAPPED_ACTIVE,,false
4053,4852-30,true,false,false,true,true,000108,4852-30,true,true,MAPPED_ACTIVE,,false
4054,4852-3,true,false,false,true,true,000107,4852-3,true,true,MAPPED_ACTIVE,,false
4056,4917-30,true,true,true,true,true,000675,4917-30,true,true,MAPPED_ACTIVE,,false
4058,5013,true,true,true,true,true,000674,5013,true,true,MAPPED_ACTIVE,,false
4060,63B2Y10-5201,false,false,false,true,true,000673,63B2Y10-5201,false,true,RECONCILIATION_REQUIRED,mapped_inactive,false
4062,6224-40,true,false,false,true,true,000672,6224-40,true,true,MAPPED_ACTIVE,,false
4064,6226-80,true,false,false,true,true,000671,6226-80,true,true,MAPPED_ACTIVE,,false
4065,6228-40,true,true,true,true,true,000670,6228-40,true,true,MAPPED_ACTIVE,,false
4066,6298-2,true,true,true,true,true,000669,6298-2,true,true,MAPPED_ACTIVE,,false
4068,6300,true,false,false,true,true,000668,6300,true,true,MAPPED_ACTIVE,,false
4069,6511-24,true,false,false,true,true,000667,6511-24,true,true,MAPPED_ACTIVE,,false
4071,6520-67,false,false,false,true,true,000666,6520-67,false,true,RECONCILIATION_REQUIRED,mapped_inactive,false
4072,6520-87,false,false,false,true,true,000794,6520-87,false,true,RECONCILIATION_REQUIRED,mapped_inactive,false
4074,6566-2,true,false,false,true,true,000665,6566-2,true,true,MAPPED_ACTIVE,,false
4076,6832-1,true,false,false,true,true,000664,6832-1,true,true,MAPPED_ACTIVE,,false
4077,6896-11,true,false,false,true,true,000663,6896-11,true,true,MAPPED_ACTIVE,,false
4079,6896-13,true,false,false,true,true,000662,6896-13,true,true,MAPPED_ACTIVE,,false
4081,7110-1200,true,false,false,true,true,000106,7110-1200,true,true,MAPPED_ACTIVE,,false
4082,7144-1,true,false,false,true,true,000105,7144-1,true,true,MAPPED_ACTIVE,,false
4084,7145-1,true,false,false,true,true,000104,7145-1,true,true,MAPPED_ACTIVE,,false
4085,7161-1,true,false,false,true,true,000661,7161-1,true,true,MAPPED_ACTIVE,,false
4086,7163-1,true,false,false,true,true,000660,7163-1,true,true,MAPPED_ACTIVE,,false
4088,7302-21,true,false,false,true,true,000659,7302-21,true,true,MAPPED_ACTIVE,,false
4090,7315-21,true,false,false,true,true,000658,7315-21,true,true,MAPPED_ACTIVE,,false
4091,7513-2,true,false,false,true,true,000657,7513-2,true,true,MAPPED_ACTIVE,,false
4092,7513-4,true,false,false,true,true,000656,7513-4,true,true,MAPPED_ACTIVE,,false
4094,7515-10,true,false,true,true,true,000655,7515-10,true,true,MAPPED_ACTIVE,,false
4095,7516-5D,true,false,false,true,true,000654,7516-5D,true,true,MAPPED_ACTIVE,,false
4097,7517-3D,true,false,false,true,true,000653,7517-3D,true,true,MAPPED_ACTIVE,,false
4098,7527-1D,false,false,false,true,true,000652,7527-1D,false,true,RECONCILIATION_REQUIRED,mapped_inactive,false
4100,7527-2D,false,false,false,true,true,000651,7527-2D,false,true,RECONCILIATION_REQUIRED,mapped_inactive,false
4101,8003-10,true,false,false,true,true,000103,8003-10,true,true,MAPPED_ACTIVE,,false
4102,8003-6,true,false,false,true,true,000102,8003-6,true,true,MAPPED_ACTIVE,,false
4104,8101-30,true,false,false,true,true,000101,8101-30,true,true,MAPPED_ACTIVE,,false
4106,8203-CW03T,true,false,false,true,true,000100,8203-CW03T,true,true,MAPPED_ACTIVE,,false
4107,8203-CW05T,true,false,false,true,true,000099,8203-CW05T,true,true,MAPPED_ACTIVE,,false
4108,8203-CW1T,true,false,false,true,true,000098,8203-CW1T,true,true,MAPPED_ACTIVE,,false
4110,8301-1200,true,false,false,true,true,000097,8301-1200,true,true,MAPPED_ACTIVE,,false
4112,8604-40,false,false,false,true,true,000650,8604-40,false,true,RECONCILIATION_REQUIRED,mapped_inactive,false
4113,9241-ML200,true,true,true,true,true,000649,9241-ML200,true,true,MAPPED_ACTIVE,,false
4115,9315-CF210,true,false,true,true,true,000648,9315-CF210,true,true,MAPPED_ACTIVE,,false
4116,9563-C40,true,true,true,true,true,000096,9563-C40,true,true,MAPPED_ACTIVE,,false
4117,DSW-A010,true,true,true,true,true,000647,DSW-A010,true,true,MAPPED_ACTIVE,,false
4118,HDT-L411,true,false,false,true,true,000646,HDT-L411,true,true,MAPPED_ACTIVE,,false
4119,ISO-1200FN,false,false,false,true,true,000095,ISO-1200FN,false,true,RECONCILIATION_REQUIRED,mapped_inactive,false
4121,ISR-CS130-W,true,false,false,true,true,000645,ISR-CS130-W,true,true,MAPPED_ACTIVE,,false
4122,ISU-250C,true,false,false,true,true,000094,ISU-250C,true,true,MAPPED_ACTIVE,,false
4124,ISV-E40,true,false,false,true,true,000793,ISV-E40,true,true,MAPPED_ACTIVE,,false
4125,1156-1000,true,false,false,true,true,000093,1156-1000,true,true,MAPPED_ACTIVE,,false
4127,6372-25,false,false,false,true,true,000092,6372-25,false,true,RECONCILIATION_REQUIRED,mapped_inactive,false
4129,F5-2311,false,false,false,true,true,000091,F5-2311,false,true,RECONCILIATION_REQUIRED,mapped_inactive,false
4130,7214-50M,false,false,false,true,true,000644,7214-50M,false,true,RECONCILIATION_REQUIRED,mapped_inactive,false
4131,2304-01,false,false,false,true,true,000643,2304-01,false,true,RECONCILIATION_REQUIRED,mapped_inactive,false
4132,5071,true,false,false,true,true,000642,5071,true,true,MAPPED_ACTIVE,,false
4134,5072,true,false,false,true,true,000641,5072,true,true,MAPPED_ACTIVE,,false
4137,5031,true,false,false,true,true,000640,5031,true,true,MAPPED_ACTIVE,,false
4138,5041,true,false,false,true,true,000639,5041,true,true,MAPPED_ACTIVE,,false
4140,5042,true,false,true,true,true,000638,5042,true,true,MAPPED_ACTIVE,,false
4142,5051,true,false,false,true,true,000637,5051,true,true,MAPPED_ACTIVE,,false
4143,5052,true,false,false,true,true,000636,5052,true,true,MAPPED_ACTIVE,,false
4144,5061,true,false,false,true,true,000635,5061,true,true,MAPPED_ACTIVE,,false
4145,5062,true,false,false,true,true,000634,5062,true,true,MAPPED_ACTIVE,,false
4146,5063,true,false,false,true,true,000633,5063,true,true,MAPPED_ACTIVE,,false
4148,5064,true,false,false,true,true,000632,5064,true,true,MAPPED_ACTIVE,,false
4150,5021,true,false,false,true,true,000631,5021,true,true,MAPPED_ACTIVE,,false
4152,5022,true,false,false,true,true,000630,5022,true,true,MAPPED_ACTIVE,,false
4154,5023,true,false,false,true,true,000090,5023,true,true,MAPPED_ACTIVE,,false
4156,9646-301,false,false,false,true,true,000089,9646-301,false,true,RECONCILIATION_REQUIRED,mapped_inactive,false
4158,SH-6*1,false,true,true,true,true,000001,SH-6*1,true,true,MAPPED_ACTIVE,,false
4159,SH-7*1,false,true,true,true,true,000002,SH-7*1,false,true,RECONCILIATION_REQUIRED,mapped_inactive,false
4160,SH-8*1,false,true,true,true,true,000003,SH-8*1,false,true,RECONCILIATION_REQUIRED,mapped_inactive,false
4161,SH-8*1.25,false,true,true,true,true,000004,SH-8*1.25,true,true,MAPPED_ACTIVE,,false
4162,SH-10*1.25,false,true,true,true,true,000005,SH-10*1.25,false,true,RECONCILIATION_REQUIRED,mapped_inactive,false
4163,SH-10*1.5,false,true,true,true,true,000006,SH-10*1.5,false,true,RECONCILIATION_REQUIRED,mapped_inactive,false
4164,SH-11*1.5,false,true,true,true,true,000007,SH-11*1.5,false,true,RECONCILIATION_REQUIRED,mapped_inactive,false
4165,SH-12*1.25,false,true,true,true,true,000008,SH-12*1.25,false,true,RECONCILIATION_REQUIRED,mapped_inactive,false
4166,SH-12*1.5,false,true,true,true,true,000009,SH-12*1.5,false,true,RECONCILIATION_REQUIRED,mapped_inactive,false
4167,SH-12*1.75,false,true,true,true,true,000010,SH-12*1.75,false,true,RECONCILIATION_REQUIRED,mapped_inactive,false
4168,SH-14*1.25,false,true,true,true,true,000011,SH-14*1.25,false,true,RECONCILIATION_REQUIRED,mapped_inactive,false
4169,SH-14*1.5,false,true,true,true,true,000012,SH-14*1.5,false,true,RECONCILIATION_REQUIRED,mapped_inactive,false
4170,SH-14*2,false,false,true,true,true,000013,SH-14*2,false,true,RECONCILIATION_REQUIRED,mapped_inactive,false
4171,SH-16*1.5,false,true,true,true,true,000014,SH-16*1.5,false,true,RECONCILIATION_REQUIRED,mapped_inactive,false
4172,SH-16*1.5K,false,true,false,true,true,000015,SH-16*1.5K,false,true,RECONCILIATION_REQUIRED,mapped_inactive,false
4173,SH-13*1.5,false,false,true,true,true,000062,SH-13*1.5,false,true,RECONCILIATION_REQUIRED,mapped_inactive,false
4174,SH-6*1-2D,false,true,true,true,true,000016,SH-6*1-2D,true,true,MAPPED_ACTIVE,,false
4175,SH-8*1.25-2D,false,true,true,true,true,000017,SH-8*1.25-2D,true,true,MAPPED_ACTIVE,,false
4176,SH-10*1.5-2D,false,true,true,true,true,000018,SH-10*1.5-2D,true,true,MAPPED_ACTIVE,,false
4177,SHK-6*1,false,true,true,true,true,000019,SHK-6*1,true,true,MAPPED_ACTIVE,,false
4178,SHK-7*1,false,true,true,true,true,000020,SHK-7*1,true,true,MAPPED_ACTIVE,,false
4179,SHK-8*1.25,false,true,true,true,true,000021,SHK-8*1.25,true,true,MAPPED_ACTIVE,,false
4180,SHK-10*1.25,false,true,true,true,true,000022,SHK-10*1.25,true,true,MAPPED_ACTIVE,,false
4181,SHK-10*1.5,false,true,true,true,true,000023,SHK-10*1.5,true,true,MAPPED_ACTIVE,,false
4182,SHG-16*1.5,false,false,true,true,true,000060,SHG-16*1.5,false,true,RECONCILIATION_REQUIRED,mapped_inactive,false
4183,SHG-8*1,false,false,true,true,true,000061,SHG-8*1,true,true,MAPPED_ACTIVE,,false
4184,SHG-6*1,false,false,true,true,true,000079,SHG-6*1,true,true,MAPPED_ACTIVE,,false
4185,SO-13637,true,false,true,false,false,,,,true,UNMAPPED,,false
4186,SO-13638,true,false,true,false,false,,,,true,UNMAPPED,,false
4187,SO-13639,true,false,true,false,false,,,,true,UNMAPPED,,false
4188,SO-7324,false,false,false,true,true,002685,SO-7324,false,true,RECONCILIATION_REQUIRED,mapped_inactive,false
4189,SO-5823,false,false,false,false,false,,,,true,UNMAPPED,,false
4190,SO-2256,false,false,false,false,false,,,,true,UNMAPPED,,false
4191,SO-112,false,false,false,false,false,,,,true,UNMAPPED,,false
4192,SO-138,false,false,false,false,false,,,,true,UNMAPPED,,false
4193,SO-268,false,false,false,false,false,,,,true,UNMAPPED,,false
4194,SO-310,false,false,false,false,false,,,,true,UNMAPPED,,false
4195,SO-311,false,false,false,false,false,,,,true,UNMAPPED,,false
4196,SO-312,false,false,false,false,false,,,,true,UNMAPPED,,false
4197,SO-313,false,false,false,false,false,,,,true,UNMAPPED,,false
4198,SO-336,true,false,false,false,false,,,,true,UNMAPPED,,false
4199,SO-376,true,false,false,false,false,,,,true,UNMAPPED,,false
4200,SO-420,true,false,false,false,false,,,,true,UNMAPPED,,false
4201,SO-435,false,false,false,false,false,,,,true,UNMAPPED,,false
4202,SO-447,false,false,false,false,false,,,,true,UNMAPPED,,false
4203,SO-494,true,false,false,false,false,,,,true,UNMAPPED,,false
4204,SO-542,false,false,false,false,false,,,,true,UNMAPPED,,false
4205,SO-546,true,false,false,false,false,,,,true,UNMAPPED,,false
4206,SO-551,true,false,false,false,false,,,,true,UNMAPPED,,false
4207,SO-574,true,false,false,false,false,,,,true,UNMAPPED,,false
4208,SO-624,true,false,false,false,false,,,,true,UNMAPPED,,false
4209,SO-626,true,false,false,false,false,,,,true,UNMAPPED,,false
4210,SO-13571,false,false,false,false,false,,,,true,UNMAPPED,,false
4211,SO-13572,false,false,false,false,false,,,,true,UNMAPPED,,false
4212,SO-13573,false,false,false,false,false,,,,true,UNMAPPED,,false
4213,SO-13523,false,true,true,false,false,,,,true,UNMAPPED,,false
4214,SO-13524,false,true,true,false,false,,,,true,UNMAPPED,,false
4215,SO-13525,false,true,true,false,false,,,,true,UNMAPPED,,false
4216,SO-13526,false,true,true,false,false,,,,true,UNMAPPED,,false
4217,SO-254,false,false,false,false,false,,,,true,UNMAPPED,,false
4218,SO-525,false,false,false,false,false,,,,true,UNMAPPED,,false
4219,SO-4745,false,false,false,false,false,,,,true,UNMAPPED,,false
4220,SO-11049,false,false,false,false,false,,,,true,UNMAPPED,,false
4221,SO-3743,false,false,false,true,true,002684,SO-3743,false,true,RECONCILIATION_REQUIRED,mapped_inactive,false
4222,SO-13497,false,true,true,false,false,,,,true,UNMAPPED,,false
4223,SO-13498,false,true,true,true,true,002683,SO-13498,false,true,RECONCILIATION_REQUIRED,mapped_inactive,false
4224,SO-13499,false,true,true,false,false,,,,true,UNMAPPED,,false
4225,SO-13500,false,true,true,false,false,,,,true,UNMAPPED,,false
4226,SO-13501,false,true,true,false,false,,,,true,UNMAPPED,,false
4227,SO-13502,false,true,true,false,false,,,,true,UNMAPPED,,false
4228,SO-13503,false,true,true,true,true,002682,SO-13503,false,true,RECONCILIATION_REQUIRED,mapped_inactive,false
4229,SO-14082,false,true,true,false,false,,,,true,UNMAPPED,,false
4230,SO-7923,false,false,false,false,false,,,,true,UNMAPPED,,false
4231,SO-13509,false,true,true,false,false,,,,true,UNMAPPED,,false
4232,SO-13504,false,true,true,true,true,002681,SO-13504,false,true,RECONCILIATION_REQUIRED,mapped_inactive,false
4233,SO-13505,false,true,true,true,true,002680,SO-13505,false,true,RECONCILIATION_REQUIRED,mapped_inactive,false
4234,SO-13506,false,true,true,true,true,002679,SO-13506,false,true,RECONCILIATION_REQUIRED,mapped_inactive,false
4235,SO-13507,false,true,true,true,true,002678,SO-13507,false,true,RECONCILIATION_REQUIRED,mapped_inactive,false
4236,SO-13508,false,true,true,false,false,,,,true,UNMAPPED,,false
4237,SO-14097,false,true,true,true,true,002677,SO-14097,false,true,RECONCILIATION_REQUIRED,mapped_inactive,false
4238,SO-14098,false,true,true,true,true,002676,SO-14098,false,true,RECONCILIATION_REQUIRED,mapped_inactive,false
4239,SO-14099,false,true,true,true,true,002675,SO-14099,false,true,RECONCILIATION_REQUIRED,mapped_inactive,false
4240,SO-14100,false,true,true,true,true,002674,SO-14100,false,true,RECONCILIATION_REQUIRED,mapped_inactive,false
4241,SO-14101,false,true,true,true,true,002673,SO-14101,false,true,RECONCILIATION_REQUIRED,mapped_inactive,false
4242,SO-14102,false,true,true,true,true,002672,SO-14102,false,true,RECONCILIATION_REQUIRED,mapped_inactive,false
4243,SO-14103,false,true,true,true,true,002671,SO-14103,false,true,RECONCILIATION_REQUIRED,mapped_inactive,false
4244,SO-14104,false,true,true,true,true,002670,SO-14104,false,true,RECONCILIATION_REQUIRED,mapped_inactive,false
4245,SO-14105,false,true,true,true,true,002669,SO-14105,false,true,RECONCILIATION_REQUIRED,mapped_inactive,false
4246,SO-4664,false,false,false,true,true,002668,SO-4664,false,true,RECONCILIATION_REQUIRED,mapped_inactive,false
4247,SO-1861,false,false,false,true,true,002667,SO-1861,false,true,RECONCILIATION_REQUIRED,mapped_inactive,false
4248,SO-2298,false,false,false,true,true,002666,SO-2298,false,true,RECONCILIATION_REQUIRED,mapped_inactive,false
4249,SO-2336,false,false,false,true,true,002665,SO-2336,false,true,RECONCILIATION_REQUIRED,mapped_inactive,false
4250,SO-2337,false,false,false,true,true,002664,SO-2337,false,true,RECONCILIATION_REQUIRED,mapped_inactive,false
4251,SO-13605,true,false,true,false,false,,,,true,UNMAPPED,,false
4252,SO-13606,true,false,true,false,false,,,,true,UNMAPPED,,false
4253,SO-13607,true,false,true,false,false,,,,true,UNMAPPED,,false
4254,SO-13608,true,false,true,false,false,,,,true,UNMAPPED,,false
4255,SO-13609,true,false,true,false,false,,,,true,UNMAPPED,,false
4256,SO-13610,true,false,true,false,false,,,,true,UNMAPPED,,false
4257,SO-13611,false,false,false,true,true,002663,SO-13611,false,true,RECONCILIATION_REQUIRED,mapped_inactive,false
4258,SO-13613,true,false,true,false,false,,,,true,UNMAPPED,,false
4259,SO-13612,true,false,true,false,false,,,,true,UNMAPPED,,false
4260,SO-13614,true,true,true,false,false,,,,true,UNMAPPED,,false
4261,SO-13615,true,false,true,false,false,,,,true,UNMAPPED,,false
4262,SO-13616,true,true,true,false,false,,,,true,UNMAPPED,,false
4263,SO-13617,true,false,true,false,false,,,,true,UNMAPPED,,false
4264,SO-14094,false,true,true,true,true,002662,SO-14094,false,true,RECONCILIATION_REQUIRED,mapped_inactive,false
4265,SO-14093,false,false,false,true,true,002661,SO-14093,false,true,RECONCILIATION_REQUIRED,mapped_inactive,false
4266,SO-13618,false,true,true,true,true,002660,SO-13618,false,true,RECONCILIATION_REQUIRED,mapped_inactive,false
4267,SO-2665,false,false,false,true,true,002659,SO-2665,false,true,RECONCILIATION_REQUIRED,mapped_inactive,false
4268,SO-2153,false,false,false,true,true,002658,SO-2153,false,true,RECONCILIATION_REQUIRED,mapped_inactive,false
4269,SO-4308,false,false,false,true,true,002657,SO-4308,false,true,RECONCILIATION_REQUIRED,mapped_inactive,false
4270,SO-6207,false,false,false,true,true,002656,SO-6207,false,true,RECONCILIATION_REQUIRED,mapped_inactive,false
4271,SO-6464,false,false,false,true,true,002655,SO-6464,false,true,RECONCILIATION_REQUIRED,mapped_inactive,false
4272,SO-66,false,false,false,true,true,002654,SO-66,false,true,RECONCILIATION_REQUIRED,mapped_inactive,false
4273,SO-3745,false,false,false,true,true,002653,SO-3745,false,true,RECONCILIATION_REQUIRED,mapped_inactive,false
4274,SO-7946,false,false,false,true,true,002652,SO-7946,false,true,RECONCILIATION_REQUIRED,mapped_inactive,false
4275,SO-131,false,false,false,true,true,002651,SO-131,false,true,RECONCILIATION_REQUIRED,mapped_inactive,false
4276,SO-3703,false,false,false,true,true,002650,SO-3703,false,true,RECONCILIATION_REQUIRED,mapped_inactive,false
4277,SO-3817,false,false,false,true,true,002649,SO-3817,false,true,RECONCILIATION_REQUIRED,mapped_inactive,false
4278,SO-5686,false,false,false,true,true,002648,SO-5686,false,true,RECONCILIATION_REQUIRED,mapped_inactive,false
4279,SO-7609,false,false,false,true,true,002647,SO-7609,false,true,RECONCILIATION_REQUIRED,mapped_inactive,false
4280,SO-8444,false,false,false,true,true,002646,SO-8444,false,true,RECONCILIATION_REQUIRED,mapped_inactive,false
4281,SO-8923,false,false,false,true,true,002645,SO-8923,false,true,RECONCILIATION_REQUIRED,mapped_inactive,false
4282,SO-1889,false,false,false,true,true,002644,SO-1889,false,true,RECONCILIATION_REQUIRED,mapped_inactive,false
4283,SO-2355,false,false,false,true,true,002643,SO-2355,false,true,RECONCILIATION_REQUIRED,mapped_inactive,false
4284,SO-2655,false,false,false,true,true,002642,SO-2655,false,true,RECONCILIATION_REQUIRED,mapped_inactive,false
4285,SO-2232,false,false,false,true,true,002641,SO-2232,false,true,RECONCILIATION_REQUIRED,mapped_inactive,false
4286,SO-2231,false,true,true,true,true,002640,SO-2231,false,true,RECONCILIATION_REQUIRED,mapped_inactive,false
4287,SO-13535,false,false,false,true,true,002639,SO-13535,false,true,RECONCILIATION_REQUIRED,mapped_inactive,false
4288,SO-13530,false,false,false,true,true,002638,SO-13530,false,true,RECONCILIATION_REQUIRED,mapped_inactive,false
4289,SO-13537,false,true,true,true,true,002637,SO-13537,false,true,RECONCILIATION_REQUIRED,mapped_inactive,false
4290,SO-1041,false,false,false,true,true,002636,SO-1041,false,true,RECONCILIATION_REQUIRED,mapped_inactive,false
4291,SO-1048,false,false,false,true,true,002635,SO-1048,false,true,RECONCILIATION_REQUIRED,mapped_inactive,false
4292,SO-9124,false,false,false,true,true,002634,SO-9124,false,true,RECONCILIATION_REQUIRED,mapped_inactive,false
4293,SO-9136,false,false,false,true,true,002633,SO-9136,false,true,RECONCILIATION_REQUIRED,mapped_inactive,false
4294,SO-9137,false,false,false,true,true,002632,SO-9137,false,true,RECONCILIATION_REQUIRED,mapped_inactive,false
4295,SO-13536,false,true,true,true,true,002631,SO-13536,false,true,RECONCILIATION_REQUIRED,mapped_inactive,false
4296,SO-13527,false,true,true,true,true,002630,SO-13527,false,true,RECONCILIATION_REQUIRED,mapped_inactive,false
4297,SO-13531,false,false,false,true,true,002629,SO-13531,false,true,RECONCILIATION_REQUIRED,mapped_inactive,false
4298,SO-13528,false,true,true,true,true,002628,SO-13528,false,true,RECONCILIATION_REQUIRED,mapped_inactive,false
4299,SO-13532,false,false,false,true,true,002627,SO-13532,false,true,RECONCILIATION_REQUIRED,mapped_inactive,false
4300,SO-13538,true,true,true,false,false,,,,true,UNMAPPED,,false
4301,SO-13529,true,false,false,false,false,,,,true,UNMAPPED,,false
4302,SO-13534,true,true,true,false,false,,,,true,UNMAPPED,,false
4303,SO-13569,true,false,true,false,false,,,,true,UNMAPPED,,false
4304,SO-13570,true,false,true,false,false,,,,true,UNMAPPED,,false
4305,SO-13566,false,false,false,true,true,002626,SO-13566,false,true,RECONCILIATION_REQUIRED,mapped_inactive,false
4306,SO-13565,false,false,true,true,true,002625,SO-13565,false,true,RECONCILIATION_REQUIRED,mapped_inactive,false
4307,SO-13567,false,true,true,true,true,002624,SO-13567,false,true,RECONCILIATION_REQUIRED,mapped_inactive,false
4308,SO-13568,false,true,true,true,true,002623,SO-13568,false,true,RECONCILIATION_REQUIRED,mapped_inactive,false
4309,SO-907,false,false,false,true,true,002622,SO-907,false,true,RECONCILIATION_REQUIRED,mapped_inactive,false
4310,SO-947,false,false,false,true,true,002621,SO-947,false,true,RECONCILIATION_REQUIRED,mapped_inactive,false
4311,SO-952,false,false,false,true,true,002620,SO-952,false,true,RECONCILIATION_REQUIRED,mapped_inactive,false
4312,SO-957,false,false,false,true,true,002619,SO-957,false,true,RECONCILIATION_REQUIRED,mapped_inactive,false
4313,SO-963,false,false,false,true,true,002618,SO-963,false,true,RECONCILIATION_REQUIRED,mapped_inactive,false
4314,SO-1034,false,false,false,true,true,002617,SO-1034,false,true,RECONCILIATION_REQUIRED,mapped_inactive,false
4315,SO-1039,false,false,false,true,true,002616,SO-1039,false,true,RECONCILIATION_REQUIRED,mapped_inactive,false
4316,SO-1705,false,false,false,true,true,002615,SO-1705,false,true,RECONCILIATION_REQUIRED,mapped_inactive,false
4317,SO-2154,false,false,false,true,true,002614,SO-2154,false,true,RECONCILIATION_REQUIRED,mapped_inactive,false
4318,SO-2600,false,false,false,true,true,002613,SO-2600,false,true,RECONCILIATION_REQUIRED,mapped_inactive,false
4319,SO-6925,false,false,false,true,true,002612,SO-6925,false,true,RECONCILIATION_REQUIRED,mapped_inactive,false
4320,SO-7631,false,false,false,true,true,002611,SO-7631,false,true,RECONCILIATION_REQUIRED,mapped_inactive,false
4321,SO-3138,false,false,false,true,true,002610,SO-3138,false,true,RECONCILIATION_REQUIRED,mapped_inactive,false
4322,SO-6723,false,false,false,true,true,002609,SO-6723,false,true,RECONCILIATION_REQUIRED,mapped_inactive,false
4323,SO-4315,false,false,false,true,true,002608,SO-4315,false,true,RECONCILIATION_REQUIRED,mapped_inactive,false
4324,SO-2613,false,false,false,true,true,002607,SO-2613,false,true,RECONCILIATION_REQUIRED,mapped_inactive,false
4325,SO-4991,false,false,false,true,true,002606,SO-4991,false,true,RECONCILIATION_REQUIRED,mapped_inactive,false
4326,SO-6069,false,false,false,true,true,002605,SO-6069,false,true,RECONCILIATION_REQUIRED,mapped_inactive,false
4327,SO-3629,false,false,false,true,true,002604,SO-3629,false,true,RECONCILIATION_REQUIRED,mapped_inactive,false
4328,SO-4292,false,false,false,true,true,002603,SO-4292,false,true,RECONCILIATION_REQUIRED,mapped_inactive,false
4329,SO-2215,false,false,false,true,true,002602,SO-2215,false,true,RECONCILIATION_REQUIRED,mapped_inactive,false
4330,SO-3001,false,false,false,true,true,002601,SO-3001,false,true,RECONCILIATION_REQUIRED,mapped_inactive,false
4331,SO-3942,false,false,false,true,true,002600,SO-3942,false,true,RECONCILIATION_REQUIRED,mapped_inactive,false
4332,SO-9095,false,false,false,true,true,002599,SO-9095,false,true,RECONCILIATION_REQUIRED,mapped_inactive,false
4333,SO-4215,false,false,false,true,true,002598,SO-4215,false,true,RECONCILIATION_REQUIRED,mapped_inactive,false
4334,SO-6522,false,false,false,true,true,002597,SO-6522,false,true,RECONCILIATION_REQUIRED,mapped_inactive,false
4335,SO-5163,false,false,false,true,true,002596,SO-5163,false,true,RECONCILIATION_REQUIRED,mapped_inactive,false
4336,SO-7181,false,false,false,true,true,002595,SO-7181,false,true,RECONCILIATION_REQUIRED,mapped_inactive,false
4337,SO-3699,false,false,false,true,true,002594,SO-3699,false,true,RECONCILIATION_REQUIRED,mapped_inactive,false
4338,SO-2636,false,false,false,true,true,002593,SO-2636,false,true,RECONCILIATION_REQUIRED,mapped_inactive,false
4339,SO-6722,false,false,false,true,true,002592,SO-6722,false,true,RECONCILIATION_REQUIRED,mapped_inactive,false
4340,SO-9129,false,false,false,true,true,002591,SO-9129,false,true,RECONCILIATION_REQUIRED,mapped_inactive,false
4341,SO-2387,false,false,false,true,true,002590,SO-2387,false,true,RECONCILIATION_REQUIRED,mapped_inactive,false
4342,SO-1183,false,false,false,true,true,002589,SO-1183,false,true,RECONCILIATION_REQUIRED,mapped_inactive,false
4343,SO-4833,false,false,false,true,true,002588,SO-4833,false,true,RECONCILIATION_REQUIRED,mapped_inactive,false
4344,SO-3698,false,false,false,true,true,002587,SO-3698,false,true,RECONCILIATION_REQUIRED,mapped_inactive,false
4345,SO-13558,true,true,true,false,false,,,,true,UNMAPPED,,false
4346,SO-13561,false,false,true,true,true,002586,SO-13561,false,true,RECONCILIATION_REQUIRED,mapped_inactive,false
4347,SO-13562,false,false,false,true,true,002585,SO-13562,false,true,RECONCILIATION_REQUIRED,mapped_inactive,false
4348,SO-13557,false,false,false,true,true,002584,SO-13557,false,true,RECONCILIATION_REQUIRED,mapped_inactive,false
4349,SO-13559,true,true,true,false,false,,,,true,UNMAPPED,,false
4350,SO-13560,true,true,true,false,false,,,,true,UNMAPPED,,false
4351,SO-13563,true,true,true,false,false,,,,true,UNMAPPED,,false
4352,SO-13564,true,true,true,false,false,,,,true,UNMAPPED,,false
4353,SO-13545,true,false,false,false,false,,,,true,UNMAPPED,,false
4354,SO-13547,false,false,false,true,true,002583,SO-13547,false,true,RECONCILIATION_REQUIRED,mapped_inactive,false
4355,SO-13544,true,true,true,false,false,,,,true,UNMAPPED,,false
4356,SO-13540,false,false,false,true,true,002582,SO-13540,false,true,RECONCILIATION_REQUIRED,mapped_inactive,false
4357,SO-13553,false,false,false,true,true,002581,SO-13553,false,true,RECONCILIATION_REQUIRED,mapped_inactive,false
4358,SO-13541,false,false,false,true,true,002580,SO-13541,false,true,RECONCILIATION_REQUIRED,mapped_inactive,false
4359,SO-13546,false,false,false,true,true,002579,SO-13546,false,true,RECONCILIATION_REQUIRED,mapped_inactive,false
4360,SO-13555,false,false,false,true,true,002578,SO-13555,false,true,RECONCILIATION_REQUIRED,mapped_inactive,false
4361,SO-13548,true,false,false,false,false,,,,true,UNMAPPED,,false
4362,SO-13533,true,true,true,false,false,,,,true,UNMAPPED,,false
4363,SO-13550,true,false,false,false,false,,,,true,UNMAPPED,,false
4364,SO-13542,false,false,false,true,true,002577,SO-13542,false,true,RECONCILIATION_REQUIRED,mapped_inactive,false
4365,SO-13543,false,true,true,true,true,002576,SO-13543,false,true,RECONCILIATION_REQUIRED,mapped_inactive,false
4366,SO-13549,false,false,false,true,true,002575,SO-13549,false,true,RECONCILIATION_REQUIRED,mapped_inactive,false
4367,SO-13551,false,false,false,true,true,002574,SO-13551,false,true,RECONCILIATION_REQUIRED,mapped_inactive,false
4368,SO-13556,false,false,false,true,true,002573,SO-13556,false,true,RECONCILIATION_REQUIRED,mapped_inactive,false
4369,SO-13552,true,false,false,false,false,,,,true,UNMAPPED,,false
4370,SO-13539,true,true,true,false,false,,,,true,UNMAPPED,,false
4371,SO-829,false,false,false,true,true,002572,SO-829,false,true,RECONCILIATION_REQUIRED,mapped_inactive,false
4372,SO-13554,false,true,true,true,true,002571,SO-13554,false,true,RECONCILIATION_REQUIRED,mapped_inactive,false
4373,SO-9586,false,true,true,true,true,000181,SO-9586,false,true,RECONCILIATION_REQUIRED,mapped_inactive,false
4374,SO-8335,false,true,true,true,true,000182,SO-8335,false,true,RECONCILIATION_REQUIRED,mapped_inactive,false
4375,SO-8382,false,true,true,true,true,000183,SO-8382,false,true,RECONCILIATION_REQUIRED,mapped_inactive,false
4376,SO-14081,false,true,true,true,true,000184,SO-14081,false,true,RECONCILIATION_REQUIRED,mapped_inactive,false
4377,SO-8340,false,true,true,true,true,000185,SO-8340,false,true,RECONCILIATION_REQUIRED,mapped_inactive,false
4378,SO-14096,false,true,true,true,true,000186,SO-14096,false,true,RECONCILIATION_REQUIRED,mapped_inactive,false
4379,SO-8344,false,true,true,true,true,000187,SO-8344,false,true,RECONCILIATION_REQUIRED,mapped_inactive,false
4380,SO-13493,false,true,true,true,true,000188,SO-13493,false,true,RECONCILIATION_REQUIRED,mapped_inactive,false
4381,SO-14095,false,true,true,true,true,000189,SO-14095,false,true,RECONCILIATION_REQUIRED,mapped_inactive,false
4382,SO-13494,false,true,true,true,true,000190,SO-13494,false,true,RECONCILIATION_REQUIRED,mapped_inactive,false
4383,SO-13495,false,true,true,true,true,002570,SO-13495,false,true,RECONCILIATION_REQUIRED,mapped_inactive,false
4384,SO-13496,false,true,true,true,true,002569,SO-13496,false,true,RECONCILIATION_REQUIRED,mapped_inactive,false
4385,SO-5879,false,false,false,true,true,002568,SO-5879,false,true,RECONCILIATION_REQUIRED,mapped_inactive,false
4386,SO-4610,false,false,false,true,true,002567,SO-4610,false,true,RECONCILIATION_REQUIRED,mapped_inactive,false
4387,SO-3137,false,false,false,true,true,002566,SO-3137,false,true,RECONCILIATION_REQUIRED,mapped_inactive,false
4388,SO-1538,false,false,false,true,true,002565,SO-1538,false,true,RECONCILIATION_REQUIRED,mapped_inactive,false
4389,SO-8065,false,false,false,true,true,002564,SO-8065,false,true,RECONCILIATION_REQUIRED,mapped_inactive,false
4390,SO-3759,false,false,false,true,true,002563,SO-3759,false,true,RECONCILIATION_REQUIRED,mapped_inactive,false
4391,SO-1104,false,false,false,true,true,002562,SO-1104,false,true,RECONCILIATION_REQUIRED,mapped_inactive,false
4392,SO-7806,false,false,false,true,true,002561,SO-7806,false,true,RECONCILIATION_REQUIRED,mapped_inactive,false
4393,SO-8593,false,false,false,true,true,002560,SO-8593,false,true,RECONCILIATION_REQUIRED,mapped_inactive,false
4394,SO-4920,false,false,false,true,true,002559,SO-4920,false,true,RECONCILIATION_REQUIRED,mapped_inactive,false
4395,SO-2340,false,false,false,true,true,002558,SO-2340,false,true,RECONCILIATION_REQUIRED,mapped_inactive,false
4396,SO-13510,false,true,true,true,true,002557,SO-13510,false,true,RECONCILIATION_REQUIRED,mapped_inactive,false
4397,SO-13511,false,true,true,true,true,002556,SO-13511,false,true,RECONCILIATION_REQUIRED,mapped_inactive,false
4398,SO-13512,false,true,true,true,true,002555,SO-13512,false,true,RECONCILIATION_REQUIRED,mapped_inactive,false
4399,SO-13513,false,true,true,true,true,002554,SO-13513,false,true,RECONCILIATION_REQUIRED,mapped_inactive,false
4400,SO-13514,true,false,false,false,false,,,,true,UNMAPPED,,false
4401,SO-13515,false,true,true,true,true,002553,SO-13515,false,true,RECONCILIATION_REQUIRED,mapped_inactive,false
4402,SO-13516,false,true,true,true,true,002552,SO-13516,false,true,RECONCILIATION_REQUIRED,mapped_inactive,false
4403,SO-3676,false,false,false,true,true,002551,SO-3676,false,true,RECONCILIATION_REQUIRED,mapped_inactive,false
4404,SO-14083,false,false,false,true,true,002550,SO-14083,false,true,RECONCILIATION_REQUIRED,mapped_inactive,false
4405,SO-14084,false,false,false,true,true,002549,SO-14084,false,true,RECONCILIATION_REQUIRED,mapped_inactive,false
4406,SO-14085,false,false,false,true,true,002548,SO-14085,false,true,RECONCILIATION_REQUIRED,mapped_inactive,false
4407,SO-14086,false,false,false,true,true,002547,SO-14086,false,true,RECONCILIATION_REQUIRED,mapped_inactive,false
4408,SO-14087,true,false,false,false,false,,,,true,UNMAPPED,,false
4409,SO-14088,false,false,false,true,true,002546,SO-14088,false,true,RECONCILIATION_REQUIRED,mapped_inactive,false
4410,SO-14089,false,false,false,true,true,002545,SO-14089,false,true,RECONCILIATION_REQUIRED,mapped_inactive,false
4411,SO-7091,false,false,false,true,true,002544,SO-7091,false,true,RECONCILIATION_REQUIRED,mapped_inactive,false
4412,SO-1417,false,false,false,true,true,002543,SO-1417,false,true,RECONCILIATION_REQUIRED,mapped_inactive,false
4413,SO-1252,false,false,false,true,true,002542,SO-1252,false,true,RECONCILIATION_REQUIRED,mapped_inactive,false
4414,SO-7092,false,false,false,true,true,002541,SO-7092,false,true,RECONCILIATION_REQUIRED,mapped_inactive,false
4415,SO-7112,false,false,false,true,true,002540,SO-7112,false,true,RECONCILIATION_REQUIRED,mapped_inactive,false
4416,SO-4241,false,false,false,true,true,002539,SO-4241,false,true,RECONCILIATION_REQUIRED,mapped_inactive,false
4417,SO-1055,false,false,false,true,true,002538,SO-1055,false,true,RECONCILIATION_REQUIRED,mapped_inactive,false
4418,SO-7093,false,false,false,true,true,002537,SO-7093,false,true,RECONCILIATION_REQUIRED,mapped_inactive,false
4419,SO-4623,false,false,false,true,true,002536,SO-4623,false,true,RECONCILIATION_REQUIRED,mapped_inactive,false
4420,SO-1715,false,false,false,true,true,002535,SO-1715,false,true,RECONCILIATION_REQUIRED,mapped_inactive,false
4421,SO-5476,false,false,false,true,true,002534,SO-5476,false,true,RECONCILIATION_REQUIRED,mapped_inactive,false
4422,SO-13619,true,false,true,false,false,,,,true,UNMAPPED,,false
4423,SO-13620,true,true,true,false,false,,,,true,UNMAPPED,,false
4424,SO-13621,true,true,true,false,false,,,,true,UNMAPPED,,false
4425,SO-13622,true,true,true,false,false,,,,true,UNMAPPED,,false
4426,SO-13623,true,true,true,false,false,,,,true,UNMAPPED,,false
4427,SO-13624,true,false,true,false,false,,,,true,UNMAPPED,,false
4428,SO-13625,true,false,true,false,false,,,,true,UNMAPPED,,false
4429,SO-13626,true,false,true,false,false,,,,true,UNMAPPED,,false
4430,SO-13627,false,true,true,true,true,002533,SO-13627,false,true,RECONCILIATION_REQUIRED,mapped_inactive,false
4431,SO-13629,false,false,false,true,true,002532,SO-13629,false,true,RECONCILIATION_REQUIRED,mapped_inactive,false
4432,SO-13630,true,false,true,false,false,,,,true,UNMAPPED,,false
4433,SO-13631,true,false,true,false,false,,,,true,UNMAPPED,,false
4434,SO-14090,false,false,false,true,true,002531,SO-14090,false,true,RECONCILIATION_REQUIRED,mapped_inactive,false
4435,SO-14091,false,false,false,false,false,,,,true,UNMAPPED,,false
4436,SO-14092,false,false,false,false,false,,,,true,UNMAPPED,,false
4437,SO-13517,false,true,true,false,false,,,,true,UNMAPPED,,false
4438,SO-13518,false,true,true,false,false,,,,true,UNMAPPED,,false
4439,SO-13519,false,true,true,true,true,002530,SO-13519,false,true,RECONCILIATION_REQUIRED,mapped_inactive,false
4440,SO-13520,false,true,true,false,false,,,,true,UNMAPPED,,false
4441,SO-13521,false,true,true,true,true,002529,SO-13521,false,true,RECONCILIATION_REQUIRED,mapped_inactive,false
4442,SO-13522,false,true,true,false,false,,,,true,UNMAPPED,,false
4443,SO-13574,true,true,true,false,false,,,,true,UNMAPPED,,false
4444,SO-13575,true,true,true,false,false,,,,true,UNMAPPED,,false
4445,SO-13576,true,true,true,false,false,,,,true,UNMAPPED,,false
4446,SO-13577,true,true,true,false,false,,,,true,UNMAPPED,,false
4447,SO-675,false,false,false,false,false,,,,true,UNMAPPED,,false
4448,SO-704,false,false,false,false,false,,,,true,UNMAPPED,,false
4449,SO-713,false,false,false,false,false,,,,true,UNMAPPED,,false
4450,SO-715,false,false,false,true,true,002528,SO-715,false,true,RECONCILIATION_REQUIRED,mapped_inactive,false
4451,SO-723,false,false,false,false,false,,,,true,UNMAPPED,,false
4452,SO-796,false,false,false,false,false,,,,true,UNMAPPED,,false
4453,SO-1049,false,false,false,false,false,,,,true,UNMAPPED,,false
4454,SO-10501,false,false,false,false,false,,,,true,UNMAPPED,,false
4455,SO-10502,false,false,false,false,false,,,,true,UNMAPPED,,false
4456,SO-13632,true,true,true,false,false,,,,true,UNMAPPED,,false
4457,SO-13633,true,false,true,false,false,,,,true,UNMAPPED,,false
4458,SO-13634,true,false,true,false,false,,,,true,UNMAPPED,,false
4459,SO-13635,true,false,true,false,false,,,,true,UNMAPPED,,false
4460,SO-13636,true,true,true,false,false,,,,true,UNMAPPED,,false
4461,SO-255,false,false,false,true,true,002527,SO-255,false,true,RECONCILIATION_REQUIRED,mapped_inactive,false
4462,SO-257,false,false,false,true,true,002526,SO-257,false,true,RECONCILIATION_REQUIRED,mapped_inactive,false
4463,SO-258,false,false,false,true,true,002525,SO-258,false,true,RECONCILIATION_REQUIRED,mapped_inactive,false
4464,SO-261,false,false,false,true,true,002524,SO-261,false,true,RECONCILIATION_REQUIRED,mapped_inactive,false
4465,SO-273,false,false,false,true,true,002523,SO-273,false,true,RECONCILIATION_REQUIRED,mapped_inactive,false
4466,CB210-150,true,true,true,false,false,,,,true,UNMAPPED,,false
4467,CB210-200,true,true,true,false,false,,,,true,UNMAPPED,,false
4468,CB210-300,true,true,true,false,false,,,,true,UNMAPPED,,false
4469,CD185-150,true,true,true,false,false,,,,true,UNMAPPED,,false
4470,CD185-200,true,true,true,false,false,,,,true,UNMAPPED,,false
4471,CD185-300,true,true,true,false,false,,,,true,UNMAPPED,,false
4472,CDA100-150,true,true,true,false,false,,,,true,UNMAPPED,,false
4473,CDA100-200,true,true,true,false,false,,,,true,UNMAPPED,,false
4474,CDA100-300,true,false,true,false,false,,,,true,UNMAPPED,,false
4475,YDA100E-150,true,true,true,false,false,,,,true,UNMAPPED,,false
4476,YDA100E-200,true,true,true,false,false,,,,true,UNMAPPED,,false
4477,YDA100E-300,true,true,true,false,false,,,,true,UNMAPPED,,false
4478,YDA100F-150,true,true,true,false,false,,,,true,UNMAPPED,,false
4479,YDA100F-200,true,true,true,false,false,,,,true,UNMAPPED,,false
4480,YDA100F-300,true,false,true,false,false,,,,true,UNMAPPED,,false
4481,CDE932-1000-J20,false,true,true,false,false,,,,true,UNMAPPED,,false
4482,CDE932-1000-J30,false,true,true,false,false,,,,true,UNMAPPED,,false
4483,CDE210-150,true,true,true,false,false,,,,true,UNMAPPED,,false
4484,CDE210-200,true,true,true,false,false,,,,true,UNMAPPED,,false
4485,CDE210-300,true,true,true,false,false,,,,true,UNMAPPED,,false
4486,SDA100C-150,true,true,true,false,false,,,,true,UNMAPPED,,false
4487,SDA100C-200,true,true,true,false,false,,,,true,UNMAPPED,,false
4488,SDA100C-300,true,true,true,false,false,,,,true,UNMAPPED,,false
4489,SDA100-150,false,true,true,false,false,,,,true,UNMAPPED,,false
4490,SDA100-200,false,true,true,true,true,002522,SDA100-200,false,true,RECONCILIATION_REQUIRED,mapped_inactive,false
4491,SDA100-300,false,true,true,false,false,,,,true,UNMAPPED,,false
4492,YDA100A-150,true,true,true,false,false,,,,true,UNMAPPED,,false
4493,YDA100A-200,true,true,true,false,false,,,,true,UNMAPPED,,false
4494,YDA100A-300,true,true,true,false,false,,,,true,UNMAPPED,,false
4495,YDA100C-150,true,true,true,false,false,,,,true,UNMAPPED,,false
4496,YDA100C-200,true,true,true,false,false,,,,true,UNMAPPED,,false
4497,YDA100C-300,true,true,true,false,false,,,,true,UNMAPPED,,false
4498,CD950-300-JAW90,false,true,true,false,false,,,,true,UNMAPPED,,false
4499,CD950A-300,true,true,true,false,false,,,,true,UNMAPPED,,false
4500,CD960-500-JAW100,false,true,true,true,true,002521,CD960-500-JAW100,false,true,RECONCILIATION_REQUIRED,mapped_inactive,false
4501,CD960-500-JAW150,false,true,true,true,true,002520,CD960-500-JAW150,false,true,RECONCILIATION_REQUIRED,mapped_inactive,false
4502,CD960-600-JAW100,false,true,true,false,false,,,,true,UNMAPPED,,false
4503,CD960-600-JAW150,false,true,true,false,false,,,,true,UNMAPPED,,false
4504,CD960A-500,true,true,true,false,false,,,,true,UNMAPPED,,false
4505,CDE930-1000,false,true,true,false,false,,,,true,UNMAPPED,,false
4506,CA210-150,true,true,true,false,false,,,,true,UNMAPPED,,false
4507,CA210-200,true,true,true,false,false,,,,true,UNMAPPED,,false
4508,CA210-300,true,true,true,false,false,,,,true,UNMAPPED,,false
4509,CA920-500,true,true,true,false,false,,,,true,UNMAPPED,,false
4510,CA920-600,true,true,true,false,false,,,,true,UNMAPPED,,false
4511,IDE111N-100,true,true,true,false,false,,,,true,UNMAPPED,,false
4512,IDE111M-12,true,true,true,false,false,,,,true,UNMAPPED,,false
4513,IDE111N-12,true,true,true,false,false,,,,true,UNMAPPED,,false
4514,IDE110M-12,true,true,true,false,false,,,,true,UNMAPPED,,false
4515,IDE110N-12,true,true,true,false,false,,,,true,UNMAPPED,,false
4516,IDA910-10,true,true,true,false,false,,,,true,UNMAPPED,,false
4517,IDA910N-10,true,true,true,false,false,,,,true,UNMAPPED,,false
4518,IDA920N,true,true,true,false,false,,,,true,UNMAPPED,,false
4519,BM,false,true,true,true,true,002519,BM,false,true,RECONCILIATION_REQUIRED,mapped_inactive,false
4520,BN,false,true,true,false,false,,,,true,UNMAPPED,,false
4521,IDE111M-25,true,true,true,false,false,,,,true,UNMAPPED,,false
4522,IDE111M-50,true,true,true,false,false,,,,true,UNMAPPED,,false
4523,IDE111M-100,true,true,true,false,false,,,,true,UNMAPPED,,false
4524,IDE111N-25,true,true,true,false,false,,,,true,UNMAPPED,,false
4525,IDE111N-50,true,true,true,false,false,,,,true,UNMAPPED,,false
4526,IDA910N-25,true,true,true,false,false,,,,true,UNMAPPED,,false
4527,IDA910N-50,true,true,true,false,false,,,,true,UNMAPPED,,false
4528,TB210,false,true,true,false,false,,,,true,UNMAPPED,,false
4529,IB210N,false,true,true,true,true,002518,IB210N,false,true,RECONCILIATION_REQUIRED,mapped_inactive,false
4530,IB210M,false,true,true,false,false,,,,true,UNMAPPED,,false
4531,IB220N,true,true,true,false,false,,,,true,UNMAPPED,,false
4532,BGA910M-18-35,false,true,true,true,true,002517,BGA910M-18-35,false,true,RECONCILIATION_REQUIRED,mapped_inactive,false
4533,BGA910M-35-50,false,true,true,true,true,002516,BGA910M-35-50,false,true,RECONCILIATION_REQUIRED,mapped_inactive,false
4534,BGA910M-50-160,false,true,true,true,true,002515,BGA910M-50-160,false,true,RECONCILIATION_REQUIRED,mapped_inactive,false
4535,BGA910M-160-250,false,true,true,true,true,002514,BGA910M-160-250,false,true,RECONCILIATION_REQUIRED,mapped_inactive,false
4536,BGA910M-250-400,false,true,true,true,true,002513,BGA910M-250-400,false,true,RECONCILIATION_REQUIRED,mapped_inactive,false
4537,BGA910N-18-35,false,true,true,false,false,,,,true,UNMAPPED,,false
4538,BGA910N-35-50,false,true,true,false,false,,,,true,UNMAPPED,,false
4539,BGA910N-50-160,false,true,true,false,false,,,,true,UNMAPPED,,false
4540,BGA910N-160-250,false,true,true,true,true,002512,BGA910N-160-250,false,true,RECONCILIATION_REQUIRED,mapped_inactive,false
4541,BGA910N-250-400,false,true,true,false,false,,,,true,UNMAPPED,,false
4542,IB210N-18-35,false,true,true,true,true,002511,IB210N-18-35,false,true,RECONCILIATION_REQUIRED,mapped_inactive,false
4543,IB210N-35-50,false,true,true,true,true,002510,IB210N-35-50,false,true,RECONCILIATION_REQUIRED,mapped_inactive,false
4544,IB210N-50-160,false,true,true,false,false,,,,true,UNMAPPED,,false
4545,IB210N-160-250,false,true,true,false,false,,,,true,UNMAPPED,,false
4546,IB210N-250-400,false,true,true,false,false,,,,true,UNMAPPED,,false
4547,IB210M-18-35,false,true,true,false,false,,,,true,UNMAPPED,,false
4548,IB210M-35-50,false,true,true,true,true,002509,IB210M-35-50,false,true,RECONCILIATION_REQUIRED,mapped_inactive,false
4549,IB210M-50-160,false,true,true,true,true,002508,IB210M-50-160,false,true,RECONCILIATION_REQUIRED,mapped_inactive,false
4550,IB210M-160-250,false,true,true,true,true,002507,IB210M-160-250,false,true,RECONCILIATION_REQUIRED,mapped_inactive,false
4551,IB210M-250-400,false,true,true,false,false,,,,true,UNMAPPED,,false
4552,CD520D,true,true,true,false,false,,,,true,UNMAPPED,,false
4553,CD580D,true,true,true,false,false,,,,true,UNMAPPED,,false
4554,DG950,true,true,true,false,false,,,,true,UNMAPPED,,false
4555,DG950B,true,true,true,false,false,,,,true,UNMAPPED,,false
4556,HD220-300,true,true,true,false,false,,,,true,UNMAPPED,,false
4557,HD220-600,true,true,true,false,false,,,,true,UNMAPPED,,false
4558,HDE650-300,true,true,true,false,false,,,,true,UNMAPPED,,false
4559,HDE650-600,true,true,true,false,false,,,,true,UNMAPPED,,false
4560,HDA620-300,true,true,true,false,false,,,,true,UNMAPPED,,false
4561,MD310-25,true,true,true,false,false,,,,true,UNMAPPED,,false
4562,MD310-50,true,true,true,false,false,,,,true,UNMAPPED,,false
4563,MD310-75,true,true,true,false,false,,,,true,UNMAPPED,,false
4564,MD310-100,true,true,true,false,false,,,,true,UNMAPPED,,false
4565,MD730-25,true,true,true,false,false,,,,true,UNMAPPED,,false
4566,MD730-50,true,true,true,false,false,,,,true,UNMAPPED,,false
4567,MD730-75,true,true,true,false,false,,,,true,UNMAPPED,,false
4568,MD730-100,true,true,true,false,false,,,,true,UNMAPPED,,false
4569,MD730-125,true,true,true,false,false,,,,true,UNMAPPED,,false
4570,MDD730-150,false,true,true,true,true,002506,MDD730-150,false,true,RECONCILIATION_REQUIRED,mapped_inactive,false
4571,MD730ALL-25,false,true,true,false,false,,,,true,UNMAPPED,,false
4572,MD730B-25,true,true,true,false,false,,,,true,UNMAPPED,,false
4573,MD730C-25,true,true,true,false,false,,,,true,UNMAPPED,,false
4574,MD730D-25,false,true,true,false,false,,,,true,UNMAPPED,,false
4575,MD730F-25,true,true,true,false,false,,,,true,UNMAPPED,,false
4576,MD730G-25,true,true,true,false,false,,,,true,UNMAPPED,,false
4577,MD710DD-150,true,true,true,false,false,,,,true,UNMAPPED,,false
4578,MA210-25,true,true,true,false,false,,,,true,UNMAPPED,,false
4579,MA210-50,true,true,true,false,false,,,,true,UNMAPPED,,false
4580,MA210-75,true,true,true,false,false,,,,true,UNMAPPED,,false
4581,MA210-100,true,true,true,false,false,,,,true,UNMAPPED,,false
4582,MA210-125,true,true,true,false,false,,,,true,UNMAPPED,,false
4583,MA210-150,true,true,true,false,false,,,,true,UNMAPPED,,false
4584,MA220-25,true,true,true,false,false,,,,true,UNMAPPED,,false
4585,MA220-50,true,true,true,false,false,,,,true,UNMAPPED,,false
4586,MA220-75,true,true,true,false,false,,,,true,UNMAPPED,,false
4587,MA220-100,true,true,true,false,false,,,,true,UNMAPPED,,false
4588,MA220-125,true,true,true,false,false,,,,true,UNMAPPED,,false
4589,MA220-150,true,true,true,false,false,,,,true,UNMAPPED,,false
4590,MA220-175,true,true,true,false,false,,,,true,UNMAPPED,,false
4591,MA220-200,true,true,true,false,false,,,,true,UNMAPPED,,false
4592,MA220-225,true,true,true,false,false,,,,true,UNMAPPED,,false
4593,MA220-250,true,true,true,false,false,,,,true,UNMAPPED,,false
4594,MA220-275,true,true,true,false,false,,,,true,UNMAPPED,,false
4595,MA220-300,true,true,true,false,false,,,,true,UNMAPPED,,false
4596,MA210B-25,true,true,true,false,false,,,,true,UNMAPPED,,false
4597,MA210C-25,true,true,true,false,false,,,,true,UNMAPPED,,false
4598,MA210D-25,true,true,true,false,false,,,,true,UNMAPPED,,false
4599,MA210E-25,true,true,true,false,false,,,,true,UNMAPPED,,false
4600,MA210F-25,true,true,true,false,false,,,,true,UNMAPPED,,false
4601,MA230,true,true,true,false,false,,,,true,UNMAPPED,,false
4602,MA250H-6,true,true,true,false,false,,,,true,UNMAPPED,,false
4603,MA250H-8,true,true,true,false,false,,,,true,UNMAPPED,,false
4604,MA250H-10,true,true,true,false,false,,,,true,UNMAPPED,,false
4605,MA250H-12,true,true,true,false,false,,,,true,UNMAPPED,,false
4606,MA250H-16,true,true,true,false,false,,,,true,UNMAPPED,,false
4607,MA250H-20,true,true,true,false,false,,,,true,UNMAPPED,,false
4608,MA250H-25,true,true,true,false,false,,,,true,UNMAPPED,,false
4609,MA250H-30,true,true,true,false,false,,,,true,UNMAPPED,,false
4610,MA250H-40,true,true,true,false,false,,,,true,UNMAPPED,,false
4611,MA250H-50,true,true,true,false,false,,,,true,UNMAPPED,,false
4612,MA250H-62,true,true,true,false,false,,,,true,UNMAPPED,,false
4613,MA250H-75,true,true,true,false,false,,,,true,UNMAPPED,,false
4614,MA250H-87,true,true,true,false,false,,,,true,UNMAPPED,,false
4615,MA250H-100,true,true,true,false,false,,,,true,UNMAPPED,,false
4616,MA250H-125,true,true,true,false,false,,,,true,UNMAPPED,,false
4617,MA250H-150,true,true,true,false,false,,,,true,UNMAPPED,,false
4618,MA250H-175,true,true,true,false,false,,,,true,UNMAPPED,,false
4619,MA250H-200,true,false,true,false,false,,,,true,UNMAPPED,,false
4620,MA250H-225,true,true,true,false,false,,,,true,UNMAPPED,,false
4621,MA250H-250,true,true,true,false,false,,,,true,UNMAPPED,,false
4622,MA250H-275,true,true,true,false,false,,,,true,UNMAPPED,,false
4623,MA250H-300,true,true,true,false,false,,,,true,UNMAPPED,,false
4624,MA250H-325,true,true,true,false,false,,,,true,UNMAPPED,,false
4625,MD710-25,true,false,true,false,false,,,,true,UNMAPPED,,false
4626,MD710-50,true,true,true,false,false,,,,true,UNMAPPED,,false
4627,MD710-75,true,true,true,false,false,,,,true,UNMAPPED,,false
4628,MD710-100,true,true,true,false,false,,,,true,UNMAPPED,,false
4629,MDA910-25,true,true,true,false,false,,,,true,UNMAPPED,,false
4630,MDA910-100,true,true,true,false,false,,,,true,UNMAPPED,,false
4631,MD320H-25,true,true,true,false,false,,,,true,UNMAPPED,,false
4632,MD320H-50,true,true,true,false,false,,,,true,UNMAPPED,,false
4633,MA310,true,true,true,false,false,,,,true,UNMAPPED,,false
4634,ZDA210-300,false,true,true,false,false,,,,true,UNMAPPED,,false
4635,ZDA210-500,false,true,true,false,false,,,,true,UNMAPPED,,false
4636,ZDA210-1000,false,true,true,false,false,,,,true,UNMAPPED,,false
4637,TDE130A-30,true,true,true,false,false,,,,true,UNMAPPED,,false
4638,TDE130A-50,true,true,true,false,false,,,,true,UNMAPPED,,false
4639,TDE130A-100,true,true,true,false,false,,,,true,UNMAPPED,,false
4640,TDE130B-15,true,true,true,false,false,,,,true,UNMAPPED,,false
4641,TDE130B-30,true,true,true,false,false,,,,true,UNMAPPED,,false
4642,TDE130B-50,true,true,true,false,false,,,,true,UNMAPPED,,false
4643,TDE130B-100,true,true,true,false,false,,,,true,UNMAPPED,,false
4644,TDE130B-150,true,true,true,false,false,,,,true,UNMAPPED,,false
4645,TDE130B-200,true,true,true,false,false,,,,true,UNMAPPED,,false
4646,TDE111A-40,true,true,true,false,false,,,,true,UNMAPPED,,false
4647,TDE111A-60,true,true,true,false,false,,,,true,UNMAPPED,,false
4648,TDE111A-80,true,true,true,false,false,,,,true,UNMAPPED,,false
4649,TDE111A-100,true,true,true,false,false,,,,true,UNMAPPED,,false
4650,TDE111B-35,true,true,true,false,false,,,,true,UNMAPPED,,false
4651,TDE111B-55,true,true,true,false,false,,,,true,UNMAPPED,,false
4652,TDE111B-75,true,true,true,false,false,,,,true,UNMAPPED,,false
4653,TDE111B-95,true,true,true,false,false,,,,true,UNMAPPED,,false
4654,TDE111B-115,true,true,true,false,false,,,,true,UNMAPPED,,false
4655,TDE111B-135,true,true,true,false,false,,,,true,UNMAPPED,,false
4656,TD230A,true,true,true,false,false,,,,true,UNMAPPED,,false
4657,TD230B,true,true,true,false,false,,,,true,UNMAPPED,,false
4658,TD230C,true,true,true,false,false,,,,true,UNMAPPED,,false
4659,TD230D,true,true,true,false,false,,,,true,UNMAPPED,,false
4660,TDE230E-6,false,true,true,true,true,002505,TDE230E-6,false,true,RECONCILIATION_REQUIRED,mapped_inactive,false
4661,TDE230E-8,false,true,true,false,false,,,,true,UNMAPPED,,false
4662,TDE230F-6,false,true,true,false,false,,,,true,UNMAPPED,,false
4663,TDE230F-8,false,true,true,false,false,,,,true,UNMAPPED,,false
4664,SN730-25,true,true,true,false,false,,,,true,UNMAPPED,,false
4665,TD270-25,true,true,true,false,false,,,,true,UNMAPPED,,false
4666,LD250,true,true,true,false,false,,,,true,UNMAPPED,,false
4667,LD280,true,true,true,false,false,,,,true,UNMAPPED,,false
4668,LD290,true,true,true,false,false,,,,true,UNMAPPED,,false
4669,LD260-6,true,true,true,false,false,,,,true,UNMAPPED,,false
4670,LD260-9,true,true,true,false,false,,,,true,UNMAPPED,,false
4671,LD260-24,true,true,true,false,false,,,,true,UNMAPPED,,false
4672,PD290-100,true,true,true,false,false,,,,true,UNMAPPED,,false
4673,PD290-200,true,true,true,false,false,,,,true,UNMAPPED,,false
4674,PD290-300,true,true,true,false,false,,,,true,UNMAPPED,,false
4675,PD270D-150,true,true,true,false,false,,,,true,UNMAPPED,,false
4676,PD270D-200,true,true,true,false,false,,,,true,UNMAPPED,,false
4677,PD270D-300,true,true,true,false,false,,,,true,UNMAPPED,,false
4678,PD270D-600,true,true,true,false,false,,,,true,UNMAPPED,,false
4679,PD211,true,true,true,false,false,,,,true,UNMAPPED,,false
4680,TG710M-25,true,true,true,false,false,,,,true,UNMAPPED,,false
4681,TGE280,true,true,true,false,false,,,,true,UNMAPPED,,false
4682,DS220A,true,true,true,false,false,,,,true,UNMAPPED,,false
4683,DS220D,true,true,true,false,false,,,,true,UNMAPPED,,false
4684,RDE111-3000,true,true,true,false,false,,,,true,UNMAPPED,,false
4685,SD710,true,true,true,false,false,,,,true,UNMAPPED,,false
4686,MD710H,true,true,true,false,false,,,,true,UNMAPPED,,false
4687,IDE120,true,true,true,false,false,,,,true,UNMAPPED,,false
4688,IB210N-20,true,true,true,false,false,,,,true,UNMAPPED,,false
4689,IB210N-25,true,true,true,false,false,,,,true,UNMAPPED,,false
4690,IB210N-30,true,true,true,false,false,,,,true,UNMAPPED,,false
4691,IB210N-50,true,true,true,false,false,,,,true,UNMAPPED,,false
4692,IB210N-100,true,true,true,false,false,,,,true,UNMAPPED,,false
4693,WTD100C-150,false,true,true,true,true,002504,WTD100C-150,false,true,RECONCILIATION_REQUIRED,mapped_inactive,false
4694,WTD100C-200,false,true,true,true,true,002503,WTD100C-200,false,true,RECONCILIATION_REQUIRED,mapped_inactive,false
4695,WTD100C-300,false,true,true,false,false,,,,true,UNMAPPED,,false
4696,WTD100C-600,false,true,true,false,false,,,,true,UNMAPPED,,false
4697,WTD100A-150,false,true,true,false,false,,,,true,UNMAPPED,,false
4698,WTD100A-200,false,true,true,false,false,,,,true,UNMAPPED,,false
4699,WTD100A-300,false,true,true,true,true,002502,WTD100A-300,false,true,RECONCILIATION_REQUIRED,mapped_inactive,false
4700,WTD100A-600,false,true,true,false,false,,,,true,UNMAPPED,,false
4701,WTD100B-200,false,true,true,false,false,,,,true,UNMAPPED,,false
4702,WTD100B-300,false,true,true,false,false,,,,true,UNMAPPED,,false
4703,WTP100,false,true,true,false,false,,,,true,UNMAPPED,,false
4704,WGB100-18,false,true,true,false,false,,,,true,UNMAPPED,,false
4705,WGB100-47,false,true,true,false,false,,,,true,UNMAPPED,,false
4706,WGB100-67,false,true,true,false,false,,,,true,UNMAPPED,,false
4707,WGB100-81,false,true,true,false,false,,,,true,UNMAPPED,,false
4708,WGB100-87,false,true,true,false,false,,,,true,UNMAPPED,,false
4709,WGB100-103,false,true,true,false,false,,,,true,UNMAPPED,,false
4710,WGB100-112,false,true,true,false,false,,,,true,UNMAPPED,,false
4711,WGB100-122,false,true,true,false,false,,,,true,UNMAPPED,,false
4712,WSI100,false,true,true,false,false,,,,true,UNMAPPED,,false
4713,WWG110,false,true,true,false,false,,,,true,UNMAPPED,,false
4714,FDT250,false,true,true,false,false,,,,true,UNMAPPED,,false
4715,WMS100,false,true,true,false,false,,,,true,UNMAPPED,,false
4716,WPD110,false,true,true,false,false,,,,true,UNMAPPED,,false
4717,WFG-0.01,false,true,true,false,false,,,,true,UNMAPPED,,false
4718,WFG-0.02,false,true,true,false,false,,,,true,UNMAPPED,,false
4719,WFG-0.03,false,true,true,false,false,,,,true,UNMAPPED,,false
4720,WFG-0.04,false,true,true,false,false,,,,true,UNMAPPED,,false
4721,WFG-0.05,false,true,true,false,false,,,,true,UNMAPPED,,false
4722,WFG-0.06,false,true,true,false,false,,,,true,UNMAPPED,,false
4723,WFG-0.07,false,true,true,false,false,,,,true,UNMAPPED,,false
4724,WFG-0.08,false,true,true,false,false,,,,true,UNMAPPED,,false
4725,WFG-0.09,false,true,true,false,false,,,,true,UNMAPPED,,false
4726,WFG-0.10,false,true,true,false,false,,,,true,UNMAPPED,,false
4727,WFG-0.12,false,true,true,false,false,,,,true,UNMAPPED,,false
4728,WFG-0.15,false,true,true,false,false,,,,true,UNMAPPED,,false
4729,WFG-0.18,false,true,true,false,false,,,,true,UNMAPPED,,false
4730,WFG-0.20,false,true,true,false,false,,,,true,UNMAPPED,,false
4731,WFG-0.25,false,true,true,false,false,,,,true,UNMAPPED,,false
4732,WFG-0.30,false,true,true,false,false,,,,true,UNMAPPED,,false
4733,WFG-0.35,false,true,true,false,false,,,,true,UNMAPPED,,false
4734,WFG-0.45,false,true,true,false,false,,,,true,UNMAPPED,,false
4735,WFG-0.50,false,true,true,false,false,,,,true,UNMAPPED,,false
4736,WFG-0.55,false,true,true,false,false,,,,true,UNMAPPED,,false
4737,WFG-0.60,false,true,true,false,false,,,,true,UNMAPPED,,false
4738,WFG-0.70,false,true,true,false,false,,,,true,UNMAPPED,,false
4739,WFG-0.80,false,true,true,false,false,,,,true,UNMAPPED,,false
4740,WFG-0.90,false,true,true,false,false,,,,true,UNMAPPED,,false
4741,WFG-1.00,false,true,true,false,false,,,,true,UNMAPPED,,false
4742,WST-700,false,true,true,true,true,002501,WST-700,false,true,RECONCILIATION_REQUIRED,mapped_inactive,false
4743,WST-1100,false,true,true,false,false,,,,true,UNMAPPED,,false
4744,WST-1500,false,true,true,true,true,002500,WST-1500,false,true,RECONCILIATION_REQUIRED,mapped_inactive,false
4745,WST-1900,false,true,true,true,true,002499,WST-1900,false,true,RECONCILIATION_REQUIRED,mapped_inactive,false
4746,WST-2300,false,true,true,false,false,,,,true,UNMAPPED,,false
4747,WST-2700,false,true,true,true,true,002498,WST-2700,false,true,RECONCILIATION_REQUIRED,mapped_inactive,false
4748,WST-3100,false,true,true,false,false,,,,true,UNMAPPED,,false
4749,WST-3500,false,true,true,false,false,,,,true,UNMAPPED,,false
4750,WBF100,false,true,true,true,true,002497,WBF100,false,true,RECONCILIATION_REQUIRED,mapped_inactive,false
4751,WBF110-10-0.5-1.0,false,true,true,true,true,002496,WBF110-10-0.5-1.0,false,true,RECONCILIATION_REQUIRED,mapped_inactive,false
4752,WBF110-10-0.3-1.0,false,true,true,false,false,,,,true,UNMAPPED,,false
4753,WBF110-15-0.5-1.0,false,true,true,false,false,,,,true,UNMAPPED,,false
4754,WBF110-20-0.5-1.0,false,true,true,false,false,,,,true,UNMAPPED,,false
4755,WBF110-30-0.5-1.0,false,true,true,false,false,,,,true,UNMAPPED,,false
4756,WRG-7,false,true,true,false,false,,,,true,UNMAPPED,,false
4757,WRG-15,false,true,true,false,false,,,,true,UNMAPPED,,false
4758,WRG-25,false,true,true,false,false,,,,true,UNMAPPED,,false
4759,WTG,false,true,true,false,false,,,,true,UNMAPPED,,false
4760,WT100,false,true,true,true,true,002495,WT100,false,true,RECONCILIATION_REQUIRED,mapped_inactive,false
4761,WWG100,false,true,true,false,false,,,,true,UNMAPPED,,false
4762,WPD120,false,true,true,true,true,002494,WPD120,false,true,RECONCILIATION_REQUIRED,mapped_inactive,false
4763,WPD100,false,true,true,false,false,,,,true,UNMAPPED,,false
4764,WMT100,false,true,true,false,false,,,,true,UNMAPPED,,false
4765,WLD100-150,false,true,true,false,false,,,,true,UNMAPPED,,false
4766,WLD100-200,false,true,true,false,false,,,,true,UNMAPPED,,false
4767,WLD100-300,false,true,true,false,false,,,,true,UNMAPPED,,false
4768,WLD110-150,false,true,true,true,true,002493,WLD110-150,false,true,RECONCILIATION_REQUIRED,mapped_inactive,false
4769,WLD110-200,false,true,true,true,true,002492,WLD110-200,false,true,RECONCILIATION_REQUIRED,mapped_inactive,false
4770,WLD110-300,false,true,true,true,true,002491,WLD110-300,false,true,RECONCILIATION_REQUIRED,mapped_inactive,false
4771,WCG100-150,false,true,true,false,false,,,,true,UNMAPPED,,false
4772,WCG100-200,false,true,true,true,true,002490,WCG100-200,false,true,RECONCILIATION_REQUIRED,mapped_inactive,false
4773,WCG100-300,false,true,true,true,true,002489,WCG100-300,false,true,RECONCILIATION_REQUIRED,mapped_inactive,false
4774,WDS-A,false,true,true,false,false,,,,true,UNMAPPED,,false
4775,WDS-C,false,true,true,false,false,,,,true,UNMAPPED,,false
4776,WDS-D,false,true,true,false,false,,,,true,UNMAPPED,,false
4777,WDS110,false,true,true,false,false,,,,true,UNMAPPED,,false
4778,YW-XOMX060208R-M5020,false,true,true,false,false,,,,true,UNMAPPED,,false
4779,YW-XOMX120408R-5020,false,true,true,true,true,002488,YW-XOMX120408R-5020,false,true,RECONCILIATION_REQUIRED,mapped_inactive,false
4780,YW-LNMU0303ZER-MJ-M520,false,true,true,false,false,,,,true,UNMAPPED,,false
4781,YW-LNMU0303ZER-MJ-M5020,false,true,true,false,false,,,,true,UNMAPPED,,false
4782,YW-BLMP0603R-M-M5020,false,true,true,false,false,,,,true,UNMAPPED,,false
4783,YW-JDMT070204R-M5020,false,true,true,false,false,,,,true,UNMAPPED,,false
4784,YW-JDMT070208R-M5020,false,true,true,false,false,,,,true,UNMAPPED,,false
4785,YW-JDMT100308R-M5020,false,true,true,true,true,002487,YW-JDMT100308R-M5020,false,true,RECONCILIATION_REQUIRED,mapped_inactive,false
4786,YW-APKT1003-PDTR-M5020,false,true,true,true,true,002486,YW-APKT1003-PDTR-M5020,false,true,RECONCILIATION_REQUIRED,mapped_inactive,false
4787,YW-APKT160408-HM-M5020,false,true,true,true,true,002485,YW-APKT160408-HM-M5020,false,true,RECONCILIATION_REQUIRED,mapped_inactive,false
4788,YW-APKT160408-HM-K3020,false,true,true,true,true,002484,YW-APKT160408-HM-K3020,false,true,RECONCILIATION_REQUIRED,mapped_inactive,false
4789,YW-APKT1003-PDFR-AL-H1020,false,true,true,true,true,002483,YW-APKT1003-PDFR-AL-H1020,false,true,RECONCILIATION_REQUIRED,mapped_inactive,false
4790,YW-APKT1604-PDFR-MA-H1020,false,true,true,true,true,002482,YW-APKT1604-PDFR-MA-H1020,false,true,RECONCILIATION_REQUIRED,mapped_inactive,false
4791,YW-APKT1604PDFE-AL-H1020,false,true,true,true,true,002481,YW-APKT1604PDFE-AL-H1020,false,true,RECONCILIATION_REQUIRED,mapped_inactive,false
4792,YW-APMT1135PDER-M2-M5020,false,true,true,true,true,002480,YW-APMT1135PDER-M2-M5020,false,true,RECONCILIATION_REQUIRED,mapped_inactive,false
4793,YW-APMT1604PDER-M2-M5020,false,true,true,true,true,002479,YW-APMT1604PDER-M2-M5020,false,true,RECONCILIATION_REQUIRED,mapped_inactive,false
4794,YW-APMT160420PDER-GW-M5020,false,true,true,true,true,002478,YW-APMT160420PDER-GW-M5020,false,true,RECONCILIATION_REQUIRED,mapped_inactive,false
4795,YW-RCMT0602-MO-M5020,false,true,true,true,true,002477,YW-RCMT0602-MO-M5020,false,true,RECONCILIATION_REQUIRED,mapped_inactive,false
4796,YW-RCMT10T3-MO-P8220,false,true,true,true,true,002476,YW-RCMT10T3-MO-P8220,false,true,RECONCILIATION_REQUIRED,mapped_inactive,false
4797,YW-RCMT1204-MO-P8220,false,true,true,true,true,002475,YW-RCMT1204-MO-P8220,false,true,RECONCILIATION_REQUIRED,mapped_inactive,false
4798,YW-RPMT08T2MOE-JS-M5020,false,true,true,true,true,002474,YW-RPMT08T2MOE-JS-M5020,false,true,RECONCILIATION_REQUIRED,mapped_inactive,false
4799,YW-RPMT10T3MOE-JS-M5020,false,true,true,true,true,002473,YW-RPMT10T3MOE-JS-M5020,false,true,RECONCILIATION_REQUIRED,mapped_inactive,false
4800,YW-RPMT1204MOE-JS-M5020,false,true,true,true,true,002472,YW-RPMT1204MOE-JS-M5020,false,true,RECONCILIATION_REQUIRED,mapped_inactive,false
4801,YW-RCGT10T3-MO-AL-H1020,false,true,true,true,true,002471,YW-RCGT10T3-MO-AL-H1020,false,true,RECONCILIATION_REQUIRED,mapped_inactive,false
4802,YW-RCGT1204-MO-AL-H1020,false,true,true,true,true,002470,YW-RCGT1204-MO-AL-H1020,false,true,RECONCILIATION_REQUIRED,mapped_inactive,false
4803,YW-RDMW10T3MO-TT-M5020,false,true,true,true,true,002469,YW-RDMW10T3MO-TT-M5020,false,true,RECONCILIATION_REQUIRED,mapped_inactive,false
4804,YW-RDMT1204MO-MQ-M5020,false,true,true,true,true,002468,YW-RDMT1204MO-MQ-M5020,false,true,RECONCILIATION_REQUIRED,mapped_inactive,false
4805,YW-DCMT070202-MV-M5020,false,true,true,true,true,002467,YW-DCMT070202-MV-M5020,false,true,RECONCILIATION_REQUIRED,mapped_inactive,false
4806,YW-DCMT070204-MV-M5020,false,true,true,true,true,002466,YW-DCMT070204-MV-M5020,false,true,RECONCILIATION_REQUIRED,mapped_inactive,false
4807,YW-DCMT070208-MV-M5020,false,true,true,true,true,002465,YW-DCMT070208-MV-M5020,false,true,RECONCILIATION_REQUIRED,mapped_inactive,false
4808,YW-DCMT070204-K-K3020,false,true,true,true,true,002464,YW-DCMT070204-K-K3020,false,true,RECONCILIATION_REQUIRED,mapped_inactive,false
4809,YW-DCMT070208-K-K3020,false,true,true,true,true,002463,YW-DCMT070208-K-K3020,false,true,RECONCILIATION_REQUIRED,mapped_inactive,false
4810,YW-DCGT070202-AL-H1020,false,true,true,true,true,002462,YW-DCGT070202-AL-H1020,false,true,RECONCILIATION_REQUIRED,mapped_inactive,false
4811,YW-DCGT070204-AL-H1020,false,true,true,true,true,002461,YW-DCGT070204-AL-H1020,false,true,RECONCILIATION_REQUIRED,mapped_inactive,false
4812,YW-DCGT070208-AL-H1020,false,true,true,true,true,002460,YW-DCGT070208-AL-H1020,false,true,RECONCILIATION_REQUIRED,mapped_inactive,false
4813,YW-DCMT11T302-MV-M5020,false,true,true,true,true,002459,YW-DCMT11T302-MV-M5020,false,true,RECONCILIATION_REQUIRED,mapped_inactive,false
4814,YW-DCMT11T304-M-M5020,false,true,true,true,true,002458,YW-DCMT11T304-M-M5020,false,true,RECONCILIATION_REQUIRED,mapped_inactive,false
4815,YW-DCMT11T308-M-M5020,false,true,true,true,true,002457,YW-DCMT11T308-M-M5020,false,true,RECONCILIATION_REQUIRED,mapped_inactive,false
4816,YW-DCMT11T304-K-K3020,false,true,true,true,true,002456,YW-DCMT11T304-K-K3020,false,true,RECONCILIATION_REQUIRED,mapped_inactive,false
4817,YW-DCMT11T308-K-K3020,false,true,true,true,true,002455,YW-DCMT11T308-K-K3020,false,true,RECONCILIATION_REQUIRED,mapped_inactive,false
4818,YW-DCGT11T302-K10-H1020,false,true,true,true,true,002454,YW-DCGT11T302-K10-H1020,false,true,RECONCILIATION_REQUIRED,mapped_inactive,false
4819,YW-DCGT11T304-K10-H1020,false,true,true,true,true,002453,YW-DCGT11T304-K10-H1020,false,true,RECONCILIATION_REQUIRED,mapped_inactive,false
4820,YW-DCGT11T308-K10-H1020,false,true,true,true,true,002452,YW-DCGT11T308-K10-H1020,false,true,RECONCILIATION_REQUIRED,mapped_inactive,false
4821,YW-CCMT060202-GM-M5020,false,true,true,true,true,002451,YW-CCMT060202-GM-M5020,false,true,RECONCILIATION_REQUIRED,mapped_inactive,false
4822,YW-CCMT060204-M-M5020,false,true,true,true,true,002450,YW-CCMT060204-M-M5020,false,true,RECONCILIATION_REQUIRED,mapped_inactive,false
4823,YW-CCMT060208-M-M5020,false,true,true,true,true,002449,YW-CCMT060208-M-M5020,false,true,RECONCILIATION_REQUIRED,mapped_inactive,false
4824,YW-CCMT060204-K-K3020,false,true,true,true,true,002448,YW-CCMT060204-K-K3020,false,true,RECONCILIATION_REQUIRED,mapped_inactive,false
4825,YW-CCMT060208-K-K3020,false,true,true,true,true,002447,YW-CCMT060208-K-K3020,false,true,RECONCILIATION_REQUIRED,mapped_inactive,false
4826,YW-CCGT030104-L-F-M5020,false,true,true,true,true,002446,YW-CCGT030104-L-F-M5020,false,true,RECONCILIATION_REQUIRED,mapped_inactive,false
4827,YW-CCGT040104-L-F-M5020,false,true,true,true,true,002445,YW-CCGT040104-L-F-M5020,false,true,RECONCILIATION_REQUIRED,mapped_inactive,false
4828,YW-CCGT060202-AL-H1020,false,true,true,true,true,002444,YW-CCGT060202-AL-H1020,false,true,RECONCILIATION_REQUIRED,mapped_inactive,false
4829,YW-CCGT060204-AL-H1020,false,true,true,true,true,002443,YW-CCGT060204-AL-H1020,false,true,RECONCILIATION_REQUIRED,mapped_inactive,false
4830,YW-CCGT060208-AL-H1020,false,true,true,true,true,002442,YW-CCGT060208-AL-H1020,false,true,RECONCILIATION_REQUIRED,mapped_inactive,false
4831,YW-CCMT09T302-MV-M5020,false,true,true,true,true,002441,YW-CCMT09T302-MV-M5020,false,true,RECONCILIATION_REQUIRED,mapped_inactive,false
4832,YW-CCMT09T304-M-M5020,false,true,true,true,true,002440,YW-CCMT09T304-M-M5020,false,true,RECONCILIATION_REQUIRED,mapped_inactive,false
4833,YW-CCMT09T308-M-M5020,false,true,true,true,true,002439,YW-CCMT09T308-M-M5020,false,true,RECONCILIATION_REQUIRED,mapped_inactive,false
4834,YW-CCMT09T304-K-K3020,false,true,true,true,true,002438,YW-CCMT09T304-K-K3020,false,true,RECONCILIATION_REQUIRED,mapped_inactive,false
4835,YW-CCMT09T308-K-K3020,false,true,true,true,true,002437,YW-CCMT09T308-K-K3020,false,true,RECONCILIATION_REQUIRED,mapped_inactive,false
4836,YW-CCGT09T302-AL-H1020,false,true,true,true,true,002436,YW-CCGT09T302-AL-H1020,false,true,RECONCILIATION_REQUIRED,mapped_inactive,false
4837,YW-CCGT09T304-AL-H1020,false,true,true,true,true,002435,YW-CCGT09T304-AL-H1020,false,true,RECONCILIATION_REQUIRED,mapped_inactive,false
4838,YW-CCGT09T308-AL-H1020,false,true,true,true,true,002434,YW-CCGT09T308-AL-H1020,false,true,RECONCILIATION_REQUIRED,mapped_inactive,false
4839,YW-CCMT120404-M-M5020,false,true,true,true,true,002433,YW-CCMT120404-M-M5020,false,true,RECONCILIATION_REQUIRED,mapped_inactive,false
4840,YW-CCMT120408-M-M5020,false,true,true,true,true,002432,YW-CCMT120408-M-M5020,false,true,RECONCILIATION_REQUIRED,mapped_inactive,false
4841,YW-CCGT120404-AL-H1020,false,true,true,true,true,002431,YW-CCGT120404-AL-H1020,false,true,RECONCILIATION_REQUIRED,mapped_inactive,false
4842,YW-CCGT120408-AL-H1020,false,true,true,false,false,,,,true,UNMAPPED,,false
4843,YW-SCMT09T304-M-M5020,false,true,true,false,false,,,,true,UNMAPPED,,false
4844,YW-SCMT09T308-M-M5020,false,true,true,false,false,,,,true,UNMAPPED,,false
4845,YW-TPMT080204N-SU-M5020,false,true,true,false,false,,,,true,UNMAPPED,,false
4846,YW-TCMT090204-M-M5020,false,true,true,false,false,,,,true,UNMAPPED,,false
4847,YW-TCMT110204-M-M5020,false,true,true,false,false,,,,true,UNMAPPED,,false
4848,YW-TCMT110208-M-M5020,false,true,true,false,false,,,,true,UNMAPPED,,false
4849,YW-TCMT16T304-M-M5020,false,true,true,false,false,,,,true,UNMAPPED,,false
4850,YW-TCMT16T308-M-M5020,false,true,true,false,false,,,,true,UNMAPPED,,false
4851,YW-TCMT16T308-K-K3020,false,true,true,false,false,,,,true,UNMAPPED,,false
4852,YW-TPGT060102-L-F-M5020,false,true,true,false,false,,,,true,UNMAPPED,,false
4853,YW-TPGT090202-L-F-M5020,false,true,true,false,false,,,,true,UNMAPPED,,false
4854,YW-TPGT090204-L-F-M5020,false,true,true,false,false,,,,true,UNMAPPED,,false
4855,YW-TPGT110302-L-F-M5020,false,true,true,false,false,,,,true,UNMAPPED,,false
4856,YW-TPGT110304-L-F-M5020,false,true,true,false,false,,,,true,UNMAPPED,,false
4857,YW-TCGT110204-K10-H1020,false,true,true,false,false,,,,true,UNMAPPED,,false
4858,YW-TCGT110208-K10-H1020,false,true,true,false,false,,,,true,UNMAPPED,,false
4859,YW-TCGT16T304-AL-H1020,false,true,true,false,false,,,,true,UNMAPPED,,false
4860,YW-TCGT16T308-AL-H1020,false,true,true,false,false,,,,true,UNMAPPED,,false
4861,YW-TPKN1603PDTR-M5020,false,true,true,false,false,,,,true,UNMAPPED,,false
4862,YW-TPKN2204PDTR-M5020,false,true,true,false,false,,,,true,UNMAPPED,,false
4863,YW-SPKN1203EDTR-M5020,false,true,true,false,false,,,,true,UNMAPPED,,false
4864,YW-CNMG120404-MA-M5020,false,true,true,false,false,,,,true,UNMAPPED,,false
4865,YW-CNMG120408-MA-M5020,false,true,true,false,false,,,,true,UNMAPPED,,false
4866,YW-CNMG120404-K-K3020,false,true,true,false,false,,,,true,UNMAPPED,,false
4867,YW-CNMG120408-K-K3020,false,true,true,false,false,,,,true,UNMAPPED,,false
4868,YW-CNMG120412-K-K3020,false,true,true,false,false,,,,true,UNMAPPED,,false
4869,YW-CNMG120408-GH-K3020,false,true,true,false,false,,,,true,UNMAPPED,,false
4870,YW-CNMG120412-GH-K3020,false,true,true,false,false,,,,true,UNMAPPED,,false
4871,YW-CNMG120416-GH-K3020,false,true,true,false,false,,,,true,UNMAPPED,,false
4872,YW-CNMA120408-K-K3020,false,true,true,false,false,,,,true,UNMAPPED,,false
4873,YW-CNMA120412-K-K3020,false,true,true,false,false,,,,true,UNMAPPED,,false
4874,YW-CNMG120404-HA-H1020,false,true,true,false,false,,,,true,UNMAPPED,,false
4875,YW-CNMG120408-HA-H1020,false,true,true,false,false,,,,true,UNMAPPED,,false
4876,YW-CNMG120404-PM-P8220,false,true,true,false,false,,,,true,UNMAPPED,,false
4877,YW-CNMG120408-PM-P8220,false,true,true,false,false,,,,true,UNMAPPED,,false
4878,YW-CNMG160616-PM-P8220,false,true,true,false,false,,,,true,UNMAPPED,,false
4879,YW-CNMG160612-K-K3020,false,true,true,false,false,,,,true,UNMAPPED,,false
4880,YW-CNMG190612-CV-M5020S,false,true,true,false,false,,,,true,UNMAPPED,,false
4881,YW-SNMG120408-MA-M5020,false,true,true,false,false,,,,true,UNMAPPED,,false
4882,YW-SNMG120408-K-K3020,false,true,true,false,false,,,,true,UNMAPPED,,false
4883,YW-SNMG190612-CV-M5020S,false,true,true,false,false,,,,true,UNMAPPED,,false
4884,YW-SNMA120412-K3020,false,true,true,false,false,,,,true,UNMAPPED,,false
4885,YW-WNMG080408-MA-M5020,false,true,true,false,false,,,,true,UNMAPPED,,false
4886,YW-WNMG080404-MA-M5020,false,true,true,false,false,,,,true,UNMAPPED,,false
4887,YW-WNMG080412-PR-P8220,false,true,true,false,false,,,,true,UNMAPPED,,false
4888,YW-WNMG080408-PR-P8220,false,true,true,false,false,,,,true,UNMAPPED,,false
4889,YW-WNMG080408-K-K3020,false,true,true,false,false,,,,true,UNMAPPED,,false
4890,YW-WNMG080412-K-K3020,false,true,true,false,false,,,,true,UNMAPPED,,false
4891,YW-WNMG080408-GH-K3020,false,true,true,false,false,,,,true,UNMAPPED,,false
4892,YW-WNMG080412-GH-K3020,false,true,true,true,true,002430,YW-WNMG080412-GH-K3020,false,true,RECONCILIATION_REQUIRED,mapped_inactive,false
4893,YW-WNMG080408-PM-P8220,false,true,true,false,false,,,,true,UNMAPPED,,false
4894,YW-WNMA080408-K-K3020,false,true,true,true,true,002429,YW-WNMA080408-K-K3020,false,true,RECONCILIATION_REQUIRED,mapped_inactive,false
4895,YW-WNMA080412-K-K3020,false,true,true,false,false,,,,true,UNMAPPED,,false
4896,YW-TNMG160404-MA-M5020,false,true,true,true,true,002428,YW-TNMG160404-MA-M5020,false,true,RECONCILIATION_REQUIRED,mapped_inactive,false
4897,YW-TNMG160408-MA-M5020,false,true,true,false,false,,,,true,UNMAPPED,,false
4898,YW-TNMG160408-K-K3020,false,true,true,false,false,,,,true,UNMAPPED,,false
4899,YW-TNMG160412-K-K3020,false,true,true,false,false,,,,true,UNMAPPED,,false
4900,YW-TNMA160408-K-K3020,false,true,true,true,true,002427,YW-TNMA160408-K-K3020,false,true,RECONCILIATION_REQUIRED,mapped_inactive,false
4901,YW-TNMA160412-K-K3020,false,true,true,true,true,002426,YW-TNMA160412-K-K3020,false,true,RECONCILIATION_REQUIRED,mapped_inactive,false
4902,YW-TNMG160408R-S-P8220,false,true,true,false,false,,,,true,UNMAPPED,,false
4903,YW-TNMG160408L-S-P8220,false,true,true,false,false,,,,true,UNMAPPED,,false
4904,YW-TNMG160404-HA-H1020,false,true,true,false,false,,,,true,UNMAPPED,,false
4905,YW-TNMG160408-HA-H1020,false,true,true,false,false,,,,true,UNMAPPED,,false
4906,YW-TNMG160404-OMM-M5020,false,true,true,false,false,,,,true,UNMAPPED,,false
4907,YW-TNMG160408-OMM-M5020,false,true,true,false,false,,,,true,UNMAPPED,,false
4908,YW-TNMG160412-OMM-M5020,false,true,true,false,false,,,,true,UNMAPPED,,false
4909,YW-TNMG160404-PM-P8220,false,true,true,true,true,002425,YW-TNMG160404-PM-P8220,false,true,RECONCILIATION_REQUIRED,mapped_inactive,false
4910,YW-TNMG160408-PM-P8220,false,true,true,false,false,,,,true,UNMAPPED,,false
4911,YW-TNMG220404-OMM-M5020,false,true,true,true,true,002424,YW-TNMG220404-OMM-M5020,false,true,RECONCILIATION_REQUIRED,mapped_inactive,false
4912,YW-TNMG220408-OMM-M5020,false,true,true,true,true,002423,YW-TNMG220408-OMM-M5020,false,true,RECONCILIATION_REQUIRED,mapped_inactive,false
4913,YW-TNMG220408-MM-M5020,false,true,true,true,true,002422,YW-TNMG220408-MM-M5020,false,true,RECONCILIATION_REQUIRED,mapped_inactive,false
4914,YW-TNMG220404-PM-P8220,false,true,true,true,true,002421,YW-TNMG220404-PM-P8220,false,true,RECONCILIATION_REQUIRED,mapped_inactive,false
4915,YW-TNMG220408-PM-P8220,false,true,true,true,true,002420,YW-TNMG220408-PM-P8220,false,true,RECONCILIATION_REQUIRED,mapped_inactive,false
4916,YW-TNMG220408-PM-P8020,false,true,true,true,true,002419,YW-TNMG220408-PM-P8020,false,true,RECONCILIATION_REQUIRED,mapped_inactive,false
4917,YW-TPXR2204-PDSR-FM-5030,false,true,true,true,true,002418,YW-TPXR2204-PDSR-FM-5030,false,true,RECONCILIATION_REQUIRED,mapped_inactive,false
4918,YW-DNMG150604-PM-P8020,false,true,true,true,true,002417,YW-DNMG150604-PM-P8020,false,true,RECONCILIATION_REQUIRED,mapped_inactive,false
4919,YW-DNMG150608-PM-P8020,false,true,true,true,true,002416,YW-DNMG150608-PM-P8020,false,true,RECONCILIATION_REQUIRED,mapped_inactive,false
4920,YW-DNMG150612-PM-P8020,false,true,true,true,true,002415,YW-DNMG150612-PM-P8020,false,true,RECONCILIATION_REQUIRED,mapped_inactive,false
4921,YW-DNMG150608-PM-K3020,false,true,true,true,true,002414,YW-DNMG150608-PM-K3020,false,true,RECONCILIATION_REQUIRED,mapped_inactive,false
4922,YW-DNMA150608-K3020,false,true,true,true,true,002413,YW-DNMA150608-K3020,false,true,RECONCILIATION_REQUIRED,mapped_inactive,false
4923,YW-DNMA150612-K3020,false,true,true,true,true,002412,YW-DNMA150612-K3020,false,true,RECONCILIATION_REQUIRED,mapped_inactive,false
4924,YW-DNMG150604-PM-P8220,false,true,true,true,true,002411,YW-DNMG150604-PM-P8220,false,true,RECONCILIATION_REQUIRED,mapped_inactive,false
4925,YW-DNMG150608-PM-P8220,false,true,true,true,true,002410,YW-DNMG150608-PM-P8220,false,true,RECONCILIATION_REQUIRED,mapped_inactive,false
4926,YW-DNMG150612-PM-P8220,false,true,true,true,true,002409,YW-DNMG150612-PM-P8220,false,true,RECONCILIATION_REQUIRED,mapped_inactive,false
4927,YW-DNMG150608-PF-P8220,false,true,true,true,true,002408,YW-DNMG150608-PF-P8220,false,true,RECONCILIATION_REQUIRED,mapped_inactive,false
4928,YW-DNMG150608R-VF-M5120,false,true,true,true,true,002407,YW-DNMG150608R-VF-M5120,false,true,RECONCILIATION_REQUIRED,mapped_inactive,false
4929,YW-DNMG150604-HS-M5020,false,true,true,true,true,002406,YW-DNMG150604-HS-M5020,false,true,RECONCILIATION_REQUIRED,mapped_inactive,false
4930,YW-DNMG150608-HS-M5020,false,true,true,true,true,002405,YW-DNMG150608-HS-M5020,false,true,RECONCILIATION_REQUIRED,mapped_inactive,false
4931,YW-DNMG150604-OMM-M5020,false,true,true,true,true,002404,YW-DNMG150604-OMM-M5020,false,true,RECONCILIATION_REQUIRED,mapped_inactive,false
4932,YW-DNMG150608-OMM-M5020,false,true,true,true,true,002403,YW-DNMG150608-OMM-M5020,false,true,RECONCILIATION_REQUIRED,mapped_inactive,false
4933,YW-DNMG150604-AL-H1020,false,true,true,true,true,002402,YW-DNMG150604-AL-H1020,false,true,RECONCILIATION_REQUIRED,mapped_inactive,false
4934,YW-DNMG150608-AL-H1020,false,true,true,true,true,002401,YW-DNMG150608-AL-H1020,false,true,RECONCILIATION_REQUIRED,mapped_inactive,false
4935,YW-VBMT110304-MV-M5020,false,true,true,true,true,002400,YW-VBMT110304-MV-M5020,false,true,RECONCILIATION_REQUIRED,mapped_inactive,false
4936,YW-VCMT110304-MV-M5020,false,true,true,true,true,002399,YW-VCMT110304-MV-M5020,false,true,RECONCILIATION_REQUIRED,mapped_inactive,false
4937,YW-VCGT110302-AL-H1020,false,true,true,true,true,002398,YW-VCGT110302-AL-H1020,false,true,RECONCILIATION_REQUIRED,mapped_inactive,false
4938,YW-VCGT160402-AL-H1020,false,true,true,true,true,002397,YW-VCGT160402-AL-H1020,false,true,RECONCILIATION_REQUIRED,mapped_inactive,false
4939,YW-VCGT160404-AL-H1020,false,true,true,true,true,002396,YW-VCGT160404-AL-H1020,false,true,RECONCILIATION_REQUIRED,mapped_inactive,false
4940,YW-VCGT160408-AL-H1020,false,true,true,true,true,002395,YW-VCGT160408-AL-H1020,false,true,RECONCILIATION_REQUIRED,mapped_inactive,false
4941,YW-VBMT160404-MV-M5020,false,true,true,true,true,002394,YW-VBMT160404-MV-M5020,false,true,RECONCILIATION_REQUIRED,mapped_inactive,false
4942,YW-VBMT160408-MV-M5020,false,true,true,true,true,002393,YW-VBMT160408-MV-M5020,false,true,RECONCILIATION_REQUIRED,mapped_inactive,false
4943,YW-VBMT160408-K-K3020,false,true,true,true,true,002392,YW-VBMT160408-K-K3020,false,true,RECONCILIATION_REQUIRED,mapped_inactive,false
4944,YW-VNMG160404-MS-M5020,false,true,true,true,true,002391,YW-VNMG160404-MS-M5020,false,true,RECONCILIATION_REQUIRED,mapped_inactive,false
4945,YW-VNMG160408-MS-M5020,false,true,true,true,true,002390,YW-VNMG160408-MS-M5020,false,true,RECONCILIATION_REQUIRED,mapped_inactive,false
4946,YW-VNMG160408-K-K3020,false,true,true,true,true,002389,YW-VNMG160408-K-K3020,false,true,RECONCILIATION_REQUIRED,mapped_inactive,false
4947,YW-KNUX160405-L11-M5030,false,true,true,true,true,002388,YW-KNUX160405-L11-M5030,false,true,RECONCILIATION_REQUIRED,mapped_inactive,false
4948,YW-KNUX160405-R11-M5030,false,true,true,true,true,002387,YW-KNUX160405-R11-M5030,false,true,RECONCILIATION_REQUIRED,mapped_inactive,false
4949,YW-MGMN150-G-M5020,false,true,true,true,true,002386,YW-MGMN150-G-M5020,false,true,RECONCILIATION_REQUIRED,mapped_inactive,false
4950,YW-MGMN200-G-M5020,false,true,true,true,true,002385,YW-MGMN200-G-M5020,false,true,RECONCILIATION_REQUIRED,mapped_inactive,false
4951,YW-MGMN250-G-M5020,false,true,true,true,true,002384,YW-MGMN250-G-M5020,false,true,RECONCILIATION_REQUIRED,mapped_inactive,false
4952,YW-MGMN300-M-M5020,false,true,true,true,true,002383,YW-MGMN300-M-M5020,false,true,RECONCILIATION_REQUIRED,mapped_inactive,false
4953,YW-MGMN400-M-M5020,false,true,true,true,true,002382,YW-MGMN400-M-M5020,false,true,RECONCILIATION_REQUIRED,mapped_inactive,false
4954,YW-MGMN500-M-M5020,false,true,true,true,true,002381,YW-MGMN500-M-M5020,false,true,RECONCILIATION_REQUIRED,mapped_inactive,false
4955,YW-MGMN500-JH-M5030,false,true,true,true,true,002380,YW-MGMN500-JH-M5030,false,true,RECONCILIATION_REQUIRED,mapped_inactive,false
4956,YW-MGMN600-M-M5020,false,true,true,true,true,002379,YW-MGMN600-M-M5020,false,true,RECONCILIATION_REQUIRED,mapped_inactive,false
4957,YW-MRMN200-G-M5010,false,true,true,true,true,002378,YW-MRMN200-G-M5010,false,true,RECONCILIATION_REQUIRED,mapped_inactive,false
4958,YW-MRMN300-M-M5010,false,true,true,true,true,002377,YW-MRMN300-M-M5010,false,true,RECONCILIATION_REQUIRED,mapped_inactive,false
4959,YW-MRMN400-M-M5010,false,true,true,true,true,002376,YW-MRMN400-M-M5010,false,true,RECONCILIATION_REQUIRED,mapped_inactive,false
4960,YW-MRMN500-M-M5010,false,true,true,true,true,002375,YW-MRMN500-M-M5010,false,true,RECONCILIATION_REQUIRED,mapped_inactive,false
4961,YW-MGGN200L-8-M5020,false,true,true,true,true,002374,YW-MGGN200L-8-M5020,false,true,RECONCILIATION_REQUIRED,mapped_inactive,false
4962,YW-MGGN200R-8-M5020,false,true,true,true,true,002373,YW-MGGN200R-8-M5020,false,true,RECONCILIATION_REQUIRED,mapped_inactive,false
4963,YW-MGGN300L-8-M5020,false,true,true,true,true,002372,YW-MGGN300L-8-M5020,false,true,RECONCILIATION_REQUIRED,mapped_inactive,false
4964,YW-MGGN300R-8-M5020,false,true,true,true,true,002371,YW-MGGN300R-8-M5020,false,true,RECONCILIATION_REQUIRED,mapped_inactive,false
4965,YW-MGGN400L-8-M5020,false,true,true,true,true,002370,YW-MGGN400L-8-M5020,false,true,RECONCILIATION_REQUIRED,mapped_inactive,false
4966,YW-MGGN400R-8-M5020,false,true,true,true,true,002369,YW-MGGN400R-8-M5020,false,true,RECONCILIATION_REQUIRED,mapped_inactive,false
4967,YW-MGGN150-JM-H1020,false,true,true,true,true,002368,YW-MGGN150-JM-H1020,false,true,RECONCILIATION_REQUIRED,mapped_inactive,false
4968,YW-MGGN200-JM-H1020,false,true,true,true,true,002367,YW-MGGN200-JM-H1020,false,true,RECONCILIATION_REQUIRED,mapped_inactive,false
4969,YW-MGGN300-JM-H1020,false,true,true,true,true,002366,YW-MGGN300-JM-H1020,false,true,RECONCILIATION_REQUIRED,mapped_inactive,false
4970,YW-MGGN400-JM-H1020,false,true,true,true,true,002365,YW-MGGN400-JM-H1020,false,true,RECONCILIATION_REQUIRED,mapped_inactive,false
4971,YW-MGGN500-JM-H1020,false,true,true,true,true,002364,YW-MGGN500-JM-H1020,false,true,RECONCILIATION_REQUIRED,mapped_inactive,false
4972,YW-MGGN150-JM-M5020,false,true,true,true,true,002363,YW-MGGN150-JM-M5020,false,true,RECONCILIATION_REQUIRED,mapped_inactive,false
4973,YW-MGGN200-JM-M5020,false,true,true,true,true,002362,YW-MGGN200-JM-M5020,false,true,RECONCILIATION_REQUIRED,mapped_inactive,false
4974,YW-MGGN250-JM-M5020,false,true,true,true,true,002361,YW-MGGN250-JM-M5020,false,true,RECONCILIATION_REQUIRED,mapped_inactive,false
4975,YW-MGGN300-JM-M5020,false,true,true,true,true,002360,YW-MGGN300-JM-M5020,false,true,RECONCILIATION_REQUIRED,mapped_inactive,false
4976,YW-MGGN400-JM-M5020,false,true,true,true,true,002359,YW-MGGN400-JM-M5020,false,true,RECONCILIATION_REQUIRED,mapped_inactive,false
4977,YW-MGGN500-JM-M5020,false,true,true,false,false,,,,true,UNMAPPED,,false
4978,YW-16IR/EL-1.0-3.0-M-M5020,false,true,true,false,false,,,,true,UNMAPPED,,false
4979,YW-16ER/IL-1.0-3.0-M-M5020,false,true,true,false,false,,,,true,UNMAPPED,,false
4980,YW-06IR-AG60-M5010,false,true,true,false,false,,,,true,UNMAPPED,,false
4981,YW-08IR-AG60-M5010,false,true,true,false,false,,,,true,UNMAPPED,,false
4982,YW-11ER-A55-M5010,false,true,true,false,false,,,,true,UNMAPPED,,false
4983,YW-11IR-A55-M5010,false,true,true,false,false,,,,true,UNMAPPED,,false
4984,YW-11ER-A60-M5010,false,true,true,false,false,,,,true,UNMAPPED,,false
4985,YW-11IR-A60-M5010,false,true,true,false,false,,,,true,UNMAPPED,,false
4986,YW-11ER-AG60-P-P6010,false,true,true,false,false,,,,true,UNMAPPED,,false
4987,YW-11IR-AG60-P-P6010,false,true,true,false,false,,,,true,UNMAPPED,,false
4988,YW-11ER-A60-AL-H1020,false,true,true,false,false,,,,true,UNMAPPED,,false
4989,YW-11IR-A60-AL-H1020,false,true,true,false,false,,,,true,UNMAPPED,,false
4990,YW-11IR-0.5-ISO-M5010,false,true,true,false,false,,,,true,UNMAPPED,,false
4991,YW-11ER-0.5-ISO-M5010,false,true,true,false,false,,,,true,UNMAPPED,,false
4992,YW-11ER-0.75-ISO-M5010,false,true,true,false,false,,,,true,UNMAPPED,,false
4993,YW-11IR-0.75-ISO-M5010,false,true,true,false,false,,,,true,UNMAPPED,,false
4994,YW-11ER-1-ISO-M5010,false,true,true,false,false,,,,true,UNMAPPED,,false
4995,YW-11IR-1-ISO-M5010,false,true,true,false,false,,,,true,UNMAPPED,,false
4996,YW-11IR-1.50-ISO-M5010,false,true,true,false,false,,,,true,UNMAPPED,,false
4997,YW-11ER-1.50-ISO-M5010,false,true,true,false,false,,,,true,UNMAPPED,,false
4998,YW-16ERM-AG55-M5020,false,true,true,false,false,,,,true,UNMAPPED,,false
4999,YW-16IRM-AG55-M5020,false,true,true,false,false,,,,true,UNMAPPED,,false
5000,YW-16ERM-AG60-M5020,false,true,true,false,false,,,,true,UNMAPPED,,false
5001,YW-16IRM-AG60-M5020,false,true,true,false,false,,,,true,UNMAPPED,,false
5002,YW-16ER-AG60-P-P6010,false,true,true,false,false,,,,true,UNMAPPED,,false
5003,YW-16IR-AG60-P-P6010,false,true,true,false,false,,,,true,UNMAPPED,,false
5004,YW-16ER-AG60-AL-H1020,false,true,true,false,false,,,,true,UNMAPPED,,false
5005,YW-16IR-AG60-AL-H1020,false,true,true,false,false,,,,true,UNMAPPED,,false
5006,YW-16ER-0.5-ISO-M5010,false,true,true,false,false,,,,true,UNMAPPED,,false
5007,YW-16IR-0.5-ISO-M5010,false,true,true,false,false,,,,true,UNMAPPED,,false
5008,YW-16ER-0.75-ISO-M5010,false,true,true,false,false,,,,true,UNMAPPED,,false
5009,YW-16IR-0.75-ISO-M5010,false,true,true,false,false,,,,true,UNMAPPED,,false
5010,YW-16ERM-1-ISO-M5020,false,true,true,false,false,,,,true,UNMAPPED,,false
5011,YW-16IRM-1-ISO-M5020,false,true,true,false,false,,,,true,UNMAPPED,,false
5012,YW-16ER-1.25-ISO-M5010,false,true,true,false,false,,,,true,UNMAPPED,,false
5013,YW-16IR-1.25-ISO-M5010,false,true,true,false,false,,,,true,UNMAPPED,,false
5014,YW-16ERM-1.5-ISO-M5020,false,true,true,false,false,,,,true,UNMAPPED,,false
5015,YW-16IRM-1.5-ISO-M5020,false,true,true,false,false,,,,true,UNMAPPED,,false
5016,YW-16ER-1.75-ISO-M5010,false,true,true,false,false,,,,true,UNMAPPED,,false
5017,YW-16IR-1.75-ISO-M5010,false,true,true,false,false,,,,true,UNMAPPED,,false
5018,YW-16ERM-2-ISO-M5020,false,true,true,false,false,,,,true,UNMAPPED,,false
5019,YW-16IRM-2-ISO-M5020,false,true,true,false,false,,,,true,UNMAPPED,,false
5020,YW-16ERM-2.5-ISO-M5010,false,true,true,false,false,,,,true,UNMAPPED,,false
5021,YW-16IRM-2.5-ISO-M5020,false,true,true,false,false,,,,true,UNMAPPED,,false
5022,YW-16ERM-3-ISO-M5020,false,true,true,false,false,,,,true,UNMAPPED,,false
5023,YW-16IRM-3-ISO-M5020,false,true,true,false,false,,,,true,UNMAPPED,,false
5024,YW-16ER-8-W-M5010,false,true,true,false,false,,,,true,UNMAPPED,,false
5025,YW-16IR-8-W-M5010,false,true,true,false,false,,,,true,UNMAPPED,,false
5026,YW-16ER-10-W-M5010,false,true,true,false,false,,,,true,UNMAPPED,,false
5027,YW-16IR-10-W-M5010,false,true,true,false,false,,,,true,UNMAPPED,,false
5028,YW-16ER-11W-ISO-M5010,false,true,true,false,false,,,,true,UNMAPPED,,false
5029,YW-16IRM-11-W-M5010,false,true,true,false,false,,,,true,UNMAPPED,,false
5030,YW-16ER-12-W-M5010,false,true,true,false,false,,,,true,UNMAPPED,,false
5031,YW-16IR-12-W-M5010,false,true,true,false,false,,,,true,UNMAPPED,,false
5032,YW-16ERM-14-W-M5020,false,true,true,false,false,,,,true,UNMAPPED,,false
5033,YW-16IRM-14-W-M5020,false,true,true,false,false,,,,true,UNMAPPED,,false
5034,YW-16ER-16-W-M5010,false,true,true,false,false,,,,true,UNMAPPED,,false
5035,YW-16IR-16-W-M5010,false,true,true,false,false,,,,true,UNMAPPED,,false
5036,YW-16ER-19-W-M5010,false,true,true,false,false,,,,true,UNMAPPED,,false
5037,YW-16IR-19-W-M5010,false,true,true,false,false,,,,true,UNMAPPED,,false
5038,YW-16ER-8-ACME-M5010,false,true,true,false,false,,,,true,UNMAPPED,,false
5039,YW-16IR-8-ACME-M5010,false,true,true,false,false,,,,true,UNMAPPED,,false
5040,YW-16ER-10-ACME-M5010,false,true,true,false,false,,,,true,UNMAPPED,,false
5041,YW-16IR-10-ACME-M5010,false,true,true,false,false,,,,true,UNMAPPED,,false
5042,YW-16ER-11.5-NPT-M5010,false,true,true,false,false,,,,true,UNMAPPED,,false
5043,YW-16IR-11.5-NPT-M5010,false,true,true,false,false,,,,true,UNMAPPED,,false
5044,YW-16ER-14-NPT-M5010,false,true,true,false,false,,,,true,UNMAPPED,,false
5045,YW-16IR-14-NPT-M5010,false,true,true,false,false,,,,true,UNMAPPED,,false
5046,YW-16ER-18-NPT-M5010,false,true,true,false,false,,,,true,UNMAPPED,,false
5047,YW-16IR-18-NPT-M5010,false,true,true,false,false,,,,true,UNMAPPED,,false
5048,YW-16ER-20-UN-M5010,false,true,true,false,false,,,,true,UNMAPPED,,false
5049,YW-16IR-20-UN-M5010,false,true,true,false,false,,,,true,UNMAPPED,,false
5050,YW-16ER-TR-2.0-M5010,false,true,true,true,true,002358,YW-16ER-TR-2.0-M5010,false,true,RECONCILIATION_REQUIRED,mapped_inactive,false
5051,YW-16IR-TR-2.0-M5010,false,true,true,true,true,002357,YW-16IR-TR-2.0-M5010,false,true,RECONCILIATION_REQUIRED,mapped_inactive,false
5052,YW-16ER-TR-2.50-M5010,false,true,true,true,true,002356,YW-16ER-TR-2.50-M5010,false,true,RECONCILIATION_REQUIRED,mapped_inactive,false
5053,YW-16IR-TR-2.50-M5010,false,true,true,false,false,,,,true,UNMAPPED,,false
5054,YW-16ER-TR-3.0-M5010,false,true,true,false,false,,,,true,UNMAPPED,,false
5055,YW-16IR-TR-3.0-M5010,false,true,true,true,true,002355,YW-16IR-TR-3.0-M5010,false,true,RECONCILIATION_REQUIRED,mapped_inactive,false
5056,YW-22ER-AG60-M5010,false,true,true,false,false,,,,true,UNMAPPED,,false
5057,YW-22IR-AG60-M5010,false,true,true,false,false,,,,true,UNMAPPED,,false
5058,YW-22ER-AG60-P-P6010,false,true,true,false,false,,,,true,UNMAPPED,,false
5059,YW-22IR-AG60-P-P6010,false,true,true,false,false,,,,true,UNMAPPED,,false
5060,YW-22ER-AG55-M5010,false,true,true,false,false,,,,true,UNMAPPED,,false
5061,YW-22IR-AG55-M5010,false,true,true,false,false,,,,true,UNMAPPED,,false
5062,YW-22IR-4.0-ISO-M5010,false,true,true,true,true,002354,YW-22IR-4.0-ISO-M5010,false,true,RECONCILIATION_REQUIRED,mapped_inactive,false
5063,YW-22ER-4.0-ISO-M5010,false,true,true,false,false,,,,true,UNMAPPED,,false
5064,YW-22ER-5.0-ISO-M5010,false,true,true,true,true,002353,YW-22ER-5.0-ISO-M5010,false,true,RECONCILIATION_REQUIRED,mapped_inactive,false
5065,YW-22IR-5.0-ISO-M5010,false,true,true,true,true,002352,YW-22IR-5.0-ISO-M5010,false,true,RECONCILIATION_REQUIRED,mapped_inactive,false
5066,YW-22ER-6.0-ISO-M5010,false,true,true,true,true,002351,YW-22ER-6.0-ISO-M5010,false,true,RECONCILIATION_REQUIRED,mapped_inactive,false
5067,YW-22IR-6.0-ISO-M5010,false,true,true,false,false,,,,true,UNMAPPED,,false
5068,YW-22ER-TR-4.0-M5010,false,true,true,false,false,,,,true,UNMAPPED,,false
5069,YW-22IR-TR-4.0-M5010,false,true,true,false,false,,,,true,UNMAPPED,,false
5070,YW-22ER-TR-5.0-M5010,false,true,true,false,false,,,,true,UNMAPPED,,false
5071,YW-22IR-TR-5.0-M5010,false,true,true,false,false,,,,true,UNMAPPED,,false
5072,YW-22ER-TR-6.0-M5010,false,true,true,true,true,002350,YW-22ER-TR-6.0-M5010,false,true,RECONCILIATION_REQUIRED,mapped_inactive,false
5073,YW-22IR-TR-6.0-M5010,false,true,true,false,false,,,,true,UNMAPPED,,false
5074,YW-RT22.01W-N60P-M5010,false,true,true,false,false,,,,true,UNMAPPED,,false
5075,YW-LT22.01W-N60P-M5010,false,true,true,true,true,002349,YW-LT22.01W-N60P-M5010,false,true,RECONCILIATION_REQUIRED,mapped_inactive,false
5076,YW-WCMX020104-SF-M5020,false,true,true,true,true,002348,YW-WCMX020104-SF-M5020,false,true,RECONCILIATION_REQUIRED,mapped_inactive,false
5077,YW-WCMX030208-SF-M5020,false,true,true,false,false,,,,true,UNMAPPED,,false
5078,YW-WCMX040208-SF-M5020,false,true,true,false,false,,,,true,UNMAPPED,,false
5079,YW-WCMT050308-SF-M5020,false,true,true,false,false,,,,true,UNMAPPED,,false
5080,YW-WCMT06T308-SF-M5020,false,true,true,false,false,,,,true,UNMAPPED,,false
5081,YW-WCMX080412-SF-M5020,false,true,true,false,false,,,,true,UNMAPPED,,false
5082,YW-WCGT030208-AL-H1020,false,true,true,false,false,,,,true,UNMAPPED,,false
5083,YW-WCGT040208-AL-H1020,false,true,true,false,false,,,,true,UNMAPPED,,false
5084,YW-WCGT050308-AL-H1020,false,true,true,true,true,002347,YW-WCGT050308-AL-H1020,false,true,RECONCILIATION_REQUIRED,mapped_inactive,false
5085,YW-WCGT06T308-AL-H1020,false,true,true,false,false,,,,true,UNMAPPED,,false
5086,YW-WCGT080412-AL-H1020,false,true,true,false,false,,,,true,UNMAPPED,,false
5087,YW-SOMG040202-TG-M5020,false,true,true,false,false,,,,true,UNMAPPED,,false
5088,YW-SPMG050204-TG-M5020,false,true,true,false,false,,,,true,UNMAPPED,,false
5089,YW-SPMG060204-TG-M5020,false,true,true,false,false,,,,true,UNMAPPED,,false
5090,YW-SPMG07T308-TG-M5020,false,true,true,false,false,,,,true,UNMAPPED,,false
5091,YW-SPMG090408-TG-M5020,false,true,true,false,false,,,,true,UNMAPPED,,false
5092,YW-SPMG110408-TG-M5020,false,true,true,false,false,,,,true,UNMAPPED,,false
5093,YW-SPMG140512-TG-M5020,false,true,true,false,false,,,,true,UNMAPPED,,false
5094,YW-SPGT050204-AL-H1020,false,true,true,false,false,,,,true,UNMAPPED,,false
5095,YW-SPGT060204-AL-H1020,false,true,true,false,false,,,,true,UNMAPPED,,false
5096,YW-SPGT07T308-AL-H1020,false,true,true,false,false,,,,true,UNMAPPED,,false
5097,YW-SPGT090408-AL-H1020,false,true,true,false,false,,,,true,UNMAPPED,,false
5098,YW-SPGT110408-AL-H1020,false,true,true,false,false,,,,true,UNMAPPED,,false
5099,YW-SPGT140512-AL-H1020,false,true,true,false,false,,,,true,UNMAPPED,,false
5100,YW-SEET13T3-DM-K3020,false,true,true,false,false,,,,true,UNMAPPED,,false
5101,YW-SEKT1204AFTN-XM-M5020,false,true,true,false,false,,,,true,UNMAPPED,,false
5102,YW-SEHT1204AFFN-AL-H1020,false,true,true,true,true,002346,YW-SEHT1204AFFN-AL-H1020,false,true,RECONCILIATION_REQUIRED,mapped_inactive,false
5103,YW-SDMT120512-PH-M5020,false,true,true,true,true,002345,YW-SDMT120512-PH-M5020,false,true,RECONCILIATION_REQUIRED,mapped_inactive,false
5104,YW-SDMT150512-PH-M5020,false,true,true,false,false,,,,true,UNMAPPED,,false
5105,YW-SNMX1205AFNN-F57-M5020,false,true,true,true,true,002344,YW-SNMX1205AFNN-F57-M5020,false,true,RECONCILIATION_REQUIRED,mapped_inactive,false
5106,YW-SNMX1206QNN-MM-M5020,false,true,true,true,true,002343,YW-SNMX1206QNN-MM-M5020,false,true,RECONCILIATION_REQUIRED,mapped_inactive,false
5107,YW-WNMU080608EN-GM-M5020,false,true,true,true,true,002342,YW-WNMU080608EN-GM-M5020,false,true,RECONCILIATION_REQUIRED,mapped_inactive,false
5108,YW-SNMX1205-125T7-40,false,false,false,true,true,002341,YW-SNMX1205-125T7-40,false,true,RECONCILIATION_REQUIRED,mapped_inactive,false
5109,YW-SNMX1205-080T5-27,false,false,false,true,true,002340,YW-SNMX1205-080T5-27,false,true,RECONCILIATION_REQUIRED,mapped_inactive,false
5110,YW-SNMX1205-160-AFNN,false,false,false,true,true,002339,YW-SNMX1205-160-AFNN,false,true,RECONCILIATION_REQUIRED,mapped_inactive,false
5111,YW-QCMT050204-CM-M5020,false,true,true,true,true,002338,YW-QCMT050204-CM-M5020,false,true,RECONCILIATION_REQUIRED,mapped_inactive,false
5112,YW-QCMT060204-CM-M5020,false,true,true,true,true,002337,YW-QCMT060204-CM-M5020,false,true,RECONCILIATION_REQUIRED,mapped_inactive,false
5113,YW-QCMT070304-CM-M5020,false,true,true,true,true,002336,YW-QCMT070304-CM-M5020,false,true,RECONCILIATION_REQUIRED,mapped_inactive,false
5114,YW-QCMT080304-CM-M5020,false,true,true,true,true,002335,YW-QCMT080304-CM-M5020,false,true,RECONCILIATION_REQUIRED,mapped_inactive,false
5115,YW-QCMT10T304-CM-M5020,false,true,true,true,true,002334,YW-QCMT10T304-CM-M5020,false,true,RECONCILIATION_REQUIRED,mapped_inactive,false
5116,YW-SF-10R-3.25-16C,false,true,true,true,true,002333,YW-SF-10R-3.25-16C,false,true,RECONCILIATION_REQUIRED,mapped_inactive,false
5117,YW-SF-12R-3.25D-16C,false,true,true,true,true,002332,YW-SF-12R-3.25D-16C,false,true,RECONCILIATION_REQUIRED,mapped_inactive,false
5118,YW-SF-14R-3.25D-16C,false,true,true,true,true,002331,YW-SF-14R-3.25D-16C,false,true,RECONCILIATION_REQUIRED,mapped_inactive,false
5119,YW-TXN03R080M27-OE010,false,true,true,true,true,002330,YW-TXN03R080M27-OE010,false,true,RECONCILIATION_REQUIRED,mapped_inactive,false
5120,GTW930,false,true,true,true,true,002329,GTW930,false,true,RECONCILIATION_REQUIRED,mapped_inactive,false
5121,GTW940,false,true,true,true,true,002328,GTW940,false,true,RECONCILIATION_REQUIRED,mapped_inactive,false
5122,GTW941,false,true,true,true,true,002327,GTW941,false,true,RECONCILIATION_REQUIRED,mapped_inactive,false
5123,JC202,false,true,true,true,true,002326,JC202,false,true,RECONCILIATION_REQUIRED,mapped_inactive,false
5124,JC304,false,true,true,true,true,002325,JC304,false,true,RECONCILIATION_REQUIRED,mapped_inactive,false
5125,JC405,false,true,true,true,true,002324,JC405,false,true,RECONCILIATION_REQUIRED,mapped_inactive,false
5126,JC410,false,true,true,true,true,002323,JC410,false,true,RECONCILIATION_REQUIRED,mapped_inactive,false
5127,JC412,false,true,true,true,true,002322,JC412,false,true,RECONCILIATION_REQUIRED,mapped_inactive,false
5128,MB43015M,false,true,true,true,true,002321,MB43015M,false,true,RECONCILIATION_REQUIRED,mapped_inactive,false
5129,MB44008M,false,true,true,true,true,002320,MB44008M,false,true,RECONCILIATION_REQUIRED,mapped_inactive,false
5130,MB63008M,false,true,true,true,true,002319,MB63008M,false,true,RECONCILIATION_REQUIRED,mapped_inactive,false
5131,ME011N,false,true,true,true,true,002318,ME011N,false,true,RECONCILIATION_REQUIRED,mapped_inactive,false
5132,NC3610Q,false,true,true,true,true,002317,NC3610Q,false,true,RECONCILIATION_REQUIRED,mapped_inactive,false
5133,NC3911,false,true,true,true,true,002316,NC3911,false,true,RECONCILIATION_REQUIRED,mapped_inactive,false
5134,NC4212,false,true,true,true,true,002315,NC4212,false,true,RECONCILIATION_REQUIRED,mapped_inactive,false
5135,NC4216,false,true,true,true,true,002314,NC4216,false,true,RECONCILIATION_REQUIRED,mapped_inactive,false
5136,NC4217,false,true,true,true,true,002313,NC4217,false,true,RECONCILIATION_REQUIRED,mapped_inactive,false
5137,NC4232,false,true,true,true,true,002312,NC4232,false,true,RECONCILIATION_REQUIRED,mapped_inactive,false
5138,NC4233Q-KIT,false,true,true,true,true,002311,NC4233Q-KIT,false,true,RECONCILIATION_REQUIRED,mapped_inactive,false
5139,NC4233Q,false,true,true,true,true,002310,NC4233Q,false,true,RECONCILIATION_REQUIRED,mapped_inactive,false
5140,NC4233QH,false,true,true,true,true,002309,NC4233QH,false,true,RECONCILIATION_REQUIRED,mapped_inactive,false
5141,NC4236,false,true,true,true,true,002308,NC4236,false,true,RECONCILIATION_REQUIRED,mapped_inactive,false
5142,NC4238,false,true,true,true,true,002307,NC4238,false,true,RECONCILIATION_REQUIRED,mapped_inactive,false
5143,NC4255Q,false,true,true,true,true,002306,NC4255Q,false,true,RECONCILIATION_REQUIRED,mapped_inactive,false
5144,NC4255QH,false,true,true,true,true,002305,NC4255QH,false,true,RECONCILIATION_REQUIRED,mapped_inactive,false
5145,NC4258,false,true,true,true,true,002304,NC4258,false,true,RECONCILIATION_REQUIRED,mapped_inactive,false
5146,NC4277,false,true,true,true,true,002303,NC4277,false,true,RECONCILIATION_REQUIRED,mapped_inactive,false
5147,NC4299,false,true,true,true,true,002302,NC4299,false,true,RECONCILIATION_REQUIRED,mapped_inactive,false
5148,NC4610,false,true,true,true,true,002301,NC4610,false,true,RECONCILIATION_REQUIRED,mapped_inactive,false
5149,NC4650,false,true,true,true,true,002300,NC4650,false,true,RECONCILIATION_REQUIRED,mapped_inactive,false
5150,NC6217,false,true,true,true,true,002299,NC6217,false,true,RECONCILIATION_REQUIRED,mapped_inactive,false
5151,NC6218,false,true,true,true,true,002298,NC6218,false,true,RECONCILIATION_REQUIRED,mapped_inactive,false
5152,NC6236,false,true,true,true,true,002297,NC6236,false,true,RECONCILIATION_REQUIRED,mapped_inactive,false
5153,NC6255Q,false,true,true,true,true,002296,NC6255Q,false,true,RECONCILIATION_REQUIRED,mapped_inactive,false
5154,NC6255QH,false,true,true,true,true,002295,NC6255QH,false,true,RECONCILIATION_REQUIRED,mapped_inactive,false
5155,NC6256Q,false,true,true,true,true,002294,NC6256Q,false,true,RECONCILIATION_REQUIRED,mapped_inactive,false
5156,NC6266,false,true,true,true,true,002293,NC6266,false,true,RECONCILIATION_REQUIRED,mapped_inactive,false
5157,NC8219,false,true,true,true,true,002292,NC8219,false,true,RECONCILIATION_REQUIRED,mapped_inactive,false
5158,NC8232,false,true,true,true,true,002291,NC8232,false,true,RECONCILIATION_REQUIRED,mapped_inactive,false
5159,NC8266P-6,false,true,true,true,true,002290,NC8266P-6,false,true,RECONCILIATION_REQUIRED,mapped_inactive,false
5160,NC8266P,false,true,true,false,false,,,,true,UNMAPPED,,false
5161,NC8266S-6,false,true,true,false,false,,,,true,UNMAPPED,,false
5162,NC8266S,false,true,true,true,true,002289,NC8266S,false,true,RECONCILIATION_REQUIRED,mapped_inactive,false
5163,NC8332-6,false,true,true,false,false,,,,true,UNMAPPED,,false
5164,NC8332,false,true,true,false,false,,,,true,UNMAPPED,,false
5165,NE0405-KIT,false,true,true,false,false,,,,true,UNMAPPED,,false
5166,NE251R,false,true,true,false,false,,,,true,UNMAPPED,,false
5167,NE261,false,true,true,false,false,,,,true,UNMAPPED,,false
5168,NE321,false,true,true,false,false,,,,true,UNMAPPED,,false
5169,NE432,false,true,true,false,false,,,,true,UNMAPPED,,false
5170,NE443,false,true,true,false,false,,,,true,UNMAPPED,,false
5171,NE462,false,true,true,false,false,,,,true,UNMAPPED,,false
5172,NE4815,false,true,true,false,false,,,,true,UNMAPPED,,false
5173,NE4901,false,true,true,false,false,,,,true,UNMAPPED,,false
5174,PA201,false,true,true,false,false,,,,true,UNMAPPED,,false
5175,PA203N,false,true,true,false,false,,,,true,UNMAPPED,,false
5176,PA211,false,true,true,false,false,,,,true,UNMAPPED,,false
5177,PA301,false,true,true,false,false,,,,true,UNMAPPED,,false
5178,PA301V,false,true,true,false,false,,,,true,UNMAPPED,,false
5179,PA9048,false,true,true,false,false,,,,true,UNMAPPED,,false
5180,PB1305,false,true,true,false,false,,,,true,UNMAPPED,,false
5181,PB1308,false,true,true,false,false,,,,true,UNMAPPED,,false
5182,PB1310,false,true,true,false,false,,,,true,UNMAPPED,,false
5183,PB1312,false,true,true,false,false,,,,true,UNMAPPED,,false
5184,PB2402,false,true,true,false,false,,,,true,UNMAPPED,,false
5185,PB2601,false,true,true,false,false,,,,true,UNMAPPED,,false
5186,PB9006P,false,true,true,false,false,,,,true,UNMAPPED,,false
5187,PB9010P,false,true,true,false,false,,,,true,UNMAPPED,,false
5188,PC2010,false,true,true,false,false,,,,true,UNMAPPED,,false
5189,PC901,false,true,true,false,false,,,,true,UNMAPPED,,false
5190,QA101,false,true,true,false,false,,,,true,UNMAPPED,,false
5191,QA111A,false,true,true,false,false,,,,true,UNMAPPED,,false
5192,QA151A,false,true,true,false,false,,,,true,UNMAPPED,,false
5193,QA163A,false,true,true,false,false,,,,true,UNMAPPED,,false
5194,QA210A,false,true,true,false,false,,,,true,UNMAPPED,,false
5195,QA211A,false,true,true,false,false,,,,true,UNMAPPED,,false
5196,QA231QA,false,true,true,false,false,,,,true,UNMAPPED,,false
5197,QA313A,false,true,true,false,false,,,,true,UNMAPPED,,false
5198,QA315A,false,true,true,false,false,,,,true,UNMAPPED,,false
5199,QA432A,false,true,true,false,false,,,,true,UNMAPPED,,false
5200,QA441A,false,true,true,false,false,,,,true,UNMAPPED,,false
5201,QA511A,false,true,true,false,false,,,,true,UNMAPPED,,false
5202,QA611A,false,true,true,false,false,,,,true,UNMAPPED,,false
5203,QA633QA,false,true,true,false,false,,,,true,UNMAPPED,,false
5204,QB105,false,true,true,false,false,,,,true,UNMAPPED,,false
5205,QB115,false,true,true,false,false,,,,true,UNMAPPED,,false
5206,QB125,false,true,true,false,false,,,,true,UNMAPPED,,false
5207,QB177,false,true,true,false,false,,,,true,UNMAPPED,,false
5208,QB20203,false,true,true,false,false,,,,true,UNMAPPED,,false
5209,QB2925L,false,true,true,false,false,,,,true,UNMAPPED,,false
5210,QB325N,false,true,true,false,false,,,,true,UNMAPPED,,false
5211,QB48111,false,true,true,false,false,,,,true,UNMAPPED,,false
5212,QB51602,false,true,true,true,true,002288,QB51602,false,true,RECONCILIATION_REQUIRED,mapped_inactive,false
5213,QB52502,false,true,true,true,true,002287,QB52502,false,true,RECONCILIATION_REQUIRED,mapped_inactive,false
5214,QB57602,false,true,true,false,false,,,,true,UNMAPPED,,false
5215,QB7115M,false,true,true,true,true,002286,QB7115M,false,true,RECONCILIATION_REQUIRED,mapped_inactive,false
5216,QC213T,false,true,true,false,false,,,,true,UNMAPPED,,false
5217,QD291,false,true,true,false,false,,,,true,UNMAPPED,,false
5218,QE324,false,true,true,false,false,,,,true,UNMAPPED,,false
5219,QE333,false,true,true,false,false,,,,true,UNMAPPED,,false
5220,QE343,false,true,true,false,false,,,,true,UNMAPPED,,false
5221,QE433,false,true,true,false,false,,,,true,UNMAPPED,,false
5222,QE633,false,true,true,false,false,,,,true,UNMAPPED,,false
5223,QE831,false,true,true,false,false,,,,true,UNMAPPED,,false
5224,QE933,false,true,true,false,false,,,,true,UNMAPPED,,false
5225,QE935,false,true,true,false,false,,,,true,UNMAPPED,,false
5226,QE936,false,true,true,false,false,,,,true,UNMAPPED,,false
5227,QE98L,false,true,true,false,false,,,,true,UNMAPPED,,false
5228,QG102,false,true,true,false,false,,,,true,UNMAPPED,,false
5229,QG202,false,true,true,true,true,002285,QG202,false,true,RECONCILIATION_REQUIRED,mapped_inactive,false
5230,QK112N,false,true,true,true,true,002284,QK112N,false,true,RECONCILIATION_REQUIRED,mapped_inactive,false
5231,QP123,false,true,true,true,true,002283,QP123,false,true,RECONCILIATION_REQUIRED,mapped_inactive,false
5232,QP317,false,true,true,true,true,002282,QP317,false,true,RECONCILIATION_REQUIRED,mapped_inactive,false
5233,RA101,false,true,true,true,true,002281,RA101,false,true,RECONCILIATION_REQUIRED,mapped_inactive,false
5234,RA102,false,true,true,true,true,002280,RA102,false,true,RECONCILIATION_REQUIRED,mapped_inactive,false
5235,RA1131,false,true,true,true,true,002279,RA1131,false,true,RECONCILIATION_REQUIRED,mapped_inactive,false
5236,RA1132,false,true,true,true,true,002278,RA1132,false,true,RECONCILIATION_REQUIRED,mapped_inactive,false
5237,RA1142,false,true,true,true,true,002277,RA1142,false,true,RECONCILIATION_REQUIRED,mapped_inactive,false
5238,RA1162,false,true,true,true,true,002276,RA1162,false,true,RECONCILIATION_REQUIRED,mapped_inactive,false
5239,RA1232,false,true,true,true,true,002275,RA1232,false,true,RECONCILIATION_REQUIRED,mapped_inactive,false
5240,RA1242,false,true,true,true,true,002274,RA1242,false,true,RECONCILIATION_REQUIRED,mapped_inactive,false
5241,RA1272,false,true,true,true,true,002273,RA1272,false,true,RECONCILIATION_REQUIRED,mapped_inactive,false
5242,RA201,false,true,true,true,true,002272,RA201,false,true,RECONCILIATION_REQUIRED,mapped_inactive,false
5243,RA2161,false,true,true,true,true,002271,RA2161,false,true,RECONCILIATION_REQUIRED,mapped_inactive,false
5244,RA2242,false,true,true,true,true,002270,RA2242,false,true,RECONCILIATION_REQUIRED,mapped_inactive,false
5245,RA2272,false,true,true,true,true,002269,RA2272,false,true,RECONCILIATION_REQUIRED,mapped_inactive,false
5246,RA301,false,true,true,true,true,002268,RA301,false,true,RECONCILIATION_REQUIRED,mapped_inactive,false
5247,RA3017,false,true,true,true,true,002267,RA3017,false,true,RECONCILIATION_REQUIRED,mapped_inactive,false
5248,RA302,false,true,true,true,true,002266,RA302,false,true,RECONCILIATION_REQUIRED,mapped_inactive,false
5249,RA3123,false,true,true,true,true,002265,RA3123,false,true,RECONCILIATION_REQUIRED,mapped_inactive,false
5250,RA4008,false,true,true,true,true,002264,RA4008,false,true,RECONCILIATION_REQUIRED,mapped_inactive,false
5251,RA4108,false,true,true,true,true,002263,RA4108,false,true,RECONCILIATION_REQUIRED,mapped_inactive,false
5252,RA5005,false,true,true,true,true,002262,RA5005,false,true,RECONCILIATION_REQUIRED,mapped_inactive,false
5253,RA5105,false,true,true,true,true,002261,RA5105,false,true,RECONCILIATION_REQUIRED,mapped_inactive,false
5254,RA5117,false,true,true,true,true,002260,RA5117,false,true,RECONCILIATION_REQUIRED,mapped_inactive,false
5255,RA801,false,true,true,true,true,002259,RA801,false,true,RECONCILIATION_REQUIRED,mapped_inactive,false
5256,RA801EA,false,true,true,true,true,002258,RA801EA,false,true,RECONCILIATION_REQUIRED,mapped_inactive,false
5257,RA801ET,false,true,true,true,true,002257,RA801ET,false,true,RECONCILIATION_REQUIRED,mapped_inactive,false
5258,RA802,false,true,true,true,true,002256,RA802,false,true,RECONCILIATION_REQUIRED,mapped_inactive,false
5259,SB201,false,true,true,true,true,002255,SB201,false,true,RECONCILIATION_REQUIRED,mapped_inactive,false
5260,SB423,false,true,true,true,true,002254,SB423,false,true,RECONCILIATION_REQUIRED,mapped_inactive,false
5261,SB710,false,true,true,true,true,002253,SB710,false,true,RECONCILIATION_REQUIRED,mapped_inactive,false
5262,SC0517C,false,true,true,true,true,002252,SC0517C,false,true,RECONCILIATION_REQUIRED,mapped_inactive,false
5263,SC212,false,true,true,true,true,002251,SC212,false,true,RECONCILIATION_REQUIRED,mapped_inactive,false
5264,SC332,false,true,true,true,true,002250,SC332,false,true,RECONCILIATION_REQUIRED,mapped_inactive,false
5265,SC371C,false,true,true,true,true,002249,SC371C,false,true,RECONCILIATION_REQUIRED,mapped_inactive,false
5266,SC415P,false,true,true,true,true,002248,SC415P,false,true,RECONCILIATION_REQUIRED,mapped_inactive,false
5267,SG101,false,true,true,true,true,002247,SG101,false,true,RECONCILIATION_REQUIRED,mapped_inactive,false
5268,SG400,false,true,true,true,true,002246,SG400,false,true,RECONCILIATION_REQUIRED,mapped_inactive,false
5269,SJ1650T,false,true,true,true,true,002245,SJ1650T,false,true,RECONCILIATION_REQUIRED,mapped_inactive,false
5270,SJ1830F,false,true,true,true,true,002244,SJ1830F,false,true,RECONCILIATION_REQUIRED,mapped_inactive,false
5271,YW-SF-16R-3.25D-20C,false,true,true,true,true,002243,YW-SF-16R-3.25D-20C,false,true,RECONCILIATION_REQUIRED,mapped_inactive,false
5272,SJ1850F,false,true,true,true,true,002242,SJ1850F,false,true,RECONCILIATION_REQUIRED,mapped_inactive,false
5273,YW-SF-20R-3.25D-C25,false,true,true,true,true,002241,YW-SF-20R-3.25D-C25,false,true,RECONCILIATION_REQUIRED,mapped_inactive,false
5274,SJCN65,false,true,true,true,true,002240,SJCN65,false,true,RECONCILIATION_REQUIRED,mapped_inactive,false
5275,YW-BLMP06-TEBL-C16-16-160-2T,false,true,true,true,true,002239,YW-BLMP06-TEBL-C16-16-160-2T,false,true,RECONCILIATION_REQUIRED,mapped_inactive,false
5276,SK1010,false,true,true,true,true,002238,SK1010,false,true,RECONCILIATION_REQUIRED,mapped_inactive,false
5277,YW-BLMP06-TEBL-C20-20-160-3T,false,true,true,true,true,002237,YW-BLMP06-TEBL-C20-20-160-3T,false,true,RECONCILIATION_REQUIRED,mapped_inactive,false
5278,SK1131,false,true,true,true,true,002236,SK1131,false,true,RECONCILIATION_REQUIRED,mapped_inactive,false
5279,YW-BLMP06-TEBL-C25-25-180-4T,false,true,true,true,true,002235,YW-BLMP06-TEBL-C25-25-180-4T,false,true,RECONCILIATION_REQUIRED,mapped_inactive,false
5280,SN1032,false,true,true,true,true,002234,SN1032,false,true,RECONCILIATION_REQUIRED,mapped_inactive,false
5281,YW-LNMU03-EXNO3R16M16T2-150L,false,true,true,true,true,002233,YW-LNMU03-EXNO3R16M16T2-150L,false,true,RECONCILIATION_REQUIRED,mapped_inactive,false
5282,SN1288,false,true,true,true,true,002232,SN1288,false,true,RECONCILIATION_REQUIRED,mapped_inactive,false
5283,SO10T,false,true,true,true,true,002231,SO10T,false,true,RECONCILIATION_REQUIRED,mapped_inactive,false
5284,YW-LNMU03-EXNO3R20M20T3-150L,false,true,true,true,true,002230,YW-LNMU03-EXNO3R20M20T3-150L,false,true,RECONCILIATION_REQUIRED,mapped_inactive,false
5285,SP102,false,true,true,true,true,002229,SP102,false,true,RECONCILIATION_REQUIRED,mapped_inactive,false
5286,YW-LNMU03-EXNO3R25M25T4-150L,false,true,true,true,true,002228,YW-LNMU03-EXNO3R25M25T4-150L,false,true,RECONCILIATION_REQUIRED,mapped_inactive,false
5287,SP104,false,true,true,true,true,002227,SP104,false,true,RECONCILIATION_REQUIRED,mapped_inactive,false
5288,YW-TXN03R040M16-OE06,false,true,true,true,true,002226,YW-TXN03R040M16-OE06,false,true,RECONCILIATION_REQUIRED,mapped_inactive,false
5289,SP105,false,true,true,true,true,002225,SP105,false,true,RECONCILIATION_REQUIRED,mapped_inactive,false
5290,YW-TXN03R050M22-OE08,false,true,true,false,false,,,,true,UNMAPPED,,false
5291,SR2001KIT,false,true,true,false,false,,,,true,UNMAPPED,,false
5292,YW-TXN03R063M22-OE08,false,true,true,true,true,002224,YW-TXN03R063M22-OE08,false,true,RECONCILIATION_REQUIRED,mapped_inactive,false
5293,SU8016,false,true,true,false,false,,,,true,UNMAPPED,,false
5294,SU9040,false,true,true,true,true,002223,SU9040,false,true,RECONCILIATION_REQUIRED,mapped_inactive,false
5295,SV1360,false,true,true,false,false,,,,true,UNMAPPED,,false
5296,SV2220,false,true,true,false,false,,,,true,UNMAPPED,,false
5297,SV2380,false,true,true,false,false,,,,true,UNMAPPED,,false
5298,SW12,false,true,true,true,true,002222,SW12,false,true,RECONCILIATION_REQUIRED,mapped_inactive,false
5299,SX1618,false,true,true,false,false,,,,true,UNMAPPED,,false
5300,SX2101,false,true,true,false,false,,,,true,UNMAPPED,,false
5301,SY-2001M,false,true,true,true,true,002221,SY-2001M,false,true,RECONCILIATION_REQUIRED,mapped_inactive,false
5302,SZ212A,false,true,true,false,false,,,,true,UNMAPPED,,false
5303,TB205025N,false,true,true,false,false,,,,true,UNMAPPED,,false
5304,TB320110N,false,true,true,false,false,,,,true,UNMAPPED,,false
5305,TB420210,false,true,true,false,false,,,,true,UNMAPPED,,false
5306,TB450350N,false,true,true,false,false,,,,true,UNMAPPED,,false
5307,TB610060N,false,true,true,true,true,002220,TB610060N,false,true,RECONCILIATION_REQUIRED,mapped_inactive,false
5308,TB620100N,false,true,true,false,false,,,,true,UNMAPPED,,false
5309,TE305025N,false,true,true,true,true,002219,TE305025N,false,true,RECONCILIATION_REQUIRED,mapped_inactive,false
5310,TE428210N,false,true,true,true,true,002218,TE428210N,false,true,RECONCILIATION_REQUIRED,mapped_inactive,false
5311,TE442210N,false,true,true,true,true,002217,TE442210N,false,true,RECONCILIATION_REQUIRED,mapped_inactive,false
5312,TE450350N,false,true,true,true,true,002216,TE450350N,false,true,RECONCILIATION_REQUIRED,mapped_inactive,false
5313,TT-BN-H55-1.5X4DX50L-3F,false,true,true,false,false,,,,true,UNMAPPED,,false
5314,TT-BN-H55-10X10DX75L-3F,false,true,true,false,false,,,,true,UNMAPPED,,false
5315,TT-BN-H55-12X12DX75L-3F,false,true,true,false,false,,,,true,UNMAPPED,,false
5316,TT-BN-H55-14X14DX100L-3F,false,true,true,false,false,,,,true,UNMAPPED,,false
5317,TT-BN-H55-16X16DX100L-3F,false,true,true,false,false,,,,true,UNMAPPED,,false
5318,TT-BN-H55-18X18DX100L-3F,false,true,true,false,false,,,,true,UNMAPPED,,false
5319,TT-BN-H55-1X4DX50L-3F,false,true,true,false,false,,,,true,UNMAPPED,,false
5320,TT-BN-H55-2.5X4DX50L-3F,false,true,true,false,false,,,,true,UNMAPPED,,false
5321,TT-BN-H55-2X4DX50L-3F,false,true,true,false,false,,,,true,UNMAPPED,,false
5322,TT-BN-H55-3X3DX50L-3F,false,true,true,false,false,,,,true,UNMAPPED,,false
5323,TT-BN-H55-3X6DX50L-3F,false,true,true,false,false,,,,true,UNMAPPED,,false
5324,TT-BN-H55-4X4DX50L-3F,false,true,true,false,false,,,,true,UNMAPPED,,false
5325,TT-BN-H55-4X6DX50L-3F,false,true,true,false,false,,,,true,UNMAPPED,,false
5326,TT-BN-H55-5X5DX50L-3F,false,true,true,false,false,,,,true,UNMAPPED,,false
5327,TT-BN-H55-6X6DX50L-3F,false,true,true,false,false,,,,true,UNMAPPED,,false
5328,TT-BN-H55-8X8DX60L-3F,false,true,true,false,false,,,,true,UNMAPPED,,false
5329,TT-BN-H55-R1.5X3DX50L-2F,false,true,true,true,true,002215,TT-BN-H55-R1.5X3DX50L-2F,false,true,RECONCILIATION_REQUIRED,mapped_inactive,false
5330,TT-BN-H55-R1.5X3DX50L-4F,false,true,true,true,true,002214,TT-BN-H55-R1.5X3DX50L-4F,false,true,RECONCILIATION_REQUIRED,mapped_inactive,false
5331,TT-BN-H55-R1.5X3DX75L-2F,false,true,true,true,true,002213,TT-BN-H55-R1.5X3DX75L-2F,false,true,RECONCILIATION_REQUIRED,mapped_inactive,false
5332,TT-BN-H55-R1.5X3DX75L-4F,false,true,true,true,true,002212,TT-BN-H55-R1.5X3DX75L-4F,false,true,RECONCILIATION_REQUIRED,mapped_inactive,false
5333,TT-BN-H55-R1.5X6DX50L-2F,false,true,true,true,true,002211,TT-BN-H55-R1.5X6DX50L-2F,false,true,RECONCILIATION_REQUIRED,mapped_inactive,false
5334,TT-BN-H55-R1.5X6DX75L-2F,false,true,true,true,true,002210,TT-BN-H55-R1.5X6DX75L-2F,false,true,RECONCILIATION_REQUIRED,mapped_inactive,false
5335,TT-BN-H55-R1.75X4DX50L-2F,false,true,true,true,true,002209,TT-BN-H55-R1.75X4DX50L-2F,false,true,RECONCILIATION_REQUIRED,mapped_inactive,false
5336,TT-BN-H55-R10X20DX100L-2T,false,true,true,true,true,002208,TT-BN-H55-R10X20DX100L-2T,false,true,RECONCILIATION_REQUIRED,mapped_inactive,false
5337,TT-BN-H55-R10X20DX150L-2T,false,true,true,true,true,002207,TT-BN-H55-R10X20DX150L-2T,false,true,RECONCILIATION_REQUIRED,mapped_inactive,false
5338,TT-BN-H55-R10X20DX200L-2T,false,true,true,true,true,002206,TT-BN-H55-R10X20DX200L-2T,false,true,RECONCILIATION_REQUIRED,mapped_inactive,false
5339,TT-BN-H55-R2.25X6DX50L-2F,false,true,true,true,true,002205,TT-BN-H55-R2.25X6DX50L-2F,false,true,RECONCILIATION_REQUIRED,mapped_inactive,false
5340,TT-BN-H55-R2.5X5DX100L-2F,false,true,true,true,true,002204,TT-BN-H55-R2.5X5DX100L-2F,false,true,RECONCILIATION_REQUIRED,mapped_inactive,false
5341,TT-BN-H55-R2.5X5DX50L-2F,false,true,true,true,true,002203,TT-BN-H55-R2.5X5DX50L-2F,false,true,RECONCILIATION_REQUIRED,mapped_inactive,false
5342,TT-BN-H55-R2.5X5DX50L-4F,false,true,true,true,true,002202,TT-BN-H55-R2.5X5DX50L-4F,false,true,RECONCILIATION_REQUIRED,mapped_inactive,false
5343,TT-BN-H55-R2.5X5DX75L-2F,false,true,true,true,true,002201,TT-BN-H55-R2.5X5DX75L-2F,false,true,RECONCILIATION_REQUIRED,mapped_inactive,false
5344,TT-BN-H55-R2.5X5DX75L-4F,false,true,true,true,true,002200,TT-BN-H55-R2.5X5DX75L-4F,false,true,RECONCILIATION_REQUIRED,mapped_inactive,false
5345,TT-BN-H55-R2.75X6DX50L-2F,false,true,true,true,true,002199,TT-BN-H55-R2.75X6DX50L-2F,false,true,RECONCILIATION_REQUIRED,mapped_inactive,false
5346,TT-BN-H55-R2X4DX50L-2F,false,true,true,true,true,002198,TT-BN-H55-R2X4DX50L-2F,false,true,RECONCILIATION_REQUIRED,mapped_inactive,false
5347,TT-BN-H55-R2X4DX50L-4F,false,true,true,true,true,002197,TT-BN-H55-R2X4DX50L-4F,false,true,RECONCILIATION_REQUIRED,mapped_inactive,false
5348,TT-BN-H55-R2X4DX75L-2F,false,true,true,true,true,002196,TT-BN-H55-R2X4DX75L-2F,false,true,RECONCILIATION_REQUIRED,mapped_inactive,false
5349,TT-BN-H55-R2X4DX75L-4F,false,true,true,true,true,002195,TT-BN-H55-R2X4DX75L-4F,false,true,RECONCILIATION_REQUIRED,mapped_inactive,false
5350,TT-BN-H55-R2X6DX50L-2F,false,true,true,true,true,002194,TT-BN-H55-R2X6DX50L-2F,false,true,RECONCILIATION_REQUIRED,mapped_inactive,false
5351,TT-BN-H55-R2X6DX75L-2F,false,true,true,true,true,002193,TT-BN-H55-R2X6DX75L-2F,false,true,RECONCILIATION_REQUIRED,mapped_inactive,false
5352,TT-BN-H55-R3X6DX100L-2F,false,true,true,true,true,002192,TT-BN-H55-R3X6DX100L-2F,false,true,RECONCILIATION_REQUIRED,mapped_inactive,false
5353,TT-BN-H55-R3X6DX150L-2F,false,true,true,true,true,002191,TT-BN-H55-R3X6DX150L-2F,false,true,RECONCILIATION_REQUIRED,mapped_inactive,false
5354,TT-BN-H55-R3X6DX50L-2F,false,true,true,true,true,002190,TT-BN-H55-R3X6DX50L-2F,false,true,RECONCILIATION_REQUIRED,mapped_inactive,false
5355,TT-BN-H55-R3X6DX50L-4F,false,true,true,true,true,002189,TT-BN-H55-R3X6DX50L-4F,false,true,RECONCILIATION_REQUIRED,mapped_inactive,false
5356,TT-BN-H55-R3X6DX75L-2F,false,true,true,true,true,002188,TT-BN-H55-R3X6DX75L-2F,false,true,RECONCILIATION_REQUIRED,mapped_inactive,false
5357,TT-BN-H55-R3X6DX75L-4F,false,true,true,true,true,002187,TT-BN-H55-R3X6DX75L-4F,false,true,RECONCILIATION_REQUIRED,mapped_inactive,false
5358,TT-BN-H55-R4X8DX100L-2F,false,true,true,true,true,002186,TT-BN-H55-R4X8DX100L-2F,false,true,RECONCILIATION_REQUIRED,mapped_inactive,false
5359,TT-BN-H55-R4X8DX100L-4F,false,true,true,true,true,002185,TT-BN-H55-R4X8DX100L-4F,false,true,RECONCILIATION_REQUIRED,mapped_inactive,false
5360,TT-BN-H55-R4X8DX150L-2F,false,true,true,true,true,002184,TT-BN-H55-R4X8DX150L-2F,false,true,RECONCILIATION_REQUIRED,mapped_inactive,false
5361,TT-BN-H55-R4X8DX200L-2F,false,true,true,true,true,002183,TT-BN-H55-R4X8DX200L-2F,false,true,RECONCILIATION_REQUIRED,mapped_inactive,false
5362,TT-BN-H55-R4X8DX60L-2F,false,true,true,true,true,002182,TT-BN-H55-R4X8DX60L-2F,false,true,RECONCILIATION_REQUIRED,mapped_inactive,false
5363,TT-BN-H55-R4X8DX60L-4F,false,true,true,true,true,002181,TT-BN-H55-R4X8DX60L-4F,false,true,RECONCILIATION_REQUIRED,mapped_inactive,false
5364,TT-BN-H55-R5X10DX100L-2F,false,true,true,true,true,002180,TT-BN-H55-R5X10DX100L-2F,false,true,RECONCILIATION_REQUIRED,mapped_inactive,false
5365,TT-BN-H55-R5X10DX100L-4F,false,true,true,true,true,002179,TT-BN-H55-R5X10DX100L-4F,false,true,RECONCILIATION_REQUIRED,mapped_inactive,false
5366,TT-BN-H55-R5X10DX150L-2F,false,true,true,true,true,002178,TT-BN-H55-R5X10DX150L-2F,false,true,RECONCILIATION_REQUIRED,mapped_inactive,false
5367,TT-BN-H55-R5X10DX200L-2F,false,true,true,true,true,002177,TT-BN-H55-R5X10DX200L-2F,false,true,RECONCILIATION_REQUIRED,mapped_inactive,false
5368,TT-BN-H55-R5X10DX75L-2F,false,true,true,true,true,002176,TT-BN-H55-R5X10DX75L-2F,false,true,RECONCILIATION_REQUIRED,mapped_inactive,false
5369,TT-BN-H55-R5X10DX75L-4F,false,true,true,true,true,002175,TT-BN-H55-R5X10DX75L-4F,false,true,RECONCILIATION_REQUIRED,mapped_inactive,false
5370,TT-BN-H55-R6X12DX100L-2F,false,true,true,true,true,002174,TT-BN-H55-R6X12DX100L-2F,false,true,RECONCILIATION_REQUIRED,mapped_inactive,false
5371,TT-BN-H55-R6X12DX100L-4F,false,true,true,true,true,002173,TT-BN-H55-R6X12DX100L-4F,false,true,RECONCILIATION_REQUIRED,mapped_inactive,false
5372,TT-BN-H55-R6X12DX150L-2F,false,true,true,true,true,002172,TT-BN-H55-R6X12DX150L-2F,false,true,RECONCILIATION_REQUIRED,mapped_inactive,false
5373,TT-BN-H55-R6X12DX200L-2F,false,true,true,true,true,002171,TT-BN-H55-R6X12DX200L-2F,false,true,RECONCILIATION_REQUIRED,mapped_inactive,false
5374,TT-BN-H55-R6X12DX75L-2F,false,true,true,true,true,002170,TT-BN-H55-R6X12DX75L-2F,false,true,RECONCILIATION_REQUIRED,mapped_inactive,false
5375,TT-BN-H55-R6X12DX75L-4F,false,true,true,true,true,002169,TT-BN-H55-R6X12DX75L-4F,false,true,RECONCILIATION_REQUIRED,mapped_inactive,false
5376,TT-BN-H55-R7X14DX100L-2T,false,true,true,true,true,002168,TT-BN-H55-R7X14DX100L-2T,false,true,RECONCILIATION_REQUIRED,mapped_inactive,false
5377,TT-BN-H55-R7X14DX150L-2T,false,true,true,true,true,002167,TT-BN-H55-R7X14DX150L-2T,false,true,RECONCILIATION_REQUIRED,mapped_inactive,false
5378,TT-BN-H55-R7X14DX200L-2T,false,true,true,true,true,002166,TT-BN-H55-R7X14DX200L-2T,false,true,RECONCILIATION_REQUIRED,mapped_inactive,false
5379,TT-BN-H55-R8X16DX100L-2T,false,true,true,true,true,002165,TT-BN-H55-R8X16DX100L-2T,false,true,RECONCILIATION_REQUIRED,mapped_inactive,false
5380,TT-BN-H55-R8X16DX150L-2T,false,true,true,true,true,002164,TT-BN-H55-R8X16DX150L-2T,false,true,RECONCILIATION_REQUIRED,mapped_inactive,false
5381,TT-BN-H55-R8X16DX200L-2T,false,true,true,true,true,002163,TT-BN-H55-R8X16DX200L-2T,false,true,RECONCILIATION_REQUIRED,mapped_inactive,false
5382,TT-BN-H55-R9X18DX100L-2T,false,true,true,true,true,002162,TT-BN-H55-R9X18DX100L-2T,false,true,RECONCILIATION_REQUIRED,mapped_inactive,false
5383,TT-BN-H55-R9X18DX150L-2T,false,true,true,true,true,002161,TT-BN-H55-R9X18DX150L-2T,false,true,RECONCILIATION_REQUIRED,mapped_inactive,false
5384,TT-BN-H55-R9X18DX200L-2T,false,true,true,true,true,002160,TT-BN-H55-R9X18DX200L-2T,false,true,RECONCILIATION_REQUIRED,mapped_inactive,false
5385,TT-BN-H65-R1.5X3DX100L-2T,false,true,true,true,true,002159,TT-BN-H65-R1.5X3DX100L-2T,false,true,RECONCILIATION_REQUIRED,mapped_inactive,false
5386,TT-BN-H65-R1.5X3DX50L-2T,false,true,true,true,true,002158,TT-BN-H65-R1.5X3DX50L-2T,false,true,RECONCILIATION_REQUIRED,mapped_inactive,false
5387,TT-BN-H65-R10X20DX100L-2T,false,true,true,false,false,,,,true,UNMAPPED,,false
5388,TT-BN-H65-R10X20DX150L-2T,false,true,true,false,false,,,,true,UNMAPPED,,false
5389,TT-BN-H65-R2.5X5DX100L-2T,false,true,true,false,false,,,,true,UNMAPPED,,false
5390,TT-BN-H65-R2.5X5DX50L-2T,false,true,true,false,false,,,,true,UNMAPPED,,false
5391,TT-BN-H65-R2X4DX100L-2T,false,true,true,false,false,,,,true,UNMAPPED,,false
5392,TT-BN-H65-R2X4DX50L-2T,false,true,true,false,false,,,,true,UNMAPPED,,false
5393,TT-BN-H65-R3X6DX100L-2T,false,true,true,false,false,,,,true,UNMAPPED,,false
5394,TT-BN-H65-R3X6DX50L-2T,false,true,true,false,false,,,,true,UNMAPPED,,false
5395,TT-BN-H65-R4X8DX100L-2T,false,true,true,false,false,,,,true,UNMAPPED,,false
5396,TT-BN-H65-R4X8DX60L-2T,false,true,true,true,true,002157,TT-BN-H65-R4X8DX60L-2T,false,true,RECONCILIATION_REQUIRED,mapped_inactive,false
5397,TT-BN-H65-R5X10DX100L-2T,false,true,true,true,true,002156,TT-BN-H65-R5X10DX100L-2T,false,true,RECONCILIATION_REQUIRED,mapped_inactive,false
5398,TT-BN-H65-R5X10DX150L-2T,false,true,true,true,true,002155,TT-BN-H65-R5X10DX150L-2T,false,true,RECONCILIATION_REQUIRED,mapped_inactive,false
5399,TT-BN-H65-R5X10DX75L-2T,false,true,true,true,true,002154,TT-BN-H65-R5X10DX75L-2T,false,true,RECONCILIATION_REQUIRED,mapped_inactive,false
5400,TT-BN-H65-R6X12DX100L-2T,false,true,true,true,true,002153,TT-BN-H65-R6X12DX100L-2T,false,true,RECONCILIATION_REQUIRED,mapped_inactive,false
5401,TT-BN-H65-R6X12DX150L-2T,false,true,true,true,true,002152,TT-BN-H65-R6X12DX150L-2T,false,true,RECONCILIATION_REQUIRED,mapped_inactive,false
5402,TT-BN-H65-R6X12DX75L-2T,false,true,true,true,true,002151,TT-BN-H65-R6X12DX75L-2T,false,true,RECONCILIATION_REQUIRED,mapped_inactive,false
5403,TT-BN-H65-R7X14DX100L-2T,false,true,true,true,true,002150,TT-BN-H65-R7X14DX100L-2T,false,true,RECONCILIATION_REQUIRED,mapped_inactive,false
5404,TT-BN-H65-R7X14DX150L-2T,false,true,true,true,true,002149,TT-BN-H65-R7X14DX150L-2T,false,true,RECONCILIATION_REQUIRED,mapped_inactive,false
5405,TT-BN-H65-R8X16DX100L-2T,false,true,true,true,true,002148,TT-BN-H65-R8X16DX100L-2T,false,true,RECONCILIATION_REQUIRED,mapped_inactive,false
5406,TT-BN-H65-R8X16DX150L-2T,false,true,true,true,true,002147,TT-BN-H65-R8X16DX150L-2T,false,true,RECONCILIATION_REQUIRED,mapped_inactive,false
5407,TT-BN-H65-R9X18DX100L-2T,false,true,true,true,true,002146,TT-BN-H65-R9X18DX100L-2T,false,true,RECONCILIATION_REQUIRED,mapped_inactive,false
5408,TT-BN-H65-R9X18DX150L-2T,false,true,true,true,true,002145,TT-BN-H65-R9X18DX150L-2T,false,true,RECONCILIATION_REQUIRED,mapped_inactive,false
5409,TT-CD-H55-1.6DX4DX2X40L,false,true,true,true,true,002144,TT-CD-H55-1.6DX4DX2X40L,false,true,RECONCILIATION_REQUIRED,mapped_inactive,false
5410,TT-CD-H55-1DX3DX1.3X40L,false,true,true,true,true,002143,TT-CD-H55-1DX3DX1.3X40L,false,true,RECONCILIATION_REQUIRED,mapped_inactive,false
5411,TT-CD-H55-2.5DX6DX3X45L,false,true,true,true,true,002142,TT-CD-H55-2.5DX6DX3X45L,false,true,RECONCILIATION_REQUIRED,mapped_inactive,false
5412,TT-CD-H55-2DX5DX2.5X40L,false,true,true,true,true,002141,TT-CD-H55-2DX5DX2.5X40L,false,true,RECONCILIATION_REQUIRED,mapped_inactive,false
5413,TT-CD-H55-3.15DX8DX3.9X50L,false,true,true,true,true,002140,TT-CD-H55-3.15DX8DX3.9X50L,false,true,RECONCILIATION_REQUIRED,mapped_inactive,false
5414,TT-CD-H55-3.15DX8DX3.9X75L,false,true,true,true,true,002139,TT-CD-H55-3.15DX8DX3.9X75L,false,true,RECONCILIATION_REQUIRED,mapped_inactive,false
5415,TT-CD-H55-4DX10DX5X56L,false,true,true,true,true,002138,TT-CD-H55-4DX10DX5X56L,false,true,RECONCILIATION_REQUIRED,mapped_inactive,false
5416,TT-CD-H55-4DX10DX5X75L,false,true,true,true,true,002137,TT-CD-H55-4DX10DX5X75L,false,true,RECONCILIATION_REQUIRED,mapped_inactive,false
5417,TT-CD-H55-5DX12DX6.3X63L,false,true,true,true,true,002136,TT-CD-H55-5DX12DX6.3X63L,false,true,RECONCILIATION_REQUIRED,mapped_inactive,false
5418,TT-CS60-H55-10X10DX75L-2F,false,true,true,true,true,002135,TT-CS60-H55-10X10DX75L-2F,false,true,RECONCILIATION_REQUIRED,mapped_inactive,false
5419,TT-CS60-H55-12X12DX75L-2F,false,true,true,true,true,002134,TT-CS60-H55-12X12DX75L-2F,false,true,RECONCILIATION_REQUIRED,mapped_inactive,false
5420,TT-CS60-H55-14X14DX100L-2F,false,true,true,true,true,002133,TT-CS60-H55-14X14DX100L-2F,false,true,RECONCILIATION_REQUIRED,mapped_inactive,false
5421,TT-CS60-H55-16X16DX100L-2F,false,true,true,false,false,,,,true,UNMAPPED,,false
5422,TT-CS60-H55-3X3DX50L-2F,false,true,true,false,false,,,,true,UNMAPPED,,false
5423,TT-CS60-H55-4X4DX50L-2F,false,true,true,false,false,,,,true,UNMAPPED,,false
5424,TT-CS60-H55-5X5DX50L-2F,false,true,true,false,false,,,,true,UNMAPPED,,false
5425,TT-CS60-H55-6X6DX50L-2F,false,true,true,false,false,,,,true,UNMAPPED,,false
5426,TT-CS60-H55-8X8DX60L-2F,false,true,true,true,true,002132,TT-CS60-H55-8X8DX60L-2F,false,true,RECONCILIATION_REQUIRED,mapped_inactive,false
5427,TT-CS90-H55-10X10DX75L-4F,false,true,true,false,false,,,,true,UNMAPPED,,false
5428,TT-CS90-H55-12X12DX75L-4F,false,true,true,false,false,,,,true,UNMAPPED,,false
5429,TT-CS90-H55-14X14DX100L-4F,false,true,true,false,false,,,,true,UNMAPPED,,false
5430,TT-CS90-H55-16X16DX100L-4F,false,true,true,false,false,,,,true,UNMAPPED,,false
5431,TT-CS90-H55-3X3DX50L-4F,false,true,true,false,false,,,,true,UNMAPPED,,false
5432,TT-CS90-H55-4X4DX50L-4F,false,true,true,true,true,002131,TT-CS90-H55-4X4DX50L-4F,false,true,RECONCILIATION_REQUIRED,mapped_inactive,false
5433,TT-CS90-H55-5X5DX50L-4F,false,true,true,false,false,,,,true,UNMAPPED,,false
5434,TT-CS90-H55-6X6DX50L-4F,false,true,true,false,false,,,,true,UNMAPPED,,false
5435,TT-CS90-H55-8X8DX60L-4F,false,true,true,false,false,,,,true,UNMAPPED,,false
5436,TT-DR-H55-1.1X38L,false,true,true,false,false,,,,true,UNMAPPED,,false
5437,TT-DR-H55-1.2X38L,false,true,true,false,false,,,,true,UNMAPPED,,false
5438,TT-DR-H55-1.3X38L,false,true,true,false,false,,,,true,UNMAPPED,,false
5439,TT-DR-H55-1.4X38L,false,true,true,false,false,,,,true,UNMAPPED,,false
5440,TT-DR-H55-1.5X38L,false,true,true,false,false,,,,true,UNMAPPED,,false
5441,TT-DR-H55-1.6X38L,false,true,true,true,true,002130,TT-DR-H55-1.6X38L,false,true,RECONCILIATION_REQUIRED,mapped_inactive,false
5442,TT-DR-H55-1.7X38L,false,true,true,false,false,,,,true,UNMAPPED,,false
5443,TT-DR-H55-1.8X38L,false,true,true,true,true,002129,TT-DR-H55-1.8X38L,false,true,RECONCILIATION_REQUIRED,mapped_inactive,false
5444,TT-DR-H55-1.9X38L,false,true,true,false,false,,,,true,UNMAPPED,,false
5445,TT-DR-H55-10.2X95L,false,true,true,false,false,,,,true,UNMAPPED,,false
5446,TT-DR-H55-10.5X95L,false,true,true,true,true,002128,TT-DR-H55-10.5X95L,false,true,RECONCILIATION_REQUIRED,mapped_inactive,false
5447,TT-DR-H55-10X89L,false,true,true,false,false,,,,true,UNMAPPED,,false
5448,TT-DR-H55-11.5X102L,false,true,true,false,false,,,,true,UNMAPPED,,false
5449,TT-DR-H55-11X95L,false,true,true,false,false,,,,true,UNMAPPED,,false
5450,TT-DR-H55-12.2X102L,false,true,true,false,false,,,,true,UNMAPPED,,false
5451,TT-DR-H55-12.5X102L,false,true,true,false,false,,,,true,UNMAPPED,,false
5452,TT-DR-H55-12X102L,false,true,true,true,true,002127,TT-DR-H55-12X102L,false,true,RECONCILIATION_REQUIRED,mapped_inactive,false
5453,TT-DR-H55-13.5X102L,false,true,true,false,false,,,,true,UNMAPPED,,false
5454,TT-DR-H55-13.8X102L,false,true,true,false,false,,,,true,UNMAPPED,,false
5455,TT-DR-H55-13X102L,false,true,true,false,false,,,,true,UNMAPPED,,false
5456,TT-DR-H55-14.5X107L,false,true,true,false,false,,,,true,UNMAPPED,,false
5457,TT-DR-H55-14X107L,false,true,true,false,false,,,,true,UNMAPPED,,false
5458,TT-DR-H55-15.5X111L,false,true,true,true,true,002126,TT-DR-H55-15.5X111L,false,true,RECONCILIATION_REQUIRED,mapped_inactive,false
5459,TT-DR-H55-15X111L,false,true,true,false,false,,,,true,UNMAPPED,,false
5460,TT-DR-H55-16.5X115L,false,true,true,false,false,,,,true,UNMAPPED,,false
5461,TT-DR-H55-16X115L,false,true,true,false,false,,,,true,UNMAPPED,,false
5462,TT-DR-H55-17.5X119L,false,true,true,false,false,,,,true,UNMAPPED,,false
5463,TT-DR-H55-17X119L,false,true,true,false,false,,,,true,UNMAPPED,,false
5464,TT-DR-H55-18.5X123L,false,true,true,false,false,,,,true,UNMAPPED,,false
5465,TT-DR-H55-18X123L,false,true,true,false,false,,,,true,UNMAPPED,,false
5466,TT-DR-H55-19X127L,false,true,true,false,false,,,,true,UNMAPPED,,false
5467,TT-DR-H55-1X1DX38X65L,false,true,true,false,false,,,,true,UNMAPPED,,false
5468,TT-DR-H55-1X38L,false,true,true,false,false,,,,true,UNMAPPED,,false
5469,TT-DR-H55-2.1X50L,false,true,true,true,true,002125,TT-DR-H55-2.1X50L,false,true,RECONCILIATION_REQUIRED,mapped_inactive,false
5470,TT-DR-H55-2.2X50L,false,true,true,true,true,002124,TT-DR-H55-2.2X50L,false,true,RECONCILIATION_REQUIRED,mapped_inactive,false
5471,TT-DR-H55-2.3X50L,false,true,true,true,true,002123,TT-DR-H55-2.3X50L,false,true,RECONCILIATION_REQUIRED,mapped_inactive,false
5472,TT-DR-H55-2.4X50L,false,true,true,false,false,,,,true,UNMAPPED,,false
5473,TT-DR-H55-2.5X50L,false,true,true,false,false,,,,true,UNMAPPED,,false
5474,TT-DR-H55-2.6X50L,false,true,true,false,false,,,,true,UNMAPPED,,false
5475,TT-DR-H55-2.7X50L,false,true,true,false,false,,,,true,UNMAPPED,,false
5476,TT-DR-H55-2.8X50L,false,true,true,false,false,,,,true,UNMAPPED,,false
5477,TT-DR-H55-2.9X50L,false,true,true,false,false,,,,true,UNMAPPED,,false
5478,TT-DR-H55-20X131L,false,true,true,false,false,,,,true,UNMAPPED,,false
5479,TT-DR-H55-2X50L,false,true,true,false,false,,,,true,UNMAPPED,,false
5480,TT-DR-H55-3.1X60L,false,true,true,false,false,,,,true,UNMAPPED,,false
5481,TT-DR-H55-3.2X60L,false,true,true,false,false,,,,true,UNMAPPED,,false
5482,TT-DR-H55-3.3X60L,false,true,true,false,false,,,,true,UNMAPPED,,false
5483,TT-DR-H55-3.4X60L,false,true,true,false,false,,,,true,UNMAPPED,,false
5484,TT-DR-H55-3.5X60L,false,true,true,false,false,,,,true,UNMAPPED,,false
5485,TT-DR-H55-3.6X60L,false,true,true,false,false,,,,true,UNMAPPED,,false
5486,TT-DR-H55-3.7X60L,false,true,true,false,false,,,,true,UNMAPPED,,false
5487,TT-DR-H55-3.8X60L,false,true,true,false,false,,,,true,UNMAPPED,,false
5488,TT-DR-H55-3.9X60L,false,true,true,false,false,,,,true,UNMAPPED,,false
5489,TT-DR-H55-3X60L,false,true,true,false,false,,,,true,UNMAPPED,,false
5490,TT-DR-H55-4.1X62L,false,true,true,false,false,,,,true,UNMAPPED,,false
5491,TT-DR-H55-4.2X62L,false,true,true,false,false,,,,true,UNMAPPED,,false
5492,TT-DR-H55-4.3X62L,false,true,true,false,false,,,,true,UNMAPPED,,false
5493,TT-DR-H55-4.4X62L,false,true,true,false,false,,,,true,UNMAPPED,,false
5494,TT-DR-H55-4.5X62L,false,true,true,false,false,,,,true,UNMAPPED,,false
5495,TT-DR-H55-4.6X62L,false,true,true,false,false,,,,true,UNMAPPED,,false
5496,TT-DR-H55-4.7X62L,false,true,true,false,false,,,,true,UNMAPPED,,false
5497,TT-DR-H55-4.8X62L,false,true,true,false,false,,,,true,UNMAPPED,,false
5498,TT-DR-H55-4.9X62L,false,true,true,false,false,,,,true,UNMAPPED,,false
5499,TT-DR-H55-4X60L,false,true,true,false,false,,,,true,UNMAPPED,,false
5500,TT-DR-H55-5.1X62L,false,true,true,false,false,,,,true,UNMAPPED,,false
5501,TT-DR-H55-5.2X66L,false,true,true,false,false,,,,true,UNMAPPED,,false
5502,TT-DR-H55-5.3X66L,false,true,true,false,false,,,,true,UNMAPPED,,false
5503,TT-DR-H55-5.4X66L,false,true,true,false,false,,,,true,UNMAPPED,,false
5504,TT-DR-H55-5.5X66L,false,true,true,false,false,,,,true,UNMAPPED,,false
5505,TT-DR-H55-5.6X66L,false,true,true,false,false,,,,true,UNMAPPED,,false
5506,TT-DR-H55-5.7X66L,false,true,true,false,false,,,,true,UNMAPPED,,false
5507,TT-DR-H55-5.8X66L,false,true,true,false,false,,,,true,UNMAPPED,,false
5508,TT-DR-H55-5.9X66L,false,true,true,false,false,,,,true,UNMAPPED,,false
5509,TT-DR-H55-5X62L,false,true,true,false,false,,,,true,UNMAPPED,,false
5510,TT-DR-H55-6.1X66L,false,true,true,false,false,,,,true,UNMAPPED,,false
5511,TT-DR-H55-6.2X74L,false,true,true,false,false,,,,true,UNMAPPED,,false
5512,TT-DR-H55-6.3X74L,false,true,true,false,false,,,,true,UNMAPPED,,false
5513,TT-DR-H55-6.4X74L,false,true,true,false,false,,,,true,UNMAPPED,,false
5514,TT-DR-H55-6.5X74L,false,true,true,false,false,,,,true,UNMAPPED,,false
5515,TT-DR-H55-6.6X74L,false,true,true,false,false,,,,true,UNMAPPED,,false
5516,TT-DR-H55-6.7X74L,false,true,true,false,false,,,,true,UNMAPPED,,false
5517,TT-DR-H55-6.8X74L,false,true,true,false,false,,,,true,UNMAPPED,,false
5518,TT-DR-H55-6.9X74L,false,true,true,false,false,,,,true,UNMAPPED,,false
5519,TT-DR-H55-6X66L,false,true,true,false,false,,,,true,UNMAPPED,,false
5520,TT-DR-H55-7.1X74L,false,true,true,false,false,,,,true,UNMAPPED,,false
5521,TT-DR-H55-7.2X74L,false,true,true,false,false,,,,true,UNMAPPED,,false
5522,TT-DR-H55-7.3X74L,false,true,true,false,false,,,,true,UNMAPPED,,false
5523,TT-DR-H55-7.4X74L,false,true,true,false,false,,,,true,UNMAPPED,,false
5524,TT-DR-H55-7.5X79L,false,true,true,false,false,,,,true,UNMAPPED,,false
5525,TT-DR-H55-7.6X79L,false,true,true,false,false,,,,true,UNMAPPED,,false
5526,TT-DR-H55-7.7X79L,false,true,true,false,false,,,,true,UNMAPPED,,false
5527,TT-DR-H55-7.8X79L,false,true,true,false,false,,,,true,UNMAPPED,,false
5528,TT-DR-H55-7.9X79L,false,true,true,false,false,,,,true,UNMAPPED,,false
5529,TT-DR-H55-7X74L,false,true,true,false,false,,,,true,UNMAPPED,,false
5530,TT-DR-H55-8.1X79L,false,true,true,false,false,,,,true,UNMAPPED,,false
5531,TT-DR-H55-8.2X79L,false,true,true,false,false,,,,true,UNMAPPED,,false
5532,TT-DR-H55-8.3X79L,false,true,true,false,false,,,,true,UNMAPPED,,false
5533,TT-DR-H55-8.4X79L,false,true,true,false,false,,,,true,UNMAPPED,,false
5534,TT-DR-H55-8.5X84L,false,true,true,false,false,,,,true,UNMAPPED,,false
5535,TT-DR-H55-8.6X84L,false,true,true,false,false,,,,true,UNMAPPED,,false
5536,TT-DR-H55-8.7X84L,false,true,true,false,false,,,,true,UNMAPPED,,false
5537,TT-DR-H55-8.8X84L,false,true,true,false,false,,,,true,UNMAPPED,,false
5538,TT-DR-H55-8.9X84L,false,true,true,false,false,,,,true,UNMAPPED,,false
5539,TT-DR-H55-8X79L,false,true,true,false,false,,,,true,UNMAPPED,,false
5540,TT-DR-H55-9.1X84L,false,true,true,false,false,,,,true,UNMAPPED,,false
5541,TT-DR-H55-9.2X84L,false,true,true,false,false,,,,true,UNMAPPED,,false
5542,TT-DR-H55-9.3X84L,false,true,true,false,false,,,,true,UNMAPPED,,false
5543,TT-DR-H55-9.4X84L,false,true,true,false,false,,,,true,UNMAPPED,,false
5544,TT-DR-H55-9.5X89L,false,true,true,true,true,002122,TT-DR-H55-9.5X89L,false,true,RECONCILIATION_REQUIRED,mapped_inactive,false
5545,TT-DR-H55-9.6X89L,false,true,true,false,false,,,,true,UNMAPPED,,false
5546,TT-DR-H55-9.7X89L,false,true,true,false,false,,,,true,UNMAPPED,,false
5547,TT-DR-H55-9.8X89L,false,true,true,true,true,002121,TT-DR-H55-9.8X89L,false,true,RECONCILIATION_REQUIRED,mapped_inactive,false
5548,TT-DR-H55-9.9X89L,false,true,true,true,true,002120,TT-DR-H55-9.9X89L,false,true,RECONCILIATION_REQUIRED,mapped_inactive,false
5549,TT-DR-H55-9X84L,false,true,true,true,true,002119,TT-DR-H55-9X84L,false,true,RECONCILIATION_REQUIRED,mapped_inactive,false
5550,TT-EM-H55-0.2X4DX50L-2T,false,true,true,false,false,,,,true,UNMAPPED,,false
5551,TT-EM-H55-0.3X4DX50L-2T,false,true,true,true,true,002118,TT-EM-H55-0.3X4DX50L-2T,false,true,RECONCILIATION_REQUIRED,mapped_inactive,false
5552,TT-EM-H55-0.4X4DX50L-2T,false,true,true,false,false,,,,true,UNMAPPED,,false
5553,TT-EM-H55-0.5X3DX50L-2T,false,true,true,false,false,,,,true,UNMAPPED,,false
5554,TT-EM-H55-0.6X3DX50L-2T,false,true,true,false,false,,,,true,UNMAPPED,,false
5555,TT-EM-H55-0.7X3DX50L-2T,false,true,true,true,true,002117,TT-EM-H55-0.7X3DX50L-2T,false,true,RECONCILIATION_REQUIRED,mapped_inactive,false
5556,TT-EM-H55-0.8X3DX50L-2T,false,true,true,true,true,002116,TT-EM-H55-0.8X3DX50L-2T,false,true,RECONCILIATION_REQUIRED,mapped_inactive,false
5557,TT-EM-H55-1.5X4DX50L-2T,false,true,true,true,true,002115,TT-EM-H55-1.5X4DX50L-2T,false,true,RECONCILIATION_REQUIRED,mapped_inactive,false
5558,TT-EM-H55-1.5X4DX50L-4T,false,true,true,true,true,002114,TT-EM-H55-1.5X4DX50L-4T,false,true,RECONCILIATION_REQUIRED,mapped_inactive,false
5559,TT-EM-H55-1.5X4DX75L-4T,false,true,true,false,false,,,,true,UNMAPPED,,false
5560,TT-EM-H55-1.5X6DX50L-4T,false,true,true,true,true,002113,TT-EM-H55-1.5X6DX50L-4T,false,true,RECONCILIATION_REQUIRED,mapped_inactive,false
5561,TT-EM-H55-10X10DX100L-3F,false,true,true,false,false,,,,true,UNMAPPED,,false
5562,TT-EM-H55-10X10DX100L-4T,false,true,true,true,true,002112,TT-EM-H55-10X10DX100L-4T,false,true,RECONCILIATION_REQUIRED,mapped_inactive,false
5563,TT-EM-H55-10X10DX150L-3F,false,true,true,false,false,,,,true,UNMAPPED,,false
5564,TT-EM-H55-10X10DX150L-4T,false,true,true,true,true,002111,TT-EM-H55-10X10DX150L-4T,false,true,RECONCILIATION_REQUIRED,mapped_inactive,false
5565,TT-EM-H55-10X10DX200L-4T,false,true,true,false,false,,,,true,UNMAPPED,,false
5566,TT-EM-H55-10X10DX75L-2T,false,true,true,false,false,,,,true,UNMAPPED,,false
5567,TT-EM-H55-10X10DX75L-4T,false,true,true,false,false,,,,true,UNMAPPED,,false
5568,TT-EM-H55-10X10DX75L-6T,false,true,true,false,false,,,,true,UNMAPPED,,false
5569,TT-EM-H55-11X11DX75L-4T,false,true,true,false,false,,,,true,UNMAPPED,,false
5570,TT-EM-H55-12X12DX100L-3F,false,true,true,false,false,,,,true,UNMAPPED,,false
5571,TT-EM-H55-12X12DX100L-4T,false,true,true,false,false,,,,true,UNMAPPED,,false
5572,TT-EM-H55-12X12DX150L-3F,false,true,true,false,false,,,,true,UNMAPPED,,false
5573,TT-EM-H55-12X12DX150L-4T,false,true,true,false,false,,,,true,UNMAPPED,,false
5574,TT-EM-H55-12X12DX200L-4T,false,true,true,false,false,,,,true,UNMAPPED,,false
5575,TT-EM-H55-12X12DX75L-2T,false,true,true,false,false,,,,true,UNMAPPED,,false
5576,TT-EM-H55-12X12DX75L-4T,false,true,true,false,false,,,,true,UNMAPPED,,false
5577,TT-EM-H55-12X12DX75L-6T,false,true,true,false,false,,,,true,UNMAPPED,,false
5578,TT-EM-H55-13X13DX100L-4T,false,true,true,true,true,002110,TT-EM-H55-13X13DX100L-4T,false,true,RECONCILIATION_REQUIRED,mapped_inactive,false
5579,TT-EM-H55-14X14DX100L-2T,false,true,true,true,true,002109,TT-EM-H55-14X14DX100L-2T,false,true,RECONCILIATION_REQUIRED,mapped_inactive,false
5580,TT-EM-H55-14X14DX100L-4T,false,true,true,true,true,002108,TT-EM-H55-14X14DX100L-4T,false,true,RECONCILIATION_REQUIRED,mapped_inactive,false
5581,TT-EM-H55-14X14DX100L-6T,false,true,true,true,true,002107,TT-EM-H55-14X14DX100L-6T,false,true,RECONCILIATION_REQUIRED,mapped_inactive,false
5582,TT-EM-H55-14X14DX150L-3F,false,true,true,true,true,002106,TT-EM-H55-14X14DX150L-3F,false,true,RECONCILIATION_REQUIRED,mapped_inactive,false
5583,TT-EM-H55-14X14DX150L-4T,false,true,true,true,true,002105,TT-EM-H55-14X14DX150L-4T,false,true,RECONCILIATION_REQUIRED,mapped_inactive,false
5584,TT-EM-H55-14X14DX200L-4T,false,true,true,true,true,002104,TT-EM-H55-14X14DX200L-4T,false,true,RECONCILIATION_REQUIRED,mapped_inactive,false
5585,TT-EM-H55-15X15DX100L-4T,false,true,true,true,true,002103,TT-EM-H55-15X15DX100L-4T,false,true,RECONCILIATION_REQUIRED,mapped_inactive,false
5586,TT-EM-H55-16X16DX100L-2T,false,true,true,true,true,002102,TT-EM-H55-16X16DX100L-2T,false,true,RECONCILIATION_REQUIRED,mapped_inactive,false
5587,TT-EM-H55-16X16DX100L-4T,false,true,true,true,true,002101,TT-EM-H55-16X16DX100L-4T,false,true,RECONCILIATION_REQUIRED,mapped_inactive,false
5588,TT-EM-H55-16X16DX100L-6T,false,true,true,true,true,002100,TT-EM-H55-16X16DX100L-6T,false,true,RECONCILIATION_REQUIRED,mapped_inactive,false
5589,TT-EM-H55-16X16DX150L-3F,false,true,true,true,true,002099,TT-EM-H55-16X16DX150L-3F,false,true,RECONCILIATION_REQUIRED,mapped_inactive,false
5590,TT-EM-H55-16X16DX150L-4T,false,true,true,true,true,002098,TT-EM-H55-16X16DX150L-4T,false,true,RECONCILIATION_REQUIRED,mapped_inactive,false
5591,TT-EM-H55-16X16DX200L-4T,false,true,true,true,true,002097,TT-EM-H55-16X16DX200L-4T,false,true,RECONCILIATION_REQUIRED,mapped_inactive,false
5592,TT-EM-H55-17X17DX100L-4T,false,true,true,true,true,002096,TT-EM-H55-17X17DX100L-4T,false,true,RECONCILIATION_REQUIRED,mapped_inactive,false
5593,TT-EM-H55-18X18DX100L-2T,false,true,true,true,true,002095,TT-EM-H55-18X18DX100L-2T,false,true,RECONCILIATION_REQUIRED,mapped_inactive,false
5594,TT-EM-H55-18X18DX100L-4T,false,true,true,true,true,002094,TT-EM-H55-18X18DX100L-4T,false,true,RECONCILIATION_REQUIRED,mapped_inactive,false
5595,TT-EM-H55-18X18DX100L-6T,false,true,true,true,true,002093,TT-EM-H55-18X18DX100L-6T,false,true,RECONCILIATION_REQUIRED,mapped_inactive,false
5596,TT-EM-H55-18X18DX150L-3F,false,true,true,true,true,002092,TT-EM-H55-18X18DX150L-3F,false,true,RECONCILIATION_REQUIRED,mapped_inactive,false
5597,TT-EM-H55-18X18DX150L-4T,false,true,true,true,true,002091,TT-EM-H55-18X18DX150L-4T,false,true,RECONCILIATION_REQUIRED,mapped_inactive,false
5598,TT-EM-H55-18X18DX200L-4T,false,true,true,true,true,002090,TT-EM-H55-18X18DX200L-4T,false,true,RECONCILIATION_REQUIRED,mapped_inactive,false
5599,TT-EM-H55-19X19DX100L-4T,false,true,true,true,true,002089,TT-EM-H55-19X19DX100L-4T,false,true,RECONCILIATION_REQUIRED,mapped_inactive,false
5600,TT-EM-H55-1X4DX50L-2T,false,true,true,true,true,002088,TT-EM-H55-1X4DX50L-2T,false,true,RECONCILIATION_REQUIRED,mapped_inactive,false
5601,TT-EM-H55-1X4DX50L-3F,false,true,true,true,true,002087,TT-EM-H55-1X4DX50L-3F,false,true,RECONCILIATION_REQUIRED,mapped_inactive,false
5602,TT-EM-H55-1X4DX50L-4T,false,true,true,true,true,002086,TT-EM-H55-1X4DX50L-4T,false,true,RECONCILIATION_REQUIRED,mapped_inactive,false
5603,TT-EM-H55-1X4DX75L-4T,false,true,true,true,true,002085,TT-EM-H55-1X4DX75L-4T,false,true,RECONCILIATION_REQUIRED,mapped_inactive,false
5604,TT-EM-H55-1X6DX50L-4T,false,true,true,true,true,002084,TT-EM-H55-1X6DX50L-4T,false,true,RECONCILIATION_REQUIRED,mapped_inactive,false
5605,TT-EM-H55-2.5X2.5DX50L-4T,false,true,true,false,false,,,,true,UNMAPPED,,false
5606,TT-EM-H55-2.5X2.5DX75L-4T,false,true,true,true,true,002083,TT-EM-H55-2.5X2.5DX75L-4T,false,true,RECONCILIATION_REQUIRED,mapped_inactive,false
5607,TT-EM-H55-2.5X4DX50L-2T,false,true,true,false,false,,,,true,UNMAPPED,,false
5608,TT-EM-H55-2.5X4DX50L-4T,false,true,true,false,false,,,,true,UNMAPPED,,false
5609,TT-EM-H55-2.5X6DX50L-4T,false,true,true,false,false,,,,true,UNMAPPED,,false
5610,TT-EM-H55-20X20DX100L-2T,false,true,true,false,false,,,,true,UNMAPPED,,false
5611,TT-EM-H55-20X20DX100L-3F,false,true,true,true,true,002082,TT-EM-H55-20X20DX100L-3F,false,true,RECONCILIATION_REQUIRED,mapped_inactive,false
5612,TT-EM-H55-20X20DX100L-4T,false,true,true,false,false,,,,true,UNMAPPED,,false
5613,TT-EM-H55-20X20DX100L-6T,false,true,true,false,false,,,,true,UNMAPPED,,false
5614,TT-EM-H55-20X20DX150L-3F,false,true,true,true,true,002081,TT-EM-H55-20X20DX150L-3F,false,true,RECONCILIATION_REQUIRED,mapped_inactive,false
5615,TT-EM-H55-20X20DX150L-4T,false,true,true,false,false,,,,true,UNMAPPED,,false
5616,TT-EM-H55-20X20DX200L-4T,false,true,true,false,false,,,,true,UNMAPPED,,false
5617,TT-EM-H55-21X21DX100L-4F,false,true,true,false,false,,,,true,UNMAPPED,,false
5618,TT-EM-H55-22X22DX100L-4F,false,true,true,false,false,,,,true,UNMAPPED,,false
5619,TT-EM-H55-23X23DX100L-4F,false,true,true,true,true,002080,TT-EM-H55-23X23DX100L-4F,false,true,RECONCILIATION_REQUIRED,mapped_inactive,false
5620,TT-EM-H55-24X24DX100L-4F,false,true,true,false,false,,,,true,UNMAPPED,,false
5621,TT-EM-H55-25X25DX120L-4F,false,true,true,false,false,,,,true,UNMAPPED,,false
5622,TT-EM-H55-25X25DX150L-4T,false,true,true,false,false,,,,true,UNMAPPED,,false
5623,TT-EM-H55-25X25DX200L-4T,false,true,true,true,true,002079,TT-EM-H55-25X25DX200L-4T,false,true,RECONCILIATION_REQUIRED,mapped_inactive,false
5624,TT-EM-H55-26X26DX120L-4F,false,true,true,false,false,,,,true,UNMAPPED,,false
5625,TT-EM-H55-28X28DX120L-4F,false,true,true,false,false,,,,true,UNMAPPED,,false
5626,TT-EM-H55-29X29DX120L-4F,false,true,true,false,false,,,,true,UNMAPPED,,false
5627,TT-EM-H55-2X2DX50L-4T,false,true,true,false,false,,,,true,UNMAPPED,,false
5628,TT-EM-H55-2X2DX75L-4T,false,true,true,false,false,,,,true,UNMAPPED,,false
5629,TT-EM-H55-2X4DX50L-2T,false,true,true,false,false,,,,true,UNMAPPED,,false
5630,TT-EM-H55-2X4DX50L-4T,false,true,true,false,false,,,,true,UNMAPPED,,false
5631,TT-EM-H55-2X4DX75L-4T,false,true,true,false,false,,,,true,UNMAPPED,,false
5632,TT-EM-H55-2X6DX50L-4T,false,true,true,false,false,,,,true,UNMAPPED,,false
5633,TT-EM-H55-3.5X3.5DX50L-4T,false,true,true,true,true,002078,TT-EM-H55-3.5X3.5DX50L-4T,false,true,RECONCILIATION_REQUIRED,mapped_inactive,false
5634,TT-EM-H55-30X30DX120L-4F,false,true,true,false,false,,,,true,UNMAPPED,,false
5635,TT-EM-H55-32X32DX120L-4F,false,true,true,false,false,,,,true,UNMAPPED,,false
5636,TT-EM-H55-35X35DX120L-4F,false,true,true,false,false,,,,true,UNMAPPED,,false
5637,TT-EM-H55-3X3DX100L-3F,false,true,true,false,false,,,,true,UNMAPPED,,false
5638,TT-EM-H55-3X3DX100L-4T,false,true,true,false,false,,,,true,UNMAPPED,,false
5639,TT-EM-H55-3X3DX50L-2T,false,true,true,false,false,,,,true,UNMAPPED,,false
5640,TT-EM-H55-3X3DX50L-4T,false,true,true,false,false,,,,true,UNMAPPED,,false
5641,TT-EM-H55-3X3DX75L-3F,false,true,true,false,false,,,,true,UNMAPPED,,false
5642,TT-EM-H55-3X3DX75L-4T,false,true,true,false,false,,,,true,UNMAPPED,,false
5643,TT-EM-H55-3X6DX50L-4T,false,true,true,false,false,,,,true,UNMAPPED,,false
5644,TT-EM-H55-3X6DX75L-4T,false,true,true,false,false,,,,true,UNMAPPED,,false
5645,TT-EM-H55-4.5X4.5DX50L-4T,false,true,true,false,false,,,,true,UNMAPPED,,false
5646,TT-EM-H55-4X4DX100L-3F,false,true,true,true,true,002077,TT-EM-H55-4X4DX100L-3F,false,true,RECONCILIATION_REQUIRED,mapped_inactive,false
5647,TT-EM-H55-4X4DX100L-4T,false,true,true,false,false,,,,true,UNMAPPED,,false
5648,TT-EM-H55-4X4DX50L-2T,false,true,true,false,false,,,,true,UNMAPPED,,false
5649,TT-EM-H55-4X4DX50L-4T,false,true,true,false,false,,,,true,UNMAPPED,,false
5650,TT-EM-H55-4X4DX75L-3F,false,true,true,false,false,,,,true,UNMAPPED,,false
5651,TT-EM-H55-4X4DX75L-4T,false,true,true,false,false,,,,true,UNMAPPED,,false
5652,TT-EM-H55-4X6DX50L-4T,false,true,true,true,true,002076,TT-EM-H55-4X6DX50L-4T,false,true,RECONCILIATION_REQUIRED,mapped_inactive,false
5653,TT-EM-H55-4X6DX75L-4T,false,true,true,false,false,,,,true,UNMAPPED,,false
5654,TT-EM-H55-5.5X6DX50L-4T,false,true,true,false,false,,,,true,UNMAPPED,,false
5655,TT-EM-H55-5X5DX100L-3F,false,true,true,false,false,,,,true,UNMAPPED,,false
5656,TT-EM-H55-5X5DX100L-4T,false,true,true,true,true,002075,TT-EM-H55-5X5DX100L-4T,false,true,RECONCILIATION_REQUIRED,mapped_inactive,false
5657,TT-EM-H55-5X5DX150L-4T,false,true,true,true,true,002074,TT-EM-H55-5X5DX150L-4T,false,true,RECONCILIATION_REQUIRED,mapped_inactive,false
5658,TT-EM-H55-5X5DX50L-2T,false,true,true,true,true,002073,TT-EM-H55-5X5DX50L-2T,false,true,RECONCILIATION_REQUIRED,mapped_inactive,false
5659,TT-EM-H55-5X5DX50L-4T,false,true,true,true,true,002072,TT-EM-H55-5X5DX50L-4T,false,true,RECONCILIATION_REQUIRED,mapped_inactive,false
5660,TT-EM-H55-5X5DX75L-3F,false,true,true,true,true,002071,TT-EM-H55-5X5DX75L-3F,false,true,RECONCILIATION_REQUIRED,mapped_inactive,false
5661,TT-EM-H55-5X5DX75L-4T,false,true,true,true,true,002070,TT-EM-H55-5X5DX75L-4T,false,true,RECONCILIATION_REQUIRED,mapped_inactive,false
5662,TT-EM-H55-5X6DX50L-4T,false,true,true,true,true,002069,TT-EM-H55-5X6DX50L-4T,false,true,RECONCILIATION_REQUIRED,mapped_inactive,false
5663,TT-EM-H55-6X6DX100L-3F,false,true,true,true,true,002068,TT-EM-H55-6X6DX100L-3F,false,true,RECONCILIATION_REQUIRED,mapped_inactive,false
5664,TT-EM-H55-6X6DX100L-4T,false,true,true,true,true,002067,TT-EM-H55-6X6DX100L-4T,false,true,RECONCILIATION_REQUIRED,mapped_inactive,false
5665,TT-EM-H55-6X6DX150L-3F,false,true,true,true,true,002066,TT-EM-H55-6X6DX150L-3F,false,true,RECONCILIATION_REQUIRED,mapped_inactive,false
5666,TT-EM-H55-6X6DX150L-4T,false,true,true,true,true,002065,TT-EM-H55-6X6DX150L-4T,false,true,RECONCILIATION_REQUIRED,mapped_inactive,false
5667,TT-EM-H55-6X6DX50L-2T,false,true,true,true,true,002064,TT-EM-H55-6X6DX50L-2T,false,true,RECONCILIATION_REQUIRED,mapped_inactive,false
5668,TT-EM-H55-6X6DX50L-4T,false,true,true,true,true,002063,TT-EM-H55-6X6DX50L-4T,false,true,RECONCILIATION_REQUIRED,mapped_inactive,false
5669,TT-EM-H55-6X6DX50L-6T,false,true,true,true,true,002062,TT-EM-H55-6X6DX50L-6T,false,true,RECONCILIATION_REQUIRED,mapped_inactive,false
5670,TT-EM-H55-6X6DX75L-3F,false,true,true,true,true,002061,TT-EM-H55-6X6DX75L-3F,false,true,RECONCILIATION_REQUIRED,mapped_inactive,false
5671,TT-EM-H55-6X6DX75L-4T,false,true,true,true,true,002060,TT-EM-H55-6X6DX75L-4T,false,true,RECONCILIATION_REQUIRED,mapped_inactive,false
5672,TT-EM-H55-7X7DX100L-4T,false,true,true,true,true,002059,TT-EM-H55-7X7DX100L-4T,false,true,RECONCILIATION_REQUIRED,mapped_inactive,false
5673,TT-EM-H55-7X7DX60L-4T,false,true,true,true,true,002058,TT-EM-H55-7X7DX60L-4T,false,true,RECONCILIATION_REQUIRED,mapped_inactive,false
5674,TT-EM-H55-8X8DX100L-3F,false,true,true,true,true,002057,TT-EM-H55-8X8DX100L-3F,false,true,RECONCILIATION_REQUIRED,mapped_inactive,false
5675,TT-EM-H55-8X8DX100L-4T,false,true,true,true,true,002056,TT-EM-H55-8X8DX100L-4T,false,true,RECONCILIATION_REQUIRED,mapped_inactive,false
5676,TT-EM-H55-8X8DX150L-3F,false,true,true,true,true,002055,TT-EM-H55-8X8DX150L-3F,false,true,RECONCILIATION_REQUIRED,mapped_inactive,false
5677,TT-EM-H55-8X8DX150L-4T,false,true,true,true,true,002054,TT-EM-H55-8X8DX150L-4T,false,true,RECONCILIATION_REQUIRED,mapped_inactive,false
5678,TT-EM-H55-8X8DX200L-4T,false,true,true,true,true,002053,TT-EM-H55-8X8DX200L-4T,false,true,RECONCILIATION_REQUIRED,mapped_inactive,false
5679,TT-EM-H55-8X8DX60L-2T,false,true,true,true,true,002052,TT-EM-H55-8X8DX60L-2T,false,true,RECONCILIATION_REQUIRED,mapped_inactive,false
5680,TT-EM-H55-8X8DX60L-4T,false,true,true,true,true,002051,TT-EM-H55-8X8DX60L-4T,false,true,RECONCILIATION_REQUIRED,mapped_inactive,false
5681,TT-EM-H55-8X8DX60L-6T,false,true,true,true,true,002050,TT-EM-H55-8X8DX60L-6T,false,true,RECONCILIATION_REQUIRED,mapped_inactive,false
5682,TT-EM-H55-8X8DX75L-4T,false,true,true,true,true,002049,TT-EM-H55-8X8DX75L-4T,false,true,RECONCILIATION_REQUIRED,mapped_inactive,false
5683,TT-EM-H55-9X9DX100L-4T,false,true,true,true,true,002048,TT-EM-H55-9X9DX100L-4T,false,true,RECONCILIATION_REQUIRED,mapped_inactive,false
5684,TT-EM-H55-9X9DX75L-4T,false,true,true,true,true,002047,TT-EM-H55-9X9DX75L-4T,false,true,RECONCILIATION_REQUIRED,mapped_inactive,false
5685,TT-EM-H65-1.5X4DX50L-4T,false,true,true,true,true,002046,TT-EM-H65-1.5X4DX50L-4T,false,true,RECONCILIATION_REQUIRED,mapped_inactive,false
5686,TT-EM-H65-10X10DX100L-4T,false,true,true,true,true,002045,TT-EM-H65-10X10DX100L-4T,false,true,RECONCILIATION_REQUIRED,mapped_inactive,false
5687,TT-EM-H65-10X10DX150L-4T,false,true,true,true,true,002044,TT-EM-H65-10X10DX150L-4T,false,true,RECONCILIATION_REQUIRED,mapped_inactive,false
5688,TT-EM-H65-10X10DX75L-4T,false,true,true,true,true,002043,TT-EM-H65-10X10DX75L-4T,false,true,RECONCILIATION_REQUIRED,mapped_inactive,false
5689,TT-EM-H65-12X12DX100L-4T,false,true,true,true,true,002042,TT-EM-H65-12X12DX100L-4T,false,true,RECONCILIATION_REQUIRED,mapped_inactive,false
5690,TT-EM-H65-12X12DX150L-4T,false,true,true,true,true,002041,TT-EM-H65-12X12DX150L-4T,false,true,RECONCILIATION_REQUIRED,mapped_inactive,false
5691,TT-EM-H65-12X12DX75L-4T,false,true,true,true,true,002040,TT-EM-H65-12X12DX75L-4T,false,true,RECONCILIATION_REQUIRED,mapped_inactive,false
5692,TT-EM-H65-14X14DX100L-4T,false,true,true,true,true,002039,TT-EM-H65-14X14DX100L-4T,false,true,RECONCILIATION_REQUIRED,mapped_inactive,false
5693,TT-EM-H65-14X14DX150L-4T,false,true,true,true,true,002038,TT-EM-H65-14X14DX150L-4T,false,true,RECONCILIATION_REQUIRED,mapped_inactive,false
5694,TT-EM-H65-16X16DX100L-4T,false,true,true,true,true,002037,TT-EM-H65-16X16DX100L-4T,false,true,RECONCILIATION_REQUIRED,mapped_inactive,false
5695,TT-EM-H65-16X16DX150L-4T,false,true,true,true,true,002036,TT-EM-H65-16X16DX150L-4T,false,true,RECONCILIATION_REQUIRED,mapped_inactive,false
5696,TT-EM-H65-18X18DX100L-4T,false,true,true,true,true,002035,TT-EM-H65-18X18DX100L-4T,false,true,RECONCILIATION_REQUIRED,mapped_inactive,false
5697,TT-EM-H65-18X18DX150L-4T,false,true,true,true,true,002034,TT-EM-H65-18X18DX150L-4T,false,true,RECONCILIATION_REQUIRED,mapped_inactive,false
5698,TT-EM-H65-1X4DX50L-4T,false,true,true,true,true,002033,TT-EM-H65-1X4DX50L-4T,false,true,RECONCILIATION_REQUIRED,mapped_inactive,false
5699,TT-EM-H65-2.5X4DX50L-4T,false,true,true,true,true,002032,TT-EM-H65-2.5X4DX50L-4T,false,true,RECONCILIATION_REQUIRED,mapped_inactive,false
5700,TT-EM-H65-20X20DX100L-4T,false,true,true,true,true,002031,TT-EM-H65-20X20DX100L-4T,false,true,RECONCILIATION_REQUIRED,mapped_inactive,false
5701,TT-EM-H65-20X20DX150L-4T,false,true,true,true,true,002030,TT-EM-H65-20X20DX150L-4T,false,true,RECONCILIATION_REQUIRED,mapped_inactive,false
5702,TT-EM-H65-2X4DX50L-4T,false,true,true,true,true,002029,TT-EM-H65-2X4DX50L-4T,false,true,RECONCILIATION_REQUIRED,mapped_inactive,false
5703,TT-EM-H65-3X3DX100L-4T,false,true,true,true,true,002028,TT-EM-H65-3X3DX100L-4T,false,true,RECONCILIATION_REQUIRED,mapped_inactive,false
5704,TT-EM-H65-3X3DX50L-4T,false,true,true,true,true,002027,TT-EM-H65-3X3DX50L-4T,false,true,RECONCILIATION_REQUIRED,mapped_inactive,false
5705,TT-EM-H65-4X4DX100L-4T,false,true,true,true,true,002026,TT-EM-H65-4X4DX100L-4T,false,true,RECONCILIATION_REQUIRED,mapped_inactive,false
5706,TT-EM-H65-4X4DX50L-4T,false,true,true,true,true,002025,TT-EM-H65-4X4DX50L-4T,false,true,RECONCILIATION_REQUIRED,mapped_inactive,false
5707,TT-EM-H65-5X5DX100L-4T,false,true,true,true,true,002024,TT-EM-H65-5X5DX100L-4T,false,true,RECONCILIATION_REQUIRED,mapped_inactive,false
5708,TT-EM-H65-5X5DX50L-4T,false,true,true,true,true,002023,TT-EM-H65-5X5DX50L-4T,false,true,RECONCILIATION_REQUIRED,mapped_inactive,false
5709,TT-EM-H65-6X6DX100L-4T,false,true,true,true,true,002022,TT-EM-H65-6X6DX100L-4T,false,true,RECONCILIATION_REQUIRED,mapped_inactive,false
5710,TT-EM-H65-6X6DX50L-4T,false,true,true,true,true,002021,TT-EM-H65-6X6DX50L-4T,false,true,RECONCILIATION_REQUIRED,mapped_inactive,false
5711,TT-EM-H65-8X8DX100L-4T,false,true,true,true,true,002020,TT-EM-H65-8X8DX100L-4T,false,true,RECONCILIATION_REQUIRED,mapped_inactive,false
5712,TT-EM-H65-8X8DX60L-4T,false,true,true,false,false,,,,true,UNMAPPED,,false
5713,TT-LN-H55-1.5X4DX50L-LC12,false,true,true,false,false,,,,true,UNMAPPED,,false
5714,TT-LN-H55-1.5X4DX50L-LC20,false,true,true,false,false,,,,true,UNMAPPED,,false
5715,TT-LN-H55-1X4DX50L-LC12,false,true,true,false,false,,,,true,UNMAPPED,,false
5716,TT-LN-H55-1X4DX50L-LC20,false,true,true,true,true,002019,TT-LN-H55-1X4DX50L-LC20,false,true,RECONCILIATION_REQUIRED,mapped_inactive,false
5717,TT-LN-H55-2.5X4DX50L-LC20,false,true,true,false,false,,,,true,UNMAPPED,,false
5718,TT-LN-H55-2.5X6DX75L-LC30,false,true,true,true,true,002018,TT-LN-H55-2.5X6DX75L-LC30,false,true,RECONCILIATION_REQUIRED,mapped_inactive,false
5719,TT-LN-H55-2X4DX50L-LC12,false,true,true,false,false,,,,true,UNMAPPED,,false
5720,TT-LN-H55-2X4DX50L-LC20,false,true,true,true,true,002017,TT-LN-H55-2X4DX50L-LC20,false,true,RECONCILIATION_REQUIRED,mapped_inactive,false
5721,TT-LN-H55-2X6DX50L-LC20,false,true,true,true,true,002016,TT-LN-H55-2X6DX50L-LC20,false,true,RECONCILIATION_REQUIRED,mapped_inactive,false
5722,TT-LN-H55-2X6DX75L-LC30,false,true,true,false,false,,,,true,UNMAPPED,,false
5723,TT-LN-H55-3X4DX50L-LC20,false,true,true,false,false,,,,true,UNMAPPED,,false
5724,TT-LN-H55-3X6DX50L-LC20,false,true,true,false,false,,,,true,UNMAPPED,,false
5725,TT-LN-H55-3X6DX75L-LC30,false,true,true,true,true,002015,TT-LN-H55-3X6DX75L-LC30,false,true,RECONCILIATION_REQUIRED,mapped_inactive,false
5726,TT-LN-H55-4X6DX50L-LC20,false,true,true,true,true,002014,TT-LN-H55-4X6DX50L-LC20,false,true,RECONCILIATION_REQUIRED,mapped_inactive,false
5727,TT-LN-H55-4X6DX75L-LC30,false,true,true,true,true,002013,TT-LN-H55-4X6DX75L-LC30,false,true,RECONCILIATION_REQUIRED,mapped_inactive,false
5728,TT-LNB-H55-R0.5X4DX50L-LC12,false,true,true,true,true,002012,TT-LNB-H55-R0.5X4DX50L-LC12,false,true,RECONCILIATION_REQUIRED,mapped_inactive,false
5729,TT-LNB-H55-R0.5X4DX50L-LC20,false,true,true,true,true,002011,TT-LNB-H55-R0.5X4DX50L-LC20,false,true,RECONCILIATION_REQUIRED,mapped_inactive,false
5730,TT-LNB-H55-R0.75X4DX50L-LC12,false,true,true,true,true,002010,TT-LNB-H55-R0.75X4DX50L-LC12,false,true,RECONCILIATION_REQUIRED,mapped_inactive,false
5731,TT-LNB-H55-R0.75X4DX50L-LC20,false,true,true,true,true,002009,TT-LNB-H55-R0.75X4DX50L-LC20,false,true,RECONCILIATION_REQUIRED,mapped_inactive,false
5732,TT-LNB-H55-R1.25X4DX50L-LC20,false,true,true,true,true,002008,TT-LNB-H55-R1.25X4DX50L-LC20,false,true,RECONCILIATION_REQUIRED,mapped_inactive,false
5733,TT-LNB-H55-R1.25X6DX75L-LC30,false,true,true,true,true,002007,TT-LNB-H55-R1.25X6DX75L-LC30,false,true,RECONCILIATION_REQUIRED,mapped_inactive,false
5734,TT-LNB-H55-R1.5X4DX50L-LC20,false,true,true,true,true,002006,TT-LNB-H55-R1.5X4DX50L-LC20,false,true,RECONCILIATION_REQUIRED,mapped_inactive,false
5735,TT-LNB-H55-R1.5X6DX50L-LC20,false,true,true,true,true,002005,TT-LNB-H55-R1.5X6DX50L-LC20,false,true,RECONCILIATION_REQUIRED,mapped_inactive,false
5736,TT-LNB-H55-R1.5X6DX75L-LC30,false,true,true,true,true,002004,TT-LNB-H55-R1.5X6DX75L-LC30,false,true,RECONCILIATION_REQUIRED,mapped_inactive,false
5737,TT-LNB-H55-R1X4DX50L-LC12,false,true,true,true,true,002003,TT-LNB-H55-R1X4DX50L-LC12,false,true,RECONCILIATION_REQUIRED,mapped_inactive,false
5738,TT-LNB-H55-R1X4DX50L-LC20,false,true,true,true,true,002002,TT-LNB-H55-R1X4DX50L-LC20,false,true,RECONCILIATION_REQUIRED,mapped_inactive,false
5739,TT-LNB-H55-R1X6DX50L-LC20,false,true,true,true,true,002001,TT-LNB-H55-R1X6DX50L-LC20,false,true,RECONCILIATION_REQUIRED,mapped_inactive,false
5740,TT-LNB-H55-R1X6DX75L-LC30,false,true,true,true,true,002000,TT-LNB-H55-R1X6DX75L-LC30,false,true,RECONCILIATION_REQUIRED,mapped_inactive,false
5741,TT-LNB-H55-R2X6DX50L-LC20,false,true,true,true,true,001999,TT-LNB-H55-R2X6DX50L-LC20,false,true,RECONCILIATION_REQUIRED,mapped_inactive,false
5742,TT-LNB-H55-R2X6DX75L-LC30,false,true,true,true,true,001998,TT-LNB-H55-R2X6DX75L-LC30,false,true,RECONCILIATION_REQUIRED,mapped_inactive,false
5743,TT-TR-H55-10R0.5X10DX100L-4T,false,true,true,true,true,001997,TT-TR-H55-10R0.5X10DX100L-4T,false,true,RECONCILIATION_REQUIRED,mapped_inactive,false
5744,TT-TR-H55-10R0.5X10DX150L-4T,false,true,true,true,true,001996,TT-TR-H55-10R0.5X10DX150L-4T,false,true,RECONCILIATION_REQUIRED,mapped_inactive,false
5745,TT-TR-H55-10R0.5X10DX75L-4T,false,true,true,true,true,001995,TT-TR-H55-10R0.5X10DX75L-4T,false,true,RECONCILIATION_REQUIRED,mapped_inactive,false
5746,TT-TR-H55-10R1X10DX100L-4T,false,true,true,true,true,001994,TT-TR-H55-10R1X10DX100L-4T,false,true,RECONCILIATION_REQUIRED,mapped_inactive,false
5747,TT-TR-H55-10R1X10DX150L-4T,false,true,true,true,true,001993,TT-TR-H55-10R1X10DX150L-4T,false,true,RECONCILIATION_REQUIRED,mapped_inactive,false
5748,TT-TR-H55-10R1X10DX75L-4T,false,true,true,true,true,001992,TT-TR-H55-10R1X10DX75L-4T,false,true,RECONCILIATION_REQUIRED,mapped_inactive,false
5749,TT-TR-H55-12R0.5X12DX100L-4T,false,true,true,true,true,001991,TT-TR-H55-12R0.5X12DX100L-4T,false,true,RECONCILIATION_REQUIRED,mapped_inactive,false
5750,TT-TR-H55-12R0.5X12DX150L-4T,false,true,true,true,true,001990,TT-TR-H55-12R0.5X12DX150L-4T,false,true,RECONCILIATION_REQUIRED,mapped_inactive,false
5751,TT-TR-H55-12R0.5X12DX75L-4T,false,true,true,true,true,001989,TT-TR-H55-12R0.5X12DX75L-4T,false,true,RECONCILIATION_REQUIRED,mapped_inactive,false
5752,TT-TR-H55-12R1X12DX100L-4T,false,true,true,true,true,001988,TT-TR-H55-12R1X12DX100L-4T,false,true,RECONCILIATION_REQUIRED,mapped_inactive,false
5753,TT-TR-H55-12R1X12DX150L-4T,false,true,true,true,true,001987,TT-TR-H55-12R1X12DX150L-4T,false,true,RECONCILIATION_REQUIRED,mapped_inactive,false
5754,TT-TR-H55-12R1X12DX75L-4T,false,true,true,true,true,001986,TT-TR-H55-12R1X12DX75L-4T,false,true,RECONCILIATION_REQUIRED,mapped_inactive,false
5755,TT-TR-H55-14R1X14DX150L-4T,false,true,true,true,true,001985,TT-TR-H55-14R1X14DX150L-4T,false,true,RECONCILIATION_REQUIRED,mapped_inactive,false
5756,TT-TR-H55-16R1X16DX150L-4T,false,true,true,true,true,001984,TT-TR-H55-16R1X16DX150L-4T,false,true,RECONCILIATION_REQUIRED,mapped_inactive,false
5757,TT-TR-H55-18R1X18DX150L-4T,false,true,true,true,true,001983,TT-TR-H55-18R1X18DX150L-4T,false,true,RECONCILIATION_REQUIRED,mapped_inactive,false
5758,TT-TR-H55-20R1X20DX150L-4T,false,true,true,true,true,001982,TT-TR-H55-20R1X20DX150L-4T,false,true,RECONCILIATION_REQUIRED,mapped_inactive,false
5759,TT-TR-H55-2R0.5X4DX50L-4T,false,true,true,true,true,001981,TT-TR-H55-2R0.5X4DX50L-4T,false,true,RECONCILIATION_REQUIRED,mapped_inactive,false
5760,TT-TR-H55-3R0.5X3DX75L-4T,false,true,true,true,true,001980,TT-TR-H55-3R0.5X3DX75L-4T,false,true,RECONCILIATION_REQUIRED,mapped_inactive,false
5761,TT-TR-H55-3R0.5X4DX50L-4T,false,true,true,true,true,001979,TT-TR-H55-3R0.5X4DX50L-4T,false,true,RECONCILIATION_REQUIRED,mapped_inactive,false
5762,TT-TR-H55-3R1X3DX75L-4T,false,true,true,true,true,001978,TT-TR-H55-3R1X3DX75L-4T,false,true,RECONCILIATION_REQUIRED,mapped_inactive,false
5763,TT-TR-H55-3R1X4DX50L-4T,false,true,true,true,true,001977,TT-TR-H55-3R1X4DX50L-4T,false,true,RECONCILIATION_REQUIRED,mapped_inactive,false
5764,TT-TR-H55-4R0.5X4DX50L-4T,false,true,true,true,true,001976,TT-TR-H55-4R0.5X4DX50L-4T,false,true,RECONCILIATION_REQUIRED,mapped_inactive,false
5765,TT-TR-H55-4R0.5X4DX75L-4T,false,true,true,true,true,001975,TT-TR-H55-4R0.5X4DX75L-4T,false,true,RECONCILIATION_REQUIRED,mapped_inactive,false
5766,TT-TR-H55-4R1X4DX50L-4T,false,true,true,true,true,001974,TT-TR-H55-4R1X4DX50L-4T,false,true,RECONCILIATION_REQUIRED,mapped_inactive,false
5767,TT-TR-H55-4R1X4DX75L-4T,false,true,true,true,true,001973,TT-TR-H55-4R1X4DX75L-4T,false,true,RECONCILIATION_REQUIRED,mapped_inactive,false
5768,TT-TR-H55-5R0.5X5DX50L-4T,false,true,true,true,true,001972,TT-TR-H55-5R0.5X5DX50L-4T,false,true,RECONCILIATION_REQUIRED,mapped_inactive,false
5769,TT-TR-H55-5R0.5X5DX75L-4T,false,true,true,true,true,001971,TT-TR-H55-5R0.5X5DX75L-4T,false,true,RECONCILIATION_REQUIRED,mapped_inactive,false
5770,TT-TR-H55-5R1X5DX50L-4T,false,true,true,true,true,001970,TT-TR-H55-5R1X5DX50L-4T,false,true,RECONCILIATION_REQUIRED,mapped_inactive,false
5771,TT-TR-H55-5R1X5DX75L-4T,false,true,true,true,true,001969,TT-TR-H55-5R1X5DX75L-4T,false,true,RECONCILIATION_REQUIRED,mapped_inactive,false
5772,TT-TR-H55-6R0.5X6DX100L-4T,false,true,true,true,true,001968,TT-TR-H55-6R0.5X6DX100L-4T,false,true,RECONCILIATION_REQUIRED,mapped_inactive,false
5773,TT-TR-H55-6R0.5X6DX150L-4T,false,true,true,true,true,001967,TT-TR-H55-6R0.5X6DX150L-4T,false,true,RECONCILIATION_REQUIRED,mapped_inactive,false
5774,TT-TR-H55-6R0.5X6DX50L-4T,false,true,true,true,true,001966,TT-TR-H55-6R0.5X6DX50L-4T,false,true,RECONCILIATION_REQUIRED,mapped_inactive,false
5775,TT-TR-H55-6R0.5X6DX75L-4T,false,true,true,true,true,001965,TT-TR-H55-6R0.5X6DX75L-4T,false,true,RECONCILIATION_REQUIRED,mapped_inactive,false
5776,TT-TR-H55-6R1X6DX100L-4T,false,true,true,true,true,001964,TT-TR-H55-6R1X6DX100L-4T,false,true,RECONCILIATION_REQUIRED,mapped_inactive,false
5777,TT-TR-H55-6R1X6DX150L-4T,false,true,true,true,true,001963,TT-TR-H55-6R1X6DX150L-4T,false,true,RECONCILIATION_REQUIRED,mapped_inactive,false
5778,TT-TR-H55-6R1X6DX50L-4T,false,true,true,true,true,001962,TT-TR-H55-6R1X6DX50L-4T,false,true,RECONCILIATION_REQUIRED,mapped_inactive,false
5779,TT-TR-H55-6R1X6DX75L-4T,false,true,true,true,true,001961,TT-TR-H55-6R1X6DX75L-4T,false,true,RECONCILIATION_REQUIRED,mapped_inactive,false
5780,TT-TR-H55-8R0.5X8DX100L-4T,false,true,true,true,true,001960,TT-TR-H55-8R0.5X8DX100L-4T,false,true,RECONCILIATION_REQUIRED,mapped_inactive,false
5781,TT-TR-H55-8R0.5X8DX150L-4T,false,true,true,false,false,,,,true,UNMAPPED,,false
5782,TT-TR-H55-8R0.5X8DX60L-4T,false,true,true,true,true,001959,TT-TR-H55-8R0.5X8DX60L-4T,false,true,RECONCILIATION_REQUIRED,mapped_inactive,false
5783,TT-TR-H55-8R1X8DX100L-4T,false,true,true,false,false,,,,true,UNMAPPED,,false
5784,TT-TR-H55-8R1X8DX150L-4T,false,true,true,false,false,,,,true,UNMAPPED,,false
5785,TT-TR-H55-8R1X8DX60L-4T,false,true,true,false,false,,,,true,UNMAPPED,,false
5786,TT-TR-H55-8R1X8DX75L-4T,false,true,true,false,false,,,,true,UNMAPPED,,false
5787,TT-TR-H55-R0.10X4DX50L-2F,false,true,true,false,false,,,,true,UNMAPPED,,false
5788,TT-TR-H55-R0.15X4DX50L-2F,false,true,true,false,false,,,,true,UNMAPPED,,false
5789,TT-TR-H55-R0.20X4DX50L-2F,false,true,true,false,false,,,,true,UNMAPPED,,false
5790,TT-TR-H55-R0.25X4DX50L-2F,false,true,true,false,false,,,,true,UNMAPPED,,false
5791,TT-TR-H55-R0.30X4DX50L-2F,false,true,true,false,false,,,,true,UNMAPPED,,false
5792,TT-TR-H55-R0.35X4DX50L-2F,false,true,true,false,false,,,,true,UNMAPPED,,false
5793,TT-TR-H55-R0.40X4DX50L-2F,false,true,true,false,false,,,,true,UNMAPPED,,false
5794,TT-TR-H55-R0.45X4DX50L-2F,false,true,true,false,false,,,,true,UNMAPPED,,false
5795,TT-TR-H55-R0.50X4DX50L-2F,false,true,true,false,false,,,,true,UNMAPPED,,false
5796,TT-TR-H55-R0.75X4DX50L-2F,false,true,true,false,false,,,,true,UNMAPPED,,false
5797,TT-TR-H55-R1.25X4DX50L-2F,false,true,true,false,false,,,,true,UNMAPPED,,false
5798,TT-TR-H55-R1X2DX50L-2F,false,true,true,true,true,001958,TT-TR-H55-R1X2DX50L-2F,false,true,RECONCILIATION_REQUIRED,mapped_inactive,false
5799,TT-TR-H55-R1X4DX50L-2F,false,true,true,false,false,,,,true,UNMAPPED,,false
5800,TT-TR-H65-10R0.5X10DX75L-4T,false,true,true,false,false,,,,true,UNMAPPED,,false
5801,TT-TR-H65-10R1X10DX75L-4T,false,true,true,false,false,,,,true,UNMAPPED,,false
5802,TT-TR-H65-12R0.5X12DX75L-4T,false,true,true,false,false,,,,true,UNMAPPED,,false
5803,TT-TR-H65-12R1X12DX75L-4T,false,true,true,false,false,,,,true,UNMAPPED,,false
5804,TT-TR-H65-2R0.5X4DX50L-4T,false,true,true,false,false,,,,true,UNMAPPED,,false
5805,TT-TR-H65-3R0.5X4DX50L-4T,false,true,true,false,false,,,,true,UNMAPPED,,false
5806,TT-TR-H65-3R1X4DX50L-4T,false,true,true,false,false,,,,true,UNMAPPED,,false
5807,TT-TR-H65-4R0.5X4DX50L-4T,false,true,true,false,false,,,,true,UNMAPPED,,false
5808,TT-TR-H65-4R1X4DX50L-4T,false,true,true,false,false,,,,true,UNMAPPED,,false
5809,TT-TR-H65-5R0.5X5DX50L-4T,false,true,true,false,false,,,,true,UNMAPPED,,false
5810,TT-TR-H65-5R1X5DX50L-4T,false,true,true,false,false,,,,true,UNMAPPED,,false
5811,TT-TR-H65-6R0.5X6DX50L-4T,false,true,true,false,false,,,,true,UNMAPPED,,false
5812,TT-TR-H65-6R1X6DX50L-4T,false,true,true,false,false,,,,true,UNMAPPED,,false
5813,TT-TR-H65-8R0.5X8DX60L-4T,false,true,true,false,false,,,,true,UNMAPPED,,false
5814,TT-TR-H65-8R1X8DX60L-4T,false,true,true,false,false,,,,true,UNMAPPED,,false
5815,TT-EM-H55-1.5X4DX50L-3F,false,true,true,false,false,,,,true,UNMAPPED,,false
5816,TT-EM-H55-10X10DX75L-3F,false,true,true,false,false,,,,true,UNMAPPED,,false
5817,TT-EM-H55-12X12DX75L-3F,false,true,true,false,false,,,,true,UNMAPPED,,false
5818,TT-EM-H55-14X14DX100L-3F,false,true,true,false,false,,,,true,UNMAPPED,,false
5819,TT-EM-H55-16X16DX100L-3F,false,true,true,false,false,,,,true,UNMAPPED,,false
5820,TT-EM-H55-18X18DX100L-3F,false,true,true,false,false,,,,true,UNMAPPED,,false
5821,TT-EM-H55-2.5X4DX50L-3F,false,true,true,false,false,,,,true,UNMAPPED,,false
5822,TT-EM-H55-2X4DX50L-3F,false,true,true,false,false,,,,true,UNMAPPED,,false
5823,TT-EM-H55-3X3DX50L-3F,false,true,true,false,false,,,,true,UNMAPPED,,false
5824,TT-EM-H55-3X6DX50L-3F,false,true,true,false,false,,,,true,UNMAPPED,,false
5825,TT-EM-H55-4X4DX50L-3F,false,true,true,false,false,,,,true,UNMAPPED,,false
5826,TT-EM-H55-4X6DX50L-3F,false,true,true,false,false,,,,true,UNMAPPED,,false
5827,TT-EM-H55-5X5DX50L-3F,false,true,true,true,true,001957,TT-EM-H55-5X5DX50L-3F,false,true,RECONCILIATION_REQUIRED,mapped_inactive,false
5828,TT-EM-H55-6X6DX50L-3F,false,true,true,false,false,,,,true,UNMAPPED,,false
5829,TT-EM-H55-8X8DX60L-3F,false,true,true,true,true,001956,TT-EM-H55-8X8DX60L-3F,false,true,RECONCILIATION_REQUIRED,mapped_inactive,false
5830,AST-TRM10,false,true,true,false,false,,,,true,UNMAPPED,,false
5831,AST-TRM12,false,true,true,false,false,,,,true,UNMAPPED,,false
5832,AST-TRM16,false,true,true,false,false,,,,true,UNMAPPED,,false
5833,AST-TRM24,false,true,true,false,false,,,,true,UNMAPPED,,false
5834,AST-TRM36,false,true,true,true,true,001955,AST-TRM36,false,true,RECONCILIATION_REQUIRED,mapped_inactive,false
5835,AST-TRM48,false,true,true,true,true,001954,AST-TRM48,false,true,RECONCILIATION_REQUIRED,mapped_inactive,false
5836,AST-NSBM10,false,true,true,true,true,001953,AST-NSBM10,false,true,RECONCILIATION_REQUIRED,mapped_inactive,false
5837,AST-NSBM12,false,true,true,true,true,001952,AST-NSBM12,false,true,RECONCILIATION_REQUIRED,mapped_inactive,false
5838,AST-NSBM16,false,true,true,true,true,001951,AST-NSBM16,false,true,RECONCILIATION_REQUIRED,mapped_inactive,false
5839,AST-NSBM24,false,true,true,true,true,001950,AST-NSBM24,false,true,RECONCILIATION_REQUIRED,mapped_inactive,false
5840,AST-NSBM36,false,true,true,true,true,001949,AST-NSBM36,false,true,RECONCILIATION_REQUIRED,mapped_inactive,false
5841,AST-T800500,true,true,true,false,false,,,,true,UNMAPPED,,false
5842,AST-T900600,true,true,true,false,false,,,,true,UNMAPPED,,false
5843,AST-TAPCHUCK19,true,true,true,false,false,,,,true,UNMAPPED,,false
5844,AST-TAPCHUCK31,true,true,true,false,false,,,,true,UNMAPPED,,false
5845,AST-DP19,true,true,true,false,false,,,,true,UNMAPPED,,false
5846,AST-DP31,true,true,true,false,false,,,,true,UNMAPPED,,false
5847,AST-DID19/20,true,true,true,false,false,,,,true,UNMAPPED,,false
5848,AST-DID19/25,true,true,true,false,false,,,,true,UNMAPPED,,false
5849,AST-DID19/30,true,true,true,false,false,,,,true,UNMAPPED,,false
5850,AST-DID19/38,true,true,true,false,false,,,,true,UNMAPPED,,false
5851,AST-DID31/20,true,true,true,false,false,,,,true,UNMAPPED,,false
5852,AST-DID31/25,true,true,true,false,false,,,,true,UNMAPPED,,false
5853,AST-DID31/30,true,true,true,false,false,,,,true,UNMAPPED,,false
5854,AST-DID31/38,true,true,true,false,false,,,,true,UNMAPPED,,false
5855,AST-DID31/45,true,true,true,false,false,,,,true,UNMAPPED,,false
5856,AST-DID31/55,true,true,true,false,false,,,,true,UNMAPPED,,false
5857,M16-MAGENTIC-BASE,false,true,true,true,true,001948,M16-MAGENTIC-BASE,false,true,RECONCILIATION_REQUIRED,mapped_inactive,false
5858,M36-MAGENTIC-BASE,false,true,true,true,true,001947,M36-MAGENTIC-BASE,false,true,RECONCILIATION_REQUIRED,mapped_inactive,false
5859,ATJ330N,false,true,true,true,true,001946,ATJ330N,false,true,RECONCILIATION_REQUIRED,mapped_inactive,false
5860,ATJ350N,false,true,true,true,true,001945,ATJ350N,false,true,RECONCILIATION_REQUIRED,mapped_inactive,false
5861,ATJ390N,false,true,true,true,true,001944,ATJ390N,false,true,RECONCILIATION_REQUIRED,mapped_inactive,false
5862,ATJ650N,false,true,true,true,true,001943,ATJ650N,false,true,RECONCILIATION_REQUIRED,mapped_inactive,false
5863,M16-MOTOTDRIVER,false,true,true,true,true,001942,M16-MOTOTDRIVER,false,true,RECONCILIATION_REQUIRED,mapped_inactive,false
5864,M36-MOTOTDRIVER,false,true,true,true,true,001941,M36-MOTOTDRIVER,false,true,RECONCILIATION_REQUIRED,mapped_inactive,false
5865,MSNEW16,false,true,true,true,true,001940,MSNEW16,false,true,RECONCILIATION_REQUIRED,mapped_inactive,false
5866,MSNEW36,false,true,true,true,true,001939,MSNEW36,false,true,RECONCILIATION_REQUIRED,mapped_inactive,false
5867,MDNEW-DRIVER,false,true,true,true,true,001938,MDNEW-DRIVER,false,true,RECONCILIATION_REQUIRED,mapped_inactive,false
5868,M10-REDUCER,false,true,true,true,true,001937,M10-REDUCER,false,true,RECONCILIATION_REQUIRED,mapped_inactive,false
5869,M12-REDUCER,false,true,true,true,true,001936,M12-REDUCER,false,true,RECONCILIATION_REQUIRED,mapped_inactive,false
5870,M16-REDUCER,false,true,true,true,true,001935,M16-REDUCER,false,true,RECONCILIATION_REQUIRED,mapped_inactive,false
5871,M24-REDUCER,false,true,true,true,true,001934,M24-REDUCER,false,true,RECONCILIATION_REQUIRED,mapped_inactive,false
5872,M36-REDUCER,false,true,true,true,true,001933,M36-REDUCER,false,true,RECONCILIATION_REQUIRED,mapped_inactive,false
5873,AST-CHU16,false,true,true,true,true,001932,AST-CHU16,false,true,RECONCILIATION_REQUIRED,mapped_inactive,false
5874,AST-CHU36,false,true,true,true,true,001931,AST-CHU36,false,true,RECONCILIATION_REQUIRED,mapped_inactive,false
5875,AST-M16-M36-SWITCH,false,true,true,true,true,001930,AST-M16-M36-SWITCH,false,true,RECONCILIATION_REQUIRED,mapped_inactive,false
5876,AST-DOF,false,true,true,true,true,001929,AST-DOF,false,true,RECONCILIATION_REQUIRED,mapped_inactive,false
5877,LCD-TAPPING,false,true,true,true,true,001928,LCD-TAPPING,false,true,RECONCILIATION_REQUIRED,mapped_inactive,false
5878,COVER-LCD,false,true,true,true,true,001927,COVER-LCD,false,true,RECONCILIATION_REQUIRED,mapped_inactive,false
5879,LCDTN-TAPPING,false,true,true,true,true,001926,LCDTN-TAPPING,false,true,RECONCILIATION_REQUIRED,mapped_inactive,false
5880,2A-S5,true,false,true,false,false,,,,true,UNMAPPED,,false
5881,2A-S7,true,false,true,false,false,,,,true,UNMAPPED,,false
5882,2A-S8,true,false,true,false,false,,,,true,UNMAPPED,,false
5883,2A-S10,true,false,true,false,false,,,,true,UNMAPPED,,false
5884,2A-S12,true,false,true,false,false,,,,true,UNMAPPED,,false
5885,2A-S16,true,false,true,false,false,,,,true,UNMAPPED,,false
5886,3A-S5,true,false,true,false,false,,,,true,UNMAPPED,,false
5887,3A-S7,true,false,true,false,false,,,,true,UNMAPPED,,false
5888,3A-S10,true,false,true,false,false,,,,true,UNMAPPED,,false
5889,3A-S12,true,false,true,false,false,,,,true,UNMAPPED,,false
5890,3A-S16,true,false,true,false,false,,,,true,UNMAPPED,,false
5891,33A-S5,true,false,true,false,false,,,,true,UNMAPPED,,false
5892,33A-S7,true,false,true,false,false,,,,true,UNMAPPED,,false
5893,33A-S10,true,false,true,false,false,,,,true,UNMAPPED,,false
5894,33A-S12,true,false,true,false,false,,,,true,UNMAPPED,,false
5895,33A-S16,true,false,true,false,false,,,,true,UNMAPPED,,false
5896,4A-S5,true,false,true,false,false,,,,true,UNMAPPED,,false
5897,4A-S7,true,false,true,false,false,,,,true,UNMAPPED,,false
5898,4A-S10,true,false,true,false,false,,,,true,UNMAPPED,,false
5899,4A-S12,true,false,true,false,false,,,,true,UNMAPPED,,false
5900,4A-S16,true,false,true,false,false,,,,true,UNMAPPED,,false
5901,437009/5,false,true,true,true,true,001925,437009/5,false,true,RECONCILIATION_REQUIRED,mapped_inactive,false
5902,437010,false,true,true,true,true,001924,437010,false,true,RECONCILIATION_REQUIRED,mapped_inactive,false
5903,437011,false,true,true,true,true,001923,437011,false,true,RECONCILIATION_REQUIRED,mapped_inactive,false
5904,437012,false,true,true,true,true,001922,437012,false,true,RECONCILIATION_REQUIRED,mapped_inactive,false
5905,437013,false,true,true,true,true,001921,437013,false,true,RECONCILIATION_REQUIRED,mapped_inactive,false
5906,437014,false,true,true,true,true,001920,437014,false,true,RECONCILIATION_REQUIRED,mapped_inactive,false
5907,437015,false,true,true,true,true,001919,437015,false,true,RECONCILIATION_REQUIRED,mapped_inactive,false
5908,437016,false,true,true,true,true,001918,437016,false,true,RECONCILIATION_REQUIRED,mapped_inactive,false
5909,437017,false,true,true,true,true,001917,437017,false,true,RECONCILIATION_REQUIRED,mapped_inactive,false
5910,437018,false,true,true,true,true,001916,437018,false,true,RECONCILIATION_REQUIRED,mapped_inactive,false
5911,437019,false,true,true,true,true,001915,437019,false,true,RECONCILIATION_REQUIRED,mapped_inactive,false
5912,437019/3,false,true,true,true,true,001914,437019/3,false,true,RECONCILIATION_REQUIRED,mapped_inactive,false
5913,437019/5,false,true,true,true,true,001913,437019/5,false,true,RECONCILIATION_REQUIRED,mapped_inactive,false
5914,437020,false,true,true,true,true,001912,437020,false,true,RECONCILIATION_REQUIRED,mapped_inactive,false
5915,437021,false,true,true,true,true,001911,437021,false,true,RECONCILIATION_REQUIRED,mapped_inactive,false
5916,437022,false,true,true,true,true,001910,437022,false,true,RECONCILIATION_REQUIRED,mapped_inactive,false
5917,437023,false,true,true,true,true,001909,437023,false,true,RECONCILIATION_REQUIRED,mapped_inactive,false
5918,437024,false,true,true,true,true,001908,437024,false,true,RECONCILIATION_REQUIRED,mapped_inactive,false
5919,437025,false,true,true,true,true,001907,437025,false,true,RECONCILIATION_REQUIRED,mapped_inactive,false
5920,437026,false,true,true,true,true,001906,437026,false,true,RECONCILIATION_REQUIRED,mapped_inactive,false
5921,437027,false,true,true,true,true,001905,437027,false,true,RECONCILIATION_REQUIRED,mapped_inactive,false
5922,437028,false,true,true,true,true,001904,437028,false,true,RECONCILIATION_REQUIRED,mapped_inactive,false
5923,437029,false,true,true,true,true,001903,437029,false,true,RECONCILIATION_REQUIRED,mapped_inactive,false
5924,437030,false,true,true,false,false,,,,true,UNMAPPED,,false
5925,437031,false,true,true,false,false,,,,true,UNMAPPED,,false
5926,437032,false,true,true,false,false,,,,true,UNMAPPED,,false
5927,437033,false,true,true,true,true,001902,437033,false,true,RECONCILIATION_REQUIRED,mapped_inactive,false
5928,437034,false,true,true,false,false,,,,true,UNMAPPED,,false
5929,437035,false,true,true,false,false,,,,true,UNMAPPED,,false
5930,437036,false,true,true,false,false,,,,true,UNMAPPED,,false
5931,437037,false,true,true,true,true,001901,437037,false,true,RECONCILIATION_REQUIRED,mapped_inactive,false
5932,437038,false,true,true,false,false,,,,true,UNMAPPED,,false
5933,437039,false,true,true,true,true,001900,437039,false,true,RECONCILIATION_REQUIRED,mapped_inactive,false
5934,437040,false,true,true,true,true,001899,437040,false,true,RECONCILIATION_REQUIRED,mapped_inactive,false
5935,437041,false,true,true,false,false,,,,true,UNMAPPED,,false
5936,437042,false,true,true,false,false,,,,true,UNMAPPED,,false
5937,437043,false,true,true,false,false,,,,true,UNMAPPED,,false
5938,437044,false,true,true,false,false,,,,true,UNMAPPED,,false
5939,437045,false,true,true,true,true,001898,437045,false,true,RECONCILIATION_REQUIRED,mapped_inactive,false
5940,437046,false,true,true,true,true,001897,437046,false,true,RECONCILIATION_REQUIRED,mapped_inactive,false
5941,437047,false,true,true,true,true,001896,437047,false,true,RECONCILIATION_REQUIRED,mapped_inactive,false
5942,437048,false,true,true,true,true,001895,437048,false,true,RECONCILIATION_REQUIRED,mapped_inactive,false
5943,437049,false,true,true,true,true,001894,437049,false,true,RECONCILIATION_REQUIRED,mapped_inactive,false
5944,437050,false,true,true,true,true,001893,437050,false,true,RECONCILIATION_REQUIRED,mapped_inactive,false
5945,437051,false,true,true,true,true,001892,437051,false,true,RECONCILIATION_REQUIRED,mapped_inactive,false
5946,437052,false,true,true,true,true,001891,437052,false,true,RECONCILIATION_REQUIRED,mapped_inactive,false
5947,437053,false,true,true,true,true,001890,437053,false,true,RECONCILIATION_REQUIRED,mapped_inactive,false
5948,437054,false,true,true,true,true,001889,437054,false,true,RECONCILIATION_REQUIRED,mapped_inactive,false
5949,437055,false,true,true,true,true,001888,437055,false,true,RECONCILIATION_REQUIRED,mapped_inactive,false
5950,437056,false,true,true,true,true,001887,437056,false,true,RECONCILIATION_REQUIRED,mapped_inactive,false
5951,437057,false,true,true,true,true,001886,437057,false,true,RECONCILIATION_REQUIRED,mapped_inactive,false
5952,437058,false,true,true,true,true,001885,437058,false,true,RECONCILIATION_REQUIRED,mapped_inactive,false
5953,437059,false,true,true,true,true,001884,437059,false,true,RECONCILIATION_REQUIRED,mapped_inactive,false
5954,437060,false,true,true,true,true,001883,437060,false,true,RECONCILIATION_REQUIRED,mapped_inactive,false
5955,437061,false,true,true,true,true,001882,437061,false,true,RECONCILIATION_REQUIRED,mapped_inactive,false
5956,437062,false,true,true,true,true,001881,437062,false,true,RECONCILIATION_REQUIRED,mapped_inactive,false
5957,437063,false,true,true,true,true,001880,437063,false,true,RECONCILIATION_REQUIRED,mapped_inactive,false
5958,437064,false,true,true,true,true,001879,437064,false,true,RECONCILIATION_REQUIRED,mapped_inactive,false
5959,437065,false,true,true,true,true,001878,437065,false,true,RECONCILIATION_REQUIRED,mapped_inactive,false
5960,437066,false,true,true,true,true,001877,437066,false,true,RECONCILIATION_REQUIRED,mapped_inactive,false
5961,437067,false,true,true,true,true,001876,437067,false,true,RECONCILIATION_REQUIRED,mapped_inactive,false
5962,437068,false,true,true,true,true,001875,437068,false,true,RECONCILIATION_REQUIRED,mapped_inactive,false
5963,437069,false,true,true,true,true,001874,437069,false,true,RECONCILIATION_REQUIRED,mapped_inactive,false
5964,437070,false,true,true,true,true,001873,437070,false,true,RECONCILIATION_REQUIRED,mapped_inactive,false
5965,437071,false,true,true,true,true,001872,437071,false,true,RECONCILIATION_REQUIRED,mapped_inactive,false
5966,437072,false,true,true,true,true,001871,437072,false,true,RECONCILIATION_REQUIRED,mapped_inactive,false
5967,437073,false,true,true,true,true,001870,437073,false,true,RECONCILIATION_REQUIRED,mapped_inactive,false
5968,437074,false,true,true,true,true,001869,437074,false,true,RECONCILIATION_REQUIRED,mapped_inactive,false
5969,437075,false,true,true,true,true,001868,437075,false,true,RECONCILIATION_REQUIRED,mapped_inactive,false
5970,437076,false,true,true,true,true,001867,437076,false,true,RECONCILIATION_REQUIRED,mapped_inactive,false
5971,437077,false,true,true,true,true,001866,437077,false,true,RECONCILIATION_REQUIRED,mapped_inactive,false
5972,437078,false,true,true,true,true,001865,437078,false,true,RECONCILIATION_REQUIRED,mapped_inactive,false
5973,437079,false,true,true,true,true,001864,437079,false,true,RECONCILIATION_REQUIRED,mapped_inactive,false
5974,437080,false,true,true,true,true,001863,437080,false,true,RECONCILIATION_REQUIRED,mapped_inactive,false
5975,437081,false,true,true,true,true,001862,437081,false,true,RECONCILIATION_REQUIRED,mapped_inactive,false
5976,437082,false,true,true,true,true,001861,437082,false,true,RECONCILIATION_REQUIRED,mapped_inactive,false
5977,437083,false,true,true,true,true,001860,437083,false,true,RECONCILIATION_REQUIRED,mapped_inactive,false
5978,437084,false,true,true,true,true,001859,437084,false,true,RECONCILIATION_REQUIRED,mapped_inactive,false
5979,437085,false,true,true,true,true,001858,437085,false,true,RECONCILIATION_REQUIRED,mapped_inactive,false
5980,437086,false,true,true,true,true,001857,437086,false,true,RECONCILIATION_REQUIRED,mapped_inactive,false
5981,437087,false,true,true,true,true,001856,437087,false,true,RECONCILIATION_REQUIRED,mapped_inactive,false
5982,437088,false,true,true,true,true,001855,437088,false,true,RECONCILIATION_REQUIRED,mapped_inactive,false
5983,437089,false,true,true,true,true,001854,437089,false,true,RECONCILIATION_REQUIRED,mapped_inactive,false
5984,437090,false,true,true,true,true,001853,437090,false,true,RECONCILIATION_REQUIRED,mapped_inactive,false
5985,437091,false,true,true,true,true,001852,437091,false,true,RECONCILIATION_REQUIRED,mapped_inactive,false
5986,437092,false,true,true,true,true,001851,437092,false,true,RECONCILIATION_REQUIRED,mapped_inactive,false
5987,437093,false,true,true,true,true,001850,437093,false,true,RECONCILIATION_REQUIRED,mapped_inactive,false
5988,437094,false,true,true,true,true,001849,437094,false,true,RECONCILIATION_REQUIRED,mapped_inactive,false
5989,437095,false,true,true,true,true,001848,437095,false,true,RECONCILIATION_REQUIRED,mapped_inactive,false
5990,437096,false,true,true,true,true,001847,437096,false,true,RECONCILIATION_REQUIRED,mapped_inactive,false
5991,437097,false,true,true,true,true,001846,437097,false,true,RECONCILIATION_REQUIRED,mapped_inactive,false
5992,437098,false,true,true,true,true,001845,437098,false,true,RECONCILIATION_REQUIRED,mapped_inactive,false
5993,437099,false,true,true,true,true,001844,437099,false,true,RECONCILIATION_REQUIRED,mapped_inactive,false
5994,4370100,false,true,true,true,true,001843,4370100,false,true,RECONCILIATION_REQUIRED,mapped_inactive,false
5995,437409/5,false,true,true,true,true,001842,437409/5,false,true,RECONCILIATION_REQUIRED,mapped_inactive,false
5996,437410,false,true,true,true,true,001841,437410,false,true,RECONCILIATION_REQUIRED,mapped_inactive,false
5997,437411,false,true,true,true,true,001840,437411,false,true,RECONCILIATION_REQUIRED,mapped_inactive,false
5998,437412,false,true,true,true,true,001839,437412,false,true,RECONCILIATION_REQUIRED,mapped_inactive,false
5999,437413,false,true,true,true,true,001838,437413,false,true,RECONCILIATION_REQUIRED,mapped_inactive,false
6000,437414,false,true,true,true,true,001837,437414,false,true,RECONCILIATION_REQUIRED,mapped_inactive,false
6001,437415,false,true,true,false,false,,,,true,UNMAPPED,,false
6002,437416,false,true,true,false,false,,,,true,UNMAPPED,,false
6003,437417,false,true,true,false,false,,,,true,UNMAPPED,,false
6004,437418,false,true,true,false,false,,,,true,UNMAPPED,,false
6005,437419,false,true,true,false,false,,,,true,UNMAPPED,,false
6006,437420,false,true,true,false,false,,,,true,UNMAPPED,,false
6007,437421,false,true,true,false,false,,,,true,UNMAPPED,,false
6008,437422,false,true,true,false,false,,,,true,UNMAPPED,,false
6009,437423,false,true,true,false,false,,,,true,UNMAPPED,,false
6010,437424,false,true,true,false,false,,,,true,UNMAPPED,,false
6011,437425,false,true,true,false,false,,,,true,UNMAPPED,,false
6012,437426,false,true,true,false,false,,,,true,UNMAPPED,,false
6013,437427,false,true,true,true,true,001836,437427,false,true,RECONCILIATION_REQUIRED,mapped_inactive,false
6014,437428,false,true,true,false,false,,,,true,UNMAPPED,,false
6015,437429,false,true,true,false,false,,,,true,UNMAPPED,,false
6016,437430,false,true,true,false,false,,,,true,UNMAPPED,,false
6017,437431,false,true,true,false,false,,,,true,UNMAPPED,,false
6018,437432,false,true,true,false,false,,,,true,UNMAPPED,,false
6019,437433,false,true,true,false,false,,,,true,UNMAPPED,,false
6020,437434,false,true,true,true,true,001835,437434,false,true,RECONCILIATION_REQUIRED,mapped_inactive,false
6021,437435,false,true,true,false,false,,,,true,UNMAPPED,,false
6022,437201,false,true,true,false,false,,,,true,UNMAPPED,,false
6023,437202,false,true,true,false,false,,,,true,UNMAPPED,,false
6024,437203,false,true,true,false,false,,,,true,UNMAPPED,,false
6025,437204,false,true,true,true,true,001834,437204,false,true,RECONCILIATION_REQUIRED,mapped_inactive,false
6026,437205,false,true,true,false,false,,,,true,UNMAPPED,,false
6027,437250,false,true,true,false,false,,,,true,UNMAPPED,,false
6028,437251,false,true,true,false,false,,,,true,UNMAPPED,,false
6029,437252,false,true,true,true,true,001833,437252,false,true,RECONCILIATION_REQUIRED,mapped_inactive,false
6030,437253,false,true,true,false,false,,,,true,UNMAPPED,,false
6031,437254,false,true,true,true,true,001832,437254,false,true,RECONCILIATION_REQUIRED,mapped_inactive,false
6032,5D-M9/511/5,false,true,true,true,true,001831,5D-M9/511/5,false,true,RECONCILIATION_REQUIRED,mapped_inactive,false
6033,4D-M11/5-12/97,false,true,true,false,false,,,,true,UNMAPPED,,false
6034,4D-M12/8-17/5,false,true,true,false,false,,,,true,UNMAPPED,,false
6035,4D-M17/86-24,false,true,true,false,false,,,,true,UNMAPPED,,false
6036,4D-M35/51-47,false,true,true,false,false,,,,true,UNMAPPED,,false
6037,4D-M48-65,false,true,true,false,false,,,,true,UNMAPPED,,false
6038,4D-M63/5-88,false,true,true,true,true,001830,4D-M63/5-88,false,true,RECONCILIATION_REQUIRED,mapped_inactive,false
6039,4D-M89/1-114,false,true,true,true,true,001829,4D-M89/1-114,false,true,RECONCILIATION_REQUIRED,mapped_inactive,false
6040,4D-D9/5-11/49,false,true,true,true,true,001828,4D-D9/5-11/49,false,true,RECONCILIATION_REQUIRED,mapped_inactive,false
6041,4D-D12/98-17/5,false,true,true,false,false,,,,true,UNMAPPED,,false
6042,3D-D25-7/86-21/99,false,true,true,false,false,,,,true,UNMAPPED,,false
6043,4D-D17/86-24,false,true,true,false,false,,,,true,UNMAPPED,,false
6044,D32/25-35,false,true,true,false,false,,,,true,UNMAPPED,,false
6045,3D-D25-30-35,false,true,true,true,true,001827,3D-D25-30-35,false,true,RECONCILIATION_REQUIRED,mapped_inactive,false
6046,D32/30-35,false,true,true,false,false,,,,true,UNMAPPED,,false
6047,D40/36-47,false,true,true,false,false,,,,true,UNMAPPED,,false
6048,D40/48-65,false,true,true,true,true,001826,D40/48-65,false,true,RECONCILIATION_REQUIRED,mapped_inactive,false
6049,671001,false,true,true,false,false,,,,true,UNMAPPED,,false
6050,671001/6,false,true,true,false,false,,,,true,UNMAPPED,,false
6051,671002,false,true,true,false,false,,,,true,UNMAPPED,,false
6052,671002/5,false,true,true,false,false,,,,true,UNMAPPED,,false
6053,671003/15,false,true,true,false,false,,,,true,UNMAPPED,,false
6054,671004,false,true,true,true,true,001825,671004,false,true,RECONCILIATION_REQUIRED,mapped_inactive,false
6055,671005,false,true,true,true,true,001824,671005,false,true,RECONCILIATION_REQUIRED,mapped_inactive,false
6056,671006/3,false,true,true,false,false,,,,true,UNMAPPED,,false
6057,671008,false,true,true,false,false,,,,true,UNMAPPED,,false
6058,671010,false,true,true,true,true,001823,671010,false,true,RECONCILIATION_REQUIRED,mapped_inactive,false
6059,671102CO,false,true,true,false,false,,,,true,UNMAPPED,,false
6060,671102/5CO,false,true,true,true,true,001822,671102/5CO,false,true,RECONCILIATION_REQUIRED,mapped_inactive,false
6061,671103/15CO,false,true,true,true,true,001821,671103/15CO,false,true,RECONCILIATION_REQUIRED,mapped_inactive,false
6062,671104CO,false,true,true,false,false,,,,true,UNMAPPED,,false
6063,671105CO,false,true,true,true,true,001820,671105CO,false,true,RECONCILIATION_REQUIRED,mapped_inactive,false
6064,671106/3CO,false,true,true,false,false,,,,true,UNMAPPED,,false
6065,671202L,false,true,true,true,true,001819,671202L,false,true,RECONCILIATION_REQUIRED,mapped_inactive,false
6066,671202/5L,false,true,true,true,true,001818,671202/5L,false,true,RECONCILIATION_REQUIRED,mapped_inactive,false
6067,671203/15L,false,true,true,true,true,001817,671203/15L,false,true,RECONCILIATION_REQUIRED,mapped_inactive,false
6068,671204L,false,true,true,true,true,001816,671204L,false,true,RECONCILIATION_REQUIRED,mapped_inactive,false
6069,671205L,false,true,true,true,true,001815,671205L,false,true,RECONCILIATION_REQUIRED,mapped_inactive,false
6070,671310/4,false,true,true,true,true,001814,671310/4,false,true,RECONCILIATION_REQUIRED,mapped_inactive,false
6071,671312/4,false,true,true,false,false,,,,true,UNMAPPED,,false
6072,671316/5,false,true,true,false,false,,,,true,UNMAPPED,,false
6073,671320/5,false,true,true,false,false,,,,true,UNMAPPED,,false
6074,671325,false,true,true,false,false,,,,true,UNMAPPED,,false
6075,671331,false,true,true,false,false,,,,true,UNMAPPED,,false
6076,671340,false,true,true,false,false,,,,true,UNMAPPED,,false
6077,671350,false,true,true,false,false,,,,true,UNMAPPED,,false
6078,671410/4-60,false,true,true,true,true,001813,671410/4-60,false,true,RECONCILIATION_REQUIRED,mapped_inactive,false
6079,671412/4-60,false,true,true,true,true,001812,671412/4-60,false,true,RECONCILIATION_REQUIRED,mapped_inactive,false
6080,671416/5-60,false,true,true,false,false,,,,true,UNMAPPED,,false
6081,671420/5-60,false,true,true,false,false,,,,true,UNMAPPED,,false
6082,671425-60,false,true,true,false,false,,,,true,UNMAPPED,,false
6083,671431-60,false,true,true,false,false,,,,true,UNMAPPED,,false
6084,671440-60,false,true,true,false,false,,,,true,UNMAPPED,,false
6085,671450-60,false,true,true,false,false,,,,true,UNMAPPED,,false
6086,671512/4CO,false,true,true,false,false,,,,true,UNMAPPED,,false
6087,671516/5CO,false,true,true,false,false,,,,true,UNMAPPED,,false
6088,671520/5CO,false,true,true,true,true,001811,671520/5CO,false,true,RECONCILIATION_REQUIRED,mapped_inactive,false
6089,671525CO,false,true,true,true,true,001810,671525CO,false,true,RECONCILIATION_REQUIRED,mapped_inactive,false
6090,671531CO,false,true,true,false,false,,,,true,UNMAPPED,,false
6091,671540CO,false,true,true,true,true,001809,671540CO,false,true,RECONCILIATION_REQUIRED,mapped_inactive,false
6092,TC312-M2-DIN371,false,true,true,true,true,001808,TC312-M2-DIN371,false,true,RECONCILIATION_REQUIRED,mapped_inactive,false
6093,TC312-M3-DIN371,false,true,true,true,true,001807,TC312-M3-DIN371,false,true,RECONCILIATION_REQUIRED,mapped_inactive,false
6094,TC312-M4-DIN371,false,true,true,false,false,,,,true,UNMAPPED,,false
6095,TC312-M5-DIN371,false,true,true,true,true,001806,TC312-M5-DIN371,false,true,RECONCILIATION_REQUIRED,mapped_inactive,false
6096,TC312-M6-DIN371,false,true,true,false,false,,,,true,UNMAPPED,,false
6097,TC312-M8-DIN371,false,true,true,false,false,,,,true,UNMAPPED,,false
6098,TC312-M10-DIN371,false,true,true,true,true,001805,TC312-M10-DIN371,false,true,RECONCILIATION_REQUIRED,mapped_inactive,false
6099,TC312-M10-DIN376,false,true,true,false,false,,,,true,UNMAPPED,,false
6100,TC312-M12-DIN376,false,true,true,false,false,,,,true,UNMAPPED,,false
6101,TC312-M14-DIN376,false,true,true,false,false,,,,true,UNMAPPED,,false
6102,TC312-M16-DIN376,false,true,true,true,true,001804,TC312-M16-DIN376,false,true,RECONCILIATION_REQUIRED,mapped_inactive,false
6103,ISO-M3-TC312,false,true,true,true,true,001803,ISO-M3-TC312,false,true,RECONCILIATION_REQUIRED,mapped_inactive,false
6104,ISO-M4-TC312,false,true,true,false,false,,,,true,UNMAPPED,,false
6105,ISO-M5-TC312,false,true,true,true,true,001802,ISO-M5-TC312,false,true,RECONCILIATION_REQUIRED,mapped_inactive,false
6106,ISO-M6-TC312,false,true,true,false,false,,,,true,UNMAPPED,,false
6107,ISO-M14-TC312,false,true,true,true,true,001801,ISO-M14-TC312,false,true,RECONCILIATION_REQUIRED,mapped_inactive,false
6108,ISO-M16-TC312,false,true,true,true,true,001800,ISO-M16-TC312,false,true,RECONCILIATION_REQUIRED,mapped_inactive,false
6109,TC820-M6-DIN371,false,true,true,true,true,001799,TC820-M6-DIN371,false,true,RECONCILIATION_REQUIRED,mapped_inactive,false
6110,TC820-M8-DIN371,false,true,true,true,true,001798,TC820-M8-DIN371,false,true,RECONCILIATION_REQUIRED,mapped_inactive,false
6111,TC820-M10-DIN371,false,true,true,true,true,001797,TC820-M10-DIN371,false,true,RECONCILIATION_REQUIRED,mapped_inactive,false
6112,TC820-M10-DIN376,false,true,true,true,true,001796,TC820-M10-DIN376,false,true,RECONCILIATION_REQUIRED,mapped_inactive,false
6113,TC820-M12-DIN376,false,true,true,true,true,001795,TC820-M12-DIN376,false,true,RECONCILIATION_REQUIRED,mapped_inactive,false
6114,TC820-M14-DIN376,false,true,true,true,true,001794,TC820-M14-DIN376,false,true,RECONCILIATION_REQUIRED,mapped_inactive,false
6115,TC820-M16-DIN376,false,true,true,true,true,001793,TC820-M16-DIN376,false,true,RECONCILIATION_REQUIRED,mapped_inactive,false
6116,TC820-M18-DIN376,false,true,true,true,true,001792,TC820-M18-DIN376,false,true,RECONCILIATION_REQUIRED,mapped_inactive,false
6117,TC820-M20-DIN376,false,true,true,true,true,001791,TC820-M20-DIN376,false,true,RECONCILIATION_REQUIRED,mapped_inactive,false
6118,TC820-M24-DIN376,false,true,true,true,true,001790,TC820-M24-DIN376,false,true,RECONCILIATION_REQUIRED,mapped_inactive,false
6119,TC820-M27-DIN376,false,true,true,true,true,001789,TC820-M27-DIN376,false,true,RECONCILIATION_REQUIRED,mapped_inactive,false
6120,TC820-M30-DIN376,false,true,true,true,true,001788,TC820-M30-DIN376,false,true,RECONCILIATION_REQUIRED,mapped_inactive,false
6121,TC1433-M14-DIN376,false,true,true,true,true,001787,TC1433-M14-DIN376,false,true,RECONCILIATION_REQUIRED,mapped_inactive,false
6122,TC1433-M16-DIN376,false,true,true,true,true,001786,TC1433-M16-DIN376,false,true,RECONCILIATION_REQUIRED,mapped_inactive,false
6123,TC1433-M18-DIN376,false,true,true,true,true,001785,TC1433-M18-DIN376,false,true,RECONCILIATION_REQUIRED,mapped_inactive,false
6124,TC1433-M20-DIN376,false,true,true,true,true,001784,TC1433-M20-DIN376,false,true,RECONCILIATION_REQUIRED,mapped_inactive,false
6125,TC1433-M24-DIN376,false,true,true,true,true,001783,TC1433-M24-DIN376,false,true,RECONCILIATION_REQUIRED,mapped_inactive,false
6126,TC1433-M27-DIN376,false,true,true,true,true,001782,TC1433-M27-DIN376,false,true,RECONCILIATION_REQUIRED,mapped_inactive,false
6127,TC1433-M30-DIN376,false,true,true,true,true,001781,TC1433-M30-DIN376,false,true,RECONCILIATION_REQUIRED,mapped_inactive,false
6128,TC1433-M33-DIN376,false,true,true,true,true,001780,TC1433-M33-DIN376,false,true,RECONCILIATION_REQUIRED,mapped_inactive,false
6129,TC1433-M36-DIN376,false,true,true,true,true,001779,TC1433-M36-DIN376,false,true,RECONCILIATION_REQUIRED,mapped_inactive,false
6130,TC1433-M42-DIN376,false,true,true,true,true,001778,TC1433-M42-DIN376,false,true,RECONCILIATION_REQUIRED,mapped_inactive,false
6131,TC1433-M50-DIN376,false,true,true,true,true,001777,TC1433-M50-DIN376,false,true,RECONCILIATION_REQUIRED,mapped_inactive,false
6132,TC1433-M52-DIN377,false,true,true,true,true,001776,TC1433-M52-DIN377,false,true,RECONCILIATION_REQUIRED,mapped_inactive,false
6133,AST-BS1-6,true,true,true,false,false,,,,true,UNMAPPED,,false
6134,AST-BS1-8,true,false,true,false,false,,,,true,UNMAPPED,,false
6135,AST-HV-4,true,true,true,false,false,,,,true,UNMAPPED,,false
6136,AST-HV-5,true,true,true,false,false,,,,true,UNMAPPED,,false
6137,AST-HV-6,true,false,true,false,false,,,,true,UNMAPPED,,false
6138,AST-HV-8,true,true,true,false,false,,,,true,UNMAPPED,,false
6139,AST-HV-10,true,false,true,false,false,,,,true,UNMAPPED,,false
6140,AST-HV-12,true,true,true,false,false,,,,true,UNMAPPED,,false
6141,AST-HV-14,true,false,true,false,false,,,,true,UNMAPPED,,false
6142,AST-HV-16,true,true,true,false,false,,,,true,UNMAPPED,,false
6143,AST-HV-20,true,false,true,false,false,,,,true,UNMAPPED,,false
6144,AST-CS-6,true,false,true,false,false,,,,true,UNMAPPED,,false
6145,AST-CS-8,true,true,true,false,false,,,,true,UNMAPPED,,false
6146,AST-VUT-110,false,true,true,true,true,001775,AST-VUT-110,false,true,RECONCILIATION_REQUIRED,mapped_inactive,false
6147,AST-VUT-150,true,true,true,false,false,,,,true,UNMAPPED,,false
6148,AST-VUT-200,true,true,true,false,false,,,,true,UNMAPPED,,false
6149,AST-VUT-250,true,true,true,false,false,,,,true,UNMAPPED,,false
6150,AST-VUT-320,false,true,true,true,true,001774,AST-VUT-320,false,true,RECONCILIATION_REQUIRED,mapped_inactive,false
6151,AST-RAP6,true,false,true,false,false,,,,true,UNMAPPED,,false
6152,AST-RAP8,true,true,true,false,false,,,,true,UNMAPPED,,false
6153,AST-RAP10,true,false,true,false,false,,,,true,UNMAPPED,,false
6154,AST-RAP12,true,true,true,false,false,,,,true,UNMAPPED,,false
6155,AST-RAP14,true,false,true,false,false,,,,true,UNMAPPED,,false
6156,AST-RAP16,true,true,true,false,false,,,,true,UNMAPPED,,false
6157,AST-RAP18,true,true,true,false,false,,,,true,UNMAPPED,,false
6158,AST-RAP20,true,true,true,false,false,,,,true,UNMAPPED,,false
6159,AST-DP1,false,true,true,true,true,001773,AST-DP1,false,true,RECONCILIATION_REQUIRED,mapped_inactive,false
6160,AST-DP2,false,true,true,true,true,001772,AST-DP2,false,true,RECONCILIATION_REQUIRED,mapped_inactive,false
6161,AST-TS,false,false,false,true,true,001771,AST-TS,false,true,RECONCILIATION_REQUIRED,mapped_inactive,false
6162,AST-TS-2,false,false,true,true,true,001770,AST-TS-2,false,true,RECONCILIATION_REQUIRED,mapped_inactive,false
6163,AST-TS-3,false,false,true,true,true,001769,AST-TS-3,false,true,RECONCILIATION_REQUIRED,mapped_inactive,false
6164,671102/,false,true,true,true,true,001768,671102/,false,true,RECONCILIATION_REQUIRED,mapped_inactive,false
6165,671103/,false,false,false,true,true,001767,671103/,false,true,RECONCILIATION_REQUIRED,mapped_inactive,false
6166,671106/,false,true,true,true,true,001766,671106/,false,true,RECONCILIATION_REQUIRED,mapped_inactive,false
6167,671202/,false,false,false,true,true,001765,671202/,false,true,RECONCILIATION_REQUIRED,mapped_inactive,false
6168,671203/,false,false,false,true,true,001764,671203/,false,true,RECONCILIATION_REQUIRED,mapped_inactive,false
6169,671512/,false,false,false,true,true,001763,671512/,false,true,RECONCILIATION_REQUIRED,mapped_inactive,false
6170,671516/,false,false,false,true,true,001762,671516/,false,true,RECONCILIATION_REQUIRED,mapped_inactive,false
6171,671520/,false,false,false,true,true,001761,671520/,false,true,RECONCILIATION_REQUIRED,mapped_inactive,false
6172,AST-OPSC-BT30,false,true,true,true,true,001760,AST-OPSC-BT30,false,true,RECONCILIATION_REQUIRED,mapped_inactive,false
6173,AST-OPSC-DIN30,false,true,true,true,true,001759,AST-OPSC-DIN30,false,true,RECONCILIATION_REQUIRED,mapped_inactive,false
6174,AST-OPSC-DIN40,false,true,true,true,true,001758,AST-OPSC-DIN40,false,true,RECONCILIATION_REQUIRED,mapped_inactive,false
6175,AST-PSC-BT30,false,true,true,true,true,001757,AST-PSC-BT30,false,true,RECONCILIATION_REQUIRED,mapped_inactive,false
6176,AST-OPSC-DIN50,false,true,true,true,true,001756,AST-OPSC-DIN50,false,true,RECONCILIATION_REQUIRED,mapped_inactive,false
6177,AST-PSC-BT50,false,true,true,true,true,001755,AST-PSC-BT50,false,true,RECONCILIATION_REQUIRED,mapped_inactive,false
6178,AST-PSC-DIN50,false,true,true,true,true,001754,AST-PSC-DIN50,false,true,RECONCILIATION_REQUIRED,mapped_inactive,false
6179,AST-PSC-DIN30,false,true,true,true,true,001753,AST-PSC-DIN30,false,true,RECONCILIATION_REQUIRED,mapped_inactive,false
6180,AST-PSC-DIN40,false,true,true,true,true,001752,AST-PSC-DIN40,false,true,RECONCILIATION_REQUIRED,mapped_inactive,false
6181,AST-GAT7,true,true,true,false,false,,,,true,UNMAPPED,,false
6182,AST-GAT12,true,true,true,false,false,,,,true,UNMAPPED,,false
6183,AST-GAT20,true,true,true,false,false,,,,true,UNMAPPED,,false
6184,AST-FC10,false,true,true,true,true,001751,AST-FC10,false,true,RECONCILIATION_REQUIRED,mapped_inactive,false
6185,AST-FC11,false,true,true,true,true,001750,AST-FC11,false,true,RECONCILIATION_REQUIRED,mapped_inactive,false
6186,AST-FC20,false,true,true,true,true,001749,AST-FC20,false,true,RECONCILIATION_REQUIRED,mapped_inactive,false
6187,AST-FC21,false,true,true,true,true,001748,AST-FC21,false,true,RECONCILIATION_REQUIRED,mapped_inactive,false
6188,AST-FC59,false,true,true,true,true,001747,AST-FC59,false,true,RECONCILIATION_REQUIRED,mapped_inactive,false
6189,AST-FC1014,false,true,true,true,true,001746,AST-FC1014,false,true,RECONCILIATION_REQUIRED,mapped_inactive,false
6190,AST-V4620,false,true,true,true,true,001745,AST-V4620,false,true,RECONCILIATION_REQUIRED,mapped_inactive,false
6191,AST-BR7,false,true,true,true,true,001744,AST-BR7,false,true,RECONCILIATION_REQUIRED,mapped_inactive,false
6192,AST-BR12,false,true,true,true,true,001743,AST-BR12,false,true,RECONCILIATION_REQUIRED,mapped_inactive,false
6193,AST-BR20,false,true,true,true,true,001742,AST-BR20,false,true,RECONCILIATION_REQUIRED,mapped_inactive,false
6194,AST-VH320,true,true,true,false,false,,,,true,UNMAPPED,,false
6195,AST-VH345,true,true,true,false,false,,,,true,UNMAPPED,,false
6196,AST-VH430,true,true,true,false,false,,,,true,UNMAPPED,,false
6197,AST-GZD160,true,true,true,false,false,,,,true,UNMAPPED,,false
6198,AST-GZD210,true,true,true,false,false,,,,true,UNMAPPED,,false
6199,AST-GZD270,true,true,true,false,false,,,,true,UNMAPPED,,false
6200,AST-VW105,true,true,true,false,false,,,,true,UNMAPPED,,false
6201,AST-VW120,false,true,true,true,true,001741,AST-VW120,false,true,RECONCILIATION_REQUIRED,mapped_inactive,false
6202,AST-GDI75,true,true,true,false,false,,,,true,UNMAPPED,,false
6203,AST-GDI95,true,true,true,false,false,,,,true,UNMAPPED,,false
6204,AST-DV76,true,true,true,false,false,,,,true,UNMAPPED,,false
6205,AST-DV102,true,true,true,false,false,,,,true,UNMAPPED,,false
6206,AST-DV152,true,true,true,false,false,,,,true,UNMAPPED,,false
6207,AST-DV203,true,true,true,false,false,,,,true,UNMAPPED,,false
6208,AST-TSG76,true,true,true,false,false,,,,true,UNMAPPED,,false
6209,AST-TSG102,true,true,true,false,false,,,,true,UNMAPPED,,false
6210,AST-TSG125,true,true,true,false,false,,,,true,UNMAPPED,,false
6211,AST-TSG152,true,true,true,false,false,,,,true,UNMAPPED,,false
6212,AST-TSG203,true,true,true,false,false,,,,true,UNMAPPED,,false
6213,AST-VTVG1080,true,true,true,false,false,,,,true,UNMAPPED,,false
6214,AST-BOU38901,false,true,true,true,true,001740,AST-BOU38901,false,true,RECONCILIATION_REQUIRED,mapped_inactive,false
6215,AST-BOU57901,false,true,true,true,true,001739,AST-BOU57901,false,true,RECONCILIATION_REQUIRED,mapped_inactive,false
6216,AST-BOU57904,false,true,true,true,true,001738,AST-BOU57904,false,true,RECONCILIATION_REQUIRED,mapped_inactive,false
6217,UFR/L02,false,true,true,true,true,001737,UFR/L02,false,true,RECONCILIATION_REQUIRED,mapped_inactive,false
6218,481201,false,true,true,false,false,,,,true,UNMAPPED,,false
6219,B2PU1238,false,true,true,false,false,,,,true,UNMAPPED,,false
6220,B3PU1238,false,true,true,false,false,,,,true,UNMAPPED,,false
6221,B2PU58,false,true,true,false,false,,,,true,UNMAPPED,,false
6222,B3PU58,false,true,true,false,false,,,,true,UNMAPPED,,false
6223,11303-3,false,true,true,false,false,,,,true,UNMAPPED,,false
6224,11202-2S,false,true,true,false,false,,,,true,UNMAPPED,,false
6225,11202-2K,false,true,true,false,false,,,,true,UNMAPPED,,false
6226,K-11502,false,true,true,false,false,,,,true,UNMAPPED,,false
6227,K-11507,false,true,true,false,false,,,,true,UNMAPPED,,false
6228,11304-3,false,true,true,false,false,,,,true,UNMAPPED,,false
6229,11206,false,true,true,false,false,,,,true,UNMAPPED,,false
6230,11305-4,false,true,true,false,false,,,,true,UNMAPPED,,false
6231,11305-3,false,true,true,true,true,001736,11305-3,false,true,RECONCILIATION_REQUIRED,mapped_inactive,false
6232,11306-3,false,true,true,true,true,001735,11306-3,false,true,RECONCILIATION_REQUIRED,mapped_inactive,false
6233,13M-B12-LOCK,false,true,true,false,false,,,,true,UNMAPPED,,false
6234,13M-B16-LOCK,false,true,true,true,true,001734,13M-B16-LOCK,false,true,RECONCILIATION_REQUIRED,mapped_inactive,false
6235,6M-3/8,false,false,false,true,true,001733,6M-3/8,false,true,RECONCILIATION_REQUIRED,mapped_inactive,false
6236,BA12210203304A,false,true,true,false,false,,,,true,UNMAPPED,,false
6237,BA12413101104A,false,true,true,false,false,,,,true,UNMAPPED,,false
6238,12404-3A,false,true,true,true,true,001732,12404-3A,false,true,RECONCILIATION_REQUIRED,mapped_inactive,false
6239,12503-2A,false,true,true,true,true,001731,12503-2A,false,true,RECONCILIATION_REQUIRED,mapped_inactive,false
6240,3S-JT1,false,true,true,true,true,001730,3S-JT1,false,true,RECONCILIATION_REQUIRED,mapped_inactive,false
6241,6H-JT1,false,true,true,true,true,001729,6H-JT1,false,true,RECONCILIATION_REQUIRED,mapped_inactive,false
6242,6H-B12,false,true,true,true,true,001728,6H-B12,false,true,RECONCILIATION_REQUIRED,mapped_inactive,false
6243,1222152,false,true,true,true,true,001727,1222152,false,true,RECONCILIATION_REQUIRED,mapped_inactive,false
6244,10H-JT33,false,true,true,true,true,001726,10H-JT33,false,true,RECONCILIATION_REQUIRED,mapped_inactive,false
6245,10S-B10,false,true,true,true,true,001725,10S-B10,false,true,RECONCILIATION_REQUIRED,mapped_inactive,false
6246,1222356,false,true,true,true,true,001724,1222356,false,true,RECONCILIATION_REQUIRED,mapped_inactive,false
6247,12203-3,false,true,true,true,true,001723,12203-3,false,true,RECONCILIATION_REQUIRED,mapped_inactive,false
6248,1222455,false,true,true,true,true,001722,1222455,false,true,RECONCILIATION_REQUIRED,mapped_inactive,false
6249,1222553,false,true,true,true,true,001721,1222553,false,true,RECONCILIATION_REQUIRED,mapped_inactive,false
6250,1222554,false,true,true,true,true,001720,1222554,false,true,RECONCILIATION_REQUIRED,mapped_inactive,false
6251,20002,false,true,true,false,false,,,,true,UNMAPPED,,false
6252,6S-MT2,false,true,true,false,false,,,,true,UNMAPPED,,false
6253,8S-MT2,false,true,true,false,false,,,,true,UNMAPPED,,false
6254,1262401,false,true,true,true,true,001719,1262401,false,true,RECONCILIATION_REQUIRED,mapped_inactive,false
6255,12603,false,true,true,true,true,001718,12603,false,true,RECONCILIATION_REQUIRED,mapped_inactive,false
6256,1262402,false,true,true,true,true,001717,1262402,false,true,RECONCILIATION_REQUIRED,mapped_inactive,false
6257,1262403,false,true,true,true,true,001716,1262403,false,true,RECONCILIATION_REQUIRED,mapped_inactive,false
6258,1262501,false,true,true,true,true,001715,1262501,false,true,RECONCILIATION_REQUIRED,mapped_inactive,false
6259,1262502,false,true,true,true,true,001714,1262502,false,true,RECONCILIATION_REQUIRED,mapped_inactive,false
6260,JAWS-13S,false,true,true,true,true,001713,JAWS-13S,false,true,RECONCILIATION_REQUIRED,mapped_inactive,false
6261,JAWS-16S,false,true,true,true,true,001712,JAWS-16S,false,true,RECONCILIATION_REQUIRED,mapped_inactive,false
6262,12801,false,true,true,true,true,001711,12801,false,true,RECONCILIATION_REQUIRED,mapped_inactive,false
6263,12802,false,true,true,true,true,001710,12802,false,true,RECONCILIATION_REQUIRED,mapped_inactive,false
6264,12804,false,true,true,true,true,001709,12804,false,true,RECONCILIATION_REQUIRED,mapped_inactive,false
6265,12806,false,true,true,true,true,001708,12806,false,true,RECONCILIATION_REQUIRED,mapped_inactive,false
6266,12808,false,true,true,true,true,001707,12808,false,true,RECONCILIATION_REQUIRED,mapped_inactive,false
6267,80072-08,false,true,true,true,true,001706,80072-08,false,true,RECONCILIATION_REQUIRED,mapped_inactive,false
6268,80072-09,false,true,true,true,true,001705,80072-09,false,true,RECONCILIATION_REQUIRED,mapped_inactive,false
6269,80072-10,false,true,true,true,true,001704,80072-10,false,true,RECONCILIATION_REQUIRED,mapped_inactive,false
6270,80072-11,false,true,true,true,true,001703,80072-11,false,true,RECONCILIATION_REQUIRED,mapped_inactive,false
6271,80072-12,false,true,true,true,true,001702,80072-12,false,true,RECONCILIATION_REQUIRED,mapped_inactive,false
6272,80072-06,false,true,true,true,true,001701,80072-06,false,true,RECONCILIATION_REQUIRED,mapped_inactive,false
6273,80072-07,false,true,true,true,true,001700,80072-07,false,true,RECONCILIATION_REQUIRED,mapped_inactive,false
6274,80072-05,false,true,true,true,true,001699,80072-05,false,true,RECONCILIATION_REQUIRED,mapped_inactive,false
6275,11604,false,true,true,true,true,001698,11604,false,true,RECONCILIATION_REQUIRED,mapped_inactive,false
6276,11605,false,true,true,true,true,001697,11605,false,true,RECONCILIATION_REQUIRED,mapped_inactive,false
6277,11606,false,true,true,true,true,001696,11606,false,true,RECONCILIATION_REQUIRED,mapped_inactive,false
6278,11609,false,true,true,true,true,001695,11609,false,true,RECONCILIATION_REQUIRED,mapped_inactive,false
6279,11610,false,true,true,true,true,001694,11610,false,true,RECONCILIATION_REQUIRED,mapped_inactive,false
6280,36263,false,true,true,true,true,001693,36263,false,true,RECONCILIATION_REQUIRED,mapped_inactive,false
6281,36264,false,true,true,true,true,001692,36264,false,true,RECONCILIATION_REQUIRED,mapped_inactive,false
6282,36265,false,true,true,true,true,001691,36265,false,true,RECONCILIATION_REQUIRED,mapped_inactive,false
6283,36163,false,true,true,true,true,001690,36163,false,true,RECONCILIATION_REQUIRED,mapped_inactive,false
6284,36164,false,true,true,true,true,001689,36164,false,true,RECONCILIATION_REQUIRED,mapped_inactive,false
6285,36165,false,true,true,true,true,001688,36165,false,true,RECONCILIATION_REQUIRED,mapped_inactive,false
6286,36365,false,true,true,true,true,001687,36365,false,true,RECONCILIATION_REQUIRED,mapped_inactive,false
6287,36203,false,true,true,true,true,001686,36203,false,true,RECONCILIATION_REQUIRED,mapped_inactive,false
6288,36205,false,true,true,true,true,001685,36205,false,true,RECONCILIATION_REQUIRED,mapped_inactive,false
6289,36103,false,true,true,true,true,001684,36103,false,true,RECONCILIATION_REQUIRED,mapped_inactive,false
6290,36266,false,true,true,true,true,001683,36266,false,true,RECONCILIATION_REQUIRED,mapped_inactive,false
6291,36280,false,true,true,true,true,001682,36280,false,true,RECONCILIATION_REQUIRED,mapped_inactive,false
6292,36180,false,true,true,true,true,001681,36180,false,true,RECONCILIATION_REQUIRED,mapped_inactive,false
6293,36166,false,true,true,true,true,001680,36166,false,true,RECONCILIATION_REQUIRED,mapped_inactive,false
6294,36176,false,true,true,true,true,001679,36176,false,true,RECONCILIATION_REQUIRED,mapped_inactive,false
6295,36367,false,true,true,true,true,001678,36367,false,true,RECONCILIATION_REQUIRED,mapped_inactive,false
6296,36376,false,true,true,true,true,001677,36376,false,true,RECONCILIATION_REQUIRED,mapped_inactive,false
6297,BT40-WFE20,false,true,true,true,true,001676,BT40-WFE20,false,true,RECONCILIATION_REQUIRED,mapped_inactive,false
6298,BT50-WFE20,false,true,true,true,true,001675,BT50-WFE20,false,true,RECONCILIATION_REQUIRED,mapped_inactive,false
6299,36210,false,true,true,true,true,001674,36210,false,true,RECONCILIATION_REQUIRED,mapped_inactive,false
6300,36110,false,true,true,true,true,001673,36110,false,true,RECONCILIATION_REQUIRED,mapped_inactive,false
6301,36310,false,true,true,true,true,001672,36310,false,true,RECONCILIATION_REQUIRED,mapped_inactive,false
6302,BT50-SF20,false,true,true,true,true,000172,BT50-SF20,false,true,RECONCILIATION_REQUIRED,mapped_inactive,false
6303,NT50-SF33,false,true,true,true,true,001671,NT50-SF33,false,true,RECONCILIATION_REQUIRED,mapped_inactive,false
6304,36181,false,true,true,true,true,001670,36181,false,true,RECONCILIATION_REQUIRED,mapped_inactive,false
6305,36175,false,true,true,true,true,001669,36175,false,true,RECONCILIATION_REQUIRED,mapped_inactive,false
6306,36385,false,true,true,true,true,001668,36385,false,true,RECONCILIATION_REQUIRED,mapped_inactive,false
6307,36261,false,true,true,true,true,001667,36261,false,true,RECONCILIATION_REQUIRED,mapped_inactive,false
6308,36262,false,true,true,true,true,001666,36262,false,true,RECONCILIATION_REQUIRED,mapped_inactive,false
6309,D25A-WF12,false,true,true,true,true,001665,D25A-WF12,false,true,RECONCILIATION_REQUIRED,mapped_inactive,false
6310,36272,false,true,true,true,true,001664,36272,false,true,RECONCILIATION_REQUIRED,mapped_inactive,false
6311,36162,false,true,true,true,true,001663,36162,false,true,RECONCILIATION_REQUIRED,mapped_inactive,false
6312,D25A-WF20,false,true,true,true,true,001662,D25A-WF20,false,true,RECONCILIATION_REQUIRED,mapped_inactive,false
6313,36172,false,true,true,true,true,001661,36172,false,true,RECONCILIATION_REQUIRED,mapped_inactive,false
6314,36372,false,true,true,true,true,001660,36372,false,true,RECONCILIATION_REQUIRED,mapped_inactive,false
6315,36102,false,true,true,true,true,001659,36102,false,true,RECONCILIATION_REQUIRED,mapped_inactive,false
6316,36211,false,true,true,true,true,001658,36211,false,true,RECONCILIATION_REQUIRED,mapped_inactive,false
6317,36112,false,true,true,true,true,001657,36112,false,true,RECONCILIATION_REQUIRED,mapped_inactive,false
6318,36302,false,true,true,true,true,001656,36302,false,true,RECONCILIATION_REQUIRED,mapped_inactive,false
6319,36312,false,true,true,true,true,001655,36312,false,true,RECONCILIATION_REQUIRED,mapped_inactive,false
6320,D32-SF33,false,true,true,true,true,000173,D32-SF33,false,true,RECONCILIATION_REQUIRED,mapped_inactive,false
6321,HSK63A-SF33,false,true,true,true,true,001654,HSK63A-SF33,false,true,RECONCILIATION_REQUIRED,mapped_inactive,false
6322,36207,false,true,true,false,false,,,,true,UNMAPPED,,false
6323,36107,false,true,true,false,false,,,,true,UNMAPPED,,false
6324,35254,false,true,true,false,false,,,,true,UNMAPPED,,false
6325,35256,false,true,true,true,true,001653,35256,false,true,RECONCILIATION_REQUIRED,mapped_inactive,false
6326,35258,false,true,true,false,false,,,,true,UNMAPPED,,false
6327,35261,false,true,true,false,false,,,,true,UNMAPPED,,false
6328,35275,false,true,true,false,false,,,,true,UNMAPPED,,false
6329,35276,false,true,true,false,false,,,,true,UNMAPPED,,false
6330,35264,false,true,true,false,false,,,,true,UNMAPPED,,false
6331,35277,false,true,true,false,false,,,,true,UNMAPPED,,false
6332,35265,false,true,true,false,false,,,,true,UNMAPPED,,false
6333,35278,false,true,true,false,false,,,,true,UNMAPPED,,false
6334,35279,false,true,true,false,false,,,,true,UNMAPPED,,false
6335,35267,false,true,true,false,false,,,,true,UNMAPPED,,false
6336,35280,false,true,true,false,false,,,,true,UNMAPPED,,false
6337,35268,false,true,true,false,false,,,,true,UNMAPPED,,false
6338,35281,false,true,true,true,true,001652,35281,false,true,RECONCILIATION_REQUIRED,mapped_inactive,false
6339,35269,false,true,true,false,false,,,,true,UNMAPPED,,false
6340,35282,false,true,true,false,false,,,,true,UNMAPPED,,false
6341,35271,false,true,true,false,false,,,,true,UNMAPPED,,false
6342,35283,false,true,true,false,false,,,,true,UNMAPPED,,false
6343,35286,false,true,true,true,true,001651,35286,false,true,RECONCILIATION_REQUIRED,mapped_inactive,false
6344,35130,false,true,true,false,false,,,,true,UNMAPPED,,false
6345,35131,false,true,true,false,false,,,,true,UNMAPPED,,false
6346,35132,false,true,true,false,false,,,,true,UNMAPPED,,false
6347,35133,false,true,true,false,false,,,,true,UNMAPPED,,false
6348,35136,false,true,true,false,false,,,,true,UNMAPPED,,false
6349,35138,false,true,true,false,false,,,,true,UNMAPPED,,false
6350,35140,false,true,true,false,false,,,,true,UNMAPPED,,false
6351,35142,false,true,true,false,false,,,,true,UNMAPPED,,false
6352,35144,false,true,true,false,false,,,,true,UNMAPPED,,false
6353,35146,false,true,true,false,false,,,,true,UNMAPPED,,false
6354,35148,false,true,true,false,false,,,,true,UNMAPPED,,false
6355,35150,false,true,true,false,false,,,,true,UNMAPPED,,false
6356,35336,false,true,true,false,false,,,,true,UNMAPPED,,false
6357,35338,false,true,true,true,true,001650,35338,false,true,RECONCILIATION_REQUIRED,mapped_inactive,false
6358,35340,false,true,true,true,true,001649,35340,false,true,RECONCILIATION_REQUIRED,mapped_inactive,false
6359,35342,false,true,true,false,false,,,,true,UNMAPPED,,false
6360,35344,false,true,true,false,false,,,,true,UNMAPPED,,false
6361,35346,false,true,true,false,false,,,,true,UNMAPPED,,false
6362,35348,false,true,true,false,false,,,,true,UNMAPPED,,false
6363,35350,false,true,true,false,false,,,,true,UNMAPPED,,false
6364,35352,false,true,true,true,true,001648,35352,false,true,RECONCILIATION_REQUIRED,mapped_inactive,false
6365,35354,false,true,true,false,false,,,,true,UNMAPPED,,false
6366,35636,false,true,true,false,false,,,,true,UNMAPPED,,false
6367,35638,false,true,true,false,false,,,,true,UNMAPPED,,false
6368,35640,false,true,true,false,false,,,,true,UNMAPPED,,false
6369,35642,false,true,true,false,false,,,,true,UNMAPPED,,false
6370,35644,false,true,true,false,false,,,,true,UNMAPPED,,false
6371,35646,false,true,true,false,false,,,,true,UNMAPPED,,false
6372,35648,false,true,true,false,false,,,,true,UNMAPPED,,false
6373,35650,false,true,true,false,false,,,,true,UNMAPPED,,false
6374,35652,false,true,true,false,false,,,,true,UNMAPPED,,false
6375,35654,false,true,true,true,true,001647,35654,false,true,RECONCILIATION_REQUIRED,mapped_inactive,false
6376,3600400,false,true,true,false,false,,,,true,UNMAPPED,,false
6377,3600800,false,true,true,false,false,,,,true,UNMAPPED,,false
6378,35002,false,true,true,false,false,,,,true,UNMAPPED,,false
6379,35065,false,true,true,true,true,001646,35065,false,true,RECONCILIATION_REQUIRED,mapped_inactive,false
6380,35057,false,true,true,true,true,001645,35057,false,true,RECONCILIATION_REQUIRED,mapped_inactive,false
6381,35085,false,true,true,false,false,,,,true,UNMAPPED,,false
6382,35051,false,true,true,true,true,001644,35051,false,true,RECONCILIATION_REQUIRED,mapped_inactive,false
6383,35052,false,true,true,true,true,001643,35052,false,true,RECONCILIATION_REQUIRED,mapped_inactive,false
6384,35031,false,true,true,true,true,001642,35031,false,true,RECONCILIATION_REQUIRED,mapped_inactive,false
6385,35033,false,true,true,true,true,001641,35033,false,true,RECONCILIATION_REQUIRED,mapped_inactive,false
6386,35035,false,true,true,true,true,001640,35035,false,true,RECONCILIATION_REQUIRED,mapped_inactive,false
6387,STA0002,false,true,true,true,true,001639,STA0002,false,true,RECONCILIATION_REQUIRED,mapped_inactive,false
6388,NT02014,false,true,true,true,true,001638,NT02014,false,true,RECONCILIATION_REQUIRED,mapped_inactive,false
6389,NT02044,false,true,true,true,true,001637,NT02044,false,true,RECONCILIATION_REQUIRED,mapped_inactive,false
6390,NT02142,false,true,true,true,true,001636,NT02142,false,true,RECONCILIATION_REQUIRED,mapped_inactive,false
6391,NT02172,false,true,true,true,true,001635,NT02172,false,true,RECONCILIATION_REQUIRED,mapped_inactive,false
6392,NT02192,false,true,true,true,true,001634,NT02192,false,true,RECONCILIATION_REQUIRED,mapped_inactive,false
6393,NT02202,false,true,true,true,true,001633,NT02202,false,true,RECONCILIATION_REQUIRED,mapped_inactive,false
6394,NT02222,false,true,true,true,true,001632,NT02222,false,true,RECONCILIATION_REQUIRED,mapped_inactive,false
6395,NT02220,false,true,true,true,true,001631,NT02220,false,true,RECONCILIATION_REQUIRED,mapped_inactive,false
6396,NT02242,false,true,true,true,true,001630,NT02242,false,true,RECONCILIATION_REQUIRED,mapped_inactive,false
6397,NT02332,false,true,true,true,true,001629,NT02332,false,true,RECONCILIATION_REQUIRED,mapped_inactive,false
6398,SK02035B,false,true,true,true,true,001628,SK02035B,false,true,RECONCILIATION_REQUIRED,mapped_inactive,false
6399,SK02035,false,true,true,true,true,001627,SK02035,false,true,RECONCILIATION_REQUIRED,mapped_inactive,false
6400,SK02120,false,true,true,true,true,001626,SK02120,false,true,RECONCILIATION_REQUIRED,mapped_inactive,false
6401,SK02122,false,true,true,true,true,001625,SK02122,false,true,RECONCILIATION_REQUIRED,mapped_inactive,false
6402,SK02140,false,true,true,true,true,001624,SK02140,false,true,RECONCILIATION_REQUIRED,mapped_inactive,false
6403,SK02155,false,true,true,true,true,001623,SK02155,false,true,RECONCILIATION_REQUIRED,mapped_inactive,false
6404,84525,false,true,true,true,true,001622,84525,false,true,RECONCILIATION_REQUIRED,mapped_inactive,false
6405,80200-05,false,false,false,true,true,001621,80200-05,false,true,RECONCILIATION_REQUIRED,mapped_inactive,false
6406,BT02080,false,true,true,true,true,001620,BT02080,false,true,RECONCILIATION_REQUIRED,mapped_inactive,false
6407,BT02150,false,false,false,true,true,001619,BT02150,false,true,RECONCILIATION_REQUIRED,mapped_inactive,false
6408,BT02120,false,true,true,true,true,001618,BT02120,false,true,RECONCILIATION_REQUIRED,mapped_inactive,false
6409,BT02185,false,true,true,true,true,001617,BT02185,false,true,RECONCILIATION_REQUIRED,mapped_inactive,false
6410,BT02200,false,true,true,true,true,001616,BT02200,false,true,RECONCILIATION_REQUIRED,mapped_inactive,false
6411,BT02202,false,true,true,true,true,001615,BT02202,false,true,RECONCILIATION_REQUIRED,mapped_inactive,false
6412,BT02215,false,true,true,true,true,001614,BT02215,false,true,RECONCILIATION_REQUIRED,mapped_inactive,false
6413,BT02220,false,true,true,true,true,001613,BT02220,false,true,RECONCILIATION_REQUIRED,mapped_inactive,false
6414,BT02410,false,true,true,true,true,001612,BT02410,false,true,RECONCILIATION_REQUIRED,mapped_inactive,false
6415,BT03020,false,true,true,true,true,001611,BT03020,false,true,RECONCILIATION_REQUIRED,mapped_inactive,false
6416,BA2BT40032B01A,false,true,true,true,true,001610,BA2BT40032B01A,false,true,RECONCILIATION_REQUIRED,mapped_inactive,false
6417,BA2BT40032501A,false,true,true,true,true,000174,BA2BT40032501A,false,true,RECONCILIATION_REQUIRED,mapped_inactive,false
6418,BT03055,false,true,true,true,true,001609,BT03055,false,true,RECONCILIATION_REQUIRED,mapped_inactive,false
6419,BA2BT40033B01A,false,true,true,true,true,001608,BA2BT40033B01A,false,true,RECONCILIATION_REQUIRED,mapped_inactive,false
6420,BT03045,false,true,true,true,true,001607,BT03045,false,true,RECONCILIATION_REQUIRED,mapped_inactive,false
6421,BT03095,false,true,true,true,true,001606,BT03095,false,true,RECONCILIATION_REQUIRED,mapped_inactive,false
6422,BA2BT50033203A,false,true,true,true,true,001605,BA2BT50033203A,false,true,RECONCILIATION_REQUIRED,mapped_inactive,false
6423,SK50-C32,false,true,true,true,true,001604,SK50-C32,false,true,RECONCILIATION_REQUIRED,mapped_inactive,false
6424,HOOK-C20,false,true,true,true,true,001603,HOOK-C20,false,true,RECONCILIATION_REQUIRED,mapped_inactive,false
6425,HOOK-C25,false,true,true,true,true,001602,HOOK-C25,false,true,RECONCILIATION_REQUIRED,mapped_inactive,false
6426,HOOK-C32,false,true,true,true,true,001601,HOOK-C32,false,true,RECONCILIATION_REQUIRED,mapped_inactive,false
6427,BT06154,false,true,true,true,true,001600,BT06154,false,true,RECONCILIATION_REQUIRED,mapped_inactive,false
6428,BT06170,false,true,true,true,true,001599,BT06170,false,true,RECONCILIATION_REQUIRED,mapped_inactive,false
6429,NT06549,false,true,true,true,true,001598,NT06549,false,true,RECONCILIATION_REQUIRED,mapped_inactive,false
6430,SK06015,false,true,true,true,true,001597,SK06015,false,true,RECONCILIATION_REQUIRED,mapped_inactive,false
6431,SK06020,false,true,true,true,true,001596,SK06020,false,true,RECONCILIATION_REQUIRED,mapped_inactive,false
6432,80049-02,false,true,true,true,true,001595,80049-02,false,true,RECONCILIATION_REQUIRED,mapped_inactive,false
6433,80049-03,false,true,true,true,true,001594,80049-03,false,true,RECONCILIATION_REQUIRED,mapped_inactive,false
6434,80049-04,false,true,true,true,true,001593,80049-04,false,true,RECONCILIATION_REQUIRED,mapped_inactive,false
6435,80049-06,false,true,true,true,true,001592,80049-06,false,true,RECONCILIATION_REQUIRED,mapped_inactive,false
6436,80049-08,false,true,true,true,true,001591,80049-08,false,true,RECONCILIATION_REQUIRED,mapped_inactive,false
6437,80049-10,false,true,true,true,true,001590,80049-10,false,true,RECONCILIATION_REQUIRED,mapped_inactive,false
6438,8004912,false,true,true,true,true,001589,8004912,false,true,RECONCILIATION_REQUIRED,mapped_inactive,false
6439,80049-14,false,true,true,false,false,,,,true,UNMAPPED,,false
6440,80049-15,false,true,true,false,false,,,,true,UNMAPPED,,false
6441,80049-16,false,true,true,false,false,,,,true,UNMAPPED,,false
6442,C25-4,false,true,true,false,false,,,,true,UNMAPPED,,false
6443,C25-6,false,true,true,false,false,,,,true,UNMAPPED,,false
6444,C25-8,false,true,true,false,false,,,,true,UNMAPPED,,false
6445,C25-10,false,true,true,false,false,,,,true,UNMAPPED,,false
6446,C25-12,false,true,true,false,false,,,,true,UNMAPPED,,false
6447,C25-14,false,true,true,false,false,,,,true,UNMAPPED,,false
6448,C25-16,false,true,true,false,false,,,,true,UNMAPPED,,false
6449,C25-18,false,true,true,false,false,,,,true,UNMAPPED,,false
6450,C25-20,false,true,true,false,false,,,,true,UNMAPPED,,false
6451,80050-2,false,true,true,false,false,,,,true,UNMAPPED,,false
6452,80050-03,false,true,true,false,false,,,,true,UNMAPPED,,false
6453,80050-04,false,true,true,false,false,,,,true,UNMAPPED,,false
6454,80050-05,false,true,true,false,false,,,,true,UNMAPPED,,false
6455,80050-06,false,true,true,false,false,,,,true,UNMAPPED,,false
6456,80050-08,false,true,true,false,false,,,,true,UNMAPPED,,false
6457,80050-10,false,true,true,false,false,,,,true,UNMAPPED,,false
6458,80050-12,false,true,true,false,false,,,,true,UNMAPPED,,false
6459,80050-14,false,true,true,false,false,,,,true,UNMAPPED,,false
6460,80050-16,false,true,true,false,false,,,,true,UNMAPPED,,false
6461,80050-18,false,true,true,false,false,,,,true,UNMAPPED,,false
6462,80050-20,false,true,true,false,false,,,,true,UNMAPPED,,false
6463,80050-22,false,true,true,false,false,,,,true,UNMAPPED,,false
6464,80050-24,false,true,true,false,false,,,,true,UNMAPPED,,false
6465,80050-25,false,true,true,false,false,,,,true,UNMAPPED,,false
6466,C3/4-6,false,true,true,false,false,,,,true,UNMAPPED,,false
6467,80071-09,false,false,false,false,false,,,,true,UNMAPPED,,false
6468,80071-12,false,true,true,false,false,,,,true,UNMAPPED,,false
6469,80071-06,false,true,true,false,false,,,,true,UNMAPPED,,false
6470,80071-07,false,true,true,false,false,,,,true,UNMAPPED,,false
6471,90051,false,true,true,false,false,,,,true,UNMAPPED,,false
6472,90054,false,true,true,false,false,,,,true,UNMAPPED,,false
6473,90012,false,true,true,false,false,,,,true,UNMAPPED,,false
6474,90001,false,true,true,false,false,,,,true,UNMAPPED,,false
6475,90003,false,true,true,false,false,,,,true,UNMAPPED,,false
6476,81245,false,true,true,false,false,,,,true,UNMAPPED,,false
6477,81244,false,true,true,false,false,,,,true,UNMAPPED,,false
6478,81251,false,true,true,false,false,,,,true,UNMAPPED,,false
6479,81252,false,true,true,false,false,,,,true,UNMAPPED,,false
6480,81253,false,true,true,false,false,,,,true,UNMAPPED,,false
6481,81254,false,true,true,false,false,,,,true,UNMAPPED,,false
6482,81257,false,true,true,false,false,,,,true,UNMAPPED,,false
6483,81261,false,true,true,false,false,,,,true,UNMAPPED,,false
6484,BE812SA01A,false,true,true,true,true,000175,BE812SA01A,true,true,MAPPED_ACTIVE,,false
6485,81262,false,true,true,false,false,,,,true,UNMAPPED,,false
6486,BE8208101A,false,true,true,false,false,,,,true,UNMAPPED,,false
6487,BT01510,false,true,true,false,false,,,,true,UNMAPPED,,false
6488,BT01525,false,true,true,false,false,,,,true,UNMAPPED,,false
6489,BT01025,false,true,true,true,true,001588,BT01025,false,true,RECONCILIATION_REQUIRED,mapped_inactive,false
6490,BA2BT40013180A,false,true,true,true,true,001587,BA2BT40013180A,false,true,RECONCILIATION_REQUIRED,mapped_inactive,false
6491,BA2BT40013190A,false,true,true,false,false,,,,true,UNMAPPED,,false
6492,BT01545,false,true,true,true,true,001586,BT01545,false,true,RECONCILIATION_REQUIRED,mapped_inactive,false
6493,BT01550,false,true,true,false,false,,,,true,UNMAPPED,,false
6494,BT01564,false,true,true,true,true,001585,BT01564,false,true,RECONCILIATION_REQUIRED,mapped_inactive,false
6495,BT01565,false,true,true,false,false,,,,true,UNMAPPED,,false
6496,NT01070,false,true,true,false,false,,,,true,UNMAPPED,,false
6497,NT01060,false,true,true,false,false,,,,true,UNMAPPED,,false
6498,SK01020,false,true,true,false,false,,,,true,UNMAPPED,,false
6499,SK01030,false,true,true,false,false,,,,true,UNMAPPED,,false
6500,SK01550,false,true,true,true,true,001584,SK01550,false,true,RECONCILIATION_REQUIRED,mapped_inactive,false
6501,SK01560,false,true,true,false,false,,,,true,UNMAPPED,,false
6502,SK01580,false,true,true,false,false,,,,true,UNMAPPED,,false
6503,SK01070,false,true,true,false,false,,,,true,UNMAPPED,,false
6504,SK01080,false,true,true,false,false,,,,true,UNMAPPED,,false
6505,64005,false,true,true,false,false,,,,true,UNMAPPED,,false
6506,64020M,false,true,true,false,false,,,,true,UNMAPPED,,false
6507,64015M,false,true,true,false,false,,,,true,UNMAPPED,,false
6508,64015,false,true,true,false,false,,,,true,UNMAPPED,,false
6509,BT22518,false,true,true,false,false,,,,true,UNMAPPED,,false
6510,BT22520,false,true,true,false,false,,,,true,UNMAPPED,,false
6511,BT22550,false,true,true,true,true,001583,BT22550,false,true,RECONCILIATION_REQUIRED,mapped_inactive,false
6512,BT22560,false,true,true,false,false,,,,true,UNMAPPED,,false
6513,SK22520,false,true,true,false,false,,,,true,UNMAPPED,,false
6514,SK22530,false,true,true,false,false,,,,true,UNMAPPED,,false
6515,SK22550,false,true,true,false,false,,,,true,UNMAPPED,,false
6516,SK22560,false,true,true,true,true,001582,SK22560,false,true,RECONCILIATION_REQUIRED,mapped_inactive,false
6517,62010,false,true,true,false,false,,,,true,UNMAPPED,,false
6518,62025,false,true,true,false,false,,,,true,UNMAPPED,,false
6519,62035,false,true,true,true,true,001581,62035,false,true,RECONCILIATION_REQUIRED,mapped_inactive,false
6520,62040,false,true,true,false,false,,,,true,UNMAPPED,,false
6521,62418,false,true,true,true,true,001580,62418,false,true,RECONCILIATION_REQUIRED,mapped_inactive,false
6522,62420,false,true,true,false,false,,,,true,UNMAPPED,,false
6523,BA90103020018A,false,true,true,true,true,000176,BA90103020018A,false,true,RECONCILIATION_REQUIRED,mapped_inactive,false
6524,BA90102020006A,false,true,true,true,true,000177,BA90102020006A,true,true,MAPPED_ACTIVE,,false
6525,BA90102020002A,false,true,true,true,true,000178,BA90102020002A,false,true,RECONCILIATION_REQUIRED,mapped_inactive,false
6526,BF901T5650001A,false,true,true,true,true,001579,BF901T5650001A,false,true,RECONCILIATION_REQUIRED,mapped_inactive,false
6527,BF901T0860003A,false,true,true,true,true,001578,BF901T0860003A,false,true,RECONCILIATION_REQUIRED,mapped_inactive,false
6528,BF901T0860002A,false,true,true,true,true,001577,BF901T0860002A,false,true,RECONCILIATION_REQUIRED,mapped_inactive,false
6529,BA90103020005A,false,true,true,true,true,000179,BA90103020005A,false,true,RECONCILIATION_REQUIRED,mapped_inactive,false
6530,AST-832MA,true,true,true,false,false,,,,true,UNMAPPED,,false
6531,AST-M128,false,true,true,true,true,001576,AST-M128,false,true,RECONCILIATION_REQUIRED,mapped_inactive,false
6532,SDC-DR230,true,false,true,false,false,,,,true,UNMAPPED,,false
6533,CBN-DR230,true,false,true,false,false,,,,true,UNMAPPED,,false
6534,CBN-DR313,true,false,true,false,false,,,,true,UNMAPPED,,false
6535,SDC-DR313,true,false,true,false,false,,,,true,UNMAPPED,,false
6536,GH26PP-CBN,false,true,true,true,true,001575,GH26PP-CBN,false,true,RECONCILIATION_REQUIRED,mapped_inactive,false
6537,AST-E312-BRUSHLESS,false,true,true,true,true,001574,AST-E312-BRUSHLESS,false,true,RECONCILIATION_REQUIRED,mapped_inactive,false
6538,AST-E316,true,true,true,false,false,,,,true,UNMAPPED,,false
6539,GHEH14-CBN,false,true,true,true,true,001573,GHEH14-CBN,false,true,RECONCILIATION_REQUIRED,mapped_inactive,false
6540,GHF1420EH-CBN,false,true,true,true,true,001572,GHF1420EH-CBN,false,true,RECONCILIATION_REQUIRED,mapped_inactive,false
6541,GH1420EH-SDC,false,true,true,true,true,001571,GH1420EH-SDC,false,true,RECONCILIATION_REQUIRED,mapped_inactive,false
6542,GHEH14-SDC,false,true,true,true,true,001570,GHEH14-SDC,false,true,RECONCILIATION_REQUIRED,mapped_inactive,false
6543,GHLFB620-CBN,false,true,true,true,true,001569,GHLFB620-CBN,false,true,RECONCILIATION_REQUIRED,mapped_inactive,false
6544,GHRFB620-CBN,false,true,true,true,true,001568,GHRFB620-CBN,false,true,RECONCILIATION_REQUIRED,mapped_inactive,false
6545,SDC-GHRFB620,false,true,true,true,true,001567,SDC-GHRFB620,false,true,RECONCILIATION_REQUIRED,mapped_inactive,false
6546,SDC-GHLFB620,false,true,true,true,true,001566,SDC-GHLFB620,false,true,RECONCILIATION_REQUIRED,mapped_inactive,false
6547,SDC300-613,false,true,true,true,true,001565,SDC300-613,false,true,RECONCILIATION_REQUIRED,mapped_inactive,false
6548,SDC300-GH45,false,true,true,true,true,001564,SDC300-GH45,false,true,RECONCILIATION_REQUIRED,mapped_inactive,false
6549,GHTS20-CBN,false,true,true,true,true,001563,GHTS20-CBN,false,true,RECONCILIATION_REQUIRED,mapped_inactive,false
6550,GHTS42-CBN,false,true,true,false,false,,,,true,UNMAPPED,,false
6551,GHTS20-SDC,false,true,true,false,false,,,,true,UNMAPPED,,false
6552,GHTMS20-SDC,false,true,true,false,false,,,,true,UNMAPPED,,false
6553,GHTS42-SDC,false,true,true,false,false,,,,true,UNMAPPED,,false
6554,AST-VI600,false,true,true,false,false,,,,true,UNMAPPED,,false
6555,AST-MP600,false,true,true,false,false,,,,true,UNMAPPED,,false
6556,AST-50B,false,true,true,true,true,001562,AST-50B,false,true,RECONCILIATION_REQUIRED,mapped_inactive,false
6557,GHGT600-150008,false,true,true,false,false,,,,true,UNMAPPED,,false
6558,GHGT600-15010,false,true,true,true,true,001561,GHGT600-15010,false,true,RECONCILIATION_REQUIRED,mapped_inactive,false
6559,GHGT600-15020,false,true,true,false,false,,,,true,UNMAPPED,,false
6560,GHGT600-15032,false,true,true,false,false,,,,true,UNMAPPED,,false
6561,AST-PKH6,false,true,true,false,false,,,,true,UNMAPPED,,false
6562,GH-STW,false,true,true,true,true,001560,GH-STW,false,true,RECONCILIATION_REQUIRED,mapped_inactive,false
6563,AST-SM,true,true,true,false,false,,,,true,UNMAPPED,,false
6564,GHD-SM,false,true,true,false,false,,,,true,UNMAPPED,,false
6565,AST-SSRPT,false,true,true,true,true,001559,AST-SSRPT,false,true,RECONCILIATION_REQUIRED,mapped_inactive,false
6566,AST-SPARK1500,false,true,true,false,false,,,,true,UNMAPPED,,false
6567,AST-ER40-9,false,true,true,false,false,,,,true,UNMAPPED,,false
6568,AST-ER40-10,false,true,true,true,true,001558,AST-ER40-10,false,true,RECONCILIATION_REQUIRED,mapped_inactive,false
6569,AST-ER40-11,false,true,true,false,false,,,,true,UNMAPPED,,false
6570,AST-ER20-14,false,true,true,true,true,001557,AST-ER20-14,false,true,RECONCILIATION_REQUIRED,mapped_inactive,false
6571,AST-ER20-15,false,true,true,false,false,,,,true,UNMAPPED,,false
6572,AST-ER40-27,false,true,true,false,false,,,,true,UNMAPPED,,false
6573,AST-ER40-28,false,true,true,false,false,,,,true,UNMAPPED,,false
6574,AST-ER40-29,false,true,true,false,false,,,,true,UNMAPPED,,false
6575,AST-ER40-30,false,true,true,false,false,,,,true,UNMAPPED,,false
6576,AST-ER40-31,false,true,true,false,false,,,,true,UNMAPPED,,false
6577,AST-ER40-32,false,true,true,false,false,,,,true,UNMAPPED,,false
6578,1216602.8,false,false,true,false,false,,,,true,UNMAPPED,,false
6579,1216605,false,true,true,false,false,,,,true,UNMAPPED,,false
6580,1216607,false,true,true,false,false,,,,true,UNMAPPED,,false
6581,AST-DM36,false,false,false,true,true,001556,AST-DM36,false,true,RECONCILIATION_REQUIRED,mapped_inactive,false
6582,AST-PRO/35,false,true,true,false,false,,,,true,UNMAPPED,,false
6583,AST-PRO/T130,false,true,true,false,false,,,,true,UNMAPPED,,false
6584,AST-TU/MT2,false,true,true,false,false,,,,true,UNMAPPED,,false
6585,AST-TU/MT3,false,true,true,true,true,001555,AST-TU/MT3,false,true,RECONCILIATION_REQUIRED,mapped_inactive,false
6586,AST-COR205P,true,true,true,false,false,,,,true,UNMAPPED,,false
6587,AST-COR305P,true,true,true,false,false,,,,true,UNMAPPED,,false
6588,AST-K12,false,true,true,false,false,,,,true,UNMAPPED,,false
6589,AST-K23,false,true,true,false,false,,,,true,UNMAPPED,,false
6590,AST-K25,false,true,true,true,true,001554,AST-K25,false,true,RECONCILIATION_REQUIRED,mapped_inactive,false
6591,AST-K34,false,true,true,false,false,,,,true,UNMAPPED,,false
6592,AST-K35,false,true,true,false,false,,,,true,UNMAPPED,,false
6593,AST-K45,false,true,true,true,true,001553,AST-K45,false,true,RECONCILIATION_REQUIRED,mapped_inactive,false
6594,AST-K56,false,true,true,false,false,,,,true,UNMAPPED,,false
6595,AST-MS1B12,false,true,true,false,false,,,,true,UNMAPPED,,false
6596,AST-MS1B16,false,true,true,false,false,,,,true,UNMAPPED,,false
6597,AST-MS2B12,false,true,true,true,true,001552,AST-MS2B12,false,true,RECONCILIATION_REQUIRED,mapped_inactive,false
6598,AST-MS2B16,false,true,true,false,false,,,,true,UNMAPPED,,false
6599,AST-MS2B18,false,true,true,false,false,,,,true,UNMAPPED,,false
6600,AST-MS2B22,false,true,true,true,true,001551,AST-MS2B22,false,true,RECONCILIATION_REQUIRED,mapped_inactive,false
6601,AST-MS3B16,false,true,true,false,false,,,,true,UNMAPPED,,false
6602,AST-MS3B18,false,true,true,false,false,,,,true,UNMAPPED,,false
6603,AST-MS3B22,false,true,true,true,true,001550,AST-MS3B22,false,true,RECONCILIATION_REQUIRED,mapped_inactive,false
6604,AST-MS4B16,false,true,true,true,true,001549,AST-MS4B16,false,true,RECONCILIATION_REQUIRED,mapped_inactive,false
6605,AST-MS4B18,false,true,true,false,false,,,,true,UNMAPPED,,false
6606,AST-MS4B22,false,true,true,false,false,,,,true,UNMAPPED,,false
6607,511001/6,false,true,true,false,false,,,,true,UNMAPPED,,false
6608,511101/6,false,true,true,false,false,,,,true,UNMAPPED,,false
6609,511002,false,true,true,false,false,,,,true,UNMAPPED,,false
6610,511102,false,true,true,false,false,,,,true,UNMAPPED,,false
6611,511002/5,false,true,true,false,false,,,,true,UNMAPPED,,false
6612,511102/5,false,true,true,false,false,,,,true,UNMAPPED,,false
6613,511003,false,true,true,false,false,,,,true,UNMAPPED,,false
6614,511103,false,true,true,false,false,,,,true,UNMAPPED,,false
6615,511003/5,false,true,true,false,false,,,,true,UNMAPPED,,false
6616,511103/5,false,true,true,false,false,,,,true,UNMAPPED,,false
6617,511004,false,true,true,false,false,,,,true,UNMAPPED,,false
6618,511104,false,true,true,false,false,,,,true,UNMAPPED,,false
6619,511005,false,true,true,false,false,,,,true,UNMAPPED,,false
6620,511105,false,true,true,false,false,,,,true,UNMAPPED,,false
6621,511005/0.5,false,true,true,false,false,,,,true,UNMAPPED,,false
6622,511006,false,true,true,false,false,,,,true,UNMAPPED,,false
6623,511106,false,true,true,false,false,,,,true,UNMAPPED,,false
6624,511006/0.5,false,true,true,false,false,,,,true,UNMAPPED,,false
6625,511006/0.75,false,true,true,false,false,,,,true,UNMAPPED,,false
6626,511007,false,true,true,false,false,,,,true,UNMAPPED,,false
6627,511007/0.75,false,true,true,false,false,,,,true,UNMAPPED,,false
6628,511107,false,true,true,false,false,,,,true,UNMAPPED,,false
6629,511008,false,true,true,false,false,,,,true,UNMAPPED,,false
6630,511108,false,true,true,false,false,,,,true,UNMAPPED,,false
6631,511008/0.75,false,true,true,false,false,,,,true,UNMAPPED,,false
6632,511008/1,false,true,true,false,false,,,,true,UNMAPPED,,false
6633,511108/1,false,true,true,false,false,,,,true,UNMAPPED,,false
6634,511009,false,true,true,false,false,,,,true,UNMAPPED,,false
6635,519006S,false,false,false,false,false,,,,true,UNMAPPED,,false
6636,511010,false,true,true,false,false,,,,true,UNMAPPED,,false
6637,511110,false,true,true,false,false,,,,true,UNMAPPED,,false
6638,511010/1,false,true,true,false,false,,,,true,UNMAPPED,,false
6639,511110/1,false,true,true,false,false,,,,true,UNMAPPED,,false
6640,511010/1.25,false,true,true,false,false,,,,true,UNMAPPED,,false
6641,511110/1.25,false,true,true,false,false,,,,true,UNMAPPED,,false
6642,511011,false,true,true,false,false,,,,true,UNMAPPED,,false
6643,511011/1,false,true,true,false,false,,,,true,UNMAPPED,,false
6644,511011/1.25,false,false,false,false,false,,,,true,UNMAPPED,,false
6645,511012,false,true,true,false,false,,,,true,UNMAPPED,,false
6646,511112,false,true,true,false,false,,,,true,UNMAPPED,,false
6647,511012/1,false,true,true,false,false,,,,true,UNMAPPED,,false
6648,511012/1.25,false,true,true,false,false,,,,true,UNMAPPED,,false
6649,511112/1.25,false,true,true,false,false,,,,true,UNMAPPED,,false
6650,511012/1.5,false,true,true,false,false,,,,true,UNMAPPED,,false
6651,511112/1.5,false,true,true,false,false,,,,true,UNMAPPED,,false
6652,511014,false,true,true,false,false,,,,true,UNMAPPED,,false
6653,511114,false,true,true,false,false,,,,true,UNMAPPED,,false
6654,511014/1,false,true,true,false,false,,,,true,UNMAPPED,,false
6655,511014/1.25,false,true,true,false,false,,,,true,UNMAPPED,,false
6656,511014/1.5,false,true,true,false,false,,,,true,UNMAPPED,,false
6657,511016,false,true,true,false,false,,,,true,UNMAPPED,,false
6658,511116,false,true,true,true,true,001548,511116,false,true,RECONCILIATION_REQUIRED,mapped_inactive,false
6659,511016/1,false,true,true,false,false,,,,true,UNMAPPED,,false
6660,511016/1.25,false,true,true,false,false,,,,true,UNMAPPED,,false
6661,511016/1.5,false,true,true,false,false,,,,true,UNMAPPED,,false
6662,511018,false,true,true,false,false,,,,true,UNMAPPED,,false
6663,511018/1,false,true,true,true,true,001547,511018/1,false,true,RECONCILIATION_REQUIRED,mapped_inactive,false
6664,511018/1.5,false,true,true,false,false,,,,true,UNMAPPED,,false
6665,511118/1.5,false,true,true,false,false,,,,true,UNMAPPED,,false
6666,511020,false,true,true,false,false,,,,true,UNMAPPED,,false
6667,511120,false,true,true,false,false,,,,true,UNMAPPED,,false
6668,511020/1,false,true,true,true,true,001546,511020/1,false,true,RECONCILIATION_REQUIRED,mapped_inactive,false
6669,511020/1.5,false,true,true,false,false,,,,true,UNMAPPED,,false
6670,511120/1.5,false,false,false,true,true,001545,511120/1.5,false,true,RECONCILIATION_REQUIRED,mapped_inactive,false
6671,511024,false,true,true,false,false,,,,true,UNMAPPED,,false
6672,513503,false,true,true,false,false,,,,true,UNMAPPED,,false
6673,513504,false,true,true,false,false,,,,true,UNMAPPED,,false
6674,513505,false,true,true,false,false,,,,true,UNMAPPED,,false
6675,513506,false,true,true,true,true,001544,513506,false,true,RECONCILIATION_REQUIRED,mapped_inactive,false
6676,513508,false,true,true,false,false,,,,true,UNMAPPED,,false
6677,513510,false,true,true,false,false,,,,true,UNMAPPED,,false
6678,513512,false,true,true,false,false,,,,true,UNMAPPED,,false
6679,513514,false,true,true,false,false,,,,true,UNMAPPED,,false
6680,513516,false,true,true,false,false,,,,true,UNMAPPED,,false
6681,513603,false,true,true,false,false,,,,true,UNMAPPED,,false
6682,513604,false,true,true,false,false,,,,true,UNMAPPED,,false
6683,513605,false,true,true,false,false,,,,true,UNMAPPED,,false
6684,513606,false,true,true,true,true,001543,513606,false,true,RECONCILIATION_REQUIRED,mapped_inactive,false
6685,513608,false,true,true,false,false,,,,true,UNMAPPED,,false
6686,513610,false,true,true,false,false,,,,true,UNMAPPED,,false
6687,513612,false,true,true,false,false,,,,true,UNMAPPED,,false
6688,513002,false,true,true,false,false,,,,true,UNMAPPED,,false
6689,513102,false,true,true,false,false,,,,true,UNMAPPED,,false
6690,513003,false,true,true,false,false,,,,true,UNMAPPED,,false
6691,513103,false,true,true,false,false,,,,true,UNMAPPED,,false
6692,513004,false,true,true,false,false,,,,true,UNMAPPED,,false
6693,513104,false,true,true,false,false,,,,true,UNMAPPED,,false
6694,513005,false,true,true,false,false,,,,true,UNMAPPED,,false
6695,513105,false,true,true,true,true,001542,513105,false,true,RECONCILIATION_REQUIRED,mapped_inactive,false
6696,513006,false,true,true,false,false,,,,true,UNMAPPED,,false
6697,513106,false,true,true,true,true,001541,513106,false,true,RECONCILIATION_REQUIRED,mapped_inactive,false
6698,513008,false,true,true,false,false,,,,true,UNMAPPED,,false
6699,513108,false,true,true,false,false,,,,true,UNMAPPED,,false
6700,513010,false,true,true,false,false,,,,true,UNMAPPED,,false
6701,513110,false,true,true,true,true,001540,513110,false,true,RECONCILIATION_REQUIRED,mapped_inactive,false
6702,513012,false,true,true,false,false,,,,true,UNMAPPED,,false
6703,513112,false,true,true,false,false,,,,true,UNMAPPED,,false
6704,513203,false,true,true,false,false,,,,true,UNMAPPED,,false
6705,513204,false,true,true,true,true,001539,513204,false,true,RECONCILIATION_REQUIRED,mapped_inactive,false
6706,513205,false,true,true,false,false,,,,true,UNMAPPED,,false
6707,513206,false,true,true,false,false,,,,true,UNMAPPED,,false
6708,513208,false,true,true,false,false,,,,true,UNMAPPED,,false
6709,513210,false,true,true,true,true,001538,513210,false,true,RECONCILIATION_REQUIRED,mapped_inactive,false
6710,513212,false,true,true,false,false,,,,true,UNMAPPED,,false
6711,514101/6,false,true,true,false,false,,,,true,UNMAPPED,,false
6712,514102,false,true,true,false,false,,,,true,UNMAPPED,,false
6713,514202,false,true,true,false,false,,,,true,UNMAPPED,,false
6714,514102/5,false,true,true,false,false,,,,true,UNMAPPED,,false
6715,514202/5,false,true,true,false,false,,,,true,UNMAPPED,,false
6716,514103,false,true,true,false,false,,,,true,UNMAPPED,,false
6717,514203,false,true,true,false,false,,,,true,UNMAPPED,,false
6718,514103/5,false,true,true,false,false,,,,true,UNMAPPED,,false
6719,514203/5,false,true,true,false,false,,,,true,UNMAPPED,,false
6720,514104,false,true,true,false,false,,,,true,UNMAPPED,,false
6721,514204,false,true,true,true,true,001537,514204,false,true,RECONCILIATION_REQUIRED,mapped_inactive,false
6722,514105,false,true,true,true,true,001536,514105,false,true,RECONCILIATION_REQUIRED,mapped_inactive,false
6723,514205,false,true,true,true,true,001535,514205,false,true,RECONCILIATION_REQUIRED,mapped_inactive,false
6724,514005,false,true,true,true,true,001534,514005,false,true,RECONCILIATION_REQUIRED,mapped_inactive,false
6725,514106,false,true,true,true,true,001533,514106,false,true,RECONCILIATION_REQUIRED,mapped_inactive,false
6726,514206,false,true,true,true,true,001532,514206,false,true,RECONCILIATION_REQUIRED,mapped_inactive,false
6727,514107,false,true,true,true,true,001531,514107,false,true,RECONCILIATION_REQUIRED,mapped_inactive,false
6728,514207,false,true,true,true,true,001530,514207,false,true,RECONCILIATION_REQUIRED,mapped_inactive,false
6729,514006,false,true,true,true,true,001529,514006,false,true,RECONCILIATION_REQUIRED,mapped_inactive,false
6730,514108,false,true,true,true,true,001528,514108,false,true,RECONCILIATION_REQUIRED,mapped_inactive,false
6731,514208,false,true,true,true,true,001527,514208,false,true,RECONCILIATION_REQUIRED,mapped_inactive,false
6732,514008,false,true,true,true,true,001526,514008,false,true,RECONCILIATION_REQUIRED,mapped_inactive,false
6733,514110,false,true,true,true,true,001525,514110,false,true,RECONCILIATION_REQUIRED,mapped_inactive,false
6734,514110/1.25,false,true,true,true,true,001524,514110/1.25,false,true,RECONCILIATION_REQUIRED,mapped_inactive,false
6735,514210,false,true,true,true,true,001523,514210,false,true,RECONCILIATION_REQUIRED,mapped_inactive,false
6736,511203,false,true,true,true,true,001522,511203,false,true,RECONCILIATION_REQUIRED,mapped_inactive,false
6737,511303,false,true,true,true,true,001521,511303,false,true,RECONCILIATION_REQUIRED,mapped_inactive,false
6738,511204,false,true,true,true,true,001520,511204,false,true,RECONCILIATION_REQUIRED,mapped_inactive,false
6739,511304,false,true,true,true,true,001519,511304,false,true,RECONCILIATION_REQUIRED,mapped_inactive,false
6740,511205,false,true,true,false,false,,,,true,UNMAPPED,,false
6741,511305,false,true,true,true,true,001518,511305,false,true,RECONCILIATION_REQUIRED,mapped_inactive,false
6742,511205/0.5,false,true,true,false,false,,,,true,UNMAPPED,,false
6743,511206,false,true,true,true,true,001517,511206,false,true,RECONCILIATION_REQUIRED,mapped_inactive,false
6744,511208/0.75,false,true,true,false,false,,,,true,UNMAPPED,,false
6745,511306,false,true,true,false,false,,,,true,UNMAPPED,,false
6746,511206/0.75,false,true,true,false,false,,,,true,UNMAPPED,,false
6747,511207,false,true,true,true,true,001516,511207,false,true,RECONCILIATION_REQUIRED,mapped_inactive,false
6748,511307,false,true,true,false,false,,,,true,UNMAPPED,,false
6749,511208,false,true,true,false,false,,,,true,UNMAPPED,,false
6750,511308,false,true,true,false,false,,,,true,UNMAPPED,,false
6751,511208/1,false,true,true,true,true,001515,511208/1,false,true,RECONCILIATION_REQUIRED,mapped_inactive,false
6752,511308/1,false,true,true,false,false,,,,true,UNMAPPED,,false
6753,511209,false,true,true,false,false,,,,true,UNMAPPED,,false
6754,511210,false,true,true,true,true,001514,511210,false,true,RECONCILIATION_REQUIRED,mapped_inactive,false
6755,511310,false,true,true,false,false,,,,true,UNMAPPED,,false
6756,511210/1,false,true,true,false,false,,,,true,UNMAPPED,,false
6757,511310/1,false,true,true,false,false,,,,true,UNMAPPED,,false
6758,511210/1.25,false,true,true,false,false,,,,true,UNMAPPED,,false
6759,511310/1.25,false,true,true,false,false,,,,true,UNMAPPED,,false
6760,511211,false,true,true,false,false,,,,true,UNMAPPED,,false
6761,511211/1,false,false,false,false,false,,,,true,UNMAPPED,,false
6762,511211/1.25,false,false,false,false,false,,,,true,UNMAPPED,,false
6763,511212,false,true,true,false,false,,,,true,UNMAPPED,,false
6764,511312,false,true,true,true,true,001513,511312,false,true,RECONCILIATION_REQUIRED,mapped_inactive,false
6765,511212/1,false,true,true,false,false,,,,true,UNMAPPED,,false
6766,511312/1,false,true,true,true,true,001512,511312/1,false,true,RECONCILIATION_REQUIRED,mapped_inactive,false
6767,511212/1.25,false,true,true,false,false,,,,true,UNMAPPED,,false
6768,511312/1.25,false,true,true,false,false,,,,true,UNMAPPED,,false
6769,511212/1.5,false,true,true,false,false,,,,true,UNMAPPED,,false
6770,511312/1.5,false,true,true,false,false,,,,true,UNMAPPED,,false
6771,511214,false,true,true,false,false,,,,true,UNMAPPED,,false
6772,511314,false,true,true,false,false,,,,true,UNMAPPED,,false
6773,511214/1,false,true,true,true,true,001511,511214/1,false,true,RECONCILIATION_REQUIRED,mapped_inactive,false
6774,511314/1,false,true,true,false,false,,,,true,UNMAPPED,,false
6775,511214/1.25,false,true,true,false,false,,,,true,UNMAPPED,,false
6776,511314/1.25,false,true,true,false,false,,,,true,UNMAPPED,,false
6777,511214/1.5,false,true,true,false,false,,,,true,UNMAPPED,,false
6778,511314/1.5,false,true,true,false,false,,,,true,UNMAPPED,,false
6779,511216,false,true,true,false,false,,,,true,UNMAPPED,,false
6780,511316,false,true,true,true,true,001510,511316,false,true,RECONCILIATION_REQUIRED,mapped_inactive,false
6781,511216/1,false,true,true,false,false,,,,true,UNMAPPED,,false
6782,511216/1.25,false,true,true,false,false,,,,true,UNMAPPED,,false
6783,511216/1.5,false,true,true,false,false,,,,true,UNMAPPED,,false
6784,511218,false,true,true,false,false,,,,true,UNMAPPED,,false
6785,511218/1,false,true,true,true,true,001509,511218/1,false,true,RECONCILIATION_REQUIRED,mapped_inactive,false
6786,511218/1.25,false,true,true,false,false,,,,true,UNMAPPED,,false
6787,511218/1.5,false,true,true,true,true,001508,511218/1.5,false,true,RECONCILIATION_REQUIRED,mapped_inactive,false
6788,511220,false,true,true,false,false,,,,true,UNMAPPED,,false
6789,511220/1,false,true,true,false,false,,,,true,UNMAPPED,,false
6790,511220/1.5,false,true,true,true,true,001507,511220/1.5,false,true,RECONCILIATION_REQUIRED,mapped_inactive,false
6791,511320/1.5,false,true,true,true,true,001506,511320/1.5,false,true,RECONCILIATION_REQUIRED,mapped_inactive,false
6792,511222,false,true,true,false,false,,,,true,UNMAPPED,,false
6793,511224,false,true,true,false,false,,,,true,UNMAPPED,,false
6794,513303,false,true,true,false,false,,,,true,UNMAPPED,,false
6795,513304,false,true,true,false,false,,,,true,UNMAPPED,,false
6796,513305,false,true,true,false,false,,,,true,UNMAPPED,,false
6797,513306,false,true,true,false,false,,,,true,UNMAPPED,,false
6798,513308,false,true,true,false,false,,,,true,UNMAPPED,,false
6799,513310,false,true,true,false,false,,,,true,UNMAPPED,,false
6800,513310/1,false,true,true,false,false,,,,true,UNMAPPED,,false
6801,513310/1.25,false,true,true,false,false,,,,true,UNMAPPED,,false
6802,513312/1.25,false,true,true,false,false,,,,true,UNMAPPED,,false
6803,513114,false,true,true,false,false,,,,true,UNMAPPED,,false
6804,513316,false,true,true,false,false,,,,true,UNMAPPED,,false
6805,512221,false,true,true,false,false,,,,true,UNMAPPED,,false
6806,512602,false,true,true,false,false,,,,true,UNMAPPED,,false
6807,512603,false,true,true,false,false,,,,true,UNMAPPED,,false
6808,512603/5,false,true,true,false,false,,,,true,UNMAPPED,,false
6809,512604,false,true,true,false,false,,,,true,UNMAPPED,,false
6810,512605,false,true,true,false,false,,,,true,UNMAPPED,,false
6811,512606,false,true,true,false,false,,,,true,UNMAPPED,,false
6812,512608,false,true,true,false,false,,,,true,UNMAPPED,,false
6813,512610,false,true,true,false,false,,,,true,UNMAPPED,,false
6814,512614/1.25,false,true,true,false,false,,,,true,UNMAPPED,,false
6815,512802,false,true,true,false,false,,,,true,UNMAPPED,,false
6816,512803,false,true,true,false,false,,,,true,UNMAPPED,,false
6817,512804,false,true,true,false,false,,,,true,UNMAPPED,,false
6818,512805,false,true,true,false,false,,,,true,UNMAPPED,,false
6819,512806,false,true,true,false,false,,,,true,UNMAPPED,,false
6820,512807,false,true,true,false,false,,,,true,UNMAPPED,,false
6821,512808,false,true,true,false,false,,,,true,UNMAPPED,,false
6822,512808/1,false,false,false,false,false,,,,true,UNMAPPED,,false
6823,512810,false,true,true,false,false,,,,true,UNMAPPED,,false
6824,512814/1.25,false,true,true,false,false,,,,true,UNMAPPED,,false
6825,512820/1.5,false,true,true,false,false,,,,true,UNMAPPED,,false
6826,512902,false,true,true,false,false,,,,true,UNMAPPED,,false
6827,512902/5,false,true,true,false,false,,,,true,UNMAPPED,,false
6828,512903,false,true,true,false,false,,,,true,UNMAPPED,,false
6829,514403,false,true,true,false,false,,,,true,UNMAPPED,,false
6830,514404,false,true,true,false,false,,,,true,UNMAPPED,,false
6831,514405,false,true,true,false,false,,,,true,UNMAPPED,,false
6832,514406,false,true,true,false,false,,,,true,UNMAPPED,,false
6833,514408,false,true,true,false,false,,,,true,UNMAPPED,,false
6834,431212,false,true,true,false,false,,,,true,UNMAPPED,,false
6835,431213,false,true,true,false,false,,,,true,UNMAPPED,,false
6836,431214,false,true,true,false,false,,,,true,UNMAPPED,,false
6837,431215,false,true,true,false,false,,,,true,UNMAPPED,,false
6838,431216,false,true,true,true,true,001505,431216,false,true,RECONCILIATION_REQUIRED,mapped_inactive,false
6839,431217,false,true,true,false,false,,,,true,UNMAPPED,,false
6840,431218,false,true,true,true,true,001504,431218,false,true,RECONCILIATION_REQUIRED,mapped_inactive,false
6841,431219,false,true,true,false,false,,,,true,UNMAPPED,,false
6842,431220,false,true,true,false,false,,,,true,UNMAPPED,,false
6843,431221,false,true,true,false,false,,,,true,UNMAPPED,,false
6844,431222,false,true,true,false,false,,,,true,UNMAPPED,,false
6845,431223,false,true,true,false,false,,,,true,UNMAPPED,,false
6846,431224,false,true,true,true,true,001503,431224,false,true,RECONCILIATION_REQUIRED,mapped_inactive,false
6847,431225,false,true,true,false,false,,,,true,UNMAPPED,,false
6848,431226,false,true,true,false,false,,,,true,UNMAPPED,,false
6849,431227,false,true,true,true,true,001502,431227,false,true,RECONCILIATION_REQUIRED,mapped_inactive,false
6850,431228,false,true,true,false,false,,,,true,UNMAPPED,,false
6851,431229,false,true,true,false,false,,,,true,UNMAPPED,,false
6852,431230,false,true,true,false,false,,,,true,UNMAPPED,,false
6853,431231,false,true,true,false,false,,,,true,UNMAPPED,,false
6854,431232,false,true,true,false,false,,,,true,UNMAPPED,,false
6855,431233,false,true,true,false,false,,,,true,UNMAPPED,,false
6856,431234,false,true,true,false,false,,,,true,UNMAPPED,,false
6857,431235,false,true,true,false,false,,,,true,UNMAPPED,,false
6858,431236,false,true,true,true,true,001501,431236,false,true,RECONCILIATION_REQUIRED,mapped_inactive,false
6859,431237,false,true,true,true,true,001500,431237,false,true,RECONCILIATION_REQUIRED,mapped_inactive,false
6860,431312,false,true,true,false,false,,,,true,UNMAPPED,,false
6861,431313,false,true,true,false,false,,,,true,UNMAPPED,,false
6862,431314,false,true,true,true,true,001499,431314,false,true,RECONCILIATION_REQUIRED,mapped_inactive,false
6863,431315,false,true,true,false,false,,,,true,UNMAPPED,,false
6864,431316,false,true,true,false,false,,,,true,UNMAPPED,,false
6865,431317,false,true,true,false,false,,,,true,UNMAPPED,,false
6866,431318,false,true,true,true,true,001498,431318,false,true,RECONCILIATION_REQUIRED,mapped_inactive,false
6867,431319,false,true,true,false,false,,,,true,UNMAPPED,,false
6868,431320,false,true,true,false,false,,,,true,UNMAPPED,,false
6869,431321,false,true,true,false,false,,,,true,UNMAPPED,,false
6870,431322,false,true,true,false,false,,,,true,UNMAPPED,,false
6871,431323,false,true,true,false,false,,,,true,UNMAPPED,,false
6872,431324,false,true,true,false,false,,,,true,UNMAPPED,,false
6873,431325,false,true,true,false,false,,,,true,UNMAPPED,,false
6874,431326,false,true,true,true,true,001497,431326,false,true,RECONCILIATION_REQUIRED,mapped_inactive,false
6875,431327,false,true,true,false,false,,,,true,UNMAPPED,,false
6876,431328,false,true,true,false,false,,,,true,UNMAPPED,,false
6877,431329,false,true,true,false,false,,,,true,UNMAPPED,,false
6878,431330,false,true,true,true,true,001496,431330,false,true,RECONCILIATION_REQUIRED,mapped_inactive,false
6879,431331,false,true,true,false,false,,,,true,UNMAPPED,,false
6880,431332,false,true,true,false,false,,,,true,UNMAPPED,,false
6881,431333,false,true,true,false,false,,,,true,UNMAPPED,,false
6882,431334,false,true,true,false,false,,,,true,UNMAPPED,,false
6883,431335,false,true,true,false,false,,,,true,UNMAPPED,,false
6884,431336,false,true,true,true,true,001495,431336,false,true,RECONCILIATION_REQUIRED,mapped_inactive,false
6885,431337,false,true,true,false,false,,,,true,UNMAPPED,,false
6886,431338,false,true,true,true,true,001494,431338,false,true,RECONCILIATION_REQUIRED,mapped_inactive,false
6887,431339,false,true,true,true,true,001493,431339,false,true,RECONCILIATION_REQUIRED,mapped_inactive,false
6888,431340,false,true,true,false,false,,,,true,UNMAPPED,,false
6889,431341,false,true,true,true,true,001492,431341,false,true,RECONCILIATION_REQUIRED,mapped_inactive,false
6890,431012,false,true,true,false,false,,,,true,UNMAPPED,,false
6891,431014,false,true,true,false,false,,,,true,UNMAPPED,,false
6892,431015,false,true,true,true,true,001491,431015,false,true,RECONCILIATION_REQUIRED,mapped_inactive,false
6893,431016,false,true,true,false,false,,,,true,UNMAPPED,,false
6894,431017,false,true,true,false,false,,,,true,UNMAPPED,,false
6895,431018,false,true,true,false,false,,,,true,UNMAPPED,,false
6896,431019,false,true,true,false,false,,,,true,UNMAPPED,,false
6897,431020,false,true,true,false,false,,,,true,UNMAPPED,,false
6898,431021,false,true,true,false,false,,,,true,UNMAPPED,,false
6899,431022,false,true,true,true,true,001490,431022,false,true,RECONCILIATION_REQUIRED,mapped_inactive,false
6900,431023,false,true,true,true,true,001489,431023,false,true,RECONCILIATION_REQUIRED,mapped_inactive,false
6901,431024,false,true,true,true,true,001488,431024,false,true,RECONCILIATION_REQUIRED,mapped_inactive,false
6902,431025,false,true,true,true,true,001487,431025,false,true,RECONCILIATION_REQUIRED,mapped_inactive,false
6903,431026,false,true,true,true,true,001486,431026,false,true,RECONCILIATION_REQUIRED,mapped_inactive,false
6904,431027,false,true,true,true,true,001485,431027,false,true,RECONCILIATION_REQUIRED,mapped_inactive,false
6905,431028,false,true,true,true,true,001484,431028,false,true,RECONCILIATION_REQUIRED,mapped_inactive,false
6906,431029,false,true,true,true,true,001483,431029,false,true,RECONCILIATION_REQUIRED,mapped_inactive,false
6907,431030,false,true,true,true,true,001482,431030,false,true,RECONCILIATION_REQUIRED,mapped_inactive,false
6908,431112,false,true,true,true,true,001481,431112,false,true,RECONCILIATION_REQUIRED,mapped_inactive,false
6909,431113,false,true,true,true,true,001480,431113,false,true,RECONCILIATION_REQUIRED,mapped_inactive,false
6910,431114,false,true,true,true,true,001479,431114,false,true,RECONCILIATION_REQUIRED,mapped_inactive,false
6911,431115,false,true,true,true,true,001478,431115,false,true,RECONCILIATION_REQUIRED,mapped_inactive,false
6912,431116,false,true,true,true,true,001477,431116,false,true,RECONCILIATION_REQUIRED,mapped_inactive,false
6913,431117,false,true,true,true,true,001476,431117,false,true,RECONCILIATION_REQUIRED,mapped_inactive,false
6914,431118,false,true,true,true,true,001475,431118,false,true,RECONCILIATION_REQUIRED,mapped_inactive,false
6915,431119,false,true,true,true,true,001474,431119,false,true,RECONCILIATION_REQUIRED,mapped_inactive,false
6916,431120,false,true,true,false,false,,,,true,UNMAPPED,,false
6917,431121,false,true,true,false,false,,,,true,UNMAPPED,,false
6918,431122,false,true,true,false,false,,,,true,UNMAPPED,,false
6919,431123,false,true,true,true,true,001473,431123,false,true,RECONCILIATION_REQUIRED,mapped_inactive,false
6920,431124,false,true,true,false,false,,,,true,UNMAPPED,,false
6921,431125,false,true,true,false,false,,,,true,UNMAPPED,,false
6922,431126,false,true,true,false,false,,,,true,UNMAPPED,,false
6923,431127,false,true,true,false,false,,,,true,UNMAPPED,,false
6924,431128,false,true,true,true,true,001472,431128,false,true,RECONCILIATION_REQUIRED,mapped_inactive,false
6925,431129,false,true,true,false,false,,,,true,UNMAPPED,,false
6926,431130,false,true,true,true,true,001471,431130,false,true,RECONCILIATION_REQUIRED,mapped_inactive,false
6927,431412,false,true,true,false,false,,,,true,UNMAPPED,,false
6928,431414,false,true,true,false,false,,,,true,UNMAPPED,,false
6929,431416,false,true,true,false,false,,,,true,UNMAPPED,,false
6930,431418,false,true,true,false,false,,,,true,UNMAPPED,,false
6931,431419,false,true,true,false,false,,,,true,UNMAPPED,,false
6932,431420,false,true,true,false,false,,,,true,UNMAPPED,,false
6933,431421,false,true,true,true,true,001470,431421,false,true,RECONCILIATION_REQUIRED,mapped_inactive,false
6934,431422,false,true,true,false,false,,,,true,UNMAPPED,,false
6935,431423,false,true,true,false,false,,,,true,UNMAPPED,,false
6936,431424,false,true,true,true,true,001469,431424,false,true,RECONCILIATION_REQUIRED,mapped_inactive,false
6937,431514,false,true,true,false,false,,,,true,UNMAPPED,,false
6938,431516,false,true,true,false,false,,,,true,UNMAPPED,,false
6939,431518,false,true,true,true,true,001468,431518,false,true,RECONCILIATION_REQUIRED,mapped_inactive,false
6940,431520,false,true,true,false,false,,,,true,UNMAPPED,,false
6941,431522,false,true,true,true,true,001467,431522,false,true,RECONCILIATION_REQUIRED,mapped_inactive,false
6942,431524,false,true,true,false,false,,,,true,UNMAPPED,,false
6943,431612,false,true,true,false,false,,,,true,UNMAPPED,,false
6944,431613,false,true,true,false,false,,,,true,UNMAPPED,,false
6945,431614,false,true,true,true,true,001466,431614,false,true,RECONCILIATION_REQUIRED,mapped_inactive,false
6946,431615,false,true,true,true,true,001465,431615,false,true,RECONCILIATION_REQUIRED,mapped_inactive,false
6947,431616,false,true,true,false,false,,,,true,UNMAPPED,,false
6948,431617,false,true,true,false,false,,,,true,UNMAPPED,,false
6949,431618,false,true,true,false,false,,,,true,UNMAPPED,,false
6950,431619,false,true,true,true,true,001464,431619,false,true,RECONCILIATION_REQUIRED,mapped_inactive,false
6951,431620,false,true,true,true,true,001463,431620,false,true,RECONCILIATION_REQUIRED,mapped_inactive,false
6952,431621,false,true,true,true,true,001462,431621,false,true,RECONCILIATION_REQUIRED,mapped_inactive,false
6953,431622,false,true,true,true,true,001461,431622,false,true,RECONCILIATION_REQUIRED,mapped_inactive,false
6954,431623,false,true,true,true,true,001460,431623,false,true,RECONCILIATION_REQUIRED,mapped_inactive,false
6955,431624,false,true,true,true,true,001459,431624,false,true,RECONCILIATION_REQUIRED,mapped_inactive,false
6956,4316225,false,true,true,true,true,001458,4316225,false,true,RECONCILIATION_REQUIRED,mapped_inactive,false
6957,431626,false,true,true,true,true,001457,431626,false,true,RECONCILIATION_REQUIRED,mapped_inactive,false
6958,431627,false,true,true,true,true,001456,431627,false,true,RECONCILIATION_REQUIRED,mapped_inactive,false
6959,431628,false,true,true,true,true,001455,431628,false,true,RECONCILIATION_REQUIRED,mapped_inactive,false
6960,431629,false,true,true,true,true,001454,431629,false,true,RECONCILIATION_REQUIRED,mapped_inactive,false
6961,431630,false,true,true,true,true,001453,431630,false,true,RECONCILIATION_REQUIRED,mapped_inactive,false
6962,431631,false,true,true,true,true,001452,431631,false,true,RECONCILIATION_REQUIRED,mapped_inactive,false
6963,431712,false,true,true,true,true,001451,431712,false,true,RECONCILIATION_REQUIRED,mapped_inactive,false
6964,431713,false,true,true,true,true,001450,431713,false,true,RECONCILIATION_REQUIRED,mapped_inactive,false
6965,431714,false,true,true,true,true,001449,431714,false,true,RECONCILIATION_REQUIRED,mapped_inactive,false
6966,431715,false,true,true,true,true,001448,431715,false,true,RECONCILIATION_REQUIRED,mapped_inactive,false
6967,431716,false,true,true,true,true,001447,431716,false,true,RECONCILIATION_REQUIRED,mapped_inactive,false
6968,431717,false,true,true,true,true,001446,431717,false,true,RECONCILIATION_REQUIRED,mapped_inactive,false
6969,431718,false,true,true,true,true,001445,431718,false,true,RECONCILIATION_REQUIRED,mapped_inactive,false
6970,431719,false,true,true,true,true,001444,431719,false,true,RECONCILIATION_REQUIRED,mapped_inactive,false
6971,431720,false,true,true,true,true,001443,431720,false,true,RECONCILIATION_REQUIRED,mapped_inactive,false
6972,431721,false,true,true,true,true,001442,431721,false,true,RECONCILIATION_REQUIRED,mapped_inactive,false
6973,431722,false,true,true,true,true,001441,431722,false,true,RECONCILIATION_REQUIRED,mapped_inactive,false
6974,431723,false,true,true,true,true,001440,431723,false,true,RECONCILIATION_REQUIRED,mapped_inactive,false
6975,431724,false,true,true,true,true,001439,431724,false,true,RECONCILIATION_REQUIRED,mapped_inactive,false
6976,431725,false,true,true,true,true,001438,431725,false,true,RECONCILIATION_REQUIRED,mapped_inactive,false
6977,431726,false,true,true,true,true,001437,431726,false,true,RECONCILIATION_REQUIRED,mapped_inactive,false
6978,431727,false,true,true,true,true,001436,431727,false,true,RECONCILIATION_REQUIRED,mapped_inactive,false
6979,431728,false,true,true,true,true,001435,431728,false,true,RECONCILIATION_REQUIRED,mapped_inactive,false
6980,431729,false,true,true,true,true,001434,431729,false,true,RECONCILIATION_REQUIRED,mapped_inactive,false
6981,431730,false,true,true,true,true,001433,431730,false,true,RECONCILIATION_REQUIRED,mapped_inactive,false
6982,431731,false,true,true,true,true,001432,431731,false,true,RECONCILIATION_REQUIRED,mapped_inactive,false
6983,431732,false,true,true,true,true,001431,431732,false,true,RECONCILIATION_REQUIRED,mapped_inactive,false
6984,431733,false,true,true,true,true,001430,431733,false,true,RECONCILIATION_REQUIRED,mapped_inactive,false
6985,431734,false,true,true,true,true,001429,431734,false,true,RECONCILIATION_REQUIRED,mapped_inactive,false
6986,431735,false,true,true,true,true,001428,431735,false,true,RECONCILIATION_REQUIRED,mapped_inactive,false
6987,431736,false,true,true,true,true,001427,431736,false,true,RECONCILIATION_REQUIRED,mapped_inactive,false
6988,431737,false,true,true,true,true,001426,431737,false,true,RECONCILIATION_REQUIRED,mapped_inactive,false
6989,431738,false,true,true,true,true,001425,431738,false,true,RECONCILIATION_REQUIRED,mapped_inactive,false
6990,431739,false,true,true,true,true,001424,431739,false,true,RECONCILIATION_REQUIRED,mapped_inactive,false
6991,431740,false,true,true,true,true,001423,431740,false,true,RECONCILIATION_REQUIRED,mapped_inactive,false
6992,431741,false,true,true,true,true,001422,431741,false,true,RECONCILIATION_REQUIRED,mapped_inactive,false
6993,431742,false,true,true,true,true,001421,431742,false,true,RECONCILIATION_REQUIRED,mapped_inactive,false
6994,431743,false,true,true,true,true,001420,431743,false,true,RECONCILIATION_REQUIRED,mapped_inactive,false
6995,431744,false,true,true,true,true,001419,431744,false,true,RECONCILIATION_REQUIRED,mapped_inactive,false
6996,431745,false,true,true,true,true,001418,431745,false,true,RECONCILIATION_REQUIRED,mapped_inactive,false
6997,431746,false,true,true,true,true,001417,431746,false,true,RECONCILIATION_REQUIRED,mapped_inactive,false
6998,431747,false,true,true,true,true,001416,431747,false,true,RECONCILIATION_REQUIRED,mapped_inactive,false
6999,431748,false,true,true,true,true,001415,431748,false,true,RECONCILIATION_REQUIRED,mapped_inactive,false
7000,431749,false,true,true,true,true,001414,431749,false,true,RECONCILIATION_REQUIRED,mapped_inactive,false
7001,431750,false,true,true,true,true,001413,431750,false,true,RECONCILIATION_REQUIRED,mapped_inactive,false
7002,431751,false,true,true,true,true,001412,431751,false,true,RECONCILIATION_REQUIRED,mapped_inactive,false
7003,431752,false,true,true,true,true,001411,431752,false,true,RECONCILIATION_REQUIRED,mapped_inactive,false
7004,431753,false,true,true,true,true,001410,431753,false,true,RECONCILIATION_REQUIRED,mapped_inactive,false
7005,431754,false,true,true,true,true,001409,431754,false,true,RECONCILIATION_REQUIRED,mapped_inactive,false
7006,431755,false,true,true,true,true,001408,431755,false,true,RECONCILIATION_REQUIRED,mapped_inactive,false
7007,431756,false,true,true,true,true,001407,431756,false,true,RECONCILIATION_REQUIRED,mapped_inactive,false
7008,431757,false,true,true,true,true,001406,431757,false,true,RECONCILIATION_REQUIRED,mapped_inactive,false
7009,431901,false,true,true,true,true,001405,431901,false,true,RECONCILIATION_REQUIRED,mapped_inactive,false
7010,431902,false,true,true,true,true,001404,431902,false,true,RECONCILIATION_REQUIRED,mapped_inactive,false
7011,431906,false,true,true,true,true,001403,431906,false,true,RECONCILIATION_REQUIRED,mapped_inactive,false
7012,431908,false,true,true,true,true,001402,431908,false,true,RECONCILIATION_REQUIRED,mapped_inactive,false
7013,431911,false,true,true,true,true,001401,431911,false,true,RECONCILIATION_REQUIRED,mapped_inactive,false
7014,431904,false,true,true,true,true,001400,431904,false,true,RECONCILIATION_REQUIRED,mapped_inactive,false
7015,431903,false,true,true,false,false,,,,true,UNMAPPED,,false
7016,431905,false,true,true,false,false,,,,true,UNMAPPED,,false
7017,431909,false,true,true,false,false,,,,true,UNMAPPED,,false
7018,431912,false,true,true,false,false,,,,true,UNMAPPED,,false
7019,431913,false,true,true,false,false,,,,true,UNMAPPED,,false
7020,431910,false,true,true,false,false,,,,true,UNMAPPED,,false
7021,677002,false,true,true,true,true,001373,677002,false,true,RECONCILIATION_REQUIRED,mapped_inactive,false
7022,677003,false,true,true,false,false,,,,true,UNMAPPED,,false
7023,677004,false,true,true,true,true,001372,677004,false,true,RECONCILIATION_REQUIRED,mapped_inactive,false
7024,677005,false,true,true,true,true,001371,677005,false,true,RECONCILIATION_REQUIRED,mapped_inactive,false
7025,677006,false,true,true,false,false,,,,true,UNMAPPED,,false
7026,677007,false,true,true,false,false,,,,true,UNMAPPED,,false
7027,677008,false,true,true,true,true,001370,677008,false,true,RECONCILIATION_REQUIRED,mapped_inactive,false
7028,677009,false,true,true,true,true,001399,677009,false,true,RECONCILIATION_REQUIRED,mapped_inactive,false
7029,677010,false,true,true,true,true,001398,677010,false,true,RECONCILIATION_REQUIRED,mapped_inactive,false
7030,677011,false,true,true,true,true,001369,677011,false,true,RECONCILIATION_REQUIRED,mapped_inactive,false
7031,677012,false,true,true,true,true,001397,677012,false,true,RECONCILIATION_REQUIRED,mapped_inactive,false
7032,677013,false,true,true,true,true,001396,677013,false,true,RECONCILIATION_REQUIRED,mapped_inactive,false
7033,677014,false,true,true,true,true,001395,677014,false,true,RECONCILIATION_REQUIRED,mapped_inactive,false
7034,677015,false,true,true,true,true,001368,677015,false,true,RECONCILIATION_REQUIRED,mapped_inactive,false
7035,677016,false,true,true,true,true,001394,677016,false,true,RECONCILIATION_REQUIRED,mapped_inactive,false
7036,677017,false,true,true,true,true,001393,677017,false,true,RECONCILIATION_REQUIRED,mapped_inactive,false
7037,677018,false,true,true,true,true,001392,677018,false,true,RECONCILIATION_REQUIRED,mapped_inactive,false
7038,677019,false,true,true,true,true,001391,677019,false,true,RECONCILIATION_REQUIRED,mapped_inactive,false
7039,677020,false,true,true,true,true,001367,677020,false,true,RECONCILIATION_REQUIRED,mapped_inactive,false
7040,677022,false,true,true,true,true,001390,677022,false,true,RECONCILIATION_REQUIRED,mapped_inactive,false
7041,677023,false,true,true,true,true,001389,677023,false,true,RECONCILIATION_REQUIRED,mapped_inactive,false
7042,677024,false,true,true,true,true,001388,677024,false,true,RECONCILIATION_REQUIRED,mapped_inactive,false
7043,677025,false,true,true,true,true,001387,677025,false,true,RECONCILIATION_REQUIRED,mapped_inactive,false
7044,677026,false,true,true,true,true,001386,677026,false,true,RECONCILIATION_REQUIRED,mapped_inactive,false
7045,677027,false,true,true,true,true,001385,677027,false,true,RECONCILIATION_REQUIRED,mapped_inactive,false
7046,677028,false,true,true,true,true,001384,677028,false,true,RECONCILIATION_REQUIRED,mapped_inactive,false
7047,677030,false,true,true,true,true,001366,677030,false,true,RECONCILIATION_REQUIRED,mapped_inactive,false
7048,677032,false,true,true,true,true,001365,677032,false,true,RECONCILIATION_REQUIRED,mapped_inactive,false
7049,677202,false,true,true,true,true,001383,677202,false,true,RECONCILIATION_REQUIRED,mapped_inactive,false
7050,677203,false,true,true,true,true,001382,677203,false,true,RECONCILIATION_REQUIRED,mapped_inactive,false
7051,677204,false,true,true,true,true,001381,677204,false,true,RECONCILIATION_REQUIRED,mapped_inactive,false
7052,677205,false,true,true,true,true,001380,677205,false,true,RECONCILIATION_REQUIRED,mapped_inactive,false
7053,677206,false,true,true,true,true,001379,677206,false,true,RECONCILIATION_REQUIRED,mapped_inactive,false
7054,677208,false,true,true,true,true,001364,677208,false,true,RECONCILIATION_REQUIRED,mapped_inactive,false
7055,677210,false,true,true,true,true,001378,677210,false,true,RECONCILIATION_REQUIRED,mapped_inactive,false
7056,677212,false,true,true,true,true,001377,677212,false,true,RECONCILIATION_REQUIRED,mapped_inactive,false
7057,677214,false,true,true,true,true,001376,677214,false,true,RECONCILIATION_REQUIRED,mapped_inactive,false
7058,677216,false,true,true,true,true,001363,677216,false,true,RECONCILIATION_REQUIRED,mapped_inactive,false
7059,677218,false,true,true,true,true,001375,677218,false,true,RECONCILIATION_REQUIRED,mapped_inactive,false
7060,677220,false,true,true,true,true,001374,677220,false,true,RECONCILIATION_REQUIRED,mapped_inactive,false
7061,677222,false,true,true,true,true,001362,677222,false,true,RECONCILIATION_REQUIRED,mapped_inactive,false
7062,677224,false,true,true,true,true,001361,677224,false,true,RECONCILIATION_REQUIRED,mapped_inactive,false
7063,677225,false,true,true,true,true,001360,677225,false,true,RECONCILIATION_REQUIRED,mapped_inactive,false
7064,677226,false,true,true,true,true,001359,677226,false,true,RECONCILIATION_REQUIRED,mapped_inactive,false
7065,677227,false,true,true,true,true,001358,677227,false,true,RECONCILIATION_REQUIRED,mapped_inactive,false
7066,677228,false,true,true,true,true,001357,677228,false,true,RECONCILIATION_REQUIRED,mapped_inactive,false
7067,677230,false,true,true,true,true,001356,677230,false,true,RECONCILIATION_REQUIRED,mapped_inactive,false
7068,677232,false,true,true,true,true,001355,677232,false,true,RECONCILIATION_REQUIRED,mapped_inactive,false
7069,677102,false,true,true,true,true,001354,677102,false,true,RECONCILIATION_REQUIRED,mapped_inactive,false
7070,677103,false,true,true,true,true,001353,677103,false,true,RECONCILIATION_REQUIRED,mapped_inactive,false
7071,677104,false,true,true,true,true,001352,677104,false,true,RECONCILIATION_REQUIRED,mapped_inactive,false
7072,677105,false,true,true,true,true,001351,677105,false,true,RECONCILIATION_REQUIRED,mapped_inactive,false
7073,677106,false,true,true,true,true,001350,677106,false,true,RECONCILIATION_REQUIRED,mapped_inactive,false
7074,677108,false,true,true,true,true,001349,677108,false,true,RECONCILIATION_REQUIRED,mapped_inactive,false
7075,677110,false,true,true,true,true,001348,677110,false,true,RECONCILIATION_REQUIRED,mapped_inactive,false
7076,677112,false,true,true,true,true,001347,677112,false,true,RECONCILIATION_REQUIRED,mapped_inactive,false
7077,677114,false,true,true,true,true,001346,677114,false,true,RECONCILIATION_REQUIRED,mapped_inactive,false
7078,677116,false,true,true,true,true,001345,677116,false,true,RECONCILIATION_REQUIRED,mapped_inactive,false
7079,677118,false,true,true,true,true,001344,677118,false,true,RECONCILIATION_REQUIRED,mapped_inactive,false
7080,677120,false,true,true,true,true,001343,677120,false,true,RECONCILIATION_REQUIRED,mapped_inactive,false
7081,677122,false,true,true,true,true,001342,677122,false,true,RECONCILIATION_REQUIRED,mapped_inactive,false
7082,677125,false,true,true,true,true,001341,677125,false,true,RECONCILIATION_REQUIRED,mapped_inactive,false
7083,677306,false,true,true,true,true,001340,677306,false,true,RECONCILIATION_REQUIRED,mapped_inactive,false
7084,677308,false,true,true,true,true,001339,677308,false,true,RECONCILIATION_REQUIRED,mapped_inactive,false
7085,677310,false,true,true,true,true,001338,677310,false,true,RECONCILIATION_REQUIRED,mapped_inactive,false
7086,677312,false,true,true,true,true,001337,677312,false,true,RECONCILIATION_REQUIRED,mapped_inactive,false
7087,677314,false,true,true,true,true,001336,677314,false,true,RECONCILIATION_REQUIRED,mapped_inactive,false
7088,677316,false,true,true,true,true,001335,677316,false,true,RECONCILIATION_REQUIRED,mapped_inactive,false
7089,677318,false,true,true,true,true,001334,677318,false,true,RECONCILIATION_REQUIRED,mapped_inactive,false
7090,677320,false,true,true,true,true,001333,677320,false,true,RECONCILIATION_REQUIRED,mapped_inactive,false
7091,677322,false,true,true,true,true,001332,677322,false,true,RECONCILIATION_REQUIRED,mapped_inactive,false
7092,677325,false,true,true,true,true,001331,677325,false,true,RECONCILIATION_REQUIRED,mapped_inactive,false
7093,677326,false,true,true,true,true,001330,677326,false,true,RECONCILIATION_REQUIRED,mapped_inactive,false
7094,CW-B16,false,true,true,true,true,001329,CW-B16,false,true,RECONCILIATION_REQUIRED,mapped_inactive,false
7095,CW-B10,false,true,true,true,true,001328,CW-B10,false,true,RECONCILIATION_REQUIRED,mapped_inactive,false
7096,CW-B13,false,true,true,true,true,001327,CW-B13,false,true,RECONCILIATION_REQUIRED,mapped_inactive,false
7097,AST-B1003CHU,false,true,true,true,true,001326,AST-B1003CHU,false,true,RECONCILIATION_REQUIRED,mapped_inactive,false
7098,AST-B1006CHU,false,true,true,true,true,001325,AST-B1006CHU,false,true,RECONCILIATION_REQUIRED,mapped_inactive,false
7099,CW-B20,false,true,true,true,true,001324,CW-B20,false,true,RECONCILIATION_REQUIRED,mapped_inactive,false
7100,JT2S-SF12-61L,false,true,true,true,true,000180,JT2S-SF12-61L,false,true,RECONCILIATION_REQUIRED,mapped_inactive,false
7101,C42-MT1,false,true,true,true,true,001313,C42-MT1,false,true,RECONCILIATION_REQUIRED,mapped_inactive,false
7102,C42-MT2,false,true,true,true,true,001323,C42-MT2,false,true,RECONCILIATION_REQUIRED,mapped_inactive,false
7103,C42-MT3,false,true,true,true,true,001322,C42-MT3,false,true,RECONCILIATION_REQUIRED,mapped_inactive,false
7104,35223,false,true,true,true,true,001314,35223,false,true,RECONCILIATION_REQUIRED,mapped_inactive,false
7105,35224,false,true,true,true,true,001312,35224,false,true,RECONCILIATION_REQUIRED,mapped_inactive,false
7106,35225,false,true,true,true,true,001321,35225,false,true,RECONCILIATION_REQUIRED,mapped_inactive,false
7107,35227,false,true,true,true,true,001308,35227,false,true,RECONCILIATION_REQUIRED,mapped_inactive,false
7108,35229,false,true,true,true,true,001320,35229,false,true,RECONCILIATION_REQUIRED,mapped_inactive,false
7109,35230,false,true,true,true,true,001319,35230,false,true,RECONCILIATION_REQUIRED,mapped_inactive,false
7110,35231,false,true,true,true,true,001318,35231,false,true,RECONCILIATION_REQUIRED,mapped_inactive,false
7111,35232,false,true,true,true,true,001317,35232,false,true,RECONCILIATION_REQUIRED,mapped_inactive,false
7112,35240,false,true,true,true,true,001316,35240,false,true,RECONCILIATION_REQUIRED,mapped_inactive,false
7113,35248,false,true,true,true,true,001311,35248,false,true,RECONCILIATION_REQUIRED,mapped_inactive,false
7114,35250,false,true,true,true,true,001310,35250,false,true,RECONCILIATION_REQUIRED,mapped_inactive,false
7115,35252,false,true,true,true,true,001309,35252,false,true,RECONCILIATION_REQUIRED,mapped_inactive,false
7116,ZCC-0.GM-4E-D08,true,true,true,true,true,003468,ZCC-0.GM-4E-D08,true,true,MAPPED_ACTIVE,,false
7117,ZCC-0.GM-4E-D10,true,true,true,true,true,003469,ZCC-0.GM-4E-D10,true,true,MAPPED_ACTIVE,,false
7118,ZCC-0.GM-4EL-D03,true,true,true,true,true,003470,ZCC-0.GM-4EL-D03,true,true,MAPPED_ACTIVE,,false
7119,ZCC-0.GM-4EL-D06,true,true,true,true,true,003471,ZCC-0.GM-4EL-D06,true,true,MAPPED_ACTIVE,,false
7120,ZCC-0.GM-4R-D10.0R2,true,true,true,true,true,003472,ZCC-0.GM-4R-D10.0R2,true,true,MAPPED_ACTIVE,,false
7121,ZCC-0.GM-4R-D12.0R1,true,true,true,true,true,003473,ZCC-0.GM-4R-D12.0R1,true,true,MAPPED_ACTIVE,,false
7122,ZCC-10.GD03-05,true,true,true,true,true,003474,ZCC-10.GD03-05,true,true,MAPPED_ACTIVE,,false
7123,ZCC-ADKT080308L-GM-YB9320,true,true,true,true,true,003475,ZCC-ADKT080308L-GM-YB9320,true,true,MAPPED_ACTIVE,,false
7124,ZCC-ADKT090308R-GM-YB9320,true,true,true,true,true,003476,ZCC-ADKT090308R-GM-YB9320,true,true,MAPPED_ACTIVE,,false
7125,ZCC-ADKT100308L-GM-YB9320,true,true,true,true,true,003477,ZCC-ADKT100308L-GM-YB9320,true,true,MAPPED_ACTIVE,,false
7126,ZCC-ADKT100308R-GM-YB9320,true,true,true,true,true,003478,ZCC-ADKT100308R-GM-YB9320,true,true,MAPPED_ACTIVE,,false
7127,ZCC-ADKT12T308R-GM-YB9320,true,true,true,true,true,003479,ZCC-ADKT12T308R-GM-YB9320,true,true,MAPPED_ACTIVE,,false
7128,ZCC-ADKT150508R-GM-YB9320,true,true,true,true,true,003480,ZCC-ADKT150508R-GM-YB9320,true,true,MAPPED_ACTIVE,,false
7129,ZCC-ANGX110504PNR-GM-YBG205,true,true,true,true,true,003481,ZCC-ANGX110504PNR-GM-YBG205,true,true,MAPPED_ACTIVE,,false
7130,ZCC-ANGX110504PNR-LH-YD101,true,true,true,true,true,003482,ZCC-ANGX110504PNR-LH-YD101,true,true,MAPPED_ACTIVE,,false
7131,ZCC-ANGX150608PNR-LH-YD101,true,true,true,true,true,003483,ZCC-ANGX150608PNR-LH-YD101,true,true,MAPPED_ACTIVE,,false
7132,ZCC-ANGX150620PNR-GM-YBG205,true,true,true,true,true,003484,ZCC-ANGX150620PNR-GM-YBG205,true,true,MAPPED_ACTIVE,,false
7133,ZCC-APET160408PDFR-LH-YD101,true,true,true,true,true,003485,ZCC-APET160408PDFR-LH-YD101,true,true,MAPPED_ACTIVE,,false
7134,ZCC-APKT070204-APM-YB9320,true,true,true,true,true,003486,ZCC-APKT070204-APM-YB9320,true,true,MAPPED_ACTIVE,,false
7135,ZCC-APKT100308-APF-YB9320,true,true,true,true,true,003487,ZCC-APKT100308-APF-YB9320,true,true,MAPPED_ACTIVE,,false
7136,ZCC-APKT1003PDSR-30-CQP420B,true,true,true,true,true,003488,ZCC-APKT1003PDSR-30-CQP420B,true,true,MAPPED_ACTIVE,,false
7137,ZCC-APKT1035PDFR-LH-CQP810,true,true,true,true,true,003489,ZCC-APKT1035PDFR-LH-CQP810,true,true,MAPPED_ACTIVE,,false
7138,ZCC-APKT11T304-APM-YB9320,true,true,true,true,true,003490,ZCC-APKT11T304-APM-YB9320,true,true,MAPPED_ACTIVE,,false
7139,ZCC-APKT11T304-LH-YD101,true,true,true,true,true,003491,ZCC-APKT11T304-LH-YD101,true,true,MAPPED_ACTIVE,,false
7140,ZCC-APKT11T308-ALH-YD101,true,true,true,true,true,003492,ZCC-APKT11T308-ALH-YD101,true,true,MAPPED_ACTIVE,,false
7141,ZCC-CNMG250924-DR-YBC351,true,true,true,true,true,003493,ZCC-CNMG250924-DR-YBC351,true,true,MAPPED_ACTIVE,,false
7142,ZCC-TPEW3307Z-YBM253,true,true,true,true,true,003494,ZCC-TPEW3307Z-YBM253,true,true,MAPPED_ACTIVE,,false
7143,ZCC-CNMG190608-DR-YBD152,true,true,true,true,true,003495,ZCC-CNMG190608-DR-YBD152,true,true,MAPPED_ACTIVE,,false
7144,ZCC-CNMG190616-DR-YBD152,true,true,true,true,true,003496,ZCC-CNMG190616-DR-YBD152,true,true,MAPPED_ACTIVE,,false
7145,ZCC-CNMG190624-DR-YBD152,true,true,true,true,true,003497,ZCC-CNMG190624-DR-YBD152,true,true,MAPPED_ACTIVE,,false
7146,ZCC-CNMA190616-YBD152,true,true,true,true,true,003498,ZCC-CNMA190616-YBD152,true,true,MAPPED_ACTIVE,,false
7147,ZCC-SNMG190616-DR-YBD152,true,true,true,true,true,003499,ZCC-SNMG190616-DR-YBD152,true,true,MAPPED_ACTIVE,,false
7148,ZCC-DNEG150604-NF-PG8005,true,true,true,true,true,003500,ZCC-DNEG150604-NF-PG8005,true,true,MAPPED_ACTIVE,,false
7149,ZCC-DCMT11T304-AHF-YBS103,true,true,true,true,true,003501,ZCC-DCMT11T304-AHF-YBS103,true,true,MAPPED_ACTIVE,,false
7150,ZCC-SNMG150612-PM-YBD152,true,true,true,true,true,003502,ZCC-SNMG150612-PM-YBD152,true,true,MAPPED_ACTIVE,,false
7151,ZCC-CNMG160612-DR-YBD152,true,true,true,true,true,003503,ZCC-CNMG160612-DR-YBD152,true,true,MAPPED_ACTIVE,,false
7152,ZCC-CNMA160612-YBD152,true,true,true,true,true,003504,ZCC-CNMA160612-YBD152,true,true,MAPPED_ACTIVE,,false
7153,ZCC-DNMG150612-EF-YBG205,true,true,true,true,true,003505,ZCC-DNMG150612-EF-YBG205,true,true,MAPPED_ACTIVE,,false
7154,ZCC-DNMA150604-YBD102,true,true,true,true,true,003506,ZCC-DNMA150604-YBD102,true,true,MAPPED_ACTIVE,,false
7155,ZCC-DNMA150608-YBD102,true,true,true,true,true,003507,ZCC-DNMA150608-YBD102,true,true,MAPPED_ACTIVE,,false
7156,ZCC-DNMA150612-YBD152,true,true,true,true,true,003508,ZCC-DNMA150612-YBD152,true,true,MAPPED_ACTIVE,,false
7157,ZCC-TNMA220404-YBD052,true,true,true,true,true,003509,ZCC-TNMA220404-YBD052,true,true,MAPPED_ACTIVE,,false
7158,ZCC-DNMG150608-PMF-YBC251,true,true,true,true,true,003510,ZCC-DNMG150608-PMF-YBC251,true,true,MAPPED_ACTIVE,,false
7159,ZCC-DNMG150616-DR-YBC351,true,true,true,true,true,003511,ZCC-DNMG150616-DR-YBC351,true,true,MAPPED_ACTIVE,,false
7160,ZCC-DNMG150404-PM-YBC251,true,true,true,true,true,003512,ZCC-DNMG150404-PM-YBC251,true,true,MAPPED_ACTIVE,,false
7161,ZCC-LNKT2007DN-ZR-YBG302,true,true,true,true,true,003513,ZCC-LNKT2007DN-ZR-YBG302,true,true,MAPPED_ACTIVE,,false
7162,ZCC-LNKT2510-ZR-YBG102,true,true,true,true,true,003514,ZCC-LNKT2510-ZR-YBG102,true,true,MAPPED_ACTIVE,,false
7163,ZCC-RDKW2006MO-YBC301,true,true,true,true,true,003515,ZCC-RDKW2006MO-YBC301,true,true,MAPPED_ACTIVE,,false
7164,ZCC-TPKN2204PDSKR-YBC301,true,true,true,true,true,003516,ZCC-TPKN2204PDSKR-YBC301,true,true,MAPPED_ACTIVE,,false
7165,ZCC-SNGX1206AAM-YB9320,true,true,true,true,true,003517,ZCC-SNGX1206AAM-YB9320,true,true,MAPPED_ACTIVE,,false
7166,ZCC-LNKT080404PNR-GM-YBD152,true,true,true,true,true,003518,ZCC-LNKT080404PNR-GM-YBD152,true,true,MAPPED_ACTIVE,,false
7167,ZCC-APKT160420-APM-YB9320,true,true,true,true,true,003519,ZCC-APKT160420-APM-YB9320,true,true,MAPPED_ACTIVE,,false
7168,ZCC-APKT160424-APM-YB9320,true,true,true,true,true,003520,ZCC-APKT160424-APM-YB9320,true,true,MAPPED_ACTIVE,,false
7169,ZCC-APKT160430-APM-YB9320,true,true,true,true,true,003521,ZCC-APKT160430-APM-YB9320,true,true,MAPPED_ACTIVE,,false
7170,ZCC-SPKR1203EDR-YBC301,true,true,true,true,true,003522,ZCC-SPKR1203EDR-YBC301,true,true,MAPPED_ACTIVE,,false
7171,ZCC-TPMR160312-YBM251,true,true,true,true,true,003523,ZCC-TPMR160312-YBM251,true,true,MAPPED_ACTIVE,,false
7172,ZCC-SPKN1203EDFL-YBG102,true,true,true,true,true,003524,ZCC-SPKN1203EDFL-YBG102,true,true,MAPPED_ACTIVE,,false
7173,ZCC-SPGT090408-PM-YBG212,true,true,true,true,true,003525,ZCC-SPGT090408-PM-YBG212,true,true,MAPPED_ACTIVE,,false
7174,ZCC-SPGT060204-EM-YBG205,true,true,true,true,true,003526,ZCC-SPGT060204-EM-YBG205,true,true,MAPPED_ACTIVE,,false
7175,ZCC-SPGT050204-PM-YBG212,true,true,true,true,true,003527,ZCC-SPGT050204-PM-YBG212,true,true,MAPPED_ACTIVE,,false
7176,ZCC-WCMX030208R-53-YBC301,true,true,true,true,true,003528,ZCC-WCMX030208R-53-YBC301,true,true,MAPPED_ACTIVE,,false
7177,ZCC-GD05C-0860,true,true,true,true,true,003529,ZCC-GD05C-0860,true,true,MAPPED_ACTIVE,,false
7178,ZCC-ZSD03-370-XP40-SP11-02,true,true,true,true,true,003530,ZCC-ZSD03-370-XP40-SP11-02,true,true,MAPPED_ACTIVE,,false
7179,ZCC-ZSD05-225-XP25-SP07-02,true,true,true,true,true,003531,ZCC-ZSD05-225-XP25-SP07-02,true,true,MAPPED_ACTIVE,,false
7180,ZCC-ZSD04-225-XP25-SP07-02,true,true,true,true,true,003532,ZCC-ZSD04-225-XP25-SP07-02,true,true,MAPPED_ACTIVE,,false
7181,ZCC-QEGD2525L22,true,true,true,true,true,003533,ZCC-QEGD2525L22,true,true,MAPPED_ACTIVE,,false
7182,ZCC-DTGNL2020K16,true,true,true,true,true,003534,ZCC-DTGNL2020K16,true,true,MAPPED_ACTIVE,,false
7183,ZCC-GQCL1616K16-25,true,true,true,true,true,003535,ZCC-GQCL1616K16-25,true,true,MAPPED_ACTIVE,,false
7184,ZCC-QEED2525R10,true,true,true,true,true,003536,ZCC-QEED2525R10,true,true,MAPPED_ACTIVE,,false
7185,ZCC-QEED1616L17,true,true,true,true,true,003537,ZCC-QEED1616L17,true,true,MAPPED_ACTIVE,,false
7186,ZCC-QEED1616R17,true,true,true,true,true,003538,ZCC-QEED1616R17,true,true,MAPPED_ACTIVE,,false
7187,ZCC-QEED1212R10,true,true,true,true,true,003539,ZCC-QEED1212R10,true,true,MAPPED_ACTIVE,,false
7188,ZCC-SDJCR2020K11,true,true,true,true,true,003540,ZCC-SDJCR2020K11,true,true,MAPPED_ACTIVE,,false
7189,ZCC-QEES26N,true,true,true,true,true,003541,ZCC-QEES26N,true,true,MAPPED_ACTIVE,,false
7190,ZCC-QEES32N,true,true,true,true,true,003542,ZCC-QEES32N,true,true,MAPPED_ACTIVE,,false
7191,ZCC-CNMG120404-EF-YBG202,true,true,true,true,true,003543,ZCC-CNMG120404-EF-YBG202,true,true,MAPPED_ACTIVE,,false
7192,ZCC-ZTFD0303-MG-YBG205,true,true,true,true,true,003544,ZCC-ZTFD0303-MG-YBG205,true,true,MAPPED_ACTIVE,,false
7193,ZCC-CNMG120412-SNR-YBG105,true,true,true,true,true,003545,ZCC-CNMG120412-SNR-YBG105,true,true,MAPPED_ACTIVE,,false
7194,ZCC-CNMA120416-YBD052,true,true,true,true,true,003546,ZCC-CNMA120416-YBD052,true,true,MAPPED_ACTIVE,,false
7195,ZCC-DNMG110408-DF-YBC152,true,true,true,true,true,003547,ZCC-DNMG110408-DF-YBC152,true,true,MAPPED_ACTIVE,,false
7196,ZCC-TNMG160412-ADF-YB9320,true,true,true,true,true,003548,ZCC-TNMG160412-ADF-YB9320,true,true,MAPPED_ACTIVE,,false
7197,ZCC-TNMA160416-YBD152,true,true,true,true,true,003549,ZCC-TNMA160416-YBD152,true,true,MAPPED_ACTIVE,,false
7198,ZCC-WNMG060412-PM-YBC152,true,true,true,true,true,003550,ZCC-WNMG060412-PM-YBC152,true,true,MAPPED_ACTIVE,,false
7199,ZCC-ZTGD0404-MM-YB9320,true,true,true,true,true,003551,ZCC-ZTGD0404-MM-YB9320,true,true,MAPPED_ACTIVE,,false
7200,ZCC-TCMT16T308-HM-YBC351,true,true,true,true,true,003552,ZCC-TCMT16T308-HM-YBC351,true,true,MAPPED_ACTIVE,,false
7201,ZCC-DCMT070202-EF-YBG205,true,true,true,true,true,003553,ZCC-DCMT070202-EF-YBG205,true,true,MAPPED_ACTIVE,,false
7202,ZCC-TCMT090204-EM-YBG205,true,true,true,true,true,003554,ZCC-TCMT090204-EM-YBG205,true,true,MAPPED_ACTIVE,,false
7203,ZCC-DNGA150612DS01225-4-BHR2011,true,true,true,true,true,003555,ZCC-DNGA150612DS01225-4-BHR2011,true,true,MAPPED_ACTIVE,,false
7204,ZCC-TNMG330916-YBC351,true,true,true,true,true,003556,ZCC-TNMG330916-YBC351,true,true,MAPPED_ACTIVE,,false
7205,ZCC-TCGW110204AT01525-3-YCB211,true,true,true,true,true,003557,ZCC-TCGW110204AT01525-3-YCB211,true,true,MAPPED_ACTIVE,,false
7206,ZCC-TNGA160408S02020-3-YCB121,true,true,true,true,true,003558,ZCC-TNGA160408S02020-3-YCB121,true,true,MAPPED_ACTIVE,,false
7207,ZCC-TNGA160404S01520-3-YCB321,true,true,true,true,true,003559,ZCC-TNGA160404S01520-3-YCB321,true,true,MAPPED_ACTIVE,,false
7208,ZCC-SNMG250724-YBC151,true,true,true,true,true,003560,ZCC-SNMG250724-YBC151,true,true,MAPPED_ACTIVE,,false
7209,ZCC-SNMM250724-ZR-YB6325,true,true,true,true,true,003561,ZCC-SNMM250724-ZR-YB6325,true,true,MAPPED_ACTIVE,,false
7210,ZCC-DNGA150608AS01225-2-BH2511,true,true,true,true,true,003562,ZCC-DNGA150608AS01225-2-BH2511,true,true,MAPPED_ACTIVE,,false
7211,ZCC-RCMX2507MO-YBC251,true,true,true,true,true,003563,ZCC-RCMX2507MO-YBC251,true,true,MAPPED_ACTIVE,,false
7212,ZCC-SNGA120404AT01525-2-YCB211,true,true,true,true,true,003564,ZCC-SNGA120404AT01525-2-YCB211,true,true,MAPPED_ACTIVE,,false
7213,ZCC-VNGA160404AT01525-2-YCB211,true,true,true,true,true,003565,ZCC-VNGA160404AT01525-2-YCB211,true,true,MAPPED_ACTIVE,,false
7214,ZCC-VNGA160408S01025-2-YCB121,true,true,true,true,true,003566,ZCC-VNGA160408S01025-2-YCB121,true,true,MAPPED_ACTIVE,,false
7215,ZCC-VNMG160408-SNR-YBS103,true,true,true,true,true,003567,ZCC-VNMG160408-SNR-YBS103,true,true,MAPPED_ACTIVE,,false
7216,ZCC-CNGA120404AT01525-2-YCB211,true,true,true,true,true,003568,ZCC-CNGA120404AT01525-2-YCB211,true,true,MAPPED_ACTIVE,,false
7217,ZCC-CCGW060204AF-YCD411,true,true,true,true,true,003569,ZCC-CCGW060204AF-YCD411,true,true,MAPPED_ACTIVE,,false
7218,ZCC-CCGW060204AS01020-2-YCB012,true,true,true,true,true,003570,ZCC-CCGW060204AS01020-2-YCB012,true,true,MAPPED_ACTIVE,,false
7219,ZCC-TCGW110208AF-DN1011,true,true,true,true,true,003571,ZCC-TCGW110208AF-DN1011,true,true,MAPPED_ACTIVE,,false
7220,ZCC-DCGW070204AF-YCD421,true,true,true,true,true,003572,ZCC-DCGW070204AF-YCD421,true,true,MAPPED_ACTIVE,,false
7221,ZCC-DCGW070208AS01225-2-BH1011,true,true,true,true,true,003573,ZCC-DCGW070208AS01225-2-BH1011,true,true,MAPPED_ACTIVE,,false
7222,ZCC-DCGW070208AS00815-2-BHC2011,true,true,true,true,true,003574,ZCC-DCGW070208AS00815-2-BHC2011,true,true,MAPPED_ACTIVE,,false
7223,ZCC-DCGW070204AS01225-2-BH2011,true,true,true,true,true,003575,ZCC-DCGW070204AS01225-2-BH2011,true,true,MAPPED_ACTIVE,,false
7224,ZCC-ZTLD0808-MM-YB9320,true,true,true,true,true,003576,ZCC-ZTLD0808-MM-YB9320,true,true,MAPPED_ACTIVE,,false
7225,ZCC-SNGA120416T03020-CN1000,true,true,true,true,true,003577,ZCC-SNGA120416T03020-CN1000,true,true,MAPPED_ACTIVE,,false
7226,ZCC-CNGN120416T02020-CN1000,true,true,true,true,true,003578,ZCC-CNGN120416T02020-CN1000,true,true,MAPPED_ACTIVE,,false
7227,ZCC-RCMT1606MO-YBD252,true,true,true,true,true,003579,ZCC-RCMT1606MO-YBD252,true,true,MAPPED_ACTIVE,,false
7228,ZCC-ZRGD04-EG-YB9320,true,true,true,true,true,003580,ZCC-ZRGD04-EG-YB9320,true,true,MAPPED_ACTIVE,,false
7229,ZCC-TNMG220408-DM-YNG151,true,true,true,true,true,003581,ZCC-TNMG220408-DM-YNG151,true,true,MAPPED_ACTIVE,,false
7230,ZCC-TNMG220412-EF-YBG205,true,true,true,true,true,003582,ZCC-TNMG220412-EF-YBG205,true,true,MAPPED_ACTIVE,,false
7231,ZCC-TPKN1603PDTKR-YD201,true,true,true,true,true,003583,ZCC-TPKN1603PDTKR-YD201,true,true,MAPPED_ACTIVE,,false
7232,ZCC-TPUN160308-YBC301,true,true,true,true,true,003584,ZCC-TPUN160308-YBC301,true,true,MAPPED_ACTIVE,,false
7233,ZCC-SDMT090308-YBM251,true,true,true,true,true,003585,ZCC-SDMT090308-YBM251,true,true,MAPPED_ACTIVE,,false
7234,ZCC-SPKN1504EDSKR-YBG302,true,true,true,true,true,003586,ZCC-SPKN1504EDSKR-YBG302,true,true,MAPPED_ACTIVE,,false
7235,ZCC-LNKT120608PNR-GM-YBM253,true,true,true,true,true,003587,ZCC-LNKT120608PNR-GM-YBM253,true,true,MAPPED_ACTIVE,,false
7236,ZCC-SPKN1504EDFL-YD201,true,true,true,true,true,003588,ZCC-SPKN1504EDFL-YD201,true,true,MAPPED_ACTIVE,,false
7237,ZCC-SPKN1504EDFR-YD201,true,true,true,true,true,003589,ZCC-SPKN1504EDFR-YD201,true,true,MAPPED_ACTIVE,,false
7238,ZCC-TPMR220412-YBM251,true,true,true,true,true,003590,ZCC-TPMR220412-YBM251,true,true,MAPPED_ACTIVE,,false
7239,ZCC-RDKW1604MO-3-YBG202,true,true,true,true,true,003591,ZCC-RDKW1604MO-3-YBG202,true,true,MAPPED_ACTIVE,,false
7240,ZCC-LNKT080408PNR-GM-YBM253,true,true,true,true,true,003592,ZCC-LNKT080408PNR-GM-YBM253,true,true,MAPPED_ACTIVE,,false
7241,ZCC-APKT11T308-APL-YBS203,true,true,true,true,true,003593,ZCC-APKT11T308-APL-YBS203,true,true,MAPPED_ACTIVE,,false
7242,ZCC-SPMR120304-YBC251,true,true,true,true,true,003594,ZCC-SPMR120304-YBC251,true,true,MAPPED_ACTIVE,,false
7243,ZCC-SPMR120308-YBM251,true,true,true,true,true,003595,ZCC-SPMR120308-YBM251,true,true,MAPPED_ACTIVE,,false
7244,ZCC-SPMR120312-YBM351,true,true,true,true,true,003596,ZCC-SPMR120312-YBM351,true,true,MAPPED_ACTIVE,,false
7245,ZCC-SDMT120412-DM-YBG205H,true,true,true,true,true,003597,ZCC-SDMT120412-DM-YBG205H,true,true,MAPPED_ACTIVE,,false
7246,ZCC-APKT160416-APM-YB9320,true,true,true,true,true,003598,ZCC-APKT160416-APM-YB9320,true,true,MAPPED_ACTIVE,,false
7247,ZCC-TPMR160308-YBM351,true,true,true,true,true,003599,ZCC-TPMR160308-YBM351,true,true,MAPPED_ACTIVE,,false
7248,ZCC-TPKN1603PDSKR-YBC301,true,true,true,true,true,003600,ZCC-TPKN1603PDSKR-YBC301,true,true,MAPPED_ACTIVE,,false
7249,ZCC-SPKN1203EDFR-YD201,true,true,true,true,true,003601,ZCC-SPKN1203EDFR-YD201,true,true,MAPPED_ACTIVE,,false
7250,ZCC-SDMT09T312-PM-YBG205,true,true,true,true,true,003602,ZCC-SDMT09T312-PM-YBG205,true,true,MAPPED_ACTIVE,,false
7251,ZCC-TPUN160304-YBM251,true,true,true,true,true,003603,ZCC-TPUN160304-YBM251,true,true,MAPPED_ACTIVE,,false
7252,ZCC-APKT11T312-PM-YBG102,true,true,true,true,true,003604,ZCC-APKT11T312-PM-YBG102,true,true,MAPPED_ACTIVE,,false
7253,ZCC-APKT11T320-PF-YBG205,true,true,true,false,false,,,,true,UNMAPPED,,false
7254,ZCC-TPMR110304-YBC351,true,true,true,false,false,,,,true,UNMAPPED,,false
7255,ZCC-TPMR110308-YBC351,true,true,true,false,false,,,,true,UNMAPPED,,false
7256,ZCC-SDMT06T208-DM-YB9320,true,true,true,true,true,003605,ZCC-SDMT06T208-DM-YB9320,true,true,MAPPED_ACTIVE,,false
7257,ZCC-TPMR090208-YBC251,true,true,true,false,false,,,,true,UNMAPPED,,false
7258,ZCC-SPMR090308-YBC151,true,true,true,false,false,,,,true,UNMAPPED,,false
7259,ZCC-PM-4E-D20.0,true,true,true,false,false,,,,true,UNMAPPED,,false
7260,ZCC-PM-4E-D14.0,true,true,true,true,true,003606,ZCC-PM-4E-D14.0,true,true,MAPPED_ACTIVE,,false
7261,ZCC-ZSD02-135-XP20-SP04-02,true,true,true,false,false,,,,true,UNMAPPED,,false
7262,ZCC-WCMX080412R-53-YBG202,true,true,true,false,false,,,,true,UNMAPPED,,false
7263,ZCC-WCMX06T308R-53-YBG201,true,true,true,true,true,003607,ZCC-WCMX06T308R-53-YBG201,true,true,MAPPED_ACTIVE,,false
7264,ZCC-WCMX06T308R-PG-YBG202,true,true,true,false,false,,,,true,UNMAPPED,,false
7265,ZCC-WCMX050308R-53-YBG202,true,true,true,false,false,,,,true,UNMAPPED,,false
7266,ZCC-WCMX040208R-53-YBG202,true,true,true,false,false,,,,true,UNMAPPED,,false
7267,ZCC-SPGT140512-PM-YBG212,true,true,true,false,false,,,,true,UNMAPPED,,false
7268,ZCC-WCMX030208R-53-YBG205,true,true,true,true,true,003608,ZCC-WCMX030208R-53-YBG205,true,true,MAPPED_ACTIVE,,false
7269,ZCC-ZSD05-490-XP40-SP14-02,true,true,true,true,true,003609,ZCC-ZSD05-490-XP40-SP14-02,true,true,MAPPED_ACTIVE,,false
7270,ZCC-ZSD05-485-XP40-SP14-02,true,true,true,false,false,,,,true,UNMAPPED,,false
7271,ZCC-ZSD05-470-XP40-SP14-02,true,true,true,false,false,,,,true,UNMAPPED,,false
7272,ZCC-ZSD05-465-XP40-SP14-02,true,true,true,false,false,,,,true,UNMAPPED,,false
7273,ZCC-ZSD05-450-XP40-SP14-02,true,true,true,false,false,,,,true,UNMAPPED,,false
7274,ZCC-ZSD05-440-XP40-SP14-02,true,true,true,false,false,,,,true,UNMAPPED,,false
7275,ZCC-ZSD05-400-XP40-SP11-02,true,true,true,false,false,,,,true,UNMAPPED,,false
7276,ZCC-S32U-PTFNL16,true,true,true,false,false,,,,true,UNMAPPED,,false
7277,ZCC-S25T-PTFNL16,true,true,true,false,false,,,,true,UNMAPPED,,false
7278,ZCC-S25T-PTFNR16,true,true,true,false,false,,,,true,UNMAPPED,,false
7279,ZCC-S20S-PWLNL06,true,true,true,false,false,,,,true,UNMAPPED,,false
7280,ZCC-PTGNR3232P27,true,true,true,false,false,,,,true,UNMAPPED,,false
7281,ZCC-PTGNL3232P27,true,true,true,false,false,,,,true,UNMAPPED,,false
7282,ZCC-PTGNR2525M16,true,true,true,false,false,,,,true,UNMAPPED,,false
7283,ZCC-PWLNR2525M08,true,true,true,false,false,,,,true,UNMAPPED,,false
7284,ZCC-PTTNR2525M22,true,true,true,false,false,,,,true,UNMAPPED,,false
7285,ZCC-PTTNL2525M22,true,true,true,false,false,,,,true,UNMAPPED,,false
7286,ZCC-PTGNL2525M22,true,true,true,false,false,,,,true,UNMAPPED,,false
7287,ZCC-PTGNR2525M22,true,true,true,false,false,,,,true,UNMAPPED,,false
7288,ZCC-PWLNL2525M08,true,true,true,false,false,,,,true,UNMAPPED,,false
7289,ZCC-PWLNL2525M06,true,true,true,false,false,,,,true,UNMAPPED,,false
7290,ZCC-PWLNR2525M06,true,true,true,false,false,,,,true,UNMAPPED,,false
7291,ZCC-CCGT030102L-FF-YBG202,false,false,false,true,true,003623,ZCC-CCGT030102L-FF-YBG202,false,true,RECONCILIATION_REQUIRED,mapped_inactive,false
7292,ZCC-CCGT030104L-FF-YBG202,false,false,false,true,true,003624,ZCC-CCGT030104L-FF-YBG202,false,true,RECONCILIATION_REQUIRED,mapped_inactive,false
7293,ZCC-CCGT040102L-FF-YBG202,false,false,false,true,true,003625,ZCC-CCGT040102L-FF-YBG202,false,true,RECONCILIATION_REQUIRED,mapped_inactive,false
7294,ZCC-CCGT040104L-FF-YB9320,false,false,false,true,true,003626,ZCC-CCGT040104L-FF-YB9320,false,true,RECONCILIATION_REQUIRED,mapped_inactive,false
7295,ZCC-CCGT09T304-SF-YNG151,false,false,false,true,true,003627,ZCC-CCGT09T304-SF-YNG151,false,true,RECONCILIATION_REQUIRED,mapped_inactive,false
7296,ZCC-CCGW120404AS02020-2-YCB121,false,false,false,true,true,003628,ZCC-CCGW120404AS02020-2-YCB121,false,true,RECONCILIATION_REQUIRED,mapped_inactive,false
7297,ZCC-CCGX060202-LC-YD101,false,false,false,true,true,003629,ZCC-CCGX060202-LC-YD101,false,true,RECONCILIATION_REQUIRED,mapped_inactive,false
7298,ZCC-CCGX060204-LH-YD101,false,false,false,true,true,003630,ZCC-CCGX060204-LH-YD101,false,true,RECONCILIATION_REQUIRED,mapped_inactive,false
7299,ZCC-CCGX060208-LH-YD101,false,false,false,true,true,003631,ZCC-CCGX060208-LH-YD101,false,true,RECONCILIATION_REQUIRED,mapped_inactive,false
7300,ZCC-CCGX09T302-LC-YBG101,false,false,false,true,true,003632,ZCC-CCGX09T302-LC-YBG101,false,true,RECONCILIATION_REQUIRED,mapped_inactive,false
7301,ZCC-CCGX09T302-LH-YD101,false,false,false,true,true,003633,ZCC-CCGX09T302-LH-YD101,false,true,RECONCILIATION_REQUIRED,mapped_inactive,false
7302,ZCC-CCGX09T304-LC-YD101,false,false,false,true,true,003634,ZCC-CCGX09T304-LC-YD101,false,true,RECONCILIATION_REQUIRED,mapped_inactive,false
7303,ZCC-CCGX09T304-LH-YBG102,false,false,false,true,true,003635,ZCC-CCGX09T304-LH-YBG102,false,true,RECONCILIATION_REQUIRED,mapped_inactive,false
7304,ZCC-CCGX09T304-LH-YD101,false,false,false,true,true,003636,ZCC-CCGX09T304-LH-YD101,false,true,RECONCILIATION_REQUIRED,mapped_inactive,false
7305,ZCC-CCGX09T308-LH-YD101,false,false,false,true,true,003637,ZCC-CCGX09T308-LH-YD101,false,true,RECONCILIATION_REQUIRED,mapped_inactive,false
7306,ZCC-CCGX120404-LC-YD101,false,false,false,true,true,003638,ZCC-CCGX120404-LC-YD101,false,true,RECONCILIATION_REQUIRED,mapped_inactive,false
7307,ZCC-CCGX120404-LH-YD101,false,false,false,true,true,003639,ZCC-CCGX120404-LH-YD101,false,true,RECONCILIATION_REQUIRED,mapped_inactive,false
7308,ZCC-CCGX120408-LC-YD101,false,false,false,true,true,003640,ZCC-CCGX120408-LC-YD101,false,true,RECONCILIATION_REQUIRED,mapped_inactive,false
7309,ZCC-CCGX120408-LH-YD101,false,false,false,true,true,003641,ZCC-CCGX120408-LH-YD101,false,true,RECONCILIATION_REQUIRED,mapped_inactive,false
7310,ZCC-CCMT060202-EF-YBG205,false,false,false,true,true,003642,ZCC-CCMT060202-EF-YBG205,false,true,RECONCILIATION_REQUIRED,mapped_inactive,false
7311,ZCC-CCMT060204-AHF-YB9320,false,false,false,true,true,003643,ZCC-CCMT060204-AHF-YB9320,false,true,RECONCILIATION_REQUIRED,mapped_inactive,false
7312,ZCC-CCMT060208-EM-YBG202,false,false,false,true,true,003644,ZCC-CCMT060208-EM-YBG202,false,true,RECONCILIATION_REQUIRED,mapped_inactive,false
7313,ZCC-CCMT09T302-HF-YBC251,false,false,false,true,true,003645,ZCC-CCMT09T302-HF-YBC251,false,true,RECONCILIATION_REQUIRED,mapped_inactive,false
7314,ZCC-CCMT09T304-AHF-YNT251,false,false,false,true,true,003646,ZCC-CCMT09T304-AHF-YNT251,false,true,RECONCILIATION_REQUIRED,mapped_inactive,false
7315,ZCC-CCMT09T308-HF-YBD152,false,false,false,true,true,003647,ZCC-CCMT09T308-HF-YBD152,false,true,RECONCILIATION_REQUIRED,mapped_inactive,false
7316,ZCC-CCMT120404-HM-YBC351,false,false,false,true,true,003648,ZCC-CCMT120404-HM-YBC351,false,true,RECONCILIATION_REQUIRED,mapped_inactive,false
7317,ZCC-CCMT120412-HR-YBD151,false,false,false,true,true,003649,ZCC-CCMT120412-HR-YBD151,false,true,RECONCILIATION_REQUIRED,mapped_inactive,false
7318,ZCC-CNEG120408-NF-YBG102,false,false,false,true,true,003650,ZCC-CNEG120408-NF-YBG102,false,true,RECONCILIATION_REQUIRED,mapped_inactive,false
7319,ZCC-CNGA120412T03020-CN1000,false,false,false,true,true,003651,ZCC-CNGA120412T03020-CN1000,false,true,RECONCILIATION_REQUIRED,mapped_inactive,false
7320,ZCC-CNGN120412T03020-CN1000,false,false,false,true,true,003652,ZCC-CNGN120412T03020-CN1000,false,true,RECONCILIATION_REQUIRED,mapped_inactive,false
7321,ZCC-CNMA120412-YBD152,false,false,false,true,true,003653,ZCC-CNMA120412-YBD152,false,true,RECONCILIATION_REQUIRED,mapped_inactive,false
7322,ZCC-CNMG090304-EF-YBG202,false,false,false,true,true,003654,ZCC-CNMG090304-EF-YBG202,false,true,RECONCILIATION_REQUIRED,mapped_inactive,false
7323,ZCC-D-DCGW11T308T01525-2-YCB121,false,false,false,true,true,003655,ZCC-D-DCGW11T308T01525-2-YCB121,false,true,RECONCILIATION_REQUIRED,mapped_inactive,false
7324,ZCC-DCGT0702005R-USF-YBG202,false,false,false,true,true,003656,ZCC-DCGT0702005R-USF-YBG202,false,true,RECONCILIATION_REQUIRED,mapped_inactive,false
7325,ZCC-DCGW11T304-YCD511,false,false,false,true,true,003657,ZCC-DCGW11T304-YCD511,false,true,RECONCILIATION_REQUIRED,mapped_inactive,false
7326,ZCC-DCGW11T304AF-YCD011,false,false,false,true,true,003658,ZCC-DCGW11T304AF-YCD011,false,true,RECONCILIATION_REQUIRED,mapped_inactive,false
7327,ZCC-DCGW11T304AS01020-2-YCB012,false,false,false,true,true,003659,ZCC-DCGW11T304AS01020-2-YCB012,false,true,RECONCILIATION_REQUIRED,mapped_inactive,false
7328,ZCC-DCGW11T304AS01225-2-BHC3511,false,false,false,true,true,003660,ZCC-DCGW11T304AS01225-2-BHC3511,false,true,RECONCILIATION_REQUIRED,mapped_inactive,false
7329,ZCC-DCGW11T304AS01735-2-BHC3511,false,false,false,true,true,003661,ZCC-DCGW11T304AS01735-2-BHC3511,false,true,RECONCILIATION_REQUIRED,mapped_inactive,false
7330,ZCC-DCGW11T304AT01515-2-YCB211,false,false,false,true,true,003662,ZCC-DCGW11T304AT01515-2-YCB211,false,true,RECONCILIATION_REQUIRED,mapped_inactive,false
7331,ZCC-DCGW11T308AF-DN1021-PCD,false,false,false,true,true,003663,ZCC-DCGW11T308AF-DN1021-PCD,false,true,RECONCILIATION_REQUIRED,mapped_inactive,false
7332,ZCC-DCGW11T308AS02020-2-YCB121,false,false,false,true,true,003664,ZCC-DCGW11T308AS02020-2-YCB121,false,true,RECONCILIATION_REQUIRED,mapped_inactive,false
7333,ZCC-DCGX070202-LH-YD101,false,false,false,true,true,003665,ZCC-DCGX070202-LH-YD101,false,true,RECONCILIATION_REQUIRED,mapped_inactive,false
7334,ZCC-DCGX070208-LC-YD101,false,false,false,true,true,003666,ZCC-DCGX070208-LC-YD101,false,true,RECONCILIATION_REQUIRED,mapped_inactive,false
7335,ZCC-DCGX11T302-LH-YD101,false,false,false,true,true,003667,ZCC-DCGX11T302-LH-YD101,false,true,RECONCILIATION_REQUIRED,mapped_inactive,false
7336,ZCC-DCGX11T304-LC-YD101,false,false,false,true,true,003668,ZCC-DCGX11T304-LC-YD101,false,true,RECONCILIATION_REQUIRED,mapped_inactive,false
7337,ZCC-DCGX11T304-LH-YBG102,false,false,false,true,true,003669,ZCC-DCGX11T304-LH-YBG102,false,true,RECONCILIATION_REQUIRED,mapped_inactive,false
7338,ZCC-DCGX11T308-LC-YBG101,false,false,false,true,true,003670,ZCC-DCGX11T308-LC-YBG101,false,true,RECONCILIATION_REQUIRED,mapped_inactive,false
7339,ZCC-DCGX11T308-LH-YD101,false,false,false,true,true,003671,ZCC-DCGX11T308-LH-YD101,false,true,RECONCILIATION_REQUIRED,mapped_inactive,false
7340,ZCC-DCLNL2020K12,false,false,false,true,true,003672,ZCC-DCLNL2020K12,false,true,RECONCILIATION_REQUIRED,mapped_inactive,false
7341,ZCC-DCLNL2525M12,false,false,false,true,true,003673,ZCC-DCLNL2525M12,false,true,RECONCILIATION_REQUIRED,mapped_inactive,false
7342,ZCC-DCLNL3232P16,false,false,false,true,true,003674,ZCC-DCLNL3232P16,false,true,RECONCILIATION_REQUIRED,mapped_inactive,false
7343,ZCC-DCLNR1616H09,false,false,false,true,true,003675,ZCC-DCLNR1616H09,false,true,RECONCILIATION_REQUIRED,mapped_inactive,false
7344,ZCC-DCLNR2020K12,false,false,false,true,true,003676,ZCC-DCLNR2020K12,false,true,RECONCILIATION_REQUIRED,mapped_inactive,false
7345,ZCC-DCLNR2525M12,false,false,false,true,true,003677,ZCC-DCLNR2525M12,false,true,RECONCILIATION_REQUIRED,mapped_inactive,false
7346,ZCC-DCLNR3232P16,false,false,false,true,true,003678,ZCC-DCLNR3232P16,false,true,RECONCILIATION_REQUIRED,mapped_inactive,false
7347,ZCC-DCMT070204-AHF-YB9315,false,false,false,true,true,003679,ZCC-DCMT070204-AHF-YB9315,false,true,RECONCILIATION_REQUIRED,mapped_inactive,false
7348,ZCC-DCMT070208-HF-YBC251,false,false,false,true,true,003680,ZCC-DCMT070208-HF-YBC251,false,true,RECONCILIATION_REQUIRED,mapped_inactive,false
7349,ZCC-DCMT11T302-AHF-YB6315,false,false,false,true,true,003681,ZCC-DCMT11T302-AHF-YB6315,false,true,RECONCILIATION_REQUIRED,mapped_inactive,false
7350,ZCC-DCMT11T308-EF-YBG105,false,false,false,true,true,003682,ZCC-DCMT11T308-EF-YBG105,false,true,RECONCILIATION_REQUIRED,mapped_inactive,false
7351,ZCC-DCMT11T312-XM-YBC203,false,false,false,true,true,003683,ZCC-DCMT11T312-XM-YBC203,false,true,RECONCILIATION_REQUIRED,mapped_inactive,false
7352,ZCC-DCMT150404-EM-YBM153,false,false,false,true,true,003684,ZCC-DCMT150404-EM-YBM153,false,true,RECONCILIATION_REQUIRED,mapped_inactive,false
7353,ZCC-DDJNL2020K15,false,false,false,true,true,003685,ZCC-DDJNL2020K15,false,true,RECONCILIATION_REQUIRED,mapped_inactive,false
7354,ZCC-DDJNL2525M15,false,false,false,true,true,003686,ZCC-DDJNL2525M15,false,true,RECONCILIATION_REQUIRED,mapped_inactive,false
7355,ZCC-DNGN150716T02020-CA1000,false,false,false,true,true,003687,ZCC-DNGN150716T02020-CA1000,false,true,RECONCILIATION_REQUIRED,mapped_inactive,false
7356,ZCC-DNMG150604-PM-YBD152,false,false,false,true,true,003688,ZCC-DNMG150604-PM-YBD152,false,true,RECONCILIATION_REQUIRED,mapped_inactive,false
7357,ZCC-DNMM150616-HDR-YBC351,false,false,false,true,true,003689,ZCC-DNMM150616-HDR-YBC351,false,true,RECONCILIATION_REQUIRED,mapped_inactive,false
7358,ZCC-DNMX150612-WG-YBC152,false,false,false,true,true,003690,ZCC-DNMX150612-WG-YBC152,false,true,RECONCILIATION_REQUIRED,mapped_inactive,false
7359,ZCC-EMP13-063-A22-AN11-07C,false,false,false,true,true,003691,ZCC-EMP13-063-A22-AN11-07C,false,true,RECONCILIATION_REQUIRED,mapped_inactive,false
7360,ZCC-EMPX-080-A27-VC22-04C,false,false,false,true,true,003692,ZCC-EMPX-080-A27-VC22-04C,false,true,RECONCILIATION_REQUIRED,mapped_inactive,false
7361,ZCC-FMA01-050-A22-SE12-04,false,false,false,true,true,003693,ZCC-FMA01-050-A22-SE12-04,false,true,RECONCILIATION_REQUIRED,mapped_inactive,false
7362,ZCC-FMA01-063-A22-SE12-05,false,false,false,false,false,,,,true,UNMAPPED,,false
7363,ZCC-FMA04-050-A22-0D06-04C,false,false,false,false,false,,,,true,UNMAPPED,,false
7364,ZCC-FMA04-100-B32-OF05-07,false,false,false,false,false,,,,true,UNMAPPED,,false
7365,ZCC-FMA07-050-A22-0N06-05,false,false,false,true,true,003694,ZCC-FMA07-050-A22-0N06-05,false,true,RECONCILIATION_REQUIRED,mapped_inactive,false
7366,ZCC-FMA07-063-A22-ON06-06C,false,false,false,false,false,,,,true,UNMAPPED,,false
7367,ZCC-FMA11-080-A27-SN15-06C,false,false,false,false,false,,,,true,UNMAPPED,,false
7368,ZCC-FMA11-100-B32-SN12-07,false,false,false,true,true,003695,ZCC-FMA11-100-B32-SN12-07,false,true,RECONCILIATION_REQUIRED,mapped_inactive,false
7369,ZCC-FMA12-080-A27-0N08-06,false,false,false,false,false,,,,true,UNMAPPED,,false
7370,ZCC-FMD02-100-B32-PN11-10,false,false,false,false,false,,,,true,UNMAPPED,,false
7371,ZCC-FMD03-160-C40-LN20-08,false,false,false,true,true,003696,ZCC-FMD03-160-C40-LN20-08,false,true,RECONCILIATION_REQUIRED,mapped_inactive,false
7372,ZCC-FME02-080-A27-SP12-06,false,false,false,false,false,,,,true,UNMAPPED,,false
7373,ZCC-FMP12-063-A22-WN08-04C,false,false,false,false,false,,,,true,UNMAPPED,,false
7374,ZCC-FMP12-080-A27-WN08-05C,false,false,false,false,false,,,,true,UNMAPPED,,false
7375,ZCC-FMP17-125-B40-SN12-10,false,false,false,false,false,,,,true,UNMAPPED,,false
7376,ZCC-FMR02-050-A22-RC12-04,false,false,false,true,true,003697,ZCC-FMR02-050-A22-RC12-04,false,true,RECONCILIATION_REQUIRED,mapped_inactive,false
7377,ZCC-FMR02-063-A22-RC12-04,false,false,false,false,false,,,,true,UNMAPPED,,false
7378,ZCC-FMR04-080-B27-RD16-05,false,false,false,false,false,,,,true,UNMAPPED,,false
7379,ZCC-KNUX160405L12,false,false,false,false,false,,,,true,UNMAPPED,,false
7380,ZCC-KNUX160410L11-YBM251,false,false,false,false,false,,,,true,UNMAPPED,,false
7381,ZCC-KNUX160410R11,false,false,false,false,false,,,,true,UNMAPPED,,false
7382,ZCC-PTFNL1616H16,false,false,false,false,false,,,,true,UNMAPPED,,false
7383,ZCC-PTFNL2020K16,false,false,false,true,true,003698,ZCC-PTFNL2020K16,false,true,RECONCILIATION_REQUIRED,mapped_inactive,false
7384,ZCC-PTFNL2525M22,false,false,false,true,true,003699,ZCC-PTFNL2525M22,false,true,RECONCILIATION_REQUIRED,mapped_inactive,false
7385,ZCC-PTFNR2020K16,false,false,false,false,false,,,,true,UNMAPPED,,false
7386,ZCC-PTFNR2525M22,false,false,false,false,false,,,,true,UNMAPPED,,false
7387,ZCC-PTGNL2020K16,false,false,false,true,true,003700,ZCC-PTGNL2020K16,false,true,RECONCILIATION_REQUIRED,mapped_inactive,false
7388,ZCC-PTGNL2525M16,false,false,false,false,false,,,,true,UNMAPPED,,false
7389,ZCC-PTGNR2020K16,false,false,false,false,false,,,,true,UNMAPPED,,false
7390,ZCC-PTTNL2020K16,false,false,false,false,false,,,,true,UNMAPPED,,false
7391,ZCC-PTTNR1616H16,false,false,false,false,false,,,,true,UNMAPPED,,false
7392,ZCC-PTTNR2020K16,false,false,false,false,false,,,,true,UNMAPPED,,false
7393,ZCC-PWLNL2020K06,false,false,false,false,false,,,,true,UNMAPPED,,false
7394,ZCC-PWLNL2020K08,false,false,false,false,false,,,,true,UNMAPPED,,false
7395,ZCC-PWLNR2020K06,false,false,false,false,false,,,,true,UNMAPPED,,false
7396,ZCC-PWLNR2020K08,false,false,false,false,false,,,,true,UNMAPPED,,false
7397,ZCC-QEFS26N,false,false,false,false,false,,,,true,UNMAPPED,,false
7398,ZCC-QZS2526,false,false,false,false,false,,,,true,UNMAPPED,,false
7399,ZCC-RCGX0803MO-LH-YD101,false,false,false,false,false,,,,true,UNMAPPED,,false
7400,ZCC-RCGX1204MO-LH-YD101,false,false,false,false,false,,,,true,UNMAPPED,,false
7401,ZCC-RCMT0803MO-YBD102,false,false,false,false,false,,,,true,UNMAPPED,,false
7402,ZCC-RCMT10T3MO-YBC251,false,false,false,false,false,,,,true,UNMAPPED,,false
7403,ZCC-RCMT10T3MO-YBD102,false,false,false,false,false,,,,true,UNMAPPED,,false
7404,ZCC-RCMT1204MO-YBD052,false,false,false,false,false,,,,true,UNMAPPED,,false
7405,ZCC-RCMX0803MO-YBC251,false,false,false,false,false,,,,true,UNMAPPED,,false
7406,ZCC-RCMX0803MO-YBC351,false,false,false,false,false,,,,true,UNMAPPED,,false
7407,ZCC-RCMX1003MO-YBC251,false,false,false,false,false,,,,true,UNMAPPED,,false
7408,ZCC-RCMX1204MO-YBC251,false,false,false,false,false,,,,true,UNMAPPED,,false
7409,ZCC-RCMX3209MO-PV-YBC251,false,false,false,false,false,,,,true,UNMAPPED,,false
7410,ZCC-SCGX09T302-LH-YD101,false,false,false,false,false,,,,true,UNMAPPED,,false
7411,ZCC-SCGX09T304-LC-YD101,false,false,false,false,false,,,,true,UNMAPPED,,false
7412,ZCC-SCGX09T308-LC-YD101,false,false,false,false,false,,,,true,UNMAPPED,,false
7413,ZCC-SCGX09T308-LH-YD101,false,false,false,false,false,,,,true,UNMAPPED,,false
7414,ZCC-SCGX120408-LC-YD101,false,false,false,false,false,,,,true,UNMAPPED,,false
7415,ZCC-SCGX120408-LH-YD101,false,false,false,false,false,,,,true,UNMAPPED,,false
7416,ZCC-SCMT09T304-AHF-YB9320,false,false,false,false,false,,,,true,UNMAPPED,,false
7417,ZCC-SCMT09T308-AHF-YB9320,false,false,false,false,false,,,,true,UNMAPPED,,false
7418,ZCC-SCMT09T312-HR-YBC252,false,false,false,false,false,,,,true,UNMAPPED,,false
7419,ZCC-SCMT120404-HM-YBD151,false,false,false,false,false,,,,true,UNMAPPED,,false
7420,ZCC-SCMT120408-HM-YBD152,false,false,false,false,false,,,,true,UNMAPPED,,false
7421,ZCC-SCMT120412-HR-YBD152,false,false,false,false,false,,,,true,UNMAPPED,,false
7422,ZCC-SDJCL1616H11,false,false,false,false,false,,,,true,UNMAPPED,,false
7423,ZCC-SDJCL2020K11,false,false,false,false,false,,,,true,UNMAPPED,,false
7424,ZCC-SDJCL2525M11,false,false,false,false,false,,,,true,UNMAPPED,,false
7425,ZCC-SDJCR1212H07,false,false,false,false,false,,,,true,UNMAPPED,,false
7426,ZCC-SDJCR1616H07,false,false,false,false,false,,,,true,UNMAPPED,,false
7427,ZCC-SDJCR1616H11,false,false,false,false,false,,,,true,UNMAPPED,,false
7428,ZCC-SDJCR2525M11,false,false,false,false,false,,,,true,UNMAPPED,,false
7429,ZCC-SDNCN1010E07,false,false,false,false,false,,,,true,UNMAPPED,,false
7430,ZCC-SDNCN1212F07,false,false,false,false,false,,,,true,UNMAPPED,,false
7431,ZCC-SDNCN1212H11,false,false,false,false,false,,,,true,UNMAPPED,,false
7432,ZCC-SDNCN1616H11,false,false,false,false,false,,,,true,UNMAPPED,,false
7433,ZCC-SDNCN2020K11,false,false,false,false,false,,,,true,UNMAPPED,,false
7434,ZCC-SDNCN2525M11,false,false,false,false,false,,,,true,UNMAPPED,,false
7435,ZCC-SMP01-063,false,false,false,false,false,,,,true,UNMAPPED,,false
7436,ZCC-SNGA150612T02020-CN1000,false,false,false,false,false,,,,true,UNMAPPED,,false
7437,ZCC-SNGN120708T02020-CN2000,false,false,false,false,false,,,,true,UNMAPPED,,false
7438,ZCC-SNMA120412-YBD152C,false,false,false,false,false,,,,true,UNMAPPED,,false
7439,ZCC-SNMA150612-YBD152,false,false,false,false,false,,,,true,UNMAPPED,,false
7440,ZCC-SNMA190612-YBD151,false,false,false,false,false,,,,true,UNMAPPED,,false
7441,ZCC-SNMG120404-ADF-YB9320,false,false,false,false,false,,,,true,UNMAPPED,,false
7442,ZCC-SNMG120404-EF-YBG205,false,false,false,false,false,,,,true,UNMAPPED,,false
7443,ZCC-SNMG120404-EM-YBG202,false,false,false,false,false,,,,true,UNMAPPED,,false
7444,ZCC-SNMG120404-PM-YBC251,false,false,false,false,false,,,,true,UNMAPPED,,false
7445,ZCC-SNMG120408-ADF-YB9320,false,false,false,false,false,,,,true,UNMAPPED,,false
7446,ZCC-SNMG120408-EM-YBG202,false,false,false,false,false,,,,true,UNMAPPED,,false
7447,ZCC-SNMG120408-EM-YBG205,false,false,false,false,false,,,,true,UNMAPPED,,false
7448,ZCC-SNMG120408-PM-YBC351,false,false,false,false,false,,,,true,UNMAPPED,,false
7449,ZCC-SNMG120408-PM-YBD052,false,false,false,false,false,,,,true,UNMAPPED,,false
7450,ZCC-SNMG120408-PM-YBD152,false,false,false,false,false,,,,true,UNMAPPED,,false
7451,ZCC-SNMG120408-SNR-YBG105,false,false,false,false,false,,,,true,UNMAPPED,,false
7452,ZCC-SNMG120408-SNR-YBS103,false,false,false,false,false,,,,true,UNMAPPED,,false
7453,ZCC-SNMG120408-TC-YBD152C,false,false,false,false,false,,,,true,UNMAPPED,,false
7454,ZCC-SNMG120412-DM-YBC251,false,false,false,false,false,,,,true,UNMAPPED,,false
7455,ZCC-SNMG120412-EM-YBG202,false,false,false,false,false,,,,true,UNMAPPED,,false
7456,ZCC-SNMG120412-EM-YBG205,false,false,false,false,false,,,,true,UNMAPPED,,false
7457,ZCC-SNMG120412-PM-YBD102,false,false,false,false,false,,,,true,UNMAPPED,,false
7458,ZCC-SNMG120412-PM-YBD152,false,false,false,false,false,,,,true,UNMAPPED,,false
7459,ZCC-SNMG120412-PM-YBD152C,false,false,false,false,false,,,,true,UNMAPPED,,false
7460,ZCC-SNMG120412-PM-YBD252,false,false,false,false,false,,,,true,UNMAPPED,,false
7461,ZCC-SNMG120416-DM-YBC351,false,false,false,false,false,,,,true,UNMAPPED,,false
7462,ZCC-SNMG120416-DR-YBC351,false,false,false,false,false,,,,true,UNMAPPED,,false
7463,ZCC-SNMG120416-PM-YBD052,false,false,false,false,false,,,,true,UNMAPPED,,false
7464,ZCC-SNMG120416-PM-YBD152,false,false,false,false,false,,,,true,UNMAPPED,,false
7465,ZCC-SNMG150608-15-YBC251,false,false,false,false,false,,,,true,UNMAPPED,,false
7466,ZCC-SNMG150608-DM-YBC251,false,false,false,false,false,,,,true,UNMAPPED,,false
7467,ZCC-SNMG150608-EF-YBG202,false,false,false,false,false,,,,true,UNMAPPED,,false
7468,ZCC-SNMG150612-15-YBC251,false,false,false,false,false,,,,true,UNMAPPED,,false
7469,ZCC-SNMG150612-DR-YBD152,false,false,false,false,false,,,,true,UNMAPPED,,false
7470,ZCC-SNMG150612-EM-YBG205,false,false,false,false,false,,,,true,UNMAPPED,,false
7471,ZCC-SNMG150612-PM-YBC251,false,false,false,false,false,,,,true,UNMAPPED,,false
7472,ZCC-SNMG150616-DR-YBD152,false,false,false,false,false,,,,true,UNMAPPED,,false
7473,ZCC-SNMG150616-EM-YBG205,false,false,false,false,false,,,,true,UNMAPPED,,false
7474,ZCC-SNMG150616-XM-YBC103,false,false,false,false,false,,,,true,UNMAPPED,,false
7475,ZCC-SNMG190608-15-YBC251,false,false,false,false,false,,,,true,UNMAPPED,,false
7476,ZCC-SNMG190612-PM-YBC351,false,false,false,false,false,,,,true,UNMAPPED,,false
7477,ZCC-SNMG190612-PM-YBD052,false,false,false,false,false,,,,true,UNMAPPED,,false
7478,ZCC-SNMG190616-PM-YBC251,false,false,false,false,false,,,,true,UNMAPPED,,false
7479,ZCC-SNMG190624-DR-YBC351,false,false,false,false,false,,,,true,UNMAPPED,,false
7480,ZCC-SNMM190624-HPR-YBC252,false,false,false,false,false,,,,true,UNMAPPED,,false
7481,ZCC-SNMM250924-ZR-YBC203,false,false,false,false,false,,,,true,UNMAPPED,,false
7482,ZCC-SPMW120408-YBD152,false,false,false,false,false,,,,true,UNMAPPED,,false
7483,ZCC-TBGH060102L-YBG102,false,false,false,false,false,,,,true,UNMAPPED,,false
7484,ZCC-TBGH060104L-YBG102,false,false,false,false,false,,,,true,UNMAPPED,,false
7485,ZCC-TCGT06T102-SF-YNG151C,false,false,false,false,false,,,,true,UNMAPPED,,false
7486,ZCC-TCGX090202-LH-YD101,false,false,false,false,false,,,,true,UNMAPPED,,false
7487,ZCC-TCGX090204-LH-YD101,false,false,false,false,false,,,,true,UNMAPPED,,false
7488,ZCC-TCGX110202-LC-YD101,false,false,false,false,false,,,,true,UNMAPPED,,false
7489,ZCC-TCGX110204-LC-YD101,false,false,false,false,false,,,,true,UNMAPPED,,false
7490,ZCC-TCGX110204-LH-YD101,false,false,false,false,false,,,,true,UNMAPPED,,false
7491,ZCC-TCGX110208-LH-YD101,false,false,false,false,false,,,,true,UNMAPPED,,false
7492,ZCC-TCGX16T302-LH-YD101,false,false,false,false,false,,,,true,UNMAPPED,,false
7493,ZCC-TCGX16T304-LH-YD101,false,false,false,false,false,,,,true,UNMAPPED,,false
7494,ZCC-TCGX16T308-LC-YD101,false,false,false,false,false,,,,true,UNMAPPED,,false
7495,ZCC-TCMT090202-HF-YBC251,false,false,false,false,false,,,,true,UNMAPPED,,false
7496,ZCC-TCMT090208-HM-YBC351,false,false,false,false,false,,,,true,UNMAPPED,,false
7497,ZCC-TCMT110202-EF-YBG205,false,false,false,false,false,,,,true,UNMAPPED,,false
7498,ZCC-TCMT110204-EF-YBG202,false,false,false,false,false,,,,true,UNMAPPED,,false
7499,ZCC-TCMT110208-AHF-YB9320,false,false,false,false,false,,,,true,UNMAPPED,,false
7500,ZCC-TCMT110208-HM-YBD152,false,false,false,false,false,,,,true,UNMAPPED,,false
7501,ZCC-TCMT16T304-AHF-YB9320,false,false,false,false,false,,,,true,UNMAPPED,,false
7502,ZCC-TCMT16T308-EM-YBG202,false,false,false,false,false,,,,true,UNMAPPED,,false
7503,ZCC-TCMT16T308-EM-YBG205,false,false,false,false,false,,,,true,UNMAPPED,,false
7504,ZCC-TCMT16T308-HM-YBD152,false,false,false,false,false,,,,true,UNMAPPED,,false
7505,ZCC-TCMT16T312-HM-YBC351,false,false,false,false,false,,,,true,UNMAPPED,,false
7506,ZCC-TCMT16T312-HR-YBD152,false,false,false,false,false,,,,true,UNMAPPED,,false
7507,ZCC-TCMT220408-HR-YBC351,false,false,false,false,false,,,,true,UNMAPPED,,false
7508,ZCC-TCMT220408-HR-YBD152,false,false,false,false,false,,,,true,UNMAPPED,,false
7509,ZCC-TNGN160404T02020-CN1000,false,false,false,false,false,,,,true,UNMAPPED,,false
7510,ZCC-TNGN160408T02020-CN1000,false,false,false,false,false,,,,true,UNMAPPED,,false
7511,ZCC-TNGN160412T03020-CN1000,false,false,false,false,false,,,,true,UNMAPPED,,false
7512,ZCC-TNGN160708T02020-CA1000,false,false,false,true,true,003701,ZCC-TNGN160708T02020-CA1000,false,true,RECONCILIATION_REQUIRED,mapped_inactive,false
7513,ZCC-TNGN160712T02020-CA1000,false,false,false,false,false,,,,true,UNMAPPED,,false
7514,ZCC-TNMA160404-YBD052,false,false,false,false,false,,,,true,UNMAPPED,,false
7515,ZCC-TNMA160412-YBD152,false,false,false,false,false,,,,true,UNMAPPED,,false
7516,ZCC-TNMA220408-YBD152,false,false,false,false,false,,,,true,UNMAPPED,,false
7517,ZCC-TNMA220408-YD101,false,false,false,false,false,,,,true,UNMAPPED,,false
7518,ZCC-TNMG160404-ADF-YB9320,false,false,false,false,false,,,,true,UNMAPPED,,false
7519,ZCC-TNMG160404-DM-YBM251,false,false,false,false,false,,,,true,UNMAPPED,,false
7520,ZCC-TNMG160404-PM-YBC351,false,false,false,false,false,,,,true,UNMAPPED,,false
7521,ZCC-TNMG160404-PM-YBD152,false,false,false,false,false,,,,true,UNMAPPED,,false
7522,ZCC-TNMG160404ZMA-YB6425,false,false,false,true,true,003702,ZCC-TNMG160404ZMA-YB6425,false,true,RECONCILIATION_REQUIRED,mapped_inactive,false
7523,ZCC-TNMG160408-XLR-YBC203,false,false,false,false,false,,,,true,UNMAPPED,,false
7524,ZCC-TNMG220404-EF-YBG205,false,false,false,false,false,,,,true,UNMAPPED,,false
7525,ZCC-TNMG220416-XM-YBC103,false,false,false,false,false,,,,true,UNMAPPED,,false
7526,ZCC-TNMG270608-DR-YBC351,false,false,false,false,false,,,,true,UNMAPPED,,false
7527,ZCC-TNMG270616-YBC251,false,false,false,false,false,,,,true,UNMAPPED,,false
7528,ZCC-TNMX160404-WGF-YBC152,false,false,false,false,false,,,,true,UNMAPPED,,false
7529,ZCC-TNMX160408-WGF-YBC152,false,false,false,false,false,,,,true,UNMAPPED,,false
7530,ZCC-TPGH090202L-YBG102,false,false,false,false,false,,,,true,UNMAPPED,,false
7531,ZCC-TPGH090204L-YBG102,false,false,false,false,false,,,,true,UNMAPPED,,false
7532,ZCC-TPGH110304L-YBG102,false,false,false,false,false,,,,true,UNMAPPED,,false
7533,ZCC-TPGT090204-SF-YBG102,false,false,false,false,false,,,,true,UNMAPPED,,false
7534,ZCC-TPGT110304-SF-YNG151C,false,false,false,true,true,003703,ZCC-TPGT110304-SF-YNG151C,false,true,RECONCILIATION_REQUIRED,mapped_inactive,false
7535,ZCC-TPMT080204-DM-CQP2025G,false,false,false,false,false,,,,true,UNMAPPED,,false
7536,ZCC-TPMT16T312TR-23,false,false,false,false,false,,,,true,UNMAPPED,,false
7537,ZCC-TPMT220612TR-23,false,false,false,false,false,,,,true,UNMAPPED,,false
7538,ZCC-VBMT110202-HF-YBG202,false,false,false,false,false,,,,true,UNMAPPED,,false
7539,ZCC-VBMT110204-HF-YBC251,false,false,false,true,true,003704,ZCC-VBMT110204-HF-YBC251,false,true,RECONCILIATION_REQUIRED,mapped_inactive,false
7540,ZCC-VBMT110204-HF-YBG202,false,false,false,true,true,003705,ZCC-VBMT110204-HF-YBG202,false,true,RECONCILIATION_REQUIRED,mapped_inactive,false
7541,ZCC-VBMT110208-HF-YBC251,false,false,false,true,true,003706,ZCC-VBMT110208-HF-YBC251,false,true,RECONCILIATION_REQUIRED,mapped_inactive,false
7542,ZCC-VBMT110302-EF-YBG202,false,false,false,false,false,,,,true,UNMAPPED,,false
7543,ZCC-VBMT110304-EF-YBG205,false,false,false,false,false,,,,true,UNMAPPED,,false
7544,ZCC-VBMT110308-EM-YBG202,false,false,false,false,false,,,,true,UNMAPPED,,false
7545,ZCC-VBMT160402-AHF-YB9320,false,false,false,false,false,,,,true,UNMAPPED,,false
7546,ZCC-VBMT160404-HM-YBD102,false,false,false,false,false,,,,true,UNMAPPED,,false
7547,ZCC-VCGT110301L-USF-YBG202,false,false,false,false,false,,,,true,UNMAPPED,,false
7548,ZCC-VCGT160408-NF-YBG105,false,false,false,false,false,,,,true,UNMAPPED,,false
7549,ZCC-VCGX110204-LH-YD101,false,false,false,true,true,003707,ZCC-VCGX110204-LH-YD101,false,true,RECONCILIATION_REQUIRED,mapped_inactive,false
7550,ZCC-VCGX110302-LH-YD101,false,false,false,false,false,,,,true,UNMAPPED,,false
7551,ZCC-VCGX110304-LH-YD101,false,false,false,false,false,,,,true,UNMAPPED,,false
7552,ZCC-VCGX110308-LC-YD101,false,false,false,true,true,003708,ZCC-VCGX110308-LC-YD101,false,true,RECONCILIATION_REQUIRED,mapped_inactive,false
7553,ZCC-VCGX160402-LC-YD101,false,false,false,true,true,003709,ZCC-VCGX160402-LC-YD101,false,true,RECONCILIATION_REQUIRED,mapped_inactive,false
7554,ZCC-VCGX160404-LC-YD101,false,false,false,true,true,003710,ZCC-VCGX160404-LC-YD101,false,true,RECONCILIATION_REQUIRED,mapped_inactive,false
7555,ZCC-VCGX160404-LH-YD101,false,false,false,false,false,,,,true,UNMAPPED,,false
7556,ZCC-VCGX160408-LH-YD101,false,false,false,false,false,,,,true,UNMAPPED,,false
7557,ZCC-VCGX160412-LC-YD101,false,false,false,false,false,,,,true,UNMAPPED,,false
7558,ZCC-VCGX160412-LH-YD101,false,false,false,false,false,,,,true,UNMAPPED,,false
7559,ZCC-VCGX220530-LC-YD101,false,false,false,false,false,,,,true,UNMAPPED,,false
7560,ZCC-VCGX220530-LH-YD201,false,false,false,false,false,,,,true,UNMAPPED,,false
7561,ZCC-VCMT160404-EM-YBM153,false,false,false,false,false,,,,true,UNMAPPED,,false
7562,ZCC-VCMT160408-EM-YBG202,false,false,false,true,true,003711,ZCC-VCMT160408-EM-YBG202,false,true,RECONCILIATION_REQUIRED,mapped_inactive,false
7563,ZCC-VNMG160404-EM-YBG205,false,false,false,true,true,003712,ZCC-VNMG160404-EM-YBG205,false,true,RECONCILIATION_REQUIRED,mapped_inactive,false
7564,ZCC-VNMG160404-PM-YBD152,false,false,false,true,true,003713,ZCC-VNMG160404-PM-YBD152,false,true,RECONCILIATION_REQUIRED,mapped_inactive,false
7565,ZCC-VNMG160412-EF-YBG205,false,false,false,false,false,,,,true,UNMAPPED,,false
7566,ZCC-WNGA080416T02020-CN1000,false,false,false,false,false,,,,true,UNMAPPED,,false
7567,ZCC-WNMA080404-YBD152,false,false,false,false,false,,,,true,UNMAPPED,,false
7568,ZCC-WNMA080408-YBD102,false,false,false,false,false,,,,true,UNMAPPED,,false
7569,ZCC-WNMA080412-YBD152C,false,false,false,false,false,,,,true,UNMAPPED,,false
7570,ZCC-WNMG060404-EM-YBG202,false,false,false,false,false,,,,true,UNMAPPED,,false
7571,ZCC-WNMG060408-EM-YBG205,false,false,false,false,false,,,,true,UNMAPPED,,false
7572,ZCC-WNMG080404-ADF-YB9320,false,false,false,false,false,,,,true,UNMAPPED,,false
7573,ZCC-WNMG080408-PM-YBC351,false,false,false,false,false,,,,true,UNMAPPED,,false
7574,ZCC-WNMG080408-PM-YBD152,false,false,false,true,true,003714,ZCC-WNMG080408-PM-YBD152,false,true,RECONCILIATION_REQUIRED,mapped_inactive,false
7575,ZCC-WNMG080408-XMH-YBC103,false,false,false,true,true,003715,ZCC-WNMG080408-XMH-YBC103,false,true,RECONCILIATION_REQUIRED,mapped_inactive,false
7576,ZCC-WNMG080412-TC-YB7315,false,false,false,true,true,003716,ZCC-WNMG080412-TC-YB7315,false,true,RECONCILIATION_REQUIRED,mapped_inactive,false
7577,ZCC-WNMG080416-PM-YBD152,false,false,false,true,true,003717,ZCC-WNMG080416-PM-YBD152,false,true,RECONCILIATION_REQUIRED,mapped_inactive,false
7578,ZCC-X3-115008-PM-YB9320-N331,false,false,false,true,true,003718,ZCC-X3-115008-PM-YB9320-N331,false,true,RECONCILIATION_REQUIRED,mapped_inactive,false
7579,ZCC-XEEC120904-YBG105,false,false,false,true,true,003719,ZCC-XEEC120904-YBG105,false,true,RECONCILIATION_REQUIRED,mapped_inactive,false
7580,ZCC-XMR01-050-A22-SD12-04C,false,false,false,true,true,003720,ZCC-XMR01-050-A22-SD12-04C,false,true,RECONCILIATION_REQUIRED,mapped_inactive,false
7581,ZCC-XMR01-063-A27-WP08-04C,false,false,false,true,true,003721,ZCC-XMR01-063-A27-WP08-04C,false,true,RECONCILIATION_REQUIRED,mapped_inactive,false
7582,ZCC-XMR11-063-A22-EN12-10C,false,false,false,true,true,003722,ZCC-XMR11-063-A22-EN12-10C,false,true,RECONCILIATION_REQUIRED,mapped_inactive,false
7583,ZCC-ZPFD0302-MG-YB9320,false,false,false,true,true,003723,ZCC-ZPFD0302-MG-YB9320,false,true,RECONCILIATION_REQUIRED,mapped_inactive,false
7584,ZCC-ZPGS0402-MG-YBG302,false,false,false,true,true,003724,ZCC-ZPGS0402-MG-YBG302,false,true,RECONCILIATION_REQUIRED,mapped_inactive,false
7585,ZCC-ZQMX4N11-1E-YBC401,false,false,false,true,true,003725,ZCC-ZQMX4N11-1E-YBC401,false,true,RECONCILIATION_REQUIRED,mapped_inactive,false
7586,ZCC-ZQMX5N11-1E-YBC251,false,false,false,true,true,003726,ZCC-ZQMX5N11-1E-YBC251,false,true,RECONCILIATION_REQUIRED,mapped_inactive,false
7587,ZCC-ZQMX6N11-1E-YBC251,false,false,false,false,false,,,,true,UNMAPPED,,false
7588,ZCC-ZRBD02-EG-YBG205,false,false,false,false,false,,,,true,UNMAPPED,,false
7589,ZCC-ZRHD05-MG-YBG205,false,false,false,false,false,,,,true,UNMAPPED,,false
7590,ZCC-ZRKD06-MG-YBG202,false,false,false,false,false,,,,true,UNMAPPED,,false
7591,ZCC-ZSD04-120-XP20-SP04-02,false,false,false,true,true,003727,ZCC-ZSD04-120-XP20-SP04-02,false,true,RECONCILIATION_REQUIRED,mapped_inactive,false
7592,ZCC-ZTBD02002-MM-YB9320,false,false,false,false,false,,,,true,UNMAPPED,,false
7593,ZCC-ZTCD01402-EG-YBG302,false,false,false,false,false,,,,true,UNMAPPED,,false
7594,ZCC-ZTCD01502-EG-YBG302,false,false,false,false,false,,,,true,UNMAPPED,,false
7595,ZCC-ZTCD01503-EG-YBG202,false,false,false,false,false,,,,true,UNMAPPED,,false
7596,ZCC-ZTCD02002-EG-YBG302,false,false,false,true,true,003728,ZCC-ZTCD02002-EG-YBG302,false,true,RECONCILIATION_REQUIRED,mapped_inactive,false
7597,ZCC-ZTCD02302-EG-YBG302,false,false,false,true,true,003729,ZCC-ZTCD02302-EG-YBG302,false,true,RECONCILIATION_REQUIRED,mapped_inactive,false
7598,ZCC-ZTED02503-MG-YBG202,false,false,false,false,false,,,,true,UNMAPPED,,false
7599,ZCC-ZTKD0608-MG-YBG202,false,false,false,true,true,003730,ZCC-ZTKD0608-MG-YBG202,false,true,RECONCILIATION_REQUIRED,mapped_inactive,false
7600,SANOU-HKJ2510,false,false,true,false,false,,,,true,UNMAPPED,,false
7601,SANOU-HKJ2513,false,false,true,false,false,,,,true,UNMAPPED,,false
7602,SANOU-J0113H-B16,false,false,true,false,false,,,,true,UNMAPPED,,false
7603,SANOU-J0120H-B22,false,false,true,false,false,,,,true,UNMAPPED,,false
7604,SANOU-J0413L-B16,false,false,true,false,false,,,,true,UNMAPPED,,false
7605,SANOU-J2106H-B10,false,false,true,false,false,,,,true,UNMAPPED,,false
7606,SANOU-J2116H-B18,false,false,true,false,false,,,,true,UNMAPPED,,false
7607,SANOU-K11-080MM,false,false,true,false,false,,,,true,UNMAPPED,,false
7608,SANOU-K11-100MM,false,false,true,false,false,,,,true,UNMAPPED,,false
7609,SANOU-K11-125MM,false,false,true,false,false,,,,true,UNMAPPED,,false
7610,SANOU-K11-130MM,false,false,true,false,false,,,,true,UNMAPPED,,false
7611,SANOU-K11-160MM,false,false,true,false,false,,,,true,UNMAPPED,,false
7612,SANOU-K11-200MM,false,false,true,false,false,,,,true,UNMAPPED,,false
7613,SANOU-K11-315MM,false,false,false,false,false,,,,true,UNMAPPED,,false
7614,SANOU-K11-400MM,false,false,false,false,false,,,,true,UNMAPPED,,false
7615,SANOU-K11-500MM,false,false,false,false,false,,,,true,UNMAPPED,,false
7616,SANOU-K12-080,false,false,true,false,false,,,,true,UNMAPPED,,false
7617,SANOU-K12-100MM,false,false,true,false,false,,,,true,UNMAPPED,,false
7618,SANOU-K12-125MM,false,false,true,false,false,,,,true,UNMAPPED,,false
7619,SANOU-K12-160MM,false,false,true,false,false,,,,true,UNMAPPED,,false
7620,SANOU-K12-200MM,false,false,false,false,false,,,,true,UNMAPPED,,false
7621,SANOU-K72-160MM,false,false,true,false,false,,,,true,UNMAPPED,,false
7622,SANOU-K72-200MM,false,false,true,false,false,,,,true,UNMAPPED,,false
7623,SANOU-K72-250MM,false,false,false,false,false,,,,true,UNMAPPED,,false
7624,SANOU-MT1,false,false,true,false,false,,,,true,UNMAPPED,,false
7625,SANOU-MT2-1,false,false,true,false,false,,,,true,UNMAPPED,,false
7626,SANOU-MT2-B10,false,false,true,false,false,,,,true,UNMAPPED,,false
7627,SANOU-MT2-B16,false,false,true,false,false,,,,true,UNMAPPED,,false
7628,SANOU-MT3,false,false,true,false,false,,,,true,UNMAPPED,,false
7629,SANOU-MT3-1,false,false,true,false,false,,,,true,UNMAPPED,,false
7630,SANOU-MT3-2,false,false,true,false,false,,,,true,UNMAPPED,,false
7631,SANOU-MT3-B22,false,false,true,false,false,,,,true,UNMAPPED,,false
7632,SANOU-MT4-1,false,false,true,false,false,,,,true,UNMAPPED,,false
7633,SANOU-MT4-2,false,false,true,false,false,,,,true,UNMAPPED,,false
7634,SANOU-MT5,false,false,true,false,false,,,,true,UNMAPPED,,false
7635,SANOU-MT6-3,false,false,false,false,false,,,,true,UNMAPPED,,false
7636,ZCC-ANGX110508PNR-GM-YB9320,false,false,true,false,false,,,,true,UNMAPPED,,false
7637,ZCC-ANGX150608PNR-GM-YBG203,false,false,true,false,false,,,,true,UNMAPPED,,false
7638,ZCC-APKT100304-APF-YBG212,false,false,true,false,false,,,,true,UNMAPPED,,false
7639,ZCC-APKT11T308-LH-YD101,false,false,true,false,false,,,,true,UNMAPPED,,false
7640,ZCC-APKT150412-PM-YBG302,false,false,true,false,false,,,,true,UNMAPPED,,false
7641,ZCC-APKT160404-ALH-YD101,false,false,false,false,false,,,,true,UNMAPPED,,false
7642,ZCC-APKT160408-LH-YD201,false,false,true,false,false,,,,true,UNMAPPED,,false
7643,ZCC-APKT160412-APM-YB9320,false,false,false,false,false,,,,true,UNMAPPED,,false
7644,ZCC-BMR03-050-XPX-S,false,false,false,false,false,,,,true,UNMAPPED,,false
7645,ZCC-C20Q-QEDR05-27,false,false,true,false,false,,,,true,UNMAPPED,,false
7646,ZCC-C25R-QFDL07-33,false,false,true,false,false,,,,true,UNMAPPED,,false
7647,ZCC-DCGX11T302-LC-YD101,false,false,true,false,false,,,,true,UNMAPPED,,false
7648,ZCC-FMA17-100-A32-SN12-08C,false,false,false,false,false,,,,true,UNMAPPED,,false
7649,ZCC-GD08C-0600-KDG3013,false,false,true,false,false,,,,true,UNMAPPED,,false
7650,ZCC-GQCL2020K16-25,false,false,true,false,false,,,,true,UNMAPPED,,false
7651,ZCC-GQCL2525M22-35,false,false,true,false,false,,,,true,UNMAPPED,,false
7652,ZCC-GQCR1616K16-25,false,false,true,false,false,,,,true,UNMAPPED,,false
7653,ZCC-GQCR2525M16-25,false,false,true,false,false,,,,true,UNMAPPED,,false
7654,ZCC-HMP01-063,false,false,false,false,false,,,,true,UNMAPPED,,false
7655,ZCC-OFKR0704-LH-YD201,false,false,true,false,false,,,,true,UNMAPPED,,false
7656,ZCC-OFKT05T3-LH-YD101,false,false,true,false,false,,,,true,UNMAPPED,,false
7657,ZCC-QC11L200-R02-YBG205,false,false,true,false,false,,,,true,UNMAPPED,,false
7658,ZCC-QC22L100R-YBG205,false,false,true,false,false,,,,true,UNMAPPED,,false
7659,ZCC-QC22L250-R03-YBG205,false,false,false,false,false,,,,true,UNMAPPED,,false
7660,ZCC-QEBD2020L07,false,false,true,false,false,,,,true,UNMAPPED,,false
7661,ZCC-QEED2020R17,false,false,true,false,false,,,,true,UNMAPPED,,false
7662,ZCC-QEED2525L17,false,false,true,false,false,,,,true,UNMAPPED,,false
7663,ZCC-QEED2525R17,false,false,true,false,false,,,,true,UNMAPPED,,false
7664,ZCC-QFFD2525R17-100H,false,false,true,false,false,,,,true,UNMAPPED,,false
7665,ZCC-QFGD2020L15-52L,false,false,true,false,false,,,,true,UNMAPPED,,false
7666,ZCC-RCKT10T3MO-DM-YB9320,false,false,true,false,false,,,,true,UNMAPPED,,false
7667,ZCC-RCKT10T3MO-DM-YBC301,false,false,true,false,false,,,,true,UNMAPPED,,false
7668,ZCC-RCKT10T3MO-NM-YBS203,false,false,true,false,false,,,,true,UNMAPPED,,false
7669,ZCC-RCKT10T3MO-PM-YB9320,false,false,true,false,false,,,,true,UNMAPPED,,false
7670,ZCC-RCKT1204MO-DM-YBC301,false,false,true,false,false,,,,true,UNMAPPED,,false
7671,ZCC-RCKT1204MO-DM-YBG302,false,false,true,false,false,,,,true,UNMAPPED,,false
7672,ZCC-RCKT1204MO-DR-YBC401,false,false,false,false,false,,,,true,UNMAPPED,,false
7673,ZCC-RCKT1204MO-NM-YBS203,false,false,true,false,false,,,,true,UNMAPPED,,false
7674,ZCC-RCKT1606MO-DR-YBC301,false,false,false,false,false,,,,true,UNMAPPED,,false
7675,ZCC-RCKT2006MO-DR-YBC301,false,false,true,false,false,,,,true,UNMAPPED,,false
7676,ZCC-RCKT2006MO-DR-YBG202,false,false,true,false,false,,,,true,UNMAPPED,,false
7677,ZCC-RCKT2006MO-DR-YBG205,false,false,true,false,false,,,,true,UNMAPPED,,false
7678,ZCC-RCKT2006MO-NM-YB9320,false,false,true,false,false,,,,true,UNMAPPED,,false
7679,ZCC-RDGT1204MO-LH-YD101,false,false,true,false,false,,,,true,UNMAPPED,,false
7680,ZCC-RDKT10T3MO-NM-YBS203,false,false,true,false,false,,,,true,UNMAPPED,,false
7681,ZCC-RDKT10T3MO-NM-YBS303,false,false,true,false,false,,,,true,UNMAPPED,,false
7682,ZCC-RDKT1204MO-YBG212,false,false,true,false,false,,,,true,UNMAPPED,,false
7683,ZCC-RDKT1605MOS-YBG205,false,false,false,false,false,,,,true,UNMAPPED,,false
7684,ZCC-RDKW0803MO-YBG202,false,false,true,false,false,,,,true,UNMAPPED,,false
7685,ZCC-RDKW1003MO-3-YBG105,false,false,true,false,false,,,,true,UNMAPPED,,false
7686,ZCC-RDKW10T3MO-YBG202,false,false,true,false,false,,,,true,UNMAPPED,,false
7687,ZCC-RDKW10T3MO-YBG212,false,false,true,false,false,,,,true,UNMAPPED,,false
7688,ZCC-RDKW1605MO-YBM351,false,false,true,false,false,,,,true,UNMAPPED,,false
7689,ZCC-RDKW2006MO-YBM351,false,false,true,false,false,,,,true,UNMAPPED,,false
7690,ZCC-RDMT0803MO-M-YBG205H,false,false,true,false,false,,,,true,UNMAPPED,,false
7691,ZCC-RDMT10T3MO-M-YBG205,false,false,true,false,false,,,,true,UNMAPPED,,false
7692,ZCC-RDMT10T3MO-MM-YBG205H,false,false,false,false,false,,,,true,UNMAPPED,,false
7693,ZCC-RDMT10T3MO-YBS203,false,false,true,false,false,,,,true,UNMAPPED,,false
7694,ZCC-ROHX1203-YBG202,false,false,true,false,false,,,,true,UNMAPPED,,false
7695,ZCC-ROHX1604-YBG202,false,false,true,false,false,,,,true,UNMAPPED,,false
7696,ZCC-RPMT08T2MOE-MJS-M20T,false,false,true,false,false,,,,true,UNMAPPED,,false
7697,ZCC-RPMT10T3MO-M-P20T,false,false,true,false,false,,,,true,UNMAPPED,,false
7698,ZCC-RPMT10T3MO-M-YBS203,false,false,true,false,false,,,,true,UNMAPPED,,false
7699,ZCC-RPMT10T3MO-M-YBS303,false,false,true,false,false,,,,true,UNMAPPED,,false
7700,ZCC-RPMT10T3MO-MM-YBS203,false,false,true,false,false,,,,true,UNMAPPED,,false
7701,ZCC-RPMW1003MO-YBG302,false,false,true,false,false,,,,true,UNMAPPED,,false
7702,ZCC-SDMT150520-NM-YBG212,false,false,false,false,false,,,,true,UNMAPPED,,false
7703,ZCC-SEET120308-LH-YD101,false,false,true,false,false,,,,true,UNMAPPED,,false
7704,ZCC-SEET12T3-LH-YD101,false,false,true,false,false,,,,true,UNMAPPED,,false
7705,ZCC-SEET12T3-LH-YD201,false,false,true,false,false,,,,true,UNMAPPED,,false
7706,ZCC-SMP05-039,false,false,true,false,false,,,,true,UNMAPPED,,false
7707,ZCC-SNGX1205ENN-GM-YBD152,false,false,true,false,false,,,,true,UNMAPPED,,false
7708,ZCC-SNKN1204ENN-YBC301,false,false,true,false,false,,,,true,UNMAPPED,,false
7709,ZCC-SPKN1203EDSKL-YBC301,false,false,false,false,false,,,,true,UNMAPPED,,false
7710,ZCC-SPKN1203EDT31PR-YNG151,false,false,false,false,false,,,,true,UNMAPPED,,false
7711,ZCC-TNMG160408-SNR-YBS103,false,false,true,false,false,,,,true,UNMAPPED,,false
7712,ZCC-TPGN160308-YBD102,false,false,true,false,false,,,,true,UNMAPPED,,false
7713,ZCC-TPKN1603PDSKR-YBG302,false,false,true,false,false,,,,true,UNMAPPED,,false
7714,ZCC-TPKN2204PDFR-YD201,false,false,true,false,false,,,,true,UNMAPPED,,false
7715,ZCC-TPKN2204PDS32PR-YBG212,false,false,true,false,false,,,,true,UNMAPPED,,false
7716,ZCC-TPKN2204PDSKR-YBG205,false,false,false,false,false,,,,true,UNMAPPED,,false
7717,ZCC-TPMR160304-YBM251,false,false,true,false,false,,,,true,UNMAPPED,,false
7718,ZCC-TPMR2204PDSR-YBG205H,false,false,true,false,false,,,,true,UNMAPPED,,false
7719,ZCC-TPUN220408-YBC301,false,false,true,false,false,,,,true,UNMAPPED,,false
7720,ZCC-WNHU080608PNR-GM-YB9320,false,false,false,false,false,,,,true,UNMAPPED,,false
7721,ZCC-WNHU080608PNR-GM-YBG205,false,false,true,false,false,,,,true,UNMAPPED,,false
7722,ZCC-WNMU060408PNN-GM-YB9320,false,false,true,false,false,,,,true,UNMAPPED,,false
7723,ZCC-WNMU060408PNN-GM-YBD152,false,false,true,false,false,,,,true,UNMAPPED,,false
7724,ZCC-WNMU080608PNN-GM-YBD152,false,false,true,false,false,,,,true,UNMAPPED,,false
7725,ZCC-WNMU080608PNN-GM-YBG205H,false,false,true,false,false,,,,true,UNMAPPED,,false
7726,ZCC-WPGT050315ZSR-YBG212,false,false,true,false,false,,,,true,UNMAPPED,,false
7727,ZCC-WPGT060415ZSR-YBG212,false,false,true,false,false,,,,true,UNMAPPED,,false
7728,ZCC-WPGT080615ZSR-PM-YBG205,false,false,true,false,false,,,,true,UNMAPPED,,false
7729,ZCC-XMR11-016-G16-EN12-02C,false,false,true,false,false,,,,true,UNMAPPED,,false
7730,ZCC-XPHT16R0803-CM-YBG302,false,false,true,false,false,,,,true,UNMAPPED,,false
7731,ZCC-XPHT20R10T3-GM-YBG302,false,false,true,false,false,,,,true,UNMAPPED,,false
7732,ZCC-XPHT25R1204-CM-YBG302,false,false,true,false,false,,,,true,UNMAPPED,,false
7733,ZCC-XPHT32R1606-CM-YBG302,false,false,false,false,false,,,,true,UNMAPPED,,false
7734,ZCC-XSEQ1202-YBG302,false,false,true,false,false,,,,true,UNMAPPED,,false
