product_id,sku,manufacturer_code,brand,brand_key,current_live_state,source_id,source_sha256,source_date,freshness_class,freshness_days,identity_match_type,identity_match_detail,authority_valid,source_availability,normalized_availability,conflict,strict_apply_eligible,aging_review_eligible,reason_not_eligible,evidence_reference,hesabfa_supporting,confidence,historical_330_member
1044,1012-0010,1012-0010,Dasqua | داسکوا,DASQUA,STILL_ONLY_AVAILABILITY,dasqua.google_drive_inventory_list,c589df1dc02df10f5405c6b98b5a5970b00db193891be082d7ae8406888478df,2026-05-02,STALE,158,EXACT_MANUFACTURER_CODE,,YES,price=252950000.0,AVAILABLE,NO,NO,NO,STALE_SOURCE,Owner adapter DASQUA_GOOGLE_DRIVE_INVENTORY_LIST; in-PDF Jalali 1405/02/12→2026-05-02,,HIGH,YES
1221,2020-1005,,Dasqua | داسکوا,DASQUA,STILL_ONLY_AVAILABILITY,dasqua.google_drive_inventory_list,c589df1dc02df10f5405c6b98b5a5970b00db193891be082d7ae8406888478df,2026-05-02,STALE,158,REGISTERED_BRAND_SPECIFIC_DETERMINISTIC_RULE,,YES,price=156450000.0,AVAILABLE,NO,NO,NO,STALE_SOURCE,Owner adapter DASQUA_GOOGLE_DRIVE_INVENTORY_LIST; in-PDF Jalali 1405/02/12→2026-05-02,hesabfa_last_stock=None;synced=2026-07-25T21:28:15.153319+00:00;SEMANTICS=UNPROVEN,HIGH,YES
1234,2115-2305,2115-2305,Dasqua | داسکوا,DASQUA,STILL_ONLY_AVAILABILITY,dasqua.google_drive_inventory_list,c589df1dc02df10f5405c6b98b5a5970b00db193891be082d7ae8406888478df,2026-05-02,STALE,158,EXACT_MANUFACTURER_CODE,,YES,price=62900000.0,AVAILABLE,NO,NO,NO,STALE_SOURCE,Owner adapter DASQUA_GOOGLE_DRIVE_INVENTORY_LIST; in-PDF Jalali 1405/02/12→2026-05-02,hesabfa_last_stock=None;synced=2026-07-25T21:28:25.350711+00:00;SEMANTICS=UNPROVEN,HIGH,YES
1244,2220-8105,2220-8105,Dasqua | داسکوا,DASQUA,STILL_ONLY_AVAILABILITY,dasqua.google_drive_inventory_list,c589df1dc02df10f5405c6b98b5a5970b00db193891be082d7ae8406888478df,2026-05-02,STALE,158,EXACT_MANUFACTURER_CODE,,YES,price=195450000.0,AVAILABLE,NO,NO,NO,STALE_SOURCE,Owner adapter DASQUA_GOOGLE_DRIVE_INVENTORY_LIST; in-PDF Jalali 1405/02/12→2026-05-02,hesabfa_last_stock=None;synced=2026-07-25T21:28:29.467873+00:00;SEMANTICS=UNPROVEN,HIGH,YES
1482,4910-4105,,Dasqua | داسکوا,DASQUA,STILL_ONLY_AVAILABILITY,dasqua.google_drive_inventory_list,c589df1dc02df10f5405c6b98b5a5970b00db193891be082d7ae8406888478df,2026-05-02,STALE,158,EXACT_SKU,,YES,price=271550000.0,AVAILABLE,NO,NO,NO,STALE_SOURCE,Owner adapter DASQUA_GOOGLE_DRIVE_INVENTORY_LIST; in-PDF Jalali 1405/02/12→2026-05-02,hesabfa_last_stock=None;synced=2026-07-25T21:34:06.528163+00:00;SEMANTICS=UNPROVEN,HIGH,YES
1513,5221-1129,,Dasqua | داسکوا,DASQUA,STILL_ONLY_AVAILABILITY,dasqua.google_drive_inventory_list,c589df1dc02df10f5405c6b98b5a5970b00db193891be082d7ae8406888478df,2026-05-02,STALE,158,EXACT_SKU,,YES,price=144000000.0,AVAILABLE,NO,NO,NO,STALE_SOURCE,Owner adapter DASQUA_GOOGLE_DRIVE_INVENTORY_LIST; in-PDF Jalali 1405/02/12→2026-05-02,,HIGH,YES
1518,5223-3105,,Dasqua | داسکوا,DASQUA,STILL_ONLY_AVAILABILITY,dasqua.google_drive_inventory_list,c589df1dc02df10f5405c6b98b5a5970b00db193891be082d7ae8406888478df,2026-05-02,STALE,158,REGISTERED_BRAND_SPECIFIC_DETERMINISTIC_RULE,,YES,price=96800000.0,AVAILABLE,NO,NO,NO,STALE_SOURCE,Owner adapter DASQUA_GOOGLE_DRIVE_INVENTORY_LIST; in-PDF Jalali 1405/02/12→2026-05-02,,HIGH,YES
1560,5510-0005,,Dasqua | داسکوا,DASQUA,STILL_ONLY_AVAILABILITY,dasqua.google_drive_inventory_list,c589df1dc02df10f5405c6b98b5a5970b00db193891be082d7ae8406888478df,2026-05-02,STALE,158,NO_EXACT_IDENTITY_MATCH,,YES,,UNKNOWN,NO,NO,NO,STALE_SOURCE,Owner adapter DASQUA_GOOGLE_DRIVE_INVENTORY_LIST; in-PDF Jalali 1405/02/12→2026-05-02,,HIGH,YES
1561,5511-1100,,Dasqua | داسکوا,DASQUA,STILL_ONLY_AVAILABILITY,dasqua.google_drive_inventory_list,c589df1dc02df10f5405c6b98b5a5970b00db193891be082d7ae8406888478df,2026-05-02,STALE,158,NO_EXACT_IDENTITY_MATCH,,YES,,UNKNOWN,NO,NO,NO,STALE_SOURCE,Owner adapter DASQUA_GOOGLE_DRIVE_INVENTORY_LIST; in-PDF Jalali 1405/02/12→2026-05-02,,HIGH,YES
1562,5511-1105,,Dasqua | داسکوا,DASQUA,STILL_ONLY_AVAILABILITY,dasqua.google_drive_inventory_list,c589df1dc02df10f5405c6b98b5a5970b00db193891be082d7ae8406888478df,2026-05-02,STALE,158,NO_EXACT_IDENTITY_MATCH,,YES,,UNKNOWN,NO,NO,NO,STALE_SOURCE,Owner adapter DASQUA_GOOGLE_DRIVE_INVENTORY_LIST; in-PDF Jalali 1405/02/12→2026-05-02,,HIGH,YES
1563,5511-1110,,Dasqua | داسکوا,DASQUA,STILL_ONLY_AVAILABILITY,dasqua.google_drive_inventory_list,c589df1dc02df10f5405c6b98b5a5970b00db193891be082d7ae8406888478df,2026-05-02,STALE,158,NO_EXACT_IDENTITY_MATCH,,YES,,UNKNOWN,NO,NO,NO,STALE_SOURCE,Owner adapter DASQUA_GOOGLE_DRIVE_INVENTORY_LIST; in-PDF Jalali 1405/02/12→2026-05-02,,HIGH,YES
1564,5511-1115,,Dasqua | داسکوا,DASQUA,STILL_ONLY_AVAILABILITY,dasqua.google_drive_inventory_list,c589df1dc02df10f5405c6b98b5a5970b00db193891be082d7ae8406888478df,2026-05-02,STALE,158,NO_EXACT_IDENTITY_MATCH,,YES,,UNKNOWN,NO,NO,NO,STALE_SOURCE,Owner adapter DASQUA_GOOGLE_DRIVE_INVENTORY_LIST; in-PDF Jalali 1405/02/12→2026-05-02,,HIGH,YES
1566,5511-1121,,Dasqua | داسکوا,DASQUA,STILL_ONLY_AVAILABILITY,dasqua.google_drive_inventory_list,c589df1dc02df10f5405c6b98b5a5970b00db193891be082d7ae8406888478df,2026-05-02,STALE,158,NO_EXACT_IDENTITY_MATCH,,YES,,UNKNOWN,NO,NO,NO,STALE_SOURCE,Owner adapter DASQUA_GOOGLE_DRIVE_INVENTORY_LIST; in-PDF Jalali 1405/02/12→2026-05-02,,HIGH,YES
1567,5511-1130,,Dasqua | داسکوا,DASQUA,STILL_ONLY_AVAILABILITY,dasqua.google_drive_inventory_list,c589df1dc02df10f5405c6b98b5a5970b00db193891be082d7ae8406888478df,2026-05-02,STALE,158,NO_EXACT_IDENTITY_MATCH,,YES,,UNKNOWN,NO,NO,NO,STALE_SOURCE,Owner adapter DASQUA_GOOGLE_DRIVE_INVENTORY_LIST; in-PDF Jalali 1405/02/12→2026-05-02,,HIGH,YES
1568,5511-1135,,Dasqua | داسکوا,DASQUA,STILL_ONLY_AVAILABILITY,dasqua.google_drive_inventory_list,c589df1dc02df10f5405c6b98b5a5970b00db193891be082d7ae8406888478df,2026-05-02,STALE,158,NO_EXACT_IDENTITY_MATCH,,YES,,UNKNOWN,NO,NO,NO,STALE_SOURCE,Owner adapter DASQUA_GOOGLE_DRIVE_INVENTORY_LIST; in-PDF Jalali 1405/02/12→2026-05-02,,HIGH,YES
1569,5511-1140,,Dasqua | داسکوا,DASQUA,STILL_ONLY_AVAILABILITY,dasqua.google_drive_inventory_list,c589df1dc02df10f5405c6b98b5a5970b00db193891be082d7ae8406888478df,2026-05-02,STALE,158,NO_EXACT_IDENTITY_MATCH,,YES,,UNKNOWN,NO,NO,NO,STALE_SOURCE,Owner adapter DASQUA_GOOGLE_DRIVE_INVENTORY_LIST; in-PDF Jalali 1405/02/12→2026-05-02,,HIGH,YES
1570,5511-2105,,Dasqua | داسکوا,DASQUA,STILL_ONLY_AVAILABILITY,dasqua.google_drive_inventory_list,c589df1dc02df10f5405c6b98b5a5970b00db193891be082d7ae8406888478df,2026-05-02,STALE,158,NO_EXACT_IDENTITY_MATCH,,YES,,UNKNOWN,NO,NO,NO,STALE_SOURCE,Owner adapter DASQUA_GOOGLE_DRIVE_INVENTORY_LIST; in-PDF Jalali 1405/02/12→2026-05-02,,HIGH,YES
1571,5511-2110,,Dasqua | داسکوا,DASQUA,STILL_ONLY_AVAILABILITY,dasqua.google_drive_inventory_list,c589df1dc02df10f5405c6b98b5a5970b00db193891be082d7ae8406888478df,2026-05-02,STALE,158,NO_EXACT_IDENTITY_MATCH,,YES,,UNKNOWN,NO,NO,NO,STALE_SOURCE,Owner adapter DASQUA_GOOGLE_DRIVE_INVENTORY_LIST; in-PDF Jalali 1405/02/12→2026-05-02,,HIGH,YES
1572,5511-2115,,Dasqua | داسکوا,DASQUA,STILL_ONLY_AVAILABILITY,dasqua.google_drive_inventory_list,c589df1dc02df10f5405c6b98b5a5970b00db193891be082d7ae8406888478df,2026-05-02,STALE,158,NO_EXACT_IDENTITY_MATCH,,YES,,UNKNOWN,NO,NO,NO,STALE_SOURCE,Owner adapter DASQUA_GOOGLE_DRIVE_INVENTORY_LIST; in-PDF Jalali 1405/02/12→2026-05-02,,HIGH,YES
1573,5511-2120,,Dasqua | داسکوا,DASQUA,STILL_ONLY_AVAILABILITY,dasqua.google_drive_inventory_list,c589df1dc02df10f5405c6b98b5a5970b00db193891be082d7ae8406888478df,2026-05-02,STALE,158,NO_EXACT_IDENTITY_MATCH,,YES,,UNKNOWN,NO,NO,NO,STALE_SOURCE,Owner adapter DASQUA_GOOGLE_DRIVE_INVENTORY_LIST; in-PDF Jalali 1405/02/12→2026-05-02,,HIGH,YES
1574,5511-2130,,Dasqua | داسکوا,DASQUA,STILL_ONLY_AVAILABILITY,dasqua.google_drive_inventory_list,c589df1dc02df10f5405c6b98b5a5970b00db193891be082d7ae8406888478df,2026-05-02,STALE,158,NO_EXACT_IDENTITY_MATCH,,YES,,UNKNOWN,NO,NO,NO,STALE_SOURCE,Owner adapter DASQUA_GOOGLE_DRIVE_INVENTORY_LIST; in-PDF Jalali 1405/02/12→2026-05-02,,HIGH,YES
1614,5911-0002,,Dasqua | داسکوا,DASQUA,STILL_ONLY_AVAILABILITY,dasqua.google_drive_inventory_list,c589df1dc02df10f5405c6b98b5a5970b00db193891be082d7ae8406888478df,2026-05-02,STALE,158,REGISTERED_BRAND_SPECIFIC_DETERMINISTIC_RULE,,YES,price=38300000.0,AVAILABLE,NO,NO,NO,STALE_SOURCE,Owner adapter DASQUA_GOOGLE_DRIVE_INVENTORY_LIST; in-PDF Jalali 1405/02/12→2026-05-02,,HIGH,YES
1775,1106-301,1106-301,INSIZE | اینسایز,INSIZE,STILL_ONLY_AVAILABILITY,insize.distributor.11shahrivar.65a92337,65a9233762d5ff23148c06843c11c54db45a30ba9ee21f51d9a33f554679938a,,UNKNOWN,,EXACT_MANUFACTURER_SKU,,NO,نا موجود,UNAVAILABLE,NO,NO,NO,UNKNOWN_DATE,وضعیت column موجود/نا موجود; SOURCE_YEAR_UNPROVEN (Wave1A.1+WaveA),hesabfa_last_stock=None;synced=2026-08-01T20:23:43.508779+00:00;SEMANTICS=UNPROVEN,HIGH,YES
1776,1106-302,1106-302,INSIZE | اینسایز,INSIZE,STILL_ONLY_AVAILABILITY,insize.distributor.11shahrivar.65a92337,65a9233762d5ff23148c06843c11c54db45a30ba9ee21f51d9a33f554679938a,,UNKNOWN,,EXACT_MANUFACTURER_SKU,,NO,نا موجود,UNAVAILABLE,NO,NO,NO,UNKNOWN_DATE,وضعیت column موجود/نا موجود; SOURCE_YEAR_UNPROVEN (Wave1A.1+WaveA),hesabfa_last_stock=None;synced=2026-08-01T20:23:47.223899+00:00;SEMANTICS=UNPROVEN,HIGH,YES
1778,1106-502,1106-502,INSIZE | اینسایز,INSIZE,STILL_ONLY_AVAILABILITY,insize.distributor.11shahrivar.65a92337,65a9233762d5ff23148c06843c11c54db45a30ba9ee21f51d9a33f554679938a,,UNKNOWN,,EXACT_MANUFACTURER_SKU,,NO,نا موجود,UNAVAILABLE,NO,NO,NO,UNKNOWN_DATE,وضعیت column موجود/نا موجود; SOURCE_YEAR_UNPROVEN (Wave1A.1+WaveA),hesabfa_last_stock=None;synced=2026-08-01T20:24:15.046473+00:00;SEMANTICS=UNPROVEN,HIGH,YES
1779,1106-503,1106-503,INSIZE | اینسایز,INSIZE,STILL_ONLY_AVAILABILITY,insize.distributor.11shahrivar.65a92337,65a9233762d5ff23148c06843c11c54db45a30ba9ee21f51d9a33f554679938a,,UNKNOWN,,EXACT_MANUFACTURER_SKU,,NO,نا موجود,UNAVAILABLE,NO,NO,NO,UNKNOWN_DATE,وضعیت column موجود/نا موجود; SOURCE_YEAR_UNPROVEN (Wave1A.1+WaveA),hesabfa_last_stock=None;synced=2026-08-01T20:24:27.284117+00:00;SEMANTICS=UNPROVEN,HIGH,YES
1780,1106-505,1106-505,INSIZE | اینسایز,INSIZE,STILL_ONLY_AVAILABILITY,insize.distributor.11shahrivar.65a92337,65a9233762d5ff23148c06843c11c54db45a30ba9ee21f51d9a33f554679938a,,UNKNOWN,,EXACT_MANUFACTURER_SKU,,NO,نا موجود,UNAVAILABLE,NO,NO,NO,UNKNOWN_DATE,وضعیت column موجود/نا موجود; SOURCE_YEAR_UNPROVEN (Wave1A.1+WaveA),hesabfa_last_stock=None;synced=2026-08-01T20:24:29.091380+00:00;SEMANTICS=UNPROVEN,HIGH,YES
1781,1106-601,1106-601,INSIZE | اینسایز,INSIZE,STILL_ONLY_AVAILABILITY,insize.distributor.11shahrivar.65a92337,65a9233762d5ff23148c06843c11c54db45a30ba9ee21f51d9a33f554679938a,,UNKNOWN,,EXACT_MANUFACTURER_SKU,,NO,نا موجود,UNAVAILABLE,NO,NO,NO,UNKNOWN_DATE,وضعیت column موجود/نا موجود; SOURCE_YEAR_UNPROVEN (Wave1A.1+WaveA),hesabfa_last_stock=None;synced=2026-08-01T20:24:52.885623+00:00;SEMANTICS=UNPROVEN,HIGH,YES
1782,1106-602,1106-602,INSIZE | اینسایز,INSIZE,STILL_ONLY_AVAILABILITY,insize.distributor.11shahrivar.65a92337,65a9233762d5ff23148c06843c11c54db45a30ba9ee21f51d9a33f554679938a,,UNKNOWN,,EXACT_MANUFACTURER_SKU,,NO,نا موجود,UNAVAILABLE,NO,NO,NO,UNKNOWN_DATE,وضعیت column موجود/نا موجود; SOURCE_YEAR_UNPROVEN (Wave1A.1+WaveA),hesabfa_last_stock=None;synced=2026-08-01T20:24:56.648148+00:00;SEMANTICS=UNPROVEN,HIGH,YES
1783,1106-603,1106-603,INSIZE | اینسایز,INSIZE,STILL_ONLY_AVAILABILITY,insize.distributor.11shahrivar.65a92337,65a9233762d5ff23148c06843c11c54db45a30ba9ee21f51d9a33f554679938a,,UNKNOWN,,EXACT_MANUFACTURER_SKU,,NO,نا موجود,UNAVAILABLE,NO,NO,NO,UNKNOWN_DATE,وضعیت column موجود/نا موجود; SOURCE_YEAR_UNPROVEN (Wave1A.1+WaveA),hesabfa_last_stock=None;synced=2026-08-01T20:25:08.886536+00:00;SEMANTICS=UNPROVEN,HIGH,YES
1784,1106-802,1106-802,INSIZE | اینسایز,INSIZE,STILL_ONLY_AVAILABILITY,insize.distributor.11shahrivar.65a92337,65a9233762d5ff23148c06843c11c54db45a30ba9ee21f51d9a33f554679938a,,UNKNOWN,,EXACT_MANUFACTURER_SKU,,NO,نا موجود,UNAVAILABLE,NO,NO,NO,UNKNOWN_DATE,وضعیت column موجود/نا موجود; SOURCE_YEAR_UNPROVEN (Wave1A.1+WaveA),hesabfa_last_stock=None;synced=2026-08-01T20:25:10.655741+00:00;SEMANTICS=UNPROVEN,HIGH,YES
1788,1111-100,1111-100,INSIZE | اینسایز,INSIZE,STILL_ONLY_AVAILABILITY,insize.distributor.11shahrivar.65a92337,65a9233762d5ff23148c06843c11c54db45a30ba9ee21f51d9a33f554679938a,,UNKNOWN,,REGISTERED_INSIZE_TRAILING_A,SKU->1111-100A,NO,موجود,AVAILABLE,NO,NO,NO,UNKNOWN_DATE,وضعیت column موجود/نا موجود; SOURCE_YEAR_UNPROVEN (Wave1A.1+WaveA),hesabfa_last_stock=None;synced=2026-08-01T20:26:01.297127+00:00;SEMANTICS=UNPROVEN,HIGH,YES
1795,1120-150,1120-150,INSIZE | اینسایز,INSIZE,STILL_ONLY_AVAILABILITY,insize.distributor.11shahrivar.65a92337,65a9233762d5ff23148c06843c11c54db45a30ba9ee21f51d9a33f554679938a,,UNKNOWN,,REGISTERED_INSIZE_TRAILING_A,SKU->1120-150A,NO,موجود,AVAILABLE,NO,NO,NO,UNKNOWN_DATE,وضعیت column موجود/نا موجود; SOURCE_YEAR_UNPROVEN (Wave1A.1+WaveA),hesabfa_last_stock=None;synced=2026-08-01T20:26:24.535510+00:00;SEMANTICS=UNPROVEN,HIGH,YES
1798,1120-500,1120-500,INSIZE | اینسایز,INSIZE,STILL_ONLY_AVAILABILITY,insize.distributor.11shahrivar.65a92337,65a9233762d5ff23148c06843c11c54db45a30ba9ee21f51d9a33f554679938a,,UNKNOWN,,EXACT_MANUFACTURER_SKU,,NO,نا موجود,UNAVAILABLE,NO,NO,NO,UNKNOWN_DATE,وضعیت column موجود/نا موجود; SOURCE_YEAR_UNPROVEN (Wave1A.1+WaveA),hesabfa_last_stock=None;synced=2026-08-01T20:26:31.931999+00:00;SEMANTICS=UNPROVEN,HIGH,YES
1799,1121-150,1121-150,INSIZE | اینسایز,INSIZE,STILL_ONLY_AVAILABILITY,insize.distributor.11shahrivar.65a92337,65a9233762d5ff23148c06843c11c54db45a30ba9ee21f51d9a33f554679938a,,UNKNOWN,,REGISTERED_INSIZE_TRAILING_A,SKU->1121-150A,NO,نا موجود,UNAVAILABLE,NO,NO,NO,UNKNOWN_DATE,وضعیت column موجود/نا موجود; SOURCE_YEAR_UNPROVEN (Wave1A.1+WaveA),hesabfa_last_stock=None;synced=2026-08-01T20:26:33.756590+00:00;SEMANTICS=UNPROVEN,HIGH,YES
1800,1122-300,1122-300,INSIZE | اینسایز,INSIZE,STILL_ONLY_AVAILABILITY,insize.distributor.11shahrivar.65a92337,65a9233762d5ff23148c06843c11c54db45a30ba9ee21f51d9a33f554679938a,,UNKNOWN,,EXACT_MANUFACTURER_SKU,,NO,نا موجود,UNAVAILABLE,NO,NO,NO,UNKNOWN_DATE,وضعیت column موجود/نا موجود; SOURCE_YEAR_UNPROVEN (Wave1A.1+WaveA),hesabfa_last_stock=None;synced=2026-08-01T20:26:34.873599+00:00;SEMANTICS=UNPROVEN,HIGH,YES
1801,1123-150,1123-150,INSIZE | اینسایز,INSIZE,STILL_ONLY_AVAILABILITY,insize.distributor.11shahrivar.65a92337,65a9233762d5ff23148c06843c11c54db45a30ba9ee21f51d9a33f554679938a,,UNKNOWN,,REGISTERED_INSIZE_TRAILING_A,SKU->1123-150A,NO,نا موجود,UNAVAILABLE,NO,NO,NO,UNKNOWN_DATE,وضعیت column موجود/نا موجود; SOURCE_YEAR_UNPROVEN (Wave1A.1+WaveA),hesabfa_last_stock=None;synced=2026-08-01T20:26:36.700872+00:00;SEMANTICS=UNPROVEN,HIGH,YES
1803,1135-601,1135-601,INSIZE | اینسایز,INSIZE,STILL_ONLY_AVAILABILITY,insize.distributor.11shahrivar.65a92337,65a9233762d5ff23148c06843c11c54db45a30ba9ee21f51d9a33f554679938a,,UNKNOWN,,EXACT_MANUFACTURER_SKU,,NO,نا موجود,UNAVAILABLE,NO,NO,NO,UNKNOWN_DATE,وضعیت column موجود/نا موجود; SOURCE_YEAR_UNPROVEN (Wave1A.1+WaveA),hesabfa_last_stock=None;synced=2026-07-28T09:46:56.225331+00:00;SEMANTICS=UNPROVEN,HIGH,YES
1804,1136-501,1136-501,INSIZE | اینسایز,INSIZE,STILL_ONLY_AVAILABILITY,insize.distributor.11shahrivar.65a92337,65a9233762d5ff23148c06843c11c54db45a30ba9ee21f51d9a33f554679938a,,UNKNOWN,,EXACT_MANUFACTURER_SKU,,NO,نا موجود,UNAVAILABLE,NO,NO,NO,UNKNOWN_DATE,وضعیت column موجود/نا موجود; SOURCE_YEAR_UNPROVEN (Wave1A.1+WaveA),hesabfa_last_stock=None;synced=2026-07-28T09:46:55.387694+00:00;SEMANTICS=UNPROVEN,HIGH,YES
1805,1136-502,1136-502,INSIZE | اینسایز,INSIZE,STILL_ONLY_AVAILABILITY,insize.distributor.11shahrivar.65a92337,65a9233762d5ff23148c06843c11c54db45a30ba9ee21f51d9a33f554679938a,,UNKNOWN,,EXACT_MANUFACTURER_SKU,,NO,نا موجود,UNAVAILABLE,NO,NO,NO,UNKNOWN_DATE,وضعیت column موجود/نا موجود; SOURCE_YEAR_UNPROVEN (Wave1A.1+WaveA),hesabfa_last_stock=None;synced=2026-07-28T09:46:54.548567+00:00;SEMANTICS=UNPROVEN,HIGH,YES
1806,1136-503,1136-503,INSIZE | اینسایز,INSIZE,STILL_ONLY_AVAILABILITY,insize.distributor.11shahrivar.65a92337,65a9233762d5ff23148c06843c11c54db45a30ba9ee21f51d9a33f554679938a,,UNKNOWN,,EXACT_MANUFACTURER_SKU,,NO,نا موجود,UNAVAILABLE,NO,NO,NO,UNKNOWN_DATE,وضعیت column موجود/نا موجود; SOURCE_YEAR_UNPROVEN (Wave1A.1+WaveA),hesabfa_last_stock=None;synced=2026-07-28T09:46:53.528413+00:00;SEMANTICS=UNPROVEN,HIGH,YES
1807,1136-601,1136-601,INSIZE | اینسایز,INSIZE,STILL_ONLY_AVAILABILITY,insize.distributor.11shahrivar.65a92337,65a9233762d5ff23148c06843c11c54db45a30ba9ee21f51d9a33f554679938a,,UNKNOWN,,EXACT_MANUFACTURER_SKU,,NO,نا موجود,UNAVAILABLE,NO,NO,NO,UNKNOWN_DATE,وضعیت column موجود/نا موجود; SOURCE_YEAR_UNPROVEN (Wave1A.1+WaveA),hesabfa_last_stock=None;synced=2026-07-28T09:46:52.684041+00:00;SEMANTICS=UNPROVEN,HIGH,YES
1808,1140-100,1140-100,INSIZE | اینسایز,INSIZE,STILL_ONLY_AVAILABILITY,insize.distributor.11shahrivar.65a92337,65a9233762d5ff23148c06843c11c54db45a30ba9ee21f51d9a33f554679938a,,UNKNOWN,,EXACT_MANUFACTURER_SKU,,NO,نا موجود,UNAVAILABLE,NO,NO,NO,UNKNOWN_DATE,وضعیت column موجود/نا موجود; SOURCE_YEAR_UNPROVEN (Wave1A.1+WaveA),hesabfa_last_stock=None;synced=2026-07-28T09:46:51.866461+00:00;SEMANTICS=UNPROVEN,HIGH,YES
1809,1140-150,1140-150,INSIZE | اینسایز,INSIZE,STILL_ONLY_AVAILABILITY,insize.distributor.11shahrivar.65a92337,65a9233762d5ff23148c06843c11c54db45a30ba9ee21f51d9a33f554679938a,,UNKNOWN,,EXACT_MANUFACTURER_SKU,,NO,نا موجود,UNAVAILABLE,NO,NO,NO,UNKNOWN_DATE,وضعیت column موجود/نا موجود; SOURCE_YEAR_UNPROVEN (Wave1A.1+WaveA),hesabfa_last_stock=None;synced=2026-07-28T09:46:51.027682+00:00;SEMANTICS=UNPROVEN,HIGH,YES
1814,1142-150,1142-150,INSIZE | اینسایز,INSIZE,STILL_ONLY_AVAILABILITY,insize.distributor.11shahrivar.65a92337,65a9233762d5ff23148c06843c11c54db45a30ba9ee21f51d9a33f554679938a,,UNKNOWN,,REGISTERED_INSIZE_TRAILING_A,SKU->1142-150A,NO,نا موجود,UNAVAILABLE,NO,NO,NO,UNKNOWN_DATE,وضعیت column موجود/نا موجود; SOURCE_YEAR_UNPROVEN (Wave1A.1+WaveA),hesabfa_last_stock=None;synced=2026-07-28T09:46:45.192843+00:00;SEMANTICS=UNPROVEN,HIGH,YES
1817,1144-150,1144-150,INSIZE | اینسایز,INSIZE,STILL_ONLY_AVAILABILITY,insize.distributor.11shahrivar.65a92337,65a9233762d5ff23148c06843c11c54db45a30ba9ee21f51d9a33f554679938a,,UNKNOWN,,REGISTERED_INSIZE_TRAILING_A,SKU->1144-150A,NO,نا موجود,UNAVAILABLE,NO,NO,NO,UNKNOWN_DATE,وضعیت column موجود/نا موجود; SOURCE_YEAR_UNPROVEN (Wave1A.1+WaveA),hesabfa_last_stock=None;synced=2026-07-28T09:46:42.257237+00:00;SEMANTICS=UNPROVEN,HIGH,YES
1822,1150-600,1150-600,INSIZE | اینسایز,INSIZE,STILL_ONLY_AVAILABILITY,insize.distributor.11shahrivar.65a92337,65a9233762d5ff23148c06843c11c54db45a30ba9ee21f51d9a33f554679938a,,UNKNOWN,,EXACT_MANUFACTURER_SKU,,NO,نا موجود,UNAVAILABLE,NO,NO,NO,UNKNOWN_DATE,وضعیت column موجود/نا موجود; SOURCE_YEAR_UNPROVEN (Wave1A.1+WaveA),hesabfa_last_stock=None;synced=2026-08-01T20:27:18.501119+00:00;SEMANTICS=UNPROVEN,HIGH,YES
1823,1151-300,1151-300,INSIZE | اینسایز,INSIZE,STILL_ONLY_AVAILABILITY,insize.distributor.11shahrivar.65a92337,65a9233762d5ff23148c06843c11c54db45a30ba9ee21f51d9a33f554679938a,,UNKNOWN,,REGISTERED_INSIZE_TRAILING_A,SKU->1151-300A,NO,نا موجود,UNAVAILABLE,NO,NO,NO,UNKNOWN_DATE,وضعیت column موجود/نا موجود; SOURCE_YEAR_UNPROVEN (Wave1A.1+WaveA),hesabfa_last_stock=None;synced=2026-08-01T20:27:42.498624+00:00;SEMANTICS=UNPROVEN,HIGH,YES
1825,1156-300,1156-300,INSIZE | اینسایز,INSIZE,STILL_ONLY_AVAILABILITY,insize.distributor.11shahrivar.65a92337,65a9233762d5ff23148c06843c11c54db45a30ba9ee21f51d9a33f554679938a,,UNKNOWN,,EXACT_MANUFACTURER_SKU,,NO,نا موجود,UNAVAILABLE,NO,NO,NO,UNKNOWN_DATE,وضعیت column موجود/نا موجود; SOURCE_YEAR_UNPROVEN (Wave1A.1+WaveA),hesabfa_last_stock=None;synced=2026-08-01T20:27:48.094427+00:00;SEMANTICS=UNPROVEN,HIGH,YES
1826,1156-600,1156-600,INSIZE | اینسایز,INSIZE,STILL_ONLY_AVAILABILITY,insize.distributor.11shahrivar.65a92337,65a9233762d5ff23148c06843c11c54db45a30ba9ee21f51d9a33f554679938a,,UNKNOWN,,EXACT_MANUFACTURER_SKU,,NO,نا موجود,UNAVAILABLE,NO,NO,NO,UNKNOWN_DATE,وضعیت column موجود/نا موجود; SOURCE_YEAR_UNPROVEN (Wave1A.1+WaveA),hesabfa_last_stock=None;synced=2026-08-01T20:28:12.177744+00:00;SEMANTICS=UNPROVEN,HIGH,YES
1827,1161-150,1161-150,INSIZE | اینسایز,INSIZE,STILL_ONLY_AVAILABILITY,insize.distributor.11shahrivar.65a92337,65a9233762d5ff23148c06843c11c54db45a30ba9ee21f51d9a33f554679938a,,UNKNOWN,,REGISTERED_INSIZE_TRAILING_A,SKU->1161-150A,NO,نا موجود,UNAVAILABLE,NO,NO,NO,UNKNOWN_DATE,وضعیت column موجود/نا موجود; SOURCE_YEAR_UNPROVEN (Wave1A.1+WaveA),hesabfa_last_stock=None;synced=2026-07-28T09:46:32.158515+00:00;SEMANTICS=UNPROVEN,HIGH,YES
1828,1169-150,1169-150,INSIZE | اینسایز,INSIZE,STILL_ONLY_AVAILABILITY,insize.distributor.11shahrivar.65a92337,65a9233762d5ff23148c06843c11c54db45a30ba9ee21f51d9a33f554679938a,,UNKNOWN,,EXACT_MANUFACTURER_SKU,,NO,نا موجود,UNAVAILABLE,NO,NO,NO,UNKNOWN_DATE,وضعیت column موجود/نا موجود; SOURCE_YEAR_UNPROVEN (Wave1A.1+WaveA),hesabfa_last_stock=None;synced=2026-07-28T09:46:31.074759+00:00;SEMANTICS=UNPROVEN,HIGH,YES
1829,1170-300,1170-300,INSIZE | اینسایز,INSIZE,STILL_ONLY_AVAILABILITY,insize.distributor.11shahrivar.65a92337,65a9233762d5ff23148c06843c11c54db45a30ba9ee21f51d9a33f554679938a,,UNKNOWN,,EXACT_MANUFACTURER_SKU,,NO,نا موجود,UNAVAILABLE,NO,NO,NO,UNKNOWN_DATE,وضعیت column موجود/نا موجود; SOURCE_YEAR_UNPROVEN (Wave1A.1+WaveA),hesabfa_last_stock=None;synced=2026-08-01T20:28:14.485753+00:00;SEMANTICS=UNPROVEN,HIGH,YES
1830,1172-200,1172-200,INSIZE | اینسایز,INSIZE,STILL_ONLY_AVAILABILITY,insize.distributor.11shahrivar.65a92337,65a9233762d5ff23148c06843c11c54db45a30ba9ee21f51d9a33f554679938a,,UNKNOWN,,EXACT_MANUFACTURER_SKU,,NO,نا موجود,UNAVAILABLE,NO,NO,NO,UNKNOWN_DATE,وضعیت column موجود/نا موجود; SOURCE_YEAR_UNPROVEN (Wave1A.1+WaveA),hesabfa_last_stock=None;synced=2026-07-28T09:46:29.342086+00:00;SEMANTICS=UNPROVEN,HIGH,YES
1832,1176-200,1176-200,INSIZE | اینسایز,INSIZE,STILL_ONLY_AVAILABILITY,insize.distributor.11shahrivar.65a92337,65a9233762d5ff23148c06843c11c54db45a30ba9ee21f51d9a33f554679938a,,UNKNOWN,,EXACT_MANUFACTURER_SKU,,NO,نا موجود,UNAVAILABLE,NO,NO,NO,UNKNOWN_DATE,وضعیت column موجود/نا موجود; SOURCE_YEAR_UNPROVEN (Wave1A.1+WaveA),hesabfa_last_stock=None;synced=2026-08-01T20:28:16.695897+00:00;SEMANTICS=UNPROVEN,HIGH,YES
1833,1178-300,1178-300,INSIZE | اینسایز,INSIZE,STILL_ONLY_AVAILABILITY,insize.distributor.11shahrivar.65a92337,65a9233762d5ff23148c06843c11c54db45a30ba9ee21f51d9a33f554679938a,,UNKNOWN,,EXACT_MANUFACTURER_SKU,,NO,نا موجود,UNAVAILABLE,NO,NO,NO,UNKNOWN_DATE,وضعیت column موجود/نا موجود; SOURCE_YEAR_UNPROVEN (Wave1A.1+WaveA),hesabfa_last_stock=None;synced=2026-08-01T20:28:18.976281+00:00;SEMANTICS=UNPROVEN,HIGH,YES
1834,1183-150,1183-150,INSIZE | اینسایز,INSIZE,STILL_ONLY_AVAILABILITY,insize.distributor.11shahrivar.65a92337,65a9233762d5ff23148c06843c11c54db45a30ba9ee21f51d9a33f554679938a,,UNKNOWN,,REGISTERED_INSIZE_TRAILING_A,SKU->1183-150A,NO,نا موجود,UNAVAILABLE,NO,NO,NO,UNKNOWN_DATE,وضعیت column موجود/نا موجود; SOURCE_YEAR_UNPROVEN (Wave1A.1+WaveA),hesabfa_last_stock=None;synced=2026-07-28T09:46:25.439017+00:00;SEMANTICS=UNPROVEN,HIGH,YES
1835,1185-150,1185-150,INSIZE | اینسایز,INSIZE,STILL_ONLY_AVAILABILITY,insize.distributor.11shahrivar.65a92337,65a9233762d5ff23148c06843c11c54db45a30ba9ee21f51d9a33f554679938a,,UNKNOWN,,REGISTERED_INSIZE_TRAILING_A,SKU->1185-150A,NO,نا موجود,UNAVAILABLE,NO,NO,NO,UNKNOWN_DATE,وضعیت column موجود/نا موجود; SOURCE_YEAR_UNPROVEN (Wave1A.1+WaveA),hesabfa_last_stock=None;synced=2026-07-28T09:46:24.457977+00:00;SEMANTICS=UNPROVEN,HIGH,YES
1836,1186-150,1186-150,INSIZE | اینسایز,INSIZE,STILL_ONLY_AVAILABILITY,insize.distributor.11shahrivar.65a92337,65a9233762d5ff23148c06843c11c54db45a30ba9ee21f51d9a33f554679938a,,UNKNOWN,,REGISTERED_INSIZE_TRAILING_A,SKU->1186-150A,NO,نا موجود,UNAVAILABLE,NO,NO,NO,UNKNOWN_DATE,وضعیت column موجود/نا موجود; SOURCE_YEAR_UNPROVEN (Wave1A.1+WaveA),hesabfa_last_stock=None;synced=2026-07-28T09:46:23.431233+00:00;SEMANTICS=UNPROVEN,HIGH,YES
1839,1187-150,1187-150,INSIZE | اینسایز,INSIZE,STILL_ONLY_AVAILABILITY,insize.distributor.11shahrivar.65a92337,65a9233762d5ff23148c06843c11c54db45a30ba9ee21f51d9a33f554679938a,,UNKNOWN,,REGISTERED_INSIZE_TRAILING_A,SKU->1187-150A,NO,نا موجود,UNAVAILABLE,NO,NO,NO,UNKNOWN_DATE,وضعیت column موجود/نا موجود; SOURCE_YEAR_UNPROVEN (Wave1A.1+WaveA),hesabfa_last_stock=None;synced=2026-07-28T09:46:20.373742+00:00;SEMANTICS=UNPROVEN,HIGH,YES
1840,1188-150,1188-150,INSIZE | اینسایز,INSIZE,STILL_ONLY_AVAILABILITY,insize.distributor.11shahrivar.65a92337,65a9233762d5ff23148c06843c11c54db45a30ba9ee21f51d9a33f554679938a,,UNKNOWN,,REGISTERED_INSIZE_TRAILING_A,SKU->1188-150A,NO,نا موجود,UNAVAILABLE,NO,NO,NO,UNKNOWN_DATE,وضعیت column موجود/نا موجود; SOURCE_YEAR_UNPROVEN (Wave1A.1+WaveA),hesabfa_last_stock=None;synced=2026-07-28T09:46:19.329517+00:00;SEMANTICS=UNPROVEN,HIGH,YES
1842,1208-511,1208-511,INSIZE | اینسایز,INSIZE,STILL_ONLY_AVAILABILITY,insize.distributor.11shahrivar.65a92337,65a9233762d5ff23148c06843c11c54db45a30ba9ee21f51d9a33f554679938a,,UNKNOWN,,EXACT_MANUFACTURER_SKU,,NO,نا موجود,UNAVAILABLE,NO,NO,NO,UNKNOWN_DATE,وضعیت column موجود/نا موجود; SOURCE_YEAR_UNPROVEN (Wave1A.1+WaveA),hesabfa_last_stock=None;synced=2026-07-28T09:46:17.430943+00:00;SEMANTICS=UNPROVEN,HIGH,YES
1843,1208-524,1208-524,INSIZE | اینسایز,INSIZE,STILL_ONLY_AVAILABILITY,insize.distributor.11shahrivar.65a92337,65a9233762d5ff23148c06843c11c54db45a30ba9ee21f51d9a33f554679938a,,UNKNOWN,,EXACT_MANUFACTURER_SKU,,NO,نا موجود,UNAVAILABLE,NO,NO,NO,UNKNOWN_DATE,وضعیت column موجود/نا موجود; SOURCE_YEAR_UNPROVEN (Wave1A.1+WaveA),hesabfa_last_stock=None;synced=2026-08-01T20:28:33.144095+00:00;SEMANTICS=UNPROVEN,HIGH,YES
1844,1208-824,1208-824,INSIZE | اینسایز,INSIZE,STILL_ONLY_AVAILABILITY,insize.distributor.11shahrivar.65a92337,65a9233762d5ff23148c06843c11c54db45a30ba9ee21f51d9a33f554679938a,,UNKNOWN,,EXACT_MANUFACTURER_SKU,,NO,نا موجود,UNAVAILABLE,NO,NO,NO,UNKNOWN_DATE,وضعیت column موجود/نا موجود; SOURCE_YEAR_UNPROVEN (Wave1A.1+WaveA),hesabfa_last_stock=None;synced=2026-08-01T20:28:34.932440+00:00;SEMANTICS=UNPROVEN,HIGH,YES
1847,1215-1032,1215-1032,INSIZE | اینسایز,INSIZE,STILL_ONLY_AVAILABILITY,insize.distributor.11shahrivar.65a92337,65a9233762d5ff23148c06843c11c54db45a30ba9ee21f51d9a33f554679938a,,UNKNOWN,,EXACT_MANUFACTURER_SKU,,NO,نا موجود,UNAVAILABLE,NO,NO,NO,UNKNOWN_DATE,وضعیت column موجود/نا موجود; SOURCE_YEAR_UNPROVEN (Wave1A.1+WaveA),hesabfa_last_stock=None;synced=2026-07-28T09:46:12.733663+00:00;SEMANTICS=UNPROVEN,HIGH,YES
1848,1215-1052,1215-1052,INSIZE | اینسایز,INSIZE,STILL_ONLY_AVAILABILITY,insize.distributor.11shahrivar.65a92337,65a9233762d5ff23148c06843c11c54db45a30ba9ee21f51d9a33f554679938a,,UNKNOWN,,EXACT_MANUFACTURER_SKU,,NO,نا موجود,UNAVAILABLE,NO,NO,NO,UNKNOWN_DATE,وضعیت column موجود/نا موجود; SOURCE_YEAR_UNPROVEN (Wave1A.1+WaveA),hesabfa_last_stock=None;synced=2026-07-28T09:46:11.648537+00:00;SEMANTICS=UNPROVEN,HIGH,YES
1849,1215-322,1215-322,INSIZE | اینسایز,INSIZE,STILL_ONLY_AVAILABILITY,insize.distributor.11shahrivar.65a92337,65a9233762d5ff23148c06843c11c54db45a30ba9ee21f51d9a33f554679938a,,UNKNOWN,,EXACT_MANUFACTURER_SKU,,NO,نا موجود,UNAVAILABLE,NO,NO,NO,UNKNOWN_DATE,وضعیت column موجود/نا موجود; SOURCE_YEAR_UNPROVEN (Wave1A.1+WaveA),hesabfa_last_stock=None;synced=2026-08-01T20:29:53.927062+00:00;SEMANTICS=UNPROVEN,HIGH,YES
1850,1215-392,1215-392,INSIZE | اینسایز,INSIZE,STILL_ONLY_AVAILABILITY,insize.distributor.11shahrivar.65a92337,65a9233762d5ff23148c06843c11c54db45a30ba9ee21f51d9a33f554679938a,,UNKNOWN,,EXACT_MANUFACTURER_SKU,,NO,نا موجود,UNAVAILABLE,NO,NO,NO,UNKNOWN_DATE,وضعیت column موجود/نا موجود; SOURCE_YEAR_UNPROVEN (Wave1A.1+WaveA),hesabfa_last_stock=None;synced=2026-08-01T20:30:18.024198+00:00;SEMANTICS=UNPROVEN,HIGH,YES
1851,1215-522,1215-522,INSIZE | اینسایز,INSIZE,STILL_ONLY_AVAILABILITY,insize.distributor.11shahrivar.65a92337,65a9233762d5ff23148c06843c11c54db45a30ba9ee21f51d9a33f554679938a,,UNKNOWN,,EXACT_MANUFACTURER_SKU,,NO,نا موجود,UNAVAILABLE,NO,NO,NO,UNKNOWN_DATE,وضعیت column موجود/نا موجود; SOURCE_YEAR_UNPROVEN (Wave1A.1+WaveA),hesabfa_last_stock=None;synced=2026-08-01T20:30:20.363519+00:00;SEMANTICS=UNPROVEN,HIGH,YES
1852,1215-532,1215-532,INSIZE | اینسایز,INSIZE,STILL_ONLY_AVAILABILITY,insize.distributor.11shahrivar.65a92337,65a9233762d5ff23148c06843c11c54db45a30ba9ee21f51d9a33f554679938a,,UNKNOWN,,EXACT_MANUFACTURER_SKU,,NO,نا موجود,UNAVAILABLE,NO,NO,NO,UNKNOWN_DATE,وضعیت column موجود/نا موجود; SOURCE_YEAR_UNPROVEN (Wave1A.1+WaveA),hesabfa_last_stock=None;synced=2026-08-01T20:30:22.178905+00:00;SEMANTICS=UNPROVEN,HIGH,YES
1853,1215-622,1215-622,INSIZE | اینسایز,INSIZE,STILL_ONLY_AVAILABILITY,insize.distributor.11shahrivar.65a92337,65a9233762d5ff23148c06843c11c54db45a30ba9ee21f51d9a33f554679938a,,UNKNOWN,,EXACT_MANUFACTURER_SKU,,NO,نا موجود,UNAVAILABLE,NO,NO,NO,UNKNOWN_DATE,وضعیت column موجود/نا موجود; SOURCE_YEAR_UNPROVEN (Wave1A.1+WaveA),hesabfa_last_stock=None;synced=2026-08-01T20:30:25.925088+00:00;SEMANTICS=UNPROVEN,HIGH,YES
1854,1215-822,1215-822,INSIZE | اینسایز,INSIZE,STILL_ONLY_AVAILABILITY,insize.distributor.11shahrivar.65a92337,65a9233762d5ff23148c06843c11c54db45a30ba9ee21f51d9a33f554679938a,,UNKNOWN,,EXACT_MANUFACTURER_SKU,,NO,نا موجود,UNAVAILABLE,NO,NO,NO,UNKNOWN_DATE,وضعیت column موجود/نا موجود; SOURCE_YEAR_UNPROVEN (Wave1A.1+WaveA),hesabfa_last_stock=None;synced=2026-08-01T20:30:32.574434+00:00;SEMANTICS=UNPROVEN,HIGH,YES
1855,1217-3001,1217-3001,INSIZE | اینسایز,INSIZE,STILL_ONLY_AVAILABILITY,insize.distributor.11shahrivar.65a92337,65a9233762d5ff23148c06843c11c54db45a30ba9ee21f51d9a33f554679938a,,UNKNOWN,,EXACT_MANUFACTURER_SKU,,NO,نا موجود,UNAVAILABLE,NO,NO,NO,UNKNOWN_DATE,وضعیت column موجود/نا موجود; SOURCE_YEAR_UNPROVEN (Wave1A.1+WaveA),hesabfa_last_stock=None;synced=2026-08-01T20:30:34.383860+00:00;SEMANTICS=UNPROVEN,HIGH,YES
1856,1236-394,1236-394,INSIZE | اینسایز,INSIZE,STILL_ONLY_AVAILABILITY,insize.distributor.11shahrivar.65a92337,65a9233762d5ff23148c06843c11c54db45a30ba9ee21f51d9a33f554679938a,,UNKNOWN,,EXACT_MANUFACTURER_SKU,,NO,نا موجود,UNAVAILABLE,NO,NO,NO,UNKNOWN_DATE,وضعیت column موجود/نا موجود; SOURCE_YEAR_UNPROVEN (Wave1A.1+WaveA),hesabfa_last_stock=None;synced=2026-08-01T20:30:36.749226+00:00;SEMANTICS=UNPROVEN,HIGH,YES
1857,1236-524,1236-524,INSIZE | اینسایز,INSIZE,STILL_ONLY_AVAILABILITY,insize.distributor.11shahrivar.65a92337,65a9233762d5ff23148c06843c11c54db45a30ba9ee21f51d9a33f554679938a,,UNKNOWN,,EXACT_MANUFACTURER_SKU,,NO,نا موجود,UNAVAILABLE,NO,NO,NO,UNKNOWN_DATE,وضعیت column موجود/نا موجود; SOURCE_YEAR_UNPROVEN (Wave1A.1+WaveA),hesabfa_last_stock=None;synced=2026-08-01T20:30:38.021674+00:00;SEMANTICS=UNPROVEN,HIGH,YES
1858,1250-300,1250-300,INSIZE | اینسایز,INSIZE,STILL_ONLY_AVAILABILITY,insize.distributor.11shahrivar.65a92337,65a9233762d5ff23148c06843c11c54db45a30ba9ee21f51d9a33f554679938a,,UNKNOWN,,EXACT_MANUFACTURER_SKU,,NO,نا موجود,UNAVAILABLE,NO,NO,NO,UNKNOWN_DATE,وضعیت column موجود/نا موجود; SOURCE_YEAR_UNPROVEN (Wave1A.1+WaveA),hesabfa_last_stock=None;synced=2026-08-01T20:30:50.005212+00:00;SEMANTICS=UNPROVEN,HIGH,YES
1859,1250-600,1250-600,INSIZE | اینسایز,INSIZE,STILL_ONLY_AVAILABILITY,insize.distributor.11shahrivar.65a92337,65a9233762d5ff23148c06843c11c54db45a30ba9ee21f51d9a33f554679938a,,UNKNOWN,,EXACT_MANUFACTURER_SKU,,NO,نا موجود,UNAVAILABLE,NO,NO,NO,UNKNOWN_DATE,وضعیت column موجود/نا موجود; SOURCE_YEAR_UNPROVEN (Wave1A.1+WaveA),hesabfa_last_stock=None;synced=2026-08-01T20:30:53.770574+00:00;SEMANTICS=UNPROVEN,HIGH,YES
1860,1311-150,,INSIZE | اینسایز,INSIZE,STILL_ONLY_AVAILABILITY,insize.distributor.11shahrivar.65a92337,65a9233762d5ff23148c06843c11c54db45a30ba9ee21f51d9a33f554679938a,,UNKNOWN,,REGISTERED_INSIZE_TRAILING_A,SKU->1311-150A,NO,نا موجود,UNAVAILABLE,NO,NO,NO,UNKNOWN_DATE,وضعیت column موجود/نا موجود; SOURCE_YEAR_UNPROVEN (Wave1A.1+WaveA),hesabfa_last_stock=None;synced=2026-07-28T09:45:59.299254+00:00;SEMANTICS=UNPROVEN,HIGH,YES
1863,1312-150,,INSIZE | اینسایز,INSIZE,STILL_ONLY_AVAILABILITY,insize.distributor.11shahrivar.65a92337,65a9233762d5ff23148c06843c11c54db45a30ba9ee21f51d9a33f554679938a,,UNKNOWN,,REGISTERED_INSIZE_TRAILING_A,SKU->1312-150A,NO,نا موجود,UNAVAILABLE,NO,NO,NO,UNKNOWN_DATE,وضعیت column موجود/نا موجود; SOURCE_YEAR_UNPROVEN (Wave1A.1+WaveA),hesabfa_last_stock=1.0;synced=2026-07-28T09:45:55.197179+00:00;SEMANTICS=UNPROVEN,HIGH,YES
1866,1316-500,,INSIZE | اینسایز,INSIZE,STILL_ONLY_AVAILABILITY,insize.distributor.11shahrivar.65a92337,65a9233762d5ff23148c06843c11c54db45a30ba9ee21f51d9a33f554679938a,,UNKNOWN,,EXACT_SKU,,NO,نا موجود,UNAVAILABLE,NO,NO,NO,UNKNOWN_DATE,وضعیت column موجود/نا موجود; SOURCE_YEAR_UNPROVEN (Wave1A.1+WaveA),hesabfa_last_stock=None;synced=2026-07-28T09:45:50.607674+00:00;SEMANTICS=UNPROVEN,HIGH,YES
1867,1340-150,,INSIZE | اینسایز,INSIZE,STILL_ONLY_AVAILABILITY,insize.distributor.11shahrivar.65a92337,65a9233762d5ff23148c06843c11c54db45a30ba9ee21f51d9a33f554679938a,,UNKNOWN,,EXACT_SKU,,NO,نا موجود,UNAVAILABLE,NO,NO,NO,UNKNOWN_DATE,وضعیت column موجود/نا موجود; SOURCE_YEAR_UNPROVEN (Wave1A.1+WaveA),hesabfa_last_stock=None;synced=2026-07-28T09:45:49.487451+00:00;SEMANTICS=UNPROVEN,HIGH,YES
1868,1340-200,,INSIZE | اینسایز,INSIZE,STILL_ONLY_AVAILABILITY,insize.distributor.11shahrivar.65a92337,65a9233762d5ff23148c06843c11c54db45a30ba9ee21f51d9a33f554679938a,,UNKNOWN,,EXACT_SKU,,NO,نا موجود,UNAVAILABLE,NO,NO,NO,UNKNOWN_DATE,وضعیت column موجود/نا موجود; SOURCE_YEAR_UNPROVEN (Wave1A.1+WaveA),hesabfa_last_stock=None;synced=2026-07-28T09:45:48.382934+00:00;SEMANTICS=UNPROVEN,HIGH,YES
1869,1340-300,,INSIZE | اینسایز,INSIZE,STILL_ONLY_AVAILABILITY,insize.distributor.11shahrivar.65a92337,65a9233762d5ff23148c06843c11c54db45a30ba9ee21f51d9a33f554679938a,,UNKNOWN,,EXACT_SKU,,NO,نا موجود,UNAVAILABLE,NO,NO,NO,UNKNOWN_DATE,وضعیت column موجود/نا موجود; SOURCE_YEAR_UNPROVEN (Wave1A.1+WaveA),hesabfa_last_stock=None;synced=2026-07-28T09:45:47.268098+00:00;SEMANTICS=UNPROVEN,HIGH,YES
1870,1520-150,1520-150,INSIZE | اینسایز,INSIZE,STILL_ONLY_AVAILABILITY,insize.distributor.11shahrivar.65a92337,65a9233762d5ff23148c06843c11c54db45a30ba9ee21f51d9a33f554679938a,,UNKNOWN,,EXACT_MANUFACTURER_SKU,,NO,نا موجود,UNAVAILABLE,NO,NO,NO,UNKNOWN_DATE,وضعیت column موجود/نا موجود; SOURCE_YEAR_UNPROVEN (Wave1A.1+WaveA),hesabfa_last_stock=None;synced=2026-08-01T20:30:55.616294+00:00;SEMANTICS=UNPROVEN,HIGH,YES
1871,1530-300,1530-300,INSIZE | اینسایز,INSIZE,STILL_ONLY_AVAILABILITY,insize.distributor.11shahrivar.65a92337,65a9233762d5ff23148c06843c11c54db45a30ba9ee21f51d9a33f554679938a,,UNKNOWN,,EXACT_MANUFACTURER_SKU,,NO,نا موجود,UNAVAILABLE,NO,NO,NO,UNKNOWN_DATE,وضعیت column موجود/نا موجود; SOURCE_YEAR_UNPROVEN (Wave1A.1+WaveA),hesabfa_last_stock=None;synced=2026-08-01T20:30:57.380866+00:00;SEMANTICS=UNPROVEN,HIGH,YES
1873,2112-101,2112-101,INSIZE | اینسایز,INSIZE,STILL_ONLY_AVAILABILITY,insize.distributor.11shahrivar.65a92337,65a9233762d5ff23148c06843c11c54db45a30ba9ee21f51d9a33f554679938a,,UNKNOWN,,EXACT_MANUFACTURER_SKU,,NO,نا موجود,UNAVAILABLE,NO,NO,NO,UNKNOWN_DATE,وضعیت column موجود/نا موجود; SOURCE_YEAR_UNPROVEN (Wave1A.1+WaveA),hesabfa_last_stock=None;synced=2026-07-28T09:45:42.930454+00:00;SEMANTICS=UNPROVEN,HIGH,YES
1874,2112-251,2112-251,INSIZE | اینسایز,INSIZE,STILL_ONLY_AVAILABILITY,insize.distributor.11shahrivar.65a92337,65a9233762d5ff23148c06843c11c54db45a30ba9ee21f51d9a33f554679938a,,UNKNOWN,,EXACT_MANUFACTURER_SKU,,NO,نا موجود,UNAVAILABLE,NO,NO,NO,UNKNOWN_DATE,وضعیت column موجود/نا موجود; SOURCE_YEAR_UNPROVEN (Wave1A.1+WaveA),hesabfa_last_stock=None;synced=2026-07-28T09:45:41.926468+00:00;SEMANTICS=UNPROVEN,HIGH,YES
1875,2112-501,2112-501,INSIZE | اینسایز,INSIZE,STILL_ONLY_AVAILABILITY,insize.distributor.11shahrivar.65a92337,65a9233762d5ff23148c06843c11c54db45a30ba9ee21f51d9a33f554679938a,,UNKNOWN,,EXACT_MANUFACTURER_SKU,,NO,نا موجود,UNAVAILABLE,NO,NO,NO,UNKNOWN_DATE,وضعیت column موجود/نا موجود; SOURCE_YEAR_UNPROVEN (Wave1A.1+WaveA),hesabfa_last_stock=None;synced=2026-07-28T09:45:39.153031+00:00;SEMANTICS=UNPROVEN,HIGH,YES
1876,2122-160,2122-160,INSIZE | اینسایز,INSIZE,STILL_ONLY_AVAILABILITY,insize.distributor.11shahrivar.65a92337,65a9233762d5ff23148c06843c11c54db45a30ba9ee21f51d9a33f554679938a,,UNKNOWN,,REGISTERED_INSIZE_TRAILING_A,SKU->2122-160A,NO,نا موجود,UNAVAILABLE,NO,NO,NO,UNKNOWN_DATE,وضعیت column موجود/نا موجود; SOURCE_YEAR_UNPROVEN (Wave1A.1+WaveA),hesabfa_last_stock=None;synced=2026-07-28T09:45:37.930410+00:00;SEMANTICS=UNPROVEN,HIGH,YES
1877,2141-202,,INSIZE | اینسایز,INSIZE,STILL_ONLY_AVAILABILITY,insize.distributor.11shahrivar.65a92337,65a9233762d5ff23148c06843c11c54db45a30ba9ee21f51d9a33f554679938a,,UNKNOWN,,REGISTERED_INSIZE_TRAILING_A,SKU->2141-202A,NO,نا موجود,UNAVAILABLE,NO,NO,NO,UNKNOWN_DATE,وضعیت column موجود/نا موجود; SOURCE_YEAR_UNPROVEN (Wave1A.1+WaveA),hesabfa_last_stock=None;synced=2026-07-28T09:45:36.889892+00:00;SEMANTICS=UNPROVEN,HIGH,YES
1878,2142-101,2142-101,INSIZE | اینسایز,INSIZE,STILL_ONLY_AVAILABILITY,insize.distributor.11shahrivar.65a92337,65a9233762d5ff23148c06843c11c54db45a30ba9ee21f51d9a33f554679938a,,UNKNOWN,,EXACT_MANUFACTURER_SKU,,NO,نا موجود,UNAVAILABLE,NO,NO,NO,UNKNOWN_DATE,وضعیت column موجود/نا موجود; SOURCE_YEAR_UNPROVEN (Wave1A.1+WaveA),hesabfa_last_stock=None;synced=2026-07-28T09:45:35.847757+00:00;SEMANTICS=UNPROVEN,HIGH,YES
1879,2142-102,2142-102,INSIZE | اینسایز,INSIZE,STILL_ONLY_AVAILABILITY,insize.distributor.11shahrivar.65a92337,65a9233762d5ff23148c06843c11c54db45a30ba9ee21f51d9a33f554679938a,,UNKNOWN,,EXACT_MANUFACTURER_SKU,,NO,نا موجود,UNAVAILABLE,NO,NO,NO,UNKNOWN_DATE,وضعیت column موجود/نا موجود; SOURCE_YEAR_UNPROVEN (Wave1A.1+WaveA),hesabfa_last_stock=None;synced=2026-07-28T09:45:34.577971+00:00;SEMANTICS=UNPROVEN,HIGH,YES
1881,2172-360,2172-360,INSIZE | اینسایز,INSIZE,STILL_ONLY_AVAILABILITY,insize.distributor.11shahrivar.65a92337,65a9233762d5ff23148c06843c11c54db45a30ba9ee21f51d9a33f554679938a,,UNKNOWN,,REGISTERED_INSIZE_TRAILING_A,SKU->2172-360A,NO,نا موجود,UNAVAILABLE,NO,NO,NO,UNKNOWN_DATE,وضعیت column موجود/نا موجود; SOURCE_YEAR_UNPROVEN (Wave1A.1+WaveA),hesabfa_last_stock=None;synced=2026-07-28T09:45:32.424555+00:00;SEMANTICS=UNPROVEN,HIGH,YES
1883,2174-225,2174-225,INSIZE | اینسایز,INSIZE,STILL_ONLY_AVAILABILITY,insize.distributor.11shahrivar.65a92337,65a9233762d5ff23148c06843c11c54db45a30ba9ee21f51d9a33f554679938a,,UNKNOWN,,EXACT_MANUFACTURER_SKU,,NO,نا موجود,UNAVAILABLE,NO,NO,NO,UNKNOWN_DATE,وضعیت column موجود/نا موجود; SOURCE_YEAR_UNPROVEN (Wave1A.1+WaveA),hesabfa_last_stock=None;synced=2026-07-28T09:45:30.217416+00:00;SEMANTICS=UNPROVEN,HIGH,YES
1884,2175-360,2175-360,INSIZE | اینسایز,INSIZE,STILL_ONLY_AVAILABILITY,insize.distributor.11shahrivar.65a92337,65a9233762d5ff23148c06843c11c54db45a30ba9ee21f51d9a33f554679938a,,UNKNOWN,,EXACT_MANUFACTURER_SKU,,NO,نا موجود,UNAVAILABLE,NO,NO,NO,UNKNOWN_DATE,وضعیت column موجود/نا موجود; SOURCE_YEAR_UNPROVEN (Wave1A.1+WaveA),hesabfa_last_stock=None;synced=2026-07-28T09:45:29.164353+00:00;SEMANTICS=UNPROVEN,HIGH,YES
1885,2176-200,2176-200,INSIZE | اینسایز,INSIZE,STILL_ONLY_AVAILABILITY,insize.distributor.11shahrivar.65a92337,65a9233762d5ff23148c06843c11c54db45a30ba9ee21f51d9a33f554679938a,,UNKNOWN,,EXACT_MANUFACTURER_SKU,,NO,نا موجود,UNAVAILABLE,NO,NO,NO,UNKNOWN_DATE,وضعیت column موجود/نا موجود; SOURCE_YEAR_UNPROVEN (Wave1A.1+WaveA),hesabfa_last_stock=None;synced=2026-07-28T09:45:28.018097+00:00;SEMANTICS=UNPROVEN,HIGH,YES
1888,2222-301,2222-301,INSIZE | اینسایز,INSIZE,STILL_ONLY_AVAILABILITY,insize.distributor.11shahrivar.65a92337,65a9233762d5ff23148c06843c11c54db45a30ba9ee21f51d9a33f554679938a,,UNKNOWN,,EXACT_MANUFACTURER_SKU,,NO,نا موجود,UNAVAILABLE,NO,NO,NO,UNKNOWN_DATE,وضعیت column موجود/نا موجود; SOURCE_YEAR_UNPROVEN (Wave1A.1+WaveA),hesabfa_last_stock=None;synced=2026-07-28T09:45:24.468226+00:00;SEMANTICS=UNPROVEN,HIGH,YES
1889,2223-153,2223-153,INSIZE | اینسایز,INSIZE,STILL_ONLY_AVAILABILITY,insize.distributor.11shahrivar.65a92337,65a9233762d5ff23148c06843c11c54db45a30ba9ee21f51d9a33f554679938a,,UNKNOWN,,EXACT_MANUFACTURER_SKU,,NO,نا موجود,UNAVAILABLE,NO,NO,NO,UNKNOWN_DATE,وضعیت column موجود/نا موجود; SOURCE_YEAR_UNPROVEN (Wave1A.1+WaveA),hesabfa_last_stock=None;synced=2026-07-28T09:45:23.473963+00:00;SEMANTICS=UNPROVEN,HIGH,YES
1892,2281-360,2281-360,INSIZE | اینسایز,INSIZE,STILL_ONLY_AVAILABILITY,insize.distributor.11shahrivar.65a92337,65a9233762d5ff23148c06843c11c54db45a30ba9ee21f51d9a33f554679938a,,UNKNOWN,,EXACT_MANUFACTURER_SKU,,NO,نا موجود,UNAVAILABLE,NO,NO,NO,UNKNOWN_DATE,وضعیت column موجود/نا موجود; SOURCE_YEAR_UNPROVEN (Wave1A.1+WaveA),hesabfa_last_stock=None;synced=2026-07-28T09:45:20.233238+00:00;SEMANTICS=UNPROVEN,HIGH,YES
1893,2307-105,2307-105,INSIZE | اینسایز,INSIZE,STILL_ONLY_AVAILABILITY,insize.distributor.11shahrivar.65a92337,65a9233762d5ff23148c06843c11c54db45a30ba9ee21f51d9a33f554679938a,,UNKNOWN,,EXACT_MANUFACTURER_SKU,,NO,نا موجود,UNAVAILABLE,NO,NO,NO,UNKNOWN_DATE,وضعیت column موجود/نا موجود; SOURCE_YEAR_UNPROVEN (Wave1A.1+WaveA),hesabfa_last_stock=None;synced=2026-07-28T09:45:19.245733+00:00;SEMANTICS=UNPROVEN,HIGH,YES
1897,2333-201,2333-201,INSIZE | اینسایز,INSIZE,STILL_ONLY_AVAILABILITY,insize.distributor.11shahrivar.65a92337,65a9233762d5ff23148c06843c11c54db45a30ba9ee21f51d9a33f554679938a,,UNKNOWN,,EXACT_MANUFACTURER_SKU,,NO,نا موجود,UNAVAILABLE,NO,NO,NO,UNKNOWN_DATE,وضعیت column موجود/نا موجود; SOURCE_YEAR_UNPROVEN (Wave1A.1+WaveA),hesabfa_last_stock=None;synced=2026-07-28T09:45:15.419884+00:00;SEMANTICS=UNPROVEN,HIGH,YES
1898,2341-101,2341-101,INSIZE | اینسایز,INSIZE,STILL_ONLY_AVAILABILITY,insize.distributor.11shahrivar.65a92337,65a9233762d5ff23148c06843c11c54db45a30ba9ee21f51d9a33f554679938a,,UNKNOWN,,REGISTERED_INSIZE_TRAILING_A,SKU->2341-101A,NO,نا موجود,UNAVAILABLE,NO,NO,NO,UNKNOWN_DATE,وضعیت column موجود/نا موجود; SOURCE_YEAR_UNPROVEN (Wave1A.1+WaveA),hesabfa_last_stock=None;synced=2026-07-28T09:45:14.305246+00:00;SEMANTICS=UNPROVEN,HIGH,YES
1899,2342-202,2342-202,INSIZE | اینسایز,INSIZE,STILL_ONLY_AVAILABILITY,insize.distributor.11shahrivar.65a92337,65a9233762d5ff23148c06843c11c54db45a30ba9ee21f51d9a33f554679938a,,UNKNOWN,,EXACT_MANUFACTURER_SKU,,NO,نا موجود,UNAVAILABLE,NO,NO,NO,UNKNOWN_DATE,وضعیت column موجود/نا موجود; SOURCE_YEAR_UNPROVEN (Wave1A.1+WaveA),hesabfa_last_stock=None;synced=2026-07-28T09:45:13.263645+00:00;SEMANTICS=UNPROVEN,HIGH,YES
1900,2343-102,2343-102,INSIZE | اینسایز,INSIZE,STILL_ONLY_AVAILABILITY,insize.distributor.11shahrivar.65a92337,65a9233762d5ff23148c06843c11c54db45a30ba9ee21f51d9a33f554679938a,,UNKNOWN,,EXACT_MANUFACTURER_SKU,,NO,نا موجود,UNAVAILABLE,NO,NO,NO,UNKNOWN_DATE,وضعیت column موجود/نا موجود; SOURCE_YEAR_UNPROVEN (Wave1A.1+WaveA),hesabfa_last_stock=None;synced=2026-07-28T09:45:12.014893+00:00;SEMANTICS=UNPROVEN,HIGH,YES
1902,2373-360,2373-360,INSIZE | اینسایز,INSIZE,STILL_ONLY_AVAILABILITY,insize.distributor.11shahrivar.65a92337,65a9233762d5ff23148c06843c11c54db45a30ba9ee21f51d9a33f554679938a,,UNKNOWN,,EXACT_MANUFACTURER_SKU,,NO,نا موجود,UNAVAILABLE,NO,NO,NO,UNKNOWN_DATE,وضعیت column موجود/نا موجود; SOURCE_YEAR_UNPROVEN (Wave1A.1+WaveA),hesabfa_last_stock=None;synced=2026-07-28T09:45:09.782076+00:00;SEMANTICS=UNPROVEN,HIGH,YES
1903,2374-320,2374-320,INSIZE | اینسایز,INSIZE,STILL_ONLY_AVAILABILITY,insize.distributor.11shahrivar.65a92337,65a9233762d5ff23148c06843c11c54db45a30ba9ee21f51d9a33f554679938a,,UNKNOWN,,EXACT_MANUFACTURER_SKU,,NO,نا موجود,UNAVAILABLE,NO,NO,NO,UNKNOWN_DATE,وضعیت column موجود/نا موجود; SOURCE_YEAR_UNPROVEN (Wave1A.1+WaveA),hesabfa_last_stock=None;synced=2026-07-28T09:45:08.648070+00:00;SEMANTICS=UNPROVEN,HIGH,YES
1905,2711-165,2711-165,INSIZE | اینسایز,INSIZE,STILL_ONLY_AVAILABILITY,insize.distributor.11shahrivar.65a92337,65a9233762d5ff23148c06843c11c54db45a30ba9ee21f51d9a33f554679938a,,UNKNOWN,,EXACT_MANUFACTURER_SKU,,NO,نا موجود,UNAVAILABLE,NO,NO,NO,UNKNOWN_DATE,وضعیت column موجود/نا موجود; SOURCE_YEAR_UNPROVEN (Wave1A.1+WaveA),hesabfa_last_stock=None;synced=2026-07-28T09:45:06.338175+00:00;SEMANTICS=UNPROVEN,HIGH,YES
1906,2711-216,2711-216,INSIZE | اینسایز,INSIZE,STILL_ONLY_AVAILABILITY,insize.distributor.11shahrivar.65a92337,65a9233762d5ff23148c06843c11c54db45a30ba9ee21f51d9a33f554679938a,,UNKNOWN,,EXACT_MANUFACTURER_SKU,,NO,نا موجود,UNAVAILABLE,NO,NO,NO,UNKNOWN_DATE,وضعیت column موجود/نا موجود; SOURCE_YEAR_UNPROVEN (Wave1A.1+WaveA),hesabfa_last_stock=None;synced=2026-07-28T09:45:05.258838+00:00;SEMANTICS=UNPROVEN,HIGH,YES
1907,2771-360,2771-360,INSIZE | اینسایز,INSIZE,STILL_ONLY_AVAILABILITY,insize.distributor.11shahrivar.65a92337,65a9233762d5ff23148c06843c11c54db45a30ba9ee21f51d9a33f554679938a,,UNKNOWN,,EXACT_MANUFACTURER_SKU,,NO,نا موجود,UNAVAILABLE,NO,NO,NO,UNKNOWN_DATE,وضعیت column موجود/نا موجود; SOURCE_YEAR_UNPROVEN (Wave1A.1+WaveA),hesabfa_last_stock=None;synced=2026-07-28T09:45:04.005224+00:00;SEMANTICS=UNPROVEN,HIGH,YES
1908,2825-160,2825-160,INSIZE | اینسایز,INSIZE,STILL_ONLY_AVAILABILITY,insize.distributor.11shahrivar.65a92337,65a9233762d5ff23148c06843c11c54db45a30ba9ee21f51d9a33f554679938a,,UNKNOWN,,EXACT_MANUFACTURER_SKU,,NO,نا موجود,UNAVAILABLE,NO,NO,NO,UNKNOWN_DATE,وضعیت column موجود/نا موجود; SOURCE_YEAR_UNPROVEN (Wave1A.1+WaveA),hesabfa_last_stock=None;synced=2026-07-28T09:45:02.968719+00:00;SEMANTICS=UNPROVEN,HIGH,YES
1911,2841-300,2841-300,INSIZE | اینسایز,INSIZE,STILL_ONLY_AVAILABILITY,insize.distributor.11shahrivar.65a92337,65a9233762d5ff23148c06843c11c54db45a30ba9ee21f51d9a33f554679938a,,UNKNOWN,,EXACT_MANUFACTURER_SKU,,NO,نا موجود,UNAVAILABLE,NO,NO,NO,UNKNOWN_DATE,وضعیت column موجود/نا موجود; SOURCE_YEAR_UNPROVEN (Wave1A.1+WaveA),hesabfa_last_stock=None;synced=2026-07-28T09:44:59.843419+00:00;SEMANTICS=UNPROVEN,HIGH,YES
1912,2841-500,2841-500,INSIZE | اینسایز,INSIZE,STILL_ONLY_AVAILABILITY,insize.distributor.11shahrivar.65a92337,65a9233762d5ff23148c06843c11c54db45a30ba9ee21f51d9a33f554679938a,,UNKNOWN,,EXACT_MANUFACTURER_SKU,,NO,نا موجود,UNAVAILABLE,NO,NO,NO,UNKNOWN_DATE,وضعیت column موجود/نا موجود; SOURCE_YEAR_UNPROVEN (Wave1A.1+WaveA),hesabfa_last_stock=None;synced=2026-07-28T09:44:58.678643+00:00;SEMANTICS=UNPROVEN,HIGH,YES
1913,2862-102,2862-102,INSIZE | اینسایز,INSIZE,STILL_ONLY_AVAILABILITY,insize.distributor.11shahrivar.65a92337,65a9233762d5ff23148c06843c11c54db45a30ba9ee21f51d9a33f554679938a,,UNKNOWN,,EXACT_MANUFACTURER_SKU,,NO,نا موجود,UNAVAILABLE,NO,NO,NO,UNKNOWN_DATE,وضعیت column موجود/نا موجود; SOURCE_YEAR_UNPROVEN (Wave1A.1+WaveA),hesabfa_last_stock=None;synced=2026-07-28T09:44:57.032889+00:00;SEMANTICS=UNPROVEN,HIGH,YES
1915,3101-225,3101-225,INSIZE | اینسایز,INSIZE,STILL_ONLY_AVAILABILITY,insize.distributor.11shahrivar.65a92337,65a9233762d5ff23148c06843c11c54db45a30ba9ee21f51d9a33f554679938a,,UNKNOWN,,REGISTERED_INSIZE_TRAILING_A,SKU->3101-225A,NO,نا موجود,UNAVAILABLE,NO,NO,NO,UNKNOWN_DATE,وضعیت column موجود/نا موجود; SOURCE_YEAR_UNPROVEN (Wave1A.1+WaveA),hesabfa_last_stock=None;synced=2026-07-28T09:44:54.560942+00:00;SEMANTICS=UNPROVEN,HIGH,YES
1917,3101-275,3101-275,INSIZE | اینسایز,INSIZE,STILL_ONLY_AVAILABILITY,insize.distributor.11shahrivar.65a92337,65a9233762d5ff23148c06843c11c54db45a30ba9ee21f51d9a33f554679938a,,UNKNOWN,,REGISTERED_INSIZE_TRAILING_A,SKU->3101-275A,NO,نا موجود,UNAVAILABLE,NO,NO,NO,UNKNOWN_DATE,وضعیت column موجود/نا موجود; SOURCE_YEAR_UNPROVEN (Wave1A.1+WaveA),hesabfa_last_stock=None;synced=2026-07-28T09:44:52.273716+00:00;SEMANTICS=UNPROVEN,HIGH,YES
1918,3101-300,3101-300,INSIZE | اینسایز,INSIZE,STILL_ONLY_AVAILABILITY,insize.distributor.11shahrivar.65a92337,65a9233762d5ff23148c06843c11c54db45a30ba9ee21f51d9a33f554679938a,,UNKNOWN,,REGISTERED_INSIZE_TRAILING_A,SKU->3101-300A,NO,نا موجود,UNAVAILABLE,NO,NO,NO,UNKNOWN_DATE,وضعیت column موجود/نا موجود; SOURCE_YEAR_UNPROVEN (Wave1A.1+WaveA),hesabfa_last_stock=None;synced=2026-07-28T09:44:51.187356+00:00;SEMANTICS=UNPROVEN,HIGH,YES
1919,3108-100,3108-100,INSIZE | اینسایز,INSIZE,STILL_ONLY_AVAILABILITY,insize.distributor.11shahrivar.65a92337,65a9233762d5ff23148c06843c11c54db45a30ba9ee21f51d9a33f554679938a,,UNKNOWN,,REGISTERED_INSIZE_TRAILING_A,SKU->3108-100A,NO,نا موجود,UNAVAILABLE,NO,NO,NO,UNKNOWN_DATE,وضعیت column موجود/نا موجود; SOURCE_YEAR_UNPROVEN (Wave1A.1+WaveA),hesabfa_last_stock=None;synced=2026-07-28T09:44:49.990382+00:00;SEMANTICS=UNPROVEN,HIGH,YES
1920,3109-100,3109-100,INSIZE | اینسایز,INSIZE,STILL_ONLY_AVAILABILITY,insize.distributor.11shahrivar.65a92337,65a9233762d5ff23148c06843c11c54db45a30ba9ee21f51d9a33f554679938a,,UNKNOWN,,REGISTERED_INSIZE_TRAILING_A,SKU->3109-100A,NO,نا موجود,UNAVAILABLE,NO,NO,NO,UNKNOWN_DATE,وضعیت column موجود/نا موجود; SOURCE_YEAR_UNPROVEN (Wave1A.1+WaveA),hesabfa_last_stock=0.0;synced=2026-07-28T09:44:49.005422+00:00;SEMANTICS=UNPROVEN,HIGH,YES
1927,3109-275,3109-275,INSIZE | اینسایز,INSIZE,STILL_ONLY_AVAILABILITY,insize.distributor.11shahrivar.65a92337,65a9233762d5ff23148c06843c11c54db45a30ba9ee21f51d9a33f554679938a,,UNKNOWN,,REGISTERED_INSIZE_TRAILING_A,SKU->3109-275A,NO,نا موجود,UNAVAILABLE,NO,NO,NO,UNKNOWN_DATE,وضعیت column موجود/نا موجود; SOURCE_YEAR_UNPROVEN (Wave1A.1+WaveA),hesabfa_last_stock=None;synced=2026-07-28T09:44:42.080205+00:00;SEMANTICS=UNPROVEN,HIGH,YES
1929,3127-100,3127-100,INSIZE | اینسایز,INSIZE,STILL_ONLY_AVAILABILITY,insize.distributor.11shahrivar.65a92337,65a9233762d5ff23148c06843c11c54db45a30ba9ee21f51d9a33f554679938a,,UNKNOWN,,EXACT_MANUFACTURER_SKU,,NO,نا موجود,UNAVAILABLE,NO,NO,NO,UNKNOWN_DATE,وضعیت column موجود/نا موجود; SOURCE_YEAR_UNPROVEN (Wave1A.1+WaveA),hesabfa_last_stock=None;synced=2026-07-28T09:44:41.029712+00:00;SEMANTICS=UNPROVEN,HIGH,YES
1930,3127-123,3127-123,INSIZE | اینسایز,INSIZE,STILL_ONLY_AVAILABILITY,insize.distributor.11shahrivar.65a92337,65a9233762d5ff23148c06843c11c54db45a30ba9ee21f51d9a33f554679938a,,UNKNOWN,,EXACT_MANUFACTURER_SKU,,NO,نا موجود,UNAVAILABLE,NO,NO,NO,UNKNOWN_DATE,وضعیت column موجود/نا موجود; SOURCE_YEAR_UNPROVEN (Wave1A.1+WaveA),hesabfa_last_stock=None;synced=2026-07-28T09:44:39.855673+00:00;SEMANTICS=UNPROVEN,HIGH,YES
1931,3127-125,3127-125,INSIZE | اینسایز,INSIZE,STILL_ONLY_AVAILABILITY,insize.distributor.11shahrivar.65a92337,65a9233762d5ff23148c06843c11c54db45a30ba9ee21f51d9a33f554679938a,,UNKNOWN,,EXACT_MANUFACTURER_SKU,,NO,نا موجود,UNAVAILABLE,NO,NO,NO,UNKNOWN_DATE,وضعیت column موجود/نا موجود; SOURCE_YEAR_UNPROVEN (Wave1A.1+WaveA),hesabfa_last_stock=None;synced=2026-07-28T09:44:38.666879+00:00;SEMANTICS=UNPROVEN,HIGH,YES
1932,3127-150,3127-150,INSIZE | اینسایز,INSIZE,STILL_ONLY_AVAILABILITY,insize.distributor.11shahrivar.65a92337,65a9233762d5ff23148c06843c11c54db45a30ba9ee21f51d9a33f554679938a,,UNKNOWN,,EXACT_MANUFACTURER_SKU,,NO,نا موجود,UNAVAILABLE,NO,NO,NO,UNKNOWN_DATE,وضعیت column موجود/نا موجود; SOURCE_YEAR_UNPROVEN (Wave1A.1+WaveA),hesabfa_last_stock=None;synced=2026-07-28T09:44:37.308017+00:00;SEMANTICS=UNPROVEN,HIGH,YES
1933,3127-175,3127-175,INSIZE | اینسایز,INSIZE,STILL_ONLY_AVAILABILITY,insize.distributor.11shahrivar.65a92337,65a9233762d5ff23148c06843c11c54db45a30ba9ee21f51d9a33f554679938a,,UNKNOWN,,EXACT_MANUFACTURER_SKU,,NO,نا موجود,UNAVAILABLE,NO,NO,NO,UNKNOWN_DATE,وضعیت column موجود/نا موجود; SOURCE_YEAR_UNPROVEN (Wave1A.1+WaveA),hesabfa_last_stock=None;synced=2026-07-28T09:44:36.106415+00:00;SEMANTICS=UNPROVEN,HIGH,YES
1934,3127-200,3127-200,INSIZE | اینسایز,INSIZE,STILL_ONLY_AVAILABILITY,insize.distributor.11shahrivar.65a92337,65a9233762d5ff23148c06843c11c54db45a30ba9ee21f51d9a33f554679938a,,UNKNOWN,,EXACT_MANUFACTURER_SKU,,NO,نا موجود,UNAVAILABLE,NO,NO,NO,UNKNOWN_DATE,وضعیت column موجود/نا موجود; SOURCE_YEAR_UNPROVEN (Wave1A.1+WaveA),hesabfa_last_stock=None;synced=2026-07-28T09:44:34.920558+00:00;SEMANTICS=UNPROVEN,HIGH,YES
1935,3127-202,3127-202,INSIZE | اینسایز,INSIZE,STILL_ONLY_AVAILABILITY,insize.distributor.11shahrivar.65a92337,65a9233762d5ff23148c06843c11c54db45a30ba9ee21f51d9a33f554679938a,,UNKNOWN,,EXACT_MANUFACTURER_SKU,,NO,نا موجود,UNAVAILABLE,NO,NO,NO,UNKNOWN_DATE,وضعیت column موجود/نا موجود; SOURCE_YEAR_UNPROVEN (Wave1A.1+WaveA),hesabfa_last_stock=None;synced=2026-07-28T09:44:33.867180+00:00;SEMANTICS=UNPROVEN,HIGH,YES
1936,3127-225,3127-225,INSIZE | اینسایز,INSIZE,STILL_ONLY_AVAILABILITY,insize.distributor.11shahrivar.65a92337,65a9233762d5ff23148c06843c11c54db45a30ba9ee21f51d9a33f554679938a,,UNKNOWN,,EXACT_MANUFACTURER_SKU,,NO,نا موجود,UNAVAILABLE,NO,NO,NO,UNKNOWN_DATE,وضعیت column موجود/نا موجود; SOURCE_YEAR_UNPROVEN (Wave1A.1+WaveA),hesabfa_last_stock=None;synced=2026-07-28T09:44:32.889750+00:00;SEMANTICS=UNPROVEN,HIGH,YES
1937,3127-250,3127-250,INSIZE | اینسایز,INSIZE,STILL_ONLY_AVAILABILITY,insize.distributor.11shahrivar.65a92337,65a9233762d5ff23148c06843c11c54db45a30ba9ee21f51d9a33f554679938a,,UNKNOWN,,EXACT_MANUFACTURER_SKU,,NO,نا موجود,UNAVAILABLE,NO,NO,NO,UNKNOWN_DATE,وضعیت column موجود/نا موجود; SOURCE_YEAR_UNPROVEN (Wave1A.1+WaveA),hesabfa_last_stock=None;synced=2026-07-28T09:44:31.910932+00:00;SEMANTICS=UNPROVEN,HIGH,YES
1938,3127-275,3127-275,INSIZE | اینسایز,INSIZE,STILL_ONLY_AVAILABILITY,insize.distributor.11shahrivar.65a92337,65a9233762d5ff23148c06843c11c54db45a30ba9ee21f51d9a33f554679938a,,UNKNOWN,,EXACT_MANUFACTURER_SKU,,NO,نا موجود,UNAVAILABLE,NO,NO,NO,UNKNOWN_DATE,وضعیت column موجود/نا موجود; SOURCE_YEAR_UNPROVEN (Wave1A.1+WaveA),hesabfa_last_stock=None;synced=2026-07-28T09:44:30.882884+00:00;SEMANTICS=UNPROVEN,HIGH,YES
1939,3127-300,3127-300,INSIZE | اینسایز,INSIZE,STILL_ONLY_AVAILABILITY,insize.distributor.11shahrivar.65a92337,65a9233762d5ff23148c06843c11c54db45a30ba9ee21f51d9a33f554679938a,,UNKNOWN,,EXACT_MANUFACTURER_SKU,,NO,نا موجود,UNAVAILABLE,NO,NO,NO,UNKNOWN_DATE,وضعیت column موجود/نا موجود; SOURCE_YEAR_UNPROVEN (Wave1A.1+WaveA),hesabfa_last_stock=None;synced=2026-07-28T09:44:29.806173+00:00;SEMANTICS=UNPROVEN,HIGH,YES
1940,3127-504,3127-504,INSIZE | اینسایز,INSIZE,STILL_ONLY_AVAILABILITY,insize.distributor.11shahrivar.65a92337,65a9233762d5ff23148c06843c11c54db45a30ba9ee21f51d9a33f554679938a,,UNKNOWN,,EXACT_MANUFACTURER_SKU,,NO,نا موجود,UNAVAILABLE,NO,NO,NO,UNKNOWN_DATE,وضعیت column موجود/نا موجود; SOURCE_YEAR_UNPROVEN (Wave1A.1+WaveA),hesabfa_last_stock=None;synced=2026-07-28T09:44:28.836652+00:00;SEMANTICS=UNPROVEN,HIGH,YES
1953,3205-1000,3205-1000,INSIZE | اینسایز,INSIZE,STILL_ONLY_AVAILABILITY,insize.distributor.11shahrivar.65a92337,65a9233762d5ff23148c06843c11c54db45a30ba9ee21f51d9a33f554679938a,,UNKNOWN,,EXACT_MANUFACTURER_SKU,,NO,نا موجود,UNAVAILABLE,NO,NO,NO,UNKNOWN_DATE,وضعیت column موجود/نا موجود; SOURCE_YEAR_UNPROVEN (Wave1A.1+WaveA),hesabfa_last_stock=None;synced=2026-07-28T09:44:13.408391+00:00;SEMANTICS=UNPROVEN,HIGH,YES
1954,3205-1200,3205-1200,INSIZE | اینسایز,INSIZE,STILL_ONLY_AVAILABILITY,insize.distributor.11shahrivar.65a92337,65a9233762d5ff23148c06843c11c54db45a30ba9ee21f51d9a33f554679938a,,UNKNOWN,,EXACT_MANUFACTURER_SKU,,NO,نا موجود,UNAVAILABLE,NO,NO,NO,UNKNOWN_DATE,وضعیت column موجود/نا موجود; SOURCE_YEAR_UNPROVEN (Wave1A.1+WaveA),hesabfa_last_stock=None;synced=2026-07-28T09:44:12.235471+00:00;SEMANTICS=UNPROVEN,HIGH,YES
1955,3205-1400,3205-1400,INSIZE | اینسایز,INSIZE,STILL_ONLY_AVAILABILITY,insize.distributor.11shahrivar.65a92337,65a9233762d5ff23148c06843c11c54db45a30ba9ee21f51d9a33f554679938a,,UNKNOWN,,EXACT_MANUFACTURER_SKU,,NO,نا موجود,UNAVAILABLE,NO,NO,NO,UNKNOWN_DATE,وضعیت column موجود/نا موجود; SOURCE_YEAR_UNPROVEN (Wave1A.1+WaveA),hesabfa_last_stock=None;synced=2026-07-28T09:44:10.937032+00:00;SEMANTICS=UNPROVEN,HIGH,YES
1956,3205-1600,3205-1600,INSIZE | اینسایز,INSIZE,STILL_ONLY_AVAILABILITY,insize.distributor.11shahrivar.65a92337,65a9233762d5ff23148c06843c11c54db45a30ba9ee21f51d9a33f554679938a,,UNKNOWN,,EXACT_MANUFACTURER_SKU,,NO,نا موجود,UNAVAILABLE,NO,NO,NO,UNKNOWN_DATE,وضعیت column موجود/نا موجود; SOURCE_YEAR_UNPROVEN (Wave1A.1+WaveA),hesabfa_last_stock=None;synced=2026-07-28T09:44:09.923283+00:00;SEMANTICS=UNPROVEN,HIGH,YES
1957,3205-1800,3205-1800,INSIZE | اینسایز,INSIZE,STILL_ONLY_AVAILABILITY,insize.distributor.11shahrivar.65a92337,65a9233762d5ff23148c06843c11c54db45a30ba9ee21f51d9a33f554679938a,,UNKNOWN,,EXACT_MANUFACTURER_SKU,,NO,نا موجود,UNAVAILABLE,NO,NO,NO,UNKNOWN_DATE,وضعیت column موجود/نا موجود; SOURCE_YEAR_UNPROVEN (Wave1A.1+WaveA),hesabfa_last_stock=None;synced=2026-07-28T09:44:08.857143+00:00;SEMANTICS=UNPROVEN,HIGH,YES
1959,3205-500,3205-500,INSIZE | اینسایز,INSIZE,STILL_ONLY_AVAILABILITY,insize.distributor.11shahrivar.65a92337,65a9233762d5ff23148c06843c11c54db45a30ba9ee21f51d9a33f554679938a,,UNKNOWN,,EXACT_MANUFACTURER_SKU,,NO,نا موجود,UNAVAILABLE,NO,NO,NO,UNKNOWN_DATE,وضعیت column موجود/نا موجود; SOURCE_YEAR_UNPROVEN (Wave1A.1+WaveA),hesabfa_last_stock=None;synced=2026-07-28T09:44:06.802220+00:00;SEMANTICS=UNPROVEN,HIGH,YES
1960,3205-600,3205-600,INSIZE | اینسایز,INSIZE,STILL_ONLY_AVAILABILITY,insize.distributor.11shahrivar.65a92337,65a9233762d5ff23148c06843c11c54db45a30ba9ee21f51d9a33f554679938a,,UNKNOWN,,EXACT_MANUFACTURER_SKU,,NO,نا موجود,UNAVAILABLE,NO,NO,NO,UNKNOWN_DATE,وضعیت column موجود/نا موجود; SOURCE_YEAR_UNPROVEN (Wave1A.1+WaveA),hesabfa_last_stock=None;synced=2026-07-28T09:44:05.752933+00:00;SEMANTICS=UNPROVEN,HIGH,YES
1961,3205-700,3205-700,INSIZE | اینسایز,INSIZE,STILL_ONLY_AVAILABILITY,insize.distributor.11shahrivar.65a92337,65a9233762d5ff23148c06843c11c54db45a30ba9ee21f51d9a33f554679938a,,UNKNOWN,,EXACT_MANUFACTURER_SKU,,NO,نا موجود,UNAVAILABLE,NO,NO,NO,UNKNOWN_DATE,وضعیت column موجود/نا موجود; SOURCE_YEAR_UNPROVEN (Wave1A.1+WaveA),hesabfa_last_stock=None;synced=2026-07-28T09:44:04.238133+00:00;SEMANTICS=UNPROVEN,HIGH,YES
1962,3205-800,3205-800,INSIZE | اینسایز,INSIZE,STILL_ONLY_AVAILABILITY,insize.distributor.11shahrivar.65a92337,65a9233762d5ff23148c06843c11c54db45a30ba9ee21f51d9a33f554679938a,,UNKNOWN,,EXACT_MANUFACTURER_SKU,,NO,نا موجود,UNAVAILABLE,NO,NO,NO,UNKNOWN_DATE,وضعیت column موجود/نا موجود; SOURCE_YEAR_UNPROVEN (Wave1A.1+WaveA),hesabfa_last_stock=None;synced=2026-07-28T09:44:03.129249+00:00;SEMANTICS=UNPROVEN,HIGH,YES
1963,3205-900,3205-900,INSIZE | اینسایز,INSIZE,STILL_ONLY_AVAILABILITY,insize.distributor.11shahrivar.65a92337,65a9233762d5ff23148c06843c11c54db45a30ba9ee21f51d9a33f554679938a,,UNKNOWN,,EXACT_MANUFACTURER_SKU,,NO,نا موجود,UNAVAILABLE,NO,NO,NO,UNKNOWN_DATE,وضعیت column موجود/نا موجود; SOURCE_YEAR_UNPROVEN (Wave1A.1+WaveA),hesabfa_last_stock=None;synced=2026-07-28T09:44:02.066854+00:00;SEMANTICS=UNPROVEN,HIGH,YES
1964,3206-150,,INSIZE | اینسایز,INSIZE,STILL_ONLY_AVAILABILITY,insize.distributor.11shahrivar.65a92337,65a9233762d5ff23148c06843c11c54db45a30ba9ee21f51d9a33f554679938a,,UNKNOWN,,REGISTERED_INSIZE_TRAILING_A,SKU->3206-150A,NO,نا موجود,UNAVAILABLE,NO,NO,NO,UNKNOWN_DATE,وضعیت column موجود/نا موجود; SOURCE_YEAR_UNPROVEN (Wave1A.1+WaveA),hesabfa_last_stock=None;synced=2026-07-28T09:44:00.915852+00:00;SEMANTICS=UNPROVEN,HIGH,YES
1968,3210-100,3210-100,INSIZE | اینسایز,INSIZE,STILL_ONLY_AVAILABILITY,insize.distributor.11shahrivar.65a92337,65a9233762d5ff23148c06843c11c54db45a30ba9ee21f51d9a33f554679938a,,UNKNOWN,,REGISTERED_INSIZE_TRAILING_A,SKU->3210-100A,NO,نا موجود,UNAVAILABLE,NO,NO,NO,UNKNOWN_DATE,وضعیت column موجود/نا موجود; SOURCE_YEAR_UNPROVEN (Wave1A.1+WaveA),hesabfa_last_stock=None;synced=2026-07-28T09:43:56.387901+00:00;SEMANTICS=UNPROVEN,HIGH,YES
1969,3220-100,3220-100,INSIZE | اینسایز,INSIZE,STILL_ONLY_AVAILABILITY,insize.distributor.11shahrivar.65a92337,65a9233762d5ff23148c06843c11c54db45a30ba9ee21f51d9a33f554679938a,,UNKNOWN,,EXACT_MANUFACTURER_SKU,,NO,نا موجود,UNAVAILABLE,NO,NO,NO,UNKNOWN_DATE,وضعیت column موجود/نا موجود; SOURCE_YEAR_UNPROVEN (Wave1A.1+WaveA),hesabfa_last_stock=None;synced=2026-07-28T09:43:55.010128+00:00;SEMANTICS=UNPROVEN,HIGH,YES
1970,3222-300,3222-300,INSIZE | اینسایز,INSIZE,STILL_ONLY_AVAILABILITY,insize.distributor.11shahrivar.65a92337,65a9233762d5ff23148c06843c11c54db45a30ba9ee21f51d9a33f554679938a,,UNKNOWN,,EXACT_MANUFACTURER_SKU,,NO,نا موجود,UNAVAILABLE,NO,NO,NO,UNKNOWN_DATE,وضعیت column موجود/نا موجود; SOURCE_YEAR_UNPROVEN (Wave1A.1+WaveA),hesabfa_last_stock=None;synced=2026-07-28T09:43:53.696408+00:00;SEMANTICS=UNPROVEN,HIGH,YES
1972,3222-600,3222-600,INSIZE | اینسایز,INSIZE,STILL_ONLY_AVAILABILITY,insize.distributor.11shahrivar.65a92337,65a9233762d5ff23148c06843c11c54db45a30ba9ee21f51d9a33f554679938a,,UNKNOWN,,EXACT_MANUFACTURER_SKU,,NO,نا موجود,UNAVAILABLE,NO,NO,NO,UNKNOWN_DATE,وضعیت column موجود/نا موجود; SOURCE_YEAR_UNPROVEN (Wave1A.1+WaveA),hesabfa_last_stock=None;synced=2026-07-28T09:43:50.618038+00:00;SEMANTICS=UNPROVEN,HIGH,YES
1973,3225-2100,3225-2100,INSIZE | اینسایز,INSIZE,STILL_ONLY_AVAILABILITY,insize.distributor.11shahrivar.65a92337,65a9233762d5ff23148c06843c11c54db45a30ba9ee21f51d9a33f554679938a,,UNKNOWN,,EXACT_MANUFACTURER_SKU,,NO,نا موجود,UNAVAILABLE,NO,NO,NO,UNKNOWN_DATE,وضعیت column موجود/نا موجود; SOURCE_YEAR_UNPROVEN (Wave1A.1+WaveA),hesabfa_last_stock=None;synced=2026-07-28T09:43:49.469839+00:00;SEMANTICS=UNPROVEN,HIGH,YES
1974,3227-100,3227-100,INSIZE | اینسایز,INSIZE,STILL_ONLY_AVAILABILITY,insize.distributor.11shahrivar.65a92337,65a9233762d5ff23148c06843c11c54db45a30ba9ee21f51d9a33f554679938a,,UNKNOWN,,EXACT_MANUFACTURER_SKU,,NO,نا موجود,UNAVAILABLE,NO,NO,NO,UNKNOWN_DATE,وضعیت column موجود/نا موجود; SOURCE_YEAR_UNPROVEN (Wave1A.1+WaveA),hesabfa_last_stock=None;synced=2026-07-28T09:43:48.206235+00:00;SEMANTICS=UNPROVEN,HIGH,YES
1975,3227-123,3227-123,INSIZE | اینسایز,INSIZE,STILL_ONLY_AVAILABILITY,insize.distributor.11shahrivar.65a92337,65a9233762d5ff23148c06843c11c54db45a30ba9ee21f51d9a33f554679938a,,UNKNOWN,,EXACT_MANUFACTURER_SKU,,NO,نا موجود,UNAVAILABLE,NO,NO,NO,UNKNOWN_DATE,وضعیت column موجود/نا موجود; SOURCE_YEAR_UNPROVEN (Wave1A.1+WaveA),hesabfa_last_stock=None;synced=2026-07-28T09:43:47.222145+00:00;SEMANTICS=UNPROVEN,HIGH,YES
1976,3227-125,,INSIZE | اینسایز,INSIZE,STILL_ONLY_AVAILABILITY,insize.distributor.11shahrivar.65a92337,65a9233762d5ff23148c06843c11c54db45a30ba9ee21f51d9a33f554679938a,,UNKNOWN,,EXACT_SKU,,NO,نا موجود,UNAVAILABLE,NO,NO,NO,UNKNOWN_DATE,وضعیت column موجود/نا موجود; SOURCE_YEAR_UNPROVEN (Wave1A.1+WaveA),hesabfa_last_stock=None;synced=2026-07-28T09:43:46.248519+00:00;SEMANTICS=UNPROVEN,HIGH,YES
1977,3227-150,3227-150,INSIZE | اینسایز,INSIZE,STILL_ONLY_AVAILABILITY,insize.distributor.11shahrivar.65a92337,65a9233762d5ff23148c06843c11c54db45a30ba9ee21f51d9a33f554679938a,,UNKNOWN,,EXACT_MANUFACTURER_SKU,,NO,نا موجود,UNAVAILABLE,NO,NO,NO,UNKNOWN_DATE,وضعیت column موجود/نا موجود; SOURCE_YEAR_UNPROVEN (Wave1A.1+WaveA),hesabfa_last_stock=None;synced=2026-07-28T09:43:45.230675+00:00;SEMANTICS=UNPROVEN,HIGH,YES
1978,3227-175,3227-175,INSIZE | اینسایز,INSIZE,STILL_ONLY_AVAILABILITY,insize.distributor.11shahrivar.65a92337,65a9233762d5ff23148c06843c11c54db45a30ba9ee21f51d9a33f554679938a,,UNKNOWN,,EXACT_MANUFACTURER_SKU,,NO,نا موجود,UNAVAILABLE,NO,NO,NO,UNKNOWN_DATE,وضعیت column موجود/نا موجود; SOURCE_YEAR_UNPROVEN (Wave1A.1+WaveA),hesabfa_last_stock=None;synced=2026-07-28T09:43:44.220194+00:00;SEMANTICS=UNPROVEN,HIGH,YES
1979,3227-200,3227-200,INSIZE | اینسایز,INSIZE,STILL_ONLY_AVAILABILITY,insize.distributor.11shahrivar.65a92337,65a9233762d5ff23148c06843c11c54db45a30ba9ee21f51d9a33f554679938a,,UNKNOWN,,EXACT_MANUFACTURER_SKU,,NO,نا موجود,UNAVAILABLE,NO,NO,NO,UNKNOWN_DATE,وضعیت column موجود/نا موجود; SOURCE_YEAR_UNPROVEN (Wave1A.1+WaveA),hesabfa_last_stock=None;synced=2026-07-28T09:43:43.174373+00:00;SEMANTICS=UNPROVEN,HIGH,YES
1980,3227-202,3227-202,INSIZE | اینسایز,INSIZE,STILL_ONLY_AVAILABILITY,insize.distributor.11shahrivar.65a92337,65a9233762d5ff23148c06843c11c54db45a30ba9ee21f51d9a33f554679938a,,UNKNOWN,,EXACT_MANUFACTURER_SKU,,NO,نا موجود,UNAVAILABLE,NO,NO,NO,UNKNOWN_DATE,وضعیت column موجود/نا موجود; SOURCE_YEAR_UNPROVEN (Wave1A.1+WaveA),hesabfa_last_stock=None;synced=2026-07-28T09:43:42.089588+00:00;SEMANTICS=UNPROVEN,HIGH,YES
1981,3227-504,3227-504,INSIZE | اینسایز,INSIZE,STILL_ONLY_AVAILABILITY,insize.distributor.11shahrivar.65a92337,65a9233762d5ff23148c06843c11c54db45a30ba9ee21f51d9a33f554679938a,,UNKNOWN,,EXACT_MANUFACTURER_SKU,,NO,نا موجود,UNAVAILABLE,NO,NO,NO,UNKNOWN_DATE,وضعیت column موجود/نا موجود; SOURCE_YEAR_UNPROVEN (Wave1A.1+WaveA),hesabfa_last_stock=None;synced=2026-07-28T09:43:41.003567+00:00;SEMANTICS=UNPROVEN,HIGH,YES
1982,3232-100,3232-100,INSIZE | اینسایز,INSIZE,STILL_ONLY_AVAILABILITY,insize.distributor.11shahrivar.65a92337,65a9233762d5ff23148c06843c11c54db45a30ba9ee21f51d9a33f554679938a,,UNKNOWN,,REGISTERED_INSIZE_TRAILING_A,SKU->3232-100A,NO,نا موجود,UNAVAILABLE,NO,NO,NO,UNKNOWN_DATE,وضعیت column موجود/نا موجود; SOURCE_YEAR_UNPROVEN (Wave1A.1+WaveA),hesabfa_last_stock=None;synced=2026-07-28T09:43:39.977746+00:00;SEMANTICS=UNPROVEN,HIGH,YES
1983,3240-100,3240-100,INSIZE | اینسایز,INSIZE,STILL_ONLY_AVAILABILITY,insize.distributor.11shahrivar.65a92337,65a9233762d5ff23148c06843c11c54db45a30ba9ee21f51d9a33f554679938a,,UNKNOWN,,EXACT_MANUFACTURER_SKU,,NO,نا موجود,UNAVAILABLE,NO,NO,NO,UNKNOWN_DATE,وضعیت column موجود/نا موجود; SOURCE_YEAR_UNPROVEN (Wave1A.1+WaveA),hesabfa_last_stock=None;synced=2026-07-28T09:43:38.903329+00:00;SEMANTICS=UNPROVEN,HIGH,YES
1984,3240-150,3240-150,INSIZE | اینسایز,INSIZE,STILL_ONLY_AVAILABILITY,insize.distributor.11shahrivar.65a92337,65a9233762d5ff23148c06843c11c54db45a30ba9ee21f51d9a33f554679938a,,UNKNOWN,,EXACT_MANUFACTURER_SKU,,NO,نا موجود,UNAVAILABLE,NO,NO,NO,UNKNOWN_DATE,وضعیت column موجود/نا موجود; SOURCE_YEAR_UNPROVEN (Wave1A.1+WaveA),hesabfa_last_stock=None;synced=2026-07-28T09:43:37.908694+00:00;SEMANTICS=UNPROVEN,HIGH,YES
1985,3240-300,3240-300,INSIZE | اینسایز,INSIZE,STILL_ONLY_AVAILABILITY,insize.distributor.11shahrivar.65a92337,65a9233762d5ff23148c06843c11c54db45a30ba9ee21f51d9a33f554679938a,,UNKNOWN,,EXACT_MANUFACTURER_SKU,,NO,نا موجود,UNAVAILABLE,NO,NO,NO,UNKNOWN_DATE,وضعیت column موجود/نا موجود; SOURCE_YEAR_UNPROVEN (Wave1A.1+WaveA),hesabfa_last_stock=None;synced=2026-07-28T09:43:36.691671+00:00;SEMANTICS=UNPROVEN,HIGH,YES
1986,3282-100,3282-100,INSIZE | اینسایز,INSIZE,STILL_ONLY_AVAILABILITY,insize.distributor.11shahrivar.65a92337,65a9233762d5ff23148c06843c11c54db45a30ba9ee21f51d9a33f554679938a,,UNKNOWN,,EXACT_MANUFACTURER_SKU,,NO,نا موجود,UNAVAILABLE,NO,NO,NO,UNKNOWN_DATE,وضعیت column موجود/نا موجود; SOURCE_YEAR_UNPROVEN (Wave1A.1+WaveA),hesabfa_last_stock=None;synced=2026-07-28T09:43:35.425489+00:00;SEMANTICS=UNPROVEN,HIGH,YES
1987,3290-153,3290-153,INSIZE | اینسایز,INSIZE,STILL_ONLY_AVAILABILITY,insize.distributor.11shahrivar.65a92337,65a9233762d5ff23148c06843c11c54db45a30ba9ee21f51d9a33f554679938a,,UNKNOWN,,REGISTERED_INSIZE_TRAILING_A,SKU->3290-153A,NO,نا موجود,UNAVAILABLE,NO,NO,NO,UNKNOWN_DATE,وضعیت column موجود/نا موجود; SOURCE_YEAR_UNPROVEN (Wave1A.1+WaveA),hesabfa_last_stock=None;synced=2026-07-28T09:43:33.618093+00:00;SEMANTICS=UNPROVEN,HIGH,YES
1990,3293-131,3293-131,INSIZE | اینسایز,INSIZE,STILL_ONLY_AVAILABILITY,insize.distributor.11shahrivar.65a92337,65a9233762d5ff23148c06843c11c54db45a30ba9ee21f51d9a33f554679938a,,UNKNOWN,,EXACT_MANUFACTURER_SKU,,NO,نا موجود,UNAVAILABLE,NO,NO,NO,UNKNOWN_DATE,وضعیت column موجود/نا موجود; SOURCE_YEAR_UNPROVEN (Wave1A.1+WaveA),hesabfa_last_stock=None;synced=2026-07-28T09:43:30.176121+00:00;SEMANTICS=UNPROVEN,HIGH,YES
1991,3506-150,3506-150,INSIZE | اینسایز,INSIZE,STILL_ONLY_AVAILABILITY,insize.distributor.11shahrivar.65a92337,65a9233762d5ff23148c06843c11c54db45a30ba9ee21f51d9a33f554679938a,,UNKNOWN,,REGISTERED_INSIZE_TRAILING_A,SKU->3506-150A,NO,نا موجود,UNAVAILABLE,NO,NO,NO,UNKNOWN_DATE,وضعیت column موجود/نا موجود; SOURCE_YEAR_UNPROVEN (Wave1A.1+WaveA),hesabfa_last_stock=None;synced=2026-07-28T09:43:29.184385+00:00;SEMANTICS=UNPROVEN,HIGH,YES
1996,3520-100,3520-100,INSIZE | اینسایز,INSIZE,STILL_ONLY_AVAILABILITY,insize.distributor.11shahrivar.65a92337,65a9233762d5ff23148c06843c11c54db45a30ba9ee21f51d9a33f554679938a,,UNKNOWN,,EXACT_MANUFACTURER_SKU,,NO,نا موجود,UNAVAILABLE,NO,NO,NO,UNKNOWN_DATE,وضعیت column موجود/نا موجود; SOURCE_YEAR_UNPROVEN (Wave1A.1+WaveA),hesabfa_last_stock=None;synced=2026-07-28T09:43:23.984457+00:00;SEMANTICS=UNPROVEN,HIGH,YES
1997,3521-2000,3521-2000,INSIZE | اینسایز,INSIZE,STILL_ONLY_AVAILABILITY,insize.distributor.11shahrivar.65a92337,65a9233762d5ff23148c06843c11c54db45a30ba9ee21f51d9a33f554679938a,,UNKNOWN,,EXACT_MANUFACTURER_SKU,,NO,نا موجود,UNAVAILABLE,NO,NO,NO,UNKNOWN_DATE,وضعیت column موجود/نا موجود; SOURCE_YEAR_UNPROVEN (Wave1A.1+WaveA),hesabfa_last_stock=None;synced=2026-07-28T09:43:22.946151+00:00;SEMANTICS=UNPROVEN,HIGH,YES
1998,3540-150,3540-150,INSIZE | اینسایز,INSIZE,STILL_ONLY_AVAILABILITY,insize.distributor.11shahrivar.65a92337,65a9233762d5ff23148c06843c11c54db45a30ba9ee21f51d9a33f554679938a,,UNKNOWN,,EXACT_MANUFACTURER_SKU,,NO,نا موجود,UNAVAILABLE,NO,NO,NO,UNKNOWN_DATE,وضعیت column موجود/نا موجود; SOURCE_YEAR_UNPROVEN (Wave1A.1+WaveA),hesabfa_last_stock=None;synced=2026-07-28T09:43:21.821059+00:00;SEMANTICS=UNPROVEN,HIGH,YES
1999,3540-300,3540-300,INSIZE | اینسایز,INSIZE,STILL_ONLY_AVAILABILITY,insize.distributor.11shahrivar.65a92337,65a9233762d5ff23148c06843c11c54db45a30ba9ee21f51d9a33f554679938a,,UNKNOWN,,EXACT_MANUFACTURER_SKU,,NO,نا موجود,UNAVAILABLE,NO,NO,NO,UNKNOWN_DATE,وضعیت column موجود/نا موجود; SOURCE_YEAR_UNPROVEN (Wave1A.1+WaveA),hesabfa_last_stock=None;synced=2026-07-28T09:43:20.774522+00:00;SEMANTICS=UNPROVEN,HIGH,YES
2001,4100-187,4100-187,INSIZE | اینسایز,INSIZE,STILL_ONLY_AVAILABILITY,insize.distributor.11shahrivar.65a92337,65a9233762d5ff23148c06843c11c54db45a30ba9ee21f51d9a33f554679938a,,UNKNOWN,,EXACT_MANUFACTURER_SKU,,NO,نا موجود,UNAVAILABLE,NO,NO,NO,UNKNOWN_DATE,وضعیت column موجود/نا موجود; SOURCE_YEAR_UNPROVEN (Wave1A.1+WaveA),hesabfa_last_stock=None;synced=2026-07-28T09:43:18.756357+00:00;SEMANTICS=UNPROVEN,HIGH,YES
2002,4100-232,4100-232,INSIZE | اینسایز,INSIZE,STILL_ONLY_AVAILABILITY,insize.distributor.11shahrivar.65a92337,65a9233762d5ff23148c06843c11c54db45a30ba9ee21f51d9a33f554679938a,,UNKNOWN,,EXACT_MANUFACTURER_SKU,,NO,نا موجود,UNAVAILABLE,NO,NO,NO,UNKNOWN_DATE,وضعیت column موجود/نا موجود; SOURCE_YEAR_UNPROVEN (Wave1A.1+WaveA),hesabfa_last_stock=None;synced=2026-07-28T09:43:17.703418+00:00;SEMANTICS=UNPROVEN,HIGH,YES
2003,4100-247,4100-247,INSIZE | اینسایز,INSIZE,STILL_ONLY_AVAILABILITY,insize.distributor.11shahrivar.65a92337,65a9233762d5ff23148c06843c11c54db45a30ba9ee21f51d9a33f554679938a,,UNKNOWN,,EXACT_MANUFACTURER_SKU,,NO,نا موجود,UNAVAILABLE,NO,NO,NO,UNKNOWN_DATE,وضعیت column موجود/نا موجود; SOURCE_YEAR_UNPROVEN (Wave1A.1+WaveA),hesabfa_last_stock=0.0;synced=2026-07-28T09:43:16.610662+00:00;SEMANTICS=UNPROVEN,HIGH,YES
2004,4100-287,,INSIZE | اینسایز,INSIZE,STILL_ONLY_AVAILABILITY,insize.distributor.11shahrivar.65a92337,65a9233762d5ff23148c06843c11c54db45a30ba9ee21f51d9a33f554679938a,,UNKNOWN,,EXACT_SKU,,NO,نا موجود,UNAVAILABLE,NO,NO,NO,UNKNOWN_DATE,وضعیت column موجود/نا موجود; SOURCE_YEAR_UNPROVEN (Wave1A.1+WaveA),hesabfa_last_stock=None;synced=2026-07-28T09:43:15.646343+00:00;SEMANTICS=UNPROVEN,HIGH,YES
2005,4141-400,4141-400,INSIZE | اینسایز,INSIZE,STILL_ONLY_AVAILABILITY,insize.distributor.11shahrivar.65a92337,65a9233762d5ff23148c06843c11c54db45a30ba9ee21f51d9a33f554679938a,,UNKNOWN,,EXACT_MANUFACTURER_SKU,,NO,نا موجود,UNAVAILABLE,NO,NO,NO,UNKNOWN_DATE,وضعیت column موجود/نا موجود; SOURCE_YEAR_UNPROVEN (Wave1A.1+WaveA),hesabfa_last_stock=None;synced=2026-07-28T09:43:14.480824+00:00;SEMANTICS=UNPROVEN,HIGH,YES
2010,4166-411,4166-411,INSIZE | اینسایز,INSIZE,STILL_ONLY_AVAILABILITY,insize.distributor.11shahrivar.65a92337,65a9233762d5ff23148c06843c11c54db45a30ba9ee21f51d9a33f554679938a,,UNKNOWN,,EXACT_MANUFACTURER_SKU,,NO,نا موجود,UNAVAILABLE,NO,NO,NO,UNKNOWN_DATE,وضعیت column موجود/نا موجود; SOURCE_YEAR_UNPROVEN (Wave1A.1+WaveA),hesabfa_last_stock=None;synced=2026-07-28T09:43:13.224035+00:00;SEMANTICS=UNPROVEN,HIGH,YES
2011,4166-511,4166-511,INSIZE | اینسایز,INSIZE,STILL_ONLY_AVAILABILITY,insize.distributor.11shahrivar.65a92337,65a9233762d5ff23148c06843c11c54db45a30ba9ee21f51d9a33f554679938a,,UNKNOWN,,EXACT_MANUFACTURER_SKU,,NO,نا موجود,UNAVAILABLE,NO,NO,NO,UNKNOWN_DATE,وضعیت column موجود/نا موجود; SOURCE_YEAR_UNPROVEN (Wave1A.1+WaveA),hesabfa_last_stock=None;synced=2026-07-28T09:43:12.176210+00:00;SEMANTICS=UNPROVEN,HIGH,YES
2012,4166-512,4166-512,INSIZE | اینسایز,INSIZE,STILL_ONLY_AVAILABILITY,insize.distributor.11shahrivar.65a92337,65a9233762d5ff23148c06843c11c54db45a30ba9ee21f51d9a33f554679938a,,UNKNOWN,,EXACT_MANUFACTURER_SKU,,NO,نا موجود,UNAVAILABLE,NO,NO,NO,UNKNOWN_DATE,وضعیت column موجود/نا موجود; SOURCE_YEAR_UNPROVEN (Wave1A.1+WaveA),hesabfa_last_stock=None;synced=2026-07-28T09:43:11.108119+00:00;SEMANTICS=UNPROVEN,HIGH,YES
2013,4166-513,4166-513,INSIZE | اینسایز,INSIZE,STILL_ONLY_AVAILABILITY,insize.distributor.11shahrivar.65a92337,65a9233762d5ff23148c06843c11c54db45a30ba9ee21f51d9a33f554679938a,,UNKNOWN,,EXACT_MANUFACTURER_SKU,,NO,نا موجود,UNAVAILABLE,NO,NO,NO,UNKNOWN_DATE,وضعیت column موجود/نا موجود; SOURCE_YEAR_UNPROVEN (Wave1A.1+WaveA),hesabfa_last_stock=None;synced=2026-07-28T09:43:09.948588+00:00;SEMANTICS=UNPROVEN,HIGH,YES
2015,4605-202,4605-202,INSIZE | اینسایز,INSIZE,STILL_ONLY_AVAILABILITY,insize.distributor.11shahrivar.65a92337,65a9233762d5ff23148c06843c11c54db45a30ba9ee21f51d9a33f554679938a,,UNKNOWN,,EXACT_MANUFACTURER_SKU,,NO,نا موجود,UNAVAILABLE,NO,NO,NO,UNKNOWN_DATE,وضعیت column موجود/نا موجود; SOURCE_YEAR_UNPROVEN (Wave1A.1+WaveA),hesabfa_last_stock=None;synced=2026-07-28T09:43:06.744404+00:00;SEMANTICS=UNPROVEN,HIGH,YES
2017,4700-200,4700-200,INSIZE | اینسایز,INSIZE,STILL_ONLY_AVAILABILITY,insize.distributor.11shahrivar.65a92337,65a9233762d5ff23148c06843c11c54db45a30ba9ee21f51d9a33f554679938a,,UNKNOWN,,EXACT_MANUFACTURER_SKU,,NO,نا موجود,UNAVAILABLE,NO,NO,NO,UNKNOWN_DATE,وضعیت column موجود/نا موجود; SOURCE_YEAR_UNPROVEN (Wave1A.1+WaveA),hesabfa_last_stock=None;synced=2026-07-28T09:43:04.725363+00:00;SEMANTICS=UNPROVEN,HIGH,YES
2018,4707-300,4707-300,INSIZE | اینسایز,INSIZE,STILL_ONLY_AVAILABILITY,insize.distributor.11shahrivar.65a92337,65a9233762d5ff23148c06843c11c54db45a30ba9ee21f51d9a33f554679938a,,UNKNOWN,,EXACT_MANUFACTURER_SKU,,NO,نا موجود,UNAVAILABLE,NO,NO,NO,UNKNOWN_DATE,وضعیت column موجود/نا موجود; SOURCE_YEAR_UNPROVEN (Wave1A.1+WaveA),hesabfa_last_stock=None;synced=2026-07-28T09:43:03.816192+00:00;SEMANTICS=UNPROVEN,HIGH,YES
2019,4707-500,4707-500,INSIZE | اینسایز,INSIZE,STILL_ONLY_AVAILABILITY,insize.distributor.11shahrivar.65a92337,65a9233762d5ff23148c06843c11c54db45a30ba9ee21f51d9a33f554679938a,,UNKNOWN,,EXACT_MANUFACTURER_SKU,,NO,نا موجود,UNAVAILABLE,NO,NO,NO,UNKNOWN_DATE,وضعیت column موجود/نا موجود; SOURCE_YEAR_UNPROVEN (Wave1A.1+WaveA),hesabfa_last_stock=None;synced=2026-07-28T09:43:02.794314+00:00;SEMANTICS=UNPROVEN,HIGH,YES
2020,4745-1150,4745-1150,INSIZE | اینسایز,INSIZE,STILL_ONLY_AVAILABILITY,insize.distributor.11shahrivar.65a92337,65a9233762d5ff23148c06843c11c54db45a30ba9ee21f51d9a33f554679938a,,UNKNOWN,,EXACT_MANUFACTURER_SKU,,NO,نا موجود,UNAVAILABLE,NO,NO,NO,UNKNOWN_DATE,وضعیت column موجود/نا موجود; SOURCE_YEAR_UNPROVEN (Wave1A.1+WaveA),hesabfa_last_stock=None;synced=2026-07-28T09:43:01.581703+00:00;SEMANTICS=UNPROVEN,HIGH,YES
2021,4745-1200,4745-1200,INSIZE | اینسایز,INSIZE,STILL_ONLY_AVAILABILITY,insize.distributor.11shahrivar.65a92337,65a9233762d5ff23148c06843c11c54db45a30ba9ee21f51d9a33f554679938a,,UNKNOWN,,EXACT_MANUFACTURER_SKU,,NO,نا موجود,UNAVAILABLE,NO,NO,NO,UNKNOWN_DATE,وضعیت column موجود/نا موجود; SOURCE_YEAR_UNPROVEN (Wave1A.1+WaveA),hesabfa_last_stock=None;synced=2026-07-28T09:43:00.593408+00:00;SEMANTICS=UNPROVEN,HIGH,YES
2022,4796-100,4796-100,INSIZE | اینسایز,INSIZE,STILL_ONLY_AVAILABILITY,insize.distributor.11shahrivar.65a92337,65a9233762d5ff23148c06843c11c54db45a30ba9ee21f51d9a33f554679938a,,UNKNOWN,,EXACT_MANUFACTURER_SKU,,NO,نا موجود,UNAVAILABLE,NO,NO,NO,UNKNOWN_DATE,وضعیت column موجود/نا موجود; SOURCE_YEAR_UNPROVEN (Wave1A.1+WaveA),hesabfa_last_stock=None;synced=2026-07-28T09:42:59.558521+00:00;SEMANTICS=UNPROVEN,HIGH,YES
2023,4796-150,4796-150,INSIZE | اینسایز,INSIZE,STILL_ONLY_AVAILABILITY,insize.distributor.11shahrivar.65a92337,65a9233762d5ff23148c06843c11c54db45a30ba9ee21f51d9a33f554679938a,,UNKNOWN,,EXACT_MANUFACTURER_SKU,,NO,نا موجود,UNAVAILABLE,NO,NO,NO,UNKNOWN_DATE,وضعیت column موجود/نا موجود; SOURCE_YEAR_UNPROVEN (Wave1A.1+WaveA),hesabfa_last_stock=None;synced=2026-07-28T09:42:58.368982+00:00;SEMANTICS=UNPROVEN,HIGH,YES
2024,4796-300,4796-300,INSIZE | اینسایز,INSIZE,STILL_ONLY_AVAILABILITY,insize.distributor.11shahrivar.65a92337,65a9233762d5ff23148c06843c11c54db45a30ba9ee21f51d9a33f554679938a,,UNKNOWN,,EXACT_MANUFACTURER_SKU,,NO,نا موجود,UNAVAILABLE,NO,NO,NO,UNKNOWN_DATE,وضعیت column موجود/نا موجود; SOURCE_YEAR_UNPROVEN (Wave1A.1+WaveA),hesabfa_last_stock=None;synced=2026-07-28T09:42:56.838443+00:00;SEMANTICS=UNPROVEN,HIGH,YES
2025,4799-1120,4799-1120,INSIZE | اینسایز,INSIZE,STILL_ONLY_AVAILABILITY,insize.distributor.11shahrivar.65a92337,65a9233762d5ff23148c06843c11c54db45a30ba9ee21f51d9a33f554679938a,,UNKNOWN,,EXACT_MANUFACTURER_SKU,,NO,نا موجود,UNAVAILABLE,NO,NO,NO,UNKNOWN_DATE,وضعیت column موجود/نا موجود; SOURCE_YEAR_UNPROVEN (Wave1A.1+WaveA),hesabfa_last_stock=None;synced=2026-07-28T09:42:55.877986+00:00;SEMANTICS=UNPROVEN,HIGH,YES
2030,4810-601,4810-601,INSIZE | اینسایز,INSIZE,STILL_ONLY_AVAILABILITY,insize.distributor.11shahrivar.65a92337,65a9233762d5ff23148c06843c11c54db45a30ba9ee21f51d9a33f554679938a,,UNKNOWN,,EXACT_MANUFACTURER_SKU,,NO,نا موجود,UNAVAILABLE,NO,NO,NO,UNKNOWN_DATE,وضعیت column موجود/نا موجود; SOURCE_YEAR_UNPROVEN (Wave1A.1+WaveA),hesabfa_last_stock=None;synced=2026-07-28T09:42:51.175573+00:00;SEMANTICS=UNPROVEN,HIGH,YES
2031,4810-602,4810-602,INSIZE | اینسایز,INSIZE,STILL_ONLY_AVAILABILITY,insize.distributor.11shahrivar.65a92337,65a9233762d5ff23148c06843c11c54db45a30ba9ee21f51d9a33f554679938a,,UNKNOWN,,EXACT_MANUFACTURER_SKU,,NO,نا موجود,UNAVAILABLE,NO,NO,NO,UNKNOWN_DATE,وضعیت column موجود/نا موجود; SOURCE_YEAR_UNPROVEN (Wave1A.1+WaveA),hesabfa_last_stock=None;synced=2026-07-28T09:42:50.012707+00:00;SEMANTICS=UNPROVEN,HIGH,YES
2032,4820-230,4820-230,INSIZE | اینسایز,INSIZE,STILL_ONLY_AVAILABILITY,insize.distributor.11shahrivar.65a92337,65a9233762d5ff23148c06843c11c54db45a30ba9ee21f51d9a33f554679938a,,UNKNOWN,,EXACT_MANUFACTURER_SKU,,NO,نا موجود,UNAVAILABLE,NO,NO,NO,UNKNOWN_DATE,وضعیت column موجود/نا موجود; SOURCE_YEAR_UNPROVEN (Wave1A.1+WaveA),hesabfa_last_stock=None;synced=2026-07-28T09:42:48.626242+00:00;SEMANTICS=UNPROVEN,HIGH,YES
2033,4820-452,4820-452,INSIZE | اینسایز,INSIZE,STILL_ONLY_AVAILABILITY,insize.distributor.11shahrivar.65a92337,65a9233762d5ff23148c06843c11c54db45a30ba9ee21f51d9a33f554679938a,,UNKNOWN,,EXACT_MANUFACTURER_SKU,,NO,نا موجود,UNAVAILABLE,NO,NO,NO,UNKNOWN_DATE,وضعیت column موجود/نا موجود; SOURCE_YEAR_UNPROVEN (Wave1A.1+WaveA),hesabfa_last_stock=4.0;synced=2026-07-28T09:42:47.775559+00:00;SEMANTICS=UNPROVEN,HIGH,YES
2035,4860-212,4860-212,INSIZE | اینسایز,INSIZE,STILL_ONLY_AVAILABILITY,insize.distributor.11shahrivar.65a92337,65a9233762d5ff23148c06843c11c54db45a30ba9ee21f51d9a33f554679938a,,UNKNOWN,,EXACT_MANUFACTURER_SKU,,NO,نا موجود,UNAVAILABLE,NO,NO,NO,UNKNOWN_DATE,وضعیت column موجود/نا موجود; SOURCE_YEAR_UNPROVEN (Wave1A.1+WaveA),hesabfa_last_stock=None;synced=2026-07-28T09:42:46.004949+00:00;SEMANTICS=UNPROVEN,HIGH,YES
2036,4860-245,4860-245,INSIZE | اینسایز,INSIZE,STILL_ONLY_AVAILABILITY,insize.distributor.11shahrivar.65a92337,65a9233762d5ff23148c06843c11c54db45a30ba9ee21f51d9a33f554679938a,,UNKNOWN,,EXACT_MANUFACTURER_SKU,,NO,نا موجود,UNAVAILABLE,NO,NO,NO,UNKNOWN_DATE,وضعیت column موجود/نا موجود; SOURCE_YEAR_UNPROVEN (Wave1A.1+WaveA),hesabfa_last_stock=None;synced=2026-07-28T09:42:42.985240+00:00;SEMANTICS=UNPROVEN,HIGH,YES
2037,4902-150,4902-150,INSIZE | اینسایز,INSIZE,STILL_ONLY_AVAILABILITY,insize.distributor.11shahrivar.65a92337,65a9233762d5ff23148c06843c11c54db45a30ba9ee21f51d9a33f554679938a,,UNKNOWN,,EXACT_MANUFACTURER_SKU,,NO,نا موجود,UNAVAILABLE,NO,NO,NO,UNKNOWN_DATE,وضعیت column موجود/نا موجود; SOURCE_YEAR_UNPROVEN (Wave1A.1+WaveA),hesabfa_last_stock=None;synced=2026-07-28T09:42:42.084652+00:00;SEMANTICS=UNPROVEN,HIGH,YES
2038,4902-200,4902-200,INSIZE | اینسایز,INSIZE,STILL_ONLY_AVAILABILITY,insize.distributor.11shahrivar.65a92337,65a9233762d5ff23148c06843c11c54db45a30ba9ee21f51d9a33f554679938a,,UNKNOWN,,EXACT_MANUFACTURER_SKU,,NO,نا موجود,UNAVAILABLE,NO,NO,NO,UNKNOWN_DATE,وضعیت column موجود/نا موجود; SOURCE_YEAR_UNPROVEN (Wave1A.1+WaveA),hesabfa_last_stock=None;synced=2026-07-28T09:42:41.231793+00:00;SEMANTICS=UNPROVEN,HIGH,YES
2039,4902-300,4902-300,INSIZE | اینسایز,INSIZE,STILL_ONLY_AVAILABILITY,insize.distributor.11shahrivar.65a92337,65a9233762d5ff23148c06843c11c54db45a30ba9ee21f51d9a33f554679938a,,UNKNOWN,,EXACT_MANUFACTURER_SKU,,NO,نا موجود,UNAVAILABLE,NO,NO,NO,UNKNOWN_DATE,وضعیت column موجود/نا موجود; SOURCE_YEAR_UNPROVEN (Wave1A.1+WaveA),hesabfa_last_stock=None;synced=2026-07-28T09:42:39.746387+00:00;SEMANTICS=UNPROVEN,HIGH,YES
2043,4910-400,4910-400,INSIZE | اینسایز,INSIZE,STILL_ONLY_AVAILABILITY,insize.distributor.11shahrivar.65a92337,65a9233762d5ff23148c06843c11c54db45a30ba9ee21f51d9a33f554679938a,,UNKNOWN,,EXACT_MANUFACTURER_SKU,,NO,نا موجود,UNAVAILABLE,NO,NO,NO,UNKNOWN_DATE,وضعیت column موجود/نا موجود; SOURCE_YEAR_UNPROVEN (Wave1A.1+WaveA),hesabfa_last_stock=None;synced=2026-07-28T09:42:35.753185+00:00;SEMANTICS=UNPROVEN,HIGH,YES
2044,4910-600,4910-600,INSIZE | اینسایز,INSIZE,STILL_ONLY_AVAILABILITY,insize.distributor.11shahrivar.65a92337,65a9233762d5ff23148c06843c11c54db45a30ba9ee21f51d9a33f554679938a,,UNKNOWN,,EXACT_MANUFACTURER_SKU,,NO,نا موجود,UNAVAILABLE,NO,NO,NO,UNKNOWN_DATE,وضعیت column موجود/نا موجود; SOURCE_YEAR_UNPROVEN (Wave1A.1+WaveA),hesabfa_last_stock=None;synced=2026-07-28T09:42:34.834084+00:00;SEMANTICS=UNPROVEN,HIGH,YES
2045,4911-600,4911-600,INSIZE | اینسایز,INSIZE,STILL_ONLY_AVAILABILITY,insize.distributor.11shahrivar.65a92337,65a9233762d5ff23148c06843c11c54db45a30ba9ee21f51d9a33f554679938a,,UNKNOWN,,EXACT_MANUFACTURER_SKU,,NO,نا موجود,UNAVAILABLE,NO,NO,NO,UNKNOWN_DATE,وضعیت column موجود/نا موجود; SOURCE_YEAR_UNPROVEN (Wave1A.1+WaveA),hesabfa_last_stock=None;synced=2026-07-28T09:42:33.894352+00:00;SEMANTICS=UNPROVEN,HIGH,YES
2048,4918-300,4918-300,INSIZE | اینسایز,INSIZE,STILL_ONLY_AVAILABILITY,insize.distributor.11shahrivar.65a92337,65a9233762d5ff23148c06843c11c54db45a30ba9ee21f51d9a33f554679938a,,UNKNOWN,,EXACT_MANUFACTURER_SKU,,NO,نا موجود,UNAVAILABLE,NO,NO,NO,UNKNOWN_DATE,وضعیت column موجود/نا موجود; SOURCE_YEAR_UNPROVEN (Wave1A.1+WaveA),hesabfa_last_stock=None;synced=2026-07-28T09:42:31.091423+00:00;SEMANTICS=UNPROVEN,HIGH,YES
2049,4918-600,4918-600,INSIZE | اینسایز,INSIZE,STILL_ONLY_AVAILABILITY,insize.distributor.11shahrivar.65a92337,65a9233762d5ff23148c06843c11c54db45a30ba9ee21f51d9a33f554679938a,,UNKNOWN,,EXACT_MANUFACTURER_SKU,,NO,نا موجود,UNAVAILABLE,NO,NO,NO,UNKNOWN_DATE,وضعیت column موجود/نا موجود; SOURCE_YEAR_UNPROVEN (Wave1A.1+WaveA),,HIGH,YES
2064,6511-241,6511-241,INSIZE | اینسایز,INSIZE,STILL_ONLY_AVAILABILITY,insize.distributor.11shahrivar.65a92337,65a9233762d5ff23148c06843c11c54db45a30ba9ee21f51d9a33f554679938a,,UNKNOWN,,EXACT_MANUFACTURER_SKU,,NO,نا موجود,UNAVAILABLE,NO,NO,NO,UNKNOWN_DATE,وضعیت column موجود/نا موجود; SOURCE_YEAR_UNPROVEN (Wave1A.1+WaveA),hesabfa_last_stock=None;synced=2026-07-28T09:42:16.854189+00:00;SEMANTICS=UNPROVEN,HIGH,YES
2066,6801-1201,6801-1201,INSIZE | اینسایز,INSIZE,STILL_ONLY_AVAILABILITY,insize.distributor.11shahrivar.65a92337,65a9233762d5ff23148c06843c11c54db45a30ba9ee21f51d9a33f554679938a,,UNKNOWN,,EXACT_MANUFACTURER_SKU,,NO,نا موجود,UNAVAILABLE,NO,NO,NO,UNKNOWN_DATE,وضعیت column موجود/نا موجود; SOURCE_YEAR_UNPROVEN (Wave1A.1+WaveA),hesabfa_last_stock=None;synced=2026-07-28T09:42:15.195816+00:00;SEMANTICS=UNPROVEN,HIGH,YES
2067,6801-1202,6801-1202,INSIZE | اینسایز,INSIZE,STILL_ONLY_AVAILABILITY,insize.distributor.11shahrivar.65a92337,65a9233762d5ff23148c06843c11c54db45a30ba9ee21f51d9a33f554679938a,,UNKNOWN,,EXACT_MANUFACTURER_SKU,,NO,نا موجود,UNAVAILABLE,NO,NO,NO,UNKNOWN_DATE,وضعیت column موجود/نا موجود; SOURCE_YEAR_UNPROVEN (Wave1A.1+WaveA),hesabfa_last_stock=None;synced=2026-07-28T09:42:14.418328+00:00;SEMANTICS=UNPROVEN,HIGH,YES
2068,6862-1002,6862-1002,INSIZE | اینسایز,INSIZE,STILL_ONLY_AVAILABILITY,insize.distributor.11shahrivar.65a92337,65a9233762d5ff23148c06843c11c54db45a30ba9ee21f51d9a33f554679938a,,UNKNOWN,,EXACT_MANUFACTURER_SKU,,NO,نا موجود,UNAVAILABLE,NO,NO,NO,UNKNOWN_DATE,وضعیت column موجود/نا موجود; SOURCE_YEAR_UNPROVEN (Wave1A.1+WaveA),hesabfa_last_stock=None;synced=2026-07-28T09:42:13.590647+00:00;SEMANTICS=UNPROVEN,HIGH,YES
2069,6866-150,6866-150,INSIZE | اینسایز,INSIZE,STILL_ONLY_AVAILABILITY,insize.distributor.11shahrivar.65a92337,65a9233762d5ff23148c06843c11c54db45a30ba9ee21f51d9a33f554679938a,,UNKNOWN,,EXACT_MANUFACTURER_SKU,,NO,نا موجود,UNAVAILABLE,NO,NO,NO,UNKNOWN_DATE,وضعیت column موجود/نا موجود; SOURCE_YEAR_UNPROVEN (Wave1A.1+WaveA),hesabfa_last_stock=None;synced=2026-07-28T09:42:12.790239+00:00;SEMANTICS=UNPROVEN,HIGH,YES
2071,6900-132,6900-132,INSIZE | اینسایز,INSIZE,STILL_ONLY_AVAILABILITY,insize.distributor.11shahrivar.65a92337,65a9233762d5ff23148c06843c11c54db45a30ba9ee21f51d9a33f554679938a,,UNKNOWN,,EXACT_MANUFACTURER_SKU,,NO,نا موجود,UNAVAILABLE,NO,NO,NO,UNKNOWN_DATE,وضعیت column موجود/نا موجود; SOURCE_YEAR_UNPROVEN (Wave1A.1+WaveA),hesabfa_last_stock=None;synced=2026-07-28T09:42:11.147014+00:00;SEMANTICS=UNPROVEN,HIGH,YES
2072,6900-142,6900-142,INSIZE | اینسایز,INSIZE,STILL_ONLY_AVAILABILITY,insize.distributor.11shahrivar.65a92337,65a9233762d5ff23148c06843c11c54db45a30ba9ee21f51d9a33f554679938a,,UNKNOWN,,EXACT_MANUFACTURER_SKU,,NO,نا موجود,UNAVAILABLE,NO,NO,NO,UNKNOWN_DATE,وضعیت column موجود/نا موجود; SOURCE_YEAR_UNPROVEN (Wave1A.1+WaveA),hesabfa_last_stock=None;synced=2026-07-28T09:42:10.331610+00:00;SEMANTICS=UNPROVEN,HIGH,YES
2073,6900-153,6900-153,INSIZE | اینسایز,INSIZE,STILL_ONLY_AVAILABILITY,insize.distributor.11shahrivar.65a92337,65a9233762d5ff23148c06843c11c54db45a30ba9ee21f51d9a33f554679938a,,UNKNOWN,,EXACT_MANUFACTURER_SKU,,NO,نا موجود,UNAVAILABLE,NO,NO,NO,UNKNOWN_DATE,وضعیت column موجود/نا موجود; SOURCE_YEAR_UNPROVEN (Wave1A.1+WaveA),hesabfa_last_stock=None;synced=2026-07-28T09:42:09.456145+00:00;SEMANTICS=UNPROVEN,HIGH,YES
2074,6900-164,6900-164,INSIZE | اینسایز,INSIZE,STILL_ONLY_AVAILABILITY,insize.distributor.11shahrivar.65a92337,65a9233762d5ff23148c06843c11c54db45a30ba9ee21f51d9a33f554679938a,,UNKNOWN,,EXACT_MANUFACTURER_SKU,,NO,نا موجود,UNAVAILABLE,NO,NO,NO,UNKNOWN_DATE,وضعیت column موجود/نا موجود; SOURCE_YEAR_UNPROVEN (Wave1A.1+WaveA),hesabfa_last_stock=None;synced=2026-07-28T09:42:08.596935+00:00;SEMANTICS=UNPROVEN,HIGH,YES
2075,6900-185,6900-185,INSIZE | اینسایز,INSIZE,STILL_ONLY_AVAILABILITY,insize.distributor.11shahrivar.65a92337,65a9233762d5ff23148c06843c11c54db45a30ba9ee21f51d9a33f554679938a,,UNKNOWN,,EXACT_MANUFACTURER_SKU,,NO,نا موجود,UNAVAILABLE,NO,NO,NO,UNKNOWN_DATE,وضعیت column موجود/نا موجود; SOURCE_YEAR_UNPROVEN (Wave1A.1+WaveA),hesabfa_last_stock=None;synced=2026-07-28T09:42:07.718371+00:00;SEMANTICS=UNPROVEN,HIGH,YES
2077,7110-150,,INSIZE | اینسایز,INSIZE,STILL_ONLY_AVAILABILITY,insize.distributor.11shahrivar.65a92337,65a9233762d5ff23148c06843c11c54db45a30ba9ee21f51d9a33f554679938a,,UNKNOWN,,EXACT_SKU,,NO,نا موجود,UNAVAILABLE,NO,NO,NO,UNKNOWN_DATE,وضعیت column موجود/نا موجود; SOURCE_YEAR_UNPROVEN (Wave1A.1+WaveA),hesabfa_last_stock=None;synced=2026-07-28T09:42:05.014967+00:00;SEMANTICS=UNPROVEN,HIGH,YES
2078,7110-200,,INSIZE | اینسایز,INSIZE,STILL_ONLY_AVAILABILITY,insize.distributor.11shahrivar.65a92337,65a9233762d5ff23148c06843c11c54db45a30ba9ee21f51d9a33f554679938a,,UNKNOWN,,EXACT_SKU,,NO,نا موجود,UNAVAILABLE,NO,NO,NO,UNKNOWN_DATE,وضعیت column موجود/نا موجود; SOURCE_YEAR_UNPROVEN (Wave1A.1+WaveA),hesabfa_last_stock=None;synced=2026-07-28T09:42:03.772640+00:00;SEMANTICS=UNPROVEN,HIGH,YES
2079,7110-300,,INSIZE | اینسایز,INSIZE,STILL_ONLY_AVAILABILITY,insize.distributor.11shahrivar.65a92337,65a9233762d5ff23148c06843c11c54db45a30ba9ee21f51d9a33f554679938a,,UNKNOWN,,EXACT_SKU,,NO,نا موجود,UNAVAILABLE,NO,NO,NO,UNKNOWN_DATE,وضعیت column موجود/نا موجود; SOURCE_YEAR_UNPROVEN (Wave1A.1+WaveA),hesabfa_last_stock=None;synced=2026-07-28T09:42:02.948050+00:00;SEMANTICS=UNPROVEN,HIGH,YES
2084,7114-950,7114-950,INSIZE | اینسایز,INSIZE,STILL_ONLY_AVAILABILITY,insize.distributor.11shahrivar.65a92337,65a9233762d5ff23148c06843c11c54db45a30ba9ee21f51d9a33f554679938a,,UNKNOWN,,EXACT_MANUFACTURER_SKU,,NO,نا موجود,UNAVAILABLE,NO,NO,NO,UNKNOWN_DATE,وضعیت column موجود/نا موجود; SOURCE_YEAR_UNPROVEN (Wave1A.1+WaveA),hesabfa_last_stock=None;synced=2026-07-26T08:01:34.683895+00:00;SEMANTICS=UNPROVEN,HIGH,YES
2088,7205-200,7205-200,INSIZE | اینسایز,INSIZE,STILL_ONLY_AVAILABILITY,insize.distributor.11shahrivar.65a92337,65a9233762d5ff23148c06843c11c54db45a30ba9ee21f51d9a33f554679938a,,UNKNOWN,,EXACT_MANUFACTURER_SKU,,NO,نا موجود,UNAVAILABLE,NO,NO,NO,UNKNOWN_DATE,وضعیت column موجود/نا موجود; SOURCE_YEAR_UNPROVEN (Wave1A.1+WaveA),hesabfa_last_stock=None;synced=2026-07-28T09:41:54.501047+00:00;SEMANTICS=UNPROVEN,HIGH,YES
2098,7350-160,7350-160,INSIZE | اینسایز,INSIZE,STILL_ONLY_AVAILABILITY,insize.distributor.11shahrivar.65a92337,65a9233762d5ff23148c06843c11c54db45a30ba9ee21f51d9a33f554679938a,,UNKNOWN,,EXACT_MANUFACTURER_SKU,,NO,نا موجود,UNAVAILABLE,NO,NO,NO,UNKNOWN_DATE,وضعیت column موجود/نا موجود; SOURCE_YEAR_UNPROVEN (Wave1A.1+WaveA),hesabfa_last_stock=None;synced=2026-07-28T09:41:44.659503+00:00;SEMANTICS=UNPROVEN,HIGH,YES
2100,8601-100,8601-100,INSIZE | اینسایز,INSIZE,STILL_ONLY_AVAILABILITY,insize.distributor.11shahrivar.65a92337,65a9233762d5ff23148c06843c11c54db45a30ba9ee21f51d9a33f554679938a,,UNKNOWN,,EXACT_MANUFACTURER_SKU,,NO,موجود,AVAILABLE,NO,NO,NO,UNKNOWN_DATE,وضعیت column موجود/نا موجود; SOURCE_YEAR_UNPROVEN (Wave1A.1+WaveA),hesabfa_last_stock=None;synced=2026-07-28T09:41:42.725184+00:00;SEMANTICS=UNPROVEN,HIGH,YES
2104,9351-130,9351-130,INSIZE | اینسایز,INSIZE,STILL_ONLY_AVAILABILITY,insize.distributor.11shahrivar.65a92337,65a9233762d5ff23148c06843c11c54db45a30ba9ee21f51d9a33f554679938a,,UNKNOWN,,EXACT_MANUFACTURER_SKU,,NO,نا موجود,UNAVAILABLE,NO,NO,NO,UNKNOWN_DATE,وضعیت column موجود/نا موجود; SOURCE_YEAR_UNPROVEN (Wave1A.1+WaveA),hesabfa_last_stock=None;synced=2026-07-28T09:41:38.985212+00:00;SEMANTICS=UNPROVEN,HIGH,YES
2105,9721-250,9721-250,INSIZE | اینسایز,INSIZE,STILL_ONLY_AVAILABILITY,insize.distributor.11shahrivar.65a92337,65a9233762d5ff23148c06843c11c54db45a30ba9ee21f51d9a33f554679938a,,UNKNOWN,,EXACT_MANUFACTURER_SKU,,NO,نا موجود,UNAVAILABLE,NO,NO,NO,UNKNOWN_DATE,وضعیت column موجود/نا موجود; SOURCE_YEAR_UNPROVEN (Wave1A.1+WaveA),hesabfa_last_stock=None;synced=2026-07-28T09:41:37.976789+00:00;SEMANTICS=UNPROVEN,HIGH,YES
2353,103-147,,Mitutoyo | میتوتویو,MITUTOYO,STILL_ONLY_AVAILABILITY,,,,UNKNOWN,,N/A,,NO,,UNKNOWN,NO,NO,NO,NO_SOURCE_FOUND,Mitutoyo catalog PDF only; not supplier inventory authority,,HIGH,YES
3292,AST-PRO/T65,,ASTPOWER | ای اس تی پاور,ASTPOWER,STILL_ONLY_AVAILABILITY,,,,UNKNOWN,,N/A,,NO,,UNKNOWN,NO,NO,NO,NO_SOURCE_FOUND,AST-Power DOCS/Price PDFs are price/catalog only; no stock authority found,,HIGH,YES
3293,AST-PRO/T150,,ASTPOWER | ای اس تی پاور,ASTPOWER,STILL_ONLY_AVAILABILITY,,,,UNKNOWN,,N/A,,NO,,UNKNOWN,NO,NO,NO,NO_SOURCE_FOUND,AST-Power DOCS/Price PDFs are price/catalog only; no stock authority found,,HIGH,YES
3303,AST-BS2-8,,ASTPOWER | ای اس تی پاور,ASTPOWER,STILL_ONLY_AVAILABILITY,,,,UNKNOWN,,N/A,,NO,,UNKNOWN,NO,NO,NO,NO_SOURCE_FOUND,AST-Power DOCS/Price PDFs are price/catalog only; no stock authority found,,HIGH,YES
3331,AST-SPARK3000,,ASTPOWER | ای اس تی پاور,ASTPOWER,STILL_ONLY_AVAILABILITY,,,,UNKNOWN,,N/A,,NO,,UNKNOWN,NO,NO,NO,NO_SOURCE_FOUND,AST-Power DOCS/Price PDFs are price/catalog only; no stock authority found,,HIGH,YES
3332,AST-SPARK600,,ASTPOWER | ای اس تی پاور,ASTPOWER,STILL_ONLY_AVAILABILITY,,,,UNKNOWN,,N/A,,NO,,UNKNOWN,NO,NO,NO,NO_SOURCE_FOUND,AST-Power DOCS/Price PDFs are price/catalog only; no stock authority found,,HIGH,YES
3349,AST-PRO/T100,,ASTPOWER | ای اس تی پاور,ASTPOWER,STILL_ONLY_AVAILABILITY,,,,UNKNOWN,,N/A,,NO,,UNKNOWN,NO,NO,NO,NO_SOURCE_FOUND,AST-Power DOCS/Price PDFs are price/catalog only; no stock authority found,,HIGH,YES
3350,AST-COR80,,ASTPOWER | ای اس تی پاور,ASTPOWER,STILL_ONLY_AVAILABILITY,,,,UNKNOWN,,N/A,,NO,,UNKNOWN,NO,NO,NO,NO_SOURCE_FOUND,AST-Power DOCS/Price PDFs are price/catalog only; no stock authority found,,HIGH,YES
3351,AST-COR355P,,ASTPOWER | ای اس تی پاور,ASTPOWER,STILL_ONLY_AVAILABILITY,,,,UNKNOWN,,N/A,,NO,,UNKNOWN,NO,NO,NO,NO_SOURCE_FOUND,AST-Power DOCS/Price PDFs are price/catalog only; no stock authority found,,HIGH,YES
3352,AST-COR255P,,ASTPOWER | ای اس تی پاور,ASTPOWER,STILL_ONLY_AVAILABILITY,,,,UNKNOWN,,N/A,,NO,,UNKNOWN,NO,NO,NO,NO_SOURCE_FOUND,AST-Power DOCS/Price PDFs are price/catalog only; no stock authority found,,HIGH,YES
3353,TU-TCOR205,,ASTPOWER | ای اس تی پاور,ASTPOWER,STILL_ONLY_AVAILABILITY,,,,UNKNOWN,,N/A,,NO,,UNKNOWN,NO,NO,NO,NO_SOURCE_FOUND,AST-Power DOCS/Price PDFs are price/catalog only; no stock authority found,,HIGH,YES
3354,TU-TCOR305,,ASTPOWER | ای اس تی پاور,ASTPOWER,STILL_ONLY_AVAILABILITY,,,,UNKNOWN,,N/A,,NO,,UNKNOWN,NO,NO,NO,NO_SOURCE_FOUND,AST-Power DOCS/Price PDFs are price/catalog only; no stock authority found,,HIGH,YES
3355,TU-TCOR255,,ASTPOWER | ای اس تی پاور,ASTPOWER,STILL_ONLY_AVAILABILITY,,,,UNKNOWN,,N/A,,NO,,UNKNOWN,NO,NO,NO,NO_SOURCE_FOUND,AST-Power DOCS/Price PDFs are price/catalog only; no stock authority found,,HIGH,YES
3356,TU-TCOR355,,ASTPOWER | ای اس تی پاور,ASTPOWER,STILL_ONLY_AVAILABILITY,,,,UNKNOWN,,N/A,,NO,,UNKNOWN,NO,NO,NO,NO_SOURCE_FOUND,AST-Power DOCS/Price PDFs are price/catalog only; no stock authority found,,HIGH,YES
3361,TU-D13E12,,ASTPOWER | ای اس تی پاور,ASTPOWER,STILL_ONLY_AVAILABILITY,,,,UNKNOWN,,N/A,,NO,,UNKNOWN,NO,NO,NO,NO_SOURCE_FOUND,AST-Power DOCS/Price PDFs are price/catalog only; no stock authority found,,HIGH,YES
3374,AST-COR100,,ASTPOWER | ای اس تی پاور,ASTPOWER,STILL_ONLY_AVAILABILITY,,,,UNKNOWN,,N/A,,NO,,UNKNOWN,NO,NO,NO,NO_SOURCE_FOUND,AST-Power DOCS/Price PDFs are price/catalog only; no stock authority found,,HIGH,YES
3429,FB620,,ASTPOWER | ای اس تی پاور,ASTPOWER,STILL_ONLY_AVAILABILITY,,,,UNKNOWN,,N/A,,NO,,UNKNOWN,NO,NO,NO,NO_SOURCE_FOUND,AST-Power DOCS/Price PDFs are price/catalog only; no stock authority found,,HIGH,YES
3431,FTV313,,ASTPOWER | ای اس تی پاور,ASTPOWER,STILL_ONLY_AVAILABILITY,,,,UNKNOWN,,N/A,,NO,,UNKNOWN,NO,NO,NO,NO_SOURCE_FOUND,AST-Power DOCS/Price PDFs are price/catalog only; no stock authority found,,HIGH,YES
3438,TS20,,ASTPOWER | ای اس تی پاور,ASTPOWER,STILL_ONLY_AVAILABILITY,,,,UNKNOWN,,N/A,,NO,,UNKNOWN,NO,NO,NO,NO_SOURCE_FOUND,AST-Power DOCS/Price PDFs are price/catalog only; no stock authority found,,HIGH,YES
3439,TS42,,ASTPOWER | ای اس تی پاور,ASTPOWER,STILL_ONLY_AVAILABILITY,,,,UNKNOWN,,N/A,,NO,,UNKNOWN,NO,NO,NO,NO_SOURCE_FOUND,AST-Power DOCS/Price PDFs are price/catalog only; no stock authority found,,HIGH,YES
3468,1201-1003,1201-1003,INSIZE | اینسایز,INSIZE,STILL_ONLY_AVAILABILITY,insize.distributor.11shahrivar.65a92337,65a9233762d5ff23148c06843c11c54db45a30ba9ee21f51d9a33f554679938a,,UNKNOWN,,EXACT_MANUFACTURER_SKU,,NO,نا موجود,UNAVAILABLE,NO,NO,NO,UNKNOWN_DATE,وضعیت column موجود/نا موجود; SOURCE_YEAR_UNPROVEN (Wave1A.1+WaveA),hesabfa_last_stock=None;synced=2026-07-28T09:41:35.283955+00:00;SEMANTICS=UNPROVEN,HIGH,YES
3469,1204-70,1204-70,INSIZE | اینسایز,INSIZE,STILL_ONLY_AVAILABILITY,insize.distributor.11shahrivar.65a92337,65a9233762d5ff23148c06843c11c54db45a30ba9ee21f51d9a33f554679938a,,UNKNOWN,,EXACT_MANUFACTURER_SKU,,NO,نا موجود,UNAVAILABLE,NO,NO,NO,UNKNOWN_DATE,وضعیت column موجود/نا موجود; SOURCE_YEAR_UNPROVEN (Wave1A.1+WaveA),hesabfa_last_stock=None;synced=2026-07-28T09:41:34.419597+00:00;SEMANTICS=UNPROVEN,HIGH,NO
3470,1205-1502,1205-1502,INSIZE | اینسایز,INSIZE,STILL_ONLY_AVAILABILITY,insize.distributor.11shahrivar.65a92337,65a9233762d5ff23148c06843c11c54db45a30ba9ee21f51d9a33f554679938a,,UNKNOWN,,NOT_FOUND,,NO,,UNKNOWN,NO,NO,NO,NOT_FOUND,no exact/trailing-A match in INSIZE workbook,hesabfa_last_stock=2.0;synced=2026-07-28T09:41:33.606438+00:00;SEMANTICS=UNPROVEN,HIGH,YES
3474,1106-1002,1106-1002,INSIZE | اینسایز,INSIZE,STILL_ONLY_AVAILABILITY,insize.distributor.11shahrivar.65a92337,65a9233762d5ff23148c06843c11c54db45a30ba9ee21f51d9a33f554679938a,,UNKNOWN,,EXACT_MANUFACTURER_SKU,,NO,نا موجود,UNAVAILABLE,NO,NO,NO,UNKNOWN_DATE,وضعیت column موجود/نا موجود; SOURCE_YEAR_UNPROVEN (Wave1A.1+WaveA),hesabfa_last_stock=None;synced=2026-07-28T09:39:58.319542+00:00;SEMANTICS=UNPROVEN,HIGH,NO
3475,1214-1000,1214-1000,INSIZE | اینسایز,INSIZE,STILL_ONLY_AVAILABILITY,insize.distributor.11shahrivar.65a92337,65a9233762d5ff23148c06843c11c54db45a30ba9ee21f51d9a33f554679938a,,UNKNOWN,,EXACT_MANUFACTURER_SKU,,NO,نا موجود,UNAVAILABLE,NO,NO,NO,UNKNOWN_DATE,وضعیت column موجود/نا موجود; SOURCE_YEAR_UNPROVEN (Wave1A.1+WaveA),hesabfa_last_stock=None;synced=2026-07-28T09:39:57.421178+00:00;SEMANTICS=UNPROVEN,HIGH,NO
3476,1214-1500,1214-1500,INSIZE | اینسایز,INSIZE,STILL_ONLY_AVAILABILITY,insize.distributor.11shahrivar.65a92337,65a9233762d5ff23148c06843c11c54db45a30ba9ee21f51d9a33f554679938a,,UNKNOWN,,EXACT_MANUFACTURER_SKU,,NO,نا موجود,UNAVAILABLE,NO,NO,NO,UNKNOWN_DATE,وضعیت column موجود/نا موجود; SOURCE_YEAR_UNPROVEN (Wave1A.1+WaveA),hesabfa_last_stock=None;synced=2026-07-28T09:39:56.543698+00:00;SEMANTICS=UNPROVEN,HIGH,NO
3477,1181-M25,,INSIZE | اینسایز,INSIZE,STILL_ONLY_AVAILABILITY,insize.distributor.11shahrivar.65a92337,65a9233762d5ff23148c06843c11c54db45a30ba9ee21f51d9a33f554679938a,,UNKNOWN,,REGISTERED_INSIZE_TRAILING_A,SKU->1181-M25A,NO,نا موجود,UNAVAILABLE,NO,NO,NO,UNKNOWN_DATE,وضعیت column موجود/نا موجود; SOURCE_YEAR_UNPROVEN (Wave1A.1+WaveA),hesabfa_last_stock=None;synced=2026-08-01T20:28:22.738483+00:00;SEMANTICS=UNPROVEN,HIGH,NO
3478,1106-2003,1106-2003,INSIZE | اینسایز,INSIZE,STILL_ONLY_AVAILABILITY,insize.distributor.11shahrivar.65a92337,65a9233762d5ff23148c06843c11c54db45a30ba9ee21f51d9a33f554679938a,,UNKNOWN,,EXACT_MANUFACTURER_SKU,,NO,نا موجود,UNAVAILABLE,NO,NO,NO,UNKNOWN_DATE,وضعیت column موجود/نا موجود; SOURCE_YEAR_UNPROVEN (Wave1A.1+WaveA),hesabfa_last_stock=None;synced=2026-07-28T09:39:54.871338+00:00;SEMANTICS=UNPROVEN,HIGH,NO
3479,1106-1502,1106-1502,INSIZE | اینسایز,INSIZE,STILL_ONLY_AVAILABILITY,insize.distributor.11shahrivar.65a92337,65a9233762d5ff23148c06843c11c54db45a30ba9ee21f51d9a33f554679938a,,UNKNOWN,,EXACT_MANUFACTURER_SKU,,NO,نا موجود,UNAVAILABLE,NO,NO,NO,UNKNOWN_DATE,وضعیت column موجود/نا موجود; SOURCE_YEAR_UNPROVEN (Wave1A.1+WaveA),hesabfa_last_stock=None;synced=2026-07-28T09:39:54.000149+00:00;SEMANTICS=UNPROVEN,HIGH,NO
3481,2307-1,2307-1,INSIZE | اینسایز,INSIZE,STILL_ONLY_AVAILABILITY,insize.distributor.11shahrivar.65a92337,65a9233762d5ff23148c06843c11c54db45a30ba9ee21f51d9a33f554679938a,,UNKNOWN,,EXACT_MANUFACTURER_SKU,,NO,نا موجود,UNAVAILABLE,NO,NO,NO,UNKNOWN_DATE,وضعیت column موجود/نا موجود; SOURCE_YEAR_UNPROVEN (Wave1A.1+WaveA),hesabfa_last_stock=None;synced=2026-07-28T09:39:52.297126+00:00;SEMANTICS=UNPROVEN,HIGH,NO
3482,2307-025,2307-025,INSIZE | اینسایز,INSIZE,STILL_ONLY_AVAILABILITY,insize.distributor.11shahrivar.65a92337,65a9233762d5ff23148c06843c11c54db45a30ba9ee21f51d9a33f554679938a,,UNKNOWN,,EXACT_MANUFACTURER_SKU,,NO,نا موجود,UNAVAILABLE,NO,NO,NO,UNKNOWN_DATE,وضعیت column موجود/نا موجود; SOURCE_YEAR_UNPROVEN (Wave1A.1+WaveA),hesabfa_last_stock=None;synced=2026-07-28T09:39:51.370502+00:00;SEMANTICS=UNPROVEN,HIGH,NO
3483,2308-10,2308-10,INSIZE | اینسایز,INSIZE,STILL_ONLY_AVAILABILITY,insize.distributor.11shahrivar.65a92337,65a9233762d5ff23148c06843c11c54db45a30ba9ee21f51d9a33f554679938a,,UNKNOWN,,REGISTERED_INSIZE_TRAILING_A,SKU->2308-10A,NO,موجود,AVAILABLE,NO,NO,NO,UNKNOWN_DATE,وضعیت column موجود/نا موجود; SOURCE_YEAR_UNPROVEN (Wave1A.1+WaveA),hesabfa_last_stock=1.0;synced=2026-07-28T09:39:50.257608+00:00;SEMANTICS=UNPROVEN,HIGH,YES
3486,4100-2122,4100-2122,INSIZE | اینسایز,INSIZE,STILL_ONLY_AVAILABILITY,insize.distributor.11shahrivar.65a92337,65a9233762d5ff23148c06843c11c54db45a30ba9ee21f51d9a33f554679938a,,UNKNOWN,,EXACT_MANUFACTURER_SKU,,NO,نا موجود,UNAVAILABLE,NO,NO,NO,UNKNOWN_DATE,وضعیت column موجود/نا موجود; SOURCE_YEAR_UNPROVEN (Wave1A.1+WaveA),hesabfa_last_stock=None;synced=2026-07-28T09:39:47.493490+00:00;SEMANTICS=UNPROVEN,HIGH,NO
3487,2121-25,2121-25,INSIZE | اینسایز,INSIZE,STILL_ONLY_AVAILABILITY,insize.distributor.11shahrivar.65a92337,65a9233762d5ff23148c06843c11c54db45a30ba9ee21f51d9a33f554679938a,,UNKNOWN,,EXACT_MANUFACTURER_SKU,,NO,نا موجود,UNAVAILABLE,NO,NO,NO,UNKNOWN_DATE,وضعیت column موجود/نا موجود; SOURCE_YEAR_UNPROVEN (Wave1A.1+WaveA),hesabfa_last_stock=None;synced=2026-07-28T09:39:46.464086+00:00;SEMANTICS=UNPROVEN,HIGH,NO
3488,2332-20,2332-20,INSIZE | اینسایز,INSIZE,STILL_ONLY_AVAILABILITY,insize.distributor.11shahrivar.65a92337,65a9233762d5ff23148c06843c11c54db45a30ba9ee21f51d9a33f554679938a,,UNKNOWN,,EXACT_MANUFACTURER_SKU,,NO,نا موجود,UNAVAILABLE,NO,NO,NO,UNKNOWN_DATE,وضعیت column موجود/نا موجود; SOURCE_YEAR_UNPROVEN (Wave1A.1+WaveA),hesabfa_last_stock=None;synced=2026-07-28T09:39:45.299738+00:00;SEMANTICS=UNPROVEN,HIGH,NO
3489,ISE-2DT,,INSIZE | اینسایز,INSIZE,STILL_ONLY_AVAILABILITY,insize.distributor.11shahrivar.65a92337,65a9233762d5ff23148c06843c11c54db45a30ba9ee21f51d9a33f554679938a,,UNKNOWN,,EXACT_SKU,,NO,نا موجود,UNAVAILABLE,NO,NO,NO,UNKNOWN_DATE,وضعیت column موجود/نا موجود; SOURCE_YEAR_UNPROVEN (Wave1A.1+WaveA),hesabfa_last_stock=None;synced=2026-07-28T09:39:44.310583+00:00;SEMANTICS=UNPROVEN,HIGH,NO
3490,2151-35,2151-35,INSIZE | اینسایز,INSIZE,STILL_ONLY_AVAILABILITY,insize.distributor.11shahrivar.65a92337,65a9233762d5ff23148c06843c11c54db45a30ba9ee21f51d9a33f554679938a,,UNKNOWN,,EXACT_MANUFACTURER_SKU,,NO,نا موجود,UNAVAILABLE,NO,NO,NO,UNKNOWN_DATE,وضعیت column موجود/نا موجود; SOURCE_YEAR_UNPROVEN (Wave1A.1+WaveA),hesabfa_last_stock=None;synced=2026-07-28T09:39:42.918657+00:00;SEMANTICS=UNPROVEN,HIGH,NO
3491,3203-1,,INSIZE | اینسایز,INSIZE,STILL_ONLY_AVAILABILITY,insize.distributor.11shahrivar.65a92337,65a9233762d5ff23148c06843c11c54db45a30ba9ee21f51d9a33f554679938a,,UNKNOWN,,REGISTERED_INSIZE_TRAILING_A,SKU->3203-1A,NO,نا موجود,UNAVAILABLE,NO,NO,NO,UNKNOWN_DATE,وضعیت column موجود/نا موجود; SOURCE_YEAR_UNPROVEN (Wave1A.1+WaveA),hesabfa_last_stock=None;synced=2026-07-28T09:39:42.064640+00:00;SEMANTICS=UNPROVEN,HIGH,NO
3492,2151-55,2151-55,INSIZE | اینسایز,INSIZE,STILL_ONLY_AVAILABILITY,insize.distributor.11shahrivar.65a92337,65a9233762d5ff23148c06843c11c54db45a30ba9ee21f51d9a33f554679938a,,UNKNOWN,,EXACT_MANUFACTURER_SKU,,NO,نا موجود,UNAVAILABLE,NO,NO,NO,UNKNOWN_DATE,وضعیت column موجود/نا موجود; SOURCE_YEAR_UNPROVEN (Wave1A.1+WaveA),hesabfa_last_stock=None;synced=2026-07-28T09:39:41.348240+00:00;SEMANTICS=UNPROVEN,HIGH,NO
3493,2361-10,2361-10,INSIZE | اینسایز,INSIZE,STILL_ONLY_AVAILABILITY,insize.distributor.11shahrivar.65a92337,65a9233762d5ff23148c06843c11c54db45a30ba9ee21f51d9a33f554679938a,,UNKNOWN,,EXACT_MANUFACTURER_SKU,,NO,نا موجود,UNAVAILABLE,NO,NO,NO,UNKNOWN_DATE,وضعیت column موجود/نا موجود; SOURCE_YEAR_UNPROVEN (Wave1A.1+WaveA),hesabfa_last_stock=None;synced=2026-07-28T09:39:40.577124+00:00;SEMANTICS=UNPROVEN,HIGH,NO
3495,3203-2,,INSIZE | اینسایز,INSIZE,STILL_ONLY_AVAILABILITY,insize.distributor.11shahrivar.65a92337,65a9233762d5ff23148c06843c11c54db45a30ba9ee21f51d9a33f554679938a,,UNKNOWN,,REGISTERED_INSIZE_TRAILING_A,SKU->3203-2A,NO,نا موجود,UNAVAILABLE,NO,NO,NO,UNKNOWN_DATE,وضعیت column موجود/نا موجود; SOURCE_YEAR_UNPROVEN (Wave1A.1+WaveA),hesabfa_last_stock=None;synced=2026-07-28T09:39:39.017704+00:00;SEMANTICS=UNPROVEN,HIGH,NO
3499,3127-8,3127-8,INSIZE | اینسایز,INSIZE,STILL_ONLY_AVAILABILITY,insize.distributor.11shahrivar.65a92337,65a9233762d5ff23148c06843c11c54db45a30ba9ee21f51d9a33f554679938a,,UNKNOWN,,EXACT_MANUFACTURER_SKU,,NO,نا موجود,UNAVAILABLE,NO,NO,NO,UNKNOWN_DATE,وضعیت column موجود/نا موجود; SOURCE_YEAR_UNPROVEN (Wave1A.1+WaveA),hesabfa_last_stock=None;synced=2026-07-28T09:39:35.744808+00:00;SEMANTICS=UNPROVEN,HIGH,NO
3500,3127-10,3127-10,INSIZE | اینسایز,INSIZE,STILL_ONLY_AVAILABILITY,insize.distributor.11shahrivar.65a92337,65a9233762d5ff23148c06843c11c54db45a30ba9ee21f51d9a33f554679938a,,UNKNOWN,,EXACT_MANUFACTURER_SKU,,NO,نا موجود,UNAVAILABLE,NO,NO,NO,UNKNOWN_DATE,وضعیت column موجود/نا موجود; SOURCE_YEAR_UNPROVEN (Wave1A.1+WaveA),hesabfa_last_stock=None;synced=2026-07-28T09:39:34.933252+00:00;SEMANTICS=UNPROVEN,HIGH,NO
3501,3127-12,3127-12,INSIZE | اینسایز,INSIZE,STILL_ONLY_AVAILABILITY,insize.distributor.11shahrivar.65a92337,65a9233762d5ff23148c06843c11c54db45a30ba9ee21f51d9a33f554679938a,,UNKNOWN,,EXACT_MANUFACTURER_SKU,,NO,نا موجود,UNAVAILABLE,NO,NO,NO,UNKNOWN_DATE,وضعیت column موجود/نا موجود; SOURCE_YEAR_UNPROVEN (Wave1A.1+WaveA),hesabfa_last_stock=None;synced=2026-07-28T09:39:33.862044+00:00;SEMANTICS=UNPROVEN,HIGH,NO
3503,3127-20,3127-20,INSIZE | اینسایز,INSIZE,STILL_ONLY_AVAILABILITY,insize.distributor.11shahrivar.65a92337,65a9233762d5ff23148c06843c11c54db45a30ba9ee21f51d9a33f554679938a,,UNKNOWN,,EXACT_MANUFACTURER_SKU,,NO,نا موجود,UNAVAILABLE,NO,NO,NO,UNKNOWN_DATE,وضعیت column موجود/نا موجود; SOURCE_YEAR_UNPROVEN (Wave1A.1+WaveA),hesabfa_last_stock=None;synced=2026-07-28T09:39:32.236362+00:00;SEMANTICS=UNPROVEN,HIGH,NO
3504,3282-25,3282-25,INSIZE | اینسایز,INSIZE,STILL_ONLY_AVAILABILITY,insize.distributor.11shahrivar.65a92337,65a9233762d5ff23148c06843c11c54db45a30ba9ee21f51d9a33f554679938a,,UNKNOWN,,EXACT_MANUFACTURER_SKU,,NO,نا موجود,UNAVAILABLE,NO,NO,NO,UNKNOWN_DATE,وضعیت column موجود/نا موجود; SOURCE_YEAR_UNPROVEN (Wave1A.1+WaveA),hesabfa_last_stock=None;synced=2026-07-28T09:39:31.457190+00:00;SEMANTICS=UNPROVEN,HIGH,NO
3505,3127-25,3127-25,INSIZE | اینسایز,INSIZE,STILL_ONLY_AVAILABILITY,insize.distributor.11shahrivar.65a92337,65a9233762d5ff23148c06843c11c54db45a30ba9ee21f51d9a33f554679938a,,UNKNOWN,,EXACT_MANUFACTURER_SKU,,NO,نا موجود,UNAVAILABLE,NO,NO,NO,UNKNOWN_DATE,وضعیت column موجود/نا موجود; SOURCE_YEAR_UNPROVEN (Wave1A.1+WaveA),hesabfa_last_stock=None;synced=2026-07-28T09:39:30.596276+00:00;SEMANTICS=UNPROVEN,HIGH,NO
3506,3127-30,3127-30,INSIZE | اینسایز,INSIZE,STILL_ONLY_AVAILABILITY,insize.distributor.11shahrivar.65a92337,65a9233762d5ff23148c06843c11c54db45a30ba9ee21f51d9a33f554679938a,,UNKNOWN,,EXACT_MANUFACTURER_SKU,,NO,نا موجود,UNAVAILABLE,NO,NO,NO,UNKNOWN_DATE,وضعیت column موجود/نا موجود; SOURCE_YEAR_UNPROVEN (Wave1A.1+WaveA),hesabfa_last_stock=None;synced=2026-07-28T09:39:29.758369+00:00;SEMANTICS=UNPROVEN,HIGH,NO
3507,3282-50,3282-50,INSIZE | اینسایز,INSIZE,STILL_ONLY_AVAILABILITY,insize.distributor.11shahrivar.65a92337,65a9233762d5ff23148c06843c11c54db45a30ba9ee21f51d9a33f554679938a,,UNKNOWN,,EXACT_MANUFACTURER_SKU,,NO,نا موجود,UNAVAILABLE,NO,NO,NO,UNKNOWN_DATE,وضعیت column موجود/نا موجود; SOURCE_YEAR_UNPROVEN (Wave1A.1+WaveA),hesabfa_last_stock=None;synced=2026-07-28T09:39:28.872397+00:00;SEMANTICS=UNPROVEN,HIGH,NO
3508,3127-40,3127-40,INSIZE | اینسایز,INSIZE,STILL_ONLY_AVAILABILITY,insize.distributor.11shahrivar.65a92337,65a9233762d5ff23148c06843c11c54db45a30ba9ee21f51d9a33f554679938a,,UNKNOWN,,EXACT_MANUFACTURER_SKU,,NO,نا موجود,UNAVAILABLE,NO,NO,NO,UNKNOWN_DATE,وضعیت column موجود/نا موجود; SOURCE_YEAR_UNPROVEN (Wave1A.1+WaveA),hesabfa_last_stock=None;synced=2026-07-28T09:39:28.082873+00:00;SEMANTICS=UNPROVEN,HIGH,NO
3509,3282-75,3282-75,INSIZE | اینسایز,INSIZE,STILL_ONLY_AVAILABILITY,insize.distributor.11shahrivar.65a92337,65a9233762d5ff23148c06843c11c54db45a30ba9ee21f51d9a33f554679938a,,UNKNOWN,,EXACT_MANUFACTURER_SKU,,NO,نا موجود,UNAVAILABLE,NO,NO,NO,UNKNOWN_DATE,وضعیت column موجود/نا موجود; SOURCE_YEAR_UNPROVEN (Wave1A.1+WaveA),hesabfa_last_stock=None;synced=2026-07-28T09:39:27.244166+00:00;SEMANTICS=UNPROVEN,HIGH,NO
3510,3127-50,3127-50,INSIZE | اینسایز,INSIZE,STILL_ONLY_AVAILABILITY,insize.distributor.11shahrivar.65a92337,65a9233762d5ff23148c06843c11c54db45a30ba9ee21f51d9a33f554679938a,,UNKNOWN,,EXACT_MANUFACTURER_SKU,,NO,نا موجود,UNAVAILABLE,NO,NO,NO,UNKNOWN_DATE,وضعیت column موجود/نا موجود; SOURCE_YEAR_UNPROVEN (Wave1A.1+WaveA),hesabfa_last_stock=None;synced=2026-07-28T09:39:26.369002+00:00;SEMANTICS=UNPROVEN,HIGH,NO
3512,2364-1,2364-1,INSIZE | اینسایز,INSIZE,STILL_ONLY_AVAILABILITY,insize.distributor.11shahrivar.65a92337,65a9233762d5ff23148c06843c11c54db45a30ba9ee21f51d9a33f554679938a,,UNKNOWN,,EXACT_MANUFACTURER_SKU,,NO,نا موجود,UNAVAILABLE,NO,NO,NO,UNKNOWN_DATE,وضعیت column موجود/نا موجود; SOURCE_YEAR_UNPROVEN (Wave1A.1+WaveA),hesabfa_last_stock=None;synced=2026-07-28T09:39:24.691719+00:00;SEMANTICS=UNPROVEN,HIGH,YES
3513,3127-63,3127-63,INSIZE | اینسایز,INSIZE,STILL_ONLY_AVAILABILITY,insize.distributor.11shahrivar.65a92337,65a9233762d5ff23148c06843c11c54db45a30ba9ee21f51d9a33f554679938a,,UNKNOWN,,EXACT_MANUFACTURER_SKU,,NO,نا موجود,UNAVAILABLE,NO,NO,NO,UNKNOWN_DATE,وضعیت column موجود/نا موجود; SOURCE_YEAR_UNPROVEN (Wave1A.1+WaveA),hesabfa_last_stock=None;synced=2026-07-28T09:39:23.870186+00:00;SEMANTICS=UNPROVEN,HIGH,NO
3514,3127-75,3127-75,INSIZE | اینسایز,INSIZE,STILL_ONLY_AVAILABILITY,insize.distributor.11shahrivar.65a92337,65a9233762d5ff23148c06843c11c54db45a30ba9ee21f51d9a33f554679938a,,UNKNOWN,,EXACT_MANUFACTURER_SKU,,NO,نا موجود,UNAVAILABLE,NO,NO,NO,UNKNOWN_DATE,وضعیت column موجود/نا موجود; SOURCE_YEAR_UNPROVEN (Wave1A.1+WaveA),hesabfa_last_stock=None;synced=2026-07-28T09:39:23.032535+00:00;SEMANTICS=UNPROVEN,HIGH,NO
3516,3127-88,3127-88,INSIZE | اینسایز,INSIZE,STILL_ONLY_AVAILABILITY,insize.distributor.11shahrivar.65a92337,65a9233762d5ff23148c06843c11c54db45a30ba9ee21f51d9a33f554679938a,,UNKNOWN,,EXACT_MANUFACTURER_SKU,,NO,نا موجود,UNAVAILABLE,NO,NO,NO,UNKNOWN_DATE,وضعیت column موجود/نا موجود; SOURCE_YEAR_UNPROVEN (Wave1A.1+WaveA),hesabfa_last_stock=None;synced=2026-07-28T09:39:20.431163+00:00;SEMANTICS=UNPROVEN,HIGH,NO
3517,2863-10,2863-10,INSIZE | اینسایز,INSIZE,STILL_ONLY_AVAILABILITY,insize.distributor.11shahrivar.65a92337,65a9233762d5ff23148c06843c11c54db45a30ba9ee21f51d9a33f554679938a,,UNKNOWN,,EXACT_MANUFACTURER_SKU,,NO,نا موجود,UNAVAILABLE,NO,NO,NO,UNKNOWN_DATE,وضعیت column موجود/نا موجود; SOURCE_YEAR_UNPROVEN (Wave1A.1+WaveA),hesabfa_last_stock=None;synced=2026-07-28T09:39:19.289702+00:00;SEMANTICS=UNPROVEN,HIGH,NO
3518,2866-10,2866-10,INSIZE | اینسایز,INSIZE,STILL_ONLY_AVAILABILITY,insize.distributor.11shahrivar.65a92337,65a9233762d5ff23148c06843c11c54db45a30ba9ee21f51d9a33f554679938a,,UNKNOWN,,EXACT_MANUFACTURER_SKU,,NO,نا موجود,UNAVAILABLE,NO,NO,NO,UNKNOWN_DATE,وضعیت column موجود/نا موجود; SOURCE_YEAR_UNPROVEN (Wave1A.1+WaveA),hesabfa_last_stock=None;synced=2026-07-28T09:39:18.460327+00:00;SEMANTICS=UNPROVEN,HIGH,NO
3519,3227-8,3227-8,INSIZE | اینسایز,INSIZE,STILL_ONLY_AVAILABILITY,insize.distributor.11shahrivar.65a92337,65a9233762d5ff23148c06843c11c54db45a30ba9ee21f51d9a33f554679938a,,UNKNOWN,,EXACT_MANUFACTURER_SKU,,NO,نا موجود,UNAVAILABLE,NO,NO,NO,UNKNOWN_DATE,وضعیت column موجود/نا موجود; SOURCE_YEAR_UNPROVEN (Wave1A.1+WaveA),hesabfa_last_stock=None;synced=2026-07-28T09:39:17.369408+00:00;SEMANTICS=UNPROVEN,HIGH,NO
3520,2367-10,2367-10,INSIZE | اینسایز,INSIZE,STILL_ONLY_AVAILABILITY,insize.distributor.11shahrivar.65a92337,65a9233762d5ff23148c06843c11c54db45a30ba9ee21f51d9a33f554679938a,,UNKNOWN,,REGISTERED_INSIZE_TRAILING_A,SKU->2367-10A,NO,نا موجود,UNAVAILABLE,NO,NO,NO,UNKNOWN_DATE,وضعیت column موجود/نا موجود; SOURCE_YEAR_UNPROVEN (Wave1A.1+WaveA),hesabfa_last_stock=None;synced=2026-07-28T09:39:16.465392+00:00;SEMANTICS=UNPROVEN,HIGH,NO
3521,3227-10,3227-10,INSIZE | اینسایز,INSIZE,STILL_ONLY_AVAILABILITY,insize.distributor.11shahrivar.65a92337,65a9233762d5ff23148c06843c11c54db45a30ba9ee21f51d9a33f554679938a,,UNKNOWN,,EXACT_MANUFACTURER_SKU,,NO,نا موجود,UNAVAILABLE,NO,NO,NO,UNKNOWN_DATE,وضعیت column موجود/نا موجود; SOURCE_YEAR_UNPROVEN (Wave1A.1+WaveA),hesabfa_last_stock=None;synced=2026-07-28T09:39:15.555491+00:00;SEMANTICS=UNPROVEN,HIGH,NO
3523,3227-12,3227-12,INSIZE | اینسایز,INSIZE,STILL_ONLY_AVAILABILITY,insize.distributor.11shahrivar.65a92337,65a9233762d5ff23148c06843c11c54db45a30ba9ee21f51d9a33f554679938a,,UNKNOWN,,EXACT_MANUFACTURER_SKU,,NO,نا موجود,UNAVAILABLE,NO,NO,NO,UNKNOWN_DATE,وضعیت column موجود/نا موجود; SOURCE_YEAR_UNPROVEN (Wave1A.1+WaveA),hesabfa_last_stock=None;synced=2026-07-28T09:39:13.593803+00:00;SEMANTICS=UNPROVEN,HIGH,NO
3525,3227-16,3227-16,INSIZE | اینسایز,INSIZE,STILL_ONLY_AVAILABILITY,insize.distributor.11shahrivar.65a92337,65a9233762d5ff23148c06843c11c54db45a30ba9ee21f51d9a33f554679938a,,UNKNOWN,,EXACT_MANUFACTURER_SKU,,NO,نا موجود,UNAVAILABLE,NO,NO,NO,UNKNOWN_DATE,وضعیت column موجود/نا موجود; SOURCE_YEAR_UNPROVEN (Wave1A.1+WaveA),hesabfa_last_stock=None;synced=2026-07-28T09:39:11.888713+00:00;SEMANTICS=UNPROVEN,HIGH,NO
3526,3227-20,3227-20,INSIZE | اینسایز,INSIZE,STILL_ONLY_AVAILABILITY,insize.distributor.11shahrivar.65a92337,65a9233762d5ff23148c06843c11c54db45a30ba9ee21f51d9a33f554679938a,,UNKNOWN,,EXACT_MANUFACTURER_SKU,,NO,نا موجود,UNAVAILABLE,NO,NO,NO,UNKNOWN_DATE,وضعیت column موجود/نا موجود; SOURCE_YEAR_UNPROVEN (Wave1A.1+WaveA),hesabfa_last_stock=None;synced=2026-07-28T09:39:11.005386+00:00;SEMANTICS=UNPROVEN,HIGH,NO
3527,3520-50,3520-50,INSIZE | اینسایز,INSIZE,STILL_ONLY_AVAILABILITY,insize.distributor.11shahrivar.65a92337,65a9233762d5ff23148c06843c11c54db45a30ba9ee21f51d9a33f554679938a,,UNKNOWN,,EXACT_MANUFACTURER_SKU,,NO,نا موجود,UNAVAILABLE,NO,NO,NO,UNKNOWN_DATE,وضعیت column موجود/نا موجود; SOURCE_YEAR_UNPROVEN (Wave1A.1+WaveA),hesabfa_last_stock=None;synced=2026-07-28T09:39:10.124377+00:00;SEMANTICS=UNPROVEN,HIGH,NO
3528,3227-25,3227-25,INSIZE | اینسایز,INSIZE,STILL_ONLY_AVAILABILITY,insize.distributor.11shahrivar.65a92337,65a9233762d5ff23148c06843c11c54db45a30ba9ee21f51d9a33f554679938a,,UNKNOWN,,EXACT_MANUFACTURER_SKU,,NO,نا موجود,UNAVAILABLE,NO,NO,NO,UNKNOWN_DATE,وضعیت column موجود/نا موجود; SOURCE_YEAR_UNPROVEN (Wave1A.1+WaveA),hesabfa_last_stock=None;synced=2026-07-28T09:39:09.298578+00:00;SEMANTICS=UNPROVEN,HIGH,NO
3529,3227-30,3227-30,INSIZE | اینسایز,INSIZE,STILL_ONLY_AVAILABILITY,insize.distributor.11shahrivar.65a92337,65a9233762d5ff23148c06843c11c54db45a30ba9ee21f51d9a33f554679938a,,UNKNOWN,,EXACT_MANUFACTURER_SKU,,NO,نا موجود,UNAVAILABLE,NO,NO,NO,UNKNOWN_DATE,وضعیت column موجود/نا موجود; SOURCE_YEAR_UNPROVEN (Wave1A.1+WaveA),hesabfa_last_stock=None;synced=2026-07-28T09:39:08.510499+00:00;SEMANTICS=UNPROVEN,HIGH,NO
3530,3227-40,3227-40,INSIZE | اینسایز,INSIZE,STILL_ONLY_AVAILABILITY,insize.distributor.11shahrivar.65a92337,65a9233762d5ff23148c06843c11c54db45a30ba9ee21f51d9a33f554679938a,,UNKNOWN,,EXACT_MANUFACTURER_SKU,,NO,نا موجود,UNAVAILABLE,NO,NO,NO,UNKNOWN_DATE,وضعیت column موجود/نا موجود; SOURCE_YEAR_UNPROVEN (Wave1A.1+WaveA),hesabfa_last_stock=None;synced=2026-07-28T09:39:07.690423+00:00;SEMANTICS=UNPROVEN,HIGH,NO
3531,3227-50,3227-50,INSIZE | اینسایز,INSIZE,STILL_ONLY_AVAILABILITY,insize.distributor.11shahrivar.65a92337,65a9233762d5ff23148c06843c11c54db45a30ba9ee21f51d9a33f554679938a,,UNKNOWN,,EXACT_MANUFACTURER_SKU,,NO,نا موجود,UNAVAILABLE,NO,NO,NO,UNKNOWN_DATE,وضعیت column موجود/نا موجود; SOURCE_YEAR_UNPROVEN (Wave1A.1+WaveA),hesabfa_last_stock=None;synced=2026-07-28T09:39:06.815464+00:00;SEMANTICS=UNPROVEN,HIGH,NO
3532,3227-63,3227-63,INSIZE | اینسایز,INSIZE,STILL_ONLY_AVAILABILITY,insize.distributor.11shahrivar.65a92337,65a9233762d5ff23148c06843c11c54db45a30ba9ee21f51d9a33f554679938a,,UNKNOWN,,EXACT_MANUFACTURER_SKU,,NO,نا موجود,UNAVAILABLE,NO,NO,NO,UNKNOWN_DATE,وضعیت column موجود/نا موجود; SOURCE_YEAR_UNPROVEN (Wave1A.1+WaveA),hesabfa_last_stock=None;synced=2026-07-28T09:39:05.845698+00:00;SEMANTICS=UNPROVEN,HIGH,NO
3533,3227-75,3227-75,INSIZE | اینسایز,INSIZE,STILL_ONLY_AVAILABILITY,insize.distributor.11shahrivar.65a92337,65a9233762d5ff23148c06843c11c54db45a30ba9ee21f51d9a33f554679938a,,UNKNOWN,,EXACT_MANUFACTURER_SKU,,NO,نا موجود,UNAVAILABLE,NO,NO,NO,UNKNOWN_DATE,وضعیت column موجود/نا موجود; SOURCE_YEAR_UNPROVEN (Wave1A.1+WaveA),hesabfa_last_stock=None;synced=2026-07-28T09:39:05.008403+00:00;SEMANTICS=UNPROVEN,HIGH,NO
3534,3520-75,3520-75,INSIZE | اینسایز,INSIZE,STILL_ONLY_AVAILABILITY,insize.distributor.11shahrivar.65a92337,65a9233762d5ff23148c06843c11c54db45a30ba9ee21f51d9a33f554679938a,,UNKNOWN,,EXACT_MANUFACTURER_SKU,,NO,نا موجود,UNAVAILABLE,NO,NO,NO,UNKNOWN_DATE,وضعیت column موجود/نا موجود; SOURCE_YEAR_UNPROVEN (Wave1A.1+WaveA),hesabfa_last_stock=None;synced=2026-07-28T09:39:04.087307+00:00;SEMANTICS=UNPROVEN,HIGH,NO
3535,3227-88,3227-88,INSIZE | اینسایز,INSIZE,STILL_ONLY_AVAILABILITY,insize.distributor.11shahrivar.65a92337,65a9233762d5ff23148c06843c11c54db45a30ba9ee21f51d9a33f554679938a,,UNKNOWN,,EXACT_MANUFACTURER_SKU,,NO,نا موجود,UNAVAILABLE,NO,NO,NO,UNKNOWN_DATE,وضعیت column موجود/نا موجود; SOURCE_YEAR_UNPROVEN (Wave1A.1+WaveA),hesabfa_last_stock=None;synced=2026-07-28T09:39:03.135545+00:00;SEMANTICS=UNPROVEN,HIGH,NO
3536,3227-1004,3227-1004,INSIZE | اینسایز,INSIZE,STILL_ONLY_AVAILABILITY,insize.distributor.11shahrivar.65a92337,65a9233762d5ff23148c06843c11c54db45a30ba9ee21f51d9a33f554679938a,,UNKNOWN,,EXACT_MANUFACTURER_SKU,,NO,نا موجود,UNAVAILABLE,NO,NO,NO,UNKNOWN_DATE,وضعیت column موجود/نا موجود; SOURCE_YEAR_UNPROVEN (Wave1A.1+WaveA),hesabfa_last_stock=None;synced=2026-07-28T09:39:02.259730+00:00;SEMANTICS=UNPROVEN,HIGH,NO
3542,6210-81,,INSIZE | اینسایز,INSIZE,STILL_ONLY_AVAILABILITY,insize.distributor.11shahrivar.65a92337,65a9233762d5ff23148c06843c11c54db45a30ba9ee21f51d9a33f554679938a,,UNKNOWN,,EXACT_SKU,,NO,نا موجود,UNAVAILABLE,NO,NO,NO,UNKNOWN_DATE,وضعیت column موجود/نا موجود; SOURCE_YEAR_UNPROVEN (Wave1A.1+WaveA),hesabfa_last_stock=None;synced=2026-07-28T09:38:57.229316+00:00;SEMANTICS=UNPROVEN,HIGH,NO
3550,3109-25,3109-25,INSIZE | اینسایز,INSIZE,STILL_ONLY_AVAILABILITY,insize.distributor.11shahrivar.65a92337,65a9233762d5ff23148c06843c11c54db45a30ba9ee21f51d9a33f554679938a,,UNKNOWN,,REGISTERED_INSIZE_TRAILING_A,SKU->3109-25A,NO,موجود,AVAILABLE,NO,NO,NO,UNKNOWN_DATE,وضعیت column موجود/نا موجود; SOURCE_YEAR_UNPROVEN (Wave1A.1+WaveA),hesabfa_last_stock=None;synced=2026-07-28T09:38:50.156947+00:00;SEMANTICS=UNPROVEN,HIGH,YES
3556,3203-25,3203-25,INSIZE | اینسایز,INSIZE,STILL_ONLY_AVAILABILITY,insize.distributor.11shahrivar.65a92337,65a9233762d5ff23148c06843c11c54db45a30ba9ee21f51d9a33f554679938a,,UNKNOWN,,REGISTERED_INSIZE_TRAILING_A,SKU->3203-25A,NO,موجود,AVAILABLE,NO,NO,NO,UNKNOWN_DATE,وضعیت column موجود/نا موجود; SOURCE_YEAR_UNPROVEN (Wave1A.1+WaveA),hesabfa_last_stock=2.0;synced=2026-07-28T09:38:44.992669+00:00;SEMANTICS=UNPROVEN,HIGH,YES
3570,4621-80,4621-80,INSIZE | اینسایز,INSIZE,STILL_ONLY_AVAILABILITY,insize.distributor.11shahrivar.65a92337,65a9233762d5ff23148c06843c11c54db45a30ba9ee21f51d9a33f554679938a,,UNKNOWN,,EXACT_MANUFACTURER_SKU,,NO,نا موجود,UNAVAILABLE,NO,NO,NO,UNKNOWN_DATE,وضعیت column موجود/نا موجود; SOURCE_YEAR_UNPROVEN (Wave1A.1+WaveA),hesabfa_last_stock=None;synced=2026-07-28T09:38:33.306346+00:00;SEMANTICS=UNPROVEN,HIGH,YES
3572,4166-0D,4166-0D,INSIZE | اینسایز,INSIZE,STILL_ONLY_AVAILABILITY,insize.distributor.11shahrivar.65a92337,65a9233762d5ff23148c06843c11c54db45a30ba9ee21f51d9a33f554679938a,,UNKNOWN,,EXACT_MANUFACTURER_SKU,,NO,نا موجود,UNAVAILABLE,NO,NO,NO,UNKNOWN_DATE,وضعیت column موجود/نا موجود; SOURCE_YEAR_UNPROVEN (Wave1A.1+WaveA),hesabfa_last_stock=None;synced=2026-07-28T09:38:31.695425+00:00;SEMANTICS=UNPROVEN,HIGH,NO
3576,7110-1500,,INSIZE | اینسایز,INSIZE,STILL_ONLY_AVAILABILITY,insize.distributor.11shahrivar.65a92337,65a9233762d5ff23148c06843c11c54db45a30ba9ee21f51d9a33f554679938a,,UNKNOWN,,EXACT_SKU,,NO,نا موجود,UNAVAILABLE,NO,NO,NO,UNKNOWN_DATE,وضعیت column موجود/نا موجود; SOURCE_YEAR_UNPROVEN (Wave1A.1+WaveA),hesabfa_last_stock=None;synced=2026-07-28T09:38:28.200952+00:00;SEMANTICS=UNPROVEN,HIGH,NO
3579,4166-1,4166-1,INSIZE | اینسایز,INSIZE,STILL_ONLY_AVAILABILITY,insize.distributor.11shahrivar.65a92337,65a9233762d5ff23148c06843c11c54db45a30ba9ee21f51d9a33f554679938a,,UNKNOWN,,EXACT_MANUFACTURER_SKU,,NO,نا موجود,UNAVAILABLE,NO,NO,NO,UNKNOWN_DATE,وضعیت column موجود/نا موجود; SOURCE_YEAR_UNPROVEN (Wave1A.1+WaveA),hesabfa_last_stock=None;synced=2026-07-28T09:38:25.594200+00:00;SEMANTICS=UNPROVEN,HIGH,NO
3582,4166-1D,4166-1D,INSIZE | اینسایز,INSIZE,STILL_ONLY_AVAILABILITY,insize.distributor.11shahrivar.65a92337,65a9233762d5ff23148c06843c11c54db45a30ba9ee21f51d9a33f554679938a,,UNKNOWN,,EXACT_MANUFACTURER_SKU,,NO,نا موجود,UNAVAILABLE,NO,NO,NO,UNKNOWN_DATE,وضعیت column موجود/نا موجود; SOURCE_YEAR_UNPROVEN (Wave1A.1+WaveA),hesabfa_last_stock=None;synced=2026-07-28T09:38:22.967883+00:00;SEMANTICS=UNPROVEN,HIGH,NO
3583,1240-5001,1240-5001,INSIZE | اینسایز,INSIZE,STILL_ONLY_AVAILABILITY,insize.distributor.11shahrivar.65a92337,65a9233762d5ff23148c06843c11c54db45a30ba9ee21f51d9a33f554679938a,,UNKNOWN,,EXACT_MANUFACTURER_SKU,,NO,نا موجود,UNAVAILABLE,NO,NO,NO,UNKNOWN_DATE,وضعیت column موجود/نا موجود; SOURCE_YEAR_UNPROVEN (Wave1A.1+WaveA),hesabfa_last_stock=None;synced=2026-07-28T09:38:22.166775+00:00;SEMANTICS=UNPROVEN,HIGH,NO
3584,4166-2,4166-2,INSIZE | اینسایز,INSIZE,STILL_ONLY_AVAILABILITY,insize.distributor.11shahrivar.65a92337,65a9233762d5ff23148c06843c11c54db45a30ba9ee21f51d9a33f554679938a,,UNKNOWN,,EXACT_MANUFACTURER_SKU,,NO,نا موجود,UNAVAILABLE,NO,NO,NO,UNKNOWN_DATE,وضعیت column موجود/نا موجود; SOURCE_YEAR_UNPROVEN (Wave1A.1+WaveA),hesabfa_last_stock=None;synced=2026-07-28T09:38:21.255438+00:00;SEMANTICS=UNPROVEN,HIGH,NO
3585,4166-2D,4166-2D,INSIZE | اینسایز,INSIZE,STILL_ONLY_AVAILABILITY,insize.distributor.11shahrivar.65a92337,65a9233762d5ff23148c06843c11c54db45a30ba9ee21f51d9a33f554679938a,,UNKNOWN,,EXACT_MANUFACTURER_SKU,,NO,نا موجود,UNAVAILABLE,NO,NO,NO,UNKNOWN_DATE,وضعیت column موجود/نا موجود; SOURCE_YEAR_UNPROVEN (Wave1A.1+WaveA),hesabfa_last_stock=None;synced=2026-07-28T09:38:20.335162+00:00;SEMANTICS=UNPROVEN,HIGH,NO
3586,4166-3,4166-3,INSIZE | اینسایز,INSIZE,STILL_ONLY_AVAILABILITY,insize.distributor.11shahrivar.65a92337,65a9233762d5ff23148c06843c11c54db45a30ba9ee21f51d9a33f554679938a,,UNKNOWN,,EXACT_MANUFACTURER_SKU,,NO,نا موجود,UNAVAILABLE,NO,NO,NO,UNKNOWN_DATE,وضعیت column موجود/نا موجود; SOURCE_YEAR_UNPROVEN (Wave1A.1+WaveA),hesabfa_last_stock=None;synced=2026-07-28T09:38:19.517036+00:00;SEMANTICS=UNPROVEN,HIGH,NO
3587,4166-4,4166-4,INSIZE | اینسایز,INSIZE,STILL_ONLY_AVAILABILITY,insize.distributor.11shahrivar.65a92337,65a9233762d5ff23148c06843c11c54db45a30ba9ee21f51d9a33f554679938a,,UNKNOWN,,EXACT_MANUFACTURER_SKU,,NO,نا موجود,UNAVAILABLE,NO,NO,NO,UNKNOWN_DATE,وضعیت column موجود/نا موجود; SOURCE_YEAR_UNPROVEN (Wave1A.1+WaveA),hesabfa_last_stock=None;synced=2026-07-28T09:38:18.699346+00:00;SEMANTICS=UNPROVEN,HIGH,NO
3588,4166-4D,4166-4D,INSIZE | اینسایز,INSIZE,STILL_ONLY_AVAILABILITY,insize.distributor.11shahrivar.65a92337,65a9233762d5ff23148c06843c11c54db45a30ba9ee21f51d9a33f554679938a,,UNKNOWN,,EXACT_MANUFACTURER_SKU,,NO,نا موجود,UNAVAILABLE,NO,NO,NO,UNKNOWN_DATE,وضعیت column موجود/نا موجود; SOURCE_YEAR_UNPROVEN (Wave1A.1+WaveA),hesabfa_last_stock=None;synced=2026-07-28T09:38:17.862074+00:00;SEMANTICS=UNPROVEN,HIGH,NO
3589,4166-5,4166-5,INSIZE | اینسایز,INSIZE,STILL_ONLY_AVAILABILITY,insize.distributor.11shahrivar.65a92337,65a9233762d5ff23148c06843c11c54db45a30ba9ee21f51d9a33f554679938a,,UNKNOWN,,EXACT_MANUFACTURER_SKU,,NO,نا موجود,UNAVAILABLE,NO,NO,NO,UNKNOWN_DATE,وضعیت column موجود/نا موجود; SOURCE_YEAR_UNPROVEN (Wave1A.1+WaveA),hesabfa_last_stock=None;synced=2026-07-28T09:38:17.045176+00:00;SEMANTICS=UNPROVEN,HIGH,NO
3590,4166-5D,4166-5D,INSIZE | اینسایز,INSIZE,STILL_ONLY_AVAILABILITY,insize.distributor.11shahrivar.65a92337,65a9233762d5ff23148c06843c11c54db45a30ba9ee21f51d9a33f554679938a,,UNKNOWN,,EXACT_MANUFACTURER_SKU,,NO,نا موجود,UNAVAILABLE,NO,NO,NO,UNKNOWN_DATE,وضعیت column موجود/نا موجود; SOURCE_YEAR_UNPROVEN (Wave1A.1+WaveA),hesabfa_last_stock=None;synced=2026-07-28T09:38:16.246451+00:00;SEMANTICS=UNPROVEN,HIGH,NO
3591,4166-6,4166-6,INSIZE | اینسایز,INSIZE,STILL_ONLY_AVAILABILITY,insize.distributor.11shahrivar.65a92337,65a9233762d5ff23148c06843c11c54db45a30ba9ee21f51d9a33f554679938a,,UNKNOWN,,EXACT_MANUFACTURER_SKU,,NO,نا موجود,UNAVAILABLE,NO,NO,NO,UNKNOWN_DATE,وضعیت column موجود/نا موجود; SOURCE_YEAR_UNPROVEN (Wave1A.1+WaveA),hesabfa_last_stock=None;synced=2026-07-28T09:38:15.156582+00:00;SEMANTICS=UNPROVEN,HIGH,NO
3592,1145-25,1145-25,INSIZE | اینسایز,INSIZE,STILL_ONLY_AVAILABILITY,insize.distributor.11shahrivar.65a92337,65a9233762d5ff23148c06843c11c54db45a30ba9ee21f51d9a33f554679938a,,UNKNOWN,,REGISTERED_INSIZE_TRAILING_A,SKU->1145-25A,NO,نا موجود,UNAVAILABLE,NO,NO,NO,UNKNOWN_DATE,وضعیت column موجود/نا موجود; SOURCE_YEAR_UNPROVEN (Wave1A.1+WaveA),hesabfa_last_stock=None;synced=2026-07-28T09:38:14.309701+00:00;SEMANTICS=UNPROVEN,HIGH,NO
3593,4166-6D,4166-6D,INSIZE | اینسایز,INSIZE,STILL_ONLY_AVAILABILITY,insize.distributor.11shahrivar.65a92337,65a9233762d5ff23148c06843c11c54db45a30ba9ee21f51d9a33f554679938a,,UNKNOWN,,EXACT_MANUFACTURER_SKU,,NO,نا موجود,UNAVAILABLE,NO,NO,NO,UNKNOWN_DATE,وضعیت column موجود/نا موجود; SOURCE_YEAR_UNPROVEN (Wave1A.1+WaveA),hesabfa_last_stock=None;synced=2026-07-28T09:38:13.266302+00:00;SEMANTICS=UNPROVEN,HIGH,NO
3594,4166-7,4166-7,INSIZE | اینسایز,INSIZE,STILL_ONLY_AVAILABILITY,insize.distributor.11shahrivar.65a92337,65a9233762d5ff23148c06843c11c54db45a30ba9ee21f51d9a33f554679938a,,UNKNOWN,,EXACT_MANUFACTURER_SKU,,NO,نا موجود,UNAVAILABLE,NO,NO,NO,UNKNOWN_DATE,وضعیت column موجود/نا موجود; SOURCE_YEAR_UNPROVEN (Wave1A.1+WaveA),hesabfa_last_stock=None;synced=2026-07-28T09:38:12.349085+00:00;SEMANTICS=UNPROVEN,HIGH,NO
3595,1140-50,1140-50,INSIZE | اینسایز,INSIZE,STILL_ONLY_AVAILABILITY,insize.distributor.11shahrivar.65a92337,65a9233762d5ff23148c06843c11c54db45a30ba9ee21f51d9a33f554679938a,,UNKNOWN,,EXACT_MANUFACTURER_SKU,,NO,نا موجود,UNAVAILABLE,NO,NO,NO,UNKNOWN_DATE,وضعیت column موجود/نا موجود; SOURCE_YEAR_UNPROVEN (Wave1A.1+WaveA),hesabfa_last_stock=None;synced=2026-07-28T09:38:11.513651+00:00;SEMANTICS=UNPROVEN,HIGH,NO
3596,4166-7D,4166-7D,INSIZE | اینسایز,INSIZE,STILL_ONLY_AVAILABILITY,insize.distributor.11shahrivar.65a92337,65a9233762d5ff23148c06843c11c54db45a30ba9ee21f51d9a33f554679938a,,UNKNOWN,,EXACT_MANUFACTURER_SKU,,NO,نا موجود,UNAVAILABLE,NO,NO,NO,UNKNOWN_DATE,وضعیت column موجود/نا موجود; SOURCE_YEAR_UNPROVEN (Wave1A.1+WaveA),hesabfa_last_stock=None;synced=2026-07-28T09:38:10.648866+00:00;SEMANTICS=UNPROVEN,HIGH,NO
3597,4166-9,4166-9,INSIZE | اینسایز,INSIZE,STILL_ONLY_AVAILABILITY,insize.distributor.11shahrivar.65a92337,65a9233762d5ff23148c06843c11c54db45a30ba9ee21f51d9a33f554679938a,,UNKNOWN,,EXACT_MANUFACTURER_SKU,,NO,نا موجود,UNAVAILABLE,NO,NO,NO,UNKNOWN_DATE,وضعیت column موجود/نا موجود; SOURCE_YEAR_UNPROVEN (Wave1A.1+WaveA),hesabfa_last_stock=None;synced=2026-07-28T09:38:09.706999+00:00;SEMANTICS=UNPROVEN,HIGH,NO
3598,4166-8,4166-8,INSIZE | اینسایز,INSIZE,STILL_ONLY_AVAILABILITY,insize.distributor.11shahrivar.65a92337,65a9233762d5ff23148c06843c11c54db45a30ba9ee21f51d9a33f554679938a,,UNKNOWN,,EXACT_MANUFACTURER_SKU,,NO,نا موجود,UNAVAILABLE,NO,NO,NO,UNKNOWN_DATE,وضعیت column موجود/نا موجود; SOURCE_YEAR_UNPROVEN (Wave1A.1+WaveA),hesabfa_last_stock=None;synced=2026-07-28T09:38:08.837687+00:00;SEMANTICS=UNPROVEN,HIGH,NO
3599,3240-25,3240-25,INSIZE | اینسایز,INSIZE,STILL_ONLY_AVAILABILITY,insize.distributor.11shahrivar.65a92337,65a9233762d5ff23148c06843c11c54db45a30ba9ee21f51d9a33f554679938a,,UNKNOWN,,EXACT_MANUFACTURER_SKU,,NO,نا موجود,UNAVAILABLE,NO,NO,NO,UNKNOWN_DATE,وضعیت column موجود/نا موجود; SOURCE_YEAR_UNPROVEN (Wave1A.1+WaveA),hesabfa_last_stock=None;synced=2026-07-28T09:38:07.743599+00:00;SEMANTICS=UNPROVEN,HIGH,NO
3600,4166-8D,4166-8D,INSIZE | اینسایز,INSIZE,STILL_ONLY_AVAILABILITY,insize.distributor.11shahrivar.65a92337,65a9233762d5ff23148c06843c11c54db45a30ba9ee21f51d9a33f554679938a,,UNKNOWN,,EXACT_MANUFACTURER_SKU,,NO,نا موجود,UNAVAILABLE,NO,NO,NO,UNKNOWN_DATE,وضعیت column موجود/نا موجود; SOURCE_YEAR_UNPROVEN (Wave1A.1+WaveA),hesabfa_last_stock=None;synced=2026-07-28T09:38:06.826919+00:00;SEMANTICS=UNPROVEN,HIGH,NO
3601,4166-9D,4166-9D,INSIZE | اینسایز,INSIZE,STILL_ONLY_AVAILABILITY,insize.distributor.11shahrivar.65a92337,65a9233762d5ff23148c06843c11c54db45a30ba9ee21f51d9a33f554679938a,,UNKNOWN,,EXACT_MANUFACTURER_SKU,,NO,نا موجود,UNAVAILABLE,NO,NO,NO,UNKNOWN_DATE,وضعیت column موجود/نا موجود; SOURCE_YEAR_UNPROVEN (Wave1A.1+WaveA),hesabfa_last_stock=None;synced=2026-07-28T09:38:05.968615+00:00;SEMANTICS=UNPROVEN,HIGH,NO
3603,4790-0150,4790-0150,INSIZE | اینسایز,INSIZE,STILL_ONLY_AVAILABILITY,insize.distributor.11shahrivar.65a92337,65a9233762d5ff23148c06843c11c54db45a30ba9ee21f51d9a33f554679938a,,UNKNOWN,,EXACT_MANUFACTURER_SKU,,NO,نا موجود,UNAVAILABLE,NO,NO,NO,UNKNOWN_DATE,وضعیت column موجود/نا موجود; SOURCE_YEAR_UNPROVEN (Wave1A.1+WaveA),hesabfa_last_stock=None;synced=2026-07-28T09:38:03.662856+00:00;SEMANTICS=UNPROVEN,HIGH,NO
3605,4745-1120,4745-1120,INSIZE | اینسایز,INSIZE,STILL_ONLY_AVAILABILITY,insize.distributor.11shahrivar.65a92337,65a9233762d5ff23148c06843c11c54db45a30ba9ee21f51d9a33f554679938a,,UNKNOWN,,EXACT_MANUFACTURER_SKU,,NO,نا موجود,UNAVAILABLE,NO,NO,NO,UNKNOWN_DATE,وضعیت column موجود/نا موجود; SOURCE_YEAR_UNPROVEN (Wave1A.1+WaveA),hesabfa_last_stock=None;synced=2026-07-28T09:38:01.933640+00:00;SEMANTICS=UNPROVEN,HIGH,NO
3606,7114-2200,7114-2200,INSIZE | اینسایز,INSIZE,STILL_ONLY_AVAILABILITY,insize.distributor.11shahrivar.65a92337,65a9233762d5ff23148c06843c11c54db45a30ba9ee21f51d9a33f554679938a,,UNKNOWN,,EXACT_MANUFACTURER_SKU,,NO,نا موجود,UNAVAILABLE,NO,NO,NO,UNKNOWN_DATE,وضعیت column موجود/نا موجود; SOURCE_YEAR_UNPROVEN (Wave1A.1+WaveA),hesabfa_last_stock=None;synced=2026-07-28T09:38:01.107141+00:00;SEMANTICS=UNPROVEN,HIGH,YES
3608,7143-50,,INSIZE | اینسایز,INSIZE,STILL_ONLY_AVAILABILITY,insize.distributor.11shahrivar.65a92337,65a9233762d5ff23148c06843c11c54db45a30ba9ee21f51d9a33f554679938a,,UNKNOWN,,EXACT_SKU,,NO,نا موجود,UNAVAILABLE,NO,NO,NO,UNKNOWN_DATE,وضعیت column موجود/نا موجود; SOURCE_YEAR_UNPROVEN (Wave1A.1+WaveA),hesabfa_last_stock=None;synced=2026-07-28T09:37:59.532393+00:00;SEMANTICS=UNPROVEN,HIGH,NO
3613,2112-50,2112-50,INSIZE | اینسایز,INSIZE,STILL_ONLY_AVAILABILITY,insize.distributor.11shahrivar.65a92337,65a9233762d5ff23148c06843c11c54db45a30ba9ee21f51d9a33f554679938a,,UNKNOWN,,EXACT_MANUFACTURER_SKU,,NO,نا موجود,UNAVAILABLE,NO,NO,NO,UNKNOWN_DATE,وضعیت column موجود/نا موجود; SOURCE_YEAR_UNPROVEN (Wave1A.1+WaveA),hesabfa_last_stock=None;synced=2026-07-28T09:37:55.325865+00:00;SEMANTICS=UNPROVEN,HIGH,NO
3618,2310-30,2310-30,INSIZE | اینسایز,INSIZE,STILL_ONLY_AVAILABILITY,insize.distributor.11shahrivar.65a92337,65a9233762d5ff23148c06843c11c54db45a30ba9ee21f51d9a33f554679938a,,UNKNOWN,,REGISTERED_INSIZE_TRAILING_A,SKU->2310-30A,NO,موجود,AVAILABLE,NO,NO,NO,UNKNOWN_DATE,وضعیت column موجود/نا موجود; SOURCE_YEAR_UNPROVEN (Wave1A.1+WaveA),hesabfa_last_stock=None;synced=2026-07-28T09:37:51.053250+00:00;SEMANTICS=UNPROVEN,HIGH,YES
3620,2313-1,,INSIZE | اینسایز,INSIZE,STILL_ONLY_AVAILABILITY,insize.distributor.11shahrivar.65a92337,65a9233762d5ff23148c06843c11c54db45a30ba9ee21f51d9a33f554679938a,,UNKNOWN,,REGISTERED_INSIZE_TRAILING_A,SKU->2313-1A,NO,موجود,AVAILABLE,NO,NO,NO,UNKNOWN_DATE,وضعیت column موجود/نا موجود; SOURCE_YEAR_UNPROVEN (Wave1A.1+WaveA),hesabfa_last_stock=None;synced=2026-07-28T09:37:49.400010+00:00;SEMANTICS=UNPROVEN,HIGH,YES
3623,2318-10,2318-10,INSIZE | اینسایز,INSIZE,STILL_ONLY_AVAILABILITY,insize.distributor.11shahrivar.65a92337,65a9233762d5ff23148c06843c11c54db45a30ba9ee21f51d9a33f554679938a,,UNKNOWN,,EXACT_MANUFACTURER_SKU,,NO,نا موجود,UNAVAILABLE,NO,NO,NO,UNKNOWN_DATE,وضعیت column موجود/نا موجود; SOURCE_YEAR_UNPROVEN (Wave1A.1+WaveA),hesabfa_last_stock=None;synced=2026-07-28T09:37:46.857461+00:00;SEMANTICS=UNPROVEN,HIGH,NO
3624,2318-30,2318-30,INSIZE | اینسایز,INSIZE,STILL_ONLY_AVAILABILITY,insize.distributor.11shahrivar.65a92337,65a9233762d5ff23148c06843c11c54db45a30ba9ee21f51d9a33f554679938a,,UNKNOWN,,EXACT_MANUFACTURER_SKU,,NO,نا موجود,UNAVAILABLE,NO,NO,NO,UNKNOWN_DATE,وضعیت column موجود/نا موجود; SOURCE_YEAR_UNPROVEN (Wave1A.1+WaveA),hesabfa_last_stock=None;synced=2026-07-28T09:36:14.246393+00:00;SEMANTICS=UNPROVEN,HIGH,NO
3625,2114-5F,2114-5F,INSIZE | اینسایز,INSIZE,STILL_ONLY_AVAILABILITY,insize.distributor.11shahrivar.65a92337,65a9233762d5ff23148c06843c11c54db45a30ba9ee21f51d9a33f554679938a,,UNKNOWN,,EXACT_MANUFACTURER_SKU,,NO,نا موجود,UNAVAILABLE,NO,NO,NO,UNKNOWN_DATE,وضعیت column موجود/نا موجود; SOURCE_YEAR_UNPROVEN (Wave1A.1+WaveA),hesabfa_last_stock=None;synced=2026-07-28T09:36:13.185040+00:00;SEMANTICS=UNPROVEN,HIGH,NO
3626,2103-10,2103-10,INSIZE | اینسایز,INSIZE,STILL_ONLY_AVAILABILITY,insize.distributor.11shahrivar.65a92337,65a9233762d5ff23148c06843c11c54db45a30ba9ee21f51d9a33f554679938a,,UNKNOWN,,EXACT_MANUFACTURER_SKU,,NO,نا موجود,UNAVAILABLE,NO,NO,NO,UNKNOWN_DATE,وضعیت column موجود/نا موجود; SOURCE_YEAR_UNPROVEN (Wave1A.1+WaveA),hesabfa_last_stock=None;synced=2026-07-28T09:36:11.484421+00:00;SEMANTICS=UNPROVEN,HIGH,NO
3627,2118-10,2118-10,INSIZE | اینسایز,INSIZE,STILL_ONLY_AVAILABILITY,insize.distributor.11shahrivar.65a92337,65a9233762d5ff23148c06843c11c54db45a30ba9ee21f51d9a33f554679938a,,UNKNOWN,,EXACT_MANUFACTURER_SKU,,NO,نا موجود,UNAVAILABLE,NO,NO,NO,UNKNOWN_DATE,وضعیت column موجود/نا موجود; SOURCE_YEAR_UNPROVEN (Wave1A.1+WaveA),hesabfa_last_stock=None;synced=2026-07-28T09:36:10.631117+00:00;SEMANTICS=UNPROVEN,HIGH,NO
3628,2852-10,2852-10,INSIZE | اینسایز,INSIZE,STILL_ONLY_AVAILABILITY,insize.distributor.11shahrivar.65a92337,65a9233762d5ff23148c06843c11c54db45a30ba9ee21f51d9a33f554679938a,,UNKNOWN,,EXACT_MANUFACTURER_SKU,,NO,نا موجود,UNAVAILABLE,NO,NO,NO,UNKNOWN_DATE,وضعیت column موجود/نا موجود; SOURCE_YEAR_UNPROVEN (Wave1A.1+WaveA),hesabfa_last_stock=None;synced=2026-07-28T09:36:09.669918+00:00;SEMANTICS=UNPROVEN,HIGH,NO
3634,1214-2000,1214-2000,INSIZE | اینسایز,INSIZE,STILL_ONLY_AVAILABILITY,insize.distributor.11shahrivar.65a92337,65a9233762d5ff23148c06843c11c54db45a30ba9ee21f51d9a33f554679938a,,UNKNOWN,,EXACT_MANUFACTURER_SKU,,NO,نا موجود,UNAVAILABLE,NO,NO,NO,UNKNOWN_DATE,وضعیت column موجود/نا موجود; SOURCE_YEAR_UNPROVEN (Wave1A.1+WaveA),hesabfa_last_stock=None;synced=2026-07-28T09:36:04.523154+00:00;SEMANTICS=UNPROVEN,HIGH,NO
3635,1150-1000,1150-1000,INSIZE | اینسایز,INSIZE,STILL_ONLY_AVAILABILITY,insize.distributor.11shahrivar.65a92337,65a9233762d5ff23148c06843c11c54db45a30ba9ee21f51d9a33f554679938a,,UNKNOWN,,EXACT_MANUFACTURER_SKU,,NO,نا موجود,UNAVAILABLE,NO,NO,NO,UNKNOWN_DATE,وضعیت column موجود/نا موجود; SOURCE_YEAR_UNPROVEN (Wave1A.1+WaveA),hesabfa_last_stock=None;synced=2026-07-28T09:36:03.342688+00:00;SEMANTICS=UNPROVEN,HIGH,NO
3636,1140-25,1140-25,INSIZE | اینسایز,INSIZE,STILL_ONLY_AVAILABILITY,insize.distributor.11shahrivar.65a92337,65a9233762d5ff23148c06843c11c54db45a30ba9ee21f51d9a33f554679938a,,UNKNOWN,,EXACT_MANUFACTURER_SKU,,NO,نا موجود,UNAVAILABLE,NO,NO,NO,UNKNOWN_DATE,وضعیت column موجود/نا موجود; SOURCE_YEAR_UNPROVEN (Wave1A.1+WaveA),hesabfa_last_stock=None;synced=2026-07-28T09:36:02.525290+00:00;SEMANTICS=UNPROVEN,HIGH,NO
3642,3291-25,3291-25,INSIZE | اینسایز,INSIZE,STILL_ONLY_AVAILABILITY,insize.distributor.11shahrivar.65a92337,65a9233762d5ff23148c06843c11c54db45a30ba9ee21f51d9a33f554679938a,,UNKNOWN,,EXACT_MANUFACTURER_SKU,,NO,نا موجود,UNAVAILABLE,NO,NO,NO,UNKNOWN_DATE,وضعیت column موجود/نا موجود; SOURCE_YEAR_UNPROVEN (Wave1A.1+WaveA),hesabfa_last_stock=None;synced=2026-07-28T09:35:57.534106+00:00;SEMANTICS=UNPROVEN,HIGH,NO
3645,3520-30,3520-30,INSIZE | اینسایز,INSIZE,STILL_ONLY_AVAILABILITY,insize.distributor.11shahrivar.65a92337,65a9233762d5ff23148c06843c11c54db45a30ba9ee21f51d9a33f554679938a,,UNKNOWN,,EXACT_MANUFACTURER_SKU,,NO,نا موجود,UNAVAILABLE,NO,NO,NO,UNKNOWN_DATE,وضعیت column موجود/نا موجود; SOURCE_YEAR_UNPROVEN (Wave1A.1+WaveA),hesabfa_last_stock=None;synced=2026-07-28T09:35:55.035659+00:00;SEMANTICS=UNPROVEN,HIGH,NO
3646,3222-1000,3222-1000,INSIZE | اینسایز,INSIZE,STILL_ONLY_AVAILABILITY,insize.distributor.11shahrivar.65a92337,65a9233762d5ff23148c06843c11c54db45a30ba9ee21f51d9a33f554679938a,,UNKNOWN,,EXACT_MANUFACTURER_SKU,,NO,نا موجود,UNAVAILABLE,NO,NO,NO,UNKNOWN_DATE,وضعیت column موجود/نا موجود; SOURCE_YEAR_UNPROVEN (Wave1A.1+WaveA),hesabfa_last_stock=None;synced=2026-07-28T09:35:54.266162+00:00;SEMANTICS=UNPROVEN,HIGH,NO
3647,3222-1500,,INSIZE | اینسایز,INSIZE,STILL_ONLY_AVAILABILITY,insize.distributor.11shahrivar.65a92337,65a9233762d5ff23148c06843c11c54db45a30ba9ee21f51d9a33f554679938a,,UNKNOWN,,EXACT_SKU,,NO,نا موجود,UNAVAILABLE,NO,NO,NO,UNKNOWN_DATE,وضعیت column موجود/نا موجود; SOURCE_YEAR_UNPROVEN (Wave1A.1+WaveA),hesabfa_last_stock=None;synced=2026-07-28T09:35:53.488606+00:00;SEMANTICS=UNPROVEN,HIGH,NO
3649,3127-16,3127-16,INSIZE | اینسایز,INSIZE,STILL_ONLY_AVAILABILITY,insize.distributor.11shahrivar.65a92337,65a9233762d5ff23148c06843c11c54db45a30ba9ee21f51d9a33f554679938a,,UNKNOWN,,EXACT_MANUFACTURER_SKU,,NO,نا موجود,UNAVAILABLE,NO,NO,NO,UNKNOWN_DATE,وضعیت column موجود/نا موجود; SOURCE_YEAR_UNPROVEN (Wave1A.1+WaveA),hesabfa_last_stock=None;synced=2026-07-28T09:35:51.823324+00:00;SEMANTICS=UNPROVEN,HIGH,NO
3650,7350-35,7350-35,INSIZE | اینسایز,INSIZE,STILL_ONLY_AVAILABILITY,insize.distributor.11shahrivar.65a92337,65a9233762d5ff23148c06843c11c54db45a30ba9ee21f51d9a33f554679938a,,UNKNOWN,,EXACT_MANUFACTURER_SKU,,NO,نا موجود,UNAVAILABLE,NO,NO,NO,UNKNOWN_DATE,وضعیت column موجود/نا موجود; SOURCE_YEAR_UNPROVEN (Wave1A.1+WaveA),hesabfa_last_stock=None;synced=2026-07-28T09:35:50.779302+00:00;SEMANTICS=UNPROVEN,HIGH,NO
3651,7350-60,7350-60,INSIZE | اینسایز,INSIZE,STILL_ONLY_AVAILABILITY,insize.distributor.11shahrivar.65a92337,65a9233762d5ff23148c06843c11c54db45a30ba9ee21f51d9a33f554679938a,,UNKNOWN,,EXACT_MANUFACTURER_SKU,,NO,نا موجود,UNAVAILABLE,NO,NO,NO,UNKNOWN_DATE,وضعیت column موجود/نا موجود; SOURCE_YEAR_UNPROVEN (Wave1A.1+WaveA),hesabfa_last_stock=None;synced=2026-07-28T09:35:49.929575+00:00;SEMANTICS=UNPROVEN,HIGH,NO
3652,3127-1004,3127-1004,INSIZE | اینسایز,INSIZE,STILL_ONLY_AVAILABILITY,insize.distributor.11shahrivar.65a92337,65a9233762d5ff23148c06843c11c54db45a30ba9ee21f51d9a33f554679938a,,UNKNOWN,,EXACT_MANUFACTURER_SKU,,NO,نا موجود,UNAVAILABLE,NO,NO,NO,UNKNOWN_DATE,وضعیت column موجود/نا موجود; SOURCE_YEAR_UNPROVEN (Wave1A.1+WaveA),hesabfa_last_stock=None;synced=2026-07-28T09:35:49.101559+00:00;SEMANTICS=UNPROVEN,HIGH,NO
3653,4100-18,4100-18,INSIZE | اینسایز,INSIZE,STILL_ONLY_AVAILABILITY,insize.distributor.11shahrivar.65a92337,65a9233762d5ff23148c06843c11c54db45a30ba9ee21f51d9a33f554679938a,,UNKNOWN,,EXACT_MANUFACTURER_SKU,,NO,نا موجود,UNAVAILABLE,NO,NO,NO,UNKNOWN_DATE,وضعیت column موجود/نا موجود; SOURCE_YEAR_UNPROVEN (Wave1A.1+WaveA),hesabfa_last_stock=None;synced=2026-07-28T09:35:48.232441+00:00;SEMANTICS=UNPROVEN,HIGH,NO
3654,4100-1112,4100-1112,INSIZE | اینسایز,INSIZE,STILL_ONLY_AVAILABILITY,insize.distributor.11shahrivar.65a92337,65a9233762d5ff23148c06843c11c54db45a30ba9ee21f51d9a33f554679938a,,UNKNOWN,,EXACT_MANUFACTURER_SKU,,NO,نا موجود,UNAVAILABLE,NO,NO,NO,UNKNOWN_DATE,وضعیت column موجود/نا موجود; SOURCE_YEAR_UNPROVEN (Wave1A.1+WaveA),hesabfa_last_stock=None;synced=2026-07-28T09:35:47.320247+00:00;SEMANTICS=UNPROVEN,HIGH,NO
3655,4790-0200,4790-0200,INSIZE | اینسایز,INSIZE,STILL_ONLY_AVAILABILITY,insize.distributor.11shahrivar.65a92337,65a9233762d5ff23148c06843c11c54db45a30ba9ee21f51d9a33f554679938a,,UNKNOWN,,EXACT_MANUFACTURER_SKU,,NO,نا موجود,UNAVAILABLE,NO,NO,NO,UNKNOWN_DATE,وضعیت column موجود/نا موجود; SOURCE_YEAR_UNPROVEN (Wave1A.1+WaveA),hesabfa_last_stock=None;synced=2026-07-28T09:35:46.349477+00:00;SEMANTICS=UNPROVEN,HIGH,NO
3656,4760-1200,4760-1200,INSIZE | اینسایز,INSIZE,STILL_ONLY_AVAILABILITY,insize.distributor.11shahrivar.65a92337,65a9233762d5ff23148c06843c11c54db45a30ba9ee21f51d9a33f554679938a,,UNKNOWN,,EXACT_MANUFACTURER_SKU,,NO,نا موجود,UNAVAILABLE,NO,NO,NO,UNKNOWN_DATE,وضعیت column موجود/نا موجود; SOURCE_YEAR_UNPROVEN (Wave1A.1+WaveA),hesabfa_last_stock=None;synced=2026-07-28T09:35:45.523313+00:00;SEMANTICS=UNPROVEN,HIGH,NO
3657,4605-20,4605-20,INSIZE | اینسایز,INSIZE,STILL_ONLY_AVAILABILITY,insize.distributor.11shahrivar.65a92337,65a9233762d5ff23148c06843c11c54db45a30ba9ee21f51d9a33f554679938a,,UNKNOWN,,EXACT_MANUFACTURER_SKU,,NO,نا موجود,UNAVAILABLE,NO,NO,NO,UNKNOWN_DATE,وضعیت column موجود/نا موجود; SOURCE_YEAR_UNPROVEN (Wave1A.1+WaveA),hesabfa_last_stock=None;synced=2026-07-28T09:35:44.627919+00:00;SEMANTICS=UNPROVEN,HIGH,YES
3664,2183,,INSIZE | اینسایز,INSIZE,STILL_ONLY_AVAILABILITY,insize.distributor.11shahrivar.65a92337,65a9233762d5ff23148c06843c11c54db45a30ba9ee21f51d9a33f554679938a,,UNKNOWN,,EXACT_SKU,,NO,نا موجود,UNAVAILABLE,NO,NO,NO,UNKNOWN_DATE,وضعیت column موجود/نا موجود; SOURCE_YEAR_UNPROVEN (Wave1A.1+WaveA),hesabfa_last_stock=None;synced=2026-07-28T09:35:41.402600+00:00;SEMANTICS=UNPROVEN,HIGH,NO
3667,4801-16,,INSIZE | اینسایز,INSIZE,STILL_ONLY_AVAILABILITY,insize.distributor.11shahrivar.65a92337,65a9233762d5ff23148c06843c11c54db45a30ba9ee21f51d9a33f554679938a,,UNKNOWN,,EXACT_SKU,,NO,نا موجود,UNAVAILABLE,NO,NO,NO,UNKNOWN_DATE,وضعیت column موجود/نا موجود; SOURCE_YEAR_UNPROVEN (Wave1A.1+WaveA),hesabfa_last_stock=None;synced=2026-07-28T09:35:39.825462+00:00;SEMANTICS=UNPROVEN,HIGH,YES
3670,4807,,INSIZE | اینسایز,INSIZE,STILL_ONLY_AVAILABILITY,insize.distributor.11shahrivar.65a92337,65a9233762d5ff23148c06843c11c54db45a30ba9ee21f51d9a33f554679938a,,UNKNOWN,,EXACT_SKU,,NO,نا موجود,UNAVAILABLE,NO,NO,NO,UNKNOWN_DATE,وضعیت column موجود/نا موجود; SOURCE_YEAR_UNPROVEN (Wave1A.1+WaveA),hesabfa_last_stock=None;synced=2026-07-28T09:35:38.198165+00:00;SEMANTICS=UNPROVEN,HIGH,NO
3680,4836-1,4836-1,INSIZE | اینسایز,INSIZE,STILL_ONLY_AVAILABILITY,insize.distributor.11shahrivar.65a92337,65a9233762d5ff23148c06843c11c54db45a30ba9ee21f51d9a33f554679938a,,UNKNOWN,,EXACT_MANUFACTURER_SKU,,NO,نا موجود,UNAVAILABLE,NO,NO,NO,UNKNOWN_DATE,وضعیت column موجود/نا موجود; SOURCE_YEAR_UNPROVEN (Wave1A.1+WaveA),hesabfa_last_stock=None;synced=2026-07-28T09:35:33.990593+00:00;SEMANTICS=UNPROVEN,HIGH,NO
3684,4843-1,4843-1,INSIZE | اینسایز,INSIZE,STILL_ONLY_AVAILABILITY,insize.distributor.11shahrivar.65a92337,65a9233762d5ff23148c06843c11c54db45a30ba9ee21f51d9a33f554679938a,,UNKNOWN,,EXACT_MANUFACTURER_SKU,,NO,نا موجود,UNAVAILABLE,NO,NO,NO,UNKNOWN_DATE,وضعیت column موجود/نا موجود; SOURCE_YEAR_UNPROVEN (Wave1A.1+WaveA),hesabfa_last_stock=None;synced=2026-07-28T09:35:32.435159+00:00;SEMANTICS=UNPROVEN,HIGH,NO
3686,6211-10,6211-10,INSIZE | اینسایز,INSIZE,STILL_ONLY_AVAILABILITY,insize.distributor.11shahrivar.65a92337,65a9233762d5ff23148c06843c11c54db45a30ba9ee21f51d9a33f554679938a,,UNKNOWN,,EXACT_MANUFACTURER_SKU,,NO,نا موجود,UNAVAILABLE,NO,NO,NO,UNKNOWN_DATE,وضعیت column موجود/نا موجود; SOURCE_YEAR_UNPROVEN (Wave1A.1+WaveA),hesabfa_last_stock=None;synced=2026-07-28T09:35:30.690907+00:00;SEMANTICS=UNPROVEN,HIGH,NO
3687,6900-0106,,INSIZE | اینسایز,INSIZE,STILL_ONLY_AVAILABILITY,insize.distributor.11shahrivar.65a92337,65a9233762d5ff23148c06843c11c54db45a30ba9ee21f51d9a33f554679938a,,UNKNOWN,,EXACT_SKU,,NO,نا موجود,UNAVAILABLE,NO,NO,NO,UNKNOWN_DATE,وضعیت column موجود/نا موجود; SOURCE_YEAR_UNPROVEN (Wave1A.1+WaveA),hesabfa_last_stock=None;synced=2026-07-28T09:35:29.486965+00:00;SEMANTICS=UNPROVEN,HIGH,NO
3688,6900-1106,6900-1106,INSIZE | اینسایز,INSIZE,STILL_ONLY_AVAILABILITY,insize.distributor.11shahrivar.65a92337,65a9233762d5ff23148c06843c11c54db45a30ba9ee21f51d9a33f554679938a,,UNKNOWN,,EXACT_MANUFACTURER_SKU,,NO,نا موجود,UNAVAILABLE,NO,NO,NO,UNKNOWN_DATE,وضعیت column موجود/نا موجود; SOURCE_YEAR_UNPROVEN (Wave1A.1+WaveA),hesabfa_last_stock=None;synced=2026-07-28T09:35:24.676518+00:00;SEMANTICS=UNPROVEN,HIGH,NO
3694,7240-200,,INSIZE | اینسایز,INSIZE,STILL_ONLY_AVAILABILITY,insize.distributor.11shahrivar.65a92337,65a9233762d5ff23148c06843c11c54db45a30ba9ee21f51d9a33f554679938a,,UNKNOWN,,EXACT_SKU,,NO,نا موجود,UNAVAILABLE,NO,NO,NO,UNKNOWN_DATE,وضعیت column موجود/نا موجود; SOURCE_YEAR_UNPROVEN (Wave1A.1+WaveA),hesabfa_last_stock=None;synced=2026-07-28T09:35:21.595104+00:00;SEMANTICS=UNPROVEN,HIGH,NO
3695,ISH-SAM,,INSIZE | اینسایز,INSIZE,STILL_ONLY_AVAILABILITY,insize.distributor.11shahrivar.65a92337,65a9233762d5ff23148c06843c11c54db45a30ba9ee21f51d9a33f554679938a,,UNKNOWN,,EXACT_SKU,,NO,نا موجود,UNAVAILABLE,NO,NO,NO,UNKNOWN_DATE,وضعیت column موجود/نا موجود; SOURCE_YEAR_UNPROVEN (Wave1A.1+WaveA),hesabfa_last_stock=None;synced=2026-07-28T09:35:20.721553+00:00;SEMANTICS=UNPROVEN,HIGH,YES
3697,ISH-SDM,,INSIZE | اینسایز,INSIZE,STILL_ONLY_AVAILABILITY,insize.distributor.11shahrivar.65a92337,65a9233762d5ff23148c06843c11c54db45a30ba9ee21f51d9a33f554679938a,,UNKNOWN,,EXACT_SKU,,NO,نا موجود,UNAVAILABLE,NO,NO,NO,UNKNOWN_DATE,وضعیت column موجود/نا موجود; SOURCE_YEAR_UNPROVEN (Wave1A.1+WaveA),hesabfa_last_stock=None;synced=2026-07-28T09:35:19.889408+00:00;SEMANTICS=UNPROVEN,HIGH,YES
3698,ISF-F300,,INSIZE | اینسایز,INSIZE,STILL_ONLY_AVAILABILITY,insize.distributor.11shahrivar.65a92337,65a9233762d5ff23148c06843c11c54db45a30ba9ee21f51d9a33f554679938a,,UNKNOWN,,EXACT_SKU,,NO,نا موجود,UNAVAILABLE,NO,NO,NO,UNKNOWN_DATE,وضعیت column موجود/نا موجود; SOURCE_YEAR_UNPROVEN (Wave1A.1+WaveA),hesabfa_last_stock=None;synced=2026-07-28T09:35:18.979248+00:00;SEMANTICS=UNPROVEN,HIGH,NO
3702,HDT-LP200B,,INSIZE | اینسایز,INSIZE,STILL_ONLY_AVAILABILITY,insize.distributor.11shahrivar.65a92337,65a9233762d5ff23148c06843c11c54db45a30ba9ee21f51d9a33f554679938a,,UNKNOWN,,EXACT_SKU,,NO,نا موجود,UNAVAILABLE,NO,NO,NO,UNKNOWN_DATE,وضعیت column موجود/نا موجود; SOURCE_YEAR_UNPROVEN (Wave1A.1+WaveA),hesabfa_last_stock=None;synced=2026-07-28T09:35:17.165902+00:00;SEMANTICS=UNPROVEN,HIGH,YES
3704,ISF-F200,,INSIZE | اینسایز,INSIZE,STILL_ONLY_AVAILABILITY,insize.distributor.11shahrivar.65a92337,65a9233762d5ff23148c06843c11c54db45a30ba9ee21f51d9a33f554679938a,,UNKNOWN,,EXACT_SKU,,NO,نا موجود,UNAVAILABLE,NO,NO,NO,UNKNOWN_DATE,وضعیت column موجود/نا موجود; SOURCE_YEAR_UNPROVEN (Wave1A.1+WaveA),hesabfa_last_stock=None;synced=2026-07-28T09:35:16.382798+00:00;SEMANTICS=UNPROVEN,HIGH,NO
3705,ISM-PM200SA,,INSIZE | اینسایز,INSIZE,STILL_ONLY_AVAILABILITY,insize.distributor.11shahrivar.65a92337,65a9233762d5ff23148c06843c11c54db45a30ba9ee21f51d9a33f554679938a,,UNKNOWN,,EXACT_SKU,,NO,نا موجود,UNAVAILABLE,NO,NO,NO,UNKNOWN_DATE,وضعیت column موجود/نا موجود; SOURCE_YEAR_UNPROVEN (Wave1A.1+WaveA),hesabfa_last_stock=None;synced=2026-07-28T09:35:15.419988+00:00;SEMANTICS=UNPROVEN,HIGH,YES
3706,ISM-PM200SB,,INSIZE | اینسایز,INSIZE,STILL_ONLY_AVAILABILITY,insize.distributor.11shahrivar.65a92337,65a9233762d5ff23148c06843c11c54db45a30ba9ee21f51d9a33f554679938a,,UNKNOWN,,EXACT_SKU,,NO,نا موجود,UNAVAILABLE,NO,NO,NO,UNKNOWN_DATE,وضعیت column موجود/نا موجود; SOURCE_YEAR_UNPROVEN (Wave1A.1+WaveA),hesabfa_last_stock=None;synced=2026-07-28T09:35:14.583855+00:00;SEMANTICS=UNPROVEN,HIGH,YES
3708,ISL-A1-1000,,INSIZE | اینسایز,INSIZE,STILL_ONLY_AVAILABILITY,insize.distributor.11shahrivar.65a92337,65a9233762d5ff23148c06843c11c54db45a30ba9ee21f51d9a33f554679938a,,UNKNOWN,,EXACT_SKU,,NO,نا موجود,UNAVAILABLE,NO,NO,NO,UNKNOWN_DATE,وضعیت column موجود/نا موجود; SOURCE_YEAR_UNPROVEN (Wave1A.1+WaveA),hesabfa_last_stock=None;synced=2026-07-28T09:35:12.857143+00:00;SEMANTICS=UNPROVEN,HIGH,NO
3709,ISL-A1-800,,INSIZE | اینسایز,INSIZE,STILL_ONLY_AVAILABILITY,insize.distributor.11shahrivar.65a92337,65a9233762d5ff23148c06843c11c54db45a30ba9ee21f51d9a33f554679938a,,UNKNOWN,,EXACT_SKU,,NO,نا موجود,UNAVAILABLE,NO,NO,NO,UNKNOWN_DATE,وضعیت column موجود/نا موجود; SOURCE_YEAR_UNPROVEN (Wave1A.1+WaveA),hesabfa_last_stock=None;synced=2026-07-28T09:35:11.987344+00:00;SEMANTICS=UNPROVEN,HIGH,NO
3711,ISL-A1-600,,INSIZE | اینسایز,INSIZE,STILL_ONLY_AVAILABILITY,insize.distributor.11shahrivar.65a92337,65a9233762d5ff23148c06843c11c54db45a30ba9ee21f51d9a33f554679938a,,UNKNOWN,,EXACT_SKU,,NO,نا موجود,UNAVAILABLE,NO,NO,NO,UNKNOWN_DATE,وضعیت column موجود/نا موجود; SOURCE_YEAR_UNPROVEN (Wave1A.1+WaveA),hesabfa_last_stock=None;synced=2026-07-28T09:35:11.168091+00:00;SEMANTICS=UNPROVEN,HIGH,NO
3712,ISL-B5-1000,,INSIZE | اینسایز,INSIZE,STILL_ONLY_AVAILABILITY,insize.distributor.11shahrivar.65a92337,65a9233762d5ff23148c06843c11c54db45a30ba9ee21f51d9a33f554679938a,,UNKNOWN,,EXACT_SKU,,NO,نا موجود,UNAVAILABLE,NO,NO,NO,UNKNOWN_DATE,وضعیت column موجود/نا موجود; SOURCE_YEAR_UNPROVEN (Wave1A.1+WaveA),hesabfa_last_stock=None;synced=2026-07-28T09:35:10.282915+00:00;SEMANTICS=UNPROVEN,HIGH,NO
3713,ISL-DR3,,INSIZE | اینسایز,INSIZE,STILL_ONLY_AVAILABILITY,insize.distributor.11shahrivar.65a92337,65a9233762d5ff23148c06843c11c54db45a30ba9ee21f51d9a33f554679938a,,UNKNOWN,,EXACT_SKU,,NO,نا موجود,UNAVAILABLE,NO,NO,NO,UNKNOWN_DATE,وضعیت column موجود/نا موجود; SOURCE_YEAR_UNPROVEN (Wave1A.1+WaveA),hesabfa_last_stock=None;synced=2026-07-28T09:35:09.369333+00:00;SEMANTICS=UNPROVEN,HIGH,NO
3715,ISL-DR2,,INSIZE | اینسایز,INSIZE,STILL_ONLY_AVAILABILITY,insize.distributor.11shahrivar.65a92337,65a9233762d5ff23148c06843c11c54db45a30ba9ee21f51d9a33f554679938a,,UNKNOWN,,EXACT_SKU,,NO,نا موجود,UNAVAILABLE,NO,NO,NO,UNKNOWN_DATE,وضعیت column موجود/نا موجود; SOURCE_YEAR_UNPROVEN (Wave1A.1+WaveA),hesabfa_last_stock=None;synced=2026-07-28T09:35:08.467562+00:00;SEMANTICS=UNPROVEN,HIGH,NO
3717,6354-25W,6354-25W,INSIZE | اینسایز,INSIZE,STILL_ONLY_AVAILABILITY,insize.distributor.11shahrivar.65a92337,65a9233762d5ff23148c06843c11c54db45a30ba9ee21f51d9a33f554679938a,,UNKNOWN,,EXACT_MANUFACTURER_SKU,,NO,نا موجود,UNAVAILABLE,NO,NO,NO,UNKNOWN_DATE,وضعیت column موجود/نا موجود; SOURCE_YEAR_UNPROVEN (Wave1A.1+WaveA),hesabfa_last_stock=None;synced=2026-07-28T09:35:07.546511+00:00;SEMANTICS=UNPROVEN,HIGH,NO
3718,6566-3,6566-3,INSIZE | اینسایز,INSIZE,STILL_ONLY_AVAILABILITY,insize.distributor.11shahrivar.65a92337,65a9233762d5ff23148c06843c11c54db45a30ba9ee21f51d9a33f554679938a,,UNKNOWN,,EXACT_MANUFACTURER_SKU,,NO,نا موجود,UNAVAILABLE,NO,NO,NO,UNKNOWN_DATE,وضعیت column موجود/نا موجود; SOURCE_YEAR_UNPROVEN (Wave1A.1+WaveA),hesabfa_last_stock=None;synced=2026-07-28T09:35:06.737408+00:00;SEMANTICS=UNPROVEN,HIGH,YES
3720,9341-50,9341-50,INSIZE | اینسایز,INSIZE,STILL_ONLY_AVAILABILITY,insize.distributor.11shahrivar.65a92337,65a9233762d5ff23148c06843c11c54db45a30ba9ee21f51d9a33f554679938a,,UNKNOWN,,EXACT_MANUFACTURER_SKU,,NO,نا موجود,UNAVAILABLE,NO,NO,NO,UNKNOWN_DATE,وضعیت column موجود/نا موجود; SOURCE_YEAR_UNPROVEN (Wave1A.1+WaveA),hesabfa_last_stock=None;synced=2026-07-28T09:35:05.881569+00:00;SEMANTICS=UNPROVEN,HIGH,NO
3724,ISR-C300,,INSIZE | اینسایز,INSIZE,STILL_ONLY_AVAILABILITY,insize.distributor.11shahrivar.65a92337,65a9233762d5ff23148c06843c11c54db45a30ba9ee21f51d9a33f554679938a,,UNKNOWN,,EXACT_SKU,,NO,نا موجود,UNAVAILABLE,NO,NO,NO,UNKNOWN_DATE,وضعیت column موجود/نا موجود; SOURCE_YEAR_UNPROVEN (Wave1A.1+WaveA),hesabfa_last_stock=None;synced=2026-07-28T09:35:03.191565+00:00;SEMANTICS=UNPROVEN,HIGH,NO
3728,6140,,INSIZE | اینسایز,INSIZE,STILL_ONLY_AVAILABILITY,insize.distributor.11shahrivar.65a92337,65a9233762d5ff23148c06843c11c54db45a30ba9ee21f51d9a33f554679938a,,UNKNOWN,,EXACT_SKU,,NO,نا موجود,UNAVAILABLE,NO,NO,NO,UNKNOWN_DATE,وضعیت column موجود/نا موجود; SOURCE_YEAR_UNPROVEN (Wave1A.1+WaveA),hesabfa_last_stock=None;synced=2026-07-28T09:35:00.193254+00:00;SEMANTICS=UNPROVEN,HIGH,NO
3743,1181-M50A,1181-M50A,INSIZE | اینسایز,INSIZE,STILL_ONLY_AVAILABILITY,insize.distributor.11shahrivar.65a92337,65a9233762d5ff23148c06843c11c54db45a30ba9ee21f51d9a33f554679938a,,UNKNOWN,,EXACT_MANUFACTURER_SKU,,NO,نا موجود,UNAVAILABLE,NO,NO,NO,UNKNOWN_DATE,وضعیت column موجود/نا موجود; SOURCE_YEAR_UNPROVEN (Wave1A.1+WaveA),hesabfa_last_stock=None;synced=2026-07-28T09:34:51.554807+00:00;SEMANTICS=UNPROVEN,HIGH,NO
3744,1244-30,,INSIZE | اینسایز,INSIZE,STILL_ONLY_AVAILABILITY,insize.distributor.11shahrivar.65a92337,65a9233762d5ff23148c06843c11c54db45a30ba9ee21f51d9a33f554679938a,,UNKNOWN,,EXACT_SKU,,NO,نا موجود,UNAVAILABLE,NO,NO,NO,UNKNOWN_DATE,وضعیت column موجود/نا موجود; SOURCE_YEAR_UNPROVEN (Wave1A.1+WaveA),hesabfa_last_stock=None;synced=2026-07-28T09:34:50.703844+00:00;SEMANTICS=UNPROVEN,HIGH,NO
3745,2132-20,2132-20,INSIZE | اینسایز,INSIZE,STILL_ONLY_AVAILABILITY,insize.distributor.11shahrivar.65a92337,65a9233762d5ff23148c06843c11c54db45a30ba9ee21f51d9a33f554679938a,,UNKNOWN,,EXACT_MANUFACTURER_SKU,,NO,نا موجود,UNAVAILABLE,NO,NO,NO,UNKNOWN_DATE,وضعیت column موجود/نا موجود; SOURCE_YEAR_UNPROVEN (Wave1A.1+WaveA),hesabfa_last_stock=None;synced=2026-07-28T09:34:49.828591+00:00;SEMANTICS=UNPROVEN,HIGH,NO
3747,2151-75,2151-75,INSIZE | اینسایز,INSIZE,STILL_ONLY_AVAILABILITY,insize.distributor.11shahrivar.65a92337,65a9233762d5ff23148c06843c11c54db45a30ba9ee21f51d9a33f554679938a,,UNKNOWN,,EXACT_MANUFACTURER_SKU,,NO,نا موجود,UNAVAILABLE,NO,NO,NO,UNKNOWN_DATE,وضعیت column موجود/نا موجود; SOURCE_YEAR_UNPROVEN (Wave1A.1+WaveA),hesabfa_last_stock=None;synced=2026-07-28T09:34:49.003244+00:00;SEMANTICS=UNPROVEN,HIGH,NO
3748,2151-95,2151-95,INSIZE | اینسایز,INSIZE,STILL_ONLY_AVAILABILITY,insize.distributor.11shahrivar.65a92337,65a9233762d5ff23148c06843c11c54db45a30ba9ee21f51d9a33f554679938a,,UNKNOWN,,EXACT_MANUFACTURER_SKU,,NO,نا موجود,UNAVAILABLE,NO,NO,NO,UNKNOWN_DATE,وضعیت column موجود/نا موجود; SOURCE_YEAR_UNPROVEN (Wave1A.1+WaveA),hesabfa_last_stock=None;synced=2026-07-28T09:34:48.137069+00:00;SEMANTICS=UNPROVEN,HIGH,NO
3750,2151-AL35,2151-AL35,INSIZE | اینسایز,INSIZE,STILL_ONLY_AVAILABILITY,insize.distributor.11shahrivar.65a92337,65a9233762d5ff23148c06843c11c54db45a30ba9ee21f51d9a33f554679938a,,UNKNOWN,,EXACT_MANUFACTURER_SKU,,NO,نا موجود,UNAVAILABLE,NO,NO,NO,UNKNOWN_DATE,وضعیت column موجود/نا موجود; SOURCE_YEAR_UNPROVEN (Wave1A.1+WaveA),hesabfa_last_stock=None;synced=2026-07-28T09:34:47.295732+00:00;SEMANTICS=UNPROVEN,HIGH,NO
3751,2151-AL55,2151-AL55,INSIZE | اینسایز,INSIZE,STILL_ONLY_AVAILABILITY,insize.distributor.11shahrivar.65a92337,65a9233762d5ff23148c06843c11c54db45a30ba9ee21f51d9a33f554679938a,,UNKNOWN,,EXACT_MANUFACTURER_SKU,,NO,نا موجود,UNAVAILABLE,NO,NO,NO,UNKNOWN_DATE,وضعیت column موجود/نا موجود; SOURCE_YEAR_UNPROVEN (Wave1A.1+WaveA),hesabfa_last_stock=None;synced=2026-07-28T09:34:46.202749+00:00;SEMANTICS=UNPROVEN,HIGH,NO
3753,2151-AL75,2151-AL75,INSIZE | اینسایز,INSIZE,STILL_ONLY_AVAILABILITY,insize.distributor.11shahrivar.65a92337,65a9233762d5ff23148c06843c11c54db45a30ba9ee21f51d9a33f554679938a,,UNKNOWN,,EXACT_MANUFACTURER_SKU,,NO,نا موجود,UNAVAILABLE,NO,NO,NO,UNKNOWN_DATE,وضعیت column موجود/نا موجود; SOURCE_YEAR_UNPROVEN (Wave1A.1+WaveA),hesabfa_last_stock=None;synced=2026-07-28T09:34:45.087616+00:00;SEMANTICS=UNPROVEN,HIGH,NO
3754,2222-25,2222-25,INSIZE | اینسایز,INSIZE,STILL_ONLY_AVAILABILITY,insize.distributor.11shahrivar.65a92337,65a9233762d5ff23148c06843c11c54db45a30ba9ee21f51d9a33f554679938a,,UNKNOWN,,EXACT_MANUFACTURER_SKU,,NO,نا موجود,UNAVAILABLE,NO,NO,NO,UNKNOWN_DATE,وضعیت column موجود/نا موجود; SOURCE_YEAR_UNPROVEN (Wave1A.1+WaveA),hesabfa_last_stock=None;synced=2026-07-28T09:34:44.220746+00:00;SEMANTICS=UNPROVEN,HIGH,NO
3756,2309-100D,2309-100D,INSIZE | اینسایز,INSIZE,STILL_ONLY_AVAILABILITY,insize.distributor.11shahrivar.65a92337,65a9233762d5ff23148c06843c11c54db45a30ba9ee21f51d9a33f554679938a,,UNKNOWN,,EXACT_MANUFACTURER_SKU,,NO,نا موجود,UNAVAILABLE,NO,NO,NO,UNKNOWN_DATE,وضعیت column موجود/نا موجود; SOURCE_YEAR_UNPROVEN (Wave1A.1+WaveA),hesabfa_last_stock=None;synced=2026-07-28T09:34:43.304824+00:00;SEMANTICS=UNPROVEN,HIGH,NO
3757,2321-35,2321-35,INSIZE | اینسایز,INSIZE,STILL_ONLY_AVAILABILITY,insize.distributor.11shahrivar.65a92337,65a9233762d5ff23148c06843c11c54db45a30ba9ee21f51d9a33f554679938a,,UNKNOWN,,EXACT_MANUFACTURER_SKU,,NO,نا موجود,UNAVAILABLE,NO,NO,NO,UNKNOWN_DATE,وضعیت column موجود/نا موجود; SOURCE_YEAR_UNPROVEN (Wave1A.1+WaveA),hesabfa_last_stock=None;synced=2026-07-28T09:34:42.402769+00:00;SEMANTICS=UNPROVEN,HIGH,NO
3758,2321-55,2321-55,INSIZE | اینسایز,INSIZE,STILL_ONLY_AVAILABILITY,insize.distributor.11shahrivar.65a92337,65a9233762d5ff23148c06843c11c54db45a30ba9ee21f51d9a33f554679938a,,UNKNOWN,,EXACT_MANUFACTURER_SKU,,NO,نا موجود,UNAVAILABLE,NO,NO,NO,UNKNOWN_DATE,وضعیت column موجود/نا موجود; SOURCE_YEAR_UNPROVEN (Wave1A.1+WaveA),hesabfa_last_stock=None;synced=2026-07-28T09:34:41.499648+00:00;SEMANTICS=UNPROVEN,HIGH,NO
3760,2321-75,2321-75,INSIZE | اینسایز,INSIZE,STILL_ONLY_AVAILABILITY,insize.distributor.11shahrivar.65a92337,65a9233762d5ff23148c06843c11c54db45a30ba9ee21f51d9a33f554679938a,,UNKNOWN,,EXACT_MANUFACTURER_SKU,,NO,نا موجود,UNAVAILABLE,NO,NO,NO,UNKNOWN_DATE,وضعیت column موجود/نا موجود; SOURCE_YEAR_UNPROVEN (Wave1A.1+WaveA),hesabfa_last_stock=None;synced=2026-07-28T09:34:40.644867+00:00;SEMANTICS=UNPROVEN,HIGH,NO
3762,2366-30,2366-30,INSIZE | اینسایز,INSIZE,STILL_ONLY_AVAILABILITY,insize.distributor.11shahrivar.65a92337,65a9233762d5ff23148c06843c11c54db45a30ba9ee21f51d9a33f554679938a,,UNKNOWN,,EXACT_MANUFACTURER_SKU,,NO,نا موجود,UNAVAILABLE,NO,NO,NO,UNKNOWN_DATE,وضعیت column موجود/نا موجود; SOURCE_YEAR_UNPROVEN (Wave1A.1+WaveA),hesabfa_last_stock=None;synced=2026-07-28T09:34:39.787941+00:00;SEMANTICS=UNPROVEN,HIGH,NO
3763,2383-08,2383-08,INSIZE | اینسایز,INSIZE,STILL_ONLY_AVAILABILITY,insize.distributor.11shahrivar.65a92337,65a9233762d5ff23148c06843c11c54db45a30ba9ee21f51d9a33f554679938a,,UNKNOWN,,REGISTERED_INSIZE_TRAILING_A,SKU->2383-08A,NO,موجود,AVAILABLE,NO,NO,NO,UNKNOWN_DATE,وضعیت column موجود/نا موجود; SOURCE_YEAR_UNPROVEN (Wave1A.1+WaveA),hesabfa_last_stock=None;synced=2026-07-28T09:34:38.919218+00:00;SEMANTICS=UNPROVEN,HIGH,NO
3764,2385-3,2385-3,INSIZE | اینسایز,INSIZE,STILL_ONLY_AVAILABILITY,insize.distributor.11shahrivar.65a92337,65a9233762d5ff23148c06843c11c54db45a30ba9ee21f51d9a33f554679938a,,UNKNOWN,,EXACT_MANUFACTURER_SKU,,NO,نا موجود,UNAVAILABLE,NO,NO,NO,UNKNOWN_DATE,وضعیت column موجود/نا موجود; SOURCE_YEAR_UNPROVEN (Wave1A.1+WaveA),hesabfa_last_stock=None;synced=2026-07-28T09:34:37.985128+00:00;SEMANTICS=UNPROVEN,HIGH,NO
3765,2710-25,2710-25,INSIZE | اینسایز,INSIZE,STILL_ONLY_AVAILABILITY,insize.distributor.11shahrivar.65a92337,65a9233762d5ff23148c06843c11c54db45a30ba9ee21f51d9a33f554679938a,,UNKNOWN,,EXACT_MANUFACTURER_SKU,,NO,نا موجود,UNAVAILABLE,NO,NO,NO,UNKNOWN_DATE,وضعیت column موجود/نا موجود; SOURCE_YEAR_UNPROVEN (Wave1A.1+WaveA),hesabfa_last_stock=None;synced=2026-07-28T09:34:36.999676+00:00;SEMANTICS=UNPROVEN,HIGH,NO
3769,2876-10,2876-10,INSIZE | اینسایز,INSIZE,STILL_ONLY_AVAILABILITY,insize.distributor.11shahrivar.65a92337,65a9233762d5ff23148c06843c11c54db45a30ba9ee21f51d9a33f554679938a,,UNKNOWN,,EXACT_MANUFACTURER_SKU,,NO,نا موجود,UNAVAILABLE,NO,NO,NO,UNKNOWN_DATE,وضعیت column موجود/نا موجود; SOURCE_YEAR_UNPROVEN (Wave1A.1+WaveA),hesabfa_last_stock=None;synced=2026-07-28T09:34:35.185254+00:00;SEMANTICS=UNPROVEN,HIGH,NO
3770,3230-25BA,3230-25BA,INSIZE | اینسایز,INSIZE,STILL_ONLY_AVAILABILITY,insize.distributor.11shahrivar.65a92337,65a9233762d5ff23148c06843c11c54db45a30ba9ee21f51d9a33f554679938a,,UNKNOWN,,EXACT_MANUFACTURER_SKU,,NO,نا موجود,UNAVAILABLE,NO,NO,NO,UNKNOWN_DATE,وضعیت column موجود/نا موجود; SOURCE_YEAR_UNPROVEN (Wave1A.1+WaveA),hesabfa_last_stock=None;synced=2026-07-28T09:34:34.022867+00:00;SEMANTICS=UNPROVEN,HIGH,NO
3772,3260-25,3260-25,INSIZE | اینسایز,INSIZE,STILL_ONLY_AVAILABILITY,insize.distributor.11shahrivar.65a92337,65a9233762d5ff23148c06843c11c54db45a30ba9ee21f51d9a33f554679938a,,UNKNOWN,,REGISTERED_INSIZE_TRAILING_A,SKU->3260-25A,NO,نا موجود,UNAVAILABLE,NO,NO,NO,UNKNOWN_DATE,وضعیت column موجود/نا موجود; SOURCE_YEAR_UNPROVEN (Wave1A.1+WaveA),hesabfa_last_stock=None;synced=2026-07-28T09:34:33.161985+00:00;SEMANTICS=UNPROVEN,HIGH,NO
3774,3203-12A,3203-12A,INSIZE | اینسایز,INSIZE,STILL_ONLY_AVAILABILITY,insize.distributor.11shahrivar.65a92337,65a9233762d5ff23148c06843c11c54db45a30ba9ee21f51d9a33f554679938a,,UNKNOWN,,EXACT_MANUFACTURER_SKU,,NO,نا موجود,UNAVAILABLE,NO,NO,NO,UNKNOWN_DATE,وضعیت column موجود/نا موجود; SOURCE_YEAR_UNPROVEN (Wave1A.1+WaveA),hesabfa_last_stock=None;synced=2026-07-28T09:34:32.178290+00:00;SEMANTICS=UNPROVEN,HIGH,NO
3776,3530-25BA,3530-25BA,INSIZE | اینسایز,INSIZE,STILL_ONLY_AVAILABILITY,insize.distributor.11shahrivar.65a92337,65a9233762d5ff23148c06843c11c54db45a30ba9ee21f51d9a33f554679938a,,UNKNOWN,,EXACT_MANUFACTURER_SKU,,NO,نا موجود,UNAVAILABLE,NO,NO,NO,UNKNOWN_DATE,وضعیت column موجود/نا موجود; SOURCE_YEAR_UNPROVEN (Wave1A.1+WaveA),hesabfa_last_stock=None;synced=2026-07-28T09:34:30.620592+00:00;SEMANTICS=UNPROVEN,HIGH,NO
3777,4100-2112,4100-2112,INSIZE | اینسایز,INSIZE,STILL_ONLY_AVAILABILITY,insize.distributor.11shahrivar.65a92337,65a9233762d5ff23148c06843c11c54db45a30ba9ee21f51d9a33f554679938a,,UNKNOWN,,EXACT_MANUFACTURER_SKU,,NO,نا موجود,UNAVAILABLE,NO,NO,NO,UNKNOWN_DATE,وضعیت column موجود/نا موجود; SOURCE_YEAR_UNPROVEN (Wave1A.1+WaveA),hesabfa_last_stock=None;synced=2026-07-28T09:34:29.718621+00:00;SEMANTICS=UNPROVEN,HIGH,NO
3782,4790-0300,4790-0300,INSIZE | اینسایز,INSIZE,STILL_ONLY_AVAILABILITY,insize.distributor.11shahrivar.65a92337,65a9233762d5ff23148c06843c11c54db45a30ba9ee21f51d9a33f554679938a,,UNKNOWN,,EXACT_MANUFACTURER_SKU,,NO,نا موجود,UNAVAILABLE,NO,NO,NO,UNKNOWN_DATE,وضعیت column موجود/نا موجود; SOURCE_YEAR_UNPROVEN (Wave1A.1+WaveA),hesabfa_last_stock=None;synced=2026-07-28T09:34:26.423799+00:00;SEMANTICS=UNPROVEN,HIGH,NO
3786,4803-1,4803-1,INSIZE | اینسایز,INSIZE,STILL_ONLY_AVAILABILITY,insize.distributor.11shahrivar.65a92337,65a9233762d5ff23148c06843c11c54db45a30ba9ee21f51d9a33f554679938a,,UNKNOWN,,EXACT_MANUFACTURER_SKU,,NO,نا موجود,UNAVAILABLE,NO,NO,NO,UNKNOWN_DATE,وضعیت column موجود/نا موجود; SOURCE_YEAR_UNPROVEN (Wave1A.1+WaveA),hesabfa_last_stock=None;synced=2026-07-28T09:34:24.833701+00:00;SEMANTICS=UNPROVEN,HIGH,NO
3787,4804-26,,INSIZE | اینسایز,INSIZE,STILL_ONLY_AVAILABILITY,insize.distributor.11shahrivar.65a92337,65a9233762d5ff23148c06843c11c54db45a30ba9ee21f51d9a33f554679938a,,UNKNOWN,,EXACT_SKU,,NO,نا موجود,UNAVAILABLE,NO,NO,NO,UNKNOWN_DATE,وضعیت column موجود/نا موجود; SOURCE_YEAR_UNPROVEN (Wave1A.1+WaveA),hesabfa_last_stock=None;synced=2026-07-28T09:34:24.012208+00:00;SEMANTICS=UNPROVEN,HIGH,NO
3789,4166-10D,4166-10D,INSIZE | اینسایز,INSIZE,STILL_ONLY_AVAILABILITY,insize.distributor.11shahrivar.65a92337,65a9233762d5ff23148c06843c11c54db45a30ba9ee21f51d9a33f554679938a,,UNKNOWN,,EXACT_MANUFACTURER_SKU,,NO,نا موجود,UNAVAILABLE,NO,NO,NO,UNKNOWN_DATE,وضعیت column موجود/نا موجود; SOURCE_YEAR_UNPROVEN (Wave1A.1+WaveA),hesabfa_last_stock=None;synced=2026-07-28T09:34:23.172837+00:00;SEMANTICS=UNPROVEN,HIGH,NO
3796,6215-60,6215-60,INSIZE | اینسایز,INSIZE,STILL_ONLY_AVAILABILITY,insize.distributor.11shahrivar.65a92337,65a9233762d5ff23148c06843c11c54db45a30ba9ee21f51d9a33f554679938a,,UNKNOWN,,EXACT_MANUFACTURER_SKU,,NO,نا موجود,UNAVAILABLE,NO,NO,NO,UNKNOWN_DATE,وضعیت column موجود/نا موجود; SOURCE_YEAR_UNPROVEN (Wave1A.1+WaveA),hesabfa_last_stock=None;synced=2026-07-28T09:34:17.179602+00:00;SEMANTICS=UNPROVEN,HIGH,NO
3798,6229-60,6229-60,INSIZE | اینسایز,INSIZE,STILL_ONLY_AVAILABILITY,insize.distributor.11shahrivar.65a92337,65a9233762d5ff23148c06843c11c54db45a30ba9ee21f51d9a33f554679938a,,UNKNOWN,,EXACT_MANUFACTURER_SKU,,NO,نا موجود,UNAVAILABLE,NO,NO,NO,UNKNOWN_DATE,وضعیت column موجود/نا موجود; SOURCE_YEAR_UNPROVEN (Wave1A.1+WaveA),hesabfa_last_stock=None;synced=2026-07-28T09:34:16.383140+00:00;SEMANTICS=UNPROVEN,HIGH,NO
3800,6282-1102,6282-1102,INSIZE | اینسایز,INSIZE,STILL_ONLY_AVAILABILITY,insize.distributor.11shahrivar.65a92337,65a9233762d5ff23148c06843c11c54db45a30ba9ee21f51d9a33f554679938a,,UNKNOWN,,EXACT_MANUFACTURER_SKU,,NO,نا موجود,UNAVAILABLE,NO,NO,NO,UNKNOWN_DATE,وضعیت column موجود/نا موجود; SOURCE_YEAR_UNPROVEN (Wave1A.1+WaveA),hesabfa_last_stock=None;synced=2026-07-28T09:34:14.676065+00:00;SEMANTICS=UNPROVEN,HIGH,NO
3802,6282-1203,6282-1203,INSIZE | اینسایز,INSIZE,STILL_ONLY_AVAILABILITY,insize.distributor.11shahrivar.65a92337,65a9233762d5ff23148c06843c11c54db45a30ba9ee21f51d9a33f554679938a,,UNKNOWN,,EXACT_MANUFACTURER_SKU,,NO,نا موجود,UNAVAILABLE,NO,NO,NO,UNKNOWN_DATE,وضعیت column موجود/نا موجود; SOURCE_YEAR_UNPROVEN (Wave1A.1+WaveA),hesabfa_last_stock=None;synced=2026-07-28T09:34:12.803438+00:00;SEMANTICS=UNPROVEN,HIGH,YES
3805,6291-1,6291-1,INSIZE | اینسایز,INSIZE,STILL_ONLY_AVAILABILITY,insize.distributor.11shahrivar.65a92337,65a9233762d5ff23148c06843c11c54db45a30ba9ee21f51d9a33f554679938a,,UNKNOWN,,EXACT_MANUFACTURER_SKU,,NO,نا موجود,UNAVAILABLE,NO,NO,NO,UNKNOWN_DATE,وضعیت column موجود/نا موجود; SOURCE_YEAR_UNPROVEN (Wave1A.1+WaveA),hesabfa_last_stock=None;synced=2026-07-28T09:34:11.187435+00:00;SEMANTICS=UNPROVEN,HIGH,NO
3807,6293-1,6293-1,INSIZE | اینسایز,INSIZE,STILL_ONLY_AVAILABILITY,insize.distributor.11shahrivar.65a92337,65a9233762d5ff23148c06843c11c54db45a30ba9ee21f51d9a33f554679938a,,UNKNOWN,,EXACT_MANUFACTURER_SKU,,NO,نا موجود,UNAVAILABLE,NO,NO,NO,UNKNOWN_DATE,وضعیت column موجود/نا موجود; SOURCE_YEAR_UNPROVEN (Wave1A.1+WaveA),hesabfa_last_stock=None;synced=2026-07-28T09:34:09.811978+00:00;SEMANTICS=UNPROVEN,HIGH,NO
3808,6293-2,6293-2,INSIZE | اینسایز,INSIZE,STILL_ONLY_AVAILABILITY,insize.distributor.11shahrivar.65a92337,65a9233762d5ff23148c06843c11c54db45a30ba9ee21f51d9a33f554679938a,,UNKNOWN,,EXACT_MANUFACTURER_SKU,,NO,نا موجود,UNAVAILABLE,NO,NO,NO,UNKNOWN_DATE,وضعیت column موجود/نا موجود; SOURCE_YEAR_UNPROVEN (Wave1A.1+WaveA),hesabfa_last_stock=None;synced=2026-07-28T09:32:37.384104+00:00;SEMANTICS=UNPROVEN,HIGH,NO
3811,6295-1A,6295-1A,INSIZE | اینسایز,INSIZE,STILL_ONLY_AVAILABILITY,insize.distributor.11shahrivar.65a92337,65a9233762d5ff23148c06843c11c54db45a30ba9ee21f51d9a33f554679938a,,UNKNOWN,,EXACT_MANUFACTURER_SKU,,NO,نا موجود,UNAVAILABLE,NO,NO,NO,UNKNOWN_DATE,وضعیت column موجود/نا موجود; SOURCE_YEAR_UNPROVEN (Wave1A.1+WaveA),hesabfa_last_stock=None;synced=2026-07-28T09:32:35.672875+00:00;SEMANTICS=UNPROVEN,HIGH,NO
3813,6377-25W,6377-25W,INSIZE | اینسایز,INSIZE,STILL_ONLY_AVAILABILITY,insize.distributor.11shahrivar.65a92337,65a9233762d5ff23148c06843c11c54db45a30ba9ee21f51d9a33f554679938a,,UNKNOWN,,EXACT_MANUFACTURER_SKU,,NO,نا موجود,UNAVAILABLE,NO,NO,NO,UNKNOWN_DATE,وضعیت column موجود/نا موجود; SOURCE_YEAR_UNPROVEN (Wave1A.1+WaveA),hesabfa_last_stock=None;synced=2026-07-28T09:32:33.682071+00:00;SEMANTICS=UNPROVEN,HIGH,NO
3816,7160-1,7160-1,INSIZE | اینسایز,INSIZE,STILL_ONLY_AVAILABILITY,insize.distributor.11shahrivar.65a92337,65a9233762d5ff23148c06843c11c54db45a30ba9ee21f51d9a33f554679938a,,UNKNOWN,,EXACT_MANUFACTURER_SKU,,NO,نا موجود,UNAVAILABLE,NO,NO,NO,UNKNOWN_DATE,وضعیت column موجود/نا موجود; SOURCE_YEAR_UNPROVEN (Wave1A.1+WaveA),hesabfa_last_stock=None;synced=2026-07-28T09:32:31.850088+00:00;SEMANTICS=UNPROVEN,HIGH,NO
3818,7160-2,7160-2,INSIZE | اینسایز,INSIZE,STILL_ONLY_AVAILABILITY,insize.distributor.11shahrivar.65a92337,65a9233762d5ff23148c06843c11c54db45a30ba9ee21f51d9a33f554679938a,,UNKNOWN,,EXACT_MANUFACTURER_SKU,,NO,نا موجود,UNAVAILABLE,NO,NO,NO,UNKNOWN_DATE,وضعیت column موجود/نا موجود; SOURCE_YEAR_UNPROVEN (Wave1A.1+WaveA),hesabfa_last_stock=None;synced=2026-07-28T09:32:30.976367+00:00;SEMANTICS=UNPROVEN,HIGH,NO
3820,7230,,INSIZE | اینسایز,INSIZE,STILL_ONLY_AVAILABILITY,insize.distributor.11shahrivar.65a92337,65a9233762d5ff23148c06843c11c54db45a30ba9ee21f51d9a33f554679938a,,UNKNOWN,,EXACT_SKU,,NO,نا موجود,UNAVAILABLE,NO,NO,NO,UNKNOWN_DATE,وضعیت column موجود/نا موجود; SOURCE_YEAR_UNPROVEN (Wave1A.1+WaveA),hesabfa_last_stock=None;synced=2026-07-28T09:32:30.124851+00:00;SEMANTICS=UNPROVEN,HIGH,YES
3821,7351-EX12,7351-EX12,INSIZE | اینسایز,INSIZE,STILL_ONLY_AVAILABILITY,insize.distributor.11shahrivar.65a92337,65a9233762d5ff23148c06843c11c54db45a30ba9ee21f51d9a33f554679938a,,UNKNOWN,,EXACT_MANUFACTURER_SKU,,NO,نا موجود,UNAVAILABLE,NO,NO,NO,UNKNOWN_DATE,وضعیت column موجود/نا موجود; SOURCE_YEAR_UNPROVEN (Wave1A.1+WaveA),hesabfa_last_stock=None;synced=2026-07-28T09:32:29.072782+00:00;SEMANTICS=UNPROVEN,HIGH,NO
3823,7524-10,7524-10,INSIZE | اینسایز,INSIZE,STILL_ONLY_AVAILABILITY,insize.distributor.11shahrivar.65a92337,65a9233762d5ff23148c06843c11c54db45a30ba9ee21f51d9a33f554679938a,,UNKNOWN,,EXACT_MANUFACTURER_SKU,,NO,نا موجود,UNAVAILABLE,NO,NO,NO,UNKNOWN_DATE,وضعیت column موجود/نا موجود; SOURCE_YEAR_UNPROVEN (Wave1A.1+WaveA),hesabfa_last_stock=None;synced=2026-07-28T09:32:28.177557+00:00;SEMANTICS=UNPROVEN,HIGH,NO
3825,9501-1200,9501-1200,INSIZE | اینسایز,INSIZE,STILL_ONLY_AVAILABILITY,insize.distributor.11shahrivar.65a92337,65a9233762d5ff23148c06843c11c54db45a30ba9ee21f51d9a33f554679938a,,UNKNOWN,,EXACT_MANUFACTURER_SKU,,NO,نا موجود,UNAVAILABLE,NO,NO,NO,UNKNOWN_DATE,وضعیت column موجود/نا موجود; SOURCE_YEAR_UNPROVEN (Wave1A.1+WaveA),hesabfa_last_stock=None;synced=2026-07-28T09:32:26.396312+00:00;SEMANTICS=UNPROVEN,HIGH,NO
3828,HDT-LP200,,INSIZE | اینسایز,INSIZE,STILL_ONLY_AVAILABILITY,insize.distributor.11shahrivar.65a92337,65a9233762d5ff23148c06843c11c54db45a30ba9ee21f51d9a33f554679938a,,UNKNOWN,,EXACT_SKU,,NO,نا موجود,UNAVAILABLE,NO,NO,NO,UNKNOWN_DATE,وضعیت column موجود/نا موجود; SOURCE_YEAR_UNPROVEN (Wave1A.1+WaveA),hesabfa_last_stock=None;synced=2026-07-28T09:32:23.970026+00:00;SEMANTICS=UNPROVEN,HIGH,YES
3830,ISF-MT500,,INSIZE | اینسایز,INSIZE,STILL_ONLY_AVAILABILITY,insize.distributor.11shahrivar.65a92337,65a9233762d5ff23148c06843c11c54db45a30ba9ee21f51d9a33f554679938a,,UNKNOWN,,EXACT_SKU,,NO,نا موجود,UNAVAILABLE,NO,NO,NO,UNKNOWN_DATE,وضعیت column موجود/نا موجود; SOURCE_YEAR_UNPROVEN (Wave1A.1+WaveA),hesabfa_last_stock=None;synced=2026-07-28T09:32:23.182779+00:00;SEMANTICS=UNPROVEN,HIGH,NO
3833,ISH-STAC,,INSIZE | اینسایز,INSIZE,STILL_ONLY_AVAILABILITY,insize.distributor.11shahrivar.65a92337,65a9233762d5ff23148c06843c11c54db45a30ba9ee21f51d9a33f554679938a,,UNKNOWN,,EXACT_SKU,,NO,نا موجود,UNAVAILABLE,NO,NO,NO,UNKNOWN_DATE,وضعیت column موجود/نا موجود; SOURCE_YEAR_UNPROVEN (Wave1A.1+WaveA),hesabfa_last_stock=None;synced=2026-07-28T09:32:21.441725+00:00;SEMANTICS=UNPROVEN,HIGH,YES
3834,ISH-STD,,INSIZE | اینسایز,INSIZE,STILL_ONLY_AVAILABILITY,insize.distributor.11shahrivar.65a92337,65a9233762d5ff23148c06843c11c54db45a30ba9ee21f51d9a33f554679938a,,UNKNOWN,,EXACT_SKU,,NO,نا موجود,UNAVAILABLE,NO,NO,NO,UNKNOWN_DATE,وضعیت column موجود/نا موجود; SOURCE_YEAR_UNPROVEN (Wave1A.1+WaveA),hesabfa_last_stock=None;synced=2026-07-28T09:32:20.576880+00:00;SEMANTICS=UNPROVEN,HIGH,YES
3839,ISU-100D,,INSIZE | اینسایز,INSIZE,STILL_ONLY_AVAILABILITY,insize.distributor.11shahrivar.65a92337,65a9233762d5ff23148c06843c11c54db45a30ba9ee21f51d9a33f554679938a,,UNKNOWN,,EXACT_SKU,,NO,نا موجود,UNAVAILABLE,NO,NO,NO,UNKNOWN_DATE,وضعیت column موجود/نا موجود; SOURCE_YEAR_UNPROVEN (Wave1A.1+WaveA),hesabfa_last_stock=None;synced=2026-07-28T09:32:17.900081+00:00;SEMANTICS=UNPROVEN,HIGH,YES
3840,4208-1,,INSIZE | اینسایز,INSIZE,STILL_ONLY_AVAILABILITY,insize.distributor.11shahrivar.65a92337,65a9233762d5ff23148c06843c11c54db45a30ba9ee21f51d9a33f554679938a,,UNKNOWN,,EXACT_SKU,,NO,نا موجود,UNAVAILABLE,NO,NO,NO,UNKNOWN_DATE,وضعیت column موجود/نا موجود; SOURCE_YEAR_UNPROVEN (Wave1A.1+WaveA),hesabfa_last_stock=None;synced=2026-07-28T09:32:17.011472+00:00;SEMANTICS=UNPROVEN,HIGH,NO
3891,4166-10,4166-10,INSIZE | اینسایز,INSIZE,STILL_ONLY_AVAILABILITY,insize.distributor.11shahrivar.65a92337,65a9233762d5ff23148c06843c11c54db45a30ba9ee21f51d9a33f554679938a,,UNKNOWN,,EXACT_MANUFACTURER_SKU,,NO,نا موجود,UNAVAILABLE,NO,NO,NO,UNKNOWN_DATE,وضعیت column موجود/نا موجود; SOURCE_YEAR_UNPROVEN (Wave1A.1+WaveA),hesabfa_last_stock=None;synced=2026-07-28T09:31:41.909610+00:00;SEMANTICS=UNPROVEN,HIGH,NO
3892,4166-3D,4166-3D,INSIZE | اینسایز,INSIZE,STILL_ONLY_AVAILABILITY,insize.distributor.11shahrivar.65a92337,65a9233762d5ff23148c06843c11c54db45a30ba9ee21f51d9a33f554679938a,,UNKNOWN,,EXACT_MANUFACTURER_SKU,,NO,نا موجود,UNAVAILABLE,NO,NO,NO,UNKNOWN_DATE,وضعیت column موجود/نا موجود; SOURCE_YEAR_UNPROVEN (Wave1A.1+WaveA),hesabfa_last_stock=None;synced=2026-07-28T09:31:41.133697+00:00;SEMANTICS=UNPROVEN,HIGH,NO
3896,1106-1005,1106-1005,INSIZE | اینسایز,INSIZE,STILL_ONLY_AVAILABILITY,insize.distributor.11shahrivar.65a92337,65a9233762d5ff23148c06843c11c54db45a30ba9ee21f51d9a33f554679938a,,UNKNOWN,,EXACT_MANUFACTURER_SKU,,NO,نا موجود,UNAVAILABLE,NO,NO,NO,UNKNOWN_DATE,وضعیت column موجود/نا موجود; SOURCE_YEAR_UNPROVEN (Wave1A.1+WaveA),hesabfa_last_stock=None;synced=2026-07-28T09:31:37.774446+00:00;SEMANTICS=UNPROVEN,HIGH,NO
3897,1106-1503,1106-1503,INSIZE | اینسایز,INSIZE,STILL_ONLY_AVAILABILITY,insize.distributor.11shahrivar.65a92337,65a9233762d5ff23148c06843c11c54db45a30ba9ee21f51d9a33f554679938a,,UNKNOWN,,EXACT_MANUFACTURER_SKU,,NO,نا موجود,UNAVAILABLE,NO,NO,NO,UNKNOWN_DATE,وضعیت column موجود/نا موجود; SOURCE_YEAR_UNPROVEN (Wave1A.1+WaveA),hesabfa_last_stock=None;synced=2026-08-01T20:23:39.650743+00:00;SEMANTICS=UNPROVEN,HIGH,NO
3898,1106-2002,1106-2002,INSIZE | اینسایز,INSIZE,STILL_ONLY_AVAILABILITY,insize.distributor.11shahrivar.65a92337,65a9233762d5ff23148c06843c11c54db45a30ba9ee21f51d9a33f554679938a,,UNKNOWN,,EXACT_MANUFACTURER_SKU,,NO,نا موجود,UNAVAILABLE,NO,NO,NO,UNKNOWN_DATE,وضعیت column موجود/نا موجود; SOURCE_YEAR_UNPROVEN (Wave1A.1+WaveA),hesabfa_last_stock=None;synced=2026-07-28T09:31:35.999863+00:00;SEMANTICS=UNPROVEN,HIGH,NO
3901,1141-1000,1141-1000,INSIZE | اینسایز,INSIZE,STILL_ONLY_AVAILABILITY,insize.distributor.11shahrivar.65a92337,65a9233762d5ff23148c06843c11c54db45a30ba9ee21f51d9a33f554679938a,,UNKNOWN,,REGISTERED_INSIZE_TRAILING_A,SKU->1141-1000A,NO,نا موجود,UNAVAILABLE,NO,NO,NO,UNKNOWN_DATE,وضعیت column موجود/نا موجود; SOURCE_YEAR_UNPROVEN (Wave1A.1+WaveA),hesabfa_last_stock=None;synced=2026-07-28T09:31:32.880841+00:00;SEMANTICS=UNPROVEN,HIGH,NO
3902,1180-6,1180-6,INSIZE | اینسایز,INSIZE,STILL_ONLY_AVAILABILITY,insize.distributor.11shahrivar.65a92337,65a9233762d5ff23148c06843c11c54db45a30ba9ee21f51d9a33f554679938a,,UNKNOWN,,EXACT_MANUFACTURER_SKU,,NO,نا موجود,UNAVAILABLE,NO,NO,NO,UNKNOWN_DATE,وضعیت column موجود/نا موجود; SOURCE_YEAR_UNPROVEN (Wave1A.1+WaveA),hesabfa_last_stock=None;synced=2026-07-28T09:31:32.056387+00:00;SEMANTICS=UNPROVEN,HIGH,NO
3904,1205-150S,1205-150S,INSIZE | اینسایز,INSIZE,STILL_ONLY_AVAILABILITY,insize.distributor.11shahrivar.65a92337,65a9233762d5ff23148c06843c11c54db45a30ba9ee21f51d9a33f554679938a,,UNKNOWN,,EXACT_MANUFACTURER_SKU,,NO,نا موجود,UNAVAILABLE,NO,NO,NO,UNKNOWN_DATE,وضعیت column موجود/نا موجود; SOURCE_YEAR_UNPROVEN (Wave1A.1+WaveA),hesabfa_last_stock=None;synced=2026-07-28T09:31:31.082098+00:00;SEMANTICS=UNPROVEN,HIGH,NO
3907,1205-300S,1205-300S,INSIZE | اینسایز,INSIZE,STILL_ONLY_AVAILABILITY,insize.distributor.11shahrivar.65a92337,65a9233762d5ff23148c06843c11c54db45a30ba9ee21f51d9a33f554679938a,,UNKNOWN,,EXACT_MANUFACTURER_SKU,,NO,نا موجود,UNAVAILABLE,NO,NO,NO,UNKNOWN_DATE,وضعیت column موجود/نا موجود; SOURCE_YEAR_UNPROVEN (Wave1A.1+WaveA),hesabfa_last_stock=None;synced=2026-07-28T09:31:29.333186+00:00;SEMANTICS=UNPROVEN,HIGH,YES
3909,2115-10,2115-10,INSIZE | اینسایز,INSIZE,STILL_ONLY_AVAILABILITY,insize.distributor.11shahrivar.65a92337,65a9233762d5ff23148c06843c11c54db45a30ba9ee21f51d9a33f554679938a,,UNKNOWN,,EXACT_MANUFACTURER_SKU,,NO,نا موجود,UNAVAILABLE,NO,NO,NO,UNKNOWN_DATE,وضعیت column موجود/نا موجود; SOURCE_YEAR_UNPROVEN (Wave1A.1+WaveA),hesabfa_last_stock=None;synced=2026-07-28T09:31:28.475581+00:00;SEMANTICS=UNPROVEN,HIGH,NO
3911,2115-25,,INSIZE | اینسایز,INSIZE,STILL_ONLY_AVAILABILITY,insize.distributor.11shahrivar.65a92337,65a9233762d5ff23148c06843c11c54db45a30ba9ee21f51d9a33f554679938a,,UNKNOWN,,EXACT_SKU,,NO,نا موجود,UNAVAILABLE,NO,NO,NO,UNKNOWN_DATE,وضعیت column موجود/نا موجود; SOURCE_YEAR_UNPROVEN (Wave1A.1+WaveA),hesabfa_last_stock=None;synced=2026-07-28T09:31:27.614049+00:00;SEMANTICS=UNPROVEN,HIGH,NO
3915,2153-10,2153-10,INSIZE | اینسایز,INSIZE,STILL_ONLY_AVAILABILITY,insize.distributor.11shahrivar.65a92337,65a9233762d5ff23148c06843c11c54db45a30ba9ee21f51d9a33f554679938a,,UNKNOWN,,EXACT_MANUFACTURER_SKU,,NO,نا موجود,UNAVAILABLE,NO,NO,NO,UNKNOWN_DATE,وضعیت column موجود/نا موجود; SOURCE_YEAR_UNPROVEN (Wave1A.1+WaveA),hesabfa_last_stock=None;synced=2026-07-28T09:31:24.959339+00:00;SEMANTICS=UNPROVEN,HIGH,NO
3917,2163-25,2163-25,INSIZE | اینسایز,INSIZE,STILL_ONLY_AVAILABILITY,insize.distributor.11shahrivar.65a92337,65a9233762d5ff23148c06843c11c54db45a30ba9ee21f51d9a33f554679938a,,UNKNOWN,,EXACT_MANUFACTURER_SKU,,NO,نا موجود,UNAVAILABLE,NO,NO,NO,UNKNOWN_DATE,وضعیت column موجود/نا موجود; SOURCE_YEAR_UNPROVEN (Wave1A.1+WaveA),hesabfa_last_stock=None;synced=2026-07-28T09:31:24.148523+00:00;SEMANTICS=UNPROVEN,HIGH,NO
3919,2198-2,2198-2,INSIZE | اینسایز,INSIZE,STILL_ONLY_AVAILABILITY,insize.distributor.11shahrivar.65a92337,65a9233762d5ff23148c06843c11c54db45a30ba9ee21f51d9a33f554679938a,,UNKNOWN,,EXACT_MANUFACTURER_SKU,,NO,نا موجود,UNAVAILABLE,NO,NO,NO,UNKNOWN_DATE,وضعیت column موجود/نا موجود; SOURCE_YEAR_UNPROVEN (Wave1A.1+WaveA),hesabfa_last_stock=None;synced=2026-07-28T09:31:22.690325+00:00;SEMANTICS=UNPROVEN,HIGH,NO
3922,2365-10,2365-10,INSIZE | اینسایز,INSIZE,STILL_ONLY_AVAILABILITY,insize.distributor.11shahrivar.65a92337,65a9233762d5ff23148c06843c11c54db45a30ba9ee21f51d9a33f554679938a,,UNKNOWN,,EXACT_MANUFACTURER_SKU,,NO,نا موجود,UNAVAILABLE,NO,NO,NO,UNKNOWN_DATE,وضعیت column موجود/نا موجود; SOURCE_YEAR_UNPROVEN (Wave1A.1+WaveA),hesabfa_last_stock=None;synced=2026-07-28T09:31:20.829975+00:00;SEMANTICS=UNPROVEN,HIGH,NO
3923,2825-60,2825-60,INSIZE | اینسایز,INSIZE,STILL_ONLY_AVAILABILITY,insize.distributor.11shahrivar.65a92337,65a9233762d5ff23148c06843c11c54db45a30ba9ee21f51d9a33f554679938a,,UNKNOWN,,EXACT_MANUFACTURER_SKU,,NO,نا موجود,UNAVAILABLE,NO,NO,NO,UNKNOWN_DATE,وضعیت column موجود/نا موجود; SOURCE_YEAR_UNPROVEN (Wave1A.1+WaveA),hesabfa_last_stock=None;synced=2026-07-28T09:31:19.993187+00:00;SEMANTICS=UNPROVEN,HIGH,NO
3924,2825-35,2825-35,INSIZE | اینسایز,INSIZE,STILL_ONLY_AVAILABILITY,insize.distributor.11shahrivar.65a92337,65a9233762d5ff23148c06843c11c54db45a30ba9ee21f51d9a33f554679938a,,UNKNOWN,,EXACT_MANUFACTURER_SKU,,NO,نا موجود,UNAVAILABLE,NO,NO,NO,UNKNOWN_DATE,وضعیت column موجود/نا موجود; SOURCE_YEAR_UNPROVEN (Wave1A.1+WaveA),hesabfa_last_stock=None;synced=2026-07-28T09:31:19.135008+00:00;SEMANTICS=UNPROVEN,HIGH,NO
3928,2878-71B,2878-71B,INSIZE | اینسایز,INSIZE,STILL_ONLY_AVAILABILITY,insize.distributor.11shahrivar.65a92337,65a9233762d5ff23148c06843c11c54db45a30ba9ee21f51d9a33f554679938a,,UNKNOWN,,EXACT_MANUFACTURER_SKU,,NO,نا موجود,UNAVAILABLE,NO,NO,NO,UNKNOWN_DATE,وضعیت column موجود/نا موجود; SOURCE_YEAR_UNPROVEN (Wave1A.1+WaveA),hesabfa_last_stock=None;synced=2026-07-28T09:31:16.458580+00:00;SEMANTICS=UNPROVEN,HIGH,NO
3929,2878-6A,2878-6A,INSIZE | اینسایز,INSIZE,STILL_ONLY_AVAILABILITY,insize.distributor.11shahrivar.65a92337,65a9233762d5ff23148c06843c11c54db45a30ba9ee21f51d9a33f554679938a,,UNKNOWN,,EXACT_MANUFACTURER_SKU,,NO,نا موجود,UNAVAILABLE,NO,NO,NO,UNKNOWN_DATE,وضعیت column موجود/نا موجود; SOURCE_YEAR_UNPROVEN (Wave1A.1+WaveA),,HIGH,NO
3933,3260-25SA,3260-25SA,INSIZE | اینسایز,INSIZE,STILL_ONLY_AVAILABILITY,insize.distributor.11shahrivar.65a92337,65a9233762d5ff23148c06843c11c54db45a30ba9ee21f51d9a33f554679938a,,UNKNOWN,,EXACT_MANUFACTURER_SKU,,NO,نا موجود,UNAVAILABLE,NO,NO,NO,UNKNOWN_DATE,وضعیت column موجود/نا موجود; SOURCE_YEAR_UNPROVEN (Wave1A.1+WaveA),hesabfa_last_stock=None;synced=2026-07-28T09:31:14.695847+00:00;SEMANTICS=UNPROVEN,HIGH,NO
3935,3287-25B,3287-25B,INSIZE | اینسایز,INSIZE,STILL_ONLY_AVAILABILITY,insize.distributor.11shahrivar.65a92337,65a9233762d5ff23148c06843c11c54db45a30ba9ee21f51d9a33f554679938a,,UNKNOWN,,EXACT_MANUFACTURER_SKU,,NO,نا موجود,UNAVAILABLE,NO,NO,NO,UNKNOWN_DATE,وضعیت column موجود/نا موجود; SOURCE_YEAR_UNPROVEN (Wave1A.1+WaveA),hesabfa_last_stock=None;synced=2026-07-28T09:31:13.806410+00:00;SEMANTICS=UNPROVEN,HIGH,NO
3936,3332-25,3332-25,INSIZE | اینسایز,INSIZE,STILL_ONLY_AVAILABILITY,insize.distributor.11shahrivar.65a92337,65a9233762d5ff23148c06843c11c54db45a30ba9ee21f51d9a33f554679938a,,UNKNOWN,,EXACT_MANUFACTURER_SKU,,NO,نا موجود,UNAVAILABLE,NO,NO,NO,UNKNOWN_DATE,وضعیت column موجود/نا موجود; SOURCE_YEAR_UNPROVEN (Wave1A.1+WaveA),hesabfa_last_stock=None;synced=2026-07-28T09:31:12.812371+00:00;SEMANTICS=UNPROVEN,HIGH,NO
3937,3358-25,3358-25,INSIZE | اینسایز,INSIZE,STILL_ONLY_AVAILABILITY,insize.distributor.11shahrivar.65a92337,65a9233762d5ff23148c06843c11c54db45a30ba9ee21f51d9a33f554679938a,,UNKNOWN,,EXACT_MANUFACTURER_SKU,,NO,نا موجود,UNAVAILABLE,NO,NO,NO,UNKNOWN_DATE,وضعیت column موجود/نا موجود; SOURCE_YEAR_UNPROVEN (Wave1A.1+WaveA),hesabfa_last_stock=None;synced=2026-07-28T09:31:12.011075+00:00;SEMANTICS=UNPROVEN,HIGH,NO
3938,3540-50,3540-50,INSIZE | اینسایز,INSIZE,STILL_ONLY_AVAILABILITY,insize.distributor.11shahrivar.65a92337,65a9233762d5ff23148c06843c11c54db45a30ba9ee21f51d9a33f554679938a,,UNKNOWN,,EXACT_MANUFACTURER_SKU,,NO,نا موجود,UNAVAILABLE,NO,NO,NO,UNKNOWN_DATE,وضعیت column موجود/نا موجود; SOURCE_YEAR_UNPROVEN (Wave1A.1+WaveA),hesabfa_last_stock=None;synced=2026-07-28T09:31:11.191083+00:00;SEMANTICS=UNPROVEN,HIGH,NO
3944,3127-5,3127-5,INSIZE | اینسایز,INSIZE,STILL_ONLY_AVAILABILITY,insize.distributor.11shahrivar.65a92337,65a9233762d5ff23148c06843c11c54db45a30ba9ee21f51d9a33f554679938a,,UNKNOWN,,EXACT_MANUFACTURER_SKU,,NO,نا موجود,UNAVAILABLE,NO,NO,NO,UNKNOWN_DATE,وضعیت column موجود/نا موجود; SOURCE_YEAR_UNPROVEN (Wave1A.1+WaveA),hesabfa_last_stock=None;synced=2026-07-28T09:31:08.721807+00:00;SEMANTICS=UNPROVEN,HIGH,NO
3946,3127-6,3127-6,INSIZE | اینسایز,INSIZE,STILL_ONLY_AVAILABILITY,insize.distributor.11shahrivar.65a92337,65a9233762d5ff23148c06843c11c54db45a30ba9ee21f51d9a33f554679938a,,UNKNOWN,,EXACT_MANUFACTURER_SKU,,NO,نا موجود,UNAVAILABLE,NO,NO,NO,UNKNOWN_DATE,وضعیت column موجود/نا موجود; SOURCE_YEAR_UNPROVEN (Wave1A.1+WaveA),hesabfa_last_stock=None;synced=2026-07-28T09:31:06.861808+00:00;SEMANTICS=UNPROVEN,HIGH,NO
3947,3203-10A,3203-10A,INSIZE | اینسایز,INSIZE,STILL_ONLY_AVAILABILITY,insize.distributor.11shahrivar.65a92337,65a9233762d5ff23148c06843c11c54db45a30ba9ee21f51d9a33f554679938a,,UNKNOWN,,EXACT_MANUFACTURER_SKU,,NO,نا موجود,UNAVAILABLE,NO,NO,NO,UNKNOWN_DATE,وضعیت column موجود/نا موجود; SOURCE_YEAR_UNPROVEN (Wave1A.1+WaveA),hesabfa_last_stock=None;synced=2026-07-28T09:31:05.402530+00:00;SEMANTICS=UNPROVEN,HIGH,NO
3949,3203-7A,3203-7A,INSIZE | اینسایز,INSIZE,STILL_ONLY_AVAILABILITY,insize.distributor.11shahrivar.65a92337,65a9233762d5ff23148c06843c11c54db45a30ba9ee21f51d9a33f554679938a,,UNKNOWN,,EXACT_MANUFACTURER_SKU,,NO,نا موجود,UNAVAILABLE,NO,NO,NO,UNKNOWN_DATE,وضعیت column موجود/نا موجود; SOURCE_YEAR_UNPROVEN (Wave1A.1+WaveA),hesabfa_last_stock=None;synced=2026-07-28T09:31:04.554318+00:00;SEMANTICS=UNPROVEN,HIGH,NO
3950,3203-8A,3203-8A,INSIZE | اینسایز,INSIZE,STILL_ONLY_AVAILABILITY,insize.distributor.11shahrivar.65a92337,65a9233762d5ff23148c06843c11c54db45a30ba9ee21f51d9a33f554679938a,,UNKNOWN,,EXACT_MANUFACTURER_SKU,,NO,نا موجود,UNAVAILABLE,NO,NO,NO,UNKNOWN_DATE,وضعیت column موجود/نا موجود; SOURCE_YEAR_UNPROVEN (Wave1A.1+WaveA),hesabfa_last_stock=None;synced=2026-07-28T09:31:03.643581+00:00;SEMANTICS=UNPROVEN,HIGH,NO
3952,3203-9A,3203-9A,INSIZE | اینسایز,INSIZE,STILL_ONLY_AVAILABILITY,insize.distributor.11shahrivar.65a92337,65a9233762d5ff23148c06843c11c54db45a30ba9ee21f51d9a33f554679938a,,UNKNOWN,,EXACT_MANUFACTURER_SKU,,NO,نا موجود,UNAVAILABLE,NO,NO,NO,UNKNOWN_DATE,وضعیت column موجود/نا موجود; SOURCE_YEAR_UNPROVEN (Wave1A.1+WaveA),hesabfa_last_stock=None;synced=2026-07-28T09:31:02.770762+00:00;SEMANTICS=UNPROVEN,HIGH,NO
3954,3227-6,3227-6,INSIZE | اینسایز,INSIZE,STILL_ONLY_AVAILABILITY,insize.distributor.11shahrivar.65a92337,65a9233762d5ff23148c06843c11c54db45a30ba9ee21f51d9a33f554679938a,,UNKNOWN,,EXACT_MANUFACTURER_SKU,,NO,نا موجود,UNAVAILABLE,NO,NO,NO,UNKNOWN_DATE,وضعیت column موجود/نا موجود; SOURCE_YEAR_UNPROVEN (Wave1A.1+WaveA),hesabfa_last_stock=None;synced=2026-07-28T09:31:01.991348+00:00;SEMANTICS=UNPROVEN,HIGH,NO
4024,4168-S25,4168-S25,INSIZE | اینسایز,INSIZE,STILL_ONLY_AVAILABILITY,insize.distributor.11shahrivar.65a92337,65a9233762d5ff23148c06843c11c54db45a30ba9ee21f51d9a33f554679938a,,UNKNOWN,,EXACT_MANUFACTURER_SKU,,NO,نا موجود,UNAVAILABLE,NO,NO,NO,UNKNOWN_DATE,وضعیت column موجود/نا موجود; SOURCE_YEAR_UNPROVEN (Wave1A.1+WaveA),hesabfa_last_stock=None;synced=2026-07-28T09:30:22.885681+00:00;SEMANTICS=UNPROVEN,HIGH,NO
4028,4790-050,4790-050,INSIZE | اینسایز,INSIZE,STILL_ONLY_AVAILABILITY,insize.distributor.11shahrivar.65a92337,65a9233762d5ff23148c06843c11c54db45a30ba9ee21f51d9a33f554679938a,,UNKNOWN,,EXACT_MANUFACTURER_SKU,,NO,نا موجود,UNAVAILABLE,NO,NO,NO,UNKNOWN_DATE,وضعیت column موجود/نا موجود; SOURCE_YEAR_UNPROVEN (Wave1A.1+WaveA),hesabfa_last_stock=None;synced=2026-07-28T09:30:20.946335+00:00;SEMANTICS=UNPROVEN,HIGH,NO
4030,4790-075,4790-075,INSIZE | اینسایز,INSIZE,STILL_ONLY_AVAILABILITY,insize.distributor.11shahrivar.65a92337,65a9233762d5ff23148c06843c11c54db45a30ba9ee21f51d9a33f554679938a,,UNKNOWN,,EXACT_MANUFACTURER_SKU,,NO,نا موجود,UNAVAILABLE,NO,NO,NO,UNKNOWN_DATE,وضعیت column موجود/نا موجود; SOURCE_YEAR_UNPROVEN (Wave1A.1+WaveA),hesabfa_last_stock=None;synced=2026-07-28T09:30:20.158307+00:00;SEMANTICS=UNPROVEN,HIGH,NO
4031,4796-50,4796-50,INSIZE | اینسایز,INSIZE,STILL_ONLY_AVAILABILITY,insize.distributor.11shahrivar.65a92337,65a9233762d5ff23148c06843c11c54db45a30ba9ee21f51d9a33f554679938a,,UNKNOWN,,EXACT_MANUFACTURER_SKU,,NO,نا موجود,UNAVAILABLE,NO,NO,NO,UNKNOWN_DATE,وضعیت column موجود/نا موجود; SOURCE_YEAR_UNPROVEN (Wave1A.1+WaveA),hesabfa_last_stock=None;synced=2026-07-28T09:30:18.726662+00:00;SEMANTICS=UNPROVEN,HIGH,NO
4032,4796-75,4796-75,INSIZE | اینسایز,INSIZE,STILL_ONLY_AVAILABILITY,insize.distributor.11shahrivar.65a92337,65a9233762d5ff23148c06843c11c54db45a30ba9ee21f51d9a33f554679938a,,UNKNOWN,,EXACT_MANUFACTURER_SKU,,NO,نا موجود,UNAVAILABLE,NO,NO,NO,UNKNOWN_DATE,وضعیت column موجود/نا موجود; SOURCE_YEAR_UNPROVEN (Wave1A.1+WaveA),hesabfa_last_stock=None;synced=2026-07-28T09:30:17.849932+00:00;SEMANTICS=UNPROVEN,HIGH,NO
4036,4832-1,4832-1,INSIZE | اینسایز,INSIZE,STILL_ONLY_AVAILABILITY,insize.distributor.11shahrivar.65a92337,65a9233762d5ff23148c06843c11c54db45a30ba9ee21f51d9a33f554679938a,,UNKNOWN,,EXACT_MANUFACTURER_SKU,,NO,نا موجود,UNAVAILABLE,NO,NO,NO,UNKNOWN_DATE,وضعیت column موجود/نا موجود; SOURCE_YEAR_UNPROVEN (Wave1A.1+WaveA),hesabfa_last_stock=None;synced=2026-07-28T09:28:43.578038+00:00;SEMANTICS=UNPROVEN,HIGH,NO
4037,4833-2,4833-2,INSIZE | اینسایز,INSIZE,STILL_ONLY_AVAILABILITY,insize.distributor.11shahrivar.65a92337,65a9233762d5ff23148c06843c11c54db45a30ba9ee21f51d9a33f554679938a,,UNKNOWN,,EXACT_MANUFACTURER_SKU,,NO,نا موجود,UNAVAILABLE,NO,NO,NO,UNKNOWN_DATE,وضعیت column موجود/نا موجود; SOURCE_YEAR_UNPROVEN (Wave1A.1+WaveA),hesabfa_last_stock=None;synced=2026-07-28T09:28:42.696353+00:00;SEMANTICS=UNPROVEN,HIGH,NO
4039,4833-3,4833-3,INSIZE | اینسایز,INSIZE,STILL_ONLY_AVAILABILITY,insize.distributor.11shahrivar.65a92337,65a9233762d5ff23148c06843c11c54db45a30ba9ee21f51d9a33f554679938a,,UNKNOWN,,EXACT_MANUFACTURER_SKU,,NO,نا موجود,UNAVAILABLE,NO,NO,NO,UNKNOWN_DATE,وضعیت column موجود/نا موجود; SOURCE_YEAR_UNPROVEN (Wave1A.1+WaveA),hesabfa_last_stock=None;synced=2026-07-28T09:28:41.513517+00:00;SEMANTICS=UNPROVEN,HIGH,NO
4040,4833-4,4833-4,INSIZE | اینسایز,INSIZE,STILL_ONLY_AVAILABILITY,insize.distributor.11shahrivar.65a92337,65a9233762d5ff23148c06843c11c54db45a30ba9ee21f51d9a33f554679938a,,UNKNOWN,,EXACT_MANUFACTURER_SKU,,NO,نا موجود,UNAVAILABLE,NO,NO,NO,UNKNOWN_DATE,وضعیت column موجود/نا موجود; SOURCE_YEAR_UNPROVEN (Wave1A.1+WaveA),hesabfa_last_stock=None;synced=2026-07-28T09:28:40.594167+00:00;SEMANTICS=UNPROVEN,HIGH,NO
4042,4834-1,,INSIZE | اینسایز,INSIZE,STILL_ONLY_AVAILABILITY,insize.distributor.11shahrivar.65a92337,65a9233762d5ff23148c06843c11c54db45a30ba9ee21f51d9a33f554679938a,,UNKNOWN,,EXACT_SKU,,NO,نا موجود,UNAVAILABLE,NO,NO,NO,UNKNOWN_DATE,وضعیت column موجود/نا موجود; SOURCE_YEAR_UNPROVEN (Wave1A.1+WaveA),hesabfa_last_stock=None;synced=2026-07-28T09:28:39.667374+00:00;SEMANTICS=UNPROVEN,HIGH,NO
4044,4836-2,4836-2,INSIZE | اینسایز,INSIZE,STILL_ONLY_AVAILABILITY,insize.distributor.11shahrivar.65a92337,65a9233762d5ff23148c06843c11c54db45a30ba9ee21f51d9a33f554679938a,,UNKNOWN,,EXACT_MANUFACTURER_SKU,,NO,نا موجود,UNAVAILABLE,NO,NO,NO,UNKNOWN_DATE,وضعیت column موجود/نا موجود; SOURCE_YEAR_UNPROVEN (Wave1A.1+WaveA),hesabfa_last_stock=None;synced=2026-07-28T09:28:38.078578+00:00;SEMANTICS=UNPROVEN,HIGH,NO
4045,4837-1,4837-1,INSIZE | اینسایز,INSIZE,STILL_ONLY_AVAILABILITY,insize.distributor.11shahrivar.65a92337,65a9233762d5ff23148c06843c11c54db45a30ba9ee21f51d9a33f554679938a,,UNKNOWN,,EXACT_MANUFACTURER_SKU,,NO,نا موجود,UNAVAILABLE,NO,NO,NO,UNKNOWN_DATE,وضعیت column موجود/نا موجود; SOURCE_YEAR_UNPROVEN (Wave1A.1+WaveA),hesabfa_last_stock=None;synced=2026-07-28T09:28:36.983350+00:00;SEMANTICS=UNPROVEN,HIGH,NO
4046,4841-1,4841-1,INSIZE | اینسایز,INSIZE,STILL_ONLY_AVAILABILITY,insize.distributor.11shahrivar.65a92337,65a9233762d5ff23148c06843c11c54db45a30ba9ee21f51d9a33f554679938a,,UNKNOWN,,EXACT_MANUFACTURER_SKU,,NO,نا موجود,UNAVAILABLE,NO,NO,NO,UNKNOWN_DATE,وضعیت column موجود/نا موجود; SOURCE_YEAR_UNPROVEN (Wave1A.1+WaveA),hesabfa_last_stock=None;synced=2026-07-28T09:28:35.644861+00:00;SEMANTICS=UNPROVEN,HIGH,NO
4047,4844-1,4844-1,INSIZE | اینسایز,INSIZE,STILL_ONLY_AVAILABILITY,insize.distributor.11shahrivar.65a92337,65a9233762d5ff23148c06843c11c54db45a30ba9ee21f51d9a33f554679938a,,UNKNOWN,,EXACT_MANUFACTURER_SKU,,NO,نا موجود,UNAVAILABLE,NO,NO,NO,UNKNOWN_DATE,وضعیت column موجود/نا موجود; SOURCE_YEAR_UNPROVEN (Wave1A.1+WaveA),hesabfa_last_stock=None;synced=2026-07-28T09:28:34.569459+00:00;SEMANTICS=UNPROVEN,HIGH,NO
4049,4851-1,,INSIZE | اینسایز,INSIZE,STILL_ONLY_AVAILABILITY,insize.distributor.11shahrivar.65a92337,65a9233762d5ff23148c06843c11c54db45a30ba9ee21f51d9a33f554679938a,,UNKNOWN,,EXACT_SKU,,NO,نا موجود,UNAVAILABLE,NO,NO,NO,UNKNOWN_DATE,وضعیت column موجود/نا موجود; SOURCE_YEAR_UNPROVEN (Wave1A.1+WaveA),hesabfa_last_stock=None;synced=2026-07-28T09:28:32.603174+00:00;SEMANTICS=UNPROVEN,HIGH,NO
4051,4852-15,4852-15,INSIZE | اینسایز,INSIZE,STILL_ONLY_AVAILABILITY,insize.distributor.11shahrivar.65a92337,65a9233762d5ff23148c06843c11c54db45a30ba9ee21f51d9a33f554679938a,,UNKNOWN,,EXACT_MANUFACTURER_SKU,,NO,نا موجود,UNAVAILABLE,NO,NO,NO,UNKNOWN_DATE,وضعیت column موجود/نا موجود; SOURCE_YEAR_UNPROVEN (Wave1A.1+WaveA),hesabfa_last_stock=None;synced=2026-07-28T09:28:31.596371+00:00;SEMANTICS=UNPROVEN,HIGH,NO
4053,4852-30,4852-30,INSIZE | اینسایز,INSIZE,STILL_ONLY_AVAILABILITY,insize.distributor.11shahrivar.65a92337,65a9233762d5ff23148c06843c11c54db45a30ba9ee21f51d9a33f554679938a,,UNKNOWN,,EXACT_MANUFACTURER_SKU,,NO,نا موجود,UNAVAILABLE,NO,NO,NO,UNKNOWN_DATE,وضعیت column موجود/نا موجود; SOURCE_YEAR_UNPROVEN (Wave1A.1+WaveA),hesabfa_last_stock=None;synced=2026-07-28T09:28:30.616219+00:00;SEMANTICS=UNPROVEN,HIGH,NO
4054,4852-3,4852-3,INSIZE | اینسایز,INSIZE,STILL_ONLY_AVAILABILITY,insize.distributor.11shahrivar.65a92337,65a9233762d5ff23148c06843c11c54db45a30ba9ee21f51d9a33f554679938a,,UNKNOWN,,EXACT_MANUFACTURER_SKU,,NO,نا موجود,UNAVAILABLE,NO,NO,NO,UNKNOWN_DATE,وضعیت column موجود/نا موجود; SOURCE_YEAR_UNPROVEN (Wave1A.1+WaveA),hesabfa_last_stock=None;synced=2026-07-28T09:28:29.633623+00:00;SEMANTICS=UNPROVEN,HIGH,NO
4062,6224-40,6224-40,INSIZE | اینسایز,INSIZE,STILL_ONLY_AVAILABILITY,insize.distributor.11shahrivar.65a92337,65a9233762d5ff23148c06843c11c54db45a30ba9ee21f51d9a33f554679938a,,UNKNOWN,,EXACT_MANUFACTURER_SKU,,NO,نا موجود,UNAVAILABLE,NO,NO,NO,UNKNOWN_DATE,وضعیت column موجود/نا موجود; SOURCE_YEAR_UNPROVEN (Wave1A.1+WaveA),hesabfa_last_stock=None;synced=2026-07-28T09:28:25.479841+00:00;SEMANTICS=UNPROVEN,HIGH,NO
4064,6226-80,,INSIZE | اینسایز,INSIZE,STILL_ONLY_AVAILABILITY,insize.distributor.11shahrivar.65a92337,65a9233762d5ff23148c06843c11c54db45a30ba9ee21f51d9a33f554679938a,,UNKNOWN,,EXACT_SKU,,NO,نا موجود,UNAVAILABLE,NO,NO,NO,UNKNOWN_DATE,وضعیت column موجود/نا موجود; SOURCE_YEAR_UNPROVEN (Wave1A.1+WaveA),hesabfa_last_stock=None;synced=2026-07-28T09:28:24.510388+00:00;SEMANTICS=UNPROVEN,HIGH,NO
4068,6300,,INSIZE | اینسایز,INSIZE,STILL_ONLY_AVAILABILITY,insize.distributor.11shahrivar.65a92337,65a9233762d5ff23148c06843c11c54db45a30ba9ee21f51d9a33f554679938a,,UNKNOWN,,EXACT_SKU,,NO,نا موجود,UNAVAILABLE,NO,NO,NO,UNKNOWN_DATE,وضعیت column موجود/نا موجود; SOURCE_YEAR_UNPROVEN (Wave1A.1+WaveA),hesabfa_last_stock=None;synced=2026-07-28T09:28:21.547657+00:00;SEMANTICS=UNPROVEN,HIGH,NO
4069,6511-24,6511-24,INSIZE | اینسایز,INSIZE,STILL_ONLY_AVAILABILITY,insize.distributor.11shahrivar.65a92337,65a9233762d5ff23148c06843c11c54db45a30ba9ee21f51d9a33f554679938a,,UNKNOWN,,EXACT_MANUFACTURER_SKU,,NO,نا موجود,UNAVAILABLE,NO,NO,NO,UNKNOWN_DATE,وضعیت column موجود/نا موجود; SOURCE_YEAR_UNPROVEN (Wave1A.1+WaveA),hesabfa_last_stock=None;synced=2026-07-28T09:28:20.392868+00:00;SEMANTICS=UNPROVEN,HIGH,NO
4076,6832-1,6832-1,INSIZE | اینسایز,INSIZE,STILL_ONLY_AVAILABILITY,insize.distributor.11shahrivar.65a92337,65a9233762d5ff23148c06843c11c54db45a30ba9ee21f51d9a33f554679938a,,UNKNOWN,,EXACT_MANUFACTURER_SKU,,NO,نا موجود,UNAVAILABLE,NO,NO,NO,UNKNOWN_DATE,وضعیت column موجود/نا موجود; SOURCE_YEAR_UNPROVEN (Wave1A.1+WaveA),hesabfa_last_stock=None;synced=2026-07-28T09:28:16.154000+00:00;SEMANTICS=UNPROVEN,HIGH,NO
4077,6896-11,6896-11,INSIZE | اینسایز,INSIZE,STILL_ONLY_AVAILABILITY,insize.distributor.11shahrivar.65a92337,65a9233762d5ff23148c06843c11c54db45a30ba9ee21f51d9a33f554679938a,,UNKNOWN,,EXACT_MANUFACTURER_SKU,,NO,نا موجود,UNAVAILABLE,NO,NO,NO,UNKNOWN_DATE,وضعیت column موجود/نا موجود; SOURCE_YEAR_UNPROVEN (Wave1A.1+WaveA),hesabfa_last_stock=None;synced=2026-07-28T09:28:14.926685+00:00;SEMANTICS=UNPROVEN,HIGH,NO
4079,6896-13,6896-13,INSIZE | اینسایز,INSIZE,STILL_ONLY_AVAILABILITY,insize.distributor.11shahrivar.65a92337,65a9233762d5ff23148c06843c11c54db45a30ba9ee21f51d9a33f554679938a,,UNKNOWN,,EXACT_MANUFACTURER_SKU,,NO,نا موجود,UNAVAILABLE,NO,NO,NO,UNKNOWN_DATE,وضعیت column موجود/نا موجود; SOURCE_YEAR_UNPROVEN (Wave1A.1+WaveA),hesabfa_last_stock=None;synced=2026-07-28T09:28:13.774535+00:00;SEMANTICS=UNPROVEN,HIGH,NO
4081,7110-1200,7110-1200,INSIZE | اینسایز,INSIZE,STILL_ONLY_AVAILABILITY,insize.distributor.11shahrivar.65a92337,65a9233762d5ff23148c06843c11c54db45a30ba9ee21f51d9a33f554679938a,,UNKNOWN,,EXACT_MANUFACTURER_SKU,,NO,نا موجود,UNAVAILABLE,NO,NO,NO,UNKNOWN_DATE,وضعیت column موجود/نا موجود; SOURCE_YEAR_UNPROVEN (Wave1A.1+WaveA),hesabfa_last_stock=None;synced=2026-07-28T09:28:12.762189+00:00;SEMANTICS=UNPROVEN,HIGH,NO
4082,7144-1,7144-1,INSIZE | اینسایز,INSIZE,STILL_ONLY_AVAILABILITY,insize.distributor.11shahrivar.65a92337,65a9233762d5ff23148c06843c11c54db45a30ba9ee21f51d9a33f554679938a,,UNKNOWN,,EXACT_MANUFACTURER_SKU,,NO,نا موجود,UNAVAILABLE,NO,NO,NO,UNKNOWN_DATE,وضعیت column موجود/نا موجود; SOURCE_YEAR_UNPROVEN (Wave1A.1+WaveA),hesabfa_last_stock=None;synced=2026-07-28T09:28:11.649943+00:00;SEMANTICS=UNPROVEN,HIGH,NO
4084,7145-1,7145-1,INSIZE | اینسایز,INSIZE,STILL_ONLY_AVAILABILITY,insize.distributor.11shahrivar.65a92337,65a9233762d5ff23148c06843c11c54db45a30ba9ee21f51d9a33f554679938a,,UNKNOWN,,EXACT_MANUFACTURER_SKU,,NO,نا موجود,UNAVAILABLE,NO,NO,NO,UNKNOWN_DATE,وضعیت column موجود/نا موجود; SOURCE_YEAR_UNPROVEN (Wave1A.1+WaveA),hesabfa_last_stock=None;synced=2026-07-28T09:28:09.765153+00:00;SEMANTICS=UNPROVEN,HIGH,NO
4085,7161-1,7161-1,INSIZE | اینسایز,INSIZE,STILL_ONLY_AVAILABILITY,insize.distributor.11shahrivar.65a92337,65a9233762d5ff23148c06843c11c54db45a30ba9ee21f51d9a33f554679938a,,UNKNOWN,,EXACT_MANUFACTURER_SKU,,NO,نا موجود,UNAVAILABLE,NO,NO,NO,UNKNOWN_DATE,وضعیت column موجود/نا موجود; SOURCE_YEAR_UNPROVEN (Wave1A.1+WaveA),hesabfa_last_stock=None;synced=2026-07-28T09:28:08.794889+00:00;SEMANTICS=UNPROVEN,HIGH,NO
4086,7163-1,7163-1,INSIZE | اینسایز,INSIZE,STILL_ONLY_AVAILABILITY,insize.distributor.11shahrivar.65a92337,65a9233762d5ff23148c06843c11c54db45a30ba9ee21f51d9a33f554679938a,,UNKNOWN,,EXACT_MANUFACTURER_SKU,,NO,نا موجود,UNAVAILABLE,NO,NO,NO,UNKNOWN_DATE,وضعیت column موجود/نا موجود; SOURCE_YEAR_UNPROVEN (Wave1A.1+WaveA),hesabfa_last_stock=None;synced=2026-07-28T09:28:07.873032+00:00;SEMANTICS=UNPROVEN,HIGH,NO
4088,7302-21,7302-21,INSIZE | اینسایز,INSIZE,STILL_ONLY_AVAILABILITY,insize.distributor.11shahrivar.65a92337,65a9233762d5ff23148c06843c11c54db45a30ba9ee21f51d9a33f554679938a,,UNKNOWN,,EXACT_MANUFACTURER_SKU,,NO,نا موجود,UNAVAILABLE,NO,NO,NO,UNKNOWN_DATE,وضعیت column موجود/نا موجود; SOURCE_YEAR_UNPROVEN (Wave1A.1+WaveA),hesabfa_last_stock=None;synced=2026-07-28T09:28:06.938699+00:00;SEMANTICS=UNPROVEN,HIGH,NO
4091,7513-2,7513-2,INSIZE | اینسایز,INSIZE,STILL_ONLY_AVAILABILITY,insize.distributor.11shahrivar.65a92337,65a9233762d5ff23148c06843c11c54db45a30ba9ee21f51d9a33f554679938a,,UNKNOWN,,EXACT_MANUFACTURER_SKU,,NO,نا موجود,UNAVAILABLE,NO,NO,NO,UNKNOWN_DATE,وضعیت column موجود/نا موجود; SOURCE_YEAR_UNPROVEN (Wave1A.1+WaveA),hesabfa_last_stock=None;synced=2026-07-28T09:28:05.019296+00:00;SEMANTICS=UNPROVEN,HIGH,NO
4092,7513-4,7513-4,INSIZE | اینسایز,INSIZE,STILL_ONLY_AVAILABILITY,insize.distributor.11shahrivar.65a92337,65a9233762d5ff23148c06843c11c54db45a30ba9ee21f51d9a33f554679938a,,UNKNOWN,,EXACT_MANUFACTURER_SKU,,NO,نا موجود,UNAVAILABLE,NO,NO,NO,UNKNOWN_DATE,وضعیت column موجود/نا موجود; SOURCE_YEAR_UNPROVEN (Wave1A.1+WaveA),hesabfa_last_stock=None;synced=2026-07-28T09:28:03.773833+00:00;SEMANTICS=UNPROVEN,HIGH,NO
4094,7515-10,7515-10,INSIZE | اینسایز,INSIZE,STILL_ONLY_AVAILABILITY,insize.distributor.11shahrivar.65a92337,65a9233762d5ff23148c06843c11c54db45a30ba9ee21f51d9a33f554679938a,,UNKNOWN,,EXACT_MANUFACTURER_SKU,,NO,نا موجود,UNAVAILABLE,NO,NO,NO,UNKNOWN_DATE,وضعیت column موجود/نا موجود; SOURCE_YEAR_UNPROVEN (Wave1A.1+WaveA),hesabfa_last_stock=None;synced=2026-07-28T09:28:02.961920+00:00;SEMANTICS=UNPROVEN,HIGH,YES
4095,7516-5D,7516-5D,INSIZE | اینسایز,INSIZE,STILL_ONLY_AVAILABILITY,insize.distributor.11shahrivar.65a92337,65a9233762d5ff23148c06843c11c54db45a30ba9ee21f51d9a33f554679938a,,UNKNOWN,,EXACT_MANUFACTURER_SKU,,NO,نا موجود,UNAVAILABLE,NO,NO,NO,UNKNOWN_DATE,وضعیت column موجود/نا موجود; SOURCE_YEAR_UNPROVEN (Wave1A.1+WaveA),hesabfa_last_stock=None;synced=2026-07-28T09:28:02.125746+00:00;SEMANTICS=UNPROVEN,HIGH,NO
4097,7517-3D,7517-3D,INSIZE | اینسایز,INSIZE,STILL_ONLY_AVAILABILITY,insize.distributor.11shahrivar.65a92337,65a9233762d5ff23148c06843c11c54db45a30ba9ee21f51d9a33f554679938a,,UNKNOWN,,EXACT_MANUFACTURER_SKU,,NO,نا موجود,UNAVAILABLE,NO,NO,NO,UNKNOWN_DATE,وضعیت column موجود/نا موجود; SOURCE_YEAR_UNPROVEN (Wave1A.1+WaveA),hesabfa_last_stock=None;synced=2026-07-28T09:28:01.237810+00:00;SEMANTICS=UNPROVEN,HIGH,NO
4101,8003-10,8003-10,INSIZE | اینسایز,INSIZE,STILL_ONLY_AVAILABILITY,insize.distributor.11shahrivar.65a92337,65a9233762d5ff23148c06843c11c54db45a30ba9ee21f51d9a33f554679938a,,UNKNOWN,,EXACT_MANUFACTURER_SKU,,NO,نا موجود,UNAVAILABLE,NO,NO,NO,UNKNOWN_DATE,وضعیت column موجود/نا موجود; SOURCE_YEAR_UNPROVEN (Wave1A.1+WaveA),hesabfa_last_stock=None;synced=2026-07-28T09:27:57.894646+00:00;SEMANTICS=UNPROVEN,HIGH,NO
4102,8003-6,8003-6,INSIZE | اینسایز,INSIZE,STILL_ONLY_AVAILABILITY,insize.distributor.11shahrivar.65a92337,65a9233762d5ff23148c06843c11c54db45a30ba9ee21f51d9a33f554679938a,,UNKNOWN,,EXACT_MANUFACTURER_SKU,,NO,نا موجود,UNAVAILABLE,NO,NO,NO,UNKNOWN_DATE,وضعیت column موجود/نا موجود; SOURCE_YEAR_UNPROVEN (Wave1A.1+WaveA),hesabfa_last_stock=None;synced=2026-07-28T09:27:56.811874+00:00;SEMANTICS=UNPROVEN,HIGH,NO
4104,8101-30,8101-30,INSIZE | اینسایز,INSIZE,STILL_ONLY_AVAILABILITY,insize.distributor.11shahrivar.65a92337,65a9233762d5ff23148c06843c11c54db45a30ba9ee21f51d9a33f554679938a,,UNKNOWN,,EXACT_MANUFACTURER_SKU,,NO,نا موجود,UNAVAILABLE,NO,NO,NO,UNKNOWN_DATE,وضعیت column موجود/نا موجود; SOURCE_YEAR_UNPROVEN (Wave1A.1+WaveA),hesabfa_last_stock=None;synced=2026-07-28T09:27:55.812563+00:00;SEMANTICS=UNPROVEN,HIGH,NO
4106,8203-CW03T,8203-CW03T,INSIZE | اینسایز,INSIZE,STILL_ONLY_AVAILABILITY,insize.distributor.11shahrivar.65a92337,65a9233762d5ff23148c06843c11c54db45a30ba9ee21f51d9a33f554679938a,,UNKNOWN,,EXACT_MANUFACTURER_SKU,,NO,نا موجود,UNAVAILABLE,NO,NO,NO,UNKNOWN_DATE,وضعیت column موجود/نا موجود; SOURCE_YEAR_UNPROVEN (Wave1A.1+WaveA),hesabfa_last_stock=None;synced=2026-07-28T09:27:54.820620+00:00;SEMANTICS=UNPROVEN,HIGH,NO
4107,8203-CW05T,8203-CW05T,INSIZE | اینسایز,INSIZE,STILL_ONLY_AVAILABILITY,insize.distributor.11shahrivar.65a92337,65a9233762d5ff23148c06843c11c54db45a30ba9ee21f51d9a33f554679938a,,UNKNOWN,,EXACT_MANUFACTURER_SKU,,NO,نا موجود,UNAVAILABLE,NO,NO,NO,UNKNOWN_DATE,وضعیت column موجود/نا موجود; SOURCE_YEAR_UNPROVEN (Wave1A.1+WaveA),hesabfa_last_stock=None;synced=2026-07-28T09:27:53.809098+00:00;SEMANTICS=UNPROVEN,HIGH,NO
4108,8203-CW1T,8203-CW1T,INSIZE | اینسایز,INSIZE,STILL_ONLY_AVAILABILITY,insize.distributor.11shahrivar.65a92337,65a9233762d5ff23148c06843c11c54db45a30ba9ee21f51d9a33f554679938a,,UNKNOWN,,EXACT_MANUFACTURER_SKU,,NO,نا موجود,UNAVAILABLE,NO,NO,NO,UNKNOWN_DATE,وضعیت column موجود/نا موجود; SOURCE_YEAR_UNPROVEN (Wave1A.1+WaveA),hesabfa_last_stock=None;synced=2026-07-28T09:27:52.887445+00:00;SEMANTICS=UNPROVEN,HIGH,NO
4110,8301-1200,8301-1200,INSIZE | اینسایز,INSIZE,STILL_ONLY_AVAILABILITY,insize.distributor.11shahrivar.65a92337,65a9233762d5ff23148c06843c11c54db45a30ba9ee21f51d9a33f554679938a,,UNKNOWN,,EXACT_MANUFACTURER_SKU,,NO,نا موجود,UNAVAILABLE,NO,NO,NO,UNKNOWN_DATE,وضعیت column موجود/نا موجود; SOURCE_YEAR_UNPROVEN (Wave1A.1+WaveA),hesabfa_last_stock=None;synced=2026-07-28T09:27:51.938886+00:00;SEMANTICS=UNPROVEN,HIGH,NO
4115,9315-CF210,9315-CF210,INSIZE | اینسایز,INSIZE,STILL_ONLY_AVAILABILITY,insize.distributor.11shahrivar.65a92337,65a9233762d5ff23148c06843c11c54db45a30ba9ee21f51d9a33f554679938a,,UNKNOWN,,EXACT_MANUFACTURER_SKU,,NO,نا موجود,UNAVAILABLE,NO,NO,NO,UNKNOWN_DATE,وضعیت column موجود/نا موجود; SOURCE_YEAR_UNPROVEN (Wave1A.1+WaveA),hesabfa_last_stock=None;synced=2026-07-28T09:27:49.024793+00:00;SEMANTICS=UNPROVEN,HIGH,YES
4118,HDT-L411,,INSIZE | اینسایز,INSIZE,STILL_ONLY_AVAILABILITY,insize.distributor.11shahrivar.65a92337,65a9233762d5ff23148c06843c11c54db45a30ba9ee21f51d9a33f554679938a,,UNKNOWN,,EXACT_SKU,,NO,نا موجود,UNAVAILABLE,NO,NO,NO,UNKNOWN_DATE,وضعیت column موجود/نا موجود; SOURCE_YEAR_UNPROVEN (Wave1A.1+WaveA),hesabfa_last_stock=None;synced=2026-07-28T09:27:46.034493+00:00;SEMANTICS=UNPROVEN,HIGH,NO
4121,ISR-CS130-W,,INSIZE | اینسایز,INSIZE,STILL_ONLY_AVAILABILITY,insize.distributor.11shahrivar.65a92337,65a9233762d5ff23148c06843c11c54db45a30ba9ee21f51d9a33f554679938a,,UNKNOWN,,EXACT_SKU,,NO,نا موجود,UNAVAILABLE,NO,NO,NO,UNKNOWN_DATE,وضعیت column موجود/نا موجود; SOURCE_YEAR_UNPROVEN (Wave1A.1+WaveA),hesabfa_last_stock=None;synced=2026-07-28T09:27:44.174145+00:00;SEMANTICS=UNPROVEN,HIGH,NO
4122,ISU-250C,,INSIZE | اینسایز,INSIZE,STILL_ONLY_AVAILABILITY,insize.distributor.11shahrivar.65a92337,65a9233762d5ff23148c06843c11c54db45a30ba9ee21f51d9a33f554679938a,,UNKNOWN,,EXACT_SKU,,NO,نا موجود,UNAVAILABLE,NO,NO,NO,UNKNOWN_DATE,وضعیت column موجود/نا موجود; SOURCE_YEAR_UNPROVEN (Wave1A.1+WaveA),hesabfa_last_stock=None;synced=2026-07-28T09:27:43.257632+00:00;SEMANTICS=UNPROVEN,HIGH,NO
4124,ISV-E40,,INSIZE | اینسایز,INSIZE,STILL_ONLY_AVAILABILITY,insize.distributor.11shahrivar.65a92337,65a9233762d5ff23148c06843c11c54db45a30ba9ee21f51d9a33f554679938a,,UNKNOWN,,EXACT_SKU,,NO,نا موجود,UNAVAILABLE,NO,NO,NO,UNKNOWN_DATE,وضعیت column موجود/نا موجود; SOURCE_YEAR_UNPROVEN (Wave1A.1+WaveA),hesabfa_last_stock=None;synced=2026-07-28T09:27:42.256891+00:00;SEMANTICS=UNPROVEN,HIGH,NO
4125,1156-1000,1156-1000,INSIZE | اینسایز,INSIZE,STILL_ONLY_AVAILABILITY,insize.distributor.11shahrivar.65a92337,65a9233762d5ff23148c06843c11c54db45a30ba9ee21f51d9a33f554679938a,,UNKNOWN,,EXACT_MANUFACTURER_SKU,,NO,نا موجود,UNAVAILABLE,NO,NO,NO,UNKNOWN_DATE,وضعیت column موجود/نا موجود; SOURCE_YEAR_UNPROVEN (Wave1A.1+WaveA),hesabfa_last_stock=None;synced=2026-07-28T09:27:41.316004+00:00;SEMANTICS=UNPROVEN,HIGH,NO
4132,5071,,INSIZE | اینسایز,INSIZE,STILL_ONLY_AVAILABILITY,insize.distributor.11shahrivar.65a92337,65a9233762d5ff23148c06843c11c54db45a30ba9ee21f51d9a33f554679938a,,UNKNOWN,,EXACT_SKU,,NO,نا موجود,UNAVAILABLE,NO,NO,NO,UNKNOWN_DATE,وضعیت column موجود/نا موجود; SOURCE_YEAR_UNPROVEN (Wave1A.1+WaveA),hesabfa_last_stock=None;synced=2026-07-28T09:27:36.541707+00:00;SEMANTICS=UNPROVEN,HIGH,NO
4134,5072,,INSIZE | اینسایز,INSIZE,STILL_ONLY_AVAILABILITY,insize.distributor.11shahrivar.65a92337,65a9233762d5ff23148c06843c11c54db45a30ba9ee21f51d9a33f554679938a,,UNKNOWN,,EXACT_SKU,,NO,نا موجود,UNAVAILABLE,NO,NO,NO,UNKNOWN_DATE,وضعیت column موجود/نا موجود; SOURCE_YEAR_UNPROVEN (Wave1A.1+WaveA),hesabfa_last_stock=None;synced=2026-07-28T09:27:35.584171+00:00;SEMANTICS=UNPROVEN,HIGH,NO
4137,5031,,INSIZE | اینسایز,INSIZE,STILL_ONLY_AVAILABILITY,insize.distributor.11shahrivar.65a92337,65a9233762d5ff23148c06843c11c54db45a30ba9ee21f51d9a33f554679938a,,UNKNOWN,,EXACT_SKU,,NO,نا موجود,UNAVAILABLE,NO,NO,NO,UNKNOWN_DATE,وضعیت column موجود/نا موجود; SOURCE_YEAR_UNPROVEN (Wave1A.1+WaveA),hesabfa_last_stock=None;synced=2026-07-28T09:27:34.640696+00:00;SEMANTICS=UNPROVEN,HIGH,NO
4138,5041,,INSIZE | اینسایز,INSIZE,STILL_ONLY_AVAILABILITY,insize.distributor.11shahrivar.65a92337,65a9233762d5ff23148c06843c11c54db45a30ba9ee21f51d9a33f554679938a,,UNKNOWN,,EXACT_SKU,,NO,نا موجود,UNAVAILABLE,NO,NO,NO,UNKNOWN_DATE,وضعیت column موجود/نا موجود; SOURCE_YEAR_UNPROVEN (Wave1A.1+WaveA),hesabfa_last_stock=None;synced=2026-07-28T09:27:33.667349+00:00;SEMANTICS=UNPROVEN,HIGH,NO
4140,5042,,INSIZE | اینسایز,INSIZE,STILL_ONLY_AVAILABILITY,insize.distributor.11shahrivar.65a92337,65a9233762d5ff23148c06843c11c54db45a30ba9ee21f51d9a33f554679938a,,UNKNOWN,,EXACT_SKU,,NO,موجود,AVAILABLE,NO,NO,NO,UNKNOWN_DATE,وضعیت column موجود/نا موجود; SOURCE_YEAR_UNPROVEN (Wave1A.1+WaveA),hesabfa_last_stock=None;synced=2026-07-28T09:27:32.725108+00:00;SEMANTICS=UNPROVEN,HIGH,YES
4142,5051,,INSIZE | اینسایز,INSIZE,STILL_ONLY_AVAILABILITY,insize.distributor.11shahrivar.65a92337,65a9233762d5ff23148c06843c11c54db45a30ba9ee21f51d9a33f554679938a,,UNKNOWN,,EXACT_SKU,,NO,نا موجود,UNAVAILABLE,NO,NO,NO,UNKNOWN_DATE,وضعیت column موجود/نا موجود; SOURCE_YEAR_UNPROVEN (Wave1A.1+WaveA),hesabfa_last_stock=None;synced=2026-07-28T09:27:31.737542+00:00;SEMANTICS=UNPROVEN,HIGH,NO
4143,5052,,INSIZE | اینسایز,INSIZE,STILL_ONLY_AVAILABILITY,insize.distributor.11shahrivar.65a92337,65a9233762d5ff23148c06843c11c54db45a30ba9ee21f51d9a33f554679938a,,UNKNOWN,,EXACT_SKU,,NO,نا موجود,UNAVAILABLE,NO,NO,NO,UNKNOWN_DATE,وضعیت column موجود/نا موجود; SOURCE_YEAR_UNPROVEN (Wave1A.1+WaveA),hesabfa_last_stock=None;synced=2026-07-28T09:27:30.758984+00:00;SEMANTICS=UNPROVEN,HIGH,NO
4144,5061,,INSIZE | اینسایز,INSIZE,STILL_ONLY_AVAILABILITY,insize.distributor.11shahrivar.65a92337,65a9233762d5ff23148c06843c11c54db45a30ba9ee21f51d9a33f554679938a,,UNKNOWN,,EXACT_SKU,,NO,نا موجود,UNAVAILABLE,NO,NO,NO,UNKNOWN_DATE,وضعیت column موجود/نا موجود; SOURCE_YEAR_UNPROVEN (Wave1A.1+WaveA),hesabfa_last_stock=None;synced=2026-07-28T09:27:29.724774+00:00;SEMANTICS=UNPROVEN,HIGH,NO
4145,5062,,INSIZE | اینسایز,INSIZE,STILL_ONLY_AVAILABILITY,insize.distributor.11shahrivar.65a92337,65a9233762d5ff23148c06843c11c54db45a30ba9ee21f51d9a33f554679938a,,UNKNOWN,,EXACT_SKU,,NO,نا موجود,UNAVAILABLE,NO,NO,NO,UNKNOWN_DATE,وضعیت column موجود/نا موجود; SOURCE_YEAR_UNPROVEN (Wave1A.1+WaveA),hesabfa_last_stock=None;synced=2026-07-28T09:27:28.696676+00:00;SEMANTICS=UNPROVEN,HIGH,NO
4146,5063,,INSIZE | اینسایز,INSIZE,STILL_ONLY_AVAILABILITY,insize.distributor.11shahrivar.65a92337,65a9233762d5ff23148c06843c11c54db45a30ba9ee21f51d9a33f554679938a,,UNKNOWN,,EXACT_SKU,,NO,نا موجود,UNAVAILABLE,NO,NO,NO,UNKNOWN_DATE,وضعیت column موجود/نا موجود; SOURCE_YEAR_UNPROVEN (Wave1A.1+WaveA),hesabfa_last_stock=None;synced=2026-07-28T09:27:27.725493+00:00;SEMANTICS=UNPROVEN,HIGH,NO
4148,5064,,INSIZE | اینسایز,INSIZE,STILL_ONLY_AVAILABILITY,insize.distributor.11shahrivar.65a92337,65a9233762d5ff23148c06843c11c54db45a30ba9ee21f51d9a33f554679938a,,UNKNOWN,,EXACT_SKU,,NO,نا موجود,UNAVAILABLE,NO,NO,NO,UNKNOWN_DATE,وضعیت column موجود/نا موجود; SOURCE_YEAR_UNPROVEN (Wave1A.1+WaveA),hesabfa_last_stock=None;synced=2026-07-28T09:27:26.813401+00:00;SEMANTICS=UNPROVEN,HIGH,NO
4150,5021,,INSIZE | اینسایز,INSIZE,STILL_ONLY_AVAILABILITY,insize.distributor.11shahrivar.65a92337,65a9233762d5ff23148c06843c11c54db45a30ba9ee21f51d9a33f554679938a,,UNKNOWN,,EXACT_SKU,,NO,نا موجود,UNAVAILABLE,NO,NO,NO,UNKNOWN_DATE,وضعیت column موجود/نا موجود; SOURCE_YEAR_UNPROVEN (Wave1A.1+WaveA),hesabfa_last_stock=None;synced=2026-07-28T09:27:25.763242+00:00;SEMANTICS=UNPROVEN,HIGH,NO
4152,5022,,INSIZE | اینسایز,INSIZE,STILL_ONLY_AVAILABILITY,insize.distributor.11shahrivar.65a92337,65a9233762d5ff23148c06843c11c54db45a30ba9ee21f51d9a33f554679938a,,UNKNOWN,,EXACT_SKU,,NO,نا موجود,UNAVAILABLE,NO,NO,NO,UNKNOWN_DATE,وضعیت column موجود/نا موجود; SOURCE_YEAR_UNPROVEN (Wave1A.1+WaveA),hesabfa_last_stock=None;synced=2026-07-28T09:27:24.849509+00:00;SEMANTICS=UNPROVEN,HIGH,NO
4154,5023,,INSIZE | اینسایز,INSIZE,STILL_ONLY_AVAILABILITY,insize.distributor.11shahrivar.65a92337,65a9233762d5ff23148c06843c11c54db45a30ba9ee21f51d9a33f554679938a,,UNKNOWN,,EXACT_SKU,,NO,نا موجود,UNAVAILABLE,NO,NO,NO,UNKNOWN_DATE,وضعیت column موجود/نا موجود; SOURCE_YEAR_UNPROVEN (Wave1A.1+WaveA),hesabfa_last_stock=None;synced=2026-07-28T09:27:23.865884+00:00;SEMANTICS=UNPROVEN,HIGH,NO
4185,SO-13637,,SAN OU | سانو,SAN_OU,STILL_ONLY_AVAILABILITY,sanou.price_list_2026-07-25,b8e90acb674ed3a6eba50f73a1424f6b02822e61850d8700a4fe566664802b1d,,UNKNOWN,,N/A,,NO,,UNKNOWN,NO,NO,NO,PRICE_ONLY,PDF /home/shebahati/KaZar/DOCS/Price/San-Ou/2026-07-25_San-Ou_Price-List.pdf is price list; PRICE≠AVAILABILITY,,HIGH,YES
4186,SO-13638,,SAN OU | سانو,SAN_OU,STILL_ONLY_AVAILABILITY,sanou.price_list_2026-07-25,b8e90acb674ed3a6eba50f73a1424f6b02822e61850d8700a4fe566664802b1d,,UNKNOWN,,N/A,,NO,,UNKNOWN,NO,NO,NO,PRICE_ONLY,PDF /home/shebahati/KaZar/DOCS/Price/San-Ou/2026-07-25_San-Ou_Price-List.pdf is price list; PRICE≠AVAILABILITY,,HIGH,YES
4187,SO-13639,,SAN OU | سانو,SAN_OU,STILL_ONLY_AVAILABILITY,sanou.price_list_2026-07-25,b8e90acb674ed3a6eba50f73a1424f6b02822e61850d8700a4fe566664802b1d,,UNKNOWN,,N/A,,NO,,UNKNOWN,NO,NO,NO,PRICE_ONLY,PDF /home/shebahati/KaZar/DOCS/Price/San-Ou/2026-07-25_San-Ou_Price-List.pdf is price list; PRICE≠AVAILABILITY,,HIGH,YES
4251,SO-13605,,SAN OU | سانو,SAN_OU,STILL_ONLY_AVAILABILITY,sanou.price_list_2026-07-25,b8e90acb674ed3a6eba50f73a1424f6b02822e61850d8700a4fe566664802b1d,,UNKNOWN,,N/A,,NO,,UNKNOWN,NO,NO,NO,PRICE_ONLY,PDF /home/shebahati/KaZar/DOCS/Price/San-Ou/2026-07-25_San-Ou_Price-List.pdf is price list; PRICE≠AVAILABILITY,,HIGH,YES
4252,SO-13606,,SAN OU | سانو,SAN_OU,STILL_ONLY_AVAILABILITY,sanou.price_list_2026-07-25,b8e90acb674ed3a6eba50f73a1424f6b02822e61850d8700a4fe566664802b1d,,UNKNOWN,,N/A,,NO,,UNKNOWN,NO,NO,NO,PRICE_ONLY,PDF /home/shebahati/KaZar/DOCS/Price/San-Ou/2026-07-25_San-Ou_Price-List.pdf is price list; PRICE≠AVAILABILITY,,HIGH,YES
4253,SO-13607,,SAN OU | سانو,SAN_OU,STILL_ONLY_AVAILABILITY,sanou.price_list_2026-07-25,b8e90acb674ed3a6eba50f73a1424f6b02822e61850d8700a4fe566664802b1d,,UNKNOWN,,N/A,,NO,,UNKNOWN,NO,NO,NO,PRICE_ONLY,PDF /home/shebahati/KaZar/DOCS/Price/San-Ou/2026-07-25_San-Ou_Price-List.pdf is price list; PRICE≠AVAILABILITY,,HIGH,YES
4254,SO-13608,,SAN OU | سانو,SAN_OU,STILL_ONLY_AVAILABILITY,sanou.price_list_2026-07-25,b8e90acb674ed3a6eba50f73a1424f6b02822e61850d8700a4fe566664802b1d,,UNKNOWN,,N/A,,NO,,UNKNOWN,NO,NO,NO,PRICE_ONLY,PDF /home/shebahati/KaZar/DOCS/Price/San-Ou/2026-07-25_San-Ou_Price-List.pdf is price list; PRICE≠AVAILABILITY,,HIGH,YES
4255,SO-13609,,SAN OU | سانو,SAN_OU,STILL_ONLY_AVAILABILITY,sanou.price_list_2026-07-25,b8e90acb674ed3a6eba50f73a1424f6b02822e61850d8700a4fe566664802b1d,,UNKNOWN,,N/A,,NO,,UNKNOWN,NO,NO,NO,PRICE_ONLY,PDF /home/shebahati/KaZar/DOCS/Price/San-Ou/2026-07-25_San-Ou_Price-List.pdf is price list; PRICE≠AVAILABILITY,,HIGH,YES
4256,SO-13610,,SAN OU | سانو,SAN_OU,STILL_ONLY_AVAILABILITY,sanou.price_list_2026-07-25,b8e90acb674ed3a6eba50f73a1424f6b02822e61850d8700a4fe566664802b1d,,UNKNOWN,,N/A,,NO,,UNKNOWN,NO,NO,NO,PRICE_ONLY,PDF /home/shebahati/KaZar/DOCS/Price/San-Ou/2026-07-25_San-Ou_Price-List.pdf is price list; PRICE≠AVAILABILITY,,HIGH,YES
4258,SO-13613,,SAN OU | سانو,SAN_OU,STILL_ONLY_AVAILABILITY,sanou.price_list_2026-07-25,b8e90acb674ed3a6eba50f73a1424f6b02822e61850d8700a4fe566664802b1d,,UNKNOWN,,N/A,,NO,,UNKNOWN,NO,NO,NO,PRICE_ONLY,PDF /home/shebahati/KaZar/DOCS/Price/San-Ou/2026-07-25_San-Ou_Price-List.pdf is price list; PRICE≠AVAILABILITY,,HIGH,YES
4259,SO-13612,,SAN OU | سانو,SAN_OU,STILL_ONLY_AVAILABILITY,sanou.price_list_2026-07-25,b8e90acb674ed3a6eba50f73a1424f6b02822e61850d8700a4fe566664802b1d,,UNKNOWN,,N/A,,NO,,UNKNOWN,NO,NO,NO,PRICE_ONLY,PDF /home/shebahati/KaZar/DOCS/Price/San-Ou/2026-07-25_San-Ou_Price-List.pdf is price list; PRICE≠AVAILABILITY,,HIGH,YES
4261,SO-13615,,SAN OU | سانو,SAN_OU,STILL_ONLY_AVAILABILITY,sanou.price_list_2026-07-25,b8e90acb674ed3a6eba50f73a1424f6b02822e61850d8700a4fe566664802b1d,,UNKNOWN,,N/A,,NO,,UNKNOWN,NO,NO,NO,PRICE_ONLY,PDF /home/shebahati/KaZar/DOCS/Price/San-Ou/2026-07-25_San-Ou_Price-List.pdf is price list; PRICE≠AVAILABILITY,,HIGH,YES
4263,SO-13617,,SAN OU | سانو,SAN_OU,STILL_ONLY_AVAILABILITY,sanou.price_list_2026-07-25,b8e90acb674ed3a6eba50f73a1424f6b02822e61850d8700a4fe566664802b1d,,UNKNOWN,,N/A,,NO,,UNKNOWN,NO,NO,NO,PRICE_ONLY,PDF /home/shebahati/KaZar/DOCS/Price/San-Ou/2026-07-25_San-Ou_Price-List.pdf is price list; PRICE≠AVAILABILITY,,HIGH,YES
4303,SO-13569,,SAN OU | سانو,SAN_OU,STILL_ONLY_AVAILABILITY,sanou.price_list_2026-07-25,b8e90acb674ed3a6eba50f73a1424f6b02822e61850d8700a4fe566664802b1d,,UNKNOWN,,N/A,,NO,,UNKNOWN,NO,NO,NO,PRICE_ONLY,PDF /home/shebahati/KaZar/DOCS/Price/San-Ou/2026-07-25_San-Ou_Price-List.pdf is price list; PRICE≠AVAILABILITY,,HIGH,YES
4304,SO-13570,,SAN OU | سانو,SAN_OU,STILL_ONLY_AVAILABILITY,sanou.price_list_2026-07-25,b8e90acb674ed3a6eba50f73a1424f6b02822e61850d8700a4fe566664802b1d,,UNKNOWN,,N/A,,NO,,UNKNOWN,NO,NO,NO,PRICE_ONLY,PDF /home/shebahati/KaZar/DOCS/Price/San-Ou/2026-07-25_San-Ou_Price-List.pdf is price list; PRICE≠AVAILABILITY,,HIGH,YES
4422,SO-13619,,SAN OU | سانو,SAN_OU,STILL_ONLY_AVAILABILITY,sanou.price_list_2026-07-25,b8e90acb674ed3a6eba50f73a1424f6b02822e61850d8700a4fe566664802b1d,,UNKNOWN,,N/A,,NO,,UNKNOWN,NO,NO,NO,PRICE_ONLY,PDF /home/shebahati/KaZar/DOCS/Price/San-Ou/2026-07-25_San-Ou_Price-List.pdf is price list; PRICE≠AVAILABILITY,,HIGH,YES
4427,SO-13624,,SAN OU | سانو,SAN_OU,STILL_ONLY_AVAILABILITY,sanou.price_list_2026-07-25,b8e90acb674ed3a6eba50f73a1424f6b02822e61850d8700a4fe566664802b1d,,UNKNOWN,,N/A,,NO,,UNKNOWN,NO,NO,NO,PRICE_ONLY,PDF /home/shebahati/KaZar/DOCS/Price/San-Ou/2026-07-25_San-Ou_Price-List.pdf is price list; PRICE≠AVAILABILITY,,HIGH,YES
4428,SO-13625,,SAN OU | سانو,SAN_OU,STILL_ONLY_AVAILABILITY,sanou.price_list_2026-07-25,b8e90acb674ed3a6eba50f73a1424f6b02822e61850d8700a4fe566664802b1d,,UNKNOWN,,N/A,,NO,,UNKNOWN,NO,NO,NO,PRICE_ONLY,PDF /home/shebahati/KaZar/DOCS/Price/San-Ou/2026-07-25_San-Ou_Price-List.pdf is price list; PRICE≠AVAILABILITY,,HIGH,YES
4429,SO-13626,,SAN OU | سانو,SAN_OU,STILL_ONLY_AVAILABILITY,sanou.price_list_2026-07-25,b8e90acb674ed3a6eba50f73a1424f6b02822e61850d8700a4fe566664802b1d,,UNKNOWN,,N/A,,NO,,UNKNOWN,NO,NO,NO,PRICE_ONLY,PDF /home/shebahati/KaZar/DOCS/Price/San-Ou/2026-07-25_San-Ou_Price-List.pdf is price list; PRICE≠AVAILABILITY,,HIGH,YES
4432,SO-13630,,SAN OU | سانو,SAN_OU,STILL_ONLY_AVAILABILITY,sanou.price_list_2026-07-25,b8e90acb674ed3a6eba50f73a1424f6b02822e61850d8700a4fe566664802b1d,,UNKNOWN,,N/A,,NO,,UNKNOWN,NO,NO,NO,PRICE_ONLY,PDF /home/shebahati/KaZar/DOCS/Price/San-Ou/2026-07-25_San-Ou_Price-List.pdf is price list; PRICE≠AVAILABILITY,,HIGH,YES
4433,SO-13631,,SAN OU | سانو,SAN_OU,STILL_ONLY_AVAILABILITY,sanou.price_list_2026-07-25,b8e90acb674ed3a6eba50f73a1424f6b02822e61850d8700a4fe566664802b1d,,UNKNOWN,,N/A,,NO,,UNKNOWN,NO,NO,NO,PRICE_ONLY,PDF /home/shebahati/KaZar/DOCS/Price/San-Ou/2026-07-25_San-Ou_Price-List.pdf is price list; PRICE≠AVAILABILITY,,HIGH,YES
4457,SO-13633,,SAN OU | سانو,SAN_OU,STILL_ONLY_AVAILABILITY,sanou.price_list_2026-07-25,b8e90acb674ed3a6eba50f73a1424f6b02822e61850d8700a4fe566664802b1d,,UNKNOWN,,N/A,,NO,,UNKNOWN,NO,NO,NO,PRICE_ONLY,PDF /home/shebahati/KaZar/DOCS/Price/San-Ou/2026-07-25_San-Ou_Price-List.pdf is price list; PRICE≠AVAILABILITY,,HIGH,YES
4458,SO-13634,,SAN OU | سانو,SAN_OU,STILL_ONLY_AVAILABILITY,sanou.price_list_2026-07-25,b8e90acb674ed3a6eba50f73a1424f6b02822e61850d8700a4fe566664802b1d,,UNKNOWN,,N/A,,NO,,UNKNOWN,NO,NO,NO,PRICE_ONLY,PDF /home/shebahati/KaZar/DOCS/Price/San-Ou/2026-07-25_San-Ou_Price-List.pdf is price list; PRICE≠AVAILABILITY,,HIGH,YES
4459,SO-13635,,SAN OU | سانو,SAN_OU,STILL_ONLY_AVAILABILITY,sanou.price_list_2026-07-25,b8e90acb674ed3a6eba50f73a1424f6b02822e61850d8700a4fe566664802b1d,,UNKNOWN,,N/A,,NO,,UNKNOWN,NO,NO,NO,PRICE_ONLY,PDF /home/shebahati/KaZar/DOCS/Price/San-Ou/2026-07-25_San-Ou_Price-List.pdf is price list; PRICE≠AVAILABILITY,,HIGH,YES
4474,CDA100-300,CDA100-300,TERMA | ترما,TERMA,STILL_ONLY_AVAILABILITY,terma.google_drive_inventory_list,16eef2bb037f47484ee99dc0fcaab7d873b12bcbd21f4f18b12ae5e0825ae4ed,,UNKNOWN,,EXCLUSION,,NO,exclusion,UNAVAILABLE,NO,NO,NO,TERMA_UNRESOLVED_EXCLUSION,policy unresolved exclusions; inventory must not repair,,HIGH,YES
4480,YDA100F-300,,TERMA | ترما,TERMA,STILL_ONLY_AVAILABILITY,terma.google_drive_inventory_list,16eef2bb037f47484ee99dc0fcaab7d873b12bcbd21f4f18b12ae5e0825ae4ed,,UNKNOWN,,NO_EXACT_IDENTITY_MATCH,,NO,,UNKNOWN,NO,NO,NO,STATUS:UNKNOWN;UNKNOWN_DATE,Owner adapter TERMA_GOOGLE_DRIVE_INVENTORY_LIST; source_date UNPROVEN,,HIGH,YES
4619,MA250H-200,MA250H-200,TERMA | ترما,TERMA,STILL_ONLY_AVAILABILITY,terma.google_drive_inventory_list,16eef2bb037f47484ee99dc0fcaab7d873b12bcbd21f4f18b12ae5e0825ae4ed,,UNKNOWN,,EXCLUSION,,NO,exclusion,UNAVAILABLE,NO,NO,NO,TERMA_UNRESOLVED_EXCLUSION,policy unresolved exclusions; inventory must not repair,,HIGH,YES
4625,MD710-25,MD710-25,TERMA | ترما,TERMA,STILL_ONLY_AVAILABILITY,terma.google_drive_inventory_list,16eef2bb037f47484ee99dc0fcaab7d873b12bcbd21f4f18b12ae5e0825ae4ed,,UNKNOWN,,EXCLUSION,,NO,exclusion,UNAVAILABLE,NO,NO,NO,TERMA_UNRESOLVED_EXCLUSION,policy unresolved exclusions; inventory must not repair,,HIGH,YES
5880,2A-S5,,ASTPOWER | ای اس تی پاور,ASTPOWER,STILL_ONLY_AVAILABILITY,,,,UNKNOWN,,N/A,,NO,,UNKNOWN,NO,NO,NO,NO_SOURCE_FOUND,AST-Power DOCS/Price PDFs are price/catalog only; no stock authority found,,HIGH,YES
5881,2A-S7,,ASTPOWER | ای اس تی پاور,ASTPOWER,STILL_ONLY_AVAILABILITY,,,,UNKNOWN,,N/A,,NO,,UNKNOWN,NO,NO,NO,NO_SOURCE_FOUND,AST-Power DOCS/Price PDFs are price/catalog only; no stock authority found,,HIGH,YES
5882,2A-S8,,ASTPOWER | ای اس تی پاور,ASTPOWER,STILL_ONLY_AVAILABILITY,,,,UNKNOWN,,N/A,,NO,,UNKNOWN,NO,NO,NO,NO_SOURCE_FOUND,AST-Power DOCS/Price PDFs are price/catalog only; no stock authority found,,HIGH,YES
5883,2A-S10,,ASTPOWER | ای اس تی پاور,ASTPOWER,STILL_ONLY_AVAILABILITY,,,,UNKNOWN,,N/A,,NO,,UNKNOWN,NO,NO,NO,NO_SOURCE_FOUND,AST-Power DOCS/Price PDFs are price/catalog only; no stock authority found,,HIGH,YES
5884,2A-S12,,ASTPOWER | ای اس تی پاور,ASTPOWER,STILL_ONLY_AVAILABILITY,,,,UNKNOWN,,N/A,,NO,,UNKNOWN,NO,NO,NO,NO_SOURCE_FOUND,AST-Power DOCS/Price PDFs are price/catalog only; no stock authority found,,HIGH,YES
5885,2A-S16,,ASTPOWER | ای اس تی پاور,ASTPOWER,STILL_ONLY_AVAILABILITY,,,,UNKNOWN,,N/A,,NO,,UNKNOWN,NO,NO,NO,NO_SOURCE_FOUND,AST-Power DOCS/Price PDFs are price/catalog only; no stock authority found,,HIGH,YES
5886,3A-S5,,ASTPOWER | ای اس تی پاور,ASTPOWER,STILL_ONLY_AVAILABILITY,,,,UNKNOWN,,N/A,,NO,,UNKNOWN,NO,NO,NO,NO_SOURCE_FOUND,AST-Power DOCS/Price PDFs are price/catalog only; no stock authority found,,HIGH,YES
5887,3A-S7,,ASTPOWER | ای اس تی پاور,ASTPOWER,STILL_ONLY_AVAILABILITY,,,,UNKNOWN,,N/A,,NO,,UNKNOWN,NO,NO,NO,NO_SOURCE_FOUND,AST-Power DOCS/Price PDFs are price/catalog only; no stock authority found,,HIGH,YES
5888,3A-S10,,ASTPOWER | ای اس تی پاور,ASTPOWER,STILL_ONLY_AVAILABILITY,,,,UNKNOWN,,N/A,,NO,,UNKNOWN,NO,NO,NO,NO_SOURCE_FOUND,AST-Power DOCS/Price PDFs are price/catalog only; no stock authority found,,HIGH,YES
5889,3A-S12,,ASTPOWER | ای اس تی پاور,ASTPOWER,STILL_ONLY_AVAILABILITY,,,,UNKNOWN,,N/A,,NO,,UNKNOWN,NO,NO,NO,NO_SOURCE_FOUND,AST-Power DOCS/Price PDFs are price/catalog only; no stock authority found,,HIGH,YES
5890,3A-S16,,ASTPOWER | ای اس تی پاور,ASTPOWER,STILL_ONLY_AVAILABILITY,,,,UNKNOWN,,N/A,,NO,,UNKNOWN,NO,NO,NO,NO_SOURCE_FOUND,AST-Power DOCS/Price PDFs are price/catalog only; no stock authority found,,HIGH,YES
5891,33A-S5,,ASTPOWER | ای اس تی پاور,ASTPOWER,STILL_ONLY_AVAILABILITY,,,,UNKNOWN,,N/A,,NO,,UNKNOWN,NO,NO,NO,NO_SOURCE_FOUND,AST-Power DOCS/Price PDFs are price/catalog only; no stock authority found,,HIGH,YES
5892,33A-S7,,ASTPOWER | ای اس تی پاور,ASTPOWER,STILL_ONLY_AVAILABILITY,,,,UNKNOWN,,N/A,,NO,,UNKNOWN,NO,NO,NO,NO_SOURCE_FOUND,AST-Power DOCS/Price PDFs are price/catalog only; no stock authority found,,HIGH,YES
5893,33A-S10,,ASTPOWER | ای اس تی پاور,ASTPOWER,STILL_ONLY_AVAILABILITY,,,,UNKNOWN,,N/A,,NO,,UNKNOWN,NO,NO,NO,NO_SOURCE_FOUND,AST-Power DOCS/Price PDFs are price/catalog only; no stock authority found,,HIGH,YES
5894,33A-S12,,ASTPOWER | ای اس تی پاور,ASTPOWER,STILL_ONLY_AVAILABILITY,,,,UNKNOWN,,N/A,,NO,,UNKNOWN,NO,NO,NO,NO_SOURCE_FOUND,AST-Power DOCS/Price PDFs are price/catalog only; no stock authority found,,HIGH,YES
5895,33A-S16,,ASTPOWER | ای اس تی پاور,ASTPOWER,STILL_ONLY_AVAILABILITY,,,,UNKNOWN,,N/A,,NO,,UNKNOWN,NO,NO,NO,NO_SOURCE_FOUND,AST-Power DOCS/Price PDFs are price/catalog only; no stock authority found,,HIGH,YES
5896,4A-S5,,ASTPOWER | ای اس تی پاور,ASTPOWER,STILL_ONLY_AVAILABILITY,,,,UNKNOWN,,N/A,,NO,,UNKNOWN,NO,NO,NO,NO_SOURCE_FOUND,AST-Power DOCS/Price PDFs are price/catalog only; no stock authority found,,HIGH,YES
5897,4A-S7,,ASTPOWER | ای اس تی پاور,ASTPOWER,STILL_ONLY_AVAILABILITY,,,,UNKNOWN,,N/A,,NO,,UNKNOWN,NO,NO,NO,NO_SOURCE_FOUND,AST-Power DOCS/Price PDFs are price/catalog only; no stock authority found,,HIGH,YES
5898,4A-S10,,ASTPOWER | ای اس تی پاور,ASTPOWER,STILL_ONLY_AVAILABILITY,,,,UNKNOWN,,N/A,,NO,,UNKNOWN,NO,NO,NO,NO_SOURCE_FOUND,AST-Power DOCS/Price PDFs are price/catalog only; no stock authority found,,HIGH,YES
5899,4A-S12,,ASTPOWER | ای اس تی پاور,ASTPOWER,STILL_ONLY_AVAILABILITY,,,,UNKNOWN,,N/A,,NO,,UNKNOWN,NO,NO,NO,NO_SOURCE_FOUND,AST-Power DOCS/Price PDFs are price/catalog only; no stock authority found,,HIGH,YES
5900,4A-S16,,ASTPOWER | ای اس تی پاور,ASTPOWER,STILL_ONLY_AVAILABILITY,,,,UNKNOWN,,N/A,,NO,,UNKNOWN,NO,NO,NO,NO_SOURCE_FOUND,AST-Power DOCS/Price PDFs are price/catalog only; no stock authority found,,HIGH,YES
6134,AST-BS1-8,,ASTPOWER | ای اس تی پاور,ASTPOWER,STILL_ONLY_AVAILABILITY,,,,UNKNOWN,,N/A,,NO,,UNKNOWN,NO,NO,NO,NO_SOURCE_FOUND,AST-Power DOCS/Price PDFs are price/catalog only; no stock authority found,,HIGH,YES
6137,AST-HV-6,,ASTPOWER | ای اس تی پاور,ASTPOWER,STILL_ONLY_AVAILABILITY,,,,UNKNOWN,,N/A,,NO,,UNKNOWN,NO,NO,NO,NO_SOURCE_FOUND,AST-Power DOCS/Price PDFs are price/catalog only; no stock authority found,,HIGH,YES
6139,AST-HV-10,,ASTPOWER | ای اس تی پاور,ASTPOWER,STILL_ONLY_AVAILABILITY,,,,UNKNOWN,,N/A,,NO,,UNKNOWN,NO,NO,NO,NO_SOURCE_FOUND,AST-Power DOCS/Price PDFs are price/catalog only; no stock authority found,,HIGH,YES
6141,AST-HV-14,,ASTPOWER | ای اس تی پاور,ASTPOWER,STILL_ONLY_AVAILABILITY,,,,UNKNOWN,,N/A,,NO,,UNKNOWN,NO,NO,NO,NO_SOURCE_FOUND,AST-Power DOCS/Price PDFs are price/catalog only; no stock authority found,,HIGH,YES
6143,AST-HV-20,,ASTPOWER | ای اس تی پاور,ASTPOWER,STILL_ONLY_AVAILABILITY,,,,UNKNOWN,,N/A,,NO,,UNKNOWN,NO,NO,NO,NO_SOURCE_FOUND,AST-Power DOCS/Price PDFs are price/catalog only; no stock authority found,,HIGH,YES
6144,AST-CS-6,,ASTPOWER | ای اس تی پاور,ASTPOWER,STILL_ONLY_AVAILABILITY,,,,UNKNOWN,,N/A,,NO,,UNKNOWN,NO,NO,NO,NO_SOURCE_FOUND,AST-Power DOCS/Price PDFs are price/catalog only; no stock authority found,,HIGH,YES
6151,AST-RAP6,,ASTPOWER | ای اس تی پاور,ASTPOWER,STILL_ONLY_AVAILABILITY,,,,UNKNOWN,,N/A,,NO,,UNKNOWN,NO,NO,NO,NO_SOURCE_FOUND,AST-Power DOCS/Price PDFs are price/catalog only; no stock authority found,,HIGH,YES
6153,AST-RAP10,,ASTPOWER | ای اس تی پاور,ASTPOWER,STILL_ONLY_AVAILABILITY,,,,UNKNOWN,,N/A,,NO,,UNKNOWN,NO,NO,NO,NO_SOURCE_FOUND,AST-Power DOCS/Price PDFs are price/catalog only; no stock authority found,,HIGH,YES
6155,AST-RAP14,,ASTPOWER | ای اس تی پاور,ASTPOWER,STILL_ONLY_AVAILABILITY,,,,UNKNOWN,,N/A,,NO,,UNKNOWN,NO,NO,NO,NO_SOURCE_FOUND,AST-Power DOCS/Price PDFs are price/catalog only; no stock authority found,,HIGH,YES
6532,SDC-DR230,,ASTPOWER | ای اس تی پاور,ASTPOWER,STILL_ONLY_AVAILABILITY,,,,UNKNOWN,,N/A,,NO,,UNKNOWN,NO,NO,NO,NO_SOURCE_FOUND,AST-Power DOCS/Price PDFs are price/catalog only; no stock authority found,,HIGH,YES
6533,CBN-DR230,,ASTPOWER | ای اس تی پاور,ASTPOWER,STILL_ONLY_AVAILABILITY,,,,UNKNOWN,,N/A,,NO,,UNKNOWN,NO,NO,NO,NO_SOURCE_FOUND,AST-Power DOCS/Price PDFs are price/catalog only; no stock authority found,,HIGH,YES
6534,CBN-DR313,,ASTPOWER | ای اس تی پاور,ASTPOWER,STILL_ONLY_AVAILABILITY,,,,UNKNOWN,,N/A,,NO,,UNKNOWN,NO,NO,NO,NO_SOURCE_FOUND,AST-Power DOCS/Price PDFs are price/catalog only; no stock authority found,,HIGH,YES
6535,SDC-DR313,,ASTPOWER | ای اس تی پاور,ASTPOWER,STILL_ONLY_AVAILABILITY,,,,UNKNOWN,,N/A,,NO,,UNKNOWN,NO,NO,NO,NO_SOURCE_FOUND,AST-Power DOCS/Price PDFs are price/catalog only; no stock authority found,,HIGH,YES
