product_id,sku,brand_id,brand_name,brand_display,manufacturer_code,product_type_id,product_type_code,product_type_name_fa,canonical_title_fa,canonical_title_status,product_type_governed,variant_policy,variant_policy_basis,variant_policy_status,policy_review_status,variant_property_code,variant_raw_value,variant_formatted_value,variant_fact_id,variant_fact_published,current_name,proposed_name,comparison_normalized_current,comparison_normalized_proposed,terminal_classification,classification_reason,name_quality_flags,proposed_collision,collision_product_ids,meta_title_present,seo_title_impact,is_active,is_available,priced,has_image,storefront_visible,sellable
1044,1012-0010,4,Dasqua | داسکوا,داسکوا,1012-0010,,,,,,no,,,,N/A,,,,,no,زاویه سنج سه تکه با خط کش 12کش — 0-100mm,,زاویه سنج سه تکه با خط کش 12کش — 0-100mm,,HOLD_MISSING_PRODUCT_TYPE,product_type_id_null,brand_missing|manufacturer_code_missing,no,,no,YES,yes,no,yes,yes,yes,no
1045,1012-0030,4,Dasqua | داسکوا,داسکوا,1012-0030,,,,,,no,,,,N/A,,,,,no,زاویه سنج سه تکه با خط کش 12کش — 0-30mm,,زاویه سنج سه تکه با خط کش 12کش — 0-30mm,,HOLD_MISSING_PRODUCT_TYPE,product_type_id_null,brand_missing|manufacturer_code_missing,no,,no,YES,yes,no,yes,no,no,no
1046,1012-2005,4,Dasqua | داسکوا,داسکوا,1012-2005,,,,,,no,,,,N/A,,,,,no,زاویه سنج یونیورسال ساعت 2,,زاویه سنج یونیورسال ساعت 2,,HOLD_MISSING_PRODUCT_TYPE,product_type_id_null,brand_missing|manufacturer_code_missing,no,,no,YES,yes,no,yes,no,no,no
1050,1021-2005,4,Dasqua | داسکوا,داسکوا,1021-2005,,,,,,no,,,,N/A,,,,,no,زاویه سنج یونیورسال دیجیتال,,زاویه سنج یونیورسال دیجیتال,,HOLD_MISSING_PRODUCT_TYPE,product_type_id_null,brand_missing|manufacturer_code_missing,no,,no,YES,yes,no,yes,no,no,no
1051,1022-1010,4,Dasqua | داسکوا,داسکوا,1022-1010,,,,,,no,,,,N/A,,,,,no,زاویه سنج نقاله ای دیجیتال — 0-1010mm,,زاویه سنج نقاله ای دیجیتال — 0-1010mm,,HOLD_MISSING_PRODUCT_TYPE,product_type_id_null,brand_missing|manufacturer_code_missing,no,,no,YES,yes,no,yes,no,no,no
1052,1022-1015,4,Dasqua | داسکوا,داسکوا,1022-1015,,,,,,no,,,,N/A,,,,,no,زاویه سنج نقاله ای دیجیتال — 0-1015mm,,زاویه سنج نقاله ای دیجیتال — 0-1015mm,,HOLD_MISSING_PRODUCT_TYPE,product_type_id_null,brand_missing|manufacturer_code_missing,no,,no,YES,yes,no,yes,no,no,no
1055,1030-2010,4,Dasqua | داسکوا,داسکوا,1030-2010,,,,,,no,,,,N/A,,,,,no,ترازوی جیت دیجیتال,,ترازوی جیت دیجیتال,,HOLD_MISSING_PRODUCT_TYPE,product_type_id_null,brand_missing|manufacturer_code_missing,no,,no,YES,yes,no,yes,no,no,no
1056,1030-2051,4,Dasqua | داسکوا,داسکوا,1030-2051,,,,,,no,,,,N/A,,,,,no,تاکومی (دورسنج) دیجیتال مکانییک — 0-500mm,,تاکومی (دورسنج) دیجیتال مکانییک — 0-500mm,,HOLD_MISSING_PRODUCT_TYPE,product_type_id_null,brand_missing|manufacturer_code_missing,no,,no,YES,yes,no,yes,no,no,no
1057,1030-2056,4,Dasqua | داسکوا,داسکوا,1030-2056,,,,,,no,,,,N/A,,,,,no,تاکومی (دورسنج) دیجیتال مکانییک 1,,تاکومی (دورسنج) دیجیتال مکانییک 1,,HOLD_MISSING_PRODUCT_TYPE,product_type_id_null,brand_missing|manufacturer_code_missing,no,,no,YES,yes,no,yes,no,no,no
1058,1030-2061,4,Dasqua | داسکوا,داسکوا,1030-2061,,,,,,no,,,,N/A,,,,,no,رنیو سنج دیجیتال,,رنیو سنج دیجیتال,,HOLD_MISSING_PRODUCT_TYPE,product_type_id_null,brand_missing|manufacturer_code_missing,no,,no,YES,yes,no,yes,no,no,no
1062,1041-0005,4,Dasqua | داسکوا,داسکوا,1041-0005,,,,,,no,,,,N/A,,,,,no,"1,1.25,1.5,1.75,2,2.5,3,3.5,4 میلیمی تا 7 شابلون رزوه اینچ و — 0-50mm",,"1,1.25,1.5,1.75,2,2.5,3,3.5,4 میلیمی تا 7 شابلون رزوه اینچ و — 0-50mm",,HOLD_MISSING_PRODUCT_TYPE,product_type_id_null,brand_missing|manufacturer_code_missing,no,,no,YES,yes,no,yes,no,no,no
1064,1041-2205,4,Dasqua | داسکوا,داسکوا,1041-2205,,,,,,no,,,,N/A,,,,,no,شابلون رنده پیچ بری 60درجه,,شابلون رنده پیچ بری 60درجه,,HOLD_MISSING_PRODUCT_TYPE,product_type_id_null,brand_missing|manufacturer_code_missing,no,,no,YES,yes,no,yes,no,no,no
1065,1041-2215,4,Dasqua | داسکوا,داسکوا,1041-2215,,,,,,no,,,,N/A,,,,,no,شابلون رنده پیچ بری 60درجه,,شابلون رنده پیچ بری 60درجه,,HOLD_MISSING_PRODUCT_TYPE,product_type_id_null,brand_missing|manufacturer_code_missing,no,,no,YES,yes,no,yes,no,no,no
1068,1051-0302,4,Dasqua | داسکوا,داسکوا,1051-0302,,,,,,no,,,,N/A,,,,,no,پرگار معمویل — 0-200mm/0-8,,پرگار معمویل — 0-200mm/0-8,,HOLD_MISSING_PRODUCT_TYPE,product_type_id_null,brand_missing|manufacturer_code_missing,no,,no,YES,yes,no,yes,no,no,no
1069,1051-0304,4,Dasqua | داسکوا,داسکوا,1051-0304,,,,,,no,,,,N/A,,,,,no,پرگار معمویل — 0-300mm,,پرگار معمویل — 0-300mm,,HOLD_MISSING_PRODUCT_TYPE,product_type_id_null,brand_missing|manufacturer_code_missing,no,,no,YES,yes,no,yes,no,no,no
1071,1120-3113,4,Dasqua | داسکوا,داسکوا,1120-3113,,,,,,no,,,,N/A,,,,,no,کولیس ورنیه تیپ مونو بالک — 0-70mm/0-3,,کولیس ورنیه تیپ مونو بالک — 0-70mm/0-3,,HOLD_MISSING_PRODUCT_TYPE,product_type_id_null,brand_missing|manufacturer_code_missing,no,,no,YES,yes,no,yes,no,no,no
1073,1305-0002,4,Dasqua | داسکوا,داسکوا,1305-0002,,,,,,no,,,,N/A,,,,,no,کولیس ورنیه دو فک بلند — 0-500mm,,کولیس ورنیه دو فک بلند — 0-500mm,,HOLD_MISSING_PRODUCT_TYPE,product_type_id_null,brand_missing|manufacturer_code_missing,no,,yes,NO_DIRECT_TITLE_FALLBACK,yes,no,yes,no,no,no
1074,1305-0003,4,Dasqua | داسکوا,داسکوا,1305-0003,,,,,,no,,,,N/A,,,,,no,کولیس ورنیه دو فک بلند — 0-600mm,,کولیس ورنیه دو فک بلند — 0-600mm,,HOLD_MISSING_PRODUCT_TYPE,product_type_id_null,brand_missing|manufacturer_code_missing,no,,yes,NO_DIRECT_TITLE_FALLBACK,yes,no,yes,no,no,no
1075,1305-0010,4,Dasqua | داسکوا,داسکوا,1305-0010,,,,,,no,,,,N/A,,,,,no,کولیس مونوبالک ورنیه فک بلند با — 0-500mm/0-20,,کولیس مونوبالک ورنیه فک بلند با — 0-500mm/0-20,,HOLD_MISSING_PRODUCT_TYPE,product_type_id_null,brand_missing|manufacturer_code_missing,no,,yes,NO_DIRECT_TITLE_FALLBACK,yes,no,yes,no,no,no
1076,1305-0025,4,Dasqua | داسکوا,داسکوا,1305-0025,,,,,,no,,,,N/A,,,,,no,36/5- کولیس مونوبالک ورنیه فک بلند با — 0-300mm/0-12,,36/5- کولیس مونوبالک ورنیه فک بلند با — 0-300mm/0-12,,HOLD_MISSING_PRODUCT_TYPE,product_type_id_null,brand_missing|manufacturer_code_missing,no,,yes,NO_DIRECT_TITLE_FALLBACK,yes,no,yes,no,no,no
1077,1310-0004,4,Dasqua | داسکوا,داسکوا,1310-0004,,,,,,no,,,,N/A,,,,,no,کولیس مونو بالک ورنیه فک بلند — 0-200mm/0-8,,کولیس مونو بالک ورنیه فک بلند — 0-200mm/0-8,,HOLD_MISSING_PRODUCT_TYPE,product_type_id_null,brand_missing|manufacturer_code_missing,no,,yes,NO_DIRECT_TITLE_FALLBACK,yes,no,yes,no,no,no
1078,1310-0005,4,Dasqua | داسکوا,داسکوا,1310-0005,,,,,,no,,,,N/A,,,,,no,کولیس مونو بالک ورنیه فک بلند — 0-500mm/0-20,,کولیس مونو بالک ورنیه فک بلند — 0-500mm/0-20,,HOLD_MISSING_PRODUCT_TYPE,product_type_id_null,brand_missing|manufacturer_code_missing,no,,yes,NO_DIRECT_TITLE_FALLBACK,yes,yes,yes,yes,yes,yes
1079,1310-0006,4,Dasqua | داسکوا,داسکوا,1310-0006,,,,,,no,,,,N/A,,,,,no,کولیس مونو بالک ورنیه فک بلند — 0-500mm/0-20,,کولیس مونو بالک ورنیه فک بلند — 0-500mm/0-20,,HOLD_MISSING_PRODUCT_TYPE,product_type_id_null,brand_missing|manufacturer_code_missing,no,,yes,NO_DIRECT_TITLE_FALLBACK,yes,no,yes,no,no,no
1080,1310-0007,4,Dasqua | داسکوا,داسکوا,1310-0007,,,,,,no,,,,N/A,,,,,no,کولیس مونو بالک ورنیه فک بلند — 0-500mm/0-20,,کولیس مونو بالک ورنیه فک بلند — 0-500mm/0-20,,HOLD_MISSING_PRODUCT_TYPE,product_type_id_null,brand_missing|manufacturer_code_missing,no,,yes,NO_DIRECT_TITLE_FALLBACK,yes,no,yes,no,no,no
1081,1310-0008,4,Dasqua | داسکوا,داسکوا,1310-0008,,,,,,no,,,,N/A,,,,,no,کولیس مونو بالک ورنیه فک بلند — 0-500mm/0-20,,کولیس مونو بالک ورنیه فک بلند — 0-500mm/0-20,,HOLD_MISSING_PRODUCT_TYPE,product_type_id_null,brand_missing|manufacturer_code_missing,no,,yes,NO_DIRECT_TITLE_FALLBACK,yes,no,yes,no,no,no
1082,1310-0009,4,Dasqua | داسکوا,داسکوا,1310-0009,,,,,,no,,,,N/A,,,,,no,کولیس مونو بالک ورنیه فک بلند — 0-500mm/0-20,,کولیس مونو بالک ورنیه فک بلند — 0-500mm/0-20,,HOLD_MISSING_PRODUCT_TYPE,product_type_id_null,brand_missing|manufacturer_code_missing,no,,yes,NO_DIRECT_TITLE_FALLBACK,yes,no,yes,no,no,no
1083,1310-0010,4,Dasqua | داسکوا,داسکوا,1310-0010,,,,,,no,,,,N/A,,,,,no,کولیس مونو بالک ورنیه فک بلند — 0-600mm/0-24,,کولیس مونو بالک ورنیه فک بلند — 0-600mm/0-24,,HOLD_MISSING_PRODUCT_TYPE,product_type_id_null,brand_missing|manufacturer_code_missing,no,,yes,NO_DIRECT_TITLE_FALLBACK,yes,no,yes,no,no,no
1084,1310-0011,4,Dasqua | داسکوا,داسکوا,1310-0011,,,,,,no,,,,N/A,,,,,no,کولیس مونو بالک ورنیه فک بلند — 0-600mm/0-24,,کولیس مونو بالک ورنیه فک بلند — 0-600mm/0-24,,HOLD_MISSING_PRODUCT_TYPE,product_type_id_null,brand_missing|manufacturer_code_missing,no,,yes,NO_DIRECT_TITLE_FALLBACK,yes,no,yes,no,no,no
1085,1310-0012,4,Dasqua | داسکوا,داسکوا,1310-0012,,,,,,no,,,,N/A,,,,,no,کولیس مونو بالک ورنیه فک بلند — 0-600mm/0-24,,کولیس مونو بالک ورنیه فک بلند — 0-600mm/0-24,,HOLD_MISSING_PRODUCT_TYPE,product_type_id_null,brand_missing|manufacturer_code_missing,no,,yes,NO_DIRECT_TITLE_FALLBACK,yes,no,yes,no,no,no
1086,1310-0015,4,Dasqua | داسکوا,داسکوا,1310-0015,,,,,,no,,,,N/A,,,,,no,کولیس مونو بالک ورنیه فک بلند — 0-1000mm/0-40,,کولیس مونو بالک ورنیه فک بلند — 0-1000mm/0-40,,HOLD_MISSING_PRODUCT_TYPE,product_type_id_null,brand_missing|manufacturer_code_missing,no,,yes,NO_DIRECT_TITLE_FALLBACK,yes,no,yes,no,no,no
1087,1310-0016,4,Dasqua | داسکوا,داسکوا,1310-0016,,,,,,no,,,,N/A,,,,,no,کولیس مونو بالک ورنیه فک بلند — 0-1000mm/0-40,,کولیس مونو بالک ورنیه فک بلند — 0-1000mm/0-40,,HOLD_MISSING_PRODUCT_TYPE,product_type_id_null,brand_missing|manufacturer_code_missing,no,,yes,NO_DIRECT_TITLE_FALLBACK,yes,no,yes,no,no,no
1088,1310-0017,4,Dasqua | داسکوا,داسکوا,1310-0017,,,,,,no,,,,N/A,,,,,no,کولیس مونو بالک ورنیه فک بلند — 0-1000mm/0-40,,کولیس مونو بالک ورنیه فک بلند — 0-1000mm/0-40,,HOLD_MISSING_PRODUCT_TYPE,product_type_id_null,brand_missing|manufacturer_code_missing,no,,yes,NO_DIRECT_TITLE_FALLBACK,yes,no,yes,no,no,no
1089,1310-0021,4,Dasqua | داسکوا,داسکوا,1310-0021,,,,,,no,,,,N/A,,,,,no,کولیس مونو بالک ورنیه فک بلند — 0-1500mm/0-60,,کولیس مونو بالک ورنیه فک بلند — 0-1500mm/0-60,,HOLD_MISSING_PRODUCT_TYPE,product_type_id_null,brand_missing|manufacturer_code_missing,no,,yes,NO_DIRECT_TITLE_FALLBACK,yes,no,yes,no,no,no
1090,1310-0025,4,Dasqua | داسکوا,داسکوا,1310-0025,,,,,,no,,,,N/A,,,,,no,کولیس مونو بالک ورنیه فک بلند — 0-2000mm/0-80,,کولیس مونو بالک ورنیه فک بلند — 0-2000mm/0-80,,HOLD_MISSING_PRODUCT_TYPE,product_type_id_null,brand_missing|manufacturer_code_missing,no,,yes,NO_DIRECT_TITLE_FALLBACK,yes,no,yes,no,no,no
1091,1310-0030,4,Dasqua | داسکوا,داسکوا,1310-0030,,,,,,no,,,,N/A,,,,,no,کولیس مونو بالک ورنیه فک بلند — 0-300mm/0-12,,کولیس مونو بالک ورنیه فک بلند — 0-300mm/0-12,,HOLD_MISSING_PRODUCT_TYPE,product_type_id_null,brand_missing|manufacturer_code_missing,no,,yes,NO_DIRECT_TITLE_FALLBACK,yes,no,yes,no,no,no
1092,1310-0031,4,Dasqua | داسکوا,داسکوا,1310-0031,,,,,,no,,,,N/A,,,,,no,کولیس مونو بالک ورنیه فک بلند — 0-300mm/0-12,,کولیس مونو بالک ورنیه فک بلند — 0-300mm/0-12,,HOLD_MISSING_PRODUCT_TYPE,product_type_id_null,brand_missing|manufacturer_code_missing,no,,yes,NO_DIRECT_TITLE_FALLBACK,yes,no,yes,no,no,no
1093,1310-0041,4,Dasqua | داسکوا,داسکوا,1310-0041,,,,,,no,,,,N/A,,,,,no,کولیس مونو بالک ورنیه فک بلند — 0-600mm/0-24,,کولیس مونو بالک ورنیه فک بلند — 0-600mm/0-24,,HOLD_MISSING_PRODUCT_TYPE,product_type_id_null,brand_missing|manufacturer_code_missing,no,,yes,NO_DIRECT_TITLE_FALLBACK,yes,no,yes,no,no,no
1094,1310-0042,4,Dasqua | داسکوا,داسکوا,1310-0042,,,,,,no,,,,N/A,,,,,no,کولیس مونو بالک ورنیه فک بلند — 0-600mm/0-24,,کولیس مونو بالک ورنیه فک بلند — 0-600mm/0-24,,HOLD_MISSING_PRODUCT_TYPE,product_type_id_null,brand_missing|manufacturer_code_missing,no,,yes,NO_DIRECT_TITLE_FALLBACK,yes,no,yes,no,no,no
1095,1310-0043,4,Dasqua | داسکوا,داسکوا,1310-0043,,,,,,no,,,,N/A,,,,,no,کولیس مونو بالک ورنیه فک بلند — 0-800mm/0-32,,کولیس مونو بالک ورنیه فک بلند — 0-800mm/0-32,,HOLD_MISSING_PRODUCT_TYPE,product_type_id_null,brand_missing|manufacturer_code_missing,no,,yes,NO_DIRECT_TITLE_FALLBACK,yes,no,yes,no,no,no
1096,1310-0044,4,Dasqua | داسکوا,داسکوا,1310-0044,,,,,,no,,,,N/A,,,,,no,کولیس مونو بالک ورنیه فک بلند — 0-800mm/0-32,,کولیس مونو بالک ورنیه فک بلند — 0-800mm/0-32,,HOLD_MISSING_PRODUCT_TYPE,product_type_id_null,brand_missing|manufacturer_code_missing,no,,yes,NO_DIRECT_TITLE_FALLBACK,yes,no,yes,no,no,no
1097,1310-0055,4,Dasqua | داسکوا,داسکوا,1310-0055,,,,,,no,,,,N/A,,,,,no,کولیس مونو بالک ورنیه فک بلند — 0-1500mm/0-60,,کولیس مونو بالک ورنیه فک بلند — 0-1500mm/0-60,,HOLD_MISSING_PRODUCT_TYPE,product_type_id_null,brand_missing|manufacturer_code_missing,no,,yes,NO_DIRECT_TITLE_FALLBACK,yes,no,yes,no,no,no
1098,1310-0060,4,Dasqua | داسکوا,داسکوا,1310-0060,,,,,,no,,,,N/A,,,,,no,کولیس مونو بالک ورنیه فک بلند — 0-1000mm/0-40,,کولیس مونو بالک ورنیه فک بلند — 0-1000mm/0-40,,HOLD_MISSING_PRODUCT_TYPE,product_type_id_null,brand_missing|manufacturer_code_missing,no,,yes,NO_DIRECT_TITLE_FALLBACK,yes,no,yes,no,no,no
1099,1310-0090,4,Dasqua | داسکوا,داسکوا,1310-0090,,,,,,no,,,,N/A,,,,,no,کولیس مونو بالک ورنیه فک بلند — 0-800mm/0-32,,کولیس مونو بالک ورنیه فک بلند — 0-800mm/0-32,,HOLD_MISSING_PRODUCT_TYPE,product_type_id_null,brand_missing|manufacturer_code_missing,no,,yes,NO_DIRECT_TITLE_FALLBACK,yes,no,yes,no,no,no
1100,1310-0095,4,Dasqua | داسکوا,داسکوا,1310-0095,,,,,,no,,,,N/A,,,,,no,کولیس مونو بالک ورنیه فک بلند — 0-800mm/0-32,,کولیس مونو بالک ورنیه فک بلند — 0-800mm/0-32,,HOLD_MISSING_PRODUCT_TYPE,product_type_id_null,brand_missing|manufacturer_code_missing,no,,yes,NO_DIRECT_TITLE_FALLBACK,yes,no,yes,no,no,no
1101,1310-0100,4,Dasqua | داسکوا,داسکوا,1310-0100,,,,,,no,,,,N/A,,,,,no,کولیس مونو بالک ورنیه فک بلند — 0-1000mm/0-40,,کولیس مونو بالک ورنیه فک بلند — 0-1000mm/0-40,,HOLD_MISSING_PRODUCT_TYPE,product_type_id_null,brand_missing|manufacturer_code_missing,no,,yes,NO_DIRECT_TITLE_FALLBACK,yes,no,yes,no,no,no
1102,1331-2115,4,Dasqua | داسکوا,داسکوا,1331-2115,,,,,,no,,,,N/A,,,,,no,ساعت ( SHOCK PROOFضد رضبه) — 0-150mm,,ساعت ( SHOCK PROOFضد رضبه) — 0-150mm,,HOLD_MISSING_PRODUCT_TYPE,product_type_id_null,brand_missing|manufacturer_code_missing,no,,yes,NO_DIRECT_TITLE_FALLBACK,yes,yes,yes,yes,yes,yes
1103,1331-2120,4,Dasqua | داسکوا,داسکوا,1331-2120,,,,,,no,,,,N/A,,,,,no,ساعت کولیس 1 — 0-200mm,,ساعت کولیس 1 — 0-200mm,,HOLD_MISSING_PRODUCT_TYPE,product_type_id_null,brand_missing|manufacturer_code_missing,no,,yes,NO_DIRECT_TITLE_FALLBACK,yes,no,yes,no,no,no
1104,1331-2130,4,Dasqua | داسکوا,داسکوا,1331-2130,,,,,,no,,,,N/A,,,,,no,کولیس ساعت 2 — 0-300mm,,کولیس ساعت 2 — 0-300mm,,HOLD_MISSING_PRODUCT_TYPE,product_type_id_null,brand_missing|manufacturer_code_missing,no,,yes,NO_DIRECT_TITLE_FALLBACK,yes,no,yes,no,no,no
1105,1350-5005,4,Dasqua | داسکوا,داسکوا,1350-5005,,,,,,no,,,,N/A,,,,,no,ساعت کولیس 3 — 0-150mm,,ساعت کولیس 3 — 0-150mm,,HOLD_MISSING_PRODUCT_TYPE,product_type_id_null,brand_missing|manufacturer_code_missing,no,,yes,NO_DIRECT_TITLE_FALLBACK,yes,no,yes,no,no,no
1106,1350-5010,4,Dasqua | داسکوا,داسکوا,1350-5010,,,,,,no,,,,N/A,,,,,no,کولیس ساعت 4 — 0-200mm,,کولیس ساعت 4 — 0-200mm,,HOLD_MISSING_PRODUCT_TYPE,product_type_id_null,brand_missing|manufacturer_code_missing,no,,yes,NO_DIRECT_TITLE_FALLBACK,yes,no,yes,no,no,no
1107,1350-5015,4,Dasqua | داسکوا,داسکوا,1350-5015,,,,,,no,,,,N/A,,,,,no,ساعت کولیس 5 — 0-300mm,,ساعت کولیس 5 — 0-300mm,,HOLD_MISSING_PRODUCT_TYPE,product_type_id_null,brand_missing|manufacturer_code_missing,no,,yes,NO_DIRECT_TITLE_FALLBACK,yes,no,yes,no,no,no
1108,1351-0005,4,Dasqua | داسکوا,داسکوا,1351-0005,,,,,,no,,,,N/A,,,,,no,شابلون شعاع سنج — 0-50mm,,شابلون شعاع سنج — 0-50mm,,HOLD_MISSING_PRODUCT_TYPE,product_type_id_null,brand_missing|manufacturer_code_missing,no,,yes,NO_DIRECT_TITLE_FALLBACK,yes,no,yes,no,no,no
1109,1351-0010,4,Dasqua | داسکوا,داسکوا,1351-0010,,,,,,no,,,,N/A,,,,,no,شابلون شعاع سنج — 0-100mm,,شابلون شعاع سنج — 0-100mm,,HOLD_MISSING_PRODUCT_TYPE,product_type_id_null,brand_missing|manufacturer_code_missing,no,,yes,NO_DIRECT_TITLE_FALLBACK,yes,no,yes,no,no,no
1110,1351-0015,4,Dasqua | داسکوا,داسکوا,1351-0015,,,,,,no,,,,N/A,,,,,no,شابلون شعاع سنج — 0-150mm,,شابلون شعاع سنج — 0-150mm,,HOLD_MISSING_PRODUCT_TYPE,product_type_id_null,brand_missing|manufacturer_code_missing,no,,yes,NO_DIRECT_TITLE_FALLBACK,yes,no,yes,no,no,no
1111,1352-2010,4,Dasqua | داسکوا,داسکوا,1352-2010,,,,,,no,,,,N/A,,,,,no,شابلون شعاع سنج,,شابلون شعاع سنج,,HOLD_MISSING_PRODUCT_TYPE,product_type_id_null,brand_missing|manufacturer_code_missing,no,,no,YES,yes,no,yes,no,no,no
1112,1380-3004,4,Dasqua | داسکوا,داسکوا,1380-3004,,,,,,no,,,,N/A,,,,,no,کولیس ورنیه تیپ مونو بالک — 0-100mm/0-4,,کولیس ورنیه تیپ مونو بالک — 0-100mm/0-4,,HOLD_MISSING_PRODUCT_TYPE,product_type_id_null,brand_missing|manufacturer_code_missing,no,,no,YES,yes,no,yes,no,no,no
1113,1380-3005,4,Dasqua | داسکوا,داسکوا,1380-3005,,,,,,no,,,,N/A,,,,,no,کولیس ورنیه تیپ مونو بالک — 0-150mm/0-6,,کولیس ورنیه تیپ مونو بالک — 0-150mm/0-6,,HOLD_MISSING_PRODUCT_TYPE,product_type_id_null,brand_missing|manufacturer_code_missing,no,,yes,NO_DIRECT_TITLE_FALLBACK,yes,no,yes,no,no,no
1114,1380-3010,4,Dasqua | داسکوا,داسکوا,1380-3010,,,,,,no,,,,N/A,,,,,no,کولیس ورنیه تیپ مونو بالک — 0-200mm/0-8,,کولیس ورنیه تیپ مونو بالک — 0-200mm/0-8,,HOLD_MISSING_PRODUCT_TYPE,product_type_id_null,brand_missing|manufacturer_code_missing,no,,yes,NO_DIRECT_TITLE_FALLBACK,yes,no,yes,no,no,no
1115,1380-3015,4,Dasqua | داسکوا,داسکوا,1380-3015,,,,,,no,,,,N/A,,,,,no,کولیس ورنیه تیپ مونو بالک — 0-300mm/0-12,,کولیس ورنیه تیپ مونو بالک — 0-300mm/0-12,,HOLD_MISSING_PRODUCT_TYPE,product_type_id_null,brand_missing|manufacturer_code_missing,no,,yes,NO_DIRECT_TITLE_FALLBACK,yes,no,yes,no,no,no
1120,1801-2005,4,Dasqua | داسکوا,داسکوا,1801-2005,,,,,,no,,,,N/A,,,,,no,زاویه سنج نقاله ای دیجیتال — 20 سانت,,زاویه سنج نقاله ای دیجیتال — 20 سانت,,HOLD_MISSING_PRODUCT_TYPE,product_type_id_null,brand_missing|manufacturer_code_missing,no,,no,YES,yes,no,yes,no,no,no
1144,1804-0005,4,Dasqua | داسکوا,داسکوا,1804-0005,,,,,,no,,,,N/A,,,,,no,نقاله زاویه یاب آلومینیویم — 0-50mm,,نقاله زاویه یاب آلومینیویم — 0-50mm,,HOLD_MISSING_PRODUCT_TYPE,product_type_id_null,brand_missing|manufacturer_code_missing,no,,no,YES,yes,no,yes,no,no,no
1146,1804-1006,4,Dasqua | داسکوا,داسکوا,1804-1006,,,,,,no,,,,N/A,,,,,no,نقاله زاویه سنج خر پا — 0-1006mm,,نقاله زاویه سنج خر پا — 0-1006mm,,HOLD_MISSING_PRODUCT_TYPE,product_type_id_null,brand_missing|manufacturer_code_missing,no,,no,YES,yes,no,yes,no,no,no
1148,1804-1010,4,Dasqua | داسکوا,داسکوا,1804-1010,,,,,,no,,,,N/A,,,,,no,پرگار داخل سنج دیجیتال با دسته — 0-1010mm,,پرگار داخل سنج دیجیتال با دسته — 0-1010mm,,HOLD_MISSING_PRODUCT_TYPE,product_type_id_null,brand_missing|manufacturer_code_missing,no,,yes,NO_DIRECT_TITLE_FALLBACK,yes,no,yes,no,no,no
1149,1804-1015,4,Dasqua | داسکوا,داسکوا,1804-1015,,,,,,no,,,,N/A,,,,,no,پرگار داخل سنج دیجیتال با دسته — 0-1015mm,,پرگار داخل سنج دیجیتال با دسته — 0-1015mm,,HOLD_MISSING_PRODUCT_TYPE,product_type_id_null,brand_missing|manufacturer_code_missing,no,,yes,NO_DIRECT_TITLE_FALLBACK,yes,no,yes,no,no,no
1150,1804-1020,4,Dasqua | داسکوا,داسکوا,1804-1020,,,,,,no,,,,N/A,,,,,no,/ /1 پرگار بی ر — 0-150mm/0-6,,/ /1 پرگار بی ر — 0-150mm/0-6,,HOLD_MISSING_PRODUCT_TYPE,product_type_id_null,brand_missing|manufacturer_code_missing,no,,yes,NO_DIRECT_TITLE_FALLBACK,yes,no,yes,no,no,no
1151,1804-1025,4,Dasqua | داسکوا,داسکوا,1804-1025,,,,,,no,,,,N/A,,,,,no,/ /1 پرگار بی ر — 0-200mm/0-8,,/ /1 پرگار بی ر — 0-200mm/0-8,,HOLD_MISSING_PRODUCT_TYPE,product_type_id_null,brand_missing|manufacturer_code_missing,no,,yes,NO_DIRECT_TITLE_FALLBACK,yes,no,yes,no,no,no
1154,1804-1065,4,Dasqua | داسکوا,داسکوا,1804-1065,,,,,,no,,,,N/A,,,,,no,کولیس دیجیتال نمایشگر بزرگ — 0-150mm/0-6,,کولیس دیجیتال نمایشگر بزرگ — 0-150mm/0-6,,HOLD_MISSING_PRODUCT_TYPE,product_type_id_null,brand_missing|manufacturer_code_missing,no,,no,YES,yes,yes,yes,yes,yes,yes
1155,1804-1070,4,Dasqua | داسکوا,داسکوا,1804-1070,,,,,,no,,,,N/A,,,,,no,کولیس دیجیتال نمایشگر بزرگ — 0-200mm/0-8,,کولیس دیجیتال نمایشگر بزرگ — 0-200mm/0-8,,HOLD_MISSING_PRODUCT_TYPE,product_type_id_null,brand_missing|manufacturer_code_missing,no,,yes,NO_DIRECT_TITLE_FALLBACK,yes,no,yes,no,no,no
1156,1804-1075,4,Dasqua | داسکوا,داسکوا,1804-1075,,,,,,no,,,,N/A,,,,,no,کولیس دیجیتال نمایشگر بزرگ — 0-300mm/0-12,,کولیس دیجیتال نمایشگر بزرگ — 0-300mm/0-12,,HOLD_MISSING_PRODUCT_TYPE,product_type_id_null,brand_missing|manufacturer_code_missing,no,,yes,NO_DIRECT_TITLE_FALLBACK,yes,no,yes,no,no,no
1160,1804-1102,4,Dasqua | داسکوا,داسکوا,1804-1102,,,,,,no,,,,N/A,,,,,no,ی خط کش استیل 3کاره ( خط کش ؛ عمق سنج و عالمت گذاری) ی — 0-1102mm,,ی خط کش استیل 3کاره ( خط کش ؛ عمق سنج و عالمت گذاری) ی — 0-1102mm,,HOLD_MISSING_PRODUCT_TYPE,product_type_id_null,brand_missing|manufacturer_code_missing,no,,no,YES,yes,no,yes,no,no,no
1163,1804-1106,4,Dasqua | داسکوا,داسکوا,1804-1106,,,,,,no,,,,N/A,,,,,no,خط کش زاویه سنج 90درجه — 0-1106mm,,خط کش زاویه سنج 90درجه — 0-1106mm,,HOLD_MISSING_PRODUCT_TYPE,product_type_id_null,brand_missing|manufacturer_code_missing,no,,no,YES,yes,no,yes,no,no,no
1165,1804-1115,4,Dasqua | داسکوا,داسکوا,1804-1115,,,,,,no,,,,N/A,,,,,no,رنیو سنج دیجیتال — 0-1115mm,,رنیو سنج دیجیتال — 0-1115mm,,HOLD_MISSING_PRODUCT_TYPE,product_type_id_null,brand_missing|manufacturer_code_missing,no,,no,YES,yes,no,yes,no,no,no
1166,1804-1120,4,Dasqua | داسکوا,داسکوا,1804-1120,,,,,,no,,,,N/A,,,,,no,رنیو سنج دیجیتال — 0-1120mm,,رنیو سنج دیجیتال — 0-1120mm,,HOLD_MISSING_PRODUCT_TYPE,product_type_id_null,brand_missing|manufacturer_code_missing,no,,no,YES,yes,no,yes,no,no,no
1167,1804-1125,4,Dasqua | داسکوا,داسکوا,1804-1125,,,,,,no,,,,N/A,,,,,no,رنیو سنج دیجیتال — 0-1125mm,,رنیو سنج دیجیتال — 0-1125mm,,HOLD_MISSING_PRODUCT_TYPE,product_type_id_null,brand_missing|manufacturer_code_missing,no,,no,YES,yes,no,yes,no,no,no
1168,1804-1130,4,Dasqua | داسکوا,داسکوا,1804-1130,,,,,,no,,,,N/A,,,,,no,ساعت رنیوسنج — 0-1130mm,,ساعت رنیوسنج — 0-1130mm,,HOLD_MISSING_PRODUCT_TYPE,product_type_id_null,brand_missing|manufacturer_code_missing,no,,no,YES,yes,yes,yes,yes,yes,yes
1169,1804-1131,4,Dasqua | داسکوا,داسکوا,1804-1131,,,,,,no,,,,N/A,,,,,no,ساعت رنیوسنج — 0-1131mm,,ساعت رنیوسنج — 0-1131mm,,HOLD_MISSING_PRODUCT_TYPE,product_type_id_null,brand_missing|manufacturer_code_missing,no,,no,YES,yes,no,yes,no,no,no
1170,1804-1132,4,Dasqua | داسکوا,داسکوا,1804-1132,,,,,,no,,,,N/A,,,,,no,ساعت رنیوسنج — 0-1132mm,,ساعت رنیوسنج — 0-1132mm,,HOLD_MISSING_PRODUCT_TYPE,product_type_id_null,brand_missing|manufacturer_code_missing,no,,no,YES,yes,no,yes,no,no,no
1171,1804-1133,4,Dasqua | داسکوا,داسکوا,1804-1133,,,,,,no,,,,N/A,,,,,no,ساعت رنیوسنج — 0-1133mm,,ساعت رنیوسنج — 0-1133mm,,HOLD_MISSING_PRODUCT_TYPE,product_type_id_null,brand_missing|manufacturer_code_missing,no,,no,YES,yes,no,yes,no,no,no
1172,1804-1165,4,Dasqua | داسکوا,داسکوا,1804-1165,,,,,,no,,,,N/A,,,,,no,رنیو سنج دیجیتال — 0-1165mm,,رنیو سنج دیجیتال — 0-1165mm,,HOLD_MISSING_PRODUCT_TYPE,product_type_id_null,brand_missing|manufacturer_code_missing,no,,no,YES,yes,no,yes,no,no,no
1173,1804-1170,4,Dasqua | داسکوا,داسکوا,1804-1170,,,,,,no,,,,N/A,,,,,no,رنیو سنج دیجیتال — 0-1170mm,,رنیو سنج دیجیتال — 0-1170mm,,HOLD_MISSING_PRODUCT_TYPE,product_type_id_null,brand_missing|manufacturer_code_missing,no,,no,YES,yes,no,yes,no,no,no
1174,1804-1175,4,Dasqua | داسکوا,داسکوا,1804-1175,,,,,,no,,,,N/A,,,,,no,رنیو سنج دیجیتال — 0-1175mm,,رنیو سنج دیجیتال — 0-1175mm,,HOLD_MISSING_PRODUCT_TYPE,product_type_id_null,brand_missing|manufacturer_code_missing,no,,no,YES,yes,no,yes,no,no,no
1175,1804-1215,4,Dasqua | داسکوا,داسکوا,1804-1215,,,,,,no,,,,N/A,,,,,no,کولیس ورنیه آلومینیوم (مناسب کارهای آهنگری و نجاری و )... — 0-610mm/24,,کولیس ورنیه آلومینیوم (مناسب کارهای آهنگری و نجاری و )... — 0-610mm/24,,HOLD_MISSING_PRODUCT_TYPE,product_type_id_null,brand_missing|manufacturer_code_missing,no,,no,YES,yes,no,yes,no,no,no
1177,1804-1710,4,Dasqua | داسکوا,داسکوا,1804-1710,,,,,,no,,,,N/A,,,,,no,گیج مرکزیاب — 0-1710mm,,گیج مرکزیاب — 0-1710mm,,HOLD_MISSING_PRODUCT_TYPE,product_type_id_null,brand_missing|manufacturer_code_missing,no,,no,YES,yes,no,yes,no,no,no
1178,1804-2005,4,Dasqua | داسکوا,داسکوا,1804-2005,,,,,,no,,,,N/A,,,,,no,ضخامت سنج رنگ دیجیتال,,ضخامت سنج رنگ دیجیتال,,HOLD_MISSING_PRODUCT_TYPE,product_type_id_null,brand_missing|manufacturer_code_missing,no,,no,YES,yes,no,yes,no,no,no
1179,1804-2010,4,Dasqua | داسکوا,داسکوا,1804-2010,,,,,,no,,,,N/A,,,,,no,ضخامت سنج رنگ دیجیتال,,ضخامت سنج رنگ دیجیتال,,HOLD_MISSING_PRODUCT_TYPE,product_type_id_null,brand_missing|manufacturer_code_missing,no,,no,YES,yes,no,yes,no,no,no
1183,1804-5111,4,Dasqua | داسکوا,داسکوا,1804-5111,,,,,,no,,,,N/A,,,,,no,شابلون شعاع گوشه,,شابلون شعاع گوشه,,HOLD_MISSING_PRODUCT_TYPE,product_type_id_null,brand_missing|manufacturer_code_missing,no,,no,YES,yes,no,yes,no,no,no
1184,1804-5116,4,Dasqua | داسکوا,داسکوا,1804-5116,,,,,,no,,,,N/A,,,,,no,شابلون شعاع گوشه,,شابلون شعاع گوشه,,HOLD_MISSING_PRODUCT_TYPE,product_type_id_null,brand_missing|manufacturer_code_missing,no,,no,YES,yes,no,yes,no,no,no
1195,1804-5881,4,Dasqua | داسکوا,داسکوا,1804-5881,,,,,,no,,,,N/A,,,,,no,گونیا تنظیم زاویه متغیی,,گونیا تنظیم زاویه متغیی,,HOLD_MISSING_PRODUCT_TYPE,product_type_id_null,brand_missing|manufacturer_code_missing,no,,no,YES,yes,no,yes,no,no,no
1199,1804-6302,4,Dasqua | داسکوا,داسکوا,1804-6302,,,,,,no,,,,N/A,,,,,no,زبری سنج دیجیتال پرتابل,,زبری سنج دیجیتال پرتابل,,HOLD_MISSING_PRODUCT_TYPE,product_type_id_null,brand_missing|manufacturer_code_missing,no,,no,YES,yes,no,yes,no,no,no
1200,1804-6310,4,Dasqua | داسکوا,داسکوا,1804-6310,,,,,,no,,,,N/A,,,,,no,بلوک زبری سنج,,بلوک زبری سنج,,HOLD_MISSING_PRODUCT_TYPE,product_type_id_null,brand_missing|manufacturer_code_missing,no,,yes,NO_DIRECT_TITLE_FALLBACK,yes,no,yes,no,no,no
1202,1804-6663,4,Dasqua | داسکوا,داسکوا,1804-6663,,,,,,no,,,,N/A,,,,,no,ست ساعت تراز تیغه با 2رابط بلند,,ست ساعت تراز تیغه با 2رابط بلند,,HOLD_MISSING_PRODUCT_TYPE,product_type_id_null,brand_missing|manufacturer_code_missing,no,,no,YES,yes,no,yes,no,no,no
1210,1804-7111,4,Dasqua | داسکوا,داسکوا,1804-7111,,,,,,no,,,,N/A,,,,,no,صفحه رفرنس زاویه,,صفحه رفرنس زاویه,,HOLD_MISSING_PRODUCT_TYPE,product_type_id_null,brand_missing|manufacturer_code_missing,no,,no,YES,yes,no,yes,no,no,no
1211,2000-2005,4,Dasqua | داسکوا,داسکوا,2000-2005,,,,,,no,,,,N/A,,,,,no,کولیس دیجیتال 2چیپ خروج — 0-150mm/0-6,,کولیس دیجیتال 2چیپ خروج — 0-150mm/0-6,,HOLD_MISSING_PRODUCT_TYPE,product_type_id_null,brand_missing|manufacturer_code_missing,no,,yes,NO_DIRECT_TITLE_FALLBACK,yes,yes,yes,yes,yes,yes
1212,2000-2010,4,Dasqua | داسکوا,داسکوا,2000-2010,,,,,,no,,,,N/A,,,,,no,کولیس دیجیتال 2چیپ خروج 1 — 0-200mm/0-8,,کولیس دیجیتال 2چیپ خروج 1 — 0-200mm/0-8,,HOLD_MISSING_PRODUCT_TYPE,product_type_id_null,brand_missing|manufacturer_code_missing,no,,yes,NO_DIRECT_TITLE_FALLBACK,yes,no,yes,no,no,no
1213,2000-2015,4,Dasqua | داسکوا,داسکوا,2000-2015,,,,,,no,,,,N/A,,,,,no,کولیس دیجیتال 2چیپ خروج 2 — 0-300mm/0-12,,کولیس دیجیتال 2چیپ خروج 2 — 0-300mm/0-12,,HOLD_MISSING_PRODUCT_TYPE,product_type_id_null,brand_missing|manufacturer_code_missing,no,,yes,NO_DIRECT_TITLE_FALLBACK,yes,no,yes,no,no,no
1214,2001-2005,4,Dasqua | داسکوا,داسکوا,2001-2005,,,,,,no,,,,N/A,,,,,no,کولیس عمق سنج دیجیتال — 0-150mm/0-6,,کولیس عمق سنج دیجیتال — 0-150mm/0-6,,HOLD_MISSING_PRODUCT_TYPE,product_type_id_null,brand_missing|manufacturer_code_missing,no,,yes,NO_DIRECT_TITLE_FALLBACK,yes,no,yes,no,no,no
1215,2001-2010,4,Dasqua | داسکوا,داسکوا,2001-2010,,,,,,no,,,,N/A,,,,,no,سوزن (گرد) ( IP67 2 — 0-200mm/0-8,,سوزن (گرد) ( IP67 2 — 0-200mm/0-8,,HOLD_MISSING_PRODUCT_TYPE,product_type_id_null,brand_missing|manufacturer_code_missing,no,,yes,NO_DIRECT_TITLE_FALLBACK,yes,no,yes,no,no,no
1216,2001-2015,4,Dasqua | داسکوا,داسکوا,2001-2015,,,,,,no,,,,N/A,,,,,no,سوزن (گرد) ( IP67 2 — 0-300mm/0-12,,سوزن (گرد) ( IP67 2 — 0-300mm/0-12,,HOLD_MISSING_PRODUCT_TYPE,product_type_id_null,brand_missing|manufacturer_code_missing,no,,yes,NO_DIRECT_TITLE_FALLBACK,yes,no,yes,no,no,no
1218,2015-2405,4,Dasqua | داسکوا,داسکوا,2015-2405,,,,,,no,,,,N/A,,,,,no,کولیس دیجیتال IP67ضد آب و — 0-150mm/0-6,,کولیس دیجیتال IP67ضد آب و — 0-150mm/0-6,,HOLD_MISSING_PRODUCT_TYPE,product_type_id_null,brand_missing|manufacturer_code_missing,no,,no,YES,yes,no,yes,no,no,no
1219,2015-2410,4,Dasqua | داسکوا,داسکوا,2015-2410,,,,,,no,,,,N/A,,,,,no,/ کولیس دیجیتال IP67ضد آب و — 0-200mm/0-8,,/ کولیس دیجیتال IP67ضد آب و — 0-200mm/0-8,,HOLD_MISSING_PRODUCT_TYPE,product_type_id_null,brand_missing|manufacturer_code_missing,no,,yes,NO_DIRECT_TITLE_FALLBACK,yes,no,yes,no,no,no
1220,2015-2415,4,Dasqua | داسکوا,داسکوا,2015-2415,,,,,,no,,,,N/A,,,,,no,/ کولیس دیجیتال IP67ضد آب و — 0-300mm/0-12,,/ کولیس دیجیتال IP67ضد آب و — 0-300mm/0-12,,HOLD_MISSING_PRODUCT_TYPE,product_type_id_null,brand_missing|manufacturer_code_missing,no,,yes,NO_DIRECT_TITLE_FALLBACK,yes,no,yes,no,no,no
1222,2035-0006,4,Dasqua | داسکوا,داسکوا,2035-0006,,,,,,no,,,,N/A,,,,,no,کولیس پالستییک ساخته شده از فایی — 0-150mm/0-6,,کولیس پالستییک ساخته شده از فایی — 0-150mm/0-6,,HOLD_MISSING_PRODUCT_TYPE,product_type_id_null,brand_missing|manufacturer_code_missing,no,,yes,NO_DIRECT_TITLE_FALLBACK,yes,no,yes,no,no,no
1223,2065-1105,4,Dasqua | داسکوا,داسکوا,2065-1105,,,,,,no,,,,N/A,,,,,no,کولیس شیار خارج سنج دیجیتال — 0-150mm,,کولیس شیار خارج سنج دیجیتال — 0-150mm,,HOLD_MISSING_PRODUCT_TYPE,product_type_id_null,brand_missing|manufacturer_code_missing,no,,yes,NO_DIRECT_TITLE_FALLBACK,yes,no,yes,no,no,no
1224,2065-1110,4,Dasqua | داسکوا,داسکوا,2065-1110,,,,,,no,,,,N/A,,,,,no,کولیس شیار خارج سنج دیجیتال — 0-200mm,,کولیس شیار خارج سنج دیجیتال — 0-200mm,,HOLD_MISSING_PRODUCT_TYPE,product_type_id_null,brand_missing|manufacturer_code_missing,no,,yes,NO_DIRECT_TITLE_FALLBACK,yes,no,yes,no,no,no
1225,2065-1115,4,Dasqua | داسکوا,داسکوا,2065-1115,,,,,,no,,,,N/A,,,,,no,کولیس شیار خارج سنج دیجیتال — 0-300mm,,کولیس شیار خارج سنج دیجیتال — 0-300mm,,HOLD_MISSING_PRODUCT_TYPE,product_type_id_null,brand_missing|manufacturer_code_missing,no,,yes,NO_DIRECT_TITLE_FALLBACK,yes,no,yes,no,no,no
1226,2070-1105,4,Dasqua | داسکوا,داسکوا,2070-1105,,,,,,no,,,,N/A,,,,,no,کولیس اندازه گی — 0-150mm/ -6,,کولیس اندازه گی — 0-150mm/ -6,,HOLD_MISSING_PRODUCT_TYPE,product_type_id_null,brand_missing|manufacturer_code_missing,no,,yes,NO_DIRECT_TITLE_FALLBACK,yes,no,yes,no,no,no
1229,2100-1015,4,Dasqua | داسکوا,داسکوا,2100-1015,,,,,,no,,,,N/A,,,,,no,کولیس دیجیتال فک متحرک — 0-150mm,,کولیس دیجیتال فک متحرک — 0-150mm,,HOLD_MISSING_PRODUCT_TYPE,product_type_id_null,brand_missing|manufacturer_code_missing,no,,yes,NO_DIRECT_TITLE_FALLBACK,yes,no,yes,no,no,no
1232,2100-1130,4,Dasqua | داسکوا,داسکوا,2100-1130,,,,,,no,,,,N/A,,,,,no,کولیس اندازه گی — 0-300mm/1/18-12,,کولیس اندازه گی — 0-300mm/1/18-12,,HOLD_MISSING_PRODUCT_TYPE,product_type_id_null,brand_missing|manufacturer_code_missing,no,,yes,NO_DIRECT_TITLE_FALLBACK,yes,no,yes,no,no,no
1233,2110-8105,4,Dasqua | داسکوا,داسکوا,2110-8105,,,,,,no,,,,N/A,,,,,no,کولیس های متفرقه که تکرار نیم شوند — 0-150mm,,کولیس های متفرقه که تکرار نیم شوند — 0-150mm,,HOLD_MISSING_PRODUCT_TYPE,product_type_id_null,brand_missing|manufacturer_code_missing,no,,no,YES,yes,no,yes,no,no,no
1234,2115-2305,4,Dasqua | داسکوا,داسکوا,2115-2305,,,,,,no,,,,N/A,,,,,no,کولیس های متفرقه که تکرار نیم شوند — 0-150mm,,کولیس های متفرقه که تکرار نیم شوند — 0-150mm,,HOLD_MISSING_PRODUCT_TYPE,product_type_id_null,brand_missing|manufacturer_code_missing,no,,yes,NO_DIRECT_TITLE_FALLBACK,yes,no,yes,yes,yes,no
1235,2117-9105,4,Dasqua | داسکوا,داسکوا,2117-9105,,,,,,no,,,,N/A,,,,,no,کولیس دیجیتال متال صفحه نمایشگر — 0-150mm/0-6,,کولیس دیجیتال متال صفحه نمایشگر — 0-150mm/0-6,,HOLD_MISSING_PRODUCT_TYPE,product_type_id_null,brand_missing|manufacturer_code_missing,no,,no,YES,yes,no,yes,no,no,no
1236,2117-9110,4,Dasqua | داسکوا,داسکوا,2117-9110,,,,,,no,,,,N/A,,,,,no,کولیس دیجیتال متال صفحه نمایشگر — 0-200mm/0-8,,کولیس دیجیتال متال صفحه نمایشگر — 0-200mm/0-8,,HOLD_MISSING_PRODUCT_TYPE,product_type_id_null,brand_missing|manufacturer_code_missing,no,,no,YES,yes,no,yes,no,no,no
1237,2117-9115,4,Dasqua | داسکوا,داسکوا,2117-9115,,,,,,no,,,,N/A,,,,,no,کولیس دیجیتال متال صفحه نمایشگر — 0-300mm/0-12,,کولیس دیجیتال متال صفحه نمایشگر — 0-300mm/0-12,,HOLD_MISSING_PRODUCT_TYPE,product_type_id_null,brand_missing|manufacturer_code_missing,no,,no,YES,yes,no,yes,no,no,no
1238,2140-8101,4,Dasqua | داسکوا,داسکوا,2140-8101,,,,,,no,,,,N/A,,,,,no,کولیس ورنیه تیپ مونو بالک — 0-31/5,,کولیس ورنیه تیپ مونو بالک — 0-31/5,,HOLD_MISSING_PRODUCT_TYPE,product_type_id_null,brand_missing|manufacturer_code_missing,no,,yes,NO_DIRECT_TITLE_FALLBACK,yes,no,yes,no,no,no
1239,2140-8105,4,Dasqua | داسکوا,داسکوا,2140-8105,,,,,,no,,,,N/A,,,,,no,ضخامت سنج دیجیتال برای ضخامت — 0-25mm/0-1,,ضخامت سنج دیجیتال برای ضخامت — 0-25mm/0-1,,HOLD_MISSING_PRODUCT_TYPE,product_type_id_null,brand_missing|manufacturer_code_missing,no,,yes,NO_DIRECT_TITLE_FALLBACK,yes,no,yes,no,no,no
1240,2210-8106,4,Dasqua | داسکوا,داسکوا,2210-8106,,,,,,no,,,,N/A,,,,,no,کولیس دیجیتال ابسلوت ضد آب — 0-150mm,,کولیس دیجیتال ابسلوت ضد آب — 0-150mm,,HOLD_MISSING_PRODUCT_TYPE,product_type_id_null,brand_missing|manufacturer_code_missing,no,,no,YES,yes,no,yes,no,no,no
1241,2220-3570,4,Dasqua | داسکوا,داسکوا,2220-3570,,,,,,no,,,,N/A,,,,,no,کولیس دیجیتال فک بلند استنلس استیل IP54خروج — 0-1500mm/0-60,,کولیس دیجیتال فک بلند استنلس استیل IP54خروج — 0-1500mm/0-60,,HOLD_MISSING_PRODUCT_TYPE,product_type_id_null,brand_missing|manufacturer_code_missing,no,,yes,NO_DIRECT_TITLE_FALLBACK,yes,no,yes,no,no,no
1242,2220-8103,4,Dasqua | داسکوا,داسکوا,2220-8103,,,,,,no,,,,N/A,,,,,no,کولیس اندازه گی — 0-500mm/4-20,,کولیس اندازه گی — 0-500mm/4-20,,HOLD_MISSING_PRODUCT_TYPE,product_type_id_null,brand_missing|manufacturer_code_missing,no,,yes,NO_DIRECT_TITLE_FALLBACK,yes,no,yes,no,no,no
1243,2220-8104,4,Dasqua | داسکوا,داسکوا,2220-8104,,,,,,no,,,,N/A,,,,,no,کولیس دیجیتال فک بلند استنلس استیل IP54خروج — 0-200mm/0-8,,کولیس دیجیتال فک بلند استنلس استیل IP54خروج — 0-200mm/0-8,,HOLD_MISSING_PRODUCT_TYPE,product_type_id_null,brand_missing|manufacturer_code_missing,no,,no,YES,yes,no,yes,no,no,no
1244,2220-8105,4,Dasqua | داسکوا,داسکوا,2220-8105,,,,,,no,,,,N/A,,,,,no,کولیس دیجیتال فک بلند استنلس استیل IP54خروج — 0-300mm/0-12,,کولیس دیجیتال فک بلند استنلس استیل IP54خروج — 0-300mm/0-12,,HOLD_MISSING_PRODUCT_TYPE,product_type_id_null,brand_missing|manufacturer_code_missing,no,,yes,NO_DIRECT_TITLE_FALLBACK,yes,no,yes,yes,yes,no
1245,2220-8110,4,Dasqua | داسکوا,داسکوا,2220-8110,,,,,,no,,,,N/A,,,,,no,کولیس دیجیتال فک بلند استنلس استیل IP54خروج — 0-500mm/0-20,,کولیس دیجیتال فک بلند استنلس استیل IP54خروج — 0-500mm/0-20,,HOLD_MISSING_PRODUCT_TYPE,product_type_id_null,brand_missing|manufacturer_code_missing,no,,yes,NO_DIRECT_TITLE_FALLBACK,yes,no,yes,no,no,no
1246,2220-8115,4,Dasqua | داسکوا,داسکوا,2220-8115,,,,,,no,,,,N/A,,,,,no,کولیس دیجیتال فک بلند استنلس استیل IP54خروج — 0-1000mm/0-40,,کولیس دیجیتال فک بلند استنلس استیل IP54خروج — 0-1000mm/0-40,,HOLD_MISSING_PRODUCT_TYPE,product_type_id_null,brand_missing|manufacturer_code_missing,no,,yes,NO_DIRECT_TITLE_FALLBACK,yes,no,yes,no,no,no
1247,2220-8117,4,Dasqua | داسکوا,داسکوا,2220-8117,,,,,,no,,,,N/A,,,,,no,کولیس دیجیتال فک بلند استنلس استیل IP54خروج — 0-500mm/0-20,,کولیس دیجیتال فک بلند استنلس استیل IP54خروج — 0-500mm/0-20,,HOLD_MISSING_PRODUCT_TYPE,product_type_id_null,brand_missing|manufacturer_code_missing,no,,yes,NO_DIRECT_TITLE_FALLBACK,yes,no,yes,no,no,no
1248,2220-8130,4,Dasqua | داسکوا,داسکوا,2220-8130,,,,,,no,,,,N/A,,,,,no,کولیس دیجیتال فک بلند استنلس استیل IP54خروج — 0-1000mm/0-40,,کولیس دیجیتال فک بلند استنلس استیل IP54خروج — 0-1000mm/0-40,,HOLD_MISSING_PRODUCT_TYPE,product_type_id_null,brand_missing|manufacturer_code_missing,no,,yes,NO_DIRECT_TITLE_FALLBACK,yes,no,yes,no,no,no
1249,2220-8135,4,Dasqua | داسکوا,داسکوا,2220-8135,,,,,,no,,,,N/A,,,,,no,کولیس دیجیتال فک بلند استنلس استیل IP54خروج — 0-1000mm/0-40,,کولیس دیجیتال فک بلند استنلس استیل IP54خروج — 0-1000mm/0-40,,HOLD_MISSING_PRODUCT_TYPE,product_type_id_null,brand_missing|manufacturer_code_missing,no,,yes,NO_DIRECT_TITLE_FALLBACK,yes,no,yes,no,no,no
1250,2220-8150,4,Dasqua | داسکوا,داسکوا,2220-8150,,,,,,no,,,,N/A,,,,,no,کولیس دیجیتال فک بلند استنلس استیل IP54خروج — 0-600mm/0-24,,کولیس دیجیتال فک بلند استنلس استیل IP54خروج — 0-600mm/0-24,,HOLD_MISSING_PRODUCT_TYPE,product_type_id_null,brand_missing|manufacturer_code_missing,no,,yes,NO_DIRECT_TITLE_FALLBACK,yes,no,yes,no,no,no
1251,2220-8155,4,Dasqua | داسکوا,داسکوا,2220-8155,,,,,,no,,,,N/A,,,,,no,کولیس دیجیتال فک بلند استنلس استیل IP54خروج — 0-800mm/0-32,,کولیس دیجیتال فک بلند استنلس استیل IP54خروج — 0-800mm/0-32,,HOLD_MISSING_PRODUCT_TYPE,product_type_id_null,brand_missing|manufacturer_code_missing,no,,yes,NO_DIRECT_TITLE_FALLBACK,yes,no,yes,no,no,no
1252,2220-8170,4,Dasqua | داسکوا,داسکوا,2220-8170,,,,,,no,,,,N/A,,,,,no,کولیس دیجیتال فک بلند استنلس استیل IP54خروج — 0-300mm/0-12,,کولیس دیجیتال فک بلند استنلس استیل IP54خروج — 0-300mm/0-12,,HOLD_MISSING_PRODUCT_TYPE,product_type_id_null,brand_missing|manufacturer_code_missing,no,,yes,NO_DIRECT_TITLE_FALLBACK,yes,no,yes,no,no,no
1253,2220-8175,4,Dasqua | داسکوا,داسکوا,2220-8175,,,,,,no,,,,N/A,,,,,no,کولیس دیجیتال فک بلند استنلس استیل IP54خروج — 0-500mm/0-20,,کولیس دیجیتال فک بلند استنلس استیل IP54خروج — 0-500mm/0-20,,HOLD_MISSING_PRODUCT_TYPE,product_type_id_null,brand_missing|manufacturer_code_missing,no,,yes,NO_DIRECT_TITLE_FALLBACK,yes,no,yes,no,no,no
1254,2220-8180,4,Dasqua | داسکوا,داسکوا,2220-8180,,,,,,no,,,,N/A,,,,,no,کولیس دیجیتال فک بلند استنلس استیل IP54خروج — 0-500mm/0-20,,کولیس دیجیتال فک بلند استنلس استیل IP54خروج — 0-500mm/0-20,,HOLD_MISSING_PRODUCT_TYPE,product_type_id_null,brand_missing|manufacturer_code_missing,no,,yes,NO_DIRECT_TITLE_FALLBACK,yes,no,yes,no,no,no
1255,2220-8185,4,Dasqua | داسکوا,داسکوا,2220-8185,,,,,,no,,,,N/A,,,,,no,کولیس دیجیتال فک بلند استنلس استیل IP54خروج — 0-500mm/0-20,,کولیس دیجیتال فک بلند استنلس استیل IP54خروج — 0-500mm/0-20,,HOLD_MISSING_PRODUCT_TYPE,product_type_id_null,brand_missing|manufacturer_code_missing,no,,yes,NO_DIRECT_TITLE_FALLBACK,yes,no,yes,no,no,no
1256,2220-8190,4,Dasqua | داسکوا,داسکوا,2220-8190,,,,,,no,,,,N/A,,,,,no,کولیس دیجیتال فک بلند استنلس استیل IP54خروج — 0-600mm/0-24,,کولیس دیجیتال فک بلند استنلس استیل IP54خروج — 0-600mm/0-24,,HOLD_MISSING_PRODUCT_TYPE,product_type_id_null,brand_missing|manufacturer_code_missing,no,,yes,NO_DIRECT_TITLE_FALLBACK,yes,no,yes,no,no,no
1257,2220-8200,4,Dasqua | داسکوا,داسکوا,2220-8200,,,,,,no,,,,N/A,,,,,no,کولیس دیجیتال فک بلند استنلس استیل IP54خروج — 0-600mm/0-24,,کولیس دیجیتال فک بلند استنلس استیل IP54خروج — 0-600mm/0-24,,HOLD_MISSING_PRODUCT_TYPE,product_type_id_null,brand_missing|manufacturer_code_missing,no,,yes,NO_DIRECT_TITLE_FALLBACK,yes,no,yes,no,no,no
1258,2220-8205,4,Dasqua | داسکوا,داسکوا,2220-8205,,,,,,no,,,,N/A,,,,,no,کولیس دیجیتال فک بلند استنلس استیل IP54خروج — 0-600mm/0-24,,کولیس دیجیتال فک بلند استنلس استیل IP54خروج — 0-600mm/0-24,,HOLD_MISSING_PRODUCT_TYPE,product_type_id_null,brand_missing|manufacturer_code_missing,no,,yes,NO_DIRECT_TITLE_FALLBACK,yes,no,yes,no,no,no
1259,2220-8210,4,Dasqua | داسکوا,داسکوا,2220-8210,,,,,,no,,,,N/A,,,,,no,کولیس دیجیتال فک بلند استنلس استیل IP54خروج — 0-600mm/0-24,,کولیس دیجیتال فک بلند استنلس استیل IP54خروج — 0-600mm/0-24,,HOLD_MISSING_PRODUCT_TYPE,product_type_id_null,brand_missing|manufacturer_code_missing,no,,yes,NO_DIRECT_TITLE_FALLBACK,yes,no,yes,no,no,no
1260,2220-8215,4,Dasqua | داسکوا,داسکوا,2220-8215,,,,,,no,,,,N/A,,,,,no,کولیس دیجیتال فک بلند استنلس استیل IP54خروج — 0-800mm/0-32,,کولیس دیجیتال فک بلند استنلس استیل IP54خروج — 0-800mm/0-32,,HOLD_MISSING_PRODUCT_TYPE,product_type_id_null,brand_missing|manufacturer_code_missing,no,,yes,NO_DIRECT_TITLE_FALLBACK,yes,no,yes,no,no,no
1261,2220-8220,4,Dasqua | داسکوا,داسکوا,2220-8220,,,,,,no,,,,N/A,,,,,no,کولیس دیجیتال فک بلند استنلس استیل IP54خروج — 0-800mm/0-32,,کولیس دیجیتال فک بلند استنلس استیل IP54خروج — 0-800mm/0-32,,HOLD_MISSING_PRODUCT_TYPE,product_type_id_null,brand_missing|manufacturer_code_missing,no,,yes,NO_DIRECT_TITLE_FALLBACK,yes,no,yes,no,no,no
1262,2220-8225,4,Dasqua | داسکوا,داسکوا,2220-8225,,,,,,no,,,,N/A,,,,,no,کولیس دیجیتال فک بلند استنلس استیل IP54خروج — 0-1000mm/0-40,,کولیس دیجیتال فک بلند استنلس استیل IP54خروج — 0-1000mm/0-40,,HOLD_MISSING_PRODUCT_TYPE,product_type_id_null,brand_missing|manufacturer_code_missing,no,,yes,NO_DIRECT_TITLE_FALLBACK,yes,no,yes,no,no,no
1263,2220-8230,4,Dasqua | داسکوا,داسکوا,2220-8230,,,,,,no,,,,N/A,,,,,no,کولیس دیجیتال فک بلند استنلس استیل IP54خروج — 0-1000mm/0-40,,کولیس دیجیتال فک بلند استنلس استیل IP54خروج — 0-1000mm/0-40,,HOLD_MISSING_PRODUCT_TYPE,product_type_id_null,brand_missing|manufacturer_code_missing,no,,yes,NO_DIRECT_TITLE_FALLBACK,yes,no,yes,no,no,no
1265,2240-0026,4,Dasqua | داسکوا,داسکوا,2240-0026,,,,,,no,,,,N/A,,,,,no,کولیس اندازه گی — 0-200mm/ -8,,کولیس اندازه گی — 0-200mm/ -8,,HOLD_MISSING_PRODUCT_TYPE,product_type_id_null,brand_missing|manufacturer_code_missing,no,,yes,NO_DIRECT_TITLE_FALLBACK,yes,no,yes,no,no,no
1266,2240-0027,4,Dasqua | داسکوا,داسکوا,2240-0027,,,,,,no,,,,N/A,,,,,no,کولیس اندازه گی — 0-300mm/ -12,,کولیس اندازه گی — 0-300mm/ -12,,HOLD_MISSING_PRODUCT_TYPE,product_type_id_null,brand_missing|manufacturer_code_missing,no,,yes,NO_DIRECT_TITLE_FALLBACK,yes,no,yes,no,no,no
1267,2250-2105,4,Dasqua | داسکوا,داسکوا,2250-2105,,,,,,no,,,,N/A,,,,,no,کولیس عمق سنج دیجیتال با نوک — 0-150mm/0-6,,کولیس عمق سنج دیجیتال با نوک — 0-150mm/0-6,,HOLD_MISSING_PRODUCT_TYPE,product_type_id_null,brand_missing|manufacturer_code_missing,no,,yes,NO_DIRECT_TITLE_FALLBACK,yes,no,yes,no,no,no
1270,2406-1005,4,Dasqua | داسکوا,داسکوا,2406-1005,,,,,,no,,,,N/A,,,,,no,کولیس دیجیتال فک کارباید — 0-150mm,,کولیس دیجیتال فک کارباید — 0-150mm,,HOLD_MISSING_PRODUCT_TYPE,product_type_id_null,brand_missing|manufacturer_code_missing,no,,yes,NO_DIRECT_TITLE_FALLBACK,yes,no,yes,no,no,no
1271,2406-1010,4,Dasqua | داسکوا,داسکوا,2406-1010,,,,,,no,,,,N/A,,,,,no,کولیس دیجیتال فک کارباید — 0-200mm,,کولیس دیجیتال فک کارباید — 0-200mm,,HOLD_MISSING_PRODUCT_TYPE,product_type_id_null,brand_missing|manufacturer_code_missing,no,,yes,NO_DIRECT_TITLE_FALLBACK,yes,no,yes,no,no,no
1272,2410-8105,4,Dasqua | داسکوا,داسکوا,2410-8105,,,,,,no,,,,N/A,,,,,no,کولیس دیجیتال صفحه نمایش بزرگ — 0-150mm,,کولیس دیجیتال صفحه نمایش بزرگ — 0-150mm,,HOLD_MISSING_PRODUCT_TYPE,product_type_id_null,brand_missing|manufacturer_code_missing,no,,no,YES,yes,no,yes,no,no,no
1273,2410-8110,4,Dasqua | داسکوا,داسکوا,2410-8110,,,,,,no,,,,N/A,,,,,no,کولیس دیجیتال صفحه نمایش بزرگ — 0-200mm,,کولیس دیجیتال صفحه نمایش بزرگ — 0-200mm,,HOLD_MISSING_PRODUCT_TYPE,product_type_id_null,brand_missing|manufacturer_code_missing,no,,no,YES,yes,no,yes,no,no,no
1274,2570-5105,4,Dasqua | داسکوا,داسکوا,2570-5105,,,,,,no,,,,N/A,,,,,no,کولیس اندازه گی — 0-150mm/ -6,,کولیس اندازه گی — 0-150mm/ -6,,HOLD_MISSING_PRODUCT_TYPE,product_type_id_null,brand_missing|manufacturer_code_missing,no,,yes,NO_DIRECT_TITLE_FALLBACK,no,yes,yes,no,no,no
1277,2610-8105,4,Dasqua | داسکوا,داسکوا,2610-8105,,,,,,no,,,,N/A,,,,,no,کولیس دیجیتال ضد آب صفحه — 0-150mm,,کولیس دیجیتال ضد آب صفحه — 0-150mm,,HOLD_MISSING_PRODUCT_TYPE,product_type_id_null,brand_missing|manufacturer_code_missing,no,,no,YES,no,yes,yes,no,no,no
1278,2710-1105,4,Dasqua | داسکوا,داسکوا,2710-1105,,,,,,no,,,,N/A,,,,,no,کولیس ورنیه دو فک بلند — 0-300mm,,کولیس ورنیه دو فک بلند — 0-300mm,,HOLD_MISSING_PRODUCT_TYPE,product_type_id_null,brand_missing|manufacturer_code_missing,no,,no,YES,no,yes,yes,no,no,no
1279,2805-0005,4,Dasqua | داسکوا,داسکوا,2805-0005,,,,,,no,,,,N/A,,,,,no,کولیس خط ی — 0-200mm,,کولیس خط ی — 0-200mm,,HOLD_MISSING_PRODUCT_TYPE,product_type_id_null,brand_missing|manufacturer_code_missing,no,,yes,NO_DIRECT_TITLE_FALLBACK,no,yes,yes,no,no,no
1280,3001-0105,4,Dasqua | داسکوا,داسکوا,3001-0105,,,,,,no,,,,N/A,,,,,no,/0- کولیس پایه دار (ارتفاع سنج )استنلس — 0-300mm,,/0- کولیس پایه دار (ارتفاع سنج )استنلس — 0-300mm,,HOLD_MISSING_PRODUCT_TYPE,product_type_id_null,brand_missing|manufacturer_code_missing,no,,yes,NO_DIRECT_TITLE_FALLBACK,no,yes,yes,no,no,no
1281,3001-0120,4,Dasqua | داسکوا,داسکوا,3001-0120,,,,,,no,,,,N/A,,,,,no,/0- کولیس پایه دار (ارتفاع سنج )استنلس — 0-600mm,,/0- کولیس پایه دار (ارتفاع سنج )استنلس — 0-600mm,,HOLD_MISSING_PRODUCT_TYPE,product_type_id_null,brand_missing|manufacturer_code_missing,no,,yes,NO_DIRECT_TITLE_FALLBACK,no,yes,yes,no,no,no
1282,3001-0125,4,Dasqua | داسکوا,داسکوا,3001-0125,,,,,,no,,,,N/A,,,,,no,/0- کولیس پایه دار (ارتفاع سنج )استنلس — 0-1000mm,,/0- کولیس پایه دار (ارتفاع سنج )استنلس — 0-1000mm,,HOLD_MISSING_PRODUCT_TYPE,product_type_id_null,brand_missing|manufacturer_code_missing,no,,yes,NO_DIRECT_TITLE_FALLBACK,no,yes,yes,no,no,no
1283,3001-1001,4,Dasqua | داسکوا,داسکوا,3001-1001,,,,,,no,,,,N/A,,,,,no,دنباله عمق سنج کولیس — 0-1001mm,,دنباله عمق سنج کولیس — 0-1001mm,,HOLD_MISSING_PRODUCT_TYPE,product_type_id_null,brand_missing|manufacturer_code_missing,no,,no,YES,no,yes,yes,no,no,no
1287,3004-0003,4,Dasqua | داسکوا,داسکوا,3004-0003,,,,,,no,,,,N/A,,,,,no,ساعتي -ديجيتال شارژی كوليس — 0-150mm,,ساعتی -دیجیتال شارژی کولیس — 0-150mm,,HOLD_MISSING_PRODUCT_TYPE,product_type_id_null,brand_missing|manufacturer_code_missing|persian_normalization_needed,no,,no,YES,no,yes,yes,no,no,no
1288,3004-0005,4,Dasqua | داسکوا,داسکوا,3004-0005,,,,,,no,,,,N/A,,,,,no,ساعتي -ديجيتال كوليس پورتابل — 0-150mm,,ساعتی -دیجیتال کولیس پورتابل — 0-150mm,,HOLD_MISSING_PRODUCT_TYPE,product_type_id_null,brand_missing|manufacturer_code_missing|persian_normalization_needed,no,,yes,NO_DIRECT_TITLE_FALLBACK,no,yes,yes,no,no,no
1289,3004-1005,4,Dasqua | داسکوا,داسکوا,3004-1005,,,,,,no,,,,N/A,,,,,no,كوليس پورتابل ساعت — 0-200mm,,کولیس پورتابل ساعت — 0-200mm,,HOLD_MISSING_PRODUCT_TYPE,product_type_id_null,brand_missing|manufacturer_code_missing|persian_normalization_needed,no,,yes,NO_DIRECT_TITLE_FALLBACK,no,yes,yes,no,no,no
1290,3004-2005,4,Dasqua | داسکوا,داسکوا,3004-2005,,,,,,no,,,,N/A,,,,,no,كوليس پورتابل ساعت — 0-300mm,,کولیس پورتابل ساعت — 0-300mm,,HOLD_MISSING_PRODUCT_TYPE,product_type_id_null,brand_missing|manufacturer_code_missing|persian_normalization_needed,no,,yes,NO_DIRECT_TITLE_FALLBACK,no,yes,yes,no,no,no
1293,3130-8115,4,Dasqua | داسکوا,داسکوا,3130-8115,,,,,,no,,,,N/A,,,,,no,كوليس پايه دار ديجيتال (ارتفاع -سنج) — 0-300mm,,کولیس پایه دار دیجیتال (ارتفاع -سنج) — 0-300mm,,HOLD_MISSING_PRODUCT_TYPE,product_type_id_null,brand_missing|manufacturer_code_missing|persian_normalization_needed,no,,yes,NO_DIRECT_TITLE_FALLBACK,no,yes,yes,no,no,no
1294,3130-8119,4,Dasqua | داسکوا,داسکوا,3130-8119,,,,,,no,,,,N/A,,,,,no,کولیس پایه دار (ارتفاع سنج) دیجیتال — 0-300mm/0-12,,کولیس پایه دار (ارتفاع سنج) دیجیتال — 0-300mm/0-12,,HOLD_MISSING_PRODUCT_TYPE,product_type_id_null,brand_missing|manufacturer_code_missing,no,,yes,NO_DIRECT_TITLE_FALLBACK,no,yes,yes,no,no,no
1295,3130-8120,4,Dasqua | داسکوا,داسکوا,3130-8120,,,,,,no,,,,N/A,,,,,no,کولیس پایه دار (ارتفاع سنج) دیجیتال — 0-500mm/0-20,,کولیس پایه دار (ارتفاع سنج) دیجیتال — 0-500mm/0-20,,HOLD_MISSING_PRODUCT_TYPE,product_type_id_null,brand_missing|manufacturer_code_missing,no,,yes,NO_DIRECT_TITLE_FALLBACK,no,yes,yes,no,no,no
1296,3130-8125,4,Dasqua | داسکوا,داسکوا,3130-8125,,,,,,no,,,,N/A,,,,,no,کولیس پایه دار (ارتفاع سنج) دیجیتال — 0-600mm/0-24,,کولیس پایه دار (ارتفاع سنج) دیجیتال — 0-600mm/0-24,,HOLD_MISSING_PRODUCT_TYPE,product_type_id_null,brand_missing|manufacturer_code_missing,no,,yes,NO_DIRECT_TITLE_FALLBACK,no,yes,yes,no,no,no
1297,3130-8130,4,Dasqua | داسکوا,داسکوا,3130-8130,,,,,,no,,,,N/A,,,,,no,کولیس پایه دار (ارتفاع سنج) دیجیتال — 0-1000mm/0-40,,کولیس پایه دار (ارتفاع سنج) دیجیتال — 0-1000mm/0-40,,HOLD_MISSING_PRODUCT_TYPE,product_type_id_null,brand_missing|manufacturer_code_missing,no,,yes,NO_DIRECT_TITLE_FALLBACK,no,yes,yes,no,no,no
1298,3221-1105,4,Dasqua | داسکوا,داسکوا,3221-1105,,,,,,no,,,,N/A,,,,,no,کولیس ارتفاع سنج ساعت — 0-300mm,,کولیس ارتفاع سنج ساعت — 0-300mm,,HOLD_MISSING_PRODUCT_TYPE,product_type_id_null,brand_missing|manufacturer_code_missing,no,,yes,NO_DIRECT_TITLE_FALLBACK,no,yes,yes,no,no,no
1302,3430-4110,4,Dasqua | داسکوا,داسکوا,3430-4110,,,,,,no,,,,N/A,,,,,no,کولیس پایه دار (ارتفاع سنج) دیجیتال — 0-300mm/0-12,,کولیس پایه دار (ارتفاع سنج) دیجیتال — 0-300mm/0-12,,HOLD_MISSING_PRODUCT_TYPE,product_type_id_null,brand_missing|manufacturer_code_missing,no,,no,YES,no,yes,yes,no,no,no
1303,3430-4115,4,Dasqua | داسکوا,داسکوا,3430-4115,,,,,,no,,,,N/A,,,,,no,کولیس پایه دار (ارتفاع سنج) دیجیتال — 0-500mm/0-20,,کولیس پایه دار (ارتفاع سنج) دیجیتال — 0-500mm/0-20,,HOLD_MISSING_PRODUCT_TYPE,product_type_id_null,brand_missing|manufacturer_code_missing,no,,no,YES,no,yes,yes,no,no,no
1304,3430-4120,4,Dasqua | داسکوا,داسکوا,3430-4120,,,,,,no,,,,N/A,,,,,no,کولیس پایه دار (ارتفاع سنج) دیجیتال — 0-600mm/0-24,,کولیس پایه دار (ارتفاع سنج) دیجیتال — 0-600mm/0-24,,HOLD_MISSING_PRODUCT_TYPE,product_type_id_null,brand_missing|manufacturer_code_missing,no,,no,YES,no,yes,yes,no,no,no
1305,3530-0005,4,Dasqua | داسکوا,داسکوا,3530-0005,,,,,,no,,,,N/A,,,,,no,کولیس پایه دار (ارتفاع سنج) دیجیتال — 0-300mm/0-12,,کولیس پایه دار (ارتفاع سنج) دیجیتال — 0-300mm/0-12,,HOLD_MISSING_PRODUCT_TYPE,product_type_id_null,brand_missing|manufacturer_code_missing,no,,yes,NO_DIRECT_TITLE_FALLBACK,no,yes,yes,no,no,no
1306,3530-0010,4,Dasqua | داسکوا,داسکوا,3530-0010,,,,,,no,,,,N/A,,,,,no,کولیس پایه دار (ارتفاع سنج) دیجیتال — 0-600mm/0-24,,کولیس پایه دار (ارتفاع سنج) دیجیتال — 0-600mm/0-24,,HOLD_MISSING_PRODUCT_TYPE,product_type_id_null,brand_missing|manufacturer_code_missing,no,,yes,NO_DIRECT_TITLE_FALLBACK,no,yes,yes,no,no,no
1307,4005-0090,4,Dasqua | داسکوا,داسکوا,4005-0090,,,,,,no,,,,N/A,,,,,no,/ میکرومی داخل سنج دیجیتال دو فک ی — 0-125mm/4-5,,/ میکرومی داخل سنج دیجیتال دو فک ی — 0-125mm/4-5,,HOLD_MISSING_PRODUCT_TYPE,product_type_id_null,brand_missing|manufacturer_code_missing,no,,yes,NO_DIRECT_TITLE_FALLBACK,no,yes,yes,no,no,no
1309,4005-0100,4,Dasqua | داسکوا,داسکوا,4005-0100,,,,,,no,,,,N/A,,,,,no,/ میکرومی داخل سنج دیجیتال دو فک ی — 0-175mm/6-7,,/ میکرومی داخل سنج دیجیتال دو فک ی — 0-175mm/6-7,,HOLD_MISSING_PRODUCT_TYPE,product_type_id_null,brand_missing|manufacturer_code_missing,no,,yes,NO_DIRECT_TITLE_FALLBACK,no,yes,yes,no,no,no
1310,4107-1005,4,Dasqua | داسکوا,داسکوا,4107-1005,,,,,,no,,,,N/A,,,,,no,میکرومی پیچ (رزوه) با ست پراپ 10 — 0-25mm,,میکرومی پیچ (رزوه) با ست پراپ 10 — 0-25mm,,HOLD_MISSING_PRODUCT_TYPE,product_type_id_null,brand_missing|manufacturer_code_missing,no,,yes,NO_DIRECT_TITLE_FALLBACK,no,yes,yes,no,no,no
1311,4111-5205,4,Dasqua | داسکوا,داسکوا,4111-5205,,,,,,no,,,,N/A,,,,,no,میکرومی خارج 1 — 0-25mm,,میکرومی خارج 1 — 0-25mm,,HOLD_MISSING_PRODUCT_TYPE,product_type_id_null,brand_missing|manufacturer_code_missing,no,,no,YES,no,yes,yes,no,no,no
1312,4111-8102,4,Dasqua | داسکوا,داسکوا,4111-8102,,,,,,no,,,,N/A,,,,,no,میکرومی دیسیک — 0-25mm,,میکرومی دیسیک — 0-25mm,,HOLD_MISSING_PRODUCT_TYPE,product_type_id_null,brand_missing|manufacturer_code_missing,no,,no,YES,no,yes,yes,no,no,no
1314,4111-8105,4,Dasqua | داسکوا,داسکوا,4111-8105,,,,,,no,,,,N/A,,,,,no,میکرومی خارج — 0-25mm,,میکرومی خارج — 0-25mm,,HOLD_MISSING_PRODUCT_TYPE,product_type_id_null,brand_missing|manufacturer_code_missing,no,,no,YES,yes,yes,yes,yes,yes,yes
1315,4111-8106,4,Dasqua | داسکوا,داسکوا,4111-8106,,,,,,no,,,,N/A,,,,,no,میکرومی دیسیک 2 — 0-75mm,,میکرومی دیسیک 2 — 0-75mm,,HOLD_MISSING_PRODUCT_TYPE,product_type_id_null,brand_missing|manufacturer_code_missing,no,,no,YES,no,yes,yes,no,no,no
1316,4111-8108,4,Dasqua | داسکوا,داسکوا,4111-8108,,,,,,no,,,,N/A,,,,,no,میکرومی دیسیک 3,,میکرومی دیسیک 3,,HOLD_MISSING_PRODUCT_TYPE,product_type_id_null,brand_missing|manufacturer_code_missing,no,,no,YES,no,yes,yes,no,no,no
1318,4111-8115,4,Dasqua | داسکوا,داسکوا,4111-8115,,,,,,no,,,,N/A,,,,,no,میکرومی خارج 3 — 0-75mm,,میکرومی خارج 3 — 0-75mm,,HOLD_MISSING_PRODUCT_TYPE,product_type_id_null,brand_missing|manufacturer_code_missing,no,,yes,NO_DIRECT_TITLE_FALLBACK,no,yes,yes,no,no,no
1320,4111-8125,4,Dasqua | داسکوا,داسکوا,4111-8125,,,,,,no,,,,N/A,,,,,no,میکرومی خارج 5 — 0-125mm,,میکرومی خارج 5 — 0-125mm,,HOLD_MISSING_PRODUCT_TYPE,product_type_id_null,brand_missing|manufacturer_code_missing,no,,no,YES,no,yes,yes,no,no,no
1322,4111-8620,4,Dasqua | داسکوا,داسکوا,4111-8620,,,,,,no,,,,N/A,,,,,no,میکرومی دیسیک 3 — 0-125mm,,میکرومی دیسیک 3 — 0-125mm,,HOLD_MISSING_PRODUCT_TYPE,product_type_id_null,brand_missing|manufacturer_code_missing,no,,no,YES,no,yes,yes,no,no,no
1323,4111-8625,4,Dasqua | داسکوا,داسکوا,4111-8625,,,,,,no,,,,N/A,,,,,no,میکرومی دیسیک 3,,میکرومی دیسیک 3,,HOLD_MISSING_PRODUCT_TYPE,product_type_id_null,brand_missing|manufacturer_code_missing,no,,no,YES,no,yes,yes,no,no,no
1324,4111-8630,4,Dasqua | داسکوا,داسکوا,4111-8630,,,,,,no,,,,N/A,,,,,no,میکرومی دیسیک 3 — 0-175mm,,میکرومی دیسیک 3 — 0-175mm,,HOLD_MISSING_PRODUCT_TYPE,product_type_id_null,brand_missing|manufacturer_code_missing,no,,no,YES,no,yes,yes,no,no,no
1326,4111-8640,4,Dasqua | داسکوا,داسکوا,4111-8640,,,,,,no,,,,N/A,,,,,no,میکرومی دیسیک 8 — 0-225mm,,میکرومی دیسیک 8 — 0-225mm,,HOLD_MISSING_PRODUCT_TYPE,product_type_id_null,brand_missing|manufacturer_code_missing,no,,no,YES,no,yes,yes,no,no,no
1328,4111-8650,4,Dasqua | داسکوا,داسکوا,4111-8650,,,,,,no,,,,N/A,,,,,no,میکرومی دیسیک (بدون چرخش) 10 — 0-275mm,,میکرومی دیسیک (بدون چرخش) 10 — 0-275mm,,HOLD_MISSING_PRODUCT_TYPE,product_type_id_null,brand_missing|manufacturer_code_missing,no,,no,YES,no,yes,yes,no,no,no
1330,4111-9105,4,Dasqua | داسکوا,داسکوا,4111-9105,,,,,,no,,,,N/A,,,,,no,میکرومی خارج — 0-25mm,,میکرومی خارج — 0-25mm,,HOLD_MISSING_PRODUCT_TYPE,product_type_id_null,brand_missing|manufacturer_code_missing,no,,no,YES,no,yes,yes,no,no,no
1333,4111-9130,4,Dasqua | داسکوا,داسکوا,4111-9130,,,,,,no,,,,N/A,,,,,no,میکرومی خارج 3,,میکرومی خارج 3,,HOLD_MISSING_PRODUCT_TYPE,product_type_id_null,brand_missing|manufacturer_code_missing,no,,no,YES,no,yes,yes,no,no,no
1334,4112-7435,4,Dasqua | داسکوا,داسکوا,4112-7435,,,,,,no,,,,N/A,,,,,no,میکرومی خارج 7 — 0-175mm,,میکرومی خارج 7 — 0-175mm,,HOLD_MISSING_PRODUCT_TYPE,product_type_id_null,brand_missing|manufacturer_code_missing,no,,yes,NO_DIRECT_TITLE_FALLBACK,no,yes,yes,no,no,no
1336,4112-7445,4,Dasqua | داسکوا,داسکوا,4112-7445,,,,,,no,,,,N/A,,,,,no,میکرومی خارج 9 — 0-225mm,,میکرومی خارج 9 — 0-225mm,,HOLD_MISSING_PRODUCT_TYPE,product_type_id_null,brand_missing|manufacturer_code_missing,no,,yes,NO_DIRECT_TITLE_FALLBACK,no,yes,yes,no,no,no
1338,4112-8145,4,Dasqua | داسکوا,داسکوا,4112-8145,,,,,,no,,,,N/A,,,,,no,میکرومی خارج 10 — 0-225mm,,میکرومی خارج 10 — 0-225mm,,HOLD_MISSING_PRODUCT_TYPE,product_type_id_null,brand_missing|manufacturer_code_missing,no,,no,YES,no,yes,yes,no,no,no
1340,4112-8155,4,Dasqua | داسکوا,داسکوا,4112-8155,,,,,,no,,,,N/A,,,,,no,میکرومی خارج 14 — 0-275mm,,میکرومی خارج 14 — 0-275mm,,HOLD_MISSING_PRODUCT_TYPE,product_type_id_null,brand_missing|manufacturer_code_missing,no,,no,YES,no,yes,yes,no,no,no
1342,4127-0005,4,Dasqua | داسکوا,داسکوا,4127-0005,,,,,,no,,,,N/A,,,,,no,/ ی پیچ ( رزوه ) دیجیتال IP65 — 0-25mm/0-1,,/ ی پیچ ( رزوه ) دیجیتال IP65 — 0-25mm/0-1,,HOLD_MISSING_PRODUCT_TYPE,product_type_id_null,brand_missing|manufacturer_code_missing,no,,no,YES,no,yes,yes,no,no,no
1343,4137-4005,4,Dasqua | داسکوا,داسکوا,4137-4005,,,,,,no,,,,N/A,,,,,no,/ ی پیچ ( رزوه ) دیجیتال ضد — 0-25mm/0-1,,/ ی پیچ ( رزوه ) دیجیتال ضد — 0-25mm/0-1,,HOLD_MISSING_PRODUCT_TYPE,product_type_id_null,brand_missing|manufacturer_code_missing,no,,no,YES,no,yes,yes,no,no,no
1344,4146-1005,4,Dasqua | داسکوا,داسکوا,4146-1005,,,,,,no,,,,N/A,,,,,no,میکرومی پیچ پراپ 16 — 0-25mm,,میکرومی پیچ پراپ 16 — 0-25mm,,HOLD_MISSING_PRODUCT_TYPE,product_type_id_null,brand_missing|manufacturer_code_missing,no,,yes,NO_DIRECT_TITLE_FALLBACK,no,yes,yes,no,no,no
1346,4146-1015,4,Dasqua | داسکوا,داسکوا,4146-1015,,,,,,no,,,,N/A,,,,,no,پاسومی خارج میکرومی 2 — 0-75mm,,پاسومی خارج میکرومی 2 — 0-75mm,,HOLD_MISSING_PRODUCT_TYPE,product_type_id_null,brand_missing|manufacturer_code_missing,no,,yes,NO_DIRECT_TITLE_FALLBACK,no,yes,yes,no,no,no
1348,4146-5105,4,Dasqua | داسکوا,داسکوا,4146-5105,,,,,,no,,,,N/A,,,,,no,پاسومی خارج میکرومی 4 — 0-25mm,,پاسومی خارج میکرومی 4 — 0-25mm,,HOLD_MISSING_PRODUCT_TYPE,product_type_id_null,brand_missing|manufacturer_code_missing,no,,yes,NO_DIRECT_TITLE_FALLBACK,no,yes,yes,no,no,no
1349,4210-2103,4,Dasqua | داسکوا,داسکوا,4210-2103,,,,,,no,,,,N/A,,,,,no,میکرومی دیجیتال یونیورسال (فک — 0-25mm/0-1,,میکرومی دیجیتال یونیورسال (فک — 0-25mm/0-1,,HOLD_MISSING_PRODUCT_TYPE,product_type_id_null,brand_missing|manufacturer_code_missing,no,,yes,NO_DIRECT_TITLE_FALLBACK,no,yes,yes,no,no,no
1351,4210-2106,4,Dasqua | داسکوا,داسکوا,4210-2106,,,,,,no,,,,N/A,,,,,no,میکرومی دیجیتال یونیورسال (فک,,میکرومی دیجیتال یونیورسال (فک,,HOLD_MISSING_PRODUCT_TYPE,product_type_id_null,brand_missing|manufacturer_code_missing,no,,yes,NO_DIRECT_TITLE_FALLBACK,no,yes,yes,no,no,no
1353,4210-2125,4,Dasqua | داسکوا,داسکوا,4210-2125,,,,,,no,,,,N/A,,,,,no,میکرومی خارج — 0-125mm,,میکرومی خارج — 0-125mm,,HOLD_MISSING_PRODUCT_TYPE,product_type_id_null,brand_missing|manufacturer_code_missing,no,,no,YES,no,yes,yes,no,no,no
1360,4220-2104,4,Dasqua | داسکوا,داسکوا,4220-2104,,,,,,no,,,,N/A,,,,,no,میکرومی خارج دیسیک دیجیتال رسی ع حرکت شفت بدون چرخش خروج — 0-25mm/0-1,,میکرومی خارج دیسیک دیجیتال رسی ع حرکت شفت بدون چرخش خروج — 0-25mm/0-1,,HOLD_MISSING_PRODUCT_TYPE,product_type_id_null,brand_missing|manufacturer_code_missing,no,,yes,NO_DIRECT_TITLE_FALLBACK,no,yes,yes,no,no,no
1361,4220-2108,4,Dasqua | داسکوا,داسکوا,4220-2108,,,,,,no,,,,N/A,,,,,no,میکرومی خارج دیسیک دیجیتال رسی ع حرکت شفت بدون چرخش خروج,,میکرومی خارج دیسیک دیجیتال رسی ع حرکت شفت بدون چرخش خروج,,HOLD_MISSING_PRODUCT_TYPE,product_type_id_null,brand_missing|manufacturer_code_missing,no,,yes,NO_DIRECT_TITLE_FALLBACK,no,yes,yes,no,no,no
1362,4220-2109,4,Dasqua | داسکوا,داسکوا,4220-2109,,,,,,no,,,,N/A,,,,,no,میکرومی 2 — 0-75mm/2-3,,میکرومی 2 — 0-75mm/2-3,,HOLD_MISSING_PRODUCT_TYPE,product_type_id_null,brand_missing|manufacturer_code_missing,no,,yes,NO_DIRECT_TITLE_FALLBACK,no,yes,yes,no,no,no
1363,4230-2005,4,Dasqua | داسکوا,داسکوا,4230-2005,,,,,,no,,,,N/A,,,,,no,میکرومی خارج دیجیتال با شفت — 0-25mm/0-1,,میکرومی خارج دیجیتال با شفت — 0-25mm/0-1,,HOLD_MISSING_PRODUCT_TYPE,product_type_id_null,brand_missing|manufacturer_code_missing,no,,no,YES,yes,yes,yes,yes,yes,yes
1365,4230-2015,4,Dasqua | داسکوا,داسکوا,4230-2015,,,,,,no,,,,N/A,,,,,no,میکرومی خارج دیجیتال با شفت — 0-75mm/2-3,,میکرومی خارج دیجیتال با شفت — 0-75mm/2-3,,HOLD_MISSING_PRODUCT_TYPE,product_type_id_null,brand_missing|manufacturer_code_missing,no,,yes,NO_DIRECT_TITLE_FALLBACK,no,yes,yes,no,no,no
1367,4230-2025,4,Dasqua | داسکوا,داسکوا,4230-2025,,,,,,no,,,,N/A,,,,,no,میکرومی خارج دیجیتال با شفت — 0-125mm/4-5,,میکرومی خارج دیجیتال با شفت — 0-125mm/4-5,,HOLD_MISSING_PRODUCT_TYPE,product_type_id_null,brand_missing|manufacturer_code_missing,no,,yes,NO_DIRECT_TITLE_FALLBACK,no,yes,yes,no,no,no
1369,4311-8103,4,Dasqua | داسکوا,داسکوا,4311-8103,,,,,,no,,,,N/A,,,,,no,میکرومی داخل سنج لوله ای — 0-63mm,,میکرومی داخل سنج لوله ای — 0-63mm,,HOLD_MISSING_PRODUCT_TYPE,product_type_id_null,brand_missing|manufacturer_code_missing,no,,yes,NO_DIRECT_TITLE_FALLBACK,no,yes,yes,no,no,no
1370,4311-8106,4,Dasqua | داسکوا,داسکوا,4311-8106,,,,,,no,,,,N/A,,,,,no,میکرومی داخل سنج لوله ای 1 — 0-100mm,,میکرومی داخل سنج لوله ای 1 — 0-100mm,,HOLD_MISSING_PRODUCT_TYPE,product_type_id_null,brand_missing|manufacturer_code_missing,no,,yes,NO_DIRECT_TITLE_FALLBACK,no,yes,yes,no,no,no
1371,4311-8107,4,Dasqua | داسکوا,داسکوا,4311-8107,,,,,,no,,,,N/A,,,,,no,میکرومی داخل سنج لوله ای 2 — 0-150mm,,میکرومی داخل سنج لوله ای 2 — 0-150mm,,HOLD_MISSING_PRODUCT_TYPE,product_type_id_null,brand_missing|manufacturer_code_missing,no,,yes,NO_DIRECT_TITLE_FALLBACK,no,yes,yes,no,no,no
1372,4311-8109,4,Dasqua | داسکوا,داسکوا,4311-8109,,,,,,no,,,,N/A,,,,,no,میکرومی داخل سنج لوله ای 3 — 0-300mm,,میکرومی داخل سنج لوله ای 3 — 0-300mm,,HOLD_MISSING_PRODUCT_TYPE,product_type_id_null,brand_missing|manufacturer_code_missing,no,,yes,NO_DIRECT_TITLE_FALLBACK,no,yes,yes,no,no,no
1373,4311-8111,4,Dasqua | داسکوا,داسکوا,4311-8111,,,,,,no,,,,N/A,,,,,no,میکرومی داخل سنج لوله ای 3 — 0-500mm,,میکرومی داخل سنج لوله ای 3 — 0-500mm,,HOLD_MISSING_PRODUCT_TYPE,product_type_id_null,brand_missing|manufacturer_code_missing,no,,yes,NO_DIRECT_TITLE_FALLBACK,no,yes,yes,no,no,no
1374,4311-8113,4,Dasqua | داسکوا,داسکوا,4311-8113,,,,,,no,,,,N/A,,,,,no,میکرومی داخل سنج لوله ای 5 — 0-600mm,,میکرومی داخل سنج لوله ای 5 — 0-600mm,,HOLD_MISSING_PRODUCT_TYPE,product_type_id_null,brand_missing|manufacturer_code_missing,no,,yes,NO_DIRECT_TITLE_FALLBACK,no,yes,yes,no,no,no
1375,4311-8118,4,Dasqua | داسکوا,داسکوا,4311-8118,,,,,,no,,,,N/A,,,,,no,میکرومی داخل سنج لوله ای 6 — 0-1000mm,,میکرومی داخل سنج لوله ای 6 — 0-1000mm,,HOLD_MISSING_PRODUCT_TYPE,product_type_id_null,brand_missing|manufacturer_code_missing,no,,yes,NO_DIRECT_TITLE_FALLBACK,no,yes,yes,no,no,no
1376,4311-8119,4,Dasqua | داسکوا,داسکوا,4311-8119,,,,,,no,,,,N/A,,,,,no,میکرومی داخل سنج لوله ای 6 — 0-1500mm,,میکرومی داخل سنج لوله ای 6 — 0-1500mm,,HOLD_MISSING_PRODUCT_TYPE,product_type_id_null,brand_missing|manufacturer_code_missing,no,,yes,NO_DIRECT_TITLE_FALLBACK,no,yes,yes,no,no,no
1378,4400-0005,4,Dasqua | داسکوا,داسکوا,4400-0005,,,,,,no,,,,N/A,,,,,no,میکرومی لوله دیجیتال — 0-25mm/0-1,,میکرومی لوله دیجیتال — 0-25mm/0-1,,HOLD_MISSING_PRODUCT_TYPE,product_type_id_null,brand_missing|manufacturer_code_missing,no,,yes,NO_DIRECT_TITLE_FALLBACK,no,yes,yes,no,no,no
1379,4400-0010,4,Dasqua | داسکوا,داسکوا,4400-0010,,,,,,no,,,,N/A,,,,,no,میکرومی لوله دیجیتال — 0-25mm/0-1,,میکرومی لوله دیجیتال — 0-25mm/0-1,,HOLD_MISSING_PRODUCT_TYPE,product_type_id_null,brand_missing|manufacturer_code_missing,no,,yes,NO_DIRECT_TITLE_FALLBACK,no,yes,yes,no,no,no
1384,4410-1125,4,Dasqua | داسکوا,داسکوا,4410-1125,,,,,,no,,,,N/A,,,,,no,میکرومی خارج — 0-125mm/4-5,,میکرومی خارج — 0-125mm/4-5,,HOLD_MISSING_PRODUCT_TYPE,product_type_id_null,brand_missing|manufacturer_code_missing,no,,yes,NO_DIRECT_TITLE_FALLBACK,no,yes,yes,no,no,no
1410,4440-1005,4,Dasqua | داسکوا,داسکوا,4440-1005,,,,,,no,,,,N/A,,,,,no,میکرومی لوله دو رس کروی 1 — 0-25mm,,میکرومی لوله دو رس کروی 1 — 0-25mm,,HOLD_MISSING_PRODUCT_TYPE,product_type_id_null,brand_missing|manufacturer_code_missing,no,,yes,NO_DIRECT_TITLE_FALLBACK,no,yes,yes,no,no,no
1411,4440-1010,4,Dasqua | داسکوا,داسکوا,4440-1010,,,,,,no,,,,N/A,,,,,no,میکرومیلوله (نوک نوع ) A 1 — 0-25mm,,میکرومیلوله (نوک نوع ) A 1 — 0-25mm,,HOLD_MISSING_PRODUCT_TYPE,product_type_id_null,brand_missing|manufacturer_code_missing,no,,yes,NO_DIRECT_TITLE_FALLBACK,no,yes,yes,no,no,no
1412,4510-1005,4,Dasqua | داسکوا,داسکوا,4510-1005,,,,,,no,,,,N/A,,,,,no,میکرومی داخل سنج لوله ای 8 — 0-25mm,,میکرومی داخل سنج لوله ای 8 — 0-25mm,,HOLD_MISSING_PRODUCT_TYPE,product_type_id_null,brand_missing|manufacturer_code_missing,no,,yes,NO_DIRECT_TITLE_FALLBACK,no,yes,yes,no,no,no
1415,4511-5103,4,Dasqua | داسکوا,داسکوا,4511-5103,,,,,,no,,,,N/A,,,,,no,میکرومی داخیل سه فک دیجیتال — 0-12mm,,میکرومی داخیل سه فک دیجیتال — 0-12mm,,HOLD_MISSING_PRODUCT_TYPE,product_type_id_null,brand_missing|manufacturer_code_missing,no,,yes,NO_DIRECT_TITLE_FALLBACK,no,yes,yes,no,no,no
1418,4511-5106,4,Dasqua | داسکوا,داسکوا,4511-5106,,,,,,no,,,,N/A,,,,,no,ی داخیل سه فک دیجیتال — 0-25mm,,ی داخیل سه فک دیجیتال — 0-25mm,,HOLD_MISSING_PRODUCT_TYPE,product_type_id_null,brand_missing|manufacturer_code_missing,no,,yes,NO_DIRECT_TITLE_FALLBACK,no,yes,yes,no,no,no
1420,4511-5108,4,Dasqua | داسکوا,داسکوا,4511-5108,,,,,,no,,,,N/A,,,,,no,ی داخیل سه فک دیجیتال — 0-40mm,,ی داخیل سه فک دیجیتال — 0-40mm,,HOLD_MISSING_PRODUCT_TYPE,product_type_id_null,brand_missing|manufacturer_code_missing,no,,yes,NO_DIRECT_TITLE_FALLBACK,no,yes,yes,no,no,no
1421,4511-5109,4,Dasqua | داسکوا,داسکوا,4511-5109,,,,,,no,,,,N/A,,,,,no,میکرومی داخیل سه فک دیجیتال — 0-50mm,,میکرومی داخیل سه فک دیجیتال — 0-50mm,,HOLD_MISSING_PRODUCT_TYPE,product_type_id_null,brand_missing|manufacturer_code_missing,no,,yes,NO_DIRECT_TITLE_FALLBACK,no,yes,yes,no,no,no
1422,4511-5110,4,Dasqua | داسکوا,داسکوا,4511-5110,,,,,,no,,,,N/A,,,,,no,میکرومی داخیل سه فک دیجیتال — 0-63mm,,میکرومی داخیل سه فک دیجیتال — 0-63mm,,HOLD_MISSING_PRODUCT_TYPE,product_type_id_null,brand_missing|manufacturer_code_missing,no,,yes,NO_DIRECT_TITLE_FALLBACK,no,yes,yes,no,no,no
1426,4511-5114,4,Dasqua | داسکوا,داسکوا,4511-5114,,,,,,no,,,,N/A,,,,,no,میکرومی داخیل سه فک دیجیتال — 0-125mm,,میکرومی داخیل سه فک دیجیتال — 0-125mm,,HOLD_MISSING_PRODUCT_TYPE,product_type_id_null,brand_missing|manufacturer_code_missing,no,,yes,NO_DIRECT_TITLE_FALLBACK,no,yes,yes,no,no,no
1428,4511-5116,4,Dasqua | داسکوا,داسکوا,4511-5116,,,,,,no,,,,N/A,,,,,no,میکرومی داخیل سه فک دیجیتال — 0-175mm,,میکرومی داخیل سه فک دیجیتال — 0-175mm,,HOLD_MISSING_PRODUCT_TYPE,product_type_id_null,brand_missing|manufacturer_code_missing,no,,no,YES,no,yes,yes,no,no,no
1434,4511-9205,4,Dasqua | داسکوا,داسکوا,4511-9205,,,,,,no,,,,N/A,,,,,no,میکرومی داخل دیجیتال سه فک با رینگ گیج IP54ضدآب ست,,میکرومی داخل دیجیتال سه فک با رینگ گیج IP54ضدآب ست,,HOLD_MISSING_PRODUCT_TYPE,product_type_id_null,brand_missing|manufacturer_code_missing,no,,yes,NO_DIRECT_TITLE_FALLBACK,no,yes,yes,no,no,no
1435,4511-9210,4,Dasqua | داسکوا,داسکوا,4511-9210,,,,,,no,,,,N/A,,,,,no,میکرومی داخل دیجیتال سه فک با رینگ گیج IP54ضدآب ست,,میکرومی داخل دیجیتال سه فک با رینگ گیج IP54ضدآب ست,,HOLD_MISSING_PRODUCT_TYPE,product_type_id_null,brand_missing|manufacturer_code_missing,no,,yes,NO_DIRECT_TITLE_FALLBACK,no,yes,yes,no,no,no
1437,4550-1005,4,Dasqua | داسکوا,داسکوا,4550-1005,,,,,,no,,,,N/A,,,,,no,میکرومی چرخ دنده — 0-25mm,,میکرومی چرخ دنده — 0-25mm,,HOLD_MISSING_PRODUCT_TYPE,product_type_id_null,brand_missing|manufacturer_code_missing,no,,yes,NO_DIRECT_TITLE_FALLBACK,no,yes,yes,no,no,no
1438,4570-0005,4,Dasqua | داسکوا,داسکوا,4570-0005,,,,,,no,,,,N/A,,,,,no,میکرومی چرخ دنده دیجیتال — 0-25mm/0-1,,میکرومی چرخ دنده دیجیتال — 0-25mm/0-1,,HOLD_MISSING_PRODUCT_TYPE,product_type_id_null,brand_missing|manufacturer_code_missing,no,,yes,NO_DIRECT_TITLE_FALLBACK,no,yes,yes,no,no,no
1439,4610-1005,4,Dasqua | داسکوا,داسکوا,4610-1005,,,,,,no,,,,N/A,,,,,no,میکرومیی خارج سوزنر — 0-25mm,,میکرومیی خارج سوزنر — 0-25mm,,HOLD_MISSING_PRODUCT_TYPE,product_type_id_null,brand_missing|manufacturer_code_missing,no,,yes,NO_DIRECT_TITLE_FALLBACK,no,yes,yes,no,no,no
1440,4610-1010,4,Dasqua | داسکوا,داسکوا,4610-1010,,,,,,no,,,,N/A,,,,,no,میکرومی خارج سوزن ( 30درجه) ی 2 — 0-1010mm,,میکرومی خارج سوزن ( 30درجه) ی 2 — 0-1010mm,,HOLD_MISSING_PRODUCT_TYPE,product_type_id_null,brand_missing|manufacturer_code_missing,no,,yes,NO_DIRECT_TITLE_FALLBACK,no,yes,yes,no,no,no
1441,4610-1015,4,Dasqua | داسکوا,داسکوا,4610-1015,,,,,,no,,,,N/A,,,,,no,میکرومی خارج 3 — 0-75mm,,میکرومی خارج 3 — 0-75mm,,HOLD_MISSING_PRODUCT_TYPE,product_type_id_null,brand_missing|manufacturer_code_missing,no,,yes,NO_DIRECT_TITLE_FALLBACK,no,yes,yes,no,no,no
1442,4610-1020,4,Dasqua | داسکوا,داسکوا,4610-1020,,,,,,no,,,,N/A,,,,,no,میکرومی خارج 3 — 0-1020mm,,میکرومی خارج 3 — 0-1020mm,,HOLD_MISSING_PRODUCT_TYPE,product_type_id_null,brand_missing|manufacturer_code_missing,no,,yes,NO_DIRECT_TITLE_FALLBACK,no,yes,yes,no,no,no
1443,4610-1405,4,Dasqua | داسکوا,داسکوا,4610-1405,,,,,,no,,,,N/A,,,,,no,میکرومی خارج 1 — 0-25mm,,میکرومی خارج 1 — 0-25mm,,HOLD_MISSING_PRODUCT_TYPE,product_type_id_null,brand_missing|manufacturer_code_missing,no,,yes,NO_DIRECT_TITLE_FALLBACK,no,yes,yes,no,no,no
1444,4611-8106,4,Dasqua | داسکوا,داسکوا,4611-8106,,,,,,no,,,,N/A,,,,,no,میکرومی عمق سنج صلیت — 0-25mm,,میکرومی عمق سنج صلیت — 0-25mm,,HOLD_MISSING_PRODUCT_TYPE,product_type_id_null,brand_missing|manufacturer_code_missing,no,,yes,NO_DIRECT_TITLE_FALLBACK,no,yes,yes,no,no,no
1445,4611-8110,4,Dasqua | داسکوا,داسکوا,4611-8110,,,,,,no,,,,N/A,,,,,no,میکرومی عمق سنج صلیت — 0-50mm,,میکرومی عمق سنج صلیت — 0-50mm,,HOLD_MISSING_PRODUCT_TYPE,product_type_id_null,brand_missing|manufacturer_code_missing,no,,yes,NO_DIRECT_TITLE_FALLBACK,no,yes,yes,no,no,no
1446,4611-8120,4,Dasqua | داسکوا,داسکوا,4611-8120,,,,,,no,,,,N/A,,,,,no,میکرومی عمق سنج صلیت — 0-100mm,,میکرومی عمق سنج صلیت — 0-100mm,,HOLD_MISSING_PRODUCT_TYPE,product_type_id_null,brand_missing|manufacturer_code_missing,no,,yes,NO_DIRECT_TITLE_FALLBACK,no,yes,yes,no,no,no
1447,4611-8125,4,Dasqua | داسکوا,داسکوا,4611-8125,,,,,,no,,,,N/A,,,,,no,ی عمق سنج صلیت با میله — 0-150mm,,ی عمق سنج صلیت با میله — 0-150mm,,HOLD_MISSING_PRODUCT_TYPE,product_type_id_null,brand_missing|manufacturer_code_missing,no,,yes,NO_DIRECT_TITLE_FALLBACK,no,yes,yes,no,no,no
1448,4620-2020,4,Dasqua | داسکوا,داسکوا,4620-2020,,,,,,no,,,,N/A,,,,,no,سوزن دیجیتال ی,,سوزن دیجیتال ی,,HOLD_MISSING_PRODUCT_TYPE,product_type_id_null,brand_missing|manufacturer_code_missing,no,,no,YES,no,yes,yes,no,no,no
1449,4620-5005,4,Dasqua | داسکوا,داسکوا,4620-5005,,,,,,no,,,,N/A,,,,,no,سوزن دیجیتال نوک 30 ی — 0-25mm/0-1,,سوزن دیجیتال نوک 30 ی — 0-25mm/0-1,,HOLD_MISSING_PRODUCT_TYPE,product_type_id_null,brand_missing|manufacturer_code_missing,no,,no,YES,no,yes,yes,no,no,no
1451,4620-5015,4,Dasqua | داسکوا,داسکوا,4620-5015,,,,,,no,,,,N/A,,,,,no,سوزن دیجیتال نوک 30 ی — 0-75mm/2-3,,سوزن دیجیتال نوک 30 ی — 0-75mm/2-3,,HOLD_MISSING_PRODUCT_TYPE,product_type_id_null,brand_missing|manufacturer_code_missing,no,,no,YES,no,yes,yes,no,no,no
1452,4706-0002,4,Dasqua | داسکوا,داسکوا,4706-0002,,,,,,no,,,,N/A,,,,,no,میکرومیهای خارج — 0-200mm/4-8,,میکرومیهای خارج — 0-200mm/4-8,,HOLD_MISSING_PRODUCT_TYPE,product_type_id_null,brand_missing|manufacturer_code_missing,no,,no,YES,no,yes,yes,no,no,no
1453,4706-0003,4,Dasqua | داسکوا,داسکوا,4706-0003,,,,,,no,,,,N/A,,,,,no,میکرومیهای خارج — 0-300mm/8-12,,میکرومیهای خارج — 0-300mm/8-12,,HOLD_MISSING_PRODUCT_TYPE,product_type_id_null,brand_missing|manufacturer_code_missing,no,,no,YES,no,yes,yes,no,no,no
1454,4706-0011,4,Dasqua | داسکوا,داسکوا,4706-0011,,,,,,no,,,,N/A,,,,,no,ی IP65با نوک میکرومی — 0-150mm/6,,ی IP65با نوک میکرومی — 0-150mm/6,,HOLD_MISSING_PRODUCT_TYPE,product_type_id_null,brand_missing|manufacturer_code_missing,no,,yes,NO_DIRECT_TITLE_FALLBACK,no,yes,yes,no,no,no
1455,4706-0012,4,Dasqua | داسکوا,داسکوا,4706-0012,,,,,,no,,,,N/A,,,,,no,میکرومیهای خارج — 0-300mm/6-12,,میکرومیهای خارج — 0-300mm/6-12,,HOLD_MISSING_PRODUCT_TYPE,product_type_id_null,brand_missing|manufacturer_code_missing,no,,no,YES,no,yes,yes,no,no,no
1456,4710-1205,4,Dasqua | داسکوا,داسکوا,4710-1205,,,,,,no,,,,N/A,,,,,no,عمق سنج کوچک دیجیتال (الستیک) میله ای — 0-25mm/0-1,,عمق سنج کوچک دیجیتال (الستیک) میله ای — 0-25mm/0-1,,HOLD_MISSING_PRODUCT_TYPE,product_type_id_null,brand_missing|manufacturer_code_missing,no,,yes,NO_DIRECT_TITLE_FALLBACK,no,yes,yes,no,no,no
1457,4710-2205,4,Dasqua | داسکوا,داسکوا,4710-2205,,,,,,no,,,,N/A,,,,,no,میکرومی عمق سنج صلیت — 0-150mm/0-6,,میکرومی عمق سنج صلیت — 0-150mm/0-6,,HOLD_MISSING_PRODUCT_TYPE,product_type_id_null,brand_missing|manufacturer_code_missing,no,,yes,NO_DIRECT_TITLE_FALLBACK,no,yes,yes,no,no,no
1458,4800-0005,4,Dasqua | داسکوا,داسکوا,4800-0005,,,,,,no,,,,N/A,,,,,no,میکرومی خارج — 0-400mm,,میکرومی خارج — 0-400mm,,HOLD_MISSING_PRODUCT_TYPE,product_type_id_null,brand_missing|manufacturer_code_missing,no,,no,YES,no,yes,yes,no,no,no
1459,4800-0010,4,Dasqua | داسکوا,داسکوا,4800-0010,,,,,,no,,,,N/A,,,,,no,میکرومی 1 — 0-500mm,,میکرومی 1 — 0-500mm,,HOLD_MISSING_PRODUCT_TYPE,product_type_id_null,brand_missing|manufacturer_code_missing,no,,no,YES,no,yes,yes,no,no,no
1460,4800-0015,4,Dasqua | داسکوا,داسکوا,4800-0015,,,,,,no,,,,N/A,,,,,no,میکرومی خارج 2 — 0-600mm,,میکرومی خارج 2 — 0-600mm,,HOLD_MISSING_PRODUCT_TYPE,product_type_id_null,brand_missing|manufacturer_code_missing,no,,no,YES,no,yes,yes,no,no,no
1461,4800-0020,4,Dasqua | داسکوا,داسکوا,4800-0020,,,,,,no,,,,N/A,,,,,no,میکرومی خارج 3 — 0-700mm,,میکرومی خارج 3 — 0-700mm,,HOLD_MISSING_PRODUCT_TYPE,product_type_id_null,brand_missing|manufacturer_code_missing,no,,no,YES,no,yes,yes,no,no,no
1462,4800-0025,4,Dasqua | داسکوا,داسکوا,4800-0025,,,,,,no,,,,N/A,,,,,no,میکرومی خارج 4 — 0-800mm,,میکرومی خارج 4 — 0-800mm,,HOLD_MISSING_PRODUCT_TYPE,product_type_id_null,brand_missing|manufacturer_code_missing,no,,no,YES,no,yes,yes,no,no,no
1463,4800-0030,4,Dasqua | داسکوا,داسکوا,4800-0030,,,,,,no,,,,N/A,,,,,no,میکرومی خارج 5 — 0-900mm,,میکرومی خارج 5 — 0-900mm,,HOLD_MISSING_PRODUCT_TYPE,product_type_id_null,brand_missing|manufacturer_code_missing,no,,no,YES,no,yes,yes,no,no,no
1464,4800-0035,4,Dasqua | داسکوا,داسکوا,4800-0035,,,,,,no,,,,N/A,,,,,no,میکرومی 6 — 0-1000mm,,میکرومی 6 — 0-1000mm,,HOLD_MISSING_PRODUCT_TYPE,product_type_id_null,brand_missing|manufacturer_code_missing,no,,no,YES,no,yes,yes,no,no,no
1465,4801-0003,4,Dasqua | داسکوا,داسکوا,4801-0003,,,,,,no,,,,N/A,,,,,no,میکرومی خارج — 0-150mm,,میکرومی خارج — 0-150mm,,HOLD_MISSING_PRODUCT_TYPE,product_type_id_null,brand_missing|manufacturer_code_missing,no,,yes,NO_DIRECT_TITLE_FALLBACK,no,yes,yes,no,no,no
1466,4801-0004,4,Dasqua | داسکوا,داسکوا,4801-0004,,,,,,no,,,,N/A,,,,,no,میکرومی خارج 1 — 0-200mm,,میکرومی خارج 1 — 0-200mm,,HOLD_MISSING_PRODUCT_TYPE,product_type_id_null,brand_missing|manufacturer_code_missing,no,,no,YES,no,yes,yes,no,no,no
1467,4801-0005,4,Dasqua | داسکوا,داسکوا,4801-0005,,,,,,no,,,,N/A,,,,,no,میکرومی خارج 2 — 0-300mm,,میکرومی خارج 2 — 0-300mm,,HOLD_MISSING_PRODUCT_TYPE,product_type_id_null,brand_missing|manufacturer_code_missing,no,,no,YES,no,yes,yes,no,no,no
1468,4801-0006,4,Dasqua | داسکوا,داسکوا,4801-0006,,,,,,no,,,,N/A,,,,,no,میکرومی خارج 3 — 0-300mm,,میکرومی خارج 3 — 0-300mm,,HOLD_MISSING_PRODUCT_TYPE,product_type_id_null,brand_missing|manufacturer_code_missing,no,,no,YES,no,yes,yes,no,no,no
1469,4811-8115,4,Dasqua | داسکوا,داسکوا,4811-8115,,,,,,no,,,,N/A,,,,,no,میکرومی معمویل هد — 0-25mm,,میکرومی معمویل هد — 0-25mm,,HOLD_MISSING_PRODUCT_TYPE,product_type_id_null,brand_missing|manufacturer_code_missing,no,,yes,NO_DIRECT_TITLE_FALLBACK,no,yes,yes,no,no,no
1470,4811-8120,4,Dasqua | داسکوا,داسکوا,4811-8120,,,,,,no,,,,N/A,,,,,no,هد میکرومی 1 — 0-50mm,,هد میکرومی 1 — 0-50mm,,HOLD_MISSING_PRODUCT_TYPE,product_type_id_null,brand_missing|manufacturer_code_missing,no,,yes,NO_DIRECT_TITLE_FALLBACK,no,yes,yes,no,no,no
1471,4905-0005,4,Dasqua | داسکوا,داسکوا,4905-0005,,,,,,no,,,,N/A,,,,,no,میکرومیخارج میله ای دیجیتال ضد — 0-400mm/12-16,,میکرومیخارج میله ای دیجیتال ضد — 0-400mm/12-16,,HOLD_MISSING_PRODUCT_TYPE,product_type_id_null,brand_missing|manufacturer_code_missing,no,,no,YES,no,yes,yes,no,no,no
1472,4905-0006,4,Dasqua | داسکوا,داسکوا,4905-0006,,,,,,no,,,,N/A,,,,,no,/ ی خارج میله ای دیجیتال ضد — 0-500mm/16-20,,/ ی خارج میله ای دیجیتال ضد — 0-500mm/16-20,,HOLD_MISSING_PRODUCT_TYPE,product_type_id_null,brand_missing|manufacturer_code_missing,no,,no,YES,no,yes,yes,no,no,no
1473,4905-0007,4,Dasqua | داسکوا,داسکوا,4905-0007,,,,,,no,,,,N/A,,,,,no,میکرومیخارج میله ای دیجیتال ضد — 0-600mm/20-24,,میکرومیخارج میله ای دیجیتال ضد — 0-600mm/20-24,,HOLD_MISSING_PRODUCT_TYPE,product_type_id_null,brand_missing|manufacturer_code_missing,no,,yes,NO_DIRECT_TITLE_FALLBACK,no,yes,yes,no,no,no
1474,4905-0008,4,Dasqua | داسکوا,داسکوا,4905-0008,,,,,,no,,,,N/A,,,,,no,میکرومیخارج میله ای دیجیتال ضد — 0-700mm/24-28,,میکرومیخارج میله ای دیجیتال ضد — 0-700mm/24-28,,HOLD_MISSING_PRODUCT_TYPE,product_type_id_null,brand_missing|manufacturer_code_missing,no,,no,YES,no,yes,yes,no,no,no
1475,4905-0009,4,Dasqua | داسکوا,داسکوا,4905-0009,,,,,,no,,,,N/A,,,,,no,/ ی خارج میله ای دیجیتال ضد — 0-800mm/28-32,,/ ی خارج میله ای دیجیتال ضد — 0-800mm/28-32,,HOLD_MISSING_PRODUCT_TYPE,product_type_id_null,brand_missing|manufacturer_code_missing,no,,no,YES,no,yes,yes,no,no,no
1476,4905-0010,4,Dasqua | داسکوا,داسکوا,4905-0010,,,,,,no,,,,N/A,,,,,no,میکرومیخارج میله ای دیجیتال ضد — 0-900mm/32-36,,میکرومیخارج میله ای دیجیتال ضد — 0-900mm/32-36,,HOLD_MISSING_PRODUCT_TYPE,product_type_id_null,brand_missing|manufacturer_code_missing,no,,no,YES,no,yes,yes,no,no,no
1477,4905-0011,4,Dasqua | داسکوا,داسکوا,4905-0011,,,,,,no,,,,N/A,,,,,no,میکرومیخارج میله ای دیجیتال ضد — 0-1000mm/36-40,,میکرومیخارج میله ای دیجیتال ضد — 0-1000mm/36-40,,HOLD_MISSING_PRODUCT_TYPE,product_type_id_null,brand_missing|manufacturer_code_missing,no,,yes,NO_DIRECT_TITLE_FALLBACK,no,yes,yes,no,no,no
1478,4910-2110,4,Dasqua | داسکوا,داسکوا,4910-2110,,,,,,no,,,,N/A,,,,,no,ی دار هد میکرومی — 0-15mm/0,,ی دار هد میکرومی — 0-15mm/0,,HOLD_MISSING_PRODUCT_TYPE,product_type_id_null,brand_missing|manufacturer_code_missing,no,,yes,NO_DIRECT_TITLE_FALLBACK,no,yes,yes,no,no,no
1479,4910-2115,4,Dasqua | داسکوا,داسکوا,4910-2115,,,,,,no,,,,N/A,,,,,no,میکرومی دیجیتال خروج هد 1 — 0-25mm/0-1,,میکرومی دیجیتال خروج هد 1 — 0-25mm/0-1,,HOLD_MISSING_PRODUCT_TYPE,product_type_id_null,brand_missing|manufacturer_code_missing,no,,yes,NO_DIRECT_TITLE_FALLBACK,no,yes,yes,no,no,no
1480,4910-2130,4,Dasqua | داسکوا,داسکوا,4910-2130,,,,,,no,,,,N/A,,,,,no,میکرومی دیجیتال کلمپ دار دسته فلزی ضد آب IP65خروج هد — 0-25mm/0-1,,میکرومی دیجیتال کلمپ دار دسته فلزی ضد آب IP65خروج هد — 0-25mm/0-1,,HOLD_MISSING_PRODUCT_TYPE,product_type_id_null,brand_missing|manufacturer_code_missing,no,,yes,NO_DIRECT_TITLE_FALLBACK,no,yes,yes,no,no,no
1481,4910-2135,4,Dasqua | داسکوا,داسکوا,4910-2135,,,,,,no,,,,N/A,,,,,no,هد میکرومی 1 — 0-50mm,,هد میکرومی 1 — 0-50mm,,HOLD_MISSING_PRODUCT_TYPE,product_type_id_null,brand_missing|manufacturer_code_missing,no,,yes,NO_DIRECT_TITLE_FALLBACK,no,yes,yes,no,no,no
1484,4910-4115,4,Dasqua | داسکوا,داسکوا,4910-4115,,,,,,no,,,,N/A,,,,,no,میکرومی داخل سنج دیجیتال دو فک — 0-75mm/2-3,,میکرومی داخل سنج دیجیتال دو فک — 0-75mm/2-3,,HOLD_MISSING_PRODUCT_TYPE,product_type_id_null,brand_missing|manufacturer_code_missing,no,,yes,NO_DIRECT_TITLE_FALLBACK,no,yes,yes,no,no,no
1488,4911-8130,4,Dasqua | داسکوا,داسکوا,4911-8130,,,,,,no,,,,N/A,,,,,no,میکرومی داخل سنج دو فک 5 — 0-125mm,,میکرومی داخل سنج دو فک 5 — 0-125mm,,HOLD_MISSING_PRODUCT_TYPE,product_type_id_null,brand_missing|manufacturer_code_missing,no,,yes,NO_DIRECT_TITLE_FALLBACK,no,yes,yes,no,no,no
1489,4911-8135,4,Dasqua | داسکوا,داسکوا,4911-8135,,,,,,no,,,,N/A,,,,,no,میکرومی داخل سنج دو فک 6,,میکرومی داخل سنج دو فک 6,,HOLD_MISSING_PRODUCT_TYPE,product_type_id_null,brand_missing|manufacturer_code_missing,no,,yes,NO_DIRECT_TITLE_FALLBACK,no,yes,yes,no,no,no
1490,4911-8140,4,Dasqua | داسکوا,داسکوا,4911-8140,,,,,,no,,,,N/A,,,,,no,میکرومی 7 — 0-175mm,,میکرومی 7 — 0-175mm,,HOLD_MISSING_PRODUCT_TYPE,product_type_id_null,brand_missing|manufacturer_code_missing,no,,yes,NO_DIRECT_TITLE_FALLBACK,no,yes,yes,no,no,no
1491,5111-1005,4,Dasqua | داسکوا,داسکوا,5111-1005,,,,,,no,,,,N/A,,,,,no,ي ساعت اندیکاتور پشت دار جعبه — 0-10mm,,ی ساعت اندیکاتور پشت دار جعبه — 0-10mm,,HOLD_MISSING_PRODUCT_TYPE,product_type_id_null,brand_missing|manufacturer_code_missing|persian_normalization_needed,no,,yes,NO_DIRECT_TITLE_FALLBACK,no,yes,yes,no,no,no
1492,5111-1110,4,Dasqua | داسکوا,داسکوا,5111-1110,,,,,,no,,,,N/A,,,,,no,ساعت اندیکاتور دور فلزی — 0-10mm,,ساعت اندیکاتور دور فلزی — 0-10mm,,HOLD_MISSING_PRODUCT_TYPE,product_type_id_null,brand_missing|manufacturer_code_missing,no,,no,YES,no,yes,yes,no,no,no
1493,5111-1205,4,Dasqua | داسکوا,داسکوا,5111-1205,,,,,,no,,,,N/A,,,,,no,ساعت اندیکاتور پشت دار — 0-10mm,,ساعت اندیکاتور پشت دار — 0-10mm,,HOLD_MISSING_PRODUCT_TYPE,product_type_id_null,brand_missing|manufacturer_code_missing,no,,yes,NO_DIRECT_TITLE_FALLBACK,no,yes,yes,no,no,no
1494,5121-1107,4,Dasqua | داسکوا,داسکوا,5121-1107,,,,,,no,,,,N/A,,,,,no,ساعت اندیکاتور ضدآب — 0-10mm,,ساعت اندیکاتور ضدآب — 0-10mm,,HOLD_MISSING_PRODUCT_TYPE,product_type_id_null,brand_missing|manufacturer_code_missing,no,,yes,NO_DIRECT_TITLE_FALLBACK,no,yes,yes,no,no,no
1495,5121-1201,4,Dasqua | داسکوا,داسکوا,5121-1201,,,,,,no,,,,N/A,,,,,no,ساعت اندیکاتور صفحه کوچک ضد رضبه SHOCK PROF — 0-3mm,,ساعت اندیکاتور صفحه کوچک ضد رضبه SHOCK PROF — 0-3mm,,HOLD_MISSING_PRODUCT_TYPE,product_type_id_null,brand_missing|manufacturer_code_missing,no,,yes,NO_DIRECT_TITLE_FALLBACK,no,yes,yes,no,no,no
1496,5121-1202,4,Dasqua | داسکوا,داسکوا,5121-1202,,,,,,no,,,,N/A,,,,,no,ساعت اندیکاتور صفحه کوچک ضد رضبه SHOCK PROF — 0-5mm,,ساعت اندیکاتور صفحه کوچک ضد رضبه SHOCK PROF — 0-5mm,,HOLD_MISSING_PRODUCT_TYPE,product_type_id_null,brand_missing|manufacturer_code_missing,no,,yes,NO_DIRECT_TITLE_FALLBACK,no,yes,yes,no,no,no
1497,5121-1204,4,Dasqua | داسکوا,داسکوا,5121-1204,,,,,,no,,,,N/A,,,,,no,ساعت اندیکاتور صفحه کوچک ( — 0-5mm,,ساعت اندیکاتور صفحه کوچک ( — 0-5mm,,HOLD_MISSING_PRODUCT_TYPE,product_type_id_null,brand_missing|manufacturer_code_missing,no,,yes,NO_DIRECT_TITLE_FALLBACK,no,yes,yes,no,no,no
1498,5121-1215,4,Dasqua | داسکوا,داسکوا,5121-1215,,,,,,no,,,,N/A,,,,,no,ساعت اندیکاتور کورس بلند ضد رضبه — 0-50mm,,ساعت اندیکاتور کورس بلند ضد رضبه — 0-50mm,,HOLD_MISSING_PRODUCT_TYPE,product_type_id_null,brand_missing|manufacturer_code_missing,no,,yes,NO_DIRECT_TITLE_FALLBACK,no,yes,yes,no,no,no
1499,5121-1220,4,Dasqua | داسکوا,داسکوا,5121-1220,,,,,,no,,,,N/A,,,,,no,ساعت اندیکاتور کورس بلند ضد رضبه — 0-100mm,,ساعت اندیکاتور کورس بلند ضد رضبه — 0-100mm,,HOLD_MISSING_PRODUCT_TYPE,product_type_id_null,brand_missing|manufacturer_code_missing,no,,yes,NO_DIRECT_TITLE_FALLBACK,no,yes,yes,no,no,no
1500,5121-2101,4,Dasqua | داسکوا,داسکوا,5121-2101,,,,,,no,,,,N/A,,,,,no,ساعت اندیکاتور پشت دار دقت — 0-1mm,,ساعت اندیکاتور پشت دار دقت — 0-1mm,,HOLD_MISSING_PRODUCT_TYPE,product_type_id_null,brand_missing|manufacturer_code_missing,no,,yes,NO_DIRECT_TITLE_FALLBACK,no,yes,yes,no,no,no
1501,5121-2201,4,Dasqua | داسکوا,داسکوا,5121-2201,,,,,,no,,,,N/A,,,,,no,ساعت اندیکاتور پشت دار دقت — 0-1mm,,ساعت اندیکاتور پشت دار دقت — 0-1mm,,HOLD_MISSING_PRODUCT_TYPE,product_type_id_null,brand_missing|manufacturer_code_missing,no,,yes,NO_DIRECT_TITLE_FALLBACK,no,yes,yes,no,no,no
1502,5121-3005,4,Dasqua | داسکوا,داسکوا,5121-3005,,,,,,no,,,,N/A,,,,,no,ساعت اندیکاتور دور فلزی — 0-1mm,,ساعت اندیکاتور دور فلزی — 0-1mm,,HOLD_MISSING_PRODUCT_TYPE,product_type_id_null,brand_missing|manufacturer_code_missing,no,,no,YES,no,yes,yes,no,no,no
1503,5121-4200,4,Dasqua | داسکوا,داسکوا,5121-4200,,,,,,no,,,,N/A,,,,,no,ساعت اندیکاتور ( عقب گرد /بلی ینگ — 0-1mm,,ساعت اندیکاتور ( عقب گرد /بلی ینگ — 0-1mm,,HOLD_MISSING_PRODUCT_TYPE,product_type_id_null,brand_missing|manufacturer_code_missing,no,,no,YES,no,yes,yes,no,no,no
1504,5130-1110,4,Dasqua | داسکوا,داسکوا,5130-1110,,,,,,no,,,,N/A,,,,,no,ساعت اندیکاتور دیجیتال کورس بلند — 0-25/4,,ساعت اندیکاتور دیجیتال کورس بلند — 0-25/4,,HOLD_MISSING_PRODUCT_TYPE,product_type_id_null,brand_missing|manufacturer_code_missing,no,,no,YES,no,yes,yes,no,no,no
1505,5140-1110,4,Dasqua | داسکوا,داسکوا,5140-1110,,,,,,no,,,,N/A,,,,,no,ساعت اندیکاتور دیجیتال کورس بلند 5دکمه ابسلوت — 0-25/4,,ساعت اندیکاتور دیجیتال کورس بلند 5دکمه ابسلوت — 0-25/4,,HOLD_MISSING_PRODUCT_TYPE,product_type_id_null,brand_missing|manufacturer_code_missing,no,,no,YES,no,yes,yes,no,no,no
1506,5140-1120,4,Dasqua | داسکوا,داسکوا,5140-1120,,,,,,no,,,,N/A,,,,,no,ساعت اندیکاتور دیجیتال کورس بلند 5دکمه ابسلوت — 0-101/6,,ساعت اندیکاتور دیجیتال کورس بلند 5دکمه ابسلوت — 0-101/6,,HOLD_MISSING_PRODUCT_TYPE,product_type_id_null,brand_missing|manufacturer_code_missing,no,,no,YES,no,yes,yes,no,no,no
1507,5141-2105,4,Dasqua | داسکوا,داسکوا,5141-2105,,,,,,no,,,,N/A,,,,,no,ساعت اندیکاتور کورس بلند ضد رضبه — 0-30mm,,ساعت اندیکاتور کورس بلند ضد رضبه — 0-30mm,,HOLD_MISSING_PRODUCT_TYPE,product_type_id_null,brand_missing|manufacturer_code_missing,no,,yes,NO_DIRECT_TITLE_FALLBACK,no,yes,yes,no,no,no
1508,5221-0000,4,Dasqua | داسکوا,داسکوا,5221-0000,,,,,,no,,,,N/A,,,,,no,ساعت شیطانیک,,ساعت شیطانیک,,HOLD_MISSING_PRODUCT_TYPE,product_type_id_null,brand_missing|manufacturer_code_missing,no,,no,YES,no,yes,yes,no,no,no
1509,5221-0005,4,Dasqua | داسکوا,داسکوا,5221-0005,,,,,,no,,,,N/A,,,,,no,ساعت شیطانیک — 0-50mm,,ساعت شیطانیک — 0-50mm,,HOLD_MISSING_PRODUCT_TYPE,product_type_id_null,brand_missing|manufacturer_code_missing,no,,yes,NO_DIRECT_TITLE_FALLBACK,yes,yes,yes,yes,yes,yes
1512,5221-1106,4,Dasqua | داسکوا,داسکوا,5221-1106,,,,,,no,,,,N/A,,,,,no,ساعت شیطانیک ضد رضبه ست کامل — 0,,ساعت شیطانیک ضد رضبه ست کامل — 0,,HOLD_MISSING_PRODUCT_TYPE,product_type_id_null,brand_missing|manufacturer_code_missing,no,,no,YES,no,yes,yes,no,no,no
1519,5260-1105,4,Dasqua | داسکوا,داسکوا,5260-1105,,,,,,no,,,,N/A,,,,,no,ساعت اندیکاتور دیجیتال خروج — 0-12/7,,ساعت اندیکاتور دیجیتال خروج — 0-12/7,,HOLD_MISSING_PRODUCT_TYPE,product_type_id_null,brand_missing|manufacturer_code_missing,no,,yes,NO_DIRECT_TITLE_FALLBACK,yes,yes,yes,yes,yes,yes
1520,5260-1110,4,Dasqua | داسکوا,داسکوا,5260-1110,,,,,,no,,,,N/A,,,,,no,ساعت اندیکاتور دیجیتال خروج — 0-25/4,,ساعت اندیکاتور دیجیتال خروج — 0-25/4,,HOLD_MISSING_PRODUCT_TYPE,product_type_id_null,brand_missing|manufacturer_code_missing,no,,yes,NO_DIRECT_TITLE_FALLBACK,no,yes,yes,no,no,no
1521,5260-1115,4,Dasqua | داسکوا,داسکوا,5260-1115,,,,,,no,,,,N/A,,,,,no,ساعت اندیکاتور دیجیتال خروج — 0-5,,ساعت اندیکاتور دیجیتال خروج — 0-5,,HOLD_MISSING_PRODUCT_TYPE,product_type_id_null,brand_missing|manufacturer_code_missing,no,,yes,NO_DIRECT_TITLE_FALLBACK,no,yes,yes,no,no,no
1522,5260-3705,4,Dasqua | داسکوا,داسکوا,5260-3705,,,,,,no,,,,N/A,,,,,no,ساعت اندیکاتور دیجیتال خروج — 0-12/7,,ساعت اندیکاتور دیجیتال خروج — 0-12/7,,HOLD_MISSING_PRODUCT_TYPE,product_type_id_null,brand_missing|manufacturer_code_missing,no,,yes,NO_DIRECT_TITLE_FALLBACK,yes,yes,yes,yes,yes,yes
1523,5260-3710,4,Dasqua | داسکوا,داسکوا,5260-3710,,,,,,no,,,,N/A,,,,,no,ساعت اندیکاتور دیجیتال خروج — 0-25/4,,ساعت اندیکاتور دیجیتال خروج — 0-25/4,,HOLD_MISSING_PRODUCT_TYPE,product_type_id_null,brand_missing|manufacturer_code_missing,no,,yes,NO_DIRECT_TITLE_FALLBACK,no,yes,yes,no,no,no
1524,5260-3715,4,Dasqua | داسکوا,داسکوا,5260-3715,,,,,,no,,,,N/A,,,,,no,ساعت اندیکاتور دیجیتال خروج — 0-5,,ساعت اندیکاتور دیجیتال خروج — 0-5,,HOLD_MISSING_PRODUCT_TYPE,product_type_id_null,brand_missing|manufacturer_code_missing,no,,yes,NO_DIRECT_TITLE_FALLBACK,no,yes,yes,no,no,no
1525,5260-3720,4,Dasqua | داسکوا,داسکوا,5260-3720,,,,,,no,,,,N/A,,,,,no,ساعت اندیکاتور دیجیتال خروج — 0-100mm/0-4,,ساعت اندیکاتور دیجیتال خروج — 0-100mm/0-4,,HOLD_MISSING_PRODUCT_TYPE,product_type_id_null,brand_missing|manufacturer_code_missing,no,,yes,NO_DIRECT_TITLE_FALLBACK,no,yes,yes,no,no,no
1526,5260-4205,4,Dasqua | داسکوا,داسکوا,5260-4205,,,,,,no,,,,N/A,,,,,no,ساعت اندیکاتور دیجیتال خروج — 0-12/7,,ساعت اندیکاتور دیجیتال خروج — 0-12/7,,HOLD_MISSING_PRODUCT_TYPE,product_type_id_null,brand_missing|manufacturer_code_missing,no,,yes,NO_DIRECT_TITLE_FALLBACK,no,yes,yes,no,no,no
1527,5260-4210,4,Dasqua | داسکوا,داسکوا,5260-4210,,,,,,no,,,,N/A,,,,,no,ساعت اندیکاتور دیجیتال خروج — 0-25/4,,ساعت اندیکاتور دیجیتال خروج — 0-25/4,,HOLD_MISSING_PRODUCT_TYPE,product_type_id_null,brand_missing|manufacturer_code_missing,no,,yes,NO_DIRECT_TITLE_FALLBACK,no,yes,yes,no,no,no
1528,5260-4215,4,Dasqua | داسکوا,داسکوا,5260-4215,,,,,,no,,,,N/A,,,,,no,ساعت اندیکاتور دیجیتال خروج — 0-5,,ساعت اندیکاتور دیجیتال خروج — 0-5,,HOLD_MISSING_PRODUCT_TYPE,product_type_id_null,brand_missing|manufacturer_code_missing,no,,yes,NO_DIRECT_TITLE_FALLBACK,no,yes,yes,no,no,no
1529,5261-1205,4,Dasqua | داسکوا,داسکوا,5261-1205,,,,,,no,,,,N/A,,,,,no,ساعت اندیکاتور دیجیتال شارژی — 0-12/7,,ساعت اندیکاتور دیجیتال شارژی — 0-12/7,,HOLD_MISSING_PRODUCT_TYPE,product_type_id_null,brand_missing|manufacturer_code_missing,no,,no,YES,no,yes,yes,no,no,no
1530,5333-6101,4,Dasqua | داسکوا,داسکوا,5333-6101,,,,,,no,,,,N/A,,,,,no,پراپ ساعت غلطیک استیل اسنلس,,پراپ ساعت غلطیک استیل اسنلس,,HOLD_MISSING_PRODUCT_TYPE,product_type_id_null,brand_missing|manufacturer_code_missing,no,,no,YES,no,yes,yes,no,no,no
1531,5333-6303,4,Dasqua | داسکوا,داسکوا,5333-6303,,,,,,no,,,,N/A,,,,,no,پراپ ساعت غلطیک استیل اسنلس,,پراپ ساعت غلطیک استیل اسنلس,,HOLD_MISSING_PRODUCT_TYPE,product_type_id_null,brand_missing|manufacturer_code_missing,no,,no,YES,no,yes,yes,no,no,no
1533,5333-7201,4,Dasqua | داسکوا,داسکوا,5333-7201,,,,,,no,,,,N/A,,,,,no,نوک پراب ساعت اندیکاتور داسکوا کد 5333-7201,,نوک پراب ساعت اندیکاتور داسکوا کد 5333-7201,,HOLD_MISSING_PRODUCT_TYPE,product_type_id_null,,no,,no,YES,no,yes,yes,no,no,no
1534,5333-7203,4,Dasqua | داسکوا,داسکوا,5333-7203,,,,,,no,,,,N/A,,,,,no,نوک پراب ساعت اندیکاتور داسکوا کد 5333-7203,,نوک پراب ساعت اندیکاتور داسکوا کد 5333-7203,,HOLD_MISSING_PRODUCT_TYPE,product_type_id_null,,no,,no,YES,no,yes,yes,no,no,no
1535,5333-7204,4,Dasqua | داسکوا,داسکوا,5333-7204,,,,,,no,,,,N/A,,,,,no,نوک پراب ساعت اندیکاتور داسکوا کد 5333-7204,,نوک پراب ساعت اندیکاتور داسکوا کد 5333-7204,,HOLD_MISSING_PRODUCT_TYPE,product_type_id_null,,no,,no,YES,no,yes,yes,no,no,no
1536,5333-7205,4,Dasqua | داسکوا,داسکوا,5333-7205,,,,,,no,,,,N/A,,,,,no,نوک پراب ساعت اندیکاتور داسکوا کد 5333-7205,,نوک پراب ساعت اندیکاتور داسکوا کد 5333-7205,,HOLD_MISSING_PRODUCT_TYPE,product_type_id_null,,no,,no,YES,no,yes,yes,no,no,no
1537,5333-7602,4,Dasqua | داسکوا,داسکوا,5333-7602,,,,,,no,,,,N/A,,,,,no,نوک پراب ساعت اندیکاتور داسکوا کد 5333-7602,,نوک پراب ساعت اندیکاتور داسکوا کد 5333-7602,,HOLD_MISSING_PRODUCT_TYPE,product_type_id_null,,no,,no,YES,no,yes,yes,no,no,no
1538,5333-7603,4,Dasqua | داسکوا,داسکوا,5333-7603,,,,,,no,,,,N/A,,,,,no,نوک پراب ساعت اندیکاتور داسکوا کد 5333-7603,,نوک پراب ساعت اندیکاتور داسکوا کد 5333-7603,,HOLD_MISSING_PRODUCT_TYPE,product_type_id_null,,no,,no,YES,no,yes,yes,no,no,no
1539,5333-7604,4,Dasqua | داسکوا,داسکوا,5333-7604,,,,,,no,,,,N/A,,,,,no,نوک پراب ساعت اندیکاتور داسکوا کد 5333-7604,,نوک پراب ساعت اندیکاتور داسکوا کد 5333-7604,,HOLD_MISSING_PRODUCT_TYPE,product_type_id_null,,no,,no,YES,no,yes,yes,no,no,no
1540,5333-7707,4,Dasqua | داسکوا,داسکوا,5333-7707,,,,,,no,,,,N/A,,,,,no,نوک پراب ساعت اندیکاتور داسکوا کد 5333-7707,,نوک پراب ساعت اندیکاتور داسکوا کد 5333-7707,,HOLD_MISSING_PRODUCT_TYPE,product_type_id_null,,no,,no,YES,no,yes,yes,no,no,no
1541,5333-7708,4,Dasqua | داسکوا,داسکوا,5333-7708,,,,,,no,,,,N/A,,,,,no,نوک پراب ساعت اندیکاتور داسکوا کد 5333-7708,,نوک پراب ساعت اندیکاتور داسکوا کد 5333-7708,,HOLD_MISSING_PRODUCT_TYPE,product_type_id_null,,no,,no,YES,no,yes,yes,no,no,no
1542,5333-7712,4,Dasqua | داسکوا,داسکوا,5333-7712,,,,,,no,,,,N/A,,,,,no,نوک پراب ساعت اندیکاتور داسکوا کد 5333-7712,,نوک پراب ساعت اندیکاتور داسکوا کد 5333-7712,,HOLD_MISSING_PRODUCT_TYPE,product_type_id_null,,no,,no,YES,no,yes,yes,no,no,no
1543,5333-7713,4,Dasqua | داسکوا,داسکوا,5333-7713,,,,,,no,,,,N/A,,,,,no,نوک پراب ساعت اندیکاتور داسکوا کد 5333-7713,,نوک پراب ساعت اندیکاتور داسکوا کد 5333-7713,,HOLD_MISSING_PRODUCT_TYPE,product_type_id_null,,no,,no,YES,no,yes,yes,no,no,no
1545,5333-7901,4,Dasqua | داسکوا,داسکوا,5333-7901,,,,,,no,,,,N/A,,,,,no,پراپ ساعت غلطیک استیل اسنلس,,پراپ ساعت غلطیک استیل اسنلس,,HOLD_MISSING_PRODUCT_TYPE,product_type_id_null,brand_missing|manufacturer_code_missing,no,,no,YES,no,yes,yes,no,no,no
1546,5333-8001,4,Dasqua | داسکوا,داسکوا,5333-8001,,,,,,no,,,,N/A,,,,,no,نوک پراب ساعت اندیکاتور داسکوا کد 5333-8001,,نوک پراب ساعت اندیکاتور داسکوا کد 5333-8001,,HOLD_MISSING_PRODUCT_TYPE,product_type_id_null,,no,,no,YES,no,yes,yes,no,no,no
1547,5333-8002,4,Dasqua | داسکوا,داسکوا,5333-8002,,,,,,no,,,,N/A,,,,,no,نوک پراب ساعت اندیکاتور داسکوا کد 5333-8002,,نوک پراب ساعت اندیکاتور داسکوا کد 5333-8002,,HOLD_MISSING_PRODUCT_TYPE,product_type_id_null,,no,,no,YES,no,yes,yes,no,no,no
1548,5333-8003,4,Dasqua | داسکوا,داسکوا,5333-8003,,,,,,no,,,,N/A,,,,,no,نوک پراب ساعت اندیکاتور داسکوا کد 5333-8003,,نوک پراب ساعت اندیکاتور داسکوا کد 5333-8003,,HOLD_MISSING_PRODUCT_TYPE,product_type_id_null,,no,,no,YES,no,yes,yes,no,no,no
1549,5333-8004,4,Dasqua | داسکوا,داسکوا,5333-8004,,,,,,no,,,,N/A,,,,,no,نوک پراب ساعت اندیکاتور داسکوا کد 5333-8004,,نوک پراب ساعت اندیکاتور داسکوا کد 5333-8004,,HOLD_MISSING_PRODUCT_TYPE,product_type_id_null,,no,,no,YES,no,yes,yes,no,no,no
1550,5333-8005,4,Dasqua | داسکوا,داسکوا,5333-8005,,,,,,no,,,,N/A,,,,,no,نوک پراب ساعت اندیکاتور داسکوا کد 5333-8005,,نوک پراب ساعت اندیکاتور داسکوا کد 5333-8005,,HOLD_MISSING_PRODUCT_TYPE,product_type_id_null,,no,,no,YES,no,yes,yes,no,no,no
1551,5333-8006,4,Dasqua | داسکوا,داسکوا,5333-8006,,,,,,no,,,,N/A,,,,,no,نوک پراب ساعت اندیکاتور داسکوا کد 5333-8006,,نوک پراب ساعت اندیکاتور داسکوا کد 5333-8006,,HOLD_MISSING_PRODUCT_TYPE,product_type_id_null,,no,,no,YES,no,yes,yes,no,no,no
1552,5333-8007,4,Dasqua | داسکوا,داسکوا,5333-8007,,,,,,no,,,,N/A,,,,,no,نوک پراب ساعت اندیکاتور داسکوا کد 5333-8007,,نوک پراب ساعت اندیکاتور داسکوا کد 5333-8007,,HOLD_MISSING_PRODUCT_TYPE,product_type_id_null,,no,,no,YES,no,yes,yes,no,no,no
1553,5333-8008,4,Dasqua | داسکوا,داسکوا,5333-8008,,,,,,no,,,,N/A,,,,,no,نوک پراب ساعت اندیکاتور داسکوا کد 5333-8008,,نوک پراب ساعت اندیکاتور داسکوا کد 5333-8008,,HOLD_MISSING_PRODUCT_TYPE,product_type_id_null,,no,,no,YES,no,yes,yes,no,no,no
1554,5333-8009,4,Dasqua | داسکوا,داسکوا,5333-8009,,,,,,no,,,,N/A,,,,,no,نوک پراب ساعت اندیکاتور داسکوا کد 5333-8009,,نوک پراب ساعت اندیکاتور داسکوا کد 5333-8009,,HOLD_MISSING_PRODUCT_TYPE,product_type_id_null,,no,,no,YES,no,yes,yes,no,no,no
1555,5340-8110,4,Dasqua | داسکوا,داسکوا,5340-8110,,,,,,no,,,,N/A,,,,,no,ساعت اندیکاتور دیجیتال کورس بلند — 0-25/4,,ساعت اندیکاتور دیجیتال کورس بلند — 0-25/4,,HOLD_MISSING_PRODUCT_TYPE,product_type_id_null,brand_missing|manufacturer_code_missing,no,,yes,NO_DIRECT_TITLE_FALLBACK,no,yes,yes,no,no,no
1556,5340-8115,4,Dasqua | داسکوا,داسکوا,5340-8115,,,,,,no,,,,N/A,,,,,no,ساعت اندیکاتور دیجیتال کورس بلند — 0-5,,ساعت اندیکاتور دیجیتال کورس بلند — 0-5,,HOLD_MISSING_PRODUCT_TYPE,product_type_id_null,brand_missing|manufacturer_code_missing,no,,yes,NO_DIRECT_TITLE_FALLBACK,no,yes,yes,no,no,no
1557,5351-2110,4,Dasqua | داسکوا,داسکوا,5351-2110,,,,,,no,,,,N/A,,,,,no,ساعت اندازه گی — 0,,ساعت اندازه گی — 0,,HOLD_MISSING_PRODUCT_TYPE,product_type_id_null,brand_missing|manufacturer_code_missing,no,,yes,NO_DIRECT_TITLE_FALLBACK,no,yes,yes,no,no,no
1575,5581-0005,4,Dasqua | داسکوا,داسکوا,5581-0005,,,,,,no,,,,N/A,,,,,no,گیج داخل سیلندر ساعت — 0-800mm,,گیج داخل سیلندر ساعت — 0-800mm,,HOLD_MISSING_PRODUCT_TYPE,product_type_id_null,brand_missing|manufacturer_code_missing,no,,no,YES,no,yes,yes,no,no,no
1577,5610-8110,4,Dasqua | داسکوا,داسکوا,5610-8110,,,,,,no,,,,N/A,,,,,no,گیج داخل سیلندر با پراپ هاي — 0-18mm,,گیج داخل سیلندر با پراپ های — 0-18mm,,HOLD_MISSING_PRODUCT_TYPE,product_type_id_null,brand_missing|manufacturer_code_missing|persian_normalization_needed,no,,yes,NO_DIRECT_TITLE_FALLBACK,no,yes,yes,no,no,no
1580,5610-8125,4,Dasqua | داسکوا,داسکوا,5610-8125,,,,,,no,,,,N/A,,,,,no,گیج داخل سیلندر با پراپ هاي — 0-160mm/2-6/3,,گیج داخل سیلندر با پراپ های — 0-160mm/2-6/3,,HOLD_MISSING_PRODUCT_TYPE,product_type_id_null,brand_missing|manufacturer_code_missing|persian_normalization_needed,no,,yes,NO_DIRECT_TITLE_FALLBACK,no,yes,yes,no,no,no
1581,5610-8130,4,Dasqua | داسکوا,داسکوا,5610-8130,,,,,,no,,,,N/A,,,,,no,گیج داخل سیلندر با پراپ هاي — 0-250mm/6-10,,گیج داخل سیلندر با پراپ های — 0-250mm/6-10,,HOLD_MISSING_PRODUCT_TYPE,product_type_id_null,brand_missing|manufacturer_code_missing|persian_normalization_needed,no,,yes,NO_DIRECT_TITLE_FALLBACK,no,yes,yes,no,no,no
1582,5610-8135,4,Dasqua | داسکوا,داسکوا,5610-8135,,,,,,no,,,,N/A,,,,,no,گیج داخل سیلندر با پراپ هاي — 0-450mm/10-16,,گیج داخل سیلندر با پراپ های — 0-450mm/10-16,,HOLD_MISSING_PRODUCT_TYPE,product_type_id_null,brand_missing|manufacturer_code_missing|persian_normalization_needed,no,,yes,NO_DIRECT_TITLE_FALLBACK,no,yes,yes,no,no,no
1585,5751-0010,4,Dasqua | داسکوا,داسکوا,5751-0010,,,,,,no,,,,N/A,,,,,no,ساعت میل لنگ — 0-500mm,,ساعت میل لنگ — 0-500mm,,HOLD_MISSING_PRODUCT_TYPE,product_type_id_null,brand_missing|manufacturer_code_missing,no,,yes,NO_DIRECT_TITLE_FALLBACK,no,yes,yes,no,no,no
1592,5810-3105,4,Dasqua | داسکوا,داسکوا,5810-3105,,,,,,no,,,,N/A,,,,,no,خط کش دیجیتال ضد آب و روغن — 0-150mm/0-6,,خط کش دیجیتال ضد آب و روغن — 0-150mm/0-6,,HOLD_MISSING_PRODUCT_TYPE,product_type_id_null,brand_missing|manufacturer_code_missing,no,,yes,NO_DIRECT_TITLE_FALLBACK,no,yes,yes,no,no,no
1593,5810-3110,4,Dasqua | داسکوا,داسکوا,5810-3110,,,,,,no,,,,N/A,,,,,no,خط کش دیجیتال ضد آب و روغن — 0-200mm/0-8,,خط کش دیجیتال ضد آب و روغن — 0-200mm/0-8,,HOLD_MISSING_PRODUCT_TYPE,product_type_id_null,brand_missing|manufacturer_code_missing,no,,yes,NO_DIRECT_TITLE_FALLBACK,no,yes,yes,no,no,no
1594,5810-3115,4,Dasqua | داسکوا,داسکوا,5810-3115,,,,,,no,,,,N/A,,,,,no,خط کش دیجیتال ضد آب و روغن — 0-300mm/0-12,,خط کش دیجیتال ضد آب و روغن — 0-300mm/0-12,,HOLD_MISSING_PRODUCT_TYPE,product_type_id_null,brand_missing|manufacturer_code_missing,no,,yes,NO_DIRECT_TITLE_FALLBACK,no,yes,yes,no,no,no
1595,5810-3120,4,Dasqua | داسکوا,داسکوا,5810-3120,,,,,,no,,,,N/A,,,,,no,خط کش دیجیتال ضد آب و روغن — 0-600mm/0-24,,خط کش دیجیتال ضد آب و روغن — 0-600mm/0-24,,HOLD_MISSING_PRODUCT_TYPE,product_type_id_null,brand_missing|manufacturer_code_missing,no,,yes,NO_DIRECT_TITLE_FALLBACK,no,yes,yes,no,no,no
1596,5810-3125,4,Dasqua | داسکوا,داسکوا,5810-3125,,,,,,no,,,,N/A,,,,,no,خط کش دیجیتال ضد آب و روغن — 0-1000mm/0-40,,خط کش دیجیتال ضد آب و روغن — 0-1000mm/0-40,,HOLD_MISSING_PRODUCT_TYPE,product_type_id_null,brand_missing|manufacturer_code_missing,no,,yes,NO_DIRECT_TITLE_FALLBACK,no,yes,yes,no,no,no
1597,5811-0005,4,Dasqua | داسکوا,داسکوا,5811-0005,,,,,,no,,,,N/A,,,,,no,پرگار داخل سنج دیجیتال دسته دار بلند — 0-50mm,,پرگار داخل سنج دیجیتال دسته دار بلند — 0-50mm,,HOLD_MISSING_PRODUCT_TYPE,product_type_id_null,brand_missing|manufacturer_code_missing,no,,yes,NO_DIRECT_TITLE_FALLBACK,no,yes,yes,no,no,no
1598,5811-0010,4,Dasqua | داسکوا,داسکوا,5811-0010,,,,,,no,,,,N/A,,,,,no,پرگار داخل سنج دیجیتال دسته دار بلند — 0-100mm,,پرگار داخل سنج دیجیتال دسته دار بلند — 0-100mm,,HOLD_MISSING_PRODUCT_TYPE,product_type_id_null,brand_missing|manufacturer_code_missing,no,,yes,NO_DIRECT_TITLE_FALLBACK,no,yes,yes,no,no,no
1599,5811-0015,4,Dasqua | داسکوا,داسکوا,5811-0015,,,,,,no,,,,N/A,,,,,no,پرگار داخل سنج دیجیتال دسته دار بلند — 0-150mm,,پرگار داخل سنج دیجیتال دسته دار بلند — 0-150mm,,HOLD_MISSING_PRODUCT_TYPE,product_type_id_null,brand_missing|manufacturer_code_missing,no,,yes,NO_DIRECT_TITLE_FALLBACK,no,yes,yes,no,no,no
1600,5811-0020,4,Dasqua | داسکوا,داسکوا,5811-0020,,,,,,no,,,,N/A,,,,,no,پرگار داخل سنج دیجیتال دسته دار بلند — 0-200mm,,پرگار داخل سنج دیجیتال دسته دار بلند — 0-200mm,,HOLD_MISSING_PRODUCT_TYPE,product_type_id_null,brand_missing|manufacturer_code_missing,no,,yes,NO_DIRECT_TITLE_FALLBACK,no,yes,yes,no,no,no
1601,5820-0005,4,Dasqua | داسکوا,داسکوا,5820-0005,,,,,,no,,,,N/A,,,,,no,ساعت اندیکاتور دیجیتال IP65 — 0-12/7,,ساعت اندیکاتور دیجیتال IP65 — 0-12/7,,HOLD_MISSING_PRODUCT_TYPE,product_type_id_null,brand_missing|manufacturer_code_missing,no,,yes,NO_DIRECT_TITLE_FALLBACK,no,yes,yes,no,no,no
1602,5820-0010,4,Dasqua | داسکوا,داسکوا,5820-0010,,,,,,no,,,,N/A,,,,,no,ساعت اندیکاتور دیجیتال IP65 — 0-25/4,,ساعت اندیکاتور دیجیتال IP65 — 0-25/4,,HOLD_MISSING_PRODUCT_TYPE,product_type_id_null,brand_missing|manufacturer_code_missing,no,,yes,NO_DIRECT_TITLE_FALLBACK,no,yes,yes,no,no,no
1603,5820-0015,4,Dasqua | داسکوا,داسکوا,5820-0015,,,,,,no,,,,N/A,,,,,no,ساعت اندیکاتور دیجیتال IP65 — 0-5,,ساعت اندیکاتور دیجیتال IP65 — 0-5,,HOLD_MISSING_PRODUCT_TYPE,product_type_id_null,brand_missing|manufacturer_code_missing,no,,yes,NO_DIRECT_TITLE_FALLBACK,no,yes,yes,no,no,no
1604,5820-0020,4,Dasqua | داسکوا,داسکوا,5820-0020,,,,,,no,,,,N/A,,,,,no,ساعت اندیکاتور دیجیتال IP65 — 0-100mm/0-4,,ساعت اندیکاتور دیجیتال IP65 — 0-100mm/0-4,,HOLD_MISSING_PRODUCT_TYPE,product_type_id_null,brand_missing|manufacturer_code_missing,no,,yes,NO_DIRECT_TITLE_FALLBACK,no,yes,yes,no,no,no
1605,5831-0005,4,Dasqua | داسکوا,داسکوا,5831-0005,,,,,,no,,,,N/A,,,,,no,شعاع سنج دیجیتال — 0-50mm,,شعاع سنج دیجیتال — 0-50mm,,HOLD_MISSING_PRODUCT_TYPE,product_type_id_null,brand_missing|manufacturer_code_missing,no,,yes,NO_DIRECT_TITLE_FALLBACK,no,yes,yes,no,no,no
1606,5840-6200,4,Dasqua | داسکوا,داسکوا,5840-6200,,,,,,no,,,,N/A,,,,,no,ضخامت سنج پراپ رسامییک دیجیتال — 0-10mm,,ضخامت سنج پراپ رسامییک دیجیتال — 0-10mm,,HOLD_MISSING_PRODUCT_TYPE,product_type_id_null,brand_missing|manufacturer_code_missing,no,,yes,NO_DIRECT_TITLE_FALLBACK,no,yes,yes,no,no,no
1607,5840-6205,4,Dasqua | داسکوا,داسکوا,5840-6205,,,,,,no,,,,N/A,,,,,no,ضخامت سنج پراپ رسامییک دیجیتال — 0-10mm,,ضخامت سنج پراپ رسامییک دیجیتال — 0-10mm,,HOLD_MISSING_PRODUCT_TYPE,product_type_id_null,brand_missing|manufacturer_code_missing,no,,yes,NO_DIRECT_TITLE_FALLBACK,no,yes,yes,no,no,no
1608,5840-6240,4,Dasqua | داسکوا,داسکوا,5840-6240,,,,,,no,,,,N/A,,,,,no,ضخامت سنج پراپ رسامییک دیجیتال — 0-10mm,,ضخامت سنج پراپ رسامییک دیجیتال — 0-10mm,,HOLD_MISSING_PRODUCT_TYPE,product_type_id_null,brand_missing|manufacturer_code_missing,no,,no,YES,no,yes,yes,no,no,no
1609,5841-1105,4,Dasqua | داسکوا,داسکوا,5841-1105,,,,,,no,,,,N/A,,,,,no,ضخامت سنج پراپ رسامییک با ي — 0-10mm,,ضخامت سنج پراپ رسامییک با ی — 0-10mm,,HOLD_MISSING_PRODUCT_TYPE,product_type_id_null,brand_missing|manufacturer_code_missing|persian_normalization_needed,no,,no,YES,no,yes,yes,no,no,no
1610,5841-1110,4,Dasqua | داسکوا,داسکوا,5841-1110,,,,,,no,,,,N/A,,,,,no,ضخامت سنج پراپ رسامییک با ي — 0-20mm,,ضخامت سنج پراپ رسامییک با ی — 0-20mm,,HOLD_MISSING_PRODUCT_TYPE,product_type_id_null,brand_missing|manufacturer_code_missing|persian_normalization_needed,no,,no,YES,no,yes,yes,no,no,no
1611,5841-8106,4,Dasqua | داسکوا,داسکوا,5841-8106,,,,,,no,,,,N/A,,,,,no,ضخامت سنج ساعت 2 — 0-30mm,,ضخامت سنج ساعت 2 — 0-30mm,,HOLD_MISSING_PRODUCT_TYPE,product_type_id_null,brand_missing|manufacturer_code_missing,no,,yes,NO_DIRECT_TITLE_FALLBACK,no,yes,yes,no,no,no
1612,5841-9105,4,Dasqua | داسکوا,داسکوا,5841-9105,,,,,,no,,,,N/A,,,,,no,ساعت لوله ضخامت سنج — 0-10mm,,ساعت لوله ضخامت سنج — 0-10mm,,HOLD_MISSING_PRODUCT_TYPE,product_type_id_null,brand_missing|manufacturer_code_missing,no,,no,YES,no,yes,yes,no,no,no
1613,5911-0001,4,Dasqua | داسکوا,داسکوا,5911-0001,,,,,,no,,,,N/A,,,,,no,گیج داخل تلسکون — 0-10mm,,گیج داخل تلسکون — 0-10mm,,HOLD_MISSING_PRODUCT_TYPE,product_type_id_null,brand_missing|manufacturer_code_missing,no,,no,YES,no,yes,yes,no,no,no
1615,5921-0005,4,Dasqua | داسکوا,داسکوا,5921-0005,,,,,,no,,,,N/A,,,,,no,گیج داخل ساعت — 0-13mm,,گیج داخل ساعت — 0-13mm,,HOLD_MISSING_PRODUCT_TYPE,product_type_id_null,brand_missing|manufacturer_code_missing,no,,no,YES,no,yes,yes,no,no,no
1616,6110-1112,4,Dasqua | داسکوا,داسکوا,6110-1112,,,,,,no,,,,N/A,,,,,no,جعبه راپورتر (گیج بلوک) — 0-1112mm,,جعبه راپورتر (گیج بلوک) — 0-1112mm,,HOLD_MISSING_PRODUCT_TYPE,product_type_id_null,brand_missing|manufacturer_code_missing,no,,yes,NO_DIRECT_TITLE_FALLBACK,no,yes,yes,no,no,no
1617,6110-1232,4,Dasqua | داسکوا,داسکوا,6110-1232,,,,,,no,,,,N/A,,,,,no,جعبه راپورتر (گیج بلوک) — 0-1232mm,,جعبه راپورتر (گیج بلوک) — 0-1232mm,,HOLD_MISSING_PRODUCT_TYPE,product_type_id_null,brand_missing|manufacturer_code_missing,no,,yes,NO_DIRECT_TITLE_FALLBACK,no,yes,yes,no,no,no
1618,6110-1247,4,Dasqua | داسکوا,داسکوا,6110-1247,,,,,,no,,,,N/A,,,,,no,جعبه راپورتر (گیج بلوک) — 0-1247mm,,جعبه راپورتر (گیج بلوک) — 0-1247mm,,HOLD_MISSING_PRODUCT_TYPE,product_type_id_null,brand_missing|manufacturer_code_missing,no,,no,YES,no,yes,yes,no,no,no
1619,6110-1287,4,Dasqua | داسکوا,داسکوا,6110-1287,,,,,,no,,,,N/A,,,,,no,جعبه راپورتر (گیج بلوک) — 0-1287mm,,جعبه راپورتر (گیج بلوک) — 0-1287mm,,HOLD_MISSING_PRODUCT_TYPE,product_type_id_null,brand_missing|manufacturer_code_missing,no,,yes,NO_DIRECT_TITLE_FALLBACK,no,yes,yes,no,no,no
1620,6111-1112,4,Dasqua | داسکوا,داسکوا,6111-1112,,,,,,no,,,,N/A,,,,,no,جعبه راپورتر (گیج بلوک) — 0-1112mm,,جعبه راپورتر (گیج بلوک) — 0-1112mm,,HOLD_MISSING_PRODUCT_TYPE,product_type_id_null,brand_missing|manufacturer_code_missing,no,,yes,NO_DIRECT_TITLE_FALLBACK,no,yes,yes,no,no,no
1621,6111-1232,4,Dasqua | داسکوا,داسکوا,6111-1232,,,,,,no,,,,N/A,,,,,no,جعبه راپورتر (گیج بلوک) — 0-1232mm,,جعبه راپورتر (گیج بلوک) — 0-1232mm,,HOLD_MISSING_PRODUCT_TYPE,product_type_id_null,brand_missing|manufacturer_code_missing,no,,yes,NO_DIRECT_TITLE_FALLBACK,no,yes,yes,no,no,no
1622,6111-1247,4,Dasqua | داسکوا,داسکوا,6111-1247,,,,,,no,,,,N/A,,,,,no,جعبه راپورتر (گیج بلوک) — 0-1247mm,,جعبه راپورتر (گیج بلوک) — 0-1247mm,,HOLD_MISSING_PRODUCT_TYPE,product_type_id_null,brand_missing|manufacturer_code_missing,no,,yes,NO_DIRECT_TITLE_FALLBACK,yes,yes,yes,yes,yes,yes
1623,6111-1287,4,Dasqua | داسکوا,داسکوا,6111-1287,,,,,,no,,,,N/A,,,,,no,جعبه راپورتر (گیج بلوک) — 0-1287mm,,جعبه راپورتر (گیج بلوک) — 0-1287mm,,HOLD_MISSING_PRODUCT_TYPE,product_type_id_null,brand_missing|manufacturer_code_missing,no,,no,YES,no,yes,yes,no,no,no
1624,6112-1112,4,Dasqua | داسکوا,داسکوا,6112-1112,,,,,,no,,,,N/A,,,,,no,جعبه راپورتر (گیج بلوک) — 0-1112mm,,جعبه راپورتر (گیج بلوک) — 0-1112mm,,HOLD_MISSING_PRODUCT_TYPE,product_type_id_null,brand_missing|manufacturer_code_missing,no,,yes,NO_DIRECT_TITLE_FALLBACK,no,yes,yes,no,no,no
1625,6112-1232,4,Dasqua | داسکوا,داسکوا,6112-1232,,,,,,no,,,,N/A,,,,,no,جعبه راپورتر (گیج بلوک) — 0-1232mm,,جعبه راپورتر (گیج بلوک) — 0-1232mm,,HOLD_MISSING_PRODUCT_TYPE,product_type_id_null,brand_missing|manufacturer_code_missing,no,,no,YES,no,yes,yes,no,no,no
1626,6112-1247,4,Dasqua | داسکوا,داسکوا,6112-1247,,,,,,no,,,,N/A,,,,,no,جعبه راپورتر (گیج بلوک) — 0-1247mm,,جعبه راپورتر (گیج بلوک) — 0-1247mm,,HOLD_MISSING_PRODUCT_TYPE,product_type_id_null,brand_missing|manufacturer_code_missing,no,,no,YES,no,yes,yes,no,no,no
1627,6112-1287,4,Dasqua | داسکوا,داسکوا,6112-1287,,,,,,no,,,,N/A,,,,,no,جعبه راپورتر (گیج بلوک) — 0-1287mm,,جعبه راپورتر (گیج بلوک) — 0-1287mm,,HOLD_MISSING_PRODUCT_TYPE,product_type_id_null,brand_missing|manufacturer_code_missing,no,,yes,NO_DIRECT_TITLE_FALLBACK,no,yes,yes,no,no,no
1628,6211-4205,4,Dasqua | داسکوا,داسکوا,6211-4205,,,,,,no,,,,N/A,,,,,no,مجموعه رپیر گیج 91عددی,,مجموعه رپیر گیج 91عددی,,HOLD_MISSING_PRODUCT_TYPE,product_type_id_null,brand_missing|manufacturer_code_missing,no,,yes,NO_DIRECT_TITLE_FALLBACK,no,yes,yes,no,no,no
1629,6211-4210,4,Dasqua | داسکوا,داسکوا,6211-4210,,,,,,no,,,,N/A,,,,,no,پی گیج 51عددی 20,,پی گیج 51عددی 20,,HOLD_MISSING_PRODUCT_TYPE,product_type_id_null,brand_missing|manufacturer_code_missing,no,,no,YES,no,yes,yes,no,no,no
1630,6211-4300,4,Dasqua | داسکوا,داسکوا,6211-4300,,,,,,no,,,,N/A,,,,,no,مجموعه رپیر گیج 91عددی,,مجموعه رپیر گیج 91عددی,,HOLD_MISSING_PRODUCT_TYPE,product_type_id_null,brand_missing|manufacturer_code_missing,no,,no,YES,no,yes,yes,no,no,no
1677,6710-0005,4,Dasqua | داسکوا,داسکوا,6710-0005,,,,,,no,,,,N/A,,,,,no,زبری سنج دیجیتال پرتابل — 0-50mm,,زبری سنج دیجیتال پرتابل — 0-50mm,,HOLD_MISSING_PRODUCT_TYPE,product_type_id_null,brand_missing|manufacturer_code_missing,no,,no,YES,no,yes,yes,no,no,no
1680,7121-0025,4,Dasqua | داسکوا,داسکوا,7121-0025,,,,,,no,,,,N/A,,,,,no,پایه ساعت مفصیل قوی ( جایگزین پایه هیدرولیک) — 0-25mm,,پایه ساعت مفصیل قوی ( جایگزین پایه هیدرولیک) — 0-25mm,,HOLD_MISSING_PRODUCT_TYPE,product_type_id_null,brand_missing|manufacturer_code_missing,no,,no,YES,yes,yes,yes,yes,yes,yes
1681,7121-0030,4,Dasqua | داسکوا,داسکوا,7121-0030,,,,,,no,,,,N/A,,,,,no,پایه ساعت مفصیل قوی ( جایگزین پایه هیدرولیک) — 0-30mm,,پایه ساعت مفصیل قوی ( جایگزین پایه هیدرولیک) — 0-30mm,,HOLD_MISSING_PRODUCT_TYPE,product_type_id_null,brand_missing|manufacturer_code_missing,no,,no,YES,no,yes,yes,no,no,no
1682,7121-0035,4,Dasqua | داسکوا,داسکوا,7121-0035,,,,,,no,,,,N/A,,,,,no,پایه ساعت مفصیل قوی ( جایگزین پایه هیدرولیک) — 0-35mm,,پایه ساعت مفصیل قوی ( جایگزین پایه هیدرولیک) — 0-35mm,,HOLD_MISSING_PRODUCT_TYPE,product_type_id_null,brand_missing|manufacturer_code_missing,no,,no,YES,no,yes,yes,no,no,no
1683,7121-0045,4,Dasqua | داسکوا,داسکوا,7121-0045,,,,,,no,,,,N/A,,,,,no,پایه ساعت مفصیل قوی ( جایگزین پایه هیدرولیک) — 0-45mm,,پایه ساعت مفصیل قوی ( جایگزین پایه هیدرولیک) — 0-45mm,,HOLD_MISSING_PRODUCT_TYPE,product_type_id_null,brand_missing|manufacturer_code_missing,no,,no,YES,no,yes,yes,no,no,no
1687,7123-0005,4,Dasqua | داسکوا,داسکوا,7123-0005,,,,,,no,,,,N/A,,,,,no,پایه سوزن خط کش مگنت — 0-50mm,,پایه سوزن خط کش مگنت — 0-50mm,,HOLD_MISSING_PRODUCT_TYPE,product_type_id_null,brand_missing|manufacturer_code_missing,no,,no,YES,no,yes,yes,no,no,no
1690,7312-0010,4,Dasqua | داسکوا,داسکوا,7312-0010,,,,,,no,,,,N/A,,,,,no,پایه ساعت مفصیل با بازوی سه بعدی — 0-100mm,,پایه ساعت مفصیل با بازوی سه بعدی — 0-100mm,,HOLD_MISSING_PRODUCT_TYPE,product_type_id_null,brand_missing|manufacturer_code_missing,no,,no,YES,no,yes,yes,no,no,no
1691,7312-0015,4,Dasqua | داسکوا,داسکوا,7312-0015,,,,,,no,,,,N/A,,,,,no,پایه ساعت مفصیل با بازوی سه بعدی — 0-150mm,,پایه ساعت مفصیل با بازوی سه بعدی — 0-150mm,,HOLD_MISSING_PRODUCT_TYPE,product_type_id_null,brand_missing|manufacturer_code_missing,no,,no,YES,no,yes,yes,no,no,no
1698,7912-0004,4,Dasqua | داسکوا,داسکوا,7912-0004,,,,,,no,,,,N/A,,,,,no,پایه ساعت گر ی — 0-40mm,,پایه ساعت گر ی — 0-40mm,,HOLD_MISSING_PRODUCT_TYPE,product_type_id_null,brand_missing|manufacturer_code_missing,no,,no,YES,no,yes,yes,no,no,no
1705,8300-0095,4,Dasqua | داسکوا,داسکوا,8300-0095,,,,,,no,,,,N/A,,,,,no,ست 4عددي زاويه كوليس ديجيتال -پالستيیکي ،عمق سنج ديجيتال،تراز ديجيتال — 0-95mm,,ست 4عددی زاویه کولیس دیجیتال -پالستییکی ،عمق سنج دیجیتال،تراز دیجیتال — 0-95mm,,HOLD_MISSING_PRODUCT_TYPE,product_type_id_null,brand_missing|manufacturer_code_missing|persian_normalization_needed,no,,no,YES,no,yes,yes,no,no,no
1720,8301-2655,4,Dasqua | داسکوا,داسکوا,8301-2655,,,,,,no,,,,N/A,,,,,no,تراز تخت دیجیتال مگنت دار با — 0,,تراز تخت دیجیتال مگنت دار با — 0,,HOLD_MISSING_PRODUCT_TYPE,product_type_id_null,brand_missing|manufacturer_code_missing,no,,no,YES,no,yes,yes,no,no,no
1721,8400-0000,4,Dasqua | داسکوا,داسکوا,8400-0000,,,,,,no,,,,N/A,,,,,no,تراز دیجیتال مگنت دار ابسلوت ضد,,تراز دیجیتال مگنت دار ابسلوت ضد,,HOLD_MISSING_PRODUCT_TYPE,product_type_id_null,brand_missing|manufacturer_code_missing,no,,no,YES,no,yes,yes,no,no,no
1734,8511-0005,4,Dasqua | داسکوا,داسکوا,8511-0005,,,,,,no,,,,N/A,,,,,no,شابلون شعاع سنج — 0-50mm,,شابلون شعاع سنج — 0-50mm,,HOLD_MISSING_PRODUCT_TYPE,product_type_id_null,brand_missing|manufacturer_code_missing,no,,no,YES,no,yes,yes,no,no,no
1738,8511-2005,4,Dasqua | داسکوا,داسکوا,8511-2005,,,,,,no,,,,N/A,,,,,no,گیج تست رزوه,,گیج تست رزوه,,HOLD_MISSING_PRODUCT_TYPE,product_type_id_null,brand_missing|manufacturer_code_missing,no,,no,YES,no,yes,yes,no,no,no
1739,8511-2010,4,Dasqua | داسکوا,داسکوا,8511-2010,,,,,,no,,,,N/A,,,,,no,گیج تست رزوه,,گیج تست رزوه,,HOLD_MISSING_PRODUCT_TYPE,product_type_id_null,brand_missing|manufacturer_code_missing,no,,no,YES,no,yes,yes,no,no,no
1740,8521-0005,4,Dasqua | داسکوا,داسکوا,8521-0005,,,,,,no,,,,N/A,,,,,no,شابلون گپ سنج — 0-50mm,,شابلون گپ سنج — 0-50mm,,HOLD_MISSING_PRODUCT_TYPE,product_type_id_null,brand_missing|manufacturer_code_missing,no,,no,YES,no,yes,yes,no,no,no
1741,8521-0010,4,Dasqua | داسکوا,داسکوا,8521-0010,,,,,,no,,,,N/A,,,,,no,شابلون گپ سنج — 0-100mm,,شابلون گپ سنج — 0-100mm,,HOLD_MISSING_PRODUCT_TYPE,product_type_id_null,brand_missing|manufacturer_code_missing,no,,no,YES,no,yes,yes,no,no,no
1742,8521-0015,4,Dasqua | داسکوا,داسکوا,8521-0015,,,,,,no,,,,N/A,,,,,no,شابلون گپ سنج — 0-45mm,,شابلون گپ سنج — 0-45mm,,HOLD_MISSING_PRODUCT_TYPE,product_type_id_null,brand_missing|manufacturer_code_missing,no,,no,YES,no,yes,yes,no,no,no
1743,8521-0020,4,Dasqua | داسکوا,داسکوا,8521-0020,,,,,,no,,,,N/A,,,,,no,شابلون گپ سنج — 0-200mm,,شابلون گپ سنج — 0-200mm,,HOLD_MISSING_PRODUCT_TYPE,product_type_id_null,brand_missing|manufacturer_code_missing,no,,no,YES,no,yes,yes,no,no,no
1770,9411-1205,4,Dasqua | داسکوا,داسکوا,9411-1205,,,,,,no,,,,N/A,,,,,no,گیج راپورتر زاویه 10پارچه — 0-1205mm,,گیج راپورتر زاویه 10پارچه — 0-1205mm,,HOLD_MISSING_PRODUCT_TYPE,product_type_id_null,brand_missing|manufacturer_code_missing,no,,yes,NO_DIRECT_TITLE_FALLBACK,no,yes,yes,no,no,no
1771,0110-1125,3,INSIZE | اینسایز,اینسایز,0110-1125,63,ANEMOMETER,بادسنج,بادسنج,APPROVED,yes,VARIANT_NOT_REQUIRED_APPROVED,OEM manufacturer_code identifies anemometer model; OEM manufacturer_code uniquely identifies commercial model; no single governed specification required for title identity,VARIANT_NOT_REQUIRED_APPROVED,PASS,,,,,no,بادسنج اینسایز مدل 0110-1125,بادسنج اینسایز کد 0110-1125,بادسنج اینسایز مدل 0110-1125,بادسنج اینسایز کد 0110-1125,HOLD_OEM_SEMANTIC_EVIDENCE_MISSING,oem_heading_not_in_canonical_identity_policy,model_to_code_candidate|uses_model_label,no,,yes,NO_DIRECT_TITLE_FALLBACK,yes,yes,yes,yes,yes,yes
1772,1103-150,3,INSIZE | اینسایز,اینسایز,1103-150,1,GEN_CALIPER,کولیس عمومی,,HOLD,no,VARIANT_REQUIRED,metrology_caliper_buyer_range,,N/A,,,,,no,کولیس دیجیتال 15سانت اینسایز مدل 1103-150,,کولیس دیجیتال 15سانت اینسایز مدل 1103-150,,HOLD_PRODUCT_TYPE_NAMING_POLICY,generic_product_type_label,uses_model_label|wrong_product_type,no,,yes,NO_DIRECT_TITLE_FALLBACK,yes,yes,yes,yes,yes,yes
1773,1103-200,3,INSIZE | اینسایز,اینسایز,1103-200,1,GEN_CALIPER,کولیس عمومی,,HOLD,no,VARIANT_REQUIRED,metrology_caliper_buyer_range,,N/A,,,,,no,کولیس دیجیتال 20سانت اینسایز مدل 1103-200,,کولیس دیجیتال 20سانت اینسایز مدل 1103-200,,HOLD_PRODUCT_TYPE_NAMING_POLICY,generic_product_type_label,uses_model_label|wrong_product_type,no,,yes,NO_DIRECT_TITLE_FALLBACK,yes,yes,yes,yes,yes,yes
1774,1103-300,3,INSIZE | اینسایز,اینسایز,1103-300,1,GEN_CALIPER,کولیس عمومی,,HOLD,no,VARIANT_REQUIRED,metrology_caliper_buyer_range,,N/A,,,,,no,کولیس دیجیتال 30سانت اینسایز مدل 1103-300,,کولیس دیجیتال 30سانت اینسایز مدل 1103-300,,HOLD_PRODUCT_TYPE_NAMING_POLICY,generic_product_type_label,uses_model_label|wrong_product_type,no,,yes,NO_DIRECT_TITLE_FALLBACK,yes,yes,yes,yes,yes,yes
1775,1106-301,3,INSIZE | اینسایز,اینسایز,1106-301,1,GEN_CALIPER,کولیس عمومی,,HOLD,no,VARIANT_REQUIRED,metrology_caliper_buyer_range,,N/A,,,,,no,کولیس دیجیتال اینسایز (Insize) 30 سانتی‌ متری فک بلند مدل 301-1106,,کولیس دیجیتال اینسایز (Insize) 30 سانتی‌ متری فک بلند مدل 301-1106,,HOLD_PRODUCT_TYPE_NAMING_POLICY,generic_product_type_label,manufacturer_code_missing|uses_model_label|wrong_product_type,no,,yes,NO_DIRECT_TITLE_FALLBACK,yes,no,yes,yes,yes,no
1776,1106-302,3,INSIZE | اینسایز,اینسایز,1106-302,1,GEN_CALIPER,کولیس عمومی,,HOLD,no,VARIANT_REQUIRED,metrology_caliper_buyer_range,,N/A,,,,,no,کولیس دیجیتال اینسایز (Insize) 30 سانتی متر فک بلند مدل 302-1106,,کولیس دیجیتال اینسایز (Insize) 30 سانتی متر فک بلند مدل 302-1106,,HOLD_PRODUCT_TYPE_NAMING_POLICY,generic_product_type_label,manufacturer_code_missing|uses_model_label|wrong_product_type,no,,yes,NO_DIRECT_TITLE_FALLBACK,yes,no,yes,yes,yes,no
1777,1106-501,3,INSIZE | اینسایز,اینسایز,1106-501,1,GEN_CALIPER,کولیس عمومی,,HOLD,no,VARIANT_REQUIRED,metrology_caliper_buyer_range,,N/A,,,,,no,کولیس دیجیتال 50سانت اینسایز مدل 1106-501,,کولیس دیجیتال 50سانت اینسایز مدل 1106-501,,HOLD_PRODUCT_TYPE_NAMING_POLICY,generic_product_type_label,uses_model_label|wrong_product_type,no,,yes,NO_DIRECT_TITLE_FALLBACK,yes,yes,yes,yes,yes,yes
1778,1106-502,3,INSIZE | اینسایز,اینسایز,1106-502,1,GEN_CALIPER,کولیس عمومی,,HOLD,no,VARIANT_REQUIRED,metrology_caliper_buyer_range,,N/A,,,,,no,کولیس دیجیتال اینسایز(insize) 50 سانتی متر فک بلند 15 سانت مدل 502-1106,,کولیس دیجیتال اینسایز(insize) 50 سانتی متر فک بلند 15 سانت مدل 502-1106,,HOLD_PRODUCT_TYPE_NAMING_POLICY,generic_product_type_label,manufacturer_code_missing|uses_model_label|wrong_product_type,no,,yes,NO_DIRECT_TITLE_FALLBACK,yes,no,yes,yes,yes,no
1779,1106-503,3,INSIZE | اینسایز,اینسایز,1106-503,1,GEN_CALIPER,کولیس عمومی,,HOLD,no,VARIANT_REQUIRED,metrology_caliper_buyer_range,,N/A,,,,,no,کولیس دیجیتال اینسایز (Insize) 50 سانتی متر فک بلند 20 سانت مدل 503-1106,,کولیس دیجیتال اینسایز (Insize) 50 سانتی متر فک بلند 20 سانت مدل 503-1106,,HOLD_PRODUCT_TYPE_NAMING_POLICY,generic_product_type_label,manufacturer_code_missing|uses_model_label|wrong_product_type,no,,yes,NO_DIRECT_TITLE_FALLBACK,yes,no,yes,yes,yes,no
1780,1106-505,3,INSIZE | اینسایز,اینسایز,1106-505,1,GEN_CALIPER,کولیس عمومی,,HOLD,no,VARIANT_REQUIRED,metrology_caliper_buyer_range,,N/A,,,,,no,کولیس دیجیتال اینسایز (Insize) 50 سانتی متر فک بلند 30 سانت مدل 505-1106,,کولیس دیجیتال اینسایز (Insize) 50 سانتی متر فک بلند 30 سانت مدل 505-1106,,HOLD_PRODUCT_TYPE_NAMING_POLICY,generic_product_type_label,manufacturer_code_missing|uses_model_label|wrong_product_type,no,,yes,NO_DIRECT_TITLE_FALLBACK,yes,no,yes,yes,yes,no
1781,1106-601,3,INSIZE | اینسایز,اینسایز,1106-601,1,GEN_CALIPER,کولیس عمومی,,HOLD,no,VARIANT_REQUIRED,metrology_caliper_buyer_range,,N/A,,,,,no,کولیس دیجیتال اینسایز (Insize) 60 سانتی متر مدل 601-1106,,کولیس دیجیتال اینسایز (Insize) 60 سانتی متر مدل 601-1106,,HOLD_PRODUCT_TYPE_NAMING_POLICY,generic_product_type_label,manufacturer_code_missing|uses_model_label|wrong_product_type,no,,yes,NO_DIRECT_TITLE_FALLBACK,yes,no,yes,yes,yes,no
1782,1106-602,3,INSIZE | اینسایز,اینسایز,1106-602,1,GEN_CALIPER,کولیس عمومی,,HOLD,no,VARIANT_REQUIRED,metrology_caliper_buyer_range,,N/A,,,,,no,کولیس دیجیتال اینسایز (Insize) 60 سانتی متر فک بلند 15 سانت مدل 602-1106,,کولیس دیجیتال اینسایز (Insize) 60 سانتی متر فک بلند 15 سانت مدل 602-1106,,HOLD_PRODUCT_TYPE_NAMING_POLICY,generic_product_type_label,manufacturer_code_missing|uses_model_label|wrong_product_type,no,,yes,NO_DIRECT_TITLE_FALLBACK,yes,no,yes,yes,yes,no
1783,1106-603,3,INSIZE | اینسایز,اینسایز,1106-603,1,GEN_CALIPER,کولیس عمومی,,HOLD,no,VARIANT_REQUIRED,metrology_caliper_buyer_range,,N/A,,,,,no,کولیس دیجیتال اینسایز (Insize) 60 سانتی متر فک بلند 20 سانت مدل 603-1106,,کولیس دیجیتال اینسایز (Insize) 60 سانتی متر فک بلند 20 سانت مدل 603-1106,,HOLD_PRODUCT_TYPE_NAMING_POLICY,generic_product_type_label,manufacturer_code_missing|uses_model_label|wrong_product_type,no,,yes,NO_DIRECT_TITLE_FALLBACK,yes,no,yes,yes,yes,no
1784,1106-802,3,INSIZE | اینسایز,اینسایز,1106-802,1,GEN_CALIPER,کولیس عمومی,,HOLD,no,VARIANT_REQUIRED,metrology_caliper_buyer_range,,N/A,,,,,no,کولیس دیجیتال اینسایز (Insize) 80 سانتی متر فک بلند 15 سانت مدل 802-1106,,کولیس دیجیتال اینسایز (Insize) 80 سانتی متر فک بلند 15 سانت مدل 802-1106,,HOLD_PRODUCT_TYPE_NAMING_POLICY,generic_product_type_label,manufacturer_code_missing|uses_model_label|wrong_product_type,no,,yes,NO_DIRECT_TITLE_FALLBACK,yes,no,yes,yes,yes,no
1785,1108-150,3,INSIZE | اینسایز,اینسایز,1108-150,1,GEN_CALIPER,کولیس عمومی,,HOLD,no,VARIANT_REQUIRED,metrology_caliper_buyer_range,,N/A,,,,,no,کولیس دیجیتال 15سانت اینسایز مدل 1108-150,,کولیس دیجیتال 15سانت اینسایز مدل 1108-150,,HOLD_PRODUCT_TYPE_NAMING_POLICY,generic_product_type_label,uses_model_label|wrong_product_type,no,,yes,NO_DIRECT_TITLE_FALLBACK,yes,yes,yes,yes,yes,yes
1786,1108-200,3,INSIZE | اینسایز,اینسایز,1108-200,1,GEN_CALIPER,کولیس عمومی,,HOLD,no,VARIANT_REQUIRED,metrology_caliper_buyer_range,,N/A,,,,,no,کولیس دیجیتال 20سانت اینسایز مدل 1108-200,,کولیس دیجیتال 20سانت اینسایز مدل 1108-200,,HOLD_PRODUCT_TYPE_NAMING_POLICY,generic_product_type_label,uses_model_label|wrong_product_type,no,,yes,NO_DIRECT_TITLE_FALLBACK,yes,yes,yes,yes,yes,yes
1787,1108-300,3,INSIZE | اینسایز,اینسایز,1108-300,1,GEN_CALIPER,کولیس عمومی,,HOLD,no,VARIANT_REQUIRED,metrology_caliper_buyer_range,,N/A,,,,,no,کولیس دیجیتال 30سانت اینسایز مدل 1108-300,,کولیس دیجیتال 30سانت اینسایز مدل 1108-300,,HOLD_PRODUCT_TYPE_NAMING_POLICY,generic_product_type_label,uses_model_label|wrong_product_type,no,,yes,NO_DIRECT_TITLE_FALLBACK,yes,yes,yes,yes,yes,yes
1788,1111-100,3,INSIZE | اینسایز,اینسایز,1111-100,1,GEN_CALIPER,کولیس عمومی,,HOLD,no,VARIANT_REQUIRED,metrology_caliper_buyer_range,,N/A,,,,,no,کولیس دیجیتال 10 سانتی متری اینسایز (Insize) مدل 100-1111,,کولیس دیجیتال 10 سانتی متری اینسایز (Insize) مدل 100-1111,,HOLD_PRODUCT_TYPE_NAMING_POLICY,generic_product_type_label,manufacturer_code_missing|uses_model_label|wrong_product_type,no,,yes,NO_DIRECT_TITLE_FALLBACK,yes,no,yes,yes,yes,no
1789,1114-150,,,,1114-150,1,GEN_CALIPER,کولیس عمومی,,HOLD,no,VARIANT_REQUIRED,metrology_caliper_buyer_range,,N/A,,,,,no,کولیس دیجیتال اینسایز (Insize) 15 سانتی متر فلزی (متال) مدل 150-1114,,کولیس دیجیتال اینسایز (Insize) 15 سانتی متر فلزی (متال) مدل 150-1114,,HOLD_PRODUCT_TYPE_NAMING_POLICY,generic_product_type_label,manufacturer_code_missing|uses_model_label|wrong_product_type,no,,yes,NO_DIRECT_TITLE_FALLBACK,yes,yes,yes,yes,yes,yes
1790,1114-200,3,INSIZE | اینسایز,اینسایز,1114-200,1,GEN_CALIPER,کولیس عمومی,,HOLD,no,VARIANT_REQUIRED,metrology_caliper_buyer_range,,N/A,,,,,no,کولیس دیجیتال اینسایز (Insize) 20 سانتی متر فلزی (متال) مدل 200-1114,,کولیس دیجیتال اینسایز (Insize) 20 سانتی متر فلزی (متال) مدل 200-1114,,HOLD_PRODUCT_TYPE_NAMING_POLICY,generic_product_type_label,manufacturer_code_missing|uses_model_label|wrong_product_type,no,,yes,NO_DIRECT_TITLE_FALLBACK,no,no,yes,no,no,no
1791,1114-300,3,INSIZE | اینسایز,اینسایز,1114-300,1,GEN_CALIPER,کولیس عمومی,,HOLD,no,VARIANT_REQUIRED,metrology_caliper_buyer_range,,N/A,,,,,no,کولیس دیجیتال 30 سانتی فلزی (متال) اینسایز(Insize) مدل 300-1114,,کولیس دیجیتال 30 سانتی فلزی (متال) اینسایز(Insize) مدل 300-1114,,HOLD_PRODUCT_TYPE_NAMING_POLICY,generic_product_type_label,manufacturer_code_missing|uses_model_label|wrong_product_type,no,,yes,NO_DIRECT_TITLE_FALLBACK,no,no,yes,no,no,no
1792,1115-150,3,INSIZE | اینسایز,اینسایز,1115-150,,,,,,no,,,,N/A,,,,,no,کولیس دیجیتال اینسایز (Insize) 15 سانت ضد اب (IP67) مدل 150-1115,,کولیس دیجیتال اینسایز (Insize) 15 سانت ضد اب (IP67) مدل 150-1115,,HOLD_MISSING_PRODUCT_TYPE,product_type_id_null,manufacturer_code_missing|uses_model_label,no,,yes,NO_DIRECT_TITLE_FALLBACK,no,no,yes,no,no,no
1793,1115-200,3,INSIZE | اینسایز,اینسایز,1115-200,,,,,,no,,,,N/A,,,,,no,کولیس دیجیتال اینسایز (Insize) 20 سانت ضد اب (IP67) مدل 200-1115,,کولیس دیجیتال اینسایز (Insize) 20 سانت ضد اب (IP67) مدل 200-1115,,HOLD_MISSING_PRODUCT_TYPE,product_type_id_null,manufacturer_code_missing|uses_model_label,no,,yes,NO_DIRECT_TITLE_FALLBACK,no,no,no,no,no,no
1794,1115-300,3,INSIZE | اینسایز,اینسایز,1115-300,,,,,,no,,,,N/A,,,,,no,کولیس دیجیتال اینسایز (Insize) 30 سانت ضد اب (IP67) مدل 300-1115,,کولیس دیجیتال اینسایز (Insize) 30 سانت ضد اب (IP67) مدل 300-1115,,HOLD_MISSING_PRODUCT_TYPE,product_type_id_null,manufacturer_code_missing|uses_model_label,no,,yes,NO_DIRECT_TITLE_FALLBACK,no,no,yes,no,no,no
1795,1120-150,3,INSIZE | اینسایز,اینسایز,1120-150,3,INTERNAL_GROOVE_CALIPER,کولیس شیار داخلی,کولیس شیار داخلی,APPROVED,yes,VARIANT_REQUIRED,metrology_caliper_buyer_range,SUFFIX_GOVERNED,PASS,measurement_range,"{""max"": 150, ""min"": 22}",22–150 میلی‌متر,259,yes,کولیس دیجیتال اینسایز (Insize) 15 سانتی متر شیارسنج مدل 150-1120,کولیس شیار داخلی اینسایز کد 1120-150، 22–150 میلی‌متر,کولیس دیجیتال اینسایز (Insize) 15 سانتی متر شیارسنج مدل 150-1120,کولیس شیار داخلی اینسایز کد 1120-150، 22–150 میلی‌متر,HOLD_OEM_SEMANTIC_EVIDENCE_MISSING,no_identity_registry_entry,manufacturer_code_missing|model_to_code_candidate|uses_model_label|wrong_product_type,no,,yes,NO_DIRECT_TITLE_FALLBACK,yes,no,yes,yes,yes,no
1796,1120-200,3,INSIZE | اینسایز,اینسایز,1120-200,3,INTERNAL_GROOVE_CALIPER,کولیس شیار داخلی,کولیس شیار داخلی,APPROVED,yes,VARIANT_REQUIRED,metrology_caliper_buyer_range,SUFFIX_GOVERNED,PASS,measurement_range,"{""max"": 200, ""min"": 25}",25–200 میلی‌متر,262,yes,کولیس دیجیتال اینسایز (Insize) 20 سانتی متر شیارسنج مدل 200-1120,کولیس شیار داخلی اینسایز کد 1120-200، 25–200 میلی‌متر,کولیس دیجیتال اینسایز (Insize) 20 سانتی متر شیارسنج مدل 200-1120,کولیس شیار داخلی اینسایز کد 1120-200، 25–200 میلی‌متر,HOLD_OEM_SEMANTIC_EVIDENCE_MISSING,no_identity_registry_entry,manufacturer_code_missing|model_to_code_candidate|uses_model_label|wrong_product_type,no,,yes,NO_DIRECT_TITLE_FALLBACK,no,no,yes,no,no,no
1797,1120-300,3,INSIZE | اینسایز,اینسایز,1120-300,3,INTERNAL_GROOVE_CALIPER,کولیس شیار داخلی,کولیس شیار داخلی,APPROVED,yes,VARIANT_REQUIRED,metrology_caliper_buyer_range,SUFFIX_GOVERNED,PASS,measurement_range,"{""max"": 300, ""min"": 30}",30–300 میلی‌متر,265,yes,کولیس داخل دیجیتال اینسایز (Insize) 30 سانت مدل 300-1120,کولیس شیار داخلی اینسایز کد 1120-300، 30–300 میلی‌متر,کولیس داخل دیجیتال اینسایز (Insize) 30 سانت مدل 300-1120,کولیس شیار داخلی اینسایز کد 1120-300، 30–300 میلی‌متر,HOLD_OEM_SEMANTIC_EVIDENCE_MISSING,no_identity_registry_entry,manufacturer_code_missing|model_to_code_candidate|uses_model_label|wrong_product_type,no,,yes,NO_DIRECT_TITLE_FALLBACK,no,no,yes,no,no,no
1798,1120-500,3,INSIZE | اینسایز,اینسایز,1120-500,3,INTERNAL_GROOVE_CALIPER,کولیس شیار داخلی,کولیس شیار داخلی,APPROVED,yes,VARIANT_REQUIRED,metrology_caliper_buyer_range,SUFFIX_GOVERNED,PASS,measurement_range,"{""max"": 500, ""min"": 40}",40–500 میلی‌متر,229,yes,کولیس داخل دیجیتال اینسایز (Insize) 50 سانت مدل 500-1120,کولیس شیار داخلی اینسایز کد 1120-500، 40–500 میلی‌متر,کولیس داخل دیجیتال اینسایز (Insize) 50 سانت مدل 500-1120,کولیس شیار داخلی اینسایز کد 1120-500، 40–500 میلی‌متر,HOLD_OEM_SEMANTIC_EVIDENCE_MISSING,accessory_only_occurrence,manufacturer_code_missing|model_to_code_candidate|uses_model_label|wrong_product_type,no,,yes,NO_DIRECT_TITLE_FALLBACK,yes,no,yes,yes,yes,no
1799,1121-150,3,INSIZE | اینسایز,اینسایز,1121-150,8,INTERNAL_POINT_CALIPER,کولیس نوک‌تیز داخلی,کولیس نوک‌تیز داخلی,APPROVED,yes,VARIANT_REQUIRED,metrology_caliper_buyer_range,SUFFIX_GOVERNED,PASS,measurement_range,"{""max"": 150, ""min"": 24}",24–150 میلی‌متر,274,yes,کولیس دیجیتال اینسایز (Insize) 15 سانتی متر داخل سنج مدل150-1121,کولیس نوک‌تیز داخلی اینسایز کد 1121-150، 24–150 میلی‌متر,کولیس دیجیتال اینسایز (Insize) 15 سانتی متر داخل سنج مدل150-1121,کولیس نوک‌تیز داخلی اینسایز کد 1121-150، 24–150 میلی‌متر,HOLD_OEM_SEMANTIC_EVIDENCE_MISSING,no_identity_registry_entry,manufacturer_code_missing|model_to_code_candidate|uses_model_label|wrong_product_type,no,,yes,NO_DIRECT_TITLE_FALLBACK,yes,no,yes,yes,yes,no
1800,1122-300,3,INSIZE | اینسایز,اینسایز,1122-300,5,HOOK_CALIPER,کولیس قلاب‌دار,کولیس قلاب‌دار,APPROVED,yes,VARIANT_REQUIRED,metrology_caliper_buyer_range,SUFFIX_GOVERNED,PASS,measurement_range,"{""max"": 300, ""min"": 4}",4–300 میلی‌متر,250,yes,کولیس دیجیتال شیار اینسایز( Insize) 30 سانتی متر مدل 300-1122,کولیس قلاب‌دار اینسایز کد 1122-300، 4–300 میلی‌متر,کولیس دیجیتال شیار اینسایز( Insize) 30 سانتی متر مدل 300-1122,کولیس قلاب‌دار اینسایز کد 1122-300، 4–300 میلی‌متر,READY_RENAME,governed_canonical_name_ready,manufacturer_code_missing|model_to_code_candidate|uses_model_label|wrong_product_type,no,,yes,NO_DIRECT_TITLE_FALLBACK,yes,no,yes,yes,yes,no
1801,1123-150,3,INSIZE | اینسایز,اینسایز,1123-150,7,INSIDE_KNIFE_EDGE_CALIPER,کولیس لبه‌چاقویی داخلی,کولیس لبه‌چاقویی داخلی,APPROVED,yes,VARIANT_REQUIRED,metrology_caliper_buyer_range,SUFFIX_GOVERNED,PASS,measurement_range,"{""max"": 150, ""min"": 15}",15–150 میلی‌متر,268,yes,کولیس دیجیتال اینسایز (Insize) 15 سانتی متر داخل سنج فک چاقویی مدل 150-1123,کولیس لبه‌چاقویی داخلی اینسایز کد 1123-150، 15–150 میلی‌متر,کولیس دیجیتال اینسایز (Insize) 15 سانتی متر داخل سنج فک چاقویی مدل 150-1123,کولیس لبه‌چاقویی داخلی اینسایز کد 1123-150، 15–150 میلی‌متر,HOLD_OEM_SEMANTIC_EVIDENCE_MISSING,no_identity_registry_entry,manufacturer_code_missing|model_to_code_candidate|uses_model_label|wrong_product_type,no,,yes,NO_DIRECT_TITLE_FALLBACK,yes,no,yes,yes,yes,no
1802,1123-300,3,INSIZE | اینسایز,اینسایز,1123-300,7,INSIDE_KNIFE_EDGE_CALIPER,کولیس لبه‌چاقویی داخلی,کولیس لبه‌چاقویی داخلی,APPROVED,yes,VARIANT_REQUIRED,metrology_caliper_buyer_range,SUFFIX_GOVERNED,PASS,measurement_range,"{""max"": 300, ""min"": 24}",24–300 میلی‌متر,271,yes,کولیس داخل دیجیتال اینسایز (Insize) 30 سانت مدل 300-1123,کولیس لبه‌چاقویی داخلی اینسایز کد 1123-300، 24–300 میلی‌متر,کولیس داخل دیجیتال اینسایز (Insize) 30 سانت مدل 300-1123,کولیس لبه‌چاقویی داخلی اینسایز کد 1123-300، 24–300 میلی‌متر,HOLD_OEM_SEMANTIC_EVIDENCE_MISSING,no_identity_registry_entry,manufacturer_code_missing|model_to_code_candidate|uses_model_label|wrong_product_type,no,,yes,NO_DIRECT_TITLE_FALLBACK,no,no,yes,no,no,no
1803,1135-601,3,INSIZE | اینسایز,اینسایز,1135-601,1,GEN_CALIPER,کولیس عمومی,,HOLD,no,VARIANT_REQUIRED,metrology_caliper_buyer_range,,N/A,,,,,no,کولیس دیجیتال اینسایز (Insize) 60 سانتی متر دو فک مدل 601-1135,,کولیس دیجیتال اینسایز (Insize) 60 سانتی متر دو فک مدل 601-1135,,HOLD_PRODUCT_TYPE_NAMING_POLICY,generic_product_type_label,manufacturer_code_missing|uses_model_label|wrong_product_type,no,,yes,NO_DIRECT_TITLE_FALLBACK,yes,no,yes,yes,yes,no
1804,1136-501,3,INSIZE | اینسایز,اینسایز,1136-501,1,GEN_CALIPER,کولیس عمومی,,HOLD,no,VARIANT_REQUIRED,metrology_caliper_buyer_range,,N/A,,,,,no,کولیس دیجیتال اینسایز (Insize) 50 سانتی متر دو فک مدل 501-1136,,کولیس دیجیتال اینسایز (Insize) 50 سانتی متر دو فک مدل 501-1136,,HOLD_PRODUCT_TYPE_NAMING_POLICY,generic_product_type_label,manufacturer_code_missing|uses_model_label|wrong_product_type,no,,yes,NO_DIRECT_TITLE_FALLBACK,yes,no,yes,yes,yes,no
1805,1136-502,3,INSIZE | اینسایز,اینسایز,1136-502,1,GEN_CALIPER,کولیس عمومی,,HOLD,no,VARIANT_REQUIRED,metrology_caliper_buyer_range,,N/A,,,,,no,کولیس دیجیتال اینسایز (Insize) دو فک 50 سانت فک 15 سانت مدل 502-1136,,کولیس دیجیتال اینسایز (Insize) دو فک 50 سانت فک 15 سانت مدل 502-1136,,HOLD_PRODUCT_TYPE_NAMING_POLICY,generic_product_type_label,manufacturer_code_missing|uses_model_label|wrong_product_type,no,,yes,NO_DIRECT_TITLE_FALLBACK,yes,no,yes,yes,yes,no
1806,1136-503,3,INSIZE | اینسایز,اینسایز,1136-503,1,GEN_CALIPER,کولیس عمومی,,HOLD,no,VARIANT_REQUIRED,metrology_caliper_buyer_range,,N/A,,,,,no,کولیس دیجیتال اینسایز (Insize) دو فک 50 سانت فک 20 سانت مدل 503-1136,,کولیس دیجیتال اینسایز (Insize) دو فک 50 سانت فک 20 سانت مدل 503-1136,,HOLD_PRODUCT_TYPE_NAMING_POLICY,generic_product_type_label,manufacturer_code_missing|uses_model_label|wrong_product_type,no,,yes,NO_DIRECT_TITLE_FALLBACK,yes,no,yes,yes,yes,no
1807,1136-601,3,INSIZE | اینسایز,اینسایز,1136-601,1,GEN_CALIPER,کولیس عمومی,,HOLD,no,VARIANT_REQUIRED,metrology_caliper_buyer_range,,N/A,,,,,no,کولیس دو فک اینسایز (Insize) دیجیتال 60 سانتی متر مدل 601-1136,,کولیس دو فک اینسایز (Insize) دیجیتال 60 سانتی متر مدل 601-1136,,HOLD_PRODUCT_TYPE_NAMING_POLICY,generic_product_type_label,manufacturer_code_missing|uses_model_label|wrong_product_type,no,,yes,NO_DIRECT_TITLE_FALLBACK,yes,no,yes,yes,yes,no
1808,1140-100,3,INSIZE | اینسایز,اینسایز,1140-100,2,DEPTH_GAUGE,عمق‌سنج,عمق‌سنج,APPROVED,yes,VARIANT_REQUIRED,metrology_working_range,SUFFIX_GOVERNED,PASS,measurement_range,"{""max"": 100.0, ""min"": 0.0}",0–100 میلی‌متر,523,yes,عمق سنج دیجیتال اینسایز (Insize) 10 سانت با میله گرد مدل 100-1140,عمق‌سنج اینسایز کد 1140-100، 0–100 میلی‌متر,عمق سنج دیجیتال اینسایز (Insize) 10 سانت با میله گرد مدل 100-1140,عمق‌سنج اینسایز کد 1140-100، 0–100 میلی‌متر,HOLD_OEM_SEMANTIC_EVIDENCE_MISSING,accessory_only_occurrence,manufacturer_code_missing|model_to_code_candidate|uses_model_label|wrong_product_type,no,,yes,NO_DIRECT_TITLE_FALLBACK,yes,no,yes,yes,yes,no
1809,1140-150,3,INSIZE | اینسایز,اینسایز,1140-150,2,DEPTH_GAUGE,عمق‌سنج,عمق‌سنج,APPROVED,yes,VARIANT_REQUIRED,metrology_working_range,SUFFIX_GOVERNED,PASS,measurement_range,"{""max"": 150.0, ""min"": 0.0}",0–150 میلی‌متر,526,yes,عمق سنج دیجیتال اینسایز (Insize) 15 سانت با میله گرد مدل 150-1140,عمق‌سنج اینسایز کد 1140-150، 0–150 میلی‌متر,عمق سنج دیجیتال اینسایز (Insize) 15 سانت با میله گرد مدل 150-1140,عمق‌سنج اینسایز کد 1140-150، 0–150 میلی‌متر,HOLD_OEM_SEMANTIC_EVIDENCE_MISSING,accessory_only_occurrence,manufacturer_code_missing|model_to_code_candidate|uses_model_label|wrong_product_type,no,,yes,NO_DIRECT_TITLE_FALLBACK,yes,no,yes,yes,yes,no
1810,1141-150,3,INSIZE | اینسایز,اینسایز,1141-150,2,DEPTH_GAUGE,عمق‌سنج,عمق‌سنج,APPROVED,yes,VARIANT_REQUIRED,metrology_working_range,SUFFIX_GOVERNED,PASS,measurement_range,"{""max"": 150.0, ""min"": 0.0}",0–150 میلی‌متر,529,yes,کولیس دیجیتال اینسایز (Insize) 15 سانتی متر عمق سنج مدل 150-1141,عمق‌سنج اینسایز کد 1141-150، 0–150 میلی‌متر,کولیس دیجیتال اینسایز (Insize) 15 سانتی متر عمق سنج مدل 150-1141,عمق‌سنج اینسایز کد 1141-150، 0–150 میلی‌متر,HOLD_OEM_SEMANTIC_EVIDENCE_MISSING,no_identity_registry_entry,manufacturer_code_missing|model_to_code_candidate|uses_model_label|wrong_product_type,no,,yes,NO_DIRECT_TITLE_FALLBACK,no,no,yes,no,no,no
1811,1141-200,3,INSIZE | اینسایز,اینسایز,1141-200,2,DEPTH_GAUGE,عمق‌سنج,عمق‌سنج,APPROVED,yes,VARIANT_REQUIRED,metrology_working_range,SUFFIX_GOVERNED,PASS,measurement_range,"{""max"": 200.0, ""min"": 0.0}",0–200 میلی‌متر,532,yes,کولیس دیجیتال اینسایز (Insize) 20 سانتی متر عمق سنج مدل 200-1141,عمق‌سنج اینسایز کد 1141-200، 0–200 میلی‌متر,کولیس دیجیتال اینسایز (Insize) 20 سانتی متر عمق سنج مدل 200-1141,عمق‌سنج اینسایز کد 1141-200، 0–200 میلی‌متر,HOLD_OEM_SEMANTIC_EVIDENCE_MISSING,no_identity_registry_entry,manufacturer_code_missing|model_to_code_candidate|uses_model_label|wrong_product_type,no,,yes,NO_DIRECT_TITLE_FALLBACK,no,no,yes,no,no,no
1812,1141-300,3,INSIZE | اینسایز,اینسایز,1141-300,2,DEPTH_GAUGE,عمق‌سنج,عمق‌سنج,APPROVED,yes,VARIANT_REQUIRED,metrology_working_range,SUFFIX_GOVERNED,PASS,measurement_range,"{""max"": 300.0, ""min"": 0.0}",0–300 میلی‌متر,535,yes,کولیس دیجیتال اینسایز (Insize) 30 سانتی متر عمق سنج مدل 300-1141,عمق‌سنج اینسایز کد 1141-300، 0–300 میلی‌متر,کولیس دیجیتال اینسایز (Insize) 30 سانتی متر عمق سنج مدل 300-1141,عمق‌سنج اینسایز کد 1141-300، 0–300 میلی‌متر,HOLD_OEM_SEMANTIC_EVIDENCE_MISSING,no_identity_registry_entry,manufacturer_code_missing|model_to_code_candidate|uses_model_label|wrong_product_type,no,,yes,NO_DIRECT_TITLE_FALLBACK,no,no,yes,no,no,no
1813,1141-500,3,INSIZE | اینسایز,اینسایز,1141-500,2,DEPTH_GAUGE,عمق‌سنج,عمق‌سنج,APPROVED,yes,VARIANT_REQUIRED,metrology_working_range,SUFFIX_GOVERNED,PASS,measurement_range,"{""max"": 500.0, ""min"": 0.0}",0–500 میلی‌متر,538,yes,کولیس دیجیتال اینسایز (Insize) 50 سانتی متر عمق سنج مدل 500-1141,عمق‌سنج اینسایز کد 1141-500، 0–500 میلی‌متر,کولیس دیجیتال اینسایز (Insize) 50 سانتی متر عمق سنج مدل 500-1141,عمق‌سنج اینسایز کد 1141-500، 0–500 میلی‌متر,HOLD_OEM_SEMANTIC_EVIDENCE_MISSING,no_identity_registry_entry,manufacturer_code_missing|model_to_code_candidate|uses_model_label|wrong_product_type,no,,yes,NO_DIRECT_TITLE_FALLBACK,no,no,yes,no,no,no
1814,1142-150,3,INSIZE | اینسایز,اینسایز,1142-150,2,DEPTH_GAUGE,عمق‌سنج,عمق‌سنج,APPROVED,yes,VARIANT_REQUIRED,metrology_working_range,SUFFIX_GOVERNED,PASS,measurement_range,"{""max"": 150.0, ""min"": 0.0}",0–150 میلی‌متر,541,yes,عمق سنج لبه دار اینسایز (Insize) 15 سانت مدل 150-1142,عمق‌سنج اینسایز کد 1142-150، 0–150 میلی‌متر,عمق سنج لبه دار اینسایز (Insize) 15 سانت مدل 150-1142,عمق‌سنج اینسایز کد 1142-150، 0–150 میلی‌متر,HOLD_OEM_SEMANTIC_EVIDENCE_MISSING,no_identity_registry_entry,manufacturer_code_missing|model_to_code_candidate|uses_model_label|wrong_product_type,no,,yes,NO_DIRECT_TITLE_FALLBACK,yes,no,yes,yes,yes,no
1815,1142-200,3,INSIZE | اینسایز,اینسایز,1142-200,2,DEPTH_GAUGE,عمق‌سنج,عمق‌سنج,APPROVED,yes,VARIANT_REQUIRED,metrology_working_range,SUFFIX_GOVERNED,PASS,measurement_range,"{""max"": 200.0, ""min"": 0.0}",0–200 میلی‌متر,544,yes,کولیس دیجیتال اینسایز (Insize) 20 سانتی متر عمق سنج لبه دار مدل 200-1142,عمق‌سنج اینسایز کد 1142-200، 0–200 میلی‌متر,کولیس دیجیتال اینسایز (Insize) 20 سانتی متر عمق سنج لبه دار مدل 200-1142,عمق‌سنج اینسایز کد 1142-200، 0–200 میلی‌متر,HOLD_OEM_SEMANTIC_EVIDENCE_MISSING,no_identity_registry_entry,manufacturer_code_missing|model_to_code_candidate|uses_model_label|wrong_product_type,no,,yes,NO_DIRECT_TITLE_FALLBACK,no,no,yes,no,no,no
1816,1142-300,3,INSIZE | اینسایز,اینسایز,1142-300,2,DEPTH_GAUGE,عمق‌سنج,عمق‌سنج,APPROVED,yes,VARIANT_REQUIRED,metrology_working_range,SUFFIX_GOVERNED,PASS,measurement_range,"{""max"": 300.0, ""min"": 0.0}",0–300 میلی‌متر,547,yes,کولیس عمق سنج لبه دار اینسایز( Insize) 30 سانتی متر مدل 300-1142,عمق‌سنج اینسایز کد 1142-300، 0–300 میلی‌متر,کولیس عمق سنج لبه دار اینسایز( Insize) 30 سانتی متر مدل 300-1142,عمق‌سنج اینسایز کد 1142-300، 0–300 میلی‌متر,HOLD_OEM_SEMANTIC_EVIDENCE_MISSING,no_identity_registry_entry,manufacturer_code_missing|model_to_code_candidate|uses_model_label|wrong_product_type,no,,yes,NO_DIRECT_TITLE_FALLBACK,no,no,yes,no,no,no
1817,1144-150,3,INSIZE | اینسایز,اینسایز,1144-150,2,DEPTH_GAUGE,عمق‌سنج,عمق‌سنج,APPROVED,yes,VARIANT_REQUIRED,metrology_working_range,SUFFIX_GOVERNED,PASS,measurement_range,"{""max"": 150.0, ""min"": 0.0}",0–150 میلی‌متر,550,yes,عمق سنج لبه دار دو طرفه اینسایز (Insize) 15 سانت مدل 150-1144,عمق‌سنج اینسایز کد 1144-150، 0–150 میلی‌متر,عمق سنج لبه دار دو طرفه اینسایز (Insize) 15 سانت مدل 150-1144,عمق‌سنج اینسایز کد 1144-150، 0–150 میلی‌متر,HOLD_OEM_SEMANTIC_EVIDENCE_MISSING,no_identity_registry_entry,manufacturer_code_missing|model_to_code_candidate|uses_model_label|wrong_product_type,no,,yes,NO_DIRECT_TITLE_FALLBACK,yes,no,yes,yes,yes,no
1818,1144-200,3,INSIZE | اینسایز,اینسایز,1144-200,2,DEPTH_GAUGE,عمق‌سنج,عمق‌سنج,APPROVED,yes,VARIANT_REQUIRED,metrology_working_range,SUFFIX_GOVERNED,PASS,measurement_range,"{""max"": 200.0, ""min"": 0.0}",0–200 میلی‌متر,553,yes,کولیس دیجیتال اینسایز (Insize) 20 سانتی متر عمق سنج لبه دار دو طرفه مدل 200-1144,عمق‌سنج اینسایز کد 1144-200، 0–200 میلی‌متر,کولیس دیجیتال اینسایز (Insize) 20 سانتی متر عمق سنج لبه دار دو طرفه مدل 200-1144,عمق‌سنج اینسایز کد 1144-200، 0–200 میلی‌متر,HOLD_OEM_SEMANTIC_EVIDENCE_MISSING,no_identity_registry_entry,manufacturer_code_missing|model_to_code_candidate|uses_model_label|wrong_product_type,no,,yes,NO_DIRECT_TITLE_FALLBACK,no,no,yes,no,no,no
1819,1144-300,3,INSIZE | اینسایز,اینسایز,1144-300,2,DEPTH_GAUGE,عمق‌سنج,عمق‌سنج,APPROVED,yes,VARIANT_REQUIRED,metrology_working_range,SUFFIX_GOVERNED,PASS,measurement_range,"{""max"": 300.0, ""min"": 0.0}",0–300 میلی‌متر,556,yes,کولیس دیجیتال اینسایز (Insize) 30 سانتی متر عمق سنج لبه دار دو طرفه مدل 300-1144,عمق‌سنج اینسایز کد 1144-300، 0–300 میلی‌متر,کولیس دیجیتال اینسایز (Insize) 30 سانتی متر عمق سنج لبه دار دو طرفه مدل 300-1144,عمق‌سنج اینسایز کد 1144-300، 0–300 میلی‌متر,HOLD_OEM_SEMANTIC_EVIDENCE_MISSING,no_identity_registry_entry,manufacturer_code_missing|model_to_code_candidate|uses_model_label|wrong_product_type,no,,yes,NO_DIRECT_TITLE_FALLBACK,no,no,yes,no,no,no
1820,1150-300,3,INSIZE | اینسایز,اینسایز,1150-300,14,HEIGHT_GAUGE,ارتفاع‌سنج,ارتفاع‌سنج,APPROVED,yes,VARIANT_REQUIRED,metrology_working_range,SUFFIX_GOVERNED,PASS,measurement_range,"{""max"": 300.0, ""min"": 0.0}",0–300 میلی‌متر,610,yes,کولیس پایه دار دیجیتال 30سانت اینسایز مدل 1150-300,ارتفاع‌سنج اینسایز کد 1150-300، 0–300 میلی‌متر,کولیس پایه دار دیجیتال 30سانت اینسایز مدل 1150-300,ارتفاع‌سنج اینسایز کد 1150-300، 0–300 میلی‌متر,HOLD_OEM_SEMANTIC_EVIDENCE_MISSING,ambiguous_headings:DIAL PROTRACTOR;DIGITAL HEIGHT GAUGES;DIGITAL PROTRACTOR;SCRIBERS FOR HEIGHT GAUGES;UNIVERSAL PROTRACTOR,model_to_code_candidate|uses_model_label|wrong_product_type,no,,yes,NO_DIRECT_TITLE_FALLBACK,yes,yes,yes,yes,yes,yes
1822,1150-600,3,INSIZE | اینسایز,اینسایز,1150-600,14,HEIGHT_GAUGE,ارتفاع‌سنج,ارتفاع‌سنج,APPROVED,yes,VARIANT_REQUIRED,metrology_working_range,SUFFIX_GOVERNED,PASS,measurement_range,"{""max"": 600.0, ""min"": 0.0}",0–600 میلی‌متر,616,yes,کولیس دیجیتال اینسایز (Insize) 60 سانتی متر پایه دار مدل 600-1150,ارتفاع‌سنج اینسایز کد 1150-600، 0–600 میلی‌متر,کولیس دیجیتال اینسایز (Insize) 60 سانتی متر پایه دار مدل 600-1150,ارتفاع‌سنج اینسایز کد 1150-600، 0–600 میلی‌متر,HOLD_OEM_SEMANTIC_EVIDENCE_MISSING,oem_heading_not_in_canonical_identity_policy,manufacturer_code_missing|model_to_code_candidate|uses_model_label|wrong_product_type,no,,yes,NO_DIRECT_TITLE_FALLBACK,yes,no,yes,yes,yes,no
1823,1151-300,3,INSIZE | اینسایز,اینسایز,1151-300,14,HEIGHT_GAUGE,ارتفاع‌سنج,ارتفاع‌سنج,APPROVED,yes,VARIANT_REQUIRED,metrology_working_range,SUFFIX_GOVERNED,PASS,measurement_range,"{""max"": 300.0, ""min"": 0.0}",0–300 میلی‌متر,619,yes,کولیس پایه دار دو میله دیجیتال اینسایز (Insize) 30 سانت مدل 300-1151,ارتفاع‌سنج اینسایز کد 1151-300، 0–300 میلی‌متر,کولیس پایه دار دو میله دیجیتال اینسایز (Insize) 30 سانت مدل 300-1151,ارتفاع‌سنج اینسایز کد 1151-300، 0–300 میلی‌متر,HOLD_OEM_SEMANTIC_EVIDENCE_MISSING,no_identity_registry_entry,manufacturer_code_missing|model_to_code_candidate|uses_model_label|wrong_product_type,no,,yes,NO_DIRECT_TITLE_FALLBACK,yes,no,yes,yes,yes,no
1824,1151-600,3,INSIZE | اینسایز,اینسایز,1151-600,14,HEIGHT_GAUGE,ارتفاع‌سنج,ارتفاع‌سنج,APPROVED,yes,VARIANT_REQUIRED,metrology_working_range,SUFFIX_GOVERNED,PASS,measurement_range,"{""max"": 600.0, ""min"": 0.0}",0–600 میلی‌متر,622,yes,کولیس پایه دار دو میله دیجیتال اینسایز (Insize) 60 سانت مدل 600-1151,ارتفاع‌سنج اینسایز کد 1151-600، 0–600 میلی‌متر,کولیس پایه دار دو میله دیجیتال اینسایز (Insize) 60 سانت مدل 600-1151,ارتفاع‌سنج اینسایز کد 1151-600، 0–600 میلی‌متر,HOLD_OEM_SEMANTIC_EVIDENCE_MISSING,no_identity_registry_entry,manufacturer_code_missing|model_to_code_candidate|uses_model_label|wrong_product_type,no,,yes,NO_DIRECT_TITLE_FALLBACK,no,no,yes,no,no,no
1825,1156-300,3,INSIZE | اینسایز,اینسایز,1156-300,14,HEIGHT_GAUGE,ارتفاع‌سنج,ارتفاع‌سنج,APPROVED,yes,VARIANT_REQUIRED,metrology_working_range,SUFFIX_GOVERNED,PASS,measurement_range,"{""max"": 300.0, ""min"": 0.0}",0–300 میلی‌متر,625,yes,کولیس دیجیتال اینسایز (Insize) 30 سانتی متر پایه دار مدل 300-1156,ارتفاع‌سنج اینسایز کد 1156-300، 0–300 میلی‌متر,کولیس دیجیتال اینسایز (Insize) 30 سانتی متر پایه دار مدل 300-1156,ارتفاع‌سنج اینسایز کد 1156-300، 0–300 میلی‌متر,HOLD_OEM_SEMANTIC_EVIDENCE_MISSING,ambiguous_headings:DIGITAL HEIGHT GAUGES WITH DRIVING WHEEL;SCRIBERS FOR HEIGHT GAUGES,manufacturer_code_missing|model_to_code_candidate|uses_model_label|wrong_product_type,no,,yes,NO_DIRECT_TITLE_FALLBACK,yes,no,yes,yes,yes,no
1826,1156-600,3,INSIZE | اینسایز,اینسایز,1156-600,14,HEIGHT_GAUGE,ارتفاع‌سنج,ارتفاع‌سنج,APPROVED,yes,VARIANT_REQUIRED,metrology_working_range,SUFFIX_GOVERNED,PASS,measurement_range,"{""max"": 600.0, ""min"": 0.0}",0–600 میلی‌متر,628,yes,کولیس دیجیتال اینسایز (Insize) 60 سانتی متر پایه دار مدل 600-1156,ارتفاع‌سنج اینسایز کد 1156-600، 0–600 میلی‌متر,کولیس دیجیتال اینسایز (Insize) 60 سانتی متر پایه دار مدل 600-1156,ارتفاع‌سنج اینسایز کد 1156-600، 0–600 میلی‌متر,HOLD_OEM_SEMANTIC_EVIDENCE_MISSING,ambiguous_headings:DIGITAL HEIGHT GAUGES WITH DRIVING WHEEL;SCRIBERS FOR HEIGHT GAUGES,manufacturer_code_missing|model_to_code_candidate|uses_model_label|wrong_product_type,no,,yes,NO_DIRECT_TITLE_FALLBACK,yes,no,yes,yes,yes,no
1827,1161-150,3,INSIZE | اینسایز,اینسایز,1161-150,11,TUBE_THICKNESS_CALIPER,کولیس ضخامت لوله,کولیس ضخامت لوله,APPROVED,yes,VARIANT_REQUIRED,metrology_caliper_buyer_range,SUFFIX_GOVERNED,PASS,measurement_range,"{""max"": 150, ""min"": 0}",0–150 میلی‌متر,292,yes,کولیس دیجیتال اینسایز (Insize) 15 سانتی متر داخل سنج فک میله‌ای مدل 150-1161,کولیس ضخامت لوله اینسایز کد 1161-150، 0–150 میلی‌متر,کولیس دیجیتال اینسایز (Insize) 15 سانتی متر داخل سنج فک میله‌ای مدل 150-1161,کولیس ضخامت لوله اینسایز کد 1161-150، 0–150 میلی‌متر,HOLD_OEM_SEMANTIC_EVIDENCE_MISSING,no_identity_registry_entry,manufacturer_code_missing|model_to_code_candidate|uses_model_label|wrong_product_type,no,,yes,NO_DIRECT_TITLE_FALLBACK,yes,no,yes,yes,yes,no
1828,1169-150,3,INSIZE | اینسایز,اینسایز,1169-150,6,POINT_CALIPER,کولیس نوک‌تیز,کولیس نوک‌تیز,APPROVED,yes,VARIANT_REQUIRED,metrology_caliper_buyer_range,SUFFIX_GOVERNED,PASS,measurement_range,"{""max"": 150, ""min"": 0}",0–150 میلی‌متر,253,yes,کولیس دیجیتال اینسایز (Insize) 15 سانتی متر فک باریک مدل 150-1169,کولیس نوک‌تیز اینسایز کد 1169-150، 0–150 میلی‌متر,کولیس دیجیتال اینسایز (Insize) 15 سانتی متر فک باریک مدل 150-1169,کولیس نوک‌تیز اینسایز کد 1169-150، 0–150 میلی‌متر,READY_RENAME,governed_canonical_name_ready,manufacturer_code_missing|model_to_code_candidate|uses_model_label|wrong_product_type,no,,yes,NO_DIRECT_TITLE_FALLBACK,yes,no,yes,yes,yes,no
1829,1170-300,3,INSIZE | اینسایز,اینسایز,1170-300,1,GEN_CALIPER,کولیس عمومی,,HOLD,no,VARIANT_REQUIRED,metrology_caliper_buyer_range,,N/A,,,,,no,کولیس دیجیتال اینسایز (Insize) 30 سانتی متر فک بلند مدل 300-1170,,کولیس دیجیتال اینسایز (Insize) 30 سانتی متر فک بلند مدل 300-1170,,HOLD_PRODUCT_TYPE_NAMING_POLICY,generic_product_type_label,manufacturer_code_missing|uses_model_label|wrong_product_type,no,,yes,NO_DIRECT_TITLE_FALLBACK,yes,no,yes,yes,yes,no
1830,1172-200,3,INSIZE | اینسایز,اینسایز,1172-200,1,GEN_CALIPER,کولیس عمومی,,HOLD,no,VARIANT_REQUIRED,metrology_caliper_buyer_range,,N/A,,,,,no,کولیس دیجیتال اینسایز( Insize) 20 سانتی متر فک پهن مدل 200-1172,,کولیس دیجیتال اینسایز( Insize) 20 سانتی متر فک پهن مدل 200-1172,,HOLD_PRODUCT_TYPE_NAMING_POLICY,generic_product_type_label,manufacturer_code_missing|uses_model_label|wrong_product_type,no,,yes,NO_DIRECT_TITLE_FALLBACK,yes,no,yes,yes,yes,no
1831,1176-150,3,INSIZE | اینسایز,اینسایز,1176-150,3,INTERNAL_GROOVE_CALIPER,کولیس شیار داخلی,کولیس شیار داخلی,APPROVED,yes,VARIANT_REQUIRED,metrology_caliper_buyer_range,SUFFIX_GOVERNED,PASS,measurement_range,"{""max"": 150, ""min"": 9}",9–150 میلی‌متر,232,yes,کولیس داخل دیجیتال 15سانت اینسایز مدل 1176-150,کولیس شیار داخلی اینسایز کد 1176-150، 9–150 میلی‌متر,کولیس داخل دیجیتال 15سانت اینسایز مدل 1176-150,کولیس شیار داخلی اینسایز کد 1176-150، 9–150 میلی‌متر,HOLD_OEM_SEMANTIC_EVIDENCE_MISSING,accessory_only_occurrence,model_to_code_candidate|uses_model_label|wrong_product_type,no,,yes,NO_DIRECT_TITLE_FALLBACK,yes,yes,yes,yes,yes,yes
1832,1176-200,3,INSIZE | اینسایز,اینسایز,1176-200,3,INTERNAL_GROOVE_CALIPER,کولیس شیار داخلی,کولیس شیار داخلی,APPROVED,yes,VARIANT_REQUIRED,metrology_caliper_buyer_range,SUFFIX_GOVERNED,PASS,measurement_range,"{""max"": 200, ""min"": 9}",9–200 میلی‌متر,235,yes,کولیس دیجیتال اینسایز (Insize) 20 سانتی متر شیارسنج مدل 200-1176,کولیس شیار داخلی اینسایز کد 1176-200، 9–200 میلی‌متر,کولیس دیجیتال اینسایز (Insize) 20 سانتی متر شیارسنج مدل 200-1176,کولیس شیار داخلی اینسایز کد 1176-200، 9–200 میلی‌متر,HOLD_OEM_SEMANTIC_EVIDENCE_MISSING,accessory_only_occurrence,manufacturer_code_missing|model_to_code_candidate|uses_model_label|wrong_product_type,no,,yes,NO_DIRECT_TITLE_FALLBACK,yes,no,yes,yes,yes,no
1833,1178-300,3,INSIZE | اینسایز,اینسایز,1178-300,3,INTERNAL_GROOVE_CALIPER,کولیس شیار داخلی,کولیس شیار داخلی,APPROVED,yes,VARIANT_REQUIRED,metrology_caliper_buyer_range,SUFFIX_GOVERNED,PASS,measurement_range,"{""max"": 300, ""min"": 25}",25–300 میلی‌متر,238,yes,کولیس دیجیتال اینسایز (Insize) 30 سانتی متر داخل سنج مدل 300-1178,کولیس شیار داخلی اینسایز کد 1178-300، 25–300 میلی‌متر,کولیس دیجیتال اینسایز (Insize) 30 سانتی متر داخل سنج مدل 300-1178,کولیس شیار داخلی اینسایز کد 1178-300، 25–300 میلی‌متر,READY_RENAME,governed_canonical_name_ready,manufacturer_code_missing|model_to_code_candidate|uses_model_label|wrong_product_type,no,,yes,NO_DIRECT_TITLE_FALLBACK,yes,no,yes,yes,yes,no
1834,1183-150,3,INSIZE | اینسایز,اینسایز,1183-150,6,POINT_CALIPER,کولیس نوک‌تیز,کولیس نوک‌تیز,APPROVED,yes,VARIANT_REQUIRED,metrology_caliper_buyer_range,SUFFIX_GOVERNED,PASS,measurement_range,"{""max"": 150, ""min"": 0}",0–150 میلی‌متر,256,yes,کولیس فک باریک اینسایز (Insize) 15 سانت مدل 150-1183,کولیس نوک‌تیز اینسایز کد 1183-150، 0–150 میلی‌متر,کولیس فک باریک اینسایز (Insize) 15 سانت مدل 150-1183,کولیس نوک‌تیز اینسایز کد 1183-150، 0–150 میلی‌متر,HOLD_OEM_SEMANTIC_EVIDENCE_MISSING,no_identity_registry_entry,manufacturer_code_missing|model_to_code_candidate|uses_model_label|wrong_product_type,no,,yes,NO_DIRECT_TITLE_FALLBACK,yes,no,yes,yes,yes,no
1835,1185-150,3,INSIZE | اینسایز,اینسایز,1185-150,9,EXTERNAL_GROOVE_CALIPER,کولیس شیار خارجی,کولیس شیار خارجی,APPROVED,yes,VARIANT_REQUIRED,metrology_caliper_buyer_range,SUFFIX_GOVERNED,PASS,measurement_range,"{""max"": 150, ""min"": 0}",0–150 میلی‌متر,277,yes,کولیس خارج شیار اینسایز (Insize) 15 سانت مدل 150-1185,کولیس شیار خارجی اینسایز کد 1185-150، 0–150 میلی‌متر,کولیس خارج شیار اینسایز (Insize) 15 سانت مدل 150-1185,کولیس شیار خارجی اینسایز کد 1185-150، 0–150 میلی‌متر,HOLD_OEM_SEMANTIC_EVIDENCE_MISSING,no_identity_registry_entry,manufacturer_code_missing|model_to_code_candidate|uses_model_label|wrong_product_type,no,,yes,NO_DIRECT_TITLE_FALLBACK,yes,no,yes,yes,yes,no
1836,1186-150,3,INSIZE | اینسایز,اینسایز,1186-150,10,OFFSET_CALIPER,کولیس آفست,کولیس آفست,APPROVED,yes,VARIANT_REQUIRED,metrology_caliper_buyer_range,SUFFIX_GOVERNED,PASS,measurement_range,"{""max"": 150, ""min"": 0}",0–150 میلی‌متر,283,yes,کولیس فک متحرک اینسایز (Insize) 15 سانت مدل 150-1186,کولیس آفست اینسایز کد 1186-150، 0–150 میلی‌متر,کولیس فک متحرک اینسایز (Insize) 15 سانت مدل 150-1186,کولیس آفست اینسایز کد 1186-150، 0–150 میلی‌متر,HOLD_OEM_SEMANTIC_EVIDENCE_MISSING,no_identity_registry_entry,manufacturer_code_missing|model_to_code_candidate|uses_model_label|wrong_product_type,no,,yes,NO_DIRECT_TITLE_FALLBACK,yes,no,yes,yes,yes,no
1837,1186-200,3,INSIZE | اینسایز,اینسایز,1186-200,10,OFFSET_CALIPER,کولیس آفست,کولیس آفست,APPROVED,yes,VARIANT_REQUIRED,metrology_caliper_buyer_range,SUFFIX_GOVERNED,PASS,measurement_range,"{""max"": 200, ""min"": 0}",0–200 میلی‌متر,286,yes,کولیس فک متحرک اینسایز (Insize) 20 سانت مدل 200-1186,کولیس آفست اینسایز کد 1186-200، 0–200 میلی‌متر,کولیس فک متحرک اینسایز (Insize) 20 سانت مدل 200-1186,کولیس آفست اینسایز کد 1186-200، 0–200 میلی‌متر,HOLD_OEM_SEMANTIC_EVIDENCE_MISSING,no_identity_registry_entry,manufacturer_code_missing|model_to_code_candidate|uses_model_label|wrong_product_type,no,,yes,NO_DIRECT_TITLE_FALLBACK,no,no,yes,no,no,no
1838,1186-300,3,INSIZE | اینسایز,اینسایز,1186-300,10,OFFSET_CALIPER,کولیس آفست,کولیس آفست,APPROVED,yes,VARIANT_REQUIRED,metrology_caliper_buyer_range,SUFFIX_GOVERNED,PASS,measurement_range,"{""max"": 300, ""min"": 0}",0–300 میلی‌متر,289,yes,کولیس فک متحرک اینسایز (Insize) 30 سانت مدل 300-1186,کولیس آفست اینسایز کد 1186-300، 0–300 میلی‌متر,کولیس فک متحرک اینسایز (Insize) 30 سانت مدل 300-1186,کولیس آفست اینسایز کد 1186-300، 0–300 میلی‌متر,HOLD_OEM_SEMANTIC_EVIDENCE_MISSING,no_identity_registry_entry,manufacturer_code_missing|model_to_code_candidate|uses_model_label|wrong_product_type,no,,yes,NO_DIRECT_TITLE_FALLBACK,no,no,yes,no,no,no
1839,1187-150,3,INSIZE | اینسایز,اینسایز,1187-150,9,EXTERNAL_GROOVE_CALIPER,کولیس شیار خارجی,کولیس شیار خارجی,APPROVED,yes,VARIANT_REQUIRED,metrology_caliper_buyer_range,SUFFIX_GOVERNED,PASS,measurement_range,"{""max"": 150, ""min"": 0}",0–150 میلی‌متر,280,yes,کولیس خارج شیار اینسایز (Insize) 15 سانت مدل 150-1187,کولیس شیار خارجی اینسایز کد 1187-150، 0–150 میلی‌متر,کولیس خارج شیار اینسایز (Insize) 15 سانت مدل 150-1187,کولیس شیار خارجی اینسایز کد 1187-150، 0–150 میلی‌متر,HOLD_OEM_SEMANTIC_EVIDENCE_MISSING,no_identity_registry_entry,manufacturer_code_missing|model_to_code_candidate|uses_model_label|wrong_product_type,no,,yes,NO_DIRECT_TITLE_FALLBACK,yes,no,yes,yes,yes,no
1840,1188-150,3,INSIZE | اینسایز,اینسایز,1188-150,12,BLADE_CALIPER,کولیس تیغه‌ای,کولیس تیغه‌ای,APPROVED,yes,VARIANT_REQUIRED,metrology_caliper_buyer_range,SUFFIX_GOVERNED,PASS,measurement_range,"{""max"": 150, ""min"": 0}",0–150 میلی‌متر,295,yes,کولیس دیجیتال اینسایز (Insize) 15 سانتی متر فک باریک مدل 150-1188,کولیس تیغه‌ای اینسایز کد 1188-150، 0–150 میلی‌متر,کولیس دیجیتال اینسایز (Insize) 15 سانتی متر فک باریک مدل 150-1188,کولیس تیغه‌ای اینسایز کد 1188-150، 0–150 میلی‌متر,HOLD_OEM_SEMANTIC_EVIDENCE_MISSING,no_identity_registry_entry,manufacturer_code_missing|model_to_code_candidate|uses_model_label|wrong_product_type,no,,yes,NO_DIRECT_TITLE_FALLBACK,yes,no,yes,yes,yes,no
1841,1196-300,3,INSIZE | اینسایز,اینسایز,1196-300,1,GEN_CALIPER,کولیس عمومی,,HOLD,no,VARIANT_REQUIRED,metrology_caliper_buyer_range,,N/A,,,,,no,کولیس دیجیتال 30سانت اینسایز مدل 1196-300,,کولیس دیجیتال 30سانت اینسایز مدل 1196-300,,HOLD_PRODUCT_TYPE_NAMING_POLICY,generic_product_type_label,uses_model_label|wrong_product_type,no,,yes,NO_DIRECT_TITLE_FALLBACK,yes,yes,yes,yes,yes,yes
1842,1208-511,3,INSIZE | اینسایز,اینسایز,1208-511,1,GEN_CALIPER,کولیس عمومی,,HOLD,no,VARIANT_REQUIRED,metrology_caliper_buyer_range,,N/A,,,,,no,کولیس 50 سانت اینسایز (Insize) یک تکه فک 10 سانت مدل 511-1208,,کولیس 50 سانت اینسایز (Insize) یک تکه فک 10 سانت مدل 511-1208,,HOLD_PRODUCT_TYPE_NAMING_POLICY,generic_product_type_label,manufacturer_code_missing|uses_model_label|wrong_product_type,no,,yes,NO_DIRECT_TITLE_FALLBACK,yes,no,yes,yes,yes,no
1843,1208-524,3,INSIZE | اینسایز,اینسایز,1208-524,1,GEN_CALIPER,کولیس عمومی,,HOLD,no,VARIANT_REQUIRED,metrology_caliper_buyer_range,,N/A,,,,,no,کولیس 50 سانت اینسایز (Insize) یک تکه فک 15 سانت مدل 524-1208,,کولیس 50 سانت اینسایز (Insize) یک تکه فک 15 سانت مدل 524-1208,,HOLD_PRODUCT_TYPE_NAMING_POLICY,generic_product_type_label,manufacturer_code_missing|uses_model_label|wrong_product_type,no,,yes,NO_DIRECT_TITLE_FALLBACK,yes,no,yes,yes,yes,no
1844,1208-824,3,INSIZE | اینسایز,اینسایز,1208-824,1,GEN_CALIPER,کولیس عمومی,,HOLD,no,VARIANT_REQUIRED,metrology_caliper_buyer_range,,N/A,,,,,no,کولیس 80 سانت اینسایز (Insize) یک تکه فک 15 سانت مدل 824-1208,,کولیس 80 سانت اینسایز (Insize) یک تکه فک 15 سانت مدل 824-1208,,HOLD_PRODUCT_TYPE_NAMING_POLICY,generic_product_type_label,manufacturer_code_missing|uses_model_label|wrong_product_type,no,,yes,NO_DIRECT_TITLE_FALLBACK,yes,no,yes,yes,yes,no
1845,1214-500,3,INSIZE | اینسایز,اینسایز,1214-500,1,GEN_CALIPER,کولیس عمومی,,HOLD,no,VARIANT_REQUIRED,metrology_caliper_buyer_range,,N/A,,,,,no,کولیس استن استیل معمولی 50سانت اینسایز مدل 1214-500,,کولیس استن استیل معمولی 50سانت اینسایز مدل 1214-500,,HOLD_PRODUCT_TYPE_NAMING_POLICY,generic_product_type_label,uses_model_label|wrong_product_type,no,,yes,NO_DIRECT_TITLE_FALLBACK,yes,yes,yes,yes,yes,yes
1846,1214-600,3,INSIZE | اینسایز,اینسایز,1214-600,1,GEN_CALIPER,کولیس عمومی,,HOLD,no,VARIANT_REQUIRED,metrology_caliper_buyer_range,,N/A,,,,,no,کولیس استن استیل معمولی 60سانت اینسایز مدل 1214-600,,کولیس استن استیل معمولی 60سانت اینسایز مدل 1214-600,,HOLD_PRODUCT_TYPE_NAMING_POLICY,generic_product_type_label,uses_model_label|wrong_product_type,no,,yes,NO_DIRECT_TITLE_FALLBACK,yes,yes,yes,yes,yes,yes
1847,1215-1032,3,INSIZE | اینسایز,اینسایز,1215-1032,1,GEN_CALIPER,کولیس عمومی,,HOLD,no,VARIANT_REQUIRED,metrology_caliper_buyer_range,,N/A,,,,,no,کولیس اینسایز (Insize) 1 متری فک بلند مدل 1032-1215,,کولیس اینسایز (Insize) 1 متری فک بلند مدل 1032-1215,,HOLD_PRODUCT_TYPE_NAMING_POLICY,generic_product_type_label,manufacturer_code_missing|uses_model_label|wrong_product_type,no,,yes,NO_DIRECT_TITLE_FALLBACK,yes,no,yes,yes,yes,no
1848,1215-1052,3,INSIZE | اینسایز,اینسایز,1215-1052,1,GEN_CALIPER,کولیس عمومی,,HOLD,no,VARIANT_REQUIRED,metrology_caliper_buyer_range,,N/A,,,,,no,کولیس ورنیه اینسایز( Insize) 100 سانتی متر فک بلند مدل 1052-1215,,کولیس ورنیه اینسایز( Insize) 100 سانتی متر فک بلند مدل 1052-1215,,HOLD_PRODUCT_TYPE_NAMING_POLICY,generic_product_type_label,manufacturer_code_missing|uses_model_label|wrong_product_type,no,,yes,NO_DIRECT_TITLE_FALLBACK,yes,no,yes,yes,yes,no
1849,1215-322,3,INSIZE | اینسایز,اینسایز,1215-322,1,GEN_CALIPER,کولیس عمومی,,HOLD,no,VARIANT_REQUIRED,metrology_caliper_buyer_range,,N/A,,,,,no,کولیس معمولی اینسایز (Insize) 30 سانتی متر فک بلند 15 سانت مدل 322-1215,,کولیس معمولی اینسایز (Insize) 30 سانتی متر فک بلند 15 سانت مدل 322-1215,,HOLD_PRODUCT_TYPE_NAMING_POLICY,generic_product_type_label,manufacturer_code_missing|uses_model_label|wrong_product_type,no,,yes,NO_DIRECT_TITLE_FALLBACK,yes,no,yes,yes,yes,no
1850,1215-392,3,INSIZE | اینسایز,اینسایز,1215-392,1,GEN_CALIPER,کولیس عمومی,,HOLD,no,VARIANT_REQUIRED,metrology_caliper_buyer_range,,N/A,,,,,no,کولیس معمولی اینسایز (Insize) 30 سانتی متر فک بلند 9 سانت مدل 392-1215,,کولیس معمولی اینسایز (Insize) 30 سانتی متر فک بلند 9 سانت مدل 392-1215,,HOLD_PRODUCT_TYPE_NAMING_POLICY,generic_product_type_label,manufacturer_code_missing|uses_model_label|wrong_product_type,no,,yes,NO_DIRECT_TITLE_FALLBACK,yes,no,yes,yes,yes,no
1851,1215-522,3,INSIZE | اینسایز,اینسایز,1215-522,1,GEN_CALIPER,کولیس عمومی,,HOLD,no,VARIANT_REQUIRED,metrology_caliper_buyer_range,,N/A,,,,,no,کولیس معمولی اینسایز (Insize) 50 سانتی متر فک بلند 15 سانت مدل 522-1215,,کولیس معمولی اینسایز (Insize) 50 سانتی متر فک بلند 15 سانت مدل 522-1215,,HOLD_PRODUCT_TYPE_NAMING_POLICY,generic_product_type_label,manufacturer_code_missing|uses_model_label|wrong_product_type,no,,yes,NO_DIRECT_TITLE_FALLBACK,yes,no,yes,yes,yes,no
1852,1215-532,3,INSIZE | اینسایز,اینسایز,1215-532,1,GEN_CALIPER,کولیس عمومی,,HOLD,no,VARIANT_REQUIRED,metrology_caliper_buyer_range,,N/A,,,,,no,کولیس معمولی اینسایز (Insize) 50 سانتی متر فک بلند 20 سانت مدل 532-1215,,کولیس معمولی اینسایز (Insize) 50 سانتی متر فک بلند 20 سانت مدل 532-1215,,HOLD_PRODUCT_TYPE_NAMING_POLICY,generic_product_type_label,manufacturer_code_missing|uses_model_label|wrong_product_type,no,,yes,NO_DIRECT_TITLE_FALLBACK,yes,no,yes,yes,yes,no
1853,1215-622,3,INSIZE | اینسایز,اینسایز,1215-622,1,GEN_CALIPER,کولیس عمومی,,HOLD,no,VARIANT_REQUIRED,metrology_caliper_buyer_range,,N/A,,,,,no,کولیس معمولی اینسایز (Insize) 60 سانتی متر فک بلند 15 سانت مدل 622-1215,,کولیس معمولی اینسایز (Insize) 60 سانتی متر فک بلند 15 سانت مدل 622-1215,,HOLD_PRODUCT_TYPE_NAMING_POLICY,generic_product_type_label,manufacturer_code_missing|uses_model_label|wrong_product_type,no,,yes,NO_DIRECT_TITLE_FALLBACK,yes,no,yes,yes,yes,no
1854,1215-822,3,INSIZE | اینسایز,اینسایز,1215-822,1,GEN_CALIPER,کولیس عمومی,,HOLD,no,VARIANT_REQUIRED,metrology_caliper_buyer_range,,N/A,,,,,no,کولیس معمولی اینسایز (Insize) 80 سانتی متر فک بلند 15 سانت مدل 822-1215,,کولیس معمولی اینسایز (Insize) 80 سانتی متر فک بلند 15 سانت مدل 822-1215,,HOLD_PRODUCT_TYPE_NAMING_POLICY,generic_product_type_label,manufacturer_code_missing|uses_model_label|wrong_product_type,no,,yes,NO_DIRECT_TITLE_FALLBACK,yes,no,yes,yes,yes,no
1855,1217-3001,3,INSIZE | اینسایز,اینسایز,1217-3001,1,GEN_CALIPER,کولیس عمومی,,HOLD,no,VARIANT_REQUIRED,metrology_caliper_buyer_range,,N/A,,,,,no,کولیس اینسایز (Insize) 30 سانتی متر دو فک مدل 3001-1217,,کولیس اینسایز (Insize) 30 سانتی متر دو فک مدل 3001-1217,,HOLD_PRODUCT_TYPE_NAMING_POLICY,generic_product_type_label,manufacturer_code_missing|uses_model_label|wrong_product_type,no,,yes,NO_DIRECT_TITLE_FALLBACK,yes,no,yes,yes,yes,no
1856,1236-394,3,INSIZE | اینسایز,اینسایز,1236-394,1,GEN_CALIPER,کولیس عمومی,,HOLD,no,VARIANT_REQUIRED,metrology_caliper_buyer_range,,N/A,,,,,no,کولیس معمولی اینسایز (Insize) 30 سانت دو فک فک بلند 9 سانت مدل 394-1236,,کولیس معمولی اینسایز (Insize) 30 سانت دو فک فک بلند 9 سانت مدل 394-1236,,HOLD_PRODUCT_TYPE_NAMING_POLICY,generic_product_type_label,manufacturer_code_missing|uses_model_label|wrong_product_type,no,,yes,NO_DIRECT_TITLE_FALLBACK,yes,no,yes,yes,yes,no
1857,1236-524,3,INSIZE | اینسایز,اینسایز,1236-524,1,GEN_CALIPER,کولیس عمومی,,HOLD,no,VARIANT_REQUIRED,metrology_caliper_buyer_range,,N/A,,,,,no,کولیس معمولی اینسایز (Insize) 50 سانت دو فک فک بلند 15سانت مدل 524-1236,,کولیس معمولی اینسایز (Insize) 50 سانت دو فک فک بلند 15سانت مدل 524-1236,,HOLD_PRODUCT_TYPE_NAMING_POLICY,generic_product_type_label,manufacturer_code_missing|uses_model_label|wrong_product_type,no,,yes,NO_DIRECT_TITLE_FALLBACK,yes,no,yes,yes,yes,no
1858,1250-300,3,INSIZE | اینسایز,اینسایز,1250-300,14,HEIGHT_GAUGE,ارتفاع‌سنج,ارتفاع‌سنج,APPROVED,yes,VARIANT_REQUIRED,metrology_working_range,SUFFIX_GOVERNED,PASS,measurement_range,"{""max"": 300.0, ""min"": 0.0}",0–300 میلی‌متر,631,yes,کولیس پایه دار ساده اینسایز (Insize) 30 سانتی متر مدل 300-1250,ارتفاع‌سنج اینسایز کد 1250-300، 0–300 میلی‌متر,کولیس پایه دار ساده اینسایز (Insize) 30 سانتی متر مدل 300-1250,ارتفاع‌سنج اینسایز کد 1250-300، 0–300 میلی‌متر,HOLD_OEM_SEMANTIC_EVIDENCE_MISSING,oem_heading_not_in_canonical_identity_policy,manufacturer_code_missing|model_to_code_candidate|uses_model_label|wrong_product_type,no,,yes,NO_DIRECT_TITLE_FALLBACK,yes,no,yes,yes,yes,no
1859,1250-600,3,INSIZE | اینسایز,اینسایز,1250-600,14,HEIGHT_GAUGE,ارتفاع‌سنج,ارتفاع‌سنج,APPROVED,yes,VARIANT_REQUIRED,metrology_working_range,SUFFIX_GOVERNED,PASS,measurement_range,"{""max"": 600.0, ""min"": 0.0}",0–600 میلی‌متر,634,yes,کولیس معمولی اینسایز (Insize) 60 سانتی متر پایه دار مدل 600-1250,ارتفاع‌سنج اینسایز کد 1250-600، 0–600 میلی‌متر,کولیس معمولی اینسایز (Insize) 60 سانتی متر پایه دار مدل 600-1250,ارتفاع‌سنج اینسایز کد 1250-600، 0–600 میلی‌متر,HOLD_OEM_SEMANTIC_EVIDENCE_MISSING,oem_heading_not_in_canonical_identity_policy,manufacturer_code_missing|model_to_code_candidate|uses_model_label|wrong_product_type,no,,yes,NO_DIRECT_TITLE_FALLBACK,yes,no,yes,yes,yes,no
1870,1520-150,3,INSIZE | اینسایز,اینسایز,1520-150,3,INTERNAL_GROOVE_CALIPER,کولیس شیار داخلی,کولیس شیار داخلی,APPROVED,yes,VARIANT_REQUIRED,metrology_caliper_buyer_range,SUFFIX_GOVERNED,PASS,measurement_range,"{""max"": 150, ""min"": 11}",11–150 میلی‌متر,241,yes,کولیس دیجیتال اینسایز (Insize) 15 سانتی متر شیار سنج مدل 150-1520,کولیس شیار داخلی اینسایز کد 1520-150، 11–150 میلی‌متر,کولیس دیجیتال اینسایز (Insize) 15 سانتی متر شیار سنج مدل 150-1520,کولیس شیار داخلی اینسایز کد 1520-150، 11–150 میلی‌متر,HOLD_OEM_SEMANTIC_EVIDENCE_MISSING,accessory_only_occurrence,manufacturer_code_missing|model_to_code_candidate|uses_model_label|wrong_product_type,no,,yes,NO_DIRECT_TITLE_FALLBACK,yes,no,yes,yes,yes,no
1871,1530-300,3,INSIZE | اینسایز,اینسایز,1530-300,4,INTERCHANGEABLE_POINT_CALIPER,کولیس نوک‌دار تعویض‌شونده,کولیس نوک‌دار تعویض‌شونده,APPROVED,yes,VARIANT_REQUIRED,metrology_caliper_buyer_range,SUFFIX_GOVERNED,PASS,measurement_range,"{""max"": 300, ""min"": 0}",0–300 میلی‌متر,244,yes,کولیس دیجیتال اینسایز (Insize) 30 سانتی متر داخل و خارج سنج مدل 300-1530,کولیس نوک‌دار تعویض‌شونده اینسایز کد 1530-300، 0–300 میلی‌متر,کولیس دیجیتال اینسایز (Insize) 30 سانتی متر داخل و خارج سنج مدل 300-1530,کولیس نوک‌دار تعویض‌شونده اینسایز کد 1530-300، 0–300 میلی‌متر,HOLD_OEM_SEMANTIC_EVIDENCE_MISSING,accessory_only_occurrence,manufacturer_code_missing|model_to_code_candidate|uses_model_label|wrong_product_type,no,,yes,NO_DIRECT_TITLE_FALLBACK,yes,no,yes,yes,yes,no
1872,1530-500,3,INSIZE | اینسایز,اینسایز,1530-500,4,INTERCHANGEABLE_POINT_CALIPER,کولیس نوک‌دار تعویض‌شونده,کولیس نوک‌دار تعویض‌شونده,APPROVED,yes,VARIANT_REQUIRED,metrology_caliper_buyer_range,SUFFIX_GOVERNED,PASS,measurement_range,"{""max"": 500, ""min"": 0}",0–500 میلی‌متر,247,yes,کولیس داخل / خارج دیجیتال اینسایز (Insize) 50 سانت مدل 500-1530,کولیس نوک‌دار تعویض‌شونده اینسایز کد 1530-500، 0–500 میلی‌متر,کولیس داخل / خارج دیجیتال اینسایز (Insize) 50 سانت مدل 500-1530,کولیس نوک‌دار تعویض‌شونده اینسایز کد 1530-500، 0–500 میلی‌متر,HOLD_OEM_SEMANTIC_EVIDENCE_MISSING,accessory_only_occurrence,manufacturer_code_missing|model_to_code_candidate|uses_model_label|wrong_product_type,no,,yes,NO_DIRECT_TITLE_FALLBACK,no,no,yes,no,no,no
1873,2112-101,3,INSIZE | اینسایز,اینسایز,2112-101,17,DIAL_INDICATOR,ساعت اندازه‌گیری,ساعت اندازه‌گیری,APPROVED,yes,VARIANT_REQUIRED,metrology_working_range,SUFFIX_GOVERNED,PASS,measurement_range,"{""max"": 12.7, ""min"": 0.0}",0–12.7 میلی‌متر,670,yes,ساعت اندیکاتور دیجیتال 12.7 میلی متری اینسایز (Insize) مدل 101-2112,ساعت اندازه‌گیری اینسایز کد 2112-101، 0–12.7 میلی‌متر,ساعت اندیکاتور دیجیتال 12.7 میلی متری اینسایز (Insize) مدل 101-2112,ساعت اندازه‌گیری اینسایز کد 2112-101، 0–12.7 میلی‌متر,HOLD_OEM_SEMANTIC_EVIDENCE_MISSING,oem_heading_not_in_canonical_identity_policy,manufacturer_code_missing|model_to_code_candidate|uses_model_label|wrong_product_type,no,,yes,NO_DIRECT_TITLE_FALLBACK,yes,no,yes,yes,yes,no
1874,2112-251,3,INSIZE | اینسایز,اینسایز,2112-251,17,DIAL_INDICATOR,ساعت اندازه‌گیری,ساعت اندازه‌گیری,APPROVED,yes,VARIANT_REQUIRED,metrology_working_range,SUFFIX_GOVERNED,PASS,measurement_range,"{""max"": 25.4, ""min"": 0.0}",0–25.4 میلی‌متر,673,yes,ساعت اندیکاتور کورس دیجیتال 25 میلی متری اینسایز (Insize) مدل 251-2112,ساعت اندازه‌گیری اینسایز کد 2112-251، 0–25.4 میلی‌متر,ساعت اندیکاتور کورس دیجیتال 25 میلی متری اینسایز (Insize) مدل 251-2112,ساعت اندازه‌گیری اینسایز کد 2112-251، 0–25.4 میلی‌متر,HOLD_OEM_SEMANTIC_EVIDENCE_MISSING,oem_heading_not_in_canonical_identity_policy,manufacturer_code_missing|model_to_code_candidate|uses_model_label|wrong_product_type,no,,yes,NO_DIRECT_TITLE_FALLBACK,yes,no,yes,yes,yes,no
1875,2112-501,3,INSIZE | اینسایز,اینسایز,2112-501,17,DIAL_INDICATOR,ساعت اندازه‌گیری,ساعت اندازه‌گیری,APPROVED,yes,VARIANT_REQUIRED,metrology_working_range,SUFFIX_GOVERNED,PASS,measurement_range,"{""max"": 50.8, ""min"": 0.0}",0–50.8 میلی‌متر,676,yes,ساعت اندیکاتور دیجیتال کورس اینسایز (Insize) 50 میلیمتر مدل 501-2112,ساعت اندازه‌گیری اینسایز کد 2112-501، 0–50.8 میلی‌متر,ساعت اندیکاتور دیجیتال کورس اینسایز (Insize) 50 میلیمتر مدل 501-2112,ساعت اندازه‌گیری اینسایز کد 2112-501، 0–50.8 میلی‌متر,HOLD_OEM_SEMANTIC_EVIDENCE_MISSING,oem_heading_not_in_canonical_identity_policy,manufacturer_code_missing|model_to_code_candidate|uses_model_label|wrong_product_type,no,,yes,NO_DIRECT_TITLE_FALLBACK,yes,no,yes,yes,yes,no
1876,2122-160,3,INSIZE | اینسایز,اینسایز,2122-160,18,BORE_GAUGE,بورگیج / گیج داخل سیلندر,,HOLD,no,VARIANT_REQUIRED,bore_gauge_range_required,,N/A,,,,,no,گیج داخل سیلندر اینسایز (Insize) دیجیتال 160-50 میلی متری مدل 160-2122,,گیج داخل سیلندر اینسایز (Insize) دیجیتال 160-50 میلی متری مدل 160-2122,,HOLD_PRODUCT_TYPE_NAMING_POLICY,synonym_or_slash_label,manufacturer_code_missing|uses_model_label|wrong_product_type,no,,yes,NO_DIRECT_TITLE_FALLBACK,yes,no,yes,yes,yes,no
1878,2142-101,3,INSIZE | اینسایز,اینسایز,2142-101,2,DEPTH_GAUGE,عمق‌سنج,عمق‌سنج,APPROVED,yes,VARIANT_REQUIRED,metrology_working_range,SUFFIX_GOVERNED,PASS,measurement_range,"{""max"": 12.7, ""min"": 0.0}",0–12.7 میلی‌متر,571,yes,عمق سنج سوزنی دیجیتال اینسایز (Insize) 0-10 میلیمتر مدل 101-2142,عمق‌سنج اینسایز کد 2142-101، 0–12.7 میلی‌متر,عمق سنج سوزنی دیجیتال اینسایز (Insize) 0-10 میلیمتر مدل 101-2142,عمق‌سنج اینسایز کد 2142-101، 0–12.7 میلی‌متر,READY_RENAME,governed_canonical_name_ready,manufacturer_code_missing|model_to_code_candidate|uses_model_label|wrong_product_type,no,,yes,NO_DIRECT_TITLE_FALLBACK,yes,no,yes,yes,yes,no
1879,2142-102,3,INSIZE | اینسایز,اینسایز,2142-102,2,DEPTH_GAUGE,عمق‌سنج,عمق‌سنج,APPROVED,yes,VARIANT_REQUIRED,metrology_working_range,SUFFIX_GOVERNED,PASS,measurement_range,"{""max"": 12.7, ""min"": 0.0}",0–12.7 میلی‌متر,574,yes,عمق سنج دیجیتال سوزنی اینسایز( INSIZE) مدل 102-2142,عمق‌سنج اینسایز کد 2142-102، 0–12.7 میلی‌متر,عمق سنج دیجیتال سوزنی اینسایز( INSIZE) مدل 102-2142,عمق‌سنج اینسایز کد 2142-102، 0–12.7 میلی‌متر,READY_RENAME,governed_canonical_name_ready,manufacturer_code_missing|model_to_code_candidate|uses_model_label|wrong_product_type,no,,yes,NO_DIRECT_TITLE_FALLBACK,yes,no,yes,yes,yes,no
1880,2171-250,3,INSIZE | اینسایز,اینسایز,2171-250,20,PROTRACTOR,زاویه‌سنج,زاویه‌سنج,APPROVED,yes,VARIANT_NOT_REQUIRED_APPROVED,OEM manufacturer_code identifies protractor model; angle range not in KB contract,VARIANT_NOT_REQUIRED_APPROVED,PASS,,,,,no,زاویه سنج دیجیتال 25سانت اینسایز مدل 2171-250,زاویه‌سنج اینسایز کد 2171-250,زاویه سنج دیجیتال 25سانت اینسایز مدل 2171-250,زاویه‌سنج اینسایز کد 2171-250,READY_RENAME,governed_canonical_name_ready,model_to_code_candidate|uses_model_label|wrong_product_type,no,,yes,NO_DIRECT_TITLE_FALLBACK,yes,yes,yes,yes,yes,yes
1881,2172-360,3,INSIZE | اینسایز,اینسایز,2172-360,,,,,,no,,,,N/A,,,,,no,زاویه سنج دیجیتال اینسایز (Insize) مدل 360-2172,,زاویه سنج دیجیتال اینسایز (Insize) مدل 360-2172,,HOLD_MISSING_PRODUCT_TYPE,product_type_id_null,manufacturer_code_missing|uses_model_label,no,,yes,NO_DIRECT_TITLE_FALLBACK,yes,no,yes,yes,yes,no
1882,2173-360,3,INSIZE | اینسایز,اینسایز,2173-360,,,,,,no,,,,N/A,,,,,no,تراز دیجیتالی مگنت دار 15 سانت اینسایز (Insize) مدل 360-2173,,تراز دیجیتالی مگنت دار 15 سانت اینسایز (Insize) مدل 360-2173,,HOLD_MISSING_PRODUCT_TYPE,product_type_id_null,manufacturer_code_missing|uses_model_label,no,,yes,NO_DIRECT_TITLE_FALLBACK,no,no,yes,no,no,no
1883,2174-225,3,INSIZE | اینسایز,اینسایز,2174-225,20,PROTRACTOR,زاویه‌سنج,زاویه‌سنج,APPROVED,yes,VARIANT_NOT_REQUIRED_APPROVED,OEM manufacturer_code identifies protractor model; angle range not in KB contract,VARIANT_NOT_REQUIRED_APPROVED,PASS,,,,,no,زاویه سنج دیجیتال اینسایز (Insize) 46 سانت آب تراز دار مدل 225-2174,زاویه‌سنج اینسایز کد 2174-225,زاویه سنج دیجیتال اینسایز (Insize) 46 سانت آب تراز دار مدل 225-2174,زاویه‌سنج اینسایز کد 2174-225,READY_RENAME,governed_canonical_name_ready,manufacturer_code_missing|model_to_code_candidate|uses_model_label|wrong_product_type,no,,yes,NO_DIRECT_TITLE_FALLBACK,yes,no,yes,yes,yes,no
1884,2175-360,3,INSIZE | اینسایز,اینسایز,2175-360,20,PROTRACTOR,زاویه‌سنج,زاویه‌سنج,APPROVED,yes,VARIANT_NOT_REQUIRED_APPROVED,OEM manufacturer_code identifies protractor model; angle range not in KB contract,VARIANT_NOT_REQUIRED_APPROVED,PASS,,,,,no,تراز دیجیتال مگنت دار اینسایز (Insize) مدل 360-2175,زاویه‌سنج اینسایز کد 2175-360,تراز دیجیتال مگنت دار اینسایز (Insize) مدل 360-2175,زاویه‌سنج اینسایز کد 2175-360,HOLD_PRODUCT_TYPE_AUTHORITY_CONFLICT,persisted_PROTRACTOR_policy_requires_DIGITAL_LEVEL,manufacturer_code_missing|model_to_code_candidate|uses_model_label|wrong_product_type,no,,yes,NO_DIRECT_TITLE_FALLBACK,yes,no,yes,yes,yes,no
1885,2176-200,3,INSIZE | اینسایز,اینسایز,2176-200,20,PROTRACTOR,زاویه‌سنج,زاویه‌سنج,APPROVED,yes,VARIANT_NOT_REQUIRED_APPROVED,OEM manufacturer_code identifies protractor model; angle range not in KB contract,VARIANT_NOT_REQUIRED_APPROVED,PASS,,,,,no,زاویه سنج دیجیتال اینسایز (Insize) 20 سانت مدل 200-2176,زاویه‌سنج اینسایز کد 2176-200,زاویه سنج دیجیتال اینسایز (Insize) 20 سانت مدل 200-2176,زاویه‌سنج اینسایز کد 2176-200,HOLD_OEM_SEMANTIC_EVIDENCE_MISSING,accessory_only_occurrence,manufacturer_code_missing|model_to_code_candidate|uses_model_label|wrong_product_type,no,,yes,NO_DIRECT_TITLE_FALLBACK,yes,no,yes,yes,yes,no
1886,2176-300,3,INSIZE | اینسایز,اینسایز,2176-300,20,PROTRACTOR,زاویه‌سنج,زاویه‌سنج,APPROVED,yes,VARIANT_NOT_REQUIRED_APPROVED,OEM manufacturer_code identifies protractor model; angle range not in KB contract,VARIANT_NOT_REQUIRED_APPROVED,PASS,,,,,no,زاویه سنج دیجیتال 30سانت اینسایز مدل 2176-300,زاویه‌سنج اینسایز کد 2176-300,زاویه سنج دیجیتال 30سانت اینسایز مدل 2176-300,زاویه‌سنج اینسایز کد 2176-300,HOLD_OEM_SEMANTIC_EVIDENCE_MISSING,accessory_only_occurrence,model_to_code_candidate|uses_model_label|wrong_product_type,no,,yes,NO_DIRECT_TITLE_FALLBACK,yes,yes,yes,yes,yes,yes
1887,2179-360,3,INSIZE | اینسایز,اینسایز,2179-360,20,PROTRACTOR,زاویه‌سنج,زاویه‌سنج,APPROVED,yes,VARIANT_NOT_REQUIRED_APPROVED,OEM manufacturer_code identifies protractor model; angle range not in KB contract,VARIANT_NOT_REQUIRED_APPROVED,PASS,,,,,no,تراز دیجیتال مگنت دار 15سانت اینسایز مدل 2179-360,زاویه‌سنج اینسایز کد 2179-360,تراز دیجیتال مگنت دار 15سانت اینسایز مدل 2179-360,زاویه‌سنج اینسایز کد 2179-360,HOLD_PRODUCT_TYPE_AUTHORITY_CONFLICT,persisted_PROTRACTOR_policy_requires_DIGITAL_LEVEL,model_to_code_candidate|uses_model_label|wrong_product_type,no,,yes,NO_DIRECT_TITLE_FALLBACK,yes,yes,yes,yes,yes,yes
1888,2222-301,3,INSIZE | اینسایز,اینسایز,2222-301,21,INDICATING_CALIPER,پرگار نشان‌گر,پرگار نشان‌گر,APPROVED,yes,VARIANT_REQUIRED,metrology_caliper_buyer_range,SUFFIX_GOVERNED,PASS,measurement_range,"{""max"": 30.0, ""min"": 10.0}",10–30 میلی‌متر,1129,yes,پرگار داخل سنج ساعتی 30-10 میلی‌ متر اینسایز (Insize) مدل 301-2222,پرگار نشان‌گر اینسایز کد 2222-301، 10–30 میلی‌متر,پرگار داخل سنج ساعتی 30-10 میلی‌ متر اینسایز (Insize) مدل 301-2222,پرگار نشان‌گر اینسایز کد 2222-301، 10–30 میلی‌متر,HOLD_OEM_SEMANTIC_EVIDENCE_MISSING,accessory_only_occurrence,manufacturer_code_missing|model_to_code_candidate|uses_model_label|wrong_product_type,no,,yes,NO_DIRECT_TITLE_FALLBACK,yes,no,yes,yes,yes,no
1889,2223-153,3,INSIZE | اینسایز,اینسایز,2223-153,21,INDICATING_CALIPER,پرگار نشان‌گر,پرگار نشان‌گر,APPROVED,yes,VARIANT_REQUIRED,metrology_caliper_buyer_range,SUFFIX_GOVERNED,PASS,measurement_range,"{""max"": 153.0, ""min"": 55.0}",55–153 میلی‌متر,1132,yes,پرگار ساعتی داخل 55-153 میلی متری اینسایز (Insize) مدل 153-2223,پرگار نشان‌گر اینسایز کد 2223-153، 55–153 میلی‌متر,پرگار ساعتی داخل 55-153 میلی متری اینسایز (Insize) مدل 153-2223,پرگار نشان‌گر اینسایز کد 2223-153، 55–153 میلی‌متر,READY_RENAME,governed_canonical_name_ready,manufacturer_code_missing|model_to_code_candidate|uses_model_label|wrong_product_type,no,,yes,NO_DIRECT_TITLE_FALLBACK,yes,no,yes,yes,yes,no
1890,2275-300,3,INSIZE | اینسایز,اینسایز,2275-300,35,ENGINEERS_SQUARE,گونیا مهندسی,گونیا مهندسی,APPROVED,yes,VARIANT_NOT_REQUIRED_APPROVED,OEM manufacturer_code identifies square size family; no governed range fact contract,VARIANT_NOT_REQUIRED_APPROVED,PASS,,,,,no,گونیا 170 در 300 اینسایز (Insize) مدل 300-2275,گونیا مهندسی اینسایز کد 2275-300,گونیا 170 در 300 اینسایز (Insize) مدل 300-2275,گونیا مهندسی اینسایز کد 2275-300,HOLD_OEM_SEMANTIC_EVIDENCE_MISSING,accessory_only_occurrence,manufacturer_code_missing|model_to_code_candidate|uses_model_label|wrong_product_type,no,,yes,NO_DIRECT_TITLE_FALLBACK,no,no,yes,no,no,no
1891,2278-180,3,INSIZE | اینسایز,اینسایز,2278-180,,,,,,no,,,,N/A,,,,,no,زاویه سنج 3تکه اینسایز مدل 2278-180,,زاویه سنج 3تکه اینسایز مدل 2278-180,,HOLD_MISSING_PRODUCT_TYPE,product_type_id_null,uses_model_label,no,,yes,NO_DIRECT_TITLE_FALLBACK,yes,yes,yes,yes,yes,yes
1892,2281-360,3,INSIZE | اینسایز,اینسایز,2281-360,38,ANGLE_GAUGE,گیج زاویه,گیج زاویه,APPROVED,yes,VARIANT_NOT_REQUIRED_APPROVED,angle_gauge_oem_identity_sufficient; OEM manufacturer_code uniquely identifies commercial model; no single governed specification required for title identity,VARIANT_NOT_REQUIRED_APPROVED,PASS,,,,,no,زاویه سنج اینسایز (Insize) 20 سانت مدل 360-2281,گیج زاویه اینسایز کد 2281-360,زاویه سنج اینسایز (Insize) 20 سانت مدل 360-2281,گیج زاویه اینسایز کد 2281-360,READY_RENAME,governed_canonical_name_ready,manufacturer_code_missing|model_to_code_candidate|uses_model_label|wrong_product_type,no,,yes,NO_DIRECT_TITLE_FALLBACK,yes,no,yes,yes,yes,no
1893,2307-105,3,INSIZE | اینسایز,اینسایز,2307-105,17,DIAL_INDICATOR,ساعت اندازه‌گیری,ساعت اندازه‌گیری,APPROVED,yes,VARIANT_REQUIRED,metrology_working_range,SUFFIX_GOVERNED,PASS,measurement_range,"{""max"": 25.4, ""min"": 0.0}",0–25.4 میلی‌متر,679,yes,ساعت اینچی اندیکاتور اینسایز (Insize) مدل 105-2307,ساعت اندازه‌گیری اینسایز کد 2307-105، 0–25.4 میلی‌متر,ساعت اینچی اندیکاتور اینسایز (Insize) مدل 105-2307,ساعت اندازه‌گیری اینسایز کد 2307-105، 0–25.4 میلی‌متر,HOLD_OEM_SEMANTIC_EVIDENCE_MISSING,accessory_only_occurrence,manufacturer_code_missing|model_to_code_candidate|uses_model_label|wrong_product_type,no,,yes,NO_DIRECT_TITLE_FALLBACK,yes,no,yes,yes,yes,no
1894,2322-160,3,INSIZE | اینسایز,اینسایز,2322-160,18,BORE_GAUGE,بورگیج / گیج داخل سیلندر,,HOLD,no,VARIANT_REQUIRED,bore_gauge_range_required,,N/A,,,,,no,بورگیج داخل سیلندر اینسایز (Insize) 160-50 میلی متری مدل 160-2322,,بورگیج داخل سیلندر اینسایز (Insize) 160-50 میلی متری مدل 160-2322,,HOLD_PRODUCT_TYPE_NAMING_POLICY,synonym_or_slash_label,manufacturer_code_missing|uses_model_label|wrong_product_type,no,,yes,NO_DIRECT_TITLE_FALLBACK,no,no,yes,no,no,no
1895,2322-250,3,INSIZE | اینسایز,اینسایز,2322-250,18,BORE_GAUGE,بورگیج / گیج داخل سیلندر,,HOLD,no,VARIANT_REQUIRED,bore_gauge_range_required,,N/A,,,,,no,بورگیج داخل سیلندر اینسایز (Insize) 250-160 میلی متری مدل 250-2322,,بورگیج داخل سیلندر اینسایز (Insize) 250-160 میلی متری مدل 250-2322,,HOLD_PRODUCT_TYPE_NAMING_POLICY,synonym_or_slash_label,manufacturer_code_missing|uses_model_label|wrong_product_type,no,,yes,NO_DIRECT_TITLE_FALLBACK,no,no,yes,no,no,no
1896,2322-450,3,INSIZE | اینسایز,اینسایز,2322-450,18,BORE_GAUGE,بورگیج / گیج داخل سیلندر,,HOLD,no,VARIANT_REQUIRED,bore_gauge_range_required,,N/A,,,,,no,بورگیج داخل سیلندر اینسایز (Insize) 450-250 میلی متری مدل 450-2322,,بورگیج داخل سیلندر اینسایز (Insize) 450-250 میلی متری مدل 450-2322,,HOLD_PRODUCT_TYPE_NAMING_POLICY,synonym_or_slash_label,manufacturer_code_missing|uses_model_label|wrong_product_type,no,,yes,NO_DIRECT_TITLE_FALLBACK,no,no,yes,no,no,no
1897,2333-201,3,INSIZE | اینسایز,اینسایز,2333-201,21,INDICATING_CALIPER,پرگار نشان‌گر,پرگار نشان‌گر,APPROVED,yes,VARIANT_REQUIRED,metrology_caliper_buyer_range,SUFFIX_GOVERNED,PASS,measurement_range,"{""max"": 20.0, ""min"": 0.0}",0–20 میلی‌متر,1135,yes,پرگار خارج سنج اینسایز (Insize) ساعتی 20 میلی متر مدل 201-2333,پرگار نشان‌گر اینسایز کد 2333-201، 0–20 میلی‌متر,پرگار خارج سنج اینسایز (Insize) ساعتی 20 میلی متر مدل 201-2333,پرگار نشان‌گر اینسایز کد 2333-201، 0–20 میلی‌متر,HOLD_OEM_SEMANTIC_EVIDENCE_MISSING,accessory_only_occurrence,manufacturer_code_missing|model_to_code_candidate|uses_model_label|wrong_product_type,no,,yes,NO_DIRECT_TITLE_FALLBACK,yes,no,yes,yes,yes,no
1898,2341-101,3,INSIZE | اینسایز,اینسایز,2341-101,2,DEPTH_GAUGE,عمق‌سنج,عمق‌سنج,APPROVED,yes,VARIANT_REQUIRED,metrology_working_range,SUFFIX_GOVERNED,PASS,measurement_range,"{""max"": 10.0, ""min"": 0.0}",0–10 میلی‌متر,577,yes,عمق سنج ساعتی 1 سانتی اینساز (Insize) مدل 101-2341,عمق‌سنج اینسایز کد 2341-101، 0–10 میلی‌متر,عمق سنج ساعتی 1 سانتی اینساز (Insize) مدل 101-2341,عمق‌سنج اینسایز کد 2341-101، 0–10 میلی‌متر,HOLD_OEM_SEMANTIC_EVIDENCE_MISSING,no_identity_registry_entry,brand_missing|manufacturer_code_missing|model_to_code_candidate|uses_model_label|wrong_product_type,no,,yes,NO_DIRECT_TITLE_FALLBACK,yes,no,yes,yes,yes,no
1899,2342-202,3,INSIZE | اینسایز,اینسایز,2342-202,2,DEPTH_GAUGE,عمق‌سنج,عمق‌سنج,APPROVED,yes,VARIANT_REQUIRED,metrology_working_range,SUFFIX_GOVERNED,PASS,measurement_range,"{""max"": 300.0, ""min"": 0.0}",0–300 میلی‌متر,580,yes,عمق سنج ساعتی اینسایز (Insize) 300 میلی متر مدل 202-2342,عمق‌سنج اینسایز کد 2342-202، 0–300 میلی‌متر,عمق سنج ساعتی اینسایز (Insize) 300 میلی متر مدل 202-2342,عمق‌سنج اینسایز کد 2342-202، 0–300 میلی‌متر,HOLD_OEM_SEMANTIC_EVIDENCE_MISSING,accessory_only_occurrence,manufacturer_code_missing|model_to_code_candidate|uses_model_label|wrong_product_type,no,,yes,NO_DIRECT_TITLE_FALLBACK,yes,no,yes,yes,yes,no
1900,2343-102,3,INSIZE | اینسایز,اینسایز,2343-102,2,DEPTH_GAUGE,عمق‌سنج,عمق‌سنج,APPROVED,yes,VARIANT_REQUIRED,metrology_working_range,SUFFIX_GOVERNED,PASS,measurement_range,"{""max"": 10.0, ""min"": 0.0}",0–10 میلی‌متر,583,yes,عمق سنج سوزنی ساعتی 10-0 میلی متری اینساز (Insize) مدل 102-2343,عمق‌سنج اینسایز کد 2343-102، 0–10 میلی‌متر,عمق سنج سوزنی ساعتی 10-0 میلی متری اینساز (Insize) مدل 102-2343,عمق‌سنج اینسایز کد 2343-102، 0–10 میلی‌متر,HOLD_OEM_SEMANTIC_EVIDENCE_MISSING,accessory_only_occurrence,brand_missing|manufacturer_code_missing|model_to_code_candidate|uses_model_label|wrong_product_type,no,,yes,NO_DIRECT_TITLE_FALLBACK,yes,no,yes,yes,yes,no
1901,2372-360,3,INSIZE | اینسایز,اینسایز,2372-360,20,PROTRACTOR,زاویه‌سنج,زاویه‌سنج,APPROVED,yes,VARIANT_NOT_REQUIRED_APPROVED,OEM manufacturer_code identifies protractor model; angle range not in KB contract,VARIANT_NOT_REQUIRED_APPROVED,PASS,,,,,no,زاویه سنج ذره بینی اینسایز مدل 2372-360,زاویه‌سنج اینسایز کد 2372-360,زاویه سنج ذره بینی اینسایز مدل 2372-360,زاویه‌سنج اینسایز کد 2372-360,READY_RENAME,governed_canonical_name_ready,model_to_code_candidate|uses_model_label|wrong_product_type,no,,yes,NO_DIRECT_TITLE_FALLBACK,yes,yes,yes,yes,yes,yes
1902,2373-360,3,INSIZE | اینسایز,اینسایز,2373-360,20,PROTRACTOR,زاویه‌سنج,زاویه‌سنج,APPROVED,yes,VARIANT_NOT_REQUIRED_APPROVED,OEM manufacturer_code identifies protractor model; angle range not in KB contract,VARIANT_NOT_REQUIRED_APPROVED,PASS,,,,,no,زاویه سنج ساعتی اینسایز (Insize) مدل 360-2373,زاویه‌سنج اینسایز کد 2373-360,زاویه سنج ساعتی اینسایز (Insize) مدل 360-2373,زاویه‌سنج اینسایز کد 2373-360,READY_RENAME,governed_canonical_name_ready,manufacturer_code_missing|model_to_code_candidate|uses_model_label|wrong_product_type,no,,yes,NO_DIRECT_TITLE_FALLBACK,yes,no,yes,yes,yes,no
1903,2374-320,3,INSIZE | اینسایز,اینسایز,2374-320,20,PROTRACTOR,زاویه‌سنج,زاویه‌سنج,APPROVED,yes,VARIANT_NOT_REQUIRED_APPROVED,OEM manufacturer_code identifies protractor model; angle range not in KB contract,VARIANT_NOT_REQUIRED_APPROVED,PASS,,,,,no,زاویه سنج اینسایز (Insize) مدل 320-2374,زاویه‌سنج اینسایز کد 2374-320,زاویه سنج اینسایز (Insize) مدل 320-2374,زاویه‌سنج اینسایز کد 2374-320,HOLD_OEM_SEMANTIC_EVIDENCE_MISSING,accessory_only_occurrence,manufacturer_code_missing|model_to_code_candidate|uses_model_label|wrong_product_type,no,,yes,NO_DIRECT_TITLE_FALLBACK,yes,no,yes,yes,yes,no
1904,2381-021,3,INSIZE | اینسایز,اینسایز,2381-021,16,TEST_INDICATOR,ساعت اهرمی,ساعت اهرمی,APPROVED,yes,VARIANT_REQUIRED,metrology_working_range,SUFFIX_GOVERNED,PASS,measurement_range,"{""max"": 0.2, ""min"": 0.0}",0–0.2 میلی‌متر,655,yes,ساعت شیطانکی هزارم صفحه بزرگ اینسایز مدل 2381-021,ساعت اهرمی اینسایز کد 2381-021، 0–0.2 میلی‌متر,ساعت شیطانکی هزارم صفحه بزرگ اینسایز مدل 2381-021,ساعت اهرمی اینسایز کد 2381-021، 0–0.2 میلی‌متر,READY_RENAME,governed_canonical_name_ready,model_to_code_candidate|uses_model_label|wrong_product_type,no,,yes,NO_DIRECT_TITLE_FALLBACK,yes,yes,yes,yes,yes,yes
1905,2711-165,3,INSIZE | اینسایز,اینسایز,2711-165,21,INDICATING_CALIPER,پرگار نشان‌گر,پرگار نشان‌گر,APPROVED,yes,VARIANT_REQUIRED,metrology_caliper_buyer_range,SUFFIX_GOVERNED,PASS,measurement_range,"{""max"": 165.0, ""min"": 12.7}",12.7–165 میلی‌متر,1138,yes,پرگار دیجیتال داخل اینسایز (Insize) 12.7-165 میلی متر مدل 165-2711,پرگار نشان‌گر اینسایز کد 2711-165، 12.7–165 میلی‌متر,پرگار دیجیتال داخل اینسایز (Insize) 12.7-165 میلی متر مدل 165-2711,پرگار نشان‌گر اینسایز کد 2711-165، 12.7–165 میلی‌متر,READY_RENAME,governed_canonical_name_ready,manufacturer_code_missing|model_to_code_candidate|uses_model_label|wrong_product_type,no,,yes,NO_DIRECT_TITLE_FALLBACK,yes,no,yes,yes,yes,no
1906,2711-216,3,INSIZE | اینسایز,اینسایز,2711-216,21,INDICATING_CALIPER,پرگار نشان‌گر,پرگار نشان‌گر,APPROVED,yes,VARIANT_REQUIRED,metrology_caliper_buyer_range,SUFFIX_GOVERNED,PASS,measurement_range,"{""max"": 216.0, ""min"": 12.7}",12.7–216 میلی‌متر,1141,yes,پرگار دیجیتال اینسایز (Insize) مدل 216-2711,پرگار نشان‌گر اینسایز کد 2711-216، 12.7–216 میلی‌متر,پرگار دیجیتال اینسایز (Insize) مدل 216-2711,پرگار نشان‌گر اینسایز کد 2711-216، 12.7–216 میلی‌متر,READY_RENAME,governed_canonical_name_ready,manufacturer_code_missing|model_to_code_candidate|uses_model_label|wrong_product_type,no,,yes,NO_DIRECT_TITLE_FALLBACK,yes,no,yes,yes,yes,no
1907,2771-360,3,INSIZE | اینسایز,اینسایز,2771-360,20,PROTRACTOR,زاویه‌سنج,زاویه‌سنج,APPROVED,yes,VARIANT_NOT_REQUIRED_APPROVED,OEM manufacturer_code identifies protractor model; angle range not in KB contract,VARIANT_NOT_REQUIRED_APPROVED,PASS,,,,,no,زاویه‌ سنج دیجیتال 360 درجه اینسایز (Insize) مدل 360-2771,زاویه‌سنج اینسایز کد 2771-360,زاویه‌ سنج دیجیتال 360 درجه اینسایز (Insize) مدل 360-2771,زاویه‌سنج اینسایز کد 2771-360,READY_RENAME,governed_canonical_name_ready,manufacturer_code_missing|model_to_code_candidate|uses_model_label|wrong_product_type,no,,yes,NO_DIRECT_TITLE_FALLBACK,yes,no,yes,yes,yes,no
1908,2825-160,3,INSIZE | اینسایز,اینسایز,2825-160,18,BORE_GAUGE,بورگیج / گیج داخل سیلندر,,HOLD,no,VARIANT_REQUIRED,bore_gauge_range_required,,N/A,,,,,no,گیج داخل سیلندر ساعتی اینسایز (Insize) 50-160 میلیمتر مدل 160-2825,,گیج داخل سیلندر ساعتی اینسایز (Insize) 50-160 میلیمتر مدل 160-2825,,HOLD_PRODUCT_TYPE_NAMING_POLICY,synonym_or_slash_label,manufacturer_code_missing|uses_model_label|wrong_product_type,no,,yes,NO_DIRECT_TITLE_FALLBACK,yes,no,yes,yes,yes,no
1909,2827-160,3,INSIZE | اینسایز,اینسایز,2827-160,18,BORE_GAUGE,بورگیج / گیج داخل سیلندر,,HOLD,no,VARIANT_REQUIRED,bore_gauge_range_required,,N/A,,,,,no,گیج داخل سیلندر اینسایز (Insize) 160-50 مدل 160-2827,,گیج داخل سیلندر اینسایز (Insize) 160-50 مدل 160-2827,,HOLD_PRODUCT_TYPE_NAMING_POLICY,synonym_or_slash_label,manufacturer_code_missing|uses_model_label|wrong_product_type,no,,yes,NO_DIRECT_TITLE_FALLBACK,no,no,yes,no,no,no
1911,2841-300,3,INSIZE | اینسایز,اینسایز,2841-300,22,SHAFT_GAUGE,گیج شفت,گیج شفت,APPROVED,yes,VARIANT_NOT_REQUIRED_APPROVED,OEM manufacturer_code identifies shaft gauge model; OEM manufacturer_code uniquely identifies commercial model; no single governed specification required for title identity,VARIANT_NOT_REQUIRED_APPROVED,PASS,,,,,no,گیج شفت اینسایز (Insize) 60-300 مدل 300-2841,گیج شفت اینسایز کد 2841-300,گیج شفت اینسایز (Insize) 60-300 مدل 300-2841,گیج شفت اینسایز کد 2841-300,HOLD_OEM_SEMANTIC_EVIDENCE_MISSING,accessory_only_occurrence,manufacturer_code_missing|model_to_code_candidate|uses_model_label,no,,yes,NO_DIRECT_TITLE_FALLBACK,yes,no,yes,yes,yes,no
1912,2841-500,3,INSIZE | اینسایز,اینسایز,2841-500,22,SHAFT_GAUGE,گیج شفت,گیج شفت,APPROVED,yes,VARIANT_NOT_REQUIRED_APPROVED,OEM manufacturer_code identifies shaft gauge model; OEM manufacturer_code uniquely identifies commercial model; no single governed specification required for title identity,VARIANT_NOT_REQUIRED_APPROVED,PASS,,,,,no,گیج شفت اینسایز (Insize) مدل 500-2841,گیج شفت اینسایز کد 2841-500,گیج شفت اینسایز (Insize) مدل 500-2841,گیج شفت اینسایز کد 2841-500,HOLD_OEM_SEMANTIC_EVIDENCE_MISSING,accessory_only_occurrence,manufacturer_code_missing|model_to_code_candidate|uses_model_label,no,,yes,NO_DIRECT_TITLE_FALLBACK,yes,no,yes,yes,yes,no
1913,2862-102,3,INSIZE | اینسایز,اینسایز,2862-102,23,THICKNESS_GAUGE,ضخامت‌سنج,ضخامت‌سنج,APPROVED,yes,VARIANT_REQUIRED,metrology_working_range,SUFFIX_GOVERNED,PASS,measurement_range,"{""max"": 10.0, ""min"": 0.0}",0–10 میلی‌متر,1078,yes,ضخامت سنج ساعتی 10 میلی متری اینسایز (Insize) مدل 102-2862,ضخامت‌سنج اینسایز کد 2862-102، 0–10 میلی‌متر,ضخامت سنج ساعتی 10 میلی متری اینسایز (Insize) مدل 102-2862,ضخامت‌سنج اینسایز کد 2862-102، 0–10 میلی‌متر,HOLD_OEM_SEMANTIC_EVIDENCE_MISSING,accessory_only_occurrence,manufacturer_code_missing|model_to_code_candidate|uses_model_label|wrong_product_type,no,,yes,NO_DIRECT_TITLE_FALLBACK,yes,no,yes,yes,yes,no
1914,2871-101,3,INSIZE | اینسایز,اینسایز,2871-101,23,THICKNESS_GAUGE,ضخامت‌سنج,ضخامت‌سنج,APPROVED,yes,VARIANT_REQUIRED,metrology_working_range,SUFFIX_GOVERNED,PASS,measurement_range,"{""max"": 10.0, ""min"": 0.0}",0–10 میلی‌متر,1081,yes,ضخامت سنج دیجیتال اینسایز مدل 2871-101,ضخامت‌سنج اینسایز کد 2871-101، 0–10 میلی‌متر,ضخامت سنج دیجیتال اینسایز مدل 2871-101,ضخامت‌سنج اینسایز کد 2871-101، 0–10 میلی‌متر,HOLD_OEM_SEMANTIC_EVIDENCE_MISSING,accessory_only_occurrence,model_to_code_candidate|uses_model_label|wrong_product_type,no,,yes,NO_DIRECT_TITLE_FALLBACK,yes,yes,yes,yes,yes,yes
1915,3101-225,3,INSIZE | اینسایز,اینسایز,3101-225,13,OUTSIDE_MICROMETER,میکرومتر خارج‌سنج,میکرومتر خارج‌سنج,APPROVED,yes,VARIANT_REQUIRED,metrology_micrometer_buyer_range,SUFFIX_GOVERNED,PASS,measurement_range,"{""max"": 225.0, ""min"": 200.0}",200–225 میلی‌متر,298,yes,میکرومتر دیجیتال اینسایز (Insize) خارج سنج 200-225 میلی متر مدل 225-3101,میکرومتر خارج‌سنج اینسایز کد 3101-225، 200–225 میلی‌متر,میکرومتر دیجیتال اینسایز (Insize) خارج سنج 200-225 میلی متر مدل 225-3101,میکرومتر خارج‌سنج اینسایز کد 3101-225، 200–225 میلی‌متر,HOLD_OEM_SEMANTIC_EVIDENCE_MISSING,no_identity_registry_entry,manufacturer_code_missing|model_to_code_candidate|uses_model_label|wrong_product_type,no,,yes,NO_DIRECT_TITLE_FALLBACK,yes,no,yes,yes,yes,no
1916,3101-250,3,INSIZE | اینسایز,اینسایز,3101-250,13,OUTSIDE_MICROMETER,میکرومتر خارج‌سنج,میکرومتر خارج‌سنج,APPROVED,yes,VARIANT_REQUIRED,metrology_micrometer_buyer_range,SUFFIX_GOVERNED,PASS,measurement_range,"{""max"": 250.0, ""min"": 225.0}",225–250 میلی‌متر,301,yes,میکرومتر دیجیتال اینسایز (Insize) خارج سنج 225-250 میلی متر مدل 250-3101,میکرومتر خارج‌سنج اینسایز کد 3101-250، 225–250 میلی‌متر,میکرومتر دیجیتال اینسایز (Insize) خارج سنج 225-250 میلی متر مدل 250-3101,میکرومتر خارج‌سنج اینسایز کد 3101-250، 225–250 میلی‌متر,HOLD_OEM_SEMANTIC_EVIDENCE_MISSING,no_identity_registry_entry,manufacturer_code_missing|model_to_code_candidate|uses_model_label|wrong_product_type,no,,yes,NO_DIRECT_TITLE_FALLBACK,no,no,yes,no,no,no
1917,3101-275,3,INSIZE | اینسایز,اینسایز,3101-275,13,OUTSIDE_MICROMETER,میکرومتر خارج‌سنج,میکرومتر خارج‌سنج,APPROVED,yes,VARIANT_REQUIRED,metrology_micrometer_buyer_range,SUFFIX_GOVERNED,PASS,measurement_range,"{""max"": 275.0, ""min"": 250.0}",250–275 میلی‌متر,304,yes,میکرومتر دیجیتال اینسایز (Insize) خارج سنج 250-275 میلی متر مدل 275-3101,میکرومتر خارج‌سنج اینسایز کد 3101-275، 250–275 میلی‌متر,میکرومتر دیجیتال اینسایز (Insize) خارج سنج 250-275 میلی متر مدل 275-3101,میکرومتر خارج‌سنج اینسایز کد 3101-275، 250–275 میلی‌متر,HOLD_OEM_SEMANTIC_EVIDENCE_MISSING,no_identity_registry_entry,manufacturer_code_missing|model_to_code_candidate|uses_model_label|wrong_product_type,no,,yes,NO_DIRECT_TITLE_FALLBACK,yes,no,yes,yes,yes,no
1918,3101-300,3,INSIZE | اینسایز,اینسایز,3101-300,13,OUTSIDE_MICROMETER,میکرومتر خارج‌سنج,میکرومتر خارج‌سنج,APPROVED,yes,VARIANT_REQUIRED,metrology_micrometer_buyer_range,SUFFIX_GOVERNED,PASS,measurement_range,"{""max"": 300.0, ""min"": 275.0}",275–300 میلی‌متر,307,yes,میکرومتر دیجیتال اینسایز (Insize) خارج سنج 275-300 میلی متر مدل 300-3101,میکرومتر خارج‌سنج اینسایز کد 3101-300، 275–300 میلی‌متر,میکرومتر دیجیتال اینسایز (Insize) خارج سنج 275-300 میلی متر مدل 300-3101,میکرومتر خارج‌سنج اینسایز کد 3101-300، 275–300 میلی‌متر,HOLD_OEM_SEMANTIC_EVIDENCE_MISSING,no_identity_registry_entry,manufacturer_code_missing|model_to_code_candidate|uses_model_label|wrong_product_type,no,,yes,NO_DIRECT_TITLE_FALLBACK,yes,no,yes,yes,yes,no
1919,3108-100,3,INSIZE | اینسایز,اینسایز,3108-100,13,OUTSIDE_MICROMETER,میکرومتر خارج‌سنج,میکرومتر خارج‌سنج,APPROVED,yes,VARIANT_REQUIRED,metrology_micrometer_buyer_range,SUFFIX_GOVERNED,PASS,measurement_range,"{""max"": 100.0, ""min"": 75.0}",75–100 میلی‌متر,310,yes,میکرومتر دیجیتال اینسایز (Insize) 100-75 میلی متر خارج سنج مدل 100-3108,میکرومتر خارج‌سنج اینسایز کد 3108-100، 75–100 میلی‌متر,میکرومتر دیجیتال اینسایز (Insize) 100-75 میلی متر خارج سنج مدل 100-3108,میکرومتر خارج‌سنج اینسایز کد 3108-100، 75–100 میلی‌متر,HOLD_OEM_SEMANTIC_EVIDENCE_MISSING,no_identity_registry_entry,manufacturer_code_missing|model_to_code_candidate|uses_model_label|wrong_product_type,no,,yes,NO_DIRECT_TITLE_FALLBACK,yes,no,yes,yes,yes,no
1920,3109-100,3,INSIZE | اینسایز,اینسایز,3109-100,13,OUTSIDE_MICROMETER,میکرومتر خارج‌سنج,میکرومتر خارج‌سنج,APPROVED,yes,VARIANT_REQUIRED,metrology_micrometer_buyer_range,SUFFIX_GOVERNED,PASS,measurement_range,"{""max"": 100.0, ""min"": 75.0}",75–100 میلی‌متر,313,yes,میکرومتر دیجیتال اینسایز (Insize) 100-75 میلی متر خارج سنج مدل 100-3109,میکرومتر خارج‌سنج اینسایز کد 3109-100، 75–100 میلی‌متر,میکرومتر دیجیتال اینسایز (Insize) 100-75 میلی متر خارج سنج مدل 100-3109,میکرومتر خارج‌سنج اینسایز کد 3109-100، 75–100 میلی‌متر,HOLD_OEM_SEMANTIC_EVIDENCE_MISSING,no_identity_registry_entry,manufacturer_code_missing|model_to_code_candidate|uses_model_label|wrong_product_type,no,,yes,NO_DIRECT_TITLE_FALLBACK,yes,no,yes,yes,yes,no
1921,3109-125,3,INSIZE | اینسایز,اینسایز,3109-125,13,OUTSIDE_MICROMETER,میکرومتر خارج‌سنج,میکرومتر خارج‌سنج,APPROVED,yes,VARIANT_REQUIRED,metrology_micrometer_buyer_range,SUFFIX_GOVERNED,PASS,measurement_range,"{""max"": 125.0, ""min"": 100.0}",100–125 میلی‌متر,316,yes,میکرومتر دیجیتال اینسایز (Insize) 125-100 میلی متر خارج سنج مدل 125-3109,میکرومتر خارج‌سنج اینسایز کد 3109-125، 100–125 میلی‌متر,میکرومتر دیجیتال اینسایز (Insize) 125-100 میلی متر خارج سنج مدل 125-3109,میکرومتر خارج‌سنج اینسایز کد 3109-125، 100–125 میلی‌متر,HOLD_OEM_SEMANTIC_EVIDENCE_MISSING,no_identity_registry_entry,manufacturer_code_missing|model_to_code_candidate|uses_model_label|wrong_product_type,no,,yes,NO_DIRECT_TITLE_FALLBACK,no,no,yes,no,no,no
1922,3109-150,3,INSIZE | اینسایز,اینسایز,3109-150,13,OUTSIDE_MICROMETER,میکرومتر خارج‌سنج,میکرومتر خارج‌سنج,APPROVED,yes,VARIANT_REQUIRED,metrology_micrometer_buyer_range,SUFFIX_GOVERNED,PASS,measurement_range,"{""max"": 150.0, ""min"": 125.0}",125–150 میلی‌متر,319,yes,میکرومتر دیجیتال اینسایز (Insize) 150-125 میلی متر خارج سنج مدل 150-3109,میکرومتر خارج‌سنج اینسایز کد 3109-150، 125–150 میلی‌متر,میکرومتر دیجیتال اینسایز (Insize) 150-125 میلی متر خارج سنج مدل 150-3109,میکرومتر خارج‌سنج اینسایز کد 3109-150، 125–150 میلی‌متر,HOLD_OEM_SEMANTIC_EVIDENCE_MISSING,no_identity_registry_entry,manufacturer_code_missing|model_to_code_candidate|uses_model_label|wrong_product_type,no,,yes,NO_DIRECT_TITLE_FALLBACK,no,no,yes,no,no,no
1923,3109-175,3,INSIZE | اینسایز,اینسایز,3109-175,13,OUTSIDE_MICROMETER,میکرومتر خارج‌سنج,میکرومتر خارج‌سنج,APPROVED,yes,VARIANT_REQUIRED,metrology_micrometer_buyer_range,SUFFIX_GOVERNED,PASS,measurement_range,"{""max"": 175.0, ""min"": 150.0}",150–175 میلی‌متر,322,yes,میکرومتر دیجیتال اینسایز (Insize) 175-150 میلی متر خارج سنج مدل 175-3109,میکرومتر خارج‌سنج اینسایز کد 3109-175، 150–175 میلی‌متر,میکرومتر دیجیتال اینسایز (Insize) 175-150 میلی متر خارج سنج مدل 175-3109,میکرومتر خارج‌سنج اینسایز کد 3109-175، 150–175 میلی‌متر,HOLD_OEM_SEMANTIC_EVIDENCE_MISSING,no_identity_registry_entry,manufacturer_code_missing|model_to_code_candidate|uses_model_label|wrong_product_type,no,,yes,NO_DIRECT_TITLE_FALLBACK,no,no,yes,no,no,no
1924,3109-200,3,INSIZE | اینسایز,اینسایز,3109-200,13,OUTSIDE_MICROMETER,میکرومتر خارج‌سنج,میکرومتر خارج‌سنج,APPROVED,yes,VARIANT_REQUIRED,metrology_micrometer_buyer_range,SUFFIX_GOVERNED,PASS,measurement_range,"{""max"": 200.0, ""min"": 175.0}",175–200 میلی‌متر,325,yes,میکرومتر دیجیتال اینسایز (Insize) 200-175 میلی متر خارج سنج مدل 200-3109,میکرومتر خارج‌سنج اینسایز کد 3109-200، 175–200 میلی‌متر,میکرومتر دیجیتال اینسایز (Insize) 200-175 میلی متر خارج سنج مدل 200-3109,میکرومتر خارج‌سنج اینسایز کد 3109-200، 175–200 میلی‌متر,HOLD_OEM_SEMANTIC_EVIDENCE_MISSING,no_identity_registry_entry,manufacturer_code_missing|model_to_code_candidate|uses_model_label|wrong_product_type,no,,yes,NO_DIRECT_TITLE_FALLBACK,no,no,yes,no,no,no
1925,3109-225,3,INSIZE | اینسایز,اینسایز,3109-225,13,OUTSIDE_MICROMETER,میکرومتر خارج‌سنج,میکرومتر خارج‌سنج,APPROVED,yes,VARIANT_REQUIRED,metrology_micrometer_buyer_range,SUFFIX_GOVERNED,PASS,measurement_range,"{""max"": 225.0, ""min"": 200.0}",200–225 میلی‌متر,328,yes,میکرومتر دیجیتال اینسایز (Insize) 200-225 میلی متر خارج سنج مدل 225-3109,میکرومتر خارج‌سنج اینسایز کد 3109-225، 200–225 میلی‌متر,میکرومتر دیجیتال اینسایز (Insize) 200-225 میلی متر خارج سنج مدل 225-3109,میکرومتر خارج‌سنج اینسایز کد 3109-225، 200–225 میلی‌متر,HOLD_OEM_SEMANTIC_EVIDENCE_MISSING,no_identity_registry_entry,manufacturer_code_missing|model_to_code_candidate|uses_model_label|wrong_product_type,no,,yes,NO_DIRECT_TITLE_FALLBACK,no,no,yes,no,no,no
1926,3109-250,3,INSIZE | اینسایز,اینسایز,3109-250,13,OUTSIDE_MICROMETER,میکرومتر خارج‌سنج,میکرومتر خارج‌سنج,APPROVED,yes,VARIANT_REQUIRED,metrology_micrometer_buyer_range,SUFFIX_GOVERNED,PASS,measurement_range,"{""max"": 250.0, ""min"": 225.0}",225–250 میلی‌متر,331,yes,میکرومتر دیجیتال اینسایز (Insize) 225-250 میلی متر خارج سنج مدل 250-3109,میکرومتر خارج‌سنج اینسایز کد 3109-250، 225–250 میلی‌متر,میکرومتر دیجیتال اینسایز (Insize) 225-250 میلی متر خارج سنج مدل 250-3109,میکرومتر خارج‌سنج اینسایز کد 3109-250، 225–250 میلی‌متر,HOLD_OEM_SEMANTIC_EVIDENCE_MISSING,no_identity_registry_entry,manufacturer_code_missing|model_to_code_candidate|uses_model_label|wrong_product_type,no,,yes,NO_DIRECT_TITLE_FALLBACK,no,no,yes,no,no,no
1927,3109-275,3,INSIZE | اینسایز,اینسایز,3109-275,13,OUTSIDE_MICROMETER,میکرومتر خارج‌سنج,میکرومتر خارج‌سنج,APPROVED,yes,VARIANT_REQUIRED,metrology_micrometer_buyer_range,SUFFIX_GOVERNED,PASS,measurement_range,"{""max"": 275.0, ""min"": 250.0}",250–275 میلی‌متر,334,yes,میکرومتر دیجیتال اینسایز (Insize) 250-275 میلی متر خارج سنج مدل 275-3109,میکرومتر خارج‌سنج اینسایز کد 3109-275، 250–275 میلی‌متر,میکرومتر دیجیتال اینسایز (Insize) 250-275 میلی متر خارج سنج مدل 275-3109,میکرومتر خارج‌سنج اینسایز کد 3109-275، 250–275 میلی‌متر,HOLD_OEM_SEMANTIC_EVIDENCE_MISSING,no_identity_registry_entry,manufacturer_code_missing|model_to_code_candidate|uses_model_label|wrong_product_type,no,,yes,NO_DIRECT_TITLE_FALLBACK,yes,no,yes,yes,yes,no
1928,3109-300,3,INSIZE | اینسایز,اینسایز,3109-300,13,OUTSIDE_MICROMETER,میکرومتر خارج‌سنج,میکرومتر خارج‌سنج,APPROVED,yes,VARIANT_REQUIRED,metrology_micrometer_buyer_range,SUFFIX_GOVERNED,PASS,measurement_range,"{""max"": 300.0, ""min"": 275.0}",275–300 میلی‌متر,337,yes,میکرومتر دیجیتال اینسایز (Insize) 275-300 میلی متر خارج سنج مدل 300-3109,میکرومتر خارج‌سنج اینسایز کد 3109-300، 275–300 میلی‌متر,میکرومتر دیجیتال اینسایز (Insize) 275-300 میلی متر خارج سنج مدل 300-3109,میکرومتر خارج‌سنج اینسایز کد 3109-300، 275–300 میلی‌متر,HOLD_OEM_SEMANTIC_EVIDENCE_MISSING,no_identity_registry_entry,manufacturer_code_missing|model_to_code_candidate|uses_model_label|wrong_product_type,no,,yes,NO_DIRECT_TITLE_FALLBACK,no,no,yes,no,no,no
1929,3127-100,3,INSIZE | اینسایز,اینسایز,3127-100,19,INSIDE_MICROMETER,میکرومتر داخل‌سنج,میکرومتر داخل‌سنج,APPROVED,yes,VARIANT_REQUIRED,metrology_micrometer_buyer_range,SUFFIX_GOVERNED,PASS,measurement_range,"{""max"": 100.0, ""min"": 87.0}",87–100 میلی‌متر,793,yes,میکرومتر دیجیتال اینسایز (|Insize) سه فک 100-87 میلی متر داخل سنج مدل 100-3127,میکرومتر داخل‌سنج اینسایز کد 3127-100، 87–100 میلی‌متر,میکرومتر دیجیتال اینسایز (|Insize) سه فک 100-87 میلی متر داخل سنج مدل 100-3127,میکرومتر داخل‌سنج اینسایز کد 3127-100، 87–100 میلی‌متر,HOLD_OEM_SEMANTIC_EVIDENCE_MISSING,no_primary_product_occurrence,manufacturer_code_missing|model_to_code_candidate|uses_model_label|wrong_product_type,no,,yes,NO_DIRECT_TITLE_FALLBACK,yes,no,yes,yes,yes,no
1930,3127-123,3,INSIZE | اینسایز,اینسایز,3127-123,,,,,,no,,,,N/A,,,,,no,میکرومتر دیجیتال اینسایز (Insize) 12-6 میلی متر داخل سنج سه فک مدل 123-3127,,میکرومتر دیجیتال اینسایز (Insize) 12-6 میلی متر داخل سنج سه فک مدل 123-3127,,HOLD_MISSING_PRODUCT_TYPE,product_type_id_null,manufacturer_code_missing|uses_model_label,no,,yes,NO_DIRECT_TITLE_FALLBACK,yes,no,yes,yes,yes,no
1931,3127-125,3,INSIZE | اینسایز,اینسایز,3127-125,19,INSIDE_MICROMETER,میکرومتر داخل‌سنج,میکرومتر داخل‌سنج,APPROVED,yes,VARIANT_REQUIRED,metrology_micrometer_buyer_range,SUFFIX_GOVERNED,PASS,measurement_range,"{""max"": 125.0, ""min"": 100.0}",100–125 میلی‌متر,796,yes,میکرومتر دیجیتال اینسایز (Insize) 100-125 میلی متر داخل سنج سه فک مدل 125-3127,میکرومتر داخل‌سنج اینسایز کد 3127-125، 100–125 میلی‌متر,میکرومتر دیجیتال اینسایز (Insize) 100-125 میلی متر داخل سنج سه فک مدل 125-3127,میکرومتر داخل‌سنج اینسایز کد 3127-125، 100–125 میلی‌متر,HOLD_OEM_SEMANTIC_EVIDENCE_MISSING,no_primary_product_occurrence,manufacturer_code_missing|model_to_code_candidate|uses_model_label|wrong_product_type,no,,yes,NO_DIRECT_TITLE_FALLBACK,yes,no,yes,yes,yes,no
1932,3127-150,3,INSIZE | اینسایز,اینسایز,3127-150,19,INSIDE_MICROMETER,میکرومتر داخل‌سنج,میکرومتر داخل‌سنج,APPROVED,yes,VARIANT_REQUIRED,metrology_micrometer_buyer_range,SUFFIX_GOVERNED,PASS,measurement_range,"{""max"": 150.0, ""min"": 125.0}",125–150 میلی‌متر,799,yes,میکرومتر دیجیتال اینسایز (Insize) 125-150 میلی متر داخل سنج سه فک مدل 150-3127,میکرومتر داخل‌سنج اینسایز کد 3127-150، 125–150 میلی‌متر,میکرومتر دیجیتال اینسایز (Insize) 125-150 میلی متر داخل سنج سه فک مدل 150-3127,میکرومتر داخل‌سنج اینسایز کد 3127-150، 125–150 میلی‌متر,HOLD_OEM_SEMANTIC_EVIDENCE_MISSING,no_primary_product_occurrence,manufacturer_code_missing|model_to_code_candidate|uses_model_label|wrong_product_type,no,,yes,NO_DIRECT_TITLE_FALLBACK,yes,no,yes,yes,yes,no
1933,3127-175,3,INSIZE | اینسایز,اینسایز,3127-175,19,INSIDE_MICROMETER,میکرومتر داخل‌سنج,میکرومتر داخل‌سنج,APPROVED,yes,VARIANT_REQUIRED,metrology_micrometer_buyer_range,SUFFIX_GOVERNED,PASS,measurement_range,"{""max"": 175.0, ""min"": 150.0}",150–175 میلی‌متر,802,yes,میکرومتر دیجیتال اینسایز (Insize) 150-175 میلی متر داخل سنج سه فک مدل 175-3127,میکرومتر داخل‌سنج اینسایز کد 3127-175، 150–175 میلی‌متر,میکرومتر دیجیتال اینسایز (Insize) 150-175 میلی متر داخل سنج سه فک مدل 175-3127,میکرومتر داخل‌سنج اینسایز کد 3127-175، 150–175 میلی‌متر,HOLD_OEM_SEMANTIC_EVIDENCE_MISSING,no_primary_product_occurrence,manufacturer_code_missing|model_to_code_candidate|uses_model_label|wrong_product_type,no,,yes,NO_DIRECT_TITLE_FALLBACK,yes,no,yes,yes,yes,no
1934,3127-200,3,INSIZE | اینسایز,اینسایز,3127-200,19,INSIDE_MICROMETER,میکرومتر داخل‌سنج,میکرومتر داخل‌سنج,APPROVED,yes,VARIANT_REQUIRED,metrology_micrometer_buyer_range,SUFFIX_GOVERNED,PASS,measurement_range,"{""max"": 200.0, ""min"": 175.0}",175–200 میلی‌متر,805,yes,میکرومتر دیجیتال اینسایز (Insize) 175-200 میلی متر داخل سنج سه فک مدل 200-3127,میکرومتر داخل‌سنج اینسایز کد 3127-200، 175–200 میلی‌متر,میکرومتر دیجیتال اینسایز (Insize) 175-200 میلی متر داخل سنج سه فک مدل 200-3127,میکرومتر داخل‌سنج اینسایز کد 3127-200، 175–200 میلی‌متر,HOLD_OEM_SEMANTIC_EVIDENCE_MISSING,no_primary_product_occurrence,manufacturer_code_missing|model_to_code_candidate|uses_model_label|wrong_product_type,no,,yes,NO_DIRECT_TITLE_FALLBACK,yes,no,yes,yes,yes,no
1935,3127-202,3,INSIZE | اینسایز,اینسایز,3127-202,,,,,,no,,,,N/A,,,,,no,میکرومتر دیجیتال اینسایز (Insize) 20-12 میلی متر داخل سنج سه فک مدل 202-3127,,میکرومتر دیجیتال اینسایز (Insize) 20-12 میلی متر داخل سنج سه فک مدل 202-3127,,HOLD_MISSING_PRODUCT_TYPE,product_type_id_null,manufacturer_code_missing|uses_model_label,no,,yes,NO_DIRECT_TITLE_FALLBACK,yes,no,yes,yes,yes,no
1936,3127-225,3,INSIZE | اینسایز,اینسایز,3127-225,19,INSIDE_MICROMETER,میکرومتر داخل‌سنج,میکرومتر داخل‌سنج,APPROVED,yes,VARIANT_REQUIRED,metrology_micrometer_buyer_range,SUFFIX_GOVERNED,PASS,measurement_range,"{""max"": 225.0, ""min"": 200.0}",200–225 میلی‌متر,808,yes,میکرومتر دیجیتال اینسایز (Insize) 200-225 میلی متر داخل سنج سه فک مدل 225-3127,میکرومتر داخل‌سنج اینسایز کد 3127-225، 200–225 میلی‌متر,میکرومتر دیجیتال اینسایز (Insize) 200-225 میلی متر داخل سنج سه فک مدل 225-3127,میکرومتر داخل‌سنج اینسایز کد 3127-225، 200–225 میلی‌متر,HOLD_OEM_SEMANTIC_EVIDENCE_MISSING,accessory_only_occurrence,manufacturer_code_missing|model_to_code_candidate|uses_model_label|wrong_product_type,no,,yes,NO_DIRECT_TITLE_FALLBACK,yes,no,yes,yes,yes,no
1937,3127-250,3,INSIZE | اینسایز,اینسایز,3127-250,19,INSIDE_MICROMETER,میکرومتر داخل‌سنج,میکرومتر داخل‌سنج,APPROVED,yes,VARIANT_REQUIRED,metrology_micrometer_buyer_range,SUFFIX_GOVERNED,PASS,measurement_range,"{""max"": 250.0, ""min"": 225.0}",225–250 میلی‌متر,811,yes,میکرومتر دیجیتال اینسایز (Insize) 225-250 میلی متر داخل سنج سه فک مدل 250-3127,میکرومتر داخل‌سنج اینسایز کد 3127-250، 225–250 میلی‌متر,میکرومتر دیجیتال اینسایز (Insize) 225-250 میلی متر داخل سنج سه فک مدل 250-3127,میکرومتر داخل‌سنج اینسایز کد 3127-250، 225–250 میلی‌متر,HOLD_OEM_SEMANTIC_EVIDENCE_MISSING,accessory_only_occurrence,manufacturer_code_missing|model_to_code_candidate|uses_model_label|wrong_product_type,no,,yes,NO_DIRECT_TITLE_FALLBACK,yes,no,yes,yes,yes,no
1938,3127-275,3,INSIZE | اینسایز,اینسایز,3127-275,19,INSIDE_MICROMETER,میکرومتر داخل‌سنج,میکرومتر داخل‌سنج,APPROVED,yes,VARIANT_REQUIRED,metrology_micrometer_buyer_range,SUFFIX_GOVERNED,PASS,measurement_range,"{""max"": 275.0, ""min"": 250.0}",250–275 میلی‌متر,814,yes,میکرومتر دیجیتال اینسایز (Insize) 250-275 میلی متر داخل سنج سه فک مدل 275-3127,میکرومتر داخل‌سنج اینسایز کد 3127-275، 250–275 میلی‌متر,میکرومتر دیجیتال اینسایز (Insize) 250-275 میلی متر داخل سنج سه فک مدل 275-3127,میکرومتر داخل‌سنج اینسایز کد 3127-275، 250–275 میلی‌متر,HOLD_OEM_SEMANTIC_EVIDENCE_MISSING,oem_heading_not_in_canonical_identity_policy,manufacturer_code_missing|model_to_code_candidate|uses_model_label|wrong_product_type,no,,yes,NO_DIRECT_TITLE_FALLBACK,yes,no,yes,yes,yes,no
1939,3127-300,3,INSIZE | اینسایز,اینسایز,3127-300,18,BORE_GAUGE,بورگیج / گیج داخل سیلندر,,HOLD,no,VARIANT_REQUIRED,bore_gauge_range_required,,N/A,,,,,no,میکرومتر دیجیتال اینسایز (Insize) 275-300 میلی متر داخل سنج سه فک مدل 300-3127,,میکرومتر دیجیتال اینسایز (Insize) 275-300 میلی متر داخل سنج سه فک مدل 300-3127,,HOLD_PRODUCT_TYPE_NAMING_POLICY,synonym_or_slash_label,manufacturer_code_missing|uses_model_label|wrong_product_type,no,,yes,NO_DIRECT_TITLE_FALLBACK,yes,no,yes,yes,yes,no
1940,3127-504,3,INSIZE | اینسایز,اینسایز,3127-504,,,,,,no,,,,N/A,,,,,no,میکرومتر دیجیتال اینسایز (Insize) 50-20 میلی متر داخل سنج سه فک مدل 504-3127,,میکرومتر دیجیتال اینسایز (Insize) 50-20 میلی متر داخل سنج سه فک مدل 504-3127,,HOLD_MISSING_PRODUCT_TYPE,product_type_id_null,manufacturer_code_missing|uses_model_label,no,,yes,NO_DIRECT_TITLE_FALLBACK,yes,no,yes,yes,yes,no
1941,3203-100,3,INSIZE | اینسایز,اینسایز,3203-100,13,OUTSIDE_MICROMETER,میکرومتر خارج‌سنج,میکرومتر خارج‌سنج,APPROVED,yes,VARIANT_REQUIRED,metrology_micrometer_buyer_range,SUFFIX_GOVERNED,PASS,measurement_range,"{""max"": 100.0, ""min"": 75.0}",75–100 میلی‌متر,340,yes,میکرومتر اینسایز (Insize) 100-75 میلی متر خارج سنج مدل 100-3203,میکرومتر خارج‌سنج اینسایز کد 3203-100، 75–100 میلی‌متر,میکرومتر اینسایز (Insize) 100-75 میلی متر خارج سنج مدل 100-3203,میکرومتر خارج‌سنج اینسایز کد 3203-100، 75–100 میلی‌متر,HOLD_OEM_SEMANTIC_EVIDENCE_MISSING,no_identity_registry_entry,manufacturer_code_missing|model_to_code_candidate|uses_model_label|wrong_product_type,no,,yes,NO_DIRECT_TITLE_FALLBACK,no,no,yes,no,no,no
1942,3203-125,3,INSIZE | اینسایز,اینسایز,3203-125,13,OUTSIDE_MICROMETER,میکرومتر خارج‌سنج,میکرومتر خارج‌سنج,APPROVED,yes,VARIANT_REQUIRED,metrology_micrometer_buyer_range,SUFFIX_GOVERNED,PASS,measurement_range,"{""max"": 125.0, ""min"": 100.0}",100–125 میلی‌متر,343,yes,میکرومتر اینسایز (Insize) 125-100 میلی متر خارج سنج مدل 125-3203,میکرومتر خارج‌سنج اینسایز کد 3203-125، 100–125 میلی‌متر,میکرومتر اینسایز (Insize) 125-100 میلی متر خارج سنج مدل 125-3203,میکرومتر خارج‌سنج اینسایز کد 3203-125، 100–125 میلی‌متر,HOLD_OEM_SEMANTIC_EVIDENCE_MISSING,no_identity_registry_entry,manufacturer_code_missing|model_to_code_candidate|uses_model_label|wrong_product_type,no,,yes,NO_DIRECT_TITLE_FALLBACK,no,no,yes,no,no,no
1943,3203-150,3,INSIZE | اینسایز,اینسایز,3203-150,13,OUTSIDE_MICROMETER,میکرومتر خارج‌سنج,میکرومتر خارج‌سنج,APPROVED,yes,VARIANT_REQUIRED,metrology_micrometer_buyer_range,SUFFIX_GOVERNED,PASS,measurement_range,"{""max"": 150.0, ""min"": 125.0}",125–150 میلی‌متر,346,yes,میکرومتر اینسایز (Insize) 150-125 میلی متر خارج سنج مدل 150-3203,میکرومتر خارج‌سنج اینسایز کد 3203-150، 125–150 میلی‌متر,میکرومتر اینسایز (Insize) 150-125 میلی متر خارج سنج مدل 150-3203,میکرومتر خارج‌سنج اینسایز کد 3203-150، 125–150 میلی‌متر,HOLD_OEM_SEMANTIC_EVIDENCE_MISSING,no_identity_registry_entry,manufacturer_code_missing|model_to_code_candidate|uses_model_label|wrong_product_type,no,,yes,NO_DIRECT_TITLE_FALLBACK,no,no,yes,no,no,no
1944,3203-1506,3,INSIZE | اینسایز,اینسایز,3203-1506,,,,,,no,,,,N/A,,,,,no,میکرومتر اینسایز (Insize) 150-0 میلی متر خارج سنج صندوقی مدل 1506-3203,,میکرومتر اینسایز (Insize) 150-0 میلی متر خارج سنج صندوقی مدل 1506-3203,,HOLD_MISSING_PRODUCT_TYPE,product_type_id_null,manufacturer_code_missing|uses_model_label,no,,yes,NO_DIRECT_TITLE_FALLBACK,no,no,yes,no,no,no
1945,3203-175,3,INSIZE | اینسایز,اینسایز,3203-175,13,OUTSIDE_MICROMETER,میکرومتر خارج‌سنج,میکرومتر خارج‌سنج,APPROVED,yes,VARIANT_REQUIRED,metrology_micrometer_buyer_range,SUFFIX_GOVERNED,PASS,measurement_range,"{""max"": 175.0, ""min"": 150.0}",150–175 میلی‌متر,349,yes,میکرومتر اینسایز (Insize) 175-150 میلی متر خارج سنج مدل 175-3203,میکرومتر خارج‌سنج اینسایز کد 3203-175، 150–175 میلی‌متر,میکرومتر اینسایز (Insize) 175-150 میلی متر خارج سنج مدل 175-3203,میکرومتر خارج‌سنج اینسایز کد 3203-175، 150–175 میلی‌متر,HOLD_OEM_SEMANTIC_EVIDENCE_MISSING,no_identity_registry_entry,manufacturer_code_missing|model_to_code_candidate|uses_model_label|wrong_product_type,no,,yes,NO_DIRECT_TITLE_FALLBACK,no,no,yes,no,no,no
1946,3203-200,3,INSIZE | اینسایز,اینسایز,3203-200,13,OUTSIDE_MICROMETER,میکرومتر خارج‌سنج,میکرومتر خارج‌سنج,APPROVED,yes,VARIANT_REQUIRED,metrology_micrometer_buyer_range,SUFFIX_GOVERNED,PASS,measurement_range,"{""max"": 200.0, ""min"": 175.0}",175–200 میلی‌متر,352,yes,میکرومتر اینسایز (Insize) 200-175 میلی متر خارج سنج مدل 200-3203,میکرومتر خارج‌سنج اینسایز کد 3203-200، 175–200 میلی‌متر,میکرومتر اینسایز (Insize) 200-175 میلی متر خارج سنج مدل 200-3203,میکرومتر خارج‌سنج اینسایز کد 3203-200، 175–200 میلی‌متر,HOLD_OEM_SEMANTIC_EVIDENCE_MISSING,no_identity_registry_entry,manufacturer_code_missing|model_to_code_candidate|uses_model_label|wrong_product_type,no,,yes,NO_DIRECT_TITLE_FALLBACK,no,no,yes,no,no,no
1947,3203-225,3,INSIZE | اینسایز,اینسایز,3203-225,13,OUTSIDE_MICROMETER,میکرومتر خارج‌سنج,میکرومتر خارج‌سنج,APPROVED,yes,VARIANT_REQUIRED,metrology_micrometer_buyer_range,SUFFIX_GOVERNED,PASS,measurement_range,"{""max"": 225.0, ""min"": 200.0}",200–225 میلی‌متر,355,yes,میکرومتر اینسایز (Insize) 225-200 میلی متر خارج سنج مدل 225-3203,میکرومتر خارج‌سنج اینسایز کد 3203-225، 200–225 میلی‌متر,میکرومتر اینسایز (Insize) 225-200 میلی متر خارج سنج مدل 225-3203,میکرومتر خارج‌سنج اینسایز کد 3203-225، 200–225 میلی‌متر,HOLD_OEM_SEMANTIC_EVIDENCE_MISSING,no_identity_registry_entry,manufacturer_code_missing|model_to_code_candidate|uses_model_label|wrong_product_type,no,,yes,NO_DIRECT_TITLE_FALLBACK,no,no,yes,no,no,no
1948,3203-250,3,INSIZE | اینسایز,اینسایز,3203-250,13,OUTSIDE_MICROMETER,میکرومتر خارج‌سنج,میکرومتر خارج‌سنج,APPROVED,yes,VARIANT_REQUIRED,metrology_micrometer_buyer_range,SUFFIX_GOVERNED,PASS,measurement_range,"{""max"": 250.0, ""min"": 225.0}",225–250 میلی‌متر,358,yes,میکرومتر اینسایز (Insize) 250-225 میلی متر خارج سنج مدل 250-3203,میکرومتر خارج‌سنج اینسایز کد 3203-250، 225–250 میلی‌متر,میکرومتر اینسایز (Insize) 250-225 میلی متر خارج سنج مدل 250-3203,میکرومتر خارج‌سنج اینسایز کد 3203-250، 225–250 میلی‌متر,HOLD_OEM_SEMANTIC_EVIDENCE_MISSING,no_identity_registry_entry,manufacturer_code_missing|model_to_code_candidate|uses_model_label|wrong_product_type,no,,yes,NO_DIRECT_TITLE_FALLBACK,no,no,yes,no,no,no
1949,3203-275,3,INSIZE | اینسایز,اینسایز,3203-275,13,OUTSIDE_MICROMETER,میکرومتر خارج‌سنج,میکرومتر خارج‌سنج,APPROVED,yes,VARIANT_REQUIRED,metrology_micrometer_buyer_range,SUFFIX_GOVERNED,PASS,measurement_range,"{""max"": 275.0, ""min"": 250.0}",250–275 میلی‌متر,361,yes,میکرومتر اینسایز (Insize) 275-250 میلی متر خارج سنج مدل 275-3203,میکرومتر خارج‌سنج اینسایز کد 3203-275، 250–275 میلی‌متر,میکرومتر اینسایز (Insize) 275-250 میلی متر خارج سنج مدل 275-3203,میکرومتر خارج‌سنج اینسایز کد 3203-275، 250–275 میلی‌متر,HOLD_OEM_SEMANTIC_EVIDENCE_MISSING,no_identity_registry_entry,manufacturer_code_missing|model_to_code_candidate|uses_model_label|wrong_product_type,no,,yes,NO_DIRECT_TITLE_FALLBACK,no,no,yes,no,no,no
1950,3203-300,3,INSIZE | اینسایز,اینسایز,3203-300,13,OUTSIDE_MICROMETER,میکرومتر خارج‌سنج,میکرومتر خارج‌سنج,APPROVED,yes,VARIANT_REQUIRED,metrology_micrometer_buyer_range,SUFFIX_GOVERNED,PASS,measurement_range,"{""max"": 300.0, ""min"": 275.0}",275–300 میلی‌متر,364,yes,میکرومتر اینسایز (Insize) 300-275 میلی متر خارج سنج مدل 300-3203,میکرومتر خارج‌سنج اینسایز کد 3203-300، 275–300 میلی‌متر,میکرومتر اینسایز (Insize) 300-275 میلی متر خارج سنج مدل 300-3203,میکرومتر خارج‌سنج اینسایز کد 3203-300، 275–300 میلی‌متر,HOLD_OEM_SEMANTIC_EVIDENCE_MISSING,no_identity_registry_entry,manufacturer_code_missing|model_to_code_candidate|uses_model_label|wrong_product_type,no,,yes,NO_DIRECT_TITLE_FALLBACK,no,no,yes,no,no,no
1951,3203-3006,3,INSIZE | اینسایز,اینسایز,3203-3006,,,,,,no,,,,N/A,,,,,no,میکرومتر اینسایز (Insize) 300-150 میلی متر خارج سنج صندوقی مدل 3006-3203,,میکرومتر اینسایز (Insize) 300-150 میلی متر خارج سنج صندوقی مدل 3006-3203,,HOLD_MISSING_PRODUCT_TYPE,product_type_id_null,manufacturer_code_missing|uses_model_label,no,,yes,NO_DIRECT_TITLE_FALLBACK,no,no,yes,no,no,no
1952,3203-3012,3,INSIZE | اینسایز,اینسایز,3203-3012,,,,,,no,,,,N/A,,,,,no,ست میکرومتر اینسایز (Insize) 300-0 میلی متر خارج سنج مدل 3012-3203,,ست میکرومتر اینسایز (Insize) 300-0 میلی متر خارج سنج مدل 3012-3203,,HOLD_MISSING_PRODUCT_TYPE,product_type_id_null,manufacturer_code_missing|uses_model_label,no,,yes,NO_DIRECT_TITLE_FALLBACK,no,no,yes,no,no,no
1953,3205-1000,3,INSIZE | اینسایز,اینسایز,3205-1000,13,OUTSIDE_MICROMETER,میکرومتر خارج‌سنج,میکرومتر خارج‌سنج,APPROVED,yes,VARIANT_REQUIRED,metrology_micrometer_buyer_range,SUFFIX_GOVERNED,PASS,measurement_range,"{""max"": 1000.0, ""min"": 900.0}",900–1000 میلی‌متر,937,yes,میکرومتر اینسایز (Insize) 1000-900 میلی متر خارج سنج مدل 1000-3205,میکرومتر خارج‌سنج اینسایز کد 3205-1000، 900–1000 میلی‌متر,میکرومتر اینسایز (Insize) 1000-900 میلی متر خارج سنج مدل 1000-3205,میکرومتر خارج‌سنج اینسایز کد 3205-1000، 900–1000 میلی‌متر,HOLD_OEM_SEMANTIC_EVIDENCE_MISSING,accessory_only_occurrence,manufacturer_code_missing|model_to_code_candidate|uses_model_label|wrong_product_type,no,,yes,NO_DIRECT_TITLE_FALLBACK,yes,no,yes,yes,yes,no
1954,3205-1200,3,INSIZE | اینسایز,اینسایز,3205-1200,13,OUTSIDE_MICROMETER,میکرومتر خارج‌سنج,میکرومتر خارج‌سنج,APPROVED,yes,VARIANT_REQUIRED,metrology_micrometer_buyer_range,SUFFIX_GOVERNED,PASS,measurement_range,"{""max"": 1200.0, ""min"": 1000.0}",1000–1200 میلی‌متر,940,yes,میکرومتر اینسایز (Insize) 1000-1200 میلی متر خارج سنج مدل 1200-3205,میکرومتر خارج‌سنج اینسایز کد 3205-1200، 1000–1200 میلی‌متر,میکرومتر اینسایز (Insize) 1000-1200 میلی متر خارج سنج مدل 1200-3205,میکرومتر خارج‌سنج اینسایز کد 3205-1200، 1000–1200 میلی‌متر,HOLD_OEM_SEMANTIC_EVIDENCE_MISSING,accessory_only_occurrence,manufacturer_code_missing|model_to_code_candidate|uses_model_label|wrong_product_type,no,,yes,NO_DIRECT_TITLE_FALLBACK,yes,no,yes,yes,yes,no
1955,3205-1400,3,INSIZE | اینسایز,اینسایز,3205-1400,13,OUTSIDE_MICROMETER,میکرومتر خارج‌سنج,میکرومتر خارج‌سنج,APPROVED,yes,VARIANT_REQUIRED,metrology_micrometer_buyer_range,SUFFIX_GOVERNED,PASS,measurement_range,"{""max"": 1400.0, ""min"": 1200.0}",1200–1400 میلی‌متر,943,yes,میکرومتر اینسایز (Insize) 1200-1400 میلی‌ متر خارج‌ سنج مدل 1400-3205,میکرومتر خارج‌سنج اینسایز کد 3205-1400، 1200–1400 میلی‌متر,میکرومتر اینسایز (Insize) 1200-1400 میلی‌ متر خارج‌ سنج مدل 1400-3205,میکرومتر خارج‌سنج اینسایز کد 3205-1400، 1200–1400 میلی‌متر,HOLD_OEM_SEMANTIC_EVIDENCE_MISSING,accessory_only_occurrence,manufacturer_code_missing|model_to_code_candidate|uses_model_label|wrong_product_type,no,,yes,NO_DIRECT_TITLE_FALLBACK,yes,no,yes,yes,yes,no
1956,3205-1600,3,INSIZE | اینسایز,اینسایز,3205-1600,13,OUTSIDE_MICROMETER,میکرومتر خارج‌سنج,میکرومتر خارج‌سنج,APPROVED,yes,VARIANT_REQUIRED,metrology_micrometer_buyer_range,SUFFIX_GOVERNED,PASS,measurement_range,"{""max"": 1600.0, ""min"": 1400.0}",1400–1600 میلی‌متر,946,yes,میکرومتر اینسایز (Insize) 1600-1400 میلی متر خارج سنج مدل 1600-3205,میکرومتر خارج‌سنج اینسایز کد 3205-1600، 1400–1600 میلی‌متر,میکرومتر اینسایز (Insize) 1600-1400 میلی متر خارج سنج مدل 1600-3205,میکرومتر خارج‌سنج اینسایز کد 3205-1600، 1400–1600 میلی‌متر,HOLD_OEM_SEMANTIC_EVIDENCE_MISSING,accessory_only_occurrence,manufacturer_code_missing|model_to_code_candidate|uses_model_label|wrong_product_type,no,,yes,NO_DIRECT_TITLE_FALLBACK,yes,no,yes,yes,yes,no
1957,3205-1800,3,INSIZE | اینسایز,اینسایز,3205-1800,13,OUTSIDE_MICROMETER,میکرومتر خارج‌سنج,میکرومتر خارج‌سنج,APPROVED,yes,VARIANT_REQUIRED,metrology_micrometer_buyer_range,SUFFIX_GOVERNED,PASS,measurement_range,"{""max"": 1800.0, ""min"": 1600.0}",1600–1800 میلی‌متر,949,yes,میکرومتر اینسایز (Insize) 1600-1800 میلی‌ متری خارج‌ سنج مدل 1800-3205,میکرومتر خارج‌سنج اینسایز کد 3205-1800، 1600–1800 میلی‌متر,میکرومتر اینسایز (Insize) 1600-1800 میلی‌ متری خارج‌ سنج مدل 1800-3205,میکرومتر خارج‌سنج اینسایز کد 3205-1800، 1600–1800 میلی‌متر,HOLD_OEM_SEMANTIC_EVIDENCE_MISSING,accessory_only_occurrence,manufacturer_code_missing|model_to_code_candidate|uses_model_label|wrong_product_type,no,,yes,NO_DIRECT_TITLE_FALLBACK,yes,no,yes,yes,yes,no
1958,3205-400,3,INSIZE | اینسایز,اینسایز,3205-400,13,OUTSIDE_MICROMETER,میکرومتر خارج‌سنج,میکرومتر خارج‌سنج,APPROVED,yes,VARIANT_REQUIRED,metrology_micrometer_buyer_range,SUFFIX_GOVERNED,PASS,measurement_range,"{""max"": 400.0, ""min"": 300.0}",300–400 میلی‌متر,952,yes,میکرومتر خارج میله ای سر تعویض شو اینسایز مدل 3205-400,میکرومتر خارج‌سنج اینسایز کد 3205-400، 300–400 میلی‌متر,میکرومتر خارج میله ای سر تعویض شو اینسایز مدل 3205-400,میکرومتر خارج‌سنج اینسایز کد 3205-400، 300–400 میلی‌متر,HOLD_OEM_SEMANTIC_EVIDENCE_MISSING,accessory_only_occurrence,model_to_code_candidate|uses_model_label|wrong_product_type,no,,yes,NO_DIRECT_TITLE_FALLBACK,yes,yes,yes,yes,yes,yes
1959,3205-500,3,INSIZE | اینسایز,اینسایز,3205-500,13,OUTSIDE_MICROMETER,میکرومتر خارج‌سنج,میکرومتر خارج‌سنج,APPROVED,yes,VARIANT_REQUIRED,metrology_micrometer_buyer_range,SUFFIX_GOVERNED,PASS,measurement_range,"{""max"": 500.0, ""min"": 400.0}",400–500 میلی‌متر,955,yes,میکرومتر اینسایز (Insize) 500-400 میلی متر خارج سنج مدل 500-3205,میکرومتر خارج‌سنج اینسایز کد 3205-500، 400–500 میلی‌متر,میکرومتر اینسایز (Insize) 500-400 میلی متر خارج سنج مدل 500-3205,میکرومتر خارج‌سنج اینسایز کد 3205-500، 400–500 میلی‌متر,HOLD_OEM_SEMANTIC_EVIDENCE_MISSING,accessory_only_occurrence,manufacturer_code_missing|model_to_code_candidate|uses_model_label|wrong_product_type,no,,yes,NO_DIRECT_TITLE_FALLBACK,yes,no,yes,yes,yes,no
1960,3205-600,3,INSIZE | اینسایز,اینسایز,3205-600,13,OUTSIDE_MICROMETER,میکرومتر خارج‌سنج,میکرومتر خارج‌سنج,APPROVED,yes,VARIANT_REQUIRED,metrology_micrometer_buyer_range,SUFFIX_GOVERNED,PASS,measurement_range,"{""max"": 600.0, ""min"": 500.0}",500–600 میلی‌متر,958,yes,میکرومتر اینسایز (Insize) 600-500 میلی متر خارج سنج مدل 600-3205,میکرومتر خارج‌سنج اینسایز کد 3205-600، 500–600 میلی‌متر,میکرومتر اینسایز (Insize) 600-500 میلی متر خارج سنج مدل 600-3205,میکرومتر خارج‌سنج اینسایز کد 3205-600، 500–600 میلی‌متر,HOLD_OEM_SEMANTIC_EVIDENCE_MISSING,accessory_only_occurrence,manufacturer_code_missing|model_to_code_candidate|uses_model_label|wrong_product_type,no,,yes,NO_DIRECT_TITLE_FALLBACK,yes,no,yes,yes,yes,no
1961,3205-700,3,INSIZE | اینسایز,اینسایز,3205-700,13,OUTSIDE_MICROMETER,میکرومتر خارج‌سنج,میکرومتر خارج‌سنج,APPROVED,yes,VARIANT_REQUIRED,metrology_micrometer_buyer_range,SUFFIX_GOVERNED,PASS,measurement_range,"{""max"": 700.0, ""min"": 600.0}",600–700 میلی‌متر,961,yes,میکرومتر اینسایز (Insize) 700-600 میلی متر خارج سنج مدل 700-3205,میکرومتر خارج‌سنج اینسایز کد 3205-700، 600–700 میلی‌متر,میکرومتر اینسایز (Insize) 700-600 میلی متر خارج سنج مدل 700-3205,میکرومتر خارج‌سنج اینسایز کد 3205-700، 600–700 میلی‌متر,HOLD_OEM_SEMANTIC_EVIDENCE_MISSING,accessory_only_occurrence,manufacturer_code_missing|model_to_code_candidate|uses_model_label|wrong_product_type,no,,yes,NO_DIRECT_TITLE_FALLBACK,yes,no,yes,yes,yes,no
1962,3205-800,3,INSIZE | اینسایز,اینسایز,3205-800,13,OUTSIDE_MICROMETER,میکرومتر خارج‌سنج,میکرومتر خارج‌سنج,APPROVED,yes,VARIANT_REQUIRED,metrology_micrometer_buyer_range,SUFFIX_GOVERNED,PASS,measurement_range,"{""max"": 800.0, ""min"": 700.0}",700–800 میلی‌متر,964,yes,میکرومتر اینسایز (Insize) 800-700 میلی متر خارج سنج مدل 800-3205,میکرومتر خارج‌سنج اینسایز کد 3205-800، 700–800 میلی‌متر,میکرومتر اینسایز (Insize) 800-700 میلی متر خارج سنج مدل 800-3205,میکرومتر خارج‌سنج اینسایز کد 3205-800، 700–800 میلی‌متر,HOLD_OEM_SEMANTIC_EVIDENCE_MISSING,accessory_only_occurrence,manufacturer_code_missing|model_to_code_candidate|uses_model_label|wrong_product_type,no,,yes,NO_DIRECT_TITLE_FALLBACK,yes,no,yes,yes,yes,no
1963,3205-900,3,INSIZE | اینسایز,اینسایز,3205-900,13,OUTSIDE_MICROMETER,میکرومتر خارج‌سنج,میکرومتر خارج‌سنج,APPROVED,yes,VARIANT_REQUIRED,metrology_micrometer_buyer_range,SUFFIX_GOVERNED,PASS,measurement_range,"{""max"": 900.0, ""min"": 800.0}",800–900 میلی‌متر,967,yes,میکرومتر اینسایز (Insize) 800-900 میلی متر خارج سنج مدل 900-3205,میکرومتر خارج‌سنج اینسایز کد 3205-900، 800–900 میلی‌متر,میکرومتر اینسایز (Insize) 800-900 میلی متر خارج سنج مدل 900-3205,میکرومتر خارج‌سنج اینسایز کد 3205-900، 800–900 میلی‌متر,HOLD_OEM_SEMANTIC_EVIDENCE_MISSING,accessory_only_occurrence,manufacturer_code_missing|model_to_code_candidate|uses_model_label|wrong_product_type,no,,yes,NO_DIRECT_TITLE_FALLBACK,yes,no,yes,yes,yes,no
1965,3206-200,3,INSIZE | اینسایز,اینسایز,3206-200,13,OUTSIDE_MICROMETER,میکرومتر خارج‌سنج,میکرومتر خارج‌سنج,APPROVED,yes,VARIANT_REQUIRED,metrology_micrometer_buyer_range,SUFFIX_GOVERNED,PASS,measurement_range,"{""max"": 200.0, ""min"": 100.0}",100–200 میلی‌متر,370,yes,میکرومتر اینسایز (Insize) 200-100 میلی متر خارج سنج میله‌ای مدل 200-3206,میکرومتر خارج‌سنج اینسایز کد 3206-200، 100–200 میلی‌متر,میکرومتر اینسایز (Insize) 200-100 میلی متر خارج سنج میله‌ای مدل 200-3206,میکرومتر خارج‌سنج اینسایز کد 3206-200، 100–200 میلی‌متر,HOLD_OEM_SEMANTIC_EVIDENCE_MISSING,no_identity_registry_entry,manufacturer_code_missing|model_to_code_candidate|uses_model_label|wrong_product_type,no,,yes,NO_DIRECT_TITLE_FALLBACK,no,no,yes,no,no,no
1966,3206-300,3,INSIZE | اینسایز,اینسایز,3206-300,13,OUTSIDE_MICROMETER,میکرومتر خارج‌سنج,میکرومتر خارج‌سنج,APPROVED,yes,VARIANT_REQUIRED,metrology_micrometer_buyer_range,SUFFIX_GOVERNED,PASS,measurement_range,"{""max"": 300.0, ""min"": 150.0}",150–300 میلی‌متر,373,yes,میکرومتر اینسایز (Insize) 300-150 میلی متر خارج سنج میله‌ای مدل 300-3206,میکرومتر خارج‌سنج اینسایز کد 3206-300، 150–300 میلی‌متر,میکرومتر اینسایز (Insize) 300-150 میلی متر خارج سنج میله‌ای مدل 300-3206,میکرومتر خارج‌سنج اینسایز کد 3206-300، 150–300 میلی‌متر,HOLD_OEM_SEMANTIC_EVIDENCE_MISSING,no_identity_registry_entry,manufacturer_code_missing|model_to_code_candidate|uses_model_label|wrong_product_type,no,,yes,NO_DIRECT_TITLE_FALLBACK,no,no,yes,no,no,no
1967,3206-301,3,INSIZE | اینسایز,اینسایز,3206-301,13,OUTSIDE_MICROMETER,میکرومتر خارج‌سنج,میکرومتر خارج‌سنج,APPROVED,yes,VARIANT_REQUIRED,metrology_micrometer_buyer_range,SUFFIX_GOVERNED,PASS,measurement_range,"{""max"": 300.0, ""min"": 200.0}",200–300 میلی‌متر,970,yes,میکرومتر میله ای اینسایز (Insize) 200-300 میلی متر خارج سنج مدل 301-3206,میکرومتر خارج‌سنج اینسایز کد 3206-301، 200–300 میلی‌متر,میکرومتر میله ای اینسایز (Insize) 200-300 میلی متر خارج سنج مدل 301-3206,میکرومتر خارج‌سنج اینسایز کد 3206-301، 200–300 میلی‌متر,HOLD_OEM_SEMANTIC_EVIDENCE_MISSING,no_identity_registry_entry,manufacturer_code_missing|model_to_code_candidate|uses_model_label|wrong_product_type,no,,yes,NO_DIRECT_TITLE_FALLBACK,no,no,yes,no,no,no
1968,3210-100,3,INSIZE | اینسایز,اینسایز,3210-100,13,OUTSIDE_MICROMETER,میکرومتر خارج‌سنج,میکرومتر خارج‌سنج,APPROVED,yes,VARIANT_REQUIRED,metrology_micrometer_buyer_range,SUFFIX_GOVERNED,PASS,measurement_range,"{""max"": 100.0, ""min"": 75.0}",75–100 میلی‌متر,376,yes,میکرومتر اینسایز (Insize) 100-75 میلی متر خارج سنج مدل 100-3210,میکرومتر خارج‌سنج اینسایز کد 3210-100، 75–100 میلی‌متر,میکرومتر اینسایز (Insize) 100-75 میلی متر خارج سنج مدل 100-3210,میکرومتر خارج‌سنج اینسایز کد 3210-100، 75–100 میلی‌متر,HOLD_OEM_SEMANTIC_EVIDENCE_MISSING,no_identity_registry_entry,manufacturer_code_missing|model_to_code_candidate|uses_model_label|wrong_product_type,no,,yes,NO_DIRECT_TITLE_FALLBACK,yes,no,yes,yes,yes,no
1969,3220-100,3,INSIZE | اینسایز,اینسایز,3220-100,19,INSIDE_MICROMETER,میکرومتر داخل‌سنج,میکرومتر داخل‌سنج,APPROVED,yes,VARIANT_REQUIRED,metrology_micrometer_buyer_range,SUFFIX_GOVERNED,PASS,measurement_range,"{""max"": 100.0, ""min"": 75.0}",75–100 میلی‌متر,817,yes,میکرومتر اینسایز (Insize) 100-75 میلی متر داخل سنج مدل 100-3220,میکرومتر داخل‌سنج اینسایز کد 3220-100، 75–100 میلی‌متر,میکرومتر اینسایز (Insize) 100-75 میلی متر داخل سنج مدل 100-3220,میکرومتر داخل‌سنج اینسایز کد 3220-100، 75–100 میلی‌متر,HOLD_OEM_SEMANTIC_EVIDENCE_MISSING,accessory_only_occurrence,manufacturer_code_missing|model_to_code_candidate|uses_model_label|wrong_product_type,no,,yes,NO_DIRECT_TITLE_FALLBACK,yes,no,yes,yes,yes,no
1970,3222-300,3,INSIZE | اینسایز,اینسایز,3222-300,19,INSIDE_MICROMETER,میکرومتر داخل‌سنج,میکرومتر داخل‌سنج,APPROVED,yes,VARIANT_REQUIRED,metrology_micrometer_buyer_range,SUFFIX_GOVERNED,PASS,measurement_range,"{""max"": 300.0, ""min"": 50.0}",50–300 میلی‌متر,985,yes,میکرومتر اینسایز (Insize) 300-50 میلی متر داخل سنج لوله‌ای مدل 300-3222,میکرومتر داخل‌سنج اینسایز کد 3222-300، 50–300 میلی‌متر,میکرومتر اینسایز (Insize) 300-50 میلی متر داخل سنج لوله‌ای مدل 300-3222,میکرومتر داخل‌سنج اینسایز کد 3222-300، 50–300 میلی‌متر,HOLD_OEM_SEMANTIC_EVIDENCE_MISSING,accessory_only_occurrence,manufacturer_code_missing|model_to_code_candidate|uses_model_label|wrong_product_type,no,,yes,NO_DIRECT_TITLE_FALLBACK,yes,no,yes,yes,yes,no
1971,3222-500,3,INSIZE | اینسایز,اینسایز,3222-500,19,INSIDE_MICROMETER,میکرومتر داخل‌سنج,میکرومتر داخل‌سنج,APPROVED,yes,VARIANT_REQUIRED,metrology_micrometer_buyer_range,SUFFIX_GOVERNED,PASS,measurement_range,"{""max"": 500.0, ""min"": 50.0}",50–500 میلی‌متر,988,yes,میکرومتر داخل لوله ای اینسایز مدل 3222-500,میکرومتر داخل‌سنج اینسایز کد 3222-500، 50–500 میلی‌متر,میکرومتر داخل لوله ای اینسایز مدل 3222-500,میکرومتر داخل‌سنج اینسایز کد 3222-500، 50–500 میلی‌متر,HOLD_OEM_SEMANTIC_EVIDENCE_MISSING,accessory_only_occurrence,model_to_code_candidate|uses_model_label|wrong_product_type,no,,yes,NO_DIRECT_TITLE_FALLBACK,yes,yes,yes,yes,yes,yes
1972,3222-600,3,INSIZE | اینسایز,اینسایز,3222-600,19,INSIDE_MICROMETER,میکرومتر داخل‌سنج,میکرومتر داخل‌سنج,APPROVED,yes,VARIANT_REQUIRED,metrology_micrometer_buyer_range,SUFFIX_GOVERNED,PASS,measurement_range,"{""max"": 600.0, ""min"": 50.0}",50–600 میلی‌متر,991,yes,ست میکرومتر لوله اینسایز (Insize) داخل سنج 600-50 میلی متر مدل 600-3222,میکرومتر داخل‌سنج اینسایز کد 3222-600، 50–600 میلی‌متر,ست میکرومتر لوله اینسایز (Insize) داخل سنج 600-50 میلی متر مدل 600-3222,میکرومتر داخل‌سنج اینسایز کد 3222-600، 50–600 میلی‌متر,HOLD_OEM_SEMANTIC_EVIDENCE_MISSING,accessory_only_occurrence,manufacturer_code_missing|model_to_code_candidate|uses_model_label|wrong_product_type,no,,yes,NO_DIRECT_TITLE_FALLBACK,yes,no,yes,yes,yes,no
1973,3225-2100,3,INSIZE | اینسایز,اینسایز,3225-2100,19,INSIDE_MICROMETER,میکرومتر داخل‌سنج,میکرومتر داخل‌سنج,APPROVED,yes,VARIANT_REQUIRED,metrology_micrometer_buyer_range,SUFFIX_GOVERNED,PASS,measurement_range,"{""max"": 2100.0, ""min"": 100.0}",100–2100 میلی‌متر,994,yes,میکرومتر اینسایز (Insize) 100-2100 میلی متر داخل سنج لوله‌ای مدل 2100-3225,میکرومتر داخل‌سنج اینسایز کد 3225-2100، 100–2100 میلی‌متر,میکرومتر اینسایز (Insize) 100-2100 میلی متر داخل سنج لوله‌ای مدل 2100-3225,میکرومتر داخل‌سنج اینسایز کد 3225-2100، 100–2100 میلی‌متر,HOLD_OEM_SEMANTIC_EVIDENCE_MISSING,accessory_only_occurrence,manufacturer_code_missing|model_to_code_candidate|uses_model_label|wrong_product_type,no,,yes,NO_DIRECT_TITLE_FALLBACK,yes,no,yes,yes,yes,no
1974,3227-100,3,INSIZE | اینسایز,اینسایز,3227-100,19,INSIDE_MICROMETER,میکرومتر داخل‌سنج,میکرومتر داخل‌سنج,APPROVED,yes,VARIANT_REQUIRED,metrology_micrometer_buyer_range,SUFFIX_GOVERNED,PASS,measurement_range,"{""max"": 100.0, ""min"": 87.0}",87–100 میلی‌متر,820,yes,میکرومتر اینسایز (Insize) 87-100 میلی متر داخل سه فک مدل 100-3227,میکرومتر داخل‌سنج اینسایز کد 3227-100، 87–100 میلی‌متر,میکرومتر اینسایز (Insize) 87-100 میلی متر داخل سه فک مدل 100-3227,میکرومتر داخل‌سنج اینسایز کد 3227-100، 87–100 میلی‌متر,HOLD_OEM_SEMANTIC_EVIDENCE_MISSING,oem_heading_not_in_canonical_identity_policy,manufacturer_code_missing|model_to_code_candidate|uses_model_label|wrong_product_type,no,,yes,NO_DIRECT_TITLE_FALLBACK,yes,no,yes,yes,yes,no
1975,3227-123,3,INSIZE | اینسایز,اینسایز,3227-123,,,,,,no,,,,N/A,,,,,no,میکرومتر اینسایز (Insize) 12-6 میلی متر داخل سنج سه فک مدل 123-3227,,میکرومتر اینسایز (Insize) 12-6 میلی متر داخل سنج سه فک مدل 123-3227,,HOLD_MISSING_PRODUCT_TYPE,product_type_id_null,manufacturer_code_missing|uses_model_label,no,,yes,NO_DIRECT_TITLE_FALLBACK,yes,no,yes,yes,yes,no
1977,3227-150,3,INSIZE | اینسایز,اینسایز,3227-150,19,INSIDE_MICROMETER,میکرومتر داخل‌سنج,میکرومتر داخل‌سنج,APPROVED,yes,VARIANT_REQUIRED,metrology_micrometer_buyer_range,SUFFIX_GOVERNED,PASS,measurement_range,"{""max"": 150.0, ""min"": 125.0}",125–150 میلی‌متر,826,yes,میکرومتر اینسایز (Insize) 150-125 میلی متر داخل سنج سه فک مدل 150-3227,میکرومتر داخل‌سنج اینسایز کد 3227-150، 125–150 میلی‌متر,میکرومتر اینسایز (Insize) 150-125 میلی متر داخل سنج سه فک مدل 150-3227,میکرومتر داخل‌سنج اینسایز کد 3227-150، 125–150 میلی‌متر,HOLD_OEM_SEMANTIC_EVIDENCE_MISSING,oem_heading_not_in_canonical_identity_policy,manufacturer_code_missing|model_to_code_candidate|uses_model_label|wrong_product_type,no,,yes,NO_DIRECT_TITLE_FALLBACK,yes,no,yes,yes,yes,no
1978,3227-175,3,INSIZE | اینسایز,اینسایز,3227-175,19,INSIDE_MICROMETER,میکرومتر داخل‌سنج,میکرومتر داخل‌سنج,APPROVED,yes,VARIANT_REQUIRED,metrology_micrometer_buyer_range,SUFFIX_GOVERNED,PASS,measurement_range,"{""max"": 175.0, ""min"": 150.0}",150–175 میلی‌متر,829,yes,میکرومتر اینسایز (Insize) 175-150 میلی متر داخل سنج سه فک مدل 175-3227,میکرومتر داخل‌سنج اینسایز کد 3227-175، 150–175 میلی‌متر,میکرومتر اینسایز (Insize) 175-150 میلی متر داخل سنج سه فک مدل 175-3227,میکرومتر داخل‌سنج اینسایز کد 3227-175، 150–175 میلی‌متر,HOLD_OEM_SEMANTIC_EVIDENCE_MISSING,oem_heading_not_in_canonical_identity_policy,manufacturer_code_missing|model_to_code_candidate|uses_model_label|wrong_product_type,no,,yes,NO_DIRECT_TITLE_FALLBACK,yes,no,yes,yes,yes,no
1979,3227-200,3,INSIZE | اینسایز,اینسایز,3227-200,19,INSIDE_MICROMETER,میکرومتر داخل‌سنج,میکرومتر داخل‌سنج,APPROVED,yes,VARIANT_REQUIRED,metrology_micrometer_buyer_range,SUFFIX_GOVERNED,PASS,measurement_range,"{""max"": 200.0, ""min"": 175.0}",175–200 میلی‌متر,832,yes,میکرومتر اینسایز (Insize) 200-175 میلی متر داخل سنج سه فک مدل 200-3227,میکرومتر داخل‌سنج اینسایز کد 3227-200، 175–200 میلی‌متر,میکرومتر اینسایز (Insize) 200-175 میلی متر داخل سنج سه فک مدل 200-3227,میکرومتر داخل‌سنج اینسایز کد 3227-200، 175–200 میلی‌متر,HOLD_OEM_SEMANTIC_EVIDENCE_MISSING,oem_heading_not_in_canonical_identity_policy,manufacturer_code_missing|model_to_code_candidate|uses_model_label|wrong_product_type,no,,yes,NO_DIRECT_TITLE_FALLBACK,yes,no,yes,yes,yes,no
1980,3227-202,3,INSIZE | اینسایز,اینسایز,3227-202,,,,,,no,,,,N/A,,,,,no,میکرومتر اینسایز (Insize) 20-12 میلی متر داخل سنج سه فک مدل 202-3227,,میکرومتر اینسایز (Insize) 20-12 میلی متر داخل سنج سه فک مدل 202-3227,,HOLD_MISSING_PRODUCT_TYPE,product_type_id_null,manufacturer_code_missing|uses_model_label,no,,yes,NO_DIRECT_TITLE_FALLBACK,yes,no,yes,yes,yes,no
1981,3227-504,3,INSIZE | اینسایز,اینسایز,3227-504,,,,,,no,,,,N/A,,,,,no,میکرومتر اینسایز (Insize) 50-20 میلی متر داخل سنج سه فک مدل 504-3227,,میکرومتر اینسایز (Insize) 50-20 میلی متر داخل سنج سه فک مدل 504-3227,,HOLD_MISSING_PRODUCT_TYPE,product_type_id_null,manufacturer_code_missing|uses_model_label,no,,yes,NO_DIRECT_TITLE_FALLBACK,yes,no,yes,yes,yes,no
1982,3232-100,3,INSIZE | اینسایز,اینسایز,3232-100,13,OUTSIDE_MICROMETER,میکرومتر خارج‌سنج,میکرومتر خارج‌سنج,APPROVED,yes,VARIANT_REQUIRED,metrology_micrometer_buyer_range,SUFFIX_GOVERNED,PASS,measurement_range,"{""max"": 100.0, ""min"": 75.0}",75–100 میلی‌متر,379,yes,میکرومتر اینسایز (Insize) 100-75 میلی متر نوک پیچ گوشتی مدل 100-3232,میکرومتر خارج‌سنج اینسایز کد 3232-100، 75–100 میلی‌متر,میکرومتر اینسایز (Insize) 100-75 میلی متر نوک پیچ گوشتی مدل 100-3232,میکرومتر خارج‌سنج اینسایز کد 3232-100، 75–100 میلی‌متر,HOLD_OEM_SEMANTIC_EVIDENCE_MISSING,no_identity_registry_entry,manufacturer_code_missing|model_to_code_candidate|uses_model_label|wrong_product_type,no,,yes,NO_DIRECT_TITLE_FALLBACK,yes,no,yes,yes,yes,no
1983,3240-100,3,INSIZE | اینسایز,اینسایز,3240-100,15,DEPTH_MICROMETER,میکرومتر عمق‌سنج,میکرومتر عمق‌سنج,APPROVED,yes,VARIANT_REQUIRED,metrology_micrometer_buyer_range,SUFFIX_GOVERNED,PASS,measurement_range,"{""max"": 100.0, ""min"": 0.0}",0–100 میلی‌متر,643,yes,عمق سنج میکرومتر اینسایز (Insize) 0-100 میلی متر مدل 100-3240,میکرومتر عمق‌سنج اینسایز کد 3240-100، 0–100 میلی‌متر,عمق سنج میکرومتر اینسایز (Insize) 0-100 میلی متر مدل 100-3240,میکرومتر عمق‌سنج اینسایز کد 3240-100، 0–100 میلی‌متر,HOLD_OEM_SEMANTIC_EVIDENCE_MISSING,accessory_only_occurrence,manufacturer_code_missing|model_to_code_candidate|uses_model_label|wrong_product_type,no,,yes,NO_DIRECT_TITLE_FALLBACK,yes,no,yes,yes,yes,no
1984,3240-150,3,INSIZE | اینسایز,اینسایز,3240-150,15,DEPTH_MICROMETER,میکرومتر عمق‌سنج,میکرومتر عمق‌سنج,APPROVED,yes,VARIANT_REQUIRED,metrology_micrometer_buyer_range,SUFFIX_GOVERNED,PASS,measurement_range,"{""max"": 150.0, ""min"": 0.0}",0–150 میلی‌متر,646,yes,عمق سنج میکرومتر اینسایز (Insize) 0-150 میلی متر مدل 150-3240,میکرومتر عمق‌سنج اینسایز کد 3240-150، 0–150 میلی‌متر,عمق سنج میکرومتر اینسایز (Insize) 0-150 میلی متر مدل 150-3240,میکرومتر عمق‌سنج اینسایز کد 3240-150، 0–150 میلی‌متر,HOLD_OEM_SEMANTIC_EVIDENCE_MISSING,accessory_only_occurrence,manufacturer_code_missing|model_to_code_candidate|uses_model_label|wrong_product_type,no,,yes,NO_DIRECT_TITLE_FALLBACK,yes,no,yes,yes,yes,no
1985,3240-300,3,INSIZE | اینسایز,اینسایز,3240-300,15,DEPTH_MICROMETER,میکرومتر عمق‌سنج,میکرومتر عمق‌سنج,APPROVED,yes,VARIANT_REQUIRED,metrology_micrometer_buyer_range,SUFFIX_GOVERNED,PASS,measurement_range,"{""max"": 300.0, ""min"": 0.0}",0–300 میلی‌متر,649,yes,میکرومتر اینسایز (Insize) 30 سانتی متر عمق سنج میله‌ای مدل 300-3240,میکرومتر عمق‌سنج اینسایز کد 3240-300، 0–300 میلی‌متر,میکرومتر اینسایز (Insize) 30 سانتی متر عمق سنج میله‌ای مدل 300-3240,میکرومتر عمق‌سنج اینسایز کد 3240-300، 0–300 میلی‌متر,HOLD_OEM_SEMANTIC_EVIDENCE_MISSING,accessory_only_occurrence,manufacturer_code_missing|model_to_code_candidate|uses_model_label|wrong_product_type,no,,yes,NO_DIRECT_TITLE_FALLBACK,yes,no,yes,yes,yes,no
1986,3282-100,3,INSIZE | اینسایز,اینسایز,3282-100,13,OUTSIDE_MICROMETER,میکرومتر خارج‌سنج,میکرومتر خارج‌سنج,APPROVED,yes,VARIANT_REQUIRED,metrology_micrometer_buyer_range,SUFFIX_GOVERNED,PASS,measurement_range,"{""max"": 100.0, ""min"": 75.0}",75–100 میلی‌متر,382,yes,میکرومتر اینسایز (Insize) 100-75 میلی متر دیسکی مدل 100-3282,میکرومتر خارج‌سنج اینسایز کد 3282-100، 75–100 میلی‌متر,میکرومتر اینسایز (Insize) 100-75 میلی متر دیسکی مدل 100-3282,میکرومتر خارج‌سنج اینسایز کد 3282-100، 75–100 میلی‌متر,HOLD_OEM_SEMANTIC_EVIDENCE_MISSING,accessory_only_occurrence,manufacturer_code_missing|model_to_code_candidate|uses_model_label|wrong_product_type,no,,yes,NO_DIRECT_TITLE_FALLBACK,yes,no,yes,yes,yes,no
1987,3290-153,3,INSIZE | اینسایز,اینسایز,3290-153,13,OUTSIDE_MICROMETER,میکرومتر خارج‌سنج,میکرومتر خارج‌سنج,APPROVED,yes,VARIANT_REQUIRED,metrology_micrometer_buyer_range,SUFFIX_GOVERNED,PASS,measurement_range,"{""max"": 15.0, ""min"": 1.0}",1–15 میلی‌متر,385,yes,میکرومتر اینسایز (Insize) 60 درجه جناغی مدل 153-3290,میکرومتر خارج‌سنج اینسایز کد 3290-153، 1–15 میلی‌متر,میکرومتر اینسایز (Insize) 60 درجه جناغی مدل 153-3290,میکرومتر خارج‌سنج اینسایز کد 3290-153، 1–15 میلی‌متر,HOLD_OEM_SEMANTIC_EVIDENCE_MISSING,no_identity_registry_entry,manufacturer_code_missing|model_to_code_candidate|uses_model_label|wrong_product_type,no,,yes,NO_DIRECT_TITLE_FALLBACK,yes,no,yes,yes,yes,no
1988,3290-203,3,INSIZE | اینسایز,اینسایز,3290-203,13,OUTSIDE_MICROMETER,میکرومتر خارج‌سنج,میکرومتر خارج‌سنج,APPROVED,yes,VARIANT_REQUIRED,metrology_micrometer_buyer_range,SUFFIX_GOVERNED,PASS,measurement_range,"{""max"": 20.0, ""min"": 5.0}",5–20 میلی‌متر,388,yes,میکرومتر اینسایز (Insize) 60 درجه جناغی مدل 203-3290,میکرومتر خارج‌سنج اینسایز کد 3290-203، 5–20 میلی‌متر,میکرومتر اینسایز (Insize) 60 درجه جناغی مدل 203-3290,میکرومتر خارج‌سنج اینسایز کد 3290-203، 5–20 میلی‌متر,HOLD_OEM_SEMANTIC_EVIDENCE_MISSING,no_identity_registry_entry,manufacturer_code_missing|model_to_code_candidate|uses_model_label|wrong_product_type,no,,yes,NO_DIRECT_TITLE_FALLBACK,no,no,yes,no,no,no
1989,3290-455,3,INSIZE | اینسایز,اینسایز,3290-455,13,OUTSIDE_MICROMETER,میکرومتر خارج‌سنج,میکرومتر خارج‌سنج,APPROVED,yes,VARIANT_REQUIRED,metrology_micrometer_buyer_range,SUFFIX_GOVERNED,PASS,measurement_range,"{""max"": 15.0, ""min"": 1.0}",1–15 میلی‌متر,973,yes,میکرومتر 60 درجه جناغی اینسایز (Insize) 25-45 میلی متر مدل 455-3290,میکرومتر خارج‌سنج اینسایز کد 3290-455، 1–15 میلی‌متر,میکرومتر 60 درجه جناغی اینسایز (Insize) 25-45 میلی متر مدل 455-3290,میکرومتر خارج‌سنج اینسایز کد 3290-455، 1–15 میلی‌متر,HOLD_OEM_SEMANTIC_EVIDENCE_MISSING,no_identity_registry_entry,manufacturer_code_missing|model_to_code_candidate|uses_model_label|wrong_product_type,no,,yes,NO_DIRECT_TITLE_FALLBACK,no,no,yes,no,no,no
1990,3293-131,3,INSIZE | اینسایز,اینسایز,3293-131,13,OUTSIDE_MICROMETER,میکرومتر خارج‌سنج,میکرومتر خارج‌سنج,APPROVED,yes,VARIANT_REQUIRED,metrology_micrometer_buyer_range,SUFFIX_GOVERNED,PASS,measurement_range,"{""max"": 13.0, ""min"": 0.0}",0–13 میلی‌متر,391,yes,میکرومتر درب قوطی سوزنی اینسایز (Insize) 0-13 میلی‌ متر مدل 131-3293,میکرومتر خارج‌سنج اینسایز کد 3293-131، 0–13 میلی‌متر,میکرومتر درب قوطی سوزنی اینسایز (Insize) 0-13 میلی‌ متر مدل 131-3293,میکرومتر خارج‌سنج اینسایز کد 3293-131، 0–13 میلی‌متر,HOLD_OEM_SEMANTIC_EVIDENCE_MISSING,accessory_only_occurrence,manufacturer_code_missing|model_to_code_candidate|uses_model_label|wrong_product_type,no,,yes,NO_DIRECT_TITLE_FALLBACK,yes,no,yes,yes,yes,no
1991,3506-150,3,INSIZE | اینسایز,اینسایز,3506-150,13,OUTSIDE_MICROMETER,میکرومتر خارج‌سنج,میکرومتر خارج‌سنج,APPROVED,yes,VARIANT_REQUIRED,metrology_micrometer_buyer_range,SUFFIX_GOVERNED,PASS,measurement_range,"{""max"": 150.0, ""min"": 0.0}",0–150 میلی‌متر,394,yes,میکرومتر دیجیتال اینسایز (Insize) 150-0 میلی متر خارج سنج میله‌ای مدل 150-3506,میکرومتر خارج‌سنج اینسایز کد 3506-150، 0–150 میلی‌متر,میکرومتر دیجیتال اینسایز (Insize) 150-0 میلی متر خارج سنج میله‌ای مدل 150-3506,میکرومتر خارج‌سنج اینسایز کد 3506-150، 0–150 میلی‌متر,HOLD_OEM_SEMANTIC_EVIDENCE_MISSING,no_identity_registry_entry,manufacturer_code_missing|model_to_code_candidate|uses_model_label|wrong_product_type,no,,yes,NO_DIRECT_TITLE_FALLBACK,yes,no,yes,yes,yes,no
1992,3506-300,3,INSIZE | اینسایز,اینسایز,3506-300,13,OUTSIDE_MICROMETER,میکرومتر خارج‌سنج,میکرومتر خارج‌سنج,APPROVED,yes,VARIANT_REQUIRED,metrology_micrometer_buyer_range,SUFFIX_GOVERNED,PASS,measurement_range,"{""max"": 300.0, ""min"": 150.0}",150–300 میلی‌متر,397,yes,میکرومتر دیجیتال اینسایز (Insize) 300-150 میلی متر خارج سنج میله‌ای مدل 300-3506,میکرومتر خارج‌سنج اینسایز کد 3506-300، 150–300 میلی‌متر,میکرومتر دیجیتال اینسایز (Insize) 300-150 میلی متر خارج سنج میله‌ای مدل 300-3506,میکرومتر خارج‌سنج اینسایز کد 3506-300، 150–300 میلی‌متر,HOLD_OEM_SEMANTIC_EVIDENCE_MISSING,no_identity_registry_entry,manufacturer_code_missing|model_to_code_candidate|uses_model_label|wrong_product_type,no,,yes,NO_DIRECT_TITLE_FALLBACK,no,no,yes,no,no,no
1993,3506-400,3,INSIZE | اینسایز,اینسایز,3506-400,13,OUTSIDE_MICROMETER,میکرومتر خارج‌سنج,میکرومتر خارج‌سنج,APPROVED,yes,VARIANT_REQUIRED,metrology_micrometer_buyer_range,SUFFIX_GOVERNED,PASS,measurement_range,"{""max"": 400.0, ""min"": 300.0}",300–400 میلی‌متر,976,yes,میکرومتر دیجیتال (Insize) اینسایز 400-300 میلی متر خارج سنج میله‌ای مدل 400-3506,میکرومتر خارج‌سنج اینسایز کد 3506-400، 300–400 میلی‌متر,میکرومتر دیجیتال (Insize) اینسایز 400-300 میلی متر خارج سنج میله‌ای مدل 400-3506,میکرومتر خارج‌سنج اینسایز کد 3506-400، 300–400 میلی‌متر,HOLD_OEM_SEMANTIC_EVIDENCE_MISSING,no_identity_registry_entry,manufacturer_code_missing|model_to_code_candidate|uses_model_label|wrong_product_type,no,,yes,NO_DIRECT_TITLE_FALLBACK,no,no,yes,no,no,no
1994,3506-500,3,INSIZE | اینسایز,اینسایز,3506-500,13,OUTSIDE_MICROMETER,میکرومتر خارج‌سنج,میکرومتر خارج‌سنج,APPROVED,yes,VARIANT_REQUIRED,metrology_micrometer_buyer_range,SUFFIX_GOVERNED,PASS,measurement_range,"{""max"": 500.0, ""min"": 400.0}",400–500 میلی‌متر,979,yes,میکرومتر دیجیتال اینسایز (Insize) 400-500 میلی متر خارج سنج مدل 500-3506,میکرومتر خارج‌سنج اینسایز کد 3506-500، 400–500 میلی‌متر,میکرومتر دیجیتال اینسایز (Insize) 400-500 میلی متر خارج سنج مدل 500-3506,میکرومتر خارج‌سنج اینسایز کد 3506-500، 400–500 میلی‌متر,HOLD_OEM_SEMANTIC_EVIDENCE_MISSING,no_identity_registry_entry,manufacturer_code_missing|model_to_code_candidate|uses_model_label|wrong_product_type,no,,yes,NO_DIRECT_TITLE_FALLBACK,no,no,yes,no,no,no
1995,3506-600,3,INSIZE | اینسایز,اینسایز,3506-600,13,OUTSIDE_MICROMETER,میکرومتر خارج‌سنج,میکرومتر خارج‌سنج,APPROVED,yes,VARIANT_REQUIRED,metrology_micrometer_buyer_range,SUFFIX_GOVERNED,PASS,measurement_range,"{""max"": 600.0, ""min"": 500.0}",500–600 میلی‌متر,982,yes,میکرومتر میله ای دیجیتال اینسایز(Insize) 500-600 میلیمتر خارج سنج مدل 600-3506,میکرومتر خارج‌سنج اینسایز کد 3506-600، 500–600 میلی‌متر,میکرومتر میله ای دیجیتال اینسایز(Insize) 500-600 میلیمتر خارج سنج مدل 600-3506,میکرومتر خارج‌سنج اینسایز کد 3506-600، 500–600 میلی‌متر,HOLD_OEM_SEMANTIC_EVIDENCE_MISSING,no_identity_registry_entry,manufacturer_code_missing|model_to_code_candidate|uses_model_label|wrong_product_type,no,,yes,NO_DIRECT_TITLE_FALLBACK,no,no,yes,no,no,no
1996,3520-100,3,INSIZE | اینسایز,اینسایز,3520-100,19,INSIDE_MICROMETER,میکرومتر داخل‌سنج,میکرومتر داخل‌سنج,APPROVED,yes,VARIANT_REQUIRED,metrology_micrometer_buyer_range,SUFFIX_GOVERNED,PASS,measurement_range,"{""max"": 100.0, ""min"": 75.0}",75–100 میلی‌متر,835,yes,میکرومتر دیجیتال اینسایز (Insize) 75-100 میلی متر داخل سنج مدل 100-3520,میکرومتر داخل‌سنج اینسایز کد 3520-100، 75–100 میلی‌متر,میکرومتر دیجیتال اینسایز (Insize) 75-100 میلی متر داخل سنج مدل 100-3520,میکرومتر داخل‌سنج اینسایز کد 3520-100، 75–100 میلی‌متر,HOLD_OEM_SEMANTIC_EVIDENCE_MISSING,accessory_only_occurrence,manufacturer_code_missing|model_to_code_candidate|uses_model_label|wrong_product_type,no,,yes,NO_DIRECT_TITLE_FALLBACK,yes,no,yes,yes,yes,no
1997,3521-2000,3,INSIZE | اینسایز,اینسایز,3521-2000,,,,,,no,,,,N/A,,,,,no,میکرومتر داخل لوله ای اینسایز (Insize) 150-2000 میلیمتر دیجیتال مدل 2000-3521,,میکرومتر داخل لوله ای اینسایز (Insize) 150-2000 میلیمتر دیجیتال مدل 2000-3521,,HOLD_MISSING_PRODUCT_TYPE,product_type_id_null,manufacturer_code_missing|uses_model_label,no,,yes,NO_DIRECT_TITLE_FALLBACK,yes,no,yes,yes,yes,no
1998,3540-150,3,INSIZE | اینسایز,اینسایز,3540-150,2,DEPTH_GAUGE,عمق‌سنج,عمق‌سنج,APPROVED,yes,VARIANT_REQUIRED,metrology_working_range,SUFFIX_GOVERNED,PASS,measurement_range,"{""max"": 150.0, ""min"": 0.0}",0–150 میلی‌متر,586,yes,عمق سنج میله ای دیجیتال اینسایز (Insize) 0-150 میلی متر مدل 150-3540,عمق‌سنج اینسایز کد 3540-150، 0–150 میلی‌متر,عمق سنج میله ای دیجیتال اینسایز (Insize) 0-150 میلی متر مدل 150-3540,عمق‌سنج اینسایز کد 3540-150، 0–150 میلی‌متر,HOLD_OEM_SEMANTIC_EVIDENCE_MISSING,accessory_only_occurrence,manufacturer_code_missing|model_to_code_candidate|uses_model_label|wrong_product_type,no,,yes,NO_DIRECT_TITLE_FALLBACK,yes,no,yes,yes,yes,no
1999,3540-300,3,INSIZE | اینسایز,اینسایز,3540-300,2,DEPTH_GAUGE,عمق‌سنج,عمق‌سنج,APPROVED,yes,VARIANT_REQUIRED,metrology_working_range,SUFFIX_GOVERNED,PASS,measurement_range,"{""max"": 300.0, ""min"": 0.0}",0–300 میلی‌متر,589,yes,عمق سنج میله ای دیجیتال 30 سانتی اینسایز (Insize) مدل 300-3540,عمق‌سنج اینسایز کد 3540-300، 0–300 میلی‌متر,عمق سنج میله ای دیجیتال 30 سانتی اینسایز (Insize) مدل 300-3540,عمق‌سنج اینسایز کد 3540-300، 0–300 میلی‌متر,HOLD_OEM_SEMANTIC_EVIDENCE_MISSING,accessory_only_occurrence,manufacturer_code_missing|model_to_code_candidate|uses_model_label|wrong_product_type,no,,yes,NO_DIRECT_TITLE_FALLBACK,yes,no,yes,yes,yes,no
2000,3590-153,3,INSIZE | اینسایز,اینسایز,3590-153,13,OUTSIDE_MICROMETER,میکرومتر خارج‌سنج,میکرومتر خارج‌سنج,APPROVED,yes,VARIANT_REQUIRED,metrology_micrometer_buyer_range,SUFFIX_GOVERNED,PASS,measurement_range,"{""max"": 15.0, ""min"": 1.0}",1–15 میلی‌متر,400,yes,میکرومتر جناقی دیجیتال اینسایز (Insize) 60 درجه 15-1 میلی متری مدل 153-3590,میکرومتر خارج‌سنج اینسایز کد 3590-153، 1–15 میلی‌متر,میکرومتر جناقی دیجیتال اینسایز (Insize) 60 درجه 15-1 میلی متری مدل 153-3590,میکرومتر خارج‌سنج اینسایز کد 3590-153، 1–15 میلی‌متر,HOLD_OEM_SEMANTIC_EVIDENCE_MISSING,no_identity_registry_entry,manufacturer_code_missing|model_to_code_candidate|uses_model_label|wrong_product_type,no,,yes,NO_DIRECT_TITLE_FALLBACK,no,no,yes,no,no,no
2001,4100-187,3,INSIZE | اینسایز,اینسایز,4100-187,,,,,,no,,,,N/A,,,,,no,گیج بلوک (راپورتر) 87 پارچه اینسایز (Insize) مدل 187-4100,,گیج بلوک (راپورتر) 87 پارچه اینسایز (Insize) مدل 187-4100,,HOLD_MISSING_PRODUCT_TYPE,product_type_id_null,manufacturer_code_missing|uses_model_label,no,,yes,NO_DIRECT_TITLE_FALLBACK,yes,no,yes,yes,yes,no
2002,4100-232,3,INSIZE | اینسایز,اینسایز,4100-232,,,,,,no,,,,N/A,,,,,no,گیج بلوک (راپورتر) 32 پارچه اینسایز (Insize) مدل 232-4100,,گیج بلوک (راپورتر) 32 پارچه اینسایز (Insize) مدل 232-4100,,HOLD_MISSING_PRODUCT_TYPE,product_type_id_null,manufacturer_code_missing|uses_model_label,no,,yes,NO_DIRECT_TITLE_FALLBACK,yes,no,yes,yes,yes,no
2003,4100-247,3,INSIZE | اینسایز,اینسایز,4100-247,,,,,,no,,,,N/A,,,,,no,گیج بلوک (راپورتر) 47 پارچه اینسایز (insize) مدل 247-4100,,گیج بلوک (راپورتر) 47 پارچه اینسایز (insize) مدل 247-4100,,HOLD_MISSING_PRODUCT_TYPE,product_type_id_null,manufacturer_code_missing|uses_model_label,no,,yes,NO_DIRECT_TITLE_FALLBACK,yes,no,yes,yes,yes,no
2005,4141-400,3,INSIZE | اینسایز,اینسایز,4141-400,35,ENGINEERS_SQUARE,گونیا مهندسی,گونیا مهندسی,APPROVED,yes,VARIANT_NOT_REQUIRED_APPROVED,OEM manufacturer_code identifies square size family; no governed range fact contract,VARIANT_NOT_REQUIRED_APPROVED,PASS,,,,,no,گونیا گرانیتی اینسایز (Insize) 250×400mm مدل 400-4141,گونیا مهندسی اینسایز کد 4141-400,گونیا گرانیتی اینسایز (Insize) 250×400mm مدل 400-4141,گونیا مهندسی اینسایز کد 4141-400,HOLD_OEM_SEMANTIC_EVIDENCE_MISSING,accessory_only_occurrence,manufacturer_code_missing|model_to_code_candidate|uses_model_label|wrong_product_type,no,,yes,NO_DIRECT_TITLE_FALLBACK,yes,no,yes,yes,yes,no
2006,4150-130,3,INSIZE | اینسایز,اینسایز,4150-130,,,,,,no,,,,N/A,,,,,no,خط کش سینوسی — 0-130mm,,خط کش سینوسی — 0-130mm,,HOLD_MISSING_PRODUCT_TYPE,product_type_id_null,brand_missing|manufacturer_code_missing,no,,no,YES,no,no,yes,no,no,no
2007,4150-1301,3,INSIZE | اینسایز,اینسایز,4150-1301,,,,,,no,,,,N/A,,,,,no,خط کش سینوسی — 0-1301mm,,خط کش سینوسی — 0-1301mm,,HOLD_MISSING_PRODUCT_TYPE,product_type_id_null,brand_missing|manufacturer_code_missing,no,,no,YES,no,no,yes,no,no,no
2008,4150-250,3,INSIZE | اینسایز,اینسایز,4150-250,,,,,,no,,,,N/A,,,,,no,خط کش سینوسی — 0-250mm,,خط کش سینوسی — 0-250mm,,HOLD_MISSING_PRODUCT_TYPE,product_type_id_null,brand_missing|manufacturer_code_missing,no,,no,YES,no,no,yes,no,no,no
2009,4150-2501,3,INSIZE | اینسایز,اینسایز,4150-2501,,,,,,no,,,,N/A,,,,,no,خط کش سینوسی,,خط کش سینوسی,,HOLD_MISSING_PRODUCT_TYPE,product_type_id_null,brand_missing|manufacturer_code_missing,no,,no,YES,no,no,yes,no,no,no
2010,4166-411,3,INSIZE | اینسایز,اینسایز,4166-411,24,PIN_GAUGE,پین گیج,پین گیج,APPROVED,yes,VARIANT_REQUIRED,gauge_nominal_size,HOLD_MISSING_VARIANT_FACT,N/A,nominal_size,,,,no,پین گیج 41 پارچه 5-1 میلی متری اینسایز (Insize) مدل 411-4166,,پین گیج 41 پارچه 5-1 میلی متری اینسایز (Insize) مدل 411-4166,,HOLD_MISSING_VARIANT_FACT,required_published_variant_fact_missing,manufacturer_code_missing|uses_model_label,no,,yes,NO_DIRECT_TITLE_FALLBACK,yes,no,yes,yes,yes,no
2011,4166-511,3,INSIZE | اینسایز,اینسایز,4166-511,24,PIN_GAUGE,پین گیج,پین گیج,APPROVED,yes,VARIANT_REQUIRED,gauge_nominal_size,HOLD_MISSING_VARIANT_FACT,N/A,nominal_size,,,,no,پین گیج 51 پارچه 10-5 میلی متری اینسایز (Insize) مدل 511-4166,,پین گیج 51 پارچه 10-5 میلی متری اینسایز (Insize) مدل 511-4166,,HOLD_MISSING_VARIANT_FACT,required_published_variant_fact_missing,manufacturer_code_missing|uses_model_label,no,,yes,NO_DIRECT_TITLE_FALLBACK,yes,no,yes,yes,yes,no
2012,4166-512,3,INSIZE | اینسایز,اینسایز,4166-512,24,PIN_GAUGE,پین گیج,پین گیج,APPROVED,yes,VARIANT_REQUIRED,gauge_nominal_size,HOLD_MISSING_VARIANT_FACT,N/A,nominal_size,,,,no,ست پین گیج اینسایز (Insize) 10 – 15 میلی متر 51 پارچه مدل 512-4166,,ست پین گیج اینسایز (Insize) 10 – 15 میلی متر 51 پارچه مدل 512-4166,,HOLD_MISSING_VARIANT_FACT,required_published_variant_fact_missing,manufacturer_code_missing|uses_model_label,no,,yes,NO_DIRECT_TITLE_FALLBACK,yes,no,yes,yes,yes,no
2013,4166-513,3,INSIZE | اینسایز,اینسایز,4166-513,24,PIN_GAUGE,پین گیج,پین گیج,APPROVED,yes,VARIANT_REQUIRED,gauge_nominal_size,HOLD_MISSING_VARIANT_FACT,N/A,nominal_size,,,,no,پین گیج 51 پارچه 20-15 میلی متری اینسایز (Insize) مدل513-4166,,پین گیج 51 پارچه 20-15 میلی متری اینسایز (Insize) مدل513-4166,,HOLD_MISSING_VARIANT_FACT,required_published_variant_fact_missing,manufacturer_code_missing|uses_model_label,no,,yes,NO_DIRECT_TITLE_FALLBACK,yes,no,yes,yes,yes,no
2014,4605-201,3,INSIZE | اینسایز,اینسایز,4605-201,25,FEELER_GAUGE_SET,ست فیلر,ست فیلر,APPROVED,yes,VARIANT_NOT_REQUIRED_APPROVED,feeler_set_identified_by_oem_code; OEM manufacturer_code uniquely identifies commercial model; no single governed specification required for title identity,VARIANT_NOT_REQUIRED_APPROVED,PASS,,,,,no,فیلر 20تیغ 20سانت ( ) 0.05 ~ اینسایز مدل 4605-201,ست فیلر اینسایز کد 4605-201,فیلر 20تیغ 20سانت ( ) 0.05 ~ اینسایز مدل 4605-201,ست فیلر اینسایز کد 4605-201,HOLD_OEM_SEMANTIC_EVIDENCE_MISSING,accessory_only_occurrence,model_to_code_candidate|uses_model_label|wrong_product_type,no,,yes,NO_DIRECT_TITLE_FALLBACK,yes,yes,yes,yes,yes,yes
2015,4605-202,3,INSIZE | اینسایز,اینسایز,4605-202,25,FEELER_GAUGE_SET,ست فیلر,ست فیلر,APPROVED,yes,VARIANT_NOT_REQUIRED_APPROVED,feeler_set_identified_by_oem_code; OEM manufacturer_code uniquely identifies commercial model; no single governed specification required for title identity,VARIANT_NOT_REQUIRED_APPROVED,PASS,,,,,no,فیلر 20 تیغه 30 سانتی متری اینسایز (Insize) مدل 202-4605,ست فیلر اینسایز کد 4605-202,فیلر 20 تیغه 30 سانتی متری اینسایز (Insize) مدل 202-4605,ست فیلر اینسایز کد 4605-202,HOLD_OEM_SEMANTIC_EVIDENCE_MISSING,accessory_only_occurrence,manufacturer_code_missing|model_to_code_candidate|uses_model_label|wrong_product_type,no,,yes,NO_DIRECT_TITLE_FALLBACK,yes,no,yes,yes,yes,no
2016,4621-100,3,INSIZE | اینسایز,اینسایز,4621-100,26,FEELER_GAUGE,فیلر نواری,فیلر نواری,APPROVED,yes,VARIANT_NOT_REQUIRED_APPROVED,feeler_blade_set_identified_by_oem_code; OEM manufacturer_code uniquely identifies commercial model; no single governed specification required for title identity,VARIANT_NOT_REQUIRED_APPROVED,PASS,,,,,no,فیلر نواری 5متری اینسایز مدل 4621-100,فیلر نواری اینسایز کد 4621-100,فیلر نواری 5متری اینسایز مدل 4621-100,فیلر نواری اینسایز کد 4621-100,HOLD_OEM_SEMANTIC_EVIDENCE_MISSING,accessory_only_occurrence,model_to_code_candidate|uses_model_label,no,,yes,NO_DIRECT_TITLE_FALLBACK,yes,yes,yes,yes,yes,yes
2017,4700-200,3,INSIZE | اینسایز,اینسایز,4700-200,36,STRAIGHT_EDGE,خط‌کش صافی/لبه صاف,,HOLD,no,HOLD_VARIANT_POLICY_UNDEFINED,straight_edge_title_pending,,N/A,,,,,no,خط کش مویی 20 سانتی اینسایز (insize) مدل 200-4700,,خط کش مویی 20 سانتی اینسایز (insize) مدل 200-4700,,HOLD_PRODUCT_TYPE_NAMING_POLICY,synonym_or_slash_label,manufacturer_code_missing|uses_model_label|wrong_product_type,no,,yes,NO_DIRECT_TITLE_FALLBACK,yes,no,yes,yes,yes,no
2018,4707-300,3,INSIZE | اینسایز,اینسایز,4707-300,35,ENGINEERS_SQUARE,گونیا مهندسی,گونیا مهندسی,APPROVED,yes,VARIANT_NOT_REQUIRED_APPROVED,OEM manufacturer_code identifies square size family; no governed range fact contract,VARIANT_NOT_REQUIRED_APPROVED,PASS,,,,,no,گونیا صنعتی 30 سانتی اینسایز (Insize) مدل 300-4707,گونیا مهندسی اینسایز کد 4707-300,گونیا صنعتی 30 سانتی اینسایز (Insize) مدل 300-4707,گونیا مهندسی اینسایز کد 4707-300,HOLD_OEM_SEMANTIC_EVIDENCE_MISSING,accessory_only_occurrence,manufacturer_code_missing|model_to_code_candidate|uses_model_label|wrong_product_type,no,,yes,NO_DIRECT_TITLE_FALLBACK,yes,no,yes,yes,yes,no
2019,4707-500,3,INSIZE | اینسایز,اینسایز,4707-500,35,ENGINEERS_SQUARE,گونیا مهندسی,گونیا مهندسی,APPROVED,yes,VARIANT_NOT_REQUIRED_APPROVED,OEM manufacturer_code identifies square size family; no governed range fact contract,VARIANT_NOT_REQUIRED_APPROVED,PASS,,,,,no,گونیا صنعتی 50 سانتی اینسایز (Insize) مدل 500-4707,گونیا مهندسی اینسایز کد 4707-500,گونیا صنعتی 50 سانتی اینسایز (Insize) مدل 500-4707,گونیا مهندسی اینسایز کد 4707-500,HOLD_OEM_SEMANTIC_EVIDENCE_MISSING,accessory_only_occurrence,manufacturer_code_missing|model_to_code_candidate|uses_model_label|wrong_product_type,no,,yes,NO_DIRECT_TITLE_FALLBACK,yes,no,yes,yes,yes,no
2020,4745-1150,3,INSIZE | اینسایز,اینسایز,4745-1150,35,ENGINEERS_SQUARE,گونیا مهندسی,گونیا مهندسی,APPROVED,yes,VARIANT_NOT_REQUIRED_APPROVED,OEM manufacturer_code identifies square size family; no governed range fact contract,VARIANT_NOT_REQUIRED_APPROVED,PASS,,,,,no,گونیا 45 درجه اینسایز (Insize) مدل 1150-4745,گونیا مهندسی اینسایز کد 4745-1150,گونیا 45 درجه اینسایز (Insize) مدل 1150-4745,گونیا مهندسی اینسایز کد 4745-1150,HOLD_OEM_SEMANTIC_EVIDENCE_MISSING,accessory_only_occurrence,manufacturer_code_missing|model_to_code_candidate|uses_model_label|wrong_product_type,no,,yes,NO_DIRECT_TITLE_FALLBACK,yes,no,yes,yes,yes,no
2021,4745-1200,3,INSIZE | اینسایز,اینسایز,4745-1200,35,ENGINEERS_SQUARE,گونیا مهندسی,گونیا مهندسی,APPROVED,yes,VARIANT_NOT_REQUIRED_APPROVED,OEM manufacturer_code identifies square size family; no governed range fact contract,VARIANT_NOT_REQUIRED_APPROVED,PASS,,,,,no,گونیا 45 درجه اینسایز (Insize) مدل 1200-4745,گونیا مهندسی اینسایز کد 4745-1200,گونیا 45 درجه اینسایز (Insize) مدل 1200-4745,گونیا مهندسی اینسایز کد 4745-1200,HOLD_OEM_SEMANTIC_EVIDENCE_MISSING,accessory_only_occurrence,manufacturer_code_missing|model_to_code_candidate|uses_model_label|wrong_product_type,no,,yes,NO_DIRECT_TITLE_FALLBACK,yes,no,yes,yes,yes,no
2022,4796-100,3,INSIZE | اینسایز,اینسایز,4796-100,35,ENGINEERS_SQUARE,گونیا مهندسی,گونیا مهندسی,APPROVED,yes,VARIANT_NOT_REQUIRED_APPROVED,OEM manufacturer_code identifies square size family; no governed range fact contract,VARIANT_NOT_REQUIRED_APPROVED,PASS,,,,,no,گونیا صنعتی اینسایز (Insize) 70×100 میلیمتر کد 100-4796,گونیا مهندسی اینسایز کد 4796-100,گونیا صنعتی اینسایز (Insize) 70×100 میلیمتر کد 100-4796,گونیا مهندسی اینسایز کد 4796-100,HOLD_OEM_SEMANTIC_EVIDENCE_MISSING,accessory_only_occurrence,manufacturer_code_missing|wrong_product_type,no,,yes,NO_DIRECT_TITLE_FALLBACK,yes,no,yes,yes,yes,no
2023,4796-150,3,INSIZE | اینسایز,اینسایز,4796-150,35,ENGINEERS_SQUARE,گونیا مهندسی,گونیا مهندسی,APPROVED,yes,VARIANT_NOT_REQUIRED_APPROVED,OEM manufacturer_code identifies square size family; no governed range fact contract,VARIANT_NOT_REQUIRED_APPROVED,PASS,,,,,no,گونیا صنعتی اینسایز (Insize) 150×100 میلیمتر مدل 150-4796,گونیا مهندسی اینسایز کد 4796-150,گونیا صنعتی اینسایز (Insize) 150×100 میلیمتر مدل 150-4796,گونیا مهندسی اینسایز کد 4796-150,HOLD_OEM_SEMANTIC_EVIDENCE_MISSING,accessory_only_occurrence,manufacturer_code_missing|model_to_code_candidate|uses_model_label|wrong_product_type,no,,yes,NO_DIRECT_TITLE_FALLBACK,yes,no,yes,yes,yes,no
2024,4796-300,3,INSIZE | اینسایز,اینسایز,4796-300,35,ENGINEERS_SQUARE,گونیا مهندسی,گونیا مهندسی,APPROVED,yes,VARIANT_NOT_REQUIRED_APPROVED,OEM manufacturer_code identifies square size family; no governed range fact contract,VARIANT_NOT_REQUIRED_APPROVED,PASS,,,,,no,گونیا صنعتی اینسایز (Insize) 300×200 میلیمتر مدل 300-4796,گونیا مهندسی اینسایز کد 4796-300,گونیا صنعتی اینسایز (Insize) 300×200 میلیمتر مدل 300-4796,گونیا مهندسی اینسایز کد 4796-300,HOLD_OEM_SEMANTIC_EVIDENCE_MISSING,accessory_only_occurrence,manufacturer_code_missing|model_to_code_candidate|uses_model_label|wrong_product_type,no,,yes,NO_DIRECT_TITLE_FALLBACK,yes,no,yes,yes,yes,no
2025,4799-1120,3,INSIZE | اینسایز,اینسایز,4799-1120,20,PROTRACTOR,زاویه‌سنج,زاویه‌سنج,APPROVED,yes,VARIANT_NOT_REQUIRED_APPROVED,OEM manufacturer_code identifies protractor model; angle range not in KB contract,VARIANT_NOT_REQUIRED_APPROVED,PASS,,,,,no,زاویه سنج 15 سانتی اینسایز (Insize) مدل 1120-4799,زاویه‌سنج اینسایز کد 4799-1120,زاویه سنج 15 سانتی اینسایز (Insize) مدل 1120-4799,زاویه‌سنج اینسایز کد 4799-1120,HOLD_OEM_SEMANTIC_EVIDENCE_MISSING,accessory_only_occurrence,manufacturer_code_missing|model_to_code_candidate|uses_model_label|wrong_product_type,no,,yes,NO_DIRECT_TITLE_FALLBACK,yes,no,yes,yes,yes,no
2026,4799-1150,3,INSIZE | اینسایز,اینسایز,4799-1150,20,PROTRACTOR,زاویه‌سنج,زاویه‌سنج,APPROVED,yes,VARIANT_NOT_REQUIRED_APPROVED,OEM manufacturer_code identifies protractor model; angle range not in KB contract,VARIANT_NOT_REQUIRED_APPROVED,PASS,,,,,no,زاویه سنج 20سانت اینسایز مدل 4799-1150,زاویه‌سنج اینسایز کد 4799-1150,زاویه سنج 20سانت اینسایز مدل 4799-1150,زاویه‌سنج اینسایز کد 4799-1150,HOLD_OEM_SEMANTIC_EVIDENCE_MISSING,accessory_only_occurrence,model_to_code_candidate|uses_model_label|wrong_product_type,no,,yes,NO_DIRECT_TITLE_FALLBACK,yes,yes,yes,yes,yes,yes
2027,4799-1200,3,INSIZE | اینسایز,اینسایز,4799-1200,20,PROTRACTOR,زاویه‌سنج,زاویه‌سنج,APPROVED,yes,VARIANT_NOT_REQUIRED_APPROVED,OEM manufacturer_code identifies protractor model; angle range not in KB contract,VARIANT_NOT_REQUIRED_APPROVED,PASS,,,,,no,زاویه سنج 30سانت اینسایز مدل 4799-1200,زاویه‌سنج اینسایز کد 4799-1200,زاویه سنج 30سانت اینسایز مدل 4799-1200,زاویه‌سنج اینسایز کد 4799-1200,HOLD_OEM_SEMANTIC_EVIDENCE_MISSING,accessory_only_occurrence,model_to_code_candidate|uses_model_label|wrong_product_type,no,,yes,NO_DIRECT_TITLE_FALLBACK,yes,yes,yes,yes,yes,yes
2028,4799-1300,3,INSIZE | اینسایز,اینسایز,4799-1300,20,PROTRACTOR,زاویه‌سنج,زاویه‌سنج,APPROVED,yes,VARIANT_NOT_REQUIRED_APPROVED,OEM manufacturer_code identifies protractor model; angle range not in KB contract,VARIANT_NOT_REQUIRED_APPROVED,PASS,,,,,no,زاویه سنج 50سانت اینسایز مدل 4799-1300,زاویه‌سنج اینسایز کد 4799-1300,زاویه سنج 50سانت اینسایز مدل 4799-1300,زاویه‌سنج اینسایز کد 4799-1300,READY_RENAME,governed_canonical_name_ready,model_to_code_candidate|uses_model_label|wrong_product_type,no,,yes,NO_DIRECT_TITLE_FALLBACK,yes,yes,yes,yes,yes,yes
2029,4799-180,3,INSIZE | اینسایز,اینسایز,4799-180,20,PROTRACTOR,زاویه‌سنج,زاویه‌سنج,APPROVED,yes,VARIANT_NOT_REQUIRED_APPROVED,OEM manufacturer_code identifies protractor model; angle range not in KB contract,VARIANT_NOT_REQUIRED_APPROVED,PASS,,,,,no,زاویه سنج 12سانت اینسایز مدل 4799-180,زاویه‌سنج اینسایز کد 4799-180,زاویه سنج 12سانت اینسایز مدل 4799-180,زاویه‌سنج اینسایز کد 4799-180,HOLD_OEM_SEMANTIC_EVIDENCE_MISSING,no_primary_product_occurrence,model_to_code_candidate|uses_model_label|wrong_product_type,no,,yes,NO_DIRECT_TITLE_FALLBACK,yes,yes,yes,yes,yes,yes
2030,4810-601,3,INSIZE | اینسایز,اینسایز,4810-601,53,SCREW_CUTTING_GAUGE,گیج برش رزوه,گیج برش رزوه,APPROVED,yes,VARIANT_NOT_REQUIRED_APPROVED,OEM manufacturer_code identifies screw cutting gauge model; OEM manufacturer_code uniquely identifies commercial model; no single governed specification required for title identity,VARIANT_NOT_REQUIRED_APPROVED,PASS,,,,,no,شابلون رنده 60 درجه اینسایز (Insize) مدل 601-4810,گیج برش رزوه اینسایز کد 4810-601,شابلون رنده 60 درجه اینسایز (Insize) مدل 601-4810,گیج برش رزوه اینسایز کد 4810-601,HOLD_OEM_SEMANTIC_EVIDENCE_MISSING,accessory_only_occurrence,manufacturer_code_missing|model_to_code_candidate|uses_model_label|wrong_product_type,no,,yes,NO_DIRECT_TITLE_FALLBACK,yes,no,yes,yes,yes,no
2031,4810-602,3,INSIZE | اینسایز,اینسایز,4810-602,53,SCREW_CUTTING_GAUGE,گیج برش رزوه,گیج برش رزوه,APPROVED,yes,VARIANT_NOT_REQUIRED_APPROVED,OEM manufacturer_code identifies screw cutting gauge model; OEM manufacturer_code uniquely identifies commercial model; no single governed specification required for title identity,VARIANT_NOT_REQUIRED_APPROVED,PASS,,,,,no,شابلون رنده 60 درجه اینسایز (Insize) مدل 602-4810,گیج برش رزوه اینسایز کد 4810-602,شابلون رنده 60 درجه اینسایز (Insize) مدل 602-4810,گیج برش رزوه اینسایز کد 4810-602,HOLD_OEM_SEMANTIC_EVIDENCE_MISSING,accessory_only_occurrence,manufacturer_code_missing|model_to_code_candidate|uses_model_label|wrong_product_type,no,,yes,NO_DIRECT_TITLE_FALLBACK,yes,no,yes,yes,yes,no
2032,4820-230,3,INSIZE | اینسایز,اینسایز,4820-230,46,THREAD_PITCH_GAUGE,شابلون گام رزوه,شابلون گام رزوه,APPROVED,yes,VARIANT_NOT_REQUIRED_APPROVED,OEM manufacturer_code identifies thread pitch template; OEM manufacturer_code uniquely identifies commercial model; no single governed specification required for title identity,VARIANT_NOT_REQUIRED_APPROVED,PASS,,,,,no,شابلون دنده 60 درجه اینسایز (Insize) مدل 230-4820,شابلون گام رزوه اینسایز کد 4820-230,شابلون دنده 60 درجه اینسایز (Insize) مدل 230-4820,شابلون گام رزوه اینسایز کد 4820-230,READY_RENAME,governed_canonical_name_ready,manufacturer_code_missing|model_to_code_candidate|uses_model_label|wrong_product_type,no,,yes,NO_DIRECT_TITLE_FALLBACK,yes,no,yes,yes,yes,no
2033,4820-452,3,INSIZE | اینسایز,اینسایز,4820-452,46,THREAD_PITCH_GAUGE,شابلون گام رزوه,شابلون گام رزوه,APPROVED,yes,VARIANT_NOT_REQUIRED_APPROVED,OEM manufacturer_code identifies thread pitch template; OEM manufacturer_code uniquely identifies commercial model; no single governed specification required for title identity,VARIANT_NOT_REQUIRED_APPROVED,PASS,,,,,no,شابلون رزوه اینچ و میلیمتر 6 – 0.25 میلی متر اینسایز (insize) مدل 452-4820,شابلون گام رزوه اینسایز کد 4820-452,شابلون رزوه اینچ و میلیمتر 6 – 0.25 میلی متر اینسایز (insize) مدل 452-4820,شابلون گام رزوه اینسایز کد 4820-452,HOLD_OEM_SEMANTIC_EVIDENCE_MISSING,accessory_only_occurrence,manufacturer_code_missing|model_to_code_candidate|uses_model_label|wrong_product_type,no,,yes,NO_DIRECT_TITLE_FALLBACK,yes,no,yes,yes,yes,no
2034,4820-552,3,INSIZE | اینسایز,اینسایز,4820-552,46,THREAD_PITCH_GAUGE,شابلون گام رزوه,شابلون گام رزوه,APPROVED,yes,VARIANT_NOT_REQUIRED_APPROVED,OEM manufacturer_code identifies thread pitch template; OEM manufacturer_code uniquely identifies commercial model; no single governed specification required for title identity,VARIANT_NOT_REQUIRED_APPROVED,PASS,,,,,no,شابلون رزوه اینچ و میلیمتر 60درجه از اینسایز مدل 4820-552,شابلون گام رزوه اینسایز کد 4820-552,شابلون رزوه اینچ و میلیمتر 60درجه از اینسایز مدل 4820-552,شابلون گام رزوه اینسایز کد 4820-552,READY_RENAME,governed_canonical_name_ready,model_to_code_candidate|uses_model_label|wrong_product_type,no,,yes,NO_DIRECT_TITLE_FALLBACK,yes,yes,yes,yes,yes,yes
2035,4860-212,3,INSIZE | اینسایز,اینسایز,4860-212,49,GEAR_TOOTH_PITCH_GAUGE,شابلون گام چرخ‌دنده,شابلون گام چرخ‌دنده,APPROVED,yes,VARIANT_NOT_REQUIRED_APPROVED,OEM manufacturer_code identifies pitch template model; OEM manufacturer_code uniquely identifies commercial model; no single governed specification required for title identity,VARIANT_NOT_REQUIRED_APPROVED,PASS,,,,,no,شابلون دنده ای ذوزنقه ای اینسایز (Insize) مدل 212-4860,شابلون گام چرخ‌دنده اینسایز کد 4860-212,شابلون دنده ای ذوزنقه ای اینسایز (Insize) مدل 212-4860,شابلون گام چرخ‌دنده اینسایز کد 4860-212,HOLD_OEM_SEMANTIC_EVIDENCE_MISSING,accessory_only_occurrence,manufacturer_code_missing|model_to_code_candidate|uses_model_label|wrong_product_type,no,,yes,NO_DIRECT_TITLE_FALLBACK,yes,no,yes,yes,yes,no
2036,4860-245,3,INSIZE | اینسایز,اینسایز,4860-245,49,GEAR_TOOTH_PITCH_GAUGE,شابلون گام چرخ‌دنده,شابلون گام چرخ‌دنده,APPROVED,yes,VARIANT_NOT_REQUIRED_APPROVED,OEM manufacturer_code identifies pitch template model; OEM manufacturer_code uniquely identifies commercial model; no single governed specification required for title identity,VARIANT_NOT_REQUIRED_APPROVED,PASS,,,,,no,شابلون مودول 20 درجه 4.5 – 0.35 میلی متر اینسایز (Insize) مدل 245-4860,شابلون گام چرخ‌دنده اینسایز کد 4860-245,شابلون مودول 20 درجه 4.5 – 0.35 میلی متر اینسایز (Insize) مدل 245-4860,شابلون گام چرخ‌دنده اینسایز کد 4860-245,HOLD_OEM_SEMANTIC_EVIDENCE_MISSING,accessory_only_occurrence,manufacturer_code_missing|model_to_code_candidate|uses_model_label|wrong_product_type,no,,yes,NO_DIRECT_TITLE_FALLBACK,yes,no,yes,yes,yes,no
2037,4902-150,3,INSIZE | اینسایز,اینسایز,4902-150,27,LEVEL,تراز,تراز,APPROVED,no,HOLD_VARIANT_POLICY_UNDEFINED,level_variant_policy_pending_owner,HOLD_VARIANT_POLICY_UNDEFINED,N/A,,,,,no,تراز چهار گوش اینسایز 15 سانتی (Insize) مدل 150-4902,,تراز چهار گوش اینسایز 15 سانتی (Insize) مدل 150-4902,,HOLD_VARIANT_POLICY_UNDEFINED,level_variant_policy_pending_owner,manufacturer_code_missing|uses_model_label,no,,yes,NO_DIRECT_TITLE_FALLBACK,yes,no,yes,yes,yes,no
2038,4902-200,3,INSIZE | اینسایز,اینسایز,4902-200,27,LEVEL,تراز,تراز,APPROVED,no,HOLD_VARIANT_POLICY_UNDEFINED,level_variant_policy_pending_owner,HOLD_VARIANT_POLICY_UNDEFINED,N/A,,,,,no,تراز چهار گوش اینسایز 20 سانتی (Insize) مدل 200-4902,,تراز چهار گوش اینسایز 20 سانتی (Insize) مدل 200-4902,,HOLD_VARIANT_POLICY_UNDEFINED,level_variant_policy_pending_owner,manufacturer_code_missing|uses_model_label,no,,yes,NO_DIRECT_TITLE_FALLBACK,yes,no,yes,yes,yes,no
2039,4902-300,3,INSIZE | اینسایز,اینسایز,4902-300,27,LEVEL,تراز,تراز,APPROVED,no,HOLD_VARIANT_POLICY_UNDEFINED,level_variant_policy_pending_owner,HOLD_VARIANT_POLICY_UNDEFINED,N/A,,,,,no,تراز صنعتی چهار گوش اینسایز (Insize) مدل 300-4902,,تراز صنعتی چهار گوش اینسایز (Insize) مدل 300-4902,,HOLD_VARIANT_POLICY_UNDEFINED,level_variant_policy_pending_owner,manufacturer_code_missing|uses_model_label,no,,yes,NO_DIRECT_TITLE_FALLBACK,yes,no,yes,yes,yes,no
2040,4903-150,3,INSIZE | اینسایز,اینسایز,4903-150,27,LEVEL,تراز,تراز,APPROVED,no,HOLD_VARIANT_POLICY_UNDEFINED,level_variant_policy_pending_owner,HOLD_VARIANT_POLICY_UNDEFINED,N/A,,,,,no,تراز صنعتی تخت اینسایز 15 سانتی (Insize) مدل 150-4903,,تراز صنعتی تخت اینسایز 15 سانتی (Insize) مدل 150-4903,,HOLD_VARIANT_POLICY_UNDEFINED,level_variant_policy_pending_owner,manufacturer_code_missing|uses_model_label,no,,yes,NO_DIRECT_TITLE_FALLBACK,no,no,yes,no,no,no
2041,4903-200,3,INSIZE | اینسایز,اینسایز,4903-200,27,LEVEL,تراز,تراز,APPROVED,no,HOLD_VARIANT_POLICY_UNDEFINED,level_variant_policy_pending_owner,HOLD_VARIANT_POLICY_UNDEFINED,N/A,,,,,no,تراز صنعتی تخت 20 سانتی اینسایز (Insize) مدل 200-4903,,تراز صنعتی تخت 20 سانتی اینسایز (Insize) مدل 200-4903,,HOLD_VARIANT_POLICY_UNDEFINED,level_variant_policy_pending_owner,manufacturer_code_missing|uses_model_label,no,,yes,NO_DIRECT_TITLE_FALLBACK,no,no,yes,no,no,no
2042,4903-300,3,INSIZE | اینسایز,اینسایز,4903-300,27,LEVEL,تراز,تراز,APPROVED,no,HOLD_VARIANT_POLICY_UNDEFINED,level_variant_policy_pending_owner,HOLD_VARIANT_POLICY_UNDEFINED,N/A,,,,,no,تراز صنعتی تخت 30 سانتی اینسایز (Insize) مدل 300-4903,,تراز صنعتی تخت 30 سانتی اینسایز (Insize) مدل 300-4903,,HOLD_VARIANT_POLICY_UNDEFINED,level_variant_policy_pending_owner,manufacturer_code_missing|uses_model_label,no,,yes,NO_DIRECT_TITLE_FALLBACK,no,no,yes,no,no,no
2043,4910-400,3,INSIZE | اینسایز,اینسایز,4910-400,28,DIGITAL_LEVEL,تراز دیجیتال,تراز دیجیتال,APPROVED,no,HOLD_VARIANT_POLICY_UNDEFINED,level_variant_policy_pending_owner,HOLD_VARIANT_POLICY_UNDEFINED,N/A,,,,,no,شیب سنج دیجیتال اینسایز (Insize) 40 سانت مدل 400-4910,,شیب سنج دیجیتال اینسایز (Insize) 40 سانت مدل 400-4910,,HOLD_VARIANT_POLICY_UNDEFINED,level_variant_policy_pending_owner,manufacturer_code_missing|uses_model_label|wrong_product_type,no,,yes,NO_DIRECT_TITLE_FALLBACK,yes,no,yes,yes,yes,no
2044,4910-600,3,INSIZE | اینسایز,اینسایز,4910-600,28,DIGITAL_LEVEL,تراز دیجیتال,تراز دیجیتال,APPROVED,no,HOLD_VARIANT_POLICY_UNDEFINED,level_variant_policy_pending_owner,HOLD_VARIANT_POLICY_UNDEFINED,N/A,,,,,no,شیب سنج دیجیتال اینسایز (Insize) 60 سانت مدل 600-4910,,شیب سنج دیجیتال اینسایز (Insize) 60 سانت مدل 600-4910,,HOLD_VARIANT_POLICY_UNDEFINED,level_variant_policy_pending_owner,manufacturer_code_missing|uses_model_label|wrong_product_type,no,,yes,NO_DIRECT_TITLE_FALLBACK,yes,no,yes,yes,yes,no
2045,4911-600,3,INSIZE | اینسایز,اینسایز,4911-600,27,LEVEL,تراز,تراز,APPROVED,no,HOLD_VARIANT_POLICY_UNDEFINED,level_variant_policy_pending_owner,HOLD_VARIANT_POLICY_UNDEFINED,N/A,,,,,no,تراز اینسایز (Insize) 60 سانت آلومینیومی (بدون مگنت) مدل 600-4911,,تراز اینسایز (Insize) 60 سانت آلومینیومی (بدون مگنت) مدل 600-4911,,HOLD_VARIANT_POLICY_UNDEFINED,level_variant_policy_pending_owner,manufacturer_code_missing|uses_model_label,no,,yes,NO_DIRECT_TITLE_FALLBACK,yes,no,yes,yes,yes,no
2046,4912-100,3,INSIZE | اینسایز,اینسایز,4912-100,27,LEVEL,تراز,تراز,APPROVED,no,HOLD_VARIANT_POLICY_UNDEFINED,level_variant_policy_pending_owner,HOLD_VARIANT_POLICY_UNDEFINED,N/A,,,,,no,تراز مگنتی 10سانت اینسایز مدل 4912-100,,تراز مگنتی 10سانت اینسایز مدل 4912-100,,HOLD_VARIANT_POLICY_UNDEFINED,level_variant_policy_pending_owner,uses_model_label,no,,yes,NO_DIRECT_TITLE_FALLBACK,yes,yes,yes,yes,yes,yes
2047,4913-250,3,INSIZE | اینسایز,اینسایز,4913-250,27,LEVEL,تراز,تراز,APPROVED,no,HOLD_VARIANT_POLICY_UNDEFINED,level_variant_policy_pending_owner,HOLD_VARIANT_POLICY_UNDEFINED,N/A,,,,,no,تراز مگنتی 25سانت اینسایز مدل 4913-250,,تراز مگنتی 25سانت اینسایز مدل 4913-250,,HOLD_VARIANT_POLICY_UNDEFINED,level_variant_policy_pending_owner,uses_model_label,no,,yes,NO_DIRECT_TITLE_FALLBACK,yes,yes,yes,yes,yes,yes
2048,4918-300,3,INSIZE | اینسایز,اینسایز,4918-300,27,LEVEL,تراز,تراز,APPROVED,no,HOLD_VARIANT_POLICY_UNDEFINED,level_variant_policy_pending_owner,HOLD_VARIANT_POLICY_UNDEFINED,N/A,,,,,no,تراز اینسایز (Insize) 30 سانت مگنت دار مدل 300-4918,,تراز اینسایز (Insize) 30 سانت مگنت دار مدل 300-4918,,HOLD_VARIANT_POLICY_UNDEFINED,level_variant_policy_pending_owner,manufacturer_code_missing|uses_model_label,no,,yes,NO_DIRECT_TITLE_FALLBACK,yes,no,yes,yes,yes,no
2049,4918-600,3,INSIZE | اینسایز,اینسایز,4918-600,27,LEVEL,تراز,تراز,APPROVED,no,HOLD_VARIANT_POLICY_UNDEFINED,level_variant_policy_pending_owner,HOLD_VARIANT_POLICY_UNDEFINED,N/A,,,,,no,تراز اینسایز (Insize) 60 سانت مگنت دار مدل 600-4918,,تراز اینسایز (Insize) 60 سانت مگنت دار مدل 600-4918,,HOLD_VARIANT_POLICY_UNDEFINED,level_variant_policy_pending_owner,manufacturer_code_missing|uses_model_label,no,,no,YES,yes,no,yes,yes,yes,no
2050,4921-230,3,INSIZE | اینسایز,اینسایز,4921-230,27,LEVEL,تراز,تراز,APPROVED,no,HOLD_VARIANT_POLICY_UNDEFINED,level_variant_policy_pending_owner,HOLD_VARIANT_POLICY_UNDEFINED,N/A,,,,,no,تراز 3طرفه 23سانتی اینسایز مدل 4921-230,,تراز 3طرفه 23سانتی اینسایز مدل 4921-230,,HOLD_VARIANT_POLICY_UNDEFINED,level_variant_policy_pending_owner,uses_model_label,no,,yes,NO_DIRECT_TITLE_FALLBACK,yes,yes,yes,yes,yes,yes
2051,4922-100,3,INSIZE | اینسایز,اینسایز,4922-100,27,LEVEL,تراز,تراز,APPROVED,no,HOLD_VARIANT_POLICY_UNDEFINED,level_variant_policy_pending_owner,HOLD_VARIANT_POLICY_UNDEFINED,N/A,,,,,no,تراز 2طرفه دستی اینسایز مدل 4922-100,,تراز 2طرفه دستی اینسایز مدل 4922-100,,HOLD_VARIANT_POLICY_UNDEFINED,level_variant_policy_pending_owner,uses_model_label,no,,yes,NO_DIRECT_TITLE_FALLBACK,yes,yes,yes,yes,yes,yes
2052,4922-150,3,INSIZE | اینسایز,اینسایز,4922-150,27,LEVEL,تراز,تراز,APPROVED,no,HOLD_VARIANT_POLICY_UNDEFINED,level_variant_policy_pending_owner,HOLD_VARIANT_POLICY_UNDEFINED,N/A,,,,,no,تراز 3طرفه دستی 15سانت اینسایز مدل 4922-150,,تراز 3طرفه دستی 15سانت اینسایز مدل 4922-150,,HOLD_VARIANT_POLICY_UNDEFINED,level_variant_policy_pending_owner,uses_model_label,no,,yes,NO_DIRECT_TITLE_FALLBACK,yes,yes,yes,yes,yes,yes
2053,6202-100,3,INSIZE | اینسایز,اینسایز,6202-100,,,,,,no,,,,N/A,,,,,no,پایه ساعت اینسایز مدل 6202-100,,پایه ساعت اینسایز مدل 6202-100,,HOLD_MISSING_PRODUCT_TYPE,product_type_id_null,uses_model_label,no,,yes,NO_DIRECT_TITLE_FALLBACK,yes,yes,yes,yes,yes,yes
2054,6210-100,3,INSIZE | اینسایز,اینسایز,6210-100,,,,,,no,,,,N/A,,,,,no,پایه ساعت مفصلی اینسایز مدل 6210-100,,پایه ساعت مفصلی اینسایز مدل 6210-100,,HOLD_MISSING_PRODUCT_TYPE,product_type_id_null,uses_model_label,no,,yes,NO_DIRECT_TITLE_FALLBACK,yes,yes,yes,yes,yes,yes
2055,6282-2001,3,INSIZE | اینسایز,اینسایز,6282-2001,,,,,,no,,,,N/A,,,,,no,رابط ساعت 1سانت اینسایز مدل 6282-2001,,رابط ساعت 1سانت اینسایز مدل 6282-2001,,HOLD_MISSING_PRODUCT_TYPE,product_type_id_null,uses_model_label,no,,yes,NO_DIRECT_TITLE_FALLBACK,yes,yes,yes,yes,yes,yes
2056,6282-2002,3,INSIZE | اینسایز,اینسایز,6282-2002,,,,,,no,,,,N/A,,,,,no,رابط ساعت 1/5سانت اینسایز مدل 6282-2002,,رابط ساعت 1/5سانت اینسایز مدل 6282-2002,,HOLD_MISSING_PRODUCT_TYPE,product_type_id_null,uses_model_label,no,,yes,NO_DIRECT_TITLE_FALLBACK,yes,yes,yes,yes,yes,yes
2057,6282-2003,3,INSIZE | اینسایز,اینسایز,6282-2003,,,,,,no,,,,N/A,,,,,no,رابط ساعت 2سانت اینسایز مدل 6282-2003,,رابط ساعت 2سانت اینسایز مدل 6282-2003,,HOLD_MISSING_PRODUCT_TYPE,product_type_id_null,uses_model_label,no,,yes,NO_DIRECT_TITLE_FALLBACK,yes,yes,yes,yes,yes,yes
2058,6282-2004,3,INSIZE | اینسایز,اینسایز,6282-2004,,,,,,no,,,,N/A,,,,,no,رابط ساعت 2/5سانت اینسایز مدل 6282-2004,,رابط ساعت 2/5سانت اینسایز مدل 6282-2004,,HOLD_MISSING_PRODUCT_TYPE,product_type_id_null,uses_model_label,no,,yes,NO_DIRECT_TITLE_FALLBACK,yes,yes,yes,yes,yes,yes
2059,6282-2005,3,INSIZE | اینسایز,اینسایز,6282-2005,,,,,,no,,,,N/A,,,,,no,رابط ساعت 3سانت اینسایز مدل 6282-2005,,رابط ساعت 3سانت اینسایز مدل 6282-2005,,HOLD_MISSING_PRODUCT_TYPE,product_type_id_null,uses_model_label,no,,yes,NO_DIRECT_TITLE_FALLBACK,yes,yes,yes,yes,yes,yes
2060,6282-2007,3,INSIZE | اینسایز,اینسایز,6282-2007,,,,,,no,,,,N/A,,,,,no,رابط ساعت 4سانت اینسایز مدل 6282-2007,,رابط ساعت 4سانت اینسایز مدل 6282-2007,,HOLD_MISSING_PRODUCT_TYPE,product_type_id_null,uses_model_label,no,,yes,NO_DIRECT_TITLE_FALLBACK,yes,yes,yes,yes,yes,yes
2061,6282-2009,3,INSIZE | اینسایز,اینسایز,6282-2009,,,,,,no,,,,N/A,,,,,no,رابط ساعت 5سانت اینسایز مدل 6282-2009,,رابط ساعت 5سانت اینسایز مدل 6282-2009,,HOLD_MISSING_PRODUCT_TYPE,product_type_id_null,uses_model_label,no,,yes,NO_DIRECT_TITLE_FALLBACK,yes,yes,yes,yes,yes,yes
2062,6282-2013,3,INSIZE | اینسایز,اینسایز,6282-2013,,,,,,no,,,,N/A,,,,,no,رابط ساعت 7سانت اینسایز مدل 6282-2013,,رابط ساعت 7سانت اینسایز مدل 6282-2013,,HOLD_MISSING_PRODUCT_TYPE,product_type_id_null,uses_model_label,no,,yes,NO_DIRECT_TITLE_FALLBACK,yes,yes,yes,yes,yes,yes
2063,6282-2017,3,INSIZE | اینسایز,اینسایز,6282-2017,,,,,,no,,,,N/A,,,,,no,رابط ساعت 10سانت اینسایز مدل 6282-2017,,رابط ساعت 10سانت اینسایز مدل 6282-2017,,HOLD_MISSING_PRODUCT_TYPE,product_type_id_null,uses_model_label,no,,yes,NO_DIRECT_TITLE_FALLBACK,yes,yes,yes,yes,yes,yes
2064,6511-241,3,INSIZE | اینسایز,اینسایز,6511-241,,,,,,no,,,,N/A,,,,,no,پارالل گیج اینسایز (Insize) مدل 241-6511,,پارالل گیج اینسایز (Insize) مدل 241-6511,,HOLD_MISSING_PRODUCT_TYPE,product_type_id_null,manufacturer_code_missing|uses_model_label,no,,yes,NO_DIRECT_TITLE_FALLBACK,yes,no,yes,yes,yes,no
2065,6520-102,3,INSIZE | اینسایز,اینسایز,6520-102,44,PRECISION_VISE,گیره دقیق,گیره دقیق,APPROVED,no,HOLD_VARIANT_POLICY_UNDEFINED,workholding_variant_policy_pending_owner,HOLD_VARIANT_POLICY_UNDEFINED,N/A,,,,,no,گیره دقیق اینسایز (Insize) 0-102 مدل 102-6520,,گیره دقیق اینسایز (Insize) 0-102 مدل 102-6520,,HOLD_VARIANT_POLICY_UNDEFINED,workholding_variant_policy_pending_owner,manufacturer_code_missing|uses_model_label,no,,yes,NO_DIRECT_TITLE_FALLBACK,no,no,yes,no,no,no
2066,6801-1201,3,INSIZE | اینسایز,اینسایز,6801-1201,37,V_BLOCK,وی‌بلوک,وی‌بلوک,APPROVED,no,HOLD_VARIANT_POLICY_UNDEFINED,workholding_variant_policy_pending_owner,HOLD_VARIANT_POLICY_UNDEFINED,N/A,,,,,no,وی بلوک مگنتی اینسایز (Insize) 95*70*80 میلیمتر مدل 1201-6801,,وی بلوک مگنتی اینسایز (Insize) 95*70*80 میلیمتر مدل 1201-6801,,HOLD_VARIANT_POLICY_UNDEFINED,workholding_variant_policy_pending_owner,manufacturer_code_missing|uses_model_label|wrong_product_type,no,,yes,NO_DIRECT_TITLE_FALLBACK,yes,no,yes,yes,yes,no
2067,6801-1202,3,INSIZE | اینسایز,اینسایز,6801-1202,37,V_BLOCK,وی‌بلوک,وی‌بلوک,APPROVED,no,HOLD_VARIANT_POLICY_UNDEFINED,workholding_variant_policy_pending_owner,HOLD_VARIANT_POLICY_UNDEFINED,N/A,,,,,no,وی بلوک مگنتی اینسایز (Insize) 95*70*100 میلیمتر مدل 1202-6801,,وی بلوک مگنتی اینسایز (Insize) 95*70*100 میلیمتر مدل 1202-6801,,HOLD_VARIANT_POLICY_UNDEFINED,workholding_variant_policy_pending_owner,manufacturer_code_missing|uses_model_label|wrong_product_type,no,,yes,NO_DIRECT_TITLE_FALLBACK,yes,no,yes,yes,yes,no
2068,6862-1002,3,INSIZE | اینسایز,اینسایز,6862-1002,,,,,,no,,,,N/A,,,,,no,پایه ساعت اینسایز (Insize) مدل 1002-6862,,پایه ساعت اینسایز (Insize) مدل 1002-6862,,HOLD_MISSING_PRODUCT_TYPE,product_type_id_null,manufacturer_code_missing|uses_model_label,no,,yes,NO_DIRECT_TITLE_FALLBACK,yes,no,yes,yes,yes,no
2069,6866-150,3,INSIZE | اینسایز,اینسایز,6866-150,,,,,,no,,,,N/A,,,,,no,پایه ساعت گرانیتی اینسایز (Insize) مدل 150-6866,,پایه ساعت گرانیتی اینسایز (Insize) مدل 150-6866,,HOLD_MISSING_PRODUCT_TYPE,product_type_id_null,manufacturer_code_missing|uses_model_label,no,,yes,NO_DIRECT_TITLE_FALLBACK,yes,no,yes,yes,yes,no
2070,6890-702,3,INSIZE | اینسایز,اینسایز,6890-702,37,V_BLOCK,وی‌بلوک,وی‌بلوک,APPROVED,no,HOLD_VARIANT_POLICY_UNDEFINED,workholding_variant_policy_pending_owner,HOLD_VARIANT_POLICY_UNDEFINED,N/A,,,,,no,میلیمتر اینسایز مدل 6890-702,,میلیمتر اینسایز مدل 6890-702,,HOLD_VARIANT_POLICY_UNDEFINED,workholding_variant_policy_pending_owner,uses_model_label|wrong_product_type,no,,yes,NO_DIRECT_TITLE_FALLBACK,yes,yes,yes,yes,yes,yes
2071,6900-132,3,INSIZE | اینسایز,اینسایز,6900-132,45,SURFACE_PLATE,صفحه صافی,صفحه صافی,APPROVED,no,HOLD_VARIANT_POLICY_UNDEFINED,workholding_variant_policy_pending_owner,HOLD_VARIANT_POLICY_UNDEFINED,N/A,,,,,no,صفحه صافی گرانیتی اینسایز (Insize) مدل 132-6900,,صفحه صافی گرانیتی اینسایز (Insize) مدل 132-6900,,HOLD_VARIANT_POLICY_UNDEFINED,workholding_variant_policy_pending_owner,manufacturer_code_missing|uses_model_label,no,,yes,NO_DIRECT_TITLE_FALLBACK,yes,no,yes,yes,yes,no
2072,6900-142,3,INSIZE | اینسایز,اینسایز,6900-142,45,SURFACE_PLATE,صفحه صافی,صفحه صافی,APPROVED,no,HOLD_VARIANT_POLICY_UNDEFINED,workholding_variant_policy_pending_owner,HOLD_VARIANT_POLICY_UNDEFINED,N/A,,,,,no,صفحه صافی گرانیتی اینسایز (Insize) 250-400 میلی‌ متر مدل 142-6900,,صفحه صافی گرانیتی اینسایز (Insize) 250-400 میلی‌ متر مدل 142-6900,,HOLD_VARIANT_POLICY_UNDEFINED,workholding_variant_policy_pending_owner,manufacturer_code_missing|uses_model_label,no,,yes,NO_DIRECT_TITLE_FALLBACK,yes,no,yes,yes,yes,no
2073,6900-153,3,INSIZE | اینسایز,اینسایز,6900-153,45,SURFACE_PLATE,صفحه صافی,صفحه صافی,APPROVED,no,HOLD_VARIANT_POLICY_UNDEFINED,workholding_variant_policy_pending_owner,HOLD_VARIANT_POLICY_UNDEFINED,N/A,,,,,no,صفحه صافی گرانیت 70*315*500 میلی متری اینسایز (insize) مدل 153-6900,,صفحه صافی گرانیت 70*315*500 میلی متری اینسایز (insize) مدل 153-6900,,HOLD_VARIANT_POLICY_UNDEFINED,workholding_variant_policy_pending_owner,manufacturer_code_missing|uses_model_label,no,,yes,NO_DIRECT_TITLE_FALLBACK,yes,no,yes,yes,yes,no
2074,6900-164,3,INSIZE | اینسایز,اینسایز,6900-164,45,SURFACE_PLATE,صفحه صافی,صفحه صافی,APPROVED,no,HOLD_VARIANT_POLICY_UNDEFINED,workholding_variant_policy_pending_owner,HOLD_VARIANT_POLICY_UNDEFINED,N/A,,,,,no,صفحه صافی گرانیت 80*400*630 میلی متری اینسایز (insize) مدل 164-6900,,صفحه صافی گرانیت 80*400*630 میلی متری اینسایز (insize) مدل 164-6900,,HOLD_VARIANT_POLICY_UNDEFINED,workholding_variant_policy_pending_owner,manufacturer_code_missing|uses_model_label,no,,yes,NO_DIRECT_TITLE_FALLBACK,yes,no,yes,yes,yes,no
2075,6900-185,3,INSIZE | اینسایز,اینسایز,6900-185,45,SURFACE_PLATE,صفحه صافی,صفحه صافی,APPROVED,no,HOLD_VARIANT_POLICY_UNDEFINED,workholding_variant_policy_pending_owner,HOLD_VARIANT_POLICY_UNDEFINED,N/A,,,,,no,صفحه صافی گرانیت 100*500*800 میلی متری اینسایز (insize) مدل 185-6900,,صفحه صافی گرانیت 100*500*800 میلی متری اینسایز (insize) مدل 185-6900,,HOLD_VARIANT_POLICY_UNDEFINED,workholding_variant_policy_pending_owner,manufacturer_code_missing|uses_model_label,no,,yes,NO_DIRECT_TITLE_FALLBACK,yes,no,yes,yes,yes,no
2076,6902-106,3,INSIZE | اینسایز,اینسایز,6902-106,,,,,,no,,,,N/A,,,,,no,میز صفحه صافی 140*630*1000 اینسایز (Insize) مدل 106-6902,,میز صفحه صافی 140*630*1000 اینسایز (Insize) مدل 106-6902,,HOLD_MISSING_PRODUCT_TYPE,product_type_id_null,manufacturer_code_missing|uses_model_label,no,,yes,NO_DIRECT_TITLE_FALLBACK,no,no,yes,no,no,no
2080,7110-500,3,INSIZE | اینسایز,اینسایز,7110-500,29,STEEL_RULE,خط‌کش فلزی,خط‌کش فلزی,APPROVED,yes,VARIANT_REQUIRED,length_instrument_working_range,SUFFIX_GOVERNED,PASS,measurement_range,"{""max"": 500.0, ""min"": 0.0}",0–500 میلی‌متر,1219,yes,خط کش استن استیل 50سانت اینسایز مدل 7110-500,خط‌کش فلزی اینسایز کد 7110-500، 0–500 میلی‌متر,خط کش استن استیل 50سانت اینسایز مدل 7110-500,خط‌کش فلزی اینسایز کد 7110-500، 0–500 میلی‌متر,HOLD_OEM_SEMANTIC_EVIDENCE_MISSING,accessory_only_occurrence,model_to_code_candidate|uses_model_label|wrong_product_type,no,,yes,NO_DIRECT_TITLE_FALLBACK,yes,yes,yes,yes,yes,yes
2081,7110-600,3,INSIZE | اینسایز,اینسایز,7110-600,29,STEEL_RULE,خط‌کش فلزی,خط‌کش فلزی,APPROVED,yes,VARIANT_REQUIRED,length_instrument_working_range,SUFFIX_GOVERNED,PASS,measurement_range,"{""max"": 600.0, ""min"": 0.0}",0–600 میلی‌متر,1222,yes,خط کش استن استیل 60سانت اینسایز مدل 7110-600,خط‌کش فلزی اینسایز کد 7110-600، 0–600 میلی‌متر,خط کش استن استیل 60سانت اینسایز مدل 7110-600,خط‌کش فلزی اینسایز کد 7110-600، 0–600 میلی‌متر,HOLD_OEM_SEMANTIC_EVIDENCE_MISSING,accessory_only_occurrence,model_to_code_candidate|uses_model_label|wrong_product_type,no,,yes,NO_DIRECT_TITLE_FALLBACK,yes,yes,yes,yes,yes,yes
2082,7111-300,3,INSIZE | اینسایز,اینسایز,7111-300,,,,,,no,,,,N/A,,,,,no,خط کش تاب سیلندر اینسایز (Insize) 30 سانت مدل 300-7111,,خط کش تاب سیلندر اینسایز (Insize) 30 سانت مدل 300-7111,,HOLD_MISSING_PRODUCT_TYPE,product_type_id_null,manufacturer_code_missing|uses_model_label,no,,yes,NO_DIRECT_TITLE_FALLBACK,no,no,yes,no,no,no
2083,7111-500,3,INSIZE | اینسایز,اینسایز,7111-500,,,,,,no,,,,N/A,,,,,no,خط کش تاپ سیلندر 50 سانتی متری اینسایز (Insize) مدل 500-7111,,خط کش تاپ سیلندر 50 سانتی متری اینسایز (Insize) مدل 500-7111,,HOLD_MISSING_PRODUCT_TYPE,product_type_id_null,manufacturer_code_missing|uses_model_label,no,,yes,NO_DIRECT_TITLE_FALLBACK,no,no,yes,no,no,no
2084,7114-950,3,INSIZE | اینسایز,اینسایز,7114-950,30,MEASURING_TAPE,متر نواری,متر نواری,APPROVED,yes,VARIANT_REQUIRED,length_instrument_working_range,SUFFIX_GOVERNED,PASS,measurement_range,"{""max"": 950.0, ""min"": 150.0}",150–950 میلی‌متر,1713,yes,سیرکومتر قطر لوله 20 - 300 — 0-950mm,متر نواری اینسایز کد 7114-950، 150–950 میلی‌متر,سیرکومتر قطر لوله 20 - 300 — 0-950mm,متر نواری اینسایز کد 7114-950، 150–950 میلی‌متر,HOLD_OEM_SEMANTIC_EVIDENCE_MISSING,oem_heading_not_in_canonical_identity_policy,brand_missing|manufacturer_code_missing|wrong_product_type,no,,yes,NO_DIRECT_TITLE_FALLBACK,yes,no,yes,yes,yes,no
2085,7120-200,3,INSIZE | اینسایز,اینسایز,7120-200,,,,,,no,,,,N/A,,,,,no,کولیس خط کش اینسایز (Insize) 20 سانتی متر مدل 200-7120,,کولیس خط کش اینسایز (Insize) 20 سانتی متر مدل 200-7120,,HOLD_MISSING_PRODUCT_TYPE,product_type_id_null,manufacturer_code_missing|uses_model_label,no,,yes,NO_DIRECT_TITLE_FALLBACK,no,no,yes,no,no,no
2086,7139-100,3,INSIZE | اینسایز,اینسایز,7139-100,29,STEEL_RULE,خط‌کش فلزی,خط‌کش فلزی,APPROVED,yes,VARIANT_REQUIRED,length_instrument_working_range,SUFFIX_GOVERNED,PASS,measurement_range,"{""max"": 1000, ""min"": 0}",0–1000 میلی‌متر,1528,yes,خط کش نواری 1متر باریک اینسایز مدل 7139-100,خط‌کش فلزی اینسایز کد 7139-100، 0–1000 میلی‌متر,خط کش نواری 1متر باریک اینسایز مدل 7139-100,خط‌کش فلزی اینسایز کد 7139-100، 0–1000 میلی‌متر,HOLD_OEM_SEMANTIC_EVIDENCE_MISSING,accessory_only_occurrence,model_to_code_candidate|uses_model_label|wrong_product_type,no,,yes,NO_DIRECT_TITLE_FALLBACK,yes,yes,yes,yes,yes,yes
2087,7202-200,3,INSIZE | اینسایز,اینسایز,7202-200,,,,,,no,,,,N/A,,,,,no,کولیس خط کش اینسایز (Insize) 20 سانتی متر مدل 200-7202,,کولیس خط کش اینسایز (Insize) 20 سانتی متر مدل 200-7202,,HOLD_MISSING_PRODUCT_TYPE,product_type_id_null,manufacturer_code_missing|uses_model_label,no,,yes,NO_DIRECT_TITLE_FALLBACK,no,no,yes,no,no,no
2088,7205-200,3,INSIZE | اینسایز,اینسایز,7205-200,47,CENTER_SQUARE,گونیا مرکز‌یاب,گونیا مرکز‌یاب,APPROVED,yes,VARIANT_NOT_REQUIRED_APPROVED,OEM manufacturer_code identifies center square variant; OEM manufacturer_code uniquely identifies commercial model; no single governed specification required for title identity,VARIANT_NOT_REQUIRED_APPROVED,PASS,,,,,no,گونیا مرکز یاب اینسایز (Insize) مدل 200-7205,گونیا مرکز‌یاب اینسایز کد 7205-200,گونیا مرکز یاب اینسایز (Insize) مدل 200-7205,گونیا مرکز‌یاب اینسایز کد 7205-200,HOLD_OEM_SEMANTIC_EVIDENCE_MISSING,accessory_only_occurrence,manufacturer_code_missing|model_to_code_candidate|uses_model_label|wrong_product_type,no,,yes,NO_DIRECT_TITLE_FALLBACK,yes,no,yes,yes,yes,no
2089,7247-150,3,INSIZE | اینسایز,اینسایز,7247-150,41,DIVIDER,پرگار / کولیس فنری,,HOLD,no,HOLD_VARIANT_POLICY_UNDEFINED,divider_title_and_variant_pending,,N/A,,,,,no,پرگار مستقیم 15سانت اینسایز مدل 7247-150,,پرگار مستقیم 15سانت اینسایز مدل 7247-150,,HOLD_PRODUCT_TYPE_NAMING_POLICY,synonym_or_slash_label,uses_model_label|wrong_product_type,no,,yes,NO_DIRECT_TITLE_FALLBACK,yes,yes,yes,yes,yes,yes
2090,7247-200,3,INSIZE | اینسایز,اینسایز,7247-200,41,DIVIDER,پرگار / کولیس فنری,,HOLD,no,HOLD_VARIANT_POLICY_UNDEFINED,divider_title_and_variant_pending,,N/A,,,,,no,پرگار مستقیم 20سانت اینسایز مدل 7247-200,,پرگار مستقیم 20سانت اینسایز مدل 7247-200,,HOLD_PRODUCT_TYPE_NAMING_POLICY,synonym_or_slash_label,uses_model_label|wrong_product_type,no,,yes,NO_DIRECT_TITLE_FALLBACK,yes,yes,yes,yes,yes,yes
2091,7247-300,3,INSIZE | اینسایز,اینسایز,7247-300,41,DIVIDER,پرگار / کولیس فنری,,HOLD,no,HOLD_VARIANT_POLICY_UNDEFINED,divider_title_and_variant_pending,,N/A,,,,,no,پرگار مستقیم 30سانت اینسایز مدل 7247-300,,پرگار مستقیم 30سانت اینسایز مدل 7247-300,,HOLD_PRODUCT_TYPE_NAMING_POLICY,synonym_or_slash_label,uses_model_label|wrong_product_type,no,,yes,NO_DIRECT_TITLE_FALLBACK,yes,yes,yes,yes,yes,yes
2092,7261-150,3,INSIZE | اینسایز,اینسایز,7261-150,41,DIVIDER,پرگار / کولیس فنری,,HOLD,no,HOLD_VARIANT_POLICY_UNDEFINED,divider_title_and_variant_pending,,N/A,,,,,no,پرگار داخل 15سانت اینسایز مدل 7261-150,,پرگار داخل 15سانت اینسایز مدل 7261-150,,HOLD_PRODUCT_TYPE_NAMING_POLICY,synonym_or_slash_label,uses_model_label|wrong_product_type,no,,yes,NO_DIRECT_TITLE_FALLBACK,yes,yes,yes,yes,yes,yes
2093,7261-200,3,INSIZE | اینسایز,اینسایز,7261-200,41,DIVIDER,پرگار / کولیس فنری,,HOLD,no,HOLD_VARIANT_POLICY_UNDEFINED,divider_title_and_variant_pending,,N/A,,,,,no,پرگار داخل 20سانت اینسایز مدل 7261-200,,پرگار داخل 20سانت اینسایز مدل 7261-200,,HOLD_PRODUCT_TYPE_NAMING_POLICY,synonym_or_slash_label,uses_model_label|wrong_product_type,no,,yes,NO_DIRECT_TITLE_FALLBACK,yes,yes,yes,yes,yes,yes
2094,7261-300,3,INSIZE | اینسایز,اینسایز,7261-300,41,DIVIDER,پرگار / کولیس فنری,,HOLD,no,HOLD_VARIANT_POLICY_UNDEFINED,divider_title_and_variant_pending,,N/A,,,,,no,پرگار داخل 30سانت اینسایز مدل 7261-300,,پرگار داخل 30سانت اینسایز مدل 7261-300,,HOLD_PRODUCT_TYPE_NAMING_POLICY,synonym_or_slash_label,uses_model_label|wrong_product_type,no,,yes,NO_DIRECT_TITLE_FALLBACK,yes,yes,yes,yes,yes,yes
2095,7262-150,3,INSIZE | اینسایز,اینسایز,7262-150,41,DIVIDER,پرگار / کولیس فنری,,HOLD,no,HOLD_VARIANT_POLICY_UNDEFINED,divider_title_and_variant_pending,,N/A,,,,,no,پرگار خارج 15سانت اینسایز مدل 7262-150,,پرگار خارج 15سانت اینسایز مدل 7262-150,,HOLD_PRODUCT_TYPE_NAMING_POLICY,synonym_or_slash_label,uses_model_label|wrong_product_type,no,,yes,NO_DIRECT_TITLE_FALLBACK,yes,yes,yes,yes,yes,yes
2096,7262-200,3,INSIZE | اینسایز,اینسایز,7262-200,41,DIVIDER,پرگار / کولیس فنری,,HOLD,no,HOLD_VARIANT_POLICY_UNDEFINED,divider_title_and_variant_pending,,N/A,,,,,no,پرگار خارج 20سانت اینسایز مدل 7262-200,,پرگار خارج 20سانت اینسایز مدل 7262-200,,HOLD_PRODUCT_TYPE_NAMING_POLICY,synonym_or_slash_label,uses_model_label|wrong_product_type,no,,yes,NO_DIRECT_TITLE_FALLBACK,yes,yes,yes,yes,yes,yes
2097,7262-300,3,INSIZE | اینسایز,اینسایز,7262-300,41,DIVIDER,پرگار / کولیس فنری,,HOLD,no,HOLD_VARIANT_POLICY_UNDEFINED,divider_title_and_variant_pending,,N/A,,,,,no,پرگار خارج 30سانت اینسایز مدل 7262-300,,پرگار خارج 30سانت اینسایز مدل 7262-300,,HOLD_PRODUCT_TYPE_NAMING_POLICY,synonym_or_slash_label,uses_model_label|wrong_product_type,no,,yes,NO_DIRECT_TITLE_FALLBACK,yes,yes,yes,yes,yes,yes
2098,7350-160,3,INSIZE | اینسایز,اینسایز,7350-160,,,,,,no,,,,N/A,,,,,no,ست رابط گیج داخل سیلندر 160-50 میلی متری اینسایز (Insize) مدل 160-7350,,ست رابط گیج داخل سیلندر 160-50 میلی متری اینسایز (Insize) مدل 160-7350,,HOLD_MISSING_PRODUCT_TYPE,product_type_id_null,manufacturer_code_missing|uses_model_label,no,,yes,NO_DIRECT_TITLE_FALLBACK,yes,no,yes,yes,yes,no
2099,7522-610,3,INSIZE | اینسایز,اینسایز,7522-610,,,,,,no,,,,N/A,,,,,no,ذره بین دو لنزه اینسایز مدل 7522-610,,ذره بین دو لنزه اینسایز مدل 7522-610,,HOLD_MISSING_PRODUCT_TYPE,product_type_id_null,uses_model_label,no,,yes,NO_DIRECT_TITLE_FALLBACK,yes,yes,yes,yes,yes,yes
2100,8601-100,3,INSIZE | اینسایز,اینسایز,8601-100,,,,,,no,,,,N/A,,,,,no,ترازو دیجیتال اینسایز (Insize) 0.1-100g مدل 100-8601,,ترازو دیجیتال اینسایز (Insize) 0.1-100g مدل 100-8601,,HOLD_MISSING_PRODUCT_TYPE,product_type_id_null,manufacturer_code_missing|uses_model_label,no,,yes,NO_DIRECT_TITLE_FALLBACK,yes,no,yes,yes,yes,no
2101,8602-200,3,INSIZE | اینسایز,اینسایز,8602-200,40,DIGITAL_SCALE,ترازوی دیجیتال,ترازوی دیجیتال,APPROVED,yes,VARIANT_NOT_REQUIRED_APPROVED,OEM manufacturer_code identifies digital scale model; OEM manufacturer_code uniquely identifies commercial model; no single governed specification required for title identity,VARIANT_NOT_REQUIRED_APPROVED,PASS,,,,,no,ترازو دیجیتال 0.2گرم تا 200گرم اینسایز مدل 8602-200,ترازوی دیجیتال اینسایز کد 8602-200,ترازو دیجیتال 0.2گرم تا 200گرم اینسایز مدل 8602-200,ترازوی دیجیتال اینسایز کد 8602-200,READY_RENAME,governed_canonical_name_ready,model_to_code_candidate|uses_model_label|wrong_product_type,no,,yes,NO_DIRECT_TITLE_FALLBACK,yes,yes,yes,yes,yes,yes
2102,9225-405,3,INSIZE | اینسایز,اینسایز,9225-405,62,TACHOMETER,دورسنج,دورسنج,APPROVED,yes,VARIANT_NOT_REQUIRED_APPROVED,OEM manufacturer_code identifies tachometer model; OEM manufacturer_code uniquely identifies commercial model; no single governed specification required for title identity,VARIANT_NOT_REQUIRED_APPROVED,PASS,,,,,no,تاکومتر ( دور سنج ) اینسایز مدل 9225-405,دورسنج اینسایز کد 9225-405,تاکومتر ( دور سنج ) اینسایز مدل 9225-405,دورسنج اینسایز کد 9225-405,READY_RENAME,governed_canonical_name_ready,model_to_code_candidate|uses_model_label|wrong_product_type,no,,yes,NO_DIRECT_TITLE_FALLBACK,yes,yes,yes,yes,yes,yes
2103,9247-190,3,INSIZE | اینسایز,اینسایز,9247-190,65,DIGITAL_MULTIMETER,مولتی‌متر دیجیتال,مولتی‌متر دیجیتال,APPROVED,yes,VARIANT_NOT_REQUIRED_APPROVED,OEM manufacturer_code identifies multimeter model; OEM manufacturer_code uniquely identifies commercial model; no single governed specification required for title identity,VARIANT_NOT_REQUIRED_APPROVED,PASS,,,,,no,مولتی متر هوشمند دیجیتال اینسایز مدل 9247-190,مولتی‌متر دیجیتال اینسایز کد 9247-190,مولتی متر هوشمند دیجیتال اینسایز مدل 9247-190,مولتی‌متر دیجیتال اینسایز کد 9247-190,HOLD_OEM_SEMANTIC_EVIDENCE_MISSING,oem_heading_not_in_canonical_identity_policy,model_to_code_candidate|uses_model_label|wrong_product_type,no,,yes,NO_DIRECT_TITLE_FALLBACK,yes,yes,yes,yes,yes,yes
2104,9351-130,3,INSIZE | اینسایز,اینسایز,9351-130,,,,,,no,,,,N/A,,,,,no,صوت سنج دیجیتالی اینسایز (Insize) 30 – 130 دسی بل مدل 130-9351,,صوت سنج دیجیتالی اینسایز (Insize) 30 – 130 دسی بل مدل 130-9351,,HOLD_MISSING_PRODUCT_TYPE,product_type_id_null,manufacturer_code_missing|uses_model_label,no,,yes,NO_DIRECT_TITLE_FALLBACK,yes,no,yes,yes,yes,no
2105,9721-250,3,INSIZE | اینسایز,اینسایز,9721-250,66,VOLTAGE_TESTER,تستر ولتاژ,تستر ولتاژ,APPROVED,yes,VARIANT_NOT_REQUIRED_APPROVED,OEM manufacturer_code identifies voltage tester model; OEM manufacturer_code uniquely identifies commercial model; no single governed specification required for title identity,VARIANT_NOT_REQUIRED_APPROVED,PASS,,,,,no,تستر ولتاژ دیجیتالی اینسایز (Insize) مدل 250-9721,تستر ولتاژ اینسایز کد 9721-250,تستر ولتاژ دیجیتالی اینسایز (Insize) مدل 250-9721,تستر ولتاژ اینسایز کد 9721-250,HOLD_OEM_SEMANTIC_EVIDENCE_MISSING,oem_heading_not_in_canonical_identity_policy,manufacturer_code_missing|model_to_code_candidate|uses_model_label,no,,yes,NO_DIRECT_TITLE_FALLBACK,yes,no,yes,yes,yes,no
2107,9723-400,3,INSIZE | اینسایز,اینسایز,9723-400,,,,,,no,,,,N/A,,,,,no,تستر ولتاژ دیجیتالی اینسایز مدل 9723-400,,تستر ولتاژ دیجیتالی اینسایز مدل 9723-400,,HOLD_MISSING_PRODUCT_TYPE,product_type_id_null,uses_model_label,no,,yes,NO_DIRECT_TITLE_FALLBACK,yes,yes,yes,yes,yes,yes
3468,1201-1003,3,INSIZE | اینسایز,اینسایز,1201-1003,1,GEN_CALIPER,کولیس عمومی,,HOLD,no,VARIANT_REQUIRED,metrology_caliper_buyer_range,,N/A,,,,,no,کولیس اینسایز (Insize) 10 سانتی متر مدل 1003-1201,,کولیس اینسایز (Insize) 10 سانتی متر مدل 1003-1201,,HOLD_PRODUCT_TYPE_NAMING_POLICY,generic_product_type_label,manufacturer_code_missing|uses_model_label|wrong_product_type,no,,yes,NO_DIRECT_TITLE_FALLBACK,yes,no,yes,yes,yes,no
3469,1204-70,3,INSIZE | اینسایز,اینسایز,1204-70,1,GEN_CALIPER,کولیس عمومی,,HOLD,no,VARIANT_REQUIRED,metrology_caliper_buyer_range,,N/A,,,,,no,کولیس اینسایز (Insize) 7 سانتی متر مدل 70-1204,,کولیس اینسایز (Insize) 7 سانتی متر مدل 70-1204,,HOLD_PRODUCT_TYPE_NAMING_POLICY,generic_product_type_label,manufacturer_code_missing|uses_model_label|wrong_product_type,no,,yes,NO_DIRECT_TITLE_FALLBACK,yes,no,no,yes,yes,no
3470,1205-1502,3,INSIZE | اینسایز,اینسایز,1205-1502,1,GEN_CALIPER,کولیس عمومی,,HOLD,no,VARIANT_REQUIRED,metrology_caliper_buyer_range,,N/A,,,,,no,کولیس اینسایز (Insize) 15 سانتی متر مدل 1502-1205,,کولیس اینسایز (Insize) 15 سانتی متر مدل 1502-1205,,HOLD_PRODUCT_TYPE_NAMING_POLICY,generic_product_type_label,manufacturer_code_missing|uses_model_label|wrong_product_type,no,,yes,NO_DIRECT_TITLE_FALLBACK,yes,no,yes,yes,yes,no
3471,1111-75,3,INSIZE | اینسایز,اینسایز,1111-75,1,GEN_CALIPER,کولیس عمومی,,HOLD,no,VARIANT_REQUIRED,metrology_caliper_buyer_range,,N/A,,,,,no,کولیس دیجیتال اینسایز (Insize) 7.5 سانتی متر مدل 75-1111,,کولیس دیجیتال اینسایز (Insize) 7.5 سانتی متر مدل 75-1111,,HOLD_PRODUCT_TYPE_NAMING_POLICY,generic_product_type_label,manufacturer_code_missing|uses_model_label|wrong_product_type,no,,yes,NO_DIRECT_TITLE_FALLBACK,no,no,yes,no,no,no
3472,1205-2002,3,INSIZE | اینسایز,اینسایز,1205-2002,1,GEN_CALIPER,کولیس عمومی,,HOLD,no,VARIANT_REQUIRED,metrology_caliper_buyer_range,,N/A,,,,,no,کولیس اینسایز (Insize) 20 سانتی متر مدل 2002-1205,,کولیس اینسایز (Insize) 20 سانتی متر مدل 2002-1205,,HOLD_PRODUCT_TYPE_NAMING_POLICY,generic_product_type_label,manufacturer_code_missing|uses_model_label|wrong_product_type,no,,yes,NO_DIRECT_TITLE_FALLBACK,no,no,yes,no,no,no
3473,1205-3002,3,INSIZE | اینسایز,اینسایز,1205-3002,1,GEN_CALIPER,کولیس عمومی,,HOLD,no,VARIANT_REQUIRED,metrology_caliper_buyer_range,,N/A,,,,,no,کولیس اینسایز (Insize) 30 سانتی متر مدل 3002-1205,,کولیس اینسایز (Insize) 30 سانتی متر مدل 3002-1205,,HOLD_PRODUCT_TYPE_NAMING_POLICY,generic_product_type_label,manufacturer_code_missing|uses_model_label|wrong_product_type,no,,yes,NO_DIRECT_TITLE_FALLBACK,no,no,yes,no,no,no
3474,1106-1002,3,INSIZE | اینسایز,اینسایز,1106-1002,1,GEN_CALIPER,کولیس عمومی,,HOLD,no,VARIANT_REQUIRED,metrology_caliper_buyer_range,,N/A,,,,,no,کولیس دیجیتال اینسایز (Insize) 1 متری مدل 1002-1106,,کولیس دیجیتال اینسایز (Insize) 1 متری مدل 1002-1106,,HOLD_PRODUCT_TYPE_NAMING_POLICY,generic_product_type_label,manufacturer_code_missing|uses_model_label|wrong_product_type,no,,yes,NO_DIRECT_TITLE_FALLBACK,yes,no,no,yes,yes,no
3475,1214-1000,3,INSIZE | اینسایز,اینسایز,1214-1000,1,GEN_CALIPER,کولیس عمومی,,HOLD,no,VARIANT_REQUIRED,metrology_caliper_buyer_range,,N/A,,,,,no,کولیس اینسایز (Insize) 1 متری مدل 1000-1214,,کولیس اینسایز (Insize) 1 متری مدل 1000-1214,,HOLD_PRODUCT_TYPE_NAMING_POLICY,generic_product_type_label,manufacturer_code_missing|uses_model_label|wrong_product_type,no,,yes,NO_DIRECT_TITLE_FALLBACK,yes,no,no,yes,yes,no
3476,1214-1500,3,INSIZE | اینسایز,اینسایز,1214-1500,1,GEN_CALIPER,کولیس عمومی,,HOLD,no,VARIANT_REQUIRED,metrology_caliper_buyer_range,,N/A,,,,,no,کولیس اینسایز (Insize) 1.5 متری مدل 1500-1214,,کولیس اینسایز (Insize) 1.5 متری مدل 1500-1214,,HOLD_PRODUCT_TYPE_NAMING_POLICY,generic_product_type_label,manufacturer_code_missing|uses_model_label|wrong_product_type,no,,yes,NO_DIRECT_TITLE_FALLBACK,yes,no,no,yes,yes,no
3478,1106-2003,3,INSIZE | اینسایز,اینسایز,1106-2003,1,GEN_CALIPER,کولیس عمومی,,HOLD,no,VARIANT_REQUIRED,metrology_caliper_buyer_range,,N/A,,,,,no,کولیس دیجیتال 2 متری اینسایز (Insize) مدل 2003-1106,,کولیس دیجیتال 2 متری اینسایز (Insize) مدل 2003-1106,,HOLD_PRODUCT_TYPE_NAMING_POLICY,generic_product_type_label,manufacturer_code_missing|uses_model_label|wrong_product_type,no,,yes,NO_DIRECT_TITLE_FALLBACK,yes,no,no,yes,yes,no
3479,1106-1502,3,INSIZE | اینسایز,اینسایز,1106-1502,1,GEN_CALIPER,کولیس عمومی,,HOLD,no,VARIANT_REQUIRED,metrology_caliper_buyer_range,,N/A,,,,,no,کولیس دیجیتال اینسایز (insize) 1.5 متری مدل 1502-1106,,کولیس دیجیتال اینسایز (insize) 1.5 متری مدل 1502-1106,,HOLD_PRODUCT_TYPE_NAMING_POLICY,generic_product_type_label,manufacturer_code_missing|uses_model_label|wrong_product_type,no,,yes,NO_DIRECT_TITLE_FALLBACK,yes,no,no,yes,yes,no
3481,2307-1,3,INSIZE | اینسایز,اینسایز,2307-1,17,DIAL_INDICATOR,ساعت اندازه‌گیری,ساعت اندازه‌گیری,APPROVED,yes,VARIANT_REQUIRED,metrology_working_range,SUFFIX_GOVERNED,PASS,measurement_range,"{""max"": 25.4, ""min"": 0.0}",0–25.4 میلی‌متر,682,yes,ساعت اینچی اندیکاتور اینسایز (Insize) مدل 1-2307,ساعت اندازه‌گیری اینسایز کد 2307-1، 0–25.4 میلی‌متر,ساعت اینچی اندیکاتور اینسایز (Insize) مدل 1-2307,ساعت اندازه‌گیری اینسایز کد 2307-1، 0–25.4 میلی‌متر,HOLD_OEM_SEMANTIC_EVIDENCE_MISSING,accessory_only_occurrence,manufacturer_code_missing|model_to_code_candidate|uses_model_label|wrong_product_type,no,,yes,NO_DIRECT_TITLE_FALLBACK,yes,no,no,yes,yes,no
3482,2307-025,3,INSIZE | اینسایز,اینسایز,2307-025,17,DIAL_INDICATOR,ساعت اندازه‌گیری,ساعت اندازه‌گیری,APPROVED,yes,VARIANT_REQUIRED,metrology_working_range,SUFFIX_GOVERNED,PASS,measurement_range,"{""max"": 6.35, ""min"": 0.0}",0–6.35 میلی‌متر,685,yes,ساعت اینچی اندیکاتور اینسایز (Insize) مدل 025-2307,ساعت اندازه‌گیری اینسایز کد 2307-025، 0–6.35 میلی‌متر,ساعت اینچی اندیکاتور اینسایز (Insize) مدل 025-2307,ساعت اندازه‌گیری اینسایز کد 2307-025، 0–6.35 میلی‌متر,HOLD_OEM_SEMANTIC_EVIDENCE_MISSING,accessory_only_occurrence,manufacturer_code_missing|model_to_code_candidate|uses_model_label|wrong_product_type,no,,yes,NO_DIRECT_TITLE_FALLBACK,yes,no,no,yes,yes,no
3483,2308-10,3,INSIZE | اینسایز,اینسایز,2308-10,17,DIAL_INDICATOR,ساعت اندازه‌گیری,ساعت اندازه‌گیری,APPROVED,yes,VARIANT_REQUIRED,metrology_working_range,SUFFIX_GOVERNED,PASS,measurement_range,"{""max"": 10.0, ""min"": 0.0}",0–10 میلی‌متر,688,yes,ساعت اندیکاتور اینسایز (Insize) مدل 10-2308,ساعت اندازه‌گیری اینسایز کد 2308-10، 0–10 میلی‌متر,ساعت اندیکاتور اینسایز (Insize) مدل 10-2308,ساعت اندازه‌گیری اینسایز کد 2308-10، 0–10 میلی‌متر,HOLD_OEM_SEMANTIC_EVIDENCE_MISSING,no_identity_registry_entry,manufacturer_code_missing|model_to_code_candidate|uses_model_label|wrong_product_type,no,,yes,NO_DIRECT_TITLE_FALLBACK,yes,no,yes,yes,yes,no
3484,2315-05,3,INSIZE | اینسایز,اینسایز,2315-05,,,,,,no,,,,N/A,,,,,no,ساعت اینچی اندیکاتور اینسایز (insize) مدل 05-2315,,ساعت اینچی اندیکاتور اینسایز (insize) مدل 05-2315,,HOLD_MISSING_PRODUCT_TYPE,product_type_id_null,manufacturer_code_missing|uses_model_label,no,,yes,NO_DIRECT_TITLE_FALLBACK,no,no,no,no,no,no
3485,2170-1,3,INSIZE | اینسایز,اینسایز,2170-1,20,PROTRACTOR,زاویه‌سنج,زاویه‌سنج,APPROVED,yes,VARIANT_NOT_REQUIRED_APPROVED,OEM manufacturer_code identifies protractor model; angle range not in KB contract,VARIANT_NOT_REQUIRED_APPROVED,PASS,,,,,no,تراز (شیب‌سنج) دیجیتال اینسایز (Insize) مدل 1-2170,زاویه‌سنج اینسایز کد 2170-1,تراز (شیب‌سنج) دیجیتال اینسایز (Insize) مدل 1-2170,زاویه‌سنج اینسایز کد 2170-1,HOLD_PRODUCT_TYPE_AUTHORITY_CONFLICT,persisted_PROTRACTOR_policy_requires_DIGITAL_LEVEL,manufacturer_code_missing|model_to_code_candidate|uses_model_label|wrong_product_type,no,,yes,NO_DIRECT_TITLE_FALLBACK,yes,yes,yes,yes,yes,yes
3486,4100-2122,3,INSIZE | اینسایز,اینسایز,4100-2122,,,,,,no,,,,N/A,,,,,no,گیج بلوک (راپورتر) 122 پارچه اینسایز (Insize) مدل 2122-4100,,گیج بلوک (راپورتر) 122 پارچه اینسایز (Insize) مدل 2122-4100,,HOLD_MISSING_PRODUCT_TYPE,product_type_id_null,manufacturer_code_missing|uses_model_label,no,,yes,NO_DIRECT_TITLE_FALLBACK,yes,no,no,yes,yes,no
3487,2121-25,3,INSIZE | اینسایز,اینسایز,2121-25,21,INDICATING_CALIPER,پرگار نشان‌گر,پرگار نشان‌گر,APPROVED,yes,VARIANT_REQUIRED,metrology_caliper_buyer_range,SUFFIX_GOVERNED,PASS,measurement_range,"{""max"": 25.0, ""min"": 5.0}",5–25 میلی‌متر,1144,yes,پرگار دیجیتالی داخل سنج 25-5 میلی متری اینسایز (Insize) مدل 25-2121,پرگار نشان‌گر اینسایز کد 2121-25، 5–25 میلی‌متر,پرگار دیجیتالی داخل سنج 25-5 میلی متری اینسایز (Insize) مدل 25-2121,پرگار نشان‌گر اینسایز کد 2121-25، 5–25 میلی‌متر,HOLD_OEM_SEMANTIC_EVIDENCE_MISSING,accessory_only_occurrence,manufacturer_code_missing|model_to_code_candidate|uses_model_label|wrong_product_type,no,,yes,NO_DIRECT_TITLE_FALLBACK,yes,no,no,yes,yes,no
3488,2332-20,3,INSIZE | اینسایز,اینسایز,2332-20,21,INDICATING_CALIPER,پرگار نشان‌گر,پرگار نشان‌گر,APPROVED,yes,VARIANT_REQUIRED,metrology_caliper_buyer_range,SUFFIX_GOVERNED,PASS,measurement_range,"{""max"": 20.0, ""min"": 0.0}",0–20 میلی‌متر,1147,yes,پرگار ساعتی خارج سنج 20-0 میلی متری اینسایز (Insize) مدل 20-2332,پرگار نشان‌گر اینسایز کد 2332-20، 0–20 میلی‌متر,پرگار ساعتی خارج سنج 20-0 میلی متری اینسایز (Insize) مدل 20-2332,پرگار نشان‌گر اینسایز کد 2332-20، 0–20 میلی‌متر,HOLD_OEM_SEMANTIC_EVIDENCE_MISSING,accessory_only_occurrence,manufacturer_code_missing|model_to_code_candidate|uses_model_label|wrong_product_type,no,,yes,NO_DIRECT_TITLE_FALLBACK,yes,no,no,yes,yes,no
3490,2151-35,3,INSIZE | اینسایز,اینسایز,2151-35,21,INDICATING_CALIPER,پرگار نشان‌گر,پرگار نشان‌گر,APPROVED,yes,VARIANT_REQUIRED,metrology_caliper_buyer_range,SUFFIX_GOVERNED,PASS,measurement_range,"{""max"": 35.0, ""min"": 15.0}",15–35 میلی‌متر,1150,yes,پرگار دیجیتالی داخل 35-15 میلی متری اینسایز (Insize) مدل 35-2151,پرگار نشان‌گر اینسایز کد 2151-35، 15–35 میلی‌متر,پرگار دیجیتالی داخل 35-15 میلی متری اینسایز (Insize) مدل 35-2151,پرگار نشان‌گر اینسایز کد 2151-35، 15–35 میلی‌متر,HOLD_OEM_SEMANTIC_EVIDENCE_MISSING,accessory_only_occurrence,manufacturer_code_missing|model_to_code_candidate|uses_model_label|wrong_product_type,no,,yes,NO_DIRECT_TITLE_FALLBACK,yes,no,no,yes,yes,no
3492,2151-55,3,INSIZE | اینسایز,اینسایز,2151-55,21,INDICATING_CALIPER,پرگار نشان‌گر,پرگار نشان‌گر,APPROVED,yes,VARIANT_REQUIRED,metrology_caliper_buyer_range,SUFFIX_GOVERNED,PASS,measurement_range,"{""max"": 55.0, ""min"": 35.0}",35–55 میلی‌متر,1153,yes,پرگار دیجیتالی داخل سنج 55-35 میلی متری اینسایز (Insize) مدل 55-2151,پرگار نشان‌گر اینسایز کد 2151-55، 35–55 میلی‌متر,پرگار دیجیتالی داخل سنج 55-35 میلی متری اینسایز (Insize) مدل 55-2151,پرگار نشان‌گر اینسایز کد 2151-55، 35–55 میلی‌متر,HOLD_OEM_SEMANTIC_EVIDENCE_MISSING,accessory_only_occurrence,manufacturer_code_missing|model_to_code_candidate|uses_model_label|wrong_product_type,no,,yes,NO_DIRECT_TITLE_FALLBACK,yes,no,no,yes,yes,no
3493,2361-10,3,INSIZE | اینسایز,اینسایز,2361-10,23,THICKNESS_GAUGE,ضخامت‌سنج,ضخامت‌سنج,APPROVED,yes,VARIANT_REQUIRED,metrology_working_range,SUFFIX_GOVERNED,PASS,measurement_range,"{""max"": 10.0, ""min"": 0.0}",0–10 میلی‌متر,1084,yes,ضخامت سنج ساعتی 10میلی متری اینسایز (Insize) مدل 10-2361,ضخامت‌سنج اینسایز کد 2361-10، 0–10 میلی‌متر,ضخامت سنج ساعتی 10میلی متری اینسایز (Insize) مدل 10-2361,ضخامت‌سنج اینسایز کد 2361-10، 0–10 میلی‌متر,HOLD_OEM_SEMANTIC_EVIDENCE_MISSING,oem_heading_not_in_canonical_identity_policy,manufacturer_code_missing|model_to_code_candidate|uses_model_label|wrong_product_type,no,,yes,NO_DIRECT_TITLE_FALLBACK,yes,no,no,yes,yes,no
3494,2364-10,3,INSIZE | اینسایز,اینسایز,2364-10,23,THICKNESS_GAUGE,ضخامت‌سنج,ضخامت‌سنج,APPROVED,yes,VARIANT_REQUIRED,metrology_working_range,SUFFIX_GOVERNED,PASS,measurement_range,"{""max"": 10.0, ""min"": 0.0}",0–10 میلی‌متر,1087,yes,ضخامت سنج ساعتی اینسایز مدل 2364-10,ضخامت‌سنج اینسایز کد 2364-10، 0–10 میلی‌متر,ضخامت سنج ساعتی اینسایز مدل 2364-10,ضخامت‌سنج اینسایز کد 2364-10، 0–10 میلی‌متر,HOLD_OEM_SEMANTIC_EVIDENCE_MISSING,accessory_only_occurrence,model_to_code_candidate|uses_model_label|wrong_product_type,no,,yes,NO_DIRECT_TITLE_FALLBACK,yes,yes,yes,yes,yes,yes
3499,3127-8,3,INSIZE | اینسایز,اینسایز,3127-8,19,INSIDE_MICROMETER,میکرومتر داخل‌سنج,میکرومتر داخل‌سنج,APPROVED,yes,VARIANT_REQUIRED,metrology_micrometer_buyer_range,SUFFIX_GOVERNED,PASS,measurement_range,"{""max"": 8.0, ""min"": 6.0}",6–8 میلی‌متر,838,yes,میکرومتر دیجیتال اینسایز (Insize) سه فک 8-6 میلی متر داخل سنج مدل 8-3127,میکرومتر داخل‌سنج اینسایز کد 3127-8، 6–8 میلی‌متر,میکرومتر دیجیتال اینسایز (Insize) سه فک 8-6 میلی متر داخل سنج مدل 8-3127,میکرومتر داخل‌سنج اینسایز کد 3127-8، 6–8 میلی‌متر,HOLD_OEM_SEMANTIC_EVIDENCE_MISSING,no_primary_product_occurrence,manufacturer_code_missing|model_to_code_candidate|uses_model_label|wrong_product_type,no,,yes,NO_DIRECT_TITLE_FALLBACK,yes,no,no,yes,yes,no
3500,3127-10,3,INSIZE | اینسایز,اینسایز,3127-10,19,INSIDE_MICROMETER,میکرومتر داخل‌سنج,میکرومتر داخل‌سنج,APPROVED,yes,VARIANT_REQUIRED,metrology_micrometer_buyer_range,SUFFIX_GOVERNED,PASS,measurement_range,"{""max"": 10.0, ""min"": 8.0}",8–10 میلی‌متر,841,yes,میکرومتر دیجیتال اینسایز (Insize) سه فک 10-8 میلی متر داخل سنج مدل 10-3127,میکرومتر داخل‌سنج اینسایز کد 3127-10، 8–10 میلی‌متر,میکرومتر دیجیتال اینسایز (Insize) سه فک 10-8 میلی متر داخل سنج مدل 10-3127,میکرومتر داخل‌سنج اینسایز کد 3127-10، 8–10 میلی‌متر,HOLD_OEM_SEMANTIC_EVIDENCE_MISSING,no_primary_product_occurrence,manufacturer_code_missing|model_to_code_candidate|uses_model_label|wrong_product_type,no,,yes,NO_DIRECT_TITLE_FALLBACK,yes,no,no,yes,yes,no
3501,3127-12,3,INSIZE | اینسایز,اینسایز,3127-12,19,INSIDE_MICROMETER,میکرومتر داخل‌سنج,میکرومتر داخل‌سنج,APPROVED,yes,VARIANT_REQUIRED,metrology_micrometer_buyer_range,SUFFIX_GOVERNED,PASS,measurement_range,"{""max"": 12.0, ""min"": 10.0}",10–12 میلی‌متر,844,yes,میکرومتر دیجیتال اینسایز (Insize) سه فک 12-10 میلی متر داخل سنج مدل 12-3127,میکرومتر داخل‌سنج اینسایز کد 3127-12، 10–12 میلی‌متر,میکرومتر دیجیتال اینسایز (Insize) سه فک 12-10 میلی متر داخل سنج مدل 12-3127,میکرومتر داخل‌سنج اینسایز کد 3127-12، 10–12 میلی‌متر,HOLD_OEM_SEMANTIC_EVIDENCE_MISSING,no_primary_product_occurrence,manufacturer_code_missing|model_to_code_candidate|uses_model_label|wrong_product_type,no,,yes,NO_DIRECT_TITLE_FALLBACK,yes,no,no,yes,yes,no
3503,3127-20,3,INSIZE | اینسایز,اینسایز,3127-20,19,INSIDE_MICROMETER,میکرومتر داخل‌سنج,میکرومتر داخل‌سنج,APPROVED,yes,VARIANT_REQUIRED,metrology_micrometer_buyer_range,SUFFIX_GOVERNED,PASS,measurement_range,"{""max"": 20.0, ""min"": 16.0}",16–20 میلی‌متر,847,yes,میکرومتر دیجیتال اینسایز (Insize) سه فک 20-16 میلی متر داخل سنج مدل 20-3127,میکرومتر داخل‌سنج اینسایز کد 3127-20، 16–20 میلی‌متر,میکرومتر دیجیتال اینسایز (Insize) سه فک 20-16 میلی متر داخل سنج مدل 20-3127,میکرومتر داخل‌سنج اینسایز کد 3127-20، 16–20 میلی‌متر,HOLD_OEM_SEMANTIC_EVIDENCE_MISSING,no_primary_product_occurrence,manufacturer_code_missing|model_to_code_candidate|uses_model_label|wrong_product_type,no,,yes,NO_DIRECT_TITLE_FALLBACK,yes,no,no,yes,yes,no
3504,3282-25,3,INSIZE | اینسایز,اینسایز,3282-25,13,OUTSIDE_MICROMETER,میکرومتر خارج‌سنج,میکرومتر خارج‌سنج,APPROVED,yes,VARIANT_REQUIRED,metrology_micrometer_buyer_range,SUFFIX_GOVERNED,PASS,measurement_range,"{""max"": 25.0, ""min"": 0.0}",0–25 میلی‌متر,421,yes,میکرومتر اینسایز (Insize) 25-0 میلی متر دیسکی مدل 25-3282,میکرومتر خارج‌سنج اینسایز کد 3282-25، 0–25 میلی‌متر,میکرومتر اینسایز (Insize) 25-0 میلی متر دیسکی مدل 25-3282,میکرومتر خارج‌سنج اینسایز کد 3282-25، 0–25 میلی‌متر,HOLD_OEM_SEMANTIC_EVIDENCE_MISSING,accessory_only_occurrence,manufacturer_code_missing|model_to_code_candidate|uses_model_label|wrong_product_type,no,,yes,NO_DIRECT_TITLE_FALLBACK,yes,no,no,yes,yes,no
3505,3127-25,3,INSIZE | اینسایز,اینسایز,3127-25,19,INSIDE_MICROMETER,میکرومتر داخل‌سنج,میکرومتر داخل‌سنج,APPROVED,yes,VARIANT_REQUIRED,metrology_micrometer_buyer_range,SUFFIX_GOVERNED,PASS,measurement_range,"{""max"": 25.0, ""min"": 20.0}",20–25 میلی‌متر,850,yes,میکرومتر دیجیتال اینسایز (Insize) سه فک 25-20 میلی متر داخل سنج مدل 25-3127,میکرومتر داخل‌سنج اینسایز کد 3127-25، 20–25 میلی‌متر,میکرومتر دیجیتال اینسایز (Insize) سه فک 25-20 میلی متر داخل سنج مدل 25-3127,میکرومتر داخل‌سنج اینسایز کد 3127-25، 20–25 میلی‌متر,HOLD_OEM_SEMANTIC_EVIDENCE_MISSING,no_primary_product_occurrence,manufacturer_code_missing|model_to_code_candidate|uses_model_label|wrong_product_type,no,,yes,NO_DIRECT_TITLE_FALLBACK,yes,no,no,yes,yes,no
3506,3127-30,3,INSIZE | اینسایز,اینسایز,3127-30,19,INSIDE_MICROMETER,میکرومتر داخل‌سنج,میکرومتر داخل‌سنج,APPROVED,yes,VARIANT_REQUIRED,metrology_micrometer_buyer_range,SUFFIX_GOVERNED,PASS,measurement_range,"{""max"": 30.0, ""min"": 25.0}",25–30 میلی‌متر,853,yes,میکرومتر دیجیتال اینسایز (Insize) سه فک 30-25 میلی متر داخل سنج مدل 30-3127,میکرومتر داخل‌سنج اینسایز کد 3127-30، 25–30 میلی‌متر,میکرومتر دیجیتال اینسایز (Insize) سه فک 30-25 میلی متر داخل سنج مدل 30-3127,میکرومتر داخل‌سنج اینسایز کد 3127-30، 25–30 میلی‌متر,HOLD_OEM_SEMANTIC_EVIDENCE_MISSING,no_primary_product_occurrence,manufacturer_code_missing|model_to_code_candidate|uses_model_label|wrong_product_type,no,,yes,NO_DIRECT_TITLE_FALLBACK,yes,no,no,yes,yes,no
3507,3282-50,3,INSIZE | اینسایز,اینسایز,3282-50,13,OUTSIDE_MICROMETER,میکرومتر خارج‌سنج,میکرومتر خارج‌سنج,APPROVED,yes,VARIANT_REQUIRED,metrology_micrometer_buyer_range,SUFFIX_GOVERNED,PASS,measurement_range,"{""max"": 50.0, ""min"": 25.0}",25–50 میلی‌متر,424,yes,میکرومتر اینسایز (Insize) 50-25 میلی متر دیسکی مدل 50-3282,میکرومتر خارج‌سنج اینسایز کد 3282-50، 25–50 میلی‌متر,میکرومتر اینسایز (Insize) 50-25 میلی متر دیسکی مدل 50-3282,میکرومتر خارج‌سنج اینسایز کد 3282-50، 25–50 میلی‌متر,HOLD_OEM_SEMANTIC_EVIDENCE_MISSING,accessory_only_occurrence,manufacturer_code_missing|model_to_code_candidate|uses_model_label|wrong_product_type,no,,yes,NO_DIRECT_TITLE_FALLBACK,yes,no,no,yes,yes,no
3508,3127-40,3,INSIZE | اینسایز,اینسایز,3127-40,19,INSIDE_MICROMETER,میکرومتر داخل‌سنج,میکرومتر داخل‌سنج,APPROVED,yes,VARIANT_REQUIRED,metrology_micrometer_buyer_range,SUFFIX_GOVERNED,PASS,measurement_range,"{""max"": 40.0, ""min"": 30.0}",30–40 میلی‌متر,856,yes,میکرومتر دیجیتال اینسایز (Insize) سه فک 40-30 میلی متر داخل سنج مدل 40-3127,میکرومتر داخل‌سنج اینسایز کد 3127-40، 30–40 میلی‌متر,میکرومتر دیجیتال اینسایز (Insize) سه فک 40-30 میلی متر داخل سنج مدل 40-3127,میکرومتر داخل‌سنج اینسایز کد 3127-40، 30–40 میلی‌متر,HOLD_OEM_SEMANTIC_EVIDENCE_MISSING,no_primary_product_occurrence,manufacturer_code_missing|model_to_code_candidate|uses_model_label|wrong_product_type,no,,yes,NO_DIRECT_TITLE_FALLBACK,yes,no,no,yes,yes,no
3509,3282-75,3,INSIZE | اینسایز,اینسایز,3282-75,13,OUTSIDE_MICROMETER,میکرومتر خارج‌سنج,میکرومتر خارج‌سنج,APPROVED,yes,VARIANT_REQUIRED,metrology_micrometer_buyer_range,SUFFIX_GOVERNED,PASS,measurement_range,"{""max"": 75.0, ""min"": 50.0}",50–75 میلی‌متر,427,yes,میکرومتر اینسایز (Insize) 75-50 میلی متر دیسکی مدل 75-3282,میکرومتر خارج‌سنج اینسایز کد 3282-75، 50–75 میلی‌متر,میکرومتر اینسایز (Insize) 75-50 میلی متر دیسکی مدل 75-3282,میکرومتر خارج‌سنج اینسایز کد 3282-75، 50–75 میلی‌متر,HOLD_OEM_SEMANTIC_EVIDENCE_MISSING,accessory_only_occurrence,manufacturer_code_missing|model_to_code_candidate|uses_model_label|wrong_product_type,no,,yes,NO_DIRECT_TITLE_FALLBACK,yes,no,no,yes,yes,no
3510,3127-50,3,INSIZE | اینسایز,اینسایز,3127-50,19,INSIDE_MICROMETER,میکرومتر داخل‌سنج,میکرومتر داخل‌سنج,APPROVED,yes,VARIANT_REQUIRED,metrology_micrometer_buyer_range,SUFFIX_GOVERNED,PASS,measurement_range,"{""max"": 50.0, ""min"": 40.0}",40–50 میلی‌متر,859,yes,میکرومتر دیجیتال اینسایز (Insize) سه فک 50-40 میلی متر داخل سنج مدل 50-3127,میکرومتر داخل‌سنج اینسایز کد 3127-50، 40–50 میلی‌متر,میکرومتر دیجیتال اینسایز (Insize) سه فک 50-40 میلی متر داخل سنج مدل 50-3127,میکرومتر داخل‌سنج اینسایز کد 3127-50، 40–50 میلی‌متر,HOLD_OEM_SEMANTIC_EVIDENCE_MISSING,no_primary_product_occurrence,manufacturer_code_missing|model_to_code_candidate|uses_model_label|wrong_product_type,no,,yes,NO_DIRECT_TITLE_FALLBACK,yes,no,no,yes,yes,no
3511,3594-25,3,INSIZE | اینسایز,اینسایز,3594-25,13,OUTSIDE_MICROMETER,میکرومتر خارج‌سنج,میکرومتر خارج‌سنج,APPROVED,yes,VARIANT_REQUIRED,metrology_micrometer_buyer_range,SUFFIX_GOVERNED,PASS,measurement_range,"{""max"": 25.0, ""min"": 0.0}",0–25 میلی‌متر,430,yes,میکرومتر دیجیتال اینسایز (Insize) 25-0 میلی متر دیسکی مدل 25-3594,میکرومتر خارج‌سنج اینسایز کد 3594-25، 0–25 میلی‌متر,میکرومتر دیجیتال اینسایز (Insize) 25-0 میلی متر دیسکی مدل 25-3594,میکرومتر خارج‌سنج اینسایز کد 3594-25، 0–25 میلی‌متر,HOLD_OEM_SEMANTIC_EVIDENCE_MISSING,no_identity_registry_entry,manufacturer_code_missing|model_to_code_candidate|uses_model_label|wrong_product_type,no,,yes,NO_DIRECT_TITLE_FALLBACK,no,no,no,no,no,no
3512,2364-1,3,INSIZE | اینسایز,اینسایز,2364-1,23,THICKNESS_GAUGE,ضخامت‌سنج,ضخامت‌سنج,APPROVED,yes,VARIANT_REQUIRED,metrology_working_range,SUFFIX_GOVERNED,PASS,measurement_range,"{""max"": 10.0, ""min"": 0.0}",0–10 میلی‌متر,1090,yes,ضخامت سنج ساعتی 1 میلی متری اینسایز (Insize) مدل 1-2364,ضخامت‌سنج اینسایز کد 2364-1، 0–10 میلی‌متر,ضخامت سنج ساعتی 1 میلی متری اینسایز (Insize) مدل 1-2364,ضخامت‌سنج اینسایز کد 2364-1، 0–10 میلی‌متر,HOLD_OEM_SEMANTIC_EVIDENCE_MISSING,accessory_only_occurrence,manufacturer_code_missing|model_to_code_candidate|uses_model_label|wrong_product_type,no,,yes,NO_DIRECT_TITLE_FALLBACK,yes,no,yes,yes,yes,no
3513,3127-63,3,INSIZE | اینسایز,اینسایز,3127-63,19,INSIDE_MICROMETER,میکرومتر داخل‌سنج,میکرومتر داخل‌سنج,APPROVED,yes,VARIANT_REQUIRED,metrology_micrometer_buyer_range,SUFFIX_GOVERNED,PASS,measurement_range,"{""max"": 63.0, ""min"": 50.0}",50–63 میلی‌متر,862,yes,میکرومتر دیجیتال اینسایز (Insize) سه فک 63-50 میلی متر داخل سنج مدل 63-3127,میکرومتر داخل‌سنج اینسایز کد 3127-63، 50–63 میلی‌متر,میکرومتر دیجیتال اینسایز (Insize) سه فک 63-50 میلی متر داخل سنج مدل 63-3127,میکرومتر داخل‌سنج اینسایز کد 3127-63، 50–63 میلی‌متر,HOLD_OEM_SEMANTIC_EVIDENCE_MISSING,no_primary_product_occurrence,manufacturer_code_missing|model_to_code_candidate|uses_model_label|wrong_product_type,no,,yes,NO_DIRECT_TITLE_FALLBACK,yes,no,no,yes,yes,no
3514,3127-75,3,INSIZE | اینسایز,اینسایز,3127-75,19,INSIDE_MICROMETER,میکرومتر داخل‌سنج,میکرومتر داخل‌سنج,APPROVED,yes,VARIANT_REQUIRED,metrology_micrometer_buyer_range,SUFFIX_GOVERNED,PASS,measurement_range,"{""max"": 75.0, ""min"": 62.0}",62–75 میلی‌متر,865,yes,میکرومتر دیجیتال اینسایز (Insize) سه فک 75-62 میلی متر داخل سنج مدل 75-3127,میکرومتر داخل‌سنج اینسایز کد 3127-75، 62–75 میلی‌متر,میکرومتر دیجیتال اینسایز (Insize) سه فک 75-62 میلی متر داخل سنج مدل 75-3127,میکرومتر داخل‌سنج اینسایز کد 3127-75، 62–75 میلی‌متر,HOLD_OEM_SEMANTIC_EVIDENCE_MISSING,no_primary_product_occurrence,manufacturer_code_missing|model_to_code_candidate|uses_model_label|wrong_product_type,no,,yes,NO_DIRECT_TITLE_FALLBACK,yes,no,no,yes,yes,no
3515,3220-30,3,INSIZE | اینسایز,اینسایز,3220-30,19,INSIDE_MICROMETER,میکرومتر داخل‌سنج,میکرومتر داخل‌سنج,APPROVED,yes,VARIANT_REQUIRED,metrology_micrometer_buyer_range,SUFFIX_GOVERNED,PASS,measurement_range,"{""max"": 30.0, ""min"": 5.0}",5–30 میلی‌متر,868,yes,میکرومتر داخل اینسایز مدل 3220-30,میکرومتر داخل‌سنج اینسایز کد 3220-30، 5–30 میلی‌متر,میکرومتر داخل اینسایز مدل 3220-30,میکرومتر داخل‌سنج اینسایز کد 3220-30، 5–30 میلی‌متر,HOLD_OEM_SEMANTIC_EVIDENCE_MISSING,accessory_only_occurrence,model_to_code_candidate|uses_model_label|wrong_product_type,no,,yes,NO_DIRECT_TITLE_FALLBACK,yes,yes,yes,yes,yes,yes
3516,3127-88,3,INSIZE | اینسایز,اینسایز,3127-88,19,INSIDE_MICROMETER,میکرومتر داخل‌سنج,میکرومتر داخل‌سنج,APPROVED,yes,VARIANT_REQUIRED,metrology_micrometer_buyer_range,SUFFIX_GOVERNED,PASS,measurement_range,"{""max"": 88.0, ""min"": 75.0}",75–88 میلی‌متر,871,yes,میکرومتر دیجیتال اینسایز (Insize) سه فک 88-75 میلی متر داخل سنج مدل 88-3127,میکرومتر داخل‌سنج اینسایز کد 3127-88، 75–88 میلی‌متر,میکرومتر دیجیتال اینسایز (Insize) سه فک 88-75 میلی متر داخل سنج مدل 88-3127,میکرومتر داخل‌سنج اینسایز کد 3127-88، 75–88 میلی‌متر,HOLD_OEM_SEMANTIC_EVIDENCE_MISSING,no_primary_product_occurrence,manufacturer_code_missing|model_to_code_candidate|uses_model_label|wrong_product_type,no,,yes,NO_DIRECT_TITLE_FALLBACK,yes,no,no,yes,yes,no
3517,2863-10,3,INSIZE | اینسایز,اینسایز,2863-10,23,THICKNESS_GAUGE,ضخامت‌سنج,ضخامت‌سنج,APPROVED,yes,VARIANT_REQUIRED,metrology_working_range,SUFFIX_GOVERNED,PASS,measurement_range,"{""max"": 10.0, ""min"": 0.0}",0–10 میلی‌متر,1093,yes,ضخامت سنج ساعتی 10 میلی متری اینسایز (Insize) مدل 10-2863,ضخامت‌سنج اینسایز کد 2863-10، 0–10 میلی‌متر,ضخامت سنج ساعتی 10 میلی متری اینسایز (Insize) مدل 10-2863,ضخامت‌سنج اینسایز کد 2863-10، 0–10 میلی‌متر,HOLD_OEM_SEMANTIC_EVIDENCE_MISSING,oem_heading_not_in_canonical_identity_policy,manufacturer_code_missing|model_to_code_candidate|uses_model_label|wrong_product_type,no,,yes,NO_DIRECT_TITLE_FALLBACK,yes,no,no,yes,yes,no
3518,2866-10,3,INSIZE | اینسایز,اینسایز,2866-10,23,THICKNESS_GAUGE,ضخامت‌سنج,ضخامت‌سنج,APPROVED,yes,VARIANT_REQUIRED,metrology_working_range,SUFFIX_GOVERNED,PASS,measurement_range,"{""max"": 10.0, ""min"": 0.0}",0–10 میلی‌متر,1096,yes,ضخامت سنج ساعتی 10 میلی متری اینسایز (Insize) مدل 10-2866,ضخامت‌سنج اینسایز کد 2866-10، 0–10 میلی‌متر,ضخامت سنج ساعتی 10 میلی متری اینسایز (Insize) مدل 10-2866,ضخامت‌سنج اینسایز کد 2866-10، 0–10 میلی‌متر,HOLD_OEM_SEMANTIC_EVIDENCE_MISSING,oem_heading_not_in_canonical_identity_policy,manufacturer_code_missing|model_to_code_candidate|uses_model_label|wrong_product_type,no,,yes,NO_DIRECT_TITLE_FALLBACK,yes,no,no,yes,yes,no
3519,3227-8,3,INSIZE | اینسایز,اینسایز,3227-8,19,INSIDE_MICROMETER,میکرومتر داخل‌سنج,میکرومتر داخل‌سنج,APPROVED,yes,VARIANT_REQUIRED,metrology_micrometer_buyer_range,SUFFIX_GOVERNED,PASS,measurement_range,"{""max"": 8.0, ""min"": 6.0}",6–8 میلی‌متر,874,yes,میکرومتر اینسایز (Insize) 8-6 میلی متر داخل سنج سه فک مدل 8-3227,میکرومتر داخل‌سنج اینسایز کد 3227-8، 6–8 میلی‌متر,میکرومتر اینسایز (Insize) 8-6 میلی متر داخل سنج سه فک مدل 8-3227,میکرومتر داخل‌سنج اینسایز کد 3227-8، 6–8 میلی‌متر,HOLD_OEM_SEMANTIC_EVIDENCE_MISSING,oem_heading_not_in_canonical_identity_policy,manufacturer_code_missing|model_to_code_candidate|uses_model_label|wrong_product_type,no,,yes,NO_DIRECT_TITLE_FALLBACK,yes,no,no,yes,yes,no
3520,2367-10,3,INSIZE | اینسایز,اینسایز,2367-10,23,THICKNESS_GAUGE,ضخامت‌سنج,ضخامت‌سنج,APPROVED,yes,VARIANT_REQUIRED,metrology_working_range,SUFFIX_GOVERNED,PASS,measurement_range,"{""max"": 10.0, ""min"": 0.0}",0–10 میلی‌متر,1099,yes,ضخامت سنج ساعتی لوله اینسایز (Insize) 10 میلی متر مدل 10-2367,ضخامت‌سنج اینسایز کد 2367-10، 0–10 میلی‌متر,ضخامت سنج ساعتی لوله اینسایز (Insize) 10 میلی متر مدل 10-2367,ضخامت‌سنج اینسایز کد 2367-10، 0–10 میلی‌متر,HOLD_OEM_SEMANTIC_EVIDENCE_MISSING,no_identity_registry_entry,manufacturer_code_missing|model_to_code_candidate|uses_model_label|wrong_product_type,no,,yes,NO_DIRECT_TITLE_FALLBACK,yes,no,no,yes,yes,no
3521,3227-10,3,INSIZE | اینسایز,اینسایز,3227-10,19,INSIDE_MICROMETER,میکرومتر داخل‌سنج,میکرومتر داخل‌سنج,APPROVED,yes,VARIANT_REQUIRED,metrology_micrometer_buyer_range,SUFFIX_GOVERNED,PASS,measurement_range,"{""max"": 10.0, ""min"": 8.0}",8–10 میلی‌متر,877,yes,میکرومتر اینسایز (Insize) 10-8 میلی متر داخل سنج سه فک مدل 10-3227,میکرومتر داخل‌سنج اینسایز کد 3227-10، 8–10 میلی‌متر,میکرومتر اینسایز (Insize) 10-8 میلی متر داخل سنج سه فک مدل 10-3227,میکرومتر داخل‌سنج اینسایز کد 3227-10، 8–10 میلی‌متر,HOLD_OEM_SEMANTIC_EVIDENCE_MISSING,oem_heading_not_in_canonical_identity_policy,manufacturer_code_missing|model_to_code_candidate|uses_model_label|wrong_product_type,no,,yes,NO_DIRECT_TITLE_FALLBACK,yes,no,no,yes,yes,no
3522,3220-50,3,INSIZE | اینسایز,اینسایز,3220-50,19,INSIDE_MICROMETER,میکرومتر داخل‌سنج,میکرومتر داخل‌سنج,APPROVED,yes,VARIANT_REQUIRED,metrology_micrometer_buyer_range,SUFFIX_GOVERNED,PASS,measurement_range,"{""max"": 50.0, ""min"": 25.0}",25–50 میلی‌متر,880,yes,میکرومتر داخل اینسایز مدل 3220-50,میکرومتر داخل‌سنج اینسایز کد 3220-50، 25–50 میلی‌متر,میکرومتر داخل اینسایز مدل 3220-50,میکرومتر داخل‌سنج اینسایز کد 3220-50، 25–50 میلی‌متر,HOLD_OEM_SEMANTIC_EVIDENCE_MISSING,accessory_only_occurrence,model_to_code_candidate|uses_model_label|wrong_product_type,no,,yes,NO_DIRECT_TITLE_FALLBACK,yes,yes,yes,yes,yes,yes
3523,3227-12,3,INSIZE | اینسایز,اینسایز,3227-12,19,INSIDE_MICROMETER,میکرومتر داخل‌سنج,میکرومتر داخل‌سنج,APPROVED,yes,VARIANT_REQUIRED,metrology_micrometer_buyer_range,SUFFIX_GOVERNED,PASS,measurement_range,"{""max"": 12.0, ""min"": 10.0}",10–12 میلی‌متر,883,yes,میکرومتر اینسایز (Insize) 12-10 میلی متر داخل سنج سه فک مدل 12-3227,میکرومتر داخل‌سنج اینسایز کد 3227-12، 10–12 میلی‌متر,میکرومتر اینسایز (Insize) 12-10 میلی متر داخل سنج سه فک مدل 12-3227,میکرومتر داخل‌سنج اینسایز کد 3227-12، 10–12 میلی‌متر,HOLD_OEM_SEMANTIC_EVIDENCE_MISSING,oem_heading_not_in_canonical_identity_policy,manufacturer_code_missing|model_to_code_candidate|uses_model_label|wrong_product_type,no,,yes,NO_DIRECT_TITLE_FALLBACK,yes,no,no,yes,yes,no
3524,3220-75,3,INSIZE | اینسایز,اینسایز,3220-75,19,INSIDE_MICROMETER,میکرومتر داخل‌سنج,میکرومتر داخل‌سنج,APPROVED,yes,VARIANT_REQUIRED,metrology_micrometer_buyer_range,SUFFIX_GOVERNED,PASS,measurement_range,"{""max"": 75.0, ""min"": 50.0}",50–75 میلی‌متر,886,yes,میکرومتر داخل اینسایز مدل 3220-75,میکرومتر داخل‌سنج اینسایز کد 3220-75، 50–75 میلی‌متر,میکرومتر داخل اینسایز مدل 3220-75,میکرومتر داخل‌سنج اینسایز کد 3220-75، 50–75 میلی‌متر,HOLD_OEM_SEMANTIC_EVIDENCE_MISSING,accessory_only_occurrence,model_to_code_candidate|uses_model_label|wrong_product_type,no,,yes,NO_DIRECT_TITLE_FALLBACK,yes,yes,yes,yes,yes,yes
3525,3227-16,3,INSIZE | اینسایز,اینسایز,3227-16,19,INSIDE_MICROMETER,میکرومتر داخل‌سنج,میکرومتر داخل‌سنج,APPROVED,yes,VARIANT_REQUIRED,metrology_micrometer_buyer_range,SUFFIX_GOVERNED,PASS,measurement_range,"{""max"": 16.0, ""min"": 12.0}",12–16 میلی‌متر,889,yes,میکرومتر اینسایز (Insize) 16-12 میلی متر داخل سنج سه فک مدل 16-3227,میکرومتر داخل‌سنج اینسایز کد 3227-16، 12–16 میلی‌متر,میکرومتر اینسایز (Insize) 16-12 میلی متر داخل سنج سه فک مدل 16-3227,میکرومتر داخل‌سنج اینسایز کد 3227-16، 12–16 میلی‌متر,HOLD_OEM_SEMANTIC_EVIDENCE_MISSING,oem_heading_not_in_canonical_identity_policy,manufacturer_code_missing|model_to_code_candidate|uses_model_label|wrong_product_type,no,,yes,NO_DIRECT_TITLE_FALLBACK,yes,no,no,yes,yes,no
3526,3227-20,3,INSIZE | اینسایز,اینسایز,3227-20,19,INSIDE_MICROMETER,میکرومتر داخل‌سنج,میکرومتر داخل‌سنج,APPROVED,yes,VARIANT_REQUIRED,metrology_micrometer_buyer_range,SUFFIX_GOVERNED,PASS,measurement_range,"{""max"": 20.0, ""min"": 16.0}",16–20 میلی‌متر,892,yes,میکرومتر اینسایز (Insize) 20-16 میلی متر داخل سنج سه فک مدل 20-3227,میکرومتر داخل‌سنج اینسایز کد 3227-20، 16–20 میلی‌متر,میکرومتر اینسایز (Insize) 20-16 میلی متر داخل سنج سه فک مدل 20-3227,میکرومتر داخل‌سنج اینسایز کد 3227-20، 16–20 میلی‌متر,HOLD_OEM_SEMANTIC_EVIDENCE_MISSING,oem_heading_not_in_canonical_identity_policy,manufacturer_code_missing|model_to_code_candidate|uses_model_label|wrong_product_type,no,,yes,NO_DIRECT_TITLE_FALLBACK,yes,no,no,yes,yes,no
3527,3520-50,3,INSIZE | اینسایز,اینسایز,3520-50,19,INSIDE_MICROMETER,میکرومتر داخل‌سنج,میکرومتر داخل‌سنج,APPROVED,yes,VARIANT_REQUIRED,metrology_micrometer_buyer_range,SUFFIX_GOVERNED,PASS,measurement_range,"{""max"": 50.0, ""min"": 25.0}",25–50 میلی‌متر,895,yes,میکرومتر دیجیتال اینسایز (Insize) 50-25 میلی متر داخل سنج مدل 50-3520,میکرومتر داخل‌سنج اینسایز کد 3520-50، 25–50 میلی‌متر,میکرومتر دیجیتال اینسایز (Insize) 50-25 میلی متر داخل سنج مدل 50-3520,میکرومتر داخل‌سنج اینسایز کد 3520-50، 25–50 میلی‌متر,HOLD_OEM_SEMANTIC_EVIDENCE_MISSING,accessory_only_occurrence,manufacturer_code_missing|model_to_code_candidate|uses_model_label|wrong_product_type,no,,yes,NO_DIRECT_TITLE_FALLBACK,yes,no,no,yes,yes,no
3528,3227-25,3,INSIZE | اینسایز,اینسایز,3227-25,19,INSIDE_MICROMETER,میکرومتر داخل‌سنج,میکرومتر داخل‌سنج,APPROVED,yes,VARIANT_REQUIRED,metrology_micrometer_buyer_range,SUFFIX_GOVERNED,PASS,measurement_range,"{""max"": 25.0, ""min"": 20.0}",20–25 میلی‌متر,898,yes,میکرومتر اینسایز (Insize) 25-20 میلی متر داخل سنج سه فک مدل 25-3227,میکرومتر داخل‌سنج اینسایز کد 3227-25، 20–25 میلی‌متر,میکرومتر اینسایز (Insize) 25-20 میلی متر داخل سنج سه فک مدل 25-3227,میکرومتر داخل‌سنج اینسایز کد 3227-25، 20–25 میلی‌متر,HOLD_OEM_SEMANTIC_EVIDENCE_MISSING,oem_heading_not_in_canonical_identity_policy,manufacturer_code_missing|model_to_code_candidate|uses_model_label|wrong_product_type,no,,yes,NO_DIRECT_TITLE_FALLBACK,yes,no,no,yes,yes,no
3529,3227-30,3,INSIZE | اینسایز,اینسایز,3227-30,19,INSIDE_MICROMETER,میکرومتر داخل‌سنج,میکرومتر داخل‌سنج,APPROVED,yes,VARIANT_REQUIRED,metrology_micrometer_buyer_range,SUFFIX_GOVERNED,PASS,measurement_range,"{""max"": 30.0, ""min"": 25.0}",25–30 میلی‌متر,901,yes,میکرومتر اینسایز (Insize) 30-25 میلی متر داخل سنج سه فک مدل 30-3227,میکرومتر داخل‌سنج اینسایز کد 3227-30، 25–30 میلی‌متر,میکرومتر اینسایز (Insize) 30-25 میلی متر داخل سنج سه فک مدل 30-3227,میکرومتر داخل‌سنج اینسایز کد 3227-30، 25–30 میلی‌متر,HOLD_OEM_SEMANTIC_EVIDENCE_MISSING,oem_heading_not_in_canonical_identity_policy,manufacturer_code_missing|model_to_code_candidate|uses_model_label|wrong_product_type,no,,yes,NO_DIRECT_TITLE_FALLBACK,yes,no,no,yes,yes,no
3530,3227-40,3,INSIZE | اینسایز,اینسایز,3227-40,19,INSIDE_MICROMETER,میکرومتر داخل‌سنج,میکرومتر داخل‌سنج,APPROVED,yes,VARIANT_REQUIRED,metrology_micrometer_buyer_range,SUFFIX_GOVERNED,PASS,measurement_range,"{""max"": 40.0, ""min"": 30.0}",30–40 میلی‌متر,904,yes,میکرومتر اینسایز (Insize) 40-30 میلی متر داخل سنج سه فک مدل 40-3227,میکرومتر داخل‌سنج اینسایز کد 3227-40، 30–40 میلی‌متر,میکرومتر اینسایز (Insize) 40-30 میلی متر داخل سنج سه فک مدل 40-3227,میکرومتر داخل‌سنج اینسایز کد 3227-40، 30–40 میلی‌متر,HOLD_OEM_SEMANTIC_EVIDENCE_MISSING,oem_heading_not_in_canonical_identity_policy,manufacturer_code_missing|model_to_code_candidate|uses_model_label|wrong_product_type,no,,yes,NO_DIRECT_TITLE_FALLBACK,yes,no,no,yes,yes,no
3531,3227-50,3,INSIZE | اینسایز,اینسایز,3227-50,19,INSIDE_MICROMETER,میکرومتر داخل‌سنج,میکرومتر داخل‌سنج,APPROVED,yes,VARIANT_REQUIRED,metrology_micrometer_buyer_range,SUFFIX_GOVERNED,PASS,measurement_range,"{""max"": 50.0, ""min"": 40.0}",40–50 میلی‌متر,907,yes,میکرومتر اینسایز (Insize) 50-40 میلی متر داخل سنج سه فک مدل 50-3227,میکرومتر داخل‌سنج اینسایز کد 3227-50، 40–50 میلی‌متر,میکرومتر اینسایز (Insize) 50-40 میلی متر داخل سنج سه فک مدل 50-3227,میکرومتر داخل‌سنج اینسایز کد 3227-50، 40–50 میلی‌متر,HOLD_OEM_SEMANTIC_EVIDENCE_MISSING,oem_heading_not_in_canonical_identity_policy,manufacturer_code_missing|model_to_code_candidate|uses_model_label|wrong_product_type,no,,yes,NO_DIRECT_TITLE_FALLBACK,yes,no,no,yes,yes,no
3532,3227-63,3,INSIZE | اینسایز,اینسایز,3227-63,19,INSIDE_MICROMETER,میکرومتر داخل‌سنج,میکرومتر داخل‌سنج,APPROVED,yes,VARIANT_REQUIRED,metrology_micrometer_buyer_range,SUFFIX_GOVERNED,PASS,measurement_range,"{""max"": 63.0, ""min"": 50.0}",50–63 میلی‌متر,910,yes,میکرومتر اینسایز (Insize) داخل سنج سه فک 63-50 میلی متر مدل 63-3227,میکرومتر داخل‌سنج اینسایز کد 3227-63، 50–63 میلی‌متر,میکرومتر اینسایز (Insize) داخل سنج سه فک 63-50 میلی متر مدل 63-3227,میکرومتر داخل‌سنج اینسایز کد 3227-63، 50–63 میلی‌متر,HOLD_OEM_SEMANTIC_EVIDENCE_MISSING,oem_heading_not_in_canonical_identity_policy,manufacturer_code_missing|model_to_code_candidate|uses_model_label|wrong_product_type,no,,yes,NO_DIRECT_TITLE_FALLBACK,yes,no,no,yes,yes,no
3533,3227-75,3,INSIZE | اینسایز,اینسایز,3227-75,19,INSIDE_MICROMETER,میکرومتر داخل‌سنج,میکرومتر داخل‌سنج,APPROVED,yes,VARIANT_REQUIRED,metrology_micrometer_buyer_range,SUFFIX_GOVERNED,PASS,measurement_range,"{""max"": 75.0, ""min"": 62.0}",62–75 میلی‌متر,913,yes,میکرومتر اینسایز (Insize) 75-62 میلی متر داخل سنج سه فک مدل75-3227,میکرومتر داخل‌سنج اینسایز کد 3227-75، 62–75 میلی‌متر,میکرومتر اینسایز (Insize) 75-62 میلی متر داخل سنج سه فک مدل75-3227,میکرومتر داخل‌سنج اینسایز کد 3227-75، 62–75 میلی‌متر,HOLD_OEM_SEMANTIC_EVIDENCE_MISSING,oem_heading_not_in_canonical_identity_policy,manufacturer_code_missing|model_to_code_candidate|uses_model_label|wrong_product_type,no,,yes,NO_DIRECT_TITLE_FALLBACK,yes,no,no,yes,yes,no
3534,3520-75,3,INSIZE | اینسایز,اینسایز,3520-75,19,INSIDE_MICROMETER,میکرومتر داخل‌سنج,میکرومتر داخل‌سنج,APPROVED,yes,VARIANT_REQUIRED,metrology_micrometer_buyer_range,SUFFIX_GOVERNED,PASS,measurement_range,"{""max"": 75.0, ""min"": 50.0}",50–75 میلی‌متر,916,yes,میکرومتر دیجیتال اینسایز (Insize) 75-50 میلی متر داخل سنج مدل 75-3520,میکرومتر داخل‌سنج اینسایز کد 3520-75، 50–75 میلی‌متر,میکرومتر دیجیتال اینسایز (Insize) 75-50 میلی متر داخل سنج مدل 75-3520,میکرومتر داخل‌سنج اینسایز کد 3520-75، 50–75 میلی‌متر,HOLD_OEM_SEMANTIC_EVIDENCE_MISSING,accessory_only_occurrence,manufacturer_code_missing|model_to_code_candidate|uses_model_label|wrong_product_type,no,,yes,NO_DIRECT_TITLE_FALLBACK,yes,no,no,yes,yes,no
3535,3227-88,3,INSIZE | اینسایز,اینسایز,3227-88,19,INSIDE_MICROMETER,میکرومتر داخل‌سنج,میکرومتر داخل‌سنج,APPROVED,yes,VARIANT_REQUIRED,metrology_micrometer_buyer_range,SUFFIX_GOVERNED,PASS,measurement_range,"{""max"": 88.0, ""min"": 75.0}",75–88 میلی‌متر,919,yes,میکرومتر اینسایز (Insize) 88-75 میلی متر داخل سنج سه فک مدل 88-3227,میکرومتر داخل‌سنج اینسایز کد 3227-88، 75–88 میلی‌متر,میکرومتر اینسایز (Insize) 88-75 میلی متر داخل سنج سه فک مدل 88-3227,میکرومتر داخل‌سنج اینسایز کد 3227-88، 75–88 میلی‌متر,HOLD_OEM_SEMANTIC_EVIDENCE_MISSING,oem_heading_not_in_canonical_identity_policy,manufacturer_code_missing|model_to_code_candidate|uses_model_label|wrong_product_type,no,,yes,NO_DIRECT_TITLE_FALLBACK,yes,no,no,yes,yes,no
3536,3227-1004,3,INSIZE | اینسایز,اینسایز,3227-1004,,,,,,no,,,,N/A,,,,,no,میکرومتر اینسایز (Insize) 100-50 میلی متر داخل سنج سه فک مدل 1004-3227,,میکرومتر اینسایز (Insize) 100-50 میلی متر داخل سنج سه فک مدل 1004-3227,,HOLD_MISSING_PRODUCT_TYPE,product_type_id_null,manufacturer_code_missing|uses_model_label,no,,yes,NO_DIRECT_TITLE_FALLBACK,yes,no,no,yes,yes,no
3537,6200-60,3,INSIZE | اینسایز,اینسایز,6200-60,,,,,,no,,,,N/A,,,,,no,پایه ساعت اینسایز مدل 6200-60,,پایه ساعت اینسایز مدل 6200-60,,HOLD_MISSING_PRODUCT_TYPE,product_type_id_null,uses_model_label,no,,yes,NO_DIRECT_TITLE_FALLBACK,yes,yes,yes,yes,yes,yes
3538,6201-60,3,INSIZE | اینسایز,اینسایز,6201-60,,,,,,no,,,,N/A,,,,,no,پایه ساعت اینسایز مدل 6201-60,,پایه ساعت اینسایز مدل 6201-60,,HOLD_MISSING_PRODUCT_TYPE,product_type_id_null,uses_model_label,no,,yes,NO_DIRECT_TITLE_FALLBACK,yes,yes,yes,yes,yes,yes
3539,6202-80,3,INSIZE | اینسایز,اینسایز,6202-80,,,,,,no,,,,N/A,,,,,no,پایه ساعت اینسایز مدل 6202-80,,پایه ساعت اینسایز مدل 6202-80,,HOLD_MISSING_PRODUCT_TYPE,product_type_id_null,uses_model_label,no,,yes,NO_DIRECT_TITLE_FALLBACK,yes,yes,yes,yes,yes,yes
3540,6207-80,3,INSIZE | اینسایز,اینسایز,6207-80,,,,,,no,,,,N/A,,,,,no,پایه ساعت خرطومی 80 کیلو گرمی اینسایز (Insize) مدل 80-6207,,پایه ساعت خرطومی 80 کیلو گرمی اینسایز (Insize) مدل 80-6207,,HOLD_MISSING_PRODUCT_TYPE,product_type_id_null,manufacturer_code_missing|uses_model_label,no,,yes,NO_DIRECT_TITLE_FALLBACK,no,no,yes,no,no,no
3544,4602-17,3,INSIZE | اینسایز,اینسایز,4602-17,25,FEELER_GAUGE_SET,ست فیلر,ست فیلر,APPROVED,yes,VARIANT_NOT_REQUIRED_APPROVED,feeler_set_identified_by_oem_code; OEM manufacturer_code uniquely identifies commercial model; no single governed specification required for title identity,VARIANT_NOT_REQUIRED_APPROVED,PASS,,,,,no,فیلر 17تیغ 10سانت ( ) 0.02 ~ اینسایز مدل 4602-17,ست فیلر اینسایز کد 4602-17,فیلر 17تیغ 10سانت ( ) 0.02 ~ اینسایز مدل 4602-17,ست فیلر اینسایز کد 4602-17,HOLD_OEM_SEMANTIC_EVIDENCE_MISSING,accessory_only_occurrence,model_to_code_candidate|uses_model_label|wrong_product_type,no,,yes,NO_DIRECT_TITLE_FALLBACK,yes,yes,yes,yes,yes,yes
3545,4602-32,3,INSIZE | اینسایز,اینسایز,4602-32,25,FEELER_GAUGE_SET,ست فیلر,ست فیلر,APPROVED,yes,VARIANT_NOT_REQUIRED_APPROVED,feeler_set_identified_by_oem_code; OEM manufacturer_code uniquely identifies commercial model; no single governed specification required for title identity,VARIANT_NOT_REQUIRED_APPROVED,PASS,,,,,no,فیلر 32تیغ 10سانت ( ) 0.03 ~ اینسایز مدل 4602-32,ست فیلر اینسایز کد 4602-32,فیلر 32تیغ 10سانت ( ) 0.03 ~ اینسایز مدل 4602-32,ست فیلر اینسایز کد 4602-32,HOLD_OEM_SEMANTIC_EVIDENCE_MISSING,accessory_only_occurrence,model_to_code_candidate|uses_model_label|wrong_product_type,no,,yes,NO_DIRECT_TITLE_FALLBACK,yes,yes,yes,yes,yes,yes
3546,4621-02,3,INSIZE | اینسایز,اینسایز,4621-02,26,FEELER_GAUGE,فیلر نواری,فیلر نواری,APPROVED,yes,VARIANT_NOT_REQUIRED_APPROVED,feeler_blade_set_identified_by_oem_code; OEM manufacturer_code uniquely identifies commercial model; no single governed specification required for title identity,VARIANT_NOT_REQUIRED_APPROVED,PASS,,,,,no,فیلر نواری 5متری اینسایز مدل 4621-02,فیلر نواری اینسایز کد 4621-02,فیلر نواری 5متری اینسایز مدل 4621-02,فیلر نواری اینسایز کد 4621-02,HOLD_OEM_SEMANTIC_EVIDENCE_MISSING,accessory_only_occurrence,model_to_code_candidate|uses_model_label,no,,yes,NO_DIRECT_TITLE_FALLBACK,yes,yes,yes,yes,yes,yes
3547,4206-1,3,INSIZE | اینسایز,اینسایز,4206-1,,,,,,no,,,,N/A,,,,,no,گیج تلسکوپی اینسایز مدل 4206-1,,گیج تلسکوپی اینسایز مدل 4206-1,,HOLD_MISSING_PRODUCT_TYPE,product_type_id_null,uses_model_label,no,,yes,NO_DIRECT_TITLE_FALLBACK,yes,yes,yes,yes,yes,yes
3548,3108-25,3,INSIZE | اینسایز,اینسایز,3108-25,13,OUTSIDE_MICROMETER,میکرومتر خارج‌سنج,میکرومتر خارج‌سنج,APPROVED,yes,VARIANT_REQUIRED,metrology_micrometer_buyer_range,SUFFIX_GOVERNED,PASS,measurement_range,"{""max"": 25.0, ""min"": 0.0}",0–25 میلی‌متر,433,yes,میکرومتر دیجیتال اینسایز (Insize) 25 میلی متر خارج سنج مدل 25-3108,میکرومتر خارج‌سنج اینسایز کد 3108-25، 0–25 میلی‌متر,میکرومتر دیجیتال اینسایز (Insize) 25 میلی متر خارج سنج مدل 25-3108,میکرومتر خارج‌سنج اینسایز کد 3108-25، 0–25 میلی‌متر,HOLD_OEM_SEMANTIC_EVIDENCE_MISSING,no_identity_registry_entry,manufacturer_code_missing|model_to_code_candidate|uses_model_label|wrong_product_type,no,,yes,NO_DIRECT_TITLE_FALLBACK,no,no,yes,no,no,no
3549,3108-50,3,INSIZE | اینسایز,اینسایز,3108-50,13,OUTSIDE_MICROMETER,میکرومتر خارج‌سنج,میکرومتر خارج‌سنج,APPROVED,yes,VARIANT_REQUIRED,metrology_micrometer_buyer_range,SUFFIX_GOVERNED,PASS,measurement_range,"{""max"": 50.0, ""min"": 25.0}",25–50 میلی‌متر,436,yes,میکرومتر دیجیتال اینسایز (Insize) 50-25 میلی متر خارج سنج مدل 50-3108,میکرومتر خارج‌سنج اینسایز کد 3108-50، 25–50 میلی‌متر,میکرومتر دیجیتال اینسایز (Insize) 50-25 میلی متر خارج سنج مدل 50-3108,میکرومتر خارج‌سنج اینسایز کد 3108-50، 25–50 میلی‌متر,HOLD_OEM_SEMANTIC_EVIDENCE_MISSING,no_identity_registry_entry,manufacturer_code_missing|model_to_code_candidate|uses_model_label|wrong_product_type,no,,yes,NO_DIRECT_TITLE_FALLBACK,no,no,yes,no,no,no
3550,3109-25,3,INSIZE | اینسایز,اینسایز,3109-25,13,OUTSIDE_MICROMETER,میکرومتر خارج‌سنج,میکرومتر خارج‌سنج,APPROVED,yes,VARIANT_REQUIRED,metrology_micrometer_buyer_range,SUFFIX_GOVERNED,PASS,measurement_range,"{""max"": 25.0, ""min"": 0.0}",0–25 میلی‌متر,439,yes,میکرومتر دیجیتال اینسایز (Insize) 25-0 میلی متر خارج سنج مدل 25-3109,میکرومتر خارج‌سنج اینسایز کد 3109-25، 0–25 میلی‌متر,میکرومتر دیجیتال اینسایز (Insize) 25-0 میلی متر خارج سنج مدل 25-3109,میکرومتر خارج‌سنج اینسایز کد 3109-25، 0–25 میلی‌متر,HOLD_OEM_SEMANTIC_EVIDENCE_MISSING,no_identity_registry_entry,manufacturer_code_missing|model_to_code_candidate|uses_model_label|wrong_product_type,no,,yes,NO_DIRECT_TITLE_FALLBACK,yes,no,yes,yes,yes,no
3552,4621-03,3,INSIZE | اینسایز,اینسایز,4621-03,26,FEELER_GAUGE,فیلر نواری,فیلر نواری,APPROVED,yes,VARIANT_NOT_REQUIRED_APPROVED,feeler_blade_set_identified_by_oem_code; OEM manufacturer_code uniquely identifies commercial model; no single governed specification required for title identity,VARIANT_NOT_REQUIRED_APPROVED,PASS,,,,,no,فیلر نواری 5متری اینسایز مدل 4621-03,فیلر نواری اینسایز کد 4621-03,فیلر نواری 5متری اینسایز مدل 4621-03,فیلر نواری اینسایز کد 4621-03,HOLD_OEM_SEMANTIC_EVIDENCE_MISSING,accessory_only_occurrence,model_to_code_candidate|uses_model_label,no,,yes,NO_DIRECT_TITLE_FALLBACK,yes,yes,yes,yes,yes,yes
3553,4621-04,3,INSIZE | اینسایز,اینسایز,4621-04,26,FEELER_GAUGE,فیلر نواری,فیلر نواری,APPROVED,yes,VARIANT_NOT_REQUIRED_APPROVED,feeler_blade_set_identified_by_oem_code; OEM manufacturer_code uniquely identifies commercial model; no single governed specification required for title identity,VARIANT_NOT_REQUIRED_APPROVED,PASS,,,,,no,فیلر نواری 5متری اینسایز مدل 4621-04,فیلر نواری اینسایز کد 4621-04,فیلر نواری 5متری اینسایز مدل 4621-04,فیلر نواری اینسایز کد 4621-04,HOLD_OEM_SEMANTIC_EVIDENCE_MISSING,accessory_only_occurrence,model_to_code_candidate|uses_model_label,no,,yes,NO_DIRECT_TITLE_FALLBACK,yes,yes,yes,yes,yes,yes
3554,4621-05,3,INSIZE | اینسایز,اینسایز,4621-05,26,FEELER_GAUGE,فیلر نواری,فیلر نواری,APPROVED,yes,VARIANT_NOT_REQUIRED_APPROVED,feeler_blade_set_identified_by_oem_code; OEM manufacturer_code uniquely identifies commercial model; no single governed specification required for title identity,VARIANT_NOT_REQUIRED_APPROVED,PASS,,,,,no,فیلر نواری 5متری اینسایز مدل 4621-05,فیلر نواری اینسایز کد 4621-05,فیلر نواری 5متری اینسایز مدل 4621-05,فیلر نواری اینسایز کد 4621-05,HOLD_OEM_SEMANTIC_EVIDENCE_MISSING,accessory_only_occurrence,model_to_code_candidate|uses_model_label,no,,yes,NO_DIRECT_TITLE_FALLBACK,yes,yes,yes,yes,yes,yes
3555,4621-06,3,INSIZE | اینسایز,اینسایز,4621-06,26,FEELER_GAUGE,فیلر نواری,فیلر نواری,APPROVED,yes,VARIANT_NOT_REQUIRED_APPROVED,feeler_blade_set_identified_by_oem_code; OEM manufacturer_code uniquely identifies commercial model; no single governed specification required for title identity,VARIANT_NOT_REQUIRED_APPROVED,PASS,,,,,no,فیلر نواری 5متری اینسایز مدل 4621-06,فیلر نواری اینسایز کد 4621-06,فیلر نواری 5متری اینسایز مدل 4621-06,فیلر نواری اینسایز کد 4621-06,HOLD_OEM_SEMANTIC_EVIDENCE_MISSING,accessory_only_occurrence,model_to_code_candidate|uses_model_label,no,,yes,NO_DIRECT_TITLE_FALLBACK,yes,yes,yes,yes,yes,yes
3556,3203-25,3,INSIZE | اینسایز,اینسایز,3203-25,13,OUTSIDE_MICROMETER,میکرومتر خارج‌سنج,میکرومتر خارج‌سنج,APPROVED,yes,VARIANT_REQUIRED,metrology_micrometer_buyer_range,SUFFIX_GOVERNED,PASS,measurement_range,"{""max"": 25.0, ""min"": 0.0}",0–25 میلی‌متر,445,yes,میکرومتر اینسایز (Insize) 25-0 میلی متر خارج سنج 0.01 مدل 25-3203,میکرومتر خارج‌سنج اینسایز کد 3203-25، 0–25 میلی‌متر,میکرومتر اینسایز (Insize) 25-0 میلی متر خارج سنج 0.01 مدل 25-3203,میکرومتر خارج‌سنج اینسایز کد 3203-25، 0–25 میلی‌متر,HOLD_OEM_SEMANTIC_EVIDENCE_MISSING,no_identity_registry_entry,manufacturer_code_missing|model_to_code_candidate|uses_model_label|wrong_product_type,no,,yes,NO_DIRECT_TITLE_FALLBACK,yes,no,yes,yes,yes,no
3557,4621-07,3,INSIZE | اینسایز,اینسایز,4621-07,26,FEELER_GAUGE,فیلر نواری,فیلر نواری,APPROVED,yes,VARIANT_NOT_REQUIRED_APPROVED,feeler_blade_set_identified_by_oem_code; OEM manufacturer_code uniquely identifies commercial model; no single governed specification required for title identity,VARIANT_NOT_REQUIRED_APPROVED,PASS,,,,,no,فیلر نواری 5متری اینسایز مدل 4621-07,فیلر نواری اینسایز کد 4621-07,فیلر نواری 5متری اینسایز مدل 4621-07,فیلر نواری اینسایز کد 4621-07,HOLD_OEM_SEMANTIC_EVIDENCE_MISSING,accessory_only_occurrence,model_to_code_candidate|uses_model_label,no,,yes,NO_DIRECT_TITLE_FALLBACK,yes,yes,yes,yes,yes,yes
3558,4621-08,3,INSIZE | اینسایز,اینسایز,4621-08,26,FEELER_GAUGE,فیلر نواری,فیلر نواری,APPROVED,yes,VARIANT_NOT_REQUIRED_APPROVED,feeler_blade_set_identified_by_oem_code; OEM manufacturer_code uniquely identifies commercial model; no single governed specification required for title identity,VARIANT_NOT_REQUIRED_APPROVED,PASS,,,,,no,فیلر نواری 5متری اینسایز مدل 4621-08,فیلر نواری اینسایز کد 4621-08,فیلر نواری 5متری اینسایز مدل 4621-08,فیلر نواری اینسایز کد 4621-08,HOLD_OEM_SEMANTIC_EVIDENCE_MISSING,accessory_only_occurrence,model_to_code_candidate|uses_model_label,no,,yes,NO_DIRECT_TITLE_FALLBACK,yes,yes,yes,yes,yes,yes
3559,3203-50,3,INSIZE | اینسایز,اینسایز,3203-50,13,OUTSIDE_MICROMETER,میکرومتر خارج‌سنج,میکرومتر خارج‌سنج,APPROVED,yes,VARIANT_REQUIRED,metrology_micrometer_buyer_range,SUFFIX_GOVERNED,PASS,measurement_range,"{""max"": 50.0, ""min"": 25.0}",25–50 میلی‌متر,448,yes,میکرومتر اینسایز (Insize) 50-25 میلی متر خارج سنج مدل 50-3203,میکرومتر خارج‌سنج اینسایز کد 3203-50، 25–50 میلی‌متر,میکرومتر اینسایز (Insize) 50-25 میلی متر خارج سنج مدل 50-3203,میکرومتر خارج‌سنج اینسایز کد 3203-50، 25–50 میلی‌متر,HOLD_OEM_SEMANTIC_EVIDENCE_MISSING,no_identity_registry_entry,manufacturer_code_missing|model_to_code_candidate|uses_model_label|wrong_product_type,no,,yes,NO_DIRECT_TITLE_FALLBACK,no,no,yes,no,no,no
3560,3203-75,3,INSIZE | اینسایز,اینسایز,3203-75,13,OUTSIDE_MICROMETER,میکرومتر خارج‌سنج,میکرومتر خارج‌سنج,APPROVED,yes,VARIANT_REQUIRED,metrology_micrometer_buyer_range,SUFFIX_GOVERNED,PASS,measurement_range,"{""max"": 75.0, ""min"": 50.0}",50–75 میلی‌متر,451,yes,میکرومتر اینسایز (Insize) 75-50 میلی متر خارج سنج مدل 75-3203,میکرومتر خارج‌سنج اینسایز کد 3203-75، 50–75 میلی‌متر,میکرومتر اینسایز (Insize) 75-50 میلی متر خارج سنج مدل 75-3203,میکرومتر خارج‌سنج اینسایز کد 3203-75، 50–75 میلی‌متر,HOLD_OEM_SEMANTIC_EVIDENCE_MISSING,no_identity_registry_entry,manufacturer_code_missing|model_to_code_candidate|uses_model_label|wrong_product_type,no,,yes,NO_DIRECT_TITLE_FALLBACK,no,no,yes,no,no,no
3561,4621-09,3,INSIZE | اینسایز,اینسایز,4621-09,26,FEELER_GAUGE,فیلر نواری,فیلر نواری,APPROVED,yes,VARIANT_NOT_REQUIRED_APPROVED,feeler_blade_set_identified_by_oem_code; OEM manufacturer_code uniquely identifies commercial model; no single governed specification required for title identity,VARIANT_NOT_REQUIRED_APPROVED,PASS,,,,,no,فیلر نواری 5متری اینسایز مدل 4621-09,فیلر نواری اینسایز کد 4621-09,فیلر نواری 5متری اینسایز مدل 4621-09,فیلر نواری اینسایز کد 4621-09,HOLD_OEM_SEMANTIC_EVIDENCE_MISSING,accessory_only_occurrence,model_to_code_candidate|uses_model_label,no,,yes,NO_DIRECT_TITLE_FALLBACK,yes,yes,yes,yes,yes,yes
3562,4621-10,3,INSIZE | اینسایز,اینسایز,4621-10,26,FEELER_GAUGE,فیلر نواری,فیلر نواری,APPROVED,yes,VARIANT_NOT_REQUIRED_APPROVED,feeler_blade_set_identified_by_oem_code; OEM manufacturer_code uniquely identifies commercial model; no single governed specification required for title identity,VARIANT_NOT_REQUIRED_APPROVED,PASS,,,,,no,فیلر نواری 5متری اینسایز مدل 4621-10,فیلر نواری اینسایز کد 4621-10,فیلر نواری 5متری اینسایز مدل 4621-10,فیلر نواری اینسایز کد 4621-10,HOLD_OEM_SEMANTIC_EVIDENCE_MISSING,accessory_only_occurrence,model_to_code_candidate|uses_model_label,no,,yes,NO_DIRECT_TITLE_FALLBACK,yes,yes,yes,yes,yes,yes
3563,4621-15,3,INSIZE | اینسایز,اینسایز,4621-15,26,FEELER_GAUGE,فیلر نواری,فیلر نواری,APPROVED,yes,VARIANT_NOT_REQUIRED_APPROVED,feeler_blade_set_identified_by_oem_code; OEM manufacturer_code uniquely identifies commercial model; no single governed specification required for title identity,VARIANT_NOT_REQUIRED_APPROVED,PASS,,,,,no,فیلر نواری 5متری اینسایز مدل 4621-15,فیلر نواری اینسایز کد 4621-15,فیلر نواری 5متری اینسایز مدل 4621-15,فیلر نواری اینسایز کد 4621-15,HOLD_OEM_SEMANTIC_EVIDENCE_MISSING,accessory_only_occurrence,model_to_code_candidate|uses_model_label,no,,yes,NO_DIRECT_TITLE_FALLBACK,yes,yes,yes,yes,yes,yes
3564,4621-20,3,INSIZE | اینسایز,اینسایز,4621-20,26,FEELER_GAUGE,فیلر نواری,فیلر نواری,APPROVED,yes,VARIANT_NOT_REQUIRED_APPROVED,feeler_blade_set_identified_by_oem_code; OEM manufacturer_code uniquely identifies commercial model; no single governed specification required for title identity,VARIANT_NOT_REQUIRED_APPROVED,PASS,,,,,no,فیلر نواری 5متری اینسایز مدل 4621-20,فیلر نواری اینسایز کد 4621-20,فیلر نواری 5متری اینسایز مدل 4621-20,فیلر نواری اینسایز کد 4621-20,HOLD_OEM_SEMANTIC_EVIDENCE_MISSING,accessory_only_occurrence,model_to_code_candidate|uses_model_label,no,,yes,NO_DIRECT_TITLE_FALLBACK,yes,yes,yes,yes,yes,yes
3565,4621-25,3,INSIZE | اینسایز,اینسایز,4621-25,26,FEELER_GAUGE,فیلر نواری,فیلر نواری,APPROVED,yes,VARIANT_NOT_REQUIRED_APPROVED,feeler_blade_set_identified_by_oem_code; OEM manufacturer_code uniquely identifies commercial model; no single governed specification required for title identity,VARIANT_NOT_REQUIRED_APPROVED,PASS,,,,,no,فیلر نواری 5متری اینسایز مدل 4621-25,فیلر نواری اینسایز کد 4621-25,فیلر نواری 5متری اینسایز مدل 4621-25,فیلر نواری اینسایز کد 4621-25,HOLD_OEM_SEMANTIC_EVIDENCE_MISSING,accessory_only_occurrence,model_to_code_candidate|uses_model_label,no,,yes,NO_DIRECT_TITLE_FALLBACK,yes,yes,yes,yes,yes,yes
3566,4621-30,3,INSIZE | اینسایز,اینسایز,4621-30,26,FEELER_GAUGE,فیلر نواری,فیلر نواری,APPROVED,yes,VARIANT_NOT_REQUIRED_APPROVED,feeler_blade_set_identified_by_oem_code; OEM manufacturer_code uniquely identifies commercial model; no single governed specification required for title identity,VARIANT_NOT_REQUIRED_APPROVED,PASS,,,,,no,فیلر نواری 5متری اینسایز مدل 4621-30,فیلر نواری اینسایز کد 4621-30,فیلر نواری 5متری اینسایز مدل 4621-30,فیلر نواری اینسایز کد 4621-30,HOLD_OEM_SEMANTIC_EVIDENCE_MISSING,accessory_only_occurrence,model_to_code_candidate|uses_model_label,no,,yes,NO_DIRECT_TITLE_FALLBACK,yes,yes,yes,yes,yes,yes
3567,4621-40,3,INSIZE | اینسایز,اینسایز,4621-40,26,FEELER_GAUGE,فیلر نواری,فیلر نواری,APPROVED,yes,VARIANT_NOT_REQUIRED_APPROVED,feeler_blade_set_identified_by_oem_code; OEM manufacturer_code uniquely identifies commercial model; no single governed specification required for title identity,VARIANT_NOT_REQUIRED_APPROVED,PASS,,,,,no,فیلر نواری 5متری اینسایز مدل 4621-40,فیلر نواری اینسایز کد 4621-40,فیلر نواری 5متری اینسایز مدل 4621-40,فیلر نواری اینسایز کد 4621-40,HOLD_OEM_SEMANTIC_EVIDENCE_MISSING,accessory_only_occurrence,model_to_code_candidate|uses_model_label,no,,yes,NO_DIRECT_TITLE_FALLBACK,yes,yes,yes,yes,yes,yes
3568,4621-50,3,INSIZE | اینسایز,اینسایز,4621-50,26,FEELER_GAUGE,فیلر نواری,فیلر نواری,APPROVED,yes,VARIANT_NOT_REQUIRED_APPROVED,feeler_blade_set_identified_by_oem_code; OEM manufacturer_code uniquely identifies commercial model; no single governed specification required for title identity,VARIANT_NOT_REQUIRED_APPROVED,PASS,,,,,no,فیلر نواری 5متری اینسایز مدل 4621-50,فیلر نواری اینسایز کد 4621-50,فیلر نواری 5متری اینسایز مدل 4621-50,فیلر نواری اینسایز کد 4621-50,HOLD_OEM_SEMANTIC_EVIDENCE_MISSING,accessory_only_occurrence,model_to_code_candidate|uses_model_label,no,,yes,NO_DIRECT_TITLE_FALLBACK,yes,yes,yes,yes,yes,yes
3569,4621-70,3,INSIZE | اینسایز,اینسایز,4621-70,26,FEELER_GAUGE,فیلر نواری,فیلر نواری,APPROVED,yes,VARIANT_NOT_REQUIRED_APPROVED,feeler_blade_set_identified_by_oem_code; OEM manufacturer_code uniquely identifies commercial model; no single governed specification required for title identity,VARIANT_NOT_REQUIRED_APPROVED,PASS,,,,,no,فیلر نواری 5متری اینسایز مدل 4621-70,فیلر نواری اینسایز کد 4621-70,فیلر نواری 5متری اینسایز مدل 4621-70,فیلر نواری اینسایز کد 4621-70,HOLD_OEM_SEMANTIC_EVIDENCE_MISSING,accessory_only_occurrence,model_to_code_candidate|uses_model_label,no,,yes,NO_DIRECT_TITLE_FALLBACK,yes,yes,yes,yes,yes,yes
3570,4621-80,3,INSIZE | اینسایز,اینسایز,4621-80,26,FEELER_GAUGE,فیلر نواری,فیلر نواری,APPROVED,yes,VARIANT_NOT_REQUIRED_APPROVED,feeler_blade_set_identified_by_oem_code; OEM manufacturer_code uniquely identifies commercial model; no single governed specification required for title identity,VARIANT_NOT_REQUIRED_APPROVED,PASS,,,,,no,فیلر نواری 5 متری 0.80mm اینسایز (Insize) مدل 80-4621,فیلر نواری اینسایز کد 4621-80,فیلر نواری 5 متری 0.80mm اینسایز (Insize) مدل 80-4621,فیلر نواری اینسایز کد 4621-80,HOLD_OEM_SEMANTIC_EVIDENCE_MISSING,accessory_only_occurrence,manufacturer_code_missing|model_to_code_candidate|uses_model_label,no,,yes,NO_DIRECT_TITLE_FALLBACK,yes,no,yes,yes,yes,no
3571,4621-90,3,INSIZE | اینسایز,اینسایز,4621-90,26,FEELER_GAUGE,فیلر نواری,فیلر نواری,APPROVED,yes,VARIANT_NOT_REQUIRED_APPROVED,feeler_blade_set_identified_by_oem_code; OEM manufacturer_code uniquely identifies commercial model; no single governed specification required for title identity,VARIANT_NOT_REQUIRED_APPROVED,PASS,,,,,no,فیلر نواری 5متری اینسایز مدل 4621-90,فیلر نواری اینسایز کد 4621-90,فیلر نواری 5متری اینسایز مدل 4621-90,فیلر نواری اینسایز کد 4621-90,HOLD_OEM_SEMANTIC_EVIDENCE_MISSING,accessory_only_occurrence,model_to_code_candidate|uses_model_label,no,,yes,NO_DIRECT_TITLE_FALLBACK,yes,yes,yes,yes,yes,yes
3572,4166-0D,3,INSIZE | اینسایز,اینسایز,4166-0D,24,PIN_GAUGE,پین گیج,پین گیج,APPROVED,yes,VARIANT_REQUIRED,gauge_nominal_size,HOLD_MISSING_VARIANT_FACT,N/A,nominal_size,,,,no,پین گیج 31 پارچه 0.50 – 0.20 میلی متری اینسایز (Insize) مدل 4166-0D,,پین گیج 31 پارچه 0.50 – 0.20 میلی متری اینسایز (Insize) مدل 4166-0D,,HOLD_MISSING_VARIANT_FACT,required_published_variant_fact_missing,uses_model_label,no,,yes,NO_DIRECT_TITLE_FALLBACK,yes,no,no,yes,yes,no
3573,3210-25,3,INSIZE | اینسایز,اینسایز,3210-25,13,OUTSIDE_MICROMETER,میکرومتر خارج‌سنج,میکرومتر خارج‌سنج,APPROVED,yes,VARIANT_REQUIRED,metrology_micrometer_buyer_range,SUFFIX_GOVERNED,PASS,measurement_range,"{""max"": 25.0, ""min"": 0.0}",0–25 میلی‌متر,454,yes,میکرومتر اینسایز (Insize) 25-0 میلی متر خارج سنج 0.001 مدل 25-3210,میکرومتر خارج‌سنج اینسایز کد 3210-25، 0–25 میلی‌متر,میکرومتر اینسایز (Insize) 25-0 میلی متر خارج سنج 0.001 مدل 25-3210,میکرومتر خارج‌سنج اینسایز کد 3210-25، 0–25 میلی‌متر,HOLD_OEM_SEMANTIC_EVIDENCE_MISSING,no_identity_registry_entry,manufacturer_code_missing|model_to_code_candidate|uses_model_label|wrong_product_type,no,,yes,NO_DIRECT_TITLE_FALLBACK,no,no,yes,no,no,no
3574,3210-50,3,INSIZE | اینسایز,اینسایز,3210-50,13,OUTSIDE_MICROMETER,میکرومتر خارج‌سنج,میکرومتر خارج‌سنج,APPROVED,yes,VARIANT_REQUIRED,metrology_micrometer_buyer_range,SUFFIX_GOVERNED,PASS,measurement_range,"{""max"": 50.0, ""min"": 25.0}",25–50 میلی‌متر,457,yes,میکرومتر اینسایز (Insize) 50-25 میلی متر خارج سنج مدل 50-3210,میکرومتر خارج‌سنج اینسایز کد 3210-50، 25–50 میلی‌متر,میکرومتر اینسایز (Insize) 50-25 میلی متر خارج سنج مدل 50-3210,میکرومتر خارج‌سنج اینسایز کد 3210-50، 25–50 میلی‌متر,HOLD_OEM_SEMANTIC_EVIDENCE_MISSING,no_identity_registry_entry,manufacturer_code_missing|model_to_code_candidate|uses_model_label|wrong_product_type,no,,yes,NO_DIRECT_TITLE_FALLBACK,no,no,yes,no,no,no
3575,3400-25,3,INSIZE | اینسایز,اینسایز,3400-25,13,OUTSIDE_MICROMETER,میکرومتر خارج‌سنج,میکرومتر خارج‌سنج,APPROVED,yes,VARIANT_REQUIRED,metrology_micrometer_buyer_range,SUFFIX_GOVERNED,PASS,measurement_range,"{""max"": 25.0, ""min"": 0.0}",0–25 میلی‌متر,460,yes,میکرومتر کنتور دار خارج سنج اینسایز مدل 3400-25,میکرومتر خارج‌سنج اینسایز کد 3400-25، 0–25 میلی‌متر,میکرومتر کنتور دار خارج سنج اینسایز مدل 3400-25,میکرومتر خارج‌سنج اینسایز کد 3400-25، 0–25 میلی‌متر,READY_RENAME,governed_canonical_name_ready,model_to_code_candidate|uses_model_label|wrong_product_type,no,,yes,NO_DIRECT_TITLE_FALLBACK,yes,yes,yes,yes,yes,yes
3578,1240-1501,3,INSIZE | اینسایز,اینسایز,1240-1501,2,DEPTH_GAUGE,عمق‌سنج,عمق‌سنج,APPROVED,yes,VARIANT_REQUIRED,metrology_working_range,SUFFIX_GOVERNED,PASS,measurement_range,"{""max"": 150, ""min"": 0}",0–150 میلی‌متر,217,yes,کولیس معمولی 15 سانتی متر عمق سنج استن استیل اینسایز مدل 1240-1501,عمق‌سنج اینسایز کد 1240-1501، 0–150 میلی‌متر,کولیس معمولی 15 سانتی متر عمق سنج استن استیل اینسایز مدل 1240-1501,عمق‌سنج اینسایز کد 1240-1501، 0–150 میلی‌متر,READY_RENAME,governed_canonical_name_ready,model_to_code_candidate|uses_model_label|wrong_product_type,no,,yes,NO_DIRECT_TITLE_FALLBACK,yes,yes,yes,yes,yes,yes
3579,4166-1,3,INSIZE | اینسایز,اینسایز,4166-1,24,PIN_GAUGE,پین گیج,پین گیج,APPROVED,yes,VARIANT_REQUIRED,gauge_nominal_size,HOLD_MISSING_VARIANT_FACT,N/A,nominal_size,,,,no,پین گیج 51 پارچه 1 – 0.5 میلی متری اینسایز (Insize) مدل 1-4166,,پین گیج 51 پارچه 1 – 0.5 میلی متری اینسایز (Insize) مدل 1-4166,,HOLD_MISSING_VARIANT_FACT,required_published_variant_fact_missing,manufacturer_code_missing|uses_model_label,no,,yes,NO_DIRECT_TITLE_FALLBACK,yes,no,no,yes,yes,no
3580,1240-2001,3,INSIZE | اینسایز,اینسایز,1240-2001,2,DEPTH_GAUGE,عمق‌سنج,عمق‌سنج,APPROVED,yes,VARIANT_REQUIRED,metrology_working_range,SUFFIX_GOVERNED,PASS,measurement_range,"{""max"": 200, ""min"": 0}",0–200 میلی‌متر,220,yes,کولیس معمولی 20 سانتی متر عمق سنج استن استیل اینسایز مدل 1240-2001,عمق‌سنج اینسایز کد 1240-2001، 0–200 میلی‌متر,کولیس معمولی 20 سانتی متر عمق سنج استن استیل اینسایز مدل 1240-2001,عمق‌سنج اینسایز کد 1240-2001، 0–200 میلی‌متر,READY_RENAME,governed_canonical_name_ready,model_to_code_candidate|uses_model_label|wrong_product_type,no,,yes,NO_DIRECT_TITLE_FALLBACK,yes,yes,yes,yes,yes,yes
3581,1240-3001,3,INSIZE | اینسایز,اینسایز,1240-3001,2,DEPTH_GAUGE,عمق‌سنج,عمق‌سنج,APPROVED,yes,VARIANT_REQUIRED,metrology_working_range,SUFFIX_GOVERNED,PASS,measurement_range,"{""max"": 300, ""min"": 0}",0–300 میلی‌متر,223,yes,کولیس عمق سنج 30 سانتی متر اینسایز مدل 1240-3001,عمق‌سنج اینسایز کد 1240-3001، 0–300 میلی‌متر,کولیس عمق سنج 30 سانتی متر اینسایز مدل 1240-3001,عمق‌سنج اینسایز کد 1240-3001، 0–300 میلی‌متر,READY_RENAME,governed_canonical_name_ready,model_to_code_candidate|uses_model_label|wrong_product_type,no,,yes,NO_DIRECT_TITLE_FALLBACK,yes,yes,yes,yes,yes,yes
3582,4166-1D,3,INSIZE | اینسایز,اینسایز,4166-1D,24,PIN_GAUGE,پین گیج,پین گیج,APPROVED,yes,VARIANT_REQUIRED,gauge_nominal_size,HOLD_MISSING_VARIANT_FACT,N/A,nominal_size,,,,no,پین گیج 51 پارچه 1.5- 1 میلی متری اینسایز (Insize) مدل 1D-4166,,پین گیج 51 پارچه 1.5- 1 میلی متری اینسایز (Insize) مدل 1D-4166,,HOLD_MISSING_VARIANT_FACT,required_published_variant_fact_missing,manufacturer_code_missing|uses_model_label,no,,yes,NO_DIRECT_TITLE_FALLBACK,yes,no,no,yes,yes,no
3583,1240-5001,3,INSIZE | اینسایز,اینسایز,1240-5001,2,DEPTH_GAUGE,عمق‌سنج,عمق‌سنج,APPROVED,yes,VARIANT_REQUIRED,metrology_working_range,SUFFIX_GOVERNED,PASS,measurement_range,"{""max"": 500, ""min"": 0}",0–500 میلی‌متر,226,yes,کولیس معمولی اینسایز (Insize) 50 سانتی متر عمق سنج استن استیل مدل 5001-1240,عمق‌سنج اینسایز کد 1240-5001، 0–500 میلی‌متر,کولیس معمولی اینسایز (Insize) 50 سانتی متر عمق سنج استن استیل مدل 5001-1240,عمق‌سنج اینسایز کد 1240-5001، 0–500 میلی‌متر,READY_RENAME,governed_canonical_name_ready,manufacturer_code_missing|model_to_code_candidate|uses_model_label|wrong_product_type,no,,yes,NO_DIRECT_TITLE_FALLBACK,yes,no,no,yes,yes,no
3584,4166-2,3,INSIZE | اینسایز,اینسایز,4166-2,24,PIN_GAUGE,پین گیج,پین گیج,APPROVED,yes,VARIANT_REQUIRED,gauge_nominal_size,HOLD_MISSING_VARIANT_FACT,N/A,nominal_size,,,,no,پین گیج 51 پارچه 2 – 1.50 میلی متری اینسایز (Insize) مدل 2-4166,,پین گیج 51 پارچه 2 – 1.50 میلی متری اینسایز (Insize) مدل 2-4166,,HOLD_MISSING_VARIANT_FACT,required_published_variant_fact_missing,manufacturer_code_missing|uses_model_label,no,,yes,NO_DIRECT_TITLE_FALLBACK,yes,no,no,yes,yes,no
3585,4166-2D,3,INSIZE | اینسایز,اینسایز,4166-2D,24,PIN_GAUGE,پین گیج,پین گیج,APPROVED,yes,VARIANT_REQUIRED,gauge_nominal_size,HOLD_MISSING_VARIANT_FACT,N/A,nominal_size,,,,no,پین گیج 51 پارچه 2.50-2 میلیمتری اینسایز (Insize) مدل 2D-4166,,پین گیج 51 پارچه 2.50-2 میلیمتری اینسایز (Insize) مدل 2D-4166,,HOLD_MISSING_VARIANT_FACT,required_published_variant_fact_missing,manufacturer_code_missing|uses_model_label,no,,yes,NO_DIRECT_TITLE_FALLBACK,yes,no,no,yes,yes,no
3586,4166-3,3,INSIZE | اینسایز,اینسایز,4166-3,24,PIN_GAUGE,پین گیج,پین گیج,APPROVED,yes,VARIANT_REQUIRED,gauge_nominal_size,HOLD_MISSING_VARIANT_FACT,N/A,nominal_size,,,,no,پین گیج 51 پارچه 3 -2.50 میلی متری اینسایز(Insize) مدل 3-4166,,پین گیج 51 پارچه 3 -2.50 میلی متری اینسایز(Insize) مدل 3-4166,,HOLD_MISSING_VARIANT_FACT,required_published_variant_fact_missing,manufacturer_code_missing|uses_model_label,no,,yes,NO_DIRECT_TITLE_FALLBACK,yes,no,no,yes,yes,no
3587,4166-4,3,INSIZE | اینسایز,اینسایز,4166-4,24,PIN_GAUGE,پین گیج,پین گیج,APPROVED,yes,VARIANT_REQUIRED,gauge_nominal_size,HOLD_MISSING_VARIANT_FACT,N/A,nominal_size,,,,no,پین گیج 51 پارچه 4-3.50 میلی متری اینسایز (Insize) مدل 4-4166,,پین گیج 51 پارچه 4-3.50 میلی متری اینسایز (Insize) مدل 4-4166,,HOLD_MISSING_VARIANT_FACT,required_published_variant_fact_missing,manufacturer_code_missing|uses_model_label,no,,yes,NO_DIRECT_TITLE_FALLBACK,yes,no,no,yes,yes,no
3588,4166-4D,3,INSIZE | اینسایز,اینسایز,4166-4D,24,PIN_GAUGE,پین گیج,پین گیج,APPROVED,yes,VARIANT_REQUIRED,gauge_nominal_size,HOLD_MISSING_VARIANT_FACT,N/A,nominal_size,,,,no,پین گیج 51 پارچه 4.50-4 میلی متری اینسایز (Insize) مدل 4D-4166,,پین گیج 51 پارچه 4.50-4 میلی متری اینسایز (Insize) مدل 4D-4166,,HOLD_MISSING_VARIANT_FACT,required_published_variant_fact_missing,manufacturer_code_missing|uses_model_label,no,,yes,NO_DIRECT_TITLE_FALLBACK,yes,no,no,yes,yes,no
3589,4166-5,3,INSIZE | اینسایز,اینسایز,4166-5,24,PIN_GAUGE,پین گیج,پین گیج,APPROVED,yes,VARIANT_REQUIRED,gauge_nominal_size,HOLD_MISSING_VARIANT_FACT,N/A,nominal_size,,,,no,پین گیج 51 پارچه 5 – 4.50 میلی متری اینسایز مدل (Insize) 4166-5,,پین گیج 51 پارچه 5 – 4.50 میلی متری اینسایز مدل (Insize) 4166-5,,HOLD_MISSING_VARIANT_FACT,required_published_variant_fact_missing,uses_model_label,no,,yes,NO_DIRECT_TITLE_FALLBACK,yes,no,no,yes,yes,no
3590,4166-5D,3,INSIZE | اینسایز,اینسایز,4166-5D,24,PIN_GAUGE,پین گیج,پین گیج,APPROVED,yes,VARIANT_REQUIRED,gauge_nominal_size,HOLD_MISSING_VARIANT_FACT,N/A,nominal_size,,,,no,پین گیج 51 پارچه 5.50 – 5 میلی متری اینسایز (Insize) مدل 5D-4166,,پین گیج 51 پارچه 5.50 – 5 میلی متری اینسایز (Insize) مدل 5D-4166,,HOLD_MISSING_VARIANT_FACT,required_published_variant_fact_missing,manufacturer_code_missing|uses_model_label,no,,yes,NO_DIRECT_TITLE_FALLBACK,yes,no,no,yes,yes,no
3591,4166-6,3,INSIZE | اینسایز,اینسایز,4166-6,24,PIN_GAUGE,پین گیج,پین گیج,APPROVED,yes,VARIANT_REQUIRED,gauge_nominal_size,HOLD_MISSING_VARIANT_FACT,N/A,nominal_size,,,,no,پین گیج 51 پارچه 6 -5.5 میلی متری اینسایز (Insize) مدل 6-4166,,پین گیج 51 پارچه 6 -5.5 میلی متری اینسایز (Insize) مدل 6-4166,,HOLD_MISSING_VARIANT_FACT,required_published_variant_fact_missing,manufacturer_code_missing|uses_model_label,no,,yes,NO_DIRECT_TITLE_FALLBACK,yes,no,no,yes,yes,no
3592,1145-25,3,INSIZE | اینسایز,اینسایز,1145-25,2,DEPTH_GAUGE,عمق‌سنج,عمق‌سنج,APPROVED,yes,VARIANT_REQUIRED,metrology_working_range,SUFFIX_GOVERNED,PASS,measurement_range,"{""max"": 25.0, ""min"": 0.0}",0–25 میلی‌متر,592,yes,کولیس دیجیتال اینسایز (Insize) 2.5 سانتی متر عمق سنج مدل 25-1145,عمق‌سنج اینسایز کد 1145-25، 0–25 میلی‌متر,کولیس دیجیتال اینسایز (Insize) 2.5 سانتی متر عمق سنج مدل 25-1145,عمق‌سنج اینسایز کد 1145-25، 0–25 میلی‌متر,HOLD_OEM_SEMANTIC_EVIDENCE_MISSING,no_identity_registry_entry,manufacturer_code_missing|model_to_code_candidate|uses_model_label|wrong_product_type,no,,yes,NO_DIRECT_TITLE_FALLBACK,yes,no,no,yes,yes,no
3593,4166-6D,3,INSIZE | اینسایز,اینسایز,4166-6D,24,PIN_GAUGE,پین گیج,پین گیج,APPROVED,yes,VARIANT_REQUIRED,gauge_nominal_size,HOLD_MISSING_VARIANT_FACT,N/A,nominal_size,,,,no,پین گیج 51 پارچه 6.5 – 6 میلی متری اینسایز (Insize) مدل 6D-4166,,پین گیج 51 پارچه 6.5 – 6 میلی متری اینسایز (Insize) مدل 6D-4166,,HOLD_MISSING_VARIANT_FACT,required_published_variant_fact_missing,manufacturer_code_missing|uses_model_label,no,,yes,NO_DIRECT_TITLE_FALLBACK,yes,no,no,yes,yes,no
3594,4166-7,3,INSIZE | اینسایز,اینسایز,4166-7,24,PIN_GAUGE,پین گیج,پین گیج,APPROVED,yes,VARIANT_REQUIRED,gauge_nominal_size,HOLD_MISSING_VARIANT_FACT,N/A,nominal_size,,,,no,پین گیج 51 پارچه 7 – 6.5 میلی متری اینسایز (Insize) مدل 7-4166,,پین گیج 51 پارچه 7 – 6.5 میلی متری اینسایز (Insize) مدل 7-4166,,HOLD_MISSING_VARIANT_FACT,required_published_variant_fact_missing,manufacturer_code_missing|uses_model_label,no,,yes,NO_DIRECT_TITLE_FALLBACK,yes,no,no,yes,yes,no
3595,1140-50,3,INSIZE | اینسایز,اینسایز,1140-50,2,DEPTH_GAUGE,عمق‌سنج,عمق‌سنج,APPROVED,yes,VARIANT_REQUIRED,metrology_working_range,SUFFIX_GOVERNED,PASS,measurement_range,"{""max"": 50.0, ""min"": 0.0}",0–50 میلی‌متر,595,yes,کولیس دیجیتال اینسایز (Insize) 5 سانتی متر عمق سنج مدل 50-1140,عمق‌سنج اینسایز کد 1140-50، 0–50 میلی‌متر,کولیس دیجیتال اینسایز (Insize) 5 سانتی متر عمق سنج مدل 50-1140,عمق‌سنج اینسایز کد 1140-50، 0–50 میلی‌متر,HOLD_OEM_SEMANTIC_EVIDENCE_MISSING,accessory_only_occurrence,manufacturer_code_missing|model_to_code_candidate|uses_model_label|wrong_product_type,no,,yes,NO_DIRECT_TITLE_FALLBACK,yes,no,no,yes,yes,no
3596,4166-7D,3,INSIZE | اینسایز,اینسایز,4166-7D,24,PIN_GAUGE,پین گیج,پین گیج,APPROVED,yes,VARIANT_REQUIRED,gauge_nominal_size,HOLD_MISSING_VARIANT_FACT,N/A,nominal_size,,,,no,پین گیج 51 پارچه 7.5- 7 میلی متری اینسایز (Insize) مدل 7D-4166,,پین گیج 51 پارچه 7.5- 7 میلی متری اینسایز (Insize) مدل 7D-4166,,HOLD_MISSING_VARIANT_FACT,required_published_variant_fact_missing,manufacturer_code_missing|uses_model_label,no,,yes,NO_DIRECT_TITLE_FALLBACK,yes,no,no,yes,yes,no
3597,4166-9,3,INSIZE | اینسایز,اینسایز,4166-9,24,PIN_GAUGE,پین گیج,پین گیج,APPROVED,yes,VARIANT_REQUIRED,gauge_nominal_size,HOLD_MISSING_VARIANT_FACT,N/A,nominal_size,,,,no,پین گیج 51 پارچه 9 – 8.5 میلی متری اینسایز (Insize) مدل 9-4166,,پین گیج 51 پارچه 9 – 8.5 میلی متری اینسایز (Insize) مدل 9-4166,,HOLD_MISSING_VARIANT_FACT,required_published_variant_fact_missing,manufacturer_code_missing|uses_model_label,no,,yes,NO_DIRECT_TITLE_FALLBACK,yes,no,no,yes,yes,no
3598,4166-8,3,INSIZE | اینسایز,اینسایز,4166-8,24,PIN_GAUGE,پین گیج,پین گیج,APPROVED,yes,VARIANT_REQUIRED,gauge_nominal_size,HOLD_MISSING_VARIANT_FACT,N/A,nominal_size,,,,no,پین گیج 51 پارچه 8 – 7.5 میلی متری اینسایز (Insize) مدل 8-4166,,پین گیج 51 پارچه 8 – 7.5 میلی متری اینسایز (Insize) مدل 8-4166,,HOLD_MISSING_VARIANT_FACT,required_published_variant_fact_missing,manufacturer_code_missing|uses_model_label,no,,yes,NO_DIRECT_TITLE_FALLBACK,yes,no,no,yes,yes,no
3599,3240-25,3,INSIZE | اینسایز,اینسایز,3240-25,15,DEPTH_MICROMETER,میکرومتر عمق‌سنج,میکرومتر عمق‌سنج,APPROVED,yes,VARIANT_REQUIRED,metrology_micrometer_buyer_range,SUFFIX_GOVERNED,PASS,measurement_range,"{""max"": 25.0, ""min"": 0.0}",0–25 میلی‌متر,652,yes,میکرومتر اینسایز (Insize) 25 سانتی متر عمق سنج صلیبی مدل 25-3240,میکرومتر عمق‌سنج اینسایز کد 3240-25، 0–25 میلی‌متر,میکرومتر اینسایز (Insize) 25 سانتی متر عمق سنج صلیبی مدل 25-3240,میکرومتر عمق‌سنج اینسایز کد 3240-25، 0–25 میلی‌متر,HOLD_OEM_SEMANTIC_EVIDENCE_MISSING,accessory_only_occurrence,manufacturer_code_missing|model_to_code_candidate|uses_model_label|wrong_product_type,no,,yes,NO_DIRECT_TITLE_FALLBACK,yes,no,no,yes,yes,no
3600,4166-8D,3,INSIZE | اینسایز,اینسایز,4166-8D,24,PIN_GAUGE,پین گیج,پین گیج,APPROVED,yes,VARIANT_REQUIRED,gauge_nominal_size,HOLD_MISSING_VARIANT_FACT,N/A,nominal_size,,,,no,پین گیج 51 پارچه 8.5 – 8 میلی متری اینسایز (Insize) مدل 8D-4166,,پین گیج 51 پارچه 8.5 – 8 میلی متری اینسایز (Insize) مدل 8D-4166,,HOLD_MISSING_VARIANT_FACT,required_published_variant_fact_missing,manufacturer_code_missing|uses_model_label,no,,yes,NO_DIRECT_TITLE_FALLBACK,yes,no,no,yes,yes,no
3601,4166-9D,3,INSIZE | اینسایز,اینسایز,4166-9D,24,PIN_GAUGE,پین گیج,پین گیج,APPROVED,yes,VARIANT_REQUIRED,gauge_nominal_size,HOLD_MISSING_VARIANT_FACT,N/A,nominal_size,,,,no,پین گیج 51 پارچه 9.5 – 9 میلی متری اینسایز (Insize) مدل 9D-4166,,پین گیج 51 پارچه 9.5 – 9 میلی متری اینسایز (Insize) مدل 9D-4166,,HOLD_MISSING_VARIANT_FACT,required_published_variant_fact_missing,manufacturer_code_missing|uses_model_label,no,,yes,NO_DIRECT_TITLE_FALLBACK,yes,no,no,yes,yes,no
3602,6284-3,3,INSIZE | اینسایز,اینسایز,6284-3,,,,,,no,,,,N/A,,,,,no,پراب ساعت شیطانکی اینسایز مدل 6284-3,,پراب ساعت شیطانکی اینسایز مدل 6284-3,,HOLD_MISSING_PRODUCT_TYPE,product_type_id_null,uses_model_label,no,,yes,NO_DIRECT_TITLE_FALLBACK,yes,yes,yes,yes,yes,yes
3603,4790-0150,3,INSIZE | اینسایز,اینسایز,4790-0150,35,ENGINEERS_SQUARE,گونیا مهندسی,گونیا مهندسی,APPROVED,yes,VARIANT_NOT_REQUIRED_APPROVED,OEM manufacturer_code identifies square size family; no governed range fact contract,VARIANT_NOT_REQUIRED_APPROVED,PASS,,,,,no,گونیا مویی 15 سانتی اینسایز (Insize) مدل 0150-4790,گونیا مهندسی اینسایز کد 4790-0150,گونیا مویی 15 سانتی اینسایز (Insize) مدل 0150-4790,گونیا مهندسی اینسایز کد 4790-0150,HOLD_OEM_SEMANTIC_EVIDENCE_MISSING,accessory_only_occurrence,manufacturer_code_missing|model_to_code_candidate|uses_model_label|wrong_product_type,no,,yes,NO_DIRECT_TITLE_FALLBACK,yes,no,no,yes,yes,no
3604,4790-0100,3,INSIZE | اینسایز,اینسایز,4790-0100,35,ENGINEERS_SQUARE,گونیا مهندسی,گونیا مهندسی,APPROVED,yes,VARIANT_NOT_REQUIRED_APPROVED,OEM manufacturer_code identifies square size family; no governed range fact contract,VARIANT_NOT_REQUIRED_APPROVED,PASS,,,,,no,گرید 00 اینسایز مدل 4790-0100,گونیا مهندسی اینسایز کد 4790-0100,گرید 00 اینسایز مدل 4790-0100,گونیا مهندسی اینسایز کد 4790-0100,HOLD_OEM_SEMANTIC_EVIDENCE_MISSING,no_primary_product_occurrence,model_to_code_candidate|uses_model_label|wrong_product_type,no,,yes,NO_DIRECT_TITLE_FALLBACK,yes,yes,yes,yes,yes,yes
3605,4745-1120,3,INSIZE | اینسایز,اینسایز,4745-1120,35,ENGINEERS_SQUARE,گونیا مهندسی,گونیا مهندسی,APPROVED,yes,VARIANT_NOT_REQUIRED_APPROVED,OEM manufacturer_code identifies square size family; no governed range fact contract,VARIANT_NOT_REQUIRED_APPROVED,PASS,,,,,no,گونیا 45 درجه اینسایز (Insize) مدل 1120-4745,گونیا مهندسی اینسایز کد 4745-1120,گونیا 45 درجه اینسایز (Insize) مدل 1120-4745,گونیا مهندسی اینسایز کد 4745-1120,HOLD_OEM_SEMANTIC_EVIDENCE_MISSING,accessory_only_occurrence,manufacturer_code_missing|model_to_code_candidate|uses_model_label|wrong_product_type,no,,yes,NO_DIRECT_TITLE_FALLBACK,yes,no,no,yes,yes,no
3606,7114-2200,3,INSIZE | اینسایز,اینسایز,7114-2200,30,MEASURING_TAPE,متر نواری,متر نواری,APPROVED,yes,VARIANT_REQUIRED,length_instrument_working_range,SUFFIX_GOVERNED,PASS,measurement_range,"{""max"": 2200.0, ""min"": 940.0}",940–2200 میلی‌متر,1715,yes,سیرکومتر 700-300 میلی متر اینسایز (Insize) مدل 2200-7114,متر نواری اینسایز کد 7114-2200، 940–2200 میلی‌متر,سیرکومتر 700-300 میلی متر اینسایز (Insize) مدل 2200-7114,متر نواری اینسایز کد 7114-2200، 940–2200 میلی‌متر,HOLD_OEM_SEMANTIC_EVIDENCE_MISSING,accessory_only_occurrence,manufacturer_code_missing|model_to_code_candidate|uses_model_label|wrong_product_type,no,,yes,NO_DIRECT_TITLE_FALLBACK,yes,no,yes,yes,yes,no
3607,7114-3460,3,INSIZE | اینسایز,اینسایز,7114-3460,30,MEASURING_TAPE,متر نواری,متر نواری,APPROVED,yes,VARIANT_REQUIRED,length_instrument_working_range,SUFFIX_GOVERNED,PASS,measurement_range,"{""max"": 3460.0, ""min"": 2190.0}",2190–3460 میلی‌متر,1717,yes,سیرکومتر 1100-700 میلی متر اینسایز مدل 7114-3460,متر نواری اینسایز کد 7114-3460، 2190–3460 میلی‌متر,سیرکومتر 1100-700 میلی متر اینسایز مدل 7114-3460,متر نواری اینسایز کد 7114-3460، 2190–3460 میلی‌متر,HOLD_OEM_SEMANTIC_EVIDENCE_MISSING,accessory_only_occurrence,model_to_code_candidate|uses_model_label|wrong_product_type,no,,yes,NO_DIRECT_TITLE_FALLBACK,yes,yes,yes,yes,yes,yes
3611,2112-10,3,INSIZE | اینسایز,اینسایز,2112-10,17,DIAL_INDICATOR,ساعت اندازه‌گیری,ساعت اندازه‌گیری,APPROVED,yes,VARIANT_REQUIRED,metrology_working_range,SUFFIX_GOVERNED,PASS,measurement_range,"{""max"": 12.7, ""min"": 0.0}",0–12.7 میلی‌متر,691,yes,ساعت اندیکاتور دیجیتال اینسایز مدل 2112-10,ساعت اندازه‌گیری اینسایز کد 2112-10، 0–12.7 میلی‌متر,ساعت اندیکاتور دیجیتال اینسایز مدل 2112-10,ساعت اندازه‌گیری اینسایز کد 2112-10، 0–12.7 میلی‌متر,HOLD_OEM_SEMANTIC_EVIDENCE_MISSING,oem_heading_not_in_canonical_identity_policy,model_to_code_candidate|uses_model_label|wrong_product_type,no,,yes,NO_DIRECT_TITLE_FALLBACK,yes,yes,yes,yes,yes,yes
3612,2112-25,3,INSIZE | اینسایز,اینسایز,2112-25,17,DIAL_INDICATOR,ساعت اندازه‌گیری,ساعت اندازه‌گیری,APPROVED,yes,VARIANT_REQUIRED,metrology_working_range,SUFFIX_GOVERNED,PASS,measurement_range,"{""max"": 25.4, ""min"": 0.0}",0–25.4 میلی‌متر,694,yes,ساعت اندیکاتور دیجیتال کورس 25میلیمتر اینسایز مدل 2112-25,ساعت اندازه‌گیری اینسایز کد 2112-25، 0–25.4 میلی‌متر,ساعت اندیکاتور دیجیتال کورس 25میلیمتر اینسایز مدل 2112-25,ساعت اندازه‌گیری اینسایز کد 2112-25، 0–25.4 میلی‌متر,HOLD_OEM_SEMANTIC_EVIDENCE_MISSING,oem_heading_not_in_canonical_identity_policy,model_to_code_candidate|uses_model_label|wrong_product_type,no,,yes,NO_DIRECT_TITLE_FALLBACK,yes,yes,yes,yes,yes,yes
3613,2112-50,3,INSIZE | اینسایز,اینسایز,2112-50,17,DIAL_INDICATOR,ساعت اندازه‌گیری,ساعت اندازه‌گیری,APPROVED,yes,VARIANT_REQUIRED,metrology_working_range,SUFFIX_GOVERNED,PASS,measurement_range,"{""max"": 50.8, ""min"": 0.0}",0–50.8 میلی‌متر,697,yes,ساعت اندیکاتور دیجیتال کورس 50 میلی متری اینسایز (Insize) مدل 50-2112,ساعت اندازه‌گیری اینسایز کد 2112-50، 0–50.8 میلی‌متر,ساعت اندیکاتور دیجیتال کورس 50 میلی متری اینسایز (Insize) مدل 50-2112,ساعت اندازه‌گیری اینسایز کد 2112-50، 0–50.8 میلی‌متر,HOLD_OEM_SEMANTIC_EVIDENCE_MISSING,oem_heading_not_in_canonical_identity_policy,manufacturer_code_missing|model_to_code_candidate|uses_model_label|wrong_product_type,no,,yes,NO_DIRECT_TITLE_FALLBACK,yes,no,no,yes,yes,no
3614,2380-08,3,INSIZE | اینسایز,اینسایز,2380-08,16,TEST_INDICATOR,ساعت اهرمی,ساعت اهرمی,APPROVED,yes,VARIANT_REQUIRED,metrology_working_range,SUFFIX_GOVERNED,PASS,measurement_range,"{""max"": 0.8, ""min"": 0.0}",0–0.8 میلی‌متر,658,yes,ساعت شیطانکی اینسایز مدل 2380-08,ساعت اهرمی اینسایز کد 2380-08، 0–0.8 میلی‌متر,ساعت شیطانکی اینسایز مدل 2380-08,ساعت اهرمی اینسایز کد 2380-08، 0–0.8 میلی‌متر,READY_RENAME,governed_canonical_name_ready,model_to_code_candidate|uses_model_label|wrong_product_type,no,,yes,NO_DIRECT_TITLE_FALLBACK,yes,yes,yes,yes,yes,yes
3615,2381-08,3,INSIZE | اینسایز,اینسایز,2381-08,16,TEST_INDICATOR,ساعت اهرمی,ساعت اهرمی,APPROVED,yes,VARIANT_REQUIRED,metrology_working_range,SUFFIX_GOVERNED,PASS,measurement_range,"{""max"": 0.8, ""min"": 0.0}",0–0.8 میلی‌متر,661,yes,ساعت شیطانکی صفحه بزرگ اینسایز مدل 2381-08,ساعت اهرمی اینسایز کد 2381-08، 0–0.8 میلی‌متر,ساعت شیطانکی صفحه بزرگ اینسایز مدل 2381-08,ساعت اهرمی اینسایز کد 2381-08، 0–0.8 میلی‌متر,READY_RENAME,governed_canonical_name_ready,model_to_code_candidate|uses_model_label|wrong_product_type,no,,yes,NO_DIRECT_TITLE_FALLBACK,yes,yes,yes,yes,yes,yes
3616,2381-02,3,INSIZE | اینسایز,اینسایز,2381-02,16,TEST_INDICATOR,ساعت اهرمی,ساعت اهرمی,APPROVED,yes,VARIANT_REQUIRED,metrology_working_range,SUFFIX_GOVERNED,PASS,measurement_range,"{""max"": 0.2, ""min"": 0.0}",0–0.2 میلی‌متر,664,yes,ساعت شیطانکی صفحه بزرگ دو هزارم اینسایز مدل 2381-02,ساعت اهرمی اینسایز کد 2381-02، 0–0.2 میلی‌متر,ساعت شیطانکی صفحه بزرگ دو هزارم اینسایز مدل 2381-02,ساعت اهرمی اینسایز کد 2381-02، 0–0.2 میلی‌متر,READY_RENAME,governed_canonical_name_ready,model_to_code_candidate|uses_model_label|wrong_product_type,no,,yes,NO_DIRECT_TITLE_FALLBACK,yes,yes,yes,yes,yes,yes
3618,2310-30,3,INSIZE | اینسایز,اینسایز,2310-30,17,DIAL_INDICATOR,ساعت اندازه‌گیری,ساعت اندازه‌گیری,APPROVED,yes,VARIANT_REQUIRED,metrology_working_range,SUFFIX_GOVERNED,PASS,measurement_range,"{""max"": 30.0, ""min"": 0.0}",0–30 میلی‌متر,703,yes,ساعت اندیکاتور کورس 30 میلی متر اینسایز (Insize) مدل 30-2310,ساعت اندازه‌گیری اینسایز کد 2310-30، 0–30 میلی‌متر,ساعت اندیکاتور کورس 30 میلی متر اینسایز (Insize) مدل 30-2310,ساعت اندازه‌گیری اینسایز کد 2310-30، 0–30 میلی‌متر,HOLD_OEM_SEMANTIC_EVIDENCE_MISSING,no_identity_registry_entry,manufacturer_code_missing|model_to_code_candidate|uses_model_label|wrong_product_type,no,,yes,NO_DIRECT_TITLE_FALLBACK,yes,no,yes,yes,yes,no
3619,2309-50,3,INSIZE | اینسایز,اینسایز,2309-50,17,DIAL_INDICATOR,ساعت اندازه‌گیری,ساعت اندازه‌گیری,APPROVED,yes,VARIANT_REQUIRED,metrology_working_range,SUFFIX_GOVERNED,PASS,measurement_range,"{""max"": 50.0, ""min"": 0.0}",0–50 میلی‌متر,706,yes,ساعت اندیکاتور کورس 50میلیمتر اینسایز مدل 2309-50,ساعت اندازه‌گیری اینسایز کد 2309-50، 0–50 میلی‌متر,ساعت اندیکاتور کورس 50میلیمتر اینسایز مدل 2309-50,ساعت اندازه‌گیری اینسایز کد 2309-50، 0–50 میلی‌متر,READY_RENAME,governed_canonical_name_ready,model_to_code_candidate|uses_model_label|wrong_product_type,no,,yes,NO_DIRECT_TITLE_FALLBACK,yes,yes,yes,yes,yes,yes
3621,2311-5,3,INSIZE | اینسایز,اینسایز,2311-5,17,DIAL_INDICATOR,ساعت اندازه‌گیری,ساعت اندازه‌گیری,APPROVED,yes,VARIANT_REQUIRED,metrology_working_range,SUFFIX_GOVERNED,PASS,measurement_range,"{""max"": 5.0, ""min"": 0.0}",0–5 میلی‌متر,712,yes,ساعت اندیکاتور دور کوچک کورس 5میلیمتر اینسایز مدل 2311-5,ساعت اندازه‌گیری اینسایز کد 2311-5، 0–5 میلی‌متر,ساعت اندیکاتور دور کوچک کورس 5میلیمتر اینسایز مدل 2311-5,ساعت اندازه‌گیری اینسایز کد 2311-5، 0–5 میلی‌متر,READY_RENAME,governed_canonical_name_ready,model_to_code_candidate|uses_model_label|wrong_product_type,no,,yes,NO_DIRECT_TITLE_FALLBACK,yes,yes,yes,yes,yes,yes
3622,2301-10,3,INSIZE | اینسایز,اینسایز,2301-10,17,DIAL_INDICATOR,ساعت اندازه‌گیری,ساعت اندازه‌گیری,APPROVED,yes,VARIANT_REQUIRED,metrology_working_range,SUFFIX_GOVERNED,PASS,measurement_range,"{""max"": 10.0, ""min"": 0.0}",0–10 میلی‌متر,715,yes,ساعت اندیکاتور (جعبه مقوایی) اینسایز مدل 2301-10,ساعت اندازه‌گیری اینسایز کد 2301-10، 0–10 میلی‌متر,ساعت اندیکاتور (جعبه مقوایی) اینسایز مدل 2301-10,ساعت اندازه‌گیری اینسایز کد 2301-10، 0–10 میلی‌متر,READY_RENAME,governed_canonical_name_ready,model_to_code_candidate|uses_model_label|wrong_product_type,no,,yes,NO_DIRECT_TITLE_FALLBACK,yes,yes,yes,yes,yes,yes
3623,2318-10,3,INSIZE | اینسایز,اینسایز,2318-10,17,DIAL_INDICATOR,ساعت اندازه‌گیری,ساعت اندازه‌گیری,APPROVED,yes,VARIANT_REQUIRED,metrology_working_range,SUFFIX_GOVERNED,PASS,measurement_range,"{""max"": 10.0, ""min"": 0.0}",0–10 میلی‌متر,718,yes,ساعت اندیکاتور کورس 10 میلی متری اینسایز (Insize) مدل 10-2318,ساعت اندازه‌گیری اینسایز کد 2318-10، 0–10 میلی‌متر,ساعت اندیکاتور کورس 10 میلی متری اینسایز (Insize) مدل 10-2318,ساعت اندازه‌گیری اینسایز کد 2318-10، 0–10 میلی‌متر,HOLD_OEM_SEMANTIC_EVIDENCE_MISSING,accessory_only_occurrence,manufacturer_code_missing|model_to_code_candidate|uses_model_label|wrong_product_type,no,,yes,NO_DIRECT_TITLE_FALLBACK,yes,no,no,yes,yes,no
3624,2318-30,3,INSIZE | اینسایز,اینسایز,2318-30,17,DIAL_INDICATOR,ساعت اندازه‌گیری,ساعت اندازه‌گیری,APPROVED,yes,VARIANT_REQUIRED,metrology_working_range,SUFFIX_GOVERNED,PASS,measurement_range,"{""max"": 30.0, ""min"": 0.0}",0–30 میلی‌متر,721,yes,ساعت اندیکاتور کورس 30 میلی متری اینسایز (Insize) مدل 30-2318,ساعت اندازه‌گیری اینسایز کد 2318-30، 0–30 میلی‌متر,ساعت اندیکاتور کورس 30 میلی متری اینسایز (Insize) مدل 30-2318,ساعت اندازه‌گیری اینسایز کد 2318-30، 0–30 میلی‌متر,HOLD_OEM_SEMANTIC_EVIDENCE_MISSING,accessory_only_occurrence,manufacturer_code_missing|model_to_code_candidate|uses_model_label|wrong_product_type,no,,yes,NO_DIRECT_TITLE_FALLBACK,yes,no,no,yes,yes,no
3625,2114-5F,3,INSIZE | اینسایز,اینسایز,2114-5F,17,DIAL_INDICATOR,ساعت اندازه‌گیری,ساعت اندازه‌گیری,APPROVED,yes,VARIANT_REQUIRED,metrology_working_range,SUFFIX_GOVERNED,PASS,measurement_range,"{""max"": 5.0, ""min"": 0.0}",0–5 میلی‌متر,724,yes,ساعت اندیکاتور دیجیتال دور کوچک اینسایز (Insize) مدل 5F-2114,ساعت اندازه‌گیری اینسایز کد 2114-5F، 0–5 میلی‌متر,ساعت اندیکاتور دیجیتال دور کوچک اینسایز (Insize) مدل 5F-2114,ساعت اندازه‌گیری اینسایز کد 2114-5F، 0–5 میلی‌متر,HOLD_OEM_SEMANTIC_EVIDENCE_MISSING,oem_heading_not_in_canonical_identity_policy,manufacturer_code_missing|model_to_code_candidate|uses_model_label|wrong_product_type,no,,yes,NO_DIRECT_TITLE_FALLBACK,yes,no,no,yes,yes,no
3626,2103-10,3,INSIZE | اینسایز,اینسایز,2103-10,17,DIAL_INDICATOR,ساعت اندازه‌گیری,ساعت اندازه‌گیری,APPROVED,yes,VARIANT_REQUIRED,metrology_working_range,SUFFIX_GOVERNED,PASS,measurement_range,"{""max"": 12.7, ""min"": 0.0}",0–12.7 میلی‌متر,727,yes,ساعت اندیکاتور دیجیتال هزارم اینسایز (insize) مدل 10-2103,ساعت اندازه‌گیری اینسایز کد 2103-10، 0–12.7 میلی‌متر,ساعت اندیکاتور دیجیتال هزارم اینسایز (insize) مدل 10-2103,ساعت اندازه‌گیری اینسایز کد 2103-10، 0–12.7 میلی‌متر,HOLD_OEM_SEMANTIC_EVIDENCE_MISSING,oem_heading_not_in_canonical_identity_policy,manufacturer_code_missing|model_to_code_candidate|uses_model_label|wrong_product_type,no,,yes,NO_DIRECT_TITLE_FALLBACK,yes,no,no,yes,yes,no
3627,2118-10,3,INSIZE | اینسایز,اینسایز,2118-10,17,DIAL_INDICATOR,ساعت اندازه‌گیری,ساعت اندازه‌گیری,APPROVED,yes,VARIANT_REQUIRED,metrology_working_range,SUFFIX_GOVERNED,PASS,measurement_range,"{""max"": 12.7, ""min"": 0.0}",0–12.7 میلی‌متر,730,yes,ساعت اندیکاتور صفحه گردان دیجیتال اینسایز (Insize) مدل 10-2118,ساعت اندازه‌گیری اینسایز کد 2118-10، 0–12.7 میلی‌متر,ساعت اندیکاتور صفحه گردان دیجیتال اینسایز (Insize) مدل 10-2118,ساعت اندازه‌گیری اینسایز کد 2118-10، 0–12.7 میلی‌متر,HOLD_OEM_SEMANTIC_EVIDENCE_MISSING,oem_heading_not_in_canonical_identity_policy,manufacturer_code_missing|model_to_code_candidate|uses_model_label|wrong_product_type,no,,yes,NO_DIRECT_TITLE_FALLBACK,yes,no,no,yes,yes,no
3628,2852-10,3,INSIZE | اینسایز,اینسایز,2852-10,18,BORE_GAUGE,بورگیج / گیج داخل سیلندر,,HOLD,no,VARIANT_REQUIRED,bore_gauge_range_required,,N/A,,,,,no,بورگیج داخل سیلندر اینسایز (insize) 10-6 میلیمتر مدل 10-2852,,بورگیج داخل سیلندر اینسایز (insize) 10-6 میلیمتر مدل 10-2852,,HOLD_PRODUCT_TYPE_NAMING_POLICY,synonym_or_slash_label,manufacturer_code_missing|uses_model_label|wrong_product_type,no,,yes,NO_DIRECT_TITLE_FALLBACK,yes,no,no,yes,yes,no
3629,2322-35,3,INSIZE | اینسایز,اینسایز,2322-35,18,BORE_GAUGE,بورگیج / گیج داخل سیلندر,,HOLD,no,VARIANT_REQUIRED,bore_gauge_range_required,,N/A,,,,,no,بورگیج داخل سیلندر اینسایز (Insize) 35-18 میلی متری مدل 35-2322,,بورگیج داخل سیلندر اینسایز (Insize) 35-18 میلی متری مدل 35-2322,,HOLD_PRODUCT_TYPE_NAMING_POLICY,synonym_or_slash_label,manufacturer_code_missing|uses_model_label|wrong_product_type,no,,yes,NO_DIRECT_TITLE_FALLBACK,no,no,yes,no,no,no
3630,2322-60,3,INSIZE | اینسایز,اینسایز,2322-60,18,BORE_GAUGE,بورگیج / گیج داخل سیلندر,,HOLD,no,VARIANT_REQUIRED,bore_gauge_range_required,,N/A,,,,,no,بورگیج داخل سیلندر اینسایز (Insize) 60-35 میلی متری مدل 60-2322,,بورگیج داخل سیلندر اینسایز (Insize) 60-35 میلی متری مدل 60-2322,,HOLD_PRODUCT_TYPE_NAMING_POLICY,synonym_or_slash_label,manufacturer_code_missing|uses_model_label|wrong_product_type,no,,yes,NO_DIRECT_TITLE_FALLBACK,no,no,yes,no,no,no
3631,2852-18,3,INSIZE | اینسایز,اینسایز,2852-18,18,BORE_GAUGE,بورگیج / گیج داخل سیلندر,,HOLD,no,VARIANT_REQUIRED,bore_gauge_range_required,,N/A,,,,,no,گیج داخل سیلندر اینسایز مدل 2852-18,,گیج داخل سیلندر اینسایز مدل 2852-18,,HOLD_PRODUCT_TYPE_NAMING_POLICY,synonym_or_slash_label,uses_model_label|wrong_product_type,no,,yes,NO_DIRECT_TITLE_FALLBACK,yes,yes,yes,yes,yes,yes
3632,4602-20,3,INSIZE | اینسایز,اینسایز,4602-20,25,FEELER_GAUGE_SET,ست فیلر,ست فیلر,APPROVED,yes,VARIANT_NOT_REQUIRED_APPROVED,feeler_set_identified_by_oem_code; OEM manufacturer_code uniquely identifies commercial model; no single governed specification required for title identity,VARIANT_NOT_REQUIRED_APPROVED,PASS,,,,,no,فیلر 20تیغ 10سانت ( ) 0.05 ~ اینسایز مدل 4602-20,ست فیلر اینسایز کد 4602-20,فیلر 20تیغ 10سانت ( ) 0.05 ~ اینسایز مدل 4602-20,ست فیلر اینسایز کد 4602-20,HOLD_OEM_SEMANTIC_EVIDENCE_MISSING,no_primary_product_occurrence,model_to_code_candidate|uses_model_label|wrong_product_type,no,,yes,NO_DIRECT_TITLE_FALLBACK,yes,yes,yes,yes,yes,yes
3633,1203-1003,3,INSIZE | اینسایز,اینسایز,1203-1003,1,GEN_CALIPER,کولیس عمومی,,HOLD,no,VARIANT_REQUIRED,metrology_caliper_buyer_range,,N/A,,,,,no,کولیس 10 سانتی متر اینسایز مدل 1203-1003,,کولیس 10 سانتی متر اینسایز مدل 1203-1003,,HOLD_PRODUCT_TYPE_NAMING_POLICY,generic_product_type_label,uses_model_label|wrong_product_type,no,,yes,NO_DIRECT_TITLE_FALLBACK,yes,yes,yes,yes,yes,yes
3634,1214-2000,3,INSIZE | اینسایز,اینسایز,1214-2000,1,GEN_CALIPER,کولیس عمومی,,HOLD,no,VARIANT_REQUIRED,metrology_caliper_buyer_range,,N/A,,,,,no,کولیس معمولی اینسایز (Insize) 2 متری استنلیس استیل مدل 2000-1214,,کولیس معمولی اینسایز (Insize) 2 متری استنلیس استیل مدل 2000-1214,,HOLD_PRODUCT_TYPE_NAMING_POLICY,generic_product_type_label,manufacturer_code_missing|uses_model_label|wrong_product_type,no,,yes,NO_DIRECT_TITLE_FALLBACK,yes,no,no,yes,yes,no
3635,1150-1000,3,INSIZE | اینسایز,اینسایز,1150-1000,14,HEIGHT_GAUGE,ارتفاع‌سنج,ارتفاع‌سنج,APPROVED,yes,VARIANT_REQUIRED,metrology_working_range,SUFFIX_GOVERNED,PASS,measurement_range,"{""max"": 1000.0, ""min"": 0.0}",0–1000 میلی‌متر,637,yes,کولیس دیجیتال اینسایز (Insize) 1 متری پایه دار مدل 1000-1150,ارتفاع‌سنج اینسایز کد 1150-1000، 0–1000 میلی‌متر,کولیس دیجیتال اینسایز (Insize) 1 متری پایه دار مدل 1000-1150,ارتفاع‌سنج اینسایز کد 1150-1000، 0–1000 میلی‌متر,HOLD_OEM_SEMANTIC_EVIDENCE_MISSING,ambiguous_headings:DIGITAL HEIGHT GAUGES;SCRIBERS FOR HEIGHT GAUGES,manufacturer_code_missing|model_to_code_candidate|uses_model_label|wrong_product_type,no,,yes,NO_DIRECT_TITLE_FALLBACK,yes,no,no,yes,yes,no
3636,1140-25,3,INSIZE | اینسایز,اینسایز,1140-25,2,DEPTH_GAUGE,عمق‌سنج,عمق‌سنج,APPROVED,yes,VARIANT_REQUIRED,metrology_working_range,SUFFIX_GOVERNED,PASS,measurement_range,"{""max"": 25.0, ""min"": 0.0}",0–25 میلی‌متر,598,yes,کولیس دیجیتال اینسایز (Insize) 2.5 سانتی متر عمق سنج مدل 25-1140,عمق‌سنج اینسایز کد 1140-25، 0–25 میلی‌متر,کولیس دیجیتال اینسایز (Insize) 2.5 سانتی متر عمق سنج مدل 25-1140,عمق‌سنج اینسایز کد 1140-25، 0–25 میلی‌متر,HOLD_OEM_SEMANTIC_EVIDENCE_MISSING,accessory_only_occurrence,manufacturer_code_missing|model_to_code_candidate|uses_model_label|wrong_product_type,no,,yes,NO_DIRECT_TITLE_FALLBACK,yes,no,no,yes,yes,no
3637,2871-10,3,INSIZE | اینسایز,اینسایز,2871-10,23,THICKNESS_GAUGE,ضخامت‌سنج,ضخامت‌سنج,APPROVED,yes,VARIANT_REQUIRED,metrology_working_range,SUFFIX_GOVERNED,PASS,measurement_range,"{""max"": 10.0, ""min"": 0.0}",0–10 میلی‌متر,1102,yes,ضخامت سنج دیجیتال اینسایز مدل 2871-10,ضخامت‌سنج اینسایز کد 2871-10، 0–10 میلی‌متر,ضخامت سنج دیجیتال اینسایز مدل 2871-10,ضخامت‌سنج اینسایز کد 2871-10، 0–10 میلی‌متر,HOLD_OEM_SEMANTIC_EVIDENCE_MISSING,accessory_only_occurrence,model_to_code_candidate|uses_model_label|wrong_product_type,no,,yes,NO_DIRECT_TITLE_FALLBACK,yes,yes,yes,yes,yes,yes
3638,2872-10,3,INSIZE | اینسایز,اینسایز,2872-10,23,THICKNESS_GAUGE,ضخامت‌سنج,ضخامت‌سنج,APPROVED,yes,VARIANT_REQUIRED,metrology_working_range,SUFFIX_GOVERNED,PASS,measurement_range,"{""max"": 10.0, ""min"": 0.0}",0–10 میلی‌متر,1105,yes,ضخامت سنج دیجیتال بازو بلند 10-0 میلی متری اینسایز (Insize) مدل 10-2872,ضخامت‌سنج اینسایز کد 2872-10، 0–10 میلی‌متر,ضخامت سنج دیجیتال بازو بلند 10-0 میلی متری اینسایز (Insize) مدل 10-2872,ضخامت‌سنج اینسایز کد 2872-10، 0–10 میلی‌متر,HOLD_OEM_SEMANTIC_EVIDENCE_MISSING,accessory_only_occurrence,manufacturer_code_missing|model_to_code_candidate|uses_model_label|wrong_product_type,no,,yes,NO_DIRECT_TITLE_FALLBACK,no,no,no,no,no,no
3640,3210-75,3,INSIZE | اینسایز,اینسایز,3210-75,13,OUTSIDE_MICROMETER,میکرومتر خارج‌سنج,میکرومتر خارج‌سنج,APPROVED,yes,VARIANT_REQUIRED,metrology_micrometer_buyer_range,SUFFIX_GOVERNED,PASS,measurement_range,"{""max"": 75.0, ""min"": 50.0}",50–75 میلی‌متر,463,yes,میکرومتر اینسایز (Insize) 75-50 میلی متر خارج سنج مدل 75-3210,میکرومتر خارج‌سنج اینسایز کد 3210-75، 50–75 میلی‌متر,میکرومتر اینسایز (Insize) 75-50 میلی متر خارج سنج مدل 75-3210,میکرومتر خارج‌سنج اینسایز کد 3210-75، 50–75 میلی‌متر,HOLD_OEM_SEMANTIC_EVIDENCE_MISSING,no_identity_registry_entry,manufacturer_code_missing|model_to_code_candidate|uses_model_label|wrong_product_type,no,,yes,NO_DIRECT_TITLE_FALLBACK,no,no,no,no,no,no
3641,3109-75,3,INSIZE | اینسایز,اینسایز,3109-75,13,OUTSIDE_MICROMETER,میکرومتر خارج‌سنج,میکرومتر خارج‌سنج,APPROVED,yes,VARIANT_REQUIRED,metrology_micrometer_buyer_range,SUFFIX_GOVERNED,PASS,measurement_range,"{""max"": 75.0, ""min"": 50.0}",50–75 میلی‌متر,466,yes,میکرومتر دیجیتال اینسایز (Insize) 75-50 میلی متر خارج سنج مدل 75-3109,میکرومتر خارج‌سنج اینسایز کد 3109-75، 50–75 میلی‌متر,میکرومتر دیجیتال اینسایز (Insize) 75-50 میلی متر خارج سنج مدل 75-3109,میکرومتر خارج‌سنج اینسایز کد 3109-75، 50–75 میلی‌متر,HOLD_OEM_SEMANTIC_EVIDENCE_MISSING,no_identity_registry_entry,manufacturer_code_missing|model_to_code_candidate|uses_model_label|wrong_product_type,no,,yes,NO_DIRECT_TITLE_FALLBACK,no,no,yes,no,no,no
3642,3291-25,3,INSIZE | اینسایز,اینسایز,3291-25,13,OUTSIDE_MICROMETER,میکرومتر خارج‌سنج,میکرومتر خارج‌سنج,APPROVED,yes,VARIANT_REQUIRED,metrology_micrometer_buyer_range,SUFFIX_GOVERNED,PASS,measurement_range,"{""max"": 25.0, ""min"": 0.0}",0–25 میلی‌متر,469,yes,میکرومتر اینسایز (Insize) 25-0 میلی متر گام پیچ مدل 25-3291,میکرومتر خارج‌سنج اینسایز کد 3291-25، 0–25 میلی‌متر,میکرومتر اینسایز (Insize) 25-0 میلی متر گام پیچ مدل 25-3291,میکرومتر خارج‌سنج اینسایز کد 3291-25، 0–25 میلی‌متر,HOLD_OEM_SEMANTIC_EVIDENCE_MISSING,accessory_only_occurrence,manufacturer_code_missing|model_to_code_candidate|uses_model_label|wrong_product_type,no,,yes,NO_DIRECT_TITLE_FALLBACK,yes,no,no,yes,yes,no
3643,3232-75,3,INSIZE | اینسایز,اینسایز,3232-75,13,OUTSIDE_MICROMETER,میکرومتر خارج‌سنج,میکرومتر خارج‌سنج,APPROVED,yes,VARIANT_REQUIRED,metrology_micrometer_buyer_range,SUFFIX_GOVERNED,PASS,measurement_range,"{""max"": 75.0, ""min"": 50.0}",50–75 میلی‌متر,472,yes,میکرومتر اینسایز (Insize) 75-50 میلی متر نوک پیچ گوشتی مدل 75-3232,میکرومتر خارج‌سنج اینسایز کد 3232-75، 50–75 میلی‌متر,میکرومتر اینسایز (Insize) 75-50 میلی متر نوک پیچ گوشتی مدل 75-3232,میکرومتر خارج‌سنج اینسایز کد 3232-75، 50–75 میلی‌متر,HOLD_OEM_SEMANTIC_EVIDENCE_MISSING,no_identity_registry_entry,manufacturer_code_missing|model_to_code_candidate|uses_model_label|wrong_product_type,no,,yes,NO_DIRECT_TITLE_FALLBACK,no,no,no,no,no,no
3644,3108-75,3,INSIZE | اینسایز,اینسایز,3108-75,13,OUTSIDE_MICROMETER,میکرومتر خارج‌سنج,میکرومتر خارج‌سنج,APPROVED,yes,VARIANT_REQUIRED,metrology_micrometer_buyer_range,SUFFIX_GOVERNED,PASS,measurement_range,"{""max"": 75.0, ""min"": 50.0}",50–75 میلی‌متر,475,yes,میکرومتر دیجیتال اینسایز (Insize) 75-50 میلی متر خارج سنج مدل 75-3108,میکرومتر خارج‌سنج اینسایز کد 3108-75، 50–75 میلی‌متر,میکرومتر دیجیتال اینسایز (Insize) 75-50 میلی متر خارج سنج مدل 75-3108,میکرومتر خارج‌سنج اینسایز کد 3108-75، 50–75 میلی‌متر,HOLD_OEM_SEMANTIC_EVIDENCE_MISSING,no_identity_registry_entry,manufacturer_code_missing|model_to_code_candidate|uses_model_label|wrong_product_type,no,,yes,NO_DIRECT_TITLE_FALLBACK,no,no,no,no,no,no
3645,3520-30,3,INSIZE | اینسایز,اینسایز,3520-30,19,INSIDE_MICROMETER,میکرومتر داخل‌سنج,میکرومتر داخل‌سنج,APPROVED,yes,VARIANT_REQUIRED,metrology_micrometer_buyer_range,SUFFIX_GOVERNED,PASS,measurement_range,"{""max"": 30.0, ""min"": 5.0}",5–30 میلی‌متر,922,yes,میکرومتر دیجیتال اینسایز (Insize) 5-30 میلی متر داخل سنج مدل 30-3520,میکرومتر داخل‌سنج اینسایز کد 3520-30، 5–30 میلی‌متر,میکرومتر دیجیتال اینسایز (Insize) 5-30 میلی متر داخل سنج مدل 30-3520,میکرومتر داخل‌سنج اینسایز کد 3520-30، 5–30 میلی‌متر,HOLD_OEM_SEMANTIC_EVIDENCE_MISSING,accessory_only_occurrence,manufacturer_code_missing|model_to_code_candidate|uses_model_label|wrong_product_type,no,,yes,NO_DIRECT_TITLE_FALLBACK,yes,no,no,yes,yes,no
3646,3222-1000,3,INSIZE | اینسایز,اینسایز,3222-1000,19,INSIDE_MICROMETER,میکرومتر داخل‌سنج,میکرومتر داخل‌سنج,APPROVED,yes,VARIANT_REQUIRED,metrology_micrometer_buyer_range,SUFFIX_GOVERNED,PASS,measurement_range,"{""max"": 1000.0, ""min"": 50.0}",50–1000 میلی‌متر,997,yes,میکرومتر اینسایز (Insize) 1000-50 میلی متر داخل سنج لوله‌ای مدل 1000-3222,میکرومتر داخل‌سنج اینسایز کد 3222-1000، 50–1000 میلی‌متر,میکرومتر اینسایز (Insize) 1000-50 میلی متر داخل سنج لوله‌ای مدل 1000-3222,میکرومتر داخل‌سنج اینسایز کد 3222-1000، 50–1000 میلی‌متر,HOLD_OEM_SEMANTIC_EVIDENCE_MISSING,accessory_only_occurrence,manufacturer_code_missing|model_to_code_candidate|uses_model_label|wrong_product_type,no,,yes,NO_DIRECT_TITLE_FALLBACK,yes,no,no,yes,yes,no
3648,3594-50,3,INSIZE | اینسایز,اینسایز,3594-50,13,OUTSIDE_MICROMETER,میکرومتر خارج‌سنج,میکرومتر خارج‌سنج,APPROVED,yes,VARIANT_REQUIRED,metrology_micrometer_buyer_range,SUFFIX_GOVERNED,PASS,measurement_range,"{""max"": 50.0, ""min"": 25.0}",25–50 میلی‌متر,478,yes,میکرومتر دیجیتال اینسایز (Insize) 50-25 میلی متر دیسکی مدل 50-3594,میکرومتر خارج‌سنج اینسایز کد 3594-50، 25–50 میلی‌متر,میکرومتر دیجیتال اینسایز (Insize) 50-25 میلی متر دیسکی مدل 50-3594,میکرومتر خارج‌سنج اینسایز کد 3594-50، 25–50 میلی‌متر,HOLD_OEM_SEMANTIC_EVIDENCE_MISSING,no_identity_registry_entry,manufacturer_code_missing|model_to_code_candidate|uses_model_label|wrong_product_type,no,,yes,NO_DIRECT_TITLE_FALLBACK,no,no,no,no,no,no
3649,3127-16,3,INSIZE | اینسایز,اینسایز,3127-16,19,INSIDE_MICROMETER,میکرومتر داخل‌سنج,میکرومتر داخل‌سنج,APPROVED,yes,VARIANT_REQUIRED,metrology_micrometer_buyer_range,SUFFIX_GOVERNED,PASS,measurement_range,"{""max"": 16.0, ""min"": 12.0}",12–16 میلی‌متر,925,yes,میکرومتر دیجیتال اینسایز (Insize) 16-12 میلی متر داخل سنج سه فک مدل 16-3127,میکرومتر داخل‌سنج اینسایز کد 3127-16، 12–16 میلی‌متر,میکرومتر دیجیتال اینسایز (Insize) 16-12 میلی متر داخل سنج سه فک مدل 16-3127,میکرومتر داخل‌سنج اینسایز کد 3127-16، 12–16 میلی‌متر,HOLD_OEM_SEMANTIC_EVIDENCE_MISSING,no_primary_product_occurrence,manufacturer_code_missing|model_to_code_candidate|uses_model_label|wrong_product_type,no,,yes,NO_DIRECT_TITLE_FALLBACK,yes,no,no,yes,yes,no
3650,7350-35,3,INSIZE | اینسایز,اینسایز,7350-35,,,,,,no,,,,N/A,,,,,no,ست رابط گیج داخل سیلندر 35-18 میلی متری اینسایز (Insize) مدل 35-7350,,ست رابط گیج داخل سیلندر 35-18 میلی متری اینسایز (Insize) مدل 35-7350,,HOLD_MISSING_PRODUCT_TYPE,product_type_id_null,manufacturer_code_missing|uses_model_label,no,,yes,NO_DIRECT_TITLE_FALLBACK,yes,no,no,yes,yes,no
3651,7350-60,3,INSIZE | اینسایز,اینسایز,7350-60,,,,,,no,,,,N/A,,,,,no,ست رابط گیج داخل سیلندر 60-35 میلی متری اینسایز (Insize) مدل 60-7350,,ست رابط گیج داخل سیلندر 60-35 میلی متری اینسایز (Insize) مدل 60-7350,,HOLD_MISSING_PRODUCT_TYPE,product_type_id_null,manufacturer_code_missing|uses_model_label,no,,yes,NO_DIRECT_TITLE_FALLBACK,yes,no,no,yes,yes,no
3652,3127-1004,3,INSIZE | اینسایز,اینسایز,3127-1004,,,,,,no,,,,N/A,,,,,no,میکرومتر دیجیتال اینسایز (Insize) 100-50 میلی متر داخل سنج سه فک مدل 1004-3127,,میکرومتر دیجیتال اینسایز (Insize) 100-50 میلی متر داخل سنج سه فک مدل 1004-3127,,HOLD_MISSING_PRODUCT_TYPE,product_type_id_null,manufacturer_code_missing|uses_model_label,no,,yes,NO_DIRECT_TITLE_FALLBACK,yes,no,no,yes,yes,no
3653,4100-18,3,INSIZE | اینسایز,اینسایز,4100-18,,,,,,no,,,,N/A,,,,,no,گیج بلوک (راپورتر) 8 پارچه اینسایز (Insize) مدل 18-4100,,گیج بلوک (راپورتر) 8 پارچه اینسایز (Insize) مدل 18-4100,,HOLD_MISSING_PRODUCT_TYPE,product_type_id_null,manufacturer_code_missing|uses_model_label,no,,yes,NO_DIRECT_TITLE_FALLBACK,yes,no,no,yes,yes,no
3654,4100-1112,3,INSIZE | اینسایز,اینسایز,4100-1112,,,,,,no,,,,N/A,,,,,no,گیج بلوک (راپورتر) 112 پارچه اینسایز (Insize) مدل 1112-4100,,گیج بلوک (راپورتر) 112 پارچه اینسایز (Insize) مدل 1112-4100,,HOLD_MISSING_PRODUCT_TYPE,product_type_id_null,manufacturer_code_missing|uses_model_label,no,,yes,NO_DIRECT_TITLE_FALLBACK,yes,no,no,yes,yes,no
3655,4790-0200,3,INSIZE | اینسایز,اینسایز,4790-0200,35,ENGINEERS_SQUARE,گونیا مهندسی,گونیا مهندسی,APPROVED,yes,VARIANT_NOT_REQUIRED_APPROVED,OEM manufacturer_code identifies square size family; no governed range fact contract,VARIANT_NOT_REQUIRED_APPROVED,PASS,,,,,no,گونیا مویی 20 سانتی دقیق اینسایز (Insize) مدل 0200-4790,گونیا مهندسی اینسایز کد 4790-0200,گونیا مویی 20 سانتی دقیق اینسایز (Insize) مدل 0200-4790,گونیا مهندسی اینسایز کد 4790-0200,HOLD_OEM_SEMANTIC_EVIDENCE_MISSING,accessory_only_occurrence,manufacturer_code_missing|model_to_code_candidate|uses_model_label|wrong_product_type,no,,yes,NO_DIRECT_TITLE_FALLBACK,yes,no,no,yes,yes,no
3656,4760-1200,3,INSIZE | اینسایز,اینسایز,4760-1200,35,ENGINEERS_SQUARE,گونیا مهندسی,گونیا مهندسی,APPROVED,yes,VARIANT_NOT_REQUIRED_APPROVED,OEM manufacturer_code identifies square size family; no governed range fact contract,VARIANT_NOT_REQUIRED_APPROVED,PASS,,,,,no,گونیا صنعتی 60 درجه اینسایز (Insize) مدل 1200-4760,گونیا مهندسی اینسایز کد 4760-1200,گونیا صنعتی 60 درجه اینسایز (Insize) مدل 1200-4760,گونیا مهندسی اینسایز کد 4760-1200,HOLD_OEM_SEMANTIC_EVIDENCE_MISSING,accessory_only_occurrence,manufacturer_code_missing|model_to_code_candidate|uses_model_label|wrong_product_type,no,,yes,NO_DIRECT_TITLE_FALLBACK,yes,no,no,yes,yes,no
3657,4605-20,3,INSIZE | اینسایز,اینسایز,4605-20,25,FEELER_GAUGE_SET,ست فیلر,ست فیلر,APPROVED,yes,VARIANT_NOT_REQUIRED_APPROVED,feeler_set_identified_by_oem_code; OEM manufacturer_code uniquely identifies commercial model; no single governed specification required for title identity,VARIANT_NOT_REQUIRED_APPROVED,PASS,,,,,no,فیلر 20 تیغه 15 سانتی متری اینسایز (Insize) مدل 20-4605,ست فیلر اینسایز کد 4605-20,فیلر 20 تیغه 15 سانتی متری اینسایز (Insize) مدل 20-4605,ست فیلر اینسایز کد 4605-20,HOLD_OEM_SEMANTIC_EVIDENCE_MISSING,accessory_only_occurrence,manufacturer_code_missing|model_to_code_candidate|uses_model_label|wrong_product_type,no,,yes,NO_DIRECT_TITLE_FALLBACK,yes,no,yes,yes,yes,no
3658,4621-12,3,INSIZE | اینسایز,اینسایز,4621-12,26,FEELER_GAUGE,فیلر نواری,فیلر نواری,APPROVED,yes,VARIANT_NOT_REQUIRED_APPROVED,feeler_blade_set_identified_by_oem_code; OEM manufacturer_code uniquely identifies commercial model; no single governed specification required for title identity,VARIANT_NOT_REQUIRED_APPROVED,PASS,,,,,no,فیلر نواری 5متری اینسایز مدل 4621-12,فیلر نواری اینسایز کد 4621-12,فیلر نواری 5متری اینسایز مدل 4621-12,فیلر نواری اینسایز کد 4621-12,HOLD_OEM_SEMANTIC_EVIDENCE_MISSING,accessory_only_occurrence,model_to_code_candidate|uses_model_label,no,,yes,NO_DIRECT_TITLE_FALLBACK,yes,yes,yes,yes,yes,yes
3660,4621-60,3,INSIZE | اینسایز,اینسایز,4621-60,26,FEELER_GAUGE,فیلر نواری,فیلر نواری,APPROVED,yes,VARIANT_NOT_REQUIRED_APPROVED,feeler_blade_set_identified_by_oem_code; OEM manufacturer_code uniquely identifies commercial model; no single governed specification required for title identity,VARIANT_NOT_REQUIRED_APPROVED,PASS,,,,,no,فیلر نواری 5متری اینسایز مدل 4621-60,فیلر نواری اینسایز کد 4621-60,فیلر نواری 5متری اینسایز مدل 4621-60,فیلر نواری اینسایز کد 4621-60,HOLD_OEM_SEMANTIC_EVIDENCE_MISSING,accessory_only_occurrence,model_to_code_candidate|uses_model_label,no,,yes,NO_DIRECT_TITLE_FALLBACK,yes,yes,yes,yes,yes,yes
3662,4780-85,3,INSIZE | اینسایز,اینسایز,4780-85,20,PROTRACTOR,زاویه‌سنج,زاویه‌سنج,APPROVED,yes,VARIANT_NOT_REQUIRED_APPROVED,OEM manufacturer_code identifies protractor model; angle range not in KB contract,VARIANT_NOT_REQUIRED_APPROVED,PASS,,,,,no,زاویه سنج ساده اینسایز (Insize) مدل 85-4780,زاویه‌سنج اینسایز کد 4780-85,زاویه سنج ساده اینسایز (Insize) مدل 85-4780,زاویه‌سنج اینسایز کد 4780-85,HOLD_OEM_SEMANTIC_EVIDENCE_MISSING,no_identity_registry_entry,manufacturer_code_missing|model_to_code_candidate|uses_model_label|wrong_product_type,no,,yes,NO_DIRECT_TITLE_FALLBACK,no,no,yes,no,no,no
3676,4833-1,3,INSIZE | اینسایز,اینسایز,4833-1,31,TAPER_GAUGE,گیج مخروطی / شیار,,HOLD,no,HOLD_VARIANT_POLICY_UNDEFINED,taper_gauge_title_pending,,N/A,,,,,no,گپ سنج 0.8 - 15میلیمتر اینسایز مدل 4833-1,,گپ سنج 0.8 - 15میلیمتر اینسایز مدل 4833-1,,HOLD_PRODUCT_TYPE_NAMING_POLICY,synonym_or_slash_label,uses_model_label|wrong_product_type,no,,yes,NO_DIRECT_TITLE_FALLBACK,yes,yes,yes,yes,yes,yes
3678,4838-1,3,INSIZE | اینسایز,اینسایز,4838-1,54,WELDING_GAUGE,گیج جوش,گیج جوش,APPROVED,yes,VARIANT_NOT_REQUIRED_APPROVED,OEM manufacturer_code identifies welding gauge template; OEM manufacturer_code uniquely identifies commercial model; no single governed specification required for title identity,VARIANT_NOT_REQUIRED_APPROVED,PASS,,,,,no,گیج جوشکاری اینسایز مدل 4838-1,گیج جوش اینسایز کد 4838-1,گیج جوشکاری اینسایز مدل 4838-1,گیج جوش اینسایز کد 4838-1,READY_RENAME,governed_canonical_name_ready,model_to_code_candidate|uses_model_label,no,,yes,NO_DIRECT_TITLE_FALLBACK,yes,yes,yes,yes,yes,yes
3680,4836-1,3,INSIZE | اینسایز,اینسایز,4836-1,48,FILLET_WELD_GAUGE,گیج جوش نبشی,گیج جوش نبشی,APPROVED,yes,VARIANT_NOT_REQUIRED_APPROVED,OEM manufacturer_code identifies weld gauge template; OEM manufacturer_code uniquely identifies commercial model; no single governed specification required for title identity,VARIANT_NOT_REQUIRED_APPROVED,PASS,,,,,no,گیج جوش فلت اینسایز (Insize) مدل 1-4836,گیج جوش نبشی اینسایز کد 4836-1,گیج جوش فلت اینسایز (Insize) مدل 1-4836,گیج جوش نبشی اینسایز کد 4836-1,READY_RENAME,governed_canonical_name_ready,manufacturer_code_missing|model_to_code_candidate|uses_model_label|wrong_product_type,no,,yes,NO_DIRECT_TITLE_FALLBACK,yes,no,no,yes,yes,no
3682,4842-1,3,INSIZE | اینسایز,اینسایز,4842-1,38,ANGLE_GAUGE,گیج زاویه,گیج زاویه,APPROVED,yes,VARIANT_NOT_REQUIRED_APPROVED,angle_gauge_oem_identity_sufficient; OEM manufacturer_code uniquely identifies commercial model; no single governed specification required for title identity,VARIANT_NOT_REQUIRED_APPROVED,PASS,,,,,no,شابلون مته ( زاویه های مختلف ) اینسایز مدل 4842-1,گیج زاویه اینسایز کد 4842-1,شابلون مته ( زاویه های مختلف ) اینسایز مدل 4842-1,گیج زاویه اینسایز کد 4842-1,HOLD_OEM_SEMANTIC_EVIDENCE_MISSING,oem_heading_not_in_canonical_identity_policy,model_to_code_candidate|uses_model_label|wrong_product_type,no,,yes,NO_DIRECT_TITLE_FALLBACK,yes,yes,yes,yes,yes,yes
3684,4843-1,3,INSIZE | اینسایز,اینسایز,4843-1,38,ANGLE_GAUGE,گیج زاویه,گیج زاویه,APPROVED,yes,VARIANT_NOT_REQUIRED_APPROVED,angle_gauge_oem_identity_sufficient; OEM manufacturer_code uniquely identifies commercial model; no single governed specification required for title identity,VARIANT_NOT_REQUIRED_APPROVED,PASS,,,,,no,شابلون مته 118 درجه اینسایز (Insize) مدل 1-4843,گیج زاویه اینسایز کد 4843-1,شابلون مته 118 درجه اینسایز (Insize) مدل 1-4843,گیج زاویه اینسایز کد 4843-1,HOLD_OEM_SEMANTIC_EVIDENCE_MISSING,oem_heading_not_in_canonical_identity_policy,manufacturer_code_missing|model_to_code_candidate|uses_model_label|wrong_product_type,no,,yes,NO_DIRECT_TITLE_FALLBACK,yes,no,no,yes,yes,no
3685,4824-16,3,INSIZE | اینسایز,اینسایز,4824-16,46,THREAD_PITCH_GAUGE,شابلون گام رزوه,شابلون گام رزوه,APPROVED,yes,VARIANT_NOT_REQUIRED_APPROVED,OEM manufacturer_code identifies thread pitch template; OEM manufacturer_code uniquely identifies commercial model; no single governed specification required for title identity,VARIANT_NOT_REQUIRED_APPROVED,PASS,,,,,no,شابلون ذوزنقه 1 - 12اینچ اینسایز مدل 4824-16,شابلون گام رزوه اینسایز کد 4824-16,شابلون ذوزنقه 1 - 12اینچ اینسایز مدل 4824-16,شابلون گام رزوه اینسایز کد 4824-16,HOLD_OEM_SEMANTIC_EVIDENCE_MISSING,accessory_only_occurrence,model_to_code_candidate|uses_model_label|wrong_product_type,no,,yes,NO_DIRECT_TITLE_FALLBACK,yes,yes,yes,yes,yes,yes
3686,6211-10,3,INSIZE | اینسایز,اینسایز,6211-10,,,,,,no,,,,N/A,,,,,no,پایه ساعت کوچک ده کیلویی اینسایز (Insize) مدل 10-6211,,پایه ساعت کوچک ده کیلویی اینسایز (Insize) مدل 10-6211,,HOLD_MISSING_PRODUCT_TYPE,product_type_id_null,manufacturer_code_missing|uses_model_label,no,,yes,NO_DIRECT_TITLE_FALLBACK,yes,no,no,yes,yes,no
3688,6900-1106,3,INSIZE | اینسایز,اینسایز,6900-1106,45,SURFACE_PLATE,صفحه صافی,صفحه صافی,APPROVED,no,HOLD_VARIANT_POLICY_UNDEFINED,workholding_variant_policy_pending_owner,HOLD_VARIANT_POLICY_UNDEFINED,N/A,,,,,no,صفحه صافی گرانیت 140*630*1000 میلی متری اینسایز (insize) مدل 1106-6900,,صفحه صافی گرانیت 140*630*1000 میلی متری اینسایز (insize) مدل 1106-6900,,HOLD_VARIANT_POLICY_UNDEFINED,workholding_variant_policy_pending_owner,manufacturer_code_missing|uses_model_label,no,,yes,NO_DIRECT_TITLE_FALLBACK,yes,no,no,yes,yes,no
3689,6902-85,3,INSIZE | اینسایز,اینسایز,6902-85,,,,,,no,,,,N/A,,,,,no,میز صفحه صافی 100*500*800 اینسایز (Insize) مدل 85-6902,,میز صفحه صافی 100*500*800 اینسایز (Insize) مدل 85-6902,,HOLD_MISSING_PRODUCT_TYPE,product_type_id_null,manufacturer_code_missing|uses_model_label,no,,yes,NO_DIRECT_TITLE_FALLBACK,no,no,yes,no,no,no
3692,7111-1000,3,INSIZE | اینسایز,اینسایز,7111-1000,,,,,,no,,,,N/A,,,,,no,خط کش تاپ سیلندر 1 متری اینسایز (Insize) مدل 1000-7111,,خط کش تاپ سیلندر 1 متری اینسایز (Insize) مدل 1000-7111,,HOLD_MISSING_PRODUCT_TYPE,product_type_id_null,manufacturer_code_missing|uses_model_label,no,,yes,NO_DIRECT_TITLE_FALLBACK,no,no,yes,no,no,no
3707,7523-3D5,3,INSIZE | اینسایز,اینسایز,7523-3D5,,,,,,no,,,,N/A,,,,,no,عینک ذره بینی اینسایز مدل 7523-3D5,,عینک ذره بینی اینسایز مدل 7523-3D5,,HOLD_MISSING_PRODUCT_TYPE,product_type_id_null,uses_model_label,no,,yes,NO_DIRECT_TITLE_FALLBACK,yes,yes,yes,yes,yes,yes
3717,6354-25W,3,INSIZE | اینسایز,اینسایز,6354-25W,13,OUTSIDE_MICROMETER,میکرومتر خارج‌سنج,میکرومتر خارج‌سنج,APPROVED,yes,VARIANT_REQUIRED,metrology_micrometer_buyer_range,SUFFIX_GOVERNED,PASS,measurement_range,"{""max"": 25.0, ""min"": 0.0}",0–25 میلی‌متر,481,yes,هد میکرومتر دیجیتال اینسایز (Insize) 25-0 میلی متر مدل 25W-6354,میکرومتر خارج‌سنج اینسایز کد 6354-25W، 0–25 میلی‌متر,هد میکرومتر دیجیتال اینسایز (Insize) 25-0 میلی متر مدل 25W-6354,میکرومتر خارج‌سنج اینسایز کد 6354-25W، 0–25 میلی‌متر,HOLD_OEM_SEMANTIC_EVIDENCE_MISSING,oem_heading_not_in_canonical_identity_policy,manufacturer_code_missing|model_to_code_candidate|uses_model_label|wrong_product_type,no,,yes,NO_DIRECT_TITLE_FALLBACK,yes,no,no,yes,yes,no
3718,6566-3,3,INSIZE | اینسایز,اینسایز,6566-3,,,,,,no,,,,N/A,,,,,no,تاچ پراب یا مرکز یاب نوری/ بوقی الکترونیکی اینسایز (Insize) مدل 3-6566,,تاچ پراب یا مرکز یاب نوری/ بوقی الکترونیکی اینسایز (Insize) مدل 3-6566,,HOLD_MISSING_PRODUCT_TYPE,product_type_id_null,manufacturer_code_missing|uses_model_label,no,,yes,NO_DIRECT_TITLE_FALLBACK,yes,no,yes,yes,yes,no
3720,9341-50,3,INSIZE | اینسایز,اینسایز,9341-50,67,MOISTURE_METER,رطوبت‌سنج,رطوبت‌سنج,APPROVED,yes,VARIANT_NOT_REQUIRED_APPROVED,OEM manufacturer_code identifies moisture meter model; OEM manufacturer_code uniquely identifies commercial model; no single governed specification required for title identity,VARIANT_NOT_REQUIRED_APPROVED,PASS,,,,,no,رطوبت سنج چوب اینسایز (Insize) مدل 50-9341,رطوبت‌سنج اینسایز کد 9341-50,رطوبت سنج چوب اینسایز (Insize) مدل 50-9341,رطوبت‌سنج اینسایز کد 9341-50,READY_RENAME,governed_canonical_name_ready,manufacturer_code_missing|model_to_code_candidate|uses_model_label|wrong_product_type,no,,yes,NO_DIRECT_TITLE_FALLBACK,yes,no,no,yes,yes,no
3721,8003-3,3,INSIZE | اینسایز,اینسایز,8003-3,40,DIGITAL_SCALE,ترازوی دیجیتال,ترازوی دیجیتال,APPROVED,yes,VARIANT_NOT_REQUIRED_APPROVED,OEM manufacturer_code identifies digital scale model; OEM manufacturer_code uniquely identifies commercial model; no single governed specification required for title identity,VARIANT_NOT_REQUIRED_APPROVED,PASS,,,,,no,ترازو دیجیتال 2گرم تا 3کیلوگرم اینسایز مدل 8003-3,ترازوی دیجیتال اینسایز کد 8003-3,ترازو دیجیتال 2گرم تا 3کیلوگرم اینسایز مدل 8003-3,ترازوی دیجیتال اینسایز کد 8003-3,READY_RENAME,governed_canonical_name_ready,model_to_code_candidate|uses_model_label|wrong_product_type,no,,yes,NO_DIRECT_TITLE_FALLBACK,yes,yes,yes,yes,yes,yes
3732,6284-82,3,INSIZE | اینسایز,اینسایز,6284-82,,,,,,no,,,,N/A,,,,,no,پراب ساعت شیطانکی بلند اینسایز مدل 6284-82,,پراب ساعت شیطانکی بلند اینسایز مدل 6284-82,,HOLD_MISSING_PRODUCT_TYPE,product_type_id_null,uses_model_label,no,,yes,NO_DIRECT_TITLE_FALLBACK,yes,yes,yes,yes,yes,yes
3733,4120-4,3,INSIZE | اینسایز,اینسایز,4120-4,32,THREAD_RING_GAUGE,گیج رینگی رزوه,گیج رینگی رزوه,APPROVED,yes,VARIANT_REQUIRED,gauge_nominal_size,HOLD_MISSING_VARIANT_FACT,N/A,nominal_size,,,,no,گیج رینگی برو 0.7 – 4 میلی متری اینسایز (Insize) مدل 4-4120,,گیج رینگی برو 0.7 – 4 میلی متری اینسایز (Insize) مدل 4-4120,,HOLD_MISSING_VARIANT_FACT,required_published_variant_fact_missing,manufacturer_code_missing|uses_model_label|wrong_product_type,no,,yes,NO_DIRECT_TITLE_FALLBACK,no,no,no,no,no,no
3735,4120-4N,3,INSIZE | اینسایز,اینسایز,4120-4N,32,THREAD_RING_GAUGE,گیج رینگی رزوه,گیج رینگی رزوه,APPROVED,yes,VARIANT_REQUIRED,gauge_nominal_size,HOLD_MISSING_VARIANT_FACT,N/A,nominal_size,,,,no,گیج رینگی نرو 0.7 – 4 میلی متری اینسایز (Insize) مدل 4N-4120,,گیج رینگی نرو 0.7 – 4 میلی متری اینسایز (Insize) مدل 4N-4120,,HOLD_MISSING_VARIANT_FACT,required_published_variant_fact_missing,manufacturer_code_missing|uses_model_label|wrong_product_type,no,,yes,NO_DIRECT_TITLE_FALLBACK,no,no,no,no,no,no
3737,4120-5,3,INSIZE | اینسایز,اینسایز,4120-5,32,THREAD_RING_GAUGE,گیج رینگی رزوه,گیج رینگی رزوه,APPROVED,yes,VARIANT_REQUIRED,gauge_nominal_size,HOLD_MISSING_VARIANT_FACT,N/A,nominal_size,,,,no,گیج رینگی برو 0.8 – 5 میلی متری اینسایز (Insize) مدل 5-4120,,گیج رینگی برو 0.8 – 5 میلی متری اینسایز (Insize) مدل 5-4120,,HOLD_MISSING_VARIANT_FACT,required_published_variant_fact_missing,manufacturer_code_missing|uses_model_label|wrong_product_type,no,,yes,NO_DIRECT_TITLE_FALLBACK,no,no,no,no,no,no
3739,4120-5N,3,INSIZE | اینسایز,اینسایز,4120-5N,32,THREAD_RING_GAUGE,گیج رینگی رزوه,گیج رینگی رزوه,APPROVED,yes,VARIANT_REQUIRED,gauge_nominal_size,HOLD_MISSING_VARIANT_FACT,N/A,nominal_size,,,,no,گیج رینگی نرو 0.8 – 5 میلی متری اینسایز (Insize) مدل 5N-4120,,گیج رینگی نرو 0.8 – 5 میلی متری اینسایز (Insize) مدل 5N-4120,,HOLD_MISSING_VARIANT_FACT,required_published_variant_fact_missing,manufacturer_code_missing|uses_model_label|wrong_product_type,no,,yes,NO_DIRECT_TITLE_FALLBACK,no,no,no,no,no,no
3740,4120-6,3,INSIZE | اینسایز,اینسایز,4120-6,32,THREAD_RING_GAUGE,گیج رینگی رزوه,گیج رینگی رزوه,APPROVED,yes,VARIANT_REQUIRED,gauge_nominal_size,HOLD_MISSING_VARIANT_FACT,N/A,nominal_size,,,,no,گیج رینگی برو 1 – 6 میلی متری اینسایز (Insize) مدل 6-4120,,گیج رینگی برو 1 – 6 میلی متری اینسایز (Insize) مدل 6-4120,,HOLD_MISSING_VARIANT_FACT,required_published_variant_fact_missing,manufacturer_code_missing|uses_model_label|wrong_product_type,no,,yes,NO_DIRECT_TITLE_FALLBACK,no,no,no,no,no,no
3743,1181-M50A,3,INSIZE | اینسایز,اینسایز,1181-M50A,68,GEAR_TOOTH_CALIPER,کولیس ضخامت دندانه,کولیس ضخامت دندانه,APPROVED,yes,VARIANT_REQUIRED,metrology_caliper_buyer_range,SUFFIX_GOVERNED,PASS,measurement_range,"{""max"": 50.0, ""min"": 5.0}",5–50 میلی‌متر,1723,yes,کولیس چرخ دنده دیجیتال اینسایز(Insize) M5-50 مدل 1181-M50A,کولیس ضخامت دندانه اینسایز کد 1181-M50A، 5–50 میلی‌متر,کولیس چرخ دنده دیجیتال اینسایز(Insize) M5-50 مدل 1181-M50A,کولیس ضخامت دندانه اینسایز کد 1181-M50A، 5–50 میلی‌متر,HOLD_OEM_SEMANTIC_EVIDENCE_MISSING,accessory_only_occurrence,model_to_code_candidate|uses_model_label|wrong_product_type,no,,yes,NO_DIRECT_TITLE_FALLBACK,yes,no,no,yes,yes,no
3745,2132-20,3,INSIZE | اینسایز,اینسایز,2132-20,21,INDICATING_CALIPER,پرگار نشان‌گر,پرگار نشان‌گر,APPROVED,yes,VARIANT_REQUIRED,metrology_caliper_buyer_range,SUFFIX_GOVERNED,PASS,measurement_range,"{""max"": 20.0, ""min"": 0.0}",0–20 میلی‌متر,1156,yes,پرگار خارج سنج اینسایز(Insize) دیجیتال 20 میلی متر مدل 20-2132,پرگار نشان‌گر اینسایز کد 2132-20، 0–20 میلی‌متر,پرگار خارج سنج اینسایز(Insize) دیجیتال 20 میلی متر مدل 20-2132,پرگار نشان‌گر اینسایز کد 2132-20، 0–20 میلی‌متر,HOLD_OEM_SEMANTIC_EVIDENCE_MISSING,accessory_only_occurrence,manufacturer_code_missing|model_to_code_candidate|uses_model_label|wrong_product_type,no,,yes,NO_DIRECT_TITLE_FALLBACK,yes,no,no,yes,yes,no
3747,2151-75,3,INSIZE | اینسایز,اینسایز,2151-75,21,INDICATING_CALIPER,پرگار نشان‌گر,پرگار نشان‌گر,APPROVED,yes,VARIANT_REQUIRED,metrology_caliper_buyer_range,SUFFIX_GOVERNED,PASS,measurement_range,"{""max"": 75.0, ""min"": 55.0}",55–75 میلی‌متر,1159,yes,پرگار داخل سنج اینسایز (Insize) دیجیتال 75 میلی متر مدل 75-2151,پرگار نشان‌گر اینسایز کد 2151-75، 55–75 میلی‌متر,پرگار داخل سنج اینسایز (Insize) دیجیتال 75 میلی متر مدل 75-2151,پرگار نشان‌گر اینسایز کد 2151-75، 55–75 میلی‌متر,HOLD_OEM_SEMANTIC_EVIDENCE_MISSING,accessory_only_occurrence,manufacturer_code_missing|model_to_code_candidate|uses_model_label|wrong_product_type,no,,yes,NO_DIRECT_TITLE_FALLBACK,yes,no,no,yes,yes,no
3748,2151-95,3,INSIZE | اینسایز,اینسایز,2151-95,21,INDICATING_CALIPER,پرگار نشان‌گر,پرگار نشان‌گر,APPROVED,yes,VARIANT_REQUIRED,metrology_caliper_buyer_range,SUFFIX_GOVERNED,PASS,measurement_range,"{""max"": 95.0, ""min"": 75.0}",75–95 میلی‌متر,1162,yes,پرگار داخل سنج اینسایز (Insize) دیجیتال 95 میلی متر مدل 95-2151,پرگار نشان‌گر اینسایز کد 2151-95، 75–95 میلی‌متر,پرگار داخل سنج اینسایز (Insize) دیجیتال 95 میلی متر مدل 95-2151,پرگار نشان‌گر اینسایز کد 2151-95، 75–95 میلی‌متر,HOLD_OEM_SEMANTIC_EVIDENCE_MISSING,accessory_only_occurrence,manufacturer_code_missing|model_to_code_candidate|uses_model_label|wrong_product_type,no,,yes,NO_DIRECT_TITLE_FALLBACK,yes,no,no,yes,yes,no
3750,2151-AL35,3,INSIZE | اینسایز,اینسایز,2151-AL35,21,INDICATING_CALIPER,پرگار نشان‌گر,پرگار نشان‌گر,APPROVED,yes,VARIANT_REQUIRED,metrology_caliper_buyer_range,SUFFIX_GOVERNED,PASS,measurement_range,"{""max"": 35.0, ""min"": 15.0}",15–35 میلی‌متر,1704,yes,پرگار داخل سنج اینسایز (Insize) دیجیتال 35 میلی متر مدل 2151-AL35,پرگار نشان‌گر اینسایز کد 2151-AL35، 15–35 میلی‌متر,پرگار داخل سنج اینسایز (Insize) دیجیتال 35 میلی متر مدل 2151-AL35,پرگار نشان‌گر اینسایز کد 2151-AL35، 15–35 میلی‌متر,HOLD_OEM_SEMANTIC_EVIDENCE_MISSING,accessory_only_occurrence,model_to_code_candidate|uses_model_label|wrong_product_type,no,,yes,NO_DIRECT_TITLE_FALLBACK,yes,no,no,yes,yes,no
3751,2151-AL55,3,INSIZE | اینسایز,اینسایز,2151-AL55,21,INDICATING_CALIPER,پرگار نشان‌گر,پرگار نشان‌گر,APPROVED,yes,VARIANT_REQUIRED,metrology_caliper_buyer_range,SUFFIX_GOVERNED,PASS,measurement_range,"{""max"": 55.0, ""min"": 35.0}",35–55 میلی‌متر,1707,yes,پرگار داخل سنج اینسایز (Insize) دیجیتال 55 میلی متر مدل 2151-AL55,پرگار نشان‌گر اینسایز کد 2151-AL55، 35–55 میلی‌متر,پرگار داخل سنج اینسایز (Insize) دیجیتال 55 میلی متر مدل 2151-AL55,پرگار نشان‌گر اینسایز کد 2151-AL55، 35–55 میلی‌متر,HOLD_OEM_SEMANTIC_EVIDENCE_MISSING,accessory_only_occurrence,model_to_code_candidate|uses_model_label|wrong_product_type,no,,yes,NO_DIRECT_TITLE_FALLBACK,yes,no,no,yes,yes,no
3753,2151-AL75,3,INSIZE | اینسایز,اینسایز,2151-AL75,21,INDICATING_CALIPER,پرگار نشان‌گر,پرگار نشان‌گر,APPROVED,yes,VARIANT_REQUIRED,metrology_caliper_buyer_range,SUFFIX_GOVERNED,PASS,measurement_range,"{""max"": 75.0, ""min"": 55.0}",55–75 میلی‌متر,1710,yes,پرگار داخل سنج اینسایز (Insize) دیجیتال 75 میلی متر مدل 2151-AL75,پرگار نشان‌گر اینسایز کد 2151-AL75، 55–75 میلی‌متر,پرگار داخل سنج اینسایز (Insize) دیجیتال 75 میلی متر مدل 2151-AL75,پرگار نشان‌گر اینسایز کد 2151-AL75، 55–75 میلی‌متر,HOLD_OEM_SEMANTIC_EVIDENCE_MISSING,accessory_only_occurrence,model_to_code_candidate|uses_model_label|wrong_product_type,no,,yes,NO_DIRECT_TITLE_FALLBACK,yes,no,no,yes,yes,no
3754,2222-25,3,INSIZE | اینسایز,اینسایز,2222-25,21,INDICATING_CALIPER,پرگار نشان‌گر,پرگار نشان‌گر,APPROVED,yes,VARIANT_REQUIRED,metrology_caliper_buyer_range,SUFFIX_GOVERNED,PASS,measurement_range,"{""max"": 25.0, ""min"": 5.0}",5–25 میلی‌متر,1165,yes,پرگار ساعتی داخل سنج اینسایز (Insize) کد 25-2222,پرگار نشان‌گر اینسایز کد 2222-25، 5–25 میلی‌متر,پرگار ساعتی داخل سنج اینسایز (Insize) کد 25-2222,پرگار نشان‌گر اینسایز کد 2222-25، 5–25 میلی‌متر,HOLD_OEM_SEMANTIC_EVIDENCE_MISSING,accessory_only_occurrence,manufacturer_code_missing|wrong_product_type,no,,yes,NO_DIRECT_TITLE_FALLBACK,yes,no,no,yes,yes,no
3756,2309-100D,3,INSIZE | اینسایز,اینسایز,2309-100D,17,DIAL_INDICATOR,ساعت اندازه‌گیری,ساعت اندازه‌گیری,APPROVED,yes,VARIANT_REQUIRED,metrology_working_range,SUFFIX_GOVERNED,PASS,measurement_range,"{""max"": 100.0, ""min"": 0.0}",0–100 میلی‌متر,733,yes,ساعت اندیکاتور اینسایز (Insize) مدل 100D-2309,ساعت اندازه‌گیری اینسایز کد 2309-100D، 0–100 میلی‌متر,ساعت اندیکاتور اینسایز (Insize) مدل 100D-2309,ساعت اندازه‌گیری اینسایز کد 2309-100D، 0–100 میلی‌متر,READY_RENAME,governed_canonical_name_ready,manufacturer_code_missing|model_to_code_candidate|uses_model_label|wrong_product_type,no,,yes,NO_DIRECT_TITLE_FALLBACK,yes,no,no,yes,yes,no
3757,2321-35,3,INSIZE | اینسایز,اینسایز,2321-35,21,INDICATING_CALIPER,پرگار نشان‌گر,پرگار نشان‌گر,APPROVED,yes,VARIANT_REQUIRED,metrology_caliper_buyer_range,SUFFIX_GOVERNED,PASS,measurement_range,"{""max"": 35.0, ""min"": 15.0}",15–35 میلی‌متر,1168,yes,پرگار داخل سنج ساعتی اینسایز (Insize) 35 میلی متر مدل 35-2321,پرگار نشان‌گر اینسایز کد 2321-35، 15–35 میلی‌متر,پرگار داخل سنج ساعتی اینسایز (Insize) 35 میلی متر مدل 35-2321,پرگار نشان‌گر اینسایز کد 2321-35، 15–35 میلی‌متر,READY_RENAME,governed_canonical_name_ready,manufacturer_code_missing|model_to_code_candidate|uses_model_label|wrong_product_type,no,,yes,NO_DIRECT_TITLE_FALLBACK,yes,no,no,yes,yes,no
3758,2321-55,3,INSIZE | اینسایز,اینسایز,2321-55,21,INDICATING_CALIPER,پرگار نشان‌گر,پرگار نشان‌گر,APPROVED,yes,VARIANT_REQUIRED,metrology_caliper_buyer_range,SUFFIX_GOVERNED,PASS,measurement_range,"{""max"": 55.0, ""min"": 35.0}",35–55 میلی‌متر,1171,yes,پرگار داخل سنج ساعتی اینسایز (Insize) 55 میلی متر مدل 55-2321,پرگار نشان‌گر اینسایز کد 2321-55، 35–55 میلی‌متر,پرگار داخل سنج ساعتی اینسایز (Insize) 55 میلی متر مدل 55-2321,پرگار نشان‌گر اینسایز کد 2321-55، 35–55 میلی‌متر,HOLD_OEM_SEMANTIC_EVIDENCE_MISSING,accessory_only_occurrence,manufacturer_code_missing|model_to_code_candidate|uses_model_label|wrong_product_type,no,,yes,NO_DIRECT_TITLE_FALLBACK,yes,no,no,yes,yes,no
3760,2321-75,3,INSIZE | اینسایز,اینسایز,2321-75,21,INDICATING_CALIPER,پرگار نشان‌گر,پرگار نشان‌گر,APPROVED,yes,VARIANT_REQUIRED,metrology_caliper_buyer_range,SUFFIX_GOVERNED,PASS,measurement_range,"{""max"": 75.0, ""min"": 55.0}",55–75 میلی‌متر,1174,yes,پرگار داخل سنج ساعتی اینسایز (Insize) 75 میلی متر مدل 75-2321,پرگار نشان‌گر اینسایز کد 2321-75، 55–75 میلی‌متر,پرگار داخل سنج ساعتی اینسایز (Insize) 75 میلی متر مدل 75-2321,پرگار نشان‌گر اینسایز کد 2321-75، 55–75 میلی‌متر,HOLD_OEM_SEMANTIC_EVIDENCE_MISSING,accessory_only_occurrence,manufacturer_code_missing|model_to_code_candidate|uses_model_label|wrong_product_type,no,,yes,NO_DIRECT_TITLE_FALLBACK,yes,no,no,yes,yes,no
3762,2366-30,3,INSIZE | اینسایز,اینسایز,2366-30,23,THICKNESS_GAUGE,ضخامت‌سنج,ضخامت‌سنج,APPROVED,yes,VARIANT_REQUIRED,metrology_working_range,SUFFIX_GOVERNED,PASS,measurement_range,"{""max"": 30.0, ""min"": 0.0}",0–30 میلی‌متر,1108,yes,ضخامت سنج ورق ساعتی اینسایز (Insize) 30-0 میلی متر مدل 30-2366,ضخامت‌سنج اینسایز کد 2366-30، 0–30 میلی‌متر,ضخامت سنج ورق ساعتی اینسایز (Insize) 30-0 میلی متر مدل 30-2366,ضخامت‌سنج اینسایز کد 2366-30، 0–30 میلی‌متر,HOLD_OEM_SEMANTIC_EVIDENCE_MISSING,accessory_only_occurrence,manufacturer_code_missing|model_to_code_candidate|uses_model_label|wrong_product_type,no,,yes,NO_DIRECT_TITLE_FALLBACK,yes,no,no,yes,yes,no
3763,2383-08,3,INSIZE | اینسایز,اینسایز,2383-08,16,TEST_INDICATOR,ساعت اهرمی,ساعت اهرمی,APPROVED,yes,VARIANT_REQUIRED,metrology_working_range,SUFFIX_GOVERNED,PASS,measurement_range,"{""max"": 0.8, ""min"": 0.0}",0–0.8 میلی‌متر,667,yes,ساعت شیطونکی اینسایز (Insize) کورس 0.8 میلی متر پایه بلند مدل 08-2383,ساعت اهرمی اینسایز کد 2383-08، 0–0.8 میلی‌متر,ساعت شیطونکی اینسایز (Insize) کورس 0.8 میلی متر پایه بلند مدل 08-2383,ساعت اهرمی اینسایز کد 2383-08، 0–0.8 میلی‌متر,HOLD_OEM_SEMANTIC_EVIDENCE_MISSING,no_identity_registry_entry,manufacturer_code_missing|model_to_code_candidate|uses_model_label|wrong_product_type,no,,yes,NO_DIRECT_TITLE_FALLBACK,yes,no,no,yes,yes,no
3764,2385-3,3,INSIZE | اینسایز,اینسایز,2385-3,,,,,,no,,,,N/A,,,,,no,مرکز یاب اینسایز (Insize) داخل سنج و خارج سنج ساعتی مدل 3-2385,,مرکز یاب اینسایز (Insize) داخل سنج و خارج سنج ساعتی مدل 3-2385,,HOLD_MISSING_PRODUCT_TYPE,product_type_id_null,manufacturer_code_missing|uses_model_label,no,,yes,NO_DIRECT_TITLE_FALLBACK,yes,no,no,yes,yes,no
3765,2710-25,3,INSIZE | اینسایز,اینسایز,2710-25,23,THICKNESS_GAUGE,ضخامت‌سنج,ضخامت‌سنج,APPROVED,yes,VARIANT_REQUIRED,metrology_working_range,SUFFIX_GOVERNED,PASS,measurement_range,"{""max"": 25.4, ""min"": 0.0}",0–25.4 میلی‌متر,1111,yes,ضخامت سنج ورق دیجیتال اینسایز (Insize) 25.4-0 میلی متر مدل 25-2710,ضخامت‌سنج اینسایز کد 2710-25، 0–25.4 میلی‌متر,ضخامت سنج ورق دیجیتال اینسایز (Insize) 25.4-0 میلی متر مدل 25-2710,ضخامت‌سنج اینسایز کد 2710-25، 0–25.4 میلی‌متر,HOLD_OEM_SEMANTIC_EVIDENCE_MISSING,oem_heading_not_in_canonical_identity_policy,manufacturer_code_missing|model_to_code_candidate|uses_model_label|wrong_product_type,no,,yes,NO_DIRECT_TITLE_FALLBACK,yes,no,no,yes,yes,no
3769,2876-10,3,INSIZE | اینسایز,اینسایز,2876-10,23,THICKNESS_GAUGE,ضخامت‌سنج,ضخامت‌سنج,APPROVED,yes,VARIANT_REQUIRED,metrology_working_range,SUFFIX_GOVERNED,PASS,measurement_range,"{""max"": 10.0, ""min"": 0.0}",0–10 میلی‌متر,1117,yes,ضخامت سنج دیجیتال فک لوله ای اینسایز (Insize) مدل 10-2876,ضخامت‌سنج اینسایز کد 2876-10، 0–10 میلی‌متر,ضخامت سنج دیجیتال فک لوله ای اینسایز (Insize) مدل 10-2876,ضخامت‌سنج اینسایز کد 2876-10، 0–10 میلی‌متر,HOLD_OEM_SEMANTIC_EVIDENCE_MISSING,accessory_only_occurrence,manufacturer_code_missing|model_to_code_candidate|uses_model_label|wrong_product_type,no,,yes,NO_DIRECT_TITLE_FALLBACK,yes,no,no,yes,yes,no
3770,3230-25BA,3,INSIZE | اینسایز,اینسایز,3230-25BA,13,OUTSIDE_MICROMETER,میکرومتر خارج‌سنج,میکرومتر خارج‌سنج,APPROVED,yes,VARIANT_REQUIRED,metrology_micrometer_buyer_range,SUFFIX_GOVERNED,PASS,measurement_range,"{""max"": 25.0, ""min"": 0.0}",0–25 میلی‌متر,484,yes,میکرومتر سوزنی اینسایز (Insize) خارج سنج 25-0 میلی متر مدل 3230-25BA,میکرومتر خارج‌سنج اینسایز کد 3230-25BA، 0–25 میلی‌متر,میکرومتر سوزنی اینسایز (Insize) خارج سنج 25-0 میلی متر مدل 3230-25BA,میکرومتر خارج‌سنج اینسایز کد 3230-25BA، 0–25 میلی‌متر,HOLD_OEM_SEMANTIC_EVIDENCE_MISSING,accessory_only_occurrence,model_to_code_candidate|uses_model_label|wrong_product_type,no,,yes,NO_DIRECT_TITLE_FALLBACK,yes,no,no,yes,yes,no
3772,3260-25,3,INSIZE | اینسایز,اینسایز,3260-25,13,OUTSIDE_MICROMETER,میکرومتر خارج‌سنج,میکرومتر خارج‌سنج,APPROVED,yes,VARIANT_REQUIRED,metrology_micrometer_buyer_range,SUFFIX_GOVERNED,PASS,measurement_range,"{""max"": 25.0, ""min"": 0.0}",0–25 میلی‌متر,487,yes,میکرومتر یک سر گرد اینسایز (Insize) خارج سنج 25-0 میلی متر مدل 25-3260,میکرومتر خارج‌سنج اینسایز کد 3260-25، 0–25 میلی‌متر,میکرومتر یک سر گرد اینسایز (Insize) خارج سنج 25-0 میلی متر مدل 25-3260,میکرومتر خارج‌سنج اینسایز کد 3260-25، 0–25 میلی‌متر,HOLD_OEM_SEMANTIC_EVIDENCE_MISSING,no_identity_registry_entry,manufacturer_code_missing|model_to_code_candidate|uses_model_label|wrong_product_type,no,,yes,NO_DIRECT_TITLE_FALLBACK,yes,no,no,yes,yes,no
3774,3203-12A,3,INSIZE | اینسایز,اینسایز,3203-12A,13,OUTSIDE_MICROMETER,میکرومتر خارج‌سنج,میکرومتر خارج‌سنج,APPROVED,yes,VARIANT_REQUIRED,metrology_micrometer_buyer_range,SUFFIX_GOVERNED,PASS,measurement_range,"{""max"": 304.8, ""min"": 279.4}",279.4–304.8 میلی‌متر,490,yes,میکرومتر اینسایز (Insize) 11–12 اینچ خارج سنج مدل 3203-12A,میکرومتر خارج‌سنج اینسایز کد 3203-12A، 279.4–304.8 میلی‌متر,میکرومتر اینسایز (Insize) 11–12 اینچ خارج سنج مدل 3203-12A,میکرومتر خارج‌سنج اینسایز کد 3203-12A، 279.4–304.8 میلی‌متر,HOLD_OEM_SEMANTIC_EVIDENCE_MISSING,no_primary_product_occurrence,model_to_code_candidate|uses_model_label|wrong_product_type,no,,yes,NO_DIRECT_TITLE_FALLBACK,yes,no,no,yes,yes,no
3775,3222-12,3,INSIZE | اینسایز,اینسایز,3222-12,,,,,,no,,,,N/A,,,,,no,میکرومتر داخل لوله ای اینسایز (Insize) 2-12 اینچ مدل 12-3222,,میکرومتر داخل لوله ای اینسایز (Insize) 2-12 اینچ مدل 12-3222,,HOLD_MISSING_PRODUCT_TYPE,product_type_id_null,manufacturer_code_missing|uses_model_label,no,,yes,NO_DIRECT_TITLE_FALLBACK,no,no,no,no,no,no
3776,3530-25BA,3,INSIZE | اینسایز,اینسایز,3530-25BA,13,OUTSIDE_MICROMETER,میکرومتر خارج‌سنج,میکرومتر خارج‌سنج,APPROVED,yes,VARIANT_REQUIRED,metrology_micrometer_buyer_range,SUFFIX_GOVERNED,PASS,measurement_range,"{""max"": 25.0, ""min"": 0.0}",0–25 میلی‌متر,493,yes,میکرومتر سوزنی اینسایز (Insize) 0-25 میلی‌متر خارج سنج مدل 25BA-3530,میکرومتر خارج‌سنج اینسایز کد 3530-25BA، 0–25 میلی‌متر,میکرومتر سوزنی اینسایز (Insize) 0-25 میلی‌متر خارج سنج مدل 25BA-3530,میکرومتر خارج‌سنج اینسایز کد 3530-25BA، 0–25 میلی‌متر,HOLD_OEM_SEMANTIC_EVIDENCE_MISSING,accessory_only_occurrence,manufacturer_code_missing|model_to_code_candidate|uses_model_label|wrong_product_type,no,,yes,NO_DIRECT_TITLE_FALLBACK,yes,no,no,yes,yes,no
3777,4100-2112,3,INSIZE | اینسایز,اینسایز,4100-2112,,,,,,no,,,,N/A,,,,,no,گیج بلوک اینسایز (Insize) 112 عددی گرید 2 مدل 2112-4100,,گیج بلوک اینسایز (Insize) 112 عددی گرید 2 مدل 2112-4100,,HOLD_MISSING_PRODUCT_TYPE,product_type_id_null,manufacturer_code_missing|uses_model_label,no,,yes,NO_DIRECT_TITLE_FALLBACK,yes,no,no,yes,yes,no
3778,4101-C1000,3,INSIZE | اینسایز,اینسایز,4101-C1000,,,,,,no,,,,N/A,,,,,no,گیج بلوک اینسایز (Insize) 1000 میلی متر گرید 2 مدل 4101-C1000,,گیج بلوک اینسایز (Insize) 1000 میلی متر گرید 2 مدل 4101-C1000,,HOLD_MISSING_PRODUCT_TYPE,product_type_id_null,uses_model_label,no,,yes,NO_DIRECT_TITLE_FALLBACK,no,no,no,no,no,no
3779,4120-6N,3,INSIZE | اینسایز,اینسایز,4120-6N,32,THREAD_RING_GAUGE,گیج رینگی رزوه,گیج رینگی رزوه,APPROVED,yes,VARIANT_REQUIRED,gauge_nominal_size,HOLD_MISSING_VARIANT_FACT,N/A,nominal_size,,,,no,گیج رینگی نرو اینسایز (Insize) 1-6میلی متر مدل 6N-4120,,گیج رینگی نرو اینسایز (Insize) 1-6میلی متر مدل 6N-4120,,HOLD_MISSING_VARIANT_FACT,required_published_variant_fact_missing,manufacturer_code_missing|uses_model_label|wrong_product_type,no,,yes,NO_DIRECT_TITLE_FALLBACK,no,no,no,no,no,no
3780,4120-8,3,INSIZE | اینسایز,اینسایز,4120-8,32,THREAD_RING_GAUGE,گیج رینگی رزوه,گیج رینگی رزوه,APPROVED,yes,VARIANT_REQUIRED,gauge_nominal_size,HOLD_MISSING_VARIANT_FACT,N/A,nominal_size,,,,no,گیج رینگی برو اینسایز (Insize) 1.25-8 میلی متر مدل 8-4120,,گیج رینگی برو اینسایز (Insize) 1.25-8 میلی متر مدل 8-4120,,HOLD_MISSING_VARIANT_FACT,required_published_variant_fact_missing,manufacturer_code_missing|uses_model_label|wrong_product_type,no,,yes,NO_DIRECT_TITLE_FALLBACK,no,no,no,no,no,no
3782,4790-0300,3,INSIZE | اینسایز,اینسایز,4790-0300,35,ENGINEERS_SQUARE,گونیا مهندسی,گونیا مهندسی,APPROVED,yes,VARIANT_NOT_REQUIRED_APPROVED,OEM manufacturer_code identifies square size family; no governed range fact contract,VARIANT_NOT_REQUIRED_APPROVED,PASS,,,,,no,گونیا مویی اینسایز (Insize) 200×300 میلی متر مدل 0300-4790,گونیا مهندسی اینسایز کد 4790-0300,گونیا مویی اینسایز (Insize) 200×300 میلی متر مدل 0300-4790,گونیا مهندسی اینسایز کد 4790-0300,HOLD_OEM_SEMANTIC_EVIDENCE_MISSING,accessory_only_occurrence,manufacturer_code_missing|model_to_code_candidate|uses_model_label|wrong_product_type,no,,yes,NO_DIRECT_TITLE_FALLBACK,yes,no,no,yes,yes,no
3786,4803-1,3,INSIZE | اینسایز,اینسایز,4803-1,56,WIRE_GAUGE,گیج سیم,گیج سیم,APPROVED,yes,VARIANT_REQUIRED,gauge_nominal_size,HOLD_MISSING_VARIANT_FACT,N/A,nominal_size,,,,no,گیج سیم اینسایز (Insize) مدل 1-4803,,گیج سیم اینسایز (Insize) مدل 1-4803,,HOLD_MISSING_VARIANT_FACT,required_published_variant_fact_missing,manufacturer_code_missing|uses_model_label,no,,yes,NO_DIRECT_TITLE_FALLBACK,yes,no,no,yes,yes,no
3789,4166-10D,3,INSIZE | اینسایز,اینسایز,4166-10D,24,PIN_GAUGE,پین گیج,پین گیج,APPROVED,yes,VARIANT_REQUIRED,gauge_nominal_size,HOLD_MISSING_VARIANT_FACT,N/A,nominal_size,,,,no,ست پین گیج اینسایز (Insize) 10.5 – 10 میلی متر 51 پارچه مدل 10D-4166,,ست پین گیج اینسایز (Insize) 10.5 – 10 میلی متر 51 پارچه مدل 10D-4166,,HOLD_MISSING_VARIANT_FACT,required_published_variant_fact_missing,manufacturer_code_missing|uses_model_label,no,,yes,NO_DIRECT_TITLE_FALLBACK,yes,no,no,yes,yes,no
3790,4806-20,3,INSIZE | اینسایز,اینسایز,4806-20,38,ANGLE_GAUGE,گیج زاویه,گیج زاویه,APPROVED,yes,VARIANT_NOT_REQUIRED_APPROVED,angle_gauge_oem_identity_sufficient; OEM manufacturer_code uniquely identifies commercial model; no single governed specification required for title identity,VARIANT_NOT_REQUIRED_APPROVED,PASS,,,,,no,گیج زاویه 1 - 45درجه اینسایز مدل 4806-20,گیج زاویه اینسایز کد 4806-20,گیج زاویه 1 - 45درجه اینسایز مدل 4806-20,گیج زاویه اینسایز کد 4806-20,HOLD_OEM_SEMANTIC_EVIDENCE_MISSING,oem_heading_not_in_canonical_identity_policy,model_to_code_candidate|uses_model_label,no,,yes,NO_DIRECT_TITLE_FALLBACK,yes,yes,yes,yes,yes,yes
3791,4824-12,3,INSIZE | اینسایز,اینسایز,4824-12,46,THREAD_PITCH_GAUGE,شابلون گام رزوه,شابلون گام رزوه,APPROVED,yes,VARIANT_NOT_REQUIRED_APPROVED,OEM manufacturer_code identifies thread pitch template; OEM manufacturer_code uniquely identifies commercial model; no single governed specification required for title identity,VARIANT_NOT_REQUIRED_APPROVED,PASS,,,,,no,شابلون ذوزنقه 2 - 20میلیمتر اینسایز مدل 4824-12,شابلون گام رزوه اینسایز کد 4824-12,شابلون ذوزنقه 2 - 20میلیمتر اینسایز مدل 4824-12,شابلون گام رزوه اینسایز کد 4824-12,HOLD_OEM_SEMANTIC_EVIDENCE_MISSING,accessory_only_occurrence,model_to_code_candidate|uses_model_label|wrong_product_type,no,,yes,NO_DIRECT_TITLE_FALLBACK,yes,yes,yes,yes,yes,yes
3795,6210-80,3,INSIZE | اینسایز,اینسایز,6210-80,,,,,,no,,,,N/A,,,,,no,پایه ساعت مفصلی اینسایز مدل 6210-80,,پایه ساعت مفصلی اینسایز مدل 6210-80,,HOLD_MISSING_PRODUCT_TYPE,product_type_id_null,uses_model_label,no,,yes,NO_DIRECT_TITLE_FALLBACK,yes,yes,yes,yes,yes,yes
3796,6215-60,3,INSIZE | اینسایز,اینسایز,6215-60,,,,,,no,,,,N/A,,,,,no,پایه ساعت اندیکاتور اینسایز (Insize) برای سطح ناهموار مدل 60-6215,,پایه ساعت اندیکاتور اینسایز (Insize) برای سطح ناهموار مدل 60-6215,,HOLD_MISSING_PRODUCT_TYPE,product_type_id_null,manufacturer_code_missing|uses_model_label,no,,yes,NO_DIRECT_TITLE_FALLBACK,yes,no,no,yes,yes,no
3798,6229-60,3,INSIZE | اینسایز,اینسایز,6229-60,,,,,,no,,,,N/A,,,,,no,پایه ساعت اندیکاتور اینسایز (Insize) هیدرولیکی مدل 60-6229,,پایه ساعت اندیکاتور اینسایز (Insize) هیدرولیکی مدل 60-6229,,HOLD_MISSING_PRODUCT_TYPE,product_type_id_null,manufacturer_code_missing|uses_model_label,no,,yes,NO_DIRECT_TITLE_FALLBACK,yes,no,no,yes,yes,no
3799,6229-80,3,INSIZE | اینسایز,اینسایز,6229-80,,,,,,no,,,,N/A,,,,,no,پایه ساعت هیدرولیکی 80کیلویی اینسایز مدل 6229-80,,پایه ساعت هیدرولیکی 80کیلویی اینسایز مدل 6229-80,,HOLD_MISSING_PRODUCT_TYPE,product_type_id_null,uses_model_label,no,,yes,NO_DIRECT_TITLE_FALLBACK,yes,yes,yes,yes,yes,yes
3800,6282-1102,3,INSIZE | اینسایز,اینسایز,6282-1102,,,,,,no,,,,N/A,,,,,no,پراب سرتخت اینسایز (Insize) مدل 1102-6282,,پراب سرتخت اینسایز (Insize) مدل 1102-6282,,HOLD_MISSING_PRODUCT_TYPE,product_type_id_null,manufacturer_code_missing|uses_model_label,no,,yes,NO_DIRECT_TITLE_FALLBACK,yes,no,no,yes,yes,no
3802,6282-1203,3,INSIZE | اینسایز,اینسایز,6282-1203,,,,,,no,,,,N/A,,,,,no,پراب سرتخت اینسایز (Insize) مدل 1203-6282,,پراب سرتخت اینسایز (Insize) مدل 1203-6282,,HOLD_MISSING_PRODUCT_TYPE,product_type_id_null,manufacturer_code_missing|uses_model_label,no,,yes,NO_DIRECT_TITLE_FALLBACK,yes,no,yes,yes,yes,no
3805,6291-1,3,INSIZE | اینسایز,اینسایز,6291-1,,,,,,no,,,,N/A,,,,,no,پایه ساعت شیطونکی اینسایز (Insize) 8 میلی‌ متری مدل 1-6291,,پایه ساعت شیطونکی اینسایز (Insize) 8 میلی‌ متری مدل 1-6291,,HOLD_MISSING_PRODUCT_TYPE,product_type_id_null,manufacturer_code_missing|uses_model_label,no,,yes,NO_DIRECT_TITLE_FALLBACK,yes,no,no,yes,yes,no
3807,6293-1,3,INSIZE | اینسایز,اینسایز,6293-1,,,,,,no,,,,N/A,,,,,no,پایه ساعت شیطونکی اینسایز (Insize) مدل 1-6293,,پایه ساعت شیطونکی اینسایز (Insize) مدل 1-6293,,HOLD_MISSING_PRODUCT_TYPE,product_type_id_null,manufacturer_code_missing|uses_model_label,no,,yes,NO_DIRECT_TITLE_FALLBACK,yes,no,no,yes,yes,no
3808,6293-2,3,INSIZE | اینسایز,اینسایز,6293-2,,,,,,no,,,,N/A,,,,,no,پایه ساعت شیطونکی اینسایز (Insize) مدل 2-6293,,پایه ساعت شیطونکی اینسایز (Insize) مدل 2-6293,,HOLD_MISSING_PRODUCT_TYPE,product_type_id_null,manufacturer_code_missing|uses_model_label,no,,yes,NO_DIRECT_TITLE_FALLBACK,yes,no,no,yes,yes,no
3811,6295-1A,3,INSIZE | اینسایز,اینسایز,6295-1A,,,,,,no,,,,N/A,,,,,no,پایه ساعت شیطونکی اینسایز (Insize) مدل 1A-6295,,پایه ساعت شیطونکی اینسایز (Insize) مدل 1A-6295,,HOLD_MISSING_PRODUCT_TYPE,product_type_id_null,manufacturer_code_missing|uses_model_label,no,,yes,NO_DIRECT_TITLE_FALLBACK,yes,no,no,yes,yes,no
3813,6377-25W,3,INSIZE | اینسایز,اینسایز,6377-25W,13,OUTSIDE_MICROMETER,میکرومتر خارج‌سنج,میکرومتر خارج‌سنج,APPROVED,yes,VARIANT_REQUIRED,metrology_micrometer_buyer_range,SUFFIX_GOVERNED,PASS,measurement_range,"{""max"": 25.0, ""min"": 0.0}",0–25 میلی‌متر,496,yes,هد میکرومتر اینسایز (Insize) فک بدون چرخش مدل 25W-6377,میکرومتر خارج‌سنج اینسایز کد 6377-25W، 0–25 میلی‌متر,هد میکرومتر اینسایز (Insize) فک بدون چرخش مدل 25W-6377,میکرومتر خارج‌سنج اینسایز کد 6377-25W، 0–25 میلی‌متر,HOLD_OEM_SEMANTIC_EVIDENCE_MISSING,oem_heading_not_in_canonical_identity_policy,manufacturer_code_missing|model_to_code_candidate|uses_model_label|wrong_product_type,no,,yes,NO_DIRECT_TITLE_FALLBACK,yes,no,no,yes,yes,no
3814,6557-50,3,INSIZE | اینسایز,اینسایز,6557-50,57,ZERO_SETTER,صفرکن محور Z,صفرکن محور Z,APPROVED,yes,VARIANT_NOT_REQUIRED_APPROVED,OEM manufacturer_code identifies zero setter model; OEM manufacturer_code uniquely identifies commercial model; no single governed specification required for title identity,VARIANT_NOT_REQUIRED_APPROVED,PASS,,,,,no,زد سنج (رفرنس یاب محور Z) مگنت دار اینسایز (Insize) مدل 50-6557,صفرکن محور Z اینسایز کد 6557-50,زد سنج (رفرنس یاب محور Z) مگنت دار اینسایز (Insize) مدل 50-6557,صفرکن محور Z اینسایز کد 6557-50,READY_RENAME,governed_canonical_name_ready,manufacturer_code_missing|model_to_code_candidate|uses_model_label|wrong_product_type,no,,yes,NO_DIRECT_TITLE_FALLBACK,yes,no,no,yes,yes,no
3816,7160-1,3,INSIZE | اینسایز,اینسایز,7160-1,,,,,,no,,,,N/A,,,,,no,آینه بازرسی تلسکوپی اینسایز (INSIZE) مدل 1-7160,,آینه بازرسی تلسکوپی اینسایز (INSIZE) مدل 1-7160,,HOLD_MISSING_PRODUCT_TYPE,product_type_id_null,manufacturer_code_missing|uses_model_label,no,,yes,NO_DIRECT_TITLE_FALLBACK,yes,no,no,yes,yes,no
3818,7160-2,3,INSIZE | اینسایز,اینسایز,7160-2,,,,,,no,,,,N/A,,,,,no,آینه بازرسی تلسکوپی اینسایز (INSIZE) مدل 2-7160,,آینه بازرسی تلسکوپی اینسایز (INSIZE) مدل 2-7160,,HOLD_MISSING_PRODUCT_TYPE,product_type_id_null,manufacturer_code_missing|uses_model_label,no,,yes,NO_DIRECT_TITLE_FALLBACK,yes,no,no,yes,yes,no
3821,7351-EX12,3,INSIZE | اینسایز,اینسایز,7351-EX12,,,,,,no,,,,N/A,,,,,no,رابط بور گیج اینسایز (Insize) مدل 7351-EX12,,رابط بور گیج اینسایز (Insize) مدل 7351-EX12,,HOLD_MISSING_PRODUCT_TYPE,product_type_id_null,uses_model_label,no,,yes,NO_DIRECT_TITLE_FALLBACK,yes,no,no,yes,yes,no
3823,7524-10,3,INSIZE | اینسایز,اینسایز,7524-10,,,,,,no,,,,N/A,,,,,no,عینک ذره‌ بین 10X اینسایز (Insize) مدل 10-7524,,عینک ذره‌ بین 10X اینسایز (Insize) مدل 10-7524,,HOLD_MISSING_PRODUCT_TYPE,product_type_id_null,manufacturer_code_missing|uses_model_label,no,,yes,NO_DIRECT_TITLE_FALLBACK,yes,no,no,yes,yes,no
3824,7600-6,3,INSIZE | اینسایز,اینسایز,7600-6,,,,,,no,,,,N/A,,,,,no,شمار انداز 6رقمی اینسایز مدل 7600-6,,شمار انداز 6رقمی اینسایز مدل 7600-6,,HOLD_MISSING_PRODUCT_TYPE,product_type_id_null,uses_model_label,no,,yes,NO_DIRECT_TITLE_FALLBACK,yes,yes,yes,yes,yes,yes
3825,9501-1200,3,INSIZE | اینسایز,اینسایز,9501-1200,39,COATING_THICKNESS_GAUGE,ضخامت‌سنج پوشش,ضخامت‌سنج پوشش,APPROVED,yes,VARIANT_NOT_REQUIRED_APPROVED,OEM manufacturer_code identifies coating thickness gauge model,VARIANT_NOT_REQUIRED_APPROVED,PASS,,,,,no,ضخامت سنج رنگ و پوشش اینسایز (Insize) مدل 1200-9501,ضخامت‌سنج پوشش اینسایز کد 9501-1200,ضخامت سنج رنگ و پوشش اینسایز (Insize) مدل 1200-9501,ضخامت‌سنج پوشش اینسایز کد 9501-1200,READY_RENAME,governed_canonical_name_ready,manufacturer_code_missing|model_to_code_candidate|uses_model_label|wrong_product_type,no,,yes,NO_DIRECT_TITLE_FALLBACK,yes,no,no,yes,yes,no
3826,9561-50B,3,INSIZE | اینسایز,اینسایز,9561-50B,43,LASER_DISTANCE_METER,متر لیزری,متر لیزری,APPROVED,yes,VARIANT_REQUIRED,governed length range displayed in meters for buyer-facing title,SUFFIX_GOVERNED,PASS,measurement_range,"{""max"": 50000, ""min"": 200}",0.2–50 متر,1531,yes,متر لیزری 50متری اینسایز مدل 9561-50B,متر لیزری اینسایز کد 9561-50B، 0.2–50 متر,متر لیزری 50متری اینسایز مدل 9561-50B,متر لیزری اینسایز کد 9561-50B، 0.2–50 متر,READY_RENAME,governed_canonical_name_ready,model_to_code_candidate|uses_model_label,no,,yes,NO_DIRECT_TITLE_FALLBACK,yes,yes,yes,yes,yes,yes
3827,9561-70B,3,INSIZE | اینسایز,اینسایز,9561-70B,43,LASER_DISTANCE_METER,متر لیزری,متر لیزری,APPROVED,yes,VARIANT_REQUIRED,governed length range displayed in meters for buyer-facing title,SUFFIX_GOVERNED,PASS,measurement_range,"{""max"": 70000, ""min"": 200}",0.2–70 متر,1534,yes,متر لیزری 70متری اینسایز مدل 9561-70B,متر لیزری اینسایز کد 9561-70B، 0.2–70 متر,متر لیزری 70متری اینسایز مدل 9561-70B,متر لیزری اینسایز کد 9561-70B، 0.2–70 متر,READY_RENAME,governed_canonical_name_ready,model_to_code_candidate|uses_model_label,no,,yes,NO_DIRECT_TITLE_FALLBACK,yes,yes,yes,yes,yes,yes
3841,4608-31,3,INSIZE | اینسایز,اینسایز,4608-31,26,FEELER_GAUGE,فیلر نواری,فیلر نواری,APPROVED,yes,VARIANT_NOT_REQUIRED_APPROVED,feeler_blade_set_identified_by_oem_code; OEM manufacturer_code uniquely identifies commercial model; no single governed specification required for title identity,VARIANT_NOT_REQUIRED_APPROVED,PASS,,,,,no,فیلر اینچی 0.0015 - 0.035اینچ اینسایز مدل 4608-31,فیلر نواری اینسایز کد 4608-31,فیلر اینچی 0.0015 - 0.035اینچ اینسایز مدل 4608-31,فیلر نواری اینسایز کد 4608-31,READY_RENAME,governed_canonical_name_ready,model_to_code_candidate|uses_model_label|wrong_product_type,no,,yes,NO_DIRECT_TITLE_FALLBACK,yes,yes,yes,yes,yes,yes
3845,4120-10,3,INSIZE | اینسایز,اینسایز,4120-10,32,THREAD_RING_GAUGE,گیج رینگی رزوه,گیج رینگی رزوه,APPROVED,yes,VARIANT_REQUIRED,gauge_nominal_size,HOLD_MISSING_VARIANT_FACT,N/A,nominal_size,,,,no,گیج رینگی برو اینسایز (Insize) 1.5-10میلی متر مدل 10-4120,,گیج رینگی برو اینسایز (Insize) 1.5-10میلی متر مدل 10-4120,,HOLD_MISSING_VARIANT_FACT,required_published_variant_fact_missing,manufacturer_code_missing|uses_model_label|wrong_product_type,no,,yes,NO_DIRECT_TITLE_FALLBACK,no,no,yes,no,no,no
3848,4120-12,3,INSIZE | اینسایز,اینسایز,4120-12,32,THREAD_RING_GAUGE,گیج رینگی رزوه,گیج رینگی رزوه,APPROVED,yes,VARIANT_REQUIRED,gauge_nominal_size,HOLD_MISSING_VARIANT_FACT,N/A,nominal_size,,,,no,گیج رینگی برو اینسایز (Insize) 1.75-12 میلی متر مدل 12-4120,,گیج رینگی برو اینسایز (Insize) 1.75-12 میلی متر مدل 12-4120,,HOLD_MISSING_VARIANT_FACT,required_published_variant_fact_missing,manufacturer_code_missing|uses_model_label|wrong_product_type,no,,yes,NO_DIRECT_TITLE_FALLBACK,no,no,yes,no,no,no
3850,4120-14,3,INSIZE | اینسایز,اینسایز,4120-14,32,THREAD_RING_GAUGE,گیج رینگی رزوه,گیج رینگی رزوه,APPROVED,yes,VARIANT_REQUIRED,gauge_nominal_size,HOLD_MISSING_VARIANT_FACT,N/A,nominal_size,,,,no,گیج رینگی برو اینسایز (Insize) 2-14 میلی متر مدل 14-4120,,گیج رینگی برو اینسایز (Insize) 2-14 میلی متر مدل 14-4120,,HOLD_MISSING_VARIANT_FACT,required_published_variant_fact_missing,manufacturer_code_missing|uses_model_label|wrong_product_type,no,,yes,NO_DIRECT_TITLE_FALLBACK,no,no,yes,no,no,no
3853,4120-16,3,INSIZE | اینسایز,اینسایز,4120-16,32,THREAD_RING_GAUGE,گیج رینگی رزوه,گیج رینگی رزوه,APPROVED,yes,VARIANT_REQUIRED,gauge_nominal_size,HOLD_MISSING_VARIANT_FACT,N/A,nominal_size,,,,no,گیج رینگی برو اینسایز (Insize) 2-16 میلی متر مدل 16-4120,,گیج رینگی برو اینسایز (Insize) 2-16 میلی متر مدل 16-4120,,HOLD_MISSING_VARIANT_FACT,required_published_variant_fact_missing,manufacturer_code_missing|uses_model_label|wrong_product_type,no,,yes,NO_DIRECT_TITLE_FALLBACK,no,no,no,no,no,no
3855,4120-18,3,INSIZE | اینسایز,اینسایز,4120-18,32,THREAD_RING_GAUGE,گیج رینگی رزوه,گیج رینگی رزوه,APPROVED,yes,VARIANT_REQUIRED,gauge_nominal_size,HOLD_MISSING_VARIANT_FACT,N/A,nominal_size,,,,no,گیج رینگی برو اینسایز (Insize) 2.5-18 میلی متر مدل 18-4120,,گیج رینگی برو اینسایز (Insize) 2.5-18 میلی متر مدل 18-4120,,HOLD_MISSING_VARIANT_FACT,required_published_variant_fact_missing,manufacturer_code_missing|uses_model_label|wrong_product_type,no,,yes,NO_DIRECT_TITLE_FALLBACK,no,no,no,no,no,no
3857,4120-20,3,INSIZE | اینسایز,اینسایز,4120-20,32,THREAD_RING_GAUGE,گیج رینگی رزوه,گیج رینگی رزوه,APPROVED,yes,VARIANT_REQUIRED,gauge_nominal_size,HOLD_MISSING_VARIANT_FACT,N/A,nominal_size,,,,no,گیج رینگی برو اینسایز (Insize) 2.5-20 میلی متر مدل 20-4120,,گیج رینگی برو اینسایز (Insize) 2.5-20 میلی متر مدل 20-4120,,HOLD_MISSING_VARIANT_FACT,required_published_variant_fact_missing,manufacturer_code_missing|uses_model_label|wrong_product_type,no,,yes,NO_DIRECT_TITLE_FALLBACK,no,no,no,no,no,no
3859,4120-22,3,INSIZE | اینسایز,اینسایز,4120-22,32,THREAD_RING_GAUGE,گیج رینگی رزوه,گیج رینگی رزوه,APPROVED,yes,VARIANT_REQUIRED,gauge_nominal_size,HOLD_MISSING_VARIANT_FACT,N/A,nominal_size,,,,no,گیج رینگی برو اینسایز (Insize) 2.5-22 میلی متر مدل 22-4120,,گیج رینگی برو اینسایز (Insize) 2.5-22 میلی متر مدل 22-4120,,HOLD_MISSING_VARIANT_FACT,required_published_variant_fact_missing,manufacturer_code_missing|uses_model_label|wrong_product_type,no,,yes,NO_DIRECT_TITLE_FALLBACK,no,no,no,no,no,no
3862,4120-24,3,INSIZE | اینسایز,اینسایز,4120-24,32,THREAD_RING_GAUGE,گیج رینگی رزوه,گیج رینگی رزوه,APPROVED,yes,VARIANT_REQUIRED,gauge_nominal_size,HOLD_MISSING_VARIANT_FACT,N/A,nominal_size,,,,no,گیج رینگی برو اینسایز (Insize) 3-24 میلی متر مدل 24-4120,,گیج رینگی برو اینسایز (Insize) 3-24 میلی متر مدل 24-4120,,HOLD_MISSING_VARIANT_FACT,required_published_variant_fact_missing,manufacturer_code_missing|uses_model_label|wrong_product_type,no,,yes,NO_DIRECT_TITLE_FALLBACK,no,no,yes,no,no,no
3865,4120-27,3,INSIZE | اینسایز,اینسایز,4120-27,32,THREAD_RING_GAUGE,گیج رینگی رزوه,گیج رینگی رزوه,APPROVED,yes,VARIANT_REQUIRED,gauge_nominal_size,HOLD_MISSING_VARIANT_FACT,N/A,nominal_size,,,,no,گیج رینگی برو اینسایز (Insize) 3-27 میلی متر مدل 27-4120,,گیج رینگی برو اینسایز (Insize) 3-27 میلی متر مدل 27-4120,,HOLD_MISSING_VARIANT_FACT,required_published_variant_fact_missing,manufacturer_code_missing|uses_model_label|wrong_product_type,no,,yes,NO_DIRECT_TITLE_FALLBACK,no,no,no,no,no,no
3869,4120-30,3,INSIZE | اینسایز,اینسایز,4120-30,32,THREAD_RING_GAUGE,گیج رینگی رزوه,گیج رینگی رزوه,APPROVED,yes,VARIANT_REQUIRED,gauge_nominal_size,HOLD_MISSING_VARIANT_FACT,N/A,nominal_size,,,,no,گیج رینگی برو اینسایز (Insize) 3.5-30 میلی متر مدل 30-4120,,گیج رینگی برو اینسایز (Insize) 3.5-30 میلی متر مدل 30-4120,,HOLD_MISSING_VARIANT_FACT,required_published_variant_fact_missing,manufacturer_code_missing|uses_model_label|wrong_product_type,no,,yes,NO_DIRECT_TITLE_FALLBACK,no,no,no,no,no,no
3872,4130-4,3,INSIZE | اینسایز,اینسایز,4130-4,33,THREAD_PLUG_GAUGE,گیج رزوه توپی,گیج رزوه توپی,APPROVED,yes,VARIANT_REQUIRED,gauge_nominal_size,HOLD_MISSING_VARIANT_FACT,N/A,nominal_size,,,,no,گیج رزوه برو نرو توپی اینسایز (Insize) 4*0.7mm مدل 4-4130,,گیج رزوه برو نرو توپی اینسایز (Insize) 4*0.7mm مدل 4-4130,,HOLD_MISSING_VARIANT_FACT,required_published_variant_fact_missing,manufacturer_code_missing|uses_model_label|wrong_product_type,no,,yes,NO_DIRECT_TITLE_FALLBACK,no,no,yes,no,no,no
3873,4130-5,3,INSIZE | اینسایز,اینسایز,4130-5,33,THREAD_PLUG_GAUGE,گیج رزوه توپی,گیج رزوه توپی,APPROVED,yes,VARIANT_REQUIRED,gauge_nominal_size,HOLD_MISSING_VARIANT_FACT,N/A,nominal_size,,,,no,گیج رزوه برو نرو توپی اینسایز (Insize) 5×0.8mm مدل 5-4130,,گیج رزوه برو نرو توپی اینسایز (Insize) 5×0.8mm مدل 5-4130,,HOLD_MISSING_VARIANT_FACT,required_published_variant_fact_missing,manufacturer_code_missing|uses_model_label|wrong_product_type,no,,yes,NO_DIRECT_TITLE_FALLBACK,no,no,yes,no,no,no
3874,4130-6,3,INSIZE | اینسایز,اینسایز,4130-6,33,THREAD_PLUG_GAUGE,گیج رزوه توپی,گیج رزوه توپی,APPROVED,yes,VARIANT_REQUIRED,gauge_nominal_size,HOLD_MISSING_VARIANT_FACT,N/A,nominal_size,,,,no,گیج رزوه برو نرو توپی اینسایز (Insize) 6x1mm مدل 6-4130,,گیج رزوه برو نرو توپی اینسایز (Insize) 6x1mm مدل 6-4130,,HOLD_MISSING_VARIANT_FACT,required_published_variant_fact_missing,manufacturer_code_missing|uses_model_label|wrong_product_type,no,,yes,NO_DIRECT_TITLE_FALLBACK,no,no,no,no,no,no
3876,4130-8,3,INSIZE | اینسایز,اینسایز,4130-8,33,THREAD_PLUG_GAUGE,گیج رزوه توپی,گیج رزوه توپی,APPROVED,yes,VARIANT_REQUIRED,gauge_nominal_size,HOLD_MISSING_VARIANT_FACT,N/A,nominal_size,,,,no,گیج رزوه برو نرو توپی اینسایز (Insize) 8×1.25mm مدل 8-4130,,گیج رزوه برو نرو توپی اینسایز (Insize) 8×1.25mm مدل 8-4130,,HOLD_MISSING_VARIANT_FACT,required_published_variant_fact_missing,manufacturer_code_missing|uses_model_label|wrong_product_type,no,,yes,NO_DIRECT_TITLE_FALLBACK,no,no,no,no,no,no
3878,4130-10,3,INSIZE | اینسایز,اینسایز,4130-10,33,THREAD_PLUG_GAUGE,گیج رزوه توپی,گیج رزوه توپی,APPROVED,yes,VARIANT_REQUIRED,gauge_nominal_size,HOLD_MISSING_VARIANT_FACT,N/A,nominal_size,,,,no,گیج رزوه برو نرو توپی اینسایز (Insize) 10×1.5mm مدل 10-4130,,گیج رزوه برو نرو توپی اینسایز (Insize) 10×1.5mm مدل 10-4130,,HOLD_MISSING_VARIANT_FACT,required_published_variant_fact_missing,manufacturer_code_missing|uses_model_label|wrong_product_type,no,,yes,NO_DIRECT_TITLE_FALLBACK,no,no,yes,no,no,no
3880,4130-12,3,INSIZE | اینسایز,اینسایز,4130-12,33,THREAD_PLUG_GAUGE,گیج رزوه توپی,گیج رزوه توپی,APPROVED,yes,VARIANT_REQUIRED,gauge_nominal_size,HOLD_MISSING_VARIANT_FACT,N/A,nominal_size,,,,no,گیج رزوه برو نرو توپی اینسایز (Insize) 12×1.75mm مدل 12-4130,,گیج رزوه برو نرو توپی اینسایز (Insize) 12×1.75mm مدل 12-4130,,HOLD_MISSING_VARIANT_FACT,required_published_variant_fact_missing,manufacturer_code_missing|uses_model_label|wrong_product_type,no,,yes,NO_DIRECT_TITLE_FALLBACK,no,no,no,no,no,no
3881,4130-14,3,INSIZE | اینسایز,اینسایز,4130-14,33,THREAD_PLUG_GAUGE,گیج رزوه توپی,گیج رزوه توپی,APPROVED,yes,VARIANT_REQUIRED,gauge_nominal_size,HOLD_MISSING_VARIANT_FACT,N/A,nominal_size,,,,no,گیج رزوه برو نرو توپی اینسایز (Insize) 14x2mm مدل 14-4130,,گیج رزوه برو نرو توپی اینسایز (Insize) 14x2mm مدل 14-4130,,HOLD_MISSING_VARIANT_FACT,required_published_variant_fact_missing,manufacturer_code_missing|uses_model_label|wrong_product_type,no,,yes,NO_DIRECT_TITLE_FALLBACK,no,no,no,no,no,no
3882,4130-16,3,INSIZE | اینسایز,اینسایز,4130-16,33,THREAD_PLUG_GAUGE,گیج رزوه توپی,گیج رزوه توپی,APPROVED,yes,VARIANT_REQUIRED,gauge_nominal_size,HOLD_MISSING_VARIANT_FACT,N/A,nominal_size,,,,no,گیج رزوه برو نرو توپی اینسایز (Insize) 16x2mm مدل 16-4130,,گیج رزوه برو نرو توپی اینسایز (Insize) 16x2mm مدل 16-4130,,HOLD_MISSING_VARIANT_FACT,required_published_variant_fact_missing,manufacturer_code_missing|uses_model_label|wrong_product_type,no,,yes,NO_DIRECT_TITLE_FALLBACK,no,no,no,no,no,no
3883,4130-18,3,INSIZE | اینسایز,اینسایز,4130-18,33,THREAD_PLUG_GAUGE,گیج رزوه توپی,گیج رزوه توپی,APPROVED,yes,VARIANT_REQUIRED,gauge_nominal_size,HOLD_MISSING_VARIANT_FACT,N/A,nominal_size,,,,no,گیج رزوه برو نرو توپی اینسایز (Insize) 18×2.5mm مدل 18-4130,,گیج رزوه برو نرو توپی اینسایز (Insize) 18×2.5mm مدل 18-4130,,HOLD_MISSING_VARIANT_FACT,required_published_variant_fact_missing,manufacturer_code_missing|uses_model_label|wrong_product_type,no,,yes,NO_DIRECT_TITLE_FALLBACK,no,no,no,no,no,no
3884,4130-20,3,INSIZE | اینسایز,اینسایز,4130-20,33,THREAD_PLUG_GAUGE,گیج رزوه توپی,گیج رزوه توپی,APPROVED,yes,VARIANT_REQUIRED,gauge_nominal_size,HOLD_MISSING_VARIANT_FACT,N/A,nominal_size,,,,no,گیج رزوه برو نرو توپی اینسایز (Insize) 20×2.5mm مدل 20-4130,,گیج رزوه برو نرو توپی اینسایز (Insize) 20×2.5mm مدل 20-4130,,HOLD_MISSING_VARIANT_FACT,required_published_variant_fact_missing,manufacturer_code_missing|uses_model_label|wrong_product_type,no,,yes,NO_DIRECT_TITLE_FALLBACK,no,no,no,no,no,no
3885,4130-22,3,INSIZE | اینسایز,اینسایز,4130-22,33,THREAD_PLUG_GAUGE,گیج رزوه توپی,گیج رزوه توپی,APPROVED,yes,VARIANT_REQUIRED,gauge_nominal_size,HOLD_MISSING_VARIANT_FACT,N/A,nominal_size,,,,no,گیج رزوه برو نرو توپی اینسایز (Insize) 22×2.5mm مدل 22-4130,,گیج رزوه برو نرو توپی اینسایز (Insize) 22×2.5mm مدل 22-4130,,HOLD_MISSING_VARIANT_FACT,required_published_variant_fact_missing,manufacturer_code_missing|uses_model_label|wrong_product_type,no,,yes,NO_DIRECT_TITLE_FALLBACK,no,no,no,no,no,no
3886,4130-24,3,INSIZE | اینسایز,اینسایز,4130-24,33,THREAD_PLUG_GAUGE,گیج رزوه توپی,گیج رزوه توپی,APPROVED,yes,VARIANT_REQUIRED,gauge_nominal_size,HOLD_MISSING_VARIANT_FACT,N/A,nominal_size,,,,no,گیج رزوه برو نرو توپی اینسایز (Insize) 24x3mm مدل 24-4130,,گیج رزوه برو نرو توپی اینسایز (Insize) 24x3mm مدل 24-4130,,HOLD_MISSING_VARIANT_FACT,required_published_variant_fact_missing,manufacturer_code_missing|uses_model_label|wrong_product_type,no,,yes,NO_DIRECT_TITLE_FALLBACK,no,no,no,no,no,no
3887,4130-27,3,INSIZE | اینسایز,اینسایز,4130-27,33,THREAD_PLUG_GAUGE,گیج رزوه توپی,گیج رزوه توپی,APPROVED,yes,VARIANT_REQUIRED,gauge_nominal_size,HOLD_MISSING_VARIANT_FACT,N/A,nominal_size,,,,no,گیج رزوه برو نرو توپی اینسایز (Insize) 27x3mm مدل 27-4130,,گیج رزوه برو نرو توپی اینسایز (Insize) 27x3mm مدل 27-4130,,HOLD_MISSING_VARIANT_FACT,required_published_variant_fact_missing,manufacturer_code_missing|uses_model_label|wrong_product_type,no,,yes,NO_DIRECT_TITLE_FALLBACK,no,no,no,no,no,no
3889,4130-30,3,INSIZE | اینسایز,اینسایز,4130-30,33,THREAD_PLUG_GAUGE,گیج رزوه توپی,گیج رزوه توپی,APPROVED,yes,VARIANT_REQUIRED,gauge_nominal_size,HOLD_MISSING_VARIANT_FACT,N/A,nominal_size,,,,no,گیج رزوه برو نرو توپی اینسایز (Insize) 30×3.5mm مدل 30-4130,,گیج رزوه برو نرو توپی اینسایز (Insize) 30×3.5mm مدل 30-4130,,HOLD_MISSING_VARIANT_FACT,required_published_variant_fact_missing,manufacturer_code_missing|uses_model_label|wrong_product_type,no,,yes,NO_DIRECT_TITLE_FALLBACK,no,no,no,no,no,no
3891,4166-10,3,INSIZE | اینسایز,اینسایز,4166-10,24,PIN_GAUGE,پین گیج,پین گیج,APPROVED,yes,VARIANT_REQUIRED,gauge_nominal_size,HOLD_MISSING_VARIANT_FACT,N/A,nominal_size,,,,no,ست پین گیج اینسایز (Insize) 9.5-10 میلی متر 51 پارچه مدل 10-4166,,ست پین گیج اینسایز (Insize) 9.5-10 میلی متر 51 پارچه مدل 10-4166,,HOLD_MISSING_VARIANT_FACT,required_published_variant_fact_missing,manufacturer_code_missing|uses_model_label,no,,yes,NO_DIRECT_TITLE_FALLBACK,yes,no,no,yes,yes,no
3892,4166-3D,3,INSIZE | اینسایز,اینسایز,4166-3D,24,PIN_GAUGE,پین گیج,پین گیج,APPROVED,yes,VARIANT_REQUIRED,gauge_nominal_size,HOLD_MISSING_VARIANT_FACT,N/A,nominal_size,,,,no,ست پین گیج اینسایز (Insize) 3.5 – 3 میلی متر 51 پارچه مدل 3D-4166,,ست پین گیج اینسایز (Insize) 3.5 – 3 میلی متر 51 پارچه مدل 3D-4166,,HOLD_MISSING_VARIANT_FACT,required_published_variant_fact_missing,manufacturer_code_missing|uses_model_label,no,,yes,NO_DIRECT_TITLE_FALLBACK,yes,no,no,yes,yes,no
3895,0312-TH50,3,INSIZE | اینسایز,اینسایز,0312-TH50,67,MOISTURE_METER,رطوبت‌سنج,رطوبت‌سنج,APPROVED,yes,VARIANT_NOT_REQUIRED_APPROVED,OEM manufacturer_code identifies moisture meter model; OEM manufacturer_code uniquely identifies commercial model; no single governed specification required for title identity,VARIANT_NOT_REQUIRED_APPROVED,PASS,,,,,no,رطوبت سنج / دماسنج اینسایز (Insize) مدل 0312-TH50,رطوبت‌سنج اینسایز کد 0312-TH50,رطوبت سنج / دماسنج اینسایز (Insize) مدل 0312-TH50,رطوبت‌سنج اینسایز کد 0312-TH50,HOLD_MULTI_FUNCTION_IDENTITY_CONFLICT,multi_function_temperature_humidity_title_drops_temperature,model_to_code_candidate|uses_model_label|wrong_product_type,no,,yes,NO_DIRECT_TITLE_FALLBACK,no,no,yes,no,no,no
3896,1106-1005,3,INSIZE | اینسایز,اینسایز,1106-1005,1,GEN_CALIPER,کولیس عمومی,,HOLD,no,VARIANT_REQUIRED,metrology_caliper_buyer_range,,N/A,,,,,no,کولیس دیجیتال اینسایز (Insize) 100 سانتی‌ متر فک بلند مدل 1005-1106,,کولیس دیجیتال اینسایز (Insize) 100 سانتی‌ متر فک بلند مدل 1005-1106,,HOLD_PRODUCT_TYPE_NAMING_POLICY,generic_product_type_label,manufacturer_code_missing|uses_model_label|wrong_product_type,no,,yes,NO_DIRECT_TITLE_FALLBACK,yes,no,no,yes,yes,no
3897,1106-1503,3,INSIZE | اینسایز,اینسایز,1106-1503,1,GEN_CALIPER,کولیس عمومی,,HOLD,no,VARIANT_REQUIRED,metrology_caliper_buyer_range,,N/A,,,,,no,کولیس دیجیتال اینسایز (Insize) فک بلند مدل 1503-1106,,کولیس دیجیتال اینسایز (Insize) فک بلند مدل 1503-1106,,HOLD_PRODUCT_TYPE_NAMING_POLICY,generic_product_type_label,manufacturer_code_missing|uses_model_label|wrong_product_type,no,,yes,NO_DIRECT_TITLE_FALLBACK,yes,no,no,yes,yes,no
3898,1106-2002,3,INSIZE | اینسایز,اینسایز,1106-2002,1,GEN_CALIPER,کولیس عمومی,,HOLD,no,VARIANT_REQUIRED,metrology_caliper_buyer_range,,N/A,,,,,no,کولیس دیجیتال اینسایز (Insize) 200 سانتی‌ متری فک بلند مدل 2002-1106,,کولیس دیجیتال اینسایز (Insize) 200 سانتی‌ متری فک بلند مدل 2002-1106,,HOLD_PRODUCT_TYPE_NAMING_POLICY,generic_product_type_label,manufacturer_code_missing|uses_model_label|wrong_product_type,no,,yes,NO_DIRECT_TITLE_FALLBACK,yes,no,no,yes,yes,no
3899,1110-150A,3,INSIZE | اینسایز,اینسایز,1110-150A,1,GEN_CALIPER,کولیس عمومی,,HOLD,no,VARIANT_REQUIRED,metrology_caliper_buyer_range,,N/A,,,,,no,کولیس دیجیتال 15 سانت با فک الماس اینسایز مدل 1110-150A,,کولیس دیجیتال 15 سانت با فک الماس اینسایز مدل 1110-150A,,HOLD_PRODUCT_TYPE_NAMING_POLICY,generic_product_type_label,uses_model_label|wrong_product_type,no,,yes,NO_DIRECT_TITLE_FALLBACK,yes,yes,yes,yes,yes,yes
3900,1110-300A,3,INSIZE | اینسایز,اینسایز,1110-300A,1,GEN_CALIPER,کولیس عمومی,,HOLD,no,VARIANT_REQUIRED,metrology_caliper_buyer_range,,N/A,,,,,no,کولیس دیجیتال 30 سانت با فک الماس اینسایز مدل 1110-300A,,کولیس دیجیتال 30 سانت با فک الماس اینسایز مدل 1110-300A,,HOLD_PRODUCT_TYPE_NAMING_POLICY,generic_product_type_label,uses_model_label|wrong_product_type,no,,yes,NO_DIRECT_TITLE_FALLBACK,yes,yes,yes,yes,yes,yes
3901,1141-1000,3,INSIZE | اینسایز,اینسایز,1141-1000,2,DEPTH_GAUGE,عمق‌سنج,عمق‌سنج,APPROVED,yes,VARIANT_REQUIRED,metrology_working_range,SUFFIX_GOVERNED,PASS,measurement_range,"{""max"": 1000.0, ""min"": 0.0}",0–1000 میلی‌متر,604,yes,عمق سنج دیجیتال اینسایز (Insize) 1 متری مدل 1000-1141,عمق‌سنج اینسایز کد 1141-1000، 0–1000 میلی‌متر,عمق سنج دیجیتال اینسایز (Insize) 1 متری مدل 1000-1141,عمق‌سنج اینسایز کد 1141-1000، 0–1000 میلی‌متر,HOLD_OEM_SEMANTIC_EVIDENCE_MISSING,no_identity_registry_entry,manufacturer_code_missing|model_to_code_candidate|uses_model_label|wrong_product_type,no,,yes,NO_DIRECT_TITLE_FALLBACK,yes,no,no,yes,yes,no
3902,1180-6,3,INSIZE | اینسایز,اینسایز,1180-6,34,CHAMFER_GAUGE,گیج پخ,گیج پخ,APPROVED,yes,VARIANT_NOT_REQUIRED_APPROVED,OEM manufacturer_code identifies chamfer gauge model; OEM manufacturer_code uniquely identifies commercial model; no single governed specification required for title identity,VARIANT_NOT_REQUIRED_APPROVED,PASS,,,,,no,گیج پخ دیجیتال اینسایز (Insize) 0-10 میلیمتر 45 درجه مدل 6-1180,گیج پخ اینسایز کد 1180-6,گیج پخ دیجیتال اینسایز (Insize) 0-10 میلیمتر 45 درجه مدل 6-1180,گیج پخ اینسایز کد 1180-6,HOLD_OEM_SEMANTIC_EVIDENCE_MISSING,accessory_only_occurrence,manufacturer_code_missing|model_to_code_candidate|uses_model_label,no,,yes,NO_DIRECT_TITLE_FALLBACK,yes,no,no,yes,yes,no
3904,1205-150S,3,INSIZE | اینسایز,اینسایز,1205-150S,1,GEN_CALIPER,کولیس عمومی,,HOLD,no,VARIANT_REQUIRED,metrology_caliper_buyer_range,,N/A,,,,,no,کولیس استنلس استیل معمولی اینسایز (Insize) 15 سانت مدل 150S-1205,,کولیس استنلس استیل معمولی اینسایز (Insize) 15 سانت مدل 150S-1205,,HOLD_PRODUCT_TYPE_NAMING_POLICY,generic_product_type_label,manufacturer_code_missing|uses_model_label|wrong_product_type,no,,yes,NO_DIRECT_TITLE_FALLBACK,yes,no,no,yes,yes,no
3905,1205-200S,3,INSIZE | اینسایز,اینسایز,1205-200S,1,GEN_CALIPER,کولیس عمومی,,HOLD,no,VARIANT_REQUIRED,metrology_caliper_buyer_range,,N/A,,,,,no,کولیس استنلس استیل معمولی 20 سانت اینسایز مدل 1205-200S,,کولیس استنلس استیل معمولی 20 سانت اینسایز مدل 1205-200S,,HOLD_PRODUCT_TYPE_NAMING_POLICY,generic_product_type_label,uses_model_label|wrong_product_type,no,,yes,NO_DIRECT_TITLE_FALLBACK,yes,yes,yes,yes,yes,yes
3907,1205-300S,3,INSIZE | اینسایز,اینسایز,1205-300S,1,GEN_CALIPER,کولیس عمومی,,HOLD,no,VARIANT_REQUIRED,metrology_caliper_buyer_range,,N/A,,,,,no,کولیس استنلس استیل معمولی اینسایز (Insize) 30 سانت مدل 300S-1205,,کولیس استنلس استیل معمولی اینسایز (Insize) 30 سانت مدل 300S-1205,,HOLD_PRODUCT_TYPE_NAMING_POLICY,generic_product_type_label,manufacturer_code_missing|uses_model_label|wrong_product_type,no,,yes,NO_DIRECT_TITLE_FALLBACK,yes,no,yes,yes,yes,no
3909,2115-10,3,INSIZE | اینسایز,اینسایز,2115-10,17,DIAL_INDICATOR,ساعت اندازه‌گیری,ساعت اندازه‌گیری,APPROVED,yes,VARIANT_REQUIRED,metrology_working_range,SUFFIX_GOVERNED,PASS,measurement_range,"{""max"": 12.7, ""min"": 0.0}",0–12.7 میلی‌متر,736,yes,ساعت اندیکاتور دیجیتال (ضدآب ) اینسایز (Insize) مدل 10-2115,ساعت اندازه‌گیری اینسایز کد 2115-10، 0–12.7 میلی‌متر,ساعت اندیکاتور دیجیتال (ضدآب ) اینسایز (Insize) مدل 10-2115,ساعت اندازه‌گیری اینسایز کد 2115-10، 0–12.7 میلی‌متر,HOLD_OEM_SEMANTIC_EVIDENCE_MISSING,oem_heading_not_in_canonical_identity_policy,manufacturer_code_missing|model_to_code_candidate|uses_model_label|wrong_product_type,no,,yes,NO_DIRECT_TITLE_FALLBACK,yes,no,no,yes,yes,no
3913,2122-60,3,INSIZE | اینسایز,اینسایز,2122-60,18,BORE_GAUGE,بورگیج / گیج داخل سیلندر,,HOLD,no,VARIANT_REQUIRED,bore_gauge_range_required,,N/A,,,,,no,گیج داخل سیلندر اینسایز (Insize) دیجیتال 60-35 میلی متری مدل 60-2122,,گیج داخل سیلندر اینسایز (Insize) دیجیتال 60-35 میلی متری مدل 60-2122,,HOLD_PRODUCT_TYPE_NAMING_POLICY,synonym_or_slash_label,manufacturer_code_missing|uses_model_label|wrong_product_type,no,,yes,NO_DIRECT_TITLE_FALLBACK,no,no,no,no,no,no
3915,2153-10,3,INSIZE | اینسایز,اینسایز,2153-10,18,BORE_GAUGE,بورگیج / گیج داخل سیلندر,,HOLD,no,VARIANT_REQUIRED,bore_gauge_range_required,,N/A,,,,,no,گیج داخل سیلندر اینسایز (Insize) 6-10 میلی متری مدل 10-2153,,گیج داخل سیلندر اینسایز (Insize) 6-10 میلی متری مدل 10-2153,,HOLD_PRODUCT_TYPE_NAMING_POLICY,synonym_or_slash_label,manufacturer_code_missing|uses_model_label|wrong_product_type,no,,yes,NO_DIRECT_TITLE_FALLBACK,yes,no,no,yes,yes,no
3917,2163-25,3,INSIZE | اینسایز,اینسایز,2163-25,23,THICKNESS_GAUGE,ضخامت‌سنج,ضخامت‌سنج,APPROVED,yes,VARIANT_REQUIRED,metrology_working_range,SUFFIX_GOVERNED,PASS,measurement_range,"{""max"": 25.0, ""min"": 0.0}",0–25 میلی‌متر,1120,yes,ضخامت سنج دیجیتال اینسایز (Insize) مدل 25-2163,ضخامت‌سنج اینسایز کد 2163-25، 0–25 میلی‌متر,ضخامت سنج دیجیتال اینسایز (Insize) مدل 25-2163,ضخامت‌سنج اینسایز کد 2163-25، 0–25 میلی‌متر,HOLD_OEM_SEMANTIC_EVIDENCE_MISSING,oem_heading_not_in_canonical_identity_policy,manufacturer_code_missing|model_to_code_candidate|uses_model_label|wrong_product_type,no,,yes,NO_DIRECT_TITLE_FALLBACK,yes,no,no,yes,yes,no
3919,2198-2,3,INSIZE | اینسایز,اینسایز,2198-2,27,LEVEL,تراز,تراز,APPROVED,no,HOLD_VARIANT_POLICY_UNDEFINED,level_variant_policy_pending_owner,HOLD_VARIANT_POLICY_UNDEFINED,N/A,,,,,no,شیب سنج و سطح سنج دیجیتال اینسایز (Insize) مدل 2-2198,,شیب سنج و سطح سنج دیجیتال اینسایز (Insize) مدل 2-2198,,HOLD_VARIANT_POLICY_UNDEFINED,level_variant_policy_pending_owner,manufacturer_code_missing|uses_model_label|wrong_product_type,no,,yes,NO_DIRECT_TITLE_FALLBACK,yes,no,no,yes,yes,no
3920,2199-1,3,INSIZE | اینسایز,اینسایز,2199-1,28,DIGITAL_LEVEL,تراز دیجیتال,تراز دیجیتال,APPROVED,no,HOLD_VARIANT_POLICY_UNDEFINED,level_variant_policy_pending_owner,HOLD_VARIANT_POLICY_UNDEFINED,N/A,,,,,no,متر دیجیتال و ژیروسکوپ 2 محوره اینسایز (Insize) مدل 1-2199,,متر دیجیتال و ژیروسکوپ 2 محوره اینسایز (Insize) مدل 1-2199,,HOLD_VARIANT_POLICY_UNDEFINED,level_variant_policy_pending_owner,manufacturer_code_missing|uses_model_label|wrong_product_type,no,,yes,NO_DIRECT_TITLE_FALLBACK,no,no,no,no,no,no
3922,2365-10,3,INSIZE | اینسایز,اینسایز,2365-10,23,THICKNESS_GAUGE,ضخامت‌سنج,ضخامت‌سنج,APPROVED,yes,VARIANT_REQUIRED,metrology_working_range,SUFFIX_GOVERNED,PASS,measurement_range,"{""max"": 10.0, ""min"": 0.0}",0–10 میلی‌متر,1123,yes,ضخامت سنج ساعتی بازو بلند اینسایز (Insize) 10 میلیمتر مدل 10-2365,ضخامت‌سنج اینسایز کد 2365-10، 0–10 میلی‌متر,ضخامت سنج ساعتی بازو بلند اینسایز (Insize) 10 میلیمتر مدل 10-2365,ضخامت‌سنج اینسایز کد 2365-10، 0–10 میلی‌متر,HOLD_OEM_SEMANTIC_EVIDENCE_MISSING,accessory_only_occurrence,manufacturer_code_missing|model_to_code_candidate|uses_model_label|wrong_product_type,no,,yes,NO_DIRECT_TITLE_FALLBACK,yes,no,no,yes,yes,no
3923,2825-60,3,INSIZE | اینسایز,اینسایز,2825-60,18,BORE_GAUGE,بورگیج / گیج داخل سیلندر,,HOLD,no,VARIANT_REQUIRED,bore_gauge_range_required,,N/A,,,,,no,گیج داخل سیلندر ساعتی اینسایز (Insize) 35-60 میلیمتر مدل 60-2825,,گیج داخل سیلندر ساعتی اینسایز (Insize) 35-60 میلیمتر مدل 60-2825,,HOLD_PRODUCT_TYPE_NAMING_POLICY,synonym_or_slash_label,manufacturer_code_missing|uses_model_label|wrong_product_type,no,,yes,NO_DIRECT_TITLE_FALLBACK,yes,no,no,yes,yes,no
3924,2825-35,3,INSIZE | اینسایز,اینسایز,2825-35,18,BORE_GAUGE,بورگیج / گیج داخل سیلندر,,HOLD,no,VARIANT_REQUIRED,bore_gauge_range_required,,N/A,,,,,no,گیج داخل سیلندر ساعتی اینسایز (Insize) 18-35 میلیمتر مدل 35-2825,,گیج داخل سیلندر ساعتی اینسایز (Insize) 18-35 میلیمتر مدل 35-2825,,HOLD_PRODUCT_TYPE_NAMING_POLICY,synonym_or_slash_label,manufacturer_code_missing|uses_model_label|wrong_product_type,no,,yes,NO_DIRECT_TITLE_FALLBACK,yes,no,no,yes,yes,no
3925,2827-60,3,INSIZE | اینسایز,اینسایز,2827-60,18,BORE_GAUGE,بورگیج / گیج داخل سیلندر,,HOLD,no,VARIANT_REQUIRED,bore_gauge_range_required,,N/A,,,,,no,گیج داخل سیلندر اینسایز (Insize) 60-35 مدل 60-2827,,گیج داخل سیلندر اینسایز (Insize) 60-35 مدل 60-2827,,HOLD_PRODUCT_TYPE_NAMING_POLICY,synonym_or_slash_label,manufacturer_code_missing|uses_model_label|wrong_product_type,no,,yes,NO_DIRECT_TITLE_FALLBACK,no,no,no,no,no,no
3927,2875-30,3,INSIZE | اینسایز,اینسایز,2875-30,23,THICKNESS_GAUGE,ضخامت‌سنج,ضخامت‌سنج,APPROVED,yes,VARIANT_REQUIRED,metrology_working_range,SUFFIX_GOVERNED,PASS,measurement_range,"{""max"": 30.0, ""min"": 0.0}",0–30 میلی‌متر,1126,yes,ضخامت سنج ساعتی بازوبلند اینسایز (Insize) عمق 30 سانت کورس 5.5 مدل 30-2875,ضخامت‌سنج اینسایز کد 2875-30، 0–30 میلی‌متر,ضخامت سنج ساعتی بازوبلند اینسایز (Insize) عمق 30 سانت کورس 5.5 مدل 30-2875,ضخامت‌سنج اینسایز کد 2875-30، 0–30 میلی‌متر,HOLD_OEM_SEMANTIC_EVIDENCE_MISSING,accessory_only_occurrence,manufacturer_code_missing|model_to_code_candidate|uses_model_label|wrong_product_type,no,,yes,NO_DIRECT_TITLE_FALLBACK,no,no,no,no,no,no
3928,2878-71B,3,INSIZE | اینسایز,اینسایز,2878-71B,,,,,,no,,,,N/A,,,,,no,پایه ضخامت سنج گرانیت اینسایز (Insize) همراه با ساعت دیجیتال مدل 71B-2878,,پایه ضخامت سنج گرانیت اینسایز (Insize) همراه با ساعت دیجیتال مدل 71B-2878,,HOLD_MISSING_PRODUCT_TYPE,product_type_id_null,manufacturer_code_missing|uses_model_label,no,,yes,NO_DIRECT_TITLE_FALLBACK,yes,no,no,yes,yes,no
3929,2878-6A,3,INSIZE | اینسایز,اینسایز,2878-6A,,,,,,no,,,,N/A,,,,,no,پایه ضخامت سنج اینسایز (Insize) همراه با ساعت دیجیتال مدل 6A-2878,,پایه ضخامت سنج اینسایز (Insize) همراه با ساعت دیجیتال مدل 6A-2878,,HOLD_MISSING_PRODUCT_TYPE,product_type_id_null,manufacturer_code_missing|uses_model_label,no,,no,YES,yes,no,no,yes,yes,no
3931,3101-25,3,INSIZE | اینسایز,اینسایز,3101-25,13,OUTSIDE_MICROMETER,میکرومتر خارج‌سنج,میکرومتر خارج‌سنج,APPROVED,yes,VARIANT_REQUIRED,metrology_micrometer_buyer_range,SUFFIX_GOVERNED,PASS,measurement_range,"{""max"": 25.0, ""min"": 0.0}",0–25 میلی‌متر,499,yes,میکرومتر دیجیتال اینسایز (Insize) خارج سنج 25-0 میلیمتر مدل 25-3101,میکرومتر خارج‌سنج اینسایز کد 3101-25، 0–25 میلی‌متر,میکرومتر دیجیتال اینسایز (Insize) خارج سنج 25-0 میلیمتر مدل 25-3101,میکرومتر خارج‌سنج اینسایز کد 3101-25، 0–25 میلی‌متر,HOLD_OEM_SEMANTIC_EVIDENCE_MISSING,no_identity_registry_entry,manufacturer_code_missing|model_to_code_candidate|uses_model_label|wrong_product_type,no,,yes,NO_DIRECT_TITLE_FALLBACK,no,no,no,no,no,no
3933,3260-25SA,3,INSIZE | اینسایز,اینسایز,3260-25SA,13,OUTSIDE_MICROMETER,میکرومتر خارج‌سنج,میکرومتر خارج‌سنج,APPROVED,yes,VARIANT_REQUIRED,metrology_micrometer_buyer_range,SUFFIX_GOVERNED,PASS,measurement_range,"{""max"": 25.0, ""min"": 0.0}",0–25 میلی‌متر,502,yes,میکرومتر لوله دو سر کروی اینسایز (Insize) 0-25 میلی متر مدل 25SA-3260,میکرومتر خارج‌سنج اینسایز کد 3260-25SA، 0–25 میلی‌متر,میکرومتر لوله دو سر کروی اینسایز (Insize) 0-25 میلی متر مدل 25SA-3260,میکرومتر خارج‌سنج اینسایز کد 3260-25SA، 0–25 میلی‌متر,HOLD_OEM_SEMANTIC_EVIDENCE_MISSING,accessory_only_occurrence,manufacturer_code_missing|model_to_code_candidate|uses_model_label|wrong_product_type,no,,yes,NO_DIRECT_TITLE_FALLBACK,yes,no,no,yes,yes,no
3935,3287-25B,3,INSIZE | اینسایز,اینسایز,3287-25B,19,INSIDE_MICROMETER,میکرومتر داخل‌سنج,میکرومتر داخل‌سنج,APPROVED,yes,VARIANT_REQUIRED,metrology_micrometer_buyer_range,SUFFIX_GOVERNED,PASS,measurement_range,"{""max"": 25.0, ""min"": 0.0}",0–25 میلی‌متر,1418,yes,میکرومتر داخل شیار اینسایز (Insize) 0-25 میلی متر مدل 25B-3287,میکرومتر داخل‌سنج اینسایز کد 3287-25B، 0–25 میلی‌متر,میکرومتر داخل شیار اینسایز (Insize) 0-25 میلی متر مدل 25B-3287,میکرومتر داخل‌سنج اینسایز کد 3287-25B، 0–25 میلی‌متر,HOLD_OEM_SEMANTIC_EVIDENCE_MISSING,accessory_only_occurrence,manufacturer_code_missing|model_to_code_candidate|uses_model_label|wrong_product_type,no,,yes,NO_DIRECT_TITLE_FALLBACK,yes,no,no,yes,yes,no
3936,3332-25,3,INSIZE | اینسایز,اینسایز,3332-25,13,OUTSIDE_MICROMETER,میکرومتر خارج‌سنج,میکرومتر خارج‌سنج,APPROVED,yes,VARIANT_REQUIRED,metrology_micrometer_buyer_range,SUFFIX_GOVERNED,PASS,measurement_range,"{""max"": 25.0, ""min"": 0.0}",0–25 میلی‌متر,505,yes,میکرومتر پاسومتر اینسایز (Insize) 0-25 میلی متر مدل 25-3332,میکرومتر خارج‌سنج اینسایز کد 3332-25، 0–25 میلی‌متر,میکرومتر پاسومتر اینسایز (Insize) 0-25 میلی متر مدل 25-3332,میکرومتر خارج‌سنج اینسایز کد 3332-25، 0–25 میلی‌متر,HOLD_OEM_SEMANTIC_EVIDENCE_MISSING,accessory_only_occurrence,manufacturer_code_missing|model_to_code_candidate|uses_model_label|wrong_product_type,no,,yes,NO_DIRECT_TITLE_FALLBACK,yes,no,no,yes,yes,no
3937,3358-25,3,INSIZE | اینسایز,اینسایز,3358-25,13,OUTSIDE_MICROMETER,میکرومتر خارج‌سنج,میکرومتر خارج‌سنج,APPROVED,yes,VARIANT_REQUIRED,metrology_micrometer_buyer_range,SUFFIX_GOVERNED,PASS,measurement_range,"{""max"": 25.0, ""min"": 0.0}",0–25 میلی‌متر,508,yes,میکرومتر دیجیتال پاسومتر اینسایز (Insize) جهت سری کاری مدل 25-3358,میکرومتر خارج‌سنج اینسایز کد 3358-25، 0–25 میلی‌متر,میکرومتر دیجیتال پاسومتر اینسایز (Insize) جهت سری کاری مدل 25-3358,میکرومتر خارج‌سنج اینسایز کد 3358-25، 0–25 میلی‌متر,HOLD_OEM_SEMANTIC_EVIDENCE_MISSING,oem_heading_not_in_canonical_identity_policy,manufacturer_code_missing|model_to_code_candidate|uses_model_label|wrong_product_type,no,,yes,NO_DIRECT_TITLE_FALLBACK,yes,no,no,yes,yes,no
3938,3540-50,3,INSIZE | اینسایز,اینسایز,3540-50,2,DEPTH_GAUGE,عمق‌سنج,عمق‌سنج,APPROVED,yes,VARIANT_REQUIRED,metrology_working_range,SUFFIX_GOVERNED,PASS,measurement_range,"{""max"": 50.0, ""min"": 0.0}",0–50 میلی‌متر,607,yes,عمق سنج میله ای دیجیتال اینسایز (Insize) 0-50 میلی متر مدل 50-3540,عمق‌سنج اینسایز کد 3540-50، 0–50 میلی‌متر,عمق سنج میله ای دیجیتال اینسایز (Insize) 0-50 میلی متر مدل 50-3540,عمق‌سنج اینسایز کد 3540-50، 0–50 میلی‌متر,HOLD_OEM_SEMANTIC_EVIDENCE_MISSING,accessory_only_occurrence,manufacturer_code_missing|model_to_code_candidate|uses_model_label|wrong_product_type,no,,yes,NO_DIRECT_TITLE_FALLBACK,yes,no,no,yes,yes,no
3942,4100-8,3,INSIZE | اینسایز,اینسایز,4100-8,,,,,,no,,,,N/A,,,,,no,جعبه راپورتر 8 پارچه اینسایز (Insize) سایز 500-100 مدل 8-4100,,جعبه راپورتر 8 پارچه اینسایز (Insize) سایز 500-100 مدل 8-4100,,HOLD_MISSING_PRODUCT_TYPE,product_type_id_null,manufacturer_code_missing|uses_model_label,no,,yes,NO_DIRECT_TITLE_FALLBACK,yes,no,no,yes,yes,no
3944,3127-5,3,INSIZE | اینسایز,اینسایز,3127-5,19,INSIDE_MICROMETER,میکرومتر داخل‌سنج,میکرومتر داخل‌سنج,APPROVED,yes,VARIANT_REQUIRED,metrology_micrometer_buyer_range,SUFFIX_GOVERNED,PASS,measurement_range,"{""max"": 5.0, ""min"": 4.0}",4–5 میلی‌متر,928,yes,میکرومتر داخل سه فک دیجیتال اینسایز (Insize) 4-5 میلی متر مدل 5-3127,میکرومتر داخل‌سنج اینسایز کد 3127-5، 4–5 میلی‌متر,میکرومتر داخل سه فک دیجیتال اینسایز (Insize) 4-5 میلی متر مدل 5-3127,میکرومتر داخل‌سنج اینسایز کد 3127-5، 4–5 میلی‌متر,HOLD_OEM_SEMANTIC_EVIDENCE_MISSING,no_primary_product_occurrence,manufacturer_code_missing|model_to_code_candidate|uses_model_label|wrong_product_type,no,,yes,NO_DIRECT_TITLE_FALLBACK,yes,no,no,yes,yes,no
3946,3127-6,3,INSIZE | اینسایز,اینسایز,3127-6,19,INSIDE_MICROMETER,میکرومتر داخل‌سنج,میکرومتر داخل‌سنج,APPROVED,yes,VARIANT_REQUIRED,metrology_micrometer_buyer_range,SUFFIX_GOVERNED,PASS,measurement_range,"{""max"": 6.0, ""min"": 5.0}",5–6 میلی‌متر,931,yes,میکرومتر داخل سه فک دیجیتال اینسایز (Insize) 5-6 میلی متر مدل 6-3127,میکرومتر داخل‌سنج اینسایز کد 3127-6، 5–6 میلی‌متر,میکرومتر داخل سه فک دیجیتال اینسایز (Insize) 5-6 میلی متر مدل 6-3127,میکرومتر داخل‌سنج اینسایز کد 3127-6، 5–6 میلی‌متر,HOLD_OEM_SEMANTIC_EVIDENCE_MISSING,no_primary_product_occurrence,manufacturer_code_missing|model_to_code_candidate|uses_model_label|wrong_product_type,no,,yes,NO_DIRECT_TITLE_FALLBACK,yes,no,no,yes,yes,no
3947,3203-10A,3,INSIZE | اینسایز,اینسایز,3203-10A,13,OUTSIDE_MICROMETER,میکرومتر خارج‌سنج,میکرومتر خارج‌سنج,APPROVED,yes,VARIANT_REQUIRED,metrology_micrometer_buyer_range,SUFFIX_GOVERNED,PASS,measurement_range,"{""max"": 254.0, ""min"": 228.6}",228.6–254 میلی‌متر,511,yes,میکرومتر اینسایز (Insize) 9–10 اینچ خارج سنج مدل 3203-10A,میکرومتر خارج‌سنج اینسایز کد 3203-10A، 228.6–254 میلی‌متر,میکرومتر اینسایز (Insize) 9–10 اینچ خارج سنج مدل 3203-10A,میکرومتر خارج‌سنج اینسایز کد 3203-10A، 228.6–254 میلی‌متر,HOLD_OEM_SEMANTIC_EVIDENCE_MISSING,no_primary_product_occurrence,model_to_code_candidate|uses_model_label|wrong_product_type,no,,yes,NO_DIRECT_TITLE_FALLBACK,yes,no,no,yes,yes,no
3949,3203-7A,3,INSIZE | اینسایز,اینسایز,3203-7A,13,OUTSIDE_MICROMETER,میکرومتر خارج‌سنج,میکرومتر خارج‌سنج,APPROVED,yes,VARIANT_REQUIRED,metrology_micrometer_buyer_range,SUFFIX_GOVERNED,PASS,measurement_range,"{""max"": 177.8, ""min"": 152.4}",152.4–177.8 میلی‌متر,514,yes,میکرومتر اینسایز (Insize) 6–7 اینچ خارج سنج مدل 3203-7A,میکرومتر خارج‌سنج اینسایز کد 3203-7A، 152.4–177.8 میلی‌متر,میکرومتر اینسایز (Insize) 6–7 اینچ خارج سنج مدل 3203-7A,میکرومتر خارج‌سنج اینسایز کد 3203-7A، 152.4–177.8 میلی‌متر,HOLD_OEM_SEMANTIC_EVIDENCE_MISSING,no_primary_product_occurrence,model_to_code_candidate|uses_model_label|wrong_product_type,no,,yes,NO_DIRECT_TITLE_FALLBACK,yes,no,no,yes,yes,no
3950,3203-8A,3,INSIZE | اینسایز,اینسایز,3203-8A,13,OUTSIDE_MICROMETER,میکرومتر خارج‌سنج,میکرومتر خارج‌سنج,APPROVED,yes,VARIANT_REQUIRED,metrology_micrometer_buyer_range,SUFFIX_GOVERNED,PASS,measurement_range,"{""max"": 203.2, ""min"": 177.8}",177.8–203.2 میلی‌متر,517,yes,میکرومتر اینسایز (Insize) 7–8 اینچ خارج سنج مدل 3203-8A,میکرومتر خارج‌سنج اینسایز کد 3203-8A، 177.8–203.2 میلی‌متر,میکرومتر اینسایز (Insize) 7–8 اینچ خارج سنج مدل 3203-8A,میکرومتر خارج‌سنج اینسایز کد 3203-8A، 177.8–203.2 میلی‌متر,HOLD_OEM_SEMANTIC_EVIDENCE_MISSING,no_primary_product_occurrence,model_to_code_candidate|uses_model_label|wrong_product_type,no,,yes,NO_DIRECT_TITLE_FALLBACK,yes,no,no,yes,yes,no
3952,3203-9A,3,INSIZE | اینسایز,اینسایز,3203-9A,13,OUTSIDE_MICROMETER,میکرومتر خارج‌سنج,میکرومتر خارج‌سنج,APPROVED,yes,VARIANT_REQUIRED,metrology_micrometer_buyer_range,SUFFIX_GOVERNED,PASS,measurement_range,"{""max"": 300.0, ""min"": 0.0}",0–300 میلی‌متر,520,yes,میکرومتر اینسایز (Insize) 8–9 اینچ خارج سنج مدل 3203-9A,میکرومتر خارج‌سنج اینسایز کد 3203-9A، 0–300 میلی‌متر,میکرومتر اینسایز (Insize) 8–9 اینچ خارج سنج مدل 3203-9A,میکرومتر خارج‌سنج اینسایز کد 3203-9A، 0–300 میلی‌متر,HOLD_OEM_SEMANTIC_EVIDENCE_MISSING,no_primary_product_occurrence,model_to_code_candidate|uses_model_label|wrong_product_type,no,,yes,NO_DIRECT_TITLE_FALLBACK,yes,no,no,yes,yes,no
3954,3227-6,3,INSIZE | اینسایز,اینسایز,3227-6,19,INSIDE_MICROMETER,میکرومتر داخل‌سنج,میکرومتر داخل‌سنج,APPROVED,yes,VARIANT_REQUIRED,metrology_micrometer_buyer_range,SUFFIX_GOVERNED,PASS,measurement_range,"{""max"": 6.0, ""min"": 5.0}",5–6 میلی‌متر,934,yes,میکرومتر اینسایز (Insize) 5-6 میلی متری داخل سه فک مدل 6-3227,میکرومتر داخل‌سنج اینسایز کد 3227-6، 5–6 میلی‌متر,میکرومتر اینسایز (Insize) 5-6 میلی متری داخل سه فک مدل 6-3227,میکرومتر داخل‌سنج اینسایز کد 3227-6، 5–6 میلی‌متر,HOLD_OEM_SEMANTIC_EVIDENCE_MISSING,oem_heading_not_in_canonical_identity_policy,manufacturer_code_missing|model_to_code_candidate|uses_model_label|wrong_product_type,no,,yes,NO_DIRECT_TITLE_FALLBACK,yes,no,no,yes,yes,no
3956,4129-10Q,3,INSIZE | اینسایز,اینسایز,4129-10Q,,,,,,no,,,,N/A,,,,,no,گیج رینگی برو اینسایز (Insize) 1.25-10 میلی متر مدل 10Q-4129,,گیج رینگی برو اینسایز (Insize) 1.25-10 میلی متر مدل 10Q-4129,,HOLD_MISSING_PRODUCT_TYPE,product_type_id_null,manufacturer_code_missing|uses_model_label,no,,yes,NO_DIRECT_TITLE_FALLBACK,no,no,no,no,no,no
3957,4129-10QN,3,INSIZE | اینسایز,اینسایز,4129-10QN,,,,,,no,,,,N/A,,,,,no,گیج رینگی نرو اینسایز (Insize) 1.25-10 میلی متر مدل 10QN-4129,,گیج رینگی نرو اینسایز (Insize) 1.25-10 میلی متر مدل 10QN-4129,,HOLD_MISSING_PRODUCT_TYPE,product_type_id_null,manufacturer_code_missing|uses_model_label,no,,yes,NO_DIRECT_TITLE_FALLBACK,no,no,no,no,no,no
3959,4129-12R,3,INSIZE | اینسایز,اینسایز,4129-12R,,,,,,no,,,,N/A,,,,,no,گیج رینگی برو اینسایز (Insize) 1.5-12 میلی متر مدل 12R-4129,,گیج رینگی برو اینسایز (Insize) 1.5-12 میلی متر مدل 12R-4129,,HOLD_MISSING_PRODUCT_TYPE,product_type_id_null,manufacturer_code_missing|uses_model_label,no,,yes,NO_DIRECT_TITLE_FALLBACK,no,no,no,no,no,no
3960,4129-12RN,3,INSIZE | اینسایز,اینسایز,4129-12RN,,,,,,no,,,,N/A,,,,,no,گیج رینگی نرو اینسایز (Insize) 1.5-12 میلی متر مدل 12RN-4129,,گیج رینگی نرو اینسایز (Insize) 1.5-12 میلی متر مدل 12RN-4129,,HOLD_MISSING_PRODUCT_TYPE,product_type_id_null,manufacturer_code_missing|uses_model_label,no,,yes,NO_DIRECT_TITLE_FALLBACK,no,no,no,no,no,no
3962,4129-14R,3,INSIZE | اینسایز,اینسایز,4129-14R,,,,,,no,,,,N/A,,,,,no,گیج رینگی برو اینسایز (Insize) 1.5-14 میلی متر مدل 14R-4129,,گیج رینگی برو اینسایز (Insize) 1.5-14 میلی متر مدل 14R-4129,,HOLD_MISSING_PRODUCT_TYPE,product_type_id_null,manufacturer_code_missing|uses_model_label,no,,yes,NO_DIRECT_TITLE_FALLBACK,no,no,no,no,no,no
3963,4129-14RN,3,INSIZE | اینسایز,اینسایز,4129-14RN,,,,,,no,,,,N/A,,,,,no,گیج رینگی نرو اینسایز (Insize) 1.5-14 میلی متر مدل 14RN-4129,,گیج رینگی نرو اینسایز (Insize) 1.5-14 میلی متر مدل 14RN-4129,,HOLD_MISSING_PRODUCT_TYPE,product_type_id_null,manufacturer_code_missing|uses_model_label,no,,yes,NO_DIRECT_TITLE_FALLBACK,no,no,no,no,no,no
3964,4129-16R,3,INSIZE | اینسایز,اینسایز,4129-16R,,,,,,no,,,,N/A,,,,,no,گیج رینگی برو اینسایز (Insize) 1.5-16 میلی متر مدل 16R-4129,,گیج رینگی برو اینسایز (Insize) 1.5-16 میلی متر مدل 16R-4129,,HOLD_MISSING_PRODUCT_TYPE,product_type_id_null,manufacturer_code_missing|uses_model_label,no,,no,YES,no,no,no,no,no,no
3965,4129-16RN,3,INSIZE | اینسایز,اینسایز,4129-16RN,,,,,,no,,,,N/A,,,,,no,گیج رینگی نرو اینسایز (Insize) 1.5-16 میلی متر مدل 16RN-4129,,گیج رینگی نرو اینسایز (Insize) 1.5-16 میلی متر مدل 16RN-4129,,HOLD_MISSING_PRODUCT_TYPE,product_type_id_null,manufacturer_code_missing|uses_model_label,no,,yes,NO_DIRECT_TITLE_FALLBACK,no,no,no,no,no,no
3967,4129-18T,3,INSIZE | اینسایز,اینسایز,4129-18T,,,,,,no,,,,N/A,,,,,no,گیج رینگی برو اینسایز (Insize) 2-18 میلی متر مدل 18T-4129,,گیج رینگی برو اینسایز (Insize) 2-18 میلی متر مدل 18T-4129,,HOLD_MISSING_PRODUCT_TYPE,product_type_id_null,manufacturer_code_missing|uses_model_label,no,,yes,NO_DIRECT_TITLE_FALLBACK,no,no,no,no,no,no
3968,4129-18TN,3,INSIZE | اینسایز,اینسایز,4129-18TN,,,,,,no,,,,N/A,,,,,no,گیج رینگی نرو اینسایز (Insize) 2-18 میلی متر مدل 18TN-4129,,گیج رینگی نرو اینسایز (Insize) 2-18 میلی متر مدل 18TN-4129,,HOLD_MISSING_PRODUCT_TYPE,product_type_id_null,manufacturer_code_missing|uses_model_label,no,,yes,NO_DIRECT_TITLE_FALLBACK,no,no,no,no,no,no
3969,4129-20T,3,INSIZE | اینسایز,اینسایز,4129-20T,,,,,,no,,,,N/A,,,,,no,گیج رینگی برو اینسایز (Insize) 2-20 میلی متر مدل 20T-4129,,گیج رینگی برو اینسایز (Insize) 2-20 میلی متر مدل 20T-4129,,HOLD_MISSING_PRODUCT_TYPE,product_type_id_null,manufacturer_code_missing|uses_model_label,no,,yes,NO_DIRECT_TITLE_FALLBACK,no,no,no,no,no,no
3970,4129-20TN,3,INSIZE | اینسایز,اینسایز,4129-20TN,,,,,,no,,,,N/A,,,,,no,گیج رینگی نرو اینسایز (Insize) 2-20 میلی متر مدل 20TN-4129,,گیج رینگی نرو اینسایز (Insize) 2-20 میلی متر مدل 20TN-4129,,HOLD_MISSING_PRODUCT_TYPE,product_type_id_null,manufacturer_code_missing|uses_model_label,no,,yes,NO_DIRECT_TITLE_FALLBACK,no,no,no,no,no,no
3972,4129-22T,3,INSIZE | اینسایز,اینسایز,4129-22T,,,,,,no,,,,N/A,,,,,no,گیج رینگی برو اینسایز (Insize) 2-22 میلی متر مدل 22T-4129,,گیج رینگی برو اینسایز (Insize) 2-22 میلی متر مدل 22T-4129,,HOLD_MISSING_PRODUCT_TYPE,product_type_id_null,manufacturer_code_missing|uses_model_label,no,,yes,NO_DIRECT_TITLE_FALLBACK,no,no,no,no,no,no
3973,4129-22TN,3,INSIZE | اینسایز,اینسایز,4129-22TN,,,,,,no,,,,N/A,,,,,no,گیج رینگی نرو اینسایز (Insize) 2-22 میلی متر مدل 22TN-4129,,گیج رینگی نرو اینسایز (Insize) 2-22 میلی متر مدل 22TN-4129,,HOLD_MISSING_PRODUCT_TYPE,product_type_id_null,manufacturer_code_missing|uses_model_label,no,,yes,NO_DIRECT_TITLE_FALLBACK,no,no,no,no,no,no
3975,4129-24T,3,INSIZE | اینسایز,اینسایز,4129-24T,,,,,,no,,,,N/A,,,,,no,گیج رینگی برو اینسایز (Insize) 2-24 میلی متر مدل 24T-4129,,گیج رینگی برو اینسایز (Insize) 2-24 میلی متر مدل 24T-4129,,HOLD_MISSING_PRODUCT_TYPE,product_type_id_null,manufacturer_code_missing|uses_model_label,no,,yes,NO_DIRECT_TITLE_FALLBACK,no,no,no,no,no,no
3976,4129-24TN,3,INSIZE | اینسایز,اینسایز,4129-24TN,,,,,,no,,,,N/A,,,,,no,گیج رینگی نرو اینسایز (Insize) 2-24 میلی متر مدل 24TN-4129,,گیج رینگی نرو اینسایز (Insize) 2-24 میلی متر مدل 24TN-4129,,HOLD_MISSING_PRODUCT_TYPE,product_type_id_null,manufacturer_code_missing|uses_model_label,no,,yes,NO_DIRECT_TITLE_FALLBACK,no,no,no,no,no,no
3978,4129-25T,3,INSIZE | اینسایز,اینسایز,4129-25T,,,,,,no,,,,N/A,,,,,no,گیج رینگی برو اینسایز (Insize) 2-25 میلی متر مدل 25T-4129,,گیج رینگی برو اینسایز (Insize) 2-25 میلی متر مدل 25T-4129,,HOLD_MISSING_PRODUCT_TYPE,product_type_id_null,manufacturer_code_missing|uses_model_label,no,,yes,NO_DIRECT_TITLE_FALLBACK,no,no,no,no,no,no
3980,4129-25TN,3,INSIZE | اینسایز,اینسایز,4129-25TN,,,,,,no,,,,N/A,,,,,no,گیج رینگی نرو اینسایز (Insize) 2-25 میلی متر مدل 25TN-4129,,گیج رینگی نرو اینسایز (Insize) 2-25 میلی متر مدل 25TN-4129,,HOLD_MISSING_PRODUCT_TYPE,product_type_id_null,manufacturer_code_missing|uses_model_label,no,,yes,NO_DIRECT_TITLE_FALLBACK,no,no,no,no,no,no
3981,4129-26T,3,INSIZE | اینسایز,اینسایز,4129-26T,,,,,,no,,,,N/A,,,,,no,گیج رینگی برو اینسایز (Insize) 2-26 میلی متر مدل 26T-4129,,گیج رینگی برو اینسایز (Insize) 2-26 میلی متر مدل 26T-4129,,HOLD_MISSING_PRODUCT_TYPE,product_type_id_null,manufacturer_code_missing|uses_model_label,no,,yes,NO_DIRECT_TITLE_FALLBACK,no,no,no,no,no,no
3982,4129-26TN,3,INSIZE | اینسایز,اینسایز,4129-26TN,,,,,,no,,,,N/A,,,,,no,گیج رینگی نرو اینسایز (Insize) 2-26 میلی متر مدل 26TN-4129,,گیج رینگی نرو اینسایز (Insize) 2-26 میلی متر مدل 26TN-4129,,HOLD_MISSING_PRODUCT_TYPE,product_type_id_null,manufacturer_code_missing|uses_model_label,no,,yes,NO_DIRECT_TITLE_FALLBACK,no,no,no,no,no,no
3984,4129-27T,3,INSIZE | اینسایز,اینسایز,4129-27T,,,,,,no,,,,N/A,,,,,no,گیج رینگی برو اینسایز (Insize) 2-27 میلی متر مدل 27T-4129,,گیج رینگی برو اینسایز (Insize) 2-27 میلی متر مدل 27T-4129,,HOLD_MISSING_PRODUCT_TYPE,product_type_id_null,manufacturer_code_missing|uses_model_label,no,,yes,NO_DIRECT_TITLE_FALLBACK,no,no,no,no,no,no
3985,4129-27TN,3,INSIZE | اینسایز,اینسایز,4129-27TN,,,,,,no,,,,N/A,,,,,no,گیج رینگی نرو اینسایز (Insize) 2-27 میلی متر مدل 27TN-4129,,گیج رینگی نرو اینسایز (Insize) 2-27 میلی متر مدل 27TN-4129,,HOLD_MISSING_PRODUCT_TYPE,product_type_id_null,manufacturer_code_missing|uses_model_label,no,,yes,NO_DIRECT_TITLE_FALLBACK,no,no,no,no,no,no
3987,4129-28T,3,INSIZE | اینسایز,اینسایز,4129-28T,,,,,,no,,,,N/A,,,,,no,گیج رینگی برو اینسایز (Insize) 2-28 میلی متر مدل 28T-4129,,گیج رینگی برو اینسایز (Insize) 2-28 میلی متر مدل 28T-4129,,HOLD_MISSING_PRODUCT_TYPE,product_type_id_null,manufacturer_code_missing|uses_model_label,no,,yes,NO_DIRECT_TITLE_FALLBACK,no,no,no,no,no,no
3989,4129-28TN,3,INSIZE | اینسایز,اینسایز,4129-28TN,,,,,,no,,,,N/A,,,,,no,گیج رینگی نرو اینسایز (Insize) 2-28 میلی متر مدل 28TN-4129,,گیج رینگی نرو اینسایز (Insize) 2-28 میلی متر مدل 28TN-4129,,HOLD_MISSING_PRODUCT_TYPE,product_type_id_null,manufacturer_code_missing|uses_model_label,no,,yes,NO_DIRECT_TITLE_FALLBACK,no,no,no,no,no,no
3990,4129-30T,3,INSIZE | اینسایز,اینسایز,4129-30T,,,,,,no,,,,N/A,,,,,no,گیج رینگی برو اینسایز (Insize) 2-30 میلی متر مدل 30T-4129,,گیج رینگی برو اینسایز (Insize) 2-30 میلی متر مدل 30T-4129,,HOLD_MISSING_PRODUCT_TYPE,product_type_id_null,manufacturer_code_missing|uses_model_label,no,,yes,NO_DIRECT_TITLE_FALLBACK,no,no,no,no,no,no
3992,4129-30TN,3,INSIZE | اینسایز,اینسایز,4129-30TN,,,,,,no,,,,N/A,,,,,no,گیج رینگی نرو اینسایز (Insize) 2-30 میلی متر مدل 30TN-4129,,گیج رینگی نرو اینسایز (Insize) 2-30 میلی متر مدل 30TN-4129,,HOLD_MISSING_PRODUCT_TYPE,product_type_id_null,manufacturer_code_missing|uses_model_label,no,,yes,NO_DIRECT_TITLE_FALLBACK,no,no,no,no,no,no
3994,4129-8P,3,INSIZE | اینسایز,اینسایز,4129-8P,,,,,,no,,,,N/A,,,,,no,گیج رینگی برو اینسایز (Insize) 1-8 میلی متر مدل 8P-4129,,گیج رینگی برو اینسایز (Insize) 1-8 میلی متر مدل 8P-4129,,HOLD_MISSING_PRODUCT_TYPE,product_type_id_null,manufacturer_code_missing|uses_model_label,no,,yes,NO_DIRECT_TITLE_FALLBACK,no,no,no,no,no,no
3995,4129-8PN,3,INSIZE | اینسایز,اینسایز,4129-8PN,,,,,,no,,,,N/A,,,,,no,گیج رینگی نرو اینسایز (Insize) 1-8 میلی متر مدل 8PN-4129,,گیج رینگی نرو اینسایز (Insize) 1-8 میلی متر مدل 8PN-4129,,HOLD_MISSING_PRODUCT_TYPE,product_type_id_null,manufacturer_code_missing|uses_model_label,no,,yes,NO_DIRECT_TITLE_FALLBACK,no,no,no,no,no,no
3997,4130-1,3,INSIZE | اینسایز,اینسایز,4130-1,33,THREAD_PLUG_GAUGE,گیج رزوه توپی,گیج رزوه توپی,APPROVED,yes,VARIANT_REQUIRED,gauge_nominal_size,HOLD_MISSING_VARIANT_FACT,N/A,nominal_size,,,,no,گیج رزوه برو نرو توپی اینسایز (Insize) 1×0.25mm مدل 1-4130,,گیج رزوه برو نرو توپی اینسایز (Insize) 1×0.25mm مدل 1-4130,,HOLD_MISSING_VARIANT_FACT,required_published_variant_fact_missing,manufacturer_code_missing|uses_model_label|wrong_product_type,no,,yes,NO_DIRECT_TITLE_FALLBACK,no,no,no,no,no,no
3999,4139-10Q,3,INSIZE | اینسایز,اینسایز,4139-10Q,,,,,,no,,,,N/A,,,,,no,گیج رزوه برو نرو توپی اینسایز (Insize) 10×1.25mm مدل 10Q-4139,,گیج رزوه برو نرو توپی اینسایز (Insize) 10×1.25mm مدل 10Q-4139,,HOLD_MISSING_PRODUCT_TYPE,product_type_id_null,manufacturer_code_missing|uses_model_label,no,,yes,NO_DIRECT_TITLE_FALLBACK,no,no,yes,no,no,no
4001,4139-12R,3,INSIZE | اینسایز,اینسایز,4139-12R,,,,,,no,,,,N/A,,,,,no,گیج رزوه برو نرو توپی اینسایز (Insize) 12×1.5mm مدل 12R-4139,,گیج رزوه برو نرو توپی اینسایز (Insize) 12×1.5mm مدل 12R-4139,,HOLD_MISSING_PRODUCT_TYPE,product_type_id_null,manufacturer_code_missing|uses_model_label,no,,yes,NO_DIRECT_TITLE_FALLBACK,no,no,no,no,no,no
4003,4139-14R,3,INSIZE | اینسایز,اینسایز,4139-14R,,,,,,no,,,,N/A,,,,,no,گیج رزوه برو نرو توپی اینسایز (Insize) 14×1.5mm مدل 14R-4139,,گیج رزوه برو نرو توپی اینسایز (Insize) 14×1.5mm مدل 14R-4139,,HOLD_MISSING_PRODUCT_TYPE,product_type_id_null,manufacturer_code_missing|uses_model_label,no,,yes,NO_DIRECT_TITLE_FALLBACK,no,no,no,no,no,no
4005,4139-16R,3,INSIZE | اینسایز,اینسایز,4139-16R,,,,,,no,,,,N/A,,,,,no,گیج رزوه برو نرو توپی اینسایز (Insize) 16×1.5mm مدل 16R-4139,,گیج رزوه برو نرو توپی اینسایز (Insize) 16×1.5mm مدل 16R-4139,,HOLD_MISSING_PRODUCT_TYPE,product_type_id_null,manufacturer_code_missing|uses_model_label,no,,yes,NO_DIRECT_TITLE_FALLBACK,no,no,no,no,no,no
4007,4139-18T,3,INSIZE | اینسایز,اینسایز,4139-18T,,,,,,no,,,,N/A,,,,,no,گیج رزوه برو نرو توپی اینسایز (Insize) 18×2mm مدل 18T-4139,,گیج رزوه برو نرو توپی اینسایز (Insize) 18×2mm مدل 18T-4139,,HOLD_MISSING_PRODUCT_TYPE,product_type_id_null,manufacturer_code_missing|uses_model_label,no,,yes,NO_DIRECT_TITLE_FALLBACK,no,no,no,no,no,no
4008,4139-20T,3,INSIZE | اینسایز,اینسایز,4139-20T,,,,,,no,,,,N/A,,,,,no,گیج رزوه برو نرو توپی اینسایز (Insize) 20×2mm مدل 20T-4139,,گیج رزوه برو نرو توپی اینسایز (Insize) 20×2mm مدل 20T-4139,,HOLD_MISSING_PRODUCT_TYPE,product_type_id_null,manufacturer_code_missing|uses_model_label,no,,yes,NO_DIRECT_TITLE_FALLBACK,no,no,no,no,no,no
4010,4139-22T,3,INSIZE | اینسایز,اینسایز,4139-22T,,,,,,no,,,,N/A,,,,,no,گیج رزوه برو نرو توپی اینسایز (Insize) 22×2mm مدل 22T-4139,,گیج رزوه برو نرو توپی اینسایز (Insize) 22×2mm مدل 22T-4139,,HOLD_MISSING_PRODUCT_TYPE,product_type_id_null,manufacturer_code_missing|uses_model_label,no,,yes,NO_DIRECT_TITLE_FALLBACK,no,no,no,no,no,no
4011,4139-24T,3,INSIZE | اینسایز,اینسایز,4139-24T,,,,,,no,,,,N/A,,,,,no,گیج رزوه برو نرو توپی اینسایز (Insize) 24×2mm مدل 24T-4139,,گیج رزوه برو نرو توپی اینسایز (Insize) 24×2mm مدل 24T-4139,,HOLD_MISSING_PRODUCT_TYPE,product_type_id_null,manufacturer_code_missing|uses_model_label,no,,no,YES,no,no,no,no,no,no
4012,4139-25T,3,INSIZE | اینسایز,اینسایز,4139-25T,,,,,,no,,,,N/A,,,,,no,گیج رزوه برو نرو توپی اینسایز (Insize) 25×2mm مدل 25T-4139,,گیج رزوه برو نرو توپی اینسایز (Insize) 25×2mm مدل 25T-4139,,HOLD_MISSING_PRODUCT_TYPE,product_type_id_null,manufacturer_code_missing|uses_model_label,no,,yes,NO_DIRECT_TITLE_FALLBACK,no,no,no,no,no,no
4014,4139-26T,3,INSIZE | اینسایز,اینسایز,4139-26T,,,,,,no,,,,N/A,,,,,no,گیج رزوه برو نرو توپی اینسایز (Insize) 26×2mm مدل 26T-4139,,گیج رزوه برو نرو توپی اینسایز (Insize) 26×2mm مدل 26T-4139,,HOLD_MISSING_PRODUCT_TYPE,product_type_id_null,manufacturer_code_missing|uses_model_label,no,,yes,NO_DIRECT_TITLE_FALLBACK,no,no,no,no,no,no
4016,4139-27T,3,INSIZE | اینسایز,اینسایز,4139-27T,,,,,,no,,,,N/A,,,,,no,گیج رزوه برو نرو توپی اینسایز (Insize) 27×2mm مدل 27T-4139,,گیج رزوه برو نرو توپی اینسایز (Insize) 27×2mm مدل 27T-4139,,HOLD_MISSING_PRODUCT_TYPE,product_type_id_null,manufacturer_code_missing|uses_model_label,no,,yes,NO_DIRECT_TITLE_FALLBACK,no,no,no,no,no,no
4017,4139-28T,3,INSIZE | اینسایز,اینسایز,4139-28T,,,,,,no,,,,N/A,,,,,no,گیج رزوه برو نرو توپی اینسایز (Insize) 28×2mm مدل 28T-4139,,گیج رزوه برو نرو توپی اینسایز (Insize) 28×2mm مدل 28T-4139,,HOLD_MISSING_PRODUCT_TYPE,product_type_id_null,manufacturer_code_missing|uses_model_label,no,,yes,NO_DIRECT_TITLE_FALLBACK,no,no,no,no,no,no
4018,4139-30T,3,INSIZE | اینسایز,اینسایز,4139-30T,,,,,,no,,,,N/A,,,,,no,گیج رزوه برو نرو توپی اینسایز (Insize) 30×2mm مدل 30T-4139,,گیج رزوه برو نرو توپی اینسایز (Insize) 30×2mm مدل 30T-4139,,HOLD_MISSING_PRODUCT_TYPE,product_type_id_null,manufacturer_code_missing|uses_model_label,no,,yes,NO_DIRECT_TITLE_FALLBACK,no,no,no,no,no,no
4019,4139-4G,3,INSIZE | اینسایز,اینسایز,4139-4G,,,,,,no,,,,N/A,,,,,no,گیج رزوه برو نرو توپی اینسایز (Insize) 4×0.5mm مدل 4G-4139,,گیج رزوه برو نرو توپی اینسایز (Insize) 4×0.5mm مدل 4G-4139,,HOLD_MISSING_PRODUCT_TYPE,product_type_id_null,manufacturer_code_missing|uses_model_label,no,,yes,NO_DIRECT_TITLE_FALLBACK,no,no,no,no,no,no
4020,4139-5G,3,INSIZE | اینسایز,اینسایز,4139-5G,,,,,,no,,,,N/A,,,,,no,گیج رزوه برو نرو توپی اینسایز (Insize) 5×0.5mm مدل 5G-4139,,گیج رزوه برو نرو توپی اینسایز (Insize) 5×0.5mm مدل 5G-4139,,HOLD_MISSING_PRODUCT_TYPE,product_type_id_null,manufacturer_code_missing|uses_model_label,no,,yes,NO_DIRECT_TITLE_FALLBACK,no,no,no,no,no,no
4022,4139-6G,3,INSIZE | اینسایز,اینسایز,4139-6G,,,,,,no,,,,N/A,,,,,no,گیج رزوه برو نرو توپی اینسایز (Insize) 6×0.5mm مدل 6G-4139,,گیج رزوه برو نرو توپی اینسایز (Insize) 6×0.5mm مدل 6G-4139,,HOLD_MISSING_PRODUCT_TYPE,product_type_id_null,manufacturer_code_missing|uses_model_label,no,,yes,NO_DIRECT_TITLE_FALLBACK,no,no,no,no,no,no
4023,4139-8P,3,INSIZE | اینسایز,اینسایز,4139-8P,,,,,,no,,,,N/A,,,,,no,گیج رزوه برو نرو توپی اینسایز (Insize) 8×1mm مدل 8P-4139,,گیج رزوه برو نرو توپی اینسایز (Insize) 8×1mm مدل 8P-4139,,HOLD_MISSING_PRODUCT_TYPE,product_type_id_null,manufacturer_code_missing|uses_model_label,no,,yes,NO_DIRECT_TITLE_FALLBACK,no,no,no,no,no,no
4024,4168-S25,3,INSIZE | اینسایز,اینسایز,4168-S25,,,,,,no,,,,N/A,,,,,no,ساچمه های اندازه گیری فولادی اینسایز (Insize) 25 پارچه مدل 4168-S25,,ساچمه های اندازه گیری فولادی اینسایز (Insize) 25 پارچه مدل 4168-S25,,HOLD_MISSING_PRODUCT_TYPE,product_type_id_null,uses_model_label,no,,yes,NO_DIRECT_TITLE_FALLBACK,yes,no,no,yes,yes,no
4026,4621-35,3,INSIZE | اینسایز,اینسایز,4621-35,26,FEELER_GAUGE,فیلر نواری,فیلر نواری,APPROVED,yes,VARIANT_NOT_REQUIRED_APPROVED,feeler_blade_set_identified_by_oem_code; OEM manufacturer_code uniquely identifies commercial model; no single governed specification required for title identity,VARIANT_NOT_REQUIRED_APPROVED,PASS,,,,,no,فیلر نواری 5متری اینسایز مدل 4621-35,فیلر نواری اینسایز کد 4621-35,فیلر نواری 5متری اینسایز مدل 4621-35,فیلر نواری اینسایز کد 4621-35,HOLD_OEM_SEMANTIC_EVIDENCE_MISSING,accessory_only_occurrence,model_to_code_candidate|uses_model_label,no,,yes,NO_DIRECT_TITLE_FALLBACK,yes,yes,yes,yes,yes,yes
4028,4790-050,3,INSIZE | اینسایز,اینسایز,4790-050,35,ENGINEERS_SQUARE,گونیا مهندسی,گونیا مهندسی,APPROVED,yes,VARIANT_NOT_REQUIRED_APPROVED,OEM manufacturer_code identifies square size family; no governed range fact contract,VARIANT_NOT_REQUIRED_APPROVED,PASS,,,,,no,گونیا مویی اینسایز (Insize) 40×50 میلی متر مدل 050-4790,گونیا مهندسی اینسایز کد 4790-050,گونیا مویی اینسایز (Insize) 40×50 میلی متر مدل 050-4790,گونیا مهندسی اینسایز کد 4790-050,HOLD_OEM_SEMANTIC_EVIDENCE_MISSING,accessory_only_occurrence,manufacturer_code_missing|model_to_code_candidate|uses_model_label|wrong_product_type,no,,yes,NO_DIRECT_TITLE_FALLBACK,yes,no,no,yes,yes,no
4030,4790-075,3,INSIZE | اینسایز,اینسایز,4790-075,35,ENGINEERS_SQUARE,گونیا مهندسی,گونیا مهندسی,APPROVED,yes,VARIANT_NOT_REQUIRED_APPROVED,OEM manufacturer_code identifies square size family; no governed range fact contract,VARIANT_NOT_REQUIRED_APPROVED,PASS,,,,,no,گونیا مویی اینسایز (Insize) 75×50 میلی متر مدل 075-4790,گونیا مهندسی اینسایز کد 4790-075,گونیا مویی اینسایز (Insize) 75×50 میلی متر مدل 075-4790,گونیا مهندسی اینسایز کد 4790-075,HOLD_OEM_SEMANTIC_EVIDENCE_MISSING,no_primary_product_occurrence,manufacturer_code_missing|model_to_code_candidate|uses_model_label|wrong_product_type,no,,yes,NO_DIRECT_TITLE_FALLBACK,yes,no,no,yes,yes,no
4031,4796-50,3,INSIZE | اینسایز,اینسایز,4796-50,35,ENGINEERS_SQUARE,گونیا مهندسی,گونیا مهندسی,APPROVED,yes,VARIANT_NOT_REQUIRED_APPROVED,OEM manufacturer_code identifies square size family; no governed range fact contract,VARIANT_NOT_REQUIRED_APPROVED,PASS,,,,,no,گونیا صنعتی اینسایز (Insize) 50×30 میلیمتر مدل 50-4796,گونیا مهندسی اینسایز کد 4796-50,گونیا صنعتی اینسایز (Insize) 50×30 میلیمتر مدل 50-4796,گونیا مهندسی اینسایز کد 4796-50,HOLD_OEM_SEMANTIC_EVIDENCE_MISSING,accessory_only_occurrence,manufacturer_code_missing|model_to_code_candidate|uses_model_label|wrong_product_type,no,,yes,NO_DIRECT_TITLE_FALLBACK,yes,no,no,yes,yes,no
4032,4796-75,3,INSIZE | اینسایز,اینسایز,4796-75,35,ENGINEERS_SQUARE,گونیا مهندسی,گونیا مهندسی,APPROVED,yes,VARIANT_NOT_REQUIRED_APPROVED,OEM manufacturer_code identifies square size family; no governed range fact contract,VARIANT_NOT_REQUIRED_APPROVED,PASS,,,,,no,گونیا صنعتی اینسایز (Insize) 75×50 میلیمتر مدل 75-4796,گونیا مهندسی اینسایز کد 4796-75,گونیا صنعتی اینسایز (Insize) 75×50 میلیمتر مدل 75-4796,گونیا مهندسی اینسایز کد 4796-75,HOLD_OEM_SEMANTIC_EVIDENCE_MISSING,accessory_only_occurrence,manufacturer_code_missing|model_to_code_candidate|uses_model_label|wrong_product_type,no,,yes,NO_DIRECT_TITLE_FALLBACK,yes,no,no,yes,yes,no
4033,4829-1,3,INSIZE | اینسایز,اینسایز,4829-1,31,TAPER_GAUGE,گیج مخروطی / شیار,,HOLD,no,HOLD_VARIANT_POLICY_UNDEFINED,taper_gauge_title_pending,,N/A,,,,,no,گپ گیج با خط کش 0.8 - 15طول خط کش 15سانت اینسایز مدل 4829-1,,گپ گیج با خط کش 0.8 - 15طول خط کش 15سانت اینسایز مدل 4829-1,,HOLD_PRODUCT_TYPE_NAMING_POLICY,synonym_or_slash_label,uses_model_label|wrong_product_type,no,,yes,NO_DIRECT_TITLE_FALLBACK,yes,yes,yes,yes,yes,yes
4036,4832-1,3,INSIZE | اینسایز,اینسایز,4832-1,48,FILLET_WELD_GAUGE,گیج جوش نبشی,گیج جوش نبشی,APPROVED,yes,VARIANT_NOT_REQUIRED_APPROVED,OEM manufacturer_code identifies weld gauge template; OEM manufacturer_code uniquely identifies commercial model; no single governed specification required for title identity,VARIANT_NOT_REQUIRED_APPROVED,PASS,,,,,no,گیج جوشکاری فلت اینسایز (Insize) مدل 1-4832,گیج جوش نبشی اینسایز کد 4832-1,گیج جوشکاری فلت اینسایز (Insize) مدل 1-4832,گیج جوش نبشی اینسایز کد 4832-1,READY_RENAME,governed_canonical_name_ready,manufacturer_code_missing|model_to_code_candidate|uses_model_label|wrong_product_type,no,,yes,NO_DIRECT_TITLE_FALLBACK,yes,no,no,yes,yes,no
4037,4833-2,3,INSIZE | اینسایز,اینسایز,4833-2,31,TAPER_GAUGE,گیج مخروطی / شیار,,HOLD,no,HOLD_VARIANT_POLICY_UNDEFINED,taper_gauge_title_pending,,N/A,,,,,no,گپ سنج اینسایز (Insize) 30-15 میلی متر مدل 2-4833,,گپ سنج اینسایز (Insize) 30-15 میلی متر مدل 2-4833,,HOLD_PRODUCT_TYPE_NAMING_POLICY,synonym_or_slash_label,manufacturer_code_missing|uses_model_label|wrong_product_type,no,,yes,NO_DIRECT_TITLE_FALLBACK,yes,no,no,yes,yes,no
4039,4833-3,3,INSIZE | اینسایز,اینسایز,4833-3,31,TAPER_GAUGE,گیج مخروطی / شیار,,HOLD,no,HOLD_VARIANT_POLICY_UNDEFINED,taper_gauge_title_pending,,N/A,,,,,no,گپ سنج اینسایز (Insize) 30-45 میلی متر مدل 3-4833,,گپ سنج اینسایز (Insize) 30-45 میلی متر مدل 3-4833,,HOLD_PRODUCT_TYPE_NAMING_POLICY,synonym_or_slash_label,manufacturer_code_missing|uses_model_label|wrong_product_type,no,,yes,NO_DIRECT_TITLE_FALLBACK,yes,no,no,yes,yes,no
4040,4833-4,3,INSIZE | اینسایز,اینسایز,4833-4,31,TAPER_GAUGE,گیج مخروطی / شیار,,HOLD,no,HOLD_VARIANT_POLICY_UNDEFINED,taper_gauge_title_pending,,N/A,,,,,no,گپ سنج اینسایز (Insize) 60-45 میلی متر مدل 4-4833,,گپ سنج اینسایز (Insize) 60-45 میلی متر مدل 4-4833,,HOLD_PRODUCT_TYPE_NAMING_POLICY,synonym_or_slash_label,manufacturer_code_missing|uses_model_label|wrong_product_type,no,,yes,NO_DIRECT_TITLE_FALLBACK,yes,no,no,yes,yes,no
4044,4836-2,3,INSIZE | اینسایز,اینسایز,4836-2,48,FILLET_WELD_GAUGE,گیج جوش نبشی,گیج جوش نبشی,APPROVED,yes,VARIANT_NOT_REQUIRED_APPROVED,OEM manufacturer_code identifies weld gauge template; OEM manufacturer_code uniquely identifies commercial model; no single governed specification required for title identity,VARIANT_NOT_REQUIRED_APPROVED,PASS,,,,,no,گیج جوش فلت اینسایز (Insize) مدل 2-4836,گیج جوش نبشی اینسایز کد 4836-2,گیج جوش فلت اینسایز (Insize) مدل 2-4836,گیج جوش نبشی اینسایز کد 4836-2,HOLD_OEM_SEMANTIC_EVIDENCE_MISSING,accessory_only_occurrence,manufacturer_code_missing|model_to_code_candidate|uses_model_label|wrong_product_type,no,,yes,NO_DIRECT_TITLE_FALLBACK,yes,no,no,yes,yes,no
4045,4837-1,3,INSIZE | اینسایز,اینسایز,4837-1,31,TAPER_GAUGE,گیج مخروطی / شیار,,HOLD,no,HOLD_VARIANT_POLICY_UNDEFINED,taper_gauge_title_pending,,N/A,,,,,no,گپ گیج با خط کش اینسایز (Insize) 29-1 میلیمتر مدل 1-4837,,گپ گیج با خط کش اینسایز (Insize) 29-1 میلیمتر مدل 1-4837,,HOLD_PRODUCT_TYPE_NAMING_POLICY,synonym_or_slash_label,manufacturer_code_missing|uses_model_label|wrong_product_type,no,,yes,NO_DIRECT_TITLE_FALLBACK,yes,no,no,yes,yes,no
4046,4841-1,3,INSIZE | اینسایز,اینسایز,4841-1,54,WELDING_GAUGE,گیج جوش,گیج جوش,APPROVED,yes,VARIANT_NOT_REQUIRED_APPROVED,OEM manufacturer_code identifies welding gauge template; OEM manufacturer_code uniquely identifies commercial model; no single governed specification required for title identity,VARIANT_NOT_REQUIRED_APPROVED,PASS,,,,,no,گیج هایلو سینگل اینسایز (Insize) مدل 1-4841,گیج جوش اینسایز کد 4841-1,گیج هایلو سینگل اینسایز (Insize) مدل 1-4841,گیج جوش اینسایز کد 4841-1,READY_RENAME,governed_canonical_name_ready,manufacturer_code_missing|model_to_code_candidate|uses_model_label|wrong_product_type,no,,yes,NO_DIRECT_TITLE_FALLBACK,yes,no,no,yes,yes,no
4047,4844-1,3,INSIZE | اینسایز,اینسایز,4844-1,,,,,,no,,,,N/A,,,,,no,گیج زاویه پخ اینسایز (Insize) مدل 1-4844,,گیج زاویه پخ اینسایز (Insize) مدل 1-4844,,HOLD_MISSING_PRODUCT_TYPE,product_type_id_null,manufacturer_code_missing|uses_model_label,no,,yes,NO_DIRECT_TITLE_FALLBACK,yes,no,no,yes,yes,no
4048,4845-2,3,INSIZE | اینسایز,اینسایز,4845-2,55,WET_FILM_THICKNESS_GAUGE,گیج ضخامت فیلم خیس,گیج ضخامت فیلم خیس,APPROVED,yes,VARIANT_NOT_REQUIRED_APPROVED,OEM manufacturer_code identifies wet film gauge model; OEM manufacturer_code uniquely identifies commercial model; no single governed specification required for title identity,VARIANT_NOT_REQUIRED_APPROVED,PASS,,,,,no,گیج فیلم مرطوب 25 - 3000میکرون اینسایز مدل 4845-2,گیج ضخامت فیلم خیس اینسایز کد 4845-2,گیج فیلم مرطوب 25 - 3000میکرون اینسایز مدل 4845-2,گیج ضخامت فیلم خیس اینسایز کد 4845-2,HOLD_OEM_SEMANTIC_EVIDENCE_MISSING,accessory_only_occurrence,model_to_code_candidate|uses_model_label|wrong_product_type,no,,yes,NO_DIRECT_TITLE_FALLBACK,yes,yes,yes,yes,yes,yes
4051,4852-15,3,INSIZE | اینسایز,اینسایز,4852-15,31,TAPER_GAUGE,گیج مخروطی / شیار,,HOLD,no,HOLD_VARIANT_POLICY_UNDEFINED,taper_gauge_title_pending,,N/A,,,,,no,گیج مخروطی اینسایز (Insize) 15-30 میلیمتر مدل 15-4852,,گیج مخروطی اینسایز (Insize) 15-30 میلیمتر مدل 15-4852,,HOLD_PRODUCT_TYPE_NAMING_POLICY,synonym_or_slash_label,manufacturer_code_missing|uses_model_label|wrong_product_type,no,,yes,NO_DIRECT_TITLE_FALLBACK,yes,no,no,yes,yes,no
4053,4852-30,3,INSIZE | اینسایز,اینسایز,4852-30,31,TAPER_GAUGE,گیج مخروطی / شیار,,HOLD,no,HOLD_VARIANT_POLICY_UNDEFINED,taper_gauge_title_pending,,N/A,,,,,no,گیج مخروطی اینسایز (Insize) 30-45 میلیمتر مدل 30-4852,,گیج مخروطی اینسایز (Insize) 30-45 میلیمتر مدل 30-4852,,HOLD_PRODUCT_TYPE_NAMING_POLICY,synonym_or_slash_label,manufacturer_code_missing|uses_model_label|wrong_product_type,no,,yes,NO_DIRECT_TITLE_FALLBACK,yes,no,no,yes,yes,no
4054,4852-3,3,INSIZE | اینسایز,اینسایز,4852-3,31,TAPER_GAUGE,گیج مخروطی / شیار,,HOLD,no,HOLD_VARIANT_POLICY_UNDEFINED,taper_gauge_title_pending,,N/A,,,,,no,گیج مخروطی اینسایز (Insize) 3-16 میلیمتر مدل 3-4852,,گیج مخروطی اینسایز (Insize) 3-16 میلیمتر مدل 3-4852,,HOLD_PRODUCT_TYPE_NAMING_POLICY,synonym_or_slash_label,manufacturer_code_missing|uses_model_label|wrong_product_type,no,,yes,NO_DIRECT_TITLE_FALLBACK,yes,no,no,yes,yes,no
4056,4917-30,3,INSIZE | اینسایز,اینسایز,4917-30,27,LEVEL,تراز,تراز,APPROVED,no,HOLD_VARIANT_POLICY_UNDEFINED,level_variant_policy_pending_owner,HOLD_VARIANT_POLICY_UNDEFINED,N/A,,,,,no,تراز لیزری اینسایز مدل 4917-30,,تراز لیزری اینسایز مدل 4917-30,,HOLD_VARIANT_POLICY_UNDEFINED,level_variant_policy_pending_owner,uses_model_label,no,,yes,NO_DIRECT_TITLE_FALLBACK,yes,yes,yes,yes,yes,yes
4062,6224-40,3,INSIZE | اینسایز,اینسایز,6224-40,,,,,,no,,,,N/A,,,,,no,پایه ساعت کوچک اینسایز (Insize) 40 کیلویی مدل 40-6224,,پایه ساعت کوچک اینسایز (Insize) 40 کیلویی مدل 40-6224,,HOLD_MISSING_PRODUCT_TYPE,product_type_id_null,manufacturer_code_missing|uses_model_label,no,,yes,NO_DIRECT_TITLE_FALLBACK,yes,no,no,yes,yes,no
4065,6228-40,3,INSIZE | اینسایز,اینسایز,6228-40,,,,,,no,,,,N/A,,,,,no,پایه ساعت هیدرولیکی کوچک 40کیلویی اینسایز مدل 6228-40,,پایه ساعت هیدرولیکی کوچک 40کیلویی اینسایز مدل 6228-40,,HOLD_MISSING_PRODUCT_TYPE,product_type_id_null,uses_model_label,no,,yes,NO_DIRECT_TITLE_FALLBACK,yes,yes,yes,yes,yes,yes
4066,6298-2,3,INSIZE | اینسایز,اینسایز,6298-2,,,,,,no,,,,N/A,,,,,no,پایه ساعت شیطانکی اینسایز (Insize) مدل 2-6298,,پایه ساعت شیطانکی اینسایز (Insize) مدل 2-6298,,HOLD_MISSING_PRODUCT_TYPE,product_type_id_null,manufacturer_code_missing|uses_model_label,no,,yes,NO_DIRECT_TITLE_FALLBACK,yes,yes,yes,yes,yes,yes
4069,6511-24,3,INSIZE | اینسایز,اینسایز,6511-24,,,,,,no,,,,N/A,,,,,no,پارالل گیج اینسایز (Insize) مدل 24-6511,,پارالل گیج اینسایز (Insize) مدل 24-6511,,HOLD_MISSING_PRODUCT_TYPE,product_type_id_null,manufacturer_code_missing|uses_model_label,no,,yes,NO_DIRECT_TITLE_FALLBACK,yes,no,no,yes,yes,no
4071,6520-67,3,INSIZE | اینسایز,اینسایز,6520-67,44,PRECISION_VISE,گیره دقیق,گیره دقیق,APPROVED,no,HOLD_VARIANT_POLICY_UNDEFINED,workholding_variant_policy_pending_owner,HOLD_VARIANT_POLICY_UNDEFINED,N/A,,,,,no,گیره دقیق اینسایز (Insize) 0-67 مدل 67-6520,,گیره دقیق اینسایز (Insize) 0-67 مدل 67-6520,,HOLD_VARIANT_POLICY_UNDEFINED,workholding_variant_policy_pending_owner,manufacturer_code_missing|uses_model_label,no,,yes,NO_DIRECT_TITLE_FALLBACK,no,no,no,no,no,no
4072,6520-87,3,INSIZE | اینسایز,اینسایز,6520-87,44,PRECISION_VISE,گیره دقیق,گیره دقیق,APPROVED,no,HOLD_VARIANT_POLICY_UNDEFINED,workholding_variant_policy_pending_owner,HOLD_VARIANT_POLICY_UNDEFINED,N/A,,,,,no,گیره دقیق اینسایز (Insize) 0-87 مدل 87-6520,,گیره دقیق اینسایز (Insize) 0-87 مدل 87-6520,,HOLD_VARIANT_POLICY_UNDEFINED,workholding_variant_policy_pending_owner,manufacturer_code_missing|uses_model_label,no,,yes,NO_DIRECT_TITLE_FALLBACK,no,no,no,no,no,no
4074,6566-2,3,INSIZE | اینسایز,اینسایز,6566-2,70,OPTICAL_EDGE_FINDER,مرکزیاب نوری / الکترونیکی,,HOLD,no,VARIANT_NOT_REQUIRED_APPROVED,OEM manufacturer_code identifies edge finder model (title label HOLD),,N/A,,,,,no,مرکزیاب نوری اینسایز (Insize) مدل 2-6566,,مرکزیاب نوری اینسایز (Insize) مدل 2-6566,,HOLD_PRODUCT_TYPE_NAMING_POLICY,synonym_or_slash_label,manufacturer_code_missing|uses_model_label|wrong_product_type,no,,yes,NO_DIRECT_TITLE_FALLBACK,yes,no,no,yes,yes,no
4076,6832-1,3,INSIZE | اینسایز,اینسایز,6832-1,54,WELDING_GAUGE,گیج جوش,گیج جوش,APPROVED,yes,VARIANT_NOT_REQUIRED_APPROVED,OEM manufacturer_code identifies welding gauge template; OEM manufacturer_code uniquely identifies commercial model; no single governed specification required for title identity,VARIANT_NOT_REQUIRED_APPROVED,PASS,,,,,no,گیج جوشکاری اینسایز (Insize) مدل 1-6832,گیج جوش اینسایز کد 6832-1,گیج جوشکاری اینسایز (Insize) مدل 1-6832,گیج جوش اینسایز کد 6832-1,READY_RENAME,governed_canonical_name_ready,manufacturer_code_missing|model_to_code_candidate|uses_model_label,no,,yes,NO_DIRECT_TITLE_FALLBACK,yes,no,no,yes,yes,no
4077,6896-11,3,INSIZE | اینسایز,اینسایز,6896-11,,,,,,no,,,,N/A,,,,,no,ست وی بلوک اینسایز (Insize) مدل 11-6896,,ست وی بلوک اینسایز (Insize) مدل 11-6896,,HOLD_MISSING_PRODUCT_TYPE,product_type_id_null,manufacturer_code_missing|uses_model_label,no,,yes,NO_DIRECT_TITLE_FALLBACK,yes,no,no,yes,yes,no
4079,6896-13,3,INSIZE | اینسایز,اینسایز,6896-13,,,,,,no,,,,N/A,,,,,no,ست وی بلوک اینسایز (Insize) مدل 13-6896,,ست وی بلوک اینسایز (Insize) مدل 13-6896,,HOLD_MISSING_PRODUCT_TYPE,product_type_id_null,manufacturer_code_missing|uses_model_label,no,,yes,NO_DIRECT_TITLE_FALLBACK,yes,no,no,yes,yes,no
4081,7110-1200,3,INSIZE | اینسایز,اینسایز,7110-1200,29,STEEL_RULE,خط‌کش فلزی,خط‌کش فلزی,APPROVED,yes,VARIANT_REQUIRED,length_instrument_working_range,SUFFIX_GOVERNED,PASS,measurement_range,"{""max"": 1200.0, ""min"": 0.0}",0–1200 میلی‌متر,1234,yes,خط کش استن استیل اینسایز (Insize) 1.2 متر مدل 1200-7110,خط‌کش فلزی اینسایز کد 7110-1200، 0–1200 میلی‌متر,خط کش استن استیل اینسایز (Insize) 1.2 متر مدل 1200-7110,خط‌کش فلزی اینسایز کد 7110-1200، 0–1200 میلی‌متر,HOLD_OEM_SEMANTIC_EVIDENCE_MISSING,accessory_only_occurrence,manufacturer_code_missing|model_to_code_candidate|uses_model_label|wrong_product_type,no,,yes,NO_DIRECT_TITLE_FALLBACK,yes,no,no,yes,yes,no
4082,7144-1,3,INSIZE | اینسایز,اینسایز,7144-1,50,MEASURING_WHEEL,چرخ‌متر,چرخ‌متر,APPROVED,yes,VARIANT_REQUIRED,governed wheel travel range displayed in meters for buyer-facing title,SUFFIX_GOVERNED,PASS,measurement_range,"{""max"": 9999900, ""min"": 100}",0.1–9999.9 متر,1583,yes,چرخ متر اینسایز (Insize) 0.1 – 9999.9 متر مدل 1-7144,چرخ‌متر اینسایز کد 7144-1، 0.1–9999.9 متر,چرخ متر اینسایز (Insize) 0.1 – 9999.9 متر مدل 1-7144,چرخ‌متر اینسایز کد 7144-1، 0.1–9999.9 متر,READY_RENAME,governed_canonical_name_ready,manufacturer_code_missing|model_to_code_candidate|uses_model_label|wrong_product_type,no,,yes,NO_DIRECT_TITLE_FALLBACK,yes,no,no,yes,yes,no
4084,7145-1,3,INSIZE | اینسایز,اینسایز,7145-1,50,MEASURING_WHEEL,چرخ‌متر,چرخ‌متر,APPROVED,yes,VARIANT_REQUIRED,governed wheel travel range displayed in meters for buyer-facing title,SUFFIX_GOVERNED,PASS,measurement_range,"{""max"": 9999900, ""min"": 100}",0.1–9999.9 متر,1740,yes,چرخ متر اینسایز (Insize) 0.1 – 9999.9 متر همراه با کوله پشتی مدل 1-7145,چرخ‌متر اینسایز کد 7145-1، 0.1–9999.9 متر,چرخ متر اینسایز (Insize) 0.1 – 9999.9 متر همراه با کوله پشتی مدل 1-7145,چرخ‌متر اینسایز کد 7145-1، 0.1–9999.9 متر,READY_RENAME,governed_canonical_name_ready,manufacturer_code_missing|model_to_code_candidate|uses_model_label|wrong_product_type,no,,yes,NO_DIRECT_TITLE_FALLBACK,yes,no,no,yes,yes,no
4085,7161-1,3,INSIZE | اینسایز,اینسایز,7161-1,,,,,,no,,,,N/A,,,,,no,مگنت تلسکوپی اینسایز (Insize) مدل 1-7161,,مگنت تلسکوپی اینسایز (Insize) مدل 1-7161,,HOLD_MISSING_PRODUCT_TYPE,product_type_id_null,manufacturer_code_missing|uses_model_label,no,,yes,NO_DIRECT_TITLE_FALLBACK,yes,no,no,yes,yes,no
4086,7163-1,3,INSIZE | اینسایز,اینسایز,7163-1,,,,,,no,,,,N/A,,,,,no,مگنت تلسکوپی (چراغ دار) اینسایز (Insize) مدل 1-7163,,مگنت تلسکوپی (چراغ دار) اینسایز (Insize) مدل 1-7163,,HOLD_MISSING_PRODUCT_TYPE,product_type_id_null,manufacturer_code_missing|uses_model_label,no,,yes,NO_DIRECT_TITLE_FALLBACK,yes,no,no,yes,yes,no
4088,7302-21,3,INSIZE | اینسایز,اینسایز,7302-21,,,,,,no,,,,N/A,,,,,no,کابل انتقال داده کولیس دیجیتال اینسایز (Insize) 3 متر مدل 21-7302,,کابل انتقال داده کولیس دیجیتال اینسایز (Insize) 3 متر مدل 21-7302,,HOLD_MISSING_PRODUCT_TYPE,product_type_id_null,manufacturer_code_missing|uses_model_label,no,,yes,NO_DIRECT_TITLE_FALLBACK,yes,no,no,yes,yes,no
4090,7315-21,3,INSIZE | اینسایز,اینسایز,7315-21,,,,,,no,,,,N/A,,,,,no,کابل انتقال داده کولیس دیجیتال (وایرلس) اینسایز (Insize) مدل 21-7315,,کابل انتقال داده کولیس دیجیتال (وایرلس) اینسایز (Insize) مدل 21-7315,,HOLD_MISSING_PRODUCT_TYPE,product_type_id_null,manufacturer_code_missing|uses_model_label,no,,yes,NO_DIRECT_TITLE_FALLBACK,yes,no,no,yes,yes,no
4091,7513-2,3,INSIZE | اینسایز,اینسایز,7513-2,,,,,,no,,,,N/A,,,,,no,ذره بین 2X چراغ دار اینسایز (Insize) مدل 2-7513,,ذره بین 2X چراغ دار اینسایز (Insize) مدل 2-7513,,HOLD_MISSING_PRODUCT_TYPE,product_type_id_null,manufacturer_code_missing|uses_model_label,no,,yes,NO_DIRECT_TITLE_FALLBACK,yes,no,no,yes,yes,no
4092,7513-4,3,INSIZE | اینسایز,اینسایز,7513-4,,,,,,no,,,,N/A,,,,,no,ذره بین 4X چراغ دار اینسایز (Insize) مدل 4-7513,,ذره بین 4X چراغ دار اینسایز (Insize) مدل 4-7513,,HOLD_MISSING_PRODUCT_TYPE,product_type_id_null,manufacturer_code_missing|uses_model_label,no,,yes,NO_DIRECT_TITLE_FALLBACK,yes,no,no,yes,yes,no
4094,7515-10,3,INSIZE | اینسایز,اینسایز,7515-10,,,,,,no,,,,N/A,,,,,no,ذره بین تاشو 10X چراغ دار اینسایز (Insize) مدل 10-7515,,ذره بین تاشو 10X چراغ دار اینسایز (Insize) مدل 10-7515,,HOLD_MISSING_PRODUCT_TYPE,product_type_id_null,manufacturer_code_missing|uses_model_label,no,,yes,NO_DIRECT_TITLE_FALLBACK,yes,no,yes,yes,yes,no
4095,7516-5D,3,INSIZE | اینسایز,اینسایز,7516-5D,,,,,,no,,,,N/A,,,,,no,ذره بین میزی 2.25X چراغ دار اینسایز (Insize) مدل 5D-7516,,ذره بین میزی 2.25X چراغ دار اینسایز (Insize) مدل 5D-7516,,HOLD_MISSING_PRODUCT_TYPE,product_type_id_null,manufacturer_code_missing|uses_model_label,no,,yes,NO_DIRECT_TITLE_FALLBACK,yes,no,no,yes,yes,no
4097,7517-3D,3,INSIZE | اینسایز,اینسایز,7517-3D,,,,,,no,,,,N/A,,,,,no,ذره بین میزی 1.75X چراغ دار اینسایز (Insize) مدل 3D-7517,,ذره بین میزی 1.75X چراغ دار اینسایز (Insize) مدل 3D-7517,,HOLD_MISSING_PRODUCT_TYPE,product_type_id_null,manufacturer_code_missing|uses_model_label,no,,yes,NO_DIRECT_TITLE_FALLBACK,yes,no,no,yes,yes,no
4101,8003-10,3,INSIZE | اینسایز,اینسایز,8003-10,40,DIGITAL_SCALE,ترازوی دیجیتال,ترازوی دیجیتال,APPROVED,yes,VARIANT_NOT_REQUIRED_APPROVED,OEM manufacturer_code identifies digital scale model; OEM manufacturer_code uniquely identifies commercial model; no single governed specification required for title identity,VARIANT_NOT_REQUIRED_APPROVED,PASS,,,,,no,ترازو دیجیتال اینسایز (Insize) 20 گرم تا 10 کیلوگرم مدل 10-8003,ترازوی دیجیتال اینسایز کد 8003-10,ترازو دیجیتال اینسایز (Insize) 20 گرم تا 10 کیلوگرم مدل 10-8003,ترازوی دیجیتال اینسایز کد 8003-10,HOLD_OEM_SEMANTIC_EVIDENCE_MISSING,accessory_only_occurrence,manufacturer_code_missing|model_to_code_candidate|uses_model_label|wrong_product_type,no,,yes,NO_DIRECT_TITLE_FALLBACK,yes,no,no,yes,yes,no
4102,8003-6,3,INSIZE | اینسایز,اینسایز,8003-6,40,DIGITAL_SCALE,ترازوی دیجیتال,ترازوی دیجیتال,APPROVED,yes,VARIANT_NOT_REQUIRED_APPROVED,OEM manufacturer_code identifies digital scale model; OEM manufacturer_code uniquely identifies commercial model; no single governed specification required for title identity,VARIANT_NOT_REQUIRED_APPROVED,PASS,,,,,no,ترازو دیجیتال اینسایز (Insize) 10 گرم تا 6 کیلوگرم مدل 6-8003,ترازوی دیجیتال اینسایز کد 8003-6,ترازو دیجیتال اینسایز (Insize) 10 گرم تا 6 کیلوگرم مدل 6-8003,ترازوی دیجیتال اینسایز کد 8003-6,HOLD_OEM_SEMANTIC_EVIDENCE_MISSING,accessory_only_occurrence,manufacturer_code_missing|model_to_code_candidate|uses_model_label|wrong_product_type,no,,yes,NO_DIRECT_TITLE_FALLBACK,yes,no,no,yes,yes,no
4104,8101-30,3,INSIZE | اینسایز,اینسایز,8101-30,40,DIGITAL_SCALE,ترازوی دیجیتال,ترازوی دیجیتال,APPROVED,yes,VARIANT_NOT_REQUIRED_APPROVED,OEM manufacturer_code identifies digital scale model; OEM manufacturer_code uniquely identifies commercial model; no single governed specification required for title identity,VARIANT_NOT_REQUIRED_APPROVED,PASS,,,,,no,ترازو دیجیتال شمارش دار اینسایز (Insize) 20g تا 30kg مدل 30-8101,ترازوی دیجیتال اینسایز کد 8101-30,ترازو دیجیتال شمارش دار اینسایز (Insize) 20g تا 30kg مدل 30-8101,ترازوی دیجیتال اینسایز کد 8101-30,HOLD_OEM_SEMANTIC_EVIDENCE_MISSING,accessory_only_occurrence,manufacturer_code_missing|model_to_code_candidate|uses_model_label|wrong_product_type,no,,yes,NO_DIRECT_TITLE_FALLBACK,yes,no,no,yes,yes,no
4106,8203-CW03T,3,INSIZE | اینسایز,اینسایز,8203-CW03T,40,DIGITAL_SCALE,ترازوی دیجیتال,ترازوی دیجیتال,APPROVED,yes,VARIANT_NOT_REQUIRED_APPROVED,OEM manufacturer_code identifies digital scale model; OEM manufacturer_code uniquely identifies commercial model; no single governed specification required for title identity,VARIANT_NOT_REQUIRED_APPROVED,PASS,,,,,no,ترازو جرثقیل الکترونیکی اینسایز (Insize) 2-300kg مدل 8203-CW03T,ترازوی دیجیتال اینسایز کد 8203-CW03T,ترازو جرثقیل الکترونیکی اینسایز (Insize) 2-300kg مدل 8203-CW03T,ترازوی دیجیتال اینسایز کد 8203-CW03T,HOLD_OEM_SEMANTIC_EVIDENCE_MISSING,accessory_only_occurrence,model_to_code_candidate|uses_model_label|wrong_product_type,no,,yes,NO_DIRECT_TITLE_FALLBACK,yes,no,no,yes,yes,no
4107,8203-CW05T,3,INSIZE | اینسایز,اینسایز,8203-CW05T,40,DIGITAL_SCALE,ترازوی دیجیتال,ترازوی دیجیتال,APPROVED,yes,VARIANT_NOT_REQUIRED_APPROVED,OEM manufacturer_code identifies digital scale model; OEM manufacturer_code uniquely identifies commercial model; no single governed specification required for title identity,VARIANT_NOT_REQUIRED_APPROVED,PASS,,,,,no,ترازو جرثقیل الکترونیکی اینسایز (Insize) 4-500kg مدل 8203-CW05T,ترازوی دیجیتال اینسایز کد 8203-CW05T,ترازو جرثقیل الکترونیکی اینسایز (Insize) 4-500kg مدل 8203-CW05T,ترازوی دیجیتال اینسایز کد 8203-CW05T,HOLD_OEM_SEMANTIC_EVIDENCE_MISSING,accessory_only_occurrence,model_to_code_candidate|uses_model_label|wrong_product_type,no,,yes,NO_DIRECT_TITLE_FALLBACK,yes,no,no,yes,yes,no
4108,8203-CW1T,3,INSIZE | اینسایز,اینسایز,8203-CW1T,40,DIGITAL_SCALE,ترازوی دیجیتال,ترازوی دیجیتال,APPROVED,yes,VARIANT_NOT_REQUIRED_APPROVED,OEM manufacturer_code identifies digital scale model; OEM manufacturer_code uniquely identifies commercial model; no single governed specification required for title identity,VARIANT_NOT_REQUIRED_APPROVED,PASS,,,,,no,ترازو جرثقیل الکترونیکی اینسایز (Insize) 10-1000kg مدل 8203-CW1T,ترازوی دیجیتال اینسایز کد 8203-CW1T,ترازو جرثقیل الکترونیکی اینسایز (Insize) 10-1000kg مدل 8203-CW1T,ترازوی دیجیتال اینسایز کد 8203-CW1T,HOLD_OEM_SEMANTIC_EVIDENCE_MISSING,accessory_only_occurrence,model_to_code_candidate|uses_model_label|wrong_product_type,no,,yes,NO_DIRECT_TITLE_FALLBACK,yes,no,no,yes,yes,no
4110,8301-1200,3,INSIZE | اینسایز,اینسایز,8301-1200,40,DIGITAL_SCALE,ترازوی دیجیتال,ترازوی دیجیتال,APPROVED,yes,VARIANT_NOT_REQUIRED_APPROVED,OEM manufacturer_code identifies digital scale model; OEM manufacturer_code uniquely identifies commercial model; no single governed specification required for title identity,VARIANT_NOT_REQUIRED_APPROVED,PASS,,,,,no,ترازو دیجیتال اینسایز (Insize) 0.2-1200g مدل 1200-8301,ترازوی دیجیتال اینسایز کد 8301-1200,ترازو دیجیتال اینسایز (Insize) 0.2-1200g مدل 1200-8301,ترازوی دیجیتال اینسایز کد 8301-1200,HOLD_OEM_SEMANTIC_EVIDENCE_MISSING,no_primary_product_occurrence,manufacturer_code_missing|model_to_code_candidate|uses_model_label|wrong_product_type,no,,yes,NO_DIRECT_TITLE_FALLBACK,yes,no,no,yes,yes,no
4112,8604-40,3,INSIZE | اینسایز,اینسایز,8604-40,40,DIGITAL_SCALE,ترازوی دیجیتال,ترازوی دیجیتال,APPROVED,yes,VARIANT_NOT_REQUIRED_APPROVED,OEM manufacturer_code identifies digital scale model; OEM manufacturer_code uniquely identifies commercial model; no single governed specification required for title identity,VARIANT_NOT_REQUIRED_APPROVED,PASS,,,,,no,ترازو دیجیتال اینسایز (Insize) 40kg مدل 40-8604,ترازوی دیجیتال اینسایز کد 8604-40,ترازو دیجیتال اینسایز (Insize) 40kg مدل 40-8604,ترازوی دیجیتال اینسایز کد 8604-40,READY_RENAME,governed_canonical_name_ready,manufacturer_code_missing|model_to_code_candidate|uses_model_label|wrong_product_type,no,,yes,NO_DIRECT_TITLE_FALLBACK,no,no,no,no,no,no
4113,9241-ML200,3,INSIZE | اینسایز,اینسایز,9241-ML200,65,DIGITAL_MULTIMETER,مولتی‌متر دیجیتال,مولتی‌متر دیجیتال,APPROVED,yes,VARIANT_NOT_REQUIRED_APPROVED,OEM manufacturer_code identifies multimeter model; OEM manufacturer_code uniquely identifies commercial model; no single governed specification required for title identity,VARIANT_NOT_REQUIRED_APPROVED,PASS,,,,,no,مولتی متر دیجیتال اینسایز مدل 9241-ML200,مولتی‌متر دیجیتال اینسایز کد 9241-ML200,مولتی متر دیجیتال اینسایز مدل 9241-ML200,مولتی‌متر دیجیتال اینسایز کد 9241-ML200,HOLD_OEM_SEMANTIC_EVIDENCE_MISSING,oem_heading_not_in_canonical_identity_policy,model_to_code_candidate|uses_model_label|wrong_product_type,no,,yes,NO_DIRECT_TITLE_FALLBACK,yes,yes,yes,yes,yes,yes
4115,9315-CF210,3,INSIZE | اینسایز,اینسایز,9315-CF210,,,,,,no,,,,N/A,,,,,no,آمپرمتر کلمپی اینسایز (Insize) مدل 9315-CF210,,آمپرمتر کلمپی اینسایز (Insize) مدل 9315-CF210,,HOLD_MISSING_PRODUCT_TYPE,product_type_id_null,uses_model_label,no,,yes,NO_DIRECT_TITLE_FALLBACK,yes,no,yes,yes,yes,no
4116,9563-C40,3,INSIZE | اینسایز,اینسایز,9563-C40,,,,,,no,,,,N/A,,,,,no,متر دیجیتال و لیزری 40متری بلوتوثی اینسایز مدل 9563-C40,,متر دیجیتال و لیزری 40متری بلوتوثی اینسایز مدل 9563-C40,,HOLD_MISSING_PRODUCT_TYPE,product_type_id_null,uses_model_label,no,,yes,NO_DIRECT_TITLE_FALLBACK,yes,yes,yes,yes,yes,yes
4125,1156-1000,3,INSIZE | اینسایز,اینسایز,1156-1000,14,HEIGHT_GAUGE,ارتفاع‌سنج,ارتفاع‌سنج,APPROVED,yes,VARIANT_REQUIRED,metrology_working_range,SUFFIX_GOVERNED,PASS,measurement_range,"{""max"": 1000.0, ""min"": 0.0}",0–1000 میلی‌متر,640,yes,کولیس دیجیتال اینسایز (Insize) 100 سانتی متر پایه دار مدل 1000-1156,ارتفاع‌سنج اینسایز کد 1156-1000، 0–1000 میلی‌متر,کولیس دیجیتال اینسایز (Insize) 100 سانتی متر پایه دار مدل 1000-1156,ارتفاع‌سنج اینسایز کد 1156-1000، 0–1000 میلی‌متر,HOLD_OEM_SEMANTIC_EVIDENCE_MISSING,ambiguous_headings:DIGITAL HEIGHT GAUGES WITH DRIVING WHEEL;SCRIBERS FOR HEIGHT GAUGES,manufacturer_code_missing|model_to_code_candidate|uses_model_label|wrong_product_type,no,,yes,NO_DIRECT_TITLE_FALLBACK,yes,no,no,yes,yes,no
4127,6372-25,3,INSIZE | اینسایز,اینسایز,6372-25,,,,,,no,,,,N/A,,,,,no,هد میکرومتر اینسایز (Insize) مدل 25-6372,,هد میکرومتر اینسایز (Insize) مدل 25-6372,,HOLD_MISSING_PRODUCT_TYPE,product_type_id_null,manufacturer_code_missing|uses_model_label,no,,yes,NO_DIRECT_TITLE_FALLBACK,no,no,no,no,no,no
4130,7214-50M,3,INSIZE | اینسایز,اینسایز,7214-50M,,,,,,no,,,,N/A,,,,,no,کابل انتقال داده ساعت دیجیتال بلوتوثی اینسایز (Insize) مدل 7214-50M,,کابل انتقال داده ساعت دیجیتال بلوتوثی اینسایز (Insize) مدل 7214-50M,,HOLD_MISSING_PRODUCT_TYPE,product_type_id_null,uses_model_label,no,,yes,NO_DIRECT_TITLE_FALLBACK,no,no,no,no,no,no
4131,2304-01,3,INSIZE | اینسایز,اینسایز,2304-01,,,,,,no,,,,N/A,,,,,no,ساعت اینچی دور کوچک اینسایز (Insize) مدل 01-2304,,ساعت اینچی دور کوچک اینسایز (Insize) مدل 01-2304,,HOLD_MISSING_PRODUCT_TYPE,product_type_id_null,manufacturer_code_missing|uses_model_label,no,,yes,NO_DIRECT_TITLE_FALLBACK,no,no,no,no,no,no
4469,CD185-150,5,TERMA | ترما,ترما,CD185-150,,,,,,no,,,,N/A,,,,,no,کولیس 15سانت دیجیتال متال ترما (TERMA) مدل CD185-150,,کولیس 15سانت دیجیتال متال ترما (TERMA) مدل CD185-150,,HOLD_MISSING_PRODUCT_TYPE,product_type_id_null,uses_model_label,no,,no,YES,yes,yes,yes,yes,yes,yes
4470,CD185-200,5,TERMA | ترما,ترما,CD185-200,,,,,,no,,,,N/A,,,,,no,کولیس 20سانت دیجیتال متال ترما (TERMA) مدل CD185-200,,کولیس 20سانت دیجیتال متال ترما (TERMA) مدل CD185-200,,HOLD_MISSING_PRODUCT_TYPE,product_type_id_null,uses_model_label,no,,no,YES,yes,yes,yes,yes,yes,yes
4471,CD185-300,5,TERMA | ترما,ترما,CD185-300,,,,,,no,,,,N/A,,,,,no,کولیس 30سانت دیجیتال متال ترما (TERMA) مدل CD185-300,,کولیس 30سانت دیجیتال متال ترما (TERMA) مدل CD185-300,,HOLD_MISSING_PRODUCT_TYPE,product_type_id_null,uses_model_label,no,,no,YES,yes,yes,yes,yes,yes,yes
4472,CDA100-150,5,TERMA | ترما,ترما,CDA100-150,,,,,,no,,,,N/A,,,,,no,کولیس 15سانت دیجیتال ترما (TERMA) مدل CDA100-150,,کولیس 15سانت دیجیتال ترما (TERMA) مدل CDA100-150,,HOLD_MISSING_PRODUCT_TYPE,product_type_id_null,uses_model_label,no,,no,YES,yes,yes,yes,yes,yes,yes
4473,CDA100-200,5,TERMA | ترما,ترما,CDA100-200,,,,,,no,,,,N/A,,,,,no,کولیس 20سانت دیجیتال ترما (TERMA) مدل CDA100-200,,کولیس 20سانت دیجیتال ترما (TERMA) مدل CDA100-200,,HOLD_MISSING_PRODUCT_TYPE,product_type_id_null,uses_model_label,no,,no,YES,yes,yes,yes,yes,yes,yes
4474,CDA100-300,5,TERMA | ترما,ترما,CDA100-300,,,,,,no,,,,N/A,,,,,no,کولیس 30سانت دیجیتال ترما (TERMA) مدل CDA100-300,,کولیس 30سانت دیجیتال ترما (TERMA) مدل CDA100-300,,HOLD_MISSING_PRODUCT_TYPE,product_type_id_null,uses_model_label,no,,no,YES,yes,no,yes,yes,yes,no
4475,YDA100E-150,5,TERMA | ترما,ترما,YDA100E-150,,,,,,no,,,,N/A,,,,,no,کولیس 15سانت دیجیتال شیار ترما (TERMA) مدل YDA100E-150,,کولیس 15سانت دیجیتال شیار ترما (TERMA) مدل YDA100E-150,,HOLD_MISSING_PRODUCT_TYPE,product_type_id_null,uses_model_label,no,,no,YES,yes,yes,yes,yes,yes,yes
4476,YDA100E-200,5,TERMA | ترما,ترما,YDA100E-200,,,,,,no,,,,N/A,,,,,no,کولیس 20سانت دیجیتال شیار ترما (TERMA) مدل YDA100E-200,,کولیس 20سانت دیجیتال شیار ترما (TERMA) مدل YDA100E-200,,HOLD_MISSING_PRODUCT_TYPE,product_type_id_null,uses_model_label,no,,no,YES,yes,yes,yes,yes,yes,yes
4477,YDA100E-300,5,TERMA | ترما,ترما,YDA100E-300,,,,,,no,,,,N/A,,,,,no,کولیس 30سانت دیجیتال شیار ترما (TERMA) مدل YDA100E-300,,کولیس 30سانت دیجیتال شیار ترما (TERMA) مدل YDA100E-300,,HOLD_MISSING_PRODUCT_TYPE,product_type_id_null,uses_model_label,no,,no,YES,yes,yes,yes,yes,yes,yes
4478,YDA100F-150,5,TERMA | ترما,ترما,YDA100F-150,,,,,,no,,,,N/A,,,,,no,کولیس 15سانت دیجیتال شیار ترما (TERMA) مدل YDA100F-150,,کولیس 15سانت دیجیتال شیار ترما (TERMA) مدل YDA100F-150,,HOLD_MISSING_PRODUCT_TYPE,product_type_id_null,uses_model_label,no,,no,YES,yes,yes,yes,yes,yes,yes
4479,YDA100F-200,5,TERMA | ترما,ترما,YDA100F-200,,,,,,no,,,,N/A,,,,,no,کولیس 20سانت دیجیتال شیار ترما (TERMA) مدل YDA100F-200,,کولیس 20سانت دیجیتال شیار ترما (TERMA) مدل YDA100F-200,,HOLD_MISSING_PRODUCT_TYPE,product_type_id_null,uses_model_label,no,,no,YES,yes,yes,yes,yes,yes,yes
4486,SDA100C-150,5,TERMA | ترما,ترما,SDA100C-150,,,,,,no,,,,N/A,,,,,no,عمق سنج 15سانت دیجیتال ترما (TERMA) مدل SDA100C-150,,عمق سنج 15سانت دیجیتال ترما (TERMA) مدل SDA100C-150,,HOLD_MISSING_PRODUCT_TYPE,product_type_id_null,uses_model_label,no,,no,YES,yes,yes,yes,yes,yes,yes
4487,SDA100C-200,5,TERMA | ترما,ترما,SDA100C-200,,,,,,no,,,,N/A,,,,,no,عمق سنج 20سانت دیجیتال ترما (TERMA) مدل SDA100C-200,,عمق سنج 20سانت دیجیتال ترما (TERMA) مدل SDA100C-200,,HOLD_MISSING_PRODUCT_TYPE,product_type_id_null,uses_model_label,no,,no,YES,yes,yes,yes,yes,yes,yes
4488,SDA100C-300,5,TERMA | ترما,ترما,SDA100C-300,,,,,,no,,,,N/A,,,,,no,عمق سنج 30سانت دیجیتال ترما (TERMA) مدل SDA100C-300,,عمق سنج 30سانت دیجیتال ترما (TERMA) مدل SDA100C-300,,HOLD_MISSING_PRODUCT_TYPE,product_type_id_null,uses_model_label,no,,no,YES,yes,yes,yes,yes,yes,yes
4489,SDA100-150,5,TERMA | ترما,ترما,SDA100-150,,,,,,no,,,,N/A,,,,,no,عمق سنج 15سانت دیجیتال دو لبه ترما (TERMA) مدل SDA100-150,,عمق سنج 15سانت دیجیتال دو لبه ترما (TERMA) مدل SDA100-150,,HOLD_MISSING_PRODUCT_TYPE,product_type_id_null,uses_model_label,no,,no,YES,no,yes,yes,no,no,no
4490,SDA100-200,5,TERMA | ترما,ترما,SDA100-200,,,,,,no,,,,N/A,,,,,no,عمق سنج 20سانت دیجیتال دو لبه ترما (TERMA) مدل SDA100-200,,عمق سنج 20سانت دیجیتال دو لبه ترما (TERMA) مدل SDA100-200,,HOLD_MISSING_PRODUCT_TYPE,product_type_id_null,uses_model_label,no,,no,YES,no,yes,yes,no,no,no
4492,YDA100A-150,5,TERMA | ترما,ترما,YDA100A-150,,,,,,no,,,,N/A,,,,,no,کولیس 15سانت دیجیتال ضخامت لوله ترما (TERMA) مدل YDA100A-150,,کولیس 15سانت دیجیتال ضخامت لوله ترما (TERMA) مدل YDA100A-150,,HOLD_MISSING_PRODUCT_TYPE,product_type_id_null,uses_model_label,no,,no,YES,yes,yes,yes,yes,yes,yes
4493,YDA100A-200,5,TERMA | ترما,ترما,YDA100A-200,,,,,,no,,,,N/A,,,,,no,کولیس 20سانت دیجیتال ضخامت لوله ترما (TERMA) مدل YDA100A-200,,کولیس 20سانت دیجیتال ضخامت لوله ترما (TERMA) مدل YDA100A-200,,HOLD_MISSING_PRODUCT_TYPE,product_type_id_null,uses_model_label,no,,no,YES,yes,yes,yes,yes,yes,yes
4494,YDA100A-300,5,TERMA | ترما,ترما,YDA100A-300,,,,,,no,,,,N/A,,,,,no,کولیس 30سانت دیجیتال ضخامت لوله ترما (TERMA) مدل YDA100A-300,,کولیس 30سانت دیجیتال ضخامت لوله ترما (TERMA) مدل YDA100A-300,,HOLD_MISSING_PRODUCT_TYPE,product_type_id_null,uses_model_label,no,,no,YES,yes,yes,yes,yes,yes,yes
4495,YDA100C-150,5,TERMA | ترما,ترما,YDA100C-150,,,,,,no,,,,N/A,,,,,no,کولیس 15دیجیتال شیار داخل ترما (TERMA) مدل YDA100C-150,,کولیس 15دیجیتال شیار داخل ترما (TERMA) مدل YDA100C-150,,HOLD_MISSING_PRODUCT_TYPE,product_type_id_null,uses_model_label,no,,no,YES,yes,yes,yes,yes,yes,yes
4496,YDA100C-200,5,TERMA | ترما,ترما,YDA100C-200,,,,,,no,,,,N/A,,,,,no,کولیس 20سانت شیار داخل ترما (TERMA) مدل YDA100C-200,,کولیس 20سانت شیار داخل ترما (TERMA) مدل YDA100C-200,,HOLD_MISSING_PRODUCT_TYPE,product_type_id_null,uses_model_label,no,,no,YES,yes,yes,yes,yes,yes,yes
4497,YDA100C-300,5,TERMA | ترما,ترما,YDA100C-300,,,,,,no,,,,N/A,,,,,no,کولیس 30سانت شیار داخل ترما (TERMA) مدل YDA100C-300,,کولیس 30سانت شیار داخل ترما (TERMA) مدل YDA100C-300,,HOLD_MISSING_PRODUCT_TYPE,product_type_id_null,uses_model_label,no,,no,YES,yes,yes,yes,yes,yes,yes
4499,CD950A-300,5,TERMA | ترما,ترما,CD950A-300,,,,,,no,,,,N/A,,,,,no,کولیس 30سانت دیجیتال دوفک فک 9سانت ترما (TERMA) مدل CD950A-300,,کولیس 30سانت دیجیتال دوفک فک 9سانت ترما (TERMA) مدل CD950A-300,,HOLD_MISSING_PRODUCT_TYPE,product_type_id_null,uses_model_label,no,,no,YES,yes,yes,yes,yes,yes,yes
4504,CD960A-500,5,TERMA | ترما,ترما,CD960A-500,,,,,,no,,,,N/A,,,,,no,کولیس 50سانت دیجیتال دوفک 15سانت ترما (TERMA) مدل CD960A-500,,کولیس 50سانت دیجیتال دوفک 15سانت ترما (TERMA) مدل CD960A-500,,HOLD_MISSING_PRODUCT_TYPE,product_type_id_null,uses_model_label,no,,no,YES,yes,yes,yes,yes,yes,yes
4505,CDE930-1000,5,TERMA | ترما,ترما,CDE930-1000,,,,,,no,,,,N/A,,,,,no,کولیس 1متری دیجیتال دو فک 20سانت ترما (TERMA) مدل CDE930-1000,,کولیس 1متری دیجیتال دو فک 20سانت ترما (TERMA) مدل CDE930-1000,,HOLD_MISSING_PRODUCT_TYPE,product_type_id_null,uses_model_label,no,,no,YES,no,yes,yes,no,no,no
4506,CA210-150,5,TERMA | ترما,ترما,CA210-150,,,,,,no,,,,N/A,,,,,no,کولیس 15سانت معمولی ترما (TERMA) مدل CA210-150,,کولیس 15سانت معمولی ترما (TERMA) مدل CA210-150,,HOLD_MISSING_PRODUCT_TYPE,product_type_id_null,uses_model_label,no,,no,YES,yes,yes,yes,yes,yes,yes
4507,CA210-200,5,TERMA | ترما,ترما,CA210-200,,,,,,no,,,,N/A,,,,,no,کولیس 20سانت معمولی ترما (TERMA) مدل CA210-200,,کولیس 20سانت معمولی ترما (TERMA) مدل CA210-200,,HOLD_MISSING_PRODUCT_TYPE,product_type_id_null,uses_model_label,no,,no,YES,yes,yes,yes,yes,yes,yes
4508,CA210-300,5,TERMA | ترما,ترما,CA210-300,,,,,,no,,,,N/A,,,,,no,کولیس 30سانت معمولی ترما (TERMA) مدل CA210-300,,کولیس 30سانت معمولی ترما (TERMA) مدل CA210-300,,HOLD_MISSING_PRODUCT_TYPE,product_type_id_null,uses_model_label,no,,no,YES,yes,yes,yes,yes,yes,yes
4509,CA920-500,5,TERMA | ترما,ترما,CA920-500,,,,,,no,,,,N/A,,,,,no,کولیس 50سانت معمولی مونو بالک ترما (TERMA) مدل CA920-500,,کولیس 50سانت معمولی مونو بالک ترما (TERMA) مدل CA920-500,,HOLD_MISSING_PRODUCT_TYPE,product_type_id_null,uses_model_label,no,,no,YES,yes,yes,yes,yes,yes,yes
4510,CA920-600,5,TERMA | ترما,ترما,CA920-600,,,,,,no,,,,N/A,,,,,no,کولیس 60سانت معمولی ترما (TERMA) مدل CA920-600,,کولیس 60سانت معمولی ترما (TERMA) مدل CA920-600,,HOLD_MISSING_PRODUCT_TYPE,product_type_id_null,uses_model_label,no,,no,YES,yes,yes,yes,yes,yes,yes
4511,IDE111N-100,5,TERMA | ترما,ترما,IDE111N-100,,,,,,no,,,,N/A,,,,,no,ساعت اندیکاتور 10سانت دیجیتال دقت 0.01 ترما (TERMA) مدل IDE111N-100,,ساعت اندیکاتور 10سانت دیجیتال دقت 0.01 ترما (TERMA) مدل IDE111N-100,,HOLD_MISSING_PRODUCT_TYPE,product_type_id_null,uses_model_label,no,,no,YES,yes,yes,yes,yes,yes,yes
4512,IDE111M-12,5,TERMA | ترما,ترما,IDE111M-12,,,,,,no,,,,N/A,,,,,no,ساعت اندیکاتور 12.7دیجیتال دقت 0.001 ترما (TERMA) مدل IDE111M-12,,ساعت اندیکاتور 12.7دیجیتال دقت 0.001 ترما (TERMA) مدل IDE111M-12,,HOLD_MISSING_PRODUCT_TYPE,product_type_id_null,uses_model_label,no,,no,YES,yes,yes,yes,yes,yes,yes
4513,IDE111N-12,5,TERMA | ترما,ترما,IDE111N-12,,,,,,no,,,,N/A,,,,,no,ساعت اندیکاتور 12.7دیجیتال دقت 0.01 ترما (TERMA) مدل IDE111N-12,,ساعت اندیکاتور 12.7دیجیتال دقت 0.01 ترما (TERMA) مدل IDE111N-12,,HOLD_MISSING_PRODUCT_TYPE,product_type_id_null,uses_model_label,no,,no,YES,yes,yes,yes,yes,yes,yes
4514,IDE110M-12,5,TERMA | ترما,ترما,IDE110M-12,,,,,,no,,,,N/A,,,,,no,ساعت اندیکاتور 12.7دیجیتال دقت 0.001 ترما (TERMA) مدل IDE110M-12,,ساعت اندیکاتور 12.7دیجیتال دقت 0.001 ترما (TERMA) مدل IDE110M-12,,HOLD_MISSING_PRODUCT_TYPE,product_type_id_null,uses_model_label,no,,no,YES,yes,yes,yes,yes,yes,yes
4515,IDE110N-12,5,TERMA | ترما,ترما,IDE110N-12,,,,,,no,,,,N/A,,,,,no,ساعت اندیکاتور 12.7دیجیتال دقت 0.01 ترما (TERMA) مدل IDE110N-12,,ساعت اندیکاتور 12.7دیجیتال دقت 0.01 ترما (TERMA) مدل IDE110N-12,,HOLD_MISSING_PRODUCT_TYPE,product_type_id_null,uses_model_label,no,,no,YES,yes,yes,yes,yes,yes,yes
4516,IDA910-10,5,TERMA | ترما,ترما,IDA910-10,,,,,,no,,,,N/A,,,,,no,ساعت اندیکاتور 12.7دیجیتال هفت دکمه 0.001 ترما (TERMA) مدل IDA910-10,,ساعت اندیکاتور 12.7دیجیتال هفت دکمه 0.001 ترما (TERMA) مدل IDA910-10,,HOLD_MISSING_PRODUCT_TYPE,product_type_id_null,uses_model_label,no,,no,YES,yes,yes,yes,yes,yes,yes
4517,IDA910N-10,5,TERMA | ترما,ترما,IDA910N-10,,,,,,no,,,,N/A,,,,,no,ساعت اندیکاتور 12.7دیجیتال هفت دکمه 0.01 ترما (TERMA) مدل IDA910N-10,,ساعت اندیکاتور 12.7دیجیتال هفت دکمه 0.01 ترما (TERMA) مدل IDA910N-10,,HOLD_MISSING_PRODUCT_TYPE,product_type_id_null,uses_model_label,no,,no,YES,yes,yes,yes,yes,yes,yes
4518,IDA920N,5,TERMA | ترما,ترما,IDA920N,,,,,,no,,,,N/A,,,,,no,ساعت اندیکاتور 12.7دیجیتال 0.01 ترما (TERMA) مدل IDA920N,,ساعت اندیکاتور 12.7دیجیتال 0.01 ترما (TERMA) مدل IDA920N,,HOLD_MISSING_PRODUCT_TYPE,product_type_id_null,uses_model_label,no,,no,YES,yes,yes,yes,yes,yes,yes
4521,IDE111M-25,5,TERMA | ترما,ترما,IDE111M-25,,,,,,no,,,,N/A,,,,,no,ساعت اندیکاتوردیجیتال کورس 25دقت 0.001 ترما (TERMA) مدل IDE111M-25,,ساعت اندیکاتوردیجیتال کورس 25دقت 0.001 ترما (TERMA) مدل IDE111M-25,,HOLD_MISSING_PRODUCT_TYPE,product_type_id_null,uses_model_label,no,,no,YES,yes,yes,yes,yes,yes,yes
4522,IDE111M-50,5,TERMA | ترما,ترما,IDE111M-50,,,,,,no,,,,N/A,,,,,no,ساعت اندیکاتوردیجیتال کورس 50دقت 0.001 ترما (TERMA) مدل IDE111M-50,,ساعت اندیکاتوردیجیتال کورس 50دقت 0.001 ترما (TERMA) مدل IDE111M-50,,HOLD_MISSING_PRODUCT_TYPE,product_type_id_null,uses_model_label,no,,no,YES,yes,yes,yes,yes,yes,yes
4523,IDE111M-100,5,TERMA | ترما,ترما,IDE111M-100,,,,,,no,,,,N/A,,,,,no,ساعت اندیکاتور کورس 100دقت 0.001 ترما (TERMA) مدل IDE111M-100,,ساعت اندیکاتور کورس 100دقت 0.001 ترما (TERMA) مدل IDE111M-100,,HOLD_MISSING_PRODUCT_TYPE,product_type_id_null,uses_model_label,no,,no,YES,yes,yes,yes,yes,yes,yes
4524,IDE111N-25,5,TERMA | ترما,ترما,IDE111N-25,,,,,,no,,,,N/A,,,,,no,ساعت اندیکاتور کورس 25دقت 0.01 ترما (TERMA) مدل IDE111N-25,,ساعت اندیکاتور کورس 25دقت 0.01 ترما (TERMA) مدل IDE111N-25,,HOLD_MISSING_PRODUCT_TYPE,product_type_id_null,uses_model_label,no,,no,YES,yes,yes,yes,yes,yes,yes
4525,IDE111N-50,5,TERMA | ترما,ترما,IDE111N-50,,,,,,no,,,,N/A,,,,,no,ساعت اندیکاتور کورس 50دقت 0.01 ترما (TERMA) مدل IDE111N-50,,ساعت اندیکاتور کورس 50دقت 0.01 ترما (TERMA) مدل IDE111N-50,,HOLD_MISSING_PRODUCT_TYPE,product_type_id_null,uses_model_label,no,,no,YES,yes,yes,yes,yes,yes,yes
4526,IDA910N-25,5,TERMA | ترما,ترما,IDA910N-25,,,,,,no,,,,N/A,,,,,no,ساعت اندیکاتوردیجیتال کورس 25دقت 0.01 ترما (TERMA) مدل IDA910N-25,,ساعت اندیکاتوردیجیتال کورس 25دقت 0.01 ترما (TERMA) مدل IDA910N-25,,HOLD_MISSING_PRODUCT_TYPE,product_type_id_null,uses_model_label,no,,no,YES,yes,yes,yes,yes,yes,yes
4527,IDA910N-50,5,TERMA | ترما,ترما,IDA910N-50,,,,,,no,,,,N/A,,,,,no,ساعت اندیکاتور دیجیتال کورس 50دقت 0.01 ترما (TERMA) مدل IDA910N-50,,ساعت اندیکاتور دیجیتال کورس 50دقت 0.01 ترما (TERMA) مدل IDA910N-50,,HOLD_MISSING_PRODUCT_TYPE,product_type_id_null,uses_model_label,no,,no,YES,yes,yes,yes,yes,yes,yes
4528,TB210,5,TERMA | ترما,ترما,TB210,,,,,,no,,,,N/A,,,,,no,ضخامت سنج ساعتی دقت 0.01 ترما (TERMA) مدل TB210,,ضخامت سنج ساعتی دقت 0.01 ترما (TERMA) مدل TB210,,HOLD_MISSING_PRODUCT_TYPE,product_type_id_null,uses_model_label,no,,no,YES,no,yes,yes,no,no,no
4529,IB210N,5,TERMA | ترما,ترما,IB210N,,,,,,no,,,,N/A,,,,,no,ساعت اندیکاتور دقت 0.01 ترما (TERMA) مدل IB210N,,ساعت اندیکاتور دقت 0.01 ترما (TERMA) مدل IB210N,,HOLD_MISSING_PRODUCT_TYPE,product_type_id_null,uses_model_label,no,,no,YES,no,yes,yes,no,no,no
4530,IB210M,5,TERMA | ترما,ترما,IB210M,,,,,,no,,,,N/A,,,,,no,ساعت اندیکاتور دقت 0.001 ترما (TERMA) مدل IB210M,,ساعت اندیکاتور دقت 0.001 ترما (TERMA) مدل IB210M,,HOLD_MISSING_PRODUCT_TYPE,product_type_id_null,uses_model_label,no,,no,YES,no,yes,yes,no,no,no
4531,IB220N,5,TERMA | ترما,ترما,IB220N,,,,,,no,,,,N/A,,,,,no,ساعت شیطانکی دقت 0.01 ترما (TERMA) مدل IB220N,,ساعت شیطانکی دقت 0.01 ترما (TERMA) مدل IB220N,,HOLD_MISSING_PRODUCT_TYPE,product_type_id_null,uses_model_label,no,,no,YES,yes,yes,yes,yes,yes,yes
4552,CD520D,5,TERMA | ترما,ترما,CD520D,,,,,,no,,,,N/A,,,,,no,کولیس 0-80دیجیتال دیسک ترما (TERMA) مدل CD520D,,کولیس 0-80دیجیتال دیسک ترما (TERMA) مدل CD520D,,HOLD_MISSING_PRODUCT_TYPE,product_type_id_null,uses_model_label,no,,no,YES,yes,yes,yes,yes,yes,yes
4553,CD580D,5,TERMA | ترما,ترما,CD580D,,,,,,no,,,,N/A,,,,,no,کولیس 0-80دیجیتال دیسک ترما (TERMA) مدل CD580D,,کولیس 0-80دیجیتال دیسک ترما (TERMA) مدل CD580D,,HOLD_MISSING_PRODUCT_TYPE,product_type_id_null,uses_model_label,no,,no,YES,yes,yes,yes,yes,yes,yes
4554,DG950,5,TERMA | ترما,ترما,DG950,,,,,,no,,,,N/A,,,,,no,کولیس دیجیتال 100-500دروم ترما (TERMA) مدل DG950,,کولیس دیجیتال 100-500دروم ترما (TERMA) مدل DG950,,HOLD_MISSING_PRODUCT_TYPE,product_type_id_null,uses_model_label,no,,no,YES,yes,yes,yes,yes,yes,yes
4555,DG950B,5,TERMA | ترما,ترما,DG950B,,,,,,no,,,,N/A,,,,,no,کولیس دیجیتال 50-400دروم ترما (TERMA) مدل DG950B,,کولیس دیجیتال 50-400دروم ترما (TERMA) مدل DG950B,,HOLD_MISSING_PRODUCT_TYPE,product_type_id_null,uses_model_label,no,,no,YES,yes,yes,yes,yes,yes,yes
4556,HD220-300,5,TERMA | ترما,ترما,HD220-300,,,,,,no,,,,N/A,,,,,no,کولیس پایه دار 30سانت دیجیتال دو محور ترما (TERMA) مدل HD220-300,,کولیس پایه دار 30سانت دیجیتال دو محور ترما (TERMA) مدل HD220-300,,HOLD_MISSING_PRODUCT_TYPE,product_type_id_null,uses_model_label,no,,no,YES,yes,yes,yes,yes,yes,yes
4557,HD220-600,5,TERMA | ترما,ترما,HD220-600,,,,,,no,,,,N/A,,,,,no,کولیس پایه دار 60سانت دیجیتال دو محور ترما (TERMA) مدل HD220-600,,کولیس پایه دار 60سانت دیجیتال دو محور ترما (TERMA) مدل HD220-600,,HOLD_MISSING_PRODUCT_TYPE,product_type_id_null,uses_model_label,no,,no,YES,yes,yes,yes,yes,yes,yes
4558,HDE650-300,5,TERMA | ترما,ترما,HDE650-300,,,,,,no,,,,N/A,,,,,no,کولیس پایه دار 30سانت دیجیتال تک محور ترما (TERMA) مدل HDE650-300,,کولیس پایه دار 30سانت دیجیتال تک محور ترما (TERMA) مدل HDE650-300,,HOLD_MISSING_PRODUCT_TYPE,product_type_id_null,uses_model_label,no,,no,YES,yes,yes,yes,yes,yes,yes
4559,HDE650-600,5,TERMA | ترما,ترما,HDE650-600,,,,,,no,,,,N/A,,,,,no,کولیس پایه دار 60سانت دیجیتال تک محور ترما (TERMA) مدل HDE650-600,,کولیس پایه دار 60سانت دیجیتال تک محور ترما (TERMA) مدل HDE650-600,,HOLD_MISSING_PRODUCT_TYPE,product_type_id_null,uses_model_label,no,,no,YES,yes,yes,yes,yes,yes,yes
4560,HDA620-300,5,TERMA | ترما,ترما,HDA620-300,,,,,,no,,,,N/A,,,,,no,کولیس پایه دار 30سانت دیجیتال بدون اهرم ترما (TERMA) مدل HDA620-300,,کولیس پایه دار 30سانت دیجیتال بدون اهرم ترما (TERMA) مدل HDA620-300,,HOLD_MISSING_PRODUCT_TYPE,product_type_id_null,uses_model_label,no,,no,YES,yes,yes,yes,yes,yes,yes
4561,MD310-25,5,TERMA | ترما,ترما,MD310-25,,,,,,no,,,,N/A,,,,,no,میکرومتر 0-25دیجیتال ترما (TERMA) مدل MD310-25,,میکرومتر 0-25دیجیتال ترما (TERMA) مدل MD310-25,,HOLD_MISSING_PRODUCT_TYPE,product_type_id_null,uses_model_label,no,,no,YES,yes,yes,yes,yes,yes,yes
4562,MD310-50,5,TERMA | ترما,ترما,MD310-50,,,,,,no,,,,N/A,,,,,no,میکرومتر 25-50دیجیتال ترما (TERMA) مدل MD310-50,,میکرومتر 25-50دیجیتال ترما (TERMA) مدل MD310-50,,HOLD_MISSING_PRODUCT_TYPE,product_type_id_null,uses_model_label,no,,no,YES,yes,yes,yes,yes,yes,yes
4563,MD310-75,5,TERMA | ترما,ترما,MD310-75,,,,,,no,,,,N/A,,,,,no,میکرومتر 50-75دیجیتال ترما (TERMA) مدل MD310-75,,میکرومتر 50-75دیجیتال ترما (TERMA) مدل MD310-75,,HOLD_MISSING_PRODUCT_TYPE,product_type_id_null,uses_model_label,no,,no,YES,yes,yes,yes,yes,yes,yes
4564,MD310-100,5,TERMA | ترما,ترما,MD310-100,,,,,,no,,,,N/A,,,,,no,میکرومتر 75-100دیجیتال ترما (TERMA) مدل MD310-100,,میکرومتر 75-100دیجیتال ترما (TERMA) مدل MD310-100,,HOLD_MISSING_PRODUCT_TYPE,product_type_id_null,uses_model_label,no,,no,YES,yes,yes,yes,yes,yes,yes
4565,MD730-25,5,TERMA | ترما,ترما,MD730-25,,,,,,no,,,,N/A,,,,,no,میکرومتر 0-25دیجیتال ترما (TERMA) مدل MD730-25,,میکرومتر 0-25دیجیتال ترما (TERMA) مدل MD730-25,,HOLD_MISSING_PRODUCT_TYPE,product_type_id_null,uses_model_label,no,,no,YES,yes,yes,yes,yes,yes,yes
4566,MD730-50,5,TERMA | ترما,ترما,MD730-50,,,,,,no,,,,N/A,,,,,no,میکرومتر 25-50دیجیتال ترما (TERMA) مدل MD730-50,,میکرومتر 25-50دیجیتال ترما (TERMA) مدل MD730-50,,HOLD_MISSING_PRODUCT_TYPE,product_type_id_null,uses_model_label,no,,no,YES,yes,yes,yes,yes,yes,yes
4567,MD730-75,5,TERMA | ترما,ترما,MD730-75,,,,,,no,,,,N/A,,,,,no,میکرومتر 50-75دیجیتال ترما (TERMA) مدل MD730-75,,میکرومتر 50-75دیجیتال ترما (TERMA) مدل MD730-75,,HOLD_MISSING_PRODUCT_TYPE,product_type_id_null,uses_model_label,no,,no,YES,yes,yes,yes,yes,yes,yes
4568,MD730-100,5,TERMA | ترما,ترما,MD730-100,,,,,,no,,,,N/A,,,,,no,میکرومتر 75-100دیجیتال ترما (TERMA) مدل MD730-100,,میکرومتر 75-100دیجیتال ترما (TERMA) مدل MD730-100,,HOLD_MISSING_PRODUCT_TYPE,product_type_id_null,uses_model_label,no,,no,YES,yes,yes,yes,yes,yes,yes
4569,MD730-125,5,TERMA | ترما,ترما,MD730-125,,,,,,no,,,,N/A,,,,,no,میکرومتر 100-125دیجیتال ترما (TERMA) مدل MD730-125,,میکرومتر 100-125دیجیتال ترما (TERMA) مدل MD730-125,,HOLD_MISSING_PRODUCT_TYPE,product_type_id_null,uses_model_label,no,,no,YES,yes,yes,yes,yes,yes,yes
4570,MDD730-150,5,TERMA | ترما,ترما,MDD730-150,,,,,,no,,,,N/A,,,,,no,میکرومتر 125-150 ترما (TERMA) مدل MDD730-150,,میکرومتر 125-150 ترما (TERMA) مدل MDD730-150,,HOLD_MISSING_PRODUCT_TYPE,product_type_id_null,uses_model_label,no,,no,YES,no,yes,yes,no,no,no
4572,MD730B-25,5,TERMA | ترما,ترما,MD730B-25,,,,,,no,,,,N/A,,,,,no,میکرومتر 0-25دیجیتال سوزنی ترما (TERMA) مدل MD730B-25,,میکرومتر 0-25دیجیتال سوزنی ترما (TERMA) مدل MD730B-25,,HOLD_MISSING_PRODUCT_TYPE,product_type_id_null,uses_model_label,no,,no,YES,yes,yes,yes,yes,yes,yes
4573,MD730C-25,5,TERMA | ترما,ترما,MD730C-25,,,,,,no,,,,N/A,,,,,no,میکرومتر 0-25دیجیتال پله ایی ترما (TERMA) مدل MD730C-25,,میکرومتر 0-25دیجیتال پله ایی ترما (TERMA) مدل MD730C-25,,HOLD_MISSING_PRODUCT_TYPE,product_type_id_null,uses_model_label,no,,no,YES,yes,yes,yes,yes,yes,yes
4574,MD730D-25,5,TERMA | ترما,ترما,MD730D-25,,,,,,no,,,,N/A,,,,,no,میکرومتر 0-25دیجیتال سوزنی ترما (TERMA) مدل MD730D-25,,میکرومتر 0-25دیجیتال سوزنی ترما (TERMA) مدل MD730D-25,,HOLD_MISSING_PRODUCT_TYPE,product_type_id_null,uses_model_label,no,,no,YES,no,yes,yes,no,no,no
4575,MD730F-25,5,TERMA | ترما,ترما,MD730F-25,,,,,,no,,,,N/A,,,,,no,میکرومتر 0-25دیجیتال فک پیچ گوشتی ترما (TERMA) مدل MD730F-25,,میکرومتر 0-25دیجیتال فک پیچ گوشتی ترما (TERMA) مدل MD730F-25,,HOLD_MISSING_PRODUCT_TYPE,product_type_id_null,uses_model_label,no,,no,YES,yes,yes,yes,yes,yes,yes
4576,MD730G-25,5,TERMA | ترما,ترما,MD730G-25,,,,,,no,,,,N/A,,,,,no,میکرومتر 0-25دیجیتال بشقابی ترما (TERMA) مدل MD730G-25,,میکرومتر 0-25دیجیتال بشقابی ترما (TERMA) مدل MD730G-25,,HOLD_MISSING_PRODUCT_TYPE,product_type_id_null,uses_model_label,no,,no,YES,yes,yes,yes,yes,yes,yes
4578,MA210-25,5,TERMA | ترما,ترما,MA210-25,,,,,,no,,,,N/A,,,,,no,میکرومتر 0-25معمولی ترما (TERMA) مدل MA210-25,,میکرومتر 0-25معمولی ترما (TERMA) مدل MA210-25,,HOLD_MISSING_PRODUCT_TYPE,product_type_id_null,uses_model_label,no,,no,YES,yes,yes,yes,yes,yes,yes
4579,MA210-50,5,TERMA | ترما,ترما,MA210-50,,,,,,no,,,,N/A,,,,,no,میکرومتر 25-50معمولی ترما (TERMA) مدل MA210-50,,میکرومتر 25-50معمولی ترما (TERMA) مدل MA210-50,,HOLD_MISSING_PRODUCT_TYPE,product_type_id_null,uses_model_label,no,,no,YES,yes,yes,yes,yes,yes,yes
4580,MA210-75,5,TERMA | ترما,ترما,MA210-75,,,,,,no,,,,N/A,,,,,no,میکرومتر 50-75معمولی ترما (TERMA) مدل MA210-75,,میکرومتر 50-75معمولی ترما (TERMA) مدل MA210-75,,HOLD_MISSING_PRODUCT_TYPE,product_type_id_null,uses_model_label,no,,no,YES,yes,yes,yes,yes,yes,yes
4581,MA210-100,5,TERMA | ترما,ترما,MA210-100,,,,,,no,,,,N/A,,,,,no,میکرومتر 75-100معمولی ترما (TERMA) مدل MA210-100,,میکرومتر 75-100معمولی ترما (TERMA) مدل MA210-100,,HOLD_MISSING_PRODUCT_TYPE,product_type_id_null,uses_model_label,no,,no,YES,yes,yes,yes,yes,yes,yes
4582,MA210-125,5,TERMA | ترما,ترما,MA210-125,,,,,,no,,,,N/A,,,,,no,میکرومتر 100-125معمولی ترما (TERMA) مدل MA210-125,,میکرومتر 100-125معمولی ترما (TERMA) مدل MA210-125,,HOLD_MISSING_PRODUCT_TYPE,product_type_id_null,uses_model_label,no,,no,YES,yes,yes,yes,yes,yes,yes
4583,MA210-150,5,TERMA | ترما,ترما,MA210-150,,,,,,no,,,,N/A,,,,,no,میکرومتر 125-150معمولی ترما (TERMA) مدل MA210-150,,میکرومتر 125-150معمولی ترما (TERMA) مدل MA210-150,,HOLD_MISSING_PRODUCT_TYPE,product_type_id_null,uses_model_label,no,,no,YES,yes,yes,yes,yes,yes,yes
4584,MA220-25,5,TERMA | ترما,ترما,MA220-25,,,,,,no,,,,N/A,,,,,no,میکرومتر 0-25معمولی ترما (TERMA) مدل MA220-25,,میکرومتر 0-25معمولی ترما (TERMA) مدل MA220-25,,HOLD_MISSING_PRODUCT_TYPE,product_type_id_null,uses_model_label,no,,no,YES,yes,yes,yes,yes,yes,yes
4585,MA220-50,5,TERMA | ترما,ترما,MA220-50,,,,,,no,,,,N/A,,,,,no,میکرومتر 25-50معمولی ترما (TERMA) مدل MA220-50,,میکرومتر 25-50معمولی ترما (TERMA) مدل MA220-50,,HOLD_MISSING_PRODUCT_TYPE,product_type_id_null,uses_model_label,no,,no,YES,yes,yes,yes,yes,yes,yes
4586,MA220-75,5,TERMA | ترما,ترما,MA220-75,,,,,,no,,,,N/A,,,,,no,میکرومتر 50-75معمولی ترما (TERMA) مدل MA220-75,,میکرومتر 50-75معمولی ترما (TERMA) مدل MA220-75,,HOLD_MISSING_PRODUCT_TYPE,product_type_id_null,uses_model_label,no,,no,YES,yes,yes,yes,yes,yes,yes
4587,MA220-100,5,TERMA | ترما,ترما,MA220-100,,,,,,no,,,,N/A,,,,,no,میکرومتر 75-100معمولی ترما (TERMA) مدل MA220-100,,میکرومتر 75-100معمولی ترما (TERMA) مدل MA220-100,,HOLD_MISSING_PRODUCT_TYPE,product_type_id_null,uses_model_label,no,,no,YES,yes,yes,yes,yes,yes,yes
4588,MA220-125,5,TERMA | ترما,ترما,MA220-125,,,,,,no,,,,N/A,,,,,no,میکرومتر 100-125معمولی ترما (TERMA) مدل MA220-125,,میکرومتر 100-125معمولی ترما (TERMA) مدل MA220-125,,HOLD_MISSING_PRODUCT_TYPE,product_type_id_null,uses_model_label,no,,no,YES,yes,yes,yes,yes,yes,yes
4589,MA220-150,5,TERMA | ترما,ترما,MA220-150,,,,,,no,,,,N/A,,,,,no,میکرومتر 125-150معمولی ترما (TERMA) مدل MA220-150,,میکرومتر 125-150معمولی ترما (TERMA) مدل MA220-150,,HOLD_MISSING_PRODUCT_TYPE,product_type_id_null,uses_model_label,no,,no,YES,yes,yes,yes,yes,yes,yes
4591,MA220-200,5,TERMA | ترما,ترما,MA220-200,,,,,,no,,,,N/A,,,,,no,میکرومتر 175-200معمولی ترما (TERMA) مدل MA220-200,,میکرومتر 175-200معمولی ترما (TERMA) مدل MA220-200,,HOLD_MISSING_PRODUCT_TYPE,product_type_id_null,uses_model_label,no,,no,YES,yes,yes,yes,yes,yes,yes
4593,MA220-250,5,TERMA | ترما,ترما,MA220-250,,,,,,no,,,,N/A,,,,,no,میکرومتر 225-250معمولی ترما (TERMA) مدل MA220-250,,میکرومتر 225-250معمولی ترما (TERMA) مدل MA220-250,,HOLD_MISSING_PRODUCT_TYPE,product_type_id_null,uses_model_label,no,,no,YES,yes,yes,yes,yes,yes,yes
4594,MA220-275,5,TERMA | ترما,ترما,MA220-275,,,,,,no,,,,N/A,,,,,no,میکرومتر 250-275معمولی ترما (TERMA) مدل MA220-275,,میکرومتر 250-275معمولی ترما (TERMA) مدل MA220-275,,HOLD_MISSING_PRODUCT_TYPE,product_type_id_null,uses_model_label,no,,no,YES,yes,yes,yes,yes,yes,yes
4595,MA220-300,5,TERMA | ترما,ترما,MA220-300,,,,,,no,,,,N/A,,,,,no,میکرومتر 275-300معمولی ترما (TERMA) مدل MA220-300,,میکرومتر 275-300معمولی ترما (TERMA) مدل MA220-300,,HOLD_MISSING_PRODUCT_TYPE,product_type_id_null,uses_model_label,no,,no,YES,yes,yes,yes,yes,yes,yes
4596,MA210B-25,5,TERMA | ترما,ترما,MA210B-25,,,,,,no,,,,N/A,,,,,no,میکرومتر 0-25معمولی سوزنی ترما (TERMA) مدل MA210B-25,,میکرومتر 0-25معمولی سوزنی ترما (TERMA) مدل MA210B-25,,HOLD_MISSING_PRODUCT_TYPE,product_type_id_null,uses_model_label,no,,no,YES,yes,yes,yes,yes,yes,yes
4597,MA210C-25,5,TERMA | ترما,ترما,MA210C-25,,,,,,no,,,,N/A,,,,,no,میکرومتر 0-25معمولی پله ایی ترما (TERMA) مدل MA210C-25,,میکرومتر 0-25معمولی پله ایی ترما (TERMA) مدل MA210C-25,,HOLD_MISSING_PRODUCT_TYPE,product_type_id_null,uses_model_label,no,,no,YES,yes,yes,yes,yes,yes,yes
4598,MA210D-25,5,TERMA | ترما,ترما,MA210D-25,,,,,,no,,,,N/A,,,,,no,میکرومتر 0-25معمولی سوزنی ترما (TERMA) مدل MA210D-25,,میکرومتر 0-25معمولی سوزنی ترما (TERMA) مدل MA210D-25,,HOLD_MISSING_PRODUCT_TYPE,product_type_id_null,uses_model_label,no,,no,YES,yes,yes,yes,yes,yes,yes
4599,MA210E-25,5,TERMA | ترما,ترما,MA210E-25,,,,,,no,,,,N/A,,,,,no,میکرومتر 0-25بشقابی فک پیچ گوشتی ترما (TERMA) مدل MA210E-25,,میکرومتر 0-25بشقابی فک پیچ گوشتی ترما (TERMA) مدل MA210E-25,,HOLD_MISSING_PRODUCT_TYPE,product_type_id_null,uses_model_label,no,,no,YES,yes,yes,yes,yes,yes,yes
4600,MA210F-25,5,TERMA | ترما,ترما,MA210F-25,,,,,,no,,,,N/A,,,,,no,میکرومتر 0-25معمولی بشقابی ترما (TERMA) مدل MA210F-25,,میکرومتر 0-25معمولی بشقابی ترما (TERMA) مدل MA210F-25,,HOLD_MISSING_PRODUCT_TYPE,product_type_id_null,uses_model_label,no,,no,YES,yes,yes,yes,yes,yes,yes
4601,MA230,5,TERMA | ترما,ترما,MA230,,,,,,no,,,,N/A,,,,,no,میکرومتر عمق سنج 150معمولی ترما (TERMA) مدل MA230,,میکرومتر عمق سنج 150معمولی ترما (TERMA) مدل MA230,,HOLD_MISSING_PRODUCT_TYPE,product_type_id_null,uses_model_label,no,,no,YES,yes,yes,yes,yes,yes,yes
4602,MA250H-6,5,TERMA | ترما,ترما,MA250H-6,,,,,,no,,,,N/A,,,,,no,میکرومتر سه فک 6-8 ترما (TERMA) مدل MA250H-6,,میکرومتر سه فک 6-8 ترما (TERMA) مدل MA250H-6,,HOLD_MISSING_PRODUCT_TYPE,product_type_id_null,uses_model_label,no,,no,YES,yes,yes,yes,yes,yes,yes
4603,MA250H-8,5,TERMA | ترما,ترما,MA250H-8,,,,,,no,,,,N/A,,,,,no,میکرومتر سه فک 8-10 ترما (TERMA) مدل MA250H-8,,میکرومتر سه فک 8-10 ترما (TERMA) مدل MA250H-8,,HOLD_MISSING_PRODUCT_TYPE,product_type_id_null,uses_model_label,no,,no,YES,yes,yes,yes,yes,yes,yes
4604,MA250H-10,5,TERMA | ترما,ترما,MA250H-10,,,,,,no,,,,N/A,,,,,no,میکرومتر سه فک 10-12 ترما (TERMA) مدل MA250H-10,,میکرومتر سه فک 10-12 ترما (TERMA) مدل MA250H-10,,HOLD_MISSING_PRODUCT_TYPE,product_type_id_null,uses_model_label,no,,no,YES,yes,yes,yes,yes,yes,yes
4605,MA250H-12,5,TERMA | ترما,ترما,MA250H-12,,,,,,no,,,,N/A,,,,,no,میکرومتر سه فک 12-16 ترما (TERMA) مدل MA250H-12,,میکرومتر سه فک 12-16 ترما (TERMA) مدل MA250H-12,,HOLD_MISSING_PRODUCT_TYPE,product_type_id_null,uses_model_label,no,,no,YES,yes,yes,yes,yes,yes,yes
4606,MA250H-16,5,TERMA | ترما,ترما,MA250H-16,,,,,,no,,,,N/A,,,,,no,میکرومتر سه فک 16-20 ترما (TERMA) مدل MA250H-16,,میکرومتر سه فک 16-20 ترما (TERMA) مدل MA250H-16,,HOLD_MISSING_PRODUCT_TYPE,product_type_id_null,uses_model_label,no,,no,YES,yes,yes,yes,yes,yes,yes
4607,MA250H-20,5,TERMA | ترما,ترما,MA250H-20,,,,,,no,,,,N/A,,,,,no,میکرومتر سه فک 20-25 ترما (TERMA) مدل MA250H-20,,میکرومتر سه فک 20-25 ترما (TERMA) مدل MA250H-20,,HOLD_MISSING_PRODUCT_TYPE,product_type_id_null,uses_model_label,no,,no,YES,yes,yes,yes,yes,yes,yes
4608,MA250H-25,5,TERMA | ترما,ترما,MA250H-25,,,,,,no,,,,N/A,,,,,no,میکرومتر سه فک 25-30 ترما (TERMA) مدل MA250H-25,,میکرومتر سه فک 25-30 ترما (TERMA) مدل MA250H-25,,HOLD_MISSING_PRODUCT_TYPE,product_type_id_null,uses_model_label,no,,no,YES,yes,yes,yes,yes,yes,yes
4609,MA250H-30,5,TERMA | ترما,ترما,MA250H-30,,,,,,no,,,,N/A,,,,,no,میکرومتر سه فک 30-40 ترما (TERMA) مدل MA250H-30,,میکرومتر سه فک 30-40 ترما (TERMA) مدل MA250H-30,,HOLD_MISSING_PRODUCT_TYPE,product_type_id_null,uses_model_label,no,,no,YES,yes,yes,yes,yes,yes,yes
4610,MA250H-40,5,TERMA | ترما,ترما,MA250H-40,,,,,,no,,,,N/A,,,,,no,میکرومتر سه فک 40-50 ترما (TERMA) مدل MA250H-40,,میکرومتر سه فک 40-50 ترما (TERMA) مدل MA250H-40,,HOLD_MISSING_PRODUCT_TYPE,product_type_id_null,uses_model_label,no,,no,YES,yes,yes,yes,yes,yes,yes
4611,MA250H-50,5,TERMA | ترما,ترما,MA250H-50,,,,,,no,,,,N/A,,,,,no,میکرومتر سه فک 50-63 ترما (TERMA) مدل MA250H-50,,میکرومتر سه فک 50-63 ترما (TERMA) مدل MA250H-50,,HOLD_MISSING_PRODUCT_TYPE,product_type_id_null,uses_model_label,no,,no,YES,yes,yes,yes,yes,yes,yes
4612,MA250H-62,5,TERMA | ترما,ترما,MA250H-62,,,,,,no,,,,N/A,,,,,no,میکرومتر سه فک 62-75 ترما (TERMA) مدل MA250H-62,,میکرومتر سه فک 62-75 ترما (TERMA) مدل MA250H-62,,HOLD_MISSING_PRODUCT_TYPE,product_type_id_null,uses_model_label,no,,no,YES,yes,yes,yes,yes,yes,yes
4613,MA250H-75,5,TERMA | ترما,ترما,MA250H-75,,,,,,no,,,,N/A,,,,,no,میکرومتر سه فک 75-88 ترما (TERMA) مدل MA250H-75,,میکرومتر سه فک 75-88 ترما (TERMA) مدل MA250H-75,,HOLD_MISSING_PRODUCT_TYPE,product_type_id_null,uses_model_label,no,,no,YES,yes,yes,yes,yes,yes,yes
4614,MA250H-87,5,TERMA | ترما,ترما,MA250H-87,,,,,,no,,,,N/A,,,,,no,میکرومتر سه فک 87-100 ترما (TERMA) مدل MA250H-87,,میکرومتر سه فک 87-100 ترما (TERMA) مدل MA250H-87,,HOLD_MISSING_PRODUCT_TYPE,product_type_id_null,uses_model_label,no,,no,YES,yes,yes,yes,yes,yes,yes
4615,MA250H-100,5,TERMA | ترما,ترما,MA250H-100,,,,,,no,,,,N/A,,,,,no,میکرومتر سه فک 100-125 ترما (TERMA) مدل MA250H-100,,میکرومتر سه فک 100-125 ترما (TERMA) مدل MA250H-100,,HOLD_MISSING_PRODUCT_TYPE,product_type_id_null,uses_model_label,no,,no,YES,yes,yes,yes,yes,yes,yes
4616,MA250H-125,5,TERMA | ترما,ترما,MA250H-125,,,,,,no,,,,N/A,,,,,no,میکرومتر سه فک 125-150 ترما (TERMA) مدل MA250H-125,,میکرومتر سه فک 125-150 ترما (TERMA) مدل MA250H-125,,HOLD_MISSING_PRODUCT_TYPE,product_type_id_null,uses_model_label,no,,no,YES,yes,yes,yes,yes,yes,yes
4617,MA250H-150,5,TERMA | ترما,ترما,MA250H-150,,,,,,no,,,,N/A,,,,,no,میکرومتر سه فک 150-175 ترما (TERMA) مدل MA250H-150,,میکرومتر سه فک 150-175 ترما (TERMA) مدل MA250H-150,,HOLD_MISSING_PRODUCT_TYPE,product_type_id_null,uses_model_label,no,,no,YES,yes,yes,yes,yes,yes,yes
4618,MA250H-175,5,TERMA | ترما,ترما,MA250H-175,,,,,,no,,,,N/A,,,,,no,میکرومتر سه فک 175-200 ترما (TERMA) مدل MA250H-175,,میکرومتر سه فک 175-200 ترما (TERMA) مدل MA250H-175,,HOLD_MISSING_PRODUCT_TYPE,product_type_id_null,uses_model_label,no,,no,YES,yes,yes,yes,yes,yes,yes
4619,MA250H-200,5,TERMA | ترما,ترما,MA250H-200,,,,,,no,,,,N/A,,,,,no,میکرومتر سه فک 200-225 ترما (TERMA) مدل MA250H-200,,میکرومتر سه فک 200-225 ترما (TERMA) مدل MA250H-200,,HOLD_MISSING_PRODUCT_TYPE,product_type_id_null,uses_model_label,no,,no,YES,yes,no,yes,yes,yes,no
4620,MA250H-225,5,TERMA | ترما,ترما,MA250H-225,,,,,,no,,,,N/A,,,,,no,میکرومتر سه فک 225-250 ترما (TERMA) مدل MA250H-225,,میکرومتر سه فک 225-250 ترما (TERMA) مدل MA250H-225,,HOLD_MISSING_PRODUCT_TYPE,product_type_id_null,uses_model_label,no,,no,YES,yes,yes,yes,yes,yes,yes
4621,MA250H-250,5,TERMA | ترما,ترما,MA250H-250,,,,,,no,,,,N/A,,,,,no,میکرومتر سه فک 250-275 ترما (TERMA) مدل MA250H-250,,میکرومتر سه فک 250-275 ترما (TERMA) مدل MA250H-250,,HOLD_MISSING_PRODUCT_TYPE,product_type_id_null,uses_model_label,no,,no,YES,yes,yes,yes,yes,yes,yes
4622,MA250H-275,5,TERMA | ترما,ترما,MA250H-275,,,,,,no,,,,N/A,,,,,no,میکرومتر سه فک 275-300 ترما (TERMA) مدل MA250H-275,,میکرومتر سه فک 275-300 ترما (TERMA) مدل MA250H-275,,HOLD_MISSING_PRODUCT_TYPE,product_type_id_null,uses_model_label,no,,no,YES,yes,yes,yes,yes,yes,yes
4623,MA250H-300,5,TERMA | ترما,ترما,MA250H-300,,,,,,no,,,,N/A,,,,,no,میکرومتر سه فک 300-325 ترما (TERMA) مدل MA250H-300,,میکرومتر سه فک 300-325 ترما (TERMA) مدل MA250H-300,,HOLD_MISSING_PRODUCT_TYPE,product_type_id_null,uses_model_label,no,,no,YES,yes,yes,yes,yes,yes,yes
4624,MA250H-325,5,TERMA | ترما,ترما,MA250H-325,,,,,,no,,,,N/A,,,,,no,میکرومتر سه فک 325-350 ترما (TERMA) مدل MA250H-325,,میکرومتر سه فک 325-350 ترما (TERMA) مدل MA250H-325,,HOLD_MISSING_PRODUCT_TYPE,product_type_id_null,uses_model_label,no,,no,YES,yes,yes,yes,yes,yes,yes
4625,MD710-25,5,TERMA | ترما,ترما,MD710-25,,,,,,no,,,,N/A,,,,,no,میکرومتر 0-25دیجیتال ترما (TERMA) مدل MD710-25,,میکرومتر 0-25دیجیتال ترما (TERMA) مدل MD710-25,,HOLD_MISSING_PRODUCT_TYPE,product_type_id_null,uses_model_label,no,,no,YES,yes,no,yes,yes,yes,no
4626,MD710-50,5,TERMA | ترما,ترما,MD710-50,,,,,,no,,,,N/A,,,,,no,میکرومتر 25-50دیجیتال ترما (TERMA) مدل MD710-50,,میکرومتر 25-50دیجیتال ترما (TERMA) مدل MD710-50,,HOLD_MISSING_PRODUCT_TYPE,product_type_id_null,uses_model_label,no,,no,YES,yes,yes,yes,yes,yes,yes
4627,MD710-75,5,TERMA | ترما,ترما,MD710-75,,,,,,no,,,,N/A,,,,,no,میکرومتر 50-75دیجیتال ترما (TERMA) مدل MD710-75,,میکرومتر 50-75دیجیتال ترما (TERMA) مدل MD710-75,,HOLD_MISSING_PRODUCT_TYPE,product_type_id_null,uses_model_label,no,,no,YES,yes,yes,yes,yes,yes,yes
4628,MD710-100,5,TERMA | ترما,ترما,MD710-100,,,,,,no,,,,N/A,,,,,no,میکرومتر 75-100دیجیتال ترما (TERMA) مدل MD710-100,,میکرومتر 75-100دیجیتال ترما (TERMA) مدل MD710-100,,HOLD_MISSING_PRODUCT_TYPE,product_type_id_null,uses_model_label,no,,no,YES,yes,yes,yes,yes,yes,yes
4629,MDA910-25,5,TERMA | ترما,ترما,MDA910-25,,,,,,no,,,,N/A,,,,,no,میکرومتر 0 -25دیجیتال فنری ترما (TERMA) مدل MDA910-25,,میکرومتر 0 -25دیجیتال فنری ترما (TERMA) مدل MDA910-25,,HOLD_MISSING_PRODUCT_TYPE,product_type_id_null,uses_model_label,no,,no,YES,yes,yes,yes,yes,yes,yes
4630,MDA910-100,5,TERMA | ترما,ترما,MDA910-100,,,,,,no,,,,N/A,,,,,no,میکرومتر 0-100دیجیتال فنری ترما (TERMA) مدل MDA910-100,,میکرومتر 0-100دیجیتال فنری ترما (TERMA) مدل MDA910-100,,HOLD_MISSING_PRODUCT_TYPE,product_type_id_null,uses_model_label,no,,no,YES,yes,yes,yes,yes,yes,yes
4631,MD320H-25,5,TERMA | ترما,ترما,MD320H-25,,,,,,no,,,,N/A,,,,,no,میکرومتر هد 0-25دیجیتال ترما (TERMA) مدل MD320H-25,,میکرومتر هد 0-25دیجیتال ترما (TERMA) مدل MD320H-25,,HOLD_MISSING_PRODUCT_TYPE,product_type_id_null,uses_model_label,no,,no,YES,yes,yes,yes,yes,yes,yes
4632,MD320H-50,5,TERMA | ترما,ترما,MD320H-50,,,,,,no,,,,N/A,,,,,no,میکرومترهد 0-50دیجیتال ترما (TERMA) مدل MD320H-50,,میکرومترهد 0-50دیجیتال ترما (TERMA) مدل MD320H-50,,HOLD_MISSING_PRODUCT_TYPE,product_type_id_null,uses_model_label,no,,no,YES,yes,yes,yes,yes,yes,yes
4633,MA310,5,TERMA | ترما,ترما,MA310,,,,,,no,,,,N/A,,,,,no,میکرومتر هد 0-25معمولی ترما (TERMA) مدل MA310,,میکرومتر هد 0-25معمولی ترما (TERMA) مدل MA310,,HOLD_MISSING_PRODUCT_TYPE,product_type_id_null,uses_model_label,no,,no,YES,yes,yes,yes,yes,yes,yes
4634,ZDA210-300,5,TERMA | ترما,ترما,ZDA210-300,,,,,,no,,,,N/A,,,,,no,خطکش دیجیتال 30سانت ترما (TERMA) مدل ZDA210-300,,خطکش دیجیتال 30سانت ترما (TERMA) مدل ZDA210-300,,HOLD_MISSING_PRODUCT_TYPE,product_type_id_null,uses_model_label,no,,no,YES,no,yes,yes,no,no,no
4635,ZDA210-500,5,TERMA | ترما,ترما,ZDA210-500,,,,,,no,,,,N/A,,,,,no,خطکش دیجیتال 50سانت ترما (TERMA) مدل ZDA210-500,,خطکش دیجیتال 50سانت ترما (TERMA) مدل ZDA210-500,,HOLD_MISSING_PRODUCT_TYPE,product_type_id_null,uses_model_label,no,,no,YES,no,yes,yes,no,no,no
4636,ZDA210-1000,5,TERMA | ترما,ترما,ZDA210-1000,,,,,,no,,,,N/A,,,,,no,خطکش دیجیتال 1متر ترما (TERMA) مدل ZDA210-1000,,خطکش دیجیتال 1متر ترما (TERMA) مدل ZDA210-1000,,HOLD_MISSING_PRODUCT_TYPE,product_type_id_null,uses_model_label,no,,no,YES,no,yes,yes,no,no,no
4637,TDE130A-30,5,TERMA | ترما,ترما,TDE130A-30,,,,,,no,,,,N/A,,,,,no,پرگار دیجیتال 0-30خارج سنج ترما (TERMA) مدل TDE130A-30,,پرگار دیجیتال 0-30خارج سنج ترما (TERMA) مدل TDE130A-30,,HOLD_MISSING_PRODUCT_TYPE,product_type_id_null,uses_model_label,no,,no,YES,yes,yes,yes,yes,yes,yes
4638,TDE130A-50,5,TERMA | ترما,ترما,TDE130A-50,,,,,,no,,,,N/A,,,,,no,پرگار دیجیتال 0-50خارج سنج ترما (TERMA) مدل TDE130A-50,,پرگار دیجیتال 0-50خارج سنج ترما (TERMA) مدل TDE130A-50,,HOLD_MISSING_PRODUCT_TYPE,product_type_id_null,uses_model_label,no,,no,YES,yes,yes,yes,yes,yes,yes
4639,TDE130A-100,5,TERMA | ترما,ترما,TDE130A-100,,,,,,no,,,,N/A,,,,,no,پرگار دیجیتال 0-100خارج سنج ترما (TERMA) مدل TDE130A-100,,پرگار دیجیتال 0-100خارج سنج ترما (TERMA) مدل TDE130A-100,,HOLD_MISSING_PRODUCT_TYPE,product_type_id_null,uses_model_label,no,,no,YES,yes,yes,yes,yes,yes,yes
4640,TDE130B-15,5,TERMA | ترما,ترما,TDE130B-15,,,,,,no,,,,N/A,,,,,no,پرگار دیجیتال 5-15داخل سنج ترما (TERMA) مدل TDE130B-15,,پرگار دیجیتال 5-15داخل سنج ترما (TERMA) مدل TDE130B-15,,HOLD_MISSING_PRODUCT_TYPE,product_type_id_null,uses_model_label,no,,no,YES,yes,yes,yes,yes,yes,yes
4641,TDE130B-30,5,TERMA | ترما,ترما,TDE130B-30,,,,,,no,,,,N/A,,,,,no,پرگار دیجیتال 10-30داخل سنج ترما (TERMA) مدل TDE130B-30,,پرگار دیجیتال 10-30داخل سنج ترما (TERMA) مدل TDE130B-30,,HOLD_MISSING_PRODUCT_TYPE,product_type_id_null,uses_model_label,no,,no,YES,yes,yes,yes,yes,yes,yes
4642,TDE130B-50,5,TERMA | ترما,ترما,TDE130B-50,,,,,,no,,,,N/A,,,,,no,پرگار دیجیتال 30-50داخل سنج ترما (TERMA) مدل TDE130B-50,,پرگار دیجیتال 30-50داخل سنج ترما (TERMA) مدل TDE130B-50,,HOLD_MISSING_PRODUCT_TYPE,product_type_id_null,uses_model_label,no,,no,YES,yes,yes,yes,yes,yes,yes
4643,TDE130B-100,5,TERMA | ترما,ترما,TDE130B-100,,,,,,no,,,,N/A,,,,,no,پرگار دیجیتال 50-100داخل سنج ترما (TERMA) مدل TDE130B-100,,پرگار دیجیتال 50-100داخل سنج ترما (TERMA) مدل TDE130B-100,,HOLD_MISSING_PRODUCT_TYPE,product_type_id_null,uses_model_label,no,,no,YES,yes,yes,yes,yes,yes,yes
4644,TDE130B-150,5,TERMA | ترما,ترما,TDE130B-150,,,,,,no,,,,N/A,,,,,no,پرگار دیجیتال 100-150داخل سنج ترما (TERMA) مدل TDE130B-150,,پرگار دیجیتال 100-150داخل سنج ترما (TERMA) مدل TDE130B-150,,HOLD_MISSING_PRODUCT_TYPE,product_type_id_null,uses_model_label,no,,no,YES,yes,yes,yes,yes,yes,yes
4645,TDE130B-200,5,TERMA | ترما,ترما,TDE130B-200,,,,,,no,,,,N/A,,,,,no,پرگار دیجیتال 150-200داخل سنج ترما (TERMA) مدل TDE130B-200,,پرگار دیجیتال 150-200داخل سنج ترما (TERMA) مدل TDE130B-200,,HOLD_MISSING_PRODUCT_TYPE,product_type_id_null,uses_model_label,no,,no,YES,yes,yes,yes,yes,yes,yes
4646,TDE111A-40,5,TERMA | ترما,ترما,TDE111A-40,,,,,,no,,,,N/A,,,,,no,پرگار دیجیتال 20-40خارج سنج ترما (TERMA) مدل TDE111A-40,,پرگار دیجیتال 20-40خارج سنج ترما (TERMA) مدل TDE111A-40,,HOLD_MISSING_PRODUCT_TYPE,product_type_id_null,uses_model_label,no,,no,YES,yes,yes,yes,yes,yes,yes
4647,TDE111A-60,5,TERMA | ترما,ترما,TDE111A-60,,,,,,no,,,,N/A,,,,,no,پرگار دیجیتال 40-60خارج سنج ترما (TERMA) مدل TDE111A-60,,پرگار دیجیتال 40-60خارج سنج ترما (TERMA) مدل TDE111A-60,,HOLD_MISSING_PRODUCT_TYPE,product_type_id_null,uses_model_label,no,,no,YES,yes,yes,yes,yes,yes,yes
4648,TDE111A-80,5,TERMA | ترما,ترما,TDE111A-80,,,,,,no,,,,N/A,,,,,no,پرگار دیجیتال 60-80خارج سنج ترما (TERMA) مدل TDE111A-80,,پرگار دیجیتال 60-80خارج سنج ترما (TERMA) مدل TDE111A-80,,HOLD_MISSING_PRODUCT_TYPE,product_type_id_null,uses_model_label,no,,no,YES,yes,yes,yes,yes,yes,yes
4649,TDE111A-100,5,TERMA | ترما,ترما,TDE111A-100,,,,,,no,,,,N/A,,,,,no,پرگار دیجیتال 80-100خارج سنج ترما (TERMA) مدل TDE111A-100,,پرگار دیجیتال 80-100خارج سنج ترما (TERMA) مدل TDE111A-100,,HOLD_MISSING_PRODUCT_TYPE,product_type_id_null,uses_model_label,no,,no,YES,yes,yes,yes,yes,yes,yes
4650,TDE111B-35,5,TERMA | ترما,ترما,TDE111B-35,,,,,,no,,,,N/A,,,,,no,پرگار دیجیتال 15-35داخل سنج ترما (TERMA) مدل TDE111B-35,,پرگار دیجیتال 15-35داخل سنج ترما (TERMA) مدل TDE111B-35,,HOLD_MISSING_PRODUCT_TYPE,product_type_id_null,uses_model_label,no,,no,YES,yes,yes,yes,yes,yes,yes
4651,TDE111B-55,5,TERMA | ترما,ترما,TDE111B-55,,,,,,no,,,,N/A,,,,,no,پرگار دیجیتال 35-55داخل سنج ترما (TERMA) مدل TDE111B-55,,پرگار دیجیتال 35-55داخل سنج ترما (TERMA) مدل TDE111B-55,,HOLD_MISSING_PRODUCT_TYPE,product_type_id_null,uses_model_label,no,,no,YES,yes,yes,yes,yes,yes,yes
4652,TDE111B-75,5,TERMA | ترما,ترما,TDE111B-75,,,,,,no,,,,N/A,,,,,no,پرگار دیجیتال 55-75داخل سنج ترما (TERMA) مدل TDE111B-75,,پرگار دیجیتال 55-75داخل سنج ترما (TERMA) مدل TDE111B-75,,HOLD_MISSING_PRODUCT_TYPE,product_type_id_null,uses_model_label,no,,no,YES,yes,yes,yes,yes,yes,yes
4653,TDE111B-95,5,TERMA | ترما,ترما,TDE111B-95,,,,,,no,,,,N/A,,,,,no,پرگار دیجیتال 75-95داخل سنج ترما (TERMA) مدل TDE111B-95,,پرگار دیجیتال 75-95داخل سنج ترما (TERMA) مدل TDE111B-95,,HOLD_MISSING_PRODUCT_TYPE,product_type_id_null,uses_model_label,no,,no,YES,yes,yes,yes,yes,yes,yes
4654,TDE111B-115,5,TERMA | ترما,ترما,TDE111B-115,,,,,,no,,,,N/A,,,,,no,پرگار دیجیتال 95-115داخل سنج ترما (TERMA) مدل TDE111B-115,,پرگار دیجیتال 95-115داخل سنج ترما (TERMA) مدل TDE111B-115,,HOLD_MISSING_PRODUCT_TYPE,product_type_id_null,uses_model_label,no,,no,YES,yes,yes,yes,yes,yes,yes
4655,TDE111B-135,5,TERMA | ترما,ترما,TDE111B-135,,,,,,no,,,,N/A,,,,,no,پرگار دیجیتال 115-135 ترما (TERMA) مدل TDE111B-135,,پرگار دیجیتال 115-135 ترما (TERMA) مدل TDE111B-135,,HOLD_MISSING_PRODUCT_TYPE,product_type_id_null,uses_model_label,no,,no,YES,yes,yes,yes,yes,yes,yes
4656,TD230A,5,TERMA | ترما,ترما,TD230A,,,,,,no,,,,N/A,,,,,no,ضخامت سنج دیجیتال 0-25خارج سنج ترما (TERMA) مدل TD230A,,ضخامت سنج دیجیتال 0-25خارج سنج ترما (TERMA) مدل TD230A,,HOLD_MISSING_PRODUCT_TYPE,product_type_id_null,uses_model_label,no,,no,YES,yes,yes,yes,yes,yes,yes
4657,TD230B,5,TERMA | ترما,ترما,TD230B,,,,,,no,,,,N/A,,,,,no,ضخامت سنج دیجییتال 0-150خارج سنج ترما (TERMA) مدل TD230B,,ضخامت سنج دیجییتال 0-150خارج سنج ترما (TERMA) مدل TD230B,,HOLD_MISSING_PRODUCT_TYPE,product_type_id_null,uses_model_label,no,,no,YES,yes,yes,yes,yes,yes,yes
4658,TD230C,5,TERMA | ترما,ترما,TD230C,,,,,,no,,,,N/A,,,,,no,ضخامت سنج دیجیتال 12.7-165داخل سنج ترما (TERMA) مدل TD230C,,ضخامت سنج دیجیتال 12.7-165داخل سنج ترما (TERMA) مدل TD230C,,HOLD_MISSING_PRODUCT_TYPE,product_type_id_null,uses_model_label,no,,no,YES,yes,yes,yes,yes,yes,yes
4659,TD230D,5,TERMA | ترما,ترما,TD230D,,,,,,no,,,,N/A,,,,,no,ضخامت سنج دیجیتال 0-25خارج سنج ترما (TERMA) مدل TD230D,,ضخامت سنج دیجیتال 0-25خارج سنج ترما (TERMA) مدل TD230D,,HOLD_MISSING_PRODUCT_TYPE,product_type_id_null,uses_model_label,no,,no,YES,yes,yes,yes,yes,yes,yes
4660,TDE230E-6,5,TERMA | ترما,ترما,TDE230E-6,,,,,,no,,,,N/A,,,,,no,پرگار دیجیتال 0-150خارج سنج ترما (TERMA) مدل TDE230E-6,,پرگار دیجیتال 0-150خارج سنج ترما (TERMA) مدل TDE230E-6,,HOLD_MISSING_PRODUCT_TYPE,product_type_id_null,uses_model_label,no,,no,YES,no,yes,yes,no,no,no
4661,TDE230E-8,5,TERMA | ترما,ترما,TDE230E-8,,,,,,no,,,,N/A,,,,,no,پرگار دیجیتال 0-200خارج سنج ترما (TERMA) مدل TDE230E-8,,پرگار دیجیتال 0-200خارج سنج ترما (TERMA) مدل TDE230E-8,,HOLD_MISSING_PRODUCT_TYPE,product_type_id_null,uses_model_label,no,,no,YES,no,yes,yes,no,no,no
4662,TDE230F-6,5,TERMA | ترما,ترما,TDE230F-6,,,,,,no,,,,N/A,,,,,no,پرگار دیجیتال 12.7-165داخل سنج ترما (TERMA) مدل TDE230F-6,,پرگار دیجیتال 12.7-165داخل سنج ترما (TERMA) مدل TDE230F-6,,HOLD_MISSING_PRODUCT_TYPE,product_type_id_null,uses_model_label,no,,no,YES,no,yes,yes,no,no,no
4663,TDE230F-8,5,TERMA | ترما,ترما,TDE230F-8,,,,,,no,,,,N/A,,,,,no,پرگار دیجیتال 12.7-216داخل سنج ترما (TERMA) مدل TDE230F-8,,پرگار دیجیتال 12.7-216داخل سنج ترما (TERMA) مدل TDE230F-8,,HOLD_MISSING_PRODUCT_TYPE,product_type_id_null,uses_model_label,no,,no,YES,no,yes,yes,no,no,no
4664,SN730-25,5,TERMA | ترما,ترما,SN730-25,,,,,,no,,,,N/A,,,,,no,ضخامت سنج دیجیتال ترما (TERMA) مدل SN730-25,,ضخامت سنج دیجیتال ترما (TERMA) مدل SN730-25,,HOLD_MISSING_PRODUCT_TYPE,product_type_id_null,uses_model_label,no,,no,YES,yes,yes,yes,yes,yes,yes
4665,TD270-25,5,TERMA | ترما,ترما,TD270-25,,,,,,no,,,,N/A,,,,,no,ضخامت سنج دیجیتال ترما (TERMA) مدل TD270-25,,ضخامت سنج دیجیتال ترما (TERMA) مدل TD270-25,,HOLD_MISSING_PRODUCT_TYPE,product_type_id_null,uses_model_label,no,,no,YES,yes,yes,yes,yes,yes,yes
4666,LD250,5,TERMA | ترما,ترما,LD250,,,,,,no,,,,N/A,,,,,no,شیب سنج دیجیتال 50*50سه دکمه ترما (TERMA) مدل LD250,,شیب سنج دیجیتال 50*50سه دکمه ترما (TERMA) مدل LD250,,HOLD_MISSING_PRODUCT_TYPE,product_type_id_null,uses_model_label,no,,no,YES,yes,yes,yes,yes,yes,yes
4667,LD280,5,TERMA | ترما,ترما,LD280,,,,,,no,,,,N/A,,,,,no,شیب سنج دیجیتال 50*50چهار دکمه ترما (TERMA) مدل LD280,,شیب سنج دیجیتال 50*50چهار دکمه ترما (TERMA) مدل LD280,,HOLD_MISSING_PRODUCT_TYPE,product_type_id_null,uses_model_label,no,,no,YES,yes,yes,yes,yes,yes,yes
4668,LD290,5,TERMA | ترما,ترما,LD290,,,,,,no,,,,N/A,,,,,no,تراز دیجیتال 150میلیمتر ترما (TERMA) مدل LD290,,تراز دیجیتال 150میلیمتر ترما (TERMA) مدل LD290,,HOLD_MISSING_PRODUCT_TYPE,product_type_id_null,uses_model_label,no,,no,YES,yes,yes,yes,yes,yes,yes
4669,LD260-6,5,TERMA | ترما,ترما,LD260-6,,,,,,no,,,,N/A,,,,,no,تراز صنعتی دیجیتال 150میلیمتر ترما (TERMA) مدل LD260-6,,تراز صنعتی دیجیتال 150میلیمتر ترما (TERMA) مدل LD260-6,,HOLD_MISSING_PRODUCT_TYPE,product_type_id_null,uses_model_label,no,,no,YES,yes,yes,yes,yes,yes,yes
4670,LD260-9,5,TERMA | ترما,ترما,LD260-9,,,,,,no,,,,N/A,,,,,no,تراز صنعتی دیجیتال 225میلیمتر ترما (TERMA) مدل LD260-9,,تراز صنعتی دیجیتال 225میلیمتر ترما (TERMA) مدل LD260-9,,HOLD_MISSING_PRODUCT_TYPE,product_type_id_null,uses_model_label,no,,no,YES,yes,yes,yes,yes,yes,yes
4671,LD260-24,5,TERMA | ترما,ترما,LD260-24,,,,,,no,,,,N/A,,,,,no,تراز صنعتی دیجیتال 600میلیمتر ترما (TERMA) مدل LD260-24,,تراز صنعتی دیجیتال 600میلیمتر ترما (TERMA) مدل LD260-24,,HOLD_MISSING_PRODUCT_TYPE,product_type_id_null,uses_model_label,no,,no,YES,yes,yes,yes,yes,yes,yes
4672,PD290-100,5,TERMA | ترما,ترما,PD290-100,,,,,,no,,,,N/A,,,,,no,زاویه سنج دیجیتال 10سانت ترما (TERMA) مدل PD290-100,,زاویه سنج دیجیتال 10سانت ترما (TERMA) مدل PD290-100,,HOLD_MISSING_PRODUCT_TYPE,product_type_id_null,uses_model_label,no,,no,YES,yes,yes,yes,yes,yes,yes
4673,PD290-200,5,TERMA | ترما,ترما,PD290-200,,,,,,no,,,,N/A,,,,,no,زاویه سنج دیجیتال 20سانت ترما (TERMA) مدل PD290-200,,زاویه سنج دیجیتال 20سانت ترما (TERMA) مدل PD290-200,,HOLD_MISSING_PRODUCT_TYPE,product_type_id_null,uses_model_label,no,,no,YES,yes,yes,yes,yes,yes,yes
4674,PD290-300,5,TERMA | ترما,ترما,PD290-300,,,,,,no,,,,N/A,,,,,no,زاویه سنج دیجیتال 30سانت ترما (TERMA) مدل PD290-300,,زاویه سنج دیجیتال 30سانت ترما (TERMA) مدل PD290-300,,HOLD_MISSING_PRODUCT_TYPE,product_type_id_null,uses_model_label,no,,no,YES,yes,yes,yes,yes,yes,yes
4675,PD270D-150,5,TERMA | ترما,ترما,PD270D-150,,,,,,no,,,,N/A,,,,,no,زاویه سنج دیجیتال 150سانت ترما (TERMA) مدل PD270D-150,,زاویه سنج دیجیتال 150سانت ترما (TERMA) مدل PD270D-150,,HOLD_MISSING_PRODUCT_TYPE,product_type_id_null,uses_model_label,no,,no,YES,yes,yes,yes,yes,yes,yes
4676,PD270D-200,5,TERMA | ترما,ترما,PD270D-200,,,,,,no,,,,N/A,,,,,no,زاویه سنج دیجیتال 200سانت ترما (TERMA) مدل PD270D-200,,زاویه سنج دیجیتال 200سانت ترما (TERMA) مدل PD270D-200,,HOLD_MISSING_PRODUCT_TYPE,product_type_id_null,uses_model_label,no,,no,YES,yes,yes,yes,yes,yes,yes
4677,PD270D-300,5,TERMA | ترما,ترما,PD270D-300,,,,,,no,,,,N/A,,,,,no,زاویه سنج دیجیتال 300سانت ترما (TERMA) مدل PD270D-300,,زاویه سنج دیجیتال 300سانت ترما (TERMA) مدل PD270D-300,,HOLD_MISSING_PRODUCT_TYPE,product_type_id_null,uses_model_label,no,,no,YES,yes,yes,yes,yes,yes,yes
4678,PD270D-600,5,TERMA | ترما,ترما,PD270D-600,,,,,,no,,,,N/A,,,,,no,زاویه سنج دیجیتال 600سانت ترما (TERMA) مدل PD270D-600,,زاویه سنج دیجیتال 600سانت ترما (TERMA) مدل PD270D-600,,HOLD_MISSING_PRODUCT_TYPE,product_type_id_null,uses_model_label,no,,no,YES,yes,yes,yes,yes,yes,yes
4679,PD211,5,TERMA | ترما,ترما,PD211,,,,,,no,,,,N/A,,,,,no,گونیا سه تیکه دیجیتال ترما (TERMA) مدل PD211,,گونیا سه تیکه دیجیتال ترما (TERMA) مدل PD211,,HOLD_MISSING_PRODUCT_TYPE,product_type_id_null,uses_model_label,no,,no,YES,yes,yes,yes,yes,yes,yes
4680,TG710M-25,5,TERMA | ترما,ترما,TG710M-25,,,,,,no,,,,N/A,,,,,no,عمق سنج 0-25دیجیتال آج الستیک ترما (TERMA) مدل TG710M-25,,عمق سنج 0-25دیجیتال آج الستیک ترما (TERMA) مدل TG710M-25,,HOLD_MISSING_PRODUCT_TYPE,product_type_id_null,uses_model_label,no,,no,YES,yes,yes,yes,yes,yes,yes
4681,TGE280,5,TERMA | ترما,ترما,TGE280,,,,,,no,,,,N/A,,,,,no,ساعت Zدیجیتال ترما (TERMA) مدل TGE280,,ساعت Zدیجیتال ترما (TERMA) مدل TGE280,,HOLD_MISSING_PRODUCT_TYPE,product_type_id_null,uses_model_label,no,,no,YES,yes,yes,yes,yes,yes,yes
4682,DS220A,5,TERMA | ترما,ترما,DS220A,,,,,,no,,,,N/A,,,,,no,سختی سنج شور Aدقت HA 0.5 ترما (TERMA) مدل DS220A,,سختی سنج شور Aدقت HA 0.5 ترما (TERMA) مدل DS220A,,HOLD_MISSING_PRODUCT_TYPE,product_type_id_null,uses_model_label,no,,no,YES,yes,yes,yes,yes,yes,yes
4683,DS220D,5,TERMA | ترما,ترما,DS220D,,,,,,no,,,,N/A,,,,,no,سختی سنج شور Dدقت HD 0.5 ترما (TERMA) مدل DS220D,,سختی سنج شور Dدقت HD 0.5 ترما (TERMA) مدل DS220D,,HOLD_MISSING_PRODUCT_TYPE,product_type_id_null,uses_model_label,no,,no,YES,yes,yes,yes,yes,yes,yes
4684,RDE111-3000,5,TERMA | ترما,ترما,RDE111-3000,,,,,,no,,,,N/A,,,,,no,شابلون Rسنج دیجیتال ترما (TERMA) مدل RDE111-3000,,شابلون Rسنج دیجیتال ترما (TERMA) مدل RDE111-3000,,HOLD_MISSING_PRODUCT_TYPE,product_type_id_null,uses_model_label,no,,no,YES,yes,yes,yes,yes,yes,yes
4685,SD710,5,TERMA | ترما,ترما,SD710,,,,,,no,,,,N/A,,,,,no,پایه ساعت (عمق سنج ) ترما (TERMA) مدل SD710,,پایه ساعت (عمق سنج ) ترما (TERMA) مدل SD710,,HOLD_MISSING_PRODUCT_TYPE,product_type_id_null,uses_model_label,no,,no,YES,yes,yes,yes,yes,yes,yes
4686,MD710H,5,TERMA | ترما,ترما,MD710H,,,,,,no,,,,N/A,,,,,no,میکرومترهد 0-25دیجیتال ترما (TERMA) مدل MD710H,,میکرومترهد 0-25دیجیتال ترما (TERMA) مدل MD710H,,HOLD_MISSING_PRODUCT_TYPE,product_type_id_null,uses_model_label,no,,no,YES,yes,yes,yes,yes,yes,yes
4687,IDE120,5,TERMA | ترما,ترما,IDE120,,,,,,no,,,,N/A,,,,,no,ساعت شیطانکی دیجیتال ترما (TERMA) مدل IDE120,,ساعت شیطانکی دیجیتال ترما (TERMA) مدل IDE120,,HOLD_MISSING_PRODUCT_TYPE,product_type_id_null,uses_model_label,no,,no,YES,yes,yes,yes,yes,yes,yes
4688,IB210N-20,5,TERMA | ترما,ترما,IB210N-20,,,,,,no,,,,N/A,,,,,no,ساعت اندیکاتور کورس 2سانت ترما (TERMA) مدل IB210N-20,,ساعت اندیکاتور کورس 2سانت ترما (TERMA) مدل IB210N-20,,HOLD_MISSING_PRODUCT_TYPE,product_type_id_null,uses_model_label,no,,no,YES,yes,yes,yes,yes,yes,yes
4689,IB210N-25,5,TERMA | ترما,ترما,IB210N-25,,,,,,no,,,,N/A,,,,,no,ساعت اندیکاتور کورس 2.5سانت ترما (TERMA) مدل IB210N-25,,ساعت اندیکاتور کورس 2.5سانت ترما (TERMA) مدل IB210N-25,,HOLD_MISSING_PRODUCT_TYPE,product_type_id_null,uses_model_label,no,,no,YES,yes,yes,yes,yes,yes,yes
4690,IB210N-30,5,TERMA | ترما,ترما,IB210N-30,,,,,,no,,,,N/A,,,,,no,ساعت اندیکاتور کورس 3سانت ترما (TERMA) مدل IB210N-30,,ساعت اندیکاتور کورس 3سانت ترما (TERMA) مدل IB210N-30,,HOLD_MISSING_PRODUCT_TYPE,product_type_id_null,uses_model_label,no,,no,YES,yes,yes,yes,yes,yes,yes
4691,IB210N-50,5,TERMA | ترما,ترما,IB210N-50,,,,,,no,,,,N/A,,,,,no,ساعت اندیکاتور کورس 5سانت ترما (TERMA) مدل IB210N-50,,ساعت اندیکاتور کورس 5سانت ترما (TERMA) مدل IB210N-50,,HOLD_MISSING_PRODUCT_TYPE,product_type_id_null,uses_model_label,no,,no,YES,yes,yes,yes,yes,yes,yes
4692,IB210N-100,5,TERMA | ترما,ترما,IB210N-100,,,,,,no,,,,N/A,,,,,no,ساعت اندیکاتور کورس 10سانت ترما (TERMA) مدل IB210N-100,,ساعت اندیکاتور کورس 10سانت ترما (TERMA) مدل IB210N-100,,HOLD_MISSING_PRODUCT_TYPE,product_type_id_null,uses_model_label,no,,no,YES,yes,yes,yes,yes,yes,yes
4693,WTD100C-150,5,TERMA | ترما,ترما,WTD100C-150,,,,,,no,,,,N/A,,,,,no,پرگار داخل سنج 15سانت ترما (TERMA) مدل WTD100C-150,,پرگار داخل سنج 15سانت ترما (TERMA) مدل WTD100C-150,,HOLD_MISSING_PRODUCT_TYPE,product_type_id_null,uses_model_label,no,,no,YES,no,yes,yes,no,no,no
4694,WTD100C-200,5,TERMA | ترما,ترما,WTD100C-200,,,,,,no,,,,N/A,,,,,no,پرگار داخل سنج 20سانت ترما (TERMA) مدل WTD100C-200,,پرگار داخل سنج 20سانت ترما (TERMA) مدل WTD100C-200,,HOLD_MISSING_PRODUCT_TYPE,product_type_id_null,uses_model_label,no,,no,YES,no,yes,yes,no,no,no
4695,WTD100C-300,5,TERMA | ترما,ترما,WTD100C-300,,,,,,no,,,,N/A,,,,,no,پرگار داخل سنج 30سانت ترما (TERMA) مدل WTD100C-300,,پرگار داخل سنج 30سانت ترما (TERMA) مدل WTD100C-300,,HOLD_MISSING_PRODUCT_TYPE,product_type_id_null,uses_model_label,no,,no,YES,no,yes,yes,no,no,no
4696,WTD100C-600,5,TERMA | ترما,ترما,WTD100C-600,,,,,,no,,,,N/A,,,,,no,پرگار داخل سنج 60سانت ترما (TERMA) مدل WTD100C-600,,پرگار داخل سنج 60سانت ترما (TERMA) مدل WTD100C-600,,HOLD_MISSING_PRODUCT_TYPE,product_type_id_null,uses_model_label,no,,no,YES,no,yes,yes,no,no,no
4697,WTD100A-150,5,TERMA | ترما,ترما,WTD100A-150,,,,,,no,,,,N/A,,,,,no,پرگار مستقیم 15سانت ترما (TERMA) مدل WTD100A-150,,پرگار مستقیم 15سانت ترما (TERMA) مدل WTD100A-150,,HOLD_MISSING_PRODUCT_TYPE,product_type_id_null,uses_model_label,no,,no,YES,no,yes,yes,no,no,no
4698,WTD100A-200,5,TERMA | ترما,ترما,WTD100A-200,,,,,,no,,,,N/A,,,,,no,پرگار مستقیم 20سانت ترما (TERMA) مدل WTD100A-200,,پرگار مستقیم 20سانت ترما (TERMA) مدل WTD100A-200,,HOLD_MISSING_PRODUCT_TYPE,product_type_id_null,uses_model_label,no,,no,YES,no,yes,yes,no,no,no
4699,WTD100A-300,5,TERMA | ترما,ترما,WTD100A-300,,,,,,no,,,,N/A,,,,,no,پرگار مستقیم 30سانت ترما (TERMA) مدل WTD100A-300,,پرگار مستقیم 30سانت ترما (TERMA) مدل WTD100A-300,,HOLD_MISSING_PRODUCT_TYPE,product_type_id_null,uses_model_label,no,,no,YES,no,yes,yes,no,no,no
4700,WTD100A-600,5,TERMA | ترما,ترما,WTD100A-600,,,,,,no,,,,N/A,,,,,no,پرگار مستقیم 60سانت ترما (TERMA) مدل WTD100A-600,,پرگار مستقیم 60سانت ترما (TERMA) مدل WTD100A-600,,HOLD_MISSING_PRODUCT_TYPE,product_type_id_null,uses_model_label,no,,no,YES,no,yes,yes,no,no,no
4701,WTD100B-200,5,TERMA | ترما,ترما,WTD100B-200,,,,,,no,,,,N/A,,,,,no,پرگار خارج سنج 20سانت ترما (TERMA) مدل WTD100B-200,,پرگار خارج سنج 20سانت ترما (TERMA) مدل WTD100B-200,,HOLD_MISSING_PRODUCT_TYPE,product_type_id_null,uses_model_label,no,,no,YES,no,yes,yes,no,no,no
4702,WTD100B-300,5,TERMA | ترما,ترما,WTD100B-300,,,,,,no,,,,N/A,,,,,no,پرگار خارج سنج 30سانت ترما (TERMA) مدل WTD100B-300,,پرگار خارج سنج 30سانت ترما (TERMA) مدل WTD100B-300,,HOLD_MISSING_PRODUCT_TYPE,product_type_id_null,uses_model_label,no,,no,YES,no,yes,yes,no,no,no
4703,WTP100,5,TERMA | ترما,ترما,WTP100,,,,,,no,,,,N/A,,,,,no,شابلون دنده اینچ و میلیمتر ترما (TERMA) مدل WTP100,,شابلون دنده اینچ و میلیمتر ترما (TERMA) مدل WTP100,,HOLD_MISSING_PRODUCT_TYPE,product_type_id_null,uses_model_label,no,,no,YES,no,yes,yes,no,no,no
4704,WGB100-18,5,TERMA | ترما,ترما,WGB100-18,,,,,,no,,,,N/A,,,,,no,راپورتر 18پارچه گرید 2 ترما (TERMA) مدل WGB100-18,,راپورتر 18پارچه گرید 2 ترما (TERMA) مدل WGB100-18,,HOLD_MISSING_PRODUCT_TYPE,product_type_id_null,uses_model_label,no,,no,YES,no,yes,yes,no,no,no
4705,WGB100-47,5,TERMA | ترما,ترما,WGB100-47,,,,,,no,,,,N/A,,,,,no,راپورتر 47پارچه گرید 2 ترما (TERMA) مدل WGB100-47,,راپورتر 47پارچه گرید 2 ترما (TERMA) مدل WGB100-47,,HOLD_MISSING_PRODUCT_TYPE,product_type_id_null,uses_model_label,no,,no,YES,no,yes,yes,no,no,no
4706,WGB100-67,5,TERMA | ترما,ترما,WGB100-67,,,,,,no,,,,N/A,,,,,no,راپورتر 76پارچه گرید 2 ترما (TERMA) مدل WGB100-67,,راپورتر 76پارچه گرید 2 ترما (TERMA) مدل WGB100-67,,HOLD_MISSING_PRODUCT_TYPE,product_type_id_null,uses_model_label,no,,no,YES,no,yes,yes,no,no,no
4707,WGB100-81,5,TERMA | ترما,ترما,WGB100-81,,,,,,no,,,,N/A,,,,,no,راپورتر 81پارچه گرید 2 ترما (TERMA) مدل WGB100-81,,راپورتر 81پارچه گرید 2 ترما (TERMA) مدل WGB100-81,,HOLD_MISSING_PRODUCT_TYPE,product_type_id_null,uses_model_label,no,,no,YES,no,yes,yes,no,no,no
4708,WGB100-87,5,TERMA | ترما,ترما,WGB100-87,,,,,,no,,,,N/A,,,,,no,راپورتر 87پارچه گرید 2 ترما (TERMA) مدل WGB100-87,,راپورتر 87پارچه گرید 2 ترما (TERMA) مدل WGB100-87,,HOLD_MISSING_PRODUCT_TYPE,product_type_id_null,uses_model_label,no,,no,YES,no,yes,yes,no,no,no
4709,WGB100-103,5,TERMA | ترما,ترما,WGB100-103,,,,,,no,,,,N/A,,,,,no,راپورتر 103پارچه گرید 2 ترما (TERMA) مدل WGB100-103,,راپورتر 103پارچه گرید 2 ترما (TERMA) مدل WGB100-103,,HOLD_MISSING_PRODUCT_TYPE,product_type_id_null,uses_model_label,no,,no,YES,no,yes,yes,no,no,no
4710,WGB100-112,5,TERMA | ترما,ترما,WGB100-112,,,,,,no,,,,N/A,,,,,no,راپورتر 112پارچه گرید 2 ترما (TERMA) مدل WGB100-112,,راپورتر 112پارچه گرید 2 ترما (TERMA) مدل WGB100-112,,HOLD_MISSING_PRODUCT_TYPE,product_type_id_null,uses_model_label,no,,no,YES,no,yes,yes,no,no,no
4711,WGB100-122,5,TERMA | ترما,ترما,WGB100-122,,,,,,no,,,,N/A,,,,,no,راپورتر 122پارچه گرید 2 ترما (TERMA) مدل WGB100-122,,راپورتر 122پارچه گرید 2 ترما (TERMA) مدل WGB100-122,,HOLD_MISSING_PRODUCT_TYPE,product_type_id_null,uses_model_label,no,,no,YES,no,yes,yes,no,no,no
4712,WSI100,5,TERMA | ترما,ترما,WSI100,,,,,,no,,,,N/A,,,,,no,مرکز یاب اینچ و میلیمتر ترما (TERMA) مدل WSI100,,مرکز یاب اینچ و میلیمتر ترما (TERMA) مدل WSI100,,HOLD_MISSING_PRODUCT_TYPE,product_type_id_null,uses_model_label,no,,no,YES,no,yes,yes,no,no,no
4713,WWG110,5,TERMA | ترما,ترما,WWG110,,,,,,no,,,,N/A,,,,,no,گیج جوش کمبریج ترما (TERMA) مدل WWG110,,گیج جوش کمبریج ترما (TERMA) مدل WWG110,,HOLD_MISSING_PRODUCT_TYPE,product_type_id_null,uses_model_label,no,,no,YES,no,yes,yes,no,no,no
4714,FDT250,5,TERMA | ترما,ترما,FDT250,,,,,,no,,,,N/A,,,,,no,ضخامت سنج MINI QUICK ترما (TERMA) مدل FDT250,,ضخامت سنج MINI QUICK ترما (TERMA) مدل FDT250,,HOLD_MISSING_PRODUCT_TYPE,product_type_id_null,uses_model_label,no,,no,YES,no,yes,yes,no,no,no
4715,WMS100,5,TERMA | ترما,ترما,WMS100,,,,,,no,,,,N/A,,,,,no,پایه میکرومتر ترما (TERMA) مدل WMS100,,پایه میکرومتر ترما (TERMA) مدل WMS100,,HOLD_MISSING_PRODUCT_TYPE,product_type_id_null,uses_model_label,no,,no,YES,no,yes,yes,no,no,no
4716,WPD110,5,TERMA | ترما,ترما,WPD110,,,,,,no,,,,N/A,,,,,no,زاویه سنج یونیورسال 30سانت ترما (TERMA) مدل WPD110,,زاویه سنج یونیورسال 30سانت ترما (TERMA) مدل WPD110,,HOLD_MISSING_PRODUCT_TYPE,product_type_id_null,uses_model_label,no,,no,YES,no,yes,yes,no,no,no
4750,WBF100,5,TERMA | ترما,ترما,WBF100,,,,,,no,,,,N/A,,,,,no,فیلر برنجی 0.5-1.0طول 10سانت ترما (TERMA) مدل WBF100,,فیلر برنجی 0.5-1.0طول 10سانت ترما (TERMA) مدل WBF100,,HOLD_MISSING_PRODUCT_TYPE,product_type_id_null,uses_model_label,no,,no,YES,no,yes,yes,no,no,no
4760,WT100,5,TERMA | ترما,ترما,WT100,,,,,,no,,,,N/A,,,,,no,3D TESTER ترما (TERMA) مدل WT100,,3D TESTER ترما (TERMA) مدل WT100,,HOLD_MISSING_PRODUCT_TYPE,product_type_id_null,uses_model_label,no,,no,YES,no,yes,yes,no,no,no
4761,WWG100,5,TERMA | ترما,ترما,WWG100,,,,,,no,,,,N/A,,,,,no,گیج جوش لوله ترما (TERMA) مدل WWG100,,گیج جوش لوله ترما (TERMA) مدل WWG100,,HOLD_MISSING_PRODUCT_TYPE,product_type_id_null,uses_model_label,no,,no,YES,no,yes,yes,no,no,no
4762,WPD120,5,TERMA | ترما,ترما,WPD120,,,,,,no,,,,N/A,,,,,no,زاویه سنج نقاله دار ترما (TERMA) مدل WPD120,,زاویه سنج نقاله دار ترما (TERMA) مدل WPD120,,HOLD_MISSING_PRODUCT_TYPE,product_type_id_null,uses_model_label,no,,no,YES,no,yes,yes,no,no,no
4763,WPD100,5,TERMA | ترما,ترما,WPD100,,,,,,no,,,,N/A,,,,,no,گونیا سه تیکه ترما (TERMA) مدل WPD100,,گونیا سه تیکه ترما (TERMA) مدل WPD100,,HOLD_MISSING_PRODUCT_TYPE,product_type_id_null,uses_model_label,no,,no,YES,no,yes,yes,no,no,no
4764,WMT100,5,TERMA | ترما,ترما,WMT100,,,,,,no,,,,N/A,,,,,no,پایه ساعت گرانیتی 200*300*50 ترما (TERMA) مدل WMT100,,پایه ساعت گرانیتی 200*300*50 ترما (TERMA) مدل WMT100,,HOLD_MISSING_PRODUCT_TYPE,product_type_id_null,uses_model_label,no,,no,YES,no,yes,yes,no,no,no
4765,WLD100-150,5,TERMA | ترما,ترما,WLD100-150,,,,,,no,,,,N/A,,,,,no,تراز صنعتی تخت 15سانت دقت 0.02 ترما (TERMA) مدل WLD100-150,,تراز صنعتی تخت 15سانت دقت 0.02 ترما (TERMA) مدل WLD100-150,,HOLD_MISSING_PRODUCT_TYPE,product_type_id_null,uses_model_label,no,,no,YES,no,yes,yes,no,no,no
4766,WLD100-200,5,TERMA | ترما,ترما,WLD100-200,,,,,,no,,,,N/A,,,,,no,تراز صنعتی تخت 20سانت دقت 0.02 ترما (TERMA) مدل WLD100-200,,تراز صنعتی تخت 20سانت دقت 0.02 ترما (TERMA) مدل WLD100-200,,HOLD_MISSING_PRODUCT_TYPE,product_type_id_null,uses_model_label,no,,no,YES,no,yes,yes,no,no,no
4767,WLD100-300,5,TERMA | ترما,ترما,WLD100-300,,,,,,no,,,,N/A,,,,,no,تراز صنعتی تخت 30سانت دقت 0.02 ترما (TERMA) مدل WLD100-300,,تراز صنعتی تخت 30سانت دقت 0.02 ترما (TERMA) مدل WLD100-300,,HOLD_MISSING_PRODUCT_TYPE,product_type_id_null,uses_model_label,no,,no,YES,no,yes,yes,no,no,no
4768,WLD110-150,5,TERMA | ترما,ترما,WLD110-150,,,,,,no,,,,N/A,,,,,no,تراز صنعتی چهار گوش 15سانت دقت 0.02 ترما (TERMA) مدل WLD110-150,,تراز صنعتی چهار گوش 15سانت دقت 0.02 ترما (TERMA) مدل WLD110-150,,HOLD_MISSING_PRODUCT_TYPE,product_type_id_null,uses_model_label,no,,no,YES,no,yes,yes,no,no,no
4769,WLD110-200,5,TERMA | ترما,ترما,WLD110-200,,,,,,no,,,,N/A,,,,,no,تراز صنعتی چهار گوش 20سانت دقت 0.02 ترما (TERMA) مدل WLD110-200,,تراز صنعتی چهار گوش 20سانت دقت 0.02 ترما (TERMA) مدل WLD110-200,,HOLD_MISSING_PRODUCT_TYPE,product_type_id_null,uses_model_label,no,,no,YES,no,yes,yes,no,no,no
4770,WLD110-300,5,TERMA | ترما,ترما,WLD110-300,,,,,,no,,,,N/A,,,,,no,تراز صنعتی چهار گوش 30سانت دقت 0.02 ترما (TERMA) مدل WLD110-300,,تراز صنعتی چهار گوش 30سانت دقت 0.02 ترما (TERMA) مدل WLD110-300,,HOLD_MISSING_PRODUCT_TYPE,product_type_id_null,uses_model_label,no,,no,YES,no,yes,yes,no,no,no
4771,WCG100-150,5,TERMA | ترما,ترما,WCG100-150,,,,,,no,,,,N/A,,,,,no,مرکز یاب 150*130 ترما (TERMA) مدل WCG100-150,,مرکز یاب 150*130 ترما (TERMA) مدل WCG100-150,,HOLD_MISSING_PRODUCT_TYPE,product_type_id_null,uses_model_label,no,,no,YES,no,yes,yes,no,no,no
4772,WCG100-200,5,TERMA | ترما,ترما,WCG100-200,,,,,,no,,,,N/A,,,,,no,مرکز یاب 200*150 ترما (TERMA) مدل WCG100-200,,مرکز یاب 200*150 ترما (TERMA) مدل WCG100-200,,HOLD_MISSING_PRODUCT_TYPE,product_type_id_null,uses_model_label,no,,no,YES,no,yes,yes,no,no,no
4773,WCG100-300,5,TERMA | ترما,ترما,WCG100-300,,,,,,no,,,,N/A,,,,,no,مرکز یاب 300*180 ترما (TERMA) مدل WCG100-300,,مرکز یاب 300*180 ترما (TERMA) مدل WCG100-300,,HOLD_MISSING_PRODUCT_TYPE,product_type_id_null,uses_model_label,no,,no,YES,no,yes,yes,no,no,no
4777,WDS110,5,TERMA | ترما,ترما,WDS110,,,,,,no,,,,N/A,,,,,no,20-88 HRA.20-100HRB.20-70HRC ترما (TERMA) مدل WDS110,,20-88 HRA.20-100HRB.20-70HRC ترما (TERMA) مدل WDS110,,HOLD_MISSING_PRODUCT_TYPE,product_type_id_null,uses_model_label,no,,no,YES,no,yes,yes,no,no,no
