product_id,sku,brand_id,brand_raw,current_name,current_len,meta_title,meta_title_blank,state,confidence,profile,product_type_fa,product_type_evidence,product_type_governed,manufacturer_code,manufacturer_code_evidence,code_notes,proposed_name,proposed_len,delta_len,lint_current,overlay_sources,range_evidence,naming_standard_version,hold_reason
7275,ZCC-ZSD05-400-XP40-SP11-02,8,ZCC.CT | زد سی‌سی,مته الماس خور ZCC مدل ZSD05-400-XP40-SP11-02,44,,1,HOLD_MISSING_PRODUCT_TYPE,none,generic.v1,,unmatched_lead,0,ZSD05-400-XP40-SP11-02,specs.model,,,0,0,USES_MODEL_LABEL,,,karzar_product_naming_v1,no_terminology_match_on_name_lead
7274,ZCC-ZSD05-440-XP40-SP14-02,8,ZCC.CT | زد سی‌سی,مته الماس خور ZCC مدل ZSD05-440-XP40-SP14-02,44,,1,HOLD_MISSING_PRODUCT_TYPE,none,generic.v1,,unmatched_lead,0,ZSD05-440-XP40-SP14-02,specs.model,,,0,0,USES_MODEL_LABEL,,,karzar_product_naming_v1,no_terminology_match_on_name_lead
7273,ZCC-ZSD05-450-XP40-SP14-02,8,ZCC.CT | زد سی‌سی,مته الماس خور ZCC مدل ZSD05-450-XP40-SP14-02,44,,1,HOLD_MISSING_PRODUCT_TYPE,none,generic.v1,,unmatched_lead,0,ZSD05-450-XP40-SP14-02,specs.model,,,0,0,USES_MODEL_LABEL,,,karzar_product_naming_v1,no_terminology_match_on_name_lead
7272,ZCC-ZSD05-465-XP40-SP14-02,8,ZCC.CT | زد سی‌سی,مته الماس خور ZCC مدل ZSD05-465-XP40-SP14-02,44,,1,HOLD_MISSING_PRODUCT_TYPE,none,generic.v1,,unmatched_lead,0,ZSD05-465-XP40-SP14-02,specs.model,,,0,0,USES_MODEL_LABEL,,,karzar_product_naming_v1,no_terminology_match_on_name_lead
7270,ZCC-ZSD05-485-XP40-SP14-02,8,ZCC.CT | زد سی‌سی,مته الماس خور ZCC مدل ZSD05-485-XP40-SP14-02,44,,1,HOLD_MISSING_PRODUCT_TYPE,none,generic.v1,,unmatched_lead,0,ZSD05-485-XP40-SP14-02,specs.model,,,0,0,USES_MODEL_LABEL,,,karzar_product_naming_v1,no_terminology_match_on_name_lead
7269,ZCC-ZSD05-490-XP40-SP14-02,8,ZCC.CT | زد سی‌سی,مته الماس خور ZCC مدل ZSD05-490-XP40-SP14-02,44,,1,HOLD_MISSING_PRODUCT_TYPE,none,generic.v1,,unmatched_lead,0,ZSD05-490-XP40-SP14-02,specs.model,,,0,0,USES_MODEL_LABEL,,,karzar_product_naming_v1,no_terminology_match_on_name_lead
7271,ZCC-ZSD05-470-XP40-SP14-02,8,ZCC.CT | زد سی‌سی,مته الماس خور ZCC مدل ZSD05-470-XP40-SP14-02,44,,1,HOLD_MISSING_PRODUCT_TYPE,none,generic.v1,,unmatched_lead,0,ZSD05-470-XP40-SP14-02,specs.model,,,0,0,USES_MODEL_LABEL,,,karzar_product_naming_v1,no_terminology_match_on_name_lead
7261,ZCC-ZSD02-135-XP20-SP04-02,8,ZCC.CT | زد سی‌سی,مته الماس خور ZCC مدل ZSD02-135-XP20-SP04-02,44,,1,HOLD_MISSING_PRODUCT_TYPE,none,generic.v1,,unmatched_lead,0,ZSD02-135-XP20-SP04-02,specs.model,,,0,0,USES_MODEL_LABEL,,,karzar_product_naming_v1,no_terminology_match_on_name_lead
7189,ZCC-QEES26N,8,ZCC.CT | زد سی‌سی,تیغه کیوکات ZCC مدل QEES26N برای الماس Z▢ES025,46,,1,HOLD_MISSING_PRODUCT_TYPE,none,generic.v1,,unmatched_lead,0,QEES26N,specs.model,,,0,0,USES_MODEL_LABEL,,,karzar_product_naming_v1,no_terminology_match_on_name_lead
7190,ZCC-QEES32N,8,ZCC.CT | زد سی‌سی,تیغه کیوکات ZCC مدل QEES32N برای الماس Z▢ES025,46,,1,HOLD_MISSING_PRODUCT_TYPE,none,generic.v1,,unmatched_lead,0,QEES32N,specs.model,,,0,0,USES_MODEL_LABEL,,,karzar_product_naming_v1,no_terminology_match_on_name_lead
7180,ZCC-ZSD04-225-XP25-SP07-02,8,ZCC.CT | زد سی‌سی,مته الماس خور ZCC مدل ZSD04-225-XP25-SP07-02,44,,1,HOLD_MISSING_PRODUCT_TYPE,none,generic.v1,,unmatched_lead,0,ZSD04-225-XP25-SP07-02,specs.model,,,0,0,USES_MODEL_LABEL,,,karzar_product_naming_v1,no_terminology_match_on_name_lead
7179,ZCC-ZSD05-225-XP25-SP07-02,8,ZCC.CT | زد سی‌سی,مته الماس خور ZCC مدل ZSD05-225-XP25-SP07-02,44,,1,HOLD_MISSING_PRODUCT_TYPE,none,generic.v1,,unmatched_lead,0,ZSD05-225-XP25-SP07-02,specs.model,,,0,0,USES_MODEL_LABEL,,,karzar_product_naming_v1,no_terminology_match_on_name_lead
7178,ZCC-ZSD03-370-XP40-SP11-02,8,ZCC.CT | زد سی‌سی,مته الماس خور ZCC مدل ZSD03-370-XP40-SP11-02,44,,1,HOLD_MISSING_PRODUCT_TYPE,none,generic.v1,,unmatched_lead,0,ZSD03-370-XP40-SP11-02,specs.model,,,0,0,USES_MODEL_LABEL,,,karzar_product_naming_v1,no_terminology_match_on_name_lead
7177,ZCC-GD05C-0860,8,ZCC.CT | زد سی‌سی,مته الماسه ZCC مدل GD05C-0860,29,,1,HOLD_MISSING_PRODUCT_TYPE,none,generic.v1,,unmatched_lead,0,GD05C-0860,specs.model,,,0,0,USES_MODEL_LABEL,,,karzar_product_naming_v1,no_terminology_match_on_name_lead
7122,ZCC-10.GD03-05,8,ZCC.CT | زد سی‌سی,مته الماسه ZCC مدل 10.GD03-05,29,,1,HOLD_MISSING_PRODUCT_TYPE,none,generic.v1,,unmatched_lead,0,10.GD03-05,specs.model,,,0,0,USES_MODEL_LABEL,,,karzar_product_naming_v1,no_terminology_match_on_name_lead
6587,AST-COR305P,13,ASTPOWER | ای اس تی پاور,مدل AST-COR305P,15,,1,HOLD_MISSING_PRODUCT_TYPE,none,generic.v1,,unmatched_lead,0,AST-COR305P,name_label,,,0,0,USES_MODEL_LABEL,,,karzar_product_naming_v1,no_terminology_match_on_name_lead
6586,AST-COR205P,13,ASTPOWER | ای اس تی پاور,مدل AST-COR205P,15,,1,HOLD_MISSING_PRODUCT_TYPE,none,generic.v1,,unmatched_lead,0,AST-COR205P,name_label,,,0,0,USES_MODEL_LABEL,,,karzar_product_naming_v1,no_terminology_match_on_name_lead
6563,AST-SM,13,ASTPOWER | ای اس تی پاور,مدل AST-SM,10,,1,HOLD_MISSING_PRODUCT_TYPE,none,generic.v1,,unmatched_lead,0,AST-SM,name_label,,,0,0,USES_MODEL_LABEL,,,karzar_product_naming_v1,no_terminology_match_on_name_lead
6530,AST-832MA,13,ASTPOWER | ای اس تی پاور,مدل AST-832MA,13,,1,HOLD_MISSING_PRODUCT_TYPE,none,generic.v1,,unmatched_lead,0,AST-832MA,name_label,,,0,0,USES_MODEL_LABEL,,,karzar_product_naming_v1,no_terminology_match_on_name_lead
6538,AST-E316,13,ASTPOWER | ای اس تی پاور,مدل AST-E316,12,,1,HOLD_MISSING_PRODUCT_TYPE,none,generic.v1,,unmatched_lead,0,AST-E316,name_label,,,0,0,USES_MODEL_LABEL,,,karzar_product_naming_v1,no_terminology_match_on_name_lead
6213,AST-VTVG1080,13,ASTPOWER | ای اس تی پاور,مدل AST-VTVG1080,16,,1,HOLD_MISSING_PRODUCT_TYPE,none,generic.v1,,unmatched_lead,0,AST-VTVG1080,name_label,,,0,0,USES_MODEL_LABEL,,,karzar_product_naming_v1,no_terminology_match_on_name_lead
6212,AST-TSG203,13,ASTPOWER | ای اس تی پاور,مدل AST-TSG203,14,,1,HOLD_MISSING_PRODUCT_TYPE,none,generic.v1,,unmatched_lead,0,AST-TSG203,name_label,,,0,0,USES_MODEL_LABEL,,,karzar_product_naming_v1,no_terminology_match_on_name_lead
6211,AST-TSG152,13,ASTPOWER | ای اس تی پاور,مدل AST-TSG152,14,,1,HOLD_MISSING_PRODUCT_TYPE,none,generic.v1,,unmatched_lead,0,AST-TSG152,name_label,,,0,0,USES_MODEL_LABEL,,,karzar_product_naming_v1,no_terminology_match_on_name_lead
6210,AST-TSG125,13,ASTPOWER | ای اس تی پاور,مدل AST-TSG125,14,,1,HOLD_MISSING_PRODUCT_TYPE,none,generic.v1,,unmatched_lead,0,AST-TSG125,name_label,,,0,0,USES_MODEL_LABEL,,,karzar_product_naming_v1,no_terminology_match_on_name_lead
6209,AST-TSG102,13,ASTPOWER | ای اس تی پاور,مدل AST-TSG102,14,,1,HOLD_MISSING_PRODUCT_TYPE,none,generic.v1,,unmatched_lead,0,AST-TSG102,name_label,,,0,0,USES_MODEL_LABEL,,,karzar_product_naming_v1,no_terminology_match_on_name_lead
6207,AST-DV203,13,ASTPOWER | ای اس تی پاور,مدل AST-DV203,13,,1,HOLD_MISSING_PRODUCT_TYPE,none,generic.v1,,unmatched_lead,0,AST-DV203,name_label,,,0,0,USES_MODEL_LABEL,,,karzar_product_naming_v1,no_terminology_match_on_name_lead
6208,AST-TSG76,13,ASTPOWER | ای اس تی پاور,مدل AST-TSG76,13,,1,HOLD_MISSING_PRODUCT_TYPE,none,generic.v1,,unmatched_lead,0,AST-TSG76,name_label,,,0,0,USES_MODEL_LABEL,,,karzar_product_naming_v1,no_terminology_match_on_name_lead
6206,AST-DV152,13,ASTPOWER | ای اس تی پاور,مدل AST-DV152,13,,1,HOLD_MISSING_PRODUCT_TYPE,none,generic.v1,,unmatched_lead,0,AST-DV152,name_label,,,0,0,USES_MODEL_LABEL,,,karzar_product_naming_v1,no_terminology_match_on_name_lead
6205,AST-DV102,13,ASTPOWER | ای اس تی پاور,مدل AST-DV102,13,,1,HOLD_MISSING_PRODUCT_TYPE,none,generic.v1,,unmatched_lead,0,AST-DV102,name_label,,,0,0,USES_MODEL_LABEL,,,karzar_product_naming_v1,no_terminology_match_on_name_lead
6204,AST-DV76,13,ASTPOWER | ای اس تی پاور,مدل AST-DV76,12,,1,HOLD_MISSING_PRODUCT_TYPE,none,generic.v1,,unmatched_lead,0,AST-DV76,name_label,,,0,0,USES_MODEL_LABEL,,,karzar_product_naming_v1,no_terminology_match_on_name_lead
6203,AST-GDI95,13,ASTPOWER | ای اس تی پاور,مدل AST-GDI95,13,,1,HOLD_MISSING_PRODUCT_TYPE,none,generic.v1,,unmatched_lead,0,AST-GDI95,name_label,,,0,0,USES_MODEL_LABEL,,,karzar_product_naming_v1,no_terminology_match_on_name_lead
6202,AST-GDI75,13,ASTPOWER | ای اس تی پاور,مدل AST-GDI75,13,,1,HOLD_MISSING_PRODUCT_TYPE,none,generic.v1,,unmatched_lead,0,AST-GDI75,name_label,,,0,0,USES_MODEL_LABEL,,,karzar_product_naming_v1,no_terminology_match_on_name_lead
6200,AST-VW105,13,ASTPOWER | ای اس تی پاور,مدل AST-VW105,13,,1,HOLD_MISSING_PRODUCT_TYPE,none,generic.v1,,unmatched_lead,0,AST-VW105,name_label,,,0,0,USES_MODEL_LABEL,,,karzar_product_naming_v1,no_terminology_match_on_name_lead
6199,AST-GZD270,13,ASTPOWER | ای اس تی پاور,مدل AST-GZD270,14,,1,HOLD_MISSING_PRODUCT_TYPE,none,generic.v1,,unmatched_lead,0,AST-GZD270,name_label,,,0,0,USES_MODEL_LABEL,,,karzar_product_naming_v1,no_terminology_match_on_name_lead
6198,AST-GZD210,13,ASTPOWER | ای اس تی پاور,مدل AST-GZD210,14,,1,HOLD_MISSING_PRODUCT_TYPE,none,generic.v1,,unmatched_lead,0,AST-GZD210,name_label,,,0,0,USES_MODEL_LABEL,,,karzar_product_naming_v1,no_terminology_match_on_name_lead
6197,AST-GZD160,13,ASTPOWER | ای اس تی پاور,مدل AST-GZD160,14,,1,HOLD_MISSING_PRODUCT_TYPE,none,generic.v1,,unmatched_lead,0,AST-GZD160,name_label,,,0,0,USES_MODEL_LABEL,,,karzar_product_naming_v1,no_terminology_match_on_name_lead
6196,AST-VH430,13,ASTPOWER | ای اس تی پاور,مدل AST-VH430,13,,1,HOLD_MISSING_PRODUCT_TYPE,none,generic.v1,,unmatched_lead,0,AST-VH430,name_label,,,0,0,USES_MODEL_LABEL,,,karzar_product_naming_v1,no_terminology_match_on_name_lead
6195,AST-VH345,13,ASTPOWER | ای اس تی پاور,مدل AST-VH345,13,,1,HOLD_MISSING_PRODUCT_TYPE,none,generic.v1,,unmatched_lead,0,AST-VH345,name_label,,,0,0,USES_MODEL_LABEL,,,karzar_product_naming_v1,no_terminology_match_on_name_lead
6194,AST-VH320,13,ASTPOWER | ای اس تی پاور,مدل AST-VH320,13,,1,HOLD_MISSING_PRODUCT_TYPE,none,generic.v1,,unmatched_lead,0,AST-VH320,name_label,,,0,0,USES_MODEL_LABEL,,,karzar_product_naming_v1,no_terminology_match_on_name_lead
6183,AST-GAT20,13,ASTPOWER | ای اس تی پاور,مدل AST-GAT20,13,,1,HOLD_MISSING_PRODUCT_TYPE,none,generic.v1,,unmatched_lead,0,AST-GAT20,name_label,,,0,0,USES_MODEL_LABEL,,,karzar_product_naming_v1,no_terminology_match_on_name_lead
6182,AST-GAT12,13,ASTPOWER | ای اس تی پاور,مدل AST-GAT12,13,,1,HOLD_MISSING_PRODUCT_TYPE,none,generic.v1,,unmatched_lead,0,AST-GAT12,name_label,,,0,0,USES_MODEL_LABEL,,,karzar_product_naming_v1,no_terminology_match_on_name_lead
6181,AST-GAT7,13,ASTPOWER | ای اس تی پاور,مدل AST-GAT7,12,,1,HOLD_MISSING_PRODUCT_TYPE,none,generic.v1,,unmatched_lead,0,AST-GAT7,name_label,,,0,0,USES_MODEL_LABEL,,,karzar_product_naming_v1,no_terminology_match_on_name_lead
6158,AST-RAP20,13,ASTPOWER | ای اس تی پاور,"8 AST-RAP20 1,244,650,000",25,,1,HOLD_MISSING_PRODUCT_TYPE,none,generic.v1,,unmatched_lead,0,AST-RAP20,sku_as_candidate,title_lacks_code_label,,0,0,,,,karzar_product_naming_v1,no_terminology_match_on_name_lead
6157,AST-RAP18,13,ASTPOWER | ای اس تی پاور,"7 AST-RAP18 916,000,000",23,,1,HOLD_MISSING_PRODUCT_TYPE,none,generic.v1,,unmatched_lead,0,AST-RAP18,sku_as_candidate,title_lacks_code_label,,0,0,,,,karzar_product_naming_v1,no_terminology_match_on_name_lead
6156,AST-RAP16,13,ASTPOWER | ای اس تی پاور,"6 AST-RAP16 527,000,000",23,,1,HOLD_MISSING_PRODUCT_TYPE,none,generic.v1,,unmatched_lead,0,AST-RAP16,sku_as_candidate,title_lacks_code_label,,0,0,,,,karzar_product_naming_v1,no_terminology_match_on_name_lead
6154,AST-RAP12,13,ASTPOWER | ای اس تی پاور,"4 AST-RAP12 366,500,000",23,,1,HOLD_MISSING_PRODUCT_TYPE,none,generic.v1,,unmatched_lead,0,AST-RAP12,sku_as_candidate,title_lacks_code_label,,0,0,,,,karzar_product_naming_v1,no_terminology_match_on_name_lead
6152,AST-RAP8,13,ASTPOWER | ای اس تی پاور,"2 AST-RAP8 195,400,000",22,,1,HOLD_MISSING_PRODUCT_TYPE,none,generic.v1,,unmatched_lead,0,AST-RAP8,sku_as_candidate,title_lacks_code_label,,0,0,,,,karzar_product_naming_v1,no_terminology_match_on_name_lead
6149,AST-VUT-250,13,ASTPOWER | ای اس تی پاور,"4 AST-VUT-250 2,348,450,000",27,,1,HOLD_MISSING_PRODUCT_TYPE,none,generic.v1,,unmatched_lead,0,AST-VUT-250,sku_as_candidate,title_lacks_code_label,,0,0,,,,karzar_product_naming_v1,no_terminology_match_on_name_lead
6148,AST-VUT-200,13,ASTPOWER | ای اس تی پاور,"3 AST-VUT-200 1,378,500,000",27,,1,HOLD_MISSING_PRODUCT_TYPE,none,generic.v1,,unmatched_lead,0,AST-VUT-200,sku_as_candidate,title_lacks_code_label,,0,0,,,,karzar_product_naming_v1,no_terminology_match_on_name_lead
6147,AST-VUT-150,13,ASTPOWER | ای اس تی پاور,"2 AST-VUT-150 1,164,000,000",27,,1,HOLD_MISSING_PRODUCT_TYPE,none,generic.v1,,unmatched_lead,0,AST-VUT-150,sku_as_candidate,title_lacks_code_label,,0,0,,,,karzar_product_naming_v1,no_terminology_match_on_name_lead
6145,AST-CS-8,13,ASTPOWER | ای اس تی پاور,"2 AST-CS-8 1,344,000,000",24,,1,HOLD_MISSING_PRODUCT_TYPE,none,generic.v1,,unmatched_lead,0,AST-CS-8,sku_as_candidate,title_lacks_code_label,,0,0,,,,karzar_product_naming_v1,no_terminology_match_on_name_lead
6142,AST-HV-16,13,ASTPOWER | ای اس تی پاور,"8 AST-HV-16 1,656,200,000",25,,1,HOLD_MISSING_PRODUCT_TYPE,none,generic.v1,,unmatched_lead,0,AST-HV-16,sku_as_candidate,title_lacks_code_label,,0,0,,,,karzar_product_naming_v1,no_terminology_match_on_name_lead
6140,AST-HV-12,13,ASTPOWER | ای اس تی پاور,"6 AST-HV-12 820,000,000",23,,1,HOLD_MISSING_PRODUCT_TYPE,none,generic.v1,,unmatched_lead,0,AST-HV-12,sku_as_candidate,title_lacks_code_label,,0,0,,,,karzar_product_naming_v1,no_terminology_match_on_name_lead
6138,AST-HV-8,13,ASTPOWER | ای اس تی پاور,"4 AST-HV-8 389,650,000",22,,1,HOLD_MISSING_PRODUCT_TYPE,none,generic.v1,,unmatched_lead,0,AST-HV-8,sku_as_candidate,title_lacks_code_label,,0,0,,,,karzar_product_naming_v1,no_terminology_match_on_name_lead
6135,AST-HV-4,13,ASTPOWER | ای اس تی پاور,"1 AST-HV-4 224,700,000",22,,1,HOLD_MISSING_PRODUCT_TYPE,none,generic.v1,,unmatched_lead,0,AST-HV-4,sku_as_candidate,title_lacks_code_label,,0,0,,,,karzar_product_naming_v1,no_terminology_match_on_name_lead
6136,AST-HV-5,13,ASTPOWER | ای اس تی پاور,"2 AST-HV-5 233,800,000",22,,1,HOLD_MISSING_PRODUCT_TYPE,none,generic.v1,,unmatched_lead,0,AST-HV-5,sku_as_candidate,title_lacks_code_label,,0,0,,,,karzar_product_naming_v1,no_terminology_match_on_name_lead
6133,AST-BS1-6,13,ASTPOWER | ای اس تی پاور,"2 AST-BS1-6 816,500,000",23,,1,HOLD_MISSING_PRODUCT_TYPE,none,generic.v1,,unmatched_lead,0,AST-BS1-6,sku_as_candidate,title_lacks_code_label,,0,0,,,,karzar_product_naming_v1,no_terminology_match_on_name_lead
5856,AST-DID31/55,13,ASTPOWER | ای اس تی پاور,حدیده گیر دستگاه قلاویززن برقی مدل AST-DID31/55,47,,1,HOLD_MISSING_PRODUCT_TYPE,none,generic.v1,,unmatched_lead,0,AST-DID31/55,name_label,,,0,0,USES_MODEL_LABEL,,,karzar_product_naming_v1,no_terminology_match_on_name_lead
5855,AST-DID31/45,13,ASTPOWER | ای اس تی پاور,حدیده گیر دستگاه قلاویززن برقی مدل AST-DID31/45,47,,1,HOLD_MISSING_PRODUCT_TYPE,none,generic.v1,,unmatched_lead,0,AST-DID31/45,name_label,,,0,0,USES_MODEL_LABEL,,,karzar_product_naming_v1,no_terminology_match_on_name_lead
5854,AST-DID31/38,13,ASTPOWER | ای اس تی پاور,حدیده گیر دستگاه قلاویززن برقی مدل AST-DID31/38,47,,1,HOLD_MISSING_PRODUCT_TYPE,none,generic.v1,,unmatched_lead,0,AST-DID31/38,name_label,,,0,0,USES_MODEL_LABEL,,,karzar_product_naming_v1,no_terminology_match_on_name_lead
5853,AST-DID31/30,13,ASTPOWER | ای اس تی پاور,حدیده گیر دستگاه قلاویززن برقی مدل AST-DID31/30,47,,1,HOLD_MISSING_PRODUCT_TYPE,none,generic.v1,,unmatched_lead,0,AST-DID31/30,name_label,,,0,0,USES_MODEL_LABEL,,,karzar_product_naming_v1,no_terminology_match_on_name_lead
5852,AST-DID31/25,13,ASTPOWER | ای اس تی پاور,حدیده گیر دستگاه قلاویززن برقی مدل AST-DID31/25,47,,1,HOLD_MISSING_PRODUCT_TYPE,none,generic.v1,,unmatched_lead,0,AST-DID31/25,name_label,,,0,0,USES_MODEL_LABEL,,,karzar_product_naming_v1,no_terminology_match_on_name_lead
5850,AST-DID19/38,13,ASTPOWER | ای اس تی پاور,حدیده گیر دستگاه قلاویززن برقی مدل AST-DID19/38,47,,1,HOLD_MISSING_PRODUCT_TYPE,none,generic.v1,,unmatched_lead,0,AST-DID19/38,name_label,,,0,0,USES_MODEL_LABEL,,,karzar_product_naming_v1,no_terminology_match_on_name_lead
5851,AST-DID31/20,13,ASTPOWER | ای اس تی پاور,حدیده گیر دستگاه قلاویززن برقی مدل AST-DID31/20,47,,1,HOLD_MISSING_PRODUCT_TYPE,none,generic.v1,,unmatched_lead,0,AST-DID31/20,name_label,,,0,0,USES_MODEL_LABEL,,,karzar_product_naming_v1,no_terminology_match_on_name_lead
5849,AST-DID19/30,13,ASTPOWER | ای اس تی پاور,حدیده گیر دستگاه قلاویززن برقی مدل AST-DID19/30,47,,1,HOLD_MISSING_PRODUCT_TYPE,none,generic.v1,,unmatched_lead,0,AST-DID19/30,name_label,,,0,0,USES_MODEL_LABEL,,,karzar_product_naming_v1,no_terminology_match_on_name_lead
5848,AST-DID19/25,13,ASTPOWER | ای اس تی پاور,حدیده گیر دستگاه قلاویززن برقی مدل AST-DID19/25,47,,1,HOLD_MISSING_PRODUCT_TYPE,none,generic.v1,,unmatched_lead,0,AST-DID19/25,name_label,,,0,0,USES_MODEL_LABEL,,,karzar_product_naming_v1,no_terminology_match_on_name_lead
5847,AST-DID19/20,13,ASTPOWER | ای اس تی پاور,حدیده گیر دستگاه قلاویززن برقی مدل AST-DID19/20,47,,1,HOLD_MISSING_PRODUCT_TYPE,none,generic.v1,,unmatched_lead,0,AST-DID19/20,name_label,,,0,0,USES_MODEL_LABEL,,,karzar_product_naming_v1,no_terminology_match_on_name_lead
5846,AST-DP31,13,ASTPOWER | ای اس تی پاور,قطعه مگنت تنظیم زاویه قلاویزکاری مدل AST-DP31,45,,1,HOLD_MISSING_PRODUCT_TYPE,none,generic.v1,,unmatched_lead,0,AST-DP31,name_label,,,0,0,USES_MODEL_LABEL,,,karzar_product_naming_v1,no_terminology_match_on_name_lead
5845,AST-DP19,13,ASTPOWER | ای اس تی پاور,قطعه مگنت تنظیم زاویه قلاویزکاری مدل AST-DP19,45,,1,HOLD_MISSING_PRODUCT_TYPE,none,generic.v1,,unmatched_lead,0,AST-DP19,name_label,,,0,0,USES_MODEL_LABEL,,,karzar_product_naming_v1,no_terminology_match_on_name_lead
5842,AST-T900600,13,ASTPOWER | ای اس تی پاور,میز دستگاه قلاویز زن برقی مدل AST-T900600,41,,1,HOLD_MISSING_PRODUCT_TYPE,none,generic.v1,,unmatched_lead,0,AST-T900600,name_label,,,0,0,USES_MODEL_LABEL,,,karzar_product_naming_v1,no_terminology_match_on_name_lead
5841,AST-T800500,13,ASTPOWER | ای اس تی پاور,میز دستگاه قلاویز زن برقی مدل AST-T800500,41,,1,HOLD_MISSING_PRODUCT_TYPE,none,generic.v1,,unmatched_lead,0,AST-T800500,name_label,,,0,0,USES_MODEL_LABEL,,,karzar_product_naming_v1,no_terminology_match_on_name_lead
4692,IB210N-100,5,TERMA | ترما,ساعت اندیکاتور کورس 10سانت ترما (TERMA) مدل IB210N-100,54,,1,HOLD_MISSING_PRODUCT_TYPE,none,generic.v1,,unmatched_lead,0,IB210N-100,name_label,,,0,0,duplicated_brand|USES_MODEL_LABEL,,,karzar_product_naming_v1,no_terminology_match_on_name_lead
4691,IB210N-50,5,TERMA | ترما,ساعت اندیکاتور کورس 5سانت ترما (TERMA) مدل IB210N-50,52,,1,HOLD_MISSING_PRODUCT_TYPE,none,generic.v1,,unmatched_lead,0,IB210N-50,name_label,,,0,0,duplicated_brand|USES_MODEL_LABEL,,,karzar_product_naming_v1,no_terminology_match_on_name_lead
4690,IB210N-30,5,TERMA | ترما,ساعت اندیکاتور کورس 3سانت ترما (TERMA) مدل IB210N-30,52,,1,HOLD_MISSING_PRODUCT_TYPE,none,generic.v1,,unmatched_lead,0,IB210N-30,name_label,,,0,0,duplicated_brand|USES_MODEL_LABEL,,,karzar_product_naming_v1,no_terminology_match_on_name_lead
4689,IB210N-25,5,TERMA | ترما,ساعت اندیکاتور کورس 2.5سانت ترما (TERMA) مدل IB210N-25,54,,1,HOLD_MISSING_PRODUCT_TYPE,none,generic.v1,,unmatched_lead,0,IB210N-25,name_label,,,0,0,duplicated_brand|USES_MODEL_LABEL,,,karzar_product_naming_v1,no_terminology_match_on_name_lead
4688,IB210N-20,5,TERMA | ترما,ساعت اندیکاتور کورس 2سانت ترما (TERMA) مدل IB210N-20,52,,1,HOLD_MISSING_PRODUCT_TYPE,none,generic.v1,,unmatched_lead,0,IB210N-20,name_label,,,0,0,duplicated_brand|USES_MODEL_LABEL,,,karzar_product_naming_v1,no_terminology_match_on_name_lead
4687,IDE120,5,TERMA | ترما,ساعت شیطانکی دیجیتال ترما (TERMA) مدل IDE120,44,,1,HOLD_MISSING_PRODUCT_TYPE,none,generic.v1,,unmatched_lead,0,IDE120,name_label,,,0,0,duplicated_brand|USES_MODEL_LABEL,,,karzar_product_naming_v1,no_terminology_match_on_name_lead
4686,MD710H,5,TERMA | ترما,میکرومترهد 0-25دیجیتال ترما (TERMA) مدل MD710H,46,,1,HOLD_MISSING_VARIANT_ATTRIBUTE,none,metrology.micrometer.v1,میکرومتر,terminology:میکرومتر,0,MD710H,name_label,,,0,0,duplicated_brand|USES_MODEL_LABEL,,,karzar_product_naming_v1,missing_primary_variant_attribute
4685,SD710,5,TERMA | ترما,پایه ساعت (عمق سنج ) ترما (TERMA) مدل SD710,43,,1,HOLD_MISSING_PRODUCT_TYPE,none,generic.v1,,unmatched_lead,0,SD710,name_label,,,0,0,duplicated_brand|USES_MODEL_LABEL,,,karzar_product_naming_v1,no_terminology_match_on_name_lead
4684,RDE111-3000,5,TERMA | ترما,شابلون Rسنج دیجیتال ترما (TERMA) مدل RDE111-3000,48,,1,HOLD_MISSING_PRODUCT_TYPE,none,generic.v1,,unmatched_lead,0,RDE111-3000,name_label,,,0,0,duplicated_brand|USES_MODEL_LABEL,,,karzar_product_naming_v1,no_terminology_match_on_name_lead
4683,DS220D,5,TERMA | ترما,سختی سنج شور Dدقت HD 0.5 ترما (TERMA) مدل DS220D,48,,1,HOLD_MISSING_PRODUCT_TYPE,none,generic.v1,,unmatched_lead,0,DS220D,name_label,,,0,0,duplicated_brand|USES_MODEL_LABEL,,,karzar_product_naming_v1,no_terminology_match_on_name_lead
4682,DS220A,5,TERMA | ترما,سختی سنج شور Aدقت HA 0.5 ترما (TERMA) مدل DS220A,48,,1,HOLD_MISSING_PRODUCT_TYPE,none,generic.v1,,unmatched_lead,0,DS220A,name_label,,,0,0,duplicated_brand|USES_MODEL_LABEL,,,karzar_product_naming_v1,no_terminology_match_on_name_lead
4681,TGE280,5,TERMA | ترما,ساعت Zدیجیتال ترما (TERMA) مدل TGE280,37,,1,HOLD_MISSING_PRODUCT_TYPE,none,generic.v1,,unmatched_lead,0,TGE280,name_label,,,0,0,duplicated_brand|USES_MODEL_LABEL,,,karzar_product_naming_v1,no_terminology_match_on_name_lead
4680,TG710M-25,5,TERMA | ترما,عمق سنج 0-25دیجیتال آج الستیک ترما (TERMA) مدل TG710M-25,56,,1,HOLD_MISSING_PRODUCT_TYPE,none,generic.v1,,unmatched_lead,0,TG710M-25,name_label,,,0,0,duplicated_brand|USES_MODEL_LABEL,,,karzar_product_naming_v1,no_terminology_match_on_name_lead
4679,PD211,5,TERMA | ترما,گونیا سه تیکه دیجیتال ترما (TERMA) مدل PD211,44,,1,HOLD_MISSING_PRODUCT_TYPE,none,generic.v1,,unmatched_lead,0,PD211,name_label,,,0,0,duplicated_brand|USES_MODEL_LABEL,,,karzar_product_naming_v1,no_terminology_match_on_name_lead
4678,PD270D-600,5,TERMA | ترما,زاویه سنج دیجیتال 600سانت ترما (TERMA) مدل PD270D-600,53,,1,HOLD_MISSING_PRODUCT_TYPE,none,generic.v1,,unmatched_lead,0,PD270D-600,name_label,,,0,0,duplicated_brand|USES_MODEL_LABEL,,,karzar_product_naming_v1,no_terminology_match_on_name_lead
4677,PD270D-300,5,TERMA | ترما,زاویه سنج دیجیتال 300سانت ترما (TERMA) مدل PD270D-300,53,,1,HOLD_MISSING_PRODUCT_TYPE,none,generic.v1,,unmatched_lead,0,PD270D-300,name_label,,,0,0,duplicated_brand|USES_MODEL_LABEL,,,karzar_product_naming_v1,no_terminology_match_on_name_lead
4676,PD270D-200,5,TERMA | ترما,زاویه سنج دیجیتال 200سانت ترما (TERMA) مدل PD270D-200,53,,1,HOLD_MISSING_PRODUCT_TYPE,none,generic.v1,,unmatched_lead,0,PD270D-200,name_label,,,0,0,duplicated_brand|USES_MODEL_LABEL,,,karzar_product_naming_v1,no_terminology_match_on_name_lead
4675,PD270D-150,5,TERMA | ترما,زاویه سنج دیجیتال 150سانت ترما (TERMA) مدل PD270D-150,53,,1,HOLD_MISSING_PRODUCT_TYPE,none,generic.v1,,unmatched_lead,0,PD270D-150,name_label,,,0,0,duplicated_brand|USES_MODEL_LABEL,,,karzar_product_naming_v1,no_terminology_match_on_name_lead
4674,PD290-300,5,TERMA | ترما,زاویه سنج دیجیتال 30سانت ترما (TERMA) مدل PD290-300,51,,1,HOLD_MISSING_PRODUCT_TYPE,none,generic.v1,,unmatched_lead,0,PD290-300,name_label,,,0,0,duplicated_brand|USES_MODEL_LABEL,,,karzar_product_naming_v1,no_terminology_match_on_name_lead
4673,PD290-200,5,TERMA | ترما,زاویه سنج دیجیتال 20سانت ترما (TERMA) مدل PD290-200,51,,1,HOLD_MISSING_PRODUCT_TYPE,none,generic.v1,,unmatched_lead,0,PD290-200,name_label,,,0,0,duplicated_brand|USES_MODEL_LABEL,,,karzar_product_naming_v1,no_terminology_match_on_name_lead
4672,PD290-100,5,TERMA | ترما,زاویه سنج دیجیتال 10سانت ترما (TERMA) مدل PD290-100,51,,1,HOLD_MISSING_PRODUCT_TYPE,none,generic.v1,,unmatched_lead,0,PD290-100,name_label,,,0,0,duplicated_brand|USES_MODEL_LABEL,,,karzar_product_naming_v1,no_terminology_match_on_name_lead
4671,LD260-24,5,TERMA | ترما,تراز صنعتی دیجیتال 600میلیمتر ترما (TERMA) مدل LD260-24,55,,1,HOLD_MISSING_PRODUCT_TYPE,none,generic.v1,,unmatched_lead,0,LD260-24,name_label,,,0,0,duplicated_brand|USES_MODEL_LABEL,,,karzar_product_naming_v1,no_terminology_match_on_name_lead
4669,LD260-6,5,TERMA | ترما,تراز صنعتی دیجیتال 150میلیمتر ترما (TERMA) مدل LD260-6,54,,1,HOLD_MISSING_PRODUCT_TYPE,none,generic.v1,,unmatched_lead,0,LD260-6,name_label,,,0,0,duplicated_brand|USES_MODEL_LABEL,,,karzar_product_naming_v1,no_terminology_match_on_name_lead
4670,LD260-9,5,TERMA | ترما,تراز صنعتی دیجیتال 225میلیمتر ترما (TERMA) مدل LD260-9,54,,1,HOLD_MISSING_PRODUCT_TYPE,none,generic.v1,,unmatched_lead,0,LD260-9,name_label,,,0,0,duplicated_brand|USES_MODEL_LABEL,,,karzar_product_naming_v1,no_terminology_match_on_name_lead
4668,LD290,5,TERMA | ترما,تراز دیجیتال 150میلیمتر ترما (TERMA) مدل LD290,46,,1,HOLD_MISSING_PRODUCT_TYPE,none,generic.v1,,unmatched_lead,0,LD290,name_label,,,0,0,duplicated_brand|USES_MODEL_LABEL,,,karzar_product_naming_v1,no_terminology_match_on_name_lead
4667,LD280,5,TERMA | ترما,شیب سنج دیجیتال 50*50چهار دکمه ترما (TERMA) مدل LD280,53,,1,HOLD_MISSING_PRODUCT_TYPE,none,generic.v1,,unmatched_lead,0,LD280,name_label,,,0,0,duplicated_brand|USES_MODEL_LABEL,,,karzar_product_naming_v1,no_terminology_match_on_name_lead
4666,LD250,5,TERMA | ترما,شیب سنج دیجیتال 50*50سه دکمه ترما (TERMA) مدل LD250,51,,1,HOLD_MISSING_PRODUCT_TYPE,none,generic.v1,,unmatched_lead,0,LD250,name_label,,,0,0,duplicated_brand|USES_MODEL_LABEL,,,karzar_product_naming_v1,no_terminology_match_on_name_lead
4664,SN730-25,5,TERMA | ترما,ضخامت سنج دیجیتال ترما (TERMA) مدل SN730-25,43,,1,HOLD_MISSING_PRODUCT_TYPE,none,generic.v1,,unmatched_lead,0,SN730-25,name_label,,,0,0,duplicated_brand|USES_MODEL_LABEL,,,karzar_product_naming_v1,no_terminology_match_on_name_lead
4665,TD270-25,5,TERMA | ترما,ضخامت سنج دیجیتال ترما (TERMA) مدل TD270-25,43,,1,HOLD_MISSING_PRODUCT_TYPE,none,generic.v1,,unmatched_lead,0,TD270-25,name_label,,,0,0,duplicated_brand|USES_MODEL_LABEL,,,karzar_product_naming_v1,no_terminology_match_on_name_lead
4659,TD230D,5,TERMA | ترما,ضخامت سنج دیجیتال 0-25خارج سنج ترما (TERMA) مدل TD230D,54,,1,HOLD_MISSING_PRODUCT_TYPE,none,generic.v1,,unmatched_lead,0,TD230D,name_label,,,0,0,duplicated_brand|USES_MODEL_LABEL,,,karzar_product_naming_v1,no_terminology_match_on_name_lead
4658,TD230C,5,TERMA | ترما,ضخامت سنج دیجیتال 12.7-165داخل سنج ترما (TERMA) مدل TD230C,58,,1,HOLD_MISSING_PRODUCT_TYPE,none,generic.v1,,unmatched_lead,0,TD230C,name_label,,,0,0,duplicated_brand|USES_MODEL_LABEL,,,karzar_product_naming_v1,no_terminology_match_on_name_lead
4657,TD230B,5,TERMA | ترما,ضخامت سنج دیجییتال 0-150خارج سنج ترما (TERMA) مدل TD230B,56,,1,HOLD_MISSING_PRODUCT_TYPE,none,generic.v1,,unmatched_lead,0,TD230B,name_label,,,0,0,duplicated_brand|USES_MODEL_LABEL,,,karzar_product_naming_v1,no_terminology_match_on_name_lead
4656,TD230A,5,TERMA | ترما,ضخامت سنج دیجیتال 0-25خارج سنج ترما (TERMA) مدل TD230A,54,,1,HOLD_MISSING_PRODUCT_TYPE,none,generic.v1,,unmatched_lead,0,TD230A,name_label,,,0,0,duplicated_brand|USES_MODEL_LABEL,,,karzar_product_naming_v1,no_terminology_match_on_name_lead
4655,TDE111B-135,5,TERMA | ترما,پرگار دیجیتال 115-135 ترما (TERMA) مدل TDE111B-135,50,,1,HOLD_MISSING_PRODUCT_TYPE,none,generic.v1,,unmatched_lead,0,TDE111B-135,name_label,,,0,0,duplicated_brand|USES_MODEL_LABEL,,,karzar_product_naming_v1,no_terminology_match_on_name_lead
4654,TDE111B-115,5,TERMA | ترما,پرگار دیجیتال 95-115داخل سنج ترما (TERMA) مدل TDE111B-115,57,,1,HOLD_MISSING_PRODUCT_TYPE,none,generic.v1,,unmatched_lead,0,TDE111B-115,name_label,,,0,0,duplicated_brand|USES_MODEL_LABEL,,,karzar_product_naming_v1,no_terminology_match_on_name_lead
4653,TDE111B-95,5,TERMA | ترما,پرگار دیجیتال 75-95داخل سنج ترما (TERMA) مدل TDE111B-95,55,,1,HOLD_MISSING_PRODUCT_TYPE,none,generic.v1,,unmatched_lead,0,TDE111B-95,name_label,,,0,0,duplicated_brand|USES_MODEL_LABEL,,,karzar_product_naming_v1,no_terminology_match_on_name_lead
4652,TDE111B-75,5,TERMA | ترما,پرگار دیجیتال 55-75داخل سنج ترما (TERMA) مدل TDE111B-75,55,,1,HOLD_MISSING_PRODUCT_TYPE,none,generic.v1,,unmatched_lead,0,TDE111B-75,name_label,,,0,0,duplicated_brand|USES_MODEL_LABEL,,,karzar_product_naming_v1,no_terminology_match_on_name_lead
4651,TDE111B-55,5,TERMA | ترما,پرگار دیجیتال 35-55داخل سنج ترما (TERMA) مدل TDE111B-55,55,,1,HOLD_MISSING_PRODUCT_TYPE,none,generic.v1,,unmatched_lead,0,TDE111B-55,name_label,,,0,0,duplicated_brand|USES_MODEL_LABEL,,,karzar_product_naming_v1,no_terminology_match_on_name_lead
4650,TDE111B-35,5,TERMA | ترما,پرگار دیجیتال 15-35داخل سنج ترما (TERMA) مدل TDE111B-35,55,,1,HOLD_MISSING_PRODUCT_TYPE,none,generic.v1,,unmatched_lead,0,TDE111B-35,name_label,,,0,0,duplicated_brand|USES_MODEL_LABEL,,,karzar_product_naming_v1,no_terminology_match_on_name_lead
4648,TDE111A-80,5,TERMA | ترما,پرگار دیجیتال 60-80خارج سنج ترما (TERMA) مدل TDE111A-80,55,,1,HOLD_MISSING_PRODUCT_TYPE,none,generic.v1,,unmatched_lead,0,TDE111A-80,name_label,,,0,0,duplicated_brand|USES_MODEL_LABEL,,,karzar_product_naming_v1,no_terminology_match_on_name_lead
4649,TDE111A-100,5,TERMA | ترما,پرگار دیجیتال 80-100خارج سنج ترما (TERMA) مدل TDE111A-100,57,,1,HOLD_MISSING_PRODUCT_TYPE,none,generic.v1,,unmatched_lead,0,TDE111A-100,name_label,,,0,0,duplicated_brand|USES_MODEL_LABEL,,,karzar_product_naming_v1,no_terminology_match_on_name_lead
4647,TDE111A-60,5,TERMA | ترما,پرگار دیجیتال 40-60خارج سنج ترما (TERMA) مدل TDE111A-60,55,,1,HOLD_MISSING_PRODUCT_TYPE,none,generic.v1,,unmatched_lead,0,TDE111A-60,name_label,,,0,0,duplicated_brand|USES_MODEL_LABEL,,,karzar_product_naming_v1,no_terminology_match_on_name_lead
4646,TDE111A-40,5,TERMA | ترما,پرگار دیجیتال 20-40خارج سنج ترما (TERMA) مدل TDE111A-40,55,,1,HOLD_MISSING_PRODUCT_TYPE,none,generic.v1,,unmatched_lead,0,TDE111A-40,name_label,,,0,0,duplicated_brand|USES_MODEL_LABEL,,,karzar_product_naming_v1,no_terminology_match_on_name_lead
4645,TDE130B-200,5,TERMA | ترما,پرگار دیجیتال 150-200داخل سنج ترما (TERMA) مدل TDE130B-200,58,,1,HOLD_MISSING_PRODUCT_TYPE,none,generic.v1,,unmatched_lead,0,TDE130B-200,name_label,,,0,0,duplicated_brand|USES_MODEL_LABEL,,,karzar_product_naming_v1,no_terminology_match_on_name_lead
4644,TDE130B-150,5,TERMA | ترما,پرگار دیجیتال 100-150داخل سنج ترما (TERMA) مدل TDE130B-150,58,,1,HOLD_MISSING_PRODUCT_TYPE,none,generic.v1,,unmatched_lead,0,TDE130B-150,name_label,,,0,0,duplicated_brand|USES_MODEL_LABEL,,,karzar_product_naming_v1,no_terminology_match_on_name_lead
4643,TDE130B-100,5,TERMA | ترما,پرگار دیجیتال 50-100داخل سنج ترما (TERMA) مدل TDE130B-100,57,,1,HOLD_MISSING_PRODUCT_TYPE,none,generic.v1,,unmatched_lead,0,TDE130B-100,name_label,,,0,0,duplicated_brand|USES_MODEL_LABEL,,,karzar_product_naming_v1,no_terminology_match_on_name_lead
4642,TDE130B-50,5,TERMA | ترما,پرگار دیجیتال 30-50داخل سنج ترما (TERMA) مدل TDE130B-50,55,,1,HOLD_MISSING_PRODUCT_TYPE,none,generic.v1,,unmatched_lead,0,TDE130B-50,name_label,,,0,0,duplicated_brand|USES_MODEL_LABEL,,,karzar_product_naming_v1,no_terminology_match_on_name_lead
4641,TDE130B-30,5,TERMA | ترما,پرگار دیجیتال 10-30داخل سنج ترما (TERMA) مدل TDE130B-30,55,,1,HOLD_MISSING_PRODUCT_TYPE,none,generic.v1,,unmatched_lead,0,TDE130B-30,name_label,,,0,0,duplicated_brand|USES_MODEL_LABEL,,,karzar_product_naming_v1,no_terminology_match_on_name_lead
4640,TDE130B-15,5,TERMA | ترما,پرگار دیجیتال 5-15داخل سنج ترما (TERMA) مدل TDE130B-15,54,,1,HOLD_MISSING_PRODUCT_TYPE,none,generic.v1,,unmatched_lead,0,TDE130B-15,name_label,,,0,0,duplicated_brand|USES_MODEL_LABEL,,,karzar_product_naming_v1,no_terminology_match_on_name_lead
4639,TDE130A-100,5,TERMA | ترما,پرگار دیجیتال 0-100خارج سنج ترما (TERMA) مدل TDE130A-100,56,,1,HOLD_MISSING_PRODUCT_TYPE,none,generic.v1,,unmatched_lead,0,TDE130A-100,name_label,,,0,0,duplicated_brand|USES_MODEL_LABEL,,,karzar_product_naming_v1,no_terminology_match_on_name_lead
4638,TDE130A-50,5,TERMA | ترما,پرگار دیجیتال 0-50خارج سنج ترما (TERMA) مدل TDE130A-50,54,,1,HOLD_MISSING_PRODUCT_TYPE,none,generic.v1,,unmatched_lead,0,TDE130A-50,name_label,,,0,0,duplicated_brand|USES_MODEL_LABEL,,,karzar_product_naming_v1,no_terminology_match_on_name_lead
4637,TDE130A-30,5,TERMA | ترما,پرگار دیجیتال 0-30خارج سنج ترما (TERMA) مدل TDE130A-30,54,,1,HOLD_MISSING_PRODUCT_TYPE,none,generic.v1,,unmatched_lead,0,TDE130A-30,name_label,,,0,0,duplicated_brand|USES_MODEL_LABEL,,,karzar_product_naming_v1,no_terminology_match_on_name_lead
4633,MA310,5,TERMA | ترما,میکرومتر هد 0-25معمولی ترما (TERMA) مدل MA310,45,,1,HOLD_MISSING_VARIANT_ATTRIBUTE,none,metrology.micrometer.v1,میکرومتر,terminology:میکرومتر,0,MA310,name_label,,,0,0,duplicated_brand|USES_MODEL_LABEL,,,karzar_product_naming_v1,missing_primary_variant_attribute
4632,MD320H-50,5,TERMA | ترما,میکرومترهد 0-50دیجیتال ترما (TERMA) مدل MD320H-50,49,,1,HOLD_MISSING_VARIANT_ATTRIBUTE,none,metrology.micrometer.v1,میکرومتر,terminology:میکرومتر,0,MD320H-50,name_label,,,0,0,duplicated_brand|USES_MODEL_LABEL,,,karzar_product_naming_v1,missing_primary_variant_attribute
4631,MD320H-25,5,TERMA | ترما,میکرومتر هد 0-25دیجیتال ترما (TERMA) مدل MD320H-25,50,,1,HOLD_MISSING_VARIANT_ATTRIBUTE,none,metrology.micrometer.v1,میکرومتر,terminology:میکرومتر,0,MD320H-25,name_label,,,0,0,duplicated_brand|USES_MODEL_LABEL,,,karzar_product_naming_v1,missing_primary_variant_attribute
4630,MDA910-100,5,TERMA | ترما,میکرومتر 0-100دیجیتال فنری ترما (TERMA) مدل MDA910-100,54,,1,HOLD_MISSING_VARIANT_ATTRIBUTE,none,metrology.micrometer.v1,میکرومتر,terminology:میکرومتر,0,MDA910-100,name_label,,,0,0,duplicated_brand|USES_MODEL_LABEL,,,karzar_product_naming_v1,missing_primary_variant_attribute
4629,MDA910-25,5,TERMA | ترما,میکرومتر 0 -25دیجیتال فنری ترما (TERMA) مدل MDA910-25,53,,1,HOLD_MISSING_VARIANT_ATTRIBUTE,none,metrology.micrometer.v1,میکرومتر,terminology:میکرومتر,0,MDA910-25,name_label,,,0,0,duplicated_brand|USES_MODEL_LABEL,,,karzar_product_naming_v1,missing_primary_variant_attribute
4627,MD710-75,5,TERMA | ترما,میکرومتر 50-75دیجیتال ترما (TERMA) مدل MD710-75,47,,1,HOLD_MISSING_VARIANT_ATTRIBUTE,none,metrology.micrometer.v1,میکرومتر,terminology:میکرومتر,0,MD710-75,name_label,,,0,0,duplicated_brand|USES_MODEL_LABEL,,,karzar_product_naming_v1,missing_primary_variant_attribute
4628,MD710-100,5,TERMA | ترما,میکرومتر 75-100دیجیتال ترما (TERMA) مدل MD710-100,49,,1,HOLD_MISSING_VARIANT_ATTRIBUTE,none,metrology.micrometer.v1,میکرومتر,terminology:میکرومتر,0,MD710-100,name_label,,,0,0,duplicated_brand|USES_MODEL_LABEL,,,karzar_product_naming_v1,missing_primary_variant_attribute
4626,MD710-50,5,TERMA | ترما,میکرومتر 25-50دیجیتال ترما (TERMA) مدل MD710-50,47,,1,HOLD_MISSING_VARIANT_ATTRIBUTE,none,metrology.micrometer.v1,میکرومتر,terminology:میکرومتر,0,MD710-50,name_label,,,0,0,duplicated_brand|USES_MODEL_LABEL,,,karzar_product_naming_v1,missing_primary_variant_attribute
4624,MA250H-325,5,TERMA | ترما,میکرومتر سه فک 325-350 ترما (TERMA) مدل MA250H-325,50,,1,HOLD_MISSING_VARIANT_ATTRIBUTE,none,metrology.micrometer.v1,میکرومتر,terminology:میکرومتر,0,MA250H-325,name_label,,,0,0,duplicated_brand|USES_MODEL_LABEL,,,karzar_product_naming_v1,missing_primary_variant_attribute
4623,MA250H-300,5,TERMA | ترما,میکرومتر سه فک 300-325 ترما (TERMA) مدل MA250H-300,50,,1,HOLD_MISSING_VARIANT_ATTRIBUTE,none,metrology.micrometer.v1,میکرومتر,terminology:میکرومتر,0,MA250H-300,name_label,,,0,0,duplicated_brand|USES_MODEL_LABEL,,,karzar_product_naming_v1,missing_primary_variant_attribute
4622,MA250H-275,5,TERMA | ترما,میکرومتر سه فک 275-300 ترما (TERMA) مدل MA250H-275,50,,1,HOLD_MISSING_VARIANT_ATTRIBUTE,none,metrology.micrometer.v1,میکرومتر,terminology:میکرومتر,0,MA250H-275,name_label,,,0,0,duplicated_brand|USES_MODEL_LABEL,,,karzar_product_naming_v1,missing_primary_variant_attribute
4621,MA250H-250,5,TERMA | ترما,میکرومتر سه فک 250-275 ترما (TERMA) مدل MA250H-250,50,,1,HOLD_MISSING_VARIANT_ATTRIBUTE,none,metrology.micrometer.v1,میکرومتر,terminology:میکرومتر,0,MA250H-250,name_label,,,0,0,duplicated_brand|USES_MODEL_LABEL,,,karzar_product_naming_v1,missing_primary_variant_attribute
4620,MA250H-225,5,TERMA | ترما,میکرومتر سه فک 225-250 ترما (TERMA) مدل MA250H-225,50,,1,HOLD_MISSING_VARIANT_ATTRIBUTE,none,metrology.micrometer.v1,میکرومتر,terminology:میکرومتر,0,MA250H-225,name_label,,,0,0,duplicated_brand|USES_MODEL_LABEL,,,karzar_product_naming_v1,missing_primary_variant_attribute
4618,MA250H-175,5,TERMA | ترما,میکرومتر سه فک 175-200 ترما (TERMA) مدل MA250H-175,50,,1,HOLD_MISSING_VARIANT_ATTRIBUTE,none,metrology.micrometer.v1,میکرومتر,terminology:میکرومتر,0,MA250H-175,name_label,,,0,0,duplicated_brand|USES_MODEL_LABEL,,,karzar_product_naming_v1,missing_primary_variant_attribute
4617,MA250H-150,5,TERMA | ترما,میکرومتر سه فک 150-175 ترما (TERMA) مدل MA250H-150,50,,1,HOLD_MISSING_VARIANT_ATTRIBUTE,none,metrology.micrometer.v1,میکرومتر,terminology:میکرومتر,0,MA250H-150,name_label,,,0,0,duplicated_brand|USES_MODEL_LABEL,,,karzar_product_naming_v1,missing_primary_variant_attribute
4616,MA250H-125,5,TERMA | ترما,میکرومتر سه فک 125-150 ترما (TERMA) مدل MA250H-125,50,,1,HOLD_MISSING_VARIANT_ATTRIBUTE,none,metrology.micrometer.v1,میکرومتر,terminology:میکرومتر,0,MA250H-125,name_label,,,0,0,duplicated_brand|USES_MODEL_LABEL,,,karzar_product_naming_v1,missing_primary_variant_attribute
4615,MA250H-100,5,TERMA | ترما,میکرومتر سه فک 100-125 ترما (TERMA) مدل MA250H-100,50,,1,HOLD_MISSING_VARIANT_ATTRIBUTE,none,metrology.micrometer.v1,میکرومتر,terminology:میکرومتر,0,MA250H-100,name_label,,,0,0,duplicated_brand|USES_MODEL_LABEL,,,karzar_product_naming_v1,missing_primary_variant_attribute
4614,MA250H-87,5,TERMA | ترما,میکرومتر سه فک 87-100 ترما (TERMA) مدل MA250H-87,48,,1,HOLD_MISSING_VARIANT_ATTRIBUTE,none,metrology.micrometer.v1,میکرومتر,terminology:میکرومتر,0,MA250H-87,name_label,,,0,0,duplicated_brand|USES_MODEL_LABEL,,,karzar_product_naming_v1,missing_primary_variant_attribute
4611,MA250H-50,5,TERMA | ترما,میکرومتر سه فک 50-63 ترما (TERMA) مدل MA250H-50,47,,1,HOLD_MISSING_VARIANT_ATTRIBUTE,none,metrology.micrometer.v1,میکرومتر,terminology:میکرومتر,0,MA250H-50,name_label,,,0,0,duplicated_brand|USES_MODEL_LABEL,,,karzar_product_naming_v1,missing_primary_variant_attribute
4613,MA250H-75,5,TERMA | ترما,میکرومتر سه فک 75-88 ترما (TERMA) مدل MA250H-75,47,,1,HOLD_MISSING_VARIANT_ATTRIBUTE,none,metrology.micrometer.v1,میکرومتر,terminology:میکرومتر,0,MA250H-75,name_label,,,0,0,duplicated_brand|USES_MODEL_LABEL,,,karzar_product_naming_v1,missing_primary_variant_attribute
4612,MA250H-62,5,TERMA | ترما,میکرومتر سه فک 62-75 ترما (TERMA) مدل MA250H-62,47,,1,HOLD_MISSING_VARIANT_ATTRIBUTE,none,metrology.micrometer.v1,میکرومتر,terminology:میکرومتر,0,MA250H-62,name_label,,,0,0,duplicated_brand|USES_MODEL_LABEL,,,karzar_product_naming_v1,missing_primary_variant_attribute
4610,MA250H-40,5,TERMA | ترما,میکرومتر سه فک 40-50 ترما (TERMA) مدل MA250H-40,47,,1,HOLD_MISSING_VARIANT_ATTRIBUTE,none,metrology.micrometer.v1,میکرومتر,terminology:میکرومتر,0,MA250H-40,name_label,,,0,0,duplicated_brand|USES_MODEL_LABEL,,,karzar_product_naming_v1,missing_primary_variant_attribute
4609,MA250H-30,5,TERMA | ترما,میکرومتر سه فک 30-40 ترما (TERMA) مدل MA250H-30,47,,1,HOLD_MISSING_VARIANT_ATTRIBUTE,none,metrology.micrometer.v1,میکرومتر,terminology:میکرومتر,0,MA250H-30,name_label,,,0,0,duplicated_brand|USES_MODEL_LABEL,,,karzar_product_naming_v1,missing_primary_variant_attribute
4608,MA250H-25,5,TERMA | ترما,میکرومتر سه فک 25-30 ترما (TERMA) مدل MA250H-25,47,,1,HOLD_MISSING_VARIANT_ATTRIBUTE,none,metrology.micrometer.v1,میکرومتر,terminology:میکرومتر,0,MA250H-25,name_label,,,0,0,duplicated_brand|USES_MODEL_LABEL,,,karzar_product_naming_v1,missing_primary_variant_attribute
4607,MA250H-20,5,TERMA | ترما,میکرومتر سه فک 20-25 ترما (TERMA) مدل MA250H-20,47,,1,HOLD_MISSING_VARIANT_ATTRIBUTE,none,metrology.micrometer.v1,میکرومتر,terminology:میکرومتر,0,MA250H-20,name_label,,,0,0,duplicated_brand|USES_MODEL_LABEL,,,karzar_product_naming_v1,missing_primary_variant_attribute
4606,MA250H-16,5,TERMA | ترما,میکرومتر سه فک 16-20 ترما (TERMA) مدل MA250H-16,47,,1,HOLD_MISSING_VARIANT_ATTRIBUTE,none,metrology.micrometer.v1,میکرومتر,terminology:میکرومتر,0,MA250H-16,name_label,,,0,0,duplicated_brand|USES_MODEL_LABEL,,,karzar_product_naming_v1,missing_primary_variant_attribute
4605,MA250H-12,5,TERMA | ترما,میکرومتر سه فک 12-16 ترما (TERMA) مدل MA250H-12,47,,1,HOLD_MISSING_VARIANT_ATTRIBUTE,none,metrology.micrometer.v1,میکرومتر,terminology:میکرومتر,0,MA250H-12,name_label,,,0,0,duplicated_brand|USES_MODEL_LABEL,,,karzar_product_naming_v1,missing_primary_variant_attribute
4604,MA250H-10,5,TERMA | ترما,میکرومتر سه فک 10-12 ترما (TERMA) مدل MA250H-10,47,,1,HOLD_MISSING_VARIANT_ATTRIBUTE,none,metrology.micrometer.v1,میکرومتر,terminology:میکرومتر,0,MA250H-10,name_label,,,0,0,duplicated_brand|USES_MODEL_LABEL,,,karzar_product_naming_v1,missing_primary_variant_attribute
4603,MA250H-8,5,TERMA | ترما,میکرومتر سه فک 8-10 ترما (TERMA) مدل MA250H-8,45,,1,HOLD_MISSING_VARIANT_ATTRIBUTE,none,metrology.micrometer.v1,میکرومتر,terminology:میکرومتر,0,MA250H-8,name_label,,,0,0,duplicated_brand|USES_MODEL_LABEL,,,karzar_product_naming_v1,missing_primary_variant_attribute
4602,MA250H-6,5,TERMA | ترما,میکرومتر سه فک 6-8 ترما (TERMA) مدل MA250H-6,44,,1,HOLD_MISSING_VARIANT_ATTRIBUTE,none,metrology.micrometer.v1,میکرومتر,terminology:میکرومتر,0,MA250H-6,name_label,,,0,0,duplicated_brand|USES_MODEL_LABEL,,,karzar_product_naming_v1,missing_primary_variant_attribute
4601,MA230,5,TERMA | ترما,میکرومتر عمق سنج 150معمولی ترما (TERMA) مدل MA230,49,,1,HOLD_MISSING_VARIANT_ATTRIBUTE,none,metrology.micrometer.v1,میکرومتر,terminology:میکرومتر,0,MA230,name_label,,,0,0,duplicated_brand|USES_MODEL_LABEL,,,karzar_product_naming_v1,missing_primary_variant_attribute
4599,MA210E-25,5,TERMA | ترما,میکرومتر 0-25بشقابی فک پیچ گوشتی ترما (TERMA) مدل MA210E-25,59,,1,HOLD_MISSING_VARIANT_ATTRIBUTE,none,metrology.micrometer.v1,میکرومتر,terminology:میکرومتر,0,MA210E-25,name_label,,,0,0,duplicated_brand|USES_MODEL_LABEL,,,karzar_product_naming_v1,missing_primary_variant_attribute
4598,MA210D-25,5,TERMA | ترما,میکرومتر 0-25معمولی سوزنی ترما (TERMA) مدل MA210D-25,52,,1,HOLD_MISSING_VARIANT_ATTRIBUTE,none,metrology.micrometer.v1,میکرومتر,terminology:میکرومتر,0,MA210D-25,name_label,,,0,0,duplicated_brand|USES_MODEL_LABEL,,,karzar_product_naming_v1,missing_primary_variant_attribute
4600,MA210F-25,5,TERMA | ترما,میکرومتر 0-25معمولی بشقابی ترما (TERMA) مدل MA210F-25,53,,1,HOLD_MISSING_VARIANT_ATTRIBUTE,none,metrology.micrometer.v1,میکرومتر,terminology:میکرومتر,0,MA210F-25,name_label,,,0,0,duplicated_brand|USES_MODEL_LABEL,,,karzar_product_naming_v1,missing_primary_variant_attribute
4597,MA210C-25,5,TERMA | ترما,میکرومتر 0-25معمولی پله ایی ترما (TERMA) مدل MA210C-25,54,,1,HOLD_MISSING_VARIANT_ATTRIBUTE,none,metrology.micrometer.v1,میکرومتر,terminology:میکرومتر,0,MA210C-25,name_label,,,0,0,duplicated_brand|USES_MODEL_LABEL,,,karzar_product_naming_v1,missing_primary_variant_attribute
4595,MA220-300,5,TERMA | ترما,میکرومتر 275-300معمولی ترما (TERMA) مدل MA220-300,49,,1,HOLD_MISSING_VARIANT_ATTRIBUTE,none,metrology.micrometer.v1,میکرومتر,terminology:میکرومتر,0,MA220-300,name_label,,,0,0,duplicated_brand|USES_MODEL_LABEL,,,karzar_product_naming_v1,missing_primary_variant_attribute
4596,MA210B-25,5,TERMA | ترما,میکرومتر 0-25معمولی سوزنی ترما (TERMA) مدل MA210B-25,52,,1,HOLD_MISSING_VARIANT_ATTRIBUTE,none,metrology.micrometer.v1,میکرومتر,terminology:میکرومتر,0,MA210B-25,name_label,,,0,0,duplicated_brand|USES_MODEL_LABEL,,,karzar_product_naming_v1,missing_primary_variant_attribute
4594,MA220-275,5,TERMA | ترما,میکرومتر 250-275معمولی ترما (TERMA) مدل MA220-275,49,,1,HOLD_MISSING_VARIANT_ATTRIBUTE,none,metrology.micrometer.v1,میکرومتر,terminology:میکرومتر,0,MA220-275,name_label,,,0,0,duplicated_brand|USES_MODEL_LABEL,,,karzar_product_naming_v1,missing_primary_variant_attribute
4593,MA220-250,5,TERMA | ترما,میکرومتر 225-250معمولی ترما (TERMA) مدل MA220-250,49,,1,HOLD_MISSING_VARIANT_ATTRIBUTE,none,metrology.micrometer.v1,میکرومتر,terminology:میکرومتر,0,MA220-250,name_label,,,0,0,duplicated_brand|USES_MODEL_LABEL,,,karzar_product_naming_v1,missing_primary_variant_attribute
4592,MA220-225,5,TERMA | ترما,میکرومتر 200-225معمولی ترما (TERMA) مدل MA220-225,49,,1,HOLD_MISSING_VARIANT_ATTRIBUTE,none,metrology.micrometer.v1,میکرومتر,terminology:میکرومتر,0,MA220-225,name_label,,,0,0,duplicated_brand|USES_MODEL_LABEL,,,karzar_product_naming_v1,missing_primary_variant_attribute
4591,MA220-200,5,TERMA | ترما,میکرومتر 175-200معمولی ترما (TERMA) مدل MA220-200,49,,1,HOLD_MISSING_VARIANT_ATTRIBUTE,none,metrology.micrometer.v1,میکرومتر,terminology:میکرومتر,0,MA220-200,name_label,,,0,0,duplicated_brand|USES_MODEL_LABEL,,,karzar_product_naming_v1,missing_primary_variant_attribute
4589,MA220-150,5,TERMA | ترما,میکرومتر 125-150معمولی ترما (TERMA) مدل MA220-150,49,,1,HOLD_MISSING_VARIANT_ATTRIBUTE,none,metrology.micrometer.v1,میکرومتر,terminology:میکرومتر,0,MA220-150,name_label,,,0,0,duplicated_brand|USES_MODEL_LABEL,,,karzar_product_naming_v1,missing_primary_variant_attribute
4590,MA220-175,5,TERMA | ترما,میکرومتر 150-175معمولی ترما (TERMA) مدل MA220-175,49,,1,HOLD_MISSING_VARIANT_ATTRIBUTE,none,metrology.micrometer.v1,میکرومتر,terminology:میکرومتر,0,MA220-175,name_label,,,0,0,duplicated_brand|USES_MODEL_LABEL,,,karzar_product_naming_v1,missing_primary_variant_attribute
4588,MA220-125,5,TERMA | ترما,میکرومتر 100-125معمولی ترما (TERMA) مدل MA220-125,49,,1,HOLD_MISSING_VARIANT_ATTRIBUTE,none,metrology.micrometer.v1,میکرومتر,terminology:میکرومتر,0,MA220-125,name_label,,,0,0,duplicated_brand|USES_MODEL_LABEL,,,karzar_product_naming_v1,missing_primary_variant_attribute
4586,MA220-75,5,TERMA | ترما,میکرومتر 50-75معمولی ترما (TERMA) مدل MA220-75,46,,1,HOLD_MISSING_VARIANT_ATTRIBUTE,none,metrology.micrometer.v1,میکرومتر,terminology:میکرومتر,0,MA220-75,name_label,,,0,0,duplicated_brand|USES_MODEL_LABEL,,,karzar_product_naming_v1,missing_primary_variant_attribute
4587,MA220-100,5,TERMA | ترما,میکرومتر 75-100معمولی ترما (TERMA) مدل MA220-100,48,,1,HOLD_MISSING_VARIANT_ATTRIBUTE,none,metrology.micrometer.v1,میکرومتر,terminology:میکرومتر,0,MA220-100,name_label,,,0,0,duplicated_brand|USES_MODEL_LABEL,,,karzar_product_naming_v1,missing_primary_variant_attribute
4585,MA220-50,5,TERMA | ترما,میکرومتر 25-50معمولی ترما (TERMA) مدل MA220-50,46,,1,HOLD_MISSING_VARIANT_ATTRIBUTE,none,metrology.micrometer.v1,میکرومتر,terminology:میکرومتر,0,MA220-50,name_label,,,0,0,duplicated_brand|USES_MODEL_LABEL,,,karzar_product_naming_v1,missing_primary_variant_attribute
4582,MA210-125,5,TERMA | ترما,میکرومتر 100-125معمولی ترما (TERMA) مدل MA210-125,49,,1,HOLD_MISSING_VARIANT_ATTRIBUTE,none,metrology.micrometer.v1,میکرومتر,terminology:میکرومتر,0,MA210-125,name_label,,,0,0,duplicated_brand|USES_MODEL_LABEL,,,karzar_product_naming_v1,missing_primary_variant_attribute
4584,MA220-25,5,TERMA | ترما,میکرومتر 0-25معمولی ترما (TERMA) مدل MA220-25,45,,1,HOLD_MISSING_VARIANT_ATTRIBUTE,none,metrology.micrometer.v1,میکرومتر,terminology:میکرومتر,0,MA220-25,name_label,,,0,0,duplicated_brand|USES_MODEL_LABEL,,,karzar_product_naming_v1,missing_primary_variant_attribute
4583,MA210-150,5,TERMA | ترما,میکرومتر 125-150معمولی ترما (TERMA) مدل MA210-150,49,,1,HOLD_MISSING_VARIANT_ATTRIBUTE,none,metrology.micrometer.v1,میکرومتر,terminology:میکرومتر,0,MA210-150,name_label,,,0,0,duplicated_brand|USES_MODEL_LABEL,,,karzar_product_naming_v1,missing_primary_variant_attribute
4581,MA210-100,5,TERMA | ترما,میکرومتر 75-100معمولی ترما (TERMA) مدل MA210-100,48,,1,HOLD_MISSING_VARIANT_ATTRIBUTE,none,metrology.micrometer.v1,میکرومتر,terminology:میکرومتر,0,MA210-100,name_label,,,0,0,duplicated_brand|USES_MODEL_LABEL,,,karzar_product_naming_v1,missing_primary_variant_attribute
4580,MA210-75,5,TERMA | ترما,میکرومتر 50-75معمولی ترما (TERMA) مدل MA210-75,46,,1,HOLD_MISSING_VARIANT_ATTRIBUTE,none,metrology.micrometer.v1,میکرومتر,terminology:میکرومتر,0,MA210-75,name_label,,,0,0,duplicated_brand|USES_MODEL_LABEL,,,karzar_product_naming_v1,missing_primary_variant_attribute
4579,MA210-50,5,TERMA | ترما,میکرومتر 25-50معمولی ترما (TERMA) مدل MA210-50,46,,1,HOLD_MISSING_VARIANT_ATTRIBUTE,none,metrology.micrometer.v1,میکرومتر,terminology:میکرومتر,0,MA210-50,name_label,,,0,0,duplicated_brand|USES_MODEL_LABEL,,,karzar_product_naming_v1,missing_primary_variant_attribute
4578,MA210-25,5,TERMA | ترما,میکرومتر 0-25معمولی ترما (TERMA) مدل MA210-25,45,,1,HOLD_MISSING_VARIANT_ATTRIBUTE,none,metrology.micrometer.v1,میکرومتر,terminology:میکرومتر,0,MA210-25,name_label,,,0,0,duplicated_brand|USES_MODEL_LABEL,,,karzar_product_naming_v1,missing_primary_variant_attribute
4576,MD730G-25,5,TERMA | ترما,میکرومتر 0-25دیجیتال بشقابی ترما (TERMA) مدل MD730G-25,54,,1,HOLD_MISSING_VARIANT_ATTRIBUTE,none,metrology.micrometer.v1,میکرومتر,terminology:میکرومتر,0,MD730G-25,name_label,,,0,0,duplicated_brand|USES_MODEL_LABEL,,,karzar_product_naming_v1,missing_primary_variant_attribute
4577,MD710DD-150,5,TERMA | ترما,میکرومتر عمق سنج 150دیجیتال ترما (TERMA) مدل MD710DD-150,56,,1,HOLD_MISSING_VARIANT_ATTRIBUTE,none,metrology.micrometer.v1,میکرومتر,terminology:میکرومتر,0,MD710DD-150,name_label,,,0,0,duplicated_brand|USES_MODEL_LABEL,,,karzar_product_naming_v1,missing_primary_variant_attribute
4573,MD730C-25,5,TERMA | ترما,میکرومتر 0-25دیجیتال پله ایی ترما (TERMA) مدل MD730C-25,55,,1,HOLD_MISSING_VARIANT_ATTRIBUTE,none,metrology.micrometer.v1,میکرومتر,terminology:میکرومتر,0,MD730C-25,name_label,,,0,0,duplicated_brand|USES_MODEL_LABEL,,,karzar_product_naming_v1,missing_primary_variant_attribute
4575,MD730F-25,5,TERMA | ترما,میکرومتر 0-25دیجیتال فک پیچ گوشتی ترما (TERMA) مدل MD730F-25,60,,1,HOLD_MISSING_VARIANT_ATTRIBUTE,none,metrology.micrometer.v1,میکرومتر,terminology:میکرومتر,0,MD730F-25,name_label,,,0,0,duplicated_brand|USES_MODEL_LABEL,,,karzar_product_naming_v1,missing_primary_variant_attribute
4572,MD730B-25,5,TERMA | ترما,میکرومتر 0-25دیجیتال سوزنی ترما (TERMA) مدل MD730B-25,53,,1,HOLD_MISSING_VARIANT_ATTRIBUTE,none,metrology.micrometer.v1,میکرومتر,terminology:میکرومتر,0,MD730B-25,name_label,,,0,0,duplicated_brand|USES_MODEL_LABEL,,,karzar_product_naming_v1,missing_primary_variant_attribute
4567,MD730-75,5,TERMA | ترما,میکرومتر 50-75دیجیتال ترما (TERMA) مدل MD730-75,47,,1,HOLD_MISSING_VARIANT_ATTRIBUTE,none,metrology.micrometer.v1,میکرومتر,terminology:میکرومتر,0,MD730-75,name_label,,,0,0,duplicated_brand|USES_MODEL_LABEL,,,karzar_product_naming_v1,missing_primary_variant_attribute
4568,MD730-100,5,TERMA | ترما,میکرومتر 75-100دیجیتال ترما (TERMA) مدل MD730-100,49,,1,HOLD_MISSING_VARIANT_ATTRIBUTE,none,metrology.micrometer.v1,میکرومتر,terminology:میکرومتر,0,MD730-100,name_label,,,0,0,duplicated_brand|USES_MODEL_LABEL,,,karzar_product_naming_v1,missing_primary_variant_attribute
4569,MD730-125,5,TERMA | ترما,میکرومتر 100-125دیجیتال ترما (TERMA) مدل MD730-125,50,,1,HOLD_MISSING_VARIANT_ATTRIBUTE,none,metrology.micrometer.v1,میکرومتر,terminology:میکرومتر,0,MD730-125,name_label,,,0,0,duplicated_brand|USES_MODEL_LABEL,,,karzar_product_naming_v1,missing_primary_variant_attribute
4566,MD730-50,5,TERMA | ترما,میکرومتر 25-50دیجیتال ترما (TERMA) مدل MD730-50,47,,1,HOLD_MISSING_VARIANT_ATTRIBUTE,none,metrology.micrometer.v1,میکرومتر,terminology:میکرومتر,0,MD730-50,name_label,,,0,0,duplicated_brand|USES_MODEL_LABEL,,,karzar_product_naming_v1,missing_primary_variant_attribute
4565,MD730-25,5,TERMA | ترما,میکرومتر 0-25دیجیتال ترما (TERMA) مدل MD730-25,46,,1,HOLD_MISSING_VARIANT_ATTRIBUTE,none,metrology.micrometer.v1,میکرومتر,terminology:میکرومتر,0,MD730-25,name_label,,,0,0,duplicated_brand|USES_MODEL_LABEL,,,karzar_product_naming_v1,missing_primary_variant_attribute
4564,MD310-100,5,TERMA | ترما,میکرومتر 75-100دیجیتال ترما (TERMA) مدل MD310-100,49,,1,HOLD_MISSING_VARIANT_ATTRIBUTE,none,metrology.micrometer.v1,میکرومتر,terminology:میکرومتر,0,MD310-100,name_label,,,0,0,duplicated_brand|USES_MODEL_LABEL,,,karzar_product_naming_v1,missing_primary_variant_attribute
4563,MD310-75,5,TERMA | ترما,میکرومتر 50-75دیجیتال ترما (TERMA) مدل MD310-75,47,,1,HOLD_MISSING_VARIANT_ATTRIBUTE,none,metrology.micrometer.v1,میکرومتر,terminology:میکرومتر,0,MD310-75,name_label,,,0,0,duplicated_brand|USES_MODEL_LABEL,,,karzar_product_naming_v1,missing_primary_variant_attribute
4562,MD310-50,5,TERMA | ترما,میکرومتر 25-50دیجیتال ترما (TERMA) مدل MD310-50,47,,1,HOLD_MISSING_VARIANT_ATTRIBUTE,none,metrology.micrometer.v1,میکرومتر,terminology:میکرومتر,0,MD310-50,name_label,,,0,0,duplicated_brand|USES_MODEL_LABEL,,,karzar_product_naming_v1,missing_primary_variant_attribute
4561,MD310-25,5,TERMA | ترما,میکرومتر 0-25دیجیتال ترما (TERMA) مدل MD310-25,46,,1,HOLD_MISSING_VARIANT_ATTRIBUTE,none,metrology.micrometer.v1,میکرومتر,terminology:میکرومتر,0,MD310-25,name_label,,,0,0,duplicated_brand|USES_MODEL_LABEL,,,karzar_product_naming_v1,missing_primary_variant_attribute
4555,DG950B,5,TERMA | ترما,کولیس دیجیتال 50-400دروم ترما (TERMA) مدل DG950B,48,,1,HOLD_MISSING_VARIANT_ATTRIBUTE,none,metrology.caliper.v1,کولیس دیجیتال,terminology:کولیس دیجیتال,0,DG950B,name_label,,,0,0,duplicated_brand|USES_MODEL_LABEL,,,karzar_product_naming_v1,missing_primary_variant_attribute
4554,DG950,5,TERMA | ترما,کولیس دیجیتال 100-500دروم ترما (TERMA) مدل DG950,48,,1,HOLD_MISSING_VARIANT_ATTRIBUTE,none,metrology.caliper.v1,کولیس دیجیتال,terminology:کولیس دیجیتال,0,DG950,name_label,,,0,0,duplicated_brand|USES_MODEL_LABEL,,,karzar_product_naming_v1,missing_primary_variant_attribute
4553,CD580D,5,TERMA | ترما,کولیس 0-80دیجیتال دیسک ترما (TERMA) مدل CD580D,46,,1,HOLD_MISSING_VARIANT_ATTRIBUTE,none,metrology.caliper.v1,کولیس,terminology:کولیس,0,CD580D,name_label,,,0,0,duplicated_brand|USES_MODEL_LABEL,,,karzar_product_naming_v1,missing_primary_variant_attribute
4552,CD520D,5,TERMA | ترما,کولیس 0-80دیجیتال دیسک ترما (TERMA) مدل CD520D,46,,1,HOLD_MISSING_VARIANT_ATTRIBUTE,none,metrology.caliper.v1,کولیس,terminology:کولیس,0,CD520D,name_label,,,0,0,duplicated_brand|USES_MODEL_LABEL,,,karzar_product_naming_v1,missing_primary_variant_attribute
4531,IB220N,5,TERMA | ترما,ساعت شیطانکی دقت 0.01 ترما (TERMA) مدل IB220N,45,,1,HOLD_MISSING_PRODUCT_TYPE,none,generic.v1,,unmatched_lead,0,IB220N,name_label,,,0,0,duplicated_brand|USES_MODEL_LABEL,,,karzar_product_naming_v1,no_terminology_match_on_name_lead
4527,IDA910N-50,5,TERMA | ترما,ساعت اندیکاتور دیجیتال کورس 50دقت 0.01 ترما (TERMA) مدل IDA910N-50,66,,1,HOLD_MISSING_PRODUCT_TYPE,none,generic.v1,,unmatched_lead,0,IDA910N-50,name_label,,,0,0,duplicated_brand|USES_MODEL_LABEL,,,karzar_product_naming_v1,no_terminology_match_on_name_lead
4526,IDA910N-25,5,TERMA | ترما,ساعت اندیکاتوردیجیتال کورس 25دقت 0.01 ترما (TERMA) مدل IDA910N-25,65,,1,HOLD_MISSING_PRODUCT_TYPE,none,generic.v1,,unmatched_lead,0,IDA910N-25,name_label,,,0,0,duplicated_brand|USES_MODEL_LABEL,,,karzar_product_naming_v1,no_terminology_match_on_name_lead
4524,IDE111N-25,5,TERMA | ترما,ساعت اندیکاتور کورس 25دقت 0.01 ترما (TERMA) مدل IDE111N-25,58,,1,HOLD_MISSING_PRODUCT_TYPE,none,generic.v1,,unmatched_lead,0,IDE111N-25,name_label,,,0,0,duplicated_brand|USES_MODEL_LABEL,,,karzar_product_naming_v1,no_terminology_match_on_name_lead
4525,IDE111N-50,5,TERMA | ترما,ساعت اندیکاتور کورس 50دقت 0.01 ترما (TERMA) مدل IDE111N-50,58,,1,HOLD_MISSING_PRODUCT_TYPE,none,generic.v1,,unmatched_lead,0,IDE111N-50,name_label,,,0,0,duplicated_brand|USES_MODEL_LABEL,,,karzar_product_naming_v1,no_terminology_match_on_name_lead
4523,IDE111M-100,5,TERMA | ترما,ساعت اندیکاتور کورس 100دقت 0.001 ترما (TERMA) مدل IDE111M-100,61,,1,HOLD_MISSING_PRODUCT_TYPE,none,generic.v1,,unmatched_lead,0,IDE111M-100,name_label,,,0,0,duplicated_brand|USES_MODEL_LABEL,,,karzar_product_naming_v1,no_terminology_match_on_name_lead
4522,IDE111M-50,5,TERMA | ترما,ساعت اندیکاتوردیجیتال کورس 50دقت 0.001 ترما (TERMA) مدل IDE111M-50,66,,1,HOLD_MISSING_PRODUCT_TYPE,none,generic.v1,,unmatched_lead,0,IDE111M-50,name_label,,,0,0,duplicated_brand|USES_MODEL_LABEL,,,karzar_product_naming_v1,no_terminology_match_on_name_lead
4518,IDA920N,5,TERMA | ترما,ساعت اندیکاتور 12.7دیجیتال 0.01 ترما (TERMA) مدل IDA920N,56,,1,HOLD_MISSING_PRODUCT_TYPE,none,generic.v1,,unmatched_lead,0,IDA920N,name_label,,,0,0,duplicated_brand|USES_MODEL_LABEL,,,karzar_product_naming_v1,no_terminology_match_on_name_lead
4521,IDE111M-25,5,TERMA | ترما,ساعت اندیکاتوردیجیتال کورس 25دقت 0.001 ترما (TERMA) مدل IDE111M-25,66,,1,HOLD_MISSING_PRODUCT_TYPE,none,generic.v1,,unmatched_lead,0,IDE111M-25,name_label,,,0,0,duplicated_brand|USES_MODEL_LABEL,,,karzar_product_naming_v1,no_terminology_match_on_name_lead
4517,IDA910N-10,5,TERMA | ترما,ساعت اندیکاتور 12.7دیجیتال هفت دکمه 0.01 ترما (TERMA) مدل IDA910N-10,68,,1,HOLD_MISSING_PRODUCT_TYPE,none,generic.v1,,unmatched_lead,0,IDA910N-10,name_label,,,0,0,duplicated_brand|USES_MODEL_LABEL,,,karzar_product_naming_v1,no_terminology_match_on_name_lead
4516,IDA910-10,5,TERMA | ترما,ساعت اندیکاتور 12.7دیجیتال هفت دکمه 0.001 ترما (TERMA) مدل IDA910-10,68,,1,HOLD_MISSING_PRODUCT_TYPE,none,generic.v1,,unmatched_lead,0,IDA910-10,name_label,,,0,0,duplicated_brand|USES_MODEL_LABEL,,,karzar_product_naming_v1,no_terminology_match_on_name_lead
4515,IDE110N-12,5,TERMA | ترما,ساعت اندیکاتور 12.7دیجیتال دقت 0.01 ترما (TERMA) مدل IDE110N-12,63,,1,HOLD_MISSING_PRODUCT_TYPE,none,generic.v1,,unmatched_lead,0,IDE110N-12,name_label,,,0,0,duplicated_brand|USES_MODEL_LABEL,,,karzar_product_naming_v1,no_terminology_match_on_name_lead
4514,IDE110M-12,5,TERMA | ترما,ساعت اندیکاتور 12.7دیجیتال دقت 0.001 ترما (TERMA) مدل IDE110M-12,64,,1,HOLD_MISSING_PRODUCT_TYPE,none,generic.v1,,unmatched_lead,0,IDE110M-12,name_label,,,0,0,duplicated_brand|USES_MODEL_LABEL,,,karzar_product_naming_v1,no_terminology_match_on_name_lead
4513,IDE111N-12,5,TERMA | ترما,ساعت اندیکاتور 12.7دیجیتال دقت 0.01 ترما (TERMA) مدل IDE111N-12,63,,1,HOLD_MISSING_PRODUCT_TYPE,none,generic.v1,,unmatched_lead,0,IDE111N-12,name_label,,,0,0,duplicated_brand|USES_MODEL_LABEL,,,karzar_product_naming_v1,no_terminology_match_on_name_lead
4512,IDE111M-12,5,TERMA | ترما,ساعت اندیکاتور 12.7دیجیتال دقت 0.001 ترما (TERMA) مدل IDE111M-12,64,,1,HOLD_MISSING_PRODUCT_TYPE,none,generic.v1,,unmatched_lead,0,IDE111M-12,name_label,,,0,0,duplicated_brand|USES_MODEL_LABEL,,,karzar_product_naming_v1,no_terminology_match_on_name_lead
4511,IDE111N-100,5,TERMA | ترما,ساعت اندیکاتور 10سانت دیجیتال دقت 0.01 ترما (TERMA) مدل IDE111N-100,67,,1,HOLD_MISSING_PRODUCT_TYPE,none,generic.v1,,unmatched_lead,0,IDE111N-100,name_label,,,0,0,duplicated_brand|USES_MODEL_LABEL,,,karzar_product_naming_v1,no_terminology_match_on_name_lead
4495,YDA100C-150,5,TERMA | ترما,کولیس 15دیجیتال شیار داخل ترما (TERMA) مدل YDA100C-150,54,,1,HOLD_MISSING_VARIANT_ATTRIBUTE,none,metrology.caliper.v1,کولیس,terminology:کولیس,0,YDA100C-150,name_label,,,0,0,duplicated_brand|USES_MODEL_LABEL,,,karzar_product_naming_v1,missing_primary_variant_attribute
4488,SDA100C-300,5,TERMA | ترما,عمق سنج 30سانت دیجیتال ترما (TERMA) مدل SDA100C-300,51,,1,HOLD_MISSING_PRODUCT_TYPE,none,generic.v1,,unmatched_lead,0,SDA100C-300,name_label,,,0,0,duplicated_brand|USES_MODEL_LABEL,,,karzar_product_naming_v1,no_terminology_match_on_name_lead
4487,SDA100C-200,5,TERMA | ترما,عمق سنج 20سانت دیجیتال ترما (TERMA) مدل SDA100C-200,51,,1,HOLD_MISSING_PRODUCT_TYPE,none,generic.v1,,unmatched_lead,0,SDA100C-200,name_label,,,0,0,duplicated_brand|USES_MODEL_LABEL,,,karzar_product_naming_v1,no_terminology_match_on_name_lead
4486,SDA100C-150,5,TERMA | ترما,عمق سنج 15سانت دیجیتال ترما (TERMA) مدل SDA100C-150,51,,1,HOLD_MISSING_PRODUCT_TYPE,none,generic.v1,,unmatched_lead,0,SDA100C-150,name_label,,,0,0,duplicated_brand|USES_MODEL_LABEL,,,karzar_product_naming_v1,no_terminology_match_on_name_lead
4460,SO-13636,20,SAN OU | سانو,مرغک متحرک معمولیMT5 -003074 سانو (SAN OU),42,,1,HOLD_MISSING_PRODUCT_TYPE,none,generic.v1,,unmatched_lead,0,SO-13636,sku_as_candidate,title_lacks_code_label,,0,0,duplicated_brand,,,karzar_product_naming_v1,no_terminology_match_on_name_lead
4446,SO-13577,20,SAN OU | سانو,مرغک ثابت نوک الماس CARBIDE CENTER 003021 سانو (SAN OU),55,,1,HOLD_MISSING_PRODUCT_TYPE,none,generic.v1,,unmatched_lead,0,SO-13577,sku_as_candidate,title_lacks_code_label,,0,0,duplicated_brand,,,karzar_product_naming_v1,no_terminology_match_on_name_lead
4456,SO-13632,20,SAN OU | سانو,مرغک متحرک معمولی MT1 -003070 سانو (SAN OU),43,,1,HOLD_MISSING_PRODUCT_TYPE,none,generic.v1,,unmatched_lead,0,SO-13632,sku_as_candidate,title_lacks_code_label,,0,0,duplicated_brand,,,karzar_product_naming_v1,no_terminology_match_on_name_lead
4445,SO-13576,20,SAN OU | سانو,مرغک ثابت نوک الماس CARBIDE CENTER 003020 سانو (SAN OU),55,,1,HOLD_MISSING_PRODUCT_TYPE,none,generic.v1,,unmatched_lead,0,SO-13576,sku_as_candidate,title_lacks_code_label,,0,0,duplicated_brand,,,karzar_product_naming_v1,no_terminology_match_on_name_lead
4443,SO-13574,20,SAN OU | سانو,مرغک ثابت نوک الماس CARBIDE CENTER 003018 سانو (SAN OU),55,,1,HOLD_MISSING_PRODUCT_TYPE,none,generic.v1,,unmatched_lead,0,SO-13574,sku_as_candidate,title_lacks_code_label,,0,0,duplicated_brand,,,karzar_product_naming_v1,no_terminology_match_on_name_lead
4444,SO-13575,20,SAN OU | سانو,مرغک ثابت نوک الماس CARBIDE CENTER 003019 سانو (SAN OU),55,,1,HOLD_MISSING_PRODUCT_TYPE,none,generic.v1,,unmatched_lead,0,SO-13575,sku_as_candidate,title_lacks_code_label,,0,0,duplicated_brand,,,karzar_product_naming_v1,no_terminology_match_on_name_lead
4425,SO-13622,20,SAN OU | سانو,کالهک مته R4x1 002033 سانو (SAN OU),35,,1,HOLD_MISSING_PRODUCT_TYPE,none,generic.v1,,unmatched_lead,0,SO-13622,sku_as_candidate,title_lacks_code_label,,0,0,duplicated_brand,,,karzar_product_naming_v1,no_terminology_match_on_name_lead
4426,SO-13623,20,SAN OU | سانو,کالهک مته R4x2 002034 سانو (SAN OU),35,,1,HOLD_MISSING_PRODUCT_TYPE,none,generic.v1,,unmatched_lead,0,SO-13623,sku_as_candidate,title_lacks_code_label,,0,0,duplicated_brand,,,karzar_product_naming_v1,no_terminology_match_on_name_lead
4423,SO-13620,20,SAN OU | سانو,کالهک مته R3x1 002031 سانو (SAN OU),35,,1,HOLD_MISSING_PRODUCT_TYPE,none,generic.v1,,unmatched_lead,0,SO-13620,sku_as_candidate,title_lacks_code_label,,0,0,duplicated_brand,,,karzar_product_naming_v1,no_terminology_match_on_name_lead
4424,SO-13621,20,SAN OU | سانو,کالهک مته R3x2 002032 سانو (SAN OU),35,,1,HOLD_MISSING_PRODUCT_TYPE,none,generic.v1,,unmatched_lead,0,SO-13621,sku_as_candidate,title_lacks_code_label,,0,0,duplicated_brand,,,karzar_product_naming_v1,no_terminology_match_on_name_lead
4117,DSW-A010,3,INSIZE | اینسایز,کرنومتر اینسایز مدل DSW-A010,28,کرنومتر اینسایز DSW-A010,0,HOLD_MISSING_PRODUCT_TYPE,none,generic.v1,,unmatched_lead,0,DSW-A010,name_label,,,0,0,USES_MODEL_LABEL,,specs.measuring_range,karzar_product_naming_v1,no_terminology_match_on_name_lead
4116,9563-C40,3,INSIZE | اینسایز,متر دیجیتال و لیزری 40متری بلوتوثی اینسایز مدل 9563-C40,55,متر دیجیتال و لیزری 40متری بلوتوثی اینسایز 9563-C40,0,HOLD_MISSING_PRODUCT_TYPE,none,generic.v1,,unmatched_lead,0,9563-C40,specs.official_model,,,0,0,USES_MODEL_LABEL,insize_official_rebuild_plan,insize_official_rebuild_plan,karzar_product_naming_v1,no_terminology_match_on_name_lead
4113,9241-ML200,3,INSIZE | اینسایز,مولتی متر دیجیتال اینسایز مدل 9241-ML200,40,Multimeter Selection Table اینسایز 9241-ML200,0,HOLD_MISSING_PRODUCT_TYPE,none,generic.v1,,unmatched_lead,0,9241-ML200,specs.official_model,,,0,0,USES_MODEL_LABEL,insize_official_rebuild_plan,,karzar_product_naming_v1,no_terminology_match_on_name_lead
4065,6228-40,3,INSIZE | اینسایز,پایه ساعت هیدرولیکی کوچک 40کیلویی اینسایز مدل 6228-40,53,پایه ساعت هیدرولیکی کوچک 40کیلویی اینسایز 6228-40,0,HOLD_MISSING_PRODUCT_TYPE,none,generic.v1,,unmatched_lead,0,6228-40,specs.official_model,,,0,0,USES_MODEL_LABEL,insize_official_rebuild_plan,,karzar_product_naming_v1,no_terminology_match_on_name_lead
4058,5013,3,INSIZE | اینسایز,نقاله ،گام سنج ،ارسنج ،فیلر ،گونیا مویی ،سوزن خط کش ،خط کش ،پایه اینسایز مدل 5013,81,نقاله ،گام سنج ،ارسنج ،فیلر ،گونیا مویی ،سوزن خط کش ،خط کش ،,0,HOLD_MISSING_PRODUCT_TYPE,none,generic.v1,,unmatched_lead,0,5013,name_label,,,0,0,USES_MODEL_LABEL,,,karzar_product_naming_v1,no_terminology_match_on_name_lead
4066,6298-2,3,INSIZE | اینسایز,پایه ساعت شیطانکی اینسایز (Insize) مدل 2-6298,45,پایه ساعت شیطانکی اینسایز (Insize) مدل 2-6298,0,HOLD_MISSING_PRODUCT_TYPE,none,generic.v1,,unmatched_lead,0,6298-2,sku_over_reversed_title,reversed_model_vs_sku:2-6298!=6298-2,,0,0,USES_MODEL_LABEL,,,karzar_product_naming_v1,no_terminology_match_on_name_lead
4056,4917-30,3,INSIZE | اینسایز,تراز لیزری اینسایز مدل 4917-30,30,تراز لیزری اینسایز 4917-30,0,HOLD_MISSING_PRODUCT_TYPE,none,generic.v1,,unmatched_lead,0,4917-30,specs.official_model,,,0,0,USES_MODEL_LABEL,insize_official_rebuild_plan,,karzar_product_naming_v1,no_terminology_match_on_name_lead
4048,4845-2,3,INSIZE | اینسایز,گیج فیلم مرطوب 25 - 3000میکرون اینسایز مدل 4845-2,49,گیج فیلم مرطوب 25 - 3000میکرون اینسایز 4845-2,0,HOLD_MISSING_PRODUCT_TYPE,none,generic.v1,,unmatched_lead,0,4845-2,name_label,,,0,0,USES_MODEL_LABEL,,,karzar_product_naming_v1,no_terminology_match_on_name_lead
4034,4830,3,INSIZE | اینسایز,گیج جوش اینسایز مدل 4830,24,گیج جوش اینسایز 4830,0,HOLD_MISSING_PRODUCT_TYPE,none,generic.v1,,unmatched_lead,0,4830,name_label,,,0,0,USES_MODEL_LABEL,,specs.measuring_range,karzar_product_naming_v1,no_terminology_match_on_name_lead
4033,4829-1,3,INSIZE | اینسایز,گپ گیج با خط کش 0.8 - 15طول خط کش 15سانت اینسایز مدل 4829-1,59,گپ گیج با خط کش 0.8 - 15طول خط کش 15سانت اینسایز 4829-1,0,HOLD_MISSING_PRODUCT_TYPE,none,generic.v1,,unmatched_lead,0,4829-1,name_label,,,0,0,USES_MODEL_LABEL,,specs.measuring_range,karzar_product_naming_v1,no_terminology_match_on_name_lead
4026,4621-35,3,INSIZE | اینسایز,فیلر نواری 5متری اینسایز مدل 4621-35,36,فیلر نواری 5متری اینسایز 4621-35,0,HOLD_MISSING_PRODUCT_TYPE,none,generic.v1,,unmatched_lead,0,4621-35,name_label,,,0,0,USES_MODEL_LABEL,,specs.measuring_range,karzar_product_naming_v1,no_terminology_match_on_name_lead
3841,4608-31,3,INSIZE | اینسایز,فیلر اینچی 0.0015 - 0.035اینچ اینسایز مدل 4608-31,49,فیلر اینچی 0.0015 - 0.035اینچ اینسایز 4608-31,0,HOLD_MISSING_PRODUCT_TYPE,none,generic.v1,,unmatched_lead,0,4608-31,name_label,,,0,0,USES_MODEL_LABEL,,specs.measuring_range,karzar_product_naming_v1,no_terminology_match_on_name_lead
3835,ISO-1000FN,3,INSIZE | اینسایز,ضخامت سنج رنگ و پوشش اینسایز مدل ISO-1000FN,43,Optional Accessory اینسایز ISO-1000FN,0,HOLD_MISSING_PRODUCT_TYPE,none,generic.v1,,unmatched_lead,0,ISO-1000FN,specs.official_model,,,0,0,USES_MODEL_LABEL,insize_official_rebuild_plan,insize_official_rebuild_plan,karzar_product_naming_v1,no_terminology_match_on_name_lead
3827,9561-70B,3,INSIZE | اینسایز,متر لیزری 70متری اینسایز مدل 9561-70B,37,متر لیزری 70متری اینسایز 9561-70B,0,HOLD_MISSING_PRODUCT_TYPE,none,generic.v1,,unmatched_lead,0,9561-70B,specs.official_model,,,0,0,USES_MODEL_LABEL,insize_official_rebuild_plan,insize_official_rebuild_plan,karzar_product_naming_v1,no_terminology_match_on_name_lead
3824,7600-6,3,INSIZE | اینسایز,شمار انداز 6رقمی اینسایز مدل 7600-6,35,شمار انداز 6رقمی اینسایز 7600-6,0,HOLD_MISSING_PRODUCT_TYPE,none,generic.v1,,unmatched_lead,0,7600-6,specs.official_model,,,0,0,USES_MODEL_LABEL,insize_official_rebuild_plan,insize_official_rebuild_plan,karzar_product_naming_v1,no_terminology_match_on_name_lead
3826,9561-50B,3,INSIZE | اینسایز,متر لیزری 50متری اینسایز مدل 9561-50B,37,متر لیزری 50متری اینسایز 9561-50B,0,HOLD_MISSING_PRODUCT_TYPE,none,generic.v1,,unmatched_lead,0,9561-50B,specs.official_model,,,0,0,USES_MODEL_LABEL,insize_official_rebuild_plan,insize_official_rebuild_plan,karzar_product_naming_v1,no_terminology_match_on_name_lead
3815,7142-5,3,INSIZE | اینسایز,متر 5متری اینسایز مدل 7142-5,28,متر 5متری اینسایز 7142-5,0,HOLD_MISSING_PRODUCT_TYPE,none,generic.v1,,unmatched_lead,0,7142-5,specs.official_model,,,0,0,USES_MODEL_LABEL,insize_official_rebuild_plan,insize_official_rebuild_plan,karzar_product_naming_v1,no_terminology_match_on_name_lead
3804,6282-1601,3,INSIZE | اینسایز,Needle Points اینسایز مدل 6282-1601,35,Needle Points اینسایز 6282-1601,0,HOLD_MISSING_PRODUCT_TYPE,none,generic.v1,,unmatched_lead,0,6282-1601,name_label,,,0,0,USES_MODEL_LABEL,,,karzar_product_naming_v1,no_terminology_match_on_name_lead
3801,6282-1201,3,INSIZE | اینسایز,Shell Type Points اینسایز مدل 6282-1201,39,Shell Type Points اینسایز 6282-1201,0,HOLD_MISSING_PRODUCT_TYPE,none,generic.v1,,unmatched_lead,0,6282-1201,name_label,,,0,0,USES_MODEL_LABEL,,,karzar_product_naming_v1,no_terminology_match_on_name_lead
3799,6229-80,3,INSIZE | اینسایز,پایه ساعت هیدرولیکی 80کیلویی اینسایز مدل 6229-80,48,پایه ساعت هیدرولیکی 80کیلویی اینسایز 6229-80,0,HOLD_MISSING_PRODUCT_TYPE,none,generic.v1,,unmatched_lead,0,6229-80,specs.official_model,,,0,0,USES_MODEL_LABEL,insize_official_rebuild_plan,,karzar_product_naming_v1,no_terminology_match_on_name_lead
3795,6210-80,3,INSIZE | اینسایز,پایه ساعت مفصلی اینسایز مدل 6210-80,35,پایه ساعت مفصلی اینسایز 6210-80,0,HOLD_MISSING_PRODUCT_TYPE,none,generic.v1,,unmatched_lead,0,6210-80,specs.official_model,,,0,0,USES_MODEL_LABEL,insize_official_rebuild_plan,,karzar_product_naming_v1,no_terminology_match_on_name_lead
3794,5024,3,INSIZE | اینسایز,ست ساعت اندیکاتور با پایه اینسایز مدل 5024,42,2-Piece Measuring Tool Set اینسایز 5024,0,HOLD_MISSING_PRODUCT_TYPE,none,generic.v1,,unmatched_lead,0,5024,specs.official_model,,,0,0,USES_MODEL_LABEL,insize_official_rebuild_plan,insize_official_rebuild_plan,karzar_product_naming_v1,no_terminology_match_on_name_lead
3791,4824-12,3,INSIZE | اینسایز,شابلون ذوزنقه 2 - 20میلیمتر اینسایز مدل 4824-12,47,شابلون ذوزنقه 2 - 20میلیمتر اینسایز 4824-12,0,HOLD_MISSING_PRODUCT_TYPE,none,generic.v1,,unmatched_lead,0,4824-12,specs.official_model,,,0,0,USES_MODEL_LABEL,insize_official_rebuild_plan,insize_official_rebuild_plan,karzar_product_naming_v1,no_terminology_match_on_name_lead
3790,4806-20,3,INSIZE | اینسایز,گیج زاویه 1 - 45درجه اینسایز مدل 4806-20,40,گیج زاویه 1 - 45درجه اینسایز 4806-20,0,HOLD_MISSING_PRODUCT_TYPE,none,generic.v1,,unmatched_lead,0,4806-20,specs.official_model,,,0,0,USES_MODEL_LABEL,insize_official_rebuild_plan,,karzar_product_naming_v1,no_terminology_match_on_name_lead
3732,6284-82,3,INSIZE | اینسایز,پراب ساعت شیطانکی بلند اینسایز مدل 6284-82,42,پراب ساعت شیطانکی بلند اینسایز 6284-82,0,HOLD_MISSING_PRODUCT_TYPE,none,generic.v1,,unmatched_lead,0,6284-82,name_label,,,0,0,USES_MODEL_LABEL,,,karzar_product_naming_v1,no_terminology_match_on_name_lead
3721,8003-3,3,INSIZE | اینسایز,ترازو دیجیتال 2گرم تا 3کیلوگرم اینسایز مدل 8003-3,49,ترازو دیجیتال 2گرم تا 3کیلوگرم اینسایز 8003-3,0,HOLD_MISSING_PRODUCT_TYPE,none,generic.v1,,unmatched_lead,0,8003-3,specs.official_model,,,0,0,USES_MODEL_LABEL,insize_official_rebuild_plan,,karzar_product_naming_v1,no_terminology_match_on_name_lead
3700,ISF-F500,3,INSIZE | اینسایز,نیروسنج عقربه ای 500نیوتن اینسایز مدل ISF-F500,46,نیروسنج عقربه ای 500نیوتن اینسایز ISF-F500,0,HOLD_MISSING_PRODUCT_TYPE,none,generic.v1,,unmatched_lead,0,ISF-F500,specs.official_model,,,0,0,USES_MODEL_LABEL,insize_official_rebuild_plan,,karzar_product_naming_v1,no_terminology_match_on_name_lead
3707,7523-3D5,3,INSIZE | اینسایز,عینک ذره بینی اینسایز مدل 7523-3D5,34,عینک ذره بینی اینسایز 7523-3D5,0,HOLD_MISSING_PRODUCT_TYPE,none,generic.v1,,unmatched_lead,0,7523-3D5,name_label,,,0,0,USES_MODEL_LABEL,,,karzar_product_naming_v1,no_terminology_match_on_name_lead
3691,7110-1000,3,INSIZE | اینسایز,Flexible Rulers اینسایز مدل 7110-1000,37,Flexible Rulers اینسایز 7110-1000,0,HOLD_MISSING_PRODUCT_TYPE,none,generic.v1,,unmatched_lead,0,7110-1000,name_label,,,0,0,USES_MODEL_LABEL,,specs.measuring_range,karzar_product_naming_v1,no_terminology_match_on_name_lead
3685,4824-16,3,INSIZE | اینسایز,شابلون ذوزنقه 1 - 12اینچ اینسایز مدل 4824-16,44,شابلون ذوزنقه 1 - 12اینچ اینسایز 4824-16,0,HOLD_MISSING_PRODUCT_TYPE,none,generic.v1,,unmatched_lead,0,4824-16,specs.official_model,,,0,0,USES_MODEL_LABEL,insize_official_rebuild_plan,insize_official_rebuild_plan,karzar_product_naming_v1,no_terminology_match_on_name_lead
3678,4838-1,3,INSIZE | اینسایز,گیج جوشکاری اینسایز مدل 4838-1,30,گیج جوشکاری اینسایز 4838-1,0,HOLD_MISSING_PRODUCT_TYPE,none,generic.v1,,unmatched_lead,0,4838-1,name_label,,,0,0,USES_MODEL_LABEL,,,karzar_product_naming_v1,no_terminology_match_on_name_lead
3676,4833-1,3,INSIZE | اینسایز,گپ سنج 0.8 - 15میلیمتر اینسایز مدل 4833-1,41,گپ سنج 0.8 - 15میلیمتر اینسایز 4833-1,0,HOLD_MISSING_PRODUCT_TYPE,none,generic.v1,,unmatched_lead,0,4833-1,specs.official_model,,,0,0,USES_MODEL_LABEL,insize_official_rebuild_plan,insize_official_rebuild_plan,karzar_product_naming_v1,no_terminology_match_on_name_lead
3682,4842-1,3,INSIZE | اینسایز,شابلون مته ( زاویه های مختلف ) اینسایز مدل 4842-1,49,شابلون مته ( زاویه های مختلف ) اینسایز 4842-1,0,HOLD_MISSING_PRODUCT_TYPE,none,generic.v1,,unmatched_lead,0,4842-1,specs.official_model,,,0,0,USES_MODEL_LABEL,insize_official_rebuild_plan,,karzar_product_naming_v1,no_terminology_match_on_name_lead
3674,4839-1,3,INSIZE | اینسایز,گیج جوش اینسایز مدل 4839-1,26,گیج جوش اینسایز 4839-1,0,HOLD_MISSING_PRODUCT_TYPE,none,generic.v1,,unmatched_lead,0,4839-1,specs.official_model,,,0,0,USES_MODEL_LABEL,insize_official_rebuild_plan,insize_official_rebuild_plan,karzar_product_naming_v1,no_terminology_match_on_name_lead
3672,4835-1,3,INSIZE | اینسایز,گیج جوشکاری اینسایز (Insize) مدل 1-4835,39,گیج جوشکاری اینسایز (Insize) مدل 1-4835,0,HOLD_MISSING_PRODUCT_TYPE,none,generic.v1,,unmatched_lead,0,4835-1,sku_over_reversed_title,reversed_model_vs_sku:1-4835!=4835-1,,0,0,USES_MODEL_LABEL,,,karzar_product_naming_v1,no_terminology_match_on_name_lead
3669,4801-15,3,INSIZE | اینسایز,Angle Gauge اینسایز مدل 4801-15,31,Angle Gauge اینسایز 4801-15,0,HOLD_MISSING_PRODUCT_TYPE,none,generic.v1,,unmatched_lead,0,4801-15,name_label,,,0,0,USES_MODEL_LABEL,,specs.measuring_range,karzar_product_naming_v1,no_terminology_match_on_name_lead
3666,4801-17,3,INSIZE | اینسایز,Radius Gauge اینسایز مدل 4801-17,32,Radius Gauge اینسایز 4801-17,0,HOLD_MISSING_PRODUCT_TYPE,none,generic.v1,,unmatched_lead,0,4801-17,name_label,,,0,0,USES_MODEL_LABEL,,specs.measuring_range,karzar_product_naming_v1,no_terminology_match_on_name_lead
3658,4621-12,3,INSIZE | اینسایز,فیلر نواری 5متری اینسایز مدل 4621-12,36,فیلر نواری 5متری اینسایز 4621-12,0,HOLD_MISSING_PRODUCT_TYPE,none,generic.v1,,unmatched_lead,0,4621-12,specs.official_model,,,0,0,USES_MODEL_LABEL,insize_official_rebuild_plan,insize_official_rebuild_plan,karzar_product_naming_v1,no_terminology_match_on_name_lead
3660,4621-60,3,INSIZE | اینسایز,فیلر نواری 5متری اینسایز مدل 4621-60,36,فیلر نواری 5متری اینسایز 4621-60,0,HOLD_MISSING_PRODUCT_TYPE,none,generic.v1,,unmatched_lead,0,4621-60,name_label,,,0,0,USES_MODEL_LABEL,,specs.measuring_range,karzar_product_naming_v1,no_terminology_match_on_name_lead
3637,2871-10,3,INSIZE | اینسایز,ضخامت سنج دیجیتال اینسایز مدل 2871-10,37,ضخامت سنج دیجیتال اینسایز 2871-10,0,HOLD_MISSING_PRODUCT_TYPE,none,generic.v1,,unmatched_lead,0,2871-10,specs.official_model,,,0,0,USES_MODEL_LABEL,insize_official_rebuild_plan,insize_official_rebuild_plan,karzar_product_naming_v1,no_terminology_match_on_name_lead
3632,4602-20,3,INSIZE | اینسایز,فیلر 20تیغ 10سانت ( ) 0.05 ~ اینسایز مدل 4602-20,48,فیلر 20تیغ 10سانت ( ) 0.05 ~ اینسایز 4602-20,0,HOLD_MISSING_PRODUCT_TYPE,none,generic.v1,,unmatched_lead,0,4602-20,specs.official_model,,,0,0,USES_MODEL_LABEL,insize_official_rebuild_plan,insize_official_rebuild_plan,karzar_product_naming_v1,no_terminology_match_on_name_lead
3631,2852-18,3,INSIZE | اینسایز,گیج داخل سیلندر اینسایز مدل 2852-18,35,گیج داخل سیلندر 10 اینسایز 2852-18,0,HOLD_MISSING_PRODUCT_TYPE,none,generic.v1,,unmatched_lead,0,2852-18,specs.official_model,,,0,0,USES_MODEL_LABEL,insize_official_rebuild_plan,insize_official_rebuild_plan,karzar_product_naming_v1,no_terminology_match_on_name_lead
3621,2311-5,3,INSIZE | اینسایز,ساعت اندیکاتور دور کوچک کورس 5میلیمتر اینسایز مدل 2311-5,56,ساعت اندیکاتور دور کوچک کورس 5میلیمتر اینسایز 2311-5,0,HOLD_MISSING_PRODUCT_TYPE,none,generic.v1,,unmatched_lead,0,2311-5,name_label,,,0,0,USES_MODEL_LABEL,,specs.measuring_range,karzar_product_naming_v1,no_terminology_match_on_name_lead
3622,2301-10,3,INSIZE | اینسایز,ساعت اندیکاتور (جعبه مقوایی) اینسایز مدل 2301-10,48,ساعت اندیکاتور (جعبه مقوایی) اینسایز 2301-10,0,HOLD_MISSING_PRODUCT_TYPE,none,generic.v1,,unmatched_lead,0,2301-10,specs.official_model,,,0,0,USES_MODEL_LABEL,insize_official_rebuild_plan,insize_official_rebuild_plan,karzar_product_naming_v1,no_terminology_match_on_name_lead
3619,2309-50,3,INSIZE | اینسایز,ساعت اندیکاتور کورس 50میلیمتر اینسایز مدل 2309-50,49,ساعت اندیکاتور کورس 50میلیمتر اینسایز 2309-50,0,HOLD_MISSING_PRODUCT_TYPE,none,generic.v1,,unmatched_lead,0,2309-50,name_label,,,0,0,USES_MODEL_LABEL,,specs.measuring_range,karzar_product_naming_v1,no_terminology_match_on_name_lead
3617,2302-25,3,INSIZE | اینسایز,"Dial Indicators (Long Stroke, Basic Type) اینسایز مدل 2302-25",61,"Dial Indicators (Long Stroke, Basic Type) اینسایز 2302-25",0,HOLD_MISSING_PRODUCT_TYPE,none,generic.v1,,unmatched_lead,0,2302-25,name_label,,,0,0,USES_MODEL_LABEL,,specs.measuring_range,karzar_product_naming_v1,no_terminology_match_on_name_lead
3616,2381-02,3,INSIZE | اینسایز,ساعت شیطانکی صفحه بزرگ دو هزارم اینسایز مدل 2381-02,51,ساعت شیطانکی صفحه بزرگ دو هزارم اینسایز 2381-02,0,HOLD_MISSING_PRODUCT_TYPE,none,generic.v1,,unmatched_lead,0,2381-02,name_label,,,0,0,USES_MODEL_LABEL,,specs.measuring_range,karzar_product_naming_v1,no_terminology_match_on_name_lead
3615,2381-08,3,INSIZE | اینسایز,ساعت شیطانکی صفحه بزرگ اینسایز مدل 2381-08,42,ساعت شیطانکی صفحه بزرگ اینسایز 2381-08,0,HOLD_MISSING_PRODUCT_TYPE,none,generic.v1,,unmatched_lead,0,2381-08,name_label,,,0,0,USES_MODEL_LABEL,,specs.measuring_range,karzar_product_naming_v1,no_terminology_match_on_name_lead
3612,2112-25,3,INSIZE | اینسایز,ساعت اندیکاتور دیجیتال کورس 25میلیمتر اینسایز مدل 2112-25,57,ساعت اندیکاتور دیجیتال کورس 25میلیمتر اینسایز 2112-25,0,HOLD_MISSING_PRODUCT_TYPE,none,generic.v1,,unmatched_lead,0,2112-25,name_label,,,0,0,USES_MODEL_LABEL,,specs.measuring_range,karzar_product_naming_v1,no_terminology_match_on_name_lead
3614,2380-08,3,INSIZE | اینسایز,ساعت شیطانکی اینسایز مدل 2380-08,32,ساعت شیطانکی اینسایز 2380-08,0,HOLD_MISSING_PRODUCT_TYPE,none,generic.v1,,unmatched_lead,0,2380-08,name_label,,,0,0,USES_MODEL_LABEL,,specs.measuring_range,karzar_product_naming_v1,no_terminology_match_on_name_lead
3611,2112-10,3,INSIZE | اینسایز,ساعت اندیکاتور دیجیتال اینسایز مدل 2112-10,42,ساعت اندیکاتور دیجیتال اینسایز 2112-10,0,HOLD_MISSING_PRODUCT_TYPE,none,generic.v1,,unmatched_lead,0,2112-10,specs.official_model,,,0,0,USES_MODEL_LABEL,insize_official_rebuild_plan,insize_official_rebuild_plan,karzar_product_naming_v1,no_terminology_match_on_name_lead
3610,7140-5,3,INSIZE | اینسایز,متر 5متری اینسایز مدل 7140-5,28,متر 5متری اینسایز 7140-5,0,HOLD_MISSING_PRODUCT_TYPE,none,generic.v1,,unmatched_lead,0,7140-5,specs.official_model,,,0,0,USES_MODEL_LABEL,insize_official_rebuild_plan,insize_official_rebuild_plan,karzar_product_naming_v1,no_terminology_match_on_name_lead
3609,7140-3,3,INSIZE | اینسایز,متر 3متری اینسایز مدل 7140-3,28,متر 3متری اینسایز 7140-3,0,HOLD_MISSING_PRODUCT_TYPE,none,generic.v1,,unmatched_lead,0,7140-3,specs.official_model,,,0,0,USES_MODEL_LABEL,insize_official_rebuild_plan,insize_official_rebuild_plan,karzar_product_naming_v1,no_terminology_match_on_name_lead
3607,7114-3460,3,INSIZE | اینسایز,سیرکومتر 1100-700 میلی متر اینسایز مدل 7114-3460,48,Can Be Custom-Made اینسایز 7114-3460,0,HOLD_MISSING_PRODUCT_TYPE,none,generic.v1,,unmatched_lead,0,7114-3460,specs.official_model,,,0,0,USES_MODEL_LABEL,insize_official_rebuild_plan,insize_official_rebuild_plan,karzar_product_naming_v1,no_terminology_match_on_name_lead
3604,4790-0100,3,INSIZE | اینسایز,گرید 00 اینسایز مدل 4790-0100,29,گرید 00 اینسایز 4790-0100,0,HOLD_MISSING_PRODUCT_TYPE,none,generic.v1,,unmatched_lead,0,4790-0100,name_label,,,0,0,USES_MODEL_LABEL,,,karzar_product_naming_v1,no_terminology_match_on_name_lead
3602,6284-3,3,INSIZE | اینسایز,پراب ساعت شیطانکی اینسایز مدل 6284-3,36,پراب ساعت شیطانکی اینسایز 6284-3,0,HOLD_MISSING_PRODUCT_TYPE,none,generic.v1,,unmatched_lead,0,6284-3,name_label,,,0,0,USES_MODEL_LABEL,,,karzar_product_naming_v1,no_terminology_match_on_name_lead
3577,7110-2000,3,INSIZE | اینسایز,Flexible Rulers اینسایز مدل 7110-2000,37,Flexible Rulers اینسایز 7110-2000,0,HOLD_MISSING_PRODUCT_TYPE,none,generic.v1,,unmatched_lead,0,7110-2000,name_label,,,0,0,USES_MODEL_LABEL,,specs.measuring_range,karzar_product_naming_v1,no_terminology_match_on_name_lead
3571,4621-90,3,INSIZE | اینسایز,فیلر نواری 5متری اینسایز مدل 4621-90,36,فیلر نواری 5متری اینسایز 4621-90,0,HOLD_MISSING_PRODUCT_TYPE,none,generic.v1,,unmatched_lead,0,4621-90,name_label,,,0,0,USES_MODEL_LABEL,,specs.measuring_range,karzar_product_naming_v1,no_terminology_match_on_name_lead
3569,4621-70,3,INSIZE | اینسایز,فیلر نواری 5متری اینسایز مدل 4621-70,36,فیلر نواری 5متری اینسایز 4621-70,0,HOLD_MISSING_PRODUCT_TYPE,none,generic.v1,,unmatched_lead,0,4621-70,name_label,,,0,0,USES_MODEL_LABEL,,specs.measuring_range,karzar_product_naming_v1,no_terminology_match_on_name_lead
3568,4621-50,3,INSIZE | اینسایز,فیلر نواری 5متری اینسایز مدل 4621-50,36,فیلر نواری 5متری اینسایز 4621-50,0,HOLD_MISSING_PRODUCT_TYPE,none,generic.v1,,unmatched_lead,0,4621-50,name_label,,,0,0,USES_MODEL_LABEL,,specs.measuring_range,karzar_product_naming_v1,no_terminology_match_on_name_lead
3567,4621-40,3,INSIZE | اینسایز,فیلر نواری 5متری اینسایز مدل 4621-40,36,فیلر نواری 5متری اینسایز 4621-40,0,HOLD_MISSING_PRODUCT_TYPE,none,generic.v1,,unmatched_lead,0,4621-40,name_label,,,0,0,USES_MODEL_LABEL,,specs.measuring_range,karzar_product_naming_v1,no_terminology_match_on_name_lead
3566,4621-30,3,INSIZE | اینسایز,فیلر نواری 5متری اینسایز مدل 4621-30,36,فیلر نواری 5متری اینسایز 4621-30,0,HOLD_MISSING_PRODUCT_TYPE,none,generic.v1,,unmatched_lead,0,4621-30,name_label,,,0,0,USES_MODEL_LABEL,,specs.measuring_range,karzar_product_naming_v1,no_terminology_match_on_name_lead
3565,4621-25,3,INSIZE | اینسایز,فیلر نواری 5متری اینسایز مدل 4621-25,36,فیلر نواری 5متری اینسایز 4621-25,0,HOLD_MISSING_PRODUCT_TYPE,none,generic.v1,,unmatched_lead,0,4621-25,specs.official_model,,,0,0,USES_MODEL_LABEL,insize_official_rebuild_plan,insize_official_rebuild_plan,karzar_product_naming_v1,no_terminology_match_on_name_lead
3564,4621-20,3,INSIZE | اینسایز,فیلر نواری 5متری اینسایز مدل 4621-20,36,فیلر نواری 5متری اینسایز 4621-20,0,HOLD_MISSING_PRODUCT_TYPE,none,generic.v1,,unmatched_lead,0,4621-20,specs.official_model,,,0,0,USES_MODEL_LABEL,insize_official_rebuild_plan,insize_official_rebuild_plan,karzar_product_naming_v1,no_terminology_match_on_name_lead
3563,4621-15,3,INSIZE | اینسایز,فیلر نواری 5متری اینسایز مدل 4621-15,36,فیلر نواری 5متری اینسایز 4621-15,0,HOLD_MISSING_PRODUCT_TYPE,none,generic.v1,,unmatched_lead,0,4621-15,specs.official_model,,,0,0,USES_MODEL_LABEL,insize_official_rebuild_plan,insize_official_rebuild_plan,karzar_product_naming_v1,no_terminology_match_on_name_lead
3562,4621-10,3,INSIZE | اینسایز,فیلر نواری 5متری اینسایز مدل 4621-10,36,فیلر نواری 5متری اینسایز 4621-10,0,HOLD_MISSING_PRODUCT_TYPE,none,generic.v1,,unmatched_lead,0,4621-10,specs.official_model,,,0,0,USES_MODEL_LABEL,insize_official_rebuild_plan,insize_official_rebuild_plan,karzar_product_naming_v1,no_terminology_match_on_name_lead
3561,4621-09,3,INSIZE | اینسایز,فیلر نواری 5متری اینسایز مدل 4621-09,36,فیلر نواری 5متری اینسایز 4621-09,0,HOLD_MISSING_PRODUCT_TYPE,none,generic.v1,,unmatched_lead,0,4621-09,specs.official_model,,,0,0,USES_MODEL_LABEL,insize_official_rebuild_plan,insize_official_rebuild_plan,karzar_product_naming_v1,no_terminology_match_on_name_lead
3558,4621-08,3,INSIZE | اینسایز,فیلر نواری 5متری اینسایز مدل 4621-08,36,فیلر نواری 5متری اینسایز 4621-08,0,HOLD_MISSING_PRODUCT_TYPE,none,generic.v1,,unmatched_lead,0,4621-08,specs.official_model,,,0,0,USES_MODEL_LABEL,insize_official_rebuild_plan,insize_official_rebuild_plan,karzar_product_naming_v1,no_terminology_match_on_name_lead
3557,4621-07,3,INSIZE | اینسایز,فیلر نواری 5متری اینسایز مدل 4621-07,36,فیلر نواری 5متری اینسایز 4621-07,0,HOLD_MISSING_PRODUCT_TYPE,none,generic.v1,,unmatched_lead,0,4621-07,specs.official_model,,,0,0,USES_MODEL_LABEL,insize_official_rebuild_plan,insize_official_rebuild_plan,karzar_product_naming_v1,no_terminology_match_on_name_lead
3555,4621-06,3,INSIZE | اینسایز,فیلر نواری 5متری اینسایز مدل 4621-06,36,فیلر نواری 5متری اینسایز 4621-06,0,HOLD_MISSING_PRODUCT_TYPE,none,generic.v1,,unmatched_lead,0,4621-06,specs.official_model,,,0,0,USES_MODEL_LABEL,insize_official_rebuild_plan,insize_official_rebuild_plan,karzar_product_naming_v1,no_terminology_match_on_name_lead
3554,4621-05,3,INSIZE | اینسایز,فیلر نواری 5متری اینسایز مدل 4621-05,36,فیلر نواری 5متری اینسایز 4621-05,0,HOLD_MISSING_PRODUCT_TYPE,none,generic.v1,,unmatched_lead,0,4621-05,specs.official_model,,,0,0,USES_MODEL_LABEL,insize_official_rebuild_plan,insize_official_rebuild_plan,karzar_product_naming_v1,no_terminology_match_on_name_lead
3553,4621-04,3,INSIZE | اینسایز,فیلر نواری 5متری اینسایز مدل 4621-04,36,فیلر نواری 5متری اینسایز 4621-04,0,HOLD_MISSING_PRODUCT_TYPE,none,generic.v1,,unmatched_lead,0,4621-04,specs.official_model,,,0,0,USES_MODEL_LABEL,insize_official_rebuild_plan,insize_official_rebuild_plan,karzar_product_naming_v1,no_terminology_match_on_name_lead
3552,4621-03,3,INSIZE | اینسایز,فیلر نواری 5متری اینسایز مدل 4621-03,36,فیلر نواری 5متری اینسایز 4621-03,0,HOLD_MISSING_PRODUCT_TYPE,none,generic.v1,,unmatched_lead,0,4621-03,specs.official_model,,,0,0,USES_MODEL_LABEL,insize_official_rebuild_plan,insize_official_rebuild_plan,karzar_product_naming_v1,no_terminology_match_on_name_lead
3547,4206-1,3,INSIZE | اینسایز,گیج تلسکوپی اینسایز مدل 4206-1,30,گیج تلسکوپی اینسایز 4206-1,0,HOLD_MISSING_PRODUCT_TYPE,none,generic.v1,,unmatched_lead,0,4206-1,name_label,,,0,0,USES_MODEL_LABEL,,specs.measuring_range,karzar_product_naming_v1,no_terminology_match_on_name_lead
3546,4621-02,3,INSIZE | اینسایز,فیلر نواری 5متری اینسایز مدل 4621-02,36,فیلر نواری 5متری اینسایز 4621-02,0,HOLD_MISSING_PRODUCT_TYPE,none,generic.v1,,unmatched_lead,0,4621-02,specs.official_model,,,0,0,USES_MODEL_LABEL,insize_official_rebuild_plan,insize_official_rebuild_plan,karzar_product_naming_v1,no_terminology_match_on_name_lead
3545,4602-32,3,INSIZE | اینسایز,فیلر 32تیغ 10سانت ( ) 0.03 ~ اینسایز مدل 4602-32,48,فیلر 32تیغ 10سانت ( ) 0.03 ~ اینسایز 4602-32,0,HOLD_MISSING_PRODUCT_TYPE,none,generic.v1,,unmatched_lead,0,4602-32,name_label,,,0,0,USES_MODEL_LABEL,,specs.measuring_range,karzar_product_naming_v1,no_terminology_match_on_name_lead
3544,4602-17,3,INSIZE | اینسایز,فیلر 17تیغ 10سانت ( ) 0.02 ~ اینسایز مدل 4602-17,48,فیلر 17تیغ 10سانت ( ) 0.02 ~ اینسایز 4602-17,0,HOLD_MISSING_PRODUCT_TYPE,none,generic.v1,,unmatched_lead,0,4602-17,name_label,,,0,0,USES_MODEL_LABEL,,specs.measuring_range,karzar_product_naming_v1,no_terminology_match_on_name_lead
3543,6301,3,INSIZE | اینسایز,پایه میکرومتر اینسایز مدل 6301,30,پایه میکرومتر اینسایز 6301,0,HOLD_MISSING_VARIANT_ATTRIBUTE,none,metrology.micrometer.v1,میکرومتر,terminology:میکرومتر,0,6301,name_label,,,0,0,USES_MODEL_LABEL,,,karzar_product_naming_v1,missing_primary_variant_attribute
3539,6202-80,3,INSIZE | اینسایز,پایه ساعت اینسایز مدل 6202-80,29,پایه ساعت اینسایز 6202-80,0,HOLD_MISSING_PRODUCT_TYPE,none,generic.v1,,unmatched_lead,0,6202-80,specs.official_model,,,0,0,USES_MODEL_LABEL,insize_official_rebuild_plan,,karzar_product_naming_v1,no_terminology_match_on_name_lead
3538,6201-60,3,INSIZE | اینسایز,پایه ساعت اینسایز مدل 6201-60,29,پایه ساعت اینسایز 6201-60,0,HOLD_MISSING_PRODUCT_TYPE,none,generic.v1,,unmatched_lead,0,6201-60,specs.official_model,,,0,0,USES_MODEL_LABEL,insize_official_rebuild_plan,,karzar_product_naming_v1,no_terminology_match_on_name_lead
3537,6200-60,3,INSIZE | اینسایز,پایه ساعت اینسایز مدل 6200-60,29,پایه ساعت اینسایز 6200-60,0,HOLD_MISSING_PRODUCT_TYPE,none,generic.v1,,unmatched_lead,0,6200-60,specs.official_model,,,0,0,USES_MODEL_LABEL,insize_official_rebuild_plan,insize_official_rebuild_plan,karzar_product_naming_v1,no_terminology_match_on_name_lead
3494,2364-10,3,INSIZE | اینسایز,ضخامت سنج ساعتی اینسایز مدل 2364-10,35,ضخامت سنج ساعتی اینسایز 2364-10,0,HOLD_MISSING_PRODUCT_TYPE,none,generic.v1,,unmatched_lead,0,2364-10,specs.official_model,,,0,0,USES_MODEL_LABEL,insize_official_rebuild_plan,insize_official_rebuild_plan,karzar_product_naming_v1,no_terminology_match_on_name_lead
3485,2170-1,3,INSIZE | اینسایز,تراز (شیب‌سنج) دیجیتال اینسایز (Insize) مدل 1-2170,50,تراز (شیب‌سنج) دیجیتال اینسایز (Insize) مدل 1-2170,0,HOLD_MISSING_PRODUCT_TYPE,none,generic.v1,,unmatched_lead,0,2170-1,sku_over_reversed_title,reversed_model_vs_sku:1-2170!=2170-1,,0,0,USES_MODEL_LABEL,,specs.range,karzar_product_naming_v1,no_terminology_match_on_name_lead
3424,AST-EH14,13,ASTPOWER | ای اس تی پاور,سنگ SDC فرز تيز كن EH14 براي ديواره دستگاه ASTPOWER,51,,1,HOLD_MISSING_PRODUCT_TYPE,none,generic.v1,,unmatched_lead,0,AST-EH14,sku_as_candidate,title_lacks_code_label,,0,0,ARABIC_YE_OR_KAF,,,karzar_product_naming_v1,no_terminology_match_on_name_lead
3411,TU-DR230,13,ASTPOWER | ای اس تی پاور,سنگ CBN مناسب مته HSS تیز کن مدل TU-DR230 ASTPOWER,50,,1,HOLD_MISSING_PRODUCT_TYPE,none,generic.v1,,unmatched_lead,0,TU-DR230 ASTPOWER,name_label,,,0,0,USES_MODEL_LABEL,,,karzar_product_naming_v1,no_terminology_match_on_name_lead
3452,AST-13MA,13,ASTPOWER | ای اس تی پاور,فشنگی گیر سایز 14 تا 15 برای دستگاه AST-13MA ASTPOWER,53,,1,HOLD_MISSING_PRODUCT_TYPE,none,generic.v1,,unmatched_lead,0,AST-13MA,sku_as_candidate,title_lacks_code_label,,0,0,,,,karzar_product_naming_v1,no_terminology_match_on_name_lead
3453,AST-26MA,13,ASTPOWER | ای اس تی پاور,فشنگی گیر سایز 30 تا 32 برای دستگاه AST-26MA ASTPOWER,53,,1,HOLD_MISSING_PRODUCT_TYPE,none,generic.v1,,unmatched_lead,0,AST-26MA,sku_as_candidate,title_lacks_code_label,,0,0,,,,karzar_product_naming_v1,no_terminology_match_on_name_lead
3359,AST-E425,13,ASTPOWER | ای اس تی پاور,دستگاه فرز تیز کن سفینه ای TU-E425 برند ASTpower,48,,1,HOLD_MISSING_PRODUCT_TYPE,none,generic.v1,,unmatched_lead,0,AST-E425,sku_as_candidate,title_lacks_code_label,,0,0,,,,karzar_product_naming_v1,no_terminology_match_on_name_lead
3357,AST-E312,13,ASTPOWER | ای اس تی پاور,دستگاه فرز تیز کن سفینه ای TU-E312 برند ASTpower,48,,1,HOLD_MISSING_PRODUCT_TYPE,none,generic.v1,,unmatched_lead,0,AST-E312,sku_as_candidate,title_lacks_code_label,,0,0,,,,karzar_product_naming_v1,no_terminology_match_on_name_lead
3330,AST-230MA,13,ASTPOWER | ای اس تی پاور,دستگاه مته تیزکن AST-230MA,26,,1,HOLD_MISSING_PRODUCT_TYPE,none,generic.v1,,unmatched_lead,0,AST-230MA,sku_as_candidate,title_lacks_code_label,,0,0,,,,karzar_product_naming_v1,no_terminology_match_on_name_lead
3328,AST-MF14,13,ASTPOWER | ای اس تی پاور,دستگاه مته تیزکن و فرز تیز کن AST-MF14,38,,1,HOLD_MISSING_PRODUCT_TYPE,none,generic.v1,,unmatched_lead,0,AST-MF14,sku_as_candidate,title_lacks_code_label,,0,0,,,,karzar_product_naming_v1,no_terminology_match_on_name_lead
3329,AST-830MA,13,ASTPOWER | ای اس تی پاور,دستگاه مته تیزکن AST-830MA,26,,1,HOLD_MISSING_PRODUCT_TYPE,none,generic.v1,,unmatched_lead,0,AST-830MA,sku_as_candidate,title_lacks_code_label,,0,0,,,,karzar_product_naming_v1,no_terminology_match_on_name_lead
3326,AST-32MG,13,ASTPOWER | ای اس تی پاور,دستگاه مته تیزکن AST-32MG,25,,1,HOLD_MISSING_PRODUCT_TYPE,none,generic.v1,,unmatched_lead,0,AST-32MG,sku_as_candidate,title_lacks_code_label,,0,0,,,,karzar_product_naming_v1,no_terminology_match_on_name_lead
3324,AST-15MA,13,ASTPOWER | ای اس تی پاور,دستگاه مته تیزکن AST-15MA,25,,1,HOLD_MISSING_PRODUCT_TYPE,none,generic.v1,,unmatched_lead,0,AST-15MA,sku_as_candidate,title_lacks_code_label,,0,0,,,,karzar_product_naming_v1,no_terminology_match_on_name_lead
3301,AST-BS0-5,13,ASTPOWER | ای اس تی پاور,تایکوپ BS0 برند AST Power,25,,1,HOLD_MISSING_PRODUCT_TYPE,none,generic.v1,,unmatched_lead,0,AST-BS0-5,sku_as_candidate,title_lacks_code_label,,0,0,,,,karzar_product_naming_v1,no_terminology_match_on_name_lead
3299,AST-BSB,13,ASTPOWER | ای اس تی پاور,دستگاه تیغ اره نواری تیزکن AST-BSB,34,,1,HOLD_MISSING_PRODUCT_TYPE,none,generic.v1,,unmatched_lead,0,AST-BSB,sku_as_candidate,title_lacks_code_label,,0,0,,,,karzar_product_naming_v1,no_terminology_match_on_name_lead
3297,AST-STW,13,ASTPOWER | ای اس تی پاور,دستگاه فرز اره ای و دیسکی تیز کن AST-STW,40,,1,HOLD_MISSING_PRODUCT_TYPE,none,generic.v1,,unmatched_lead,0,AST-STW,sku_as_candidate,title_lacks_code_label,,0,0,,,,karzar_product_naming_v1,no_terminology_match_on_name_lead
3298,3001-1903-C,13,ASTPOWER | ای اس تی پاور,دستگاه فرز اره ای و دیسکی تیز کن AST-SM,39,,1,HOLD_MISSING_PRODUCT_TYPE,none,generic.v1,,unmatched_lead,0,,sku_rejected_non_native,sku_not_brand_native,,0,0,,,,karzar_product_naming_v1,no_terminology_match_on_name_lead
3296,AST-TMS20,13,ASTPOWER | ای اس تی پاور,دستگاه قلاویز تیز کن نوک و شیار AST-TMS20,41,,1,HOLD_MISSING_PRODUCT_TYPE,none,generic.v1,,unmatched_lead,0,AST-TMS20,sku_as_candidate,title_lacks_code_label,,0,0,,,,karzar_product_naming_v1,no_terminology_match_on_name_lead
3294,AST-EH614,13,ASTPOWER | ای اس تی پاور,دستگاه فرز تیز کن مخصوص مارپیچ AST-EH614,40,,1,HOLD_MISSING_PRODUCT_TYPE,none,generic.v1,,unmatched_lead,0,AST-EH614,sku_as_candidate,title_lacks_code_label,,0,0,,,,karzar_product_naming_v1,no_terminology_match_on_name_lead
3263,AST-TS42,13,ASTPOWER | ای اس تی پاور,دستگاه قلاویز تیز کن نوک و دیواره AST-TS42,42,,1,HOLD_MISSING_PRODUCT_TYPE,none,generic.v1,,unmatched_lead,0,AST-TS42,sku_as_candidate,title_lacks_code_label,,0,0,,,,karzar_product_naming_v1,no_terminology_match_on_name_lead
3262,AST-TS20,13,ASTPOWER | ای اس تی پاور,دستگاه قلاویز تیز کن نوک و دیواره AST-TS20,42,,1,HOLD_MISSING_PRODUCT_TYPE,none,generic.v1,,unmatched_lead,0,AST-TS20,sku_as_candidate,title_lacks_code_label,,0,0,,,,karzar_product_naming_v1,no_terminology_match_on_name_lead
3261,AST-T20,13,ASTPOWER | ای اس تی پاور,دستگاه قلاویز تیز کن نوک AST-T20,32,,1,HOLD_MISSING_PRODUCT_TYPE,none,generic.v1,,unmatched_lead,0,AST-T20,sku_as_candidate,title_lacks_code_label,,0,0,,,,karzar_product_naming_v1,no_terminology_match_on_name_lead
3260,AST-F30,13,ASTPOWER | ای اس تی پاور,دستگاه فرز تیز کن کف AST-F30,28,,1,HOLD_MISSING_PRODUCT_TYPE,none,generic.v1,,unmatched_lead,0,AST-F30,sku_as_candidate,title_lacks_code_label,,0,0,,,,karzar_product_naming_v1,no_terminology_match_on_name_lead
3259,AST-F20,13,ASTPOWER | ای اس تی پاور,دستگاه فرز تیز کن کف AST-F20,28,,1,HOLD_MISSING_PRODUCT_TYPE,none,generic.v1,,unmatched_lead,0,AST-F20,sku_as_candidate,title_lacks_code_label,,0,0,,,,karzar_product_naming_v1,no_terminology_match_on_name_lead
3258,AST-F14,13,ASTPOWER | ای اس تی پاور,دستگاه فرز تیز کن کف AST-F14,28,,1,HOLD_MISSING_PRODUCT_TYPE,none,generic.v1,,unmatched_lead,0,AST-F14,sku_as_candidate,title_lacks_code_label,,0,0,,,,karzar_product_naming_v1,no_terminology_match_on_name_lead
3257,AST-20MG,13,ASTPOWER | ای اس تی پاور,دستگاه مته تیزکن AST-20MG,25,,1,HOLD_MISSING_PRODUCT_TYPE,none,generic.v1,,unmatched_lead,0,AST-20MG,sku_as_candidate,title_lacks_code_label,,0,0,,,,karzar_product_naming_v1,no_terminology_match_on_name_lead
2411,938882,2,Mitutoyo | میتوتویو,باتری میتوتویو مدل 938882,25,باتری میتوتویو مدل 938882 | 938882 | Mitutoyo,0,HOLD_MISSING_PRODUCT_TYPE,none,generic.v1,,unmatched_lead,0,938882,name_label,,,0,0,USES_MODEL_LABEL,,specs.range,karzar_product_naming_v1,no_terminology_match_on_name_lead
2404,950-223,2,Mitutoyo | میتوتویو,پرگار خارج‌سنج صنعتی میتوتویو 200 میلی‌متر مدل 223-950,54,,1,HOLD_MISSING_PRODUCT_TYPE,none,generic.v1,,unmatched_lead,0,950-223,sku_over_reversed_title,reversed_model_vs_sku:223-950!=950-223,,0,0,USES_MODEL_LABEL,,specs.range,karzar_product_naming_v1,no_terminology_match_on_name_lead
2403,950-233,2,Mitutoyo | میتوتویو,پرگار داخل‌سنج صنعتی میتوتویو 200 میلی‌متر مدل 233-950,54,,1,HOLD_MISSING_PRODUCT_TYPE,none,generic.v1,,unmatched_lead,0,950-233,sku_over_reversed_title,reversed_model_vs_sku:233-950!=950-233,,0,0,USES_MODEL_LABEL,,specs.range,karzar_product_naming_v1,no_terminology_match_on_name_lead
2402,601645,2,Mitutoyo | میتوتویو,سنگ ساب نگهداری از گیج بلوک میتوتویو مدل 601645,47,,1,HOLD_MISSING_PRODUCT_TYPE,none,generic.v1,,unmatched_lead,0,601645,name_label,,,0,0,USES_MODEL_LABEL,,,karzar_product_naming_v1,no_terminology_match_on_name_lead
2401,188-130,2,Mitutoyo | میتوتویو,ست شابلون دنده میتوتویو 22 تیغه 6-0.35 میلی‌متر مدل 130-188,59,,1,HOLD_MISSING_PRODUCT_TYPE,none,generic.v1,,unmatched_lead,0,188-130,sku_over_reversed_title,reversed_model_vs_sku:130-188!=188-130,,0,0,USES_MODEL_LABEL,,specs.range,karzar_product_naming_v1,no_terminology_match_on_name_lead
2359,523-122,2,Mitutoyo | میتوتویو,پاسامتر عقربه‌ای 50-25 میلی‌متر میتوتویو مدل 122-523,52,,1,HOLD_MISSING_PRODUCT_TYPE,none,generic.v1,,unmatched_lead,0,523-122,sku_over_reversed_title,reversed_model_vs_sku:122-523!=523-122,,0,0,USES_MODEL_LABEL,,specs.range,karzar_product_naming_v1,no_terminology_match_on_name_lead
2346,187-901,2,Mitutoyo | میتوتویو,زاویه‌سنج ذره‌بین‌دار یونیورسال میتوتویو 30 سانتی‌متر مدل 901-187,65,,1,HOLD_MISSING_PRODUCT_TYPE,none,generic.v1,,unmatched_lead,0,187-901,sku_over_reversed_title,reversed_model_vs_sku:901-187!=187-901,,0,0,USES_MODEL_LABEL,,specs.range,karzar_product_naming_v1,no_terminology_match_on_name_lead
2343,188-151,2,Mitutoyo | میتوتویو,ست شابلون دنده میتوتویو 51 تیغه متریک/اینچ مدل 151-188,54,,1,HOLD_MISSING_PRODUCT_TYPE,none,generic.v1,,unmatched_lead,0,188-151,sku_over_reversed_title,reversed_model_vs_sku:151-188!=188-151,,0,0,USES_MODEL_LABEL,,specs.range,karzar_product_naming_v1,no_terminology_match_on_name_lead
2342,184-303S,2,Mitutoyo | میتوتویو,فیلر میتوتویو 28 پارچه طول 15 سانتی‌متر دسته بلند مدل 303S-184,62,,1,HOLD_MISSING_PRODUCT_TYPE,none,generic.v1,,unmatched_lead,0,184-303S,sku_over_reversed_title,reversed_model_vs_sku:303S-184!=184-303S,,0,0,USES_MODEL_LABEL,,specs.range,karzar_product_naming_v1,no_terminology_match_on_name_lead
2341,184-313S,2,Mitutoyo | میتوتویو,فیلر میتوتویو 28 پارچه طول 10 سانتی‌متر مدل 313S-184,52,,1,HOLD_MISSING_PRODUCT_TYPE,none,generic.v1,,unmatched_lead,0,184-313S,sku_over_reversed_title,reversed_model_vs_sku:313S-184!=184-313S,,0,0,USES_MODEL_LABEL,,specs.range,karzar_product_naming_v1,no_terminology_match_on_name_lead
2336,7323A,2,Mitutoyo | میتوتویو,ضخامت‌سنج ورق ساعتی میتوتویو 20-0 میلی‌متر نعل اسبی مدل A7323,61,,1,HOLD_MISSING_PRODUCT_TYPE,none,generic.v1,,unmatched_lead,0,A7323,name_label,,,0,0,USES_MODEL_LABEL,,specs.range,karzar_product_naming_v1,no_terminology_match_on_name_lead
2333,7305A,2,Mitutoyo | میتوتویو,ضخامت‌سنج عقربه‌ای میتوتویو 20-0 میلی‌متر مدل A7305,51,,1,HOLD_MISSING_PRODUCT_TYPE,none,generic.v1,,unmatched_lead,0,A7305,name_label,,,0,0,USES_MODEL_LABEL,,specs.range,karzar_product_naming_v1,no_terminology_match_on_name_lead
2283,511-204,2,Mitutoyo | میتوتویو,بورگیج سیلندر میتوتویو 18.5-10 میلی‌متر مدل 204-511,51,,1,HOLD_MISSING_PRODUCT_TYPE,none,generic.v1,,unmatched_lead,0,511-204,sku_over_reversed_title,reversed_model_vs_sku:204-511!=511-204,,0,0,USES_MODEL_LABEL,,specs.range,karzar_product_naming_v1,no_terminology_match_on_name_lead
2276,513-414E,2,Mitutoyo | میتوتویو,ساعت شیطونکی میتوتویو کورس 0.5 میلی‌متر مدل 414-513,51,,1,HOLD_MISSING_PRODUCT_TYPE,none,generic.v1,,unmatched_lead,0,414-513,name_label,,,0,0,USES_MODEL_LABEL,,specs.range,karzar_product_naming_v1,no_terminology_match_on_name_lead
2270,7033,2,Mitutoyo | میتوتویو,پایه ساعت اندیکاتور میتوتویو مفصلی مدل 7033,43,,1,HOLD_MISSING_PRODUCT_TYPE,none,generic.v1,,unmatched_lead,0,7033,name_label,,,0,0,USES_MODEL_LABEL,,,karzar_product_naming_v1,no_terminology_match_on_name_lead
2269,7014,2,Mitutoyo | میتوتویو,پایه ساعت اندیکاتور میتوتویو مگنتی مدل 7014,43,,1,HOLD_MISSING_PRODUCT_TYPE,none,generic.v1,,unmatched_lead,0,7014,name_label,,,0,0,USES_MODEL_LABEL,,,karzar_product_naming_v1,no_terminology_match_on_name_lead
2267,7011S-10,2,Mitutoyo | میتوتویو,پایه ساعت اندیکاتور میتوتویو مگنتی مدل 7011S,44,,1,HOLD_MISSING_PRODUCT_TYPE,none,generic.v1,,unmatched_lead,0,7011S,name_label,,,0,0,USES_MODEL_LABEL,,,karzar_product_naming_v1,no_terminology_match_on_name_lead
2266,7010S-10,2,Mitutoyo | میتوتویو,پایه ساعت میتوتویو مگنتی میله‌ای مدل 7010S,42,,1,HOLD_MISSING_PRODUCT_TYPE,none,generic.v1,,unmatched_lead,0,7010S,name_label,,,0,0,USES_MODEL_LABEL,,,karzar_product_naming_v1,no_terminology_match_on_name_lead
2242,543-791,2,Mitutoyo | میتوتویو,ساعت اندیکاتور دیجیتال میتوتویو 12.7 میلی‌متر دقت 0.001 میلی‌متر مدل 791-543,76,,1,HOLD_MISSING_PRODUCT_TYPE,none,generic.v1,,unmatched_lead,0,543-791,sku_over_reversed_title,reversed_model_vs_sku:791-543!=543-791,,0,0,USES_MODEL_LABEL,,specs.range,karzar_product_naming_v1,no_terminology_match_on_name_lead
2241,543-781,2,Mitutoyo | میتوتویو,ساعت اندیکاتور دیجیتال میتوتویو کورس 12.7 میلی‌متر مدل 781-543,62,,1,HOLD_MISSING_PRODUCT_TYPE,none,generic.v1,,unmatched_lead,0,543-781,sku_over_reversed_title,reversed_model_vs_sku:781-543!=543-781,,0,0,USES_MODEL_LABEL,,specs.range,karzar_product_naming_v1,no_terminology_match_on_name_lead
2230,1044A,2,Mitutoyo | میتوتویو,ساعت اندیکاتور میتوتویو عقربه‌ای کورس 5 میلی‌متر مدل 1044A,58,,1,HOLD_MISSING_PRODUCT_TYPE,none,generic.v1,,unmatched_lead,0,1044A,name_label,,,0,0,USES_MODEL_LABEL,,specs.range,karzar_product_naming_v1,no_terminology_match_on_name_lead
2168,103-137,2,Mitutoyo | میتوتویو,میکرومتر ورنیه میتوتویو 25-0 میلی‌متر مدل 137-103,49,میکرومتر ورنیه میتوتویو 25-0 میلی‌متر مدل 137-103 | 103-137 | Mitutoyo,0,HOLD_MISSING_VARIANT_ATTRIBUTE,none,metrology.micrometer.v1,میکرومتر,terminology:میکرومتر,0,103-137,sku_over_reversed_title,reversed_model_vs_sku:137-103!=103-137,,0,0,USES_MODEL_LABEL,,specs.range,karzar_product_naming_v1,missing_primary_variant_attribute
2159,511-211,2,Mitutoyo | میتوتویو,بورگیج میتوتویو 10-6 میلی‌متر مدل 211-511,41,,1,HOLD_MISSING_PRODUCT_TYPE,none,generic.v1,,unmatched_lead,0,511-211,sku_over_reversed_title,reversed_model_vs_sku:211-511!=511-211,,0,0,USES_MODEL_LABEL,,specs.range,karzar_product_naming_v1,no_terminology_match_on_name_lead
2147,186-107,2,Mitutoyo | میتوتویو,ست شابلون شعاع‌سنج میتوتویو 25-15.5 میلی‌متر مدل 107-186,56,,1,HOLD_MISSING_PRODUCT_TYPE,none,generic.v1,,unmatched_lead,0,186-107,sku_over_reversed_title,reversed_model_vs_sku:107-186!=186-107,,0,0,USES_MODEL_LABEL,,specs.range,karzar_product_naming_v1,no_terminology_match_on_name_lead
2148,511-711,2,Mitutoyo | میتوتویو,گیج سیلندر میتوتویو 35-18 میلی‌متر مدل 711-511,46,,1,HOLD_MISSING_PRODUCT_TYPE,none,generic.v1,,unmatched_lead,0,511-711,sku_over_reversed_title,reversed_model_vs_sku:711-511!=511-711,,0,0,USES_MODEL_LABEL,,specs.range,karzar_product_naming_v1,no_terminology_match_on_name_lead
2146,186-106,2,Mitutoyo | میتوتویو,ست شابلون شعاع‌سنج میتوتویو 15-7.5 میلی‌متر مدل 106-186,55,,1,HOLD_MISSING_PRODUCT_TYPE,none,generic.v1,,unmatched_lead,0,186-106,sku_over_reversed_title,reversed_model_vs_sku:106-186!=186-106,,0,0,USES_MODEL_LABEL,,specs.range,karzar_product_naming_v1,no_terminology_match_on_name_lead
2145,7301A,2,Mitutoyo | میتوتویو,ضخامت‌سنج عقربه‌ای میتوتویو 10-0 میلی‌متر مدل A7301,51,,1,HOLD_MISSING_PRODUCT_TYPE,none,generic.v1,,unmatched_lead,0,A7301,name_label,,,0,0,USES_MODEL_LABEL,,specs.range,karzar_product_naming_v1,no_terminology_match_on_name_lead
2144,186-105,2,Mitutoyo | میتوتویو,شابلون و فیلر شعاع‌سنج میتوتویو 7-1 میلی‌متر مدل 105-186,56,,1,HOLD_MISSING_PRODUCT_TYPE,none,generic.v1,,unmatched_lead,0,186-105,sku_over_reversed_title,reversed_model_vs_sku:105-186!=186-105,,0,0,USES_MODEL_LABEL,,specs.range,karzar_product_naming_v1,no_terminology_match_on_name_lead
2138,513-401E,2,Mitutoyo | میتوتویو,ساعت شیطونکی میتوتویو 0.14 میلی‌متر دقت 0.001 میلی‌متر مدل 401-513,66,,1,HOLD_MISSING_PRODUCT_TYPE,none,generic.v1,,unmatched_lead,0,401-513,name_label,,,0,0,USES_MODEL_LABEL,,specs.range,karzar_product_naming_v1,no_terminology_match_on_name_lead
2124,2050A,2,Mitutoyo | میتوتویو,ساعت اندیکاتور عقربه‌ای میتوتویو کورس 20 میلی‌متر مدل 2050A,59,,1,HOLD_MISSING_PRODUCT_TYPE,none,generic.v1,,unmatched_lead,0,2050A,name_label,,,0,0,USES_MODEL_LABEL,,specs.range,karzar_product_naming_v1,no_terminology_match_on_name_lead
2106,9722-250,3,INSIZE | اینسایز,فاز متر اینسایز مدل 9722-250,28,فاز متر اینسایز 9722-250,0,HOLD_MISSING_PRODUCT_TYPE,none,generic.v1,,unmatched_lead,0,9722-250,specs.official_model,,,0,0,USES_MODEL_LABEL,insize_official_rebuild_plan,insize_official_rebuild_plan,karzar_product_naming_v1,no_terminology_match_on_name_lead
2107,9723-400,3,INSIZE | اینسایز,تستر ولتاژ دیجیتالی اینسایز مدل 9723-400,40,تستر ولتاژ دیجیتالی اینسایز 9723-400,0,HOLD_MISSING_PRODUCT_TYPE,none,generic.v1,,unmatched_lead,0,9723-400,specs.official_model,,,0,0,USES_MODEL_LABEL,insize_official_rebuild_plan,insize_official_rebuild_plan,karzar_product_naming_v1,no_terminology_match_on_name_lead
2103,9247-190,3,INSIZE | اینسایز,مولتی متر هوشمند دیجیتال اینسایز مدل 9247-190,45,مولتی متر هوشمند دیجیتال اینسایز 9247-190,0,HOLD_MISSING_PRODUCT_TYPE,none,generic.v1,,unmatched_lead,0,9247-190,specs.official_model,,,0,0,USES_MODEL_LABEL,insize_official_rebuild_plan,,karzar_product_naming_v1,no_terminology_match_on_name_lead
2102,9225-405,3,INSIZE | اینسایز,تاکومتر ( دور سنج ) اینسایز مدل 9225-405,40,تاکومتر ( دور سنج ) اینسایز 9225-405,0,HOLD_MISSING_PRODUCT_TYPE,none,generic.v1,,unmatched_lead,0,9225-405,specs.official_model,,,0,0,USES_MODEL_LABEL,insize_official_rebuild_plan,insize_official_rebuild_plan,karzar_product_naming_v1,no_terminology_match_on_name_lead
2101,8602-200,3,INSIZE | اینسایز,ترازو دیجیتال 0.2گرم تا 200گرم اینسایز مدل 8602-200,51,ترازو دیجیتال 0.2گرم تا 200گرم اینسایز 8602-200,0,HOLD_MISSING_PRODUCT_TYPE,none,generic.v1,,unmatched_lead,0,8602-200,specs.official_model,,,0,0,USES_MODEL_LABEL,insize_official_rebuild_plan,,karzar_product_naming_v1,no_terminology_match_on_name_lead
2099,7522-610,3,INSIZE | اینسایز,ذره بین دو لنزه اینسایز مدل 7522-610,36,ذره بین دو لنزه اینسایز 7522-610,0,HOLD_MISSING_PRODUCT_TYPE,none,generic.v1,,unmatched_lead,0,7522-610,name_label,,,0,0,USES_MODEL_LABEL,,,karzar_product_naming_v1,no_terminology_match_on_name_lead
2097,7262-300,3,INSIZE | اینسایز,پرگار خارج 30سانت اینسایز مدل 7262-300,38,پرگار خارج 30سانت اینسایز 7262-300,0,HOLD_MISSING_PRODUCT_TYPE,none,generic.v1,,unmatched_lead,0,7262-300,name_label,,,0,0,USES_MODEL_LABEL,,specs.measuring_range,karzar_product_naming_v1,no_terminology_match_on_name_lead
2096,7262-200,3,INSIZE | اینسایز,پرگار خارج 20سانت اینسایز مدل 7262-200,38,پرگار خارج 20سانت اینسایز 7262-200,0,HOLD_MISSING_PRODUCT_TYPE,none,generic.v1,,unmatched_lead,0,7262-200,name_label,,,0,0,USES_MODEL_LABEL,,specs.measuring_range,karzar_product_naming_v1,no_terminology_match_on_name_lead
2095,7262-150,3,INSIZE | اینسایز,پرگار خارج 15سانت اینسایز مدل 7262-150,38,پرگار خارج 15سانت اینسایز 7262-150,0,HOLD_MISSING_PRODUCT_TYPE,none,generic.v1,,unmatched_lead,0,7262-150,name_label,,,0,0,USES_MODEL_LABEL,,specs.measuring_range,karzar_product_naming_v1,no_terminology_match_on_name_lead
2094,7261-300,3,INSIZE | اینسایز,پرگار داخل 30سانت اینسایز مدل 7261-300,38,پرگار داخل 30سانت اینسایز 7261-300,0,HOLD_MISSING_PRODUCT_TYPE,none,generic.v1,,unmatched_lead,0,7261-300,name_label,,,0,0,USES_MODEL_LABEL,,,karzar_product_naming_v1,no_terminology_match_on_name_lead
2092,7261-150,3,INSIZE | اینسایز,پرگار داخل 15سانت اینسایز مدل 7261-150,38,پرگار داخل 15سانت اینسایز 7261-150,0,HOLD_MISSING_PRODUCT_TYPE,none,generic.v1,,unmatched_lead,0,7261-150,name_label,,,0,0,USES_MODEL_LABEL,,,karzar_product_naming_v1,no_terminology_match_on_name_lead
2093,7261-200,3,INSIZE | اینسایز,پرگار داخل 20سانت اینسایز مدل 7261-200,38,پرگار داخل 20سانت اینسایز 7261-200,0,HOLD_MISSING_PRODUCT_TYPE,none,generic.v1,,unmatched_lead,0,7261-200,name_label,,,0,0,USES_MODEL_LABEL,,,karzar_product_naming_v1,no_terminology_match_on_name_lead
2090,7247-200,3,INSIZE | اینسایز,پرگار مستقیم 20سانت اینسایز مدل 7247-200,40,پرگار مستقیم 20سانت اینسایز 7247-200,0,HOLD_MISSING_PRODUCT_TYPE,none,generic.v1,,unmatched_lead,0,7247-200,specs.official_model,,,0,0,USES_MODEL_LABEL,insize_official_rebuild_plan,insize_official_rebuild_plan,karzar_product_naming_v1,no_terminology_match_on_name_lead
2091,7247-300,3,INSIZE | اینسایز,پرگار مستقیم 30سانت اینسایز مدل 7247-300,40,پرگار مستقیم 30سانت اینسایز 7247-300,0,HOLD_MISSING_PRODUCT_TYPE,none,generic.v1,,unmatched_lead,0,7247-300,specs.official_model,,,0,0,USES_MODEL_LABEL,insize_official_rebuild_plan,insize_official_rebuild_plan,karzar_product_naming_v1,no_terminology_match_on_name_lead
2089,7247-150,3,INSIZE | اینسایز,پرگار مستقیم 15سانت اینسایز مدل 7247-150,40,پرگار مستقیم 15سانت اینسایز 7247-150,0,HOLD_MISSING_PRODUCT_TYPE,none,generic.v1,,unmatched_lead,0,7247-150,specs.official_model,,,0,0,USES_MODEL_LABEL,insize_official_rebuild_plan,insize_official_rebuild_plan,karzar_product_naming_v1,no_terminology_match_on_name_lead
2086,7139-100,3,INSIZE | اینسایز,خط کش نواری 1متر باریک اینسایز مدل 7139-100,43,خط کش نواری 1متر باریک اینسایز 7139-100,0,HOLD_MISSING_PRODUCT_TYPE,none,generic.v1,,unmatched_lead,0,7139-100,specs.official_model,,,0,0,USES_MODEL_LABEL,insize_official_rebuild_plan,insize_official_rebuild_plan,karzar_product_naming_v1,no_terminology_match_on_name_lead
2080,7110-500,3,INSIZE | اینسایز,خط کش استن استیل 50سانت اینسایز مدل 7110-500,44,خط کش استن استیل 50سانت اینسایز 7110-500,0,HOLD_MISSING_PRODUCT_TYPE,none,generic.v1,,unmatched_lead,0,7110-500,name_label,,,0,0,USES_MODEL_LABEL,,specs.measuring_range,karzar_product_naming_v1,no_terminology_match_on_name_lead
2081,7110-600,3,INSIZE | اینسایز,خط کش استن استیل 60سانت اینسایز مدل 7110-600,44,خط کش استن استیل 60سانت اینسایز 7110-600,0,HOLD_MISSING_PRODUCT_TYPE,none,generic.v1,,unmatched_lead,0,7110-600,name_label,,,0,0,USES_MODEL_LABEL,,specs.measuring_range,karzar_product_naming_v1,no_terminology_match_on_name_lead
2070,6890-702,3,INSIZE | اینسایز,میلیمتر اینسایز مدل 6890-702,28,میلیمتر اینسایز 6890-702,0,HOLD_MISSING_PRODUCT_TYPE,none,generic.v1,,unmatched_lead,0,6890-702,name_label,,,0,0,USES_MODEL_LABEL,,specs.measuring_range,karzar_product_naming_v1,no_terminology_match_on_name_lead
2063,6282-2017,3,INSIZE | اینسایز,رابط ساعت 10سانت اینسایز مدل 6282-2017,38,رابط ساعت 10سانت اینسایز 6282-2017,0,HOLD_MISSING_PRODUCT_TYPE,none,generic.v1,,unmatched_lead,0,6282-2017,name_label,,,0,0,USES_MODEL_LABEL,,,karzar_product_naming_v1,no_terminology_match_on_name_lead
2062,6282-2013,3,INSIZE | اینسایز,رابط ساعت 7سانت اینسایز مدل 6282-2013,37,رابط ساعت 7سانت اینسایز 6282-2013,0,HOLD_MISSING_PRODUCT_TYPE,none,generic.v1,,unmatched_lead,0,6282-2013,name_label,,,0,0,USES_MODEL_LABEL,,,karzar_product_naming_v1,no_terminology_match_on_name_lead
2061,6282-2009,3,INSIZE | اینسایز,رابط ساعت 5سانت اینسایز مدل 6282-2009,37,رابط ساعت 5سانت اینسایز 6282-2009,0,HOLD_MISSING_PRODUCT_TYPE,none,generic.v1,,unmatched_lead,0,6282-2009,name_label,,,0,0,USES_MODEL_LABEL,,,karzar_product_naming_v1,no_terminology_match_on_name_lead
2057,6282-2003,3,INSIZE | اینسایز,رابط ساعت 2سانت اینسایز مدل 6282-2003,37,رابط ساعت 2سانت اینسایز 6282-2003,0,HOLD_MISSING_PRODUCT_TYPE,none,generic.v1,,unmatched_lead,0,6282-2003,name_label,,,0,0,USES_MODEL_LABEL,,,karzar_product_naming_v1,no_terminology_match_on_name_lead
2058,6282-2004,3,INSIZE | اینسایز,رابط ساعت 2/5سانت اینسایز مدل 6282-2004,39,رابط ساعت 2/5سانت اینسایز 6282-2004,0,HOLD_MISSING_PRODUCT_TYPE,none,generic.v1,,unmatched_lead,0,6282-2004,name_label,,,0,0,USES_MODEL_LABEL,,,karzar_product_naming_v1,no_terminology_match_on_name_lead
2059,6282-2005,3,INSIZE | اینسایز,رابط ساعت 3سانت اینسایز مدل 6282-2005,37,رابط ساعت 3سانت اینسایز 6282-2005,0,HOLD_MISSING_PRODUCT_TYPE,none,generic.v1,,unmatched_lead,0,6282-2005,name_label,,,0,0,USES_MODEL_LABEL,,,karzar_product_naming_v1,no_terminology_match_on_name_lead
2060,6282-2007,3,INSIZE | اینسایز,رابط ساعت 4سانت اینسایز مدل 6282-2007,37,رابط ساعت 4سانت اینسایز 6282-2007,0,HOLD_MISSING_PRODUCT_TYPE,none,generic.v1,,unmatched_lead,0,6282-2007,name_label,,,0,0,USES_MODEL_LABEL,,,karzar_product_naming_v1,no_terminology_match_on_name_lead
2053,6202-100,3,INSIZE | اینسایز,پایه ساعت اینسایز مدل 6202-100,30,پایه ساعت اینسایز 6202-100,0,HOLD_MISSING_PRODUCT_TYPE,none,generic.v1,,unmatched_lead,0,6202-100,specs.official_model,,,0,0,USES_MODEL_LABEL,insize_official_rebuild_plan,,karzar_product_naming_v1,no_terminology_match_on_name_lead
2055,6282-2001,3,INSIZE | اینسایز,رابط ساعت 1سانت اینسایز مدل 6282-2001,37,رابط ساعت 1سانت اینسایز 6282-2001,0,HOLD_MISSING_PRODUCT_TYPE,none,generic.v1,,unmatched_lead,0,6282-2001,name_label,,,0,0,USES_MODEL_LABEL,,,karzar_product_naming_v1,no_terminology_match_on_name_lead
2056,6282-2002,3,INSIZE | اینسایز,رابط ساعت 1/5سانت اینسایز مدل 6282-2002,39,رابط ساعت 1/5سانت اینسایز 6282-2002,0,HOLD_MISSING_PRODUCT_TYPE,none,generic.v1,,unmatched_lead,0,6282-2002,name_label,,,0,0,USES_MODEL_LABEL,,,karzar_product_naming_v1,no_terminology_match_on_name_lead
2054,6210-100,3,INSIZE | اینسایز,پایه ساعت مفصلی اینسایز مدل 6210-100,36,پایه ساعت مفصلی اینسایز 6210-100,0,HOLD_MISSING_PRODUCT_TYPE,none,generic.v1,,unmatched_lead,0,6210-100,specs.official_model,,,0,0,USES_MODEL_LABEL,insize_official_rebuild_plan,,karzar_product_naming_v1,no_terminology_match_on_name_lead
2051,4922-100,3,INSIZE | اینسایز,تراز 2طرفه دستی اینسایز مدل 4922-100,36,تراز 2طرفه دستی اینسایز 4922-100,0,HOLD_MISSING_PRODUCT_TYPE,none,generic.v1,,unmatched_lead,0,4922-100,name_label,,,0,0,USES_MODEL_LABEL,,,karzar_product_naming_v1,no_terminology_match_on_name_lead
2052,4922-150,3,INSIZE | اینسایز,تراز 3طرفه دستی 15سانت اینسایز مدل 4922-150,43,تراز 3طرفه دستی 15سانت اینسایز 4922-150,0,HOLD_MISSING_PRODUCT_TYPE,none,generic.v1,,unmatched_lead,0,4922-150,name_label,,,0,0,USES_MODEL_LABEL,,,karzar_product_naming_v1,no_terminology_match_on_name_lead
2050,4921-230,3,INSIZE | اینسایز,تراز 3طرفه 23سانتی اینسایز مدل 4921-230,39,تراز 3طرفه 23سانتی اینسایز 4921-230,0,HOLD_MISSING_PRODUCT_TYPE,none,generic.v1,,unmatched_lead,0,4921-230,name_label,,,0,0,USES_MODEL_LABEL,,,karzar_product_naming_v1,no_terminology_match_on_name_lead
2047,4913-250,3,INSIZE | اینسایز,تراز مگنتی 25سانت اینسایز مدل 4913-250,38,تراز مگنتی 25سانت اینسایز 4913-250,0,HOLD_MISSING_PRODUCT_TYPE,none,generic.v1,,unmatched_lead,0,4913-250,name_label,,,0,0,USES_MODEL_LABEL,,,karzar_product_naming_v1,no_terminology_match_on_name_lead
2046,4912-100,3,INSIZE | اینسایز,تراز مگنتی 10سانت اینسایز مدل 4912-100,38,تراز مگنتی 10سانت اینسایز 4912-100,0,HOLD_MISSING_PRODUCT_TYPE,none,generic.v1,,unmatched_lead,0,4912-100,name_label,,,0,0,USES_MODEL_LABEL,,,karzar_product_naming_v1,no_terminology_match_on_name_lead
2029,4799-180,3,INSIZE | اینسایز,زاویه سنج 12سانت اینسایز مدل 4799-180,37,زاویه سنج 12سانت اینسایز 4799-180,0,HOLD_MISSING_PRODUCT_TYPE,none,generic.v1,,unmatched_lead,0,4799-180,specs.official_model,,,0,0,USES_MODEL_LABEL,insize_official_rebuild_plan,insize_official_rebuild_plan,karzar_product_naming_v1,no_terminology_match_on_name_lead
2034,4820-552,3,INSIZE | اینسایز,شابلون رزوه اینچ و میلیمتر 60درجه از اینسایز مدل 4820-552,57,شابلون رزوه اینچ و میلیمتر 60درجه از 0/4 اینسایز 4820-552,0,HOLD_MISSING_PRODUCT_TYPE,none,generic.v1,,unmatched_lead,0,4820-552,specs.official_model,,,0,0,USES_MODEL_LABEL,insize_official_rebuild_plan,insize_official_rebuild_plan,karzar_product_naming_v1,no_terminology_match_on_name_lead
2028,4799-1300,3,INSIZE | اینسایز,زاویه سنج 50سانت اینسایز مدل 4799-1300,38,زاویه سنج 50سانت اینسایز 4799-1300,0,HOLD_MISSING_PRODUCT_TYPE,none,generic.v1,,unmatched_lead,0,4799-1300,specs.official_model,,,0,0,USES_MODEL_LABEL,insize_official_rebuild_plan,insize_official_rebuild_plan,karzar_product_naming_v1,no_terminology_match_on_name_lead
2027,4799-1200,3,INSIZE | اینسایز,زاویه سنج 30سانت اینسایز مدل 4799-1200,38,زاویه سنج 30سانت اینسایز 4799-1200,0,HOLD_MISSING_PRODUCT_TYPE,none,generic.v1,,unmatched_lead,0,4799-1200,specs.official_model,,,0,0,USES_MODEL_LABEL,insize_official_rebuild_plan,insize_official_rebuild_plan,karzar_product_naming_v1,no_terminology_match_on_name_lead
2026,4799-1150,3,INSIZE | اینسایز,زاویه سنج 20سانت اینسایز مدل 4799-1150,38,زاویه سنج 20سانت اینسایز 4799-1150,0,HOLD_MISSING_PRODUCT_TYPE,none,generic.v1,,unmatched_lead,0,4799-1150,specs.official_model,,,0,0,USES_MODEL_LABEL,insize_official_rebuild_plan,insize_official_rebuild_plan,karzar_product_naming_v1,no_terminology_match_on_name_lead
2014,4605-201,3,INSIZE | اینسایز,فیلر 20تیغ 20سانت ( ) 0.05 ~ اینسایز مدل 4605-201,49,فیلر 20تیغ 20سانت ( ) 0.05 ~ اینسایز 4605-201,0,HOLD_MISSING_PRODUCT_TYPE,none,generic.v1,,unmatched_lead,0,4605-201,name_label,,,0,0,USES_MODEL_LABEL,,specs.measuring_range,karzar_product_naming_v1,no_terminology_match_on_name_lead
2016,4621-100,3,INSIZE | اینسایز,فیلر نواری 5متری اینسایز مدل 4621-100,37,فیلر نواری 5متری اینسایز 4621-100,0,HOLD_MISSING_PRODUCT_TYPE,none,generic.v1,,unmatched_lead,0,4621-100,name_label,,,0,0,USES_MODEL_LABEL,,specs.measuring_range,karzar_product_naming_v1,no_terminology_match_on_name_lead
1914,2871-101,3,INSIZE | اینسایز,ضخامت سنج دیجیتال اینسایز مدل 2871-101,38,ضخامت سنج دیجیتال اینسایز 2871-101,0,HOLD_MISSING_PRODUCT_TYPE,none,generic.v1,,unmatched_lead,0,2871-101,specs.official_model,,,0,0,USES_MODEL_LABEL,insize_official_rebuild_plan,insize_official_rebuild_plan,karzar_product_naming_v1,no_terminology_match_on_name_lead
1904,2381-021,3,INSIZE | اینسایز,ساعت شیطانکی هزارم صفحه بزرگ اینسایز مدل 2381-021,49,ساعت شیطانکی هزارم صفحه بزرگ اینسایز 2381-021,0,HOLD_MISSING_PRODUCT_TYPE,none,generic.v1,,unmatched_lead,0,2381-021,name_label,,,0,0,USES_MODEL_LABEL,,specs.measuring_range,karzar_product_naming_v1,no_terminology_match_on_name_lead
1901,2372-360,3,INSIZE | اینسایز,زاویه سنج ذره بینی اینسایز مدل 2372-360,39,زاویه سنج ذره بینی اینسایز 2372-360,0,HOLD_MISSING_PRODUCT_TYPE,none,generic.v1,,unmatched_lead,0,2372-360,specs.official_model,,,0,0,USES_MODEL_LABEL,insize_official_rebuild_plan,insize_official_rebuild_plan,karzar_product_naming_v1,no_terminology_match_on_name_lead
1891,2278-180,3,INSIZE | اینسایز,زاویه سنج 3تکه اینسایز مدل 2278-180,35,زاویه سنج 3تکه اینسایز 2278-180,0,HOLD_MISSING_PRODUCT_TYPE,none,generic.v1,,unmatched_lead,0,2278-180,specs.official_model,,,0,0,USES_MODEL_LABEL,insize_official_rebuild_plan,insize_official_rebuild_plan,karzar_product_naming_v1,no_terminology_match_on_name_lead
1886,2176-300,3,INSIZE | اینسایز,زاویه سنج دیجیتال 30سانت اینسایز مدل 2176-300,45,زاویه سنج دیجیتال 30سانت اینسایز 2176-300,0,HOLD_MISSING_PRODUCT_TYPE,none,generic.v1,,unmatched_lead,0,2176-300,specs.official_model,,,0,0,USES_MODEL_LABEL,insize_official_rebuild_plan,insize_official_rebuild_plan,karzar_product_naming_v1,no_terminology_match_on_name_lead
1887,2179-360,3,INSIZE | اینسایز,تراز دیجیتال مگنت دار 15سانت اینسایز مدل 2179-360,49,تراز دیجیتال مگنت دار 15سانت اینسایز 2179-360,0,HOLD_MISSING_PRODUCT_TYPE,none,generic.v1,,unmatched_lead,0,2179-360,name_label,,,0,0,USES_MODEL_LABEL,,specs.measuring_range,karzar_product_naming_v1,no_terminology_match_on_name_lead
1880,2171-250,3,INSIZE | اینسایز,زاویه سنج دیجیتال 25سانت اینسایز مدل 2171-250,45,زاویه سنج دیجیتال 25سانت اینسایز 2171-250,0,HOLD_MISSING_PRODUCT_TYPE,none,generic.v1,,unmatched_lead,0,2171-250,specs.official_model,,,0,0,USES_MODEL_LABEL,insize_official_rebuild_plan,insize_official_rebuild_plan,karzar_product_naming_v1,no_terminology_match_on_name_lead
1701,8203-0010,4,Dasqua | داسکوا,سختی‌سنج شور داسکوا 0-100mm کد 8203-0010,40,,1,HOLD_MISSING_PRODUCT_TYPE,none,generic.v1,,unmatched_lead,0,8203-0010,name_label,,,0,0,,,specs.بازه اندازه‌گیری,karzar_product_naming_v1,no_terminology_match_on_name_lead
1771,0110-1125,3,INSIZE | اینسایز,بادسنج اینسایز مدل 0110-1125,28,بادسنج اینسایز 0110-1125,0,HOLD_MISSING_PRODUCT_TYPE,none,generic.v1,,unmatched_lead,0,0110-1125,specs.official_model,,,0,0,USES_MODEL_LABEL,insize_official_rebuild_plan,insize_official_rebuild_plan,karzar_product_naming_v1,no_terminology_match_on_name_lead
1680,7121-0025,4,Dasqua | داسکوا,پایه ساعت مفصیل قوی ( جایگزین پایه هیدرولیک) — 0-25mm,53,,1,HOLD_MISSING_PRODUCT_TYPE,none,generic.v1,,unmatched_lead,0,7121-0025,sku_as_candidate,title_lacks_code_label,,0,0,,,specs.بازه اندازه‌گیری,karzar_product_naming_v1,no_terminology_match_on_name_lead
1522,5260-3705,4,Dasqua | داسکوا,ساعت اندیکاتور دیجیتال خروج — 0-12/7,36,ساعت اندیکاتور دیجیتال خروج — 0-12/7 | 5260-3705,0,HOLD_MISSING_PRODUCT_TYPE,none,generic.v1,,unmatched_lead,0,5260-3705,sku_as_candidate,title_lacks_code_label,,0,0,,,specs.بازه اندازه‌گیری,karzar_product_naming_v1,no_terminology_match_on_name_lead
1622,6111-1247,4,Dasqua | داسکوا,جعبه راپورتر (گیج بلوک) — 0-1247mm,34,جعبه راپورتر (گیج بلوک) — 0-1247mm | 6111-1247,0,HOLD_MISSING_PRODUCT_TYPE,none,generic.v1,,unmatched_lead,0,6111-1247,sku_as_candidate,title_lacks_code_label,,0,0,,,specs.بازه اندازه‌گیری,karzar_product_naming_v1,no_terminology_match_on_name_lead
1519,5260-1105,4,Dasqua | داسکوا,ساعت اندیکاتور دیجیتال خروج — 0-12/7,36,ساعت اندیکاتور دیجیتال خروج — 0-12/7 | 5260-1105,0,HOLD_MISSING_PRODUCT_TYPE,none,generic.v1,,unmatched_lead,0,5260-1105,sku_as_candidate,title_lacks_code_label,,0,0,,,specs.بازه اندازه‌گیری,karzar_product_naming_v1,no_terminology_match_on_name_lead
1509,5221-0005,4,Dasqua | داسکوا,ساعت شیطانیک — 0-50mm,21,ساعت شیطانیک — 0-50mm | 5221-0005,0,HOLD_MISSING_PRODUCT_TYPE,none,generic.v1,,unmatched_lead,0,5221-0005,sku_as_candidate,title_lacks_code_label,,0,0,,,specs.بازه اندازه‌گیری,karzar_product_naming_v1,no_terminology_match_on_name_lead
1487,4911-8115,4,Dasqua | داسکوا,میکرومی داخل سنج دو فک 3 — 0-75mm,33,میکرومی داخل سنج دو فک 3 — 0-75mm | 4911-8115,0,HOLD_MISSING_PRODUCT_TYPE,none,generic.v1,,unmatched_lead,0,4911-8115,sku_as_candidate,title_lacks_code_label,,0,0,,,specs.بازه اندازه‌گیری,karzar_product_naming_v1,no_terminology_match_on_name_lead
1383,4410-1120,4,Dasqua | داسکوا,میکرومی خارج — 0-1120mm,23,میکرومی خارج — 0-1120mm | 4410-1120,0,HOLD_MISSING_PRODUCT_TYPE,none,generic.v1,,unmatched_lead,0,4410-1120,sku_as_candidate,title_lacks_code_label,,0,0,,,specs.بازه اندازه‌گیری,karzar_product_naming_v1,no_terminology_match_on_name_lead
1486,4911-8105,4,Dasqua | داسکوا,میکرومی داخل سنج دو فک,22,میکرومی داخل سنج دو فک | 4911-8105,0,HOLD_MISSING_PRODUCT_TYPE,none,generic.v1,,unmatched_lead,0,4911-8105,sku_as_candidate,title_lacks_code_label,,0,0,,,specs.range,karzar_product_naming_v1,no_terminology_match_on_name_lead
1382,4410-1115,4,Dasqua | داسکوا,میکرومیخارج دیجیتال دسته فلزی ضد آب ( IP65سه دکمه) — 0-75mm/2-3,63,میکرومیخارج دیجیتال دسته فلزی ضد آب ( IP65سه دکمه) — 0-75mm/2-3 | 4410-1115,0,HOLD_MISSING_PRODUCT_TYPE,none,generic.v1,,unmatched_lead,0,4410-1115,sku_as_candidate,title_lacks_code_label,,0,0,,,specs.بازه اندازه‌گیری,karzar_product_naming_v1,no_terminology_match_on_name_lead
1381,4410-1110,4,Dasqua | داسکوا,میکرومیخارج دیجیتال دسته فلزی ضد آب ( IP65سه دکمه) — 0-1110mm,61,میکرومیخارج دیجیتال دسته فلزی ضد آب ( IP65سه دکمه) — 0-1110mm | 4410-1110,0,HOLD_MISSING_PRODUCT_TYPE,none,generic.v1,,unmatched_lead,0,4410-1110,sku_as_candidate,title_lacks_code_label,,0,0,,,specs.بازه اندازه‌گیری,karzar_product_naming_v1,no_terminology_match_on_name_lead
1363,4230-2005,4,Dasqua | داسکوا,میکرومی خارج دیجیتال با شفت — 0-25mm/0-1,40,,1,HOLD_MISSING_PRODUCT_TYPE,none,generic.v1,,unmatched_lead,0,4230-2005,sku_as_candidate,title_lacks_code_label,,0,0,,,specs.بازه اندازه‌گیری,karzar_product_naming_v1,no_terminology_match_on_name_lead
1380,4410-1105,4,Dasqua | داسکوا,میکرومیخارج دیجیتال دسته فلزی ضد آب ( IP65سه دکمه) — 0-25mm/0-1,63,,1,HOLD_MISSING_PRODUCT_TYPE,none,generic.v1,,unmatched_lead,0,4410-1105,sku_as_candidate,title_lacks_code_label,,0,0,,,specs.بازه اندازه‌گیری,karzar_product_naming_v1,no_terminology_match_on_name_lead
1359,4210-2160,4,Dasqua | داسکوا,میکرومی خارج دیجیتال با شفت,27,میکرومی خارج دیجیتال با شفت | 4210-2160,0,HOLD_MISSING_PRODUCT_TYPE,none,generic.v1,,unmatched_lead,0,4210-2160,sku_as_candidate,title_lacks_code_label,,0,0,,,specs.range,karzar_product_naming_v1,no_terminology_match_on_name_lead
1358,4210-2155,4,Dasqua | داسکوا,میکرومی خارج دیجیتال با شفت — 0-275mm/10-11,43,میکرومی خارج دیجیتال با شفت — 0-275mm/10-11 | 4210-2155,0,HOLD_MISSING_PRODUCT_TYPE,none,generic.v1,,unmatched_lead,0,4210-2155,sku_as_candidate,title_lacks_code_label,,0,0,,,specs.بازه اندازه‌گیری,karzar_product_naming_v1,no_terminology_match_on_name_lead
1357,4210-2150,4,Dasqua | داسکوا,/ میکرومیی خارج دیجیتال با شفت,30,/ میکرومیی خارج دیجیتال با شفت | 4210-2150,0,HOLD_MISSING_PRODUCT_TYPE,none,generic.v1,,unmatched_lead,0,4210-2150,sku_as_candidate,title_lacks_code_label,,0,0,,,specs.range,karzar_product_naming_v1,no_terminology_match_on_name_lead
1356,4210-2145,4,Dasqua | داسکوا,میکرومی خارج دیجیتال با شفت — 0-225mm/8-9,41,میکرومی خارج دیجیتال با شفت — 0-225mm/8-9 | 4210-2145,0,HOLD_MISSING_PRODUCT_TYPE,none,generic.v1,,unmatched_lead,0,4210-2145,sku_as_candidate,title_lacks_code_label,,0,0,,,specs.بازه اندازه‌گیری,karzar_product_naming_v1,no_terminology_match_on_name_lead
1355,4210-2140,4,Dasqua | داسکوا,میکرومی خارج دیجیتال با شفت,27,میکرومی خارج دیجیتال با شفت | 4210-2140,0,HOLD_MISSING_PRODUCT_TYPE,none,generic.v1,,unmatched_lead,0,4210-2140,sku_as_candidate,title_lacks_code_label,,0,0,,,specs.range,karzar_product_naming_v1,no_terminology_match_on_name_lead
1354,4210-2135,4,Dasqua | داسکوا,میکرومی خارج دیجیتال با شفت — 0-175mm/6-7,41,میکرومی خارج دیجیتال با شفت — 0-175mm/6-7 | 4210-2135,0,HOLD_MISSING_PRODUCT_TYPE,none,generic.v1,,unmatched_lead,0,4210-2135,sku_as_candidate,title_lacks_code_label,,0,0,,,specs.بازه اندازه‌گیری,karzar_product_naming_v1,no_terminology_match_on_name_lead
1314,4111-8105,4,Dasqua | داسکوا,میکرومی خارج — 0-25mm,21,,1,HOLD_MISSING_PRODUCT_TYPE,none,generic.v1,,unmatched_lead,0,4111-8105,sku_as_candidate,title_lacks_code_label,,0,0,,,specs.بازه اندازه‌گیری,karzar_product_naming_v1,no_terminology_match_on_name_lead
1176,1804-1405,4,Dasqua | داسکوا,گیج مرکزیاب — 0-1405mm,22,,1,HOLD_MISSING_PRODUCT_TYPE,none,generic.v1,,unmatched_lead,0,1804-1405,sku_as_candidate,title_lacks_code_label,,0,0,,,specs.بازه اندازه‌گیری,karzar_product_naming_v1,no_terminology_match_on_name_lead
1168,1804-1130,4,Dasqua | داسکوا,ساعت رنیوسنج — 0-1130mm,23,,1,HOLD_MISSING_PRODUCT_TYPE,none,generic.v1,,unmatched_lead,0,1804-1130,sku_as_candidate,title_lacks_code_label,,0,0,,,specs.بازه اندازه‌گیری,karzar_product_naming_v1,no_terminology_match_on_name_lead
1157,1804-1090,4,Dasqua | داسکوا,سخت سنج پالستيك و الستيك و ...ساعتي — 0-1090mm,46,,1,HOLD_MISSING_PRODUCT_TYPE,none,generic.v1,,unmatched_lead,0,1804-1090,sku_as_candidate,title_lacks_code_label,,0,0,ARABIC_YE_OR_KAF,,specs.بازه اندازه‌گیری,karzar_product_naming_v1,no_terminology_match_on_name_lead
1102,1331-2115,4,Dasqua | داسکوا,ساعت ( SHOCK PROOFضد رضبه) — 0-150mm,36,ساعت ( SHOCK PROOFضد رضبه) — 0-150mm | 1331-2115,0,HOLD_MISSING_PRODUCT_TYPE,none,generic.v1,,unmatched_lead,0,1331-2115,sku_as_candidate,title_lacks_code_label,,0,0,,,specs.بازه اندازه‌گیری,karzar_product_naming_v1,no_terminology_match_on_name_lead
1067,1051-0008,4,Dasqua | داسکوا,گپ سنج مخروط (گیج داخل مخروط) — 0-80mm,38,,1,HOLD_MISSING_PRODUCT_TYPE,none,generic.v1,,unmatched_lead,0,1051-0008,sku_as_candidate,title_lacks_code_label,,0,0,,,specs.بازه اندازه‌گیری,karzar_product_naming_v1,no_terminology_match_on_name_lead
6535,SDC-DR313,13,ASTPOWER | ای اس تی پاور,مدل SDC-DR313 ای اس تی پاور (AST Power),39,,1,HOLD_MISSING_PRODUCT_TYPE,none,generic.v1,,unmatched_lead,0,SDC-DR313 ای اس تی پاور (AST Power),name_label,,,0,0,USES_MODEL_LABEL,,,karzar_product_naming_v1,no_terminology_match_on_name_lead
6534,CBN-DR313,13,ASTPOWER | ای اس تی پاور,مدل CBN-DR313 ای اس تی پاور (AST Power),39,,1,HOLD_MISSING_PRODUCT_TYPE,none,generic.v1,,unmatched_lead,0,CBN-DR313 ای اس تی پاور (AST Power),name_label,,,0,0,USES_MODEL_LABEL,,,karzar_product_naming_v1,no_terminology_match_on_name_lead
6533,CBN-DR230,13,ASTPOWER | ای اس تی پاور,مدل CBN-DR230 ای اس تی پاور (AST Power),39,,1,HOLD_MISSING_PRODUCT_TYPE,none,generic.v1,,unmatched_lead,0,CBN-DR230 ای اس تی پاور (AST Power),name_label,,,0,0,USES_MODEL_LABEL,,,karzar_product_naming_v1,no_terminology_match_on_name_lead
6155,AST-RAP14,13,ASTPOWER | ای اس تی پاور,"5 AST-RAP14 422,200,000",23,,1,HOLD_MISSING_PRODUCT_TYPE,none,generic.v1,,unmatched_lead,0,AST-RAP14,sku_as_candidate,title_lacks_code_label,,0,0,,,,karzar_product_naming_v1,no_terminology_match_on_name_lead
6532,SDC-DR230,13,ASTPOWER | ای اس تی پاور,مدل SDC-DR230 ای اس تی پاور (AST Power),39,,1,HOLD_MISSING_PRODUCT_TYPE,none,generic.v1,,unmatched_lead,0,SDC-DR230 ای اس تی پاور (AST Power),name_label,,,0,0,USES_MODEL_LABEL,,,karzar_product_naming_v1,no_terminology_match_on_name_lead
6153,AST-RAP10,13,ASTPOWER | ای اس تی پاور,"3 AST-RAP10 289,150,000",23,,1,HOLD_MISSING_PRODUCT_TYPE,none,generic.v1,,unmatched_lead,0,AST-RAP10,sku_as_candidate,title_lacks_code_label,,0,0,,,,karzar_product_naming_v1,no_terminology_match_on_name_lead
6151,AST-RAP6,13,ASTPOWER | ای اس تی پاور,"1 AST-RAP6 139,000,000",22,,1,HOLD_MISSING_PRODUCT_TYPE,none,generic.v1,,unmatched_lead,0,AST-RAP6,sku_as_candidate,title_lacks_code_label,,0,0,,,,karzar_product_naming_v1,no_terminology_match_on_name_lead
6143,AST-HV-20,13,ASTPOWER | ای اس تی پاور,"9 AST-HV-20 5,513,350,000",25,,1,HOLD_MISSING_PRODUCT_TYPE,none,generic.v1,,unmatched_lead,0,AST-HV-20,sku_as_candidate,title_lacks_code_label,,0,0,,,,karzar_product_naming_v1,no_terminology_match_on_name_lead
6144,AST-CS-6,13,ASTPOWER | ای اس تی پاور,"1 AST-CS-6 1,144,500,000",24,,1,HOLD_MISSING_PRODUCT_TYPE,none,generic.v1,,unmatched_lead,0,AST-CS-6,sku_as_candidate,title_lacks_code_label,,0,0,,,,karzar_product_naming_v1,no_terminology_match_on_name_lead
6139,AST-HV-10,13,ASTPOWER | ای اس تی پاور,"5 AST-HV-10 519,000,000",23,,1,HOLD_MISSING_PRODUCT_TYPE,none,generic.v1,,unmatched_lead,0,AST-HV-10,sku_as_candidate,title_lacks_code_label,,0,0,,,,karzar_product_naming_v1,no_terminology_match_on_name_lead
6137,AST-HV-6,13,ASTPOWER | ای اس تی پاور,"3 AST-HV-6 270,550,000",22,,1,HOLD_MISSING_PRODUCT_TYPE,none,generic.v1,,unmatched_lead,0,AST-HV-6,sku_as_candidate,title_lacks_code_label,,0,0,,,,karzar_product_naming_v1,no_terminology_match_on_name_lead
6134,AST-BS1-8,13,ASTPOWER | ای اس تی پاور,"3 AST-BS1-8 846,650,000",23,,1,HOLD_MISSING_PRODUCT_TYPE,none,generic.v1,,unmatched_lead,0,AST-BS1-8,sku_as_candidate,title_lacks_code_label,,0,0,,,,karzar_product_naming_v1,no_terminology_match_on_name_lead
5900,4A-S16,13,ASTPOWER | ای اس تی پاور,مولتی اسپیندل چهار محوره دایره‌ای مدل 4A-S16 ای اس تی پاور (AST Power),70,,1,HOLD_MISSING_PRODUCT_TYPE,none,generic.v1,,unmatched_lead,0,4A-S16 ای اس تی پاور (AST Power),name_label,,,0,0,USES_MODEL_LABEL,,,karzar_product_naming_v1,no_terminology_match_on_name_lead
5898,4A-S10,13,ASTPOWER | ای اس تی پاور,مولتی اسپیندل چهار محوره دایره‌ای مدل 4A-S10 ای اس تی پاور (AST Power),70,,1,HOLD_MISSING_PRODUCT_TYPE,none,generic.v1,,unmatched_lead,0,4A-S10 ای اس تی پاور (AST Power),name_label,,,0,0,USES_MODEL_LABEL,,,karzar_product_naming_v1,no_terminology_match_on_name_lead
5899,4A-S12,13,ASTPOWER | ای اس تی پاور,مولتی اسپیندل چهار محوره دایره‌ای مدل 4A-S12 ای اس تی پاور (AST Power),70,,1,HOLD_MISSING_PRODUCT_TYPE,none,generic.v1,,unmatched_lead,0,4A-S12 ای اس تی پاور (AST Power),name_label,,,0,0,USES_MODEL_LABEL,,,karzar_product_naming_v1,no_terminology_match_on_name_lead
5896,4A-S5,13,ASTPOWER | ای اس تی پاور,مولتی اسپیندل چهار محوره دایره‌ای مدل 4A-S5 ای اس تی پاور (AST Power),69,,1,HOLD_MISSING_PRODUCT_TYPE,none,generic.v1,,unmatched_lead,0,4A-S5 ای اس تی پاور (AST Power),name_label,,,0,0,USES_MODEL_LABEL,,,karzar_product_naming_v1,no_terminology_match_on_name_lead
5897,4A-S7,13,ASTPOWER | ای اس تی پاور,مولتی اسپیندل چهار محوره دایره‌ای مدل 4A-S7 ای اس تی پاور (AST Power),69,,1,HOLD_MISSING_PRODUCT_TYPE,none,generic.v1,,unmatched_lead,0,4A-S7 ای اس تی پاور (AST Power),name_label,,,0,0,USES_MODEL_LABEL,,,karzar_product_naming_v1,no_terminology_match_on_name_lead
5893,33A-S10,13,ASTPOWER | ای اس تی پاور,مولتی اسپیندل سه محوره دایره‌ای مدل 33A-S10 ای اس تی پاور (AST Power),69,,1,HOLD_MISSING_PRODUCT_TYPE,none,generic.v1,,unmatched_lead,0,33A-S10 ای اس تی پاور (AST Power),name_label,,,0,0,USES_MODEL_LABEL,,,karzar_product_naming_v1,no_terminology_match_on_name_lead
5895,33A-S16,13,ASTPOWER | ای اس تی پاور,مولتی اسپیندل سه محوره دایره‌ای مدل 33A-S16 ای اس تی پاور (AST Power),69,,1,HOLD_MISSING_PRODUCT_TYPE,none,generic.v1,,unmatched_lead,0,33A-S16 ای اس تی پاور (AST Power),name_label,,,0,0,USES_MODEL_LABEL,,,karzar_product_naming_v1,no_terminology_match_on_name_lead
5894,33A-S12,13,ASTPOWER | ای اس تی پاور,مولتی اسپیندل سه محوره دایره‌ای مدل 33A-S12 ای اس تی پاور (AST Power),69,,1,HOLD_MISSING_PRODUCT_TYPE,none,generic.v1,,unmatched_lead,0,33A-S12 ای اس تی پاور (AST Power),name_label,,,0,0,USES_MODEL_LABEL,,,karzar_product_naming_v1,no_terminology_match_on_name_lead
5891,33A-S5,13,ASTPOWER | ای اس تی پاور,مولتی اسپیندل سه محوره دایره‌ای مدل 33A-S5 ای اس تی پاور (AST Power),68,,1,HOLD_MISSING_PRODUCT_TYPE,none,generic.v1,,unmatched_lead,0,33A-S5 ای اس تی پاور (AST Power),name_label,,,0,0,USES_MODEL_LABEL,,,karzar_product_naming_v1,no_terminology_match_on_name_lead
5892,33A-S7,13,ASTPOWER | ای اس تی پاور,مولتی اسپیندل سه محوره دایره‌ای مدل 33A-S7 ای اس تی پاور (AST Power),68,,1,HOLD_MISSING_PRODUCT_TYPE,none,generic.v1,,unmatched_lead,0,33A-S7 ای اس تی پاور (AST Power),name_label,,,0,0,USES_MODEL_LABEL,,,karzar_product_naming_v1,no_terminology_match_on_name_lead
5890,3A-S16,13,ASTPOWER | ای اس تی پاور,مولتی اسپیندل سه محوره خطی مدل 3A-S16 ای اس تی پاور (AST Power),63,,1,HOLD_MISSING_PRODUCT_TYPE,none,generic.v1,,unmatched_lead,0,3A-S16 ای اس تی پاور (AST Power),name_label,,,0,0,USES_MODEL_LABEL,,,karzar_product_naming_v1,no_terminology_match_on_name_lead
5889,3A-S12,13,ASTPOWER | ای اس تی پاور,مولتی اسپیندل سه محوره خطی مدل 3A-S12 ای اس تی پاور (AST Power),63,,1,HOLD_MISSING_PRODUCT_TYPE,none,generic.v1,,unmatched_lead,0,3A-S12 ای اس تی پاور (AST Power),name_label,,,0,0,USES_MODEL_LABEL,,,karzar_product_naming_v1,no_terminology_match_on_name_lead
5888,3A-S10,13,ASTPOWER | ای اس تی پاور,مولتی اسپیندل سه محوره خطی مدل 3A-S10 ای اس تی پاور (AST Power),63,,1,HOLD_MISSING_PRODUCT_TYPE,none,generic.v1,,unmatched_lead,0,3A-S10 ای اس تی پاور (AST Power),name_label,,,0,0,USES_MODEL_LABEL,,,karzar_product_naming_v1,no_terminology_match_on_name_lead
5887,3A-S7,13,ASTPOWER | ای اس تی پاور,مولتی اسپیندل سه محوره خطی مدل 3A-S7 ای اس تی پاور (AST Power),62,,1,HOLD_MISSING_PRODUCT_TYPE,none,generic.v1,,unmatched_lead,0,3A-S7 ای اس تی پاور (AST Power),name_label,,,0,0,USES_MODEL_LABEL,,,karzar_product_naming_v1,no_terminology_match_on_name_lead
5886,3A-S5,13,ASTPOWER | ای اس تی پاور,مولتی اسپیندل سه محوره خطی مدل 3A-S5 ای اس تی پاور (AST Power),62,,1,HOLD_MISSING_PRODUCT_TYPE,none,generic.v1,,unmatched_lead,0,3A-S5 ای اس تی پاور (AST Power),name_label,,,0,0,USES_MODEL_LABEL,,,karzar_product_naming_v1,no_terminology_match_on_name_lead
5885,2A-S16,13,ASTPOWER | ای اس تی پاور,مولتی اسپیندل دو محوره مدل 2A-S16 ای اس تی پاور (AST Power),59,,1,HOLD_MISSING_PRODUCT_TYPE,none,generic.v1,,unmatched_lead,0,2A-S16 ای اس تی پاور (AST Power),name_label,,,0,0,USES_MODEL_LABEL,,,karzar_product_naming_v1,no_terminology_match_on_name_lead
5883,2A-S10,13,ASTPOWER | ای اس تی پاور,مولتی اسپیندل دو محوره مدل 2A-S10 ای اس تی پاور (AST Power),59,,1,HOLD_MISSING_PRODUCT_TYPE,none,generic.v1,,unmatched_lead,0,2A-S10 ای اس تی پاور (AST Power),name_label,,,0,0,USES_MODEL_LABEL,,,karzar_product_naming_v1,no_terminology_match_on_name_lead
5884,2A-S12,13,ASTPOWER | ای اس تی پاور,مولتی اسپیندل دو محوره مدل 2A-S12 ای اس تی پاور (AST Power),59,,1,HOLD_MISSING_PRODUCT_TYPE,none,generic.v1,,unmatched_lead,0,2A-S12 ای اس تی پاور (AST Power),name_label,,,0,0,USES_MODEL_LABEL,,,karzar_product_naming_v1,no_terminology_match_on_name_lead
5882,2A-S8,13,ASTPOWER | ای اس تی پاور,مولتی اسپیندل دو محوره مدل 2A-S8 ای اس تی پاور (AST Power),58,,1,HOLD_MISSING_PRODUCT_TYPE,none,generic.v1,,unmatched_lead,0,2A-S8 ای اس تی پاور (AST Power),name_label,,,0,0,USES_MODEL_LABEL,,,karzar_product_naming_v1,no_terminology_match_on_name_lead
5881,2A-S7,13,ASTPOWER | ای اس تی پاور,مولتی اسپیندل دو محوره مدل 2A-S7 ای اس تی پاور (AST Power),58,,1,HOLD_MISSING_PRODUCT_TYPE,none,generic.v1,,unmatched_lead,0,2A-S7 ای اس تی پاور (AST Power),name_label,,,0,0,USES_MODEL_LABEL,,,karzar_product_naming_v1,no_terminology_match_on_name_lead
5880,2A-S5,13,ASTPOWER | ای اس تی پاور,مولتی اسپیندل دو محوره مدل 2A-S5 ای اس تی پاور (AST Power),58,,1,HOLD_MISSING_PRODUCT_TYPE,none,generic.v1,,unmatched_lead,0,2A-S5 ای اس تی پاور (AST Power),name_label,,,0,0,USES_MODEL_LABEL,,,karzar_product_naming_v1,no_terminology_match_on_name_lead
4625,MD710-25,5,TERMA | ترما,میکرومتر 0-25دیجیتال ترما (TERMA) مدل MD710-25,46,,1,HOLD_MISSING_VARIANT_ATTRIBUTE,none,metrology.micrometer.v1,میکرومتر,terminology:میکرومتر,0,MD710-25,name_label,,,0,0,duplicated_brand|USES_MODEL_LABEL,,,karzar_product_naming_v1,missing_primary_variant_attribute
4619,MA250H-200,5,TERMA | ترما,میکرومتر سه فک 200-225 ترما (TERMA) مدل MA250H-200,50,,1,HOLD_MISSING_VARIANT_ATTRIBUTE,none,metrology.micrometer.v1,میکرومتر,terminology:میکرومتر,0,MA250H-200,name_label,,,0,0,duplicated_brand|USES_MODEL_LABEL,,,karzar_product_naming_v1,missing_primary_variant_attribute
6141,AST-HV-14,13,ASTPOWER | ای اس تی پاور,"7 AST-HV-14 1,194,700,000",25,,1,HOLD_MISSING_PRODUCT_TYPE,none,generic.v1,,unmatched_lead,0,AST-HV-14,sku_as_candidate,title_lacks_code_label,,0,0,,,,karzar_product_naming_v1,no_terminology_match_on_name_lead
4459,SO-13635,20,SAN OU | سانو,مرغک متحرک معمولیMT4 -003073 سانو (SAN OU),42,,1,HOLD_MISSING_PRODUCT_TYPE,none,generic.v1,,unmatched_lead,0,SO-13635,sku_as_candidate,title_lacks_code_label,,0,0,duplicated_brand,,,karzar_product_naming_v1,no_terminology_match_on_name_lead
4458,SO-13634,20,SAN OU | سانو,مرغک متحرک معمولیMT3 -003072 سانو (SAN OU),42,,1,HOLD_MISSING_PRODUCT_TYPE,none,generic.v1,,unmatched_lead,0,SO-13634,sku_as_candidate,title_lacks_code_label,,0,0,duplicated_brand,,,karzar_product_naming_v1,no_terminology_match_on_name_lead
4457,SO-13633,20,SAN OU | سانو,مرغک متحرک معمولیMT2 -003071 سانو (SAN OU),42,,1,HOLD_MISSING_PRODUCT_TYPE,none,generic.v1,,unmatched_lead,0,SO-13633,sku_as_candidate,title_lacks_code_label,,0,0,duplicated_brand,,,karzar_product_naming_v1,no_terminology_match_on_name_lead
4433,SO-13631,20,SAN OU | سانو,کالهک مته R6x5 002044 سانو (SAN OU),35,,1,HOLD_MISSING_PRODUCT_TYPE,none,generic.v1,,unmatched_lead,0,SO-13631,sku_as_candidate,title_lacks_code_label,,0,0,duplicated_brand,,,karzar_product_naming_v1,no_terminology_match_on_name_lead
4432,SO-13630,20,SAN OU | سانو,کالهک مته R6x4 002043 سانو (SAN OU),35,,1,HOLD_MISSING_PRODUCT_TYPE,none,generic.v1,,unmatched_lead,0,SO-13630,sku_as_candidate,title_lacks_code_label,,0,0,duplicated_brand,,,karzar_product_naming_v1,no_terminology_match_on_name_lead
4429,SO-13626,20,SAN OU | سانو,کالهک مته R5x3 002038 سانو (SAN OU),35,,1,HOLD_MISSING_PRODUCT_TYPE,none,generic.v1,,unmatched_lead,0,SO-13626,sku_as_candidate,title_lacks_code_label,,0,0,duplicated_brand,,,karzar_product_naming_v1,no_terminology_match_on_name_lead
4428,SO-13625,20,SAN OU | سانو,کالهک مته R5x2 002037 سانو (SAN OU),35,,1,HOLD_MISSING_PRODUCT_TYPE,none,generic.v1,,unmatched_lead,0,SO-13625,sku_as_candidate,title_lacks_code_label,,0,0,duplicated_brand,,,karzar_product_naming_v1,no_terminology_match_on_name_lead
4427,SO-13624,20,SAN OU | سانو,کالهک مته R4x3 002035 سانو (SAN OU),35,,1,HOLD_MISSING_PRODUCT_TYPE,none,generic.v1,,unmatched_lead,0,SO-13624,sku_as_candidate,title_lacks_code_label,,0,0,duplicated_brand,,,karzar_product_naming_v1,no_terminology_match_on_name_lead
4422,SO-13619,20,SAN OU | سانو,کالهک مته R2x1 002030 سانو (SAN OU),35,,1,HOLD_MISSING_PRODUCT_TYPE,none,generic.v1,,unmatched_lead,0,SO-13619,sku_as_candidate,title_lacks_code_label,,0,0,duplicated_brand,,,karzar_product_naming_v1,no_terminology_match_on_name_lead
4408,SO-14087,20,SAN OU | سانو,فک وارو K12-160 INTERNAL -JAWS سانو (SAN OU),44,,1,HOLD_MISSING_PRODUCT_TYPE,none,generic.v1,,unmatched_lead,0,SO-14087,sku_as_candidate,title_lacks_code_label,,0,0,duplicated_brand,,,karzar_product_naming_v1,no_terminology_match_on_name_lead
4400,SO-13514,20,SAN OU | سانو,فک رو K12-160 EXTERNAL -JAWS سانو (SAN OU),42,,1,HOLD_MISSING_PRODUCT_TYPE,none,generic.v1,,unmatched_lead,0,SO-13514,sku_as_candidate,title_lacks_code_label,,0,0,duplicated_brand,,,karzar_product_naming_v1,no_terminology_match_on_name_lead
4209,SO-626,20,SAN OU | سانو,K72-400 ADAPTER PLATE سانو (SAN OU),35,,1,HOLD_MISSING_PRODUCT_TYPE,none,generic.v1,,unmatched_lead,0,SO-626,sku_as_candidate,title_lacks_code_label,,0,0,duplicated_brand,,,karzar_product_naming_v1,no_terminology_match_on_name_lead
4208,SO-624,20,SAN OU | سانو,K72-320 ADAPTER PLATE سانو (SAN OU),35,,1,HOLD_MISSING_PRODUCT_TYPE,none,generic.v1,,unmatched_lead,0,SO-624,sku_as_candidate,title_lacks_code_label,,0,0,duplicated_brand,,,karzar_product_naming_v1,no_terminology_match_on_name_lead
4207,SO-574,20,SAN OU | سانو,K72-250 ADAPTER PLATE سانو (SAN OU),35,,1,HOLD_MISSING_PRODUCT_TYPE,none,generic.v1,,unmatched_lead,0,SO-574,sku_as_candidate,title_lacks_code_label,,0,0,duplicated_brand,,,karzar_product_naming_v1,no_terminology_match_on_name_lead
4206,SO-551,20,SAN OU | سانو,K72-200 ADAPTER PLATE سانو (SAN OU),35,,1,HOLD_MISSING_PRODUCT_TYPE,none,generic.v1,,unmatched_lead,0,SO-551,sku_as_candidate,title_lacks_code_label,,0,0,duplicated_brand,,,karzar_product_naming_v1,no_terminology_match_on_name_lead
4205,SO-546,20,SAN OU | سانو,K72-160 ADAPTER PLATE سانو (SAN OU),35,,1,HOLD_MISSING_PRODUCT_TYPE,none,generic.v1,,unmatched_lead,0,SO-546,sku_as_candidate,title_lacks_code_label,,0,0,duplicated_brand,,,karzar_product_naming_v1,no_terminology_match_on_name_lead
4203,SO-494,20,SAN OU | سانو,K12-315 ADAPTER PLATE سانو (SAN OU),35,,1,HOLD_MISSING_PRODUCT_TYPE,none,generic.v1,,unmatched_lead,0,SO-494,sku_as_candidate,title_lacks_code_label,,0,0,duplicated_brand,,,karzar_product_naming_v1,no_terminology_match_on_name_lead
4200,SO-420,20,SAN OU | سانو,K12-160 ADAPTER PLATE سانو (SAN OU),35,,1,HOLD_MISSING_PRODUCT_TYPE,none,generic.v1,,unmatched_lead,0,SO-420,sku_as_candidate,title_lacks_code_label,,0,0,duplicated_brand,,,karzar_product_naming_v1,no_terminology_match_on_name_lead
4199,SO-376,20,SAN OU | سانو,K12-125 ADAPTER PLATE سانو (SAN OU),35,,1,HOLD_MISSING_PRODUCT_TYPE,none,generic.v1,,unmatched_lead,0,SO-376,sku_as_candidate,title_lacks_code_label,,0,0,duplicated_brand,,,karzar_product_naming_v1,no_terminology_match_on_name_lead
4198,SO-336,20,SAN OU | سانو,K12-100 ADAPTER PLATE سانو (SAN OU),35,,1,HOLD_MISSING_PRODUCT_TYPE,none,generic.v1,,unmatched_lead,0,SO-336,sku_as_candidate,title_lacks_code_label,,0,0,duplicated_brand,,,karzar_product_naming_v1,no_terminology_match_on_name_lead
4187,SO-13639,20,SAN OU | سانو,DEAD CENTER D115 003016 سانو (SAN OU),37,,1,HOLD_MISSING_PRODUCT_TYPE,none,generic.v1,,unmatched_lead,0,SO-13639,sku_as_candidate,title_lacks_code_label,,0,0,duplicated_brand,,,karzar_product_naming_v1,no_terminology_match_on_name_lead
4186,SO-13638,20,SAN OU | سانو,DEAD CENTER D114 003015 سانو (SAN OU),37,,1,HOLD_MISSING_PRODUCT_TYPE,none,generic.v1,,unmatched_lead,0,SO-13638,sku_as_candidate,title_lacks_code_label,,0,0,duplicated_brand,,,karzar_product_naming_v1,no_terminology_match_on_name_lead
4185,SO-13637,20,SAN OU | سانو,DEAD CENTER D113 003014 سانو (SAN OU),37,,1,HOLD_MISSING_PRODUCT_TYPE,none,generic.v1,,unmatched_lead,0,SO-13637,sku_as_candidate,title_lacks_code_label,,0,0,duplicated_brand,,,karzar_product_naming_v1,no_terminology_match_on_name_lead
4154,5023,3,INSIZE | اینسایز,ست ساعت شیطونکی و پایه اینسایز(insize) مدل 5023,47,ست ساعت شیطونکی و پایه اینسایز(insize) مدل 5023,0,HOLD_MISSING_PRODUCT_TYPE,none,generic.v1,,unmatched_lead,0,5023,name_label,,,0,0,USES_MODEL_LABEL,,specs.range,karzar_product_naming_v1,no_terminology_match_on_name_lead
4152,5022,3,INSIZE | اینسایز,ست کولیس و میکرومتر اینسایز(insize) مدل 5022,44,ست کولیس و میکرومتر اینسایز(insize) مدل 5022,0,HOLD_MISSING_VARIANT_ATTRIBUTE,none,metrology.caliper.v1,کولیس,terminology:کولیس,0,5022,name_label,,,0,0,USES_MODEL_LABEL,,,karzar_product_naming_v1,missing_primary_variant_attribute
4150,5021,3,INSIZE | اینسایز,ست کولیس و میکرومتر اینسایز(insize) مدل 5021,44,ست کولیس و میکرومتر اینسایز(insize) مدل 5021,0,HOLD_MISSING_VARIANT_ATTRIBUTE,none,metrology.caliper.v1,کولیس,terminology:کولیس,0,5021,name_label,,,0,0,USES_MODEL_LABEL,,,karzar_product_naming_v1,missing_primary_variant_attribute
4148,5064,3,INSIZE | اینسایز,ست ابزار دقیق جوشکاری 6 پارچه اینسایز(insize) مدل 5064,54,ست ابزار دقیق جوشکاری 6 پارچه اینسایز(insize) مدل 5064,0,HOLD_MISSING_PRODUCT_TYPE,none,generic.v1,,unmatched_lead,0,5064,name_label,,,0,0,USES_MODEL_LABEL,,,karzar_product_naming_v1,no_terminology_match_on_name_lead
4146,5063,3,INSIZE | اینسایز,ست ابزار دقیق 6 پارچه اینسایز(insize) مدل 5063,46,ست ابزار دقیق 6 پارچه اینسایز(insize) مدل 5063,0,HOLD_MISSING_PRODUCT_TYPE,none,generic.v1,,unmatched_lead,0,5063,name_label,,,0,0,USES_MODEL_LABEL,,,karzar_product_naming_v1,no_terminology_match_on_name_lead
4145,5062,3,INSIZE | اینسایز,ست ابزار دقیق 6 پارچه اینسایز(insize) مدل 5062,46,ست ابزار دقیق 6 پارچه اینسایز(insize) مدل 5062,0,HOLD_MISSING_PRODUCT_TYPE,none,generic.v1,,unmatched_lead,0,5062,name_label,,,0,0,USES_MODEL_LABEL,,,karzar_product_naming_v1,no_terminology_match_on_name_lead
4144,5061,3,INSIZE | اینسایز,ست ابزار دقیق 6 پارچه اینسایز(insize) مدل 5061,46,ست ابزار دقیق 6 پارچه اینسایز(insize) مدل 5061,0,HOLD_MISSING_PRODUCT_TYPE,none,generic.v1,,unmatched_lead,0,5061,name_label,,,0,0,USES_MODEL_LABEL,,,karzar_product_naming_v1,no_terminology_match_on_name_lead
4143,5052,3,INSIZE | اینسایز,ست ابزار دقیق 5 پارچه اینسایز(insize) مدل 5052,46,ست ابزار دقیق 5 پارچه اینسایز(insize) مدل 5052,0,HOLD_MISSING_PRODUCT_TYPE,none,generic.v1,,unmatched_lead,0,5052,name_label,,,0,0,USES_MODEL_LABEL,,,karzar_product_naming_v1,no_terminology_match_on_name_lead
4142,5051,3,INSIZE | اینسایز,ست ابزار دقیق 5 پارچه اینسایز(insize) مدل 5051,46,ست ابزار دقیق 5 پارچه اینسایز(insize) مدل 5051,0,HOLD_MISSING_PRODUCT_TYPE,none,generic.v1,,unmatched_lead,0,5051,name_label,,,0,0,USES_MODEL_LABEL,,,karzar_product_naming_v1,no_terminology_match_on_name_lead
4140,5042,3,INSIZE | اینسایز,ست ابزار دقیق 4 پارچه اینسایز(insize) مدل 5042,46,ست ابزار دقیق 4 پارچه اینسایز(insize) مدل 5042,0,HOLD_MISSING_PRODUCT_TYPE,none,generic.v1,,unmatched_lead,0,5042,name_label,,,0,0,USES_MODEL_LABEL,,,karzar_product_naming_v1,no_terminology_match_on_name_lead
4138,5041,3,INSIZE | اینسایز,ست ابزار دقیق 4 پارچه اینسایز(insize) مدل 5041,46,ست ابزار دقیق 4 پارچه اینسایز(insize) مدل 5041,0,HOLD_MISSING_PRODUCT_TYPE,none,generic.v1,,unmatched_lead,0,5041,name_label,,,0,0,USES_MODEL_LABEL,,,karzar_product_naming_v1,no_terminology_match_on_name_lead
4137,5031,3,INSIZE | اینسایز,ست ساعت اندیکاتور دیجیتال و انبر قفلی اینسایز(insize) مدل 5031,62,ست ساعت اندیکاتور دیجیتال و انبر قفلی اینسایز(insize) مدل 5031,0,HOLD_MISSING_PRODUCT_TYPE,none,generic.v1,,unmatched_lead,0,5031,name_label,,,0,0,USES_MODEL_LABEL,,,karzar_product_naming_v1,no_terminology_match_on_name_lead
4134,5072,3,INSIZE | اینسایز,ست ابزار دقیق جوشکاری 7 پارچه اینسایز(insize) مدل 5072,54,ست ابزار دقیق جوشکاری 7 پارچه اینسایز(insize) مدل 5072,0,HOLD_MISSING_PRODUCT_TYPE,none,generic.v1,,unmatched_lead,0,5072,name_label,,,0,0,USES_MODEL_LABEL,,,karzar_product_naming_v1,no_terminology_match_on_name_lead
4124,ISV-E40,3,INSIZE | اینسایز,بروسکوپ اینسایز (Insize) مدل ISV-E40,36,بروسکوپ اینسایز (Insize) مدل ISV-E40,0,HOLD_MISSING_PRODUCT_TYPE,none,generic.v1,,unmatched_lead,0,ISV-E40,name_label,,,0,0,USES_MODEL_LABEL,,,karzar_product_naming_v1,no_terminology_match_on_name_lead
4132,5071,3,INSIZE | اینسایز,ست ابزار دقیق جوشکاری 7 پارچه اینسایز(insize) مدل 5071,54,ست ابزار دقیق جوشکاری 7 پارچه اینسایز(insize) مدل 5071,0,HOLD_MISSING_PRODUCT_TYPE,none,generic.v1,,unmatched_lead,0,5071,name_label,,,0,0,USES_MODEL_LABEL,,,karzar_product_naming_v1,no_terminology_match_on_name_lead
4122,ISU-250C,3,INSIZE | اینسایز,ضخامت سنج اولتراسونیک فلزات اینسایز (Insize) مدل ISU-250C,57,ضخامت سنج اولتراسونیک فلزات اینسایز (Insize) مدل ISU-250C,0,HOLD_MISSING_PRODUCT_TYPE,none,generic.v1,,unmatched_lead,0,ISU-250C,name_label,,,0,0,USES_MODEL_LABEL,,specs.range,karzar_product_naming_v1,no_terminology_match_on_name_lead
4121,ISR-CS130-W,3,INSIZE | اینسایز,بلوک زبری سنج جعبه ای اینسایز (Insize) مدل ISR-CS130-W,54,بلوک زبری سنج جعبه ای اینسایز (Insize) مدل ISR-CS130-W,0,HOLD_MISSING_PRODUCT_TYPE,none,generic.v1,,unmatched_lead,0,ISR-CS130-W,name_label,,,0,0,USES_MODEL_LABEL,,,karzar_product_naming_v1,no_terminology_match_on_name_lead
4118,HDT-L411,3,INSIZE | اینسایز,سختی سنج مدادی فلزات اینسایز (Insize) مدل HDT-L411,50,سختی سنج مدادی فلزات اینسایز (Insize) مدل HDT-L411,0,HOLD_MISSING_PRODUCT_TYPE,none,generic.v1,,unmatched_lead,0,HDT-L411,name_label,,,0,0,USES_MODEL_LABEL,,,karzar_product_naming_v1,no_terminology_match_on_name_lead
4115,9315-CF210,3,INSIZE | اینسایز,آمپرمتر کلمپی اینسایز (Insize) مدل 9315-CF210,45,آمپرمتر کلمپی اینسایز (Insize) مدل 9315-CF210,0,HOLD_MISSING_PRODUCT_TYPE,none,generic.v1,,unmatched_lead,0,9315-CF210,name_label,,,0,0,USES_MODEL_LABEL,,,karzar_product_naming_v1,no_terminology_match_on_name_lead
4110,8301-1200,3,INSIZE | اینسایز,ترازو دیجیتال اینسایز (Insize) 0.2-1200g مدل 1200-8301,54,ترازو دیجیتال اینسایز (Insize) 0.2-1200g مدل 1200-8301,0,HOLD_MISSING_PRODUCT_TYPE,none,generic.v1,,unmatched_lead,0,8301-1200,sku_over_reversed_title,reversed_model_vs_sku:1200-8301!=8301-1200,,0,0,USES_MODEL_LABEL,,specs.range,karzar_product_naming_v1,no_terminology_match_on_name_lead
4108,8203-CW1T,3,INSIZE | اینسایز,ترازو جرثقیل الکترونیکی اینسایز (Insize) 10-1000kg مدل 8203-CW1T,64,ترازو جرثقیل الکترونیکی اینسایز (Insize) 10-1000kg مدل 8203-CW1T,0,HOLD_MISSING_PRODUCT_TYPE,none,generic.v1,,unmatched_lead,0,8203-CW1T,name_label,,,0,0,USES_MODEL_LABEL,,specs.range,karzar_product_naming_v1,no_terminology_match_on_name_lead
4107,8203-CW05T,3,INSIZE | اینسایز,ترازو جرثقیل الکترونیکی اینسایز (Insize) 4-500kg مدل 8203-CW05T,63,ترازو جرثقیل الکترونیکی اینسایز (Insize) 4-500kg مدل 8203-CW05T,0,HOLD_MISSING_PRODUCT_TYPE,none,generic.v1,,unmatched_lead,0,8203-CW05T,name_label,,,0,0,USES_MODEL_LABEL,,specs.range,karzar_product_naming_v1,no_terminology_match_on_name_lead
4106,8203-CW03T,3,INSIZE | اینسایز,ترازو جرثقیل الکترونیکی اینسایز (Insize) 2-300kg مدل 8203-CW03T,63,ترازو جرثقیل الکترونیکی اینسایز (Insize) 2-300kg مدل 8203-CW03T,0,HOLD_MISSING_PRODUCT_TYPE,none,generic.v1,,unmatched_lead,0,8203-CW03T,name_label,,,0,0,USES_MODEL_LABEL,,specs.range,karzar_product_naming_v1,no_terminology_match_on_name_lead
4104,8101-30,3,INSIZE | اینسایز,ترازو دیجیتال شمارش دار اینسایز (Insize) 20g تا 30kg مدل 30-8101,64,ترازو دیجیتال شمارش دار اینسایز (Insize) 20g تا 30kg مدل 30-8101,0,HOLD_MISSING_PRODUCT_TYPE,none,generic.v1,,unmatched_lead,0,8101-30,sku_over_reversed_title,reversed_model_vs_sku:30-8101!=8101-30,,0,0,USES_MODEL_LABEL,,specs.range,karzar_product_naming_v1,no_terminology_match_on_name_lead
4102,8003-6,3,INSIZE | اینسایز,ترازو دیجیتال اینسایز (Insize) 10 گرم تا 6 کیلوگرم مدل 6-8003,61,ترازو دیجیتال اینسایز (Insize) 10 گرم تا 6 کیلوگرم مدل 6-8003,0,HOLD_MISSING_PRODUCT_TYPE,none,generic.v1,,unmatched_lead,0,8003-6,sku_over_reversed_title,reversed_model_vs_sku:6-8003!=8003-6,,0,0,USES_MODEL_LABEL,,specs.range,karzar_product_naming_v1,no_terminology_match_on_name_lead
4101,8003-10,3,INSIZE | اینسایز,ترازو دیجیتال اینسایز (Insize) 20 گرم تا 10 کیلوگرم مدل 10-8003,63,ترازو دیجیتال اینسایز (Insize) 20 گرم تا 10 کیلوگرم مدل 10-8003,0,HOLD_MISSING_PRODUCT_TYPE,none,generic.v1,,unmatched_lead,0,8003-10,sku_over_reversed_title,reversed_model_vs_sku:10-8003!=8003-10,,0,0,USES_MODEL_LABEL,,specs.range,karzar_product_naming_v1,no_terminology_match_on_name_lead
4097,7517-3D,3,INSIZE | اینسایز,ذره بین میزی 1.75X چراغ دار اینسایز (Insize) مدل 3D-7517,56,ذره بین میزی 1.75X چراغ دار اینسایز (Insize) مدل 3D-7517,0,HOLD_MISSING_PRODUCT_TYPE,none,generic.v1,,unmatched_lead,0,7517-3D,sku_over_reversed_title,reversed_model_vs_sku:3D-7517!=7517-3D,,0,0,USES_MODEL_LABEL,,,karzar_product_naming_v1,no_terminology_match_on_name_lead
4095,7516-5D,3,INSIZE | اینسایز,ذره بین میزی 2.25X چراغ دار اینسایز (Insize) مدل 5D-7516,56,ذره بین میزی 2.25X چراغ دار اینسایز (Insize) مدل 5D-7516,0,HOLD_MISSING_PRODUCT_TYPE,none,generic.v1,,unmatched_lead,0,7516-5D,sku_over_reversed_title,reversed_model_vs_sku:5D-7516!=7516-5D,,0,0,USES_MODEL_LABEL,,,karzar_product_naming_v1,no_terminology_match_on_name_lead
4094,7515-10,3,INSIZE | اینسایز,ذره بین تاشو 10X چراغ دار اینسایز (Insize) مدل 10-7515,54,ذره بین تاشو 10X چراغ دار اینسایز (Insize) مدل 10-7515,0,HOLD_MISSING_PRODUCT_TYPE,none,generic.v1,,unmatched_lead,0,7515-10,sku_over_reversed_title,reversed_model_vs_sku:10-7515!=7515-10,,0,0,USES_MODEL_LABEL,,,karzar_product_naming_v1,no_terminology_match_on_name_lead
4092,7513-4,3,INSIZE | اینسایز,ذره بین 4X چراغ دار اینسایز (Insize) مدل 4-7513,47,ذره بین 4X چراغ دار اینسایز (Insize) مدل 4-7513,0,HOLD_MISSING_PRODUCT_TYPE,none,generic.v1,,unmatched_lead,0,7513-4,sku_over_reversed_title,reversed_model_vs_sku:4-7513!=7513-4,,0,0,USES_MODEL_LABEL,,,karzar_product_naming_v1,no_terminology_match_on_name_lead
4091,7513-2,3,INSIZE | اینسایز,ذره بین 2X چراغ دار اینسایز (Insize) مدل 2-7513,47,ذره بین 2X چراغ دار اینسایز (Insize) مدل 2-7513,0,HOLD_MISSING_PRODUCT_TYPE,none,generic.v1,,unmatched_lead,0,7513-2,sku_over_reversed_title,reversed_model_vs_sku:2-7513!=7513-2,,0,0,USES_MODEL_LABEL,,,karzar_product_naming_v1,no_terminology_match_on_name_lead
4090,7315-21,3,INSIZE | اینسایز,کابل انتقال داده کولیس دیجیتال (وایرلس) اینسایز (Insize) مدل 21-7315,68,کابل انتقال داده کولیس دیجیتال (وایرلس) اینسایز (Insize) مدل 21-7315,0,HOLD_MISSING_VARIANT_ATTRIBUTE,none,metrology.caliper.v1,کولیس دیجیتال,terminology:کولیس دیجیتال,0,7315-21,sku_over_reversed_title,reversed_model_vs_sku:21-7315!=7315-21,,0,0,USES_MODEL_LABEL,,,karzar_product_naming_v1,missing_primary_variant_attribute
4088,7302-21,3,INSIZE | اینسایز,کابل انتقال داده کولیس دیجیتال اینسایز (Insize) 3 متر مدل 21-7302,65,کابل انتقال داده کولیس دیجیتال اینسایز (Insize) 3 متر مدل 21-7302,0,HOLD_MISSING_VARIANT_ATTRIBUTE,none,metrology.caliper.v1,کولیس دیجیتال,terminology:کولیس دیجیتال,0,7302-21,sku_over_reversed_title,reversed_model_vs_sku:21-7302!=7302-21,,0,0,USES_MODEL_LABEL,,,karzar_product_naming_v1,missing_primary_variant_attribute
4086,7163-1,3,INSIZE | اینسایز,مگنت تلسکوپی (چراغ دار) اینسایز (Insize) مدل 1-7163,51,مگنت تلسکوپی (چراغ دار) اینسایز (Insize) مدل 1-7163,0,HOLD_MISSING_PRODUCT_TYPE,none,generic.v1,,unmatched_lead,0,7163-1,sku_over_reversed_title,reversed_model_vs_sku:1-7163!=7163-1,,0,0,USES_MODEL_LABEL,,,karzar_product_naming_v1,no_terminology_match_on_name_lead
4085,7161-1,3,INSIZE | اینسایز,مگنت تلسکوپی اینسایز (Insize) مدل 1-7161,40,مگنت تلسکوپی اینسایز (Insize) مدل 1-7161,0,HOLD_MISSING_PRODUCT_TYPE,none,generic.v1,,unmatched_lead,0,7161-1,sku_over_reversed_title,reversed_model_vs_sku:1-7161!=7161-1,,0,0,USES_MODEL_LABEL,,,karzar_product_naming_v1,no_terminology_match_on_name_lead
4084,7145-1,3,INSIZE | اینسایز,چرخ متر اینسایز (Insize) 0.1 – 9999.9 متر همراه با کوله پشتی مدل 1-7145,71,چرخ متر اینسایز (Insize) 0.1 – 9999.9 متر همراه با کوله پشتی مدل 1-7145,0,HOLD_MISSING_PRODUCT_TYPE,none,generic.v1,,unmatched_lead,0,7145-1,sku_over_reversed_title,reversed_model_vs_sku:1-7145!=7145-1,,0,0,USES_MODEL_LABEL,,specs.range,karzar_product_naming_v1,no_terminology_match_on_name_lead
4082,7144-1,3,INSIZE | اینسایز,چرخ متر اینسایز (Insize) 0.1 – 9999.9 متر مدل 1-7144,52,چرخ متر اینسایز (Insize) 0.1 – 9999.9 متر مدل 1-7144,0,HOLD_MISSING_PRODUCT_TYPE,none,generic.v1,,unmatched_lead,0,7144-1,sku_over_reversed_title,reversed_model_vs_sku:1-7144!=7144-1,,0,0,USES_MODEL_LABEL,,specs.range,karzar_product_naming_v1,no_terminology_match_on_name_lead
4081,7110-1200,3,INSIZE | اینسایز,خط کش استن استیل اینسایز (Insize) 1.2 متر مدل 1200-7110,55,خط کش استن استیل اینسایز (Insize) 1.2 متر مدل 1200-7110,0,HOLD_MISSING_PRODUCT_TYPE,none,generic.v1,,unmatched_lead,0,7110-1200,sku_over_reversed_title,reversed_model_vs_sku:1200-7110!=7110-1200,,0,0,USES_MODEL_LABEL,,specs.range,karzar_product_naming_v1,no_terminology_match_on_name_lead
4079,6896-13,3,INSIZE | اینسایز,ست وی بلوک اینسایز (Insize) مدل 13-6896,39,ست وی بلوک اینسایز (Insize) مدل 13-6896,0,HOLD_MISSING_PRODUCT_TYPE,none,generic.v1,,unmatched_lead,0,6896-13,sku_over_reversed_title,reversed_model_vs_sku:13-6896!=6896-13,,0,0,USES_MODEL_LABEL,,,karzar_product_naming_v1,no_terminology_match_on_name_lead
4077,6896-11,3,INSIZE | اینسایز,ست وی بلوک اینسایز (Insize) مدل 11-6896,39,ست وی بلوک اینسایز (Insize) مدل 11-6896,0,HOLD_MISSING_PRODUCT_TYPE,none,generic.v1,,unmatched_lead,0,6896-11,sku_over_reversed_title,reversed_model_vs_sku:11-6896!=6896-11,,0,0,USES_MODEL_LABEL,,,karzar_product_naming_v1,no_terminology_match_on_name_lead
4076,6832-1,3,INSIZE | اینسایز,گیج جوشکاری اینسایز (Insize) مدل 1-6832,39,گیج جوشکاری اینسایز (Insize) مدل 1-6832,0,HOLD_MISSING_PRODUCT_TYPE,none,generic.v1,,unmatched_lead,0,6832-1,sku_over_reversed_title,reversed_model_vs_sku:1-6832!=6832-1,,0,0,USES_MODEL_LABEL,,,karzar_product_naming_v1,no_terminology_match_on_name_lead
4074,6566-2,3,INSIZE | اینسایز,مرکزیاب نوری اینسایز (Insize) مدل 2-6566,40,مرکزیاب نوری اینسایز (Insize) مدل 2-6566,0,HOLD_MISSING_PRODUCT_TYPE,none,generic.v1,,unmatched_lead,0,6566-2,sku_over_reversed_title,reversed_model_vs_sku:2-6566!=6566-2,,0,0,USES_MODEL_LABEL,,,karzar_product_naming_v1,no_terminology_match_on_name_lead
4069,6511-24,3,INSIZE | اینسایز,پارالل گیج اینسایز (Insize) مدل 24-6511,39,پارالل گیج اینسایز (Insize) مدل 24-6511,0,HOLD_MISSING_PRODUCT_TYPE,none,generic.v1,,unmatched_lead,0,6511-24,sku_over_reversed_title,reversed_model_vs_sku:24-6511!=6511-24,,0,0,USES_MODEL_LABEL,,,karzar_product_naming_v1,no_terminology_match_on_name_lead
4068,6300,3,INSIZE | اینسایز,پایه میکرومتر اینسایز (Insize) مدل 6300,39,پایه میکرومتر اینسایز (Insize) مدل 6300,0,HOLD_MISSING_VARIANT_ATTRIBUTE,none,metrology.micrometer.v1,میکرومتر,terminology:میکرومتر,0,6300,name_label,,,0,0,USES_MODEL_LABEL,,,karzar_product_naming_v1,missing_primary_variant_attribute
4064,6226-80,3,INSIZE | اینسایز,پایه ساعت اینسایز (Insize) بدون مگنت مدل 80-6226,48,پایه ساعت اینسایز (Insize) بدون مگنت مدل 80-6226,0,HOLD_MISSING_PRODUCT_TYPE,none,generic.v1,,unmatched_lead,0,6226-80,sku_over_reversed_title,reversed_model_vs_sku:80-6226!=6226-80,,0,0,USES_MODEL_LABEL,,,karzar_product_naming_v1,no_terminology_match_on_name_lead
4062,6224-40,3,INSIZE | اینسایز,پایه ساعت کوچک اینسایز (Insize) 40 کیلویی مدل 40-6224,53,پایه ساعت کوچک اینسایز (Insize) 40 کیلویی مدل 40-6224,0,HOLD_MISSING_PRODUCT_TYPE,none,generic.v1,,unmatched_lead,0,6224-40,sku_over_reversed_title,reversed_model_vs_sku:40-6224!=6224-40,,0,0,USES_MODEL_LABEL,,,karzar_product_naming_v1,no_terminology_match_on_name_lead
4054,4852-3,3,INSIZE | اینسایز,گیج مخروطی اینسایز (Insize) 3-16 میلیمتر مدل 3-4852,51,گیج مخروطی اینسایز (Insize) 3-16 میلیمتر مدل 3-4852,0,HOLD_MISSING_PRODUCT_TYPE,none,generic.v1,,unmatched_lead,0,4852-3,sku_over_reversed_title,reversed_model_vs_sku:3-4852!=4852-3,,0,0,USES_MODEL_LABEL,,specs.range,karzar_product_naming_v1,no_terminology_match_on_name_lead
4053,4852-30,3,INSIZE | اینسایز,گیج مخروطی اینسایز (Insize) 30-45 میلیمتر مدل 30-4852,53,گیج مخروطی اینسایز (Insize) 30-45 میلیمتر مدل 30-4852,0,HOLD_MISSING_PRODUCT_TYPE,none,generic.v1,,unmatched_lead,0,4852-30,sku_over_reversed_title,reversed_model_vs_sku:30-4852!=4852-30,,0,0,USES_MODEL_LABEL,,specs.range,karzar_product_naming_v1,no_terminology_match_on_name_lead
4051,4852-15,3,INSIZE | اینسایز,گیج مخروطی اینسایز (Insize) 15-30 میلیمتر مدل 15-4852,53,گیج مخروطی اینسایز (Insize) 15-30 میلیمتر مدل 15-4852,0,HOLD_MISSING_PRODUCT_TYPE,none,generic.v1,,unmatched_lead,0,4852-15,sku_over_reversed_title,reversed_model_vs_sku:15-4852!=4852-15,,0,0,USES_MODEL_LABEL,,specs.range,karzar_product_naming_v1,no_terminology_match_on_name_lead
4049,4851-1,3,INSIZE | اینسایز,گیج جوش اینسایز (Insize) مدل 1-4851,35,گیج جوش اینسایز (Insize) مدل 1-4851,0,HOLD_MISSING_PRODUCT_TYPE,none,generic.v1,,unmatched_lead,0,4851-1,sku_over_reversed_title,reversed_model_vs_sku:1-4851!=4851-1,,0,0,USES_MODEL_LABEL,,specs.range,karzar_product_naming_v1,no_terminology_match_on_name_lead
4047,4844-1,3,INSIZE | اینسایز,گیج زاویه پخ اینسایز (Insize) مدل 1-4844,40,گیج زاویه پخ اینسایز (Insize) مدل 1-4844,0,HOLD_MISSING_PRODUCT_TYPE,none,generic.v1,,unmatched_lead,0,4844-1,sku_over_reversed_title,reversed_model_vs_sku:1-4844!=4844-1,,0,0,USES_MODEL_LABEL,,,karzar_product_naming_v1,no_terminology_match_on_name_lead
4046,4841-1,3,INSIZE | اینسایز,گیج هایلو سینگل اینسایز (Insize) مدل 1-4841,43,گیج هایلو سینگل اینسایز (Insize) مدل 1-4841,0,HOLD_MISSING_PRODUCT_TYPE,none,generic.v1,,unmatched_lead,0,4841-1,sku_over_reversed_title,reversed_model_vs_sku:1-4841!=4841-1,,0,0,USES_MODEL_LABEL,,specs.range,karzar_product_naming_v1,no_terminology_match_on_name_lead
4045,4837-1,3,INSIZE | اینسایز,گپ گیج با خط کش اینسایز (Insize) 29-1 میلیمتر مدل 1-4837,56,گپ گیج با خط کش اینسایز (Insize) 29-1 میلیمتر مدل 1-4837,0,HOLD_MISSING_PRODUCT_TYPE,none,generic.v1,,unmatched_lead,0,4837-1,sku_over_reversed_title,reversed_model_vs_sku:1-4837!=4837-1,,0,0,USES_MODEL_LABEL,,specs.range,karzar_product_naming_v1,no_terminology_match_on_name_lead
4044,4836-2,3,INSIZE | اینسایز,گیج جوش فلت اینسایز (Insize) مدل 2-4836,39,گیج جوش فلت اینسایز (Insize) مدل 2-4836,0,HOLD_MISSING_PRODUCT_TYPE,none,generic.v1,,unmatched_lead,0,4836-2,sku_over_reversed_title,reversed_model_vs_sku:2-4836!=4836-2,,0,0,USES_MODEL_LABEL,,specs.range,karzar_product_naming_v1,no_terminology_match_on_name_lead
4042,4834-1,3,INSIZE | اینسایز,گیج جوش اینسایز (Insize) مدل 1-4834,35,گیج جوش اینسایز (Insize) مدل 1-4834,0,HOLD_MISSING_PRODUCT_TYPE,none,generic.v1,,unmatched_lead,0,4834-1,sku_over_reversed_title,reversed_model_vs_sku:1-4834!=4834-1,,0,0,USES_MODEL_LABEL,,specs.range,karzar_product_naming_v1,no_terminology_match_on_name_lead
4040,4833-4,3,INSIZE | اینسایز,گپ سنج اینسایز (Insize) 60-45 میلی متر مدل 4-4833,49,گپ سنج اینسایز (Insize) 60-45 میلی متر مدل 4-4833,0,HOLD_MISSING_PRODUCT_TYPE,none,generic.v1,,unmatched_lead,0,4833-4,sku_over_reversed_title,reversed_model_vs_sku:4-4833!=4833-4,,0,0,USES_MODEL_LABEL,,specs.range,karzar_product_naming_v1,no_terminology_match_on_name_lead
4039,4833-3,3,INSIZE | اینسایز,گپ سنج اینسایز (Insize) 30-45 میلی متر مدل 3-4833,49,گپ سنج اینسایز (Insize) 30-45 میلی متر مدل 3-4833,0,HOLD_MISSING_PRODUCT_TYPE,none,generic.v1,,unmatched_lead,0,4833-3,sku_over_reversed_title,reversed_model_vs_sku:3-4833!=4833-3,,0,0,USES_MODEL_LABEL,,specs.range,karzar_product_naming_v1,no_terminology_match_on_name_lead
4037,4833-2,3,INSIZE | اینسایز,گپ سنج اینسایز (Insize) 30-15 میلی متر مدل 2-4833,49,گپ سنج اینسایز (Insize) 30-15 میلی متر مدل 2-4833,0,HOLD_MISSING_PRODUCT_TYPE,none,generic.v1,,unmatched_lead,0,4833-2,sku_over_reversed_title,reversed_model_vs_sku:2-4833!=4833-2,,0,0,USES_MODEL_LABEL,,specs.range,karzar_product_naming_v1,no_terminology_match_on_name_lead
4036,4832-1,3,INSIZE | اینسایز,گیج جوشکاری فلت اینسایز (Insize) مدل 1-4832,43,گیج جوشکاری فلت اینسایز (Insize) مدل 1-4832,0,HOLD_MISSING_PRODUCT_TYPE,none,generic.v1,,unmatched_lead,0,4832-1,sku_over_reversed_title,reversed_model_vs_sku:1-4832!=4832-1,,0,0,USES_MODEL_LABEL,,,karzar_product_naming_v1,no_terminology_match_on_name_lead
4032,4796-75,3,INSIZE | اینسایز,گونیا صنعتی اینسایز (Insize) 75×50 میلیمتر مدل 75-4796,54,گونیا صنعتی اینسایز (Insize) 75×50 میلیمتر مدل 75-4796,0,HOLD_MISSING_PRODUCT_TYPE,none,generic.v1,,unmatched_lead,0,4796-75,sku_over_reversed_title,reversed_model_vs_sku:75-4796!=4796-75,,0,0,USES_MODEL_LABEL,,specs.range,karzar_product_naming_v1,no_terminology_match_on_name_lead
4031,4796-50,3,INSIZE | اینسایز,گونیا صنعتی اینسایز (Insize) 50×30 میلیمتر مدل 50-4796,54,گونیا صنعتی اینسایز (Insize) 50×30 میلیمتر مدل 50-4796,0,HOLD_MISSING_PRODUCT_TYPE,none,generic.v1,,unmatched_lead,0,4796-50,sku_over_reversed_title,reversed_model_vs_sku:50-4796!=4796-50,,0,0,USES_MODEL_LABEL,,specs.range,karzar_product_naming_v1,no_terminology_match_on_name_lead
4024,4168-S25,3,INSIZE | اینسایز,ساچمه های اندازه گیری فولادی اینسایز (Insize) 25 پارچه مدل 4168-S25,67,ساچمه های اندازه گیری فولادی اینسایز (Insize) 25 پارچه مدل 4168-S25,0,HOLD_MISSING_PRODUCT_TYPE,none,generic.v1,,unmatched_lead,0,4168-S25,name_label,,,0,0,USES_MODEL_LABEL,,,karzar_product_naming_v1,no_terminology_match_on_name_lead
4030,4790-075,3,INSIZE | اینسایز,گونیا مویی اینسایز (Insize) 75×50 میلی متر مدل 075-4790,55,گونیا مویی اینسایز (Insize) 75×50 میلی متر مدل 075-4790,0,HOLD_MISSING_PRODUCT_TYPE,none,generic.v1,,unmatched_lead,0,4790-075,sku_over_reversed_title,reversed_model_vs_sku:075-4790!=4790-075,,0,0,USES_MODEL_LABEL,,specs.range,karzar_product_naming_v1,no_terminology_match_on_name_lead
4028,4790-050,3,INSIZE | اینسایز,گونیا مویی اینسایز (Insize) 40×50 میلی متر مدل 050-4790,55,گونیا مویی اینسایز (Insize) 40×50 میلی متر مدل 050-4790,0,HOLD_MISSING_PRODUCT_TYPE,none,generic.v1,,unmatched_lead,0,4790-050,sku_over_reversed_title,reversed_model_vs_sku:050-4790!=4790-050,,0,0,USES_MODEL_LABEL,,specs.range,karzar_product_naming_v1,no_terminology_match_on_name_lead
3942,4100-8,3,INSIZE | اینسایز,جعبه راپورتر 8 پارچه اینسایز (Insize) سایز 500-100 مدل 8-4100,61,جعبه راپورتر 8 پارچه اینسایز (Insize) سایز 500-100 مدل 8-4100,0,HOLD_MISSING_PRODUCT_TYPE,none,generic.v1,,unmatched_lead,0,4100-8,sku_over_reversed_title,reversed_model_vs_sku:8-4100!=4100-8,,0,0,USES_MODEL_LABEL,,,karzar_product_naming_v1,no_terminology_match_on_name_lead
3938,3540-50,3,INSIZE | اینسایز,عمق سنج میله ای دیجیتال اینسایز (Insize) 0-50 میلی متر مدل 50-3540,66,عمق سنج میله ای دیجیتال اینسایز (Insize) 0-50 میلی متر مدل 50-3540,0,HOLD_MISSING_PRODUCT_TYPE,none,generic.v1,,unmatched_lead,0,3540-50,sku_over_reversed_title,reversed_model_vs_sku:50-3540!=3540-50,,0,0,USES_MODEL_LABEL,,specs.range,karzar_product_naming_v1,no_terminology_match_on_name_lead
3929,2878-6A,3,INSIZE | اینسایز,پایه ضخامت سنج اینسایز (Insize) همراه با ساعت دیجیتال مدل 6A-2878,65,,1,HOLD_MISSING_PRODUCT_TYPE,none,generic.v1,,unmatched_lead,0,2878-6A,sku_over_reversed_title,reversed_model_vs_sku:6A-2878!=2878-6A,,0,0,USES_MODEL_LABEL,,,karzar_product_naming_v1,no_terminology_match_on_name_lead
3928,2878-71B,3,INSIZE | اینسایز,پایه ضخامت سنج گرانیت اینسایز (Insize) همراه با ساعت دیجیتال مدل 71B-2878,73,پایه ضخامت سنج گرانیت اینسایز (Insize) همراه با ساعت دیجیتال مدل 71B-2878,0,HOLD_MISSING_PRODUCT_TYPE,none,generic.v1,,unmatched_lead,0,2878-71B,sku_over_reversed_title,reversed_model_vs_sku:71B-2878!=2878-71B,,0,0,USES_MODEL_LABEL,,specs.range,karzar_product_naming_v1,no_terminology_match_on_name_lead
3924,2825-35,3,INSIZE | اینسایز,گیج داخل سیلندر ساعتی اینسایز (Insize) 18-35 میلیمتر مدل 35-2825,64,گیج داخل سیلندر ساعتی اینسایز (Insize) 18-35 میلیمتر مدل 35-2825,0,HOLD_MISSING_PRODUCT_TYPE,none,generic.v1,,unmatched_lead,0,2825-35,sku_over_reversed_title,reversed_model_vs_sku:35-2825!=2825-35,,0,0,USES_MODEL_LABEL,,specs.range,karzar_product_naming_v1,no_terminology_match_on_name_lead
3922,2365-10,3,INSIZE | اینسایز,ضخامت سنج ساعتی بازو بلند اینسایز (Insize) 10 میلیمتر مدل 10-2365,65,ضخامت سنج ساعتی بازو بلند اینسایز (Insize) 10 میلیمتر مدل 10-2365,0,HOLD_MISSING_PRODUCT_TYPE,none,generic.v1,,unmatched_lead,0,2365-10,sku_over_reversed_title,reversed_model_vs_sku:10-2365!=2365-10,,0,0,USES_MODEL_LABEL,,specs.range,karzar_product_naming_v1,no_terminology_match_on_name_lead
3919,2198-2,3,INSIZE | اینسایز,شیب سنج و سطح سنج دیجیتال اینسایز (Insize) مدل 2-2198,53,شیب سنج و سطح سنج دیجیتال اینسایز (Insize) مدل 2-2198,0,HOLD_MISSING_PRODUCT_TYPE,none,generic.v1,,unmatched_lead,0,2198-2,sku_over_reversed_title,reversed_model_vs_sku:2-2198!=2198-2,,0,0,USES_MODEL_LABEL,,specs.range,karzar_product_naming_v1,no_terminology_match_on_name_lead
3923,2825-60,3,INSIZE | اینسایز,گیج داخل سیلندر ساعتی اینسایز (Insize) 35-60 میلیمتر مدل 60-2825,64,گیج داخل سیلندر ساعتی اینسایز (Insize) 35-60 میلیمتر مدل 60-2825,0,HOLD_MISSING_PRODUCT_TYPE,none,generic.v1,,unmatched_lead,0,2825-60,sku_over_reversed_title,reversed_model_vs_sku:60-2825!=2825-60,,0,0,USES_MODEL_LABEL,,specs.range,karzar_product_naming_v1,no_terminology_match_on_name_lead
3917,2163-25,3,INSIZE | اینسایز,ضخامت سنج دیجیتال اینسایز (Insize) مدل 25-2163,46,ضخامت سنج دیجیتال اینسایز (Insize) مدل 25-2163,0,HOLD_MISSING_PRODUCT_TYPE,none,generic.v1,,unmatched_lead,0,2163-25,sku_over_reversed_title,reversed_model_vs_sku:25-2163!=2163-25,,0,0,USES_MODEL_LABEL,,specs.range,karzar_product_naming_v1,no_terminology_match_on_name_lead
3915,2153-10,3,INSIZE | اینسایز,گیج داخل سیلندر اینسایز (Insize) 6-10 میلی متری مدل 10-2153,59,گیج داخل سیلندر اینسایز (Insize) 6-10 میلی متری مدل 10-2153,0,HOLD_MISSING_PRODUCT_TYPE,none,generic.v1,,unmatched_lead,0,2153-10,sku_over_reversed_title,reversed_model_vs_sku:10-2153!=2153-10,,0,0,USES_MODEL_LABEL,,specs.range,karzar_product_naming_v1,no_terminology_match_on_name_lead
3909,2115-10,3,INSIZE | اینسایز,ساعت اندیکاتور دیجیتال (ضدآب ) اینسایز (Insize) مدل 10-2115,59,ساعت اندیکاتور دیجیتال (ضدآب ) اینسایز (Insize) مدل 10-2115,0,HOLD_MISSING_PRODUCT_TYPE,none,generic.v1,,unmatched_lead,0,2115-10,sku_over_reversed_title,reversed_model_vs_sku:10-2115!=2115-10,,0,0,USES_MODEL_LABEL,,specs.range,karzar_product_naming_v1,no_terminology_match_on_name_lead
3911,2115-25,3,INSIZE | اینسایز,ساعت اندیکاتور دیجیتال (ضدآب ) اینسایز (Insize) مدل 25-2115,59,ساعت اندیکاتور دیجیتال (ضدآب ) اینسایز (Insize) مدل 25-2115,0,HOLD_MISSING_PRODUCT_TYPE,none,generic.v1,,unmatched_lead,0,2115-25,sku_over_reversed_title,reversed_model_vs_sku:25-2115!=2115-25,,0,0,USES_MODEL_LABEL,,specs.range,karzar_product_naming_v1,no_terminology_match_on_name_lead
3902,1180-6,3,INSIZE | اینسایز,گیج پخ دیجیتال اینسایز (Insize) 0-10 میلیمتر 45 درجه مدل 6-1180,63,گیج پخ دیجیتال اینسایز (Insize) 0-10 میلیمتر 45 درجه مدل 6-1180,0,HOLD_MISSING_PRODUCT_TYPE,none,generic.v1,,unmatched_lead,0,1180-6,sku_over_reversed_title,reversed_model_vs_sku:6-1180!=1180-6,,0,0,USES_MODEL_LABEL,,specs.range,karzar_product_naming_v1,no_terminology_match_on_name_lead
3901,1141-1000,3,INSIZE | اینسایز,عمق سنج دیجیتال اینسایز (Insize) 1 متری مدل 1000-1141,53,عمق سنج دیجیتال اینسایز (Insize) 1 متری مدل 1000-1141,0,HOLD_MISSING_PRODUCT_TYPE,none,generic.v1,,unmatched_lead,0,1141-1000,sku_over_reversed_title,reversed_model_vs_sku:1000-1141!=1141-1000,,0,0,USES_MODEL_LABEL,,specs.range,karzar_product_naming_v1,no_terminology_match_on_name_lead
3892,4166-3D,3,INSIZE | اینسایز,ست پین گیج اینسایز (Insize) 3.5 – 3 میلی متر 51 پارچه مدل 3D-4166,65,ست پین گیج اینسایز (Insize) 3.5 – 3 میلی متر 51 پارچه مدل 3D-4166,0,HOLD_MISSING_PRODUCT_TYPE,none,generic.v1,,unmatched_lead,0,4166-3D,sku_over_reversed_title,reversed_model_vs_sku:3D-4166!=4166-3D,,0,0,USES_MODEL_LABEL,,specs.range,karzar_product_naming_v1,no_terminology_match_on_name_lead
3891,4166-10,3,INSIZE | اینسایز,ست پین گیج اینسایز (Insize) 9.5-10 میلی متر 51 پارچه مدل 10-4166,64,ست پین گیج اینسایز (Insize) 9.5-10 میلی متر 51 پارچه مدل 10-4166,0,HOLD_MISSING_PRODUCT_TYPE,none,generic.v1,,unmatched_lead,0,4166-10,sku_over_reversed_title,reversed_model_vs_sku:10-4166!=4166-10,,0,0,USES_MODEL_LABEL,,specs.range,karzar_product_naming_v1,no_terminology_match_on_name_lead
3840,4208-1,3,INSIZE | اینسایز,گیج اینسایز (Insize) مدل 1-4208,31,گیج اینسایز (Insize) مدل 1-4208,0,HOLD_MISSING_PRODUCT_TYPE,none,generic.v1,,unmatched_lead,0,4208-1,sku_over_reversed_title,reversed_model_vs_sku:1-4208!=4208-1,,0,0,USES_MODEL_LABEL,,,karzar_product_naming_v1,no_terminology_match_on_name_lead
3839,ISU-100D,3,INSIZE | اینسایز,ضخامت سنج لوله دیجیتال التراسونیک اینسایز (Insize) مدل ISU-100D,63,ضخامت سنج لوله دیجیتال التراسونیک اینسایز (Insize) مدل ISU-100D,0,HOLD_MISSING_PRODUCT_TYPE,none,generic.v1,,unmatched_lead,0,ISU-100D,name_label,,,0,0,USES_MODEL_LABEL,,specs.range,karzar_product_naming_v1,no_terminology_match_on_name_lead
3834,ISH-STD,3,INSIZE | اینسایز,پایه سختی سنج اینسایز (Insize) مدل ISH-STD,42,پایه سختی سنج اینسایز (Insize) مدل ISH-STD,0,HOLD_MISSING_PRODUCT_TYPE,none,generic.v1,,unmatched_lead,0,ISH-STD,name_label,,,0,0,USES_MODEL_LABEL,,,karzar_product_naming_v1,no_terminology_match_on_name_lead
3833,ISH-STAC,3,INSIZE | اینسایز,پایه سختی سنج اینسایز (Insize) مدل ISH-STAC,43,پایه سختی سنج اینسایز (Insize) مدل ISH-STAC,0,HOLD_MISSING_PRODUCT_TYPE,none,generic.v1,,unmatched_lead,0,ISH-STAC,name_label,,,0,0,USES_MODEL_LABEL,,,karzar_product_naming_v1,no_terminology_match_on_name_lead
3830,ISF-MT500,3,INSIZE | اینسایز,پایه تست نیروسنج اینسایز (Insize) مدل ISF-MT500,47,پایه تست نیروسنج اینسایز (Insize) مدل ISF-MT500,0,HOLD_MISSING_PRODUCT_TYPE,none,generic.v1,,unmatched_lead,0,ISF-MT500,name_label,,,0,0,USES_MODEL_LABEL,,,karzar_product_naming_v1,no_terminology_match_on_name_lead
3828,HDT-LP200,3,INSIZE | اینسایز,سختی سنج فلزات اینسایز (Insize) مدل HDT-LP200,45,سختی سنج فلزات اینسایز (Insize) مدل HDT-LP200,0,HOLD_MISSING_PRODUCT_TYPE,none,generic.v1,,unmatched_lead,0,HDT-LP200,name_label,,,0,0,USES_MODEL_LABEL,,specs.range,karzar_product_naming_v1,no_terminology_match_on_name_lead
3825,9501-1200,3,INSIZE | اینسایز,ضخامت سنج رنگ و پوشش اینسایز (Insize) مدل 1200-9501,51,ضخامت سنج رنگ و پوشش اینسایز (Insize) مدل 1200-9501,0,HOLD_MISSING_PRODUCT_TYPE,none,generic.v1,,unmatched_lead,0,9501-1200,sku_over_reversed_title,reversed_model_vs_sku:1200-9501!=9501-1200,,0,0,USES_MODEL_LABEL,,,karzar_product_naming_v1,no_terminology_match_on_name_lead
3823,7524-10,3,INSIZE | اینسایز,عینک ذره‌ بین 10X اینسایز (Insize) مدل 10-7524,46,عینک ذره‌ بین 10X اینسایز (Insize) مدل 10-7524,0,HOLD_MISSING_PRODUCT_TYPE,none,generic.v1,,unmatched_lead,0,7524-10,sku_over_reversed_title,reversed_model_vs_sku:10-7524!=7524-10,,0,0,USES_MODEL_LABEL,,,karzar_product_naming_v1,no_terminology_match_on_name_lead
3821,7351-EX12,3,INSIZE | اینسایز,رابط بور گیج اینسایز (Insize) مدل 7351-EX12,43,رابط بور گیج اینسایز (Insize) مدل 7351-EX12,0,HOLD_MISSING_PRODUCT_TYPE,none,generic.v1,,unmatched_lead,0,7351-EX12,name_label,,,0,0,USES_MODEL_LABEL,,,karzar_product_naming_v1,no_terminology_match_on_name_lead
3820,7230,3,INSIZE | اینسایز,سوزن خط کش فلزی اینسایز (INSIZE) مدل 7230,41,سوزن خط کش فلزی اینسایز (INSIZE) مدل 7230,0,HOLD_MISSING_PRODUCT_TYPE,none,generic.v1,,unmatched_lead,0,7230,name_label,,,0,0,duplicated_brand|USES_MODEL_LABEL,,,karzar_product_naming_v1,no_terminology_match_on_name_lead
3818,7160-2,3,INSIZE | اینسایز,آینه بازرسی تلسکوپی اینسایز (INSIZE) مدل 2-7160,47,آینه بازرسی تلسکوپی اینسایز (INSIZE) مدل 2-7160,0,HOLD_MISSING_PRODUCT_TYPE,none,generic.v1,,unmatched_lead,0,7160-2,sku_over_reversed_title,reversed_model_vs_sku:2-7160!=7160-2,,0,0,duplicated_brand|USES_MODEL_LABEL,,,karzar_product_naming_v1,no_terminology_match_on_name_lead
3816,7160-1,3,INSIZE | اینسایز,آینه بازرسی تلسکوپی اینسایز (INSIZE) مدل 1-7160,47,آینه بازرسی تلسکوپی اینسایز (INSIZE) مدل 1-7160,0,HOLD_MISSING_PRODUCT_TYPE,none,generic.v1,,unmatched_lead,0,7160-1,sku_over_reversed_title,reversed_model_vs_sku:1-7160!=7160-1,,0,0,duplicated_brand|USES_MODEL_LABEL,,,karzar_product_naming_v1,no_terminology_match_on_name_lead
3814,6557-50,3,INSIZE | اینسایز,زد سنج (رفرنس یاب محور Z) مگنت دار اینسایز (Insize) مدل 50-6557,63,زد سنج (رفرنس یاب محور Z) مگنت دار اینسایز (Insize) مدل 50-6557,0,HOLD_MISSING_PRODUCT_TYPE,none,generic.v1,,unmatched_lead,0,6557-50,sku_over_reversed_title,reversed_model_vs_sku:50-6557!=6557-50,,0,0,USES_MODEL_LABEL,,,karzar_product_naming_v1,no_terminology_match_on_name_lead
3811,6295-1A,3,INSIZE | اینسایز,پایه ساعت شیطونکی اینسایز (Insize) مدل 1A-6295,46,پایه ساعت شیطونکی اینسایز (Insize) مدل 1A-6295,0,HOLD_MISSING_PRODUCT_TYPE,none,generic.v1,,unmatched_lead,0,6295-1A,sku_over_reversed_title,reversed_model_vs_sku:1A-6295!=6295-1A,,0,0,USES_MODEL_LABEL,,,karzar_product_naming_v1,no_terminology_match_on_name_lead
3808,6293-2,3,INSIZE | اینسایز,پایه ساعت شیطونکی اینسایز (Insize) مدل 2-6293,45,پایه ساعت شیطونکی اینسایز (Insize) مدل 2-6293,0,HOLD_MISSING_PRODUCT_TYPE,none,generic.v1,,unmatched_lead,0,6293-2,sku_over_reversed_title,reversed_model_vs_sku:2-6293!=6293-2,,0,0,USES_MODEL_LABEL,,,karzar_product_naming_v1,no_terminology_match_on_name_lead
3807,6293-1,3,INSIZE | اینسایز,پایه ساعت شیطونکی اینسایز (Insize) مدل 1-6293,45,پایه ساعت شیطونکی اینسایز (Insize) مدل 1-6293,0,HOLD_MISSING_PRODUCT_TYPE,none,generic.v1,,unmatched_lead,0,6293-1,sku_over_reversed_title,reversed_model_vs_sku:1-6293!=6293-1,,0,0,USES_MODEL_LABEL,,,karzar_product_naming_v1,no_terminology_match_on_name_lead
3805,6291-1,3,INSIZE | اینسایز,پایه ساعت شیطونکی اینسایز (Insize) 8 میلی‌ متری مدل 1-6291,58,پایه ساعت شیطونکی اینسایز (Insize) 8 میلی‌ متری مدل 1-6291,0,HOLD_MISSING_PRODUCT_TYPE,none,generic.v1,,unmatched_lead,0,6291-1,sku_over_reversed_title,reversed_model_vs_sku:1-6291!=6291-1,,0,0,USES_MODEL_LABEL,,,karzar_product_naming_v1,no_terminology_match_on_name_lead
3802,6282-1203,3,INSIZE | اینسایز,پراب سرتخت اینسایز (Insize) مدل 1203-6282,41,پراب سرتخت اینسایز (Insize) مدل 1203-6282,0,HOLD_MISSING_PRODUCT_TYPE,none,generic.v1,,unmatched_lead,0,6282-1203,sku_over_reversed_title,reversed_model_vs_sku:1203-6282!=6282-1203,,0,0,USES_MODEL_LABEL,,,karzar_product_naming_v1,no_terminology_match_on_name_lead
3800,6282-1102,3,INSIZE | اینسایز,پراب سرتخت اینسایز (Insize) مدل 1102-6282,41,پراب سرتخت اینسایز (Insize) مدل 1102-6282,0,HOLD_MISSING_PRODUCT_TYPE,none,generic.v1,,unmatched_lead,0,6282-1102,sku_over_reversed_title,reversed_model_vs_sku:1102-6282!=6282-1102,,0,0,USES_MODEL_LABEL,,,karzar_product_naming_v1,no_terminology_match_on_name_lead
3789,4166-10D,3,INSIZE | اینسایز,ست پین گیج اینسایز (Insize) 10.5 – 10 میلی متر 51 پارچه مدل 10D-4166,68,ست پین گیج اینسایز (Insize) 10.5 – 10 میلی متر 51 پارچه مدل 10D-4166,0,HOLD_MISSING_PRODUCT_TYPE,none,generic.v1,,unmatched_lead,0,4166-10D,sku_over_reversed_title,reversed_model_vs_sku:10D-4166!=4166-10D,,0,0,USES_MODEL_LABEL,,specs.range,karzar_product_naming_v1,no_terminology_match_on_name_lead
3796,6215-60,3,INSIZE | اینسایز,پایه ساعت اندیکاتور اینسایز (Insize) برای سطح ناهموار مدل 60-6215,65,پایه ساعت اندیکاتور اینسایز (Insize) برای سطح ناهموار مدل 60-6215,0,HOLD_MISSING_PRODUCT_TYPE,none,generic.v1,,unmatched_lead,0,6215-60,sku_over_reversed_title,reversed_model_vs_sku:60-6215!=6215-60,,0,0,USES_MODEL_LABEL,,,karzar_product_naming_v1,no_terminology_match_on_name_lead
3798,6229-60,3,INSIZE | اینسایز,پایه ساعت اندیکاتور اینسایز (Insize) هیدرولیکی مدل 60-6229,58,پایه ساعت اندیکاتور اینسایز (Insize) هیدرولیکی مدل 60-6229,0,HOLD_MISSING_PRODUCT_TYPE,none,generic.v1,,unmatched_lead,0,6229-60,sku_over_reversed_title,reversed_model_vs_sku:60-6229!=6229-60,,0,0,USES_MODEL_LABEL,,,karzar_product_naming_v1,no_terminology_match_on_name_lead
3787,4804-26,3,INSIZE | اینسایز,ست شعاع‌ سنج اینسایز (Insize) 0.5-13 میلی‌ متری مدل 26-4804,59,ست شعاع‌ سنج اینسایز (Insize) 0.5-13 میلی‌ متری مدل 26-4804,0,HOLD_MISSING_PRODUCT_TYPE,none,generic.v1,,unmatched_lead,0,4804-26,sku_over_reversed_title,reversed_model_vs_sku:26-4804!=4804-26,,0,0,USES_MODEL_LABEL,,specs.range,karzar_product_naming_v1,no_terminology_match_on_name_lead
3786,4803-1,3,INSIZE | اینسایز,گیج سیم اینسایز (Insize) مدل 1-4803,35,گیج سیم اینسایز (Insize) مدل 1-4803,0,HOLD_MISSING_PRODUCT_TYPE,none,generic.v1,,unmatched_lead,0,4803-1,sku_over_reversed_title,reversed_model_vs_sku:1-4803!=4803-1,,0,0,USES_MODEL_LABEL,,specs.range,karzar_product_naming_v1,no_terminology_match_on_name_lead
3784,4802-31,3,INSIZE | اینسایز,شابلون شعاع سنج اینسایز (Insize) دیجیتال کد 31-4802,51,شابلون شعاع سنج اینسایز (Insize) دیجیتال کد 31-4802,0,HOLD_MISSING_PRODUCT_TYPE,none,generic.v1,,unmatched_lead,0,4802-31,sku_over_reversed_title,reversed_model_vs_sku:31-4802!=4802-31,,0,0,,,specs.range,karzar_product_naming_v1,no_terminology_match_on_name_lead
3782,4790-0300,3,INSIZE | اینسایز,گونیا مویی اینسایز (Insize) 200×300 میلی متر مدل 0300-4790,58,گونیا مویی اینسایز (Insize) 200×300 میلی متر مدل 0300-4790,0,HOLD_MISSING_PRODUCT_TYPE,none,generic.v1,,unmatched_lead,0,4790-0300,sku_over_reversed_title,reversed_model_vs_sku:0300-4790!=4790-0300,,0,0,USES_MODEL_LABEL,,specs.range,karzar_product_naming_v1,no_terminology_match_on_name_lead
3777,4100-2112,3,INSIZE | اینسایز,گیج بلوک اینسایز (Insize) 112 عددی گرید 2 مدل 2112-4100,55,گیج بلوک اینسایز (Insize) 112 عددی گرید 2 مدل 2112-4100,0,HOLD_MISSING_PRODUCT_TYPE,none,generic.v1,,unmatched_lead,0,4100-2112,sku_over_reversed_title,reversed_model_vs_sku:2112-4100!=4100-2112,,0,0,USES_MODEL_LABEL,,,karzar_product_naming_v1,no_terminology_match_on_name_lead
3769,2876-10,3,INSIZE | اینسایز,ضخامت سنج دیجیتال فک لوله ای اینسایز (Insize) مدل 10-2876,57,ضخامت سنج دیجیتال فک لوله ای اینسایز (Insize) مدل 10-2876,0,HOLD_MISSING_PRODUCT_TYPE,none,generic.v1,,unmatched_lead,0,2876-10,sku_over_reversed_title,reversed_model_vs_sku:10-2876!=2876-10,,0,0,USES_MODEL_LABEL,,specs.range,karzar_product_naming_v1,no_terminology_match_on_name_lead
3765,2710-25,3,INSIZE | اینسایز,ضخامت سنج ورق دیجیتال اینسایز (Insize) 25.4-0 میلی متر مدل 25-2710,66,ضخامت سنج ورق دیجیتال اینسایز (Insize) 25.4-0 میلی متر مدل 25-2710,0,HOLD_MISSING_PRODUCT_TYPE,none,generic.v1,,unmatched_lead,0,2710-25,sku_over_reversed_title,reversed_model_vs_sku:25-2710!=2710-25,,0,0,USES_MODEL_LABEL,,specs.range,karzar_product_naming_v1,no_terminology_match_on_name_lead
3764,2385-3,3,INSIZE | اینسایز,مرکز یاب اینسایز (Insize) داخل سنج و خارج سنج ساعتی مدل 3-2385,62,مرکز یاب اینسایز (Insize) داخل سنج و خارج سنج ساعتی مدل 3-2385,0,HOLD_MISSING_PRODUCT_TYPE,none,generic.v1,,unmatched_lead,0,2385-3,sku_over_reversed_title,reversed_model_vs_sku:3-2385!=2385-3,,0,0,USES_MODEL_LABEL,,specs.range,karzar_product_naming_v1,no_terminology_match_on_name_lead
3763,2383-08,3,INSIZE | اینسایز,ساعت شیطونکی اینسایز (Insize) کورس 0.8 میلی متر پایه بلند مدل 08-2383,69,ساعت شیطونکی اینسایز (Insize) کورس 0.8 میلی متر پایه بلند مدل 08-2383,0,HOLD_MISSING_PRODUCT_TYPE,none,generic.v1,,unmatched_lead,0,2383-08,sku_over_reversed_title,reversed_model_vs_sku:08-2383!=2383-08,,0,0,USES_MODEL_LABEL,,specs.range,karzar_product_naming_v1,no_terminology_match_on_name_lead
3760,2321-75,3,INSIZE | اینسایز,پرگار داخل سنج ساعتی اینسایز (Insize) 75 میلی متر مدل 75-2321,61,پرگار داخل سنج ساعتی اینسایز (Insize) 75 میلی متر مدل 75-2321,0,HOLD_MISSING_PRODUCT_TYPE,none,generic.v1,,unmatched_lead,0,2321-75,sku_over_reversed_title,reversed_model_vs_sku:75-2321!=2321-75,,0,0,USES_MODEL_LABEL,,specs.range,karzar_product_naming_v1,no_terminology_match_on_name_lead
3762,2366-30,3,INSIZE | اینسایز,ضخامت سنج ورق ساعتی اینسایز (Insize) 30-0 میلی متر مدل 30-2366,62,ضخامت سنج ورق ساعتی اینسایز (Insize) 30-0 میلی متر مدل 30-2366,0,HOLD_MISSING_PRODUCT_TYPE,none,generic.v1,,unmatched_lead,0,2366-30,sku_over_reversed_title,reversed_model_vs_sku:30-2366!=2366-30,,0,0,USES_MODEL_LABEL,,specs.range,karzar_product_naming_v1,no_terminology_match_on_name_lead
3758,2321-55,3,INSIZE | اینسایز,پرگار داخل سنج ساعتی اینسایز (Insize) 55 میلی متر مدل 55-2321,61,پرگار داخل سنج ساعتی اینسایز (Insize) 55 میلی متر مدل 55-2321,0,HOLD_MISSING_PRODUCT_TYPE,none,generic.v1,,unmatched_lead,0,2321-55,sku_over_reversed_title,reversed_model_vs_sku:55-2321!=2321-55,,0,0,USES_MODEL_LABEL,,specs.range,karzar_product_naming_v1,no_terminology_match_on_name_lead
3757,2321-35,3,INSIZE | اینسایز,پرگار داخل سنج ساعتی اینسایز (Insize) 35 میلی متر مدل 35-2321,61,پرگار داخل سنج ساعتی اینسایز (Insize) 35 میلی متر مدل 35-2321,0,HOLD_MISSING_PRODUCT_TYPE,none,generic.v1,,unmatched_lead,0,2321-35,sku_over_reversed_title,reversed_model_vs_sku:35-2321!=2321-35,,0,0,USES_MODEL_LABEL,,specs.range,karzar_product_naming_v1,no_terminology_match_on_name_lead
3756,2309-100D,3,INSIZE | اینسایز,ساعت اندیکاتور اینسایز (Insize) مدل 100D-2309,45,ساعت اندیکاتور اینسایز (Insize) مدل 100D-2309,0,HOLD_MISSING_PRODUCT_TYPE,none,generic.v1,,unmatched_lead,0,2309-100D,sku_over_reversed_title,reversed_model_vs_sku:100D-2309!=2309-100D,,0,0,USES_MODEL_LABEL,,specs.range,karzar_product_naming_v1,no_terminology_match_on_name_lead
3754,2222-25,3,INSIZE | اینسایز,پرگار ساعتی داخل سنج اینسایز (Insize) کد 25-2222,48,پرگار ساعتی داخل سنج اینسایز (Insize) کد 25-2222,0,HOLD_MISSING_PRODUCT_TYPE,none,generic.v1,,unmatched_lead,0,2222-25,sku_over_reversed_title,reversed_model_vs_sku:25-2222!=2222-25,,0,0,,,specs.range,karzar_product_naming_v1,no_terminology_match_on_name_lead
3753,2151-AL75,3,INSIZE | اینسایز,پرگار داخل سنج اینسایز (Insize) دیجیتال 75 میلی متر مدل 2151-AL75,65,پرگار داخل سنج اینسایز (Insize) دیجیتال 75 میلی متر مدل 2151-AL75,0,HOLD_MISSING_PRODUCT_TYPE,none,generic.v1,,unmatched_lead,0,2151-AL75,name_label,,,0,0,USES_MODEL_LABEL,,specs.range,karzar_product_naming_v1,no_terminology_match_on_name_lead
3751,2151-AL55,3,INSIZE | اینسایز,پرگار داخل سنج اینسایز (Insize) دیجیتال 55 میلی متر مدل 2151-AL55,65,پرگار داخل سنج اینسایز (Insize) دیجیتال 55 میلی متر مدل 2151-AL55,0,HOLD_MISSING_PRODUCT_TYPE,none,generic.v1,,unmatched_lead,0,2151-AL55,name_label,,,0,0,USES_MODEL_LABEL,,specs.range,karzar_product_naming_v1,no_terminology_match_on_name_lead
3750,2151-AL35,3,INSIZE | اینسایز,پرگار داخل سنج اینسایز (Insize) دیجیتال 35 میلی متر مدل 2151-AL35,65,پرگار داخل سنج اینسایز (Insize) دیجیتال 35 میلی متر مدل 2151-AL35,0,HOLD_MISSING_PRODUCT_TYPE,none,generic.v1,,unmatched_lead,0,2151-AL35,name_label,,,0,0,USES_MODEL_LABEL,,specs.range,karzar_product_naming_v1,no_terminology_match_on_name_lead
3747,2151-75,3,INSIZE | اینسایز,پرگار داخل سنج اینسایز (Insize) دیجیتال 75 میلی متر مدل 75-2151,63,پرگار داخل سنج اینسایز (Insize) دیجیتال 75 میلی متر مدل 75-2151,0,HOLD_MISSING_PRODUCT_TYPE,none,generic.v1,,unmatched_lead,0,2151-75,sku_over_reversed_title,reversed_model_vs_sku:75-2151!=2151-75,,0,0,USES_MODEL_LABEL,,specs.range,karzar_product_naming_v1,no_terminology_match_on_name_lead
3748,2151-95,3,INSIZE | اینسایز,پرگار داخل سنج اینسایز (Insize) دیجیتال 95 میلی متر مدل 95-2151,63,پرگار داخل سنج اینسایز (Insize) دیجیتال 95 میلی متر مدل 95-2151,0,HOLD_MISSING_PRODUCT_TYPE,none,generic.v1,,unmatched_lead,0,2151-95,sku_over_reversed_title,reversed_model_vs_sku:95-2151!=2151-95,,0,0,USES_MODEL_LABEL,,specs.range,karzar_product_naming_v1,no_terminology_match_on_name_lead
3745,2132-20,3,INSIZE | اینسایز,پرگار خارج سنج اینسایز(Insize) دیجیتال 20 میلی متر مدل 20-2132,62,پرگار خارج سنج اینسایز(Insize) دیجیتال 20 میلی متر مدل 20-2132,0,HOLD_MISSING_PRODUCT_TYPE,none,generic.v1,,unmatched_lead,0,2132-20,sku_over_reversed_title,reversed_model_vs_sku:20-2132!=2132-20,,0,0,USES_MODEL_LABEL,,specs.range,karzar_product_naming_v1,no_terminology_match_on_name_lead
3743,1181-M50A,3,INSIZE | اینسایز,کولیس چرخ دنده دیجیتال اینسایز(Insize) M5-50 مدل 1181-M50A,58,کولیس چرخ دنده دیجیتال اینسایز(Insize) M5-50 مدل 1181-M50A,0,HOLD_MISSING_VARIANT_ATTRIBUTE,none,metrology.caliper.v1,کولیس,terminology:کولیس,0,1181-M50A,name_label,,,0,0,USES_MODEL_LABEL,,specs.range,karzar_product_naming_v1,missing_primary_variant_attribute
3744,1244-30,3,INSIZE | اینسایز,عمق سنج ورنیه اینسایز (Insize) 30 میلی متر مدل 30-1244,54,عمق سنج ورنیه اینسایز (Insize) 30 میلی متر مدل 30-1244,0,HOLD_MISSING_PRODUCT_TYPE,none,generic.v1,,unmatched_lead,0,1244-30,sku_over_reversed_title,reversed_model_vs_sku:30-1244!=1244-30,,0,0,USES_MODEL_LABEL,,specs.range,karzar_product_naming_v1,no_terminology_match_on_name_lead
3728,6140,3,INSIZE | اینسایز,پایه عمق سنج کولیس اینسایز (insize) مدل 6140,44,پایه عمق سنج کولیس اینسایز (insize) مدل 6140,0,HOLD_MISSING_VARIANT_ATTRIBUTE,none,metrology.caliper.v1,کولیس,terminology:کولیس,0,6140,name_label,,,0,0,USES_MODEL_LABEL,,,karzar_product_naming_v1,missing_primary_variant_attribute
3727,ISGF-0501,3,INSIZE | اینسایز,چراغ قوه اینسایز (Insize) مدل ISGF-0501,39,چراغ قوه اینسایز (Insize) مدل ISGF-0501,0,HOLD_MISSING_PRODUCT_TYPE,none,generic.v1,,unmatched_lead,0,ISGF-0501,name_label,,,0,0,USES_MODEL_LABEL,,,karzar_product_naming_v1,no_terminology_match_on_name_lead
3725,ISGF-0901,3,INSIZE | اینسایز,پیج گوشتی ساعتی اینسایز (Insize) مدل ISGF-0901,46,پیج گوشتی ساعتی اینسایز (Insize) مدل ISGF-0901,0,HOLD_MISSING_PRODUCT_TYPE,none,generic.v1,,unmatched_lead,0,ISGF-0901,name_label,,,0,0,USES_MODEL_LABEL,,,karzar_product_naming_v1,no_terminology_match_on_name_lead
3724,ISR-C300,3,INSIZE | اینسایز,زبری سنج دیجیتال اینسایز (Insize) مدل ISR-C300,46,زبری سنج دیجیتال اینسایز (Insize) مدل ISR-C300,0,HOLD_MISSING_PRODUCT_TYPE,none,generic.v1,,unmatched_lead,0,ISR-C300,name_label,,,0,0,USES_MODEL_LABEL,,specs.range,karzar_product_naming_v1,no_terminology_match_on_name_lead
3720,9341-50,3,INSIZE | اینسایز,رطوبت سنج چوب اینسایز (Insize) مدل 50-9341,42,رطوبت سنج چوب اینسایز (Insize) مدل 50-9341,0,HOLD_MISSING_PRODUCT_TYPE,none,generic.v1,,unmatched_lead,0,9341-50,sku_over_reversed_title,reversed_model_vs_sku:50-9341!=9341-50,,0,0,USES_MODEL_LABEL,,,karzar_product_naming_v1,no_terminology_match_on_name_lead
3718,6566-3,3,INSIZE | اینسایز,تاچ پراب یا مرکز یاب نوری/ بوقی الکترونیکی اینسایز (Insize) مدل 3-6566,70,تاچ پراب یا مرکز یاب نوری/ بوقی الکترونیکی اینسایز (Insize) مدل 3-6566,0,HOLD_MISSING_PRODUCT_TYPE,none,generic.v1,,unmatched_lead,0,6566-3,sku_over_reversed_title,reversed_model_vs_sku:3-6566!=6566-3,,0,0,USES_MODEL_LABEL,,,karzar_product_naming_v1,no_terminology_match_on_name_lead
3713,ISL-DR3,3,INSIZE | اینسایز,"نمایشگر خط کش دیجیتال 3 محور (X,Y,Z) اینسایز (Insize) مدل ISL-DR3",65,"نمایشگر خط کش دیجیتال 3 محور (X,Y,Z) اینسایز (Insize) مدل ISL-DR3",0,HOLD_MISSING_PRODUCT_TYPE,none,generic.v1,,unmatched_lead,0,ISL-DR3,name_label,,,0,0,USES_MODEL_LABEL,,,karzar_product_naming_v1,no_terminology_match_on_name_lead
3715,ISL-DR2,3,INSIZE | اینسایز,"نمایشگر خط کش دیجیتال 2 محور (X,Y) اینسایز (Insize) مدل ISL-DR2",63,"نمایشگر خط کش دیجیتال 2 محور (X,Y) اینسایز (Insize) مدل ISL-DR2",0,HOLD_MISSING_PRODUCT_TYPE,none,generic.v1,,unmatched_lead,0,ISL-DR2,name_label,,,0,0,USES_MODEL_LABEL,,,karzar_product_naming_v1,no_terminology_match_on_name_lead
3711,ISL-A1-600,3,INSIZE | اینسایز,خط کش دیجیتال 60 سانتی متری اینسایز (Insize) مدل ISL-A1-600,59,خط کش دیجیتال 60 سانتی متری اینسایز (Insize) مدل ISL-A1-600,0,HOLD_MISSING_PRODUCT_TYPE,none,generic.v1,,unmatched_lead,0,ISL-A1-600,name_label,,,0,0,USES_MODEL_LABEL,,specs.range,karzar_product_naming_v1,no_terminology_match_on_name_lead
3712,ISL-B5-1000,3,INSIZE | اینسایز,خط کش دیجیتال 1 متری اینسایز (Insize) مدل ISL-B5-1000,53,خط کش دیجیتال 1 متری اینسایز (Insize) مدل ISL-B5-1000,0,HOLD_MISSING_PRODUCT_TYPE,none,generic.v1,,unmatched_lead,0,ISL-B5-1000,name_label,,,0,0,USES_MODEL_LABEL,,specs.range,karzar_product_naming_v1,no_terminology_match_on_name_lead
3709,ISL-A1-800,3,INSIZE | اینسایز,خط کش دیجیتال 80 سانتی متری اینسایز (Insize) مدل ISL-A1-800,59,خط کش دیجیتال 80 سانتی متری اینسایز (Insize) مدل ISL-A1-800,0,HOLD_MISSING_PRODUCT_TYPE,none,generic.v1,,unmatched_lead,0,ISL-A1-800,name_label,,,0,0,USES_MODEL_LABEL,,specs.range,karzar_product_naming_v1,no_terminology_match_on_name_lead
3708,ISL-A1-1000,3,INSIZE | اینسایز,خط کش دیجیتال 1 متری اینسایز (Insize) مدل ISL-A1-1000,53,خط کش دیجیتال 1 متری اینسایز (Insize) مدل ISL-A1-1000,0,HOLD_MISSING_PRODUCT_TYPE,none,generic.v1,,unmatched_lead,0,ISL-A1-1000,name_label,,,0,0,USES_MODEL_LABEL,,specs.range,karzar_product_naming_v1,no_terminology_match_on_name_lead
3706,ISM-PM200SB,3,INSIZE | اینسایز,میکروسکوپ دیجیتال اینسایز (Insize) مدل ISM-PM200SB,50,میکروسکوپ دیجیتال اینسایز (Insize) مدل ISM-PM200SB,0,HOLD_MISSING_PRODUCT_TYPE,none,generic.v1,,unmatched_lead,0,ISM-PM200SB,name_label,,,0,0,USES_MODEL_LABEL,,,karzar_product_naming_v1,no_terminology_match_on_name_lead
3705,ISM-PM200SA,3,INSIZE | اینسایز,میکروسکوپ دیجیتال اینسایز (Insize) مدل ISM-PM200SA,50,میکروسکوپ دیجیتال اینسایز (Insize) مدل ISM-PM200SA,0,HOLD_MISSING_PRODUCT_TYPE,none,generic.v1,,unmatched_lead,0,ISM-PM200SA,name_label,,,0,0,USES_MODEL_LABEL,,,karzar_product_naming_v1,no_terminology_match_on_name_lead
3704,ISF-F200,3,INSIZE | اینسایز,نیرو سنج عقربه ای 200 نیوتن اینسایز (Insize) مدل ISF-F200,57,نیرو سنج عقربه ای 200 نیوتن اینسایز (Insize) مدل ISF-F200,0,HOLD_MISSING_PRODUCT_TYPE,none,generic.v1,,unmatched_lead,0,ISF-F200,name_label,,,0,0,USES_MODEL_LABEL,,specs.range,karzar_product_naming_v1,no_terminology_match_on_name_lead
3702,HDT-LP200B,3,INSIZE | اینسایز,سختی سنج فلزات اینسایز (Insize) مدل HDT-LP200B,46,سختی سنج فلزات اینسایز (Insize) مدل HDT-LP200B,0,HOLD_MISSING_PRODUCT_TYPE,none,generic.v1,,unmatched_lead,0,HDT-LP200B,name_label,,,0,0,USES_MODEL_LABEL,,specs.range,karzar_product_naming_v1,no_terminology_match_on_name_lead
3698,ISF-F300,3,INSIZE | اینسایز,نیرو سنج عقربه ای 300 نیوتن اینسایز (Insize) مدل ISF-F300,57,نیرو سنج عقربه ای 300 نیوتن اینسایز (Insize) مدل ISF-F300,0,HOLD_MISSING_PRODUCT_TYPE,none,generic.v1,,unmatched_lead,0,ISF-F300,name_label,,,0,0,USES_MODEL_LABEL,,specs.range,karzar_product_naming_v1,no_terminology_match_on_name_lead
3694,7240-200,3,INSIZE | اینسایز,پرگار خارج سنج 20 سانتی اینسایز (Insize) مدل 200-7240,53,پرگار خارج سنج 20 سانتی اینسایز (Insize) مدل 200-7240,0,HOLD_MISSING_PRODUCT_TYPE,none,generic.v1,,unmatched_lead,0,7240-200,sku_over_reversed_title,reversed_model_vs_sku:200-7240!=7240-200,,0,0,USES_MODEL_LABEL,,specs.range,karzar_product_naming_v1,no_terminology_match_on_name_lead
3695,ISH-SAM,3,INSIZE | اینسایز,سختی سنج لاستیک A اینسایز (Insize) مدل ISH-SAM,46,سختی سنج لاستیک A اینسایز (Insize) مدل ISH-SAM,0,HOLD_MISSING_PRODUCT_TYPE,none,generic.v1,,unmatched_lead,0,ISH-SAM,name_label,,,0,0,USES_MODEL_LABEL,,specs.range,karzar_product_naming_v1,no_terminology_match_on_name_lead
3697,ISH-SDM,3,INSIZE | اینسایز,سختی سنج پلاستیک D اینسایز (Insize) مدل ISH-SDM,47,سختی سنج پلاستیک D اینسایز (Insize) مدل ISH-SDM,0,HOLD_MISSING_PRODUCT_TYPE,none,generic.v1,,unmatched_lead,0,ISH-SDM,name_label,,,0,0,USES_MODEL_LABEL,,specs.range,karzar_product_naming_v1,no_terminology_match_on_name_lead
3688,6900-1106,3,INSIZE | اینسایز,صفحه صافی گرانیت 140*630*1000 میلی متری اینسایز (insize) مدل 1106-6900,70,صفحه صافی گرانیت 140*630*1000 میلی متری اینسایز (insize) مدل 1106-6900,0,HOLD_MISSING_PRODUCT_TYPE,none,generic.v1,,unmatched_lead,0,6900-1106,sku_over_reversed_title,reversed_model_vs_sku:1106-6900!=6900-1106,,0,0,USES_MODEL_LABEL,,,karzar_product_naming_v1,no_terminology_match_on_name_lead
3687,6900-0106,3,INSIZE | اینسایز,صفحه صافی گرانیت 140*630*1000 میلی متری اینسایز (insize) مدل 0106-6900,70,صفحه صافی گرانیت 140*630*1000 میلی متری اینسایز (insize) مدل 0106-6900,0,HOLD_MISSING_PRODUCT_TYPE,none,generic.v1,,unmatched_lead,0,6900-0106,sku_over_reversed_title,reversed_model_vs_sku:0106-6900!=6900-0106,,0,0,USES_MODEL_LABEL,,,karzar_product_naming_v1,no_terminology_match_on_name_lead
3686,6211-10,3,INSIZE | اینسایز,پایه ساعت کوچک ده کیلویی اینسایز (Insize) مدل 10-6211,53,پایه ساعت کوچک ده کیلویی اینسایز (Insize) مدل 10-6211,0,HOLD_MISSING_PRODUCT_TYPE,none,generic.v1,,unmatched_lead,0,6211-10,sku_over_reversed_title,reversed_model_vs_sku:10-6211!=6211-10,,0,0,USES_MODEL_LABEL,,,karzar_product_naming_v1,no_terminology_match_on_name_lead
3684,4843-1,3,INSIZE | اینسایز,شابلون مته 118 درجه اینسایز (Insize) مدل 1-4843,47,شابلون مته 118 درجه اینسایز (Insize) مدل 1-4843,0,HOLD_MISSING_PRODUCT_TYPE,none,generic.v1,,unmatched_lead,0,4843-1,sku_over_reversed_title,reversed_model_vs_sku:1-4843!=4843-1,,0,0,USES_MODEL_LABEL,,,karzar_product_naming_v1,no_terminology_match_on_name_lead
3680,4836-1,3,INSIZE | اینسایز,گیج جوش فلت اینسایز (Insize) مدل 1-4836,39,گیج جوش فلت اینسایز (Insize) مدل 1-4836,0,HOLD_MISSING_PRODUCT_TYPE,none,generic.v1,,unmatched_lead,0,4836-1,sku_over_reversed_title,reversed_model_vs_sku:1-4836!=4836-1,,0,0,USES_MODEL_LABEL,,specs.range,karzar_product_naming_v1,no_terminology_match_on_name_lead
3670,4807,3,INSIZE | اینسایز,ست شابلون زاویه سنج 18 عدد اینسایز (Insize) مدل 4807,52,ست شابلون زاویه سنج 18 عدد اینسایز (Insize) مدل 4807,0,HOLD_MISSING_PRODUCT_TYPE,none,generic.v1,,unmatched_lead,0,4807,name_label,,,0,0,USES_MODEL_LABEL,,specs.range,karzar_product_naming_v1,no_terminology_match_on_name_lead
3667,4801-16,3,INSIZE | اینسایز,شابلون شعاع سنج 15-7.5 میلی متری اینسایز (Insize) مدل 16-4801,61,شابلون شعاع سنج 15-7.5 میلی متری اینسایز (Insize) مدل 16-4801,0,HOLD_MISSING_PRODUCT_TYPE,none,generic.v1,,unmatched_lead,0,4801-16,sku_over_reversed_title,reversed_model_vs_sku:16-4801!=4801-16,,0,0,USES_MODEL_LABEL,,specs.range,karzar_product_naming_v1,no_terminology_match_on_name_lead
3664,2183,3,INSIZE | اینسایز,شعاع سنج دیجیتال اینسایز (Insize) مدل 2183,42,شعاع سنج دیجیتال اینسایز (Insize) مدل 2183,0,HOLD_MISSING_PRODUCT_TYPE,none,generic.v1,,unmatched_lead,0,2183,name_label,,,0,0,USES_MODEL_LABEL,,specs.range,karzar_product_naming_v1,no_terminology_match_on_name_lead
3657,4605-20,3,INSIZE | اینسایز,فیلر 20 تیغه 15 سانتی متری اینسایز (Insize) مدل 20-4605,55,فیلر 20 تیغه 15 سانتی متری اینسایز (Insize) مدل 20-4605,0,HOLD_MISSING_PRODUCT_TYPE,none,generic.v1,,unmatched_lead,0,4605-20,sku_over_reversed_title,reversed_model_vs_sku:20-4605!=4605-20,,0,0,USES_MODEL_LABEL,,specs.range,karzar_product_naming_v1,no_terminology_match_on_name_lead
3656,4760-1200,3,INSIZE | اینسایز,گونیا صنعتی 60 درجه اینسایز (Insize) مدل 1200-4760,50,گونیا صنعتی 60 درجه اینسایز (Insize) مدل 1200-4760,0,HOLD_MISSING_PRODUCT_TYPE,none,generic.v1,,unmatched_lead,0,4760-1200,sku_over_reversed_title,reversed_model_vs_sku:1200-4760!=4760-1200,,0,0,USES_MODEL_LABEL,,specs.range,karzar_product_naming_v1,no_terminology_match_on_name_lead
3655,4790-0200,3,INSIZE | اینسایز,گونیا مویی 20 سانتی دقیق اینسایز (Insize) مدل 0200-4790,55,گونیا مویی 20 سانتی دقیق اینسایز (Insize) مدل 0200-4790,0,HOLD_MISSING_PRODUCT_TYPE,none,generic.v1,,unmatched_lead,0,4790-0200,sku_over_reversed_title,reversed_model_vs_sku:0200-4790!=4790-0200,,0,0,USES_MODEL_LABEL,,specs.range,karzar_product_naming_v1,no_terminology_match_on_name_lead
3654,4100-1112,3,INSIZE | اینسایز,گیج بلوک (راپورتر) 112 پارچه اینسایز (Insize) مدل 1112-4100,59,گیج بلوک (راپورتر) 112 پارچه اینسایز (Insize) مدل 1112-4100,0,HOLD_MISSING_PRODUCT_TYPE,none,generic.v1,,unmatched_lead,0,4100-1112,sku_over_reversed_title,reversed_model_vs_sku:1112-4100!=4100-1112,,0,0,USES_MODEL_LABEL,,,karzar_product_naming_v1,no_terminology_match_on_name_lead
3650,7350-35,3,INSIZE | اینسایز,ست رابط گیج داخل سیلندر 35-18 میلی متری اینسایز (Insize) مدل 35-7350,68,ست رابط گیج داخل سیلندر 35-18 میلی متری اینسایز (Insize) مدل 35-7350,0,HOLD_MISSING_PRODUCT_TYPE,none,generic.v1,,unmatched_lead,0,7350-35,sku_over_reversed_title,reversed_model_vs_sku:35-7350!=7350-35,,0,0,USES_MODEL_LABEL,,title_range_heuristic,karzar_product_naming_v1,no_terminology_match_on_name_lead
3653,4100-18,3,INSIZE | اینسایز,گیج بلوک (راپورتر) 8 پارچه اینسایز (Insize) مدل 18-4100,55,گیج بلوک (راپورتر) 8 پارچه اینسایز (Insize) مدل 18-4100,0,HOLD_MISSING_PRODUCT_TYPE,none,generic.v1,,unmatched_lead,0,4100-18,sku_over_reversed_title,reversed_model_vs_sku:18-4100!=4100-18,,0,0,USES_MODEL_LABEL,,,karzar_product_naming_v1,no_terminology_match_on_name_lead
3651,7350-60,3,INSIZE | اینسایز,ست رابط گیج داخل سیلندر 60-35 میلی متری اینسایز (Insize) مدل 60-7350,68,ست رابط گیج داخل سیلندر 60-35 میلی متری اینسایز (Insize) مدل 60-7350,0,HOLD_MISSING_PRODUCT_TYPE,none,generic.v1,,unmatched_lead,0,7350-60,sku_over_reversed_title,reversed_model_vs_sku:60-7350!=7350-60,,0,0,USES_MODEL_LABEL,,title_range_heuristic,karzar_product_naming_v1,no_terminology_match_on_name_lead
3628,2852-10,3,INSIZE | اینسایز,بورگیج داخل سیلندر اینسایز (insize) 10-6 میلیمتر مدل 10-2852,60,بورگیج داخل سیلندر اینسایز (insize) 10-6 میلیمتر مدل 10-2852,0,HOLD_MISSING_PRODUCT_TYPE,none,generic.v1,,unmatched_lead,0,2852-10,sku_over_reversed_title,reversed_model_vs_sku:10-2852!=2852-10,,0,0,USES_MODEL_LABEL,,specs.range,karzar_product_naming_v1,no_terminology_match_on_name_lead
3627,2118-10,3,INSIZE | اینسایز,ساعت اندیکاتور صفحه گردان دیجیتال اینسایز (Insize) مدل 10-2118,62,ساعت اندیکاتور صفحه گردان دیجیتال اینسایز (Insize) مدل 10-2118,0,HOLD_MISSING_PRODUCT_TYPE,none,generic.v1,,unmatched_lead,0,2118-10,sku_over_reversed_title,reversed_model_vs_sku:10-2118!=2118-10,,0,0,USES_MODEL_LABEL,,specs.range,karzar_product_naming_v1,no_terminology_match_on_name_lead
3626,2103-10,3,INSIZE | اینسایز,ساعت اندیکاتور دیجیتال هزارم اینسایز (insize) مدل 10-2103,57,ساعت اندیکاتور دیجیتال هزارم اینسایز (insize) مدل 10-2103,0,HOLD_MISSING_PRODUCT_TYPE,none,generic.v1,,unmatched_lead,0,2103-10,sku_over_reversed_title,reversed_model_vs_sku:10-2103!=2103-10,,0,0,USES_MODEL_LABEL,,specs.range,karzar_product_naming_v1,no_terminology_match_on_name_lead
3623,2318-10,3,INSIZE | اینسایز,ساعت اندیکاتور کورس 10 میلی متری اینسایز (Insize) مدل 10-2318,61,ساعت اندیکاتور کورس 10 میلی متری اینسایز (Insize) مدل 10-2318,0,HOLD_MISSING_PRODUCT_TYPE,none,generic.v1,,unmatched_lead,0,2318-10,sku_over_reversed_title,reversed_model_vs_sku:10-2318!=2318-10,,0,0,USES_MODEL_LABEL,,specs.range,karzar_product_naming_v1,no_terminology_match_on_name_lead
3625,2114-5F,3,INSIZE | اینسایز,ساعت اندیکاتور دیجیتال دور کوچک اینسایز (Insize) مدل 5F-2114,60,ساعت اندیکاتور دیجیتال دور کوچک اینسایز (Insize) مدل 5F-2114,0,HOLD_MISSING_PRODUCT_TYPE,none,generic.v1,,unmatched_lead,0,2114-5F,sku_over_reversed_title,reversed_model_vs_sku:5F-2114!=2114-5F,,0,0,USES_MODEL_LABEL,,specs.range,karzar_product_naming_v1,no_terminology_match_on_name_lead
3624,2318-30,3,INSIZE | اینسایز,ساعت اندیکاتور کورس 30 میلی متری اینسایز (Insize) مدل 30-2318,61,ساعت اندیکاتور کورس 30 میلی متری اینسایز (Insize) مدل 30-2318,0,HOLD_MISSING_PRODUCT_TYPE,none,generic.v1,,unmatched_lead,0,2318-30,sku_over_reversed_title,reversed_model_vs_sku:30-2318!=2318-30,,0,0,USES_MODEL_LABEL,,specs.range,karzar_product_naming_v1,no_terminology_match_on_name_lead
3620,2313-1,3,INSIZE | اینسایز,ساعت اندیکاتور کورس 1 میلی متری اینسایز (Insize) مدل 1-2313,59,ساعت اندیکاتور کورس 1 میلی متری اینسایز (Insize) مدل 1-2313,0,HOLD_MISSING_PRODUCT_TYPE,none,generic.v1,,unmatched_lead,0,2313-1,sku_over_reversed_title,reversed_model_vs_sku:1-2313!=2313-1,,0,0,USES_MODEL_LABEL,,specs.range,karzar_product_naming_v1,no_terminology_match_on_name_lead
3618,2310-30,3,INSIZE | اینسایز,ساعت اندیکاتور کورس 30 میلی متر اینسایز (Insize) مدل 30-2310,60,ساعت اندیکاتور کورس 30 میلی متر اینسایز (Insize) مدل 30-2310,0,HOLD_MISSING_PRODUCT_TYPE,none,generic.v1,,unmatched_lead,0,2310-30,sku_over_reversed_title,reversed_model_vs_sku:30-2310!=2310-30,,0,0,USES_MODEL_LABEL,,specs.range,karzar_product_naming_v1,no_terminology_match_on_name_lead
3613,2112-50,3,INSIZE | اینسایز,ساعت اندیکاتور دیجیتال کورس 50 میلی متری اینسایز (Insize) مدل 50-2112,69,ساعت اندیکاتور دیجیتال کورس 50 میلی متری اینسایز (Insize) مدل 50-2112,0,HOLD_MISSING_PRODUCT_TYPE,none,generic.v1,,unmatched_lead,0,2112-50,sku_over_reversed_title,reversed_model_vs_sku:50-2112!=2112-50,,0,0,USES_MODEL_LABEL,,specs.range,karzar_product_naming_v1,no_terminology_match_on_name_lead
3608,7143-50,3,INSIZE | اینسایز,متر 50 متری اینسایز (Insize) مدل 50-7143,40,متر 50 متری اینسایز (Insize) مدل 50-7143,0,HOLD_MISSING_PRODUCT_TYPE,none,generic.v1,,unmatched_lead,0,7143-50,sku_over_reversed_title,reversed_model_vs_sku:50-7143!=7143-50,,0,0,USES_MODEL_LABEL,,specs.range,karzar_product_naming_v1,no_terminology_match_on_name_lead
3606,7114-2200,3,INSIZE | اینسایز,سیرکومتر 700-300 میلی متر اینسایز (Insize) مدل 2200-7114,56,سیرکومتر 700-300 میلی متر اینسایز (Insize) مدل 2200-7114,0,HOLD_MISSING_PRODUCT_TYPE,none,generic.v1,,unmatched_lead,0,7114-2200,sku_over_reversed_title,reversed_model_vs_sku:2200-7114!=7114-2200,,0,0,USES_MODEL_LABEL,,title_range_heuristic,karzar_product_naming_v1,no_terminology_match_on_name_lead
3605,4745-1120,3,INSIZE | اینسایز,گونیا 45 درجه اینسایز (Insize) مدل 1120-4745,44,گونیا 45 درجه اینسایز (Insize) مدل 1120-4745,0,HOLD_MISSING_PRODUCT_TYPE,none,generic.v1,,unmatched_lead,0,4745-1120,sku_over_reversed_title,reversed_model_vs_sku:1120-4745!=4745-1120,,0,0,USES_MODEL_LABEL,,,karzar_product_naming_v1,no_terminology_match_on_name_lead
3603,4790-0150,3,INSIZE | اینسایز,گونیا مویی 15 سانتی اینسایز (Insize) مدل 0150-4790,50,گونیا مویی 15 سانتی اینسایز (Insize) مدل 0150-4790,0,HOLD_MISSING_PRODUCT_TYPE,none,generic.v1,,unmatched_lead,0,4790-0150,sku_over_reversed_title,reversed_model_vs_sku:0150-4790!=4790-0150,,0,0,USES_MODEL_LABEL,,specs.range,karzar_product_naming_v1,no_terminology_match_on_name_lead
3600,4166-8D,3,INSIZE | اینسایز,پین گیج 51 پارچه 8.5 – 8 میلی متری اینسایز (Insize) مدل 8D-4166,63,پین گیج 51 پارچه 8.5 – 8 میلی متری اینسایز (Insize) مدل 8D-4166,0,HOLD_MISSING_PRODUCT_TYPE,none,generic.v1,,unmatched_lead,0,4166-8D,sku_over_reversed_title,reversed_model_vs_sku:8D-4166!=4166-8D,,0,0,USES_MODEL_LABEL,,title_range_heuristic,karzar_product_naming_v1,no_terminology_match_on_name_lead
3601,4166-9D,3,INSIZE | اینسایز,پین گیج 51 پارچه 9.5 – 9 میلی متری اینسایز (Insize) مدل 9D-4166,63,پین گیج 51 پارچه 9.5 – 9 میلی متری اینسایز (Insize) مدل 9D-4166,0,HOLD_MISSING_PRODUCT_TYPE,none,generic.v1,,unmatched_lead,0,4166-9D,sku_over_reversed_title,reversed_model_vs_sku:9D-4166!=4166-9D,,0,0,USES_MODEL_LABEL,,title_range_heuristic,karzar_product_naming_v1,no_terminology_match_on_name_lead
3598,4166-8,3,INSIZE | اینسایز,پین گیج 51 پارچه 8 – 7.5 میلی متری اینسایز (Insize) مدل 8-4166,62,پین گیج 51 پارچه 8 – 7.5 میلی متری اینسایز (Insize) مدل 8-4166,0,HOLD_MISSING_PRODUCT_TYPE,none,generic.v1,,unmatched_lead,0,4166-8,sku_over_reversed_title,reversed_model_vs_sku:8-4166!=4166-8,,0,0,USES_MODEL_LABEL,,title_range_heuristic,karzar_product_naming_v1,no_terminology_match_on_name_lead
3597,4166-9,3,INSIZE | اینسایز,پین گیج 51 پارچه 9 – 8.5 میلی متری اینسایز (Insize) مدل 9-4166,62,پین گیج 51 پارچه 9 – 8.5 میلی متری اینسایز (Insize) مدل 9-4166,0,HOLD_MISSING_PRODUCT_TYPE,none,generic.v1,,unmatched_lead,0,4166-9,sku_over_reversed_title,reversed_model_vs_sku:9-4166!=4166-9,,0,0,USES_MODEL_LABEL,,title_range_heuristic,karzar_product_naming_v1,no_terminology_match_on_name_lead
3596,4166-7D,3,INSIZE | اینسایز,پین گیج 51 پارچه 7.5- 7 میلی متری اینسایز (Insize) مدل 7D-4166,62,پین گیج 51 پارچه 7.5- 7 میلی متری اینسایز (Insize) مدل 7D-4166,0,HOLD_MISSING_PRODUCT_TYPE,none,generic.v1,,unmatched_lead,0,4166-7D,sku_over_reversed_title,reversed_model_vs_sku:7D-4166!=4166-7D,,0,0,USES_MODEL_LABEL,,title_range_heuristic,karzar_product_naming_v1,no_terminology_match_on_name_lead
3593,4166-6D,3,INSIZE | اینسایز,پین گیج 51 پارچه 6.5 – 6 میلی متری اینسایز (Insize) مدل 6D-4166,63,پین گیج 51 پارچه 6.5 – 6 میلی متری اینسایز (Insize) مدل 6D-4166,0,HOLD_MISSING_PRODUCT_TYPE,none,generic.v1,,unmatched_lead,0,4166-6D,sku_over_reversed_title,reversed_model_vs_sku:6D-4166!=4166-6D,,0,0,USES_MODEL_LABEL,,title_range_heuristic,karzar_product_naming_v1,no_terminology_match_on_name_lead
3594,4166-7,3,INSIZE | اینسایز,پین گیج 51 پارچه 7 – 6.5 میلی متری اینسایز (Insize) مدل 7-4166,62,پین گیج 51 پارچه 7 – 6.5 میلی متری اینسایز (Insize) مدل 7-4166,0,HOLD_MISSING_PRODUCT_TYPE,none,generic.v1,,unmatched_lead,0,4166-7,sku_over_reversed_title,reversed_model_vs_sku:7-4166!=4166-7,,0,0,USES_MODEL_LABEL,,title_range_heuristic,karzar_product_naming_v1,no_terminology_match_on_name_lead
3591,4166-6,3,INSIZE | اینسایز,پین گیج 51 پارچه 6 -5.5 میلی متری اینسایز (Insize) مدل 6-4166,61,پین گیج 51 پارچه 6 -5.5 میلی متری اینسایز (Insize) مدل 6-4166,0,HOLD_MISSING_PRODUCT_TYPE,none,generic.v1,,unmatched_lead,0,4166-6,sku_over_reversed_title,reversed_model_vs_sku:6-4166!=4166-6,,0,0,USES_MODEL_LABEL,,title_range_heuristic,karzar_product_naming_v1,no_terminology_match_on_name_lead
3590,4166-5D,3,INSIZE | اینسایز,پین گیج 51 پارچه 5.50 – 5 میلی متری اینسایز (Insize) مدل 5D-4166,64,پین گیج 51 پارچه 5.50 – 5 میلی متری اینسایز (Insize) مدل 5D-4166,0,HOLD_MISSING_PRODUCT_TYPE,none,generic.v1,,unmatched_lead,0,4166-5D,sku_over_reversed_title,reversed_model_vs_sku:5D-4166!=4166-5D,,0,0,USES_MODEL_LABEL,,title_range_heuristic,karzar_product_naming_v1,no_terminology_match_on_name_lead
3588,4166-4D,3,INSIZE | اینسایز,پین گیج 51 پارچه 4.50-4 میلی متری اینسایز (Insize) مدل 4D-4166,62,پین گیج 51 پارچه 4.50-4 میلی متری اینسایز (Insize) مدل 4D-4166,0,HOLD_MISSING_PRODUCT_TYPE,none,generic.v1,,unmatched_lead,0,4166-4D,sku_over_reversed_title,reversed_model_vs_sku:4D-4166!=4166-4D,,0,0,USES_MODEL_LABEL,,title_range_heuristic,karzar_product_naming_v1,no_terminology_match_on_name_lead
3589,4166-5,3,INSIZE | اینسایز,پین گیج 51 پارچه 5 – 4.50 میلی متری اینسایز مدل (Insize) 4166-5,63,پین گیج 51 پارچه 5 – 4.50 میلی متری اینسایز مدل (Insize) 4166-5,0,HOLD_MISSING_PRODUCT_TYPE,none,generic.v1,,unmatched_lead,0,(Insize) 4166-5,name_label,,,0,0,USES_MODEL_LABEL,,title_range_heuristic,karzar_product_naming_v1,no_terminology_match_on_name_lead
3587,4166-4,3,INSIZE | اینسایز,پین گیج 51 پارچه 4-3.50 میلی متری اینسایز (Insize) مدل 4-4166,61,پین گیج 51 پارچه 4-3.50 میلی متری اینسایز (Insize) مدل 4-4166,0,HOLD_MISSING_PRODUCT_TYPE,none,generic.v1,,unmatched_lead,0,4166-4,sku_over_reversed_title,reversed_model_vs_sku:4-4166!=4166-4,,0,0,USES_MODEL_LABEL,,title_range_heuristic,karzar_product_naming_v1,no_terminology_match_on_name_lead
3586,4166-3,3,INSIZE | اینسایز,پین گیج 51 پارچه 3 -2.50 میلی متری اینسایز(Insize) مدل 3-4166,61,پین گیج 51 پارچه 3 -2.50 میلی متری اینسایز(Insize) مدل 3-4166,0,HOLD_MISSING_PRODUCT_TYPE,none,generic.v1,,unmatched_lead,0,4166-3,sku_over_reversed_title,reversed_model_vs_sku:3-4166!=4166-3,,0,0,USES_MODEL_LABEL,,title_range_heuristic,karzar_product_naming_v1,no_terminology_match_on_name_lead
3585,4166-2D,3,INSIZE | اینسایز,پین گیج 51 پارچه 2.50-2 میلیمتری اینسایز (Insize) مدل 2D-4166,61,پین گیج 51 پارچه 2.50-2 میلیمتری اینسایز (Insize) مدل 2D-4166,0,HOLD_MISSING_PRODUCT_TYPE,none,generic.v1,,unmatched_lead,0,4166-2D,sku_over_reversed_title,reversed_model_vs_sku:2D-4166!=4166-2D,,0,0,USES_MODEL_LABEL,,title_range_heuristic,karzar_product_naming_v1,no_terminology_match_on_name_lead
3584,4166-2,3,INSIZE | اینسایز,پین گیج 51 پارچه 2 – 1.50 میلی متری اینسایز (Insize) مدل 2-4166,63,پین گیج 51 پارچه 2 – 1.50 میلی متری اینسایز (Insize) مدل 2-4166,0,HOLD_MISSING_PRODUCT_TYPE,none,generic.v1,,unmatched_lead,0,4166-2,sku_over_reversed_title,reversed_model_vs_sku:2-4166!=4166-2,,0,0,USES_MODEL_LABEL,,title_range_heuristic,karzar_product_naming_v1,no_terminology_match_on_name_lead
3582,4166-1D,3,INSIZE | اینسایز,پین گیج 51 پارچه 1.5- 1 میلی متری اینسایز (Insize) مدل 1D-4166,62,پین گیج 51 پارچه 1.5- 1 میلی متری اینسایز (Insize) مدل 1D-4166,0,HOLD_MISSING_PRODUCT_TYPE,none,generic.v1,,unmatched_lead,0,4166-1D,sku_over_reversed_title,reversed_model_vs_sku:1D-4166!=4166-1D,,0,0,USES_MODEL_LABEL,,title_range_heuristic,karzar_product_naming_v1,no_terminology_match_on_name_lead
3576,7110-1500,3,INSIZE | اینسایز,خط کش فلزی 1.5 متری اینسایز (Insize) مدل 1500-7110,50,خط کش فلزی 1.5 متری اینسایز (Insize) مدل 1500-7110,0,HOLD_MISSING_PRODUCT_TYPE,none,generic.v1,,unmatched_lead,0,7110-1500,sku_over_reversed_title,reversed_model_vs_sku:1500-7110!=7110-1500,,0,0,USES_MODEL_LABEL,,specs.range,karzar_product_naming_v1,no_terminology_match_on_name_lead
3579,4166-1,3,INSIZE | اینسایز,پین گیج 51 پارچه 1 – 0.5 میلی متری اینسایز (Insize) مدل 1-4166,62,پین گیج 51 پارچه 1 – 0.5 میلی متری اینسایز (Insize) مدل 1-4166,0,HOLD_MISSING_PRODUCT_TYPE,none,generic.v1,,unmatched_lead,0,4166-1,sku_over_reversed_title,reversed_model_vs_sku:1-4166!=4166-1,,0,0,USES_MODEL_LABEL,,title_range_heuristic,karzar_product_naming_v1,no_terminology_match_on_name_lead
3572,4166-0D,3,INSIZE | اینسایز,پین گیج 31 پارچه 0.50 – 0.20 میلی متری اینسایز (Insize) مدل 4166-0D,67,پین گیج 31 پارچه 0.50 – 0.20 میلی متری اینسایز (Insize) مدل 4166-0D,0,HOLD_MISSING_PRODUCT_TYPE,none,generic.v1,,unmatched_lead,0,4166-0D,name_label,,,0,0,USES_MODEL_LABEL,,title_range_heuristic,karzar_product_naming_v1,no_terminology_match_on_name_lead
3542,6210-81,3,INSIZE | اینسایز,پایه ساعت مفصلی مگنتی 80 کیلوگرم اینسایز (Insize) مدل 81-6210,61,پایه ساعت مفصلی مگنتی 80 کیلوگرم اینسایز (Insize) مدل 81-6210,0,HOLD_MISSING_PRODUCT_TYPE,none,generic.v1,,unmatched_lead,0,6210-81,sku_over_reversed_title,reversed_model_vs_sku:81-6210!=6210-81,,0,0,USES_MODEL_LABEL,,,karzar_product_naming_v1,no_terminology_match_on_name_lead
3570,4621-80,3,INSIZE | اینسایز,فیلر نواری 5 متری 0.80mm اینسایز (Insize) مدل 80-4621,53,فیلر نواری 5 متری 0.80mm اینسایز (Insize) مدل 80-4621,0,HOLD_MISSING_PRODUCT_TYPE,none,generic.v1,,unmatched_lead,0,4621-80,sku_over_reversed_title,reversed_model_vs_sku:80-4621!=4621-80,,0,0,USES_MODEL_LABEL,,,karzar_product_naming_v1,no_terminology_match_on_name_lead
3520,2367-10,3,INSIZE | اینسایز,ضخامت سنج ساعتی لوله اینسایز (Insize) 10 میلی متر مدل 10-2367,61,ضخامت سنج ساعتی لوله اینسایز (Insize) 10 میلی متر مدل 10-2367,0,HOLD_MISSING_PRODUCT_TYPE,none,generic.v1,,unmatched_lead,0,2367-10,sku_over_reversed_title,reversed_model_vs_sku:10-2367!=2367-10,,0,0,USES_MODEL_LABEL,,specs.range,karzar_product_naming_v1,no_terminology_match_on_name_lead
3518,2866-10,3,INSIZE | اینسایز,ضخامت سنج ساعتی 10 میلی متری اینسایز (Insize) مدل 10-2866,57,ضخامت سنج ساعتی 10 میلی متری اینسایز (Insize) مدل 10-2866,0,HOLD_MISSING_PRODUCT_TYPE,none,generic.v1,,unmatched_lead,0,2866-10,sku_over_reversed_title,reversed_model_vs_sku:10-2866!=2866-10,,0,0,USES_MODEL_LABEL,,specs.range,karzar_product_naming_v1,no_terminology_match_on_name_lead
3517,2863-10,3,INSIZE | اینسایز,ضخامت سنج ساعتی 10 میلی متری اینسایز (Insize) مدل 10-2863,57,ضخامت سنج ساعتی 10 میلی متری اینسایز (Insize) مدل 10-2863,0,HOLD_MISSING_PRODUCT_TYPE,none,generic.v1,,unmatched_lead,0,2863-10,sku_over_reversed_title,reversed_model_vs_sku:10-2863!=2863-10,,0,0,USES_MODEL_LABEL,,specs.range,karzar_product_naming_v1,no_terminology_match_on_name_lead
3512,2364-1,3,INSIZE | اینسایز,ضخامت سنج ساعتی 1 میلی متری اینسایز (Insize) مدل 1-2364,55,ضخامت سنج ساعتی 1 میلی متری اینسایز (Insize) مدل 1-2364,0,HOLD_MISSING_PRODUCT_TYPE,none,generic.v1,,unmatched_lead,0,2364-1,sku_over_reversed_title,reversed_model_vs_sku:1-2364!=2364-1,,0,0,USES_MODEL_LABEL,,specs.range,karzar_product_naming_v1,no_terminology_match_on_name_lead
3493,2361-10,3,INSIZE | اینسایز,ضخامت سنج ساعتی 10میلی متری اینسایز (Insize) مدل 10-2361,56,ضخامت سنج ساعتی 10میلی متری اینسایز (Insize) مدل 10-2361,0,HOLD_MISSING_PRODUCT_TYPE,none,generic.v1,,unmatched_lead,0,2361-10,sku_over_reversed_title,reversed_model_vs_sku:10-2361!=2361-10,,0,0,USES_MODEL_LABEL,,specs.range,karzar_product_naming_v1,no_terminology_match_on_name_lead
3492,2151-55,3,INSIZE | اینسایز,پرگار دیجیتالی داخل سنج 55-35 میلی متری اینسایز (Insize) مدل 55-2151,68,پرگار دیجیتالی داخل سنج 55-35 میلی متری اینسایز (Insize) مدل 55-2151,0,HOLD_MISSING_PRODUCT_TYPE,none,generic.v1,,unmatched_lead,0,2151-55,sku_over_reversed_title,reversed_model_vs_sku:55-2151!=2151-55,,0,0,USES_MODEL_LABEL,,specs.range,karzar_product_naming_v1,no_terminology_match_on_name_lead
3490,2151-35,3,INSIZE | اینسایز,پرگار دیجیتالی داخل 35-15 میلی متری اینسایز (Insize) مدل 35-2151,64,پرگار دیجیتالی داخل 35-15 میلی متری اینسایز (Insize) مدل 35-2151,0,HOLD_MISSING_PRODUCT_TYPE,none,generic.v1,,unmatched_lead,0,2151-35,sku_over_reversed_title,reversed_model_vs_sku:35-2151!=2151-35,,0,0,USES_MODEL_LABEL,,specs.range,karzar_product_naming_v1,no_terminology_match_on_name_lead
3489,ISE-2DT,3,INSIZE | اینسایز,تراز دیجیتال اینسایز (Insize) مدل ISE-2DT,41,تراز دیجیتال اینسایز (Insize) مدل ISE-2DT,0,HOLD_MISSING_PRODUCT_TYPE,none,generic.v1,,unmatched_lead,0,ISE-2DT,name_label,,,0,0,USES_MODEL_LABEL,,specs.range,karzar_product_naming_v1,no_terminology_match_on_name_lead
3488,2332-20,3,INSIZE | اینسایز,پرگار ساعتی خارج سنج 20-0 میلی متری اینسایز (Insize) مدل 20-2332,64,پرگار ساعتی خارج سنج 20-0 میلی متری اینسایز (Insize) مدل 20-2332,0,HOLD_MISSING_PRODUCT_TYPE,none,generic.v1,,unmatched_lead,0,2332-20,sku_over_reversed_title,reversed_model_vs_sku:20-2332!=2332-20,,0,0,USES_MODEL_LABEL,,specs.range,karzar_product_naming_v1,no_terminology_match_on_name_lead
3487,2121-25,3,INSIZE | اینسایز,پرگار دیجیتالی داخل سنج 25-5 میلی متری اینسایز (Insize) مدل 25-2121,67,پرگار دیجیتالی داخل سنج 25-5 میلی متری اینسایز (Insize) مدل 25-2121,0,HOLD_MISSING_PRODUCT_TYPE,none,generic.v1,,unmatched_lead,0,2121-25,sku_over_reversed_title,reversed_model_vs_sku:25-2121!=2121-25,,0,0,USES_MODEL_LABEL,,specs.range,karzar_product_naming_v1,no_terminology_match_on_name_lead
3486,4100-2122,3,INSIZE | اینسایز,گیج بلوک (راپورتر) 122 پارچه اینسایز (Insize) مدل 2122-4100,59,گیج بلوک (راپورتر) 122 پارچه اینسایز (Insize) مدل 2122-4100,0,HOLD_MISSING_PRODUCT_TYPE,none,generic.v1,,unmatched_lead,0,4100-2122,sku_over_reversed_title,reversed_model_vs_sku:2122-4100!=4100-2122,,0,0,USES_MODEL_LABEL,,,karzar_product_naming_v1,no_terminology_match_on_name_lead
3483,2308-10,3,INSIZE | اینسایز,ساعت اندیکاتور اینسایز (Insize) مدل 10-2308,43,ساعت اندیکاتور اینسایز (Insize) مدل 10-2308,0,HOLD_MISSING_PRODUCT_TYPE,none,generic.v1,,unmatched_lead,0,2308-10,sku_over_reversed_title,reversed_model_vs_sku:10-2308!=2308-10,,0,0,USES_MODEL_LABEL,,specs.range,karzar_product_naming_v1,no_terminology_match_on_name_lead
3482,2307-025,3,INSIZE | اینسایز,ساعت اینچی اندیکاتور اینسایز (Insize) مدل 025-2307,50,ساعت اینچی اندیکاتور اینسایز (Insize) مدل 025-2307,0,HOLD_MISSING_PRODUCT_TYPE,none,generic.v1,,unmatched_lead,0,2307-025,sku_over_reversed_title,reversed_model_vs_sku:025-2307!=2307-025,,0,0,USES_MODEL_LABEL,,specs.range,karzar_product_naming_v1,no_terminology_match_on_name_lead
3481,2307-1,3,INSIZE | اینسایز,ساعت اینچی اندیکاتور اینسایز (Insize) مدل 1-2307,48,ساعت اینچی اندیکاتور اینسایز (Insize) مدل 1-2307,0,HOLD_MISSING_PRODUCT_TYPE,none,generic.v1,,unmatched_lead,0,2307-1,sku_over_reversed_title,reversed_model_vs_sku:1-2307!=2307-1,,0,0,USES_MODEL_LABEL,,specs.range,karzar_product_naming_v1,no_terminology_match_on_name_lead
3438,TS20,13,ASTPOWER | ای اس تی پاور,سنگ SDC مناسب قلاويز کارباید تيز كن دستگاه – TS20 ASTPOWER,58,,1,HOLD_MISSING_PRODUCT_TYPE,none,generic.v1,,unmatched_lead,0,,sku_rejected_non_native,sku_not_brand_native,,0,0,ARABIC_YE_OR_KAF,,,karzar_product_naming_v1,no_terminology_match_on_name_lead
3439,TS42,13,ASTPOWER | ای اس تی پاور,سنگ SDC مناسب قلاويز کارباید تيز كن دستگاه – TS42 ASTPOWER,58,,1,HOLD_MISSING_PRODUCT_TYPE,none,generic.v1,,unmatched_lead,0,,sku_rejected_non_native,sku_not_brand_native,,0,0,ARABIC_YE_OR_KAF,,,karzar_product_naming_v1,no_terminology_match_on_name_lead
3429,FB620,13,ASTPOWER | ای اس تی پاور,سنگ SDC فرز تیز کن FB620 دستگاه چپ ASTPOWER,43,,1,HOLD_MISSING_PRODUCT_TYPE,none,generic.v1,,unmatched_lead,0,,sku_rejected_non_native,sku_not_brand_native,,0,0,,,,karzar_product_naming_v1,no_terminology_match_on_name_lead
3431,FTV313,13,ASTPOWER | ای اس تی پاور,سنگ SDC فرز تیز کن مناسب فرز کارباید دستگاه FTV313 سایز 4 تا 5 میلی متر ASTPOWER,80,,1,HOLD_MISSING_PRODUCT_TYPE,none,generic.v1,,unmatched_lead,0,,sku_rejected_non_native,sku_not_brand_native,,0,0,,,,karzar_product_naming_v1,no_terminology_match_on_name_lead
3414,DR313,13,ASTPOWER | ای اس تی پاور,سنگ SDC مناسب مته کارباید تیز کن TU-DR313/ TU-D13E12 ASTPOWER,61,,1,HOLD_MISSING_PRODUCT_TYPE,none,generic.v1,,unmatched_lead,0,,sku_rejected_non_native,sku_not_brand_native,,0,0,,,,karzar_product_naming_v1,no_terminology_match_on_name_lead
3412,DR313-2,13,ASTPOWER | ای اس تی پاور,سنگ CBN مناسب مته HSS تیز کن TU-DR313/ TU-D13E12 ASTPOWER,57,,1,HOLD_MISSING_PRODUCT_TYPE,none,generic.v1,,unmatched_lead,0,,sku_rejected_non_native,sku_not_brand_native,,0,0,,,,karzar_product_naming_v1,no_terminology_match_on_name_lead
3374,AST-COR100,13,ASTPOWER | ای اس تی پاور,دستگاه کُرگیری 100 پرومکس – (کُردریل – CORE DRILL),50,,1,HOLD_MISSING_PRODUCT_TYPE,none,generic.v1,,unmatched_lead,0,AST-COR100,sku_as_candidate,title_lacks_code_label,,0,0,,,,karzar_product_naming_v1,no_terminology_match_on_name_lead
3409,TU-DR230-2,13,ASTPOWER | ای اس تی پاور,سنگ SDC مناسب مته کارباید تیزکن مدل TU-DR230 ASTPOWER,53,,1,HOLD_MISSING_PRODUCT_TYPE,none,generic.v1,,unmatched_lead,0,TU-DR230 ASTPOWER,name_label,,,0,0,USES_MODEL_LABEL,,,karzar_product_naming_v1,no_terminology_match_on_name_lead
3364,DR230,13,ASTPOWER | ای اس تی پاور,دستگاه مته تیز کن TU-DR230,26,,1,HOLD_MISSING_PRODUCT_TYPE,none,generic.v1,,unmatched_lead,0,,sku_rejected_non_native,sku_not_brand_native,,0,0,,,,karzar_product_naming_v1,no_terminology_match_on_name_lead
3363,DR313-3,13,ASTPOWER | ای اس تی پاور,دستگاه مته تیز کن TU-DR313 توربوکات,35,,1,HOLD_MISSING_PRODUCT_TYPE,none,generic.v1,,unmatched_lead,0,,sku_rejected_non_native,sku_not_brand_native,,0,0,,,,karzar_product_naming_v1,no_terminology_match_on_name_lead
3361,TU-D13E12,13,ASTPOWER | ای اس تی پاور,دستگاه مته تیز کن و فرز تیز کن TU-D13E12 توربوکات,49,,1,HOLD_MISSING_PRODUCT_TYPE,none,generic.v1,,unmatched_lead,0,,sku_rejected_non_native,sku_not_brand_native,,0,0,,,,karzar_product_naming_v1,no_terminology_match_on_name_lead
3356,TU-TCOR355,13,ASTPOWER | ای اس تی پاور,دستگاه کُرگیری 355 توربوکات – (کُردریل – CORE DRILL),52,,1,HOLD_MISSING_PRODUCT_TYPE,none,generic.v1,,unmatched_lead,0,,sku_rejected_non_native,sku_not_brand_native,,0,0,,,,karzar_product_naming_v1,no_terminology_match_on_name_lead
3355,TU-TCOR255,13,ASTPOWER | ای اس تی پاور,دستگاه کُرگیری 255 توربوکات – (کُردریل – CORE DRILL),52,,1,HOLD_MISSING_PRODUCT_TYPE,none,generic.v1,,unmatched_lead,0,,sku_rejected_non_native,sku_not_brand_native,,0,0,,,,karzar_product_naming_v1,no_terminology_match_on_name_lead
3354,TU-TCOR305,13,ASTPOWER | ای اس تی پاور,دستگاه کُرگیری 305 توربوکات – (کُردریل – CORE DRILL),52,,1,HOLD_MISSING_PRODUCT_TYPE,none,generic.v1,,unmatched_lead,0,,sku_rejected_non_native,sku_not_brand_native,,0,0,,,,karzar_product_naming_v1,no_terminology_match_on_name_lead
3353,TU-TCOR205,13,ASTPOWER | ای اس تی پاور,دستگاه کُرگیری 205 توربوکات – (کُردریل – CORE DRILL),52,,1,HOLD_MISSING_PRODUCT_TYPE,none,generic.v1,,unmatched_lead,0,,sku_rejected_non_native,sku_not_brand_native,,0,0,,,,karzar_product_naming_v1,no_terminology_match_on_name_lead
3352,AST-COR255P,13,ASTPOWER | ای اس تی پاور,دستگاه کُرگیری 255 پرومکس – (کُردریل – CORE DRILL),50,,1,HOLD_MISSING_PRODUCT_TYPE,none,generic.v1,,unmatched_lead,0,AST-COR255P,sku_as_candidate,title_lacks_code_label,,0,0,,,,karzar_product_naming_v1,no_terminology_match_on_name_lead
3351,AST-COR355P,13,ASTPOWER | ای اس تی پاور,دستگاه کُرگیری 355 پرومکس – (کُردریل – CORE DRILL),50,,1,HOLD_MISSING_PRODUCT_TYPE,none,generic.v1,,unmatched_lead,0,AST-COR355P,sku_as_candidate,title_lacks_code_label,,0,0,,,,karzar_product_naming_v1,no_terminology_match_on_name_lead
3350,AST-COR80,13,ASTPOWER | ای اس تی پاور,دستگاه کُرگیری 80 پرومکس – (کُردریل – CORE DRILL),49,,1,HOLD_MISSING_PRODUCT_TYPE,none,generic.v1,,unmatched_lead,0,AST-COR80,sku_as_candidate,title_lacks_code_label,,0,0,,,,karzar_product_naming_v1,no_terminology_match_on_name_lead
3332,AST-SPARK600,13,ASTPOWER | ای اس تی پاور,دستگاه اسپارک AST SP600,23,,1,HOLD_MISSING_PRODUCT_TYPE,none,generic.v1,,unmatched_lead,0,AST-SPARK600,sku_as_candidate,title_lacks_code_label,,0,0,,,,karzar_product_naming_v1,no_terminology_match_on_name_lead
3349,AST-PRO/T100,13,ASTPOWER | ای اس تی پاور,دستگاه دریل مگنت قلاویز زن دیمردار PRO/T100,43,,1,HOLD_MISSING_PRODUCT_TYPE,none,generic.v1,,unmatched_lead,0,AST-PRO/T100,sku_as_candidate,title_lacks_code_label,,0,0,,,,karzar_product_naming_v1,no_terminology_match_on_name_lead
3331,AST-SPARK3000,13,ASTPOWER | ای اس تی پاور,دستگاه اسپارک AST SP3000,24,,1,HOLD_MISSING_PRODUCT_TYPE,none,generic.v1,,unmatched_lead,0,AST-SPARK3000,sku_as_candidate,title_lacks_code_label,,0,0,,,,karzar_product_naming_v1,no_terminology_match_on_name_lead
3325,AST-26MA-2,13,ASTPOWER | ای اس تی پاور,دستگاه مته تیزکن AST-26MA,25,,1,HOLD_MISSING_PRODUCT_TYPE,none,generic.v1,,unmatched_lead,0,AST-26MA-2,sku_as_candidate,title_lacks_code_label,,0,0,,,,karzar_product_naming_v1,no_terminology_match_on_name_lead
3303,AST-BS2-8,13,ASTPOWER | ای اس تی پاور,تایکوپ BS2 برند AST Power,25,,1,HOLD_MISSING_PRODUCT_TYPE,none,generic.v1,,unmatched_lead,0,AST-BS2-8,sku_as_candidate,title_lacks_code_label,,0,0,,,,karzar_product_naming_v1,no_terminology_match_on_name_lead
3293,AST-PRO/T150,13,ASTPOWER | ای اس تی پاور,دستگاه دریل مگنت قلاویز زن دیمردار PRO/T150,43,,1,HOLD_MISSING_PRODUCT_TYPE,none,generic.v1,,unmatched_lead,0,AST-PRO/T150,sku_as_candidate,title_lacks_code_label,,0,0,,,,karzar_product_naming_v1,no_terminology_match_on_name_lead
3292,AST-PRO/T65,13,ASTPOWER | ای اس تی پاور,دستگاه دریل مگنت قلاویز زن دیمردار PRO/T65,42,,1,HOLD_MISSING_PRODUCT_TYPE,none,generic.v1,,unmatched_lead,0,AST-PRO/T65,sku_as_candidate,title_lacks_code_label,,0,0,,,,karzar_product_naming_v1,no_terminology_match_on_name_lead
3256,AST-13MA-2,13,ASTPOWER | ای اس تی پاور,دستگاه مته تیزکن AST-13MA,25,,1,HOLD_MISSING_PRODUCT_TYPE,none,generic.v1,,unmatched_lead,0,AST-13MA-2,sku_as_candidate,title_lacks_code_label,,0,0,,,,karzar_product_naming_v1,no_terminology_match_on_name_lead
2388,513-455E,2,Mitutoyo | میتوتویو,ساعت شیطونکی میتوتویو کورس 0.2 میلی‌متر مدل 513-455E,52,,1,HOLD_MISSING_PRODUCT_TYPE,none,generic.v1,,unmatched_lead,0,513-455E,name_label,,,0,0,USES_MODEL_LABEL,,specs.range,karzar_product_naming_v1,no_terminology_match_on_name_lead
2347,187-502,2,Mitutoyo | میتوتویو,زاویه سنج دیجیتال یونیورسال 30 سانت دقت صدم درجه (یک دقیقه) مدل 502-187,71,,1,HOLD_MISSING_PRODUCT_TYPE,none,generic.v1,,unmatched_lead,0,187-502,sku_over_reversed_title,reversed_model_vs_sku:502-187!=187-502,,0,0,USES_MODEL_LABEL,,specs.range,karzar_product_naming_v1,no_terminology_match_on_name_lead
2337,547-301,2,Mitutoyo | میتوتویو,ضخامت‌سنج ورق دیجیتال میتوتویو 10-0 میلی‌متر مدل 301-547,56,,1,HOLD_MISSING_PRODUCT_TYPE,none,generic.v1,,unmatched_lead,0,547-301,sku_over_reversed_title,reversed_model_vs_sku:301-547!=547-301,,0,0,USES_MODEL_LABEL,,specs.range,karzar_product_naming_v1,no_terminology_match_on_name_lead
2290,2046S-60,2,Mitutoyo | میتوتویو,ساعت اندیکاتور کورس۱۰ میلیمتر,29,,1,HOLD_MISSING_PRODUCT_TYPE,none,generic.v1,,unmatched_lead,0,,sku_rejected_non_native,sku_not_brand_native,,0,0,,,specs.range,karzar_product_naming_v1,no_terminology_match_on_name_lead
2289,2118S-10,2,Mitutoyo | میتوتویو,ساعت اندیکاتور کورس 5 میلیمتر 2118S-10,38,,1,HOLD_MISSING_PRODUCT_TYPE,none,generic.v1,,unmatched_lead,0,,sku_rejected_non_native,sku_not_brand_native,,0,0,,,specs.range,karzar_product_naming_v1,no_terminology_match_on_name_lead
2288,2044S,2,Mitutoyo | میتوتویو,ساعت اندیکاتور کورس 5 میلیمتر 2044S,35,,1,HOLD_MISSING_PRODUCT_TYPE,none,generic.v1,,unmatched_lead,0,,sku_rejected_non_native,sku_not_brand_native,,0,0,,,specs.range,karzar_product_naming_v1,no_terminology_match_on_name_lead
2279,513-514E,2,Mitutoyo | میتوتویو,ساعت شیطونکی میتوتویو کورس 0.5 میلی‌متر مدل 514-513,51,,1,HOLD_MISSING_PRODUCT_TYPE,none,generic.v1,,unmatched_lead,0,514-513,name_label,,,0,0,USES_MODEL_LABEL,,specs.range,karzar_product_naming_v1,no_terminology_match_on_name_lead
2280,190547,2,Mitutoyo | میتوتویو,پراب ساعت شیطانکی میتوتویو طول 14.7 میلی‌متر مدل 190547,55,,1,HOLD_MISSING_PRODUCT_TYPE,none,generic.v1,,unmatched_lead,0,190547,name_label,,,0,0,USES_MODEL_LABEL,,specs.range,karzar_product_naming_v1,no_terminology_match_on_name_lead
2278,513-444E,2,Mitutoyo | میتوتویو,ساعت شیطانکی میتوتویو 1.6 میلی‌متر مدل 444-513,46,,1,HOLD_MISSING_PRODUCT_TYPE,none,generic.v1,,unmatched_lead,0,444-513,name_label,,,0,0,USES_MODEL_LABEL,,specs.range,karzar_product_naming_v1,no_terminology_match_on_name_lead
2273,7002-10,2,Mitutoyo | میتوتویو,پایه ساعت میتوتویو دو صفحه قابل تعویض مدل 10-7002,49,,1,HOLD_MISSING_PRODUCT_TYPE,none,generic.v1,,unmatched_lead,0,7002-10,sku_over_reversed_title,reversed_model_vs_sku:10-7002!=7002-10,,0,0,USES_MODEL_LABEL,,,karzar_product_naming_v1,no_terminology_match_on_name_lead
2272,7031,2,Mitutoyo | میتوتویو,پایه ساعت اندیکاتور میتوتویو مفصلی مگنتی مدل 7031,49,,1,HOLD_MISSING_PRODUCT_TYPE,none,generic.v1,,unmatched_lead,0,7031,name_label,,,0,0,USES_MODEL_LABEL,,,karzar_product_naming_v1,no_terminology_match_on_name_lead
2271,7032,2,Mitutoyo | میتوتویو,پایه ساعت اندیکاتور میتوتویو مفصلی مگنتی مدل 7032,49,,1,HOLD_MISSING_PRODUCT_TYPE,none,generic.v1,,unmatched_lead,0,7032,name_label,,,0,0,USES_MODEL_LABEL,,,karzar_product_naming_v1,no_terminology_match_on_name_lead
2265,515-322,2,Mitutoyo | میتوتویو,هایت مستر ورنیه,15,,1,HOLD_MISSING_PRODUCT_TYPE,none,generic.v1,,unmatched_lead,0,515-322,sku_as_candidate,title_lacks_code_label,,0,0,,,,karzar_product_naming_v1,no_terminology_match_on_name_lead
2264,601644,2,Mitutoyo | میتوتویو,سنگ تنظیف گیج بلاک,18,,1,HOLD_MISSING_PRODUCT_TYPE,none,generic.v1,,unmatched_lead,0,601644,sku_as_candidate,title_lacks_code_label,,0,0,,,,karzar_product_naming_v1,no_terminology_match_on_name_lead
2263,516-650,2,Mitutoyo | میتوتویو,ست تعمیر و تنظیف گیج بلوک,25,,1,HOLD_MISSING_PRODUCT_TYPE,none,generic.v1,,unmatched_lead,0,516-650,sku_as_candidate,title_lacks_code_label,,0,0,,,,karzar_product_naming_v1,no_terminology_match_on_name_lead
2243,543-782,2,Mitutoyo | میتوتویو,ساعت اندیکاتور دیجیتال میتوتویو 12.7 میلی‌متر اینچ/متریک مدل 782-543,68,,1,HOLD_MISSING_PRODUCT_TYPE,none,generic.v1,,unmatched_lead,0,543-782,sku_over_reversed_title,reversed_model_vs_sku:782-543!=543-782,,0,0,USES_MODEL_LABEL,,specs.range,karzar_product_naming_v1,no_terminology_match_on_name_lead
2233,3050S,2,Mitutoyo | میتوتویو,ساعت اندیکاتور کورس ۲۰میلیمتر 3050S,35,,1,HOLD_MISSING_PRODUCT_TYPE,none,generic.v1,,unmatched_lead,0,,sku_rejected_non_native,sku_not_brand_native,,0,0,,,specs.range,karzar_product_naming_v1,no_terminology_match_on_name_lead
2220,518-230,2,Mitutoyo | میتوتویو,۴۶۵-۰Height Gage میلیمتر,24,,1,HOLD_MISSING_PRODUCT_TYPE,none,generic.v1,,unmatched_lead,0,518-230,sku_as_candidate,title_lacks_code_label,,0,0,,,specs.range,karzar_product_naming_v1,no_terminology_match_on_name_lead
2188,551-206-10,2,Mitutoyo | میتوتویو,کولیس دیجیتال ۷۵۰-۰ میلیمتر,27,,1,HOLD_MISSING_MANUFACTURER_CODE,none,metrology.caliper.v1,کولیس دیجیتال,terminology:کولیس دیجیتال,0,,sku_rejected_non_native,sku_not_brand_native,,0,0,,,title_range_heuristic,karzar_product_naming_v1,missing_manufacturer_code
2137,513-404E,2,Mitutoyo | میتوتویو,ساعت شیطانکی میتوتویو کورس 0.8 میلی‌متر مدل 404E-513,52,,1,HOLD_MISSING_PRODUCT_TYPE,none,generic.v1,,unmatched_lead,0,513-404E,sku_over_reversed_title,reversed_model_vs_sku:404E-513!=513-404E,,0,0,USES_MODEL_LABEL,,specs.range,karzar_product_naming_v1,no_terminology_match_on_name_lead
2139,513-404T,2,Mitutoyo | میتوتویو,ساعت شیطونکی میتوتویو کورس 0.8 میلی‌متر مدل 404T-513,52,,1,HOLD_MISSING_PRODUCT_TYPE,none,generic.v1,,unmatched_lead,0,513-404T,sku_over_reversed_title,reversed_model_vs_sku:404T-513!=513-404T,,0,0,USES_MODEL_LABEL,,specs.range,karzar_product_naming_v1,no_terminology_match_on_name_lead
2126,516-938,2,Mitutoyo | میتوتویو,گیج بلاک (گیج بلوک) ۱۰۰-۱ میلیمتر,33,,1,HOLD_MISSING_PRODUCT_TYPE,none,generic.v1,,unmatched_lead,0,516-938,sku_as_candidate,title_lacks_code_label,,0,0,,,title_range_heuristic,karzar_product_naming_v1,no_terminology_match_on_name_lead
2105,9721-250,3,INSIZE | اینسایز,تستر ولتاژ دیجیتالی اینسایز (Insize) مدل 250-9721,49,تستر ولتاژ دیجیتالی اینسایز (Insize) مدل 250-9721,0,HOLD_MISSING_PRODUCT_TYPE,none,generic.v1,,unmatched_lead,0,9721-250,sku_over_reversed_title,reversed_model_vs_sku:250-9721!=9721-250,,0,0,USES_MODEL_LABEL,,specs.range,karzar_product_naming_v1,no_terminology_match_on_name_lead
2100,8601-100,3,INSIZE | اینسایز,ترازو دیجیتال اینسایز (Insize) 0.1-100g مدل 100-8601,52,ترازو دیجیتال اینسایز (Insize) 0.1-100g مدل 100-8601,0,HOLD_MISSING_PRODUCT_TYPE,none,generic.v1,,unmatched_lead,0,8601-100,sku_over_reversed_title,reversed_model_vs_sku:100-8601!=8601-100,,0,0,USES_MODEL_LABEL,,specs.range,karzar_product_naming_v1,no_terminology_match_on_name_lead
2104,9351-130,3,INSIZE | اینسایز,صوت سنج دیجیتالی اینسایز (Insize) 30 – 130 دسی بل مدل 130-9351,62,صوت سنج دیجیتالی اینسایز (Insize) 30 – 130 دسی بل مدل 130-9351,0,HOLD_MISSING_PRODUCT_TYPE,none,generic.v1,,unmatched_lead,0,9351-130,sku_over_reversed_title,reversed_model_vs_sku:130-9351!=9351-130,,0,0,USES_MODEL_LABEL,,specs.range,karzar_product_naming_v1,no_terminology_match_on_name_lead
2098,7350-160,3,INSIZE | اینسایز,ست رابط گیج داخل سیلندر 160-50 میلی متری اینسایز (Insize) مدل 160-7350,70,ست رابط گیج داخل سیلندر 160-50 میلی متری اینسایز (Insize) مدل 160-7350,0,HOLD_MISSING_PRODUCT_TYPE,none,generic.v1,,unmatched_lead,0,7350-160,sku_over_reversed_title,reversed_model_vs_sku:160-7350!=7350-160,,0,0,USES_MODEL_LABEL,,specs.range,karzar_product_naming_v1,no_terminology_match_on_name_lead
2088,7205-200,3,INSIZE | اینسایز,گونیا مرکز یاب اینسایز (Insize) مدل 200-7205,44,گونیا مرکز یاب اینسایز (Insize) مدل 200-7205,0,HOLD_MISSING_PRODUCT_TYPE,none,generic.v1,,unmatched_lead,0,7205-200,sku_over_reversed_title,reversed_model_vs_sku:200-7205!=7205-200,,0,0,USES_MODEL_LABEL,,specs.range,karzar_product_naming_v1,no_terminology_match_on_name_lead
2084,7114-950,3,INSIZE | اینسایز,سیرکومتر قطر لوله 20 - 300 — 0-950mm,36,سیرکومتر قطر لوله 20 - 300 — 0-950mm | INSIZE,0,HOLD_MISSING_PRODUCT_TYPE,none,generic.v1,,unmatched_lead,0,7114-950,sku_as_candidate,title_lacks_code_label,,0,0,,,specs.range,karzar_product_naming_v1,no_terminology_match_on_name_lead
2079,7110-300,3,INSIZE | اینسایز,خط کش فلزی 30 سانتی اینسایز (Insize) مدل 300-7110,49,خط کش فلزی 30 سانتی اینسایز (Insize) مدل 300-7110,0,HOLD_MISSING_PRODUCT_TYPE,none,generic.v1,,unmatched_lead,0,7110-300,sku_over_reversed_title,reversed_model_vs_sku:300-7110!=7110-300,,0,0,USES_MODEL_LABEL,,specs.range,karzar_product_naming_v1,no_terminology_match_on_name_lead
2078,7110-200,3,INSIZE | اینسایز,خط کش فلزی 20 سانتی اینسایز (Insize) مدل 200-7110,49,خط کش فلزی 20 سانتی اینسایز (Insize) مدل 200-7110,0,HOLD_MISSING_PRODUCT_TYPE,none,generic.v1,,unmatched_lead,0,7110-200,sku_over_reversed_title,reversed_model_vs_sku:200-7110!=7110-200,,0,0,USES_MODEL_LABEL,,specs.range,karzar_product_naming_v1,no_terminology_match_on_name_lead
2077,7110-150,3,INSIZE | اینسایز,خط کش فلزی 15 سانتی اینسایز (Insize) مدل 150-7110,49,خط کش فلزی 15 سانتی اینسایز (Insize) مدل 150-7110,0,HOLD_MISSING_PRODUCT_TYPE,none,generic.v1,,unmatched_lead,0,7110-150,sku_over_reversed_title,reversed_model_vs_sku:150-7110!=7110-150,,0,0,USES_MODEL_LABEL,,specs.range,karzar_product_naming_v1,no_terminology_match_on_name_lead
2075,6900-185,3,INSIZE | اینسایز,صفحه صافی گرانیت 100*500*800 میلی متری اینسایز (insize) مدل 185-6900,68,صفحه صافی گرانیت 100*500*800 میلی متری اینسایز (insize) مدل 185-6900,0,HOLD_MISSING_PRODUCT_TYPE,none,generic.v1,,unmatched_lead,0,6900-185,sku_over_reversed_title,reversed_model_vs_sku:185-6900!=6900-185,,0,0,USES_MODEL_LABEL,,specs.range,karzar_product_naming_v1,no_terminology_match_on_name_lead
2074,6900-164,3,INSIZE | اینسایز,صفحه صافی گرانیت 80*400*630 میلی متری اینسایز (insize) مدل 164-6900,67,صفحه صافی گرانیت 80*400*630 میلی متری اینسایز (insize) مدل 164-6900,0,HOLD_MISSING_PRODUCT_TYPE,none,generic.v1,,unmatched_lead,0,6900-164,sku_over_reversed_title,reversed_model_vs_sku:164-6900!=6900-164,,0,0,USES_MODEL_LABEL,,specs.range,karzar_product_naming_v1,no_terminology_match_on_name_lead
2072,6900-142,3,INSIZE | اینسایز,صفحه صافی گرانیتی اینسایز (Insize) 250-400 میلی‌ متر مدل 142-6900,65,صفحه صافی گرانیتی اینسایز (Insize) 250-400 میلی‌ متر مدل 142-6900,0,HOLD_MISSING_PRODUCT_TYPE,none,generic.v1,,unmatched_lead,0,6900-142,sku_over_reversed_title,reversed_model_vs_sku:142-6900!=6900-142,,0,0,USES_MODEL_LABEL,,specs.range,karzar_product_naming_v1,no_terminology_match_on_name_lead
2073,6900-153,3,INSIZE | اینسایز,صفحه صافی گرانیت 70*315*500 میلی متری اینسایز (insize) مدل 153-6900,67,صفحه صافی گرانیت 70*315*500 میلی متری اینسایز (insize) مدل 153-6900,0,HOLD_MISSING_PRODUCT_TYPE,none,generic.v1,,unmatched_lead,0,6900-153,sku_over_reversed_title,reversed_model_vs_sku:153-6900!=6900-153,,0,0,USES_MODEL_LABEL,,specs.range,karzar_product_naming_v1,no_terminology_match_on_name_lead
2071,6900-132,3,INSIZE | اینسایز,صفحه صافی گرانیتی اینسایز (Insize) مدل 132-6900,47,صفحه صافی گرانیتی اینسایز (Insize) مدل 132-6900,0,HOLD_MISSING_PRODUCT_TYPE,none,generic.v1,,unmatched_lead,0,6900-132,sku_over_reversed_title,reversed_model_vs_sku:132-6900!=6900-132,,0,0,USES_MODEL_LABEL,,specs.range,karzar_product_naming_v1,no_terminology_match_on_name_lead
2069,6866-150,3,INSIZE | اینسایز,پایه ساعت گرانیتی اینسایز (Insize) مدل 150-6866,47,پایه ساعت گرانیتی اینسایز (Insize) مدل 150-6866,0,HOLD_MISSING_PRODUCT_TYPE,none,generic.v1,,unmatched_lead,0,6866-150,sku_over_reversed_title,reversed_model_vs_sku:150-6866!=6866-150,,0,0,USES_MODEL_LABEL,,specs.range,karzar_product_naming_v1,no_terminology_match_on_name_lead
2068,6862-1002,3,INSIZE | اینسایز,پایه ساعت اینسایز (Insize) مدل 1002-6862,40,پایه ساعت اینسایز (Insize) مدل 1002-6862,0,HOLD_MISSING_PRODUCT_TYPE,none,generic.v1,,unmatched_lead,0,6862-1002,sku_over_reversed_title,reversed_model_vs_sku:1002-6862!=6862-1002,,0,0,USES_MODEL_LABEL,,specs.range,karzar_product_naming_v1,no_terminology_match_on_name_lead
2067,6801-1202,3,INSIZE | اینسایز,وی بلوک مگنتی اینسایز (Insize) 95*70*100 میلیمتر مدل 1202-6801,62,وی بلوک مگنتی اینسایز (Insize) 95*70*100 میلیمتر مدل 1202-6801,0,HOLD_MISSING_PRODUCT_TYPE,none,generic.v1,,unmatched_lead,0,6801-1202,sku_over_reversed_title,reversed_model_vs_sku:1202-6801!=6801-1202,,0,0,USES_MODEL_LABEL,,specs.range,karzar_product_naming_v1,no_terminology_match_on_name_lead
2066,6801-1201,3,INSIZE | اینسایز,وی بلوک مگنتی اینسایز (Insize) 95*70*80 میلیمتر مدل 1201-6801,61,وی بلوک مگنتی اینسایز (Insize) 95*70*80 میلیمتر مدل 1201-6801,0,HOLD_MISSING_PRODUCT_TYPE,none,generic.v1,,unmatched_lead,0,6801-1201,sku_over_reversed_title,reversed_model_vs_sku:1201-6801!=6801-1201,,0,0,USES_MODEL_LABEL,,specs.range,karzar_product_naming_v1,no_terminology_match_on_name_lead
2064,6511-241,3,INSIZE | اینسایز,پارالل گیج اینسایز (Insize) مدل 241-6511,40,پارالل گیج اینسایز (Insize) مدل 241-6511,0,HOLD_MISSING_PRODUCT_TYPE,none,generic.v1,,unmatched_lead,0,6511-241,sku_over_reversed_title,reversed_model_vs_sku:241-6511!=6511-241,,0,0,USES_MODEL_LABEL,,specs.range,karzar_product_naming_v1,no_terminology_match_on_name_lead
2048,4918-300,3,INSIZE | اینسایز,تراز اینسایز (Insize) 30 سانت مگنت دار مدل 300-4918,51,تراز اینسایز (Insize) 30 سانت مگنت دار مدل 300-4918,0,HOLD_MISSING_PRODUCT_TYPE,none,generic.v1,,unmatched_lead,0,4918-300,sku_over_reversed_title,reversed_model_vs_sku:300-4918!=4918-300,,0,0,USES_MODEL_LABEL,,specs.range,karzar_product_naming_v1,no_terminology_match_on_name_lead
2049,4918-600,3,INSIZE | اینسایز,تراز اینسایز (Insize) 60 سانت مگنت دار مدل 600-4918,51,,1,HOLD_MISSING_PRODUCT_TYPE,none,generic.v1,,unmatched_lead,0,4918-600,sku_over_reversed_title,reversed_model_vs_sku:600-4918!=4918-600,,0,0,USES_MODEL_LABEL,,specs.بازه اندازه‌گیری,karzar_product_naming_v1,no_terminology_match_on_name_lead
2045,4911-600,3,INSIZE | اینسایز,تراز اینسایز (Insize) 60 سانت آلومینیومی (بدون مگنت) مدل 600-4911,65,تراز اینسایز (Insize) 60 سانت آلومینیومی (بدون مگنت) مدل 600-4911,0,HOLD_MISSING_PRODUCT_TYPE,none,generic.v1,,unmatched_lead,0,4911-600,sku_over_reversed_title,reversed_model_vs_sku:600-4911!=4911-600,,0,0,USES_MODEL_LABEL,,specs.range,karzar_product_naming_v1,no_terminology_match_on_name_lead
2044,4910-600,3,INSIZE | اینسایز,شیب سنج دیجیتال اینسایز (Insize) 60 سانت مدل 600-4910,53,شیب سنج دیجیتال اینسایز (Insize) 60 سانت مدل 600-4910,0,HOLD_MISSING_PRODUCT_TYPE,none,generic.v1,,unmatched_lead,0,4910-600,sku_over_reversed_title,reversed_model_vs_sku:600-4910!=4910-600,,0,0,USES_MODEL_LABEL,,specs.range,karzar_product_naming_v1,no_terminology_match_on_name_lead
2043,4910-400,3,INSIZE | اینسایز,شیب سنج دیجیتال اینسایز (Insize) 40 سانت مدل 400-4910,53,شیب سنج دیجیتال اینسایز (Insize) 40 سانت مدل 400-4910,0,HOLD_MISSING_PRODUCT_TYPE,none,generic.v1,,unmatched_lead,0,4910-400,sku_over_reversed_title,reversed_model_vs_sku:400-4910!=4910-400,,0,0,USES_MODEL_LABEL,,specs.range,karzar_product_naming_v1,no_terminology_match_on_name_lead
2039,4902-300,3,INSIZE | اینسایز,تراز صنعتی چهار گوش اینسایز (Insize) مدل 300-4902,49,تراز صنعتی چهار گوش اینسایز (Insize) مدل 300-4902,0,HOLD_MISSING_PRODUCT_TYPE,none,generic.v1,,unmatched_lead,0,4902-300,sku_over_reversed_title,reversed_model_vs_sku:300-4902!=4902-300,,0,0,USES_MODEL_LABEL,,,karzar_product_naming_v1,no_terminology_match_on_name_lead
2038,4902-200,3,INSIZE | اینسایز,تراز چهار گوش اینسایز 20 سانتی (Insize) مدل 200-4902,52,تراز چهار گوش اینسایز 20 سانتی (Insize) مدل 200-4902,0,HOLD_MISSING_PRODUCT_TYPE,none,generic.v1,,unmatched_lead,0,4902-200,sku_over_reversed_title,reversed_model_vs_sku:200-4902!=4902-200,,0,0,USES_MODEL_LABEL,,,karzar_product_naming_v1,no_terminology_match_on_name_lead
2037,4902-150,3,INSIZE | اینسایز,تراز چهار گوش اینسایز 15 سانتی (Insize) مدل 150-4902,52,تراز چهار گوش اینسایز 15 سانتی (Insize) مدل 150-4902,0,HOLD_MISSING_PRODUCT_TYPE,none,generic.v1,,unmatched_lead,0,4902-150,sku_over_reversed_title,reversed_model_vs_sku:150-4902!=4902-150,,0,0,USES_MODEL_LABEL,,,karzar_product_naming_v1,no_terminology_match_on_name_lead
2036,4860-245,3,INSIZE | اینسایز,شابلون مودول 20 درجه 4.5 – 0.35 میلی متر اینسایز (Insize) مدل 245-4860,70,شابلون مودول 20 درجه 4.5 – 0.35 میلی متر اینسایز (Insize) مدل 245-4860,0,HOLD_MISSING_PRODUCT_TYPE,none,generic.v1,,unmatched_lead,0,4860-245,sku_over_reversed_title,reversed_model_vs_sku:245-4860!=4860-245,,0,0,USES_MODEL_LABEL,,specs.range,karzar_product_naming_v1,no_terminology_match_on_name_lead
2035,4860-212,3,INSIZE | اینسایز,شابلون دنده ای ذوزنقه ای اینسایز (Insize) مدل 212-4860,54,شابلون دنده ای ذوزنقه ای اینسایز (Insize) مدل 212-4860,0,HOLD_MISSING_PRODUCT_TYPE,none,generic.v1,,unmatched_lead,0,4860-212,sku_over_reversed_title,reversed_model_vs_sku:212-4860!=4860-212,,0,0,USES_MODEL_LABEL,,specs.range,karzar_product_naming_v1,no_terminology_match_on_name_lead
2033,4820-452,3,INSIZE | اینسایز,شابلون رزوه اینچ و میلیمتر 6 – 0.25 میلی متر اینسایز (insize) مدل 452-4820,74,شابلون رزوه اینچ و میلیمتر 6 – 0.25 میلی متر اینسایز (insize) مدل 452-4820,0,HOLD_MISSING_PRODUCT_TYPE,none,generic.v1,,unmatched_lead,0,4820-452,sku_over_reversed_title,reversed_model_vs_sku:452-4820!=4820-452,,0,0,USES_MODEL_LABEL,,title_range_heuristic,karzar_product_naming_v1,no_terminology_match_on_name_lead
2032,4820-230,3,INSIZE | اینسایز,شابلون دنده 60 درجه اینسایز (Insize) مدل 230-4820,49,شابلون دنده 60 درجه اینسایز (Insize) مدل 230-4820,0,HOLD_MISSING_PRODUCT_TYPE,none,generic.v1,,unmatched_lead,0,4820-230,sku_over_reversed_title,reversed_model_vs_sku:230-4820!=4820-230,,0,0,USES_MODEL_LABEL,,,karzar_product_naming_v1,no_terminology_match_on_name_lead
2031,4810-602,3,INSIZE | اینسایز,شابلون رنده 60 درجه اینسایز (Insize) مدل 602-4810,49,شابلون رنده 60 درجه اینسایز (Insize) مدل 602-4810,0,HOLD_MISSING_PRODUCT_TYPE,none,generic.v1,,unmatched_lead,0,4810-602,sku_over_reversed_title,reversed_model_vs_sku:602-4810!=4810-602,,0,0,USES_MODEL_LABEL,,,karzar_product_naming_v1,no_terminology_match_on_name_lead
2030,4810-601,3,INSIZE | اینسایز,شابلون رنده 60 درجه اینسایز (Insize) مدل 601-4810,49,شابلون رنده 60 درجه اینسایز (Insize) مدل 601-4810,0,HOLD_MISSING_PRODUCT_TYPE,none,generic.v1,,unmatched_lead,0,4810-601,sku_over_reversed_title,reversed_model_vs_sku:601-4810!=4810-601,,0,0,USES_MODEL_LABEL,,,karzar_product_naming_v1,no_terminology_match_on_name_lead
2025,4799-1120,3,INSIZE | اینسایز,زاویه سنج 15 سانتی اینسایز (Insize) مدل 1120-4799,49,زاویه سنج 15 سانتی اینسایز (Insize) مدل 1120-4799,0,HOLD_MISSING_PRODUCT_TYPE,none,generic.v1,,unmatched_lead,0,4799-1120,sku_over_reversed_title,reversed_model_vs_sku:1120-4799!=4799-1120,,0,0,USES_MODEL_LABEL,,specs.range,karzar_product_naming_v1,no_terminology_match_on_name_lead
2024,4796-300,3,INSIZE | اینسایز,گونیا صنعتی اینسایز (Insize) 300×200 میلیمتر مدل 300-4796,57,گونیا صنعتی اینسایز (Insize) 300×200 میلیمتر مدل 300-4796,0,HOLD_MISSING_PRODUCT_TYPE,none,generic.v1,,unmatched_lead,0,4796-300,sku_over_reversed_title,reversed_model_vs_sku:300-4796!=4796-300,,0,0,USES_MODEL_LABEL,,specs.range,karzar_product_naming_v1,no_terminology_match_on_name_lead
2023,4796-150,3,INSIZE | اینسایز,گونیا صنعتی اینسایز (Insize) 150×100 میلیمتر مدل 150-4796,57,گونیا صنعتی اینسایز (Insize) 150×100 میلیمتر مدل 150-4796,0,HOLD_MISSING_PRODUCT_TYPE,none,generic.v1,,unmatched_lead,0,4796-150,sku_over_reversed_title,reversed_model_vs_sku:150-4796!=4796-150,,0,0,USES_MODEL_LABEL,,specs.range,karzar_product_naming_v1,no_terminology_match_on_name_lead
2022,4796-100,3,INSIZE | اینسایز,گونیا صنعتی اینسایز (Insize) 70×100 میلیمتر کد 100-4796,55,گونیا صنعتی اینسایز (Insize) 70×100 میلیمتر کد 100-4796,0,HOLD_MISSING_PRODUCT_TYPE,none,generic.v1,,unmatched_lead,0,4796-100,sku_over_reversed_title,reversed_model_vs_sku:100-4796!=4796-100,,0,0,,,specs.range,karzar_product_naming_v1,no_terminology_match_on_name_lead
2021,4745-1200,3,INSIZE | اینسایز,گونیا 45 درجه اینسایز (Insize) مدل 1200-4745,44,گونیا 45 درجه اینسایز (Insize) مدل 1200-4745,0,HOLD_MISSING_PRODUCT_TYPE,none,generic.v1,,unmatched_lead,0,4745-1200,sku_over_reversed_title,reversed_model_vs_sku:1200-4745!=4745-1200,,0,0,USES_MODEL_LABEL,,,karzar_product_naming_v1,no_terminology_match_on_name_lead
2020,4745-1150,3,INSIZE | اینسایز,گونیا 45 درجه اینسایز (Insize) مدل 1150-4745,44,گونیا 45 درجه اینسایز (Insize) مدل 1150-4745,0,HOLD_MISSING_PRODUCT_TYPE,none,generic.v1,,unmatched_lead,0,4745-1150,sku_over_reversed_title,reversed_model_vs_sku:1150-4745!=4745-1150,,0,0,USES_MODEL_LABEL,,,karzar_product_naming_v1,no_terminology_match_on_name_lead
2018,4707-300,3,INSIZE | اینسایز,گونیا صنعتی 30 سانتی اینسایز (Insize) مدل 300-4707,50,گونیا صنعتی 30 سانتی اینسایز (Insize) مدل 300-4707,0,HOLD_MISSING_PRODUCT_TYPE,none,generic.v1,,unmatched_lead,0,4707-300,sku_over_reversed_title,reversed_model_vs_sku:300-4707!=4707-300,,0,0,USES_MODEL_LABEL,,,karzar_product_naming_v1,no_terminology_match_on_name_lead
2017,4700-200,3,INSIZE | اینسایز,خط کش مویی 20 سانتی اینسایز (insize) مدل 200-4700,49,خط کش مویی 20 سانتی اینسایز (insize) مدل 200-4700,0,HOLD_MISSING_PRODUCT_TYPE,none,generic.v1,,unmatched_lead,0,4700-200,sku_over_reversed_title,reversed_model_vs_sku:200-4700!=4700-200,,0,0,USES_MODEL_LABEL,,specs.range,karzar_product_naming_v1,no_terminology_match_on_name_lead
2015,4605-202,3,INSIZE | اینسایز,فیلر 20 تیغه 30 سانتی متری اینسایز (Insize) مدل 202-4605,56,فیلر 20 تیغه 30 سانتی متری اینسایز (Insize) مدل 202-4605,0,HOLD_MISSING_PRODUCT_TYPE,none,generic.v1,,unmatched_lead,0,4605-202,sku_over_reversed_title,reversed_model_vs_sku:202-4605!=4605-202,,0,0,USES_MODEL_LABEL,,specs.range,karzar_product_naming_v1,no_terminology_match_on_name_lead
2011,4166-511,3,INSIZE | اینسایز,پین گیج 51 پارچه 10-5 میلی متری اینسایز (Insize) مدل 511-4166,61,پین گیج 51 پارچه 10-5 میلی متری اینسایز (Insize) مدل 511-4166,0,HOLD_MISSING_PRODUCT_TYPE,none,generic.v1,,unmatched_lead,0,4166-511,sku_over_reversed_title,reversed_model_vs_sku:511-4166!=4166-511,,0,0,USES_MODEL_LABEL,,title_range_heuristic,karzar_product_naming_v1,no_terminology_match_on_name_lead
2013,4166-513,3,INSIZE | اینسایز,پین گیج 51 پارچه 20-15 میلی متری اینسایز (Insize) مدل513-4166,61,پین گیج 51 پارچه 20-15 میلی متری اینسایز (Insize) مدل513-4166,0,HOLD_MISSING_PRODUCT_TYPE,none,generic.v1,,unmatched_lead,0,4166-513,sku_as_candidate,title_lacks_code_label,,0,0,USES_MODEL_LABEL,,title_range_heuristic,karzar_product_naming_v1,no_terminology_match_on_name_lead
2019,4707-500,3,INSIZE | اینسایز,گونیا صنعتی 50 سانتی اینسایز (Insize) مدل 500-4707,50,گونیا صنعتی 50 سانتی اینسایز (Insize) مدل 500-4707,0,HOLD_MISSING_PRODUCT_TYPE,none,generic.v1,,unmatched_lead,0,4707-500,sku_over_reversed_title,reversed_model_vs_sku:500-4707!=4707-500,,0,0,USES_MODEL_LABEL,,,karzar_product_naming_v1,no_terminology_match_on_name_lead
2012,4166-512,3,INSIZE | اینسایز,ست پین گیج اینسایز (Insize) 10 – 15 میلی متر 51 پارچه مدل 512-4166,66,ست پین گیج اینسایز (Insize) 10 – 15 میلی متر 51 پارچه مدل 512-4166,0,HOLD_MISSING_PRODUCT_TYPE,none,generic.v1,,unmatched_lead,0,4166-512,sku_over_reversed_title,reversed_model_vs_sku:512-4166!=4166-512,,0,0,USES_MODEL_LABEL,,specs.range,karzar_product_naming_v1,no_terminology_match_on_name_lead
2010,4166-411,3,INSIZE | اینسایز,پین گیج 41 پارچه 5-1 میلی متری اینسایز (Insize) مدل 411-4166,60,پین گیج 41 پارچه 5-1 میلی متری اینسایز (Insize) مدل 411-4166,0,HOLD_MISSING_PRODUCT_TYPE,none,generic.v1,,unmatched_lead,0,4166-411,sku_over_reversed_title,reversed_model_vs_sku:411-4166!=4166-411,,0,0,USES_MODEL_LABEL,,title_range_heuristic,karzar_product_naming_v1,no_terminology_match_on_name_lead
2005,4141-400,3,INSIZE | اینسایز,گونیا گرانیتی اینسایز (Insize) 250×400mm مدل 400-4141,53,گونیا گرانیتی اینسایز (Insize) 250×400mm مدل 400-4141,0,HOLD_MISSING_PRODUCT_TYPE,none,generic.v1,,unmatched_lead,0,4141-400,sku_over_reversed_title,reversed_model_vs_sku:400-4141!=4141-400,,0,0,USES_MODEL_LABEL,,specs.range,karzar_product_naming_v1,no_terminology_match_on_name_lead
2004,4100-287,3,INSIZE | اینسایز,گیج بلوک (راپورتر) 87 عددی اینسایز (Insize) مدل 287-4100,56,گیج بلوک (راپورتر) 87 عددی اینسایز (Insize) مدل 287-4100,0,HOLD_MISSING_PRODUCT_TYPE,none,generic.v1,,unmatched_lead,0,4100-287,sku_over_reversed_title,reversed_model_vs_sku:287-4100!=4100-287,,0,0,USES_MODEL_LABEL,,specs.range,karzar_product_naming_v1,no_terminology_match_on_name_lead
2002,4100-232,3,INSIZE | اینسایز,گیج بلوک (راپورتر) 32 پارچه اینسایز (Insize) مدل 232-4100,57,گیج بلوک (راپورتر) 32 پارچه اینسایز (Insize) مدل 232-4100,0,HOLD_MISSING_PRODUCT_TYPE,none,generic.v1,,unmatched_lead,0,4100-232,sku_over_reversed_title,reversed_model_vs_sku:232-4100!=4100-232,,0,0,USES_MODEL_LABEL,,specs.range,karzar_product_naming_v1,no_terminology_match_on_name_lead
2003,4100-247,3,INSIZE | اینسایز,گیج بلوک (راپورتر) 47 پارچه اینسایز (insize) مدل 247-4100,57,گیج بلوک (راپورتر) 47 پارچه اینسایز (insize) مدل 247-4100,0,HOLD_MISSING_PRODUCT_TYPE,none,generic.v1,,unmatched_lead,0,4100-247,sku_over_reversed_title,reversed_model_vs_sku:247-4100!=4100-247,,0,0,USES_MODEL_LABEL,,specs.range,karzar_product_naming_v1,no_terminology_match_on_name_lead
2001,4100-187,3,INSIZE | اینسایز,گیج بلوک (راپورتر) 87 پارچه اینسایز (Insize) مدل 187-4100,57,گیج بلوک (راپورتر) 87 پارچه اینسایز (Insize) مدل 187-4100,0,HOLD_MISSING_PRODUCT_TYPE,none,generic.v1,,unmatched_lead,0,4100-187,sku_over_reversed_title,reversed_model_vs_sku:187-4100!=4100-187,,0,0,USES_MODEL_LABEL,,specs.range,karzar_product_naming_v1,no_terminology_match_on_name_lead
1999,3540-300,3,INSIZE | اینسایز,عمق سنج میله ای دیجیتال 30 سانتی اینسایز (Insize) مدل 300-3540,62,عمق سنج میله ای دیجیتال 30 سانتی اینسایز (Insize) مدل 300-3540,0,HOLD_MISSING_PRODUCT_TYPE,none,generic.v1,,unmatched_lead,0,3540-300,sku_over_reversed_title,reversed_model_vs_sku:300-3540!=3540-300,,0,0,USES_MODEL_LABEL,,specs.range,karzar_product_naming_v1,no_terminology_match_on_name_lead
1998,3540-150,3,INSIZE | اینسایز,عمق سنج میله ای دیجیتال اینسایز (Insize) 0-150 میلی متر مدل 150-3540,68,عمق سنج میله ای دیجیتال اینسایز (Insize) 0-150 میلی متر مدل 150-3540,0,HOLD_MISSING_PRODUCT_TYPE,none,generic.v1,,unmatched_lead,0,3540-150,sku_over_reversed_title,reversed_model_vs_sku:150-3540!=3540-150,,0,0,USES_MODEL_LABEL,,specs.range,karzar_product_naming_v1,no_terminology_match_on_name_lead
1913,2862-102,3,INSIZE | اینسایز,ضخامت سنج ساعتی 10 میلی متری اینسایز (Insize) مدل 102-2862,58,ضخامت سنج ساعتی 10 میلی متری اینسایز (Insize) مدل 102-2862,0,HOLD_MISSING_PRODUCT_TYPE,none,generic.v1,,unmatched_lead,0,2862-102,sku_over_reversed_title,reversed_model_vs_sku:102-2862!=2862-102,,0,0,USES_MODEL_LABEL,,specs.range,karzar_product_naming_v1,no_terminology_match_on_name_lead
1912,2841-500,3,INSIZE | اینسایز,گیج شفت اینسایز (Insize) مدل 500-2841,37,گیج شفت اینسایز (Insize) مدل 500-2841,0,HOLD_MISSING_PRODUCT_TYPE,none,generic.v1,,unmatched_lead,0,2841-500,sku_over_reversed_title,reversed_model_vs_sku:500-2841!=2841-500,,0,0,USES_MODEL_LABEL,,specs.range,karzar_product_naming_v1,no_terminology_match_on_name_lead
1911,2841-300,3,INSIZE | اینسایز,گیج شفت اینسایز (Insize) 60-300 مدل 300-2841,44,گیج شفت اینسایز (Insize) 60-300 مدل 300-2841,0,HOLD_MISSING_PRODUCT_TYPE,none,generic.v1,,unmatched_lead,0,2841-300,sku_over_reversed_title,reversed_model_vs_sku:300-2841!=2841-300,,0,0,USES_MODEL_LABEL,,specs.range,karzar_product_naming_v1,no_terminology_match_on_name_lead
1908,2825-160,3,INSIZE | اینسایز,گیج داخل سیلندر ساعتی اینسایز (Insize) 50-160 میلیمتر مدل 160-2825,66,گیج داخل سیلندر ساعتی اینسایز (Insize) 50-160 میلیمتر مدل 160-2825,0,HOLD_MISSING_PRODUCT_TYPE,none,generic.v1,,unmatched_lead,0,2825-160,sku_over_reversed_title,reversed_model_vs_sku:160-2825!=2825-160,,0,0,USES_MODEL_LABEL,,specs.range,karzar_product_naming_v1,no_terminology_match_on_name_lead
1907,2771-360,3,INSIZE | اینسایز,زاویه‌ سنج دیجیتال 360 درجه اینسایز (Insize) مدل 360-2771,57,زاویه‌ سنج دیجیتال 360 درجه اینسایز (Insize) مدل 360-2771,0,HOLD_MISSING_PRODUCT_TYPE,none,generic.v1,,unmatched_lead,0,2771-360,sku_over_reversed_title,reversed_model_vs_sku:360-2771!=2771-360,,0,0,USES_MODEL_LABEL,,specs.range,karzar_product_naming_v1,no_terminology_match_on_name_lead
1906,2711-216,3,INSIZE | اینسایز,پرگار دیجیتال اینسایز (Insize) مدل 216-2711,43,پرگار دیجیتال اینسایز (Insize) مدل 216-2711,0,HOLD_MISSING_PRODUCT_TYPE,none,generic.v1,,unmatched_lead,0,2711-216,sku_over_reversed_title,reversed_model_vs_sku:216-2711!=2711-216,,0,0,USES_MODEL_LABEL,,specs.range,karzar_product_naming_v1,no_terminology_match_on_name_lead
1905,2711-165,3,INSIZE | اینسایز,پرگار دیجیتال داخل اینسایز (Insize) 12.7-165 میلی متر مدل 165-2711,66,پرگار دیجیتال داخل اینسایز (Insize) 12.7-165 میلی متر مدل 165-2711,0,HOLD_MISSING_PRODUCT_TYPE,none,generic.v1,,unmatched_lead,0,2711-165,sku_over_reversed_title,reversed_model_vs_sku:165-2711!=2711-165,,0,0,USES_MODEL_LABEL,,specs.range,karzar_product_naming_v1,no_terminology_match_on_name_lead
1903,2374-320,3,INSIZE | اینسایز,زاویه سنج اینسایز (Insize) مدل 320-2374,39,زاویه سنج اینسایز (Insize) مدل 320-2374,0,HOLD_MISSING_PRODUCT_TYPE,none,generic.v1,,unmatched_lead,0,2374-320,sku_over_reversed_title,reversed_model_vs_sku:320-2374!=2374-320,,0,0,USES_MODEL_LABEL,,specs.range,karzar_product_naming_v1,no_terminology_match_on_name_lead
1902,2373-360,3,INSIZE | اینسایز,زاویه سنج ساعتی اینسایز (Insize) مدل 360-2373,45,زاویه سنج ساعتی اینسایز (Insize) مدل 360-2373,0,HOLD_MISSING_PRODUCT_TYPE,none,generic.v1,,unmatched_lead,0,2373-360,sku_over_reversed_title,reversed_model_vs_sku:360-2373!=2373-360,,0,0,USES_MODEL_LABEL,,specs.range,karzar_product_naming_v1,no_terminology_match_on_name_lead
1900,2343-102,3,INSIZE | اینسایز,عمق سنج سوزنی ساعتی 10-0 میلی متری اینساز (Insize) مدل 102-2343,63,عمق سنج سوزنی ساعتی 10-0 میلی متری اینساز (Insize) مدل 102-2343,0,HOLD_MISSING_PRODUCT_TYPE,none,generic.v1,,unmatched_lead,0,2343-102,sku_over_reversed_title,reversed_model_vs_sku:102-2343!=2343-102,,0,0,USES_MODEL_LABEL,,specs.range,karzar_product_naming_v1,no_terminology_match_on_name_lead
1899,2342-202,3,INSIZE | اینسایز,عمق سنج ساعتی اینسایز (Insize) 300 میلی متر مدل 202-2342,56,عمق سنج ساعتی اینسایز (Insize) 300 میلی متر مدل 202-2342,0,HOLD_MISSING_PRODUCT_TYPE,none,generic.v1,,unmatched_lead,0,2342-202,sku_over_reversed_title,reversed_model_vs_sku:202-2342!=2342-202,,0,0,USES_MODEL_LABEL,,specs.range,karzar_product_naming_v1,no_terminology_match_on_name_lead
1898,2341-101,3,INSIZE | اینسایز,عمق سنج ساعتی 1 سانتی اینساز (Insize) مدل 101-2341,50,عمق سنج ساعتی 1 سانتی اینساز (Insize) مدل 101-2341,0,HOLD_MISSING_PRODUCT_TYPE,none,generic.v1,,unmatched_lead,0,2341-101,sku_over_reversed_title,reversed_model_vs_sku:101-2341!=2341-101,,0,0,USES_MODEL_LABEL,,specs.range,karzar_product_naming_v1,no_terminology_match_on_name_lead
1897,2333-201,3,INSIZE | اینسایز,پرگار خارج سنج اینسایز (Insize) ساعتی 20 میلی متر مدل 201-2333,62,پرگار خارج سنج اینسایز (Insize) ساعتی 20 میلی متر مدل 201-2333,0,HOLD_MISSING_PRODUCT_TYPE,none,generic.v1,,unmatched_lead,0,2333-201,sku_over_reversed_title,reversed_model_vs_sku:201-2333!=2333-201,,0,0,USES_MODEL_LABEL,,specs.range,karzar_product_naming_v1,no_terminology_match_on_name_lead
1893,2307-105,3,INSIZE | اینسایز,ساعت اینچی اندیکاتور اینسایز (Insize) مدل 105-2307,50,ساعت اینچی اندیکاتور اینسایز (Insize) مدل 105-2307,0,HOLD_MISSING_PRODUCT_TYPE,none,generic.v1,,unmatched_lead,0,2307-105,sku_over_reversed_title,reversed_model_vs_sku:105-2307!=2307-105,,0,0,USES_MODEL_LABEL,,specs.range,karzar_product_naming_v1,no_terminology_match_on_name_lead
1892,2281-360,3,INSIZE | اینسایز,زاویه سنج اینسایز (Insize) 20 سانت مدل 360-2281,47,زاویه سنج اینسایز (Insize) 20 سانت مدل 360-2281,0,HOLD_MISSING_PRODUCT_TYPE,none,generic.v1,,unmatched_lead,0,2281-360,sku_over_reversed_title,reversed_model_vs_sku:360-2281!=2281-360,,0,0,USES_MODEL_LABEL,,specs.range,karzar_product_naming_v1,no_terminology_match_on_name_lead
1889,2223-153,3,INSIZE | اینسایز,پرگار ساعتی داخل 55-153 میلی متری اینسایز (Insize) مدل 153-2223,63,پرگار ساعتی داخل 55-153 میلی متری اینسایز (Insize) مدل 153-2223,0,HOLD_MISSING_PRODUCT_TYPE,none,generic.v1,,unmatched_lead,0,2223-153,sku_over_reversed_title,reversed_model_vs_sku:153-2223!=2223-153,,0,0,USES_MODEL_LABEL,,specs.range,karzar_product_naming_v1,no_terminology_match_on_name_lead
1888,2222-301,3,INSIZE | اینسایز,پرگار داخل سنج ساعتی 30-10 میلی‌ متر اینسایز (Insize) مدل 301-2222,66,پرگار داخل سنج ساعتی 30-10 میلی‌ متر اینسایز (Insize) مدل 301-2222,0,HOLD_MISSING_PRODUCT_TYPE,none,generic.v1,,unmatched_lead,0,2222-301,sku_over_reversed_title,reversed_model_vs_sku:301-2222!=2222-301,,0,0,USES_MODEL_LABEL,,specs.range,karzar_product_naming_v1,no_terminology_match_on_name_lead
1885,2176-200,3,INSIZE | اینسایز,زاویه سنج دیجیتال اینسایز (Insize) 20 سانت مدل 200-2176,55,زاویه سنج دیجیتال اینسایز (Insize) 20 سانت مدل 200-2176,0,HOLD_MISSING_PRODUCT_TYPE,none,generic.v1,,unmatched_lead,0,2176-200,sku_over_reversed_title,reversed_model_vs_sku:200-2176!=2176-200,,0,0,USES_MODEL_LABEL,,specs.range,karzar_product_naming_v1,no_terminology_match_on_name_lead
1884,2175-360,3,INSIZE | اینسایز,تراز دیجیتال مگنت دار اینسایز (Insize) مدل 360-2175,51,تراز دیجیتال مگنت دار اینسایز (Insize) مدل 360-2175,0,HOLD_MISSING_PRODUCT_TYPE,none,generic.v1,,unmatched_lead,0,2175-360,sku_over_reversed_title,reversed_model_vs_sku:360-2175!=2175-360,,0,0,USES_MODEL_LABEL,,specs.range,karzar_product_naming_v1,no_terminology_match_on_name_lead
1883,2174-225,3,INSIZE | اینسایز,زاویه سنج دیجیتال اینسایز (Insize) 46 سانت آب تراز دار مدل 225-2174,67,زاویه سنج دیجیتال اینسایز (Insize) 46 سانت آب تراز دار مدل 225-2174,0,HOLD_MISSING_PRODUCT_TYPE,none,generic.v1,,unmatched_lead,0,2174-225,sku_over_reversed_title,reversed_model_vs_sku:225-2174!=2174-225,,0,0,USES_MODEL_LABEL,,specs.range,karzar_product_naming_v1,no_terminology_match_on_name_lead
1879,2142-102,3,INSIZE | اینسایز,عمق سنج دیجیتال سوزنی اینسایز( INSIZE) مدل 102-2142,51,عمق سنج دیجیتال سوزنی اینسایز( INSIZE) مدل 102-2142,0,HOLD_MISSING_PRODUCT_TYPE,none,generic.v1,,unmatched_lead,0,2142-102,sku_over_reversed_title,reversed_model_vs_sku:102-2142!=2142-102,,0,0,duplicated_brand|USES_MODEL_LABEL,,specs.range,karzar_product_naming_v1,no_terminology_match_on_name_lead
1881,2172-360,3,INSIZE | اینسایز,زاویه سنج دیجیتال اینسایز (Insize) مدل 360-2172,47,زاویه سنج دیجیتال اینسایز (Insize) مدل 360-2172,0,HOLD_MISSING_PRODUCT_TYPE,none,generic.v1,,unmatched_lead,0,2172-360,sku_over_reversed_title,reversed_model_vs_sku:360-2172!=2172-360,,0,0,USES_MODEL_LABEL,,specs.range,karzar_product_naming_v1,no_terminology_match_on_name_lead
1878,2142-101,3,INSIZE | اینسایز,عمق سنج سوزنی دیجیتال اینسایز (Insize) 0-10 میلیمتر مدل 101-2142,64,عمق سنج سوزنی دیجیتال اینسایز (Insize) 0-10 میلیمتر مدل 101-2142,0,HOLD_MISSING_PRODUCT_TYPE,none,generic.v1,,unmatched_lead,0,2142-101,sku_over_reversed_title,reversed_model_vs_sku:101-2142!=2142-101,,0,0,USES_MODEL_LABEL,,specs.range,karzar_product_naming_v1,no_terminology_match_on_name_lead
1877,2141-202,3,INSIZE | اینسایز,عمق سنج صلیبی دیجیتال 30 سانتی اینسایز (Insize) مدل 202-2141,60,عمق سنج صلیبی دیجیتال 30 سانتی اینسایز (Insize) مدل 202-2141,0,HOLD_MISSING_PRODUCT_TYPE,none,generic.v1,,unmatched_lead,0,2141-202,sku_over_reversed_title,reversed_model_vs_sku:202-2141!=2141-202,,0,0,USES_MODEL_LABEL,,specs.range,karzar_product_naming_v1,no_terminology_match_on_name_lead
1876,2122-160,3,INSIZE | اینسایز,گیج داخل سیلندر اینسایز (Insize) دیجیتال 160-50 میلی متری مدل 160-2122,70,گیج داخل سیلندر اینسایز (Insize) دیجیتال 160-50 میلی متری مدل 160-2122,0,HOLD_MISSING_PRODUCT_TYPE,none,generic.v1,,unmatched_lead,0,2122-160,sku_over_reversed_title,reversed_model_vs_sku:160-2122!=2122-160,,0,0,USES_MODEL_LABEL,,specs.range,karzar_product_naming_v1,no_terminology_match_on_name_lead
1875,2112-501,3,INSIZE | اینسایز,ساعت اندیکاتور دیجیتال کورس اینسایز (Insize) 50 میلیمتر مدل 501-2112,68,ساعت اندیکاتور دیجیتال کورس اینسایز (Insize) 50 میلیمتر مدل 501-2112,0,HOLD_MISSING_PRODUCT_TYPE,none,generic.v1,,unmatched_lead,0,2112-501,sku_over_reversed_title,reversed_model_vs_sku:501-2112!=2112-501,,0,0,USES_MODEL_LABEL,,specs.range,karzar_product_naming_v1,no_terminology_match_on_name_lead
1874,2112-251,3,INSIZE | اینسایز,ساعت اندیکاتور کورس دیجیتال 25 میلی متری اینسایز (Insize) مدل 251-2112,70,ساعت اندیکاتور کورس دیجیتال 25 میلی متری اینسایز (Insize) مدل 251-2112,0,HOLD_MISSING_PRODUCT_TYPE,none,generic.v1,,unmatched_lead,0,2112-251,sku_over_reversed_title,reversed_model_vs_sku:251-2112!=2112-251,,0,0,USES_MODEL_LABEL,,specs.range,karzar_product_naming_v1,no_terminology_match_on_name_lead
1873,2112-101,3,INSIZE | اینسایز,ساعت اندیکاتور دیجیتال 12.7 میلی متری اینسایز (Insize) مدل 101-2112,67,ساعت اندیکاتور دیجیتال 12.7 میلی متری اینسایز (Insize) مدل 101-2112,0,HOLD_MISSING_PRODUCT_TYPE,none,generic.v1,,unmatched_lead,0,2112-101,sku_over_reversed_title,reversed_model_vs_sku:101-2112!=2112-101,,0,0,USES_MODEL_LABEL,,specs.range,karzar_product_naming_v1,no_terminology_match_on_name_lead
1871,1530-300,3,INSIZE | اینسایز,کولیس دیجیتال اینسایز (Insize) 30 سانتی متر داخل و خارج سنج مدل 300-1530,72,کولیس دیجیتال اینسایز (Insize) 30 سانتی متر داخل و خارج سنج مدل 300-1530,0,HOLD_IDENTITY_CONFLICT,none,metrology.caliper.v1,کولیس دیجیتال,terminology:کولیس دیجیتال,0,,conflict,identity_conflict:1530-300@specs.oem_model|300-1530@name_label,,0,0,USES_MODEL_LABEL,insize_phase8_ready_specialty,insize_phase8_ready_specialty,karzar_product_naming_v1,identity_conflict:1530-300@specs.oem_model|300-1530@name_label
1828,1169-150,3,INSIZE | اینسایز,کولیس دیجیتال اینسایز (Insize) 15 سانتی متر فک باریک مدل 150-1169,65,کولیس دیجیتال اینسایز (Insize) 15 سانتی متر فک باریک مدل 150-1169,0,HOLD_IDENTITY_CONFLICT,none,metrology.caliper.v1,کولیس دیجیتال,terminology:کولیس دیجیتال,0,,conflict,identity_conflict:1169-150@specs.oem_model|150-1169@name_label,,0,0,USES_MODEL_LABEL,insize_phase8_ready_specialty,insize_phase8_ready_specialty,karzar_product_naming_v1,identity_conflict:1169-150@specs.oem_model|150-1169@name_label
1817,1144-150,3,INSIZE | اینسایز,عمق سنج لبه دار دو طرفه اینسایز (Insize) 15 سانت مدل 150-1144,61,عمق سنج لبه دار دو طرفه اینسایز (Insize) 15 سانت مدل 150-1144,0,HOLD_MISSING_PRODUCT_TYPE,none,generic.v1,,unmatched_lead,0,1144-150,sku_over_reversed_title,reversed_model_vs_sku:150-1144!=1144-150,,0,0,USES_MODEL_LABEL,,specs.range,karzar_product_naming_v1,no_terminology_match_on_name_lead
1814,1142-150,3,INSIZE | اینسایز,عمق سنج لبه دار اینسایز (Insize) 15 سانت مدل 150-1142,53,عمق سنج لبه دار اینسایز (Insize) 15 سانت مدل 150-1142,0,HOLD_MISSING_PRODUCT_TYPE,none,generic.v1,,unmatched_lead,0,1142-150,sku_over_reversed_title,reversed_model_vs_sku:150-1142!=1142-150,,0,0,USES_MODEL_LABEL,,specs.range,karzar_product_naming_v1,no_terminology_match_on_name_lead
1809,1140-150,3,INSIZE | اینسایز,عمق سنج دیجیتال اینسایز (Insize) 15 سانت با میله گرد مدل 150-1140,65,عمق سنج دیجیتال اینسایز (Insize) 15 سانت با میله گرد مدل 150-1140,0,HOLD_MISSING_PRODUCT_TYPE,none,generic.v1,,unmatched_lead,0,1140-150,sku_over_reversed_title,reversed_model_vs_sku:150-1140!=1140-150,,0,0,USES_MODEL_LABEL,,specs.range,karzar_product_naming_v1,no_terminology_match_on_name_lead
1808,1140-100,3,INSIZE | اینسایز,عمق سنج دیجیتال اینسایز (Insize) 10 سانت با میله گرد مدل 100-1140,65,عمق سنج دیجیتال اینسایز (Insize) 10 سانت با میله گرد مدل 100-1140,0,HOLD_MISSING_PRODUCT_TYPE,none,generic.v1,,unmatched_lead,0,1140-100,sku_over_reversed_title,reversed_model_vs_sku:100-1140!=1140-100,,0,0,USES_MODEL_LABEL,,specs.range,karzar_product_naming_v1,no_terminology_match_on_name_lead
1800,1122-300,3,INSIZE | اینسایز,کولیس دیجیتال شیار اینسایز( Insize) 30 سانتی متر مدل 300-1122,61,کولیس دیجیتال شیار اینسایز( Insize) 30 سانتی متر مدل 300-1122,0,HOLD_IDENTITY_CONFLICT,none,metrology.caliper.v1,کولیس دیجیتال,terminology:کولیس دیجیتال,0,,conflict,identity_conflict:1122-300@specs.oem_model|300-1122@name_label,,0,0,USES_MODEL_LABEL,insize_phase8_ready_specialty,insize_phase8_ready_specialty,karzar_product_naming_v1,identity_conflict:1122-300@specs.oem_model|300-1122@name_label
1614,5911-0002,4,Dasqua | داسکوا,گیج داخل تلسکون — 0-20mm,24,,1,HOLD_MISSING_PRODUCT_TYPE,none,generic.v1,,unmatched_lead,0,5911-0002,sku_as_candidate,title_lacks_code_label,,0,0,,,specs.بازه اندازه‌گیری,karzar_product_naming_v1,no_terminology_match_on_name_lead
1574,5511-2130,4,Dasqua | داسکوا,گیج داخل سیلندر با پراپ های — 0-160mm,37,گیج داخل سیلندر با پراپ های — 0-160mm | 5511-2130,0,HOLD_MISSING_PRODUCT_TYPE,none,generic.v1,,unmatched_lead,0,5511-2130,sku_as_candidate,title_lacks_code_label,,0,0,,,specs.بازه اندازه‌گیری,karzar_product_naming_v1,no_terminology_match_on_name_lead
1572,5511-2115,4,Dasqua | داسکوا,گیج داخل سیلندر با پراپ های,27,گیج داخل سیلندر با پراپ های | 5511-2115,0,HOLD_MISSING_PRODUCT_TYPE,none,generic.v1,,unmatched_lead,0,5511-2115,sku_as_candidate,title_lacks_code_label,,0,0,,,specs.range,karzar_product_naming_v1,no_terminology_match_on_name_lead
1573,5511-2120,4,Dasqua | داسکوا,گیج داخل سیلندر با پراپ های,27,گیج داخل سیلندر با پراپ های | 5511-2120,0,HOLD_MISSING_PRODUCT_TYPE,none,generic.v1,,unmatched_lead,0,5511-2120,sku_as_candidate,title_lacks_code_label,,0,0,,,specs.range,karzar_product_naming_v1,no_terminology_match_on_name_lead
1571,5511-2110,4,Dasqua | داسکوا,گیج داخل سیلندر با پراپ های — 0-18mm,36,گیج داخل سیلندر با پراپ های — 0-18mm | 5511-2110,0,HOLD_MISSING_PRODUCT_TYPE,none,generic.v1,,unmatched_lead,0,5511-2110,sku_as_candidate,title_lacks_code_label,,0,0,,,specs.بازه اندازه‌گیری,karzar_product_naming_v1,no_terminology_match_on_name_lead
1570,5511-2105,4,Dasqua | داسکوا,گیج داخل سیلندر با پراپ های,27,گیج داخل سیلندر با پراپ های | 5511-2105,0,HOLD_MISSING_PRODUCT_TYPE,none,generic.v1,,unmatched_lead,0,5511-2105,sku_as_candidate,title_lacks_code_label,,0,0,,,specs.range,karzar_product_naming_v1,no_terminology_match_on_name_lead
1569,5511-1140,4,Dasqua | داسکوا,گیج داخل سیلندر ساعت — 0-450mm,30,,1,HOLD_MISSING_PRODUCT_TYPE,none,generic.v1,,unmatched_lead,0,5511-1140,sku_as_candidate,title_lacks_code_label,,0,0,,,specs.بازه اندازه‌گیری,karzar_product_naming_v1,no_terminology_match_on_name_lead
1568,5511-1135,4,Dasqua | داسکوا,ساعت با پراپ های گیج داخل سیلندر — 0-250mm,42,,1,HOLD_MISSING_PRODUCT_TYPE,none,generic.v1,,unmatched_lead,0,5511-1135,sku_as_candidate,title_lacks_code_label,,0,0,,,specs.بازه اندازه‌گیری,karzar_product_naming_v1,no_terminology_match_on_name_lead
1567,5511-1130,4,Dasqua | داسکوا,ساعت با پراپ های گیج داخل سیلندر — 0-160mm,42,ساعت با پراپ های گیج داخل سیلندر — 0-160mm | 5511-1130,0,HOLD_MISSING_PRODUCT_TYPE,none,generic.v1,,unmatched_lead,0,5511-1130,sku_as_candidate,title_lacks_code_label,,0,0,,,specs.بازه اندازه‌گیری,karzar_product_naming_v1,no_terminology_match_on_name_lead
1566,5511-1121,4,Dasqua | داسکوا,گیج داخل سیلندر ساعت — 0-1121mm,31,گیج داخل سیلندر ساعت — 0-1121mm | 5511-1121,0,HOLD_MISSING_PRODUCT_TYPE,none,generic.v1,,unmatched_lead,0,5511-1121,sku_as_candidate,title_lacks_code_label,,0,0,,,specs.بازه اندازه‌گیری,karzar_product_naming_v1,no_terminology_match_on_name_lead
1563,5511-1110,4,Dasqua | داسکوا,ساعت با پراپ های گیج داخل سیلندر — 0-18mm,41,ساعت با پراپ های گیج داخل سیلندر — 0-18mm | 5511-1110,0,HOLD_MISSING_PRODUCT_TYPE,none,generic.v1,,unmatched_lead,0,5511-1110,sku_as_candidate,title_lacks_code_label,,0,0,,,specs.بازه اندازه‌گیری,karzar_product_naming_v1,no_terminology_match_on_name_lead
1564,5511-1115,4,Dasqua | داسکوا,ساعت با پراپ های گیج داخل سیلندر — 0-1115mm,43,ساعت با پراپ های گیج داخل سیلندر — 0-1115mm | 5511-1115,0,HOLD_MISSING_PRODUCT_TYPE,none,generic.v1,,unmatched_lead,0,5511-1115,sku_as_candidate,title_lacks_code_label,,0,0,,,specs.بازه اندازه‌گیری,karzar_product_naming_v1,no_terminology_match_on_name_lead
1561,5511-1100,4,Dasqua | داسکوا,گیج داخل سیلندر ساعت — 0-1100mm,31,گیج داخل سیلندر ساعت — 0-1100mm | 5511-1100,0,HOLD_MISSING_PRODUCT_TYPE,none,generic.v1,,unmatched_lead,0,5511-1100,sku_as_candidate,title_lacks_code_label,,0,0,,,specs.بازه اندازه‌گیری,karzar_product_naming_v1,no_terminology_match_on_name_lead
1562,5511-1105,4,Dasqua | داسکوا,گیج داخل سیلندر ساعت — 0-1105mm,31,گیج داخل سیلندر ساعت — 0-1105mm | 5511-1105,0,HOLD_MISSING_PRODUCT_TYPE,none,generic.v1,,unmatched_lead,0,5511-1105,sku_as_candidate,title_lacks_code_label,,0,0,,,specs.بازه اندازه‌گیری,karzar_product_naming_v1,no_terminology_match_on_name_lead
1560,5510-0005,4,Dasqua | داسکوا,مجموعه گیج داخل سیلندر با پراپ — 0-50mm,39,,1,HOLD_MISSING_PRODUCT_TYPE,none,generic.v1,,unmatched_lead,0,5510-0005,sku_as_candidate,title_lacks_code_label,,0,0,,,specs.بازه اندازه‌گیری,karzar_product_naming_v1,no_terminology_match_on_name_lead
1518,5223-3105,4,Dasqua | داسکوا,ساعت شیطانیک بدنه ضد مگنت,25,,1,HOLD_MISSING_PRODUCT_TYPE,none,generic.v1,,unmatched_lead,0,5223-3105,sku_as_candidate,title_lacks_code_label,,0,0,,,,karzar_product_naming_v1,no_terminology_match_on_name_lead
1513,5221-1129,4,Dasqua | داسکوا,ساعت شیطانیک ضد رضبه shock — 0,30,,1,HOLD_MISSING_PRODUCT_TYPE,none,generic.v1,,unmatched_lead,0,5221-1129,sku_as_candidate,title_lacks_code_label,,0,0,,,specs.بازه اندازه‌گیری,karzar_product_naming_v1,no_terminology_match_on_name_lead
1482,4910-4105,4,Dasqua | داسکوا,میکرومی داخل سنج دیجیتال دو فک,30,میکرومی داخل سنج دیجیتال دو فک | 4910-4105,0,HOLD_MISSING_PRODUCT_TYPE,none,generic.v1,,unmatched_lead,0,4910-4105,sku_as_candidate,title_lacks_code_label,,0,0,,,specs.range,karzar_product_naming_v1,no_terminology_match_on_name_lead
1044,1012-0010,4,Dasqua | داسکوا,زاویه سنج سه تکه با خط کش 12کش — 0-100mm,40,,1,HOLD_MISSING_PRODUCT_TYPE,none,generic.v1,,unmatched_lead,0,1012-0010,sku_as_candidate,title_lacks_code_label,,0,0,,,specs.بازه اندازه‌گیری,karzar_product_naming_v1,no_terminology_match_on_name_lead
